Match_ID,Country,Season,Div,League,Date,Time,Round,Home,Home_ID,Away,Away_ID,Neutral_Location,Home_Score,Away_Score,LegMatch,First_Leg_Home_Score,First_Leg_Away_Score,Agg_Home_Score,Agg_Away_Score,Min_Goals_Home,Min_Goals_Away,Bookie_1X2_HT,Odd_1_HT,Odd_X_HT,Odd_2_HT,Bookie_1X2_2T,Odd_1_2T,Odd_X_2T,Odd_2_2T,Bookie_1X2_FT,Odd_1_FT,Odd_X_FT,Odd_2_FT,Bookie_OU_HT_0_5,Over_HT_0_5,Under_HT_0_5,Bookie_OU_HT_1_5,Over_HT_1_5,Under_HT_1_5,Bookie_OU_HT_2_5,Over_HT_2_5,Under_HT_2_5,Bookie_OU_2T_0_5,Over_2T_0_5,Under_2T_0_5,Bookie_OU_2T_1_5,Over_2T_1_5,Under_2T_1_5,Bookie_OU_2T_2_5,Over_2T_2_5,Under_2T_2_5,Bookie_OU_FT_0_5,Over_FT_0_5,Under_FT_0_5,Bookie_OU_FT_1_5,Over_FT_1_5,Under_FT_1_5,Bookie_OU_FT_2_5,Over_FT_2_5,Under_FT_2_5,Bookie_OU_FT_3_5,Over_FT_3_5,Under_FT_3_5,Bookie_OU_FT_4_5,Over_FT_4_5,Under_FT_4_5,Bookie_BTTS,BTTS_Yes,BTTS_No,Bookie_BTTS_HT,BTTS_Yes_HT,BTTS_No_HT,Bookie_BTTS_2T,BTTS_Yes_2T,BTTS_No_2T,Bookie_DC,DC_1X,DC_12,DC_X2,Bookie_DC_HT,DC_1X_HT,DC_12_HT,DC_X2_HT,Bookie_DC_2T,DC_1X_2T,DC_12_2T,DC_X2_2T,Bookie_DNB_FT,DNB_Home_FT,DNB_Away_FT,Bookie_DNB_HT,DNB_Home_HT,DNB_Away_HT,Bookie_DNB_2T,DNB_Home_2T,DNB_Away_2T,Bookie_HT_FT,HT_FT_1_1,HT_FT_1_X,HT_FT_1_2,HT_FT_X_1,HT_FT_X_X,HT_FT_X_2,HT_FT_2_1,HT_FT_2_X,HT_FT_2_2,Bookie_OE_FT,OE_Odd_FT,OE_Even_FT,Bookie_OE_HT,OE_Odd_HT,OE_Even_HT,Bookie_OE_2T,OE_Odd_2T,OE_Even_2T,Bookie_CS_0_0,CS_0_0,Bookie_CS_1_0,CS_1_0,Bookie_CS_0_1,CS_0_1,Bookie_CS_1_1,CS_1_1,Bookie_CS_2_0,CS_2_0,Bookie_CS_0_2,CS_0_2,Bookie_CS_2_1,CS_2_1,Bookie_CS_1_2,CS_1_2,Bookie_CS_2_2,CS_2_2,Bookie_CS_3_0,CS_3_0,Bookie_CS_0_3,CS_0_3,Bookie_CS_3_1,CS_3_1,Bookie_CS_1_3,CS_1_3,Bookie_CS_3_2,CS_3_2,Bookie_CS_2_3,CS_2_3,Bookie_AH_neg_2_5,AH_Home_neg_2_5,AH_Away_neg_2_5,Bookie_AH_neg_2_0,AH_Home_neg_2_0,AH_Away_neg_2_0,Bookie_AH_neg_1_5,AH_Home_neg_1_5,AH_Away_neg_1_5,Bookie_AH_neg_1_0,AH_Home_neg_1_0,AH_Away_neg_1_0,Bookie_AH_neg_0_5,AH_Home_neg_0_5,AH_Away_neg_0_5,Bookie_AH_pos_0_5,AH_Home_pos_0_5,AH_Away_pos_0_5,Bookie_AH_pos_1_0,AH_Home_pos_1_0,AH_Away_pos_1_0,Bookie_AH_pos_1_5,AH_Home_pos_1_5,AH_Away_pos_1_5,Bookie_AH_pos_2_0,AH_Home_pos_2_0,AH_Away_pos_2_0,Bookie_AH_pos_2_5,AH_Home_pos_2_5,AH_Away_pos_2_5,Bookie_EH_neg_3,EH_Home_neg_3,EH_Draw_neg_3,EH_Away_neg_3,Bookie_EH_neg_2,EH_Home_neg_2,EH_Draw_neg_2,EH_Away_neg_2,Bookie_EH_neg_1,EH_Home_neg_1,EH_Draw_neg_1,EH_Away_neg_1,Bookie_EH_pos_1,EH_Home_pos_1,EH_Draw_pos_1,EH_Away_pos_1,Bookie_EH_pos_2,EH_Home_pos_2,EH_Draw_pos_2,EH_Away_pos_2,Bookie_EH_pos_3,EH_Home_pos_3,EH_Draw_pos_3,EH_Away_pos_3,xG_Home_FT,xG_Away_FT,xGOT_Home_FT,xGOT_Away_FT,xA_Home_FT,xA_Away_FT,xGOT_Faced_Home_FT,xGOT_Faced_Away_FT,Goals_Prevented_Home_FT,Goals_Prevented_Away_FT,Possession_Home_FT,Possession_Away_FT,Passes_Pct_Home_FT,Passes_Pct_Away_FT,Long_Passes_Pct_Home_FT,Long_Passes_Pct_Away_FT,Passes_Final_Third_Pct_Home_FT,Passes_Final_Third_Pct_Away_FT,Through_Passes_Home_FT,Through_Passes_Away_FT,Crosses_Pct_Home_FT,Crosses_Pct_Away_FT,Total_Shots_Home_FT,Total_Shots_Away_FT,Shots_On_Target_Home_FT,Shots_On_Target_Away_FT,Shots_Off_Target_Home_FT,Shots_Off_Target_Away_FT,Blocked_Shots_Home_FT,Blocked_Shots_Away_FT,Shots_Inside_Box_Home_FT,Shots_Inside_Box_Away_FT,Shots_Outside_Box_Home_FT,Shots_Outside_Box_Away_FT,Big_Chances_Home_FT,Big_Chances_Away_FT,Hit_Woodwork_Home_FT,Hit_Woodwork_Away_FT,Touches_Box_Home_FT,Touches_Box_Away_FT,Corners_Home_FT,Corners_Away_FT,Free_Kicks_Home_FT,Free_Kicks_Away_FT,Throw_Ins_Home_FT,Throw_Ins_Away_FT,Fouls_Home_FT,Fouls_Away_FT,Yellow_Cards_Home_FT,Yellow_Cards_Away_FT,Red_Cards_Home_FT,Red_Cards_Away_FT,Offsides_Home_FT,Offsides_Away_FT,Goalkeeper_Saves_Home_FT,Goalkeeper_Saves_Away_FT,Tackles_Pct_Home_FT,Tackles_Pct_Away_FT,Duels_Won_Home_FT,Duels_Won_Away_FT,Clearances_Home_FT,Clearances_Away_FT,Interceptions_Home_FT,Interceptions_Away_FT,Errors_Shot_Home_FT,Errors_Shot_Away_FT,Errors_Goal_Home_FT,Errors_Goal_Away_FT,xG_Home_HT,xG_Away_HT,xGOT_Home_HT,xGOT_Away_HT,xA_Home_HT,xA_Away_HT,xGOT_Faced_Home_HT,xGOT_Faced_Away_HT,Goals_Prevented_Home_HT,Goals_Prevented_Away_HT,Possession_Home_HT,Possession_Away_HT,Passes_Pct_Home_HT,Passes_Pct_Away_HT,Long_Passes_Pct_Home_HT,Long_Passes_Pct_Away_HT,Passes_Final_Third_Pct_Home_HT,Passes_Final_Third_Pct_Away_HT,Through_Passes_Home_HT,Through_Passes_Away_HT,Crosses_Pct_Home_HT,Crosses_Pct_Away_HT,Total_Shots_Home_HT,Total_Shots_Away_HT,Shots_On_Target_Home_HT,Shots_On_Target_Away_HT,Shots_Off_Target_Home_HT,Shots_Off_Target_Away_HT,Blocked_Shots_Home_HT,Blocked_Shots_Away_HT,Shots_Inside_Box_Home_HT,Shots_Inside_Box_Away_HT,Shots_Outside_Box_Home_HT,Shots_Outside_Box_Away_HT,Big_Chances_Home_HT,Big_Chances_Away_HT,Hit_Woodwork_Home_HT,Hit_Woodwork_Away_HT,Touches_Box_Home_HT,Touches_Box_Away_HT,Corners_Home_HT,Corners_Away_HT,Free_Kicks_Home_HT,Free_Kicks_Away_HT,Throw_Ins_Home_HT,Throw_Ins_Away_HT,Fouls_Home_HT,Fouls_Away_HT,Yellow_Cards_Home_HT,Yellow_Cards_Away_HT,Red_Cards_Home_HT,Red_Cards_Away_HT,Offsides_Home_HT,Offsides_Away_HT,Goalkeeper_Saves_Home_HT,Goalkeeper_Saves_Away_HT,Tackles_Pct_Home_HT,Tackles_Pct_Away_HT,Duels_Won_Home_HT,Duels_Won_Away_HT,Clearances_Home_HT,Clearances_Away_HT,Interceptions_Home_HT,Interceptions_Away_HT,Errors_Shot_Home_HT,Errors_Shot_Away_HT,Errors_Goal_Home_HT,Errors_Goal_Away_HT,xG_Home_2T,xG_Away_2T,xGOT_Home_2T,xGOT_Away_2T,xA_Home_2T,xA_Away_2T,xGOT_Faced_Home_2T,xGOT_Faced_Away_2T,Goals_Prevented_Home_2T,Goals_Prevented_Away_2T,Possession_Home_2T,Possession_Away_2T,Passes_Pct_Home_2T,Passes_Pct_Away_2T,Long_Passes_Pct_Home_2T,Long_Passes_Pct_Away_2T,Passes_Final_Third_Pct_Home_2T,Passes_Final_Third_Pct_Away_2T,Through_Passes_Home_2T,Through_Passes_Away_2T,Crosses_Pct_Home_2T,Crosses_Pct_Away_2T,Total_Shots_Home_2T,Total_Shots_Away_2T,Shots_On_Target_Home_2T,Shots_On_Target_Away_2T,Shots_Off_Target_Home_2T,Shots_Off_Target_Away_2T,Blocked_Shots_Home_2T,Blocked_Shots_Away_2T,Shots_Inside_Box_Home_2T,Shots_Inside_Box_Away_2T,Shots_Outside_Box_Home_2T,Shots_Outside_Box_Away_2T,Big_Chances_Home_2T,Big_Chances_Away_2T,Hit_Woodwork_Home_2T,Hit_Woodwork_Away_2T,Touches_Box_Home_2T,Touches_Box_Away_2T,Corners_Home_2T,Corners_Away_2T,Free_Kicks_Home_2T,Free_Kicks_Away_2T,Throw_Ins_Home_2T,Throw_Ins_Away_2T,Fouls_Home_2T,Fouls_Away_2T,Yellow_Cards_Home_2T,Yellow_Cards_Away_2T,Red_Cards_Home_2T,Red_Cards_Away_2T,Offsides_Home_2T,Offsides_Away_2T,Goalkeeper_Saves_Home_2T,Goalkeeper_Saves_Away_2T,Tackles_Pct_Home_2T,Tackles_Pct_Away_2T,Duels_Won_Home_2T,Duels_Won_Away_2T,Clearances_Home_2T,Clearances_Away_2T,Interceptions_Home_2T,Interceptions_Away_2T,Errors_Shot_Home_2T,Errors_Shot_Away_2T,Errors_Goal_Home_2T,Errors_Goal_Away_2T,Sub_League,Tournament_ID
2LbsPpID,COLOMBIA,2024,COLOMBIA 2,COLOMBIA 2,04/12/2024,01:00,Final,Llaneros,KzwFLhIU,U. Magdalena,tpLItk4L,False,1,1,,,,,,[],[],,0.0,0.0,0.0,,0.0,0.0,0.0,,0.0,0.0,0.0,,0.0,0.0,,0.0,0.0,,0.0,0.0,,0.0,0.0,,0.0,0.0,,0.0,0.0,,0.0,0.0,,0.0,0.0,,0.0,0.0,,0.0,0.0,,0.0,0.0,,0.0,0.0,,0.0,0.0,,0.0,0.0,,0.0,0.0,0.0,,0.0,0.0,0.0,,0.0,0.0,0.0,,0.0,0.0,,0.0,0.0,,0.0,0.0,,0.0,0.0,0.0,0.0,0.0,0.0,0.0,0.0,0.0,,0.0,0.0,,0.0,0.0,,0.0,0.0,,0.0,,0.0,,0.0,,0.0,,0.0,,0.0,,0.0,,0.0,,0.0,,0.0,,0.0,,0.0,,0.0,,0.0,,0.0,,0,0,,0.0,0.0,,0.0,0.0,,0.0,0.0,,0.0,0.0,,0.0,0.0,,0.0,0.0,,0.0,0.0,,0.0,0.0,,0,0,,0.0,0.0,0.0,,0.0,0.0,0.0,,0.0,0.0,0.0,,0.0,0.0,0.0,,0.0,0.0,0.0,,0.0,0.0,0.0,,,,,,,,,,,,,,,,,,,,,,,,,,,,,,,,,,,,,,,,,,,,,,,,,,,,,,,,,,,,,,,,,,,,,,,,,,,,,,,,,,,,,,,,,,,,,,,,,,,,,,,,,,,,,,,,,,,,,,,,,,,,,,,,,,,,,,,,,,,,,,,,,,,,,,,,,,,,,,,,,,,,,,,,,,,,,,,,,,,,,,,,,,,,,,,,,,,,,,,,,,,,,Primera B,4dzRa7y9
IH6jKa77,COLOMBIA,2024,COLOMBIA 2,COLOMBIA 2,14/11/2024,00:30,Round 4,Llaneros,KzwFLhIU,Orsomarso,ET6jTFPs,False,1,0,,,,,,[],[],,0.0,0.0,0.0,,0.0,0.0,0.0,,0.0,0.0,0.0,,0.0,0.0,,0.0,0.0,,0.0,0.0,,0.0,0.0,,0.0,0.0,,0.0,0.0,,0.0,0.0,,0.0,0.0,,0.0,0.0,,0.0,0.0,,0.0,0.0,,0.0,0.0,,0.0,0.0,,0.0,0.0,,0.0,0.0,0.0,,0.0,0.0,0.0,,0.0,0.0,0.0,,0.0,0.0,,0.0,0.0,,0.0,0.0,,0.0,0.0,0.0,0.0,0.0,0.0,0.0,0.0,0.0,,0.0,0.0,,0.0,0.0,,0.0,0.0,,0.0,,0.0,,0.0,,0.0,,0.0,,0.0,,0.0,,0.0,,0.0,,0.0,,0.0,,0.0,,0.0,,0.0,,0.0,,0,0,,0.0,0.0,,0.0,0.0,,0.0,0.0,,0.0,0.0,,0.0,0.0,,0.0,0.0,,0.0,0.0,,0.0,0.0,,0,0,,0.0,0.0,0.0,,0.0,0.0,0.0,,0.0,0.0,0.0,,0.0,0.0,0.0,,0.0,0.0,0.0,,0.0,0.0,0.0,,,,,,,,,,,,,,,,,,,,,,,,,,,,,,,,,,,,,,,,,,,,,,,,,,,,,,,,,,,,,,,,,,,,,,,,,,,,,,,,,,,,,,,,,,,,,,,,,,,,,,,,,,,,,,,,,,,,,,,,,,,,,,,,,,,,,,,,,,,,,,,,,,,,,,,,,,,,,,,,,,,,,,,,,,,,,,,,,,,,,,,,,,,,,,,,,,,,,,,,,,,,,Primera B,4dzRa7y9
p4YiIHxH,COLOMBIA,2024,COLOMBIA 2,COLOMBIA 2,04/11/2024,19:00,Round 2,Orsomarso,ET6jTFPs,Quindio,zms5B2Zr,False,0,0,,,,,,[],[],,0.0,0.0,0.0,,0.0,0.0,0.0,,0.0,0.0,0.0,,0.0,0.0,,0.0,0.0,,0.0,0.0,,0.0,0.0,,0.0,0.0,,0.0,0.0,,0.0,0.0,,0.0,0.0,,0.0,0.0,,0.0,0.0,,0.0,0.0,,0.0,0.0,,0.0,0.0,,0.0,0.0,,0.0,0.0,0.0,,0.0,0.0,0.0,,0.0,0.0,0.0,,0.0,0.0,,0.0,0.0,,0.0,0.0,,0.0,0.0,0.0,0.0,0.0,0.0,0.0,0.0,0.0,,0.0,0.0,,0.0,0.0,,0.0,0.0,,0.0,,0.0,,0.0,,0.0,,0.0,,0.0,,0.0,,0.0,,0.0,,0.0,,0.0,,0.0,,0.0,,0.0,,0.0,,0,0,,0.0,0.0,,0.0,0.0,,0.0,0.0,,0.0,0.0,,0.0,0.0,,0.0,0.0,,0.0,0.0,,0.0,0.0,,0,0,,0.0,0.0,0.0,,0.0,0.0,0.0,,0.0,0.0,0.0,,0.0,0.0,0.0,,0.0,0.0,0.0,,0.0,0.0,0.0,,,,,,,,,,,,,,,,,,,,,,,,,,,,,,,,,,,,,,,,,,,,,,,,,,,,,,,,,,,,,,,,,,,,,,,,,,,,,,,,,,,,,,,,,,,,,,,,,,,,,,,,,,,,,,,,,,,,,,,,,,,,,,,,,,,,,,,,,,,,,,,,,,,,,,,,,,,,,,,,,,,,,,,,,,,,,,,,,,,,,,,,,,,,,,,,,,,,,,,,,,,,,Primera B,4dzRa7y9
O806rPLN,COLOMBIA,2024,COLOMBIA 2,COLOMBIA 2,22/10/2024,23:00,Round 16,Cartagena,6eofBSjQ,Tigres,EcJJz8BQ,False,3,1,,,,,,[],[],,0.0,0.0,0.0,,0.0,0.0,0.0,,0.0,0.0,0.0,,0.0,0.0,,0.0,0.0,,0.0,0.0,,0.0,0.0,,0.0,0.0,,0.0,0.0,,0.0,0.0,,0.0,0.0,,0.0,0.0,,0.0,0.0,,0.0,0.0,,0.0,0.0,,0.0,0.0,,0.0,0.0,,0.0,0.0,0.0,,0.0,0.0,0.0,,0.0,0.0,0.0,,0.0,0.0,,0.0,0.0,,0.0,0.0,,0.0,0.0,0.0,0.0,0.0,0.0,0.0,0.0,0.0,,0.0,0.0,,0.0,0.0,,0.0,0.0,,0.0,,0.0,,0.0,,0.0,,0.0,,0.0,,0.0,,0.0,,0.0,,0.0,,0.0,,0.0,,0.0,,0.0,,0.0,,0,0,,0.0,0.0,,0.0,0.0,,0.0,0.0,,0.0,0.0,,0.0,0.0,,0.0,0.0,,0.0,0.0,,0.0,0.0,,0,0,,0.0,0.0,0.0,,0.0,0.0,0.0,,0.0,0.0,0.0,,0.0,0.0,0.0,,0.0,0.0,0.0,,0.0,0.0,0.0,,,,,,,,,,,,,,,,,,,,,,,,,,,,,,,,,,,,,,,,,,,,,,,,,,,,,,,,,,,,,,,,,,,,,,,,,,,,,,,,,,,,,,,,,,,,,,,,,,,,,,,,,,,,,,,,,,,,,,,,,,,,,,,,,,,,,,,,,,,,,,,,,,,,,,,,,,,,,,,,,,,,,,,,,,,,,,,,,,,,,,,,,,,,,,,,,,,,,,,,,,,,,Primera B,4dzRa7y9
Mq4kn7Mb,COLOMBIA,2024,COLOMBIA 2,COLOMBIA 2,22/10/2024,23:00,Round 16,Inter Palmira,8tIHbqDh,Real Santander,nPIUdlJE,False,4,2,,,,,,[],[],,0.0,0.0,0.0,,0.0,0.0,0.0,,0.0,0.0,0.0,,0.0,0.0,,0.0,0.0,,0.0,0.0,,0.0,0.0,,0.0,0.0,,0.0,0.0,,0.0,0.0,,0.0,0.0,,0.0,0.0,,0.0,0.0,,0.0,0.0,,0.0,0.0,,0.0,0.0,,0.0,0.0,,0.0,0.0,0.0,,0.0,0.0,0.0,,0.0,0.0,0.0,,0.0,0.0,,0.0,0.0,,0.0,0.0,,0.0,0.0,0.0,0.0,0.0,0.0,0.0,0.0,0.0,,0.0,0.0,,0.0,0.0,,0.0,0.0,,0.0,,0.0,,0.0,,0.0,,0.0,,0.0,,0.0,,0.0,,0.0,,0.0,,0.0,,0.0,,0.0,,0.0,,0.0,,0,0,,0.0,0.0,,0.0,0.0,,0.0,0.0,,0.0,0.0,,0.0,0.0,,0.0,0.0,,0.0,0.0,,0.0,0.0,,0,0,,0.0,0.0,0.0,,0.0,0.0,0.0,,0.0,0.0,0.0,,0.0,0.0,0.0,,0.0,0.0,0.0,,0.0,0.0,0.0,,,,,,,,,,,,,,,,,,,,,,,,,,,,,,,,,,,,,,,,,,,,,,,,,,,,,,,,,,,,,,,,,,,,,,,,,,,,,,,,,,,,,,,,,,,,,,,,,,,,,,,,,,,,,,,,,,,,,,,,,,,,,,,,,,,,,,,,,,,,,,,,,,,,,,,,,,,,,,,,,,,,,,,,,,,,,,,,,,,,,,,,,,,,,,,,,,,,,,,,,,,,,Primera B,4dzRa7y9
IBcbpoiB,COLOMBIA,2024,COLOMBIA 2,COLOMBIA 2,22/10/2024,23:00,Round 16,Llaneros,KzwFLhIU,Huila,xCqdiIm1,False,1,0,,,,,,[],[],,0.0,0.0,0.0,,0.0,0.0,0.0,,0.0,0.0,0.0,,0.0,0.0,,0.0,0.0,,0.0,0.0,,0.0,0.0,,0.0,0.0,,0.0,0.0,,0.0,0.0,,0.0,0.0,,0.0,0.0,,0.0,0.0,,0.0,0.0,,0.0,0.0,,0.0,0.0,,0.0,0.0,,0.0,0.0,0.0,,0.0,0.0,0.0,,0.0,0.0,0.0,,0.0,0.0,,0.0,0.0,,0.0,0.0,,0.0,0.0,0.0,0.0,0.0,0.0,0.0,0.0,0.0,,0.0,0.0,,0.0,0.0,,0.0,0.0,,0.0,,0.0,,0.0,,0.0,,0.0,,0.0,,0.0,,0.0,,0.0,,0.0,,0.0,,0.0,,0.0,,0.0,,0.0,,0,0,,0.0,0.0,,0.0,0.0,,0.0,0.0,,0.0,0.0,,0.0,0.0,,0.0,0.0,,0.0,0.0,,0.0,0.0,,0,0,,0.0,0.0,0.0,,0.0,0.0,0.0,,0.0,0.0,0.0,,0.0,0.0,0.0,,0.0,0.0,0.0,,0.0,0.0,0.0,,,,,,,,,,,,,,,,,,,,,,,,,,,,,,,,,,,,,,,,,,,,,,,,,,,,,,,,,,,,,,,,,,,,,,,,,,,,,,,,,,,,,,,,,,,,,,,,,,,,,,,,,,,,,,,,,,,,,,,,,,,,,,,,,,,,,,,,,,,,,,,,,,,,,,,,,,,,,,,,,,,,,,,,,,,,,,,,,,,,,,,,,,,,,,,,,,,,,,,,,,,,,Primera B,4dzRa7y9
lW5slTin,COLOMBIA,2024,COLOMBIA 2,COLOMBIA 2,22/10/2024,23:00,Round 16,Quindio,zms5B2Zr,Leones,IZmBcNVO,False,4,0,,,,,,[],[],,0.0,0.0,0.0,,0.0,0.0,0.0,,0.0,0.0,0.0,,0.0,0.0,,0.0,0.0,,0.0,0.0,,0.0,0.0,,0.0,0.0,,0.0,0.0,,0.0,0.0,,0.0,0.0,,0.0,0.0,,0.0,0.0,,0.0,0.0,,0.0,0.0,,0.0,0.0,,0.0,0.0,,0.0,0.0,0.0,,0.0,0.0,0.0,,0.0,0.0,0.0,,0.0,0.0,,0.0,0.0,,0.0,0.0,,0.0,0.0,0.0,0.0,0.0,0.0,0.0,0.0,0.0,,0.0,0.0,,0.0,0.0,,0.0,0.0,,0.0,,0.0,,0.0,,0.0,,0.0,,0.0,,0.0,,0.0,,0.0,,0.0,,0.0,,0.0,,0.0,,0.0,,0.0,,0,0,,0.0,0.0,,0.0,0.0,,0.0,0.0,,0.0,0.0,,0.0,0.0,,0.0,0.0,,0.0,0.0,,0.0,0.0,,0,0,,0.0,0.0,0.0,,0.0,0.0,0.0,,0.0,0.0,0.0,,0.0,0.0,0.0,,0.0,0.0,0.0,,0.0,0.0,0.0,,,,,,,,,,,,,,,,,,,,,,,,,,,,,,,,,,,,,,,,,,,,,,,,,,,,,,,,,,,,,,,,,,,,,,,,,,,,,,,,,,,,,,,,,,,,,,,,,,,,,,,,,,,,,,,,,,,,,,,,,,,,,,,,,,,,,,,,,,,,,,,,,,,,,,,,,,,,,,,,,,,,,,,,,,,,,,,,,,,,,,,,,,,,,,,,,,,,,,,,,,,,,Primera B,4dzRa7y9
8txww3qo,COLOMBIA,2024,COLOMBIA 2,COLOMBIA 2,22/10/2024,23:00,Round 16,Real Cundinamarca,ze01M68P,Cucuta,zs0leK3r,False,1,1,,,,,,[],[],,0.0,0.0,0.0,,0.0,0.0,0.0,,0.0,0.0,0.0,,0.0,0.0,,0.0,0.0,,0.0,0.0,,0.0,0.0,,0.0,0.0,,0.0,0.0,,0.0,0.0,,0.0,0.0,,0.0,0.0,,0.0,0.0,,0.0,0.0,,0.0,0.0,,0.0,0.0,,0.0,0.0,,0.0,0.0,0.0,,0.0,0.0,0.0,,0.0,0.0,0.0,,0.0,0.0,,0.0,0.0,,0.0,0.0,,0.0,0.0,0.0,0.0,0.0,0.0,0.0,0.0,0.0,,0.0,0.0,,0.0,0.0,,0.0,0.0,,0.0,,0.0,,0.0,,0.0,,0.0,,0.0,,0.0,,0.0,,0.0,,0.0,,0.0,,0.0,,0.0,,0.0,,0.0,,0,0,,0.0,0.0,,0.0,0.0,,0.0,0.0,,0.0,0.0,,0.0,0.0,,0.0,0.0,,0.0,0.0,,0.0,0.0,,0,0,,0.0,0.0,0.0,,0.0,0.0,0.0,,0.0,0.0,0.0,,0.0,0.0,0.0,,0.0,0.0,0.0,,0.0,0.0,0.0,,,,,,,,,,,,,,,,,,,,,,,,,,,,,,,,,,,,,,,,,,,,,,,,,,,,,,,,,,,,,,,,,,,,,,,,,,,,,,,,,,,,,,,,,,,,,,,,,,,,,,,,,,,,,,,,,,,,,,,,,,,,,,,,,,,,,,,,,,,,,,,,,,,,,,,,,,,,,,,,,,,,,,,,,,,,,,,,,,,,,,,,,,,,,,,,,,,,,,,,,,,,,Primera B,4dzRa7y9
zmUO06yh,COLOMBIA,2024,COLOMBIA 2,COLOMBIA 2,22/10/2024,23:00,Round 16,U. Magdalena,tpLItk4L,Boca Juniors,6yoKBtoR,False,1,0,,,,,,[],[],,0.0,0.0,0.0,,0.0,0.0,0.0,,0.0,0.0,0.0,,0.0,0.0,,0.0,0.0,,0.0,0.0,,0.0,0.0,,0.0,0.0,,0.0,0.0,,0.0,0.0,,0.0,0.0,,0.0,0.0,,0.0,0.0,,0.0,0.0,,0.0,0.0,,0.0,0.0,,0.0,0.0,,0.0,0.0,0.0,,0.0,0.0,0.0,,0.0,0.0,0.0,,0.0,0.0,,0.0,0.0,,0.0,0.0,,0.0,0.0,0.0,0.0,0.0,0.0,0.0,0.0,0.0,,0.0,0.0,,0.0,0.0,,0.0,0.0,,0.0,,0.0,,0.0,,0.0,,0.0,,0.0,,0.0,,0.0,,0.0,,0.0,,0.0,,0.0,,0.0,,0.0,,0.0,,0,0,,0.0,0.0,,0.0,0.0,,0.0,0.0,,0.0,0.0,,0.0,0.0,,0.0,0.0,,0.0,0.0,,0.0,0.0,,0,0,,0.0,0.0,0.0,,0.0,0.0,0.0,,0.0,0.0,0.0,,0.0,0.0,0.0,,0.0,0.0,0.0,,0.0,0.0,0.0,,,,,,,,,,,,,,,,,,,,,,,,,,,,,,,,,,,,,,,,,,,,,,,,,,,,,,,,,,,,,,,,,,,,,,,,,,,,,,,,,,,,,,,,,,,,,,,,,,,,,,,,,,,,,,,,,,,,,,,,,,,,,,,,,,,,,,,,,,,,,,,,,,,,,,,,,,,,,,,,,,,,,,,,,,,,,,,,,,,,,,,,,,,,,,,,,,,,,,,,,,,,,Primera B,4dzRa7y9
YuHQMjgm,COLOMBIA,2024,COLOMBIA 2,COLOMBIA 2,17/10/2024,21:00,Round 15,Barranquilla,O8ANu9JR,Bogota,foERz7de,False,4,2,,,,,,[],[],,0.0,0.0,0.0,,0.0,0.0,0.0,,0.0,0.0,0.0,,0.0,0.0,,0.0,0.0,,0.0,0.0,,0.0,0.0,,0.0,0.0,,0.0,0.0,,0.0,0.0,,0.0,0.0,,0.0,0.0,,0.0,0.0,,0.0,0.0,,0.0,0.0,,0.0,0.0,,0.0,0.0,,0.0,0.0,0.0,,0.0,0.0,0.0,,0.0,0.0,0.0,,0.0,0.0,,0.0,0.0,,0.0,0.0,,0.0,0.0,0.0,0.0,0.0,0.0,0.0,0.0,0.0,,0.0,0.0,,0.0,0.0,,0.0,0.0,,0.0,,0.0,,0.0,,0.0,,0.0,,0.0,,0.0,,0.0,,0.0,,0.0,,0.0,,0.0,,0.0,,0.0,,0.0,,0,0,,0.0,0.0,,0.0,0.0,,0.0,0.0,,0.0,0.0,,0.0,0.0,,0.0,0.0,,0.0,0.0,,0.0,0.0,,0,0,,0.0,0.0,0.0,,0.0,0.0,0.0,,0.0,0.0,0.0,,0.0,0.0,0.0,,0.0,0.0,0.0,,0.0,0.0,0.0,,,,,,,,,,,,,,,,,,,,,,,,,,,,,,,,,,,,,,,,,,,,,,,,,,,,,,,,,,,,,,,,,,,,,,,,,,,,,,,,,,,,,,,,,,,,,,,,,,,,,,,,,,,,,,,,,,,,,,,,,,,,,,,,,,,,,,,,,,,,,,,,,,,,,,,,,,,,,,,,,,,,,,,,,,,,,,,,,,,,,,,,,,,,,,,,,,,,,,,,,,,,,Primera B,4dzRa7y9
dK1jHnNO,COLOMBIA,2024,COLOMBIA 2,COLOMBIA 2,16/10/2024,23:00,Round 15,Leones,IZmBcNVO,Real Cundinamarca,ze01M68P,False,1,0,,,,,,[],[],,0.0,0.0,0.0,,0.0,0.0,0.0,,0.0,0.0,0.0,,0.0,0.0,,0.0,0.0,,0.0,0.0,,0.0,0.0,,0.0,0.0,,0.0,0.0,,0.0,0.0,,0.0,0.0,,0.0,0.0,,0.0,0.0,,0.0,0.0,,0.0,0.0,,0.0,0.0,,0.0,0.0,,0.0,0.0,0.0,,0.0,0.0,0.0,,0.0,0.0,0.0,,0.0,0.0,,0.0,0.0,,0.0,0.0,,0.0,0.0,0.0,0.0,0.0,0.0,0.0,0.0,0.0,,0.0,0.0,,0.0,0.0,,0.0,0.0,,0.0,,0.0,,0.0,,0.0,,0.0,,0.0,,0.0,,0.0,,0.0,,0.0,,0.0,,0.0,,0.0,,0.0,,0.0,,0,0,,0.0,0.0,,0.0,0.0,,0.0,0.0,,0.0,0.0,,0.0,0.0,,0.0,0.0,,0.0,0.0,,0.0,0.0,,0,0,,0.0,0.0,0.0,,0.0,0.0,0.0,,0.0,0.0,0.0,,0.0,0.0,0.0,,0.0,0.0,0.0,,0.0,0.0,0.0,,,,,,,,,,,,,,,,,,,,,,,,,,,,,,,,,,,,,,,,,,,,,,,,,,,,,,,,,,,,,,,,,,,,,,,,,,,,,,,,,,,,,,,,,,,,,,,,,,,,,,,,,,,,,,,,,,,,,,,,,,,,,,,,,,,,,,,,,,,,,,,,,,,,,,,,,,,,,,,,,,,,,,,,,,,,,,,,,,,,,,,,,,,,,,,,,,,,,,,,,,,,,Primera B,4dzRa7y9
fe5ZKUNa,COLOMBIA,2024,COLOMBIA 2,COLOMBIA 2,16/10/2024,21:00,Round 15,Boca Juniors,6yoKBtoR,Atletico F.C.,jD7zZpR7,False,2,0,,,,,,[],[],,0.0,0.0,0.0,,0.0,0.0,0.0,,0.0,0.0,0.0,,0.0,0.0,,0.0,0.0,,0.0,0.0,,0.0,0.0,,0.0,0.0,,0.0,0.0,,0.0,0.0,,0.0,0.0,,0.0,0.0,,0.0,0.0,,0.0,0.0,,0.0,0.0,,0.0,0.0,,0.0,0.0,,0.0,0.0,0.0,,0.0,0.0,0.0,,0.0,0.0,0.0,,0.0,0.0,,0.0,0.0,,0.0,0.0,,0.0,0.0,0.0,0.0,0.0,0.0,0.0,0.0,0.0,,0.0,0.0,,0.0,0.0,,0.0,0.0,,0.0,,0.0,,0.0,,0.0,,0.0,,0.0,,0.0,,0.0,,0.0,,0.0,,0.0,,0.0,,0.0,,0.0,,0.0,,0,0,,0.0,0.0,,0.0,0.0,,0.0,0.0,,0.0,0.0,,0.0,0.0,,0.0,0.0,,0.0,0.0,,0.0,0.0,,0,0,,0.0,0.0,0.0,,0.0,0.0,0.0,,0.0,0.0,0.0,,0.0,0.0,0.0,,0.0,0.0,0.0,,0.0,0.0,0.0,,,,,,,,,,,,,,,,,,,,,,,,,,,,,,,,,,,,,,,,,,,,,,,,,,,,,,,,,,,,,,,,,,,,,,,,,,,,,,,,,,,,,,,,,,,,,,,,,,,,,,,,,,,,,,,,,,,,,,,,,,,,,,,,,,,,,,,,,,,,,,,,,,,,,,,,,,,,,,,,,,,,,,,,,,,,,,,,,,,,,,,,,,,,,,,,,,,,,,,,,,,,,Primera B,4dzRa7y9
U70ZQ6m1,COLOMBIA,2024,COLOMBIA 2,COLOMBIA 2,29/11/2024,00:00,Final,U. Magdalena,tpLItk4L,Llaneros,KzwFLhIU,False,4,0,1.0,,,,,"[9, 36, 45, 69]",[],Betfair,2.63,1.91,4.5,Betano.br,2.42,2.27,4.0,Betfair,1.9,3.1,3.9,Estrelabet,1.5,2.3,,0.0,0.0,,0.0,0.0,,0.0,0.0,Betano.br,2.42,1.47,,0.0,0.0,Betfair,1.07,7.0,Betfair,1.44,2.6,Betfair,2.4,1.5,Betfair,4.8,1.14,Betfair,9.0,1.03,Betfair,2.2,1.6,,0.0,0.0,,0.0,0.0,Betano.br,1.24,1.32,1.75,Betano.br,1.19,1.72,1.42,,0.0,0.0,0.0,Estrelabet,1.4,2.71,Betano.br,1.5,2.37,Betano.br,1.5,2.47,Betfair,3.1,13.0,46.0,4.5,4.2,9.0,26.0,13.0,7.5,Estrelabet,1.9,1.8,,0.0,0.0,,0.0,0.0,Betfair,5.5,Betfair,5.0,Betfair,8.5,Betfair,5.5,Betfair,6.5,Betfair,15.0,Betfair,7.5,Betfair,12.0,Betfair,15.0,Betfair,14.0,Betfair,56.0,Betfair,14.0,Betfair,36.0,Betfair,31.0,Betfair,51.0,,0,0,,0.0,0.0,,0.0,0.0,,0.0,0.0,Estrelabet,1.9,1.75,,0.0,0.0,,0.0,0.0,,0.0,0.0,,0.0,0.0,,0,0,,0.0,0.0,0.0,,0.0,0.0,0.0,,0.0,0.0,0.0,,0.0,0.0,0.0,,0.0,0.0,0.0,,0.0,0.0,0.0,,,,,,,,,,,,,,,,,,,,,,,,,,,,,,,,,,,,,,,,,,,,,,,,,,,,,,,,,,,,,,,,,,,,,,,,,,,,,,,,,,,,,,,,,,,,,,,,,,,,,,,,,,,,,,,,,,,,,,,,,,,,,,,,,,,,,,,,,,,,,,,,,,,,,,,,,,,,,,,,,,,,,,,,,,,,,,,,,,,,,,,,,,,,,,,,,,,,,,,,,,,,,Primera B,4dzRa7y9
lQEJt2zA,COLOMBIA,2024,COLOMBIA 2,COLOMBIA 2,23/11/2024,21:00,Round 6,Orsomarso,ET6jTFPs,Cartagena,6eofBSjQ,False,0,1,,,,,,[],[45],Betfair,4.5,1.91,2.7,Sportingbet.br,4.4,2.25,2.2,Betfair,4.0,3.2,1.8,Sportingbet.br,1.49,2.4,Sportingbet.br,3.3,1.29,Sportingbet.br,9.25,1.05,Sportingbet.br,1.33,3.0,Sportingbet.br,2.5,1.46,Sportingbet.br,6.0,1.11,Betfair,1.06,7.5,Betfair,1.4,2.75,Betfair,2.25,1.57,Betfair,4.5,1.17,Betfair,9.0,1.03,Betfair,2.0,1.7,Sportingbet.br,5.5,1.12,Sportingbet.br,4.2,1.19,Sportingbet.br,1.9,1.31,1.2,Sportingbet.br,1.47,1.73,1.16,Sportingbet.br,1.58,1.57,1.18,Estrelabet,3.0,1.33,Betano.br,2.57,1.42,Betano.br,2.72,1.42,Betfair,7.0,13.0,23.0,8.5,4.33,4.5,41.0,13.0,3.25,Estrelabet,1.9,1.8,Sportingbet.br,2.15,1.62,,0.0,0.0,Betfair,6.0,Betfair,8.5,Betfair,5.0,Betfair,5.0,Betfair,15.0,Betfair,6.5,Betfair,12.0,Betfair,7.5,Betfair,14.0,Betfair,51.0,Betfair,14.0,Betfair,34.0,Betfair,14.0,Betfair,51.0,Betfair,26.0,,0,0,,0.0,0.0,,0.0,0.0,,0.0,0.0,Novibet,3.75,1.25,Betano.br,1.88,1.82,Novibet,1.3,3.5,Novibet,1.2,4.5,,0.0,0.0,,0,0,,0.0,0.0,0.0,Novibet,26.0,8.9,0.0,Betano.br,0.0,0.0,3.45,Betano.br,1.9,3.4,0.0,Novibet,0.0,0.0,1.03,,0.0,0.0,0.0,,,,,,,,,,,,,,,,,,,,,,,,,,,,,,,,,,,,,,,,,,,,,,,,,3.0,5.0,1.0,0.0,,,,,,,,,,,,,,,,,,,,,,,,,,,,,,,,,,,,,,,,,,,,,,,,,,,,,,,,,,,,,,,,,0.0,1.0,,,,,,,,,,,,,,,,,,,,,,,,,,,,,,,,,,,,,,,,,,,,,,,,,,,,,,,,,,,,,,,,,,,3.0,4.0,1.0,0.0,,,,,,,,,,,,,,,,,Primera B,4dzRa7y9
8bV8ZTxg,COLOMBIA,2024,COLOMBIA 2,COLOMBIA 2,16/10/2024,20:30,Round 15,Real Santander,nPIUdlJE,Llaneros,KzwFLhIU,False,0,4,,,,,,[],[],,0.0,0.0,0.0,,0.0,0.0,0.0,,0.0,0.0,0.0,,0.0,0.0,,0.0,0.0,,0.0,0.0,,0.0,0.0,,0.0,0.0,,0.0,0.0,,0.0,0.0,,0.0,0.0,,0.0,0.0,,0.0,0.0,,0.0,0.0,,0.0,0.0,,0.0,0.0,,0.0,0.0,,0.0,0.0,0.0,,0.0,0.0,0.0,,0.0,0.0,0.0,,0.0,0.0,,0.0,0.0,,0.0,0.0,,0.0,0.0,0.0,0.0,0.0,0.0,0.0,0.0,0.0,,0.0,0.0,,0.0,0.0,,0.0,0.0,,0.0,,0.0,,0.0,,0.0,,0.0,,0.0,,0.0,,0.0,,0.0,,0.0,,0.0,,0.0,,0.0,,0.0,,0.0,,0,0,,0.0,0.0,,0.0,0.0,,0.0,0.0,,0.0,0.0,,0.0,0.0,,0.0,0.0,,0.0,0.0,,0.0,0.0,,0,0,,0.0,0.0,0.0,,0.0,0.0,0.0,,0.0,0.0,0.0,,0.0,0.0,0.0,,0.0,0.0,0.0,,0.0,0.0,0.0,,,,,,,,,,,,,,,,,,,,,,,,,,,,,,,,,,,,,,,,,,,,,,,,,,,,,,,,,,,,,,,,,,,,,,,,,,,,,,,,,,,,,,,,,,,,,,,,,,,,,,,,,,,,,,,,,,,,,,,,,,,,,,,,,,,,,,,,,,,,,,,,,,,,,,,,,,,,,,,,,,,,,,,,,,,,,,,,,,,,,,,,,,,,,,,,,,,,,,,,,,,,,Primera B,4dzRa7y9
htx37gq1,COLOMBIA,2024,COLOMBIA 2,COLOMBIA 2,15/12/2024,00:30,Final,Llaneros,KzwFLhIU,U. Magdalena,tpLItk4L,False,1,1,2.0,0.0,0.0,1.0,1.0,"[1, 2, 3, 4, 39]","[1, 2, 3, 4]",Betfair,5.0,1.83,2.63,Betano.br,4.8,2.27,2.22,Betfair,3.8,3.1,1.85,Estrelabet,1.55,2.2,,0.0,0.0,,0.0,0.0,,0.0,0.0,Betano.br,2.45,1.47,,0.0,0.0,Betfair,1.08,6.5,Betfair,1.45,2.55,Betfair,2.6,1.44,Betfair,5.5,1.11,Betfair,11.0,1.01,Betfair,2.2,1.57,,0.0,0.0,,0.0,0.0,Betano.br,1.95,1.32,1.17,Betano.br,1.47,1.75,1.14,,0.0,0.0,0.0,Betano.br,3.05,1.28,Betano.br,2.82,1.36,Betano.br,2.92,1.37,Betfair,3.1,13.0,51.0,4.5,4.0,9.0,26.0,14.0,7.5,Betano.br,1.91,1.8,,0.0,0.0,,0.0,0.0,Betfair,5.5,Betfair,4.5,Betfair,8.0,Betfair,5.5,Betfair,6.5,Betfair,15.0,Betfair,7.5,Betfair,13.0,Betfair,15.0,Betfair,14.0,Betfair,56.0,Betfair,15.0,Betfair,41.0,Betfair,36.0,Betfair,71.0,,0,0,,0.0,0.0,,0.0,0.0,,0.0,0.0,Novibet,3.75,1.25,Betano.br,1.93,1.78,Novibet,1.25,3.75,Novibet,1.18,4.5,,0.0,0.0,,0,0,,0.0,0.0,0.0,Novibet,25.0,0.0,0.0,Betano.br,0.0,3.25,3.45,Betano.br,1.95,0.0,0.0,Novibet,0.0,8.6,1.03,,0.0,0.0,0.0,,,,,,,,,,,,,,,,,,,,,,,,,,,,,,,,,,,,,,,,,,,,,,,,,0.0,2.0,,,,,,,,,,,,,,,,,,,,,,,,,,,,,,,,,,,,,,,,,,,,,,,,,,,,,,,,,,,,,,,,,,,,,,,,,,,,,,,,,,,,,,,,,,,,,,,,,,,,,,,,,,,,,,,,,,,,,,,,,,,,,,,,,,,,,,,0.0,2.0,,,,,,,,,,,,,,,,,,,Primera B,4dzRa7y9
GOYGX775,COLOMBIA,2024,COLOMBIA 2,COLOMBIA 2,16/10/2024,20:30,Round 15,Tigres,EcJJz8BQ,U. Magdalena,tpLItk4L,False,2,1,,,,,,[],[],,0.0,0.0,0.0,,0.0,0.0,0.0,,0.0,0.0,0.0,,0.0,0.0,,0.0,0.0,,0.0,0.0,,0.0,0.0,,0.0,0.0,,0.0,0.0,,0.0,0.0,,0.0,0.0,,0.0,0.0,,0.0,0.0,,0.0,0.0,,0.0,0.0,,0.0,0.0,,0.0,0.0,,0.0,0.0,0.0,,0.0,0.0,0.0,,0.0,0.0,0.0,,0.0,0.0,,0.0,0.0,,0.0,0.0,,0.0,0.0,0.0,0.0,0.0,0.0,0.0,0.0,0.0,,0.0,0.0,,0.0,0.0,,0.0,0.0,,0.0,,0.0,,0.0,,0.0,,0.0,,0.0,,0.0,,0.0,,0.0,,0.0,,0.0,,0.0,,0.0,,0.0,,0.0,,0,0,,0.0,0.0,,0.0,0.0,,0.0,0.0,,0.0,0.0,,0.0,0.0,,0.0,0.0,,0.0,0.0,,0.0,0.0,,0,0,,0.0,0.0,0.0,,0.0,0.0,0.0,,0.0,0.0,0.0,,0.0,0.0,0.0,,0.0,0.0,0.0,,0.0,0.0,0.0,,,,,,,,,,,,,,,,,,,,,,,,,,,,,,,,,,,,,,,,,,,,,,,,,,,,,,,,,,,,,,,,,,,,,,,,,,,,,,,,,,,,,,,,,,,,,,,,,,,,,,,,,,,,,,,,,,,,,,,,,,,,,,,,,,,,,,,,,,,,,,,,,,,,,,,,,,,,,,,,,,,,,,,,,,,,,,,,,,,,,,,,,,,,,,,,,,,,,,,,,,,,,Primera B,4dzRa7y9
l2jsI4KO,COLOMBIA,2024,COLOMBIA 2,COLOMBIA 2,17/11/2024,20:15,Round 5,Cucuta,zs0leK3r,U. Magdalena,tpLItk4L,False,2,1,,,,,,"[17, 76]",[63],Betfair,2.88,1.91,4.2,Betano.br,2.7,2.25,3.5,Betfair,2.1,3.1,3.0,Estrelabet,1.55,2.3,Estrelabet,3.4,1.28,Estrelabet,8.0,1.04,,0.0,0.0,Betano.br,2.45,1.47,,0.0,0.0,Betfair,1.07,7.0,Betfair,1.44,2.6,Betfair,2.4,1.5,Betfair,4.8,1.14,Betfair,10.0,1.02,Betfair,2.0,1.7,,0.0,0.0,,0.0,0.0,Betano.br,1.31,1.32,1.6,Betano.br,1.23,1.72,1.36,,0.0,0.0,0.0,Estrelabet,1.6,2.3,Betano.br,1.65,2.07,Betano.br,1.65,2.15,Estrelabet,3.8,16.5,54.0,5.0,4.1,7.25,32.0,14.5,5.3,Estrelabet,2.0,1.8,,0.0,0.0,,0.0,0.0,Betfair,6.0,Betfair,5.5,Betfair,7.0,Betfair,5.0,Betfair,7.5,Betfair,12.0,Betfair,8.0,Betfair,11.0,Betfair,14.0,Betfair,18.0,Betfair,36.0,Betfair,17.0,Betfair,26.0,Betfair,31.0,Betfair,46.0,,0,0,,0.0,0.0,,0.0,0.0,Novibet,5.0,1.17,Estrelabet,2.3,1.6,,0.0,0.0,Novibet,1.14,5.5,,0.0,0.0,,0.0,0.0,,0,0,,0.0,0.0,0.0,Estrelabet,11.25,6.0,19.5,Estrelabet,4.6,3.7,7.75,Estrelabet,1.3,4.45,1.55,Estrelabet,1.06,7.5,1.15,,0.0,0.0,0.0,,,,,,,,,,,,,,,,,,,,,,,,,,,,,,,,,,,,,,,,,,,,,,,,,4.0,3.0,,,,,,,,,,,,,,,,,,,,,,,,,,,,,,,,,,,,,,,,,,,,,,,,,,,,,,,,,,,,,,,,,,,2.0,2.0,,,,,,,,,,,,,,,,,,,,,,,,,,,,,,,,,,,,,,,,,,,,,,,,,,,,,,,,,,,,,,,,,,,2.0,1.0,,,,,,,,,,,,,,,,,,,Primera B,4dzRa7y9
bPij0rCb,COLOMBIA,2024,COLOMBIA 2,COLOMBIA 2,28/10/2024,23:05,Round 1,Real Cundinamarca,ze01M68P,U. Magdalena,tpLItk4L,False,1,0,,,,,,[61],[],Betfair,3.75,1.8,3.5,Betano.br,3.4,2.1,3.05,Betfair,2.88,2.8,2.5,Novibet,1.62,2.2,Novibet,4.0,1.22,Novibet,12.0,1.04,Novibet,1.42,2.75,Novibet,2.88,1.4,Novibet,8.0,1.08,Betfair,1.11,5.5,Betfair,1.57,2.25,Betfair,2.88,1.36,Betfair,6.5,1.08,Betfair,11.0,1.01,Betfair,2.25,1.57,Novibet,5.6,1.09,Novibet,4.15,1.17,Betano.br,1.5,1.38,1.37,Betano.br,1.27,1.83,1.22,Novibet,1.33,1.67,1.29,Novibet,1.98,1.73,Betano.br,2.0,1.72,Betano.br,1.98,1.78,Betfair,5.0,13.0,31.0,6.0,3.75,5.5,36.0,13.0,4.5,Novibet,1.9,1.8,Novibet,2.2,1.57,Novibet,2.04,1.66,Betfair,5.0,Betfair,6.0,Betfair,5.5,Betfair,5.0,Betfair,10.0,Betfair,9.0,Betfair,9.5,Betfair,9.0,Betfair,15.0,Betfair,26.0,Betfair,23.0,Betfair,26.0,Betfair,21.0,Betfair,46.0,Betfair,51.0,,0,0,,0.0,0.0,,0.0,0.0,,0.0,0.0,Novibet,3.0,1.36,Novibet,1.5,2.6,,0.0,0.0,,0.0,0.0,,0.0,0.0,,0,0,,0.0,0.0,0.0,Novibet,19.5,7.5,15.5,Novibet,7.3,4.05,5.9,Novibet,1.46,3.75,1.35,Novibet,1.1,6.8,1.06,,0.0,0.0,0.0,,,,,,,,,,,,,,,,,,,,,,,,,,,,,,,,,,,,,,,,,,,,,,,,,1.0,0.0,,,,,,,,,,,,,,,,,,,,,,,,,,,,,,,,,,,,,,,,,,,,,,,,,,,,,,,,,,,,,,,,,,,,,,,,,,,,,,,,,,,,,,,,,,,,,,,,,,,,,,,,,,,,,,,,,,,,,,,,,,,,,,,,,,,,,,,1.0,0.0,,,,,,,,,,,,,,,,,,,Primera B,4dzRa7y9
ph8Svt5M,COLOMBIA,2024,COLOMBIA 2,COLOMBIA 2,23/11/2024,21:00,Round 6,U. Magdalena,tpLItk4L,Real Cundinamarca,ze01M68P,False,2,0,,,,,,"[45, 59]",[],Betfair,1.91,2.2,7.0,Betano.br,1.75,2.6,6.8,Betfair,1.33,3.9,7.5,Novibet,1.45,2.62,Novibet,3.0,1.36,Novibet,8.5,1.07,Novibet,1.3,3.5,Novibet,2.25,1.57,Novibet,5.5,1.15,Betfair,1.03,9.0,Betfair,1.29,3.3,Betfair,1.95,1.75,Betfair,3.6,1.25,Betfair,7.5,1.06,Betfair,2.15,1.6,Novibet,5.1,1.11,Novibet,3.8,1.2,Betano.br,1.08,1.22,2.72,Betano.br,1.1,1.6,1.75,Novibet,1.13,1.5,1.73,Estrelabet,1.14,5.0,Betano.br,1.2,3.95,Betano.br,1.19,4.4,Betfair,2.1,15.0,71.0,3.75,5.5,14.0,20.0,17.0,12.0,Betano.br,1.9,1.82,Novibet,2.05,1.65,Novibet,1.96,1.71,Betfair,8.5,Betfair,5.0,Betfair,15.0,Betfair,7.0,Betfair,5.0,Betfair,34.0,Betfair,7.0,Betfair,21.0,Betfair,17.0,Betfair,7.5,Betfair,151.0,Betfair,10.0,Betfair,71.0,Betfair,26.0,Betfair,81.0,,0,0,Novibet,5.0,1.15,Novibet,2.62,1.5,Novibet,1.91,1.83,Novibet,1.56,2.5,,0.0,0.0,,0.0,0.0,,0.0,0.0,,0.0,0.0,,0,0,Novibet,10.75,6.8,0.0,Novibet,4.95,4.4,0.0,Novibet,2.5,3.3,18.25,Novibet,1.09,6.5,2.4,Novibet,0.0,0.0,1.45,Novibet,0.0,0.0,1.13,,,,,,,,,,,,,,,,,,,,,,,,,,,,,,,,,,,,,,,,,,,,,,,,,4.0,5.0,1.0,0.0,,,,,,,,,,,,,,,,,,,,,,,,,,,,,,,,,,,,,,,,,,,,,,,,,,,,,,,,,,,,,,,,,3.0,1.0,,,,,,,,,,,,,,,,,,,,,,,,,,,,,,,,,,,,,,,,,,,,,,,,,,,,,,,,,,,,,,,,,,,1.0,4.0,1.0,0.0,,,,,,,,,,,,,,,,,Primera B,4dzRa7y9
2L8sJ8hC,COLOMBIA,2024,COLOMBIA 2,COLOMBIA 2,14/10/2024,21:00,Round 15,Cucuta,zs0leK3r,Quindio,zms5B2Zr,False,3,1,,,,,,[],[],,0.0,0.0,0.0,,0.0,0.0,0.0,,0.0,0.0,0.0,,0.0,0.0,,0.0,0.0,,0.0,0.0,,0.0,0.0,,0.0,0.0,,0.0,0.0,,0.0,0.0,,0.0,0.0,,0.0,0.0,,0.0,0.0,,0.0,0.0,,0.0,0.0,,0.0,0.0,,0.0,0.0,,0.0,0.0,0.0,,0.0,0.0,0.0,,0.0,0.0,0.0,,0.0,0.0,,0.0,0.0,,0.0,0.0,,0.0,0.0,0.0,0.0,0.0,0.0,0.0,0.0,0.0,,0.0,0.0,,0.0,0.0,,0.0,0.0,,0.0,,0.0,,0.0,,0.0,,0.0,,0.0,,0.0,,0.0,,0.0,,0.0,,0.0,,0.0,,0.0,,0.0,,0.0,,0,0,,0.0,0.0,,0.0,0.0,,0.0,0.0,,0.0,0.0,,0.0,0.0,,0.0,0.0,,0.0,0.0,,0.0,0.0,,0,0,,0.0,0.0,0.0,,0.0,0.0,0.0,,0.0,0.0,0.0,,0.0,0.0,0.0,,0.0,0.0,0.0,,0.0,0.0,0.0,,,,,,,,,,,,,,,,,,,,,,,,,,,,,,,,,,,,,,,,,,,,,,,,,,,,,,,,,,,,,,,,,,,,,,,,,,,,,,,,,,,,,,,,,,,,,,,,,,,,,,,,,,,,,,,,,,,,,,,,,,,,,,,,,,,,,,,,,,,,,,,,,,,,,,,,,,,,,,,,,,,,,,,,,,,,,,,,,,,,,,,,,,,,,,,,,,,,,,,,,,,,,Primera B,4dzRa7y9
IisyMawh,COLOMBIA,2024,COLOMBIA 2,COLOMBIA 2,02/11/2024,00:15,Round 2,Huila,xCqdiIm1,Real Cundinamarca,ze01M68P,False,0,0,,,,,,[],[],Betfair,2.1,2.0,6.5,Betano.br,1.98,2.42,5.4,Betfair,1.6,3.5,5.0,Novibet,1.5,2.5,Novibet,3.4,1.3,Novibet,9.5,1.06,Novibet,1.33,3.25,Novibet,2.5,1.5,Novibet,6.0,1.13,Betfair,1.05,8.0,Betfair,1.36,2.88,Betfair,2.25,1.57,Betfair,4.5,1.17,Betfair,9.0,1.03,Betfair,2.25,1.57,Sportingbet.br,6.0,1.11,Sportingbet.br,4.4,1.18,Betano.br,1.14,1.25,2.25,Sportingbet.br,1.12,1.68,1.58,Sportingbet.br,1.13,1.52,1.73,Estrelabet,1.22,3.75,Betano.br,1.29,3.3,Betano.br,1.29,3.4,Betfair,2.4,14.0,61.0,4.0,4.5,13.0,21.0,15.0,11.0,Novibet,1.87,1.82,Novibet,2.09,1.63,Novibet,1.98,1.7,Betfair,6.5,Betfair,4.5,Betfair,11.0,Betfair,6.0,Betfair,5.5,Betfair,26.0,Betfair,7.0,Betfair,17.0,Betfair,17.0,Betfair,9.5,Betfair,91.0,Betfair,11.0,Betfair,61.0,Betfair,26.0,Betfair,91.0,,0,0,,0.0,0.0,Novibet,3.0,1.36,Novibet,2.25,1.62,Novibet,1.67,2.2,Novibet,1.17,4.5,,0.0,0.0,,0.0,0.0,,0.0,0.0,,0,0,Novibet,14.25,7.6,0.0,Novibet,6.3,4.65,0.0,Novibet,2.9,3.3,14.5,Novibet,1.13,5.7,2.1,Novibet,0.0,0.0,1.34,Novibet,0.0,0.0,1.08,,,,,,,,,,,,,,,,,,,,,,,,,,,,,,,,,,,,,,,,,,,,,,,,,1.0,3.0,,,,,,,,,,,,,,,,,,,,,,,,,,,,,,,,,,,,,,,,,,,,,,,,,,,,,,,,,,,,,,,,,,,,,,,,,,,,,,,,,,,,,,,,,,,,,,,,,,,,,,,,,,,,,,,,,,,,,,,,,,,,,,,,,,,,,,,1.0,3.0,,,,,,,,,,,,,,,,,,,Primera B,4dzRa7y9
OIDsMLxe,COLOMBIA,2024,COLOMBIA 2,COLOMBIA 2,13/11/2024,21:00,Round 4,Quindio,zms5B2Zr,Cartagena,6eofBSjQ,False,2,1,,,,,,"[82, 90]",[66],Betfair,6.0,2.0,2.2,Betano.br,5.6,2.5,1.91,Betfair,6.0,3.6,1.47,Sportingbet.br,1.44,2.6,Novibet,3.1,1.3,Sportingbet.br,8.25,1.06,Sportingbet.br,1.3,3.25,Sportingbet.br,2.35,1.51,Sportingbet.br,5.5,1.13,Betfair,1.05,8.0,Betfair,1.33,3.0,Betfair,2.2,1.6,Betfair,4.0,1.2,Betfair,8.0,1.05,Betfair,2.05,1.67,Sportingbet.br,5.5,1.13,Sportingbet.br,4.2,1.19,Betano.br,2.35,1.23,1.13,Sportingbet.br,1.58,1.65,1.13,Sportingbet.br,1.72,1.5,1.14,Estrelabet,4.2,1.18,Betano.br,3.35,1.28,Betano.br,3.6,1.26,Betfair,11.0,15.0,21.0,12.0,5.0,4.0,61.0,13.0,2.4,Betano.br,1.83,1.8,,0.0,0.0,,0.0,0.0,Betfair,7.0,Betfair,11.0,Betfair,5.0,Betfair,6.0,Betfair,23.0,Betfair,5.5,Betfair,17.0,Betfair,6.5,Betfair,15.0,Betfair,101.0,Betfair,10.0,Betfair,51.0,Betfair,11.0,Betfair,71.0,Betfair,26.0,,0,0,,0.0,0.0,,0.0,0.0,,0.0,0.0,Novibet,3.4,1.3,Estrelabet,2.2,1.55,Novibet,1.3,3.4,Novibet,1.2,4.33,,0.0,0.0,,0,0,,0.0,0.0,0.0,Novibet,19.75,7.8,9.4,Novibet,7.8,4.5,3.45,Novibet,1.82,3.45,1.28,Novibet,1.18,5.5,1.05,,0.0,0.0,0.0,,,,,,,,,,,,,,,,,,,,,,,,,,,,,,,,,,,,,,,,,,,,,,,,,3.0,1.0,,,,,,,,,,,,,,,,,,,,,,,,,,,,,,,,,,,,,,,,,,,,,,,,,,,,,,,,,,,,,,,,,,,2.0,0.0,,,,,,,,,,,,,,,,,,,,,,,,,,,,,,,,,,,,,,,,,,,,,,,,,,,,,,,,,,,,,,,,,,,1.0,1.0,,,,,,,,,,,,,,,,,,,Primera B,4dzRa7y9
CM8gAqZ0,COLOMBIA,2024,COLOMBIA 2,COLOMBIA 2,10/10/2024,22:30,Round 3,Leones,IZmBcNVO,Barranquilla,O8ANu9JR,False,1,2,,,,,,[],[],,0.0,0.0,0.0,,0.0,0.0,0.0,,0.0,0.0,0.0,,0.0,0.0,,0.0,0.0,,0.0,0.0,,0.0,0.0,,0.0,0.0,,0.0,0.0,,0.0,0.0,,0.0,0.0,,0.0,0.0,,0.0,0.0,,0.0,0.0,,0.0,0.0,,0.0,0.0,,0.0,0.0,,0.0,0.0,0.0,,0.0,0.0,0.0,,0.0,0.0,0.0,,0.0,0.0,,0.0,0.0,,0.0,0.0,,0.0,0.0,0.0,0.0,0.0,0.0,0.0,0.0,0.0,,0.0,0.0,,0.0,0.0,,0.0,0.0,,0.0,,0.0,,0.0,,0.0,,0.0,,0.0,,0.0,,0.0,,0.0,,0.0,,0.0,,0.0,,0.0,,0.0,,0.0,,0,0,,0.0,0.0,,0.0,0.0,,0.0,0.0,,0.0,0.0,,0.0,0.0,,0.0,0.0,,0.0,0.0,,0.0,0.0,,0,0,,0.0,0.0,0.0,,0.0,0.0,0.0,,0.0,0.0,0.0,,0.0,0.0,0.0,,0.0,0.0,0.0,,0.0,0.0,0.0,,,,,,,,,,,,,,,,,,,,,,,,,,,,,,,,,,,,,,,,,,,,,,,,,,,,,,,,,,,,,,,,,,,,,,,,,,,,,,,,,,,,,,,,,,,,,,,,,,,,,,,,,,,,,,,,,,,,,,,,,,,,,,,,,,,,,,,,,,,,,,,,,,,,,,,,,,,,,,,,,,,,,,,,,,,,,,,,,,,,,,,,,,,,,,,,,,,,,,,,,,,,,Primera B,4dzRa7y9
KIhcLwIr,COLOMBIA,2024,COLOMBIA 2,COLOMBIA 2,08/10/2024,20:30,Round 14,Orsomarso,ET6jTFPs,Huila,xCqdiIm1,False,0,1,,,,,,[],[],,0.0,0.0,0.0,,0.0,0.0,0.0,,0.0,0.0,0.0,,0.0,0.0,,0.0,0.0,,0.0,0.0,,0.0,0.0,,0.0,0.0,,0.0,0.0,,0.0,0.0,,0.0,0.0,,0.0,0.0,,0.0,0.0,,0.0,0.0,,0.0,0.0,,0.0,0.0,,0.0,0.0,,0.0,0.0,0.0,,0.0,0.0,0.0,,0.0,0.0,0.0,,0.0,0.0,,0.0,0.0,,0.0,0.0,,0.0,0.0,0.0,0.0,0.0,0.0,0.0,0.0,0.0,,0.0,0.0,,0.0,0.0,,0.0,0.0,,0.0,,0.0,,0.0,,0.0,,0.0,,0.0,,0.0,,0.0,,0.0,,0.0,,0.0,,0.0,,0.0,,0.0,,0.0,,0,0,,0.0,0.0,,0.0,0.0,,0.0,0.0,,0.0,0.0,,0.0,0.0,,0.0,0.0,,0.0,0.0,,0.0,0.0,,0,0,,0.0,0.0,0.0,,0.0,0.0,0.0,,0.0,0.0,0.0,,0.0,0.0,0.0,,0.0,0.0,0.0,,0.0,0.0,0.0,,,,,,,,,,,,,,,,,,,,,,,,,,,,,,,,,,,,,,,,,,,,,,,,,,,,,,,,,,,,,,,,,,,,,,,,,,,,,,,,,,,,,,,,,,,,,,,,,,,,,,,,,,,,,,,,,,,,,,,,,,,,,,,,,,,,,,,,,,,,,,,,,,,,,,,,,,,,,,,,,,,,,,,,,,,,,,,,,,,,,,,,,,,,,,,,,,,,,,,,,,,,,Primera B,4dzRa7y9
OfVfVPF8,COLOMBIA,2024,COLOMBIA 2,COLOMBIA 2,09/11/2024,23:10,Round 3,Cartagena,6eofBSjQ,Quindio,zms5B2Zr,False,3,0,,,,,,"[45, 55, 84]",[],Betfair,1.91,2.1,7.5,Betano.br,1.78,2.57,6.7,Betfair,1.33,4.0,7.0,Sportingbet.br,1.42,2.6,Sportingbet.br,3.0,1.33,Sportingbet.br,8.0,1.06,Sportingbet.br,1.28,3.3,Sportingbet.br,2.3,1.53,Sportingbet.br,5.25,1.14,Betfair,1.05,8.0,Betfair,1.3,3.2,Betfair,2.1,1.65,Betfair,3.8,1.22,Betfair,8.0,1.05,Betfair,2.3,1.53,Sportingbet.br,6.0,1.11,Sportingbet.br,4.5,1.18,Betano.br,1.09,1.22,2.67,Sportingbet.br,1.1,1.61,1.7,Sportingbet.br,1.1,1.46,1.9,Estrelabet,1.14,5.0,Betano.br,1.21,3.95,Betano.br,1.19,4.3,Betfair,2.1,15.0,81.0,3.75,5.5,14.0,21.0,18.0,13.0,Betano.br,1.85,1.78,,0.0,0.0,,0.0,0.0,Betfair,7.5,Betfair,4.5,Betfair,14.0,Betfair,7.0,Betfair,5.0,Betfair,36.0,Betfair,7.0,Betfair,21.0,Betfair,19.0,Betfair,8.0,Betfair,176.0,Betfair,10.0,Betfair,76.0,Betfair,26.0,Betfair,91.0,,0,0,,0.0,0.0,Novibet,2.6,1.5,Betano.br,1.7,1.91,Estrelabet,1.6,2.1,,0.0,0.0,,0.0,0.0,,0.0,0.0,,0.0,0.0,,0,0,,0.0,0.0,0.0,,0.0,0.0,0.0,,0.0,0.0,0.0,,0.0,0.0,0.0,,0.0,0.0,0.0,,0.0,0.0,0.0,,,,,,,,,,,,,,,,,,,,,,,,,,,,,,,,,,,,,,,,,,,,,,,,,2.0,4.0,,,,,,,,,,,,,,,,,,,,,,,,,,,,,,,,,,,,,,,,,,,,,,,,,,,,,,,,,,,,,,,,,,,0.0,3.0,,,,,,,,,,,,,,,,,,,,,,,,,,,,,,,,,,,,,,,,,,,,,,,,,,,,,,,,,,,,,,,,,,,2.0,1.0,,,,,,,,,,,,,,,,,,,Primera B,4dzRa7y9
lz2RQafL,COLOMBIA,2024,COLOMBIA 2,COLOMBIA 2,06/10/2024,20:30,Round 14,Llaneros,KzwFLhIU,Real Cundinamarca,ze01M68P,False,2,1,,,,,,[],[],,0.0,0.0,0.0,,0.0,0.0,0.0,,0.0,0.0,0.0,,0.0,0.0,,0.0,0.0,,0.0,0.0,,0.0,0.0,,0.0,0.0,,0.0,0.0,,0.0,0.0,,0.0,0.0,,0.0,0.0,,0.0,0.0,,0.0,0.0,,0.0,0.0,,0.0,0.0,,0.0,0.0,,0.0,0.0,0.0,,0.0,0.0,0.0,,0.0,0.0,0.0,,0.0,0.0,,0.0,0.0,,0.0,0.0,,0.0,0.0,0.0,0.0,0.0,0.0,0.0,0.0,0.0,,0.0,0.0,,0.0,0.0,,0.0,0.0,,0.0,,0.0,,0.0,,0.0,,0.0,,0.0,,0.0,,0.0,,0.0,,0.0,,0.0,,0.0,,0.0,,0.0,,0.0,,0,0,,0.0,0.0,,0.0,0.0,,0.0,0.0,,0.0,0.0,,0.0,0.0,,0.0,0.0,,0.0,0.0,,0.0,0.0,,0,0,,0.0,0.0,0.0,,0.0,0.0,0.0,,0.0,0.0,0.0,,0.0,0.0,0.0,,0.0,0.0,0.0,,0.0,0.0,0.0,,,,,,,,,,,,,,,,,,,,,,,,,,,,,,,,,,,,,,,,,,,,,,,,,,,,,,,,,,,,,,,,,,,,,,,,,,,,,,,,,,,,,,,,,,,,,,,,,,,,,,,,,,,,,,,,,,,,,,,,,,,,,,,,,,,,,,,,,,,,,,,,,,,,,,,,,,,,,,,,,,,,,,,,,,,,,,,,,,,,,,,,,,,,,,,,,,,,,,,,,,,,,Primera B,4dzRa7y9
v5jQa9Mk,COLOMBIA,2024,COLOMBIA 2,COLOMBIA 2,04/11/2024,23:10,Round 2,Llaneros,KzwFLhIU,Cartagena,6eofBSjQ,False,5,1,,,,,,"[4, 28, 52, 75, 90]",[53],Betfair,2.88,1.91,4.0,Betano.br,2.45,2.32,3.85,Betfair,2.15,3.0,3.25,Sportingbet.br,1.49,2.4,Sportingbet.br,3.2,1.3,,0.0,0.0,Sportingbet.br,1.32,3.1,Sportingbet.br,2.45,1.47,,0.0,0.0,Betfair,1.06,7.5,Betfair,1.36,2.88,Betfair,2.25,1.57,Betfair,4.5,1.17,Betfair,9.0,1.03,Betfair,1.95,1.75,Sportingbet.br,5.25,1.14,Sportingbet.br,3.9,1.22,Betano.br,1.23,1.35,1.7,Sportingbet.br,1.21,1.75,1.38,Sportingbet.br,1.24,1.58,1.46,Betano.br,1.42,2.45,Betano.br,1.53,2.35,Betano.br,1.53,2.4,Betfair,3.6,13.0,36.0,5.0,4.2,7.5,26.0,13.0,6.0,Estrelabet,1.95,1.75,,0.0,0.0,,0.0,0.0,Betfair,6.0,Betfair,5.5,Betfair,7.5,Betfair,5.0,Betfair,8.0,Betfair,13.0,Betfair,7.5,Betfair,10.0,Betfair,13.0,Betfair,17.0,Betfair,36.0,Betfair,15.0,Betfair,26.0,Betfair,31.0,Betfair,41.0,,0,0,,0.0,0.0,,0.0,0.0,,0.0,0.0,Estrelabet,2.1,1.6,,0.0,0.0,,0.0,0.0,,0.0,0.0,,0.0,0.0,,0,0,,0.0,0.0,0.0,,0.0,0.0,0.0,,0.0,0.0,0.0,,0.0,0.0,0.0,,0.0,0.0,0.0,,0.0,0.0,0.0,,,,,,,,,,,,,,,,,,,,,,,,,,,,,,,,,,,,,,,,,,,,,,,,,3.0,3.0,,,,,,,,,,,,,,,,,,,,,,,,,,,,,,,,,,,,,,,,,,,,,,,,,,,,,,,,,,,,,,,,,,,,,,,,,,,,,,,,,,,,,,,,,,,,,,,,,,,,,,,,,,,,,,,,,,,,,,,,,,,,,,,,,,,,,,,3.0,3.0,,,,,,,,,,,,,,,,,,,Primera B,4dzRa7y9
GhAZNs8r,COLOMBIA,2024,COLOMBIA 2,COLOMBIA 2,13/11/2024,01:00,Round 4,Real Cundinamarca,ze01M68P,Cucuta,zs0leK3r,False,1,1,,,,,,[58],[67],Betfair,3.0,1.83,4.0,Sportingbet.br,2.75,2.15,3.4,Betfair,2.2,2.88,3.2,Sportingbet.br,1.57,2.25,Sportingbet.br,3.7,1.24,Sportingbet.br,11.0,1.04,Sportingbet.br,1.36,2.87,Sportingbet.br,2.65,1.42,Sportingbet.br,6.5,1.1,Betfair,1.08,6.5,Betfair,1.45,2.55,Betfair,2.55,1.45,Betfair,5.2,1.13,Betfair,11.0,1.01,Betfair,2.05,1.67,Sportingbet.br,6.0,1.11,Sportingbet.br,4.2,1.2,Sportingbet.br,1.35,1.36,1.55,Sportingbet.br,1.23,1.82,1.32,Sportingbet.br,1.27,1.61,1.39,Estrelabet,1.7,2.05,Betano.br,1.9,1.82,Betano.br,1.93,1.8,Betfair,4.0,13.0,31.0,5.5,4.0,6.5,26.0,13.0,5.0,Estrelabet,1.9,1.8,,0.0,0.0,,0.0,0.0,Betfair,5.5,Betfair,5.5,Betfair,7.0,Betfair,5.0,Betfair,7.5,Betfair,12.0,Betfair,8.0,Betfair,10.0,Betfair,14.0,Betfair,18.0,Betfair,36.0,Betfair,18.0,Betfair,26.0,Betfair,36.0,Betfair,46.0,,0,0,,0.0,0.0,,0.0,0.0,,0.0,0.0,Estrelabet,2.3,1.5,Novibet,1.38,2.88,,0.0,0.0,,0.0,0.0,,0.0,0.0,,0,0,,0.0,0.0,0.0,,0.0,0.0,0.0,,0.0,0.0,0.0,,0.0,0.0,0.0,,0.0,0.0,0.0,,0.0,0.0,0.0,,,,,,,,,,,,,,,,,,,,,,,,,,,,,,,,,,,,,,,,,,,,,,,,,2.0,0.0,,,,,,,,,,,,,,,,,,,,,,,,,,,,,,,,,,,,,,,,,,,,,,,,,,,,,,,,,,,,,,,,,,,,,,,,,,,,,,,,,,,,,,,,,,,,,,,,,,,,,,,,,,,,,,,,,,,,,,,,,,,,,,,,,,,,,,,2.0,0.0,,,,,,,,,,,,,,,,,,,Primera B,4dzRa7y9
YR3ogaW8,COLOMBIA,2024,COLOMBIA 2,COLOMBIA 2,11/12/2024,00:00,Final,U. Magdalena,tpLItk4L,Llaneros,KzwFLhIU,False,1,0,1.0,,,,,[22],[],Betfair,2.2,2.0,6.0,Betano.br,1.98,2.4,5.5,Betfair,1.57,3.1,5.5,Estrelabet,1.5,2.3,,0.0,0.0,,0.0,0.0,,0.0,0.0,Betano.br,2.3,1.53,,0.0,0.0,Betfair,1.05,8.0,Betfair,1.36,2.88,Betfair,2.25,1.57,Betfair,4.0,1.2,Betfair,8.0,1.05,Betfair,2.15,1.6,,0.0,0.0,,0.0,0.0,Betano.br,1.12,1.27,2.27,Betano.br,1.11,1.65,1.6,,0.0,0.0,0.0,Betano.br,1.18,3.8,Betano.br,1.25,3.45,Betano.br,1.28,3.5,Betfair,2.5,13.0,51.0,4.2,4.5,11.0,23.0,14.0,10.0,Betano.br,1.9,1.8,,0.0,0.0,,0.0,0.0,Betfair,6.5,Betfair,5.0,Betfair,10.0,Betfair,6.0,Betfair,5.5,Betfair,23.0,Betfair,7.0,Betfair,15.0,Betfair,15.0,Betfair,10.0,Betfair,91.0,Betfair,11.0,Betfair,46.0,Betfair,26.0,Betfair,67.0,,0,0,,0.0,0.0,Novibet,3.0,1.36,Novibet,2.25,1.62,Estrelabet,1.6,2.1,,0.0,0.0,,0.0,0.0,,0.0,0.0,,0.0,0.0,,0,0,Novibet,14.5,7.7,0.0,Novibet,0.0,0.0,21.0,Betano.br,2.8,3.2,0.0,Betano.br,0.0,0.0,2.27,Novibet,1.05,8.1,0.0,Novibet,0.0,0.0,1.08,,,,,,,,,,,,,,,,,,,,,,,,,,,,,,,,,,,,,,,,,,,,,,,,,3.0,3.0,,,,,,,,,,,,,,,,,,,,,,,,,,,,,,,,,,,,,,,,,,,,,,,,,,,,,,,,,,,,,,,,,,,2.0,2.0,,,,,,,,,,,,,,,,,,,,,,,,,,,,,,,,,,,,,,,,,,,,,,,,,,,,,,,,,,,,,,,,,,,1.0,1.0,,,,,,,,,,,,,,,,,,,Primera B,4dzRa7y9
AVuAPZRk,COLOMBIA,2024,COLOMBIA 2,COLOMBIA 2,09/11/2024,21:05,Round 3,Cucuta,zs0leK3r,Real Cundinamarca,ze01M68P,False,1,0,,,,,,[74],[],Betfair,2.1,2.0,6.0,Betano.br,1.95,2.47,5.4,Betfair,1.5,3.6,5.5,Sportingbet.br,1.43,2.6,Sportingbet.br,3.1,1.32,Sportingbet.br,8.25,1.06,Sportingbet.br,1.28,3.4,Sportingbet.br,2.3,1.55,Sportingbet.br,5.25,1.14,Betfair,1.05,8.0,Betfair,1.33,3.0,Betfair,2.2,1.6,Betfair,4.0,1.2,Betfair,8.0,1.05,Betfair,2.15,1.6,Sportingbet.br,5.75,1.12,Sportingbet.br,4.1,1.2,Sportingbet.br,1.14,1.24,2.3,Sportingbet.br,1.13,1.63,1.61,Sportingbet.br,1.13,1.47,1.77,Estrelabet,1.2,4.0,Betano.br,1.3,3.25,Betano.br,1.28,3.45,Betfair,2.88,13.0,51.0,4.33,4.33,9.5,21.0,13.0,8.5,Betano.br,1.85,1.8,,0.0,0.0,,0.0,0.0,Betfair,7.0,Betfair,4.5,Betfair,11.0,Betfair,6.0,Betfair,5.5,Betfair,23.0,Betfair,7.0,Betfair,17.0,Betfair,15.0,Betfair,9.5,Betfair,91.0,Betfair,12.0,Betfair,51.0,Betfair,26.0,Betfair,67.0,,0,0,,0.0,0.0,Novibet,3.4,1.3,Betano.br,1.93,1.7,Estrelabet,1.55,2.2,Novibet,1.18,4.5,,0.0,0.0,,0.0,0.0,,0.0,0.0,,0,0,,0.0,0.0,0.0,,0.0,0.0,0.0,,0.0,0.0,0.0,,0.0,0.0,0.0,,0.0,0.0,0.0,,0.0,0.0,0.0,,,,,,,,,,,,,,,,,,,,,,,,,,,,,,,,,,,,,,,,,,,,,,,,,3.0,3.0,,,,,,,,,,,,,,,,,,,,,,,,,,,,,,,,,,,,,,,,,,,,,,,,,,,,,,,,,,,,,,,,,,,1.0,2.0,,,,,,,,,,,,,,,,,,,,,,,,,,,,,,,,,,,,,,,,,,,,,,,,,,,,,,,,,,,,,,,,,,,2.0,1.0,,,,,,,,,,,,,,,,,,,Primera B,4dzRa7y9
IFqr24sn,COLOMBIA,2024,COLOMBIA 2,COLOMBIA 2,28/10/2024,21:00,Round 1,Cucuta,zs0leK3r,Huila,xCqdiIm1,False,1,1,,,,,,[34],[21],Betfair,2.88,1.91,3.75,Betano.br,2.57,2.3,3.6,Betfair,2.2,2.9,3.0,Sportingbet.br,1.49,2.45,Sportingbet.br,3.25,1.29,,0.0,0.0,Sportingbet.br,1.28,3.4,Sportingbet.br,2.25,1.55,,0.0,0.0,Betfair,1.06,7.5,Betfair,1.36,2.88,Betfair,2.2,1.6,Betfair,4.0,1.2,Betfair,8.0,1.05,Betfair,1.83,1.83,Sportingbet.br,5.25,1.13,Sportingbet.br,3.5,1.25,Sportingbet.br,1.32,1.32,1.65,Betano.br,1.2,1.75,1.34,Sportingbet.br,1.27,1.53,1.47,Estrelabet,1.55,2.28,Betano.br,1.57,2.25,Betano.br,1.6,2.25,Betfair,3.75,13.0,26.0,5.5,4.33,7.0,23.0,13.0,5.0,Betano.br,1.9,1.75,,0.0,0.0,,0.0,0.0,Betfair,6.5,Betfair,6.0,Betfair,7.5,Betfair,5.0,Betfair,8.5,Betfair,13.0,Betfair,7.5,Betfair,10.0,Betfair,11.0,Betfair,19.0,Betfair,31.0,Betfair,15.0,Betfair,23.0,Betfair,26.0,Betfair,34.0,,0,0,,0.0,0.0,,0.0,0.0,,0.0,0.0,Estrelabet,2.1,1.6,,0.0,0.0,,0.0,0.0,,0.0,0.0,,0.0,0.0,,0,0,,0.0,0.0,0.0,,0.0,0.0,0.0,,0.0,0.0,0.0,,0.0,0.0,0.0,,0.0,0.0,0.0,,0.0,0.0,0.0,,,,,,,,,,,,,,,,,,,,,,,,,,,,,,,,,,,,,,,,,,,,,,,,,3.0,4.0,,,,,,,,,,,,,,,,,,,,,,,,,,,,,,,,,,,,,,,,,,,,,,,,,,,,,,,,,,,,,,,,,,,2.0,2.0,,,,,,,,,,,,,,,,,,,,,,,,,,,,,,,,,,,,,,,,,,,,,,,,,,,,,,,,,,,,,,,,,,,1.0,2.0,,,,,,,,,,,,,,,,,,,Primera B,4dzRa7y9
K4DO6v3k,COLOMBIA,2024,COLOMBIA 2,COLOMBIA 2,05/10/2024,20:30,Round 14,Bogota,foERz7de,Tigres,EcJJz8BQ,False,3,2,,,,,,[],[],,0.0,0.0,0.0,,0.0,0.0,0.0,,0.0,0.0,0.0,,0.0,0.0,,0.0,0.0,,0.0,0.0,,0.0,0.0,,0.0,0.0,,0.0,0.0,,0.0,0.0,,0.0,0.0,,0.0,0.0,,0.0,0.0,,0.0,0.0,,0.0,0.0,,0.0,0.0,,0.0,0.0,,0.0,0.0,0.0,,0.0,0.0,0.0,,0.0,0.0,0.0,,0.0,0.0,,0.0,0.0,,0.0,0.0,,0.0,0.0,0.0,0.0,0.0,0.0,0.0,0.0,0.0,,0.0,0.0,,0.0,0.0,,0.0,0.0,,0.0,,0.0,,0.0,,0.0,,0.0,,0.0,,0.0,,0.0,,0.0,,0.0,,0.0,,0.0,,0.0,,0.0,,0.0,,0,0,,0.0,0.0,,0.0,0.0,,0.0,0.0,,0.0,0.0,,0.0,0.0,,0.0,0.0,,0.0,0.0,,0.0,0.0,,0,0,,0.0,0.0,0.0,,0.0,0.0,0.0,,0.0,0.0,0.0,,0.0,0.0,0.0,,0.0,0.0,0.0,,0.0,0.0,0.0,,,,,,,,,,,,,,,,,,,,,,,,,,,,,,,,,,,,,,,,,,,,,,,,,,,,,,,,,,,,,,,,,,,,,,,,,,,,,,,,,,,,,,,,,,,,,,,,,,,,,,,,,,,,,,,,,,,,,,,,,,,,,,,,,,,,,,,,,,,,,,,,,,,,,,,,,,,,,,,,,,,,,,,,,,,,,,,,,,,,,,,,,,,,,,,,,,,,,,,,,,,,,Primera B,4dzRa7y9
S4q7d0BN,COLOMBIA,2024,COLOMBIA 2,COLOMBIA 2,31/10/2024,00:00,Round 1,Cartagena,6eofBSjQ,Orsomarso,ET6jTFPs,False,2,1,,,,,,"[41, 79]",[75],Betfair,2.0,2.0,8.0,Betano.br,1.75,2.52,7.4,Betfair,1.36,4.0,7.0,Novibet,1.5,2.5,Novibet,3.4,1.3,Novibet,9.5,1.06,Novibet,1.33,3.2,Novibet,2.5,1.5,Novibet,6.0,1.13,Betfair,1.05,8.0,Betfair,1.36,2.88,Betfair,2.25,1.57,Betfair,4.5,1.17,Betfair,9.0,1.03,Betfair,2.55,1.45,Sportingbet.br,6.5,1.09,Sportingbet.br,4.8,1.15,Betano.br,1.08,1.22,2.75,Sportingbet.br,1.09,1.63,1.7,Sportingbet.br,1.09,1.47,1.93,Estrelabet,1.11,5.33,Betano.br,1.18,4.3,Betano.br,1.18,4.55,Betfair,2.2,15.0,81.0,3.75,5.0,14.0,23.0,18.0,13.0,Novibet,1.87,1.82,Novibet,2.09,1.63,Novibet,1.98,1.7,Betfair,6.5,Betfair,4.33,Betfair,13.0,Betfair,6.5,Betfair,4.5,Betfair,36.0,Betfair,7.5,Betfair,23.0,Betfair,21.0,Betfair,8.0,Betfair,201.0,Betfair,11.0,Betfair,101.0,Betfair,36.0,Betfair,101.0,,0,0,Novibet,4.5,1.2,Novibet,2.6,1.53,Estrelabet,1.7,1.95,Novibet,1.5,2.62,,0.0,0.0,,0.0,0.0,,0.0,0.0,,0.0,0.0,,0,0,Novibet,11.0,6.7,0.0,Novibet,4.95,4.25,0.0,Novibet,2.45,3.2,22.0,Novibet,1.08,6.7,2.5,Novibet,0.0,0.0,1.46,Novibet,0.0,0.0,1.13,,,,,,,,,,,,,,,,,,,,,,,,,,,,,,,,,,,,,,,,,,,,,,,,,4.0,5.0,,,,,,,,,,,,,,,,,,,,,,,,,,,,,,,,,,,,,,,,,,,,,,,,,,,,,,,,,,,,,,,,,,,1.0,2.0,,,,,,,,,,,,,,,,,,,,,,,,,,,,,,,,,,,,,,,,,,,,,,,,,,,,,,,,,,,,,,,,,,,3.0,3.0,,,,,,,,,,,,,,,,,,,Primera B,4dzRa7y9
MDLoBvxo,COLOMBIA,2024,COLOMBIA 2,COLOMBIA 2,04/10/2024,15:00,Round 9,Quindio,zms5B2Zr,Huila,xCqdiIm1,False,0,0,,,,,,[],[],,0.0,0.0,0.0,,0.0,0.0,0.0,,0.0,0.0,0.0,,0.0,0.0,,0.0,0.0,,0.0,0.0,,0.0,0.0,,0.0,0.0,,0.0,0.0,,0.0,0.0,,0.0,0.0,,0.0,0.0,,0.0,0.0,,0.0,0.0,,0.0,0.0,,0.0,0.0,,0.0,0.0,,0.0,0.0,0.0,,0.0,0.0,0.0,,0.0,0.0,0.0,,0.0,0.0,,0.0,0.0,,0.0,0.0,,0.0,0.0,0.0,0.0,0.0,0.0,0.0,0.0,0.0,,0.0,0.0,,0.0,0.0,,0.0,0.0,,0.0,,0.0,,0.0,,0.0,,0.0,,0.0,,0.0,,0.0,,0.0,,0.0,,0.0,,0.0,,0.0,,0.0,,0.0,,0,0,,0.0,0.0,,0.0,0.0,,0.0,0.0,,0.0,0.0,,0.0,0.0,,0.0,0.0,,0.0,0.0,,0.0,0.0,,0,0,,0.0,0.0,0.0,,0.0,0.0,0.0,,0.0,0.0,0.0,,0.0,0.0,0.0,,0.0,0.0,0.0,,0.0,0.0,0.0,,,,,,,,,,,,,,,,,,,,,,,,,,,,,,,,,,,,,,,,,,,,,,,,,,,,,,,,,,,,,,,,,,,,,,,,,,,,,,,,,,,,,,,,,,,,,,,,,,,,,,,,,,,,,,,,,,,,,,,,,,,,,,,,,,,,,,,,,,,,,,,,,,,,,,,,,,,,,,,,,,,,,,,,,,,,,,,,,,,,,,,,,,,,,,,,,,,,,,,,,,,,,Primera B,4dzRa7y9
A5zXTP6U,COLOMBIA,2024,COLOMBIA 2,COLOMBIA 2,22/10/2024,23:00,Round 16,Bogota,foERz7de,Orsomarso,ET6jTFPs,False,2,3,,,,,,"[11, 18]","[44, 60, 90]",Betfair,3.75,1.91,3.0,Betano.br,3.8,2.32,2.47,Betfair,3.1,3.1,2.1,Sportingbet.br,1.46,2.5,Sportingbet.br,3.1,1.32,,0.0,0.0,Sportingbet.br,1.33,3.0,Sportingbet.br,2.5,1.46,,0.0,0.0,Betfair,1.07,7.0,Betfair,1.4,2.75,Betfair,2.4,1.5,Betfair,4.8,1.14,Betfair,9.0,1.03,Betfair,1.95,1.73,Sportingbet.br,5.0,1.15,Sportingbet.br,4.0,1.21,Betano.br,1.72,1.31,1.3,Sportingbet.br,1.39,1.72,1.22,Sportingbet.br,1.46,1.58,1.24,Betano.br,2.35,1.47,Betano.br,2.27,1.57,Betano.br,2.37,1.55,Betfair,5.5,13.0,26.0,7.0,4.2,5.5,34.0,13.0,3.75,Estrelabet,1.9,1.8,,0.0,0.0,,0.0,0.0,Betfair,6.0,Betfair,7.0,Betfair,6.0,Betfair,5.0,Betfair,12.0,Betfair,8.5,Betfair,9.5,Betfair,8.0,Betfair,13.0,Betfair,31.0,Betfair,17.0,Betfair,23.0,Betfair,17.0,Betfair,36.0,Betfair,31.0,,0,0,,0.0,0.0,,0.0,0.0,,0.0,0.0,Novibet,2.88,1.42,Estrelabet,1.6,2.1,Novibet,1.33,3.0,Novibet,1.2,4.33,,0.0,0.0,,0,0,Novibet,0.0,0.0,23.0,Novibet,21.0,8.1,10.25,,0.0,0.0,0.0,,0.0,0.0,0.0,Novibet,1.17,5.8,1.05,Novibet,1.02,9.7,0.0,,,,,,,,,,,,,,,,,,,,,,,,,,,,,,,,,,,,,,,,,,,,,,,,,5.0,4.0,1.0,1.0,,,,,,,,,,,,,,,,,,,,,,,,,,,,,,,,,,,,,,,,,,,,,,,,,,,,,,,,,,,,,,,,,2.0,1.0,,,,,,,,,,,,,,,,,,,,,,,,,,,,,,,,,,,,,,,,,,,,,,,,,,,,,,,,,,,,,,,,,,,3.0,3.0,1.0,1.0,,,,,,,,,,,,,,,,,Primera B,4dzRa7y9
29GBrO5c,COLOMBIA,2024,COLOMBIA 2,COLOMBIA 2,23/11/2024,21:00,Round 6,Llaneros,KzwFLhIU,Quindio,zms5B2Zr,False,4,2,,,,,,"[5, 25, 73, 90]","[68, 88]",Betfair,1.67,2.4,10.0,Betano.br,1.57,2.9,8.25,Betfair,1.17,5.0,12.0,Sportingbet.br,1.34,3.0,Estrelabet,2.66,1.36,Sportingbet.br,6.5,1.09,Sportingbet.br,1.21,4.0,Betano.br,2.0,1.7,Sportingbet.br,4.2,1.19,Betfair,1.01,11.0,Betfair,1.22,3.8,Betfair,1.8,1.91,Betfair,3.2,1.3,Betfair,6.5,1.08,Betfair,2.5,1.44,Sportingbet.br,6.25,1.1,Sportingbet.br,4.6,1.17,Sportingbet.br,1.05,1.14,3.6,Sportingbet.br,1.06,1.47,2.0,Sportingbet.br,1.06,1.35,2.3,Estrelabet,1.06,7.0,Betano.br,1.19,3.95,Betano.br,1.13,5.4,Betfair,1.73,20.0,101.0,3.6,7.5,21.0,21.0,23.0,20.0,Sportingbet.br,1.82,1.87,Sportingbet.br,1.98,1.71,,0.0,0.0,Betfair,10.0,Betfair,5.0,Betfair,23.0,Betfair,9.0,Betfair,4.5,Betfair,71.0,Betfair,7.5,Betfair,36.0,Betfair,23.0,Betfair,6.0,Betfair,201.0,Betfair,9.5,Betfair,151.0,Betfair,31.0,Betfair,151.0,,0,0,,0.0,0.0,Betano.br,1.87,1.83,Betano.br,1.75,1.98,,0.0,0.0,,0.0,0.0,,0.0,0.0,,0.0,0.0,,0.0,0.0,,0,0,,0.0,0.0,0.0,,0.0,0.0,0.0,Betano.br,1.88,3.5,0.0,Betano.br,0.0,0.0,3.4,,0.0,0.0,0.0,,0.0,0.0,0.0,,,,,,,,,,,,,,,,,,,,,,,,,,,,,,,,,,,,,,,,,,,,,,,,,3.0,2.0,,,,,,,,,,,,,,,,,,,,,,,,,,,,,,,,,,,,,,,,,,,,,,,,,,,,,,,,,,,,,,,,,,,1.0,0.0,,,,,,,,,,,,,,,,,,,,,,,,,,,,,,,,,,,,,,,,,,,,,,,,,,,,,,,,,,,,,,,,,,,2.0,2.0,,,,,,,,,,,,,,,,,,,Primera B,4dzRa7y9
fJDnSHfn,COLOMBIA,2024,COLOMBIA 2,COLOMBIA 2,02/10/2024,20:00,Round 4,Leones,IZmBcNVO,Inter Palmira,8tIHbqDh,False,2,0,,,,,,[],[],,0.0,0.0,0.0,,0.0,0.0,0.0,,0.0,0.0,0.0,,0.0,0.0,,0.0,0.0,,0.0,0.0,,0.0,0.0,,0.0,0.0,,0.0,0.0,,0.0,0.0,,0.0,0.0,,0.0,0.0,,0.0,0.0,,0.0,0.0,,0.0,0.0,,0.0,0.0,,0.0,0.0,,0.0,0.0,0.0,,0.0,0.0,0.0,,0.0,0.0,0.0,,0.0,0.0,,0.0,0.0,,0.0,0.0,,0.0,0.0,0.0,0.0,0.0,0.0,0.0,0.0,0.0,,0.0,0.0,,0.0,0.0,,0.0,0.0,,0.0,,0.0,,0.0,,0.0,,0.0,,0.0,,0.0,,0.0,,0.0,,0.0,,0.0,,0.0,,0.0,,0.0,,0.0,,0,0,,0.0,0.0,,0.0,0.0,,0.0,0.0,,0.0,0.0,,0.0,0.0,,0.0,0.0,,0.0,0.0,,0.0,0.0,,0,0,,0.0,0.0,0.0,,0.0,0.0,0.0,,0.0,0.0,0.0,,0.0,0.0,0.0,,0.0,0.0,0.0,,0.0,0.0,0.0,,,,,,,,,,,,,,,,,,,,,,,,,,,,,,,,,,,,,,,,,,,,,,,,,,,,,,,,,,,,,,,,,,,,,,,,,,,,,,,,,,,,,,,,,,,,,,,,,,,,,,,,,,,,,,,,,,,,,,,,,,,,,,,,,,,,,,,,,,,,,,,,,,,,,,,,,,,,,,,,,,,,,,,,,,,,,,,,,,,,,,,,,,,,,,,,,,,,,,,,,,,,,Primera B,4dzRa7y9
WKY2T3pL,COLOMBIA,2024,COLOMBIA 2,COLOMBIA 2,12/11/2024,23:00,Round 4,U. Magdalena,tpLItk4L,Huila,xCqdiIm1,False,2,0,,,,,,"[12, 53]",[],Betfair,2.6,1.91,5.0,Betano.br,2.32,2.3,4.3,Betfair,1.85,3.0,4.2,Estrelabet,1.5,2.3,,0.0,0.0,,0.0,0.0,,0.0,0.0,,0.0,0.0,,0.0,0.0,Betfair,1.07,7.0,Betfair,1.45,2.55,Betfair,2.55,1.45,Betfair,5.2,1.13,Betfair,11.0,1.01,Betfair,2.2,1.6,,0.0,0.0,,0.0,0.0,Betano.br,1.21,1.33,1.8,Betano.br,1.17,1.72,1.4,,0.0,0.0,0.0,Estrelabet,1.33,3.0,Betano.br,1.45,2.55,Betano.br,1.44,2.65,Betfair,3.1,13.0,51.0,4.5,4.2,9.0,26.0,14.0,7.5,Estrelabet,1.9,1.8,,0.0,0.0,,0.0,0.0,Betfair,5.5,Betfair,4.5,Betfair,8.5,Betfair,5.5,Betfair,6.5,Betfair,17.0,Betfair,7.5,Betfair,13.0,Betfair,15.0,Betfair,13.0,Betfair,51.0,Betfair,14.0,Betfair,41.0,Betfair,34.0,Betfair,61.0,,0,0,,0.0,0.0,Novibet,4.0,1.22,Novibet,2.88,1.42,Estrelabet,1.8,1.85,Novibet,1.25,3.75,,0.0,0.0,,0.0,0.0,,0.0,0.0,,0,0,,0.0,0.0,0.0,,0.0,0.0,0.0,,0.0,0.0,0.0,,0.0,0.0,0.0,,0.0,0.0,0.0,,0.0,0.0,0.0,,,,,,,,,,,,,,,,,,,,,,,,,,,,,,,,,,,,,,,,,,,,,,,,,2.0,4.0,,,,,,,,,,,,,,,,,,,,,,,,,,,,,,,,,,,,,,,,,,,,,,,,,,,,,,,,,,,,,,,,,,,1.0,3.0,,,,,,,,,,,,,,,,,,,,,,,,,,,,,,,,,,,,,,,,,,,,,,,,,,,,,,,,,,,,,,,,,,,1.0,1.0,,,,,,,,,,,,,,,,,,,Primera B,4dzRa7y9
WxjbbMtB,COLOMBIA,2024,COLOMBIA 2,COLOMBIA 2,30/10/2024,21:00,Round 1,Quindio,zms5B2Zr,Llaneros,KzwFLhIU,False,0,3,,,,,,[],"[45, 63, 90]",Betfair,3.4,1.91,3.3,Betano.br,3.15,2.32,2.85,Betfair,2.7,3.1,2.4,Sportingbet.br,1.49,2.45,Sportingbet.br,3.25,1.29,,0.0,0.0,,0.0,0.0,,0.0,0.0,,0.0,0.0,Betfair,1.06,7.5,Betfair,1.36,2.88,Betfair,2.25,1.57,Betfair,4.0,1.2,Betfair,9.0,1.03,Betfair,1.91,1.8,Sportingbet.br,5.25,1.14,Sportingbet.br,3.75,1.23,Betano.br,1.52,1.33,1.4,Sportingbet.br,1.32,1.73,1.27,Sportingbet.br,1.38,1.57,1.31,Estrelabet,2.05,1.7,Betano.br,1.95,1.75,Betano.br,1.98,1.78,Betfair,4.5,13.0,26.0,6.0,4.2,6.0,31.0,12.0,4.33,Estrelabet,1.9,1.8,,0.0,0.0,,0.0,0.0,Betfair,6.5,Betfair,6.5,Betfair,6.5,Betfair,5.0,Betfair,10.0,Betfair,9.5,Betfair,9.0,Betfair,8.5,Betfair,12.0,Betfair,26.0,Betfair,23.0,Betfair,20.0,Betfair,18.0,Betfair,34.0,Betfair,31.0,,0,0,,0.0,0.0,,0.0,0.0,,0.0,0.0,,0.0,0.0,Estrelabet,1.5,2.3,,0.0,0.0,,0.0,0.0,,0.0,0.0,,0,0,,0.0,0.0,0.0,,0.0,0.0,0.0,,0.0,0.0,0.0,,0.0,0.0,0.0,,0.0,0.0,0.0,,0.0,0.0,0.0,,,,,,,,,,,,,,,,,,,,,,,,,,,,,,,,,,,,,,,,,,,,,,,,,2.0,2.0,,,,,,,,,,,,,,,,,,,,,,,,,,,,,,,,,,,,,,,,,,,,,,,,,,,,,,,,,,,,,,,,,,,,,,,,,,,,,,,,,,,,,,,,,,,,,,,,,,,,,,,,,,,,,,,,,,,,,,,,,,,,,,,,,,,,,,,2.0,2.0,,,,,,,,,,,,,,,,,,,Primera B,4dzRa7y9
joawVe4S,COLOMBIA,2024,COLOMBIA 2,COLOMBIA 2,08/11/2024,23:00,Round 3,Huila,xCqdiIm1,U. Magdalena,tpLItk4L,False,0,0,,,,,,[],[],Betfair,3.1,1.83,4.0,Novibet,2.85,2.1,3.4,Betfair,2.25,2.88,3.2,Novibet,1.57,2.25,Novibet,3.75,1.25,Novibet,11.0,1.05,Novibet,1.38,2.88,Novibet,2.62,1.42,Novibet,7.0,1.1,Betfair,1.07,7.0,Betfair,1.44,2.6,Betfair,2.4,1.5,Betfair,4.8,1.14,Betfair,10.0,1.02,Betfair,2.1,1.65,Novibet,5.25,1.11,Novibet,3.9,1.19,Betano.br,1.32,1.35,1.55,Novibet,1.25,1.83,1.3,Novibet,1.29,1.62,1.36,Novibet,1.66,2.08,Novibet,1.71,2.05,Novibet,1.71,2.05,Betfair,3.75,13.0,36.0,5.0,4.0,7.0,26.0,13.0,5.5,Estrelabet,1.9,1.8,Novibet,2.15,1.59,Novibet,2.02,1.67,Betfair,5.5,Betfair,5.5,Betfair,7.0,Betfair,5.0,Betfair,8.0,Betfair,12.0,Betfair,8.0,Betfair,10.0,Betfair,13.0,Betfair,18.0,Betfair,34.0,Betfair,17.0,Betfair,26.0,Betfair,36.0,Betfair,41.0,,0,0,,0.0,0.0,,0.0,0.0,,0.0,0.0,Novibet,2.4,1.57,,0.0,0.0,,0.0,0.0,,0.0,0.0,,0.0,0.0,,0,0,,0.0,0.0,0.0,Novibet,13.25,6.5,19.5,Novibet,5.3,3.7,7.4,Novibet,1.33,4.2,1.51,Novibet,1.06,7.7,1.12,,0.0,0.0,0.0,,,,,,,,,,,,,,,,,,,,,,,,,,,,,,,,,,,,,,,,,,,,,,,,,2.0,4.0,0.0,1.0,,,,,,,,,,,,,,,,,,,,,,,,,,,,,,,,,,,,,,,,,,,,,,,,,,,,,,,,,,,,,,,,,1.0,2.0,0.0,1.0,,,,,,,,,,,,,,,,,,,,,,,,,,,,,,,,,,,,,,,,,,,,,,,,,,,,,,,,,,,,,,,,,1.0,2.0,,,,,,,,,,,,,,,,,,,Primera B,4dzRa7y9
S6YqEMAF,COLOMBIA,2024,COLOMBIA 2,COLOMBIA 2,29/09/2024,20:30,Round 13,Tigres,EcJJz8BQ,Atletico F.C.,jD7zZpR7,False,2,0,,,,,,[],[],,0.0,0.0,0.0,,0.0,0.0,0.0,,0.0,0.0,0.0,,0.0,0.0,,0.0,0.0,,0.0,0.0,,0.0,0.0,,0.0,0.0,,0.0,0.0,,0.0,0.0,,0.0,0.0,,0.0,0.0,,0.0,0.0,,0.0,0.0,,0.0,0.0,,0.0,0.0,,0.0,0.0,,0.0,0.0,0.0,,0.0,0.0,0.0,,0.0,0.0,0.0,,0.0,0.0,,0.0,0.0,,0.0,0.0,,0.0,0.0,0.0,0.0,0.0,0.0,0.0,0.0,0.0,,0.0,0.0,,0.0,0.0,,0.0,0.0,,0.0,,0.0,,0.0,,0.0,,0.0,,0.0,,0.0,,0.0,,0.0,,0.0,,0.0,,0.0,,0.0,,0.0,,0.0,,0,0,,0.0,0.0,,0.0,0.0,,0.0,0.0,,0.0,0.0,,0.0,0.0,,0.0,0.0,,0.0,0.0,,0.0,0.0,,0,0,,0.0,0.0,0.0,,0.0,0.0,0.0,,0.0,0.0,0.0,,0.0,0.0,0.0,,0.0,0.0,0.0,,0.0,0.0,0.0,,,,,,,,,,,,,,,,,,,,,,,,,,,,,,,,,,,,,,,,,,,,,,,,,,,,,,,,,,,,,,,,,,,,,,,,,,,,,,,,,,,,,,,,,,,,,,,,,,,,,,,,,,,,,,,,,,,,,,,,,,,,,,,,,,,,,,,,,,,,,,,,,,,,,,,,,,,,,,,,,,,,,,,,,,,,,,,,,,,,,,,,,,,,,,,,,,,,,,,,,,,,,Primera B,4dzRa7y9
YqDAaNeM,COLOMBIA,2024,COLOMBIA 2,COLOMBIA 2,28/09/2024,00:30,Round 13,Leones,IZmBcNVO,Bogota,foERz7de,False,1,1,,,,,,[],[],,0.0,0.0,0.0,,0.0,0.0,0.0,,0.0,0.0,0.0,,0.0,0.0,,0.0,0.0,,0.0,0.0,,0.0,0.0,,0.0,0.0,,0.0,0.0,,0.0,0.0,,0.0,0.0,,0.0,0.0,,0.0,0.0,,0.0,0.0,,0.0,0.0,,0.0,0.0,,0.0,0.0,,0.0,0.0,0.0,,0.0,0.0,0.0,,0.0,0.0,0.0,,0.0,0.0,,0.0,0.0,,0.0,0.0,,0.0,0.0,0.0,0.0,0.0,0.0,0.0,0.0,0.0,,0.0,0.0,,0.0,0.0,,0.0,0.0,,0.0,,0.0,,0.0,,0.0,,0.0,,0.0,,0.0,,0.0,,0.0,,0.0,,0.0,,0.0,,0.0,,0.0,,0.0,,0,0,,0.0,0.0,,0.0,0.0,,0.0,0.0,,0.0,0.0,,0.0,0.0,,0.0,0.0,,0.0,0.0,,0.0,0.0,,0,0,,0.0,0.0,0.0,,0.0,0.0,0.0,,0.0,0.0,0.0,,0.0,0.0,0.0,,0.0,0.0,0.0,,0.0,0.0,0.0,,,,,,,,,,,,,,,,,,,,,,,,,,,,,,,,,,,,,,,,,,,,,,,,,,,,,,,,,,,,,,,,,,,,,,,,,,,,,,,,,,,,,,,,,,,,,,,,,,,,,,,,,,,,,,,,,,,,,,,,,,,,,,,,,,,,,,,,,,,,,,,,,,,,,,,,,,,,,,,,,,,,,,,,,,,,,,,,,,,,,,,,,,,,,,,,,,,,,,,,,,,,,Primera B,4dzRa7y9
SSLix85t,COLOMBIA,2024,COLOMBIA 2,COLOMBIA 2,18/11/2024,23:00,Round 5,Quindio,zms5B2Zr,Orsomarso,ET6jTFPs,False,0,2,,,,,,[],"[81, 90]",Betfair,3.1,1.83,4.2,Betano.br,2.7,2.18,3.7,Betfair,2.25,2.8,3.1,Sportingbet.br,1.6,2.2,Sportingbet.br,3.75,1.23,Sportingbet.br,11.0,1.04,Sportingbet.br,1.38,2.8,Sportingbet.br,2.7,1.4,Sportingbet.br,6.75,1.09,Betfair,1.08,6.5,Betfair,1.5,2.4,Betfair,2.75,1.4,Betfair,5.5,1.11,Betfair,11.0,1.01,Betfair,2.15,1.6,Sportingbet.br,6.0,1.11,Sportingbet.br,4.33,1.19,Sportingbet.br,1.3,1.38,1.58,Sportingbet.br,1.2,1.85,1.33,Sportingbet.br,1.24,1.63,1.41,Estrelabet,1.6,2.2,Betano.br,1.62,2.1,Betano.br,1.62,2.2,Betfair,3.75,13.0,36.0,5.0,3.75,7.0,26.0,13.0,5.5,Estrelabet,1.95,1.75,,0.0,0.0,,0.0,0.0,Betfair,5.0,Betfair,5.5,Betfair,6.5,Betfair,5.0,Betfair,8.0,Betfair,12.0,Betfair,8.5,Betfair,11.0,Betfair,15.0,Betfair,18.0,Betfair,36.0,Betfair,19.0,Betfair,26.0,Betfair,36.0,Betfair,51.0,,0,0,,0.0,0.0,Novibet,3.6,1.25,Novibet,3.0,1.36,Estrelabet,2.2,1.55,Novibet,1.2,4.33,,0.0,0.0,,0.0,0.0,,0.0,0.0,,0,0,,0.0,0.0,0.0,Novibet,0.0,0.0,21.0,Betano.br,5.0,3.6,0.0,Betano.br,0.0,0.0,1.57,Novibet,1.06,7.8,0.0,,0.0,0.0,0.0,,,,,,,,,,,,,,,,,,,,,,,,,,,,,,,,,,,,,,,,,,,,,,,,,2.0,3.0,,,,,,,,,,,,,,,,,,,,,,,,,,,,,,,,,,,,,,,,,,,,,,,,,,,,,,,,,,,,,,,,,,,1.0,2.0,,,,,,,,,,,,,,,,,,,,,,,,,,,,,,,,,,,,,,,,,,,,,,,,,,,,,,,,,,,,,,,,,,,1.0,1.0,,,,,,,,,,,,,,,,,,,Primera B,4dzRa7y9
tOgbZJSq,COLOMBIA,2024,COLOMBIA 2,COLOMBIA 2,23/11/2024,21:00,Round 6,Huila,xCqdiIm1,Cucuta,zs0leK3r,False,3,3,,,,,,"[7, 45, 82]","[40, 60, 84, 90]",Betfair,2.8,1.91,4.2,Betano.br,2.67,2.25,3.55,Betfair,2.0,3.75,2.75,Sportingbet.br,1.47,2.5,Novibet,3.35,1.27,Novibet,9.5,1.06,Novibet,1.3,3.25,Betano.br,2.5,1.45,Novibet,6.0,1.13,Betfair,1.06,7.5,Betfair,1.36,2.88,Betfair,2.25,1.57,Betfair,4.5,1.17,Betfair,9.0,1.03,Betfair,1.95,1.73,Sportingbet.br,5.25,1.14,Sportingbet.br,3.9,1.22,Betano.br,1.35,1.3,1.65,Novibet,1.3,1.73,1.29,Sportingbet.br,1.26,1.57,1.44,Estrelabet,1.6,2.2,Betano.br,1.62,2.1,Betano.br,1.65,2.15,Betfair,3.5,12.0,36.0,5.0,4.2,8.0,26.0,13.0,6.0,Betano.br,1.87,1.83,Sportingbet.br,2.1,1.63,Novibet,1.95,1.72,Betfair,6.0,Betfair,5.5,Betfair,8.0,Betfair,5.0,Betfair,7.5,Betfair,14.0,Betfair,7.5,Betfair,10.0,Betfair,12.0,Betfair,15.0,Betfair,41.0,Betfair,15.0,Betfair,26.0,Betfair,31.0,Betfair,41.0,,0,0,,0.0,0.0,,0.0,0.0,Novibet,4.5,1.18,Novibet,2.62,1.45,Novibet,1.53,2.5,Novibet,1.14,5.5,,0.0,0.0,,0.0,0.0,,0,0,,0.0,0.0,0.0,Novibet,14.5,6.8,13.25,Novibet,4.55,3.7,6.8,Novibet,1.34,4.3,1.58,Novibet,1.12,6.5,1.1,,0.0,0.0,0.0,,,,,,,,,,,,,,,,,,,,,,,,,,,,,,,,,,,,,,,,,,,,,,,,,2.0,5.0,0.0,1.0,,,,,,,,,,,,,,,,,,,,,,,,,,,,,,,,,,,,,,,,,,,,,,,,,,,,,,,,,,,,,,,,,1.0,2.0,,,,,,,,,,,,,,,,,,,,,,,,,,,,,,,,,,,,,,,,,,,,,,,,,,,,,,,,,,,,,,,,,,,1.0,3.0,0.0,1.0,,,,,,,,,,,,,,,,,Primera B,4dzRa7y9
tGJSl6s4,COLOMBIA,2024,COLOMBIA 2,COLOMBIA 2,24/09/2024,20:30,Round 12,Orsomarso,ET6jTFPs,Llaneros,KzwFLhIU,False,0,3,,,,,,[],[],,0.0,0.0,0.0,,0.0,0.0,0.0,,0.0,0.0,0.0,,0.0,0.0,,0.0,0.0,,0.0,0.0,,0.0,0.0,,0.0,0.0,,0.0,0.0,,0.0,0.0,,0.0,0.0,,0.0,0.0,,0.0,0.0,,0.0,0.0,,0.0,0.0,,0.0,0.0,,0.0,0.0,,0.0,0.0,0.0,,0.0,0.0,0.0,,0.0,0.0,0.0,,0.0,0.0,,0.0,0.0,,0.0,0.0,,0.0,0.0,0.0,0.0,0.0,0.0,0.0,0.0,0.0,,0.0,0.0,,0.0,0.0,,0.0,0.0,,0.0,,0.0,,0.0,,0.0,,0.0,,0.0,,0.0,,0.0,,0.0,,0.0,,0.0,,0.0,,0.0,,0.0,,0.0,,0,0,,0.0,0.0,,0.0,0.0,,0.0,0.0,,0.0,0.0,,0.0,0.0,,0.0,0.0,,0.0,0.0,,0.0,0.0,,0,0,,0.0,0.0,0.0,,0.0,0.0,0.0,,0.0,0.0,0.0,,0.0,0.0,0.0,,0.0,0.0,0.0,,0.0,0.0,0.0,,,,,,,,,,,,,,,,,,,,,,,,,,,,,,,,,,,,,,,,,,,,,,,,,,,,,,,,,,,,,,,,,,,,,,,,,,,,,,,,,,,,,,,,,,,,,,,,,,,,,,,,,,,,,,,,,,,,,,,,,,,,,,,,,,,,,,,,,,,,,,,,,,,,,,,,,,,,,,,,,,,,,,,,,,,,,,,,,,,,,,,,,,,,,,,,,,,,,,,,,,,,,Primera B,4dzRa7y9
CWy0yj8t,COLOMBIA,2024,COLOMBIA 2,COLOMBIA 2,14/10/2024,20:30,Round 15,Orsomarso,ET6jTFPs,Cartagena,6eofBSjQ,False,1,0,,,,,,[52],[],Betfair,4.5,1.91,2.8,Betano.br,4.1,2.22,2.45,Betfair,3.7,2.9,1.95,Sportingbet.br,1.57,2.25,Sportingbet.br,3.6,1.24,,0.0,0.0,Sportingbet.br,1.32,3.1,Sportingbet.br,2.45,1.49,,0.0,0.0,Betfair,1.07,7.0,Betfair,1.45,2.55,Betfair,2.55,1.45,Betfair,5.2,1.13,Betfair,11.0,1.01,Betfair,2.15,1.6,Sportingbet.br,6.0,1.11,Sportingbet.br,3.9,1.22,Betano.br,1.72,1.35,1.25,Sportingbet.br,1.38,1.82,1.18,Sportingbet.br,1.5,1.57,1.22,Estrelabet,2.54,1.45,Betano.br,2.37,1.52,Betano.br,2.5,1.5,Betfair,6.5,13.0,26.0,8.0,4.0,5.0,41.0,13.0,3.4,Estrelabet,1.95,1.75,,0.0,0.0,,0.0,0.0,Betfair,5.5,Betfair,7.5,Betfair,5.0,Betfair,5.0,Betfair,15.0,Betfair,7.5,Betfair,11.0,Betfair,7.5,Betfair,15.0,Betfair,41.0,Betfair,15.0,Betfair,36.0,Betfair,15.0,Betfair,46.0,Betfair,34.0,,0,0,,0.0,0.0,,0.0,0.0,,0.0,0.0,,0.0,0.0,Betano.br,1.7,1.91,,0.0,0.0,,0.0,0.0,,0.0,0.0,,0,0,,0.0,0.0,0.0,,0.0,0.0,0.0,,0.0,0.0,0.0,,0.0,0.0,0.0,,0.0,0.0,0.0,,0.0,0.0,0.0,,,,,,,,,,,,,,,,,,,,,,,,,,,,,,,,,,,,,,,,,,,,,,,,,2.0,1.0,,,,,,,,,,,,,,,,,,,,,,,,,,,,,,,,,,,,,,,,,,,,,,,,,,,,,,,,,,,,,,,,,,,1.0,0.0,,,,,,,,,,,,,,,,,,,,,,,,,,,,,,,,,,,,,,,,,,,,,,,,,,,,,,,,,,,,,,,,,,,1.0,1.0,,,,,,,,,,,,,,,,,,,Primera B,4dzRa7y9
pSO21O9C,COLOMBIA,2024,COLOMBIA 2,COLOMBIA 2,22/09/2024,20:30,Round 12,Bogota,foERz7de,Real Cundinamarca,ze01M68P,False,2,2,,,,,,[],[],,0.0,0.0,0.0,,0.0,0.0,0.0,,0.0,0.0,0.0,,0.0,0.0,,0.0,0.0,,0.0,0.0,,0.0,0.0,,0.0,0.0,,0.0,0.0,,0.0,0.0,,0.0,0.0,,0.0,0.0,,0.0,0.0,,0.0,0.0,,0.0,0.0,,0.0,0.0,,0.0,0.0,,0.0,0.0,0.0,,0.0,0.0,0.0,,0.0,0.0,0.0,,0.0,0.0,,0.0,0.0,,0.0,0.0,,0.0,0.0,0.0,0.0,0.0,0.0,0.0,0.0,0.0,,0.0,0.0,,0.0,0.0,,0.0,0.0,,0.0,,0.0,,0.0,,0.0,,0.0,,0.0,,0.0,,0.0,,0.0,,0.0,,0.0,,0.0,,0.0,,0.0,,0.0,,0,0,,0.0,0.0,,0.0,0.0,,0.0,0.0,,0.0,0.0,,0.0,0.0,,0.0,0.0,,0.0,0.0,,0.0,0.0,,0,0,,0.0,0.0,0.0,,0.0,0.0,0.0,,0.0,0.0,0.0,,0.0,0.0,0.0,,0.0,0.0,0.0,,0.0,0.0,0.0,,,,,,,,,,,,,,,,,,,,,,,,,,,,,,,,,,,,,,,,,,,,,,,,,,,,,,,,,,,,,,,,,,,,,,,,,,,,,,,,,,,,,,,,,,,,,,,,,,,,,,,,,,,,,,,,,,,,,,,,,,,,,,,,,,,,,,,,,,,,,,,,,,,,,,,,,,,,,,,,,,,,,,,,,,,,,,,,,,,,,,,,,,,,,,,,,,,,,,,,,,,,,Primera B,4dzRa7y9
GzwzKQkC,COLOMBIA,2024,COLOMBIA 2,COLOMBIA 2,18/11/2024,21:00,Round 5,Real Cundinamarca,ze01M68P,Huila,xCqdiIm1,False,1,0,,,,,,[60],[],Betfair,2.8,1.91,4.2,Betano.br,2.65,2.25,3.65,Betfair,2.0,3.0,3.4,Sportingbet.br,1.49,2.4,Novibet,3.5,1.3,Novibet,10.0,1.06,Novibet,1.33,3.0,Sportingbet.br,2.55,1.44,Novibet,6.0,1.12,Betfair,1.06,7.5,Betfair,1.36,2.88,Betfair,2.25,1.57,Betfair,4.0,1.2,Betfair,8.0,1.05,Betfair,1.87,1.8,Novibet,4.9,1.12,Novibet,3.65,1.22,Novibet,1.25,1.36,1.67,Novibet,1.25,1.73,1.3,Sportingbet.br,1.24,1.6,1.44,Novibet,1.46,2.5,Betano.br,1.6,2.15,Betano.br,1.62,2.22,Betfair,3.5,13.0,31.0,5.0,4.33,7.5,23.0,13.0,6.0,Betano.br,1.9,1.82,Novibet,2.1,1.61,Novibet,2.0,1.68,Betfair,6.5,Betfair,5.5,Betfair,8.0,Betfair,5.0,Betfair,7.5,Betfair,13.0,Betfair,7.5,Betfair,10.0,Betfair,12.0,Betfair,17.0,Betfair,36.0,Betfair,14.0,Betfair,23.0,Betfair,26.0,Betfair,36.0,,0,0,,0.0,0.0,,0.0,0.0,Novibet,4.5,1.2,Novibet,2.5,1.56,Novibet,1.36,3.0,Novibet,1.12,6.0,,0.0,0.0,,0.0,0.0,,0,0,,0.0,0.0,0.0,Novibet,13.0,6.5,17.75,Novibet,4.2,3.55,9.4,Novibet,1.24,4.7,1.66,Novibet,1.07,7.6,1.12,,0.0,0.0,0.0,,,,,,,,,,,,,,,,,,,,,,,,,,,,,,,,,,,,,,,,,,,,,,,,,1.0,2.0,,,,,,,,,,,,,,,,,,,,,,,,,,,,,,,,,,,,,,,,,,,,,,,,,,,,,,,,,,,,,,,,,,,1.0,0.0,,,,,,,,,,,,,,,,,,,,,,,,,,,,,,,,,,,,,,,,,,,,,,,,,,,,,,,,,,,,,,,,,,,0.0,2.0,,,,,,,,,,,,,,,,,,,Primera B,4dzRa7y9
82LKjSCi,COLOMBIA,2024,COLOMBIA 2,COLOMBIA 2,22/09/2024,20:30,Round 12,Quindio,zms5B2Zr,Atletico F.C.,jD7zZpR7,False,2,2,,,,,,[],[],,0.0,0.0,0.0,,0.0,0.0,0.0,,0.0,0.0,0.0,,0.0,0.0,,0.0,0.0,,0.0,0.0,,0.0,0.0,,0.0,0.0,,0.0,0.0,,0.0,0.0,,0.0,0.0,,0.0,0.0,,0.0,0.0,,0.0,0.0,,0.0,0.0,,0.0,0.0,,0.0,0.0,,0.0,0.0,0.0,,0.0,0.0,0.0,,0.0,0.0,0.0,,0.0,0.0,,0.0,0.0,,0.0,0.0,,0.0,0.0,0.0,0.0,0.0,0.0,0.0,0.0,0.0,,0.0,0.0,,0.0,0.0,,0.0,0.0,,0.0,,0.0,,0.0,,0.0,,0.0,,0.0,,0.0,,0.0,,0.0,,0.0,,0.0,,0.0,,0.0,,0.0,,0.0,,0,0,,0.0,0.0,,0.0,0.0,,0.0,0.0,,0.0,0.0,,0.0,0.0,,0.0,0.0,,0.0,0.0,,0.0,0.0,,0,0,,0.0,0.0,0.0,,0.0,0.0,0.0,,0.0,0.0,0.0,,0.0,0.0,0.0,,0.0,0.0,0.0,,0.0,0.0,0.0,,,,,,,,,,,,,,,,,,,,,,,,,,,,,,,,,,,,,,,,,,,,,,,,,,,,,,,,,,,,,,,,,,,,,,,,,,,,,,,,,,,,,,,,,,,,,,,,,,,,,,,,,,,,,,,,,,,,,,,,,,,,,,,,,,,,,,,,,,,,,,,,,,,,,,,,,,,,,,,,,,,,,,,,,,,,,,,,,,,,,,,,,,,,,,,,,,,,,,,,,,,,,Primera B,4dzRa7y9
rZjwx8t1,COLOMBIA,2024,COLOMBIA 2,COLOMBIA 2,17/09/2024,20:30,Round 11,Atletico F.C.,jD7zZpR7,U. Magdalena,tpLItk4L,False,0,2,,,,,,[],[],,0.0,0.0,0.0,,0.0,0.0,0.0,,0.0,0.0,0.0,,0.0,0.0,,0.0,0.0,,0.0,0.0,,0.0,0.0,,0.0,0.0,,0.0,0.0,,0.0,0.0,,0.0,0.0,,0.0,0.0,,0.0,0.0,,0.0,0.0,,0.0,0.0,,0.0,0.0,,0.0,0.0,,0.0,0.0,0.0,,0.0,0.0,0.0,,0.0,0.0,0.0,,0.0,0.0,,0.0,0.0,,0.0,0.0,,0.0,0.0,0.0,0.0,0.0,0.0,0.0,0.0,0.0,,0.0,0.0,,0.0,0.0,,0.0,0.0,,0.0,,0.0,,0.0,,0.0,,0.0,,0.0,,0.0,,0.0,,0.0,,0.0,,0.0,,0.0,,0.0,,0.0,,0.0,,0,0,,0.0,0.0,,0.0,0.0,,0.0,0.0,,0.0,0.0,,0.0,0.0,,0.0,0.0,,0.0,0.0,,0.0,0.0,,0,0,,0.0,0.0,0.0,,0.0,0.0,0.0,,0.0,0.0,0.0,,0.0,0.0,0.0,,0.0,0.0,0.0,,0.0,0.0,0.0,,,,,,,,,,,,,,,,,,,,,,,,,,,,,,,,,,,,,,,,,,,,,,,,,,,,,,,,,,,,,,,,,,,,,,,,,,,,,,,,,,,,,,,,,,,,,,,,,,,,,,,,,,,,,,,,,,,,,,,,,,,,,,,,,,,,,,,,,,,,,,,,,,,,,,,,,,,,,,,,,,,,,,,,,,,,,,,,,,,,,,,,,,,,,,,,,,,,,,,,,,,,,Primera B,4dzRa7y9
SKDISLP8,COLOMBIA,2024,COLOMBIA 2,COLOMBIA 2,08/10/2024,20:30,Round 14,Quindio,zms5B2Zr,Boca Juniors,6yoKBtoR,False,3,1,,,,,,"[24, 31, 76]",[11],Betfair,2.3,2.0,5.5,Betano.br,2.0,2.45,5.2,Betfair,1.6,3.3,5.0,Sportingbet.br,1.47,2.45,Sportingbet.br,3.2,1.3,,0.0,0.0,Sportingbet.br,1.31,3.2,Sportingbet.br,2.4,1.49,,0.0,0.0,Betfair,1.06,7.5,Betfair,1.36,2.88,Betfair,2.25,1.57,Betfair,4.5,1.17,Betfair,9.0,1.03,Betfair,2.15,1.6,Sportingbet.br,5.75,1.12,Sportingbet.br,4.2,1.19,Betano.br,1.14,1.26,2.2,Sportingbet.br,1.14,1.68,1.55,Sportingbet.br,1.15,1.52,1.68,Betano.br,1.22,3.45,Betano.br,1.3,3.2,Betano.br,1.3,3.3,Betfair,2.63,13.0,51.0,4.2,4.5,11.0,21.0,14.0,9.0,Betano.br,1.85,1.8,,0.0,0.0,,0.0,0.0,Betfair,6.5,Betfair,4.5,Betfair,10.0,Betfair,6.0,Betfair,6.0,Betfair,23.0,Betfair,7.0,Betfair,14.0,Betfair,15.0,Betfair,10.0,Betfair,81.0,Betfair,13.0,Betfair,51.0,Betfair,26.0,Betfair,61.0,,0,0,,0.0,0.0,,0.0,0.0,,0.0,0.0,,0.0,0.0,,0.0,0.0,,0.0,0.0,,0.0,0.0,,0.0,0.0,,0,0,,0.0,0.0,0.0,,0.0,0.0,0.0,,0.0,0.0,0.0,,0.0,0.0,0.0,,0.0,0.0,0.0,,0.0,0.0,0.0,,,,,,,,,,,,,,,,,,,,,,,,,,,,,,,,,,,,,,,,,,,,,,,,,2.0,1.0,,,,,,,,,,,,,,,,,,,,,,,,,,,,,,,,,,,,,,,,,,,,,,,,,,,,,,,,,,,,,,,,,,,0.0,1.0,,,,,,,,,,,,,,,,,,,,,,,,,,,,,,,,,,,,,,,,,,,,,,,,,,,,,,,,,,,,,,,,,,,2.0,0.0,,,,,,,,,,,,,,,,,,,Primera B,4dzRa7y9
x2XLCiDk,COLOMBIA,2024,COLOMBIA 2,COLOMBIA 2,09/10/2024,20:00,Round 9,Real Santander,nPIUdlJE,Cucuta,zs0leK3r,False,0,2,,,,,,[],"[22, 81]",Betfair,5.0,2.0,2.38,Betano.br,5.3,2.5,1.95,Betfair,4.6,3.3,1.7,Novibet,1.45,2.62,Novibet,3.0,1.33,Novibet,8.5,1.07,Novibet,1.3,3.5,Novibet,2.25,1.57,Novibet,5.5,1.15,Betfair,1.05,8.0,Betfair,1.33,3.0,Betfair,2.1,1.65,Betfair,4.0,1.2,Betfair,8.0,1.05,Betfair,1.95,1.75,Sportingbet.br,5.0,1.14,Sportingbet.br,3.8,1.22,Betano.br,2.22,1.26,1.14,Sportingbet.br,1.53,1.65,1.16,Sportingbet.br,1.66,1.5,1.17,Betano.br,3.55,1.21,Betano.br,3.15,1.31,Betano.br,3.35,1.3,Betfair,6.0,12.0,21.0,8.0,4.5,5.0,34.0,12.0,3.3,Estrelabet,1.9,1.8,Novibet,2.05,1.65,Novibet,1.95,1.73,Betfair,7.0,Betfair,9.5,Betfair,5.0,Betfair,5.5,Betfair,19.0,Betfair,6.5,Betfair,13.0,Betfair,6.5,Betfair,13.0,Betfair,61.0,Betfair,11.0,Betfair,36.0,Betfair,12.0,Betfair,51.0,Betfair,23.0,,0,0,,0.0,0.0,,0.0,0.0,,0.0,0.0,,0.0,0.0,Estrelabet,1.9,1.75,,0.0,0.0,,0.0,0.0,,0.0,0.0,,0,0,Novibet,0.0,0.0,14.0,Novibet,24.0,8.9,6.2,Novibet,12.0,5.6,2.95,Novibet,2.06,3.4,1.16,Novibet,1.33,4.7,1.03,Novibet,1.09,7.6,0.0,,,,,,,,,,,,,,,,,,,,,,,,,,,,,,,,,,,,,,,,,,,,,,,,,3.0,3.0,,,,,,,,,,,,,,,,,,,,,,,,,,,,,,,,,,,,,,,,,,,,,,,,,,,,,,,,,,,,,,,,,,,3.0,1.0,,,,,,,,,,,,,,,,,,,,,,,,,,,,,,,,,,,,,,,,,,,,,,,,,,,,,,,,,,,,,,,,,,,0.0,2.0,,,,,,,,,,,,,,,,,,,Primera B,4dzRa7y9
lbpEHeH7,COLOMBIA,2024,COLOMBIA 2,COLOMBIA 2,06/10/2024,21:45,Round 14,U. Magdalena,tpLItk4L,Leones,IZmBcNVO,False,2,1,,,,,,"[5, 71]",[24],Betfair,1.91,2.2,7.0,Betano.br,1.75,2.67,6.5,Betfair,1.36,4.0,7.5,Estrelabet,1.4,2.54,,0.0,0.0,,0.0,0.0,,0.0,0.0,,0.0,0.0,,0.0,0.0,Betfair,1.03,9.0,Betfair,1.29,3.3,Betfair,2.0,1.73,Betfair,3.8,1.22,Betfair,7.5,1.05,Betfair,2.2,1.6,,0.0,0.0,,0.0,0.0,Betano.br,1.1,1.2,2.75,Betano.br,1.11,1.55,1.65,,0.0,0.0,0.0,Estrelabet,1.14,5.0,Betano.br,1.21,3.9,Betano.br,1.2,4.25,Betfair,2.1,15.0,61.0,4.0,5.5,13.0,21.0,15.0,12.0,Betano.br,1.83,1.8,,0.0,0.0,,0.0,0.0,Betfair,8.0,Betfair,4.5,Betfair,13.0,Betfair,6.5,Betfair,5.0,Betfair,31.0,Betfair,6.5,Betfair,19.0,Betfair,17.0,Betfair,8.0,Betfair,101.0,Betfair,10.0,Betfair,71.0,Betfair,23.0,Betfair,81.0,,0,0,,0.0,0.0,,0.0,0.0,Estrelabet,1.7,1.95,,0.0,0.0,,0.0,0.0,,0.0,0.0,,0.0,0.0,,0.0,0.0,,0,0,,0.0,0.0,0.0,,0.0,0.0,0.0,,0.0,0.0,0.0,,0.0,0.0,0.0,,0.0,0.0,0.0,,0.0,0.0,0.0,,,,,,,,,,,,,,,,,,,,,,,,,,,,,,,,,,,,,,,,,,,,,,,,,1.0,1.0,1.0,0.0,,,,,,,,,,,,,,,,,,,,,,,,,,,,,,,,,,,,,,,,,,,,,,,,,,,,,,,,,,,,,,,,,,,,,,,,,,,,,,,,,,,,,,,,,,,,,,,,,,,,,,,,,,,,,,,,,,,,,,,,,,,,,,,,,,,,,1.0,1.0,1.0,0.0,,,,,,,,,,,,,,,,,Primera B,4dzRa7y9
Gpn6JHne,COLOMBIA,2024,COLOMBIA 2,COLOMBIA 2,06/10/2024,00:00,Round 14,Cartagena,6eofBSjQ,Barranquilla,O8ANu9JR,False,3,0,,,,,,"[28, 68, 90]",[],Betfair,2.0,2.1,6.5,Sportingbet.br,1.93,2.35,5.75,Betfair,1.44,3.7,6.0,Sportingbet.br,1.46,2.5,Sportingbet.br,2.95,1.34,,0.0,0.0,Sportingbet.br,1.32,3.1,Sportingbet.br,2.45,1.47,,0.0,0.0,Betfair,1.05,8.0,Betfair,1.33,3.0,Betfair,2.1,1.65,Betfair,4.0,1.2,Betfair,8.0,1.05,Betfair,2.15,1.6,Sportingbet.br,5.5,1.13,Sportingbet.br,4.5,1.17,Betano.br,1.13,1.25,2.3,Sportingbet.br,1.1,1.68,1.62,Sportingbet.br,1.11,1.52,1.77,Estrelabet,1.16,4.33,Betano.br,1.28,3.3,Betano.br,1.27,3.55,Betfair,2.3,14.0,56.0,4.0,5.0,12.0,20.0,15.0,11.0,Betano.br,1.85,1.78,,0.0,0.0,,0.0,0.0,Betfair,7.5,Betfair,4.5,Betfair,12.0,Betfair,6.5,Betfair,5.5,Betfair,26.0,Betfair,6.5,Betfair,17.0,Betfair,15.0,Betfair,8.5,Betfair,101.0,Betfair,11.0,Betfair,61.0,Betfair,26.0,Betfair,71.0,,0,0,,0.0,0.0,,0.0,0.0,Betano.br,1.9,1.72,,0.0,0.0,,0.0,0.0,,0.0,0.0,,0.0,0.0,,0.0,0.0,,0,0,,0.0,0.0,0.0,,0.0,0.0,0.0,,0.0,0.0,0.0,,0.0,0.0,0.0,,0.0,0.0,0.0,,0.0,0.0,0.0,,,,,,,,,,,,,,,,,,,,,,,,,,,,,,,,,,,,,,,,,,,,,,,,,2.0,3.0,,,,,,,,,,,,,,,,,,,,,,,,,,,,,,,,,,,,,,,,,,,,,,,,,,,,,,,,,,,,,,,,,,,1.0,1.0,,,,,,,,,,,,,,,,,,,,,,,,,,,,,,,,,,,,,,,,,,,,,,,,,,,,,,,,,,,,,,,,,,,1.0,2.0,,,,,,,,,,,,,,,,,,,Primera B,4dzRa7y9
Stkgua9E,COLOMBIA,2024,COLOMBIA 2,COLOMBIA 2,13/10/2024,22:30,Round 15,Huila,xCqdiIm1,Inter Palmira,8tIHbqDh,False,1,0,,,,,,[66],[],Betfair,2.63,1.91,4.5,Betano.br,2.47,2.3,3.85,Betfair,1.95,3.1,3.6,Sportingbet.br,1.51,2.37,Sportingbet.br,3.4,1.28,,0.0,0.0,Sportingbet.br,1.33,3.0,Sportingbet.br,2.5,1.46,,0.0,0.0,Betfair,1.06,7.5,Betfair,1.4,2.75,Betfair,2.25,1.57,Betfair,4.8,1.14,Betfair,9.0,1.03,Betfair,2.0,1.7,Sportingbet.br,5.5,1.13,Sportingbet.br,4.0,1.21,Betano.br,1.26,1.31,1.72,Sportingbet.br,1.2,1.77,1.39,Sportingbet.br,1.23,1.58,1.47,Betano.br,1.45,2.37,Betano.br,1.55,2.32,Betano.br,1.55,2.37,Betfair,3.25,13.0,41.0,5.0,4.33,8.0,23.0,13.0,6.5,Betano.br,1.85,1.8,,0.0,0.0,,0.0,0.0,Betfair,6.0,Betfair,5.0,Betfair,8.0,Betfair,5.0,Betfair,7.0,Betfair,15.0,Betfair,7.5,Betfair,11.0,Betfair,13.0,Betfair,14.0,Betfair,46.0,Betfair,15.0,Betfair,34.0,Betfair,26.0,Betfair,46.0,,0,0,,0.0,0.0,,0.0,0.0,,0.0,0.0,Betano.br,1.9,1.72,,0.0,0.0,,0.0,0.0,,0.0,0.0,,0.0,0.0,,0,0,,0.0,0.0,0.0,,0.0,0.0,0.0,,0.0,0.0,0.0,,0.0,0.0,0.0,,0.0,0.0,0.0,,0.0,0.0,0.0,,,,,,,,,,,,,,,,,,,,,,,,,,,,,,,,,,,,,,,,,,,,,,,,,3.0,4.0,,,,,,,,,,,,,,,,,,,,,,,,,,,,,,,,,,,,,,,,,,,,,,,,,,,,,,,,,,,,,,,,,,,1.0,1.0,,,,,,,,,,,,,,,,,,,,,,,,,,,,,,,,,,,,,,,,,,,,,,,,,,,,,,,,,,,,,,,,,,,2.0,3.0,,,,,,,,,,,,,,,,,,,Primera B,4dzRa7y9
GW6X4IX1,COLOMBIA,2024,COLOMBIA 2,COLOMBIA 2,05/10/2024,21:00,Round 14,Cucuta,zs0leK3r,Real Santander,nPIUdlJE,False,6,0,,,,,,"[7, 21, 31, 44, 51, 89]",[],Betfair,1.91,2.2,7.0,Betano.br,1.8,2.62,6.2,Betfair,1.36,4.2,7.5,Sportingbet.br,1.39,2.75,Sportingbet.br,2.8,1.38,,0.0,0.0,Sportingbet.br,1.24,3.7,Sportingbet.br,2.1,1.65,,0.0,0.0,Betfair,1.02,10.0,Betfair,1.25,3.3,Betfair,1.91,1.8,Betfair,3.3,1.29,Betfair,7.0,1.07,Betfair,2.1,1.65,Sportingbet.br,5.25,1.13,Sportingbet.br,3.8,1.22,Betano.br,1.1,1.22,2.57,Sportingbet.br,1.11,1.6,1.68,Sportingbet.br,1.12,1.43,1.9,Estrelabet,1.14,5.0,Betano.br,1.23,3.7,Betano.br,1.22,4.0,Betfair,2.1,15.0,71.0,3.75,6.0,14.0,21.0,18.0,13.0,Betano.br,1.85,1.8,,0.0,0.0,,0.0,0.0,Betfair,9.0,Betfair,5.0,Betfair,14.0,Betfair,7.0,Betfair,5.0,Betfair,31.0,Betfair,6.5,Betfair,18.0,Betfair,15.0,Betfair,8.0,Betfair,101.0,Betfair,10.0,Betfair,61.0,Betfair,23.0,Betfair,71.0,,0,0,,0.0,0.0,,0.0,0.0,Betano.br,1.75,1.87,,0.0,0.0,,0.0,0.0,,0.0,0.0,,0.0,0.0,,0.0,0.0,,0,0,,0.0,0.0,0.0,,0.0,0.0,0.0,,0.0,0.0,0.0,,0.0,0.0,0.0,,0.0,0.0,0.0,,0.0,0.0,0.0,,,,,,,,,,,,,,,,,,,,,,,,,,,,,,,,,,,,,,,,,,,,,,,,,3.0,1.0,,,,,,,,,,,,,,,,,,,,,,,,,,,,,,,,,,,,,,,,,,,,,,,,,,,,,,,,,,,,,,,,,,,1.0,0.0,,,,,,,,,,,,,,,,,,,,,,,,,,,,,,,,,,,,,,,,,,,,,,,,,,,,,,,,,,,,,,,,,,,2.0,1.0,,,,,,,,,,,,,,,,,,,Primera B,4dzRa7y9
OYRhC0uS,COLOMBIA,2024,COLOMBIA 2,COLOMBIA 2,07/10/2024,20:15,Round 14,Atletico F.C.,jD7zZpR7,Inter Palmira,8tIHbqDh,False,1,1,,,,,,[65],[45],Betfair,4.33,2.25,2.3,Sportingbet.br,4.0,2.55,2.05,Betfair,4.0,3.3,1.8,Novibet,1.42,2.75,Sportingbet.br,2.87,1.36,Novibet,8.0,1.07,Sportingbet.br,1.21,4.0,Novibet,2.2,1.62,,0.0,0.0,Betfair,1.01,11.0,Betfair,1.17,4.5,Betfair,1.65,2.1,Betfair,2.75,1.4,Betfair,5.5,1.11,Betfair,1.57,2.3,Novibet,4.3,1.16,Novibet,3.2,1.28,Betano.br,2.02,1.25,1.2,Novibet,1.42,1.67,1.22,Sportingbet.br,1.66,1.44,1.21,Estrelabet,3.0,1.33,Novibet,2.35,1.55,Betano.br,2.32,1.57,Betfair,7.0,13.0,17.0,9.0,5.5,5.0,31.0,12.0,2.8,Estrelabet,1.9,1.8,Novibet,2.04,1.66,Novibet,1.95,1.72,Betfair,10.0,Betfair,10.0,Betfair,7.5,Betfair,5.5,Betfair,17.0,Betfair,8.5,Betfair,10.0,Betfair,6.5,Betfair,10.0,Betfair,36.0,Betfair,13.0,Betfair,23.0,Betfair,11.0,Betfair,23.0,Betfair,15.0,,0,0,,0.0,0.0,,0.0,0.0,,0.0,0.0,,0.0,0.0,Estrelabet,1.9,1.75,,0.0,0.0,,0.0,0.0,,0.0,0.0,,0,0,,0.0,0.0,0.0,Novibet,19.75,8.4,8.5,Novibet,8.1,4.75,2.8,Novibet,2.03,3.55,1.27,Novibet,1.21,5.7,1.05,,0.0,0.0,0.0,,,,,,,,,,,,,,,,,,,,,,,,,,,,,,,,,,,,,,,,,,,,,,,,,1.0,6.0,0.0,1.0,,,,,,,,,,,,,,,,,,,,,,,,,,,,,,,,,,,,,,,,,,,,,,,,,,,,,,,,,,,,,,,,,0.0,3.0,,,,,,,,,,,,,,,,,,,,,,,,,,,,,,,,,,,,,,,,,,,,,,,,,,,,,,,,,,,,,,,,,,,1.0,3.0,0.0,1.0,,,,,,,,,,,,,,,,,Primera B,4dzRa7y9
WfXXck3K,COLOMBIA,2024,COLOMBIA 2,COLOMBIA 2,16/09/2024,21:00,Round 11,Inter Palmira,8tIHbqDh,Quindio,zms5B2Zr,False,1,0,,,,,,[],[],,0.0,0.0,0.0,,0.0,0.0,0.0,,0.0,0.0,0.0,,0.0,0.0,,0.0,0.0,,0.0,0.0,,0.0,0.0,,0.0,0.0,,0.0,0.0,,0.0,0.0,,0.0,0.0,,0.0,0.0,,0.0,0.0,,0.0,0.0,,0.0,0.0,,0.0,0.0,,0.0,0.0,,0.0,0.0,0.0,,0.0,0.0,0.0,,0.0,0.0,0.0,,0.0,0.0,,0.0,0.0,,0.0,0.0,,0.0,0.0,0.0,0.0,0.0,0.0,0.0,0.0,0.0,,0.0,0.0,,0.0,0.0,,0.0,0.0,,0.0,,0.0,,0.0,,0.0,,0.0,,0.0,,0.0,,0.0,,0.0,,0.0,,0.0,,0.0,,0.0,,0.0,,0.0,,0,0,,0.0,0.0,,0.0,0.0,,0.0,0.0,,0.0,0.0,,0.0,0.0,,0.0,0.0,,0.0,0.0,,0.0,0.0,,0,0,,0.0,0.0,0.0,,0.0,0.0,0.0,,0.0,0.0,0.0,,0.0,0.0,0.0,,0.0,0.0,0.0,,0.0,0.0,0.0,,,,,,,,,,,,,,,,,,,,,,,,,,,,,,,,,,,,,,,,,,,,,,,,,,,,,,,,,,,,,,,,,,,,,,,,,,,,,,,,,,,,,,,,,,,,,,,,,,,,,,,,,,,,,,,,,,,,,,,,,,,,,,,,,,,,,,,,,,,,,,,,,,,,,,,,,,,,,,,,,,,,,,,,,,,,,,,,,,,,,,,,,,,,,,,,,,,,,,,,,,,,,Primera B,4dzRa7y9
0tKaznzg,COLOMBIA,2024,COLOMBIA 2,COLOMBIA 2,19/11/2024,01:00,Round 5,Cartagena,6eofBSjQ,Llaneros,KzwFLhIU,False,1,0,,,,,,[82],[],Betfair,2.6,2.0,4.5,Betano.br,2.32,2.4,4.0,Betfair,1.87,3.0,3.9,Sportingbet.br,1.46,2.5,Sportingbet.br,3.1,1.31,Sportingbet.br,8.5,1.06,Sportingbet.br,1.3,3.2,Sportingbet.br,2.35,1.51,Sportingbet.br,5.5,1.13,Betfair,1.05,8.0,Betfair,1.33,3.0,Betfair,2.2,1.6,Betfair,4.0,1.2,Betfair,8.0,1.05,Betfair,1.87,1.8,Sportingbet.br,5.0,1.14,Sportingbet.br,3.75,1.23,Betano.br,1.23,1.29,1.82,Sportingbet.br,1.2,1.72,1.42,Sportingbet.br,1.23,1.55,1.52,Betano.br,1.39,2.55,Betano.br,1.47,2.42,Betano.br,1.47,2.55,Betfair,3.1,13.0,36.0,4.5,4.5,9.0,21.0,13.0,6.5,Estrelabet,1.9,1.8,,0.0,0.0,,0.0,0.0,Betfair,6.5,Betfair,5.5,Betfair,9.0,Betfair,5.5,Betfair,7.0,Betfair,15.0,Betfair,7.0,Betfair,11.0,Betfair,13.0,Betfair,13.0,Betfair,46.0,Betfair,13.0,Betfair,26.0,Betfair,23.0,Betfair,41.0,,0,0,,0.0,0.0,,0.0,0.0,,0.0,0.0,Estrelabet,1.95,1.7,,0.0,0.0,,0.0,0.0,,0.0,0.0,,0.0,0.0,,0,0,,0.0,0.0,0.0,,0.0,0.0,0.0,Betano.br,3.65,3.5,0.0,Betano.br,0.0,0.0,1.82,,0.0,0.0,0.0,,0.0,0.0,0.0,,,,,,,,,,,,,,,,,,,,,,,,,,,,,,,,,,,,,,,,,,,,,,,,,5.0,2.0,,,,,,,,,,,,,,,,,,,,,,,,,,,,,,,,,,,,,,,,,,,,,,,,,,,,,,,,,,,,,,,,,,,2.0,0.0,,,,,,,,,,,,,,,,,,,,,,,,,,,,,,,,,,,,,,,,,,,,,,,,,,,,,,,,,,,,,,,,,,,3.0,2.0,,,,,,,,,,,,,,,,,,,Primera B,4dzRa7y9
bVjFASnQ,COLOMBIA,2024,COLOMBIA 2,COLOMBIA 2,15/09/2024,20:00,Round 11,Tigres,EcJJz8BQ,Boca Juniors,6yoKBtoR,False,0,0,,,,,,[],[],,0.0,0.0,0.0,,0.0,0.0,0.0,,0.0,0.0,0.0,,0.0,0.0,,0.0,0.0,,0.0,0.0,,0.0,0.0,,0.0,0.0,,0.0,0.0,,0.0,0.0,,0.0,0.0,,0.0,0.0,,0.0,0.0,,0.0,0.0,,0.0,0.0,,0.0,0.0,,0.0,0.0,,0.0,0.0,0.0,,0.0,0.0,0.0,,0.0,0.0,0.0,,0.0,0.0,,0.0,0.0,,0.0,0.0,,0.0,0.0,0.0,0.0,0.0,0.0,0.0,0.0,0.0,,0.0,0.0,,0.0,0.0,,0.0,0.0,,0.0,,0.0,,0.0,,0.0,,0.0,,0.0,,0.0,,0.0,,0.0,,0.0,,0.0,,0.0,,0.0,,0.0,,0.0,,0,0,,0.0,0.0,,0.0,0.0,,0.0,0.0,,0.0,0.0,,0.0,0.0,,0.0,0.0,,0.0,0.0,,0.0,0.0,,0,0,,0.0,0.0,0.0,,0.0,0.0,0.0,,0.0,0.0,0.0,,0.0,0.0,0.0,,0.0,0.0,0.0,,0.0,0.0,0.0,,,,,,,,,,,,,,,,,,,,,,,,,,,,,,,,,,,,,,,,,,,,,,,,,,,,,,,,,,,,,,,,,,,,,,,,,,,,,,,,,,,,,,,,,,,,,,,,,,,,,,,,,,,,,,,,,,,,,,,,,,,,,,,,,,,,,,,,,,,,,,,,,,,,,,,,,,,,,,,,,,,,,,,,,,,,,,,,,,,,,,,,,,,,,,,,,,,,,,,,,,,,,Primera B,4dzRa7y9
CjzpKw84,COLOMBIA,2024,COLOMBIA 2,COLOMBIA 2,04/11/2024,21:05,Round 2,U. Magdalena,tpLItk4L,Cucuta,zs0leK3r,False,1,0,,,,,,[1],[],Betfair,2.5,1.91,4.5,Betano.br,2.22,2.4,4.3,Betfair,1.85,3.1,4.2,Estrelabet,1.45,2.4,,0.0,0.0,,0.0,0.0,,0.0,0.0,,0.0,0.0,,0.0,0.0,Betfair,1.06,7.5,Betfair,1.36,2.88,Betfair,2.25,1.57,Betfair,4.0,1.2,Betfair,8.0,1.05,Betfair,2.0,1.73,,0.0,0.0,,0.0,0.0,Betano.br,1.21,1.28,1.93,Betano.br,1.18,1.65,1.44,,0.0,0.0,0.0,Estrelabet,1.36,2.9,Betano.br,1.42,2.65,Betano.br,1.42,2.75,Betano.br,2.87,15.0,51.0,4.3,4.6,8.25,27.0,16.0,7.0,Estrelabet,1.9,1.8,,0.0,0.0,,0.0,0.0,Betfair,6.5,Betfair,5.0,Betfair,9.0,Betfair,5.5,Betfair,6.5,Betfair,15.0,Betfair,7.0,Betfair,12.0,Betfair,13.0,Betfair,13.0,Betfair,51.0,Betfair,13.0,Betfair,34.0,Betfair,26.0,Betfair,46.0,,0,0,,0.0,0.0,Novibet,4.0,1.22,Novibet,3.0,1.36,Betano.br,1.75,1.85,Novibet,1.25,3.75,,0.0,0.0,,0.0,0.0,,0.0,0.0,,0,0,,0.0,0.0,0.0,,0.0,0.0,0.0,,0.0,0.0,0.0,,0.0,0.0,0.0,,0.0,0.0,0.0,,0.0,0.0,0.0,,,,,,,,,,,,,,,,,,,,,,,,,,,,,,,,,,,,,,,,,,,,,,,,,1.0,3.0,0.0,1.0,,,,,,,,,,,,,,,,,,,,,,,,,,,,,,,,,,,,,,,,,,,,,,,,,,,,,,,,,,,,,,,,,1.0,1.0,0.0,1.0,,,,,,,,,,,,,,,,,,,,,,,,,,,,,,,,,,,,,,,,,,,,,,,,,,,,,,,,,,,,,,,,,0.0,2.0,,,,,,,,,,,,,,,,,,,Primera B,4dzRa7y9
OhCCj7ef,COLOMBIA,2024,COLOMBIA 2,COLOMBIA 2,15/09/2024,00:00,Round 11,Llaneros,KzwFLhIU,Bogota,foERz7de,False,2,3,,,,,,[],[],,0.0,0.0,0.0,,0.0,0.0,0.0,,0.0,0.0,0.0,,0.0,0.0,,0.0,0.0,,0.0,0.0,,0.0,0.0,,0.0,0.0,,0.0,0.0,,0.0,0.0,,0.0,0.0,,0.0,0.0,,0.0,0.0,,0.0,0.0,,0.0,0.0,,0.0,0.0,,0.0,0.0,,0.0,0.0,0.0,,0.0,0.0,0.0,,0.0,0.0,0.0,,0.0,0.0,,0.0,0.0,,0.0,0.0,,0.0,0.0,0.0,0.0,0.0,0.0,0.0,0.0,0.0,,0.0,0.0,,0.0,0.0,,0.0,0.0,,0.0,,0.0,,0.0,,0.0,,0.0,,0.0,,0.0,,0.0,,0.0,,0.0,,0.0,,0.0,,0.0,,0.0,,0.0,,0,0,,0.0,0.0,,0.0,0.0,,0.0,0.0,,0.0,0.0,,0.0,0.0,,0.0,0.0,,0.0,0.0,,0.0,0.0,,0,0,,0.0,0.0,0.0,,0.0,0.0,0.0,,0.0,0.0,0.0,,0.0,0.0,0.0,,0.0,0.0,0.0,,0.0,0.0,0.0,,,,,,,,,,,,,,,,,,,,,,,,,,,,,,,,,,,,,,,,,,,,,,,,,,,,,,,,,,,,,,,,,,,,,,,,,,,,,,,,,,,,,,,,,,,,,,,,,,,,,,,,,,,,,,,,,,,,,,,,,,,,,,,,,,,,,,,,,,,,,,,,,,,,,,,,,,,,,,,,,,,,,,,,,,,,,,,,,,,,,,,,,,,,,,,,,,,,,,,,,,,,,Primera B,4dzRa7y9
6XLg35dc,COLOMBIA,2024,COLOMBIA 2,COLOMBIA 2,29/09/2024,20:30,Round 13,Boca Juniors,6yoKBtoR,Orsomarso,ET6jTFPs,False,0,0,,,,,,[],[],Betfair,3.6,1.91,3.3,Betano.br,3.15,2.25,2.95,Betfair,2.75,2.8,2.45,Sportingbet.br,1.52,2.35,Sportingbet.br,3.4,1.27,,0.0,0.0,Sportingbet.br,1.32,3.1,Sportingbet.br,2.45,1.47,,0.0,0.0,Betfair,1.07,7.0,Betfair,1.4,2.75,Betfair,2.4,1.5,Betfair,4.8,1.14,Betfair,10.0,1.02,Betfair,1.95,1.73,Sportingbet.br,5.5,1.13,Sportingbet.br,3.8,1.22,Betano.br,1.5,1.33,1.44,Sportingbet.br,1.3,1.77,1.27,Sportingbet.br,1.36,1.57,1.33,Betano.br,1.87,1.75,Betano.br,1.9,1.8,Betano.br,1.93,1.82,Betfair,4.5,13.0,26.0,6.5,4.0,6.0,31.0,13.0,4.33,Betano.br,1.85,1.78,,0.0,0.0,,0.0,0.0,Betfair,6.0,Betfair,6.5,Betfair,6.0,Betfair,5.0,Betfair,10.0,Betfair,9.5,Betfair,9.0,Betfair,8.5,Betfair,13.0,Betfair,26.0,Betfair,23.0,Betfair,21.0,Betfair,19.0,Betfair,36.0,Betfair,31.0,,0,0,,0.0,0.0,,0.0,0.0,,0.0,0.0,,0.0,0.0,,0.0,0.0,,0.0,0.0,,0.0,0.0,,0.0,0.0,,0,0,,0.0,0.0,0.0,,0.0,0.0,0.0,,0.0,0.0,0.0,,0.0,0.0,0.0,,0.0,0.0,0.0,,0.0,0.0,0.0,,,,,,,,,,,,,,,,,,,,,,,,,,,,,,,,,,,,,,,,,,,,,,,,,3.0,3.0,,,,,,,,,,,,,,,,,,,,,,,,,,,,,,,,,,,,,,,,,,,,,,,,,,,,,,,,,,,,,,,,,,,1.0,1.0,,,,,,,,,,,,,,,,,,,,,,,,,,,,,,,,,,,,,,,,,,,,,,,,,,,,,,,,,,,,,,,,,,,2.0,2.0,,,,,,,,,,,,,,,,,,,Primera B,4dzRa7y9
8Qykg6Ga,COLOMBIA,2024,COLOMBIA 2,COLOMBIA 2,02/10/2024,20:00,Round 7,Real Santander,nPIUdlJE,Orsomarso,ET6jTFPs,False,0,2,,,,,,[],"[10, 55]",Betfair,3.5,1.83,3.5,Betano.br,3.15,2.18,3.05,Betfair,2.63,2.8,2.63,Sportingbet.br,1.55,2.25,Sportingbet.br,3.6,1.25,Novibet,10.0,1.05,Novibet,1.38,2.88,Sportingbet.br,2.7,1.41,Novibet,7.0,1.1,Betfair,1.08,6.5,Betfair,1.5,2.4,Betfair,2.6,1.44,Betfair,5.5,1.11,Betfair,11.0,1.01,Betfair,2.1,1.65,Sportingbet.br,5.75,1.11,Sportingbet.br,4.2,1.19,Betano.br,1.45,1.36,1.42,Sportingbet.br,1.28,1.8,1.27,Sportingbet.br,1.33,1.62,1.32,Novibet,1.85,1.85,Betano.br,1.88,1.82,Betano.br,1.9,1.83,Betfair,4.5,13.0,31.0,6.0,3.75,6.0,31.0,13.0,4.5,Estrelabet,1.9,1.8,Novibet,2.15,1.6,Novibet,2.02,1.67,Betfair,5.5,Betfair,5.5,Betfair,6.0,Betfair,5.0,Betfair,10.0,Betfair,10.0,Betfair,9.0,Betfair,9.0,Betfair,14.0,Betfair,23.0,Betfair,23.0,Betfair,23.0,Betfair,23.0,Betfair,41.0,Betfair,41.0,,0,0,,0.0,0.0,,0.0,0.0,,0.0,0.0,,0.0,0.0,,0.0,0.0,,0.0,0.0,,0.0,0.0,,0.0,0.0,,0,0,,0.0,0.0,0.0,Novibet,16.0,7.1,16.0,Novibet,6.3,3.95,6.3,Novibet,1.41,3.95,1.41,Novibet,1.09,7.1,1.09,,0.0,0.0,0.0,,,,,,,,,,,,,,,,,,,,,,,,,,,,,,,,,,,,,,,,,,,,,,,,,0.0,2.0,,,,,,,,,,,,,,,,,,,,,,,,,,,,,,,,,,,,,,,,,,,,,,,,,,,,,,,,,,,,,,,,,,,0.0,1.0,,,,,,,,,,,,,,,,,,,,,,,,,,,,,,,,,,,,,,,,,,,,,,,,,,,,,,,,,,,,,,,,,,,0.0,1.0,,,,,,,,,,,,,,,,,,,Primera B,4dzRa7y9
UFt7IMqB,COLOMBIA,2024,COLOMBIA 2,COLOMBIA 2,03/10/2024,20:00,Round 9,Atletico F.C.,jD7zZpR7,Boca Juniors,6yoKBtoR,False,2,0,,,,,,"[15, 90]",[],Betfair,3.75,1.91,3.1,Sportingbet.br,3.5,2.15,2.65,Betfair,3.0,2.7,2.5,Sportingbet.br,1.49,2.4,Sportingbet.br,3.1,1.31,,0.0,0.0,Sportingbet.br,1.34,3.0,Sportingbet.br,2.5,1.46,,0.0,0.0,Betfair,1.07,7.0,Betfair,1.4,2.75,Betfair,2.4,1.5,Betfair,4.5,1.17,Betfair,9.0,1.03,Betfair,1.95,1.75,Sportingbet.br,4.8,1.15,Sportingbet.br,3.9,1.22,Sportingbet.br,1.57,1.38,1.32,Betano.br,1.3,1.8,1.21,Sportingbet.br,1.41,1.6,1.27,Betano.br,2.12,1.57,Betano.br,2.1,1.65,Betano.br,2.07,1.7,Betfair,5.0,13.0,26.0,6.5,4.2,5.5,34.0,13.0,4.0,Betano.br,1.93,1.72,,0.0,0.0,,0.0,0.0,Betfair,6.0,Betfair,7.0,Betfair,6.0,Betfair,5.0,Betfair,11.0,Betfair,8.5,Betfair,9.5,Betfair,8.0,Betfair,13.0,Betfair,31.0,Betfair,19.0,Betfair,23.0,Betfair,17.0,Betfair,34.0,Betfair,26.0,,0,0,,0.0,0.0,,0.0,0.0,,0.0,0.0,Betano.br,1.91,1.7,,0.0,0.0,,0.0,0.0,,0.0,0.0,,0.0,0.0,,0,0,,0.0,0.0,0.0,,0.0,0.0,0.0,,0.0,0.0,0.0,,0.0,0.0,0.0,,0.0,0.0,0.0,,0.0,0.0,0.0,,,,,,,,,,,,,,,,,,,,,,,,,,,,,,,,,,,,,,,,,,,,,,,,,2.0,3.0,,,,,,,,,,,,,,,,,,,,,,,,,,,,,,,,,,,,,,,,,,,,,,,,,,,,,,,,,,,,,,,,,,,0.0,2.0,,,,,,,,,,,,,,,,,,,,,,,,,,,,,,,,,,,,,,,,,,,,,,,,,,,,,,,,,,,,,,,,,,,2.0,1.0,,,,,,,,,,,,,,,,,,,Primera B,4dzRa7y9
WKGOWC4L,COLOMBIA,2024,COLOMBIA 2,COLOMBIA 2,08/09/2024,20:30,Round 10,Boca Juniors,6yoKBtoR,Inter Palmira,8tIHbqDh,False,1,2,,,,,,[],[],,0.0,0.0,0.0,,0.0,0.0,0.0,,0.0,0.0,0.0,,0.0,0.0,,0.0,0.0,,0.0,0.0,,0.0,0.0,,0.0,0.0,,0.0,0.0,,0.0,0.0,,0.0,0.0,,0.0,0.0,,0.0,0.0,,0.0,0.0,,0.0,0.0,,0.0,0.0,,0.0,0.0,,0.0,0.0,0.0,,0.0,0.0,0.0,,0.0,0.0,0.0,,0.0,0.0,,0.0,0.0,,0.0,0.0,,0.0,0.0,0.0,0.0,0.0,0.0,0.0,0.0,0.0,,0.0,0.0,,0.0,0.0,,0.0,0.0,,0.0,,0.0,,0.0,,0.0,,0.0,,0.0,,0.0,,0.0,,0.0,,0.0,,0.0,,0.0,,0.0,,0.0,,0.0,,0,0,,0.0,0.0,,0.0,0.0,,0.0,0.0,,0.0,0.0,,0.0,0.0,,0.0,0.0,,0.0,0.0,,0.0,0.0,,0,0,,0.0,0.0,0.0,,0.0,0.0,0.0,,0.0,0.0,0.0,,0.0,0.0,0.0,,0.0,0.0,0.0,,0.0,0.0,0.0,,,,,,,,,,,,,,,,,,,,,,,,,,,,,,,,,,,,,,,,,,,,,,,,,,,,,,,,,,,,,,,,,,,,,,,,,,,,,,,,,,,,,,,,,,,,,,,,,,,,,,,,,,,,,,,,,,,,,,,,,,,,,,,,,,,,,,,,,,,,,,,,,,,,,,,,,,,,,,,,,,,,,,,,,,,,,,,,,,,,,,,,,,,,,,,,,,,,,,,,,,,,,Primera B,4dzRa7y9
xtpFG0EN,COLOMBIA,2024,COLOMBIA 2,COLOMBIA 2,08/09/2024,01:30,Round 9,Barranquilla,O8ANu9JR,Cartagena,6eofBSjQ,False,0,1,,,,,,[],[],,0.0,0.0,0.0,,0.0,0.0,0.0,,0.0,0.0,0.0,,0.0,0.0,,0.0,0.0,,0.0,0.0,,0.0,0.0,,0.0,0.0,,0.0,0.0,,0.0,0.0,,0.0,0.0,,0.0,0.0,,0.0,0.0,,0.0,0.0,,0.0,0.0,,0.0,0.0,,0.0,0.0,,0.0,0.0,0.0,,0.0,0.0,0.0,,0.0,0.0,0.0,,0.0,0.0,,0.0,0.0,,0.0,0.0,,0.0,0.0,0.0,0.0,0.0,0.0,0.0,0.0,0.0,,0.0,0.0,,0.0,0.0,,0.0,0.0,,0.0,,0.0,,0.0,,0.0,,0.0,,0.0,,0.0,,0.0,,0.0,,0.0,,0.0,,0.0,,0.0,,0.0,,0.0,,0,0,,0.0,0.0,,0.0,0.0,,0.0,0.0,,0.0,0.0,,0.0,0.0,,0.0,0.0,,0.0,0.0,,0.0,0.0,,0,0,,0.0,0.0,0.0,,0.0,0.0,0.0,,0.0,0.0,0.0,,0.0,0.0,0.0,,0.0,0.0,0.0,,0.0,0.0,0.0,,,,,,,,,,,,,,,,,,,,,,,,,,,,,,,,,,,,,,,,,,,,,,,,,,,,,,,,,,,,,,,,,,,,,,,,,,,,,,,,,,,,,,,,,,,,,,,,,,,,,,,,,,,,,,,,,,,,,,,,,,,,,,,,,,,,,,,,,,,,,,,,,,,,,,,,,,,,,,,,,,,,,,,,,,,,,,,,,,,,,,,,,,,,,,,,,,,,,,,,,,,,,Primera B,4dzRa7y9
razUAVs2,COLOMBIA,2024,COLOMBIA 2,COLOMBIA 2,05/09/2024,20:30,Round 9,Tigres,EcJJz8BQ,Bogota,foERz7de,False,1,0,,,,,,[],[],,0.0,0.0,0.0,,0.0,0.0,0.0,,0.0,0.0,0.0,,0.0,0.0,,0.0,0.0,,0.0,0.0,,0.0,0.0,,0.0,0.0,,0.0,0.0,,0.0,0.0,,0.0,0.0,,0.0,0.0,,0.0,0.0,,0.0,0.0,,0.0,0.0,,0.0,0.0,,0.0,0.0,,0.0,0.0,0.0,,0.0,0.0,0.0,,0.0,0.0,0.0,,0.0,0.0,,0.0,0.0,,0.0,0.0,,0.0,0.0,0.0,0.0,0.0,0.0,0.0,0.0,0.0,,0.0,0.0,,0.0,0.0,,0.0,0.0,,0.0,,0.0,,0.0,,0.0,,0.0,,0.0,,0.0,,0.0,,0.0,,0.0,,0.0,,0.0,,0.0,,0.0,,0.0,,0,0,,0.0,0.0,,0.0,0.0,,0.0,0.0,,0.0,0.0,,0.0,0.0,,0.0,0.0,,0.0,0.0,,0.0,0.0,,0,0,,0.0,0.0,0.0,,0.0,0.0,0.0,,0.0,0.0,0.0,,0.0,0.0,0.0,,0.0,0.0,0.0,,0.0,0.0,0.0,,,,,,,,,,,,,,,,,,,,,,,,,,,,,,,,,,,,,,,,,,,,,,,,,,,,,,,,,,,,,,,,,,,,,,,,,,,,,,,,,,,,,,,,,,,,,,,,,,,,,,,,,,,,,,,,,,,,,,,,,,,,,,,,,,,,,,,,,,,,,,,,,,,,,,,,,,,,,,,,,,,,,,,,,,,,,,,,,,,,,,,,,,,,,,,,,,,,,,,,,,,,,Primera B,4dzRa7y9
GnkoznBD,COLOMBIA,2024,COLOMBIA 2,COLOMBIA 2,16/09/2024,22:00,Round 11,Barranquilla,O8ANu9JR,Orsomarso,ET6jTFPs,False,1,0,,,,,,[77],[],Betfair,2.7,1.91,4.5,Betano.br,2.42,2.22,4.2,Betfair,1.95,3.0,3.7,Sportingbet.br,1.53,2.3,Sportingbet.br,3.4,1.27,,0.0,0.0,Sportingbet.br,1.34,2.95,Sportingbet.br,2.55,1.44,,0.0,0.0,Betfair,1.07,7.0,Betfair,1.44,2.6,Betfair,2.4,1.5,Betfair,4.8,1.14,Betfair,10.0,1.02,Betfair,2.05,1.67,Sportingbet.br,5.75,1.12,Sportingbet.br,4.2,1.2,Betano.br,1.2,1.37,1.75,Betano.br,1.16,1.78,1.37,Sportingbet.br,1.2,1.58,1.51,Estrelabet,1.4,2.71,Betano.br,1.45,2.55,Betano.br,1.47,2.55,Betfair,3.3,12.0,41.0,5.0,4.2,8.0,23.0,13.0,6.5,Betano.br,1.9,1.75,,0.0,0.0,,0.0,0.0,Betfair,6.0,Betfair,5.0,Betfair,8.0,Betfair,5.0,Betfair,7.0,Betfair,15.0,Betfair,7.5,Betfair,11.0,Betfair,14.0,Betfair,15.0,Betfair,46.0,Betfair,15.0,Betfair,34.0,Betfair,26.0,Betfair,46.0,,0,0,,0.0,0.0,,0.0,0.0,,0.0,0.0,Betano.br,1.93,1.7,,0.0,0.0,,0.0,0.0,,0.0,0.0,,0.0,0.0,,0,0,,0.0,0.0,0.0,,0.0,0.0,0.0,,0.0,0.0,0.0,,0.0,0.0,0.0,,0.0,0.0,0.0,,0.0,0.0,0.0,,,,,,,,,,,,,,,,,,,,,,,,,,,,,,,,,,,,,,,,,,,,,,,,,1.0,0.0,,,,,,,,,,,,,,,,,,,,,,,,,,,,,,,,,,,,,,,,,,,,,,,,,,,,,,,,,,,,,,,,,,,1.0,0.0,,,,,,,,,,,,,,,,,,,,,,,,,,,,,,,,,,,,,,,,,,,,,,,,,,,,,,,,,,,,,,,,,,,,,,,,,,,,,,,,,,,,,,,Primera B,4dzRa7y9
hUgsf1Jq,COLOMBIA,2024,COLOMBIA 2,COLOMBIA 2,29/09/2024,20:30,Round 13,Llaneros,KzwFLhIU,Quindio,zms5B2Zr,False,0,1,,,,,,[],[90],Betfair,2.1,2.1,6.0,Betano.br,1.87,2.57,5.7,Betfair,1.47,3.6,6.0,Novibet,1.45,2.62,Sportingbet.br,3.0,1.33,Novibet,8.5,1.07,Sportingbet.br,1.27,3.5,Sportingbet.br,2.25,1.57,Novibet,5.5,1.15,Betfair,1.05,8.0,Betfair,1.33,3.0,Betfair,2.1,1.65,Betfair,4.0,1.2,Betfair,8.0,1.05,Betfair,2.05,1.67,Sportingbet.br,5.75,1.12,Sportingbet.br,4.0,1.21,Betano.br,1.12,1.23,2.42,Sportingbet.br,1.13,1.63,1.62,Sportingbet.br,1.13,1.46,1.8,Estrelabet,1.2,4.0,Betano.br,1.26,3.5,Betano.br,1.25,3.7,Betfair,2.4,14.0,56.0,4.0,5.0,12.0,20.0,15.0,10.0,Novibet,1.86,1.83,Novibet,2.05,1.65,Novibet,1.95,1.72,Betfair,7.5,Betfair,4.5,Betfair,11.0,Betfair,6.0,Betfair,5.5,Betfair,26.0,Betfair,6.5,Betfair,15.0,Betfair,15.0,Betfair,9.0,Betfair,91.0,Betfair,11.0,Betfair,56.0,Betfair,26.0,Betfair,71.0,,0,0,,0.0,0.0,,0.0,0.0,Estrelabet,1.95,1.7,Betano.br,1.72,1.9,,0.0,0.0,,0.0,0.0,,0.0,0.0,,0.0,0.0,,0,0,Novibet,12.5,7.3,0.0,Novibet,5.6,4.55,0.0,Novibet,2.75,3.35,14.0,Novibet,1.13,5.9,2.2,Novibet,0.0,0.0,1.38,Novibet,0.0,0.0,1.1,,,,,,,,,,,,,,,,,,,,,,,,,,,,,,,,,,,,,,,,,,,,,,,,,2.0,5.0,,,,,,,,,,,,,,,,,,,,,,,,,,,,,,,,,,,,,,,,,,,,,,,,,,,,,,,,,,,,,,,,,,,1.0,1.0,,,,,,,,,,,,,,,,,,,,,,,,,,,,,,,,,,,,,,,,,,,,,,,,,,,,,,,,,,,,,,,,,,,1.0,4.0,,,,,,,,,,,,,,,,,,,Primera B,4dzRa7y9
rqvINDd2,COLOMBIA,2024,COLOMBIA 2,COLOMBIA 2,09/11/2024,19:00,Round 3,Orsomarso,ET6jTFPs,Llaneros,KzwFLhIU,False,2,0,,,,,,"[39, 83]",[],Betfair,4.5,1.83,2.7,Betano.br,4.55,2.25,2.3,Betfair,4.0,3.1,1.85,Sportingbet.br,1.55,2.25,Sportingbet.br,3.6,1.25,Sportingbet.br,10.5,1.04,Sportingbet.br,1.34,2.95,Sportingbet.br,2.55,1.44,Sportingbet.br,6.25,1.1,Betfair,1.07,7.0,Betfair,1.45,2.55,Betfair,2.55,1.45,Betfair,5.2,1.13,Betfair,11.0,1.01,Betfair,2.2,1.6,Sportingbet.br,6.0,1.11,Sportingbet.br,4.2,1.19,Betano.br,1.85,1.33,1.19,Sportingbet.br,1.41,1.78,1.17,Sportingbet.br,1.53,1.58,1.2,Estrelabet,2.9,1.36,Betano.br,2.6,1.44,Betano.br,2.75,1.42,Betfair,7.0,13.0,23.0,8.5,4.0,4.5,41.0,13.0,3.3,Betano.br,1.87,1.78,,0.0,0.0,,0.0,0.0,Betfair,5.5,Betfair,8.0,Betfair,5.0,Betfair,5.0,Betfair,15.0,Betfair,6.5,Betfair,12.0,Betfair,7.5,Betfair,15.0,Betfair,51.0,Betfair,14.0,Betfair,36.0,Betfair,15.0,Betfair,51.0,Betfair,36.0,,0,0,,0.0,0.0,,0.0,0.0,,0.0,0.0,,0.0,0.0,Estrelabet,1.83,1.83,,0.0,0.0,,0.0,0.0,,0.0,0.0,,0,0,,0.0,0.0,0.0,,0.0,0.0,0.0,,0.0,0.0,0.0,,0.0,0.0,0.0,,0.0,0.0,0.0,,0.0,0.0,0.0,,,,,,,,,,,,,,,,,,,,,,,,,,,,,,,,,,,,,,,,,,,,,,,,,2.0,3.0,,,,,,,,,,,,,,,,,,,,,,,,,,,,,,,,,,,,,,,,,,,,,,,,,,,,,,,,,,,,,,,,,,,1.0,1.0,,,,,,,,,,,,,,,,,,,,,,,,,,,,,,,,,,,,,,,,,,,,,,,,,,,,,,,,,,,,,,,,,,,1.0,2.0,,,,,,,,,,,,,,,,,,,Primera B,4dzRa7y9
6y4TnPfJ,COLOMBIA,2024,COLOMBIA 2,COLOMBIA 2,14/09/2024,20:00,Round 11,Real Santander,nPIUdlJE,Huila,xCqdiIm1,False,1,0,,,,,,[85],[],Betfair,4.5,2.0,2.4,Betano.br,4.25,2.47,2.18,Betfair,4.1,3.4,1.73,Sportingbet.br,1.42,2.65,Sportingbet.br,2.9,1.35,,0.0,0.0,,0.0,0.0,,0.0,0.0,,0.0,0.0,Betfair,1.03,9.0,Betfair,1.29,3.3,Betfair,2.0,1.73,Betfair,3.6,1.25,Betfair,7.5,1.06,Betfair,1.83,1.83,,0.0,0.0,,0.0,0.0,Betano.br,1.93,1.27,1.21,Betano.br,1.45,1.62,1.18,,0.0,0.0,0.0,Estrelabet,3.0,1.33,Betano.br,2.6,1.44,Betano.br,2.75,1.42,Betfair,7.0,13.0,21.0,9.0,5.0,4.5,41.0,13.0,2.88,Estrelabet,1.9,1.8,,0.0,0.0,,0.0,0.0,Betfair,8.0,Betfair,9.5,Betfair,5.5,Betfair,5.5,Betfair,17.0,Betfair,7.0,Betfair,11.0,Betfair,6.5,Betfair,12.0,Betfair,46.0,Betfair,12.0,Betfair,31.0,Betfair,12.0,Betfair,41.0,Betfair,21.0,,0,0,,0.0,0.0,,0.0,0.0,,0.0,0.0,,0.0,0.0,Estrelabet,1.9,1.75,,0.0,0.0,,0.0,0.0,,0.0,0.0,,0,0,,0.0,0.0,0.0,,0.0,0.0,0.0,,0.0,0.0,0.0,,0.0,0.0,0.0,,0.0,0.0,0.0,,0.0,0.0,0.0,,,,,,,,,,,,,,,,,,,,,,,,,,,,,,,,,,,,,,,,,,,,,,,,,3.0,3.0,,,,,,,,,,,,,,,,,,,,,,,,,,,,,,,,,,,,,,,,,,,,,,,,,,,,,,,,,,,,,,,,,,,0.0,1.0,,,,,,,,,,,,,,,,,,,,,,,,,,,,,,,,,,,,,,,,,,,,,,,,,,,,,,,,,,,,,,,,,,,3.0,2.0,,,,,,,,,,,,,,,,,,,Primera B,4dzRa7y9
0fckhuld,COLOMBIA,2024,COLOMBIA 2,COLOMBIA 2,01/10/2024,00:30,Round 13,Real Cundinamarca,ze01M68P,Barranquilla,O8ANu9JR,False,1,2,,,,,,[90],"[62, 88]",Betfair,2.4,2.0,5.0,Betano.br,1.98,2.47,5.3,Betfair,1.7,3.3,4.6,Sportingbet.br,1.44,2.55,Sportingbet.br,3.0,1.33,,0.0,0.0,Sportingbet.br,1.29,3.3,Sportingbet.br,2.3,1.53,,0.0,0.0,Betfair,1.05,8.0,Betfair,1.36,2.88,Betfair,2.2,1.6,Betfair,4.0,1.2,Betfair,8.0,1.05,Betfair,2.0,1.73,Sportingbet.br,5.0,1.14,Sportingbet.br,3.9,1.22,Betano.br,1.14,1.26,2.22,Sportingbet.br,1.16,1.68,1.51,Sportingbet.br,1.18,1.52,1.63,Betano.br,1.21,3.5,Betano.br,1.31,3.15,Betano.br,1.29,3.35,Betfair,2.8,13.0,46.0,4.33,4.5,10.0,21.0,13.0,8.0,Estrelabet,1.9,1.8,,0.0,0.0,,0.0,0.0,Betfair,6.5,Betfair,5.0,Betfair,9.5,Betfair,5.5,Betfair,6.5,Betfair,20.0,Betfair,7.0,Betfair,13.0,Betfair,14.0,Betfair,11.0,Betfair,56.0,Betfair,12.0,Betfair,36.0,Betfair,26.0,Betfair,56.0,,0,0,,0.0,0.0,,0.0,0.0,Betano.br,1.93,1.7,Betano.br,1.75,1.85,,0.0,0.0,,0.0,0.0,,0.0,0.0,,0.0,0.0,,0,0,,0.0,0.0,0.0,,0.0,0.0,0.0,,0.0,0.0,0.0,,0.0,0.0,0.0,,0.0,0.0,0.0,,0.0,0.0,0.0,,,,,,,,,,,,,,,,,,,,,,,,,,,,,,,,,,,,,,,,,,,,,,,,,1.0,3.0,,,,,,,,,,,,,,,,,,,,,,,,,,,,,,,,,,,,,,,,,,,,,,,,,,,,,,,,,,,,,,,,,,,1.0,1.0,,,,,,,,,,,,,,,,,,,,,,,,,,,,,,,,,,,,,,,,,,,,,,,,,,,,,,,,,,,,,,,,,,,0.0,2.0,,,,,,,,,,,,,,,,,,,Primera B,4dzRa7y9
nXOG75Vh,COLOMBIA,2024,COLOMBIA 2,COLOMBIA 2,02/09/2024,20:00,Round 8,Bogota,foERz7de,Cucuta,zs0leK3r,False,5,0,,,,,,[],[],,0.0,0.0,0.0,,0.0,0.0,0.0,,0.0,0.0,0.0,,0.0,0.0,,0.0,0.0,,0.0,0.0,,0.0,0.0,,0.0,0.0,,0.0,0.0,,0.0,0.0,,0.0,0.0,,0.0,0.0,,0.0,0.0,,0.0,0.0,,0.0,0.0,,0.0,0.0,,0.0,0.0,,0.0,0.0,0.0,,0.0,0.0,0.0,,0.0,0.0,0.0,,0.0,0.0,,0.0,0.0,,0.0,0.0,,0.0,0.0,0.0,0.0,0.0,0.0,0.0,0.0,0.0,,0.0,0.0,,0.0,0.0,,0.0,0.0,,0.0,,0.0,,0.0,,0.0,,0.0,,0.0,,0.0,,0.0,,0.0,,0.0,,0.0,,0.0,,0.0,,0.0,,0.0,,0,0,,0.0,0.0,,0.0,0.0,,0.0,0.0,,0.0,0.0,,0.0,0.0,,0.0,0.0,,0.0,0.0,,0.0,0.0,,0,0,,0.0,0.0,0.0,,0.0,0.0,0.0,,0.0,0.0,0.0,,0.0,0.0,0.0,,0.0,0.0,0.0,,0.0,0.0,0.0,,,,,,,,,,,,,,,,,,,,,,,,,,,,,,,,,,,,,,,,,,,,,,,,,,,,,,,,,,,,,,,,,,,,,,,,,,,,,,,,,,,,,,,,,,,,,,,,,,,,,,,,,,,,,,,,,,,,,,,,,,,,,,,,,,,,,,,,,,,,,,,,,,,,,,,,,,,,,,,,,,,,,,,,,,,,,,,,,,,,,,,,,,,,,,,,,,,,,,,,,,,,,Primera B,4dzRa7y9
CIY5kOFO,COLOMBIA,2024,COLOMBIA 2,COLOMBIA 2,01/09/2024,20:00,Round 8,Huila,xCqdiIm1,Leones,IZmBcNVO,False,2,1,,,,,,[],[],,0.0,0.0,0.0,,0.0,0.0,0.0,,0.0,0.0,0.0,,0.0,0.0,,0.0,0.0,,0.0,0.0,,0.0,0.0,,0.0,0.0,,0.0,0.0,,0.0,0.0,,0.0,0.0,,0.0,0.0,,0.0,0.0,,0.0,0.0,,0.0,0.0,,0.0,0.0,,0.0,0.0,,0.0,0.0,0.0,,0.0,0.0,0.0,,0.0,0.0,0.0,,0.0,0.0,,0.0,0.0,,0.0,0.0,,0.0,0.0,0.0,0.0,0.0,0.0,0.0,0.0,0.0,,0.0,0.0,,0.0,0.0,,0.0,0.0,,0.0,,0.0,,0.0,,0.0,,0.0,,0.0,,0.0,,0.0,,0.0,,0.0,,0.0,,0.0,,0.0,,0.0,,0.0,,0,0,,0.0,0.0,,0.0,0.0,,0.0,0.0,,0.0,0.0,,0.0,0.0,,0.0,0.0,,0.0,0.0,,0.0,0.0,,0,0,,0.0,0.0,0.0,,0.0,0.0,0.0,,0.0,0.0,0.0,,0.0,0.0,0.0,,0.0,0.0,0.0,,0.0,0.0,0.0,,,,,,,,,,,,,,,,,,,,,,,,,,,,,,,,,,,,,,,,,,,,,,,,,,,,,,,,,,,,,,,,,,,,,,,,,,,,,,,,,,,,,,,,,,,,,,,,,,,,,,,,,,,,,,,,,,,,,,,,,,,,,,,,,,,,,,,,,,,,,,,,,,,,,,,,,,,,,,,,,,,,,,,,,,,,,,,,,,,,,,,,,,,,,,,,,,,,,,,,,,,,,Primera B,4dzRa7y9
fcSO5q05,COLOMBIA,2024,COLOMBIA 2,COLOMBIA 2,01/09/2024,20:00,Round 8,Inter Palmira,8tIHbqDh,Barranquilla,O8ANu9JR,False,1,0,,,,,,[],[],,0.0,0.0,0.0,,0.0,0.0,0.0,,0.0,0.0,0.0,,0.0,0.0,,0.0,0.0,,0.0,0.0,,0.0,0.0,,0.0,0.0,,0.0,0.0,,0.0,0.0,,0.0,0.0,,0.0,0.0,,0.0,0.0,,0.0,0.0,,0.0,0.0,,0.0,0.0,,0.0,0.0,,0.0,0.0,0.0,,0.0,0.0,0.0,,0.0,0.0,0.0,,0.0,0.0,,0.0,0.0,,0.0,0.0,,0.0,0.0,0.0,0.0,0.0,0.0,0.0,0.0,0.0,,0.0,0.0,,0.0,0.0,,0.0,0.0,,0.0,,0.0,,0.0,,0.0,,0.0,,0.0,,0.0,,0.0,,0.0,,0.0,,0.0,,0.0,,0.0,,0.0,,0.0,,0,0,,0.0,0.0,,0.0,0.0,,0.0,0.0,,0.0,0.0,,0.0,0.0,,0.0,0.0,,0.0,0.0,,0.0,0.0,,0,0,,0.0,0.0,0.0,,0.0,0.0,0.0,,0.0,0.0,0.0,,0.0,0.0,0.0,,0.0,0.0,0.0,,0.0,0.0,0.0,,,,,,,,,,,,,,,,,,,,,,,,,,,,,,,,,,,,,,,,,,,,,,,,,,,,,,,,,,,,,,,,,,,,,,,,,,,,,,,,,,,,,,,,,,,,,,,,,,,,,,,,,,,,,,,,,,,,,,,,,,,,,,,,,,,,,,,,,,,,,,,,,,,,,,,,,,,,,,,,,,,,,,,,,,,,,,,,,,,,,,,,,,,,,,,,,,,,,,,,,,,,,Primera B,4dzRa7y9
0WE21qR9,COLOMBIA,2024,COLOMBIA 2,COLOMBIA 2,28/09/2024,20:00,Round 13,Inter Palmira,8tIHbqDh,Cucuta,zs0leK3r,False,1,0,,,,,,[55],[],Betfair,2.5,1.91,4.5,Betano.br,2.35,2.27,4.25,Betfair,1.85,3.1,4.2,Sportingbet.br,1.5,2.37,Sportingbet.br,3.3,1.28,,0.0,0.0,Sportingbet.br,1.33,3.0,Sportingbet.br,2.5,1.46,,0.0,0.0,Betfair,1.06,7.5,Betfair,1.4,2.75,Betfair,2.4,1.5,Betfair,4.8,1.14,Betfair,9.0,1.03,Betfair,2.1,1.65,Sportingbet.br,5.5,1.12,Sportingbet.br,4.2,1.2,Betano.br,1.21,1.31,1.82,Sportingbet.br,1.17,1.75,1.43,Sportingbet.br,1.2,1.57,1.53,Estrelabet,1.4,2.71,Betano.br,1.44,2.57,Betano.br,1.45,2.62,Betfair,3.5,13.0,36.0,5.0,4.2,7.5,23.0,13.0,6.0,Estrelabet,1.9,1.8,,0.0,0.0,,0.0,0.0,Betfair,6.0,Betfair,5.0,Betfair,8.5,Betfair,5.5,Betfair,6.5,Betfair,17.0,Betfair,7.5,Betfair,12.0,Betfair,14.0,Betfair,13.0,Betfair,51.0,Betfair,14.0,Betfair,36.0,Betfair,26.0,Betfair,51.0,,0,0,,0.0,0.0,,0.0,0.0,,0.0,0.0,Estrelabet,1.9,1.75,,0.0,0.0,,0.0,0.0,,0.0,0.0,,0.0,0.0,,0,0,,0.0,0.0,0.0,,0.0,0.0,0.0,,0.0,0.0,0.0,,0.0,0.0,0.0,,0.0,0.0,0.0,,0.0,0.0,0.0,,,,,,,,,,,,,,,,,,,,,,,,,,,,,,,,,,,,,,,,,,,,,,,,,2.0,2.0,,,,,,,,,,,,,,,,,,,,,,,,,,,,,,,,,,,,,,,,,,,,,,,,,,,,,,,,,,,,,,,,,,,1.0,2.0,,,,,,,,,,,,,,,,,,,,,,,,,,,,,,,,,,,,,,,,,,,,,,,,,,,,,,,,,,,,,,,,,,,1.0,0.0,,,,,,,,,,,,,,,,,,,Primera B,4dzRa7y9
vRT7u24j,COLOMBIA,2024,COLOMBIA 2,COLOMBIA 2,29/09/2024,23:00,Round 13,Huila,xCqdiIm1,U. Magdalena,tpLItk4L,False,1,2,,,,,,[21],"[49, 62, 87]",Betfair,3.0,1.91,3.75,Betano.br,2.7,2.22,3.6,Betfair,2.2,3.0,3.0,Estrelabet,1.55,2.2,,0.0,0.0,,0.0,0.0,,0.0,0.0,,0.0,0.0,,0.0,0.0,Betfair,1.07,7.0,Betfair,1.4,2.75,Betfair,2.4,1.5,Betfair,4.8,1.14,Betfair,9.0,1.03,Betfair,2.0,1.7,,0.0,0.0,,0.0,0.0,Betano.br,1.27,1.38,1.57,Betano.br,1.2,1.78,1.32,,0.0,0.0,0.0,Betano.br,1.53,2.2,Betano.br,1.6,2.2,Betano.br,1.65,2.15,Betfair,3.75,13.0,34.0,5.5,4.2,7.0,26.0,13.0,5.0,Betano.br,1.9,1.75,,0.0,0.0,,0.0,0.0,Betfair,6.0,Betfair,5.5,Betfair,7.0,Betfair,5.0,Betfair,8.5,Betfair,12.0,Betfair,8.0,Betfair,9.5,Betfair,13.0,Betfair,18.0,Betfair,31.0,Betfair,17.0,Betfair,23.0,Betfair,31.0,Betfair,36.0,,0,0,,0.0,0.0,,0.0,0.0,,0.0,0.0,,0.0,0.0,,0.0,0.0,,0.0,0.0,,0.0,0.0,,0.0,0.0,,0,0,,0.0,0.0,0.0,,0.0,0.0,0.0,,0.0,0.0,0.0,,0.0,0.0,0.0,,0.0,0.0,0.0,,0.0,0.0,0.0,,,,,,,,,,,,,,,,,,,,,,,,,,,,,,,,,,,,,,,,,,,,,,,,,1.0,4.0,,,,,,,,,,,,,,,,,,,,,,,,,,,,,,,,,,,,,,,,,,,,,,,,,,,,,,,,,,,,,,,,,,,1.0,0.0,,,,,,,,,,,,,,,,,,,,,,,,,,,,,,,,,,,,,,,,,,,,,,,,,,,,,,,,,,,,,,,,,,,0.0,4.0,,,,,,,,,,,,,,,,,,,Primera B,4dzRa7y9
2PrVwUBl,COLOMBIA,2024,COLOMBIA 2,COLOMBIA 2,11/09/2024,21:00,Round 10,U. Magdalena,tpLItk4L,Real Cundinamarca,ze01M68P,False,1,0,,,,,,[90],[],Betfair,2.1,2.1,6.0,Betano.br,2.15,2.12,6.1,Betfair,1.47,3.4,7.0,Betano.br,1.47,2.22,Betano.br,2.27,1.45,,0.0,0.0,,0.0,0.0,,0.0,0.0,,0.0,0.0,Betfair,1.05,7.5,Betfair,1.4,2.75,Betfair,2.25,1.57,Betfair,4.8,1.14,Betfair,9.0,1.03,Betfair,2.4,1.5,,0.0,0.0,,0.0,0.0,Betano.br,1.12,1.25,2.35,Betano.br,1.12,1.5,1.7,,0.0,0.0,0.0,Betano.br,1.17,3.95,Betano.br,1.23,3.7,Betano.br,1.27,3.5,Betfair,2.4,14.0,61.0,4.0,5.0,12.0,20.0,14.0,10.0,Betano.br,1.85,1.78,,0.0,0.0,,0.0,0.0,Betfair,6.5,Betfair,4.33,Betfair,11.0,Betfair,6.5,Betfair,5.0,Betfair,26.0,Betfair,7.0,Betfair,19.0,Betfair,19.0,Betfair,8.5,Betfair,126.0,Betfair,12.0,Betfair,81.0,Betfair,31.0,Betfair,91.0,,0,0,,0.0,0.0,,0.0,0.0,Betano.br,1.93,1.7,Betano.br,1.72,1.9,,0.0,0.0,,0.0,0.0,,0.0,0.0,,0.0,0.0,,0,0,,0.0,0.0,0.0,,0.0,0.0,0.0,,0.0,0.0,0.0,,0.0,0.0,0.0,,0.0,0.0,0.0,,0.0,0.0,0.0,,,,,,,,,,,,,,,,,,,,,,,,,,,,,,,,,,,,,,,,,,,,,,,,,2.0,3.0,,,,,,,,,,,,,,,,,,,,,,,,,,,,,,,,,,,,,,,,,,,,,,,,,,,,,,,,,,,,,,,,,,,1.0,1.0,,,,,,,,,,,,,,,,,,,,,,,,,,,,,,,,,,,,,,,,,,,,,,,,,,,,,,,,,,,,,,,,,,,1.0,2.0,,,,,,,,,,,,,,,,,,,Primera B,4dzRa7y9
OCzf3pu0,COLOMBIA,2024,COLOMBIA 2,COLOMBIA 2,23/09/2024,22:30,Round 12,Boca Juniors,6yoKBtoR,Real Santander,nPIUdlJE,False,4,3,,,,,,"[5, 28, 47, 72, 90]","[39, 40, 90]",Betfair,2.63,2.0,4.2,Betano.br,2.3,2.37,4.15,Betfair,1.91,3.25,3.6,Sportingbet.br,1.46,2.5,Sportingbet.br,3.1,1.31,,0.0,0.0,Sportingbet.br,1.31,3.2,Sportingbet.br,2.4,1.5,,0.0,0.0,Betfair,1.05,8.0,Betfair,1.33,3.0,Betfair,2.1,1.65,Betfair,4.0,1.2,Betfair,8.0,1.05,Betfair,1.85,1.85,Sportingbet.br,5.25,1.14,Sportingbet.br,3.9,1.22,Betano.br,1.22,1.3,1.85,Sportingbet.br,1.19,1.7,1.44,Sportingbet.br,1.21,1.55,1.55,Betano.br,1.36,2.65,Betano.br,1.45,2.55,Betano.br,1.45,2.6,Betfair,3.25,12.0,36.0,5.0,4.5,8.5,21.0,13.0,6.0,Betano.br,1.85,1.78,,0.0,0.0,,0.0,0.0,Betfair,7.0,Betfair,5.5,Betfair,8.5,Betfair,5.5,Betfair,7.5,Betfair,15.0,Betfair,7.0,Betfair,10.0,Betfair,12.0,Betfair,14.0,Betfair,41.0,Betfair,13.0,Betfair,26.0,Betfair,23.0,Betfair,36.0,,0,0,,0.0,0.0,,0.0,0.0,,0.0,0.0,Betano.br,1.82,1.78,,0.0,0.0,,0.0,0.0,,0.0,0.0,,0.0,0.0,,0,0,,0.0,0.0,0.0,,0.0,0.0,0.0,,0.0,0.0,0.0,,0.0,0.0,0.0,,0.0,0.0,0.0,,0.0,0.0,0.0,,,,,,,,,,,,,,,,,,,,,,,,,,,,,,,,,,,,,,,,,,,,,,,,,4.0,1.0,,,,,,,,,,,,,,,,,,,,,,,,,,,,,,,,,,,,,,,,,,,,,,,,,,,,,,,,,,,,,,,,,,,1.0,0.0,,,,,,,,,,,,,,,,,,,,,,,,,,,,,,,,,,,,,,,,,,,,,,,,,,,,,,,,,,,,,,,,,,,3.0,1.0,,,,,,,,,,,,,,,,,,,Primera B,4dzRa7y9
WprB0lOP,COLOMBIA,2024,COLOMBIA 2,COLOMBIA 2,27/08/2024,22:30,Round 7,Leones,IZmBcNVO,Boca Juniors,6yoKBtoR,False,2,2,,,,,,[],[],,0.0,0.0,0.0,,0.0,0.0,0.0,,0.0,0.0,0.0,,0.0,0.0,,0.0,0.0,,0.0,0.0,,0.0,0.0,,0.0,0.0,,0.0,0.0,,0.0,0.0,,0.0,0.0,,0.0,0.0,,0.0,0.0,,0.0,0.0,,0.0,0.0,,0.0,0.0,,0.0,0.0,,0.0,0.0,0.0,,0.0,0.0,0.0,,0.0,0.0,0.0,,0.0,0.0,,0.0,0.0,,0.0,0.0,,0.0,0.0,0.0,0.0,0.0,0.0,0.0,0.0,0.0,,0.0,0.0,,0.0,0.0,,0.0,0.0,,0.0,,0.0,,0.0,,0.0,,0.0,,0.0,,0.0,,0.0,,0.0,,0.0,,0.0,,0.0,,0.0,,0.0,,0.0,,0,0,,0.0,0.0,,0.0,0.0,,0.0,0.0,,0.0,0.0,,0.0,0.0,,0.0,0.0,,0.0,0.0,,0.0,0.0,,0,0,,0.0,0.0,0.0,,0.0,0.0,0.0,,0.0,0.0,0.0,,0.0,0.0,0.0,,0.0,0.0,0.0,,0.0,0.0,0.0,,,,,,,,,,,,,,,,,,,,,,,,,,,,,,,,,,,,,,,,,,,,,,,,,,,,,,,,,,,,,,,,,,,,,,,,,,,,,,,,,,,,,,,,,,,,,,,,,,,,,,,,,,,,,,,,,,,,,,,,,,,,,,,,,,,,,,,,,,,,,,,,,,,,,,,,,,,,,,,,,,,,,,,,,,,,,,,,,,,,,,,,,,,,,,,,,,,,,,,,,,,,,Primera B,4dzRa7y9
IFXo56Am,COLOMBIA,2024,COLOMBIA 2,COLOMBIA 2,25/09/2024,00:30,Round 12,Barranquilla,O8ANu9JR,Huila,xCqdiIm1,False,1,2,,,,,,[70],"[32, 64]",Betfair,3.3,1.91,3.4,Betano.br,3.2,2.3,2.85,Betfair,2.6,3.0,2.6,Sportingbet.br,1.47,2.45,Sportingbet.br,3.2,1.3,,0.0,0.0,Sportingbet.br,1.32,3.1,Sportingbet.br,2.45,1.47,,0.0,0.0,Betfair,1.06,7.5,Betfair,1.36,2.88,Betfair,2.25,1.57,Betfair,4.5,1.17,Betfair,9.0,1.03,Betfair,1.91,1.8,Sportingbet.br,5.0,1.15,Sportingbet.br,3.8,1.22,Betano.br,1.5,1.36,1.39,Sportingbet.br,1.31,1.73,1.28,Sportingbet.br,1.36,1.58,1.32,Estrelabet,1.95,1.75,Betano.br,1.98,1.75,Betano.br,1.98,1.78,Betfair,4.33,13.0,26.0,6.0,4.33,6.5,26.0,12.0,4.5,Estrelabet,1.95,1.75,,0.0,0.0,,0.0,0.0,Betfair,6.5,Betfair,6.5,Betfair,6.5,Betfair,5.0,Betfair,10.0,Betfair,10.0,Betfair,8.5,Betfair,8.5,Betfair,12.0,Betfair,23.0,Betfair,23.0,Betfair,18.0,Betfair,20.0,Betfair,31.0,Betfair,31.0,,0,0,,0.0,0.0,,0.0,0.0,,0.0,0.0,,0.0,0.0,,0.0,0.0,,0.0,0.0,,0.0,0.0,,0.0,0.0,,0,0,,0.0,0.0,0.0,,0.0,0.0,0.0,,0.0,0.0,0.0,,0.0,0.0,0.0,,0.0,0.0,0.0,,0.0,0.0,0.0,,,,,,,,,,,,,,,,,,,,,,,,,,,,,,,,,,,,,,,,,,,,,,,,,4.0,2.0,,,,,,,,,,,,,,,,,,,,,,,,,,,,,,,,,,,,,,,,,,,,,,,,,,,,,,,,,,,,,,,,,,,1.0,0.0,,,,,,,,,,,,,,,,,,,,,,,,,,,,,,,,,,,,,,,,,,,,,,,,,,,,,,,,,,,,,,,,,,,3.0,2.0,,,,,,,,,,,,,,,,,,,Primera B,4dzRa7y9
tjzxGrt3,COLOMBIA,2024,COLOMBIA 2,COLOMBIA 2,27/09/2024,20:15,Round 13,Real Santander,nPIUdlJE,Cartagena,6eofBSjQ,False,0,0,,,,,,[],[],Betfair,4.0,2.1,2.63,Betano.br,3.8,2.45,2.32,Betfair,3.4,3.4,1.85,Sportingbet.br,1.39,2.75,Sportingbet.br,2.8,1.38,,0.0,0.0,Sportingbet.br,1.24,3.7,Sportingbet.br,2.1,1.63,,0.0,0.0,Betfair,1.03,9.0,Betfair,1.29,3.3,Betfair,1.95,1.75,Betfair,3.6,1.25,Betfair,7.5,1.06,Betfair,1.73,1.95,Sportingbet.br,4.6,1.17,Sportingbet.br,3.4,1.28,Sportingbet.br,1.83,1.28,1.25,Betano.br,1.4,1.65,1.21,Sportingbet.br,1.57,1.49,1.23,Estrelabet,2.71,1.4,Betano.br,2.35,1.52,Betano.br,2.45,1.5,Betfair,6.0,13.0,21.0,8.0,4.5,5.0,31.0,12.0,3.3,Estrelabet,1.9,1.8,,0.0,0.0,,0.0,0.0,Betfair,8.0,Betfair,9.0,Betfair,6.0,Betfair,5.5,Betfair,15.0,Betfair,8.0,Betfair,10.0,Betfair,7.0,Betfair,11.0,Betfair,36.0,Betfair,15.0,Betfair,23.0,Betfair,13.0,Betfair,34.0,Betfair,21.0,,0,0,,0.0,0.0,,0.0,0.0,,0.0,0.0,,0.0,0.0,Betano.br,1.72,1.88,Betano.br,1.7,1.91,,0.0,0.0,,0.0,0.0,,0,0,,0.0,0.0,0.0,,0.0,0.0,0.0,,0.0,0.0,0.0,,0.0,0.0,0.0,,0.0,0.0,0.0,,0.0,0.0,0.0,,,,,,,,,,,,,,,,,,,,,,,,,,,,,,,,,,,,,,,,,,,,,,,,,3.0,2.0,,,,,,,,,,,,,,,,,,,,,,,,,,,,,,,,,,,,,,,,,,,,,,,,,,,,,,,,,,,,,,,,,,,2.0,2.0,,,,,,,,,,,,,,,,,,,,,,,,,,,,,,,,,,,,,,,,,,,,,,,,,,,,,,,,,,,,,,,,,,,1.0,0.0,,,,,,,,,,,,,,,,,,,Primera B,4dzRa7y9
GjucipoC,COLOMBIA,2024,COLOMBIA 2,COLOMBIA 2,27/08/2024,22:00,Round 7,Tigres,EcJJz8BQ,Inter Palmira,8tIHbqDh,False,1,0,,,,,,[],[],,0.0,0.0,0.0,,0.0,0.0,0.0,,0.0,0.0,0.0,,0.0,0.0,,0.0,0.0,,0.0,0.0,,0.0,0.0,,0.0,0.0,,0.0,0.0,,0.0,0.0,,0.0,0.0,,0.0,0.0,,0.0,0.0,,0.0,0.0,,0.0,0.0,,0.0,0.0,,0.0,0.0,,0.0,0.0,0.0,,0.0,0.0,0.0,,0.0,0.0,0.0,,0.0,0.0,,0.0,0.0,,0.0,0.0,,0.0,0.0,0.0,0.0,0.0,0.0,0.0,0.0,0.0,,0.0,0.0,,0.0,0.0,,0.0,0.0,,0.0,,0.0,,0.0,,0.0,,0.0,,0.0,,0.0,,0.0,,0.0,,0.0,,0.0,,0.0,,0.0,,0.0,,0.0,,0,0,,0.0,0.0,,0.0,0.0,,0.0,0.0,,0.0,0.0,,0.0,0.0,,0.0,0.0,,0.0,0.0,,0.0,0.0,,0,0,,0.0,0.0,0.0,,0.0,0.0,0.0,,0.0,0.0,0.0,,0.0,0.0,0.0,,0.0,0.0,0.0,,0.0,0.0,0.0,,,,,,,,,,,,,,,,,,,,,,,,,,,,,,,,,,,,,,,,,,,,,,,,,,,,,,,,,,,,,,,,,,,,,,,,,,,,,,,,,,,,,,,,,,,,,,,,,,,,,,,,,,,,,,,,,,,,,,,,,,,,,,,,,,,,,,,,,,,,,,,,,,,,,,,,,,,,,,,,,,,,,,,,,,,,,,,,,,,,,,,,,,,,,,,,,,,,,,,,,,,,,Primera B,4dzRa7y9
rP1Gv716,COLOMBIA,2024,COLOMBIA 2,COLOMBIA 2,27/08/2024,21:00,Round 7,Cucuta,zs0leK3r,Huila,xCqdiIm1,False,1,2,,,,,,[],[],,0.0,0.0,0.0,,0.0,0.0,0.0,,0.0,0.0,0.0,,0.0,0.0,,0.0,0.0,,0.0,0.0,,0.0,0.0,,0.0,0.0,,0.0,0.0,,0.0,0.0,,0.0,0.0,,0.0,0.0,,0.0,0.0,,0.0,0.0,,0.0,0.0,,0.0,0.0,,0.0,0.0,,0.0,0.0,0.0,,0.0,0.0,0.0,,0.0,0.0,0.0,,0.0,0.0,,0.0,0.0,,0.0,0.0,,0.0,0.0,0.0,0.0,0.0,0.0,0.0,0.0,0.0,,0.0,0.0,,0.0,0.0,,0.0,0.0,,0.0,,0.0,,0.0,,0.0,,0.0,,0.0,,0.0,,0.0,,0.0,,0.0,,0.0,,0.0,,0.0,,0.0,,0.0,,0,0,,0.0,0.0,,0.0,0.0,,0.0,0.0,,0.0,0.0,,0.0,0.0,,0.0,0.0,,0.0,0.0,,0.0,0.0,,0,0,,0.0,0.0,0.0,,0.0,0.0,0.0,,0.0,0.0,0.0,,0.0,0.0,0.0,,0.0,0.0,0.0,,0.0,0.0,0.0,,,,,,,,,,,,,,,,,,,,,,,,,,,,,,,,,,,,,,,,,,,,,,,,,,,,,,,,,,,,,,,,,,,,,,,,,,,,,,,,,,,,,,,,,,,,,,,,,,,,,,,,,,,,,,,,,,,,,,,,,,,,,,,,,,,,,,,,,,,,,,,,,,,,,,,,,,,,,,,,,,,,,,,,,,,,,,,,,,,,,,,,,,,,,,,,,,,,,,,,,,,,,Primera B,4dzRa7y9
2wO3hTQs,COLOMBIA,2024,COLOMBIA 2,COLOMBIA 2,15/09/2024,20:00,Round 11,Leones,IZmBcNVO,Cucuta,zs0leK3r,False,1,0,,,,,,[29],[],Betfair,3.4,2.0,3.2,Betano.br,3.0,2.3,3.0,Betfair,2.63,3.0,2.45,Estrelabet,1.45,2.4,Estrelabet,2.66,1.36,,0.0,0.0,,0.0,0.0,,0.0,0.0,,0.0,0.0,Betfair,1.05,8.0,Betfair,1.3,3.2,Betfair,2.1,1.65,Betfair,4.0,1.2,Betfair,8.0,1.05,Betfair,1.8,1.87,,0.0,0.0,,0.0,0.0,Betano.br,1.44,1.35,1.45,Betano.br,1.27,1.72,1.28,,0.0,0.0,0.0,Estrelabet,1.83,1.83,Betano.br,1.83,1.87,Betano.br,1.88,1.87,Betfair,4.5,12.0,20.0,6.5,5.0,5.5,23.0,13.0,3.75,Estrelabet,1.9,1.8,,0.0,0.0,,0.0,0.0,Betfair,7.0,Betfair,7.0,Betfair,6.5,Betfair,5.0,Betfair,10.0,Betfair,10.0,Betfair,8.5,Betfair,8.0,Betfair,11.0,Betfair,23.0,Betfair,21.0,Betfair,19.0,Betfair,18.0,Betfair,26.0,Betfair,26.0,,0,0,,0.0,0.0,,0.0,0.0,,0.0,0.0,,0.0,0.0,,0.0,0.0,,0.0,0.0,,0.0,0.0,,0.0,0.0,,0,0,,0.0,0.0,0.0,,0.0,0.0,0.0,,0.0,0.0,0.0,,0.0,0.0,0.0,,0.0,0.0,0.0,,0.0,0.0,0.0,,,,,,,,,,,,,,,,,,,,,,,,,,,,,,,,,,,,,,,,,,,,,,,,,2.0,2.0,,,,,,,,,,,,,,,,,,,,,,,,,,,,,,,,,,,,,,,,,,,,,,,,,,,,,,,,,,,,,,,,,,,1.0,0.0,,,,,,,,,,,,,,,,,,,,,,,,,,,,,,,,,,,,,,,,,,,,,,,,,,,,,,,,,,,,,,,,,,,1.0,2.0,,,,,,,,,,,,,,,,,,,Primera B,4dzRa7y9
xvNPVoxI,COLOMBIA,2024,COLOMBIA 2,COLOMBIA 2,22/10/2024,23:00,Round 16,Atletico F.C.,jD7zZpR7,Barranquilla,O8ANu9JR,False,1,1,,,,,,[39],[30],Betfair,6.0,2.2,2.0,Betano.br,5.3,2.62,1.88,Betfair,5.5,3.8,1.44,Novibet,1.4,2.8,Novibet,2.8,1.4,Novibet,7.5,1.09,Novibet,1.25,3.75,Sportingbet.br,2.15,1.62,Novibet,4.5,1.2,Betfair,1.02,10.0,Betfair,1.25,3.6,Betfair,1.85,1.85,Betfair,3.3,1.29,Betfair,7.0,1.07,Betfair,1.95,1.73,Sportingbet.br,5.0,1.15,Sportingbet.br,3.75,1.23,Betano.br,2.4,1.22,1.14,Sportingbet.br,1.63,1.6,1.13,Sportingbet.br,1.8,1.46,1.14,Novibet,3.75,1.22,Betano.br,3.3,1.29,Betano.br,3.5,1.27,Betfair,10.0,15.0,19.0,12.0,5.5,4.0,51.0,14.0,2.3,Novibet,1.86,1.83,Novibet,2.02,1.67,Novibet,1.93,1.74,Betfair,9.0,Betfair,12.0,Betfair,5.5,Betfair,6.5,Betfair,26.0,Betfair,5.5,Betfair,15.0,Betfair,6.0,Betfair,14.0,Betfair,91.0,Betfair,9.0,Betfair,46.0,Betfair,10.0,Betfair,51.0,Betfair,21.0,,0,0,,0.0,0.0,,0.0,0.0,,0.0,0.0,Novibet,3.0,1.33,Estrelabet,2.2,1.55,Novibet,1.42,2.8,,0.0,0.0,,0.0,0.0,,0,0,,0.0,0.0,0.0,Novibet,29.0,9.8,5.2,Novibet,12.0,5.7,2.6,Novibet,2.25,3.45,1.16,Novibet,1.41,4.5,1.01,,0.0,0.0,0.0,,,,,,,,,,,,,,,,,,,,,,,,,,,,,,,,,,,,,,,,,,,,,,,,,2.0,0.0,,,,,,,,,,,,,,,,,,,,,,,,,,,,,,,,,,,,,,,,,,,,,,,,,,,,,,,,,,,,,,,,,,,1.0,0.0,,,,,,,,,,,,,,,,,,,,,,,,,,,,,,,,,,,,,,,,,,,,,,,,,,,,,,,,,,,,,,,,,,,1.0,0.0,,,,,,,,,,,,,,,,,,,Primera B,4dzRa7y9
A9AKloQ6,COLOMBIA,2024,COLOMBIA 2,COLOMBIA 2,17/09/2024,22:30,Round 11,Real Cundinamarca,ze01M68P,Cartagena,6eofBSjQ,False,2,1,,,,,,"[53, 90]",[80],Betfair,3.25,1.91,3.5,Betano.br,2.85,2.27,3.2,Betfair,2.5,3.0,2.63,Sportingbet.br,1.49,2.4,Novibet,3.5,1.3,Novibet,9.5,1.06,Sportingbet.br,1.32,3.1,Novibet,2.5,1.45,Novibet,6.0,1.12,Betfair,1.06,7.5,Betfair,1.4,2.75,Betfair,2.25,1.57,Betfair,4.5,1.17,Betfair,9.0,1.03,Betfair,1.91,1.8,Sportingbet.br,5.0,1.14,Sportingbet.br,3.8,1.22,Betano.br,1.38,1.35,1.52,Betano.br,1.24,1.75,1.3,Sportingbet.br,1.32,1.58,1.36,Betano.br,1.65,1.98,Betano.br,1.72,2.02,Betano.br,1.75,2.0,Betfair,4.2,13.0,31.0,5.5,4.2,6.5,26.0,13.0,4.5,Estrelabet,1.9,1.8,Novibet,2.1,1.62,Novibet,1.99,1.69,Betfair,6.0,Betfair,6.0,Betfair,6.5,Betfair,5.0,Betfair,9.5,Betfair,11.0,Betfair,8.5,Betfair,8.5,Betfair,12.0,Betfair,21.0,Betfair,26.0,Betfair,18.0,Betfair,21.0,Betfair,31.0,Betfair,34.0,,0,0,,0.0,0.0,,0.0,0.0,,0.0,0.0,,0.0,0.0,,0.0,0.0,,0.0,0.0,,0.0,0.0,,0.0,0.0,,0,0,,0.0,0.0,0.0,Novibet,13.5,6.7,16.25,Novibet,5.5,3.85,6.4,Novibet,1.39,4.1,1.47,Novibet,1.08,7.2,1.11,,0.0,0.0,0.0,,,,,,,,,,,,,,,,,,,,,,,,,,,,,,,,,,,,,,,,,,,,,,,,,3.0,3.0,,,,,,,,,,,,,,,,,,,,,,,,,,,,,,,,,,,,,,,,,,,,,,,,,,,,,,,,,,,,,,,,,,,1.0,1.0,,,,,,,,,,,,,,,,,,,,,,,,,,,,,,,,,,,,,,,,,,,,,,,,,,,,,,,,,,,,,,,,,,,2.0,2.0,,,,,,,,,,,,,,,,,,,Primera B,4dzRa7y9
OfDGYYZ8,COLOMBIA,2024,COLOMBIA 2,COLOMBIA 2,08/09/2024,23:00,Round 10,Huila,xCqdiIm1,Tigres,EcJJz8BQ,False,4,0,,,,,,"[6, 47, 51, 77]",[],Betfair,1.91,2.25,6.0,Betano.br,1.85,2.65,5.5,Betfair,1.4,3.9,6.5,Sportingbet.br,1.37,2.8,Sportingbet.br,2.75,1.39,,0.0,0.0,Sportingbet.br,1.2,4.1,Sportingbet.br,1.95,1.73,,0.0,0.0,Betfair,1.02,10.0,Betfair,1.25,3.6,Betfair,1.85,1.85,Betfair,3.3,1.29,Betfair,6.5,1.08,Betfair,1.95,1.73,Sportingbet.br,5.0,1.15,Sportingbet.br,3.4,1.27,Betano.br,1.12,1.22,2.47,Sportingbet.br,1.13,1.58,1.65,Sportingbet.br,1.14,1.41,1.87,Estrelabet,1.16,4.33,Betano.br,1.27,3.45,Betano.br,1.25,3.65,Betfair,2.2,14.0,56.0,4.2,6.0,13.0,20.0,15.0,11.0,Betano.br,1.85,1.8,,0.0,0.0,,0.0,0.0,Betfair,9.0,Betfair,5.5,Betfair,14.0,Betfair,7.0,Betfair,5.5,Betfair,26.0,Betfair,6.5,Betfair,17.0,Betfair,14.0,Betfair,8.5,Betfair,91.0,Betfair,10.0,Betfair,51.0,Betfair,21.0,Betfair,56.0,,0,0,,0.0,0.0,,0.0,0.0,Estrelabet,1.75,1.9,Betano.br,1.72,1.9,,0.0,0.0,,0.0,0.0,,0.0,0.0,,0.0,0.0,,0,0,,0.0,0.0,0.0,,0.0,0.0,0.0,,0.0,0.0,0.0,,0.0,0.0,0.0,,0.0,0.0,0.0,,0.0,0.0,0.0,,,,,,,,,,,,,,,,,,,,,,,,,,,,,,,,,,,,,,,,,,,,,,,,,1.0,1.0,,,,,,,,,,,,,,,,,,,,,,,,,,,,,,,,,,,,,,,,,,,,,,,,,,,,,,,,,,,,,,,,,,,,,,,,,,,,,,,,,,,,,,,,,,,,,,,,,,,,,,,,,,,,,,,,,,,,,,,,,,,,,,,,,,,,,,,1.0,1.0,,,,,,,,,,,,,,,,,,,Primera B,4dzRa7y9
MmQ0pxYR,COLOMBIA,2024,COLOMBIA 2,COLOMBIA 2,22/08/2024,21:00,Round 6,Orsomarso,ET6jTFPs,Quindio,zms5B2Zr,False,0,1,,,,,,[],[],,0.0,0.0,0.0,,0.0,0.0,0.0,,0.0,0.0,0.0,,0.0,0.0,,0.0,0.0,,0.0,0.0,,0.0,0.0,,0.0,0.0,,0.0,0.0,,0.0,0.0,,0.0,0.0,,0.0,0.0,,0.0,0.0,,0.0,0.0,,0.0,0.0,,0.0,0.0,,0.0,0.0,,0.0,0.0,0.0,,0.0,0.0,0.0,,0.0,0.0,0.0,,0.0,0.0,,0.0,0.0,,0.0,0.0,,0.0,0.0,0.0,0.0,0.0,0.0,0.0,0.0,0.0,,0.0,0.0,,0.0,0.0,,0.0,0.0,,0.0,,0.0,,0.0,,0.0,,0.0,,0.0,,0.0,,0.0,,0.0,,0.0,,0.0,,0.0,,0.0,,0.0,,0.0,,0,0,,0.0,0.0,,0.0,0.0,,0.0,0.0,,0.0,0.0,,0.0,0.0,,0.0,0.0,,0.0,0.0,,0.0,0.0,,0,0,,0.0,0.0,0.0,,0.0,0.0,0.0,,0.0,0.0,0.0,,0.0,0.0,0.0,,0.0,0.0,0.0,,0.0,0.0,0.0,,,,,,,,,,,,,,,,,,,,,,,,,,,,,,,,,,,,,,,,,,,,,,,,,,,,,,,,,,,,,,,,,,,,,,,,,,,,,,,,,,,,,,,,,,,,,,,,,,,,,,,,,,,,,,,,,,,,,,,,,,,,,,,,,,,,,,,,,,,,,,,,,,,,,,,,,,,,,,,,,,,,,,,,,,,,,,,,,,,,,,,,,,,,,,,,,,,,,,,,,,,,,Primera B,4dzRa7y9
rLB4N8R7,COLOMBIA,2024,COLOMBIA 2,COLOMBIA 2,11/09/2024,20:00,Round 10,Quindio,zms5B2Zr,Barranquilla,O8ANu9JR,False,1,0,,,,,,[45],[],Betfair,2.5,2.0,4.5,Betano.br,2.32,2.35,4.05,Betfair,1.8,3.2,3.8,Sportingbet.br,1.46,2.5,Sportingbet.br,3.1,1.32,,0.0,0.0,Sportingbet.br,1.29,3.3,Sportingbet.br,2.3,1.53,,0.0,0.0,Betfair,1.05,8.0,Betfair,1.36,2.88,Betfair,2.2,1.6,Betfair,4.0,1.2,Betfair,8.0,1.05,Betfair,1.95,1.73,Sportingbet.br,5.0,1.14,Sportingbet.br,3.7,1.24,Betano.br,1.23,1.29,1.82,Sportingbet.br,1.19,1.71,1.43,Sportingbet.br,1.22,1.53,1.55,Betano.br,1.38,2.6,Betano.br,1.47,2.5,Betano.br,1.47,2.57,Betfair,3.1,13.0,41.0,4.5,4.5,9.0,21.0,13.0,7.0,Estrelabet,1.9,1.8,,0.0,0.0,,0.0,0.0,Betfair,6.5,Betfair,5.5,Betfair,8.5,Betfair,5.5,Betfair,7.0,Betfair,17.0,Betfair,7.0,Betfair,11.0,Betfair,13.0,Betfair,13.0,Betfair,46.0,Betfair,13.0,Betfair,26.0,Betfair,26.0,Betfair,46.0,,0,0,,0.0,0.0,,0.0,0.0,Estrelabet,1.95,1.7,Estrelabet,1.9,1.75,,0.0,0.0,,0.0,0.0,,0.0,0.0,,0.0,0.0,,0,0,Novibet,16.75,8.5,0.0,Novibet,0.0,0.0,23.0,,0.0,0.0,0.0,,0.0,0.0,0.0,Novibet,1.03,8.8,0.0,Novibet,0.0,0.0,1.06,,,,,,,,,,,,,,,,,,,,,,,,,,,,,,,,,,,,,,,,,,,,,,,,,2.0,0.0,,,,,,,,,,,,,,,,,,,,,,,,,,,,,,,,,,,,,,,,,,,,,,,,,,,,,,,,,,,,,,,,,,,1.0,0.0,,,,,,,,,,,,,,,,,,,,,,,,,,,,,,,,,,,,,,,,,,,,,,,,,,,,,,,,,,,,,,,,,,,1.0,0.0,,,,,,,,,,,,,,,,,,,Primera B,4dzRa7y9
UZ0irUpp,COLOMBIA,2024,COLOMBIA 2,COLOMBIA 2,21/08/2024,22:30,Round 6,Huila,xCqdiIm1,Atletico F.C.,jD7zZpR7,False,2,1,,,,,,[],[],,0.0,0.0,0.0,,0.0,0.0,0.0,,0.0,0.0,0.0,,0.0,0.0,,0.0,0.0,,0.0,0.0,,0.0,0.0,,0.0,0.0,,0.0,0.0,,0.0,0.0,,0.0,0.0,,0.0,0.0,,0.0,0.0,,0.0,0.0,,0.0,0.0,,0.0,0.0,,0.0,0.0,,0.0,0.0,0.0,,0.0,0.0,0.0,,0.0,0.0,0.0,,0.0,0.0,,0.0,0.0,,0.0,0.0,,0.0,0.0,0.0,0.0,0.0,0.0,0.0,0.0,0.0,,0.0,0.0,,0.0,0.0,,0.0,0.0,,0.0,,0.0,,0.0,,0.0,,0.0,,0.0,,0.0,,0.0,,0.0,,0.0,,0.0,,0.0,,0.0,,0.0,,0.0,,0,0,,0.0,0.0,,0.0,0.0,,0.0,0.0,,0.0,0.0,,0.0,0.0,,0.0,0.0,,0.0,0.0,,0.0,0.0,,0,0,,0.0,0.0,0.0,,0.0,0.0,0.0,,0.0,0.0,0.0,,0.0,0.0,0.0,,0.0,0.0,0.0,,0.0,0.0,0.0,,,,,,,,,,,,,,,,,,,,,,,,,,,,,,,,,,,,,,,,,,,,,,,,,,,,,,,,,,,,,,,,,,,,,,,,,,,,,,,,,,,,,,,,,,,,,,,,,,,,,,,,,,,,,,,,,,,,,,,,,,,,,,,,,,,,,,,,,,,,,,,,,,,,,,,,,,,,,,,,,,,,,,,,,,,,,,,,,,,,,,,,,,,,,,,,,,,,,,,,,,,,,Primera B,4dzRa7y9
nTlTnpCG,COLOMBIA,2024,COLOMBIA 2,COLOMBIA 2,22/09/2024,22:30,Round 12,Cartagena,6eofBSjQ,Leones,IZmBcNVO,False,1,0,,,,,,[55],[],Betfair,1.91,2.25,6.5,Betano.br,1.78,2.72,5.9,Betfair,1.36,4.1,6.5,Novibet,1.38,2.88,Novibet,2.75,1.42,Novibet,7.0,1.1,Novibet,1.25,4.0,Novibet,2.1,1.67,Novibet,4.5,1.2,Betfair,1.02,10.0,Betfair,1.25,3.6,Betfair,1.85,1.85,Betfair,3.3,1.29,Betfair,7.0,1.07,Betfair,2.0,1.7,Sportingbet.br,4.8,1.16,Sportingbet.br,3.6,1.25,Betano.br,1.11,1.2,2.62,Sportingbet.br,1.12,1.57,1.68,Sportingbet.br,1.13,1.42,1.87,Estrelabet,1.15,4.5,Novibet,1.26,3.6,Betano.br,1.23,3.9,Betfair,2.1,14.0,61.0,4.0,6.0,13.0,20.0,15.0,12.0,Novibet,1.86,1.83,Novibet,2.01,1.68,Novibet,1.92,1.74,Betfair,9.0,Betfair,5.0,Betfair,14.0,Betfair,7.0,Betfair,5.5,Betfair,31.0,Betfair,6.5,Betfair,18.0,Betfair,15.0,Betfair,8.0,Betfair,101.0,Betfair,9.5,Betfair,56.0,Betfair,23.0,Betfair,61.0,,0,0,,0.0,0.0,,0.0,0.0,Betano.br,1.7,1.93,Betano.br,1.78,1.82,,0.0,0.0,,0.0,0.0,,0.0,0.0,,0.0,0.0,,0,0,Novibet,9.4,6.5,0.0,Novibet,4.45,4.35,0.0,Novibet,2.35,3.45,15.5,Novibet,1.1,6.5,2.45,Novibet,0.0,0.0,1.5,Novibet,0.0,0.0,1.16,,,,,,,,,,,,,,,,,,,,,,,,,,,,,,,,,,,,,,,,,,,,,,,,,1.0,1.0,1.0,0.0,,,,,,,,,,,,,,,,,,,,,,,,,,,,,,,,,,,,,,,,,,,,,,,,,,,,,,,,,,,,,,,,,1.0,1.0,,,,,,,,,,,,,,,,,,,,,,,,,,,,,,,,,,,,,,,,,,,,,,,,,,,,,,,,,,,,,,,,,,,,,1.0,0.0,,,,,,,,,,,,,,,,,Primera B,4dzRa7y9
WthaqjlR,COLOMBIA,2024,COLOMBIA 2,COLOMBIA 2,12/09/2024,00:30,Round 10,Cartagena,6eofBSjQ,Atletico F.C.,jD7zZpR7,False,3,0,,,,,,[35],[],Betfair,1.67,2.5,8.5,Betano.br,1.6,2.95,7.4,Betfair,1.22,4.75,9.0,Sportingbet.br,1.26,3.5,Estrelabet,2.4,1.45,,0.0,0.0,Sportingbet.br,1.23,3.75,Sportingbet.br,2.1,1.65,,0.0,0.0,Betfair,1.01,13.0,Betfair,1.2,4.0,Betfair,1.65,2.1,Betfair,2.88,1.36,Betfair,5.5,1.11,Betfair,2.0,1.7,Sportingbet.br,4.33,1.18,Sportingbet.br,4.2,1.2,Betano.br,1.07,1.16,3.25,Sportingbet.br,1.09,1.44,1.98,Sportingbet.br,1.09,1.4,2.05,Estrelabet,1.11,5.33,Betano.br,1.15,4.8,Betano.br,1.15,5.0,Betfair,1.8,17.0,81.0,3.75,8.0,18.0,18.0,20.0,15.0,Betano.br,1.83,1.8,,0.0,0.0,,0.0,0.0,Betfair,12.0,Betfair,5.5,Betfair,20.0,Betfair,8.5,Betfair,5.0,Betfair,51.0,Betfair,6.5,Betfair,21.0,Betfair,17.0,Betfair,7.0,Betfair,151.0,Betfair,9.0,Betfair,81.0,Betfair,20.0,Betfair,81.0,,0,0,,0.0,0.0,Estrelabet,1.9,1.75,,0.0,0.0,,0.0,0.0,,0.0,0.0,,0.0,0.0,,0.0,0.0,,0.0,0.0,,0,0,Novibet,5.2,5.15,0.0,,0.0,0.0,0.0,Novibet,1.97,3.65,0.0,Novibet,0.0,0.0,2.85,,0.0,0.0,0.0,Novibet,0.0,0.0,1.36,,,,,,,,,,,,,,,,,,,,,,,,,,,,,,,,,,,,,,,,,,,,,,,,,1.0,3.0,,,,,,,,,,,,,,,,,,,,,,,,,,,,,,,,,,,,,,,,,,,,,,,,,,,,,,,,,,,,,,,,,,,1.0,3.0,,,,,,,,,,,,,,,,,,,,,,,,,,,,,,,,,,,,,,,,,,,,,,,,,,,,,,,,,,,,,,,,,,,,,,,,,,,,,,,,,,,,,,,Primera B,4dzRa7y9
Eo5uwfQ1,COLOMBIA,2024,COLOMBIA 2,COLOMBIA 2,21/08/2024,21:00,Round 6,Real Santander,nPIUdlJE,Barranquilla,O8ANu9JR,False,2,1,,,,,,[],[],,0.0,0.0,0.0,,0.0,0.0,0.0,,0.0,0.0,0.0,,0.0,0.0,,0.0,0.0,,0.0,0.0,,0.0,0.0,,0.0,0.0,,0.0,0.0,,0.0,0.0,,0.0,0.0,,0.0,0.0,,0.0,0.0,,0.0,0.0,,0.0,0.0,,0.0,0.0,,0.0,0.0,,0.0,0.0,0.0,,0.0,0.0,0.0,,0.0,0.0,0.0,,0.0,0.0,,0.0,0.0,,0.0,0.0,,0.0,0.0,0.0,0.0,0.0,0.0,0.0,0.0,0.0,,0.0,0.0,,0.0,0.0,,0.0,0.0,,0.0,,0.0,,0.0,,0.0,,0.0,,0.0,,0.0,,0.0,,0.0,,0.0,,0.0,,0.0,,0.0,,0.0,,0.0,,0,0,,0.0,0.0,,0.0,0.0,,0.0,0.0,,0.0,0.0,,0.0,0.0,,0.0,0.0,,0.0,0.0,,0.0,0.0,,0,0,,0.0,0.0,0.0,,0.0,0.0,0.0,,0.0,0.0,0.0,,0.0,0.0,0.0,,0.0,0.0,0.0,,0.0,0.0,0.0,,,,,,,,,,,,,,,,,,,,,,,,,,,,,,,,,,,,,,,,,,,,,,,,,,,,,,,,,,,,,,,,,,,,,,,,,,,,,,,,,,,,,,,,,,,,,,,,,,,,,,,,,,,,,,,,,,,,,,,,,,,,,,,,,,,,,,,,,,,,,,,,,,,,,,,,,,,,,,,,,,,,,,,,,,,,,,,,,,,,,,,,,,,,,,,,,,,,,,,,,,,,,Primera B,4dzRa7y9
j5ceRjSr,COLOMBIA,2024,COLOMBIA 2,COLOMBIA 2,10/09/2024,00:00,Round 10,Bogota,foERz7de,Real Santander,nPIUdlJE,False,1,0,,,,,,[13],[],Betfair,2.3,2.0,5.0,Betano.br,2.1,2.42,4.7,Betfair,1.7,3.3,4.75,Novibet,1.45,2.62,Novibet,3.0,1.33,Novibet,8.5,1.07,Novibet,1.3,3.5,Novibet,2.25,1.57,Novibet,5.0,1.15,Betfair,1.05,8.0,Betfair,1.33,3.0,Betfair,2.1,1.65,Betfair,4.0,1.2,Betfair,8.0,1.05,Betfair,2.0,1.73,Sportingbet.br,5.0,1.14,Sportingbet.br,3.7,1.24,Betano.br,1.17,1.28,2.02,Novibet,1.18,1.67,1.45,Sportingbet.br,1.19,1.5,1.61,Betano.br,1.27,3.1,Betano.br,1.37,2.85,Betano.br,1.36,3.0,Betfair,2.75,13.0,46.0,4.5,4.5,10.0,21.0,14.0,8.0,Estrelabet,1.9,1.8,Novibet,2.05,1.65,Novibet,1.95,1.72,Betfair,7.0,Betfair,5.0,Betfair,10.0,Betfair,5.5,Betfair,6.0,Betfair,20.0,Betfair,7.0,Betfair,13.0,Betfair,14.0,Betfair,11.0,Betfair,61.0,Betfair,12.0,Betfair,36.0,Betfair,26.0,Betfair,51.0,,0,0,,0.0,0.0,,0.0,0.0,,0.0,0.0,Estrelabet,1.8,1.85,,0.0,0.0,,0.0,0.0,,0.0,0.0,,0.0,0.0,,0,0,Novibet,15.75,8.2,0.0,Novibet,7.0,5.05,24.0,Novibet,3.25,3.5,10.5,Novibet,1.2,5.2,1.89,Novibet,1.03,8.8,1.28,Novibet,0.0,0.0,1.06,,,,,,,,,,,,,,,,,,,,,,,,,,,,,,,,,,,,,,,,,,,,,,,,,2.0,1.0,,,,,,,,,,,,,,,,,,,,,,,,,,,,,,,,,,,,,,,,,,,,,,,,,,,,,,,,,,,,,,,,,,,,,,,,,,,,,,,,,,,,,,,,,,,,,,,,,,,,,,,,,,,,,,,,,,,,,,,,,,,,,,,,,,,,,,,2.0,1.0,,,,,,,,,,,,,,,,,,,Primera B,4dzRa7y9
SU8F9R0t,COLOMBIA,2024,COLOMBIA 2,COLOMBIA 2,31/08/2024,19:00,Round 8,Boca Juniors,6yoKBtoR,Real Cundinamarca,ze01M68P,False,0,2,,,,,,[],"[13, 77]",Betfair,3.0,2.0,3.6,Betano.br,2.75,2.3,3.3,Betfair,2.3,3.0,2.9,Sportingbet.br,1.44,2.55,Sportingbet.br,3.1,1.32,,0.0,0.0,Sportingbet.br,1.28,3.4,Sportingbet.br,2.25,1.55,,0.0,0.0,Betfair,1.05,8.0,Betfair,1.3,3.2,Betfair,2.1,1.65,Betfair,3.8,1.22,Betfair,8.0,1.05,Betfair,1.8,1.91,Sportingbet.br,4.8,1.15,Sportingbet.br,3.5,1.26,Sportingbet.br,1.38,1.32,1.55,Betano.br,1.23,1.75,1.31,Sportingbet.br,1.31,1.53,1.41,Betano.br,1.62,2.05,Betano.br,1.7,2.05,Betano.br,1.72,2.05,Betfair,3.75,12.0,26.0,5.5,4.5,6.5,23.0,12.0,5.0,Betano.br,1.88,1.75,,0.0,0.0,,0.0,0.0,Betfair,7.0,Betfair,6.5,Betfair,7.5,Betfair,5.0,Betfair,9.0,Betfair,12.0,Betfair,7.5,Betfair,8.5,Betfair,11.0,Betfair,18.0,Betfair,26.0,Betfair,15.0,Betfair,21.0,Betfair,26.0,Betfair,26.0,,0,0,,0.0,0.0,,0.0,0.0,,0.0,0.0,,0.0,0.0,,0.0,0.0,,0.0,0.0,,0.0,0.0,,0.0,0.0,,0,0,,0.0,0.0,0.0,,0.0,0.0,0.0,,0.0,0.0,0.0,,0.0,0.0,0.0,,0.0,0.0,0.0,,0.0,0.0,0.0,,,,,,,,,,,,,,,,,,,,,,,,,,,,,,,,,,,,,,,,,,,,,,,,,1.0,1.0,,,,,,,,,,,,,,,,,,,,,,,,,,,,,,,,,,,,,,,,,,,,,,,,,,,,,,,,,,,,,,,,,,,1.0,0.0,,,,,,,,,,,,,,,,,,,,,,,,,,,,,,,,,,,,,,,,,,,,,,,,,,,,,,,,,,,,,,,,,,,0.0,1.0,,,,,,,,,,,,,,,,,,,Primera B,4dzRa7y9
OIe3PUde,COLOMBIA,2024,COLOMBIA 2,COLOMBIA 2,11/09/2024,21:00,Round 10,Cucuta,zs0leK3r,Llaneros,KzwFLhIU,False,0,1,,,,,,[],[64],Betfair,3.75,1.91,3.1,Betano.br,3.6,2.22,2.7,Betfair,3.0,2.8,2.3,Sportingbet.br,1.52,2.35,Sportingbet.br,3.4,1.27,,0.0,0.0,Sportingbet.br,1.36,2.9,Sportingbet.br,2.65,1.42,,0.0,0.0,Betfair,1.07,7.0,Betfair,1.44,2.6,Betfair,2.4,1.5,Betfair,4.8,1.14,Betfair,10.0,1.02,Betfair,2.0,1.7,Sportingbet.br,5.5,1.13,Sportingbet.br,4.2,1.2,Sportingbet.br,1.58,1.35,1.33,Betano.br,1.31,1.78,1.21,Sportingbet.br,1.41,1.61,1.26,Estrelabet,2.2,1.6,Betano.br,2.1,1.65,Betano.br,2.15,1.65,Betfair,5.0,13.0,26.0,6.5,4.2,5.5,31.0,13.0,4.2,Estrelabet,1.95,1.75,,0.0,0.0,,0.0,0.0,Betfair,6.0,Betfair,6.5,Betfair,5.5,Betfair,5.0,Betfair,12.0,Betfair,8.5,Betfair,9.5,Betfair,8.0,Betfair,13.0,Betfair,31.0,Betfair,19.0,Betfair,23.0,Betfair,17.0,Betfair,36.0,Betfair,31.0,,0,0,,0.0,0.0,,0.0,0.0,,0.0,0.0,,0.0,0.0,,0.0,0.0,,0.0,0.0,,0.0,0.0,,0.0,0.0,,0,0,,0.0,0.0,0.0,,0.0,0.0,0.0,,0.0,0.0,0.0,,0.0,0.0,0.0,,0.0,0.0,0.0,,0.0,0.0,0.0,,,,,,,,,,,,,,,,,,,,,,,,,,,,,,,,,,,,,,,,,,,,,,,,,2.0,2.0,,,,,,,,,,,,,,,,,,,,,,,,,,,,,,,,,,,,,,,,,,,,,,,,,,,,,,,,,,,,,,,,,,,1.0,0.0,,,,,,,,,,,,,,,,,,,,,,,,,,,,,,,,,,,,,,,,,,,,,,,,,,,,,,,,,,,,,,,,,,,1.0,2.0,,,,,,,,,,,,,,,,,,,Primera B,4dzRa7y9
AmHuXLb4,COLOMBIA,2024,COLOMBIA 2,COLOMBIA 2,05/09/2024,00:30,Round 9,Leones,IZmBcNVO,U. Magdalena,tpLItk4L,False,1,1,,,,,,[81],[25],Betfair,4.0,2.0,2.7,Betano.br,3.85,2.47,2.3,Betfair,3.4,3.0,2.0,Betano.br,1.4,2.4,Betano.br,2.42,1.39,,0.0,0.0,,0.0,0.0,,0.0,0.0,,0.0,0.0,Betfair,1.05,8.0,Betfair,1.33,3.0,Betfair,2.1,1.65,Betfair,4.0,1.2,Betfair,8.0,1.05,Betfair,1.83,1.83,,0.0,0.0,,0.0,0.0,Betano.br,1.78,1.3,1.27,Betano.br,1.4,1.65,1.21,,0.0,0.0,0.0,Betano.br,2.47,1.42,Betano.br,2.35,1.53,Betano.br,2.47,1.5,Betfair,6.0,13.0,21.0,8.0,4.5,5.0,34.0,12.0,3.4,Betano.br,1.85,1.78,,0.0,0.0,,0.0,0.0,Betfair,7.0,Betfair,8.0,Betfair,6.0,Betfair,5.0,Betfair,14.0,Betfair,8.0,Betfair,10.0,Betfair,7.0,Betfair,11.0,Betfair,36.0,Betfair,15.0,Betfair,26.0,Betfair,14.0,Betfair,36.0,Betfair,23.0,,0,0,,0.0,0.0,,0.0,0.0,,0.0,0.0,,0.0,0.0,Betano.br,1.72,1.88,,0.0,0.0,,0.0,0.0,,0.0,0.0,,0,0,,0.0,0.0,0.0,,0.0,0.0,0.0,,0.0,0.0,0.0,,0.0,0.0,0.0,,0.0,0.0,0.0,,0.0,0.0,0.0,,,,,,,,,,,,,,,,,,,,,,,,,,,,,,,,,,,,,,,,,,,,,,,,,2.0,5.0,,,,,,,,,,,,,,,,,,,,,,,,,,,,,,,,,,,,,,,,,,,,,,,,,,,,,,,,,,,,,,,,,,,1.0,1.0,,,,,,,,,,,,,,,,,,,,,,,,,,,,,,,,,,,,,,,,,,,,,,,,,,,,,,,,,,,,,,,,,,,1.0,4.0,,,,,,,,,,,,,,,,,,,Primera B,4dzRa7y9
jRjzqGgo,COLOMBIA,2024,COLOMBIA 2,COLOMBIA 2,23/09/2024,20:30,Round 12,Cucuta,zs0leK3r,Tigres,EcJJz8BQ,False,3,0,,,,,,"[6, 31, 64]",[],Betfair,2.1,2.1,6.0,Betano.br,1.95,2.47,5.5,Betfair,1.53,3.8,5.0,Sportingbet.br,1.43,2.6,Sportingbet.br,3.0,1.33,,0.0,0.0,Sportingbet.br,1.26,3.5,Sportingbet.br,2.2,1.57,,0.0,0.0,Betfair,1.05,8.0,Betfair,1.33,3.0,Betfair,2.1,1.65,Betfair,4.0,1.2,Betfair,8.0,1.05,Betfair,2.1,1.65,Sportingbet.br,5.5,1.12,Sportingbet.br,4.0,1.21,Sportingbet.br,1.14,1.24,2.3,Betano.br,1.12,1.65,1.53,Sportingbet.br,1.13,1.46,1.8,Estrelabet,1.18,4.2,Betano.br,1.27,3.45,Betano.br,1.28,3.5,Betfair,2.3,14.0,61.0,4.0,5.0,13.0,20.0,15.0,11.0,Betano.br,1.85,1.78,,0.0,0.0,,0.0,0.0,Betfair,7.5,Betfair,5.0,Betfair,11.0,Betfair,6.0,Betfair,5.5,Betfair,26.0,Betfair,6.5,Betfair,15.0,Betfair,14.0,Betfair,9.5,Betfair,81.0,Betfair,11.0,Betfair,51.0,Betfair,26.0,Betfair,67.0,,0,0,,0.0,0.0,,0.0,0.0,Estrelabet,1.9,1.75,Betano.br,1.72,1.9,,0.0,0.0,,0.0,0.0,,0.0,0.0,,0.0,0.0,,0,0,,0.0,0.0,0.0,,0.0,0.0,0.0,,0.0,0.0,0.0,,0.0,0.0,0.0,,0.0,0.0,0.0,,0.0,0.0,0.0,,,,,,,,,,,,,,,,,,,,,,,,,,,,,,,,,,,,,,,,,,,,,,,,,3.0,2.0,,,,,,,,,,,,,,,,,,,,,,,,,,,,,,,,,,,,,,,,,,,,,,,,,,,,,,,,,,,,,,,,,,,0.0,1.0,,,,,,,,,,,,,,,,,,,,,,,,,,,,,,,,,,,,,,,,,,,,,,,,,,,,,,,,,,,,,,,,,,,3.0,1.0,,,,,,,,,,,,,,,,,,,Primera B,4dzRa7y9
YmmbKrFb,COLOMBIA,2024,COLOMBIA 2,COLOMBIA 2,01/09/2024,15:00,Round 8,U. Magdalena,tpLItk4L,Real Santander,nPIUdlJE,False,4,0,,,,,,"[7, 16, 54, 60]",[],Betfair,1.67,2.4,8.5,Betano.br,1.57,3.0,7.5,Betfair,1.2,5.0,9.5,Novibet,1.33,3.0,Novibet,2.5,1.45,Novibet,6.0,1.12,Novibet,1.22,4.0,Novibet,1.91,1.73,Novibet,4.0,1.22,Betfair,1.01,11.0,Betfair,1.2,4.0,Betfair,1.73,2.0,Betfair,2.88,1.36,Betfair,5.5,1.11,Betfair,2.2,1.57,Novibet,4.55,1.15,Novibet,3.35,1.26,Betano.br,1.06,1.15,3.35,Novibet,1.1,1.5,1.83,Novibet,1.12,1.42,2.0,Novibet,1.11,5.5,Betano.br,1.15,4.75,Betano.br,1.14,5.1,Betfair,1.83,18.0,81.0,3.75,7.5,18.0,21.0,21.0,15.0,Novibet,1.86,1.83,Novibet,1.98,1.7,Novibet,1.92,1.74,Betfair,11.0,Betfair,5.0,Betfair,21.0,Betfair,8.5,Betfair,5.0,Betfair,61.0,Betfair,7.0,Betfair,23.0,Betfair,20.0,Betfair,6.0,Betfair,176.0,Betfair,9.0,Betfair,101.0,Betfair,23.0,Betfair,91.0,,0,0,,0.0,0.0,Betano.br,1.82,1.78,Betano.br,1.87,1.75,,0.0,0.0,,0.0,0.0,,0.0,0.0,,0.0,0.0,,0.0,0.0,,0,0,,0.0,0.0,0.0,Novibet,3.5,4.2,10.25,Novibet,2.02,3.55,21.0,Novibet,1.06,7.5,2.9,Novibet,1.16,5.9,1.67,,0.0,0.0,0.0,,,,,,,,,,,,,,,,,,,,,,,,,,,,,,,,,,,,,,,,,,,,,,,,,1.0,1.0,,,,,,,,,,,,,,,,,,,,,,,,,,,,,,,,,,,,,,,,,,,,,,,,,,,,,,,,,,,,,,,,,,,1.0,0.0,,,,,,,,,,,,,,,,,,,,,,,,,,,,,,,,,,,,,,,,,,,,,,,,,,,,,,,,,,,,,,,,,,,0.0,1.0,,,,,,,,,,,,,,,,,,,Primera B,4dzRa7y9
EmKoyDwH,COLOMBIA,2024,COLOMBIA 2,COLOMBIA 2,17/08/2024,22:00,Round 5,Barranquilla,O8ANu9JR,Boca Juniors,6yoKBtoR,False,1,1,,,,,,[],[],,0.0,0.0,0.0,,0.0,0.0,0.0,,0.0,0.0,0.0,,0.0,0.0,,0.0,0.0,,0.0,0.0,,0.0,0.0,,0.0,0.0,,0.0,0.0,,0.0,0.0,,0.0,0.0,,0.0,0.0,,0.0,0.0,,0.0,0.0,,0.0,0.0,,0.0,0.0,,0.0,0.0,,0.0,0.0,0.0,,0.0,0.0,0.0,,0.0,0.0,0.0,,0.0,0.0,,0.0,0.0,,0.0,0.0,,0.0,0.0,0.0,0.0,0.0,0.0,0.0,0.0,0.0,,0.0,0.0,,0.0,0.0,,0.0,0.0,,0.0,,0.0,,0.0,,0.0,,0.0,,0.0,,0.0,,0.0,,0.0,,0.0,,0.0,,0.0,,0.0,,0.0,,0.0,,0,0,,0.0,0.0,,0.0,0.0,,0.0,0.0,,0.0,0.0,,0.0,0.0,,0.0,0.0,,0.0,0.0,,0.0,0.0,,0,0,,0.0,0.0,0.0,,0.0,0.0,0.0,,0.0,0.0,0.0,,0.0,0.0,0.0,,0.0,0.0,0.0,,0.0,0.0,0.0,,,,,,,,,,,,,,,,,,,,,,,,,,,,,,,,,,,,,,,,,,,,,,,,,,,,,,,,,,,,,,,,,,,,,,,,,,,,,,,,,,,,,,,,,,,,,,,,,,,,,,,,,,,,,,,,,,,,,,,,,,,,,,,,,,,,,,,,,,,,,,,,,,,,,,,,,,,,,,,,,,,,,,,,,,,,,,,,,,,,,,,,,,,,,,,,,,,,,,,,,,,,,Primera B,4dzRa7y9
WOjCiYNc,COLOMBIA,2024,COLOMBIA 2,COLOMBIA 2,17/08/2024,20:30,Round 5,Inter Palmira,8tIHbqDh,Real Cundinamarca,ze01M68P,False,0,0,,,,,,[],[],,0.0,0.0,0.0,,0.0,0.0,0.0,,0.0,0.0,0.0,,0.0,0.0,,0.0,0.0,,0.0,0.0,,0.0,0.0,,0.0,0.0,,0.0,0.0,,0.0,0.0,,0.0,0.0,,0.0,0.0,,0.0,0.0,,0.0,0.0,,0.0,0.0,,0.0,0.0,,0.0,0.0,,0.0,0.0,0.0,,0.0,0.0,0.0,,0.0,0.0,0.0,,0.0,0.0,,0.0,0.0,,0.0,0.0,,0.0,0.0,0.0,0.0,0.0,0.0,0.0,0.0,0.0,,0.0,0.0,,0.0,0.0,,0.0,0.0,,0.0,,0.0,,0.0,,0.0,,0.0,,0.0,,0.0,,0.0,,0.0,,0.0,,0.0,,0.0,,0.0,,0.0,,0.0,,0,0,,0.0,0.0,,0.0,0.0,,0.0,0.0,,0.0,0.0,,0.0,0.0,,0.0,0.0,,0.0,0.0,,0.0,0.0,,0,0,,0.0,0.0,0.0,,0.0,0.0,0.0,,0.0,0.0,0.0,,0.0,0.0,0.0,,0.0,0.0,0.0,,0.0,0.0,0.0,,,,,,,,,,,,,,,,,,,,,,,,,,,,,,,,,,,,,,,,,,,,,,,,,,,,,,,,,,,,,,,,,,,,,,,,,,,,,,,,,,,,,,,,,,,,,,,,,,,,,,,,,,,,,,,,,,,,,,,,,,,,,,,,,,,,,,,,,,,,,,,,,,,,,,,,,,,,,,,,,,,,,,,,,,,,,,,,,,,,,,,,,,,,,,,,,,,,,,,,,,,,,Primera B,4dzRa7y9
ILQxwZ84,COLOMBIA,2024,COLOMBIA 2,COLOMBIA 2,16/08/2024,20:30,Round 5,Atletico F.C.,jD7zZpR7,Real Santander,nPIUdlJE,False,0,1,,,,,,[],[],,0.0,0.0,0.0,,0.0,0.0,0.0,,0.0,0.0,0.0,,0.0,0.0,,0.0,0.0,,0.0,0.0,,0.0,0.0,,0.0,0.0,,0.0,0.0,,0.0,0.0,,0.0,0.0,,0.0,0.0,,0.0,0.0,,0.0,0.0,,0.0,0.0,,0.0,0.0,,0.0,0.0,,0.0,0.0,0.0,,0.0,0.0,0.0,,0.0,0.0,0.0,,0.0,0.0,,0.0,0.0,,0.0,0.0,,0.0,0.0,0.0,0.0,0.0,0.0,0.0,0.0,0.0,,0.0,0.0,,0.0,0.0,,0.0,0.0,,0.0,,0.0,,0.0,,0.0,,0.0,,0.0,,0.0,,0.0,,0.0,,0.0,,0.0,,0.0,,0.0,,0.0,,0.0,,0,0,,0.0,0.0,,0.0,0.0,,0.0,0.0,,0.0,0.0,,0.0,0.0,,0.0,0.0,,0.0,0.0,,0.0,0.0,,0,0,,0.0,0.0,0.0,,0.0,0.0,0.0,,0.0,0.0,0.0,,0.0,0.0,0.0,,0.0,0.0,0.0,,0.0,0.0,0.0,,,,,,,,,,,,,,,,,,,,,,,,,,,,,,,,,,,,,,,,,,,,,,,,,,,,,,,,,,,,,,,,,,,,,,,,,,,,,,,,,,,,,,,,,,,,,,,,,,,,,,,,,,,,,,,,,,,,,,,,,,,,,,,,,,,,,,,,,,,,,,,,,,,,,,,,,,,,,,,,,,,,,,,,,,,,,,,,,,,,,,,,,,,,,,,,,,,,,,,,,,,,,Primera B,4dzRa7y9
ELNWYsUi,COLOMBIA,2024,COLOMBIA 2,COLOMBIA 2,05/09/2024,00:30,Round 9,Inter Palmira,8tIHbqDh,Orsomarso,ET6jTFPs,False,0,0,,,,,,[],[],Betfair,2.88,1.83,4.33,Betano.br,2.6,2.2,3.85,Betfair,2.05,2.88,3.4,Sportingbet.br,1.6,2.2,Sportingbet.br,3.75,1.23,,0.0,0.0,Sportingbet.br,1.37,2.85,Sportingbet.br,2.7,1.41,,0.0,0.0,Betfair,1.08,6.5,Betfair,1.45,2.55,Betfair,2.55,1.45,Betfair,5.2,1.13,Betfair,11.0,1.01,Betfair,2.05,1.67,Sportingbet.br,6.0,1.11,Sportingbet.br,4.33,1.19,Betano.br,1.24,1.36,1.65,Sportingbet.br,1.19,1.85,1.35,Sportingbet.br,1.23,1.62,1.44,Estrelabet,1.5,2.4,Betano.br,1.53,2.35,Betano.br,1.57,2.32,Betfair,3.6,12.0,36.0,5.0,4.0,7.5,26.0,13.0,6.0,Betano.br,1.9,1.75,,0.0,0.0,,0.0,0.0,Betfair,5.5,Betfair,5.0,Betfair,7.0,Betfair,5.0,Betfair,8.0,Betfair,14.0,Betfair,7.5,Betfair,11.0,Betfair,14.0,Betfair,17.0,Betfair,41.0,Betfair,18.0,Betfair,31.0,Betfair,31.0,Betfair,46.0,,0,0,,0.0,0.0,,0.0,0.0,,0.0,0.0,Estrelabet,1.9,1.75,,0.0,0.0,,0.0,0.0,,0.0,0.0,,0.0,0.0,,0,0,,0.0,0.0,0.0,,0.0,0.0,0.0,,0.0,0.0,0.0,,0.0,0.0,0.0,,0.0,0.0,0.0,,0.0,0.0,0.0,,,,,,,,,,,,,,,,,,,,,,,,,,,,,,,,,,,,,,,,,,,,,,,,,1.0,1.0,,,,,,,,,,,,,,,,,,,,,,,,,,,,,,,,,,,,,,,,,,,,,,,,,,,,,,,,,,,,,,,,,,,0.0,1.0,,,,,,,,,,,,,,,,,,,,,,,,,,,,,,,,,,,,,,,,,,,,,,,,,,,,,,,,,,,,,,,,,,,1.0,0.0,,,,,,,,,,,,,,,,,,,Primera B,4dzRa7y9
fghyoOtT,COLOMBIA,2024,COLOMBIA 2,COLOMBIA 2,21/09/2024,21:00,Round 12,U. Magdalena,tpLItk4L,Inter Palmira,8tIHbqDh,False,1,0,,,,,,[42],[],Betfair,2.25,2.0,5.5,Betano.br,2.02,2.42,5.2,Betfair,1.6,3.3,5.0,Betano.br,1.45,2.25,,0.0,0.0,,0.0,0.0,,0.0,0.0,,0.0,0.0,,0.0,0.0,Betfair,1.05,8.0,Betfair,1.36,2.88,Betfair,2.2,1.6,Betfair,4.0,1.2,Betfair,8.0,1.05,Betfair,2.05,1.67,,0.0,0.0,,0.0,0.0,Betano.br,1.15,1.26,2.18,Betano.br,1.14,1.65,1.5,,0.0,0.0,0.0,Betano.br,1.22,3.4,Betano.br,1.32,3.1,Betano.br,1.3,3.3,Betfair,2.6,14.0,46.0,4.2,5.0,11.0,21.0,14.0,9.0,Betano.br,1.85,1.8,,0.0,0.0,,0.0,0.0,Betfair,7.0,Betfair,5.0,Betfair,10.0,Betfair,6.0,Betfair,6.0,Betfair,21.0,Betfair,7.0,Betfair,14.0,Betfair,15.0,Betfair,10.0,Betfair,71.0,Betfair,12.0,Betfair,41.0,Betfair,26.0,Betfair,67.0,,0,0,,0.0,0.0,,0.0,0.0,,0.0,0.0,Betano.br,1.7,1.91,,0.0,0.0,,0.0,0.0,,0.0,0.0,,0.0,0.0,,0,0,,0.0,0.0,0.0,,0.0,0.0,0.0,,0.0,0.0,0.0,,0.0,0.0,0.0,,0.0,0.0,0.0,,0.0,0.0,0.0,,,,,,,,,,,,,,,,,,,,,,,,,,,,,,,,,,,,,,,,,,,,,,,,,1.0,2.0,,,,,,,,,,,,,,,,,,,,,,,,,,,,,,,,,,,,,,,,,,,,,,,,,,,,,,,,,,,,,,,,,,,,,,,,,,,,,,,,,,,,,,,,,,,,,,,,,,,,,,,,,,,,,,,,,,,,,,,,,,,,,,,,,,,,,,,1.0,2.0,,,,,,,,,,,,,,,,,,,Primera B,4dzRa7y9
r1FmVaTG,COLOMBIA,2024,COLOMBIA 2,COLOMBIA 2,06/09/2024,20:00,Round 9,Real Cundinamarca,ze01M68P,Llaneros,KzwFLhIU,False,1,1,,,,,,[33],[85],Betfair,3.5,1.91,3.3,Sportingbet.br,3.2,2.1,3.0,Betfair,2.75,2.88,2.55,Sportingbet.br,1.44,2.55,Sportingbet.br,3.1,1.32,,0.0,0.0,Sportingbet.br,1.39,2.75,Sportingbet.br,2.8,1.37,,0.0,0.0,Betfair,1.07,7.0,Betfair,1.44,2.6,Betfair,2.4,1.5,Betfair,4.8,1.14,Betfair,10.0,1.02,Betfair,1.75,2.0,Sportingbet.br,5.0,1.15,Sportingbet.br,4.5,1.18,Betano.br,1.47,1.34,1.42,Betano.br,1.28,1.7,1.28,Sportingbet.br,1.33,1.65,1.3,Estrelabet,1.9,1.8,Betano.br,1.88,1.82,Betano.br,1.91,1.82,Betfair,4.5,12.0,26.0,6.0,4.2,6.0,31.0,12.0,4.5,Estrelabet,1.9,1.8,,0.0,0.0,,0.0,0.0,Betfair,8.0,Betfair,7.5,Betfair,7.0,Betfair,5.5,Betfair,11.0,Betfair,10.0,Betfair,8.0,Betfair,7.5,Betfair,10.0,Betfair,23.0,Betfair,21.0,Betfair,18.0,Betfair,15.0,Betfair,26.0,Betfair,23.0,,0,0,,0.0,0.0,,0.0,0.0,,0.0,0.0,,0.0,0.0,,0.0,0.0,,0.0,0.0,,0.0,0.0,,0.0,0.0,,0,0,,0.0,0.0,0.0,,0.0,0.0,0.0,,0.0,0.0,0.0,,0.0,0.0,0.0,,0.0,0.0,0.0,,0.0,0.0,0.0,,,,,,,,,,,,,,,,,,,,,,,,,,,,,,,,,,,,,,,,,,,,,,,,,2.0,2.0,,,,,,,,,,,,,,,,,,,,,,,,,,,,,,,,,,,,,,,,,,,,,,,,,,,,,,,,,,,,,,,,,,,2.0,1.0,,,,,,,,,,,,,,,,,,,,,,,,,,,,,,,,,,,,,,,,,,,,,,,,,,,,,,,,,,,,,,,,,,,0.0,1.0,,,,,,,,,,,,,,,,,,,Primera B,4dzRa7y9
nc87tTWg,COLOMBIA,2024,COLOMBIA 2,COLOMBIA 2,28/08/2024,00:30,Round 7,Barranquilla,O8ANu9JR,Llaneros,KzwFLhIU,False,3,2,,,,,,"[21, 44, 69]","[37, 82]",Betfair,3.6,2.0,2.88,Betano.br,3.45,2.32,2.65,Betfair,3.0,3.0,2.2,Novibet,1.45,2.6,Sportingbet.br,3.1,1.31,Novibet,9.0,1.07,Novibet,1.3,3.4,Sportingbet.br,2.35,1.52,Novibet,5.5,1.15,Betfair,1.05,8.0,Betfair,1.33,3.0,Betfair,2.1,1.65,Betfair,3.8,1.22,Betfair,8.0,1.05,Betfair,1.8,1.91,Sportingbet.br,5.0,1.14,Sportingbet.br,3.7,1.24,Sportingbet.br,1.61,1.32,1.34,Sportingbet.br,1.36,1.72,1.24,Novibet,1.42,1.56,1.29,Novibet,2.2,1.59,Novibet,2.15,1.65,Novibet,2.15,1.66,Betfair,5.0,13.0,23.0,7.0,4.5,5.5,26.0,13.0,3.75,Estrelabet,1.9,1.8,Novibet,2.07,1.64,Novibet,1.97,1.71,Betfair,7.0,Betfair,7.5,Betfair,6.5,Betfair,5.0,Betfair,12.0,Betfair,9.0,Betfair,9.0,Betfair,7.5,Betfair,11.0,Betfair,26.0,Betfair,17.0,Betfair,21.0,Betfair,15.0,Betfair,31.0,Betfair,23.0,,0,0,,0.0,0.0,,0.0,0.0,,0.0,0.0,,0.0,0.0,Betano.br,1.7,1.9,,0.0,0.0,,0.0,0.0,,0.0,0.0,,0,0,,0.0,0.0,0.0,Novibet,18.0,7.8,10.5,Novibet,7.3,4.4,4.55,Novibet,1.58,3.75,1.32,Novibet,1.16,6.1,1.06,,0.0,0.0,0.0,,,,,,,,,,,,,,,,,,,,,,,,,,,,,,,,,,,,,,,,,,,,,,,,,2.0,2.0,,,,,,,,,,,,,,,,,,,,,,,,,,,,,,,,,,,,,,,,,,,,,,,,,,,,,,,,,,,,,,,,,,,,,,,,,,,,,,,,,,,,,,,,,,,,,,,,,,,,,,,,,,,,,,,,,,,,,,,,,,,,,,,,,,,,,,,2.0,2.0,,,,,,,,,,,,,,,,,,,Primera B,4dzRa7y9
GCGX3NUH,COLOMBIA,2024,COLOMBIA 2,COLOMBIA 2,01/09/2024,00:30,Round 8,Llaneros,KzwFLhIU,Tigres,EcJJz8BQ,False,2,0,,,,,,"[22, 37]",[],Betfair,2.0,2.1,6.5,Betano.br,1.85,2.52,6.1,Betfair,1.44,3.6,6.5,Sportingbet.br,1.44,2.55,Sportingbet.br,3.0,1.33,,0.0,0.0,Sportingbet.br,1.26,3.5,Sportingbet.br,2.2,1.6,,0.0,0.0,Betfair,1.05,8.0,Betfair,1.33,3.0,Betfair,2.1,1.65,Betfair,4.0,1.2,Betfair,8.0,1.05,Betfair,2.15,1.6,Sportingbet.br,5.75,1.12,Sportingbet.br,4.0,1.21,Sportingbet.br,1.11,1.24,2.5,Sportingbet.br,1.1,1.65,1.65,Sportingbet.br,1.11,1.44,1.88,Estrelabet,1.14,5.0,Betano.br,1.25,3.6,Betano.br,1.23,3.9,Betfair,2.3,14.0,56.0,4.0,5.0,13.0,21.0,15.0,11.0,Betano.br,1.83,1.8,,0.0,0.0,,0.0,0.0,Betfair,7.5,Betfair,4.5,Betfair,12.0,Betfair,6.5,Betfair,5.5,Betfair,26.0,Betfair,6.5,Betfair,17.0,Betfair,15.0,Betfair,8.5,Betfair,101.0,Betfair,11.0,Betfair,67.0,Betfair,26.0,Betfair,76.0,,0,0,,0.0,0.0,,0.0,0.0,Estrelabet,1.75,1.9,,0.0,0.0,,0.0,0.0,,0.0,0.0,,0.0,0.0,,0.0,0.0,,0,0,,0.0,0.0,0.0,,0.0,0.0,0.0,,0.0,0.0,0.0,,0.0,0.0,0.0,,0.0,0.0,0.0,,0.0,0.0,0.0,,,,,,,,,,,,,,,,,,,,,,,,,,,,,,,,,,,,,,,,,,,,,,,,,1.0,1.0,,,,,,,,,,,,,,,,,,,,,,,,,,,,,,,,,,,,,,,,,,,,,,,,,,,,,,,,,,,,,,,,,,,,,,,,,,,,,,,,,,,,,,,,,,,,,,,,,,,,,,,,,,,,,,,,,,,,,,,,,,,,,,,,,,,,,,,1.0,1.0,,,,,,,,,,,,,,,,,,,Primera B,4dzRa7y9
nBmteSom,COLOMBIA,2024,COLOMBIA 2,COLOMBIA 2,25/08/2024,23:00,Round 7,Cartagena,6eofBSjQ,U. Magdalena,tpLItk4L,False,2,0,,,,,,"[6, 59]",[],Betfair,2.8,2.0,4.0,Betano.br,2.55,2.4,3.45,Betfair,2.0,3.0,3.3,Betano.br,1.42,2.35,,0.0,0.0,,0.0,0.0,,0.0,0.0,,0.0,0.0,,0.0,0.0,Betfair,1.05,8.0,Betfair,1.36,2.88,Betfair,2.2,1.6,Betfair,4.0,1.2,Betfair,8.0,1.05,Betfair,1.83,1.83,,0.0,0.0,,0.0,0.0,Betano.br,1.31,1.3,1.65,Betano.br,1.24,1.65,1.35,,0.0,0.0,0.0,Betano.br,1.55,2.15,Betano.br,1.65,2.12,Betano.br,1.62,2.2,Betfair,3.5,12.0,34.0,5.0,4.5,7.5,23.0,13.0,6.0,Betano.br,1.85,1.8,,0.0,0.0,,0.0,0.0,Betfair,6.5,Betfair,5.5,Betfair,8.0,Betfair,5.0,Betfair,8.0,Betfair,14.0,Betfair,7.0,Betfair,10.0,Betfair,12.0,Betfair,15.0,Betfair,34.0,Betfair,15.0,Betfair,26.0,Betfair,26.0,Betfair,36.0,,0,0,,0.0,0.0,,0.0,0.0,,0.0,0.0,Betano.br,1.9,1.7,,0.0,0.0,,0.0,0.0,,0.0,0.0,,0.0,0.0,,0,0,,0.0,0.0,0.0,,0.0,0.0,0.0,,0.0,0.0,0.0,,0.0,0.0,0.0,,0.0,0.0,0.0,,0.0,0.0,0.0,,,,,,,,,,,,,,,,,,,,,,,,,,,,,,,,,,,,,,,,,,,,,,,,,3.0,1.0,,,,,,,,,,,,,,,,,,,,,,,,,,,,,,,,,,,,,,,,,,,,,,,,,,,,,,,,,,,,,,,,,,,1.0,1.0,,,,,,,,,,,,,,,,,,,,,,,,,,,,,,,,,,,,,,,,,,,,,,,,,,,,,,,,,,,,,,,,,,,2.0,0.0,,,,,,,,,,,,,,,,,,,Primera B,4dzRa7y9
Gx0OxoWI,COLOMBIA,2024,COLOMBIA 2,COLOMBIA 2,26/08/2024,23:00,Round 7,Quindio,zms5B2Zr,Bogota,foERz7de,False,2,2,,,,,,"[40, 90]","[20, 35]",Betfair,1.8,2.4,7.0,Betano.br,1.91,2.52,5.6,Betfair,1.29,5.0,7.5,Sportingbet.br,1.29,3.25,Sportingbet.br,2.37,1.51,,0.0,0.0,Sportingbet.br,1.18,4.4,Sportingbet.br,1.85,1.83,,0.0,0.0,Betfair,1.01,13.0,Betfair,1.17,4.5,Betfair,1.6,2.2,Betfair,2.75,1.4,Betfair,5.5,1.11,Betfair,1.91,1.8,Sportingbet.br,4.4,1.18,Sportingbet.br,3.3,1.28,Sportingbet.br,1.11,1.18,2.7,Sportingbet.br,1.12,1.49,1.8,Sportingbet.br,1.12,1.37,2.0,Estrelabet,1.11,5.33,Betano.br,1.23,3.8,Betano.br,1.26,3.65,Betfair,1.91,15.0,56.0,4.0,7.0,15.0,18.0,18.0,13.0,Betano.br,1.83,1.8,,0.0,0.0,,0.0,0.0,Betfair,12.0,Betfair,6.0,Betfair,19.0,Betfair,8.0,Betfair,5.5,Betfair,41.0,Betfair,6.5,Betfair,19.0,Betfair,15.0,Betfair,7.5,Betfair,126.0,Betfair,9.0,Betfair,61.0,Betfair,19.0,Betfair,61.0,,0,0,,0.0,0.0,,0.0,0.0,,0.0,0.0,,0.0,0.0,,0.0,0.0,,0.0,0.0,,0.0,0.0,,0.0,0.0,,0,0,,0.0,0.0,0.0,,0.0,0.0,0.0,,0.0,0.0,0.0,,0.0,0.0,0.0,,0.0,0.0,0.0,,0.0,0.0,0.0,,,,,,,,,,,,,,,,,,,,,,,,,,,,,,,,,,,,,,,,,,,,,,,,,1.0,5.0,,,,,,,,,,,,,,,,,,,,,,,,,,,,,,,,,,,,,,,,,,,,,,,,,,,,,,,,,,,,,,,,,,,0.0,2.0,,,,,,,,,,,,,,,,,,,,,,,,,,,,,,,,,,,,,,,,,,,,,,,,,,,,,,,,,,,,,,,,,,,1.0,3.0,,,,,,,,,,,,,,,,,,,Primera B,4dzRa7y9
pCOEHRtR,COLOMBIA,2024,COLOMBIA 2,COLOMBIA 2,07/08/2024,21:00,Round 3,Cucuta,zs0leK3r,Cartagena,6eofBSjQ,False,2,1,,,,,,[],[],,0.0,0.0,0.0,,0.0,0.0,0.0,,0.0,0.0,0.0,,0.0,0.0,,0.0,0.0,,0.0,0.0,,0.0,0.0,,0.0,0.0,,0.0,0.0,,0.0,0.0,,0.0,0.0,,0.0,0.0,,0.0,0.0,,0.0,0.0,,0.0,0.0,,0.0,0.0,,0.0,0.0,,0.0,0.0,0.0,,0.0,0.0,0.0,,0.0,0.0,0.0,,0.0,0.0,,0.0,0.0,,0.0,0.0,,0.0,0.0,0.0,0.0,0.0,0.0,0.0,0.0,0.0,,0.0,0.0,,0.0,0.0,,0.0,0.0,,0.0,,0.0,,0.0,,0.0,,0.0,,0.0,,0.0,,0.0,,0.0,,0.0,,0.0,,0.0,,0.0,,0.0,,0.0,,0,0,,0.0,0.0,,0.0,0.0,,0.0,0.0,,0.0,0.0,,0.0,0.0,,0.0,0.0,,0.0,0.0,,0.0,0.0,,0,0,,0.0,0.0,0.0,,0.0,0.0,0.0,,0.0,0.0,0.0,,0.0,0.0,0.0,,0.0,0.0,0.0,,0.0,0.0,0.0,,,,,,,,,,,,,,,,,,,,,,,,,,,,,,,,,,,,,,,,,,,,,,,,,,,,,,,,,,,,,,,,,,,,,,,,,,,,,,,,,,,,,,,,,,,,,,,,,,,,,,,,,,,,,,,,,,,,,,,,,,,,,,,,,,,,,,,,,,,,,,,,,,,,,,,,,,,,,,,,,,,,,,,,,,,,,,,,,,,,,,,,,,,,,,,,,,,,,,,,,,,,,Primera B,4dzRa7y9
0zkjM4pn,COLOMBIA,2024,COLOMBIA 2,COLOMBIA 2,03/09/2024,00:30,Round 8,Cartagena,6eofBSjQ,Quindio,zms5B2Zr,False,2,0,,,,,,"[33, 45]",[],Betfair,2.1,2.1,6.5,Betano.br,1.93,2.52,5.5,Betfair,1.44,3.8,5.5,Sportingbet.br,1.41,2.65,Sportingbet.br,2.95,1.35,,0.0,0.0,Sportingbet.br,1.26,3.5,Sportingbet.br,2.2,1.58,,0.0,0.0,Betfair,1.05,8.0,Betfair,1.33,3.0,Betfair,2.1,1.65,Betfair,4.0,1.2,Betfair,8.0,1.05,Betfair,2.15,1.6,Sportingbet.br,5.25,1.13,Sportingbet.br,3.9,1.21,Betano.br,1.13,1.24,2.32,Betano.br,1.13,1.62,1.55,,0.0,0.0,0.0,Estrelabet,1.22,3.75,Betano.br,1.29,3.3,Betano.br,1.27,3.5,Betfair,2.3,14.0,61.0,4.0,5.0,13.0,20.0,15.0,11.0,Betano.br,1.83,1.8,,0.0,0.0,,0.0,0.0,Betfair,7.5,Betfair,4.5,Betfair,12.0,Betfair,6.5,Betfair,5.5,Betfair,26.0,Betfair,6.5,Betfair,17.0,Betfair,15.0,Betfair,8.5,Betfair,91.0,Betfair,11.0,Betfair,61.0,Betfair,26.0,Betfair,76.0,,0,0,,0.0,0.0,,0.0,0.0,Betano.br,1.93,1.7,Estrelabet,1.75,1.9,,0.0,0.0,,0.0,0.0,,0.0,0.0,,0.0,0.0,,0,0,,0.0,0.0,0.0,,0.0,0.0,0.0,,0.0,0.0,0.0,,0.0,0.0,0.0,,0.0,0.0,0.0,,0.0,0.0,0.0,,,,,,,,,,,,,,,,,,,,,,,,,,,,,,,,,,,,,,,,,,,,,,,,,4.0,4.0,0.0,1.0,,,,,,,,,,,,,,,,,,,,,,,,,,,,,,,,,,,,,,,,,,,,,,,,,,,,,,,,,,,,,,,,,1.0,2.0,,,,,,,,,,,,,,,,,,,,,,,,,,,,,,,,,,,,,,,,,,,,,,,,,,,,,,,,,,,,,,,,,,,3.0,2.0,0.0,1.0,,,,,,,,,,,,,,,,,Primera B,4dzRa7y9
UaprHino,COLOMBIA,2024,COLOMBIA 2,COLOMBIA 2,10/08/2024,20:00,Round 4,Real Santander,nPIUdlJE,Quindio,zms5B2Zr,False,0,2,,,,,,[],[],,0.0,0.0,0.0,,0.0,0.0,0.0,,0.0,0.0,0.0,,0.0,0.0,,0.0,0.0,,0.0,0.0,,0.0,0.0,,0.0,0.0,,0.0,0.0,,0.0,0.0,,0.0,0.0,,0.0,0.0,,0.0,0.0,,0.0,0.0,,0.0,0.0,,0.0,0.0,,0.0,0.0,,0.0,0.0,0.0,,0.0,0.0,0.0,,0.0,0.0,0.0,,0.0,0.0,,0.0,0.0,,0.0,0.0,,0.0,0.0,0.0,0.0,0.0,0.0,0.0,0.0,0.0,,0.0,0.0,,0.0,0.0,,0.0,0.0,,0.0,,0.0,,0.0,,0.0,,0.0,,0.0,,0.0,,0.0,,0.0,,0.0,,0.0,,0.0,,0.0,,0.0,,0.0,,0,0,,0.0,0.0,,0.0,0.0,,0.0,0.0,,0.0,0.0,,0.0,0.0,,0.0,0.0,,0.0,0.0,,0.0,0.0,,0,0,,0.0,0.0,0.0,,0.0,0.0,0.0,,0.0,0.0,0.0,,0.0,0.0,0.0,,0.0,0.0,0.0,,0.0,0.0,0.0,,,,,,,,,,,,,,,,,,,,,,,,,,,,,,,,,,,,,,,,,,,,,,,,,,,,,,,,,,,,,,,,,,,,,,,,,,,,,,,,,,,,,,,,,,,,,,,,,,,,,,,,,,,,,,,,,,,,,,,,,,,,,,,,,,,,,,,,,,,,,,,,,,,,,,,,,,,,,,,,,,,,,,,,,,,,,,,,,,,,,,,,,,,,,,,,,,,,,,,,,,,,,Primera B,4dzRa7y9
GfFpC54l,COLOMBIA,2024,COLOMBIA 2,COLOMBIA 2,07/08/2024,20:00,Round 3,Inter Palmira,8tIHbqDh,Llaneros,KzwFLhIU,False,0,2,,,,,,[],[],,0.0,0.0,0.0,,0.0,0.0,0.0,,0.0,0.0,0.0,,0.0,0.0,,0.0,0.0,,0.0,0.0,,0.0,0.0,,0.0,0.0,,0.0,0.0,,0.0,0.0,,0.0,0.0,,0.0,0.0,,0.0,0.0,,0.0,0.0,,0.0,0.0,,0.0,0.0,,0.0,0.0,,0.0,0.0,0.0,,0.0,0.0,0.0,,0.0,0.0,0.0,,0.0,0.0,,0.0,0.0,,0.0,0.0,,0.0,0.0,0.0,0.0,0.0,0.0,0.0,0.0,0.0,,0.0,0.0,,0.0,0.0,,0.0,0.0,,0.0,,0.0,,0.0,,0.0,,0.0,,0.0,,0.0,,0.0,,0.0,,0.0,,0.0,,0.0,,0.0,,0.0,,0.0,,0,0,,0.0,0.0,,0.0,0.0,,0.0,0.0,,0.0,0.0,,0.0,0.0,,0.0,0.0,,0.0,0.0,,0.0,0.0,,0,0,,0.0,0.0,0.0,,0.0,0.0,0.0,,0.0,0.0,0.0,,0.0,0.0,0.0,,0.0,0.0,0.0,,0.0,0.0,0.0,,,,,,,,,,,,,,,,,,,,,,,,,,,,,,,,,,,,,,,,,,,,,,,,,,,,,,,,,,,,,,,,,,,,,,,,,,,,,,,,,,,,,,,,,,,,,,,,,,,,,,,,,,,,,,,,,,,,,,,,,,,,,,,,,,,,,,,,,,,,,,,,,,,,,,,,,,,,,,,,,,,,,,,,,,,,,,,,,,,,,,,,,,,,,,,,,,,,,,,,,,,,,Primera B,4dzRa7y9
SjpLkChA,COLOMBIA,2024,COLOMBIA 2,COLOMBIA 2,17/08/2024,23:30,Round 5,Cartagena,6eofBSjQ,Llaneros,KzwFLhIU,False,1,2,,,,,,[10],"[19, 87]",Betfair,3.0,1.91,3.75,Betano.br,2.7,2.27,3.45,Betfair,2.25,2.75,3.1,Sportingbet.br,1.46,2.5,Novibet,3.25,1.33,Novibet,9.0,1.06,Novibet,1.3,3.25,Sportingbet.br,2.5,1.46,Novibet,5.5,1.15,Betfair,1.06,7.5,Betfair,1.36,2.88,Betfair,2.25,1.57,Betfair,4.5,1.17,Betfair,9.0,1.03,Betfair,1.87,1.8,Sportingbet.br,5.0,1.15,Sportingbet.br,3.9,1.22,Betano.br,1.31,1.35,1.57,Betano.br,1.23,1.75,1.31,Sportingbet.br,1.28,1.58,1.4,Estrelabet,1.6,2.2,Novibet,1.67,2.1,Betano.br,1.65,2.15,Betfair,3.75,12.0,31.0,5.5,4.33,7.0,26.0,13.0,5.0,Estrelabet,1.9,1.8,Novibet,2.08,1.63,Novibet,1.98,1.7,Betfair,6.5,Betfair,6.0,Betfair,7.0,Betfair,5.0,Betfair,8.5,Betfair,12.0,Betfair,7.5,Betfair,9.0,Betfair,12.0,Betfair,19.0,Betfair,31.0,Betfair,17.0,Betfair,23.0,Betfair,26.0,Betfair,36.0,,0,0,,0.0,0.0,,0.0,0.0,,0.0,0.0,,0.0,0.0,,0.0,0.0,,0.0,0.0,,0.0,0.0,,0.0,0.0,,0,0,,0.0,0.0,0.0,Novibet,11.0,6.2,18.0,Novibet,4.7,3.75,7.2,Novibet,1.32,4.35,1.56,Novibet,1.06,7.8,1.15,,0.0,0.0,0.0,,,,,,,,,,,,,,,,,,,,,,,,,,,,,,,,,,,,,,,,,,,,,,,,,2.0,3.0,,,,,,,,,,,,,,,,,,,,,,,,,,,,,,,,,,,,,,,,,,,,,,,,,,,,,,,,,,,,,,,,,,,,,,,,,,,,,,,,,,,,,,,,,,,,,,,,,,,,,,,,,,,,,,,,,,,,,,,,,,,,,,,,,,,,,,,2.0,3.0,,,,,,,,,,,,,,,,,,,Primera B,4dzRa7y9
0tAark2s,COLOMBIA,2024,COLOMBIA 2,COLOMBIA 2,26/08/2024,20:00,Round 7,Atletico F.C.,jD7zZpR7,Real Cundinamarca,ze01M68P,False,1,0,,,,,,[48],[],Betfair,3.6,2.0,2.88,Betano.br,3.3,2.35,2.67,Betfair,2.9,3.0,2.3,Sportingbet.br,1.46,2.5,Sportingbet.br,3.1,1.32,,0.0,0.0,Sportingbet.br,1.27,3.4,Sportingbet.br,2.25,1.57,,0.0,0.0,Betfair,1.05,8.0,Betfair,1.3,3.2,Betfair,2.1,1.65,Betfair,3.8,1.22,Betfair,8.0,1.05,Betfair,1.8,1.91,Sportingbet.br,4.8,1.15,Sportingbet.br,3.4,1.27,Betano.br,1.57,1.32,1.37,Sportingbet.br,1.34,1.72,1.26,Sportingbet.br,1.42,1.53,1.31,Estrelabet,2.1,1.66,Betano.br,2.0,1.72,Betano.br,2.07,1.7,Betfair,5.0,12.0,23.0,7.0,4.5,5.5,26.0,12.0,3.75,Estrelabet,1.9,1.8,,0.0,0.0,,0.0,0.0,Betfair,7.0,Betfair,7.5,Betfair,6.5,Betfair,5.0,Betfair,12.0,Betfair,9.5,Betfair,9.0,Betfair,7.5,Betfair,11.0,Betfair,26.0,Betfair,18.0,Betfair,21.0,Betfair,15.0,Betfair,31.0,Betfair,23.0,,0,0,,0.0,0.0,,0.0,0.0,,0.0,0.0,,0.0,0.0,Estrelabet,1.7,1.95,,0.0,0.0,,0.0,0.0,,0.0,0.0,,0,0,,0.0,0.0,0.0,,0.0,0.0,0.0,,0.0,0.0,0.0,,0.0,0.0,0.0,,0.0,0.0,0.0,,0.0,0.0,0.0,,,,,,,,,,,,,,,,,,,,,,,,,,,,,,,,,,,,,,,,,,,,,,,,,5.0,3.0,,,,,,,,,,,,,,,,,,,,,,,,,,,,,,,,,,,,,,,,,,,,,,,,,,,,,,,,,,,,,,,,,,,2.0,1.0,,,,,,,,,,,,,,,,,,,,,,,,,,,,,,,,,,,,,,,,,,,,,,,,,,,,,,,,,,,,,,,,,,,3.0,2.0,,,,,,,,,,,,,,,,,,,Primera B,4dzRa7y9
4IbQTUVj,COLOMBIA,2024,COLOMBIA 2,COLOMBIA 2,17/08/2024,19:00,Round 5,Quindio,zms5B2Zr,U. Magdalena,tpLItk4L,False,1,2,,,,,,[88],"[5, 60]",Betfair,3.25,1.91,3.5,Betano.br,2.9,2.22,3.3,Betfair,2.45,2.75,2.8,Betano.br,1.53,2.1,,0.0,0.0,,0.0,0.0,,0.0,0.0,,0.0,0.0,,0.0,0.0,Betfair,1.06,7.5,Betfair,1.4,2.75,Betfair,2.25,1.57,Betfair,4.5,1.17,Betfair,9.0,1.03,Betfair,1.87,1.8,,0.0,0.0,,0.0,0.0,Betano.br,1.32,1.39,1.47,Betano.br,1.23,1.8,1.28,,0.0,0.0,0.0,Betano.br,1.7,1.93,Betano.br,1.75,1.98,Betano.br,1.75,2.0,Betfair,4.33,13.0,31.0,5.5,4.2,6.5,26.0,12.0,4.5,Betano.br,1.91,1.72,,0.0,0.0,,0.0,0.0,Betfair,6.0,Betfair,6.0,Betfair,6.5,Betfair,5.0,Betfair,9.5,Betfair,11.0,Betfair,8.0,Betfair,9.0,Betfair,12.0,Betfair,21.0,Betfair,26.0,Betfair,18.0,Betfair,21.0,Betfair,31.0,Betfair,34.0,,0,0,,0.0,0.0,,0.0,0.0,,0.0,0.0,,0.0,0.0,,0.0,0.0,,0.0,0.0,,0.0,0.0,,0.0,0.0,,0,0,,0.0,0.0,0.0,,0.0,0.0,0.0,,0.0,0.0,0.0,,0.0,0.0,0.0,,0.0,0.0,0.0,,0.0,0.0,0.0,,,,,,,,,,,,,,,,,,,,,,,,,,,,,,,,,,,,,,,,,,,,,,,,,6.0,4.0,1.0,1.0,,,,,,,,,,,,,,,,,,,,,,,,,,,,,,,,,,,,,,,,,,,,,,,,,,,,,,,,,,,,,,,,,3.0,1.0,,,,,,,,,,,,,,,,,,,,,,,,,,,,,,,,,,,,,,,,,,,,,,,,,,,,,,,,,,,,,,,,,,,3.0,3.0,1.0,1.0,,,,,,,,,,,,,,,,,Primera B,4dzRa7y9
dWJxq7z2,COLOMBIA,2024,COLOMBIA 2,COLOMBIA 2,27/07/2024,20:30,Round 2,Quindio,zms5B2Zr,Tigres,EcJJz8BQ,False,3,1,,,,,,[],[],,0.0,0.0,0.0,,0.0,0.0,0.0,,0.0,0.0,0.0,,0.0,0.0,,0.0,0.0,,0.0,0.0,,0.0,0.0,,0.0,0.0,,0.0,0.0,,0.0,0.0,,0.0,0.0,,0.0,0.0,,0.0,0.0,,0.0,0.0,,0.0,0.0,,0.0,0.0,,0.0,0.0,,0.0,0.0,0.0,,0.0,0.0,0.0,,0.0,0.0,0.0,,0.0,0.0,,0.0,0.0,,0.0,0.0,,0.0,0.0,0.0,0.0,0.0,0.0,0.0,0.0,0.0,,0.0,0.0,,0.0,0.0,,0.0,0.0,,0.0,,0.0,,0.0,,0.0,,0.0,,0.0,,0.0,,0.0,,0.0,,0.0,,0.0,,0.0,,0.0,,0.0,,0.0,,0,0,,0.0,0.0,,0.0,0.0,,0.0,0.0,,0.0,0.0,,0.0,0.0,,0.0,0.0,,0.0,0.0,,0.0,0.0,,0,0,,0.0,0.0,0.0,,0.0,0.0,0.0,,0.0,0.0,0.0,,0.0,0.0,0.0,,0.0,0.0,0.0,,0.0,0.0,0.0,,,,,,,,,,,,,,,,,,,,,,,,,,,,,,,,,,,,,,,,,,,,,,,,,,,,,,,,,,,,,,,,,,,,,,,,,,,,,,,,,,,,,,,,,,,,,,,,,,,,,,,,,,,,,,,,,,,,,,,,,,,,,,,,,,,,,,,,,,,,,,,,,,,,,,,,,,,,,,,,,,,,,,,,,,,,,,,,,,,,,,,,,,,,,,,,,,,,,,,,,,,,,Primera B,4dzRa7y9
2ikBc6ke,COLOMBIA,2024,COLOMBIA 2,COLOMBIA 2,29/07/2024,20:00,Round 2,Real Santander,nPIUdlJE,Real Cundinamarca,ze01M68P,False,0,1,,,,,,[],[],,0.0,0.0,0.0,,0.0,0.0,0.0,,0.0,0.0,0.0,,0.0,0.0,,0.0,0.0,,0.0,0.0,,0.0,0.0,,0.0,0.0,,0.0,0.0,,0.0,0.0,,0.0,0.0,,0.0,0.0,,0.0,0.0,,0.0,0.0,,0.0,0.0,,0.0,0.0,,0.0,0.0,,0.0,0.0,0.0,,0.0,0.0,0.0,,0.0,0.0,0.0,,0.0,0.0,,0.0,0.0,,0.0,0.0,,0.0,0.0,0.0,0.0,0.0,0.0,0.0,0.0,0.0,,0.0,0.0,,0.0,0.0,,0.0,0.0,,0.0,,0.0,,0.0,,0.0,,0.0,,0.0,,0.0,,0.0,,0.0,,0.0,,0.0,,0.0,,0.0,,0.0,,0.0,,0,0,,0.0,0.0,,0.0,0.0,,0.0,0.0,,0.0,0.0,,0.0,0.0,,0.0,0.0,,0.0,0.0,,0.0,0.0,,0,0,,0.0,0.0,0.0,,0.0,0.0,0.0,,0.0,0.0,0.0,,0.0,0.0,0.0,,0.0,0.0,0.0,,0.0,0.0,0.0,,,,,,,,,,,,,,,,,,,,,,,,,,,,,,,,,,,,,,,,,,,,,,,,,,,,,,,,,,,,,,,,,,,,,,,,,,,,,,,,,,,,,,,,,,,,,,,,,,,,,,,,,,,,,,,,,,,,,,,,,,,,,,,,,,,,,,,,,,,,,,,,,,,,,,,,,,,,,,,,,,,,,,,,,,,,,,,,,,,,,,,,,,,,,,,,,,,,,,,,,,,,,Primera B,4dzRa7y9
AgAW4lcL,COLOMBIA,2024,COLOMBIA 2,COLOMBIA 2,27/07/2024,20:00,Round 2,Orsomarso,ET6jTFPs,Inter Palmira,8tIHbqDh,False,2,1,,,,,,[],[],,0.0,0.0,0.0,,0.0,0.0,0.0,,0.0,0.0,0.0,,0.0,0.0,,0.0,0.0,,0.0,0.0,,0.0,0.0,,0.0,0.0,,0.0,0.0,,0.0,0.0,,0.0,0.0,,0.0,0.0,,0.0,0.0,,0.0,0.0,,0.0,0.0,,0.0,0.0,,0.0,0.0,,0.0,0.0,0.0,,0.0,0.0,0.0,,0.0,0.0,0.0,,0.0,0.0,,0.0,0.0,,0.0,0.0,,0.0,0.0,0.0,0.0,0.0,0.0,0.0,0.0,0.0,,0.0,0.0,,0.0,0.0,,0.0,0.0,,0.0,,0.0,,0.0,,0.0,,0.0,,0.0,,0.0,,0.0,,0.0,,0.0,,0.0,,0.0,,0.0,,0.0,,0.0,,0,0,,0.0,0.0,,0.0,0.0,,0.0,0.0,,0.0,0.0,,0.0,0.0,,0.0,0.0,,0.0,0.0,,0.0,0.0,,0,0,,0.0,0.0,0.0,,0.0,0.0,0.0,,0.0,0.0,0.0,,0.0,0.0,0.0,,0.0,0.0,0.0,,0.0,0.0,0.0,,,,,,,,,,,,,,,,,,,,,,,,,,,,,,,,,,,,,,,,,,,,,,,,,,,,,,,,,,,,,,,,,,,,,,,,,,,,,,,,,,,,,,,,,,,,,,,,,,,,,,,,,,,,,,,,,,,,,,,,,,,,,,,,,,,,,,,,,,,,,,,,,,,,,,,,,,,,,,,,,,,,,,,,,,,,,,,,,,,,,,,,,,,,,,,,,,,,,,,,,,,,,Primera B,4dzRa7y9
SlXinb3F,COLOMBIA,2024,COLOMBIA 2,COLOMBIA 2,23/08/2024,00:30,Round 6,Llaneros,KzwFLhIU,Leones,IZmBcNVO,False,1,0,,,,,,[89],[],Betfair,1.83,2.4,6.5,Betano.br,1.7,2.9,6.0,Betfair,1.33,4.5,6.5,Novibet,1.33,3.2,Novibet,2.5,1.5,Novibet,6.0,1.13,Novibet,1.2,4.33,Novibet,1.91,1.8,Novibet,4.0,1.25,Betfair,1.01,11.0,Betfair,1.17,4.5,Betfair,1.6,2.2,Betfair,2.75,1.4,Betfair,5.5,1.11,Betfair,1.67,2.1,Sportingbet.br,4.5,1.17,Sportingbet.br,3.4,1.27,Betano.br,1.1,1.18,2.82,Sportingbet.br,1.11,1.51,1.78,Sportingbet.br,1.12,1.38,2.0,Novibet,1.16,4.5,Betano.br,1.22,3.8,Betano.br,1.21,4.1,Betfair,2.0,14.0,56.0,4.0,6.5,13.0,18.0,15.0,12.0,Estrelabet,1.95,1.75,Novibet,1.97,1.71,Novibet,1.91,1.76,Betfair,10.0,Betfair,6.5,Betfair,13.0,Betfair,6.0,Betfair,6.5,Betfair,26.0,Betfair,6.0,Betfair,13.0,Betfair,11.0,Betfair,9.5,Betfair,56.0,Betfair,9.5,Betfair,34.0,Betfair,17.0,Betfair,36.0,,0,0,,0.0,0.0,,0.0,0.0,Betano.br,1.72,1.9,,0.0,0.0,,0.0,0.0,,0.0,0.0,,0.0,0.0,,0.0,0.0,,0,0,,0.0,0.0,0.0,Novibet,4.0,4.3,0.0,Novibet,2.2,3.6,15.5,Novibet,1.1,6.7,2.6,Novibet,0.0,0.0,1.56,,0.0,0.0,0.0,,,,,,,,,,,,,,,,,,,,,,,,,,,,,,,,,,,,,,,,,,,,,,,,,3.0,3.0,,,,,,,,,,,,,,,,,,,,,,,,,,,,,,,,,,,,,,,,,,,,,,,,,,,,,,,,,,,,,,,,,,,3.0,0.0,,,,,,,,,,,,,,,,,,,,,,,,,,,,,,,,,,,,,,,,,,,,,,,,,,,,,,,,,,,,,,,,,,,0.0,3.0,,,,,,,,,,,,,,,,,,,Primera B,4dzRa7y9
bBA3OZgB,COLOMBIA,2024,COLOMBIA 2,COLOMBIA 2,12/08/2024,21:00,Round 4,Orsomarso,ET6jTFPs,Tigres,EcJJz8BQ,False,1,0,,,,,,[37],[],Betfair,2.8,1.91,4.2,Betano.br,2.5,2.27,3.85,Betfair,2.05,2.8,3.7,Sportingbet.br,1.46,2.5,Sportingbet.br,3.1,1.31,,0.0,0.0,Sportingbet.br,1.34,3.0,Sportingbet.br,2.55,1.44,,0.0,0.0,Betfair,1.06,7.5,Betfair,1.36,2.88,Betfair,2.25,1.57,Betfair,4.5,1.17,Betfair,9.0,1.03,Betfair,1.95,1.73,Sportingbet.br,5.0,1.14,Sportingbet.br,4.1,1.2,Betano.br,1.26,1.33,1.7,Betano.br,1.2,1.75,1.35,Sportingbet.br,1.24,1.58,1.46,Estrelabet,1.5,2.4,Betano.br,1.57,2.25,Betano.br,1.55,2.35,Betfair,3.5,12.0,31.0,5.0,4.33,7.5,23.0,13.0,6.0,Estrelabet,1.9,1.8,,0.0,0.0,,0.0,0.0,Betfair,6.5,Betfair,5.5,Betfair,8.0,Betfair,5.0,Betfair,7.5,Betfair,14.0,Betfair,7.5,Betfair,10.0,Betfair,12.0,Betfair,15.0,Betfair,36.0,Betfair,15.0,Betfair,26.0,Betfair,26.0,Betfair,36.0,,0,0,,0.0,0.0,,0.0,0.0,,0.0,0.0,Estrelabet,1.9,1.75,,0.0,0.0,,0.0,0.0,,0.0,0.0,,0.0,0.0,,0,0,,0.0,0.0,0.0,,0.0,0.0,0.0,,0.0,0.0,0.0,,0.0,0.0,0.0,,0.0,0.0,0.0,,0.0,0.0,0.0,,,,,,,,,,,,,,,,,,,,,,,,,,,,,,,,,,,,,,,,,,,,,,,,,2.0,3.0,,,,,,,,,,,,,,,,,,,,,,,,,,,,,,,,,,,,,,,,,,,,,,,,,,,,,,,,,,,,,,,,,,,0.0,2.0,,,,,,,,,,,,,,,,,,,,,,,,,,,,,,,,,,,,,,,,,,,,,,,,,,,,,,,,,,,,,,,,,,,2.0,1.0,,,,,,,,,,,,,,,,,,,Primera B,4dzRa7y9
OtfTMMI6,COLOMBIA,2024,COLOMBIA 2,COLOMBIA 2,13/08/2024,22:30,Round 4,Boca Juniors,6yoKBtoR,Cucuta,zs0leK3r,False,0,1,,,,,,[],[35],Betfair,3.3,1.91,3.4,Betano.br,3.05,2.22,3.1,Betfair,2.6,3.0,2.6,Sportingbet.br,1.52,2.35,Sportingbet.br,3.4,1.27,,0.0,0.0,Sportingbet.br,1.33,3.0,Sportingbet.br,2.5,1.46,,0.0,0.0,Betfair,1.06,7.5,Betfair,1.4,2.75,Betfair,2.25,1.57,Betfair,4.5,1.17,Betfair,9.0,1.03,Betfair,1.95,1.75,Sportingbet.br,5.5,1.13,Sportingbet.br,3.9,1.22,Sportingbet.br,1.44,1.35,1.46,Betano.br,1.26,1.78,1.26,Sportingbet.br,1.33,1.58,1.34,Betano.br,1.78,1.82,Betano.br,1.85,1.87,Betano.br,1.85,1.88,Betfair,5.0,13.0,26.0,7.0,4.2,5.5,34.0,13.0,4.0,Betano.br,1.9,1.75,,0.0,0.0,,0.0,0.0,Betfair,6.0,Betfair,6.0,Betfair,6.5,Betfair,5.0,Betfair,10.0,Betfair,10.0,Betfair,8.5,Betfair,8.5,Betfair,12.0,Betfair,23.0,Betfair,23.0,Betfair,19.0,Betfair,20.0,Betfair,34.0,Betfair,34.0,,0,0,,0.0,0.0,,0.0,0.0,,0.0,0.0,,0.0,0.0,,0.0,0.0,,0.0,0.0,,0.0,0.0,,0.0,0.0,,0,0,,0.0,0.0,0.0,,0.0,0.0,0.0,,0.0,0.0,0.0,,0.0,0.0,0.0,,0.0,0.0,0.0,,0.0,0.0,0.0,,,,,,,,,,,,,,,,,,,,,,,,,,,,,,,,,,,,,,,,,,,,,,,,,4.0,2.0,,,,,,,,,,,,,,,,,,,,,,,,,,,,,,,,,,,,,,,,,,,,,,,,,,,,,,,,,,,,,,,,,,,1.0,1.0,,,,,,,,,,,,,,,,,,,,,,,,,,,,,,,,,,,,,,,,,,,,,,,,,,,,,,,,,,,,,,,,,,,3.0,1.0,,,,,,,,,,,,,,,,,,,Primera B,4dzRa7y9
4j2yL0mJ,COLOMBIA,2024,COLOMBIA 2,COLOMBIA 2,13/08/2024,20:30,Round 4,Bogota,foERz7de,Cartagena,6eofBSjQ,False,0,1,,,,,,[90],[62],Betfair,5.0,2.0,2.3,Betano.br,4.55,2.42,2.15,Betfair,4.75,3.3,1.7,Sportingbet.br,1.41,2.65,Sportingbet.br,2.9,1.35,,0.0,0.0,Sportingbet.br,1.27,3.4,Sportingbet.br,2.2,1.57,,0.0,0.0,Betfair,1.05,8.0,Betfair,1.3,3.2,Betfair,2.1,1.65,Betfair,4.0,1.2,Betfair,8.0,1.05,Betfair,1.95,1.75,Sportingbet.br,5.0,1.15,Sportingbet.br,3.7,1.24,Betano.br,2.02,1.27,1.18,Betano.br,1.47,1.65,1.16,Sportingbet.br,1.65,1.49,1.18,Estrelabet,3.2,1.3,Betano.br,2.85,1.37,Betano.br,2.9,1.38,Betfair,8.0,13.0,21.0,10.0,4.5,4.5,46.0,13.0,2.75,Betano.br,1.85,1.78,,0.0,0.0,,0.0,0.0,Betfair,7.5,Betfair,10.0,Betfair,5.0,Betfair,5.5,Betfair,20.0,Betfair,6.5,Betfair,13.0,Betfair,6.5,Betfair,13.0,Betfair,56.0,Betfair,11.0,Betfair,36.0,Betfair,12.0,Betfair,51.0,Betfair,23.0,,0,0,,0.0,0.0,,0.0,0.0,,0.0,0.0,,0.0,0.0,Estrelabet,1.95,1.7,,0.0,0.0,,0.0,0.0,,0.0,0.0,,0,0,,0.0,0.0,0.0,,0.0,0.0,0.0,,0.0,0.0,0.0,,0.0,0.0,0.0,,0.0,0.0,0.0,,0.0,0.0,0.0,,,,,,,,,,,,,,,,,,,,,,,,,,,,,,,,,,,,,,,,,,,,,,,,,4.0,2.0,,,,,,,,,,,,,,,,,,,,,,,,,,,,,,,,,,,,,,,,,,,,,,,,,,,,,,,,,,,,,,,,,,,,,,,,,,,,,,,,,,,,,,,,,,,,,,,,,,,,,,,,,,,,,,,,,,,,,,,,,,,,,,,,,,,,,,,4.0,2.0,,,,,,,,,,,,,,,,,,,Primera B,4dzRa7y9
x8jezwhU,COLOMBIA,2024,COLOMBIA 2,COLOMBIA 2,24/07/2024,20:00,Round 1,Boca Juniors,6yoKBtoR,Llaneros,KzwFLhIU,False,0,0,,,,,,[],[],,0.0,0.0,0.0,,0.0,0.0,0.0,,0.0,0.0,0.0,,0.0,0.0,,0.0,0.0,,0.0,0.0,,0.0,0.0,,0.0,0.0,,0.0,0.0,,0.0,0.0,,0.0,0.0,,0.0,0.0,,0.0,0.0,,0.0,0.0,,0.0,0.0,,0.0,0.0,,0.0,0.0,,0.0,0.0,0.0,,0.0,0.0,0.0,,0.0,0.0,0.0,,0.0,0.0,,0.0,0.0,,0.0,0.0,,0.0,0.0,0.0,0.0,0.0,0.0,0.0,0.0,0.0,,0.0,0.0,,0.0,0.0,,0.0,0.0,,0.0,,0.0,,0.0,,0.0,,0.0,,0.0,,0.0,,0.0,,0.0,,0.0,,0.0,,0.0,,0.0,,0.0,,0.0,,0,0,,0.0,0.0,,0.0,0.0,,0.0,0.0,,0.0,0.0,,0.0,0.0,,0.0,0.0,,0.0,0.0,,0.0,0.0,,0,0,,0.0,0.0,0.0,,0.0,0.0,0.0,,0.0,0.0,0.0,,0.0,0.0,0.0,,0.0,0.0,0.0,,0.0,0.0,0.0,,,,,,,,,,,,,,,,,,,,,,,,,,,,,,,,,,,,,,,,,,,,,,,,,,,,,,,,,,,,,,,,,,,,,,,,,,,,,,,,,,,,,,,,,,,,,,,,,,,,,,,,,,,,,,,,,,,,,,,,,,,,,,,,,,,,,,,,,,,,,,,,,,,,,,,,,,,,,,,,,,,,,,,,,,,,,,,,,,,,,,,,,,,,,,,,,,,,,,,,,,,,,Primera B,4dzRa7y9
Em2nYkMq,COLOMBIA,2024,COLOMBIA 2,COLOMBIA 2,22/07/2024,21:00,Round 1,Real Cundinamarca,ze01M68P,Orsomarso,ET6jTFPs,False,2,0,,,,,,[],[],,0.0,0.0,0.0,,0.0,0.0,0.0,,0.0,0.0,0.0,,0.0,0.0,,0.0,0.0,,0.0,0.0,,0.0,0.0,,0.0,0.0,,0.0,0.0,,0.0,0.0,,0.0,0.0,,0.0,0.0,,0.0,0.0,,0.0,0.0,,0.0,0.0,,0.0,0.0,,0.0,0.0,,0.0,0.0,0.0,,0.0,0.0,0.0,,0.0,0.0,0.0,,0.0,0.0,,0.0,0.0,,0.0,0.0,,0.0,0.0,0.0,0.0,0.0,0.0,0.0,0.0,0.0,,0.0,0.0,,0.0,0.0,,0.0,0.0,,0.0,,0.0,,0.0,,0.0,,0.0,,0.0,,0.0,,0.0,,0.0,,0.0,,0.0,,0.0,,0.0,,0.0,,0.0,,0,0,,0.0,0.0,,0.0,0.0,,0.0,0.0,,0.0,0.0,,0.0,0.0,,0.0,0.0,,0.0,0.0,,0.0,0.0,,0,0,,0.0,0.0,0.0,,0.0,0.0,0.0,,0.0,0.0,0.0,,0.0,0.0,0.0,,0.0,0.0,0.0,,0.0,0.0,0.0,,,,,,,,,,,,,,,,,,,,,,,,,,,,,,,,,,,,,,,,,,,,,,,,,,,,,,,,,,,,,,,,,,,,,,,,,,,,,,,,,,,,,,,,,,,,,,,,,,,,,,,,,,,,,,,,,,,,,,,,,,,,,,,,,,,,,,,,,,,,,,,,,,,,,,,,,,,,,,,,,,,,,,,,,,,,,,,,,,,,,,,,,,,,,,,,,,,,,,,,,,,,,Primera B,4dzRa7y9
AR3joCJE,COLOMBIA,2024,COLOMBIA 2,COLOMBIA 2,08/09/2024,20:00,Round 10,Orsomarso,ET6jTFPs,Leones,IZmBcNVO,False,1,1,,,,,,[76],[24],Betfair,2.88,2.0,3.6,Betano.br,2.62,2.37,3.35,Betfair,2.15,3.1,3.0,Sportingbet.br,1.42,2.6,Sportingbet.br,2.95,1.35,,0.0,0.0,Sportingbet.br,1.24,3.7,Sportingbet.br,2.1,1.65,,0.0,0.0,Betfair,1.05,8.0,Betfair,1.29,3.3,Betfair,2.0,1.73,Betfair,3.6,1.25,Betfair,7.5,1.06,Betfair,1.73,1.95,Sportingbet.br,4.6,1.17,Sportingbet.br,3.2,1.3,Betano.br,1.33,1.32,1.6,Betano.br,1.25,1.7,1.32,Sportingbet.br,1.32,1.5,1.44,Estrelabet,1.6,2.2,Betano.br,1.7,2.02,Betano.br,1.7,2.12,Betfair,3.75,12.0,26.0,5.5,4.5,7.0,21.0,12.0,5.0,Estrelabet,1.9,1.8,,0.0,0.0,,0.0,0.0,Betfair,7.5,Betfair,6.5,Betfair,8.0,Betfair,5.0,Betfair,9.0,Betfair,13.0,Betfair,7.5,Betfair,9.0,Betfair,10.0,Betfair,17.0,Betfair,26.0,Betfair,15.0,Betfair,21.0,Betfair,23.0,Betfair,26.0,,0,0,,0.0,0.0,,0.0,0.0,,0.0,0.0,,0.0,0.0,,0.0,0.0,,0.0,0.0,,0.0,0.0,,0.0,0.0,,0,0,,0.0,0.0,0.0,,0.0,0.0,0.0,,0.0,0.0,0.0,,0.0,0.0,0.0,,0.0,0.0,0.0,,0.0,0.0,0.0,,,,,,,,,,,,,,,,,,,,,,,,,,,,,,,,,,,,,,,,,,,,,,,,,4.0,3.0,,,,,,,,,,,,,,,,,,,,,,,,,,,,,,,,,,,,,,,,,,,,,,,,,,,,,,,,,,,,,,,,,,,0.0,1.0,,,,,,,,,,,,,,,,,,,,,,,,,,,,,,,,,,,,,,,,,,,,,,,,,,,,,,,,,,,,,,,,,,,4.0,2.0,,,,,,,,,,,,,,,,,,,Primera B,4dzRa7y9
8lzFjbxB,COLOMBIA,2024,COLOMBIA 2,COLOMBIA 2,22/07/2024,19:00,Round 1,Leones,IZmBcNVO,Real Santander,nPIUdlJE,False,2,0,,,,,,[],[],,0.0,0.0,0.0,,0.0,0.0,0.0,,0.0,0.0,0.0,,0.0,0.0,,0.0,0.0,,0.0,0.0,,0.0,0.0,,0.0,0.0,,0.0,0.0,,0.0,0.0,,0.0,0.0,,0.0,0.0,,0.0,0.0,,0.0,0.0,,0.0,0.0,,0.0,0.0,,0.0,0.0,,0.0,0.0,0.0,,0.0,0.0,0.0,,0.0,0.0,0.0,,0.0,0.0,,0.0,0.0,,0.0,0.0,,0.0,0.0,0.0,0.0,0.0,0.0,0.0,0.0,0.0,,0.0,0.0,,0.0,0.0,,0.0,0.0,,0.0,,0.0,,0.0,,0.0,,0.0,,0.0,,0.0,,0.0,,0.0,,0.0,,0.0,,0.0,,0.0,,0.0,,0.0,,0,0,,0.0,0.0,,0.0,0.0,,0.0,0.0,,0.0,0.0,,0.0,0.0,,0.0,0.0,,0.0,0.0,,0.0,0.0,,0,0,,0.0,0.0,0.0,,0.0,0.0,0.0,,0.0,0.0,0.0,,0.0,0.0,0.0,,0.0,0.0,0.0,,0.0,0.0,0.0,,,,,,,,,,,,,,,,,,,,,,,,,,,,,,,,,,,,,,,,,,,,,,,,,,,,,,,,,,,,,,,,,,,,,,,,,,,,,,,,,,,,,,,,,,,,,,,,,,,,,,,,,,,,,,,,,,,,,,,,,,,,,,,,,,,,,,,,,,,,,,,,,,,,,,,,,,,,,,,,,,,,,,,,,,,,,,,,,,,,,,,,,,,,,,,,,,,,,,,,,,,,,Primera B,4dzRa7y9
KQbCMDON,COLOMBIA,2024,COLOMBIA 2,COLOMBIA 2,11/08/2024,20:00,Round 4,Real Cundinamarca,ze01M68P,Huila,xCqdiIm1,False,1,0,,,,,,[42],[],Betfair,2.7,2.1,3.6,Sportingbet.br,2.25,2.6,3.4,Betfair,1.91,3.5,3.2,Sportingbet.br,1.3,3.2,Estrelabet,2.54,1.4,Novibet,7.5,1.09,Sportingbet.br,1.19,4.2,Novibet,2.1,1.67,Novibet,4.5,1.2,Betfair,1.01,13.0,Betfair,1.14,4.8,Betfair,1.6,2.2,Betfair,2.6,1.44,Betfair,4.8,1.14,Betfair,1.5,2.4,Novibet,4.05,1.18,Novibet,3.05,1.31,Betano.br,1.26,1.26,1.9,Betano.br,1.29,1.6,1.33,Sportingbet.br,1.28,1.44,1.55,Betano.br,1.37,2.62,Betano.br,1.78,1.93,Betano.br,1.83,1.91,Betfair,3.4,12.0,26.0,5.5,5.0,7.5,20.0,13.0,5.5,Novibet,1.86,1.83,Novibet,2.01,1.68,Novibet,1.92,1.75,Betfair,12.0,Betfair,8.0,Betfair,11.0,Betfair,6.0,Betfair,9.0,Betfair,17.0,Betfair,7.0,Betfair,9.0,Betfair,9.5,Betfair,15.0,Betfair,31.0,Betfair,11.0,Betfair,20.0,Betfair,15.0,Betfair,21.0,,0,0,,0.0,0.0,,0.0,0.0,,0.0,0.0,Estrelabet,1.85,1.8,Betano.br,1.8,1.8,,0.0,0.0,,0.0,0.0,,0.0,0.0,,0,0,Novibet,0.0,0.0,14.5,Novibet,0.0,0.0,11.75,Novibet,5.0,4.15,5.0,Novibet,1.47,4.15,1.47,Novibet,1.13,6.6,0.0,Novibet,1.08,7.9,0.0,,,,,,,,,,,,,,,,,,,,,,,,,,,,,,,,,,,,,,,,,,,,,,,,,1.0,2.0,,,,,,,,,,,,,,,,,,,,,,,,,,,,,,,,,,,,,,,,,,,,,,,,,,,,,,,,,,,,,,,,,,,1.0,1.0,,,,,,,,,,,,,,,,,,,,,,,,,,,,,,,,,,,,,,,,,,,,,,,,,,,,,,,,,,,,,,,,,,,0.0,1.0,,,,,,,,,,,,,,,,,,,Primera B,4dzRa7y9
xSdP6AS8,COLOMBIA,2024,COLOMBIA 2,COLOMBIA 2,02/08/2024,00:30,Round 2,Llaneros,KzwFLhIU,U. Magdalena,tpLItk4L,False,1,1,,,,,,[20],[7],Betfair,2.5,2.0,4.5,Betano.br,2.22,2.4,4.3,Betfair,1.8,3.2,3.8,Betano.br,1.45,2.27,,0.0,0.0,,0.0,0.0,,0.0,0.0,,0.0,0.0,,0.0,0.0,Betfair,1.05,8.0,Betfair,1.33,3.0,Betfair,2.1,1.65,Betfair,4.0,1.2,Betfair,8.0,1.05,Betfair,1.83,1.83,,0.0,0.0,,0.0,0.0,Betano.br,1.19,1.29,1.91,Betano.br,1.17,1.65,1.45,,0.0,0.0,0.0,Betano.br,1.32,2.85,Betano.br,1.42,2.67,Betano.br,1.42,2.72,Betfair,3.0,13.0,36.0,4.5,4.5,9.0,21.0,13.0,6.5,Betano.br,1.87,1.78,,0.0,0.0,,0.0,0.0,Betfair,7.0,Betfair,5.5,Betfair,9.0,Betfair,5.5,Betfair,7.0,Betfair,15.0,Betfair,7.0,Betfair,11.0,Betfair,12.0,Betfair,13.0,Betfair,41.0,Betfair,13.0,Betfair,26.0,Betfair,23.0,Betfair,41.0,,0,0,,0.0,0.0,,0.0,0.0,,0.0,0.0,Betano.br,1.75,1.85,,0.0,0.0,,0.0,0.0,,0.0,0.0,,0.0,0.0,,0,0,,0.0,0.0,0.0,,0.0,0.0,0.0,,0.0,0.0,0.0,,0.0,0.0,0.0,,0.0,0.0,0.0,,0.0,0.0,0.0,,,,,,,,,,,,,,,,,,,,,,,,,,,,,,,,,,,,,,,,,,,,,,,,,2.0,2.0,,,,,,,,,,,,,,,,,,,,,,,,,,,,,,,,,,,,,,,,,,,,,,,,,,,,,,,,,,,,,,,,,,,1.0,1.0,,,,,,,,,,,,,,,,,,,,,,,,,,,,,,,,,,,,,,,,,,,,,,,,,,,,,,,,,,,,,,,,,,,1.0,1.0,,,,,,,,,,,,,,,,,,,Primera B,4dzRa7y9
bJrKepK7,COLOMBIA,2024,COLOMBIA 2,COLOMBIA 2,03/08/2024,20:00,Round 3,Huila,xCqdiIm1,Boca Juniors,6yoKBtoR,False,0,2,,,,,,[],"[66, 90]",Betfair,1.91,2.2,7.0,Betano.br,1.78,2.6,6.5,Betfair,1.36,4.2,7.5,Sportingbet.br,1.4,2.7,Sportingbet.br,2.87,1.36,,0.0,0.0,Sportingbet.br,1.25,3.6,Sportingbet.br,2.15,1.6,,0.0,0.0,Betfair,1.03,9.0,Betfair,1.29,3.3,Betfair,2.0,1.73,Betfair,3.8,1.22,Betfair,7.5,1.06,Betfair,2.2,1.6,Sportingbet.br,5.75,1.12,Sportingbet.br,4.2,1.19,Sportingbet.br,1.1,1.21,2.7,Sportingbet.br,1.1,1.58,1.73,Sportingbet.br,1.1,1.43,1.95,Betano.br,1.12,4.6,Betano.br,1.19,4.15,Betano.br,1.2,4.2,Betfair,2.1,15.0,61.0,4.0,5.5,13.0,20.0,17.0,13.0,Betano.br,1.85,1.78,,0.0,0.0,,0.0,0.0,Betfair,8.0,Betfair,4.5,Betfair,14.0,Betfair,7.0,Betfair,5.0,Betfair,34.0,Betfair,6.5,Betfair,19.0,Betfair,17.0,Betfair,7.5,Betfair,101.0,Betfair,10.0,Betfair,71.0,Betfair,26.0,Betfair,81.0,,0,0,,0.0,0.0,,0.0,0.0,Betano.br,1.7,1.93,,0.0,0.0,,0.0,0.0,,0.0,0.0,,0.0,0.0,,0.0,0.0,,0,0,,0.0,0.0,0.0,,0.0,0.0,0.0,,0.0,0.0,0.0,,0.0,0.0,0.0,,0.0,0.0,0.0,,0.0,0.0,0.0,,,,,,,,,,,,,,,,,,,,,,,,,,,,,,,,,,,,,,,,,,,,,,,,,1.0,1.0,,,,,,,,,,,,,,,,,,,,,,,,,,,,,,,,,,,,,,,,,,,,,,,,,,,,,,,,,,,,,,,,,,,1.0,1.0,,,,,,,,,,,,,,,,,,,,,,,,,,,,,,,,,,,,,,,,,,,,,,,,,,,,,,,,,,,,,,,,,,,,,,,,,,,,,,,,,,,,,,,Primera B,4dzRa7y9
GGjLOrlf,COLOMBIA,2024,COLOMBIA 2,COLOMBIA 2,12/08/2024,23:00,Round 4,Barranquilla,O8ANu9JR,U. Magdalena,tpLItk4L,False,1,1,,,,,,[69],[61],Betfair,3.6,1.91,3.1,Betano.br,3.4,2.32,2.67,Betfair,2.88,3.0,2.25,Novibet,1.45,2.6,Novibet,3.0,1.33,Novibet,9.0,1.07,Novibet,1.3,3.4,Novibet,2.25,1.57,Novibet,5.5,1.15,Betfair,1.06,7.5,Betfair,1.36,2.88,Betfair,2.25,1.57,Betfair,4.5,1.17,Betfair,9.0,1.03,Betfair,1.87,1.8,Novibet,4.5,1.15,Novibet,3.35,1.26,Betano.br,1.6,1.31,1.32,Novibet,1.3,1.71,1.29,Novibet,1.36,1.56,1.33,Betano.br,2.07,1.6,Betano.br,2.1,1.65,Betano.br,2.12,1.7,Betfair,5.0,12.0,23.0,6.5,4.2,5.5,31.0,13.0,4.0,Novibet,1.88,1.81,Novibet,2.07,1.64,Novibet,1.97,1.71,Betfair,6.5,Betfair,7.0,Betfair,6.0,Betfair,5.0,Betfair,11.0,Betfair,9.5,Betfair,9.0,Betfair,8.0,Betfair,12.0,Betfair,26.0,Betfair,19.0,Betfair,21.0,Betfair,17.0,Betfair,34.0,Betfair,26.0,,0,0,,0.0,0.0,,0.0,0.0,,0.0,0.0,,0.0,0.0,,0.0,0.0,,0.0,0.0,,0.0,0.0,,0.0,0.0,,0,0,,0.0,0.0,0.0,Novibet,14.75,7.1,12.5,Novibet,6.1,4.15,5.25,Novibet,1.47,3.95,1.4,Novibet,1.12,6.6,1.09,,0.0,0.0,0.0,,,,,,,,,,,,,,,,,,,,,,,,,,,,,,,,,,,,,,,,,,,,,,,,,3.0,3.0,,,,,,,,,,,,,,,,,,,,,,,,,,,,,,,,,,,,,,,,,,,,,,,,,,,,,,,,,,,,,,,,,,,,,,,,,,,,,,,,,,,,,,,,,,,,,,,,,,,,,,,,,,,,,,,,,,,,,,,,,,,,,,,,,,,,,,,3.0,3.0,,,,,,,,,,,,,,,,,,,Primera B,4dzRa7y9
COsRA626,COLOMBIA,2024,COLOMBIA 2,COLOMBIA 2,20/06/2024,00:00,Final,Llaneros,KzwFLhIU,Orsomarso,ET6jTFPs,False,3,2,,,,,,[],[],,0.0,0.0,0.0,,0.0,0.0,0.0,,0.0,0.0,0.0,,0.0,0.0,,0.0,0.0,,0.0,0.0,,0.0,0.0,,0.0,0.0,,0.0,0.0,,0.0,0.0,,0.0,0.0,,0.0,0.0,,0.0,0.0,,0.0,0.0,,0.0,0.0,,0.0,0.0,,0.0,0.0,,0.0,0.0,0.0,,0.0,0.0,0.0,,0.0,0.0,0.0,,0.0,0.0,,0.0,0.0,,0.0,0.0,,0.0,0.0,0.0,0.0,0.0,0.0,0.0,0.0,0.0,,0.0,0.0,,0.0,0.0,,0.0,0.0,,0.0,,0.0,,0.0,,0.0,,0.0,,0.0,,0.0,,0.0,,0.0,,0.0,,0.0,,0.0,,0.0,,0.0,,0.0,,0,0,,0.0,0.0,,0.0,0.0,,0.0,0.0,,0.0,0.0,,0.0,0.0,,0.0,0.0,,0.0,0.0,,0.0,0.0,,0,0,,0.0,0.0,0.0,,0.0,0.0,0.0,,0.0,0.0,0.0,,0.0,0.0,0.0,,0.0,0.0,0.0,,0.0,0.0,0.0,,,,,,,,,,,,,,,,,,,,,,,,,,,,,,,,,,,,,,,,,,,,,,,,,,,,,,,,,,,,,,,,,,,,,,,,,,,,,,,,,,,,,,,,,,,,,,,,,,,,,,,,,,,,,,,,,,,,,,,,,,,,,,,,,,,,,,,,,,,,,,,,,,,,,,,,,,,,,,,,,,,,,,,,,,,,,,,,,,,,,,,,,,,,,,,,,,,,,,,,,,,,,Primera B,4dzRa7y9
GdlICSXg,COLOMBIA,2024,COLOMBIA 2,COLOMBIA 2,16/06/2024,20:30,Final,Orsomarso,ET6jTFPs,Llaneros,KzwFLhIU,False,0,0,,,,,,[],[],,0.0,0.0,0.0,,0.0,0.0,0.0,,0.0,0.0,0.0,,0.0,0.0,,0.0,0.0,,0.0,0.0,,0.0,0.0,,0.0,0.0,,0.0,0.0,,0.0,0.0,,0.0,0.0,,0.0,0.0,,0.0,0.0,,0.0,0.0,,0.0,0.0,,0.0,0.0,,0.0,0.0,,0.0,0.0,0.0,,0.0,0.0,0.0,,0.0,0.0,0.0,,0.0,0.0,,0.0,0.0,,0.0,0.0,,0.0,0.0,0.0,0.0,0.0,0.0,0.0,0.0,0.0,,0.0,0.0,,0.0,0.0,,0.0,0.0,,0.0,,0.0,,0.0,,0.0,,0.0,,0.0,,0.0,,0.0,,0.0,,0.0,,0.0,,0.0,,0.0,,0.0,,0.0,,0,0,,0.0,0.0,,0.0,0.0,,0.0,0.0,,0.0,0.0,,0.0,0.0,,0.0,0.0,,0.0,0.0,,0.0,0.0,,0,0,,0.0,0.0,0.0,,0.0,0.0,0.0,,0.0,0.0,0.0,,0.0,0.0,0.0,,0.0,0.0,0.0,,0.0,0.0,0.0,,,,,,,,,,,,,,,,,,,,,,,,,,,,,,,,,,,,,,,,,,,,,,,,,,,,,,,,,,,,,,,,,,,,,,,,,,,,,,,,,,,,,,,,,,,,,,,,,,,,,,,,,,,,,,,,,,,,,,,,,,,,,,,,,,,,,,,,,,,,,,,,,,,,,,,,,,,,,,,,,,,,,,,,,,,,,,,,,,,,,,,,,,,,,,,,,,,,,,,,,,,,,Primera B,4dzRa7y9
GjHODeP8,COLOMBIA,2024,COLOMBIA 2,COLOMBIA 2,11/06/2024,00:15,Round 6,Huila,xCqdiIm1,Tigres,EcJJz8BQ,False,4,0,,,,,,[],[],,0.0,0.0,0.0,,0.0,0.0,0.0,,0.0,0.0,0.0,,0.0,0.0,,0.0,0.0,,0.0,0.0,,0.0,0.0,,0.0,0.0,,0.0,0.0,,0.0,0.0,,0.0,0.0,,0.0,0.0,,0.0,0.0,,0.0,0.0,,0.0,0.0,,0.0,0.0,,0.0,0.0,,0.0,0.0,0.0,,0.0,0.0,0.0,,0.0,0.0,0.0,,0.0,0.0,,0.0,0.0,,0.0,0.0,,0.0,0.0,0.0,0.0,0.0,0.0,0.0,0.0,0.0,,0.0,0.0,,0.0,0.0,,0.0,0.0,,0.0,,0.0,,0.0,,0.0,,0.0,,0.0,,0.0,,0.0,,0.0,,0.0,,0.0,,0.0,,0.0,,0.0,,0.0,,0,0,,0.0,0.0,,0.0,0.0,,0.0,0.0,,0.0,0.0,,0.0,0.0,,0.0,0.0,,0.0,0.0,,0.0,0.0,,0,0,,0.0,0.0,0.0,,0.0,0.0,0.0,,0.0,0.0,0.0,,0.0,0.0,0.0,,0.0,0.0,0.0,,0.0,0.0,0.0,,,,,,,,,,,,,,,,,,,,,,,,,,,,,,,,,,,,,,,,,,,,,,,,,,,,,,,,,,,,,,,,,,,,,,,,,,,,,,,,,,,,,,,,,,,,,,,,,,,,,,,,,,,,,,,,,,,,,,,,,,,,,,,,,,,,,,,,,,,,,,,,,,,,,,,,,,,,,,,,,,,,,,,,,,,,,,,,,,,,,,,,,,,,,,,,,,,,,,,,,,,,,Primera B,4dzRa7y9
04rTmjNM,COLOMBIA,2024,COLOMBIA 2,COLOMBIA 2,18/08/2024,20:30,Round 5,Tigres,EcJJz8BQ,Leones,IZmBcNVO,False,2,2,,,,,,"[88, 90]","[17, 31]",Betfair,2.7,2.0,3.75,Betano.br,2.4,2.42,3.7,Betfair,2.0,3.0,3.4,Sportingbet.br,1.39,2.75,Novibet,2.88,1.38,Novibet,8.0,1.08,Novibet,1.25,3.6,Novibet,2.2,1.62,Novibet,5.0,1.18,Betfair,1.03,9.0,Betfair,1.29,3.3,Betfair,2.0,1.73,Betfair,3.6,1.25,Betfair,7.5,1.06,Betfair,1.73,1.95,Sportingbet.br,4.4,1.18,Sportingbet.br,3.4,1.28,Betano.br,1.24,1.32,1.75,Novibet,1.22,1.67,1.42,Sportingbet.br,1.25,1.5,1.52,Betano.br,1.42,2.45,Betano.br,1.52,2.37,Betano.br,1.53,2.4,Betfair,3.4,12.0,31.0,5.0,4.5,7.5,21.0,13.0,5.5,Estrelabet,1.9,1.8,Novibet,2.04,1.66,Novibet,1.95,1.72,Betfair,8.0,Betfair,6.0,Betfair,8.5,Betfair,5.0,Betfair,8.5,Betfair,14.0,Betfair,7.0,Betfair,9.5,Betfair,11.0,Betfair,15.0,Betfair,34.0,Betfair,14.0,Betfair,23.0,Betfair,23.0,Betfair,26.0,,0,0,,0.0,0.0,,0.0,0.0,,0.0,0.0,Betano.br,1.93,1.7,,0.0,0.0,,0.0,0.0,,0.0,0.0,,0.0,0.0,,0,0,,0.0,0.0,0.0,Novibet,8.6,5.7,19.25,Novibet,3.9,3.7,7.9,Novibet,1.27,4.7,1.68,Novibet,1.05,8.3,1.2,,0.0,0.0,0.0,,,,,,,,,,,,,,,,,,,,,,,,,,,,,,,,,,,,,,,,,,,,,,,,,7.0,4.0,,,,,,,,,,,,,,,,,,,,,,,,,,,,,,,,,,,,,,,,,,,,,,,,,,,,,,,,,,,,,,,,,,,2.0,1.0,,,,,,,,,,,,,,,,,,,,,,,,,,,,,,,,,,,,,,,,,,,,,,,,,,,,,,,,,,,,,,,,,,,5.0,3.0,,,,,,,,,,,,,,,,,,,Primera B,4dzRa7y9
KpNgZj8T,COLOMBIA,2024,COLOMBIA 2,COLOMBIA 2,17/08/2024,21:00,Round 5,Cucuta,zs0leK3r,Orsomarso,ET6jTFPs,False,0,1,,,,,,[],[5],Betfair,2.3,1.91,6.5,Betano.br,2.05,2.27,5.8,Betfair,1.57,3.1,5.5,Sportingbet.br,1.53,2.3,Sportingbet.br,3.5,1.26,,0.0,0.0,Sportingbet.br,1.37,2.85,Sportingbet.br,2.7,1.4,,0.0,0.0,Betfair,1.08,6.5,Betfair,1.5,2.4,Betfair,2.6,1.44,Betfair,5.5,1.11,Betfair,11.0,1.01,Betfair,2.5,1.44,Sportingbet.br,6.5,1.1,Sportingbet.br,4.8,1.15,Betano.br,1.13,1.28,2.18,Sportingbet.br,1.12,1.73,1.52,Sportingbet.br,1.14,1.58,1.65,Estrelabet,1.22,3.75,Betano.br,1.29,3.3,Betano.br,1.28,3.5,Betfair,2.88,13.0,41.0,4.5,4.5,9.5,21.0,13.0,7.5,Estrelabet,1.9,1.8,,0.0,0.0,,0.0,0.0,Betfair,5.5,Betfair,4.2,Betfair,10.0,Betfair,6.0,Betfair,5.5,Betfair,26.0,Betfair,7.5,Betfair,17.0,Betfair,20.0,Betfair,10.0,Betfair,91.0,Betfair,14.0,Betfair,81.0,Betfair,36.0,Betfair,101.0,,0,0,,0.0,0.0,,0.0,0.0,Estrelabet,1.95,1.7,Betano.br,1.72,1.88,,0.0,0.0,,0.0,0.0,,0.0,0.0,,0.0,0.0,,0,0,,0.0,0.0,0.0,,0.0,0.0,0.0,,0.0,0.0,0.0,,0.0,0.0,0.0,,0.0,0.0,0.0,,0.0,0.0,0.0,,,,,,,,,,,,,,,,,,,,,,,,,,,,,,,,,,,,,,,,,,,,,,,,,3.0,4.0,0.0,1.0,,,,,,,,,,,,,,,,,,,,,,,,,,,,,,,,,,,,,,,,,,,,,,,,,,,,,,,,,,,,,,,,,1.0,2.0,0.0,1.0,,,,,,,,,,,,,,,,,,,,,,,,,,,,,,,,,,,,,,,,,,,,,,,,,,,,,,,,,,,,,,,,,2.0,2.0,,,,,,,,,,,,,,,,,,,Primera B,4dzRa7y9
f12CQ4Js,COLOMBIA,2024,COLOMBIA 2,COLOMBIA 2,06/08/2024,23:30,Round 3,U. Magdalena,tpLItk4L,Orsomarso,ET6jTFPs,False,3,0,,,,,,"[10, 55, 77]",[],Betfair,2.0,2.1,6.5,Betano.br,1.88,2.55,5.6,Betfair,1.44,3.6,6.0,Betano.br,1.42,2.35,,0.0,0.0,,0.0,0.0,,0.0,0.0,,0.0,0.0,,0.0,0.0,Betfair,1.05,8.0,Betfair,1.3,3.2,Betfair,2.1,1.65,Betfair,3.8,1.22,Betfair,8.0,1.05,Betfair,1.83,1.83,,0.0,0.0,,0.0,0.0,Betano.br,1.12,1.23,2.42,Betano.br,1.12,1.6,1.57,,0.0,0.0,0.0,Betano.br,1.18,3.85,Betano.br,1.26,3.45,Betano.br,1.26,3.65,Betfair,2.3,13.0,56.0,4.0,5.5,12.0,20.0,15.0,11.0,Betano.br,1.83,1.8,,0.0,0.0,,0.0,0.0,Betfair,7.0,Betfair,5.5,Betfair,8.5,Betfair,5.5,Betfair,7.5,Betfair,15.0,Betfair,7.0,Betfair,10.0,Betfair,12.0,Betfair,14.0,Betfair,41.0,Betfair,13.0,Betfair,26.0,Betfair,23.0,Betfair,36.0,,0,0,,0.0,0.0,,0.0,0.0,Betano.br,1.85,1.75,Betano.br,1.91,1.7,,0.0,0.0,,0.0,0.0,,0.0,0.0,,0.0,0.0,,0,0,,0.0,0.0,0.0,,0.0,0.0,0.0,,0.0,0.0,0.0,,0.0,0.0,0.0,,0.0,0.0,0.0,,0.0,0.0,0.0,,,,,,,,,,,,,,,,,,,,,,,,,,,,,,,,,,,,,,,,,,,,,,,,,2.0,2.0,,,,,,,,,,,,,,,,,,,,,,,,,,,,,,,,,,,,,,,,,,,,,,,,,,,,,,,,,,,,,,,,,,,1.0,2.0,,,,,,,,,,,,,,,,,,,,,,,,,,,,,,,,,,,,,,,,,,,,,,,,,,,,,,,,,,,,,,,,,,,1.0,0.0,,,,,,,,,,,,,,,,,,,Primera B,4dzRa7y9
IJBWvGek,COLOMBIA,2024,COLOMBIA 2,COLOMBIA 2,22/08/2024,21:00,Round 6,Real Cundinamarca,ze01M68P,Tigres,EcJJz8BQ,False,1,0,,,,,,[21],[],Betfair,2.5,2.0,4.5,Betano.br,2.32,2.35,4.1,Betfair,1.8,3.2,4.2,Sportingbet.br,1.41,2.65,Sportingbet.br,2.87,1.36,,0.0,0.0,Sportingbet.br,1.32,3.1,Sportingbet.br,2.45,1.49,,0.0,0.0,Betfair,1.05,8.0,Betfair,1.36,2.88,Betfair,2.2,1.6,Betfair,4.0,1.2,Betfair,8.0,1.05,Betfair,1.95,1.75,Sportingbet.br,4.75,1.16,Sportingbet.br,4.0,1.21,Betano.br,1.21,1.33,1.8,Betano.br,1.18,1.7,1.4,,0.0,0.0,0.0,Estrelabet,1.4,2.71,Betano.br,1.47,2.52,Betano.br,1.47,2.57,Betfair,3.0,13.0,41.0,4.5,4.5,9.0,21.0,13.0,7.0,Estrelabet,1.9,1.8,,0.0,0.0,,0.0,0.0,Betfair,7.0,Betfair,5.0,Betfair,9.0,Betfair,5.5,Betfair,7.0,Betfair,18.0,Betfair,7.0,Betfair,11.0,Betfair,13.0,Betfair,12.0,Betfair,46.0,Betfair,13.0,Betfair,31.0,Betfair,26.0,Betfair,46.0,,0,0,,0.0,0.0,,0.0,0.0,,0.0,0.0,Betano.br,1.85,1.75,,0.0,0.0,,0.0,0.0,,0.0,0.0,,0.0,0.0,,0,0,,0.0,0.0,0.0,,0.0,0.0,0.0,,0.0,0.0,0.0,,0.0,0.0,0.0,,0.0,0.0,0.0,,0.0,0.0,0.0,,,,,,,,,,,,,,,,,,,,,,,,,,,,,,,,,,,,,,,,,,,,,,,,,4.0,1.0,,,,,,,,,,,,,,,,,,,,,,,,,,,,,,,,,,,,,,,,,,,,,,,,,,,,,,,,,,,,,,,,,,,1.0,0.0,,,,,,,,,,,,,,,,,,,,,,,,,,,,,,,,,,,,,,,,,,,,,,,,,,,,,,,,,,,,,,,,,,,3.0,1.0,,,,,,,,,,,,,,,,,,,Primera B,4dzRa7y9
x04at8Fd,COLOMBIA,2024,COLOMBIA 2,COLOMBIA 2,21/08/2024,20:00,Round 6,Boca Juniors,6yoKBtoR,Cartagena,6eofBSjQ,False,1,4,,,,,,[15],"[36, 37, 45, 90]",Betfair,4.0,1.91,2.88,Betano.br,3.7,2.27,2.6,Betfair,3.3,3.0,2.15,Sportingbet.br,1.52,2.35,Sportingbet.br,3.4,1.27,,0.0,0.0,Sportingbet.br,1.32,3.1,Sportingbet.br,2.45,1.49,,0.0,0.0,Betfair,1.06,7.5,Betfair,1.4,2.75,Betfair,2.25,1.57,Betfair,4.8,1.14,Betfair,9.0,1.03,Betfair,1.95,1.75,Sportingbet.br,5.5,1.13,Sportingbet.br,3.9,1.22,Betano.br,1.65,1.33,1.28,Sportingbet.br,1.36,1.78,1.21,Sportingbet.br,1.46,1.57,1.25,Betano.br,2.25,1.5,Betano.br,2.2,1.6,Betano.br,2.25,1.6,Betfair,5.5,13.0,26.0,7.0,4.2,5.0,36.0,13.0,3.75,Betano.br,1.87,1.78,,0.0,0.0,,0.0,0.0,Betfair,6.0,Betfair,7.0,Betfair,5.5,Betfair,5.0,Betfair,12.0,Betfair,8.0,Betfair,9.5,Betfair,7.5,Betfair,13.0,Betfair,34.0,Betfair,17.0,Betfair,26.0,Betfair,15.0,Betfair,36.0,Betfair,31.0,,0,0,,0.0,0.0,,0.0,0.0,,0.0,0.0,,0.0,0.0,,0.0,0.0,,0.0,0.0,,0.0,0.0,,0.0,0.0,,0,0,,0.0,0.0,0.0,,0.0,0.0,0.0,,0.0,0.0,0.0,,0.0,0.0,0.0,,0.0,0.0,0.0,,0.0,0.0,0.0,,,,,,,,,,,,,,,,,,,,,,,,,,,,,,,,,,,,,,,,,,,,,,,,,3.0,0.0,,,,,,,,,,,,,,,,,,,,,,,,,,,,,,,,,,,,,,,,,,,,,,,,,,,,,,,,,,,,,,,,,,,2.0,0.0,,,,,,,,,,,,,,,,,,,,,,,,,,,,,,,,,,,,,,,,,,,,,,,,,,,,,,,,,,,,,,,,,,,1.0,0.0,,,,,,,,,,,,,,,,,,,Primera B,4dzRa7y9
OxKu21aU,COLOMBIA,2024,COLOMBIA 2,COLOMBIA 2,31/08/2024,20:30,Round 8,Orsomarso,ET6jTFPs,Atletico F.C.,jD7zZpR7,False,1,0,,,,,,[59],[],Betfair,2.4,2.0,5.0,Sportingbet.br,2.2,2.35,4.0,Betfair,1.7,3.3,4.6,Sportingbet.br,1.46,2.5,Sportingbet.br,3.1,1.32,,0.0,0.0,Sportingbet.br,1.28,3.4,Sportingbet.br,2.25,1.55,,0.0,0.0,Betfair,1.05,8.0,Betfair,1.33,3.0,Betfair,2.1,1.65,Betfair,4.0,1.2,Betfair,8.0,1.05,Betfair,1.95,1.75,Sportingbet.br,5.0,1.14,Sportingbet.br,3.6,1.24,Sportingbet.br,1.23,1.3,1.85,Sportingbet.br,1.18,1.7,1.46,Sportingbet.br,1.21,1.51,1.57,Estrelabet,1.36,2.9,Betano.br,1.47,2.5,Betano.br,1.5,2.5,Betfair,2.8,13.0,41.0,4.5,4.5,10.0,21.0,13.0,8.0,Estrelabet,1.9,1.8,,0.0,0.0,,0.0,0.0,Betfair,7.0,Betfair,5.0,Betfair,10.0,Betfair,5.5,Betfair,6.5,Betfair,19.0,Betfair,7.0,Betfair,12.0,Betfair,13.0,Betfair,12.0,Betfair,56.0,Betfair,12.0,Betfair,34.0,Betfair,23.0,Betfair,46.0,,0,0,,0.0,0.0,,0.0,0.0,,0.0,0.0,Estrelabet,1.8,1.85,,0.0,0.0,,0.0,0.0,,0.0,0.0,,0.0,0.0,,0,0,,0.0,0.0,0.0,,0.0,0.0,0.0,,0.0,0.0,0.0,,0.0,0.0,0.0,,0.0,0.0,0.0,,0.0,0.0,0.0,,,,,,,,,,,,,,,,,,,,,,,,,,,,,,,,,,,,,,,,,,,,,,,,,2.0,4.0,,,,,,,,,,,,,,,,,,,,,,,,,,,,,,,,,,,,,,,,,,,,,,,,,,,,,,,,,,,,,,,,,,,1.0,4.0,,,,,,,,,,,,,,,,,,,,,,,,,,,,,,,,,,,,,,,,,,,,,,,,,,,,,,,,,,,,,,,,,,,1.0,0.0,,,,,,,,,,,,,,,,,,,Primera B,4dzRa7y9
bRUy1oIi,COLOMBIA,2024,COLOMBIA 2,COLOMBIA 2,04/06/2024,22:00,Round 5,Quindio,zms5B2Zr,Cucuta,zs0leK3r,False,1,0,,,,,,[],[],,0.0,0.0,0.0,,0.0,0.0,0.0,,0.0,0.0,0.0,,0.0,0.0,,0.0,0.0,,0.0,0.0,,0.0,0.0,,0.0,0.0,,0.0,0.0,,0.0,0.0,,0.0,0.0,,0.0,0.0,,0.0,0.0,,0.0,0.0,,0.0,0.0,,0.0,0.0,,0.0,0.0,,0.0,0.0,0.0,,0.0,0.0,0.0,,0.0,0.0,0.0,,0.0,0.0,,0.0,0.0,,0.0,0.0,,0.0,0.0,0.0,0.0,0.0,0.0,0.0,0.0,0.0,,0.0,0.0,,0.0,0.0,,0.0,0.0,,0.0,,0.0,,0.0,,0.0,,0.0,,0.0,,0.0,,0.0,,0.0,,0.0,,0.0,,0.0,,0.0,,0.0,,0.0,,0,0,,0.0,0.0,,0.0,0.0,,0.0,0.0,,0.0,0.0,,0.0,0.0,,0.0,0.0,,0.0,0.0,,0.0,0.0,,0,0,,0.0,0.0,0.0,,0.0,0.0,0.0,,0.0,0.0,0.0,,0.0,0.0,0.0,,0.0,0.0,0.0,,0.0,0.0,0.0,,,,,,,,,,,,,,,,,,,,,,,,,,,,,,,,,,,,,,,,,,,,,,,,,,,,,,,,,,,,,,,,,,,,,,,,,,,,,,,,,,,,,,,,,,,,,,,,,,,,,,,,,,,,,,,,,,,,,,,,,,,,,,,,,,,,,,,,,,,,,,,,,,,,,,,,,,,,,,,,,,,,,,,,,,,,,,,,,,,,,,,,,,,,,,,,,,,,,,,,,,,,,Primera B,4dzRa7y9
KtJpaPn4,COLOMBIA,2024,COLOMBIA 2,COLOMBIA 2,05/06/2024,00:05,Round 5,U. Magdalena,tpLItk4L,Llaneros,KzwFLhIU,False,2,1,,,,,,[],[],,0.0,0.0,0.0,,0.0,0.0,0.0,,0.0,0.0,0.0,,0.0,0.0,,0.0,0.0,,0.0,0.0,,0.0,0.0,,0.0,0.0,,0.0,0.0,,0.0,0.0,,0.0,0.0,,0.0,0.0,,0.0,0.0,,0.0,0.0,,0.0,0.0,,0.0,0.0,,0.0,0.0,,0.0,0.0,0.0,,0.0,0.0,0.0,,0.0,0.0,0.0,,0.0,0.0,,0.0,0.0,,0.0,0.0,,0.0,0.0,0.0,0.0,0.0,0.0,0.0,0.0,0.0,,0.0,0.0,,0.0,0.0,,0.0,0.0,,0.0,,0.0,,0.0,,0.0,,0.0,,0.0,,0.0,,0.0,,0.0,,0.0,,0.0,,0.0,,0.0,,0.0,,0.0,,0,0,,0.0,0.0,,0.0,0.0,,0.0,0.0,,0.0,0.0,,0.0,0.0,,0.0,0.0,,0.0,0.0,,0.0,0.0,,0,0,,0.0,0.0,0.0,,0.0,0.0,0.0,,0.0,0.0,0.0,,0.0,0.0,0.0,,0.0,0.0,0.0,,0.0,0.0,0.0,,,,,,,,,,,,,,,,,,,,,,,,,,,,,,,,,,,,,,,,,,,,,,,,,,,,,,,,,,,,,,,,,,,,,,,,,,,,,,,,,,,,,,,,,,,,,,,,,,,,,,,,,,,,,,,,,,,,,,,,,,,,,,,,,,,,,,,,,,,,,,,,,,,,,,,,,,,,,,,,,,,,,,,,,,,,,,,,,,,,,,,,,,,,,,,,,,,,,,,,,,,,,Primera B,4dzRa7y9
29rsfXr3,COLOMBIA,2024,COLOMBIA 2,COLOMBIA 2,25/07/2024,23:10,Round 1,U. Magdalena,tpLItk4L,Bogota,foERz7de,False,3,2,,,,,,"[18, 42, 80]","[38, 48]",Betfair,1.67,2.6,7.5,Betano.br,1.72,2.6,7.4,Betfair,1.2,5.0,8.5,Novibet,1.3,3.1,Novibet,2.4,1.49,Novibet,6.0,1.13,Novibet,1.2,4.5,Novibet,1.91,1.83,Novibet,3.75,1.25,Betfair,1.01,13.0,Betfair,1.14,4.8,Betfair,1.57,2.25,Betfair,2.4,1.5,Betfair,4.5,1.17,Betfair,1.83,1.83,Novibet,4.3,1.16,Novibet,3.2,1.28,Betano.br,1.07,1.15,3.4,Betano.br,1.09,1.45,1.83,Novibet,1.13,1.38,2.0,Betano.br,1.08,5.4,Betano.br,1.16,4.55,Betano.br,1.16,4.8,Betfair,1.83,17.0,67.0,4.0,8.0,15.0,17.0,19.0,14.0,Novibet,1.85,1.84,Novibet,1.96,1.71,Novibet,1.9,1.77,Betfair,14.0,Betfair,6.0,Betfair,23.0,Betfair,8.5,Betfair,5.5,Betfair,51.0,Betfair,6.5,Betfair,21.0,Betfair,15.0,Betfair,7.0,Betfair,151.0,Betfair,8.0,Betfair,76.0,Betfair,17.0,Betfair,71.0,,0,0,,0.0,0.0,Betano.br,1.78,1.82,,0.0,0.0,,0.0,0.0,,0.0,0.0,,0.0,0.0,,0.0,0.0,,0.0,0.0,,0,0,Novibet,7.0,5.8,0.0,Novibet,3.55,4.15,0.0,Novibet,2.01,3.6,17.5,Novibet,1.08,7.2,2.8,Novibet,0.0,0.0,1.66,Novibet,0.0,0.0,1.24,,,,,,,,,,,,,,,,,,,,,,,,,,,,,,,,,,,,,,,,,,,,,,,,,2.0,3.0,,,,,,,,,,,,,,,,,,,,,,,,,,,,,,,,,,,,,,,,,,,,,,,,,,,,,,,,,,,,,,,,,,,0.0,1.0,,,,,,,,,,,,,,,,,,,,,,,,,,,,,,,,,,,,,,,,,,,,,,,,,,,,,,,,,,,,,,,,,,,2.0,2.0,,,,,,,,,,,,,,,,,,,Primera B,4dzRa7y9
p8SUvevh,COLOMBIA,2024,COLOMBIA 2,COLOMBIA 2,17/08/2024,20:00,Round 5,Huila,xCqdiIm1,Bogota,foERz7de,False,2,1,,,,,,"[39, 78]",[34],Betfair,1.67,2.5,9.0,Betano.br,1.6,2.87,8.0,Betfair,1.18,5.0,11.0,Sportingbet.br,1.24,3.6,Novibet,2.6,1.45,Novibet,6.5,1.12,Novibet,1.22,4.0,Sportingbet.br,2.05,1.66,Novibet,4.0,1.22,Betfair,1.01,11.0,Betfair,1.2,4.0,Betfair,1.73,2.0,Betfair,2.88,1.36,Betfair,5.5,1.11,Betfair,2.2,1.57,Novibet,4.95,1.12,Sportingbet.br,4.5,1.17,Sportingbet.br,1.06,1.13,3.6,Sportingbet.br,1.07,1.39,2.15,Sportingbet.br,1.07,1.37,2.2,Estrelabet,1.06,7.0,Betano.br,1.14,5.0,Betano.br,1.13,5.3,Betfair,1.8,18.0,81.0,3.75,7.5,18.0,21.0,21.0,15.0,Novibet,1.85,1.84,Novibet,1.98,1.7,Novibet,1.91,1.75,Betfair,11.0,Betfair,5.0,Betfair,21.0,Betfair,8.5,Betfair,5.0,Betfair,61.0,Betfair,7.0,Betfair,26.0,Betfair,21.0,Betfair,6.0,Betfair,201.0,Betfair,9.0,Betfair,101.0,Betfair,23.0,Betfair,91.0,,0,0,,0.0,0.0,Estrelabet,1.83,1.83,,0.0,0.0,,0.0,0.0,,0.0,0.0,,0.0,0.0,,0.0,0.0,,0.0,0.0,,0,0,Novibet,6.1,5.35,0.0,Novibet,3.3,4.0,0.0,Novibet,1.9,3.6,26.0,Novibet,1.04,8.0,3.15,Novibet,0.0,0.0,1.76,Novibet,0.0,0.0,1.3,,,,,,,,,,,,,,,,,,,,,,,,,,,,,,,,,,,,,,,,,,,,,,,,,2.0,4.0,0.0,1.0,,,,,,,,,,,,,,,,,,,,,,,,,,,,,,,,,,,,,,,,,,,,,,,,,,,,,,,,,,,,,,,,,,,,,,,,,,,,,,,,,,,,,,,,,,,,,,,,,,,,,,,,,,,,,,,,,,,,,,,,,,,,,,,,,,,,,2.0,4.0,0.0,1.0,,,,,,,,,,,,,,,,,Primera B,4dzRa7y9
lUG5wjOG,COLOMBIA,2024,COLOMBIA 2,COLOMBIA 2,01/06/2024,22:00,Round 4,Huila,xCqdiIm1,Cartagena,6eofBSjQ,False,2,0,,,,,,[],[],,0.0,0.0,0.0,,0.0,0.0,0.0,,0.0,0.0,0.0,,0.0,0.0,,0.0,0.0,,0.0,0.0,,0.0,0.0,,0.0,0.0,,0.0,0.0,,0.0,0.0,,0.0,0.0,,0.0,0.0,,0.0,0.0,,0.0,0.0,,0.0,0.0,,0.0,0.0,,0.0,0.0,,0.0,0.0,0.0,,0.0,0.0,0.0,,0.0,0.0,0.0,,0.0,0.0,,0.0,0.0,,0.0,0.0,,0.0,0.0,0.0,0.0,0.0,0.0,0.0,0.0,0.0,,0.0,0.0,,0.0,0.0,,0.0,0.0,,0.0,,0.0,,0.0,,0.0,,0.0,,0.0,,0.0,,0.0,,0.0,,0.0,,0.0,,0.0,,0.0,,0.0,,0.0,,0,0,,0.0,0.0,,0.0,0.0,,0.0,0.0,,0.0,0.0,,0.0,0.0,,0.0,0.0,,0.0,0.0,,0.0,0.0,,0,0,,0.0,0.0,0.0,,0.0,0.0,0.0,,0.0,0.0,0.0,,0.0,0.0,0.0,,0.0,0.0,0.0,,0.0,0.0,0.0,,,,,,,,,,,,,,,,,,,,,,,,,,,,,,,,,,,,,,,,,,,,,,,,,,,,,,,,,,,,,,,,,,,,,,,,,,,,,,,,,,,,,,,,,,,,,,,,,,,,,,,,,,,,,,,,,,,,,,,,,,,,,,,,,,,,,,,,,,,,,,,,,,,,,,,,,,,,,,,,,,,,,,,,,,,,,,,,,,,,,,,,,,,,,,,,,,,,,,,,,,,,,Primera B,4dzRa7y9
Uwi3aSKr,COLOMBIA,2024,COLOMBIA 2,COLOMBIA 2,27/07/2024,00:30,Round 2,Cartagena,6eofBSjQ,Huila,xCqdiIm1,False,1,0,,,,,,[13],[],Betfair,2.5,2.0,4.5,Betano.br,2.22,2.42,4.2,Betfair,1.73,3.1,4.5,Sportingbet.br,1.47,2.45,Sportingbet.br,3.1,1.31,,0.0,0.0,Sportingbet.br,1.28,3.3,Sportingbet.br,2.3,1.55,,0.0,0.0,Betfair,1.05,8.0,Betfair,1.33,3.0,Betfair,2.2,1.6,Betfair,4.0,1.2,Betfair,8.0,1.05,Betfair,1.95,1.73,Sportingbet.br,5.25,1.14,Sportingbet.br,3.7,1.24,Betano.br,1.24,1.28,1.91,Sportingbet.br,1.18,1.72,1.44,Sportingbet.br,1.2,1.52,1.57,Betano.br,1.35,2.72,Betano.br,1.45,2.57,Betano.br,1.44,2.67,Betfair,2.88,13.0,41.0,4.5,4.5,9.0,21.0,13.0,7.0,Betano.br,1.85,1.8,,0.0,0.0,,0.0,0.0,Betfair,7.0,Betfair,5.0,Betfair,9.0,Betfair,5.5,Betfair,7.0,Betfair,18.0,Betfair,7.0,Betfair,11.0,Betfair,13.0,Betfair,12.0,Betfair,46.0,Betfair,13.0,Betfair,31.0,Betfair,26.0,Betfair,46.0,,0,0,,0.0,0.0,,0.0,0.0,,0.0,0.0,Betano.br,1.78,1.83,,0.0,0.0,,0.0,0.0,,0.0,0.0,,0.0,0.0,,0,0,,0.0,0.0,0.0,,0.0,0.0,0.0,,0.0,0.0,0.0,,0.0,0.0,0.0,,0.0,0.0,0.0,,0.0,0.0,0.0,,,,,,,,,,,,,,,,,,,,,,,,,,,,,,,,,,,,,,,,,,,,,,,,,3.0,4.0,,,,,,,,,,,,,,,,,,,,,,,,,,,,,,,,,,,,,,,,,,,,,,,,,,,,,,,,,,,,,,,,,,,2.0,1.0,,,,,,,,,,,,,,,,,,,,,,,,,,,,,,,,,,,,,,,,,,,,,,,,,,,,,,,,,,,,,,,,,,,1.0,3.0,,,,,,,,,,,,,,,,,,,Primera B,4dzRa7y9
Odz6JmCE,COLOMBIA,2024,COLOMBIA 2,COLOMBIA 2,05/08/2024,20:00,Round 3,Atletico F.C.,jD7zZpR7,Bogota,foERz7de,False,3,0,,,,,,"[10, 27, 90]",[],Betfair,2.8,2.1,3.6,Betano.br,2.85,2.12,3.55,Betfair,2.15,3.3,2.9,Sportingbet.br,1.33,3.1,Novibet,2.8,1.4,Novibet,7.5,1.09,Novibet,1.25,3.75,Sportingbet.br,2.2,1.6,Novibet,4.5,1.18,Betfair,1.03,9.0,Betfair,1.25,3.6,Betfair,1.91,1.8,Betfair,3.3,1.29,Betfair,7.0,1.07,Betfair,1.65,2.1,Novibet,4.1,1.18,Novibet,3.05,1.3,Betano.br,1.39,1.26,1.65,Betano.br,1.33,1.62,1.28,Sportingbet.br,1.29,1.51,1.44,Estrelabet,1.6,2.2,Betano.br,1.93,1.78,Betano.br,1.7,2.07,Betfair,3.6,12.0,23.0,5.5,5.0,7.5,21.0,13.0,5.0,Estrelabet,1.9,1.8,Novibet,2.03,1.67,Novibet,1.94,1.73,Betfair,8.5,Betfair,6.5,Betfair,8.5,Betfair,5.5,Betfair,9.0,Betfair,13.0,Betfair,7.5,Betfair,9.0,Betfair,10.0,Betfair,17.0,Betfair,26.0,Betfair,14.0,Betfair,20.0,Betfair,21.0,Betfair,26.0,,0,0,,0.0,0.0,,0.0,0.0,,0.0,0.0,,0.0,0.0,Betano.br,1.75,1.85,,0.0,0.0,,0.0,0.0,,0.0,0.0,,0,0,,0.0,0.0,0.0,Novibet,11.5,6.6,13.0,Novibet,4.45,4.05,5.8,Novibet,1.38,4.4,1.54,Novibet,1.11,6.9,1.13,,0.0,0.0,0.0,,,,,,,,,,,,,,,,,,,,,,,,,,,,,,,,,,,,,,,,,,,,,,,,,3.0,2.0,,,,,,,,,,,,,,,,,,,,,,,,,,,,,,,,,,,,,,,,,,,,,,,,,,,,,,,,,,,,,,,,,,,1.0,1.0,,,,,,,,,,,,,,,,,,,,,,,,,,,,,,,,,,,,,,,,,,,,,,,,,,,,,,,,,,,,,,,,,,,2.0,1.0,,,,,,,,,,,,,,,,,,,Primera B,4dzRa7y9
OIBtWQeK,COLOMBIA,2024,COLOMBIA 2,COLOMBIA 2,04/08/2024,21:00,Round 3,Tigres,EcJJz8BQ,Real Santander,nPIUdlJE,False,1,0,,,,,,[75],[],Betfair,2.2,2.1,5.5,Betano.br,1.91,2.55,5.4,Betfair,1.55,3.6,5.0,Sportingbet.br,1.38,2.8,Novibet,2.8,1.42,Novibet,7.5,1.09,Novibet,1.25,3.75,Sportingbet.br,2.25,1.55,Novibet,4.5,1.18,Betfair,1.03,9.0,Betfair,1.29,3.3,Betfair,1.95,1.75,Betfair,3.6,1.25,Betfair,7.5,1.06,Betfair,1.95,1.73,Sportingbet.br,4.75,1.16,Sportingbet.br,3.9,1.22,Betano.br,1.13,1.23,2.35,Sportingbet.br,1.14,1.6,1.61,Sportingbet.br,1.15,1.49,1.72,Betano.br,1.19,3.7,Betano.br,1.28,3.35,Betano.br,1.28,3.5,Betfair,2.5,13.0,46.0,4.2,5.0,11.0,21.0,14.0,9.0,Estrelabet,1.9,1.8,Novibet,2.02,1.67,Novibet,1.95,1.73,Betfair,8.0,Betfair,5.0,Betfair,11.0,Betfair,6.0,Betfair,6.0,Betfair,23.0,Betfair,6.5,Betfair,14.0,Betfair,13.0,Betfair,10.0,Betfair,71.0,Betfair,10.0,Betfair,41.0,Betfair,21.0,Betfair,46.0,,0,0,,0.0,0.0,,0.0,0.0,Estrelabet,1.95,1.7,,0.0,0.0,,0.0,0.0,,0.0,0.0,,0.0,0.0,,0.0,0.0,,0,0,Novibet,12.0,7.4,0.0,Novibet,5.6,4.8,0.0,Novibet,2.8,3.45,12.75,Novibet,1.15,5.8,2.09,Novibet,0.0,0.0,1.36,Novibet,0.0,0.0,1.1,,,,,,,,,,,,,,,,,,,,,,,,,,,,,,,,,,,,,,,,,,,,,,,,,2.0,2.0,,,,,,,,,,,,,,,,,,,,,,,,,,,,,,,,,,,,,,,,,,,,,,,,,,,,,,,,,,,,,,,,,,,0.0,1.0,,,,,,,,,,,,,,,,,,,,,,,,,,,,,,,,,,,,,,,,,,,,,,,,,,,,,,,,,,,,,,,,,,,2.0,1.0,,,,,,,,,,,,,,,,,,,Primera B,4dzRa7y9
lnKDhK7b,COLOMBIA,2024,COLOMBIA 2,COLOMBIA 2,19/07/2024,20:00,Round 1,Inter Palmira,8tIHbqDh,Cartagena,6eofBSjQ,False,0,0,,,,,,[],[],Betfair,3.4,1.91,3.3,Betano.br,3.1,2.32,2.87,Betfair,2.63,2.9,2.5,Sportingbet.br,1.47,2.45,Sportingbet.br,3.25,1.29,,0.0,0.0,Sportingbet.br,1.31,3.2,Sportingbet.br,2.4,1.5,,0.0,0.0,Betfair,1.06,7.5,Betfair,1.36,2.88,Betfair,2.25,1.57,Betfair,4.0,1.2,Betfair,9.0,1.03,Betfair,1.83,1.83,Sportingbet.br,5.25,1.14,Sportingbet.br,3.75,1.23,Betano.br,1.5,1.32,1.44,Sportingbet.br,1.31,1.72,1.28,Sportingbet.br,1.36,1.55,1.33,Betano.br,1.87,1.75,Betano.br,1.9,1.82,Betano.br,1.95,1.8,Betfair,4.5,13.0,26.0,6.0,4.33,6.0,26.0,12.0,4.33,Betano.br,1.85,1.78,,0.0,0.0,,0.0,0.0,Betfair,6.5,Betfair,6.5,Betfair,6.5,Betfair,5.0,Betfair,10.0,Betfair,10.0,Betfair,8.5,Betfair,8.0,Betfair,12.0,Betfair,23.0,Betfair,21.0,Betfair,19.0,Betfair,18.0,Betfair,31.0,Betfair,31.0,,0,0,,0.0,0.0,,0.0,0.0,,0.0,0.0,,0.0,0.0,,0.0,0.0,,0.0,0.0,,0.0,0.0,,0.0,0.0,,0,0,,0.0,0.0,0.0,,0.0,0.0,0.0,,0.0,0.0,0.0,,0.0,0.0,0.0,,0.0,0.0,0.0,,0.0,0.0,0.0,,,,,,,,,,,,,,,,,,,,,,,,,,,,,,,,,,,,,,,,,,,,,,,,,2.0,2.0,,,,,,,,,,,,,,,,,,,,,,,,,,,,,,,,,,,,,,,,,,,,,,,,,,,,,,,,,,,,,,,,,,,1.0,0.0,,,,,,,,,,,,,,,,,,,,,,,,,,,,,,,,,,,,,,,,,,,,,,,,,,,,,,,,,,,,,,,,,,,1.0,2.0,,,,,,,,,,,,,,,,,,,Primera B,4dzRa7y9
l6GUpT5k,COLOMBIA,2024,COLOMBIA 2,COLOMBIA 2,30/07/2024,21:00,Round 2,Bogota,foERz7de,Boca Juniors,6yoKBtoR,False,0,1,,,,,,[],[10],Betfair,3.2,2.0,3.3,Betano.br,3.0,2.32,3.0,Betfair,2.5,3.1,2.5,Novibet,1.44,2.62,Novibet,3.0,1.36,Novibet,8.5,1.07,Novibet,1.29,3.5,Novibet,2.25,1.57,Novibet,5.0,1.17,Betfair,1.05,8.0,Betfair,1.3,3.2,Betfair,2.1,1.65,Betfair,3.8,1.22,Betfair,8.0,1.05,Betfair,1.73,1.95,Novibet,4.35,1.16,Novibet,3.2,1.28,Betano.br,1.44,1.34,1.47,Betano.br,1.26,1.72,1.29,Novibet,1.36,1.53,1.33,Novibet,1.91,1.78,Novibet,1.92,1.81,Novibet,1.92,1.81,Betfair,4.33,12.0,26.0,6.0,4.5,6.0,26.0,13.0,4.33,Novibet,1.88,1.82,Novibet,2.05,1.65,Novibet,1.96,1.72,Betfair,7.5,Betfair,7.0,Betfair,7.0,Betfair,5.0,Betfair,10.0,Betfair,10.0,Betfair,8.0,Betfair,8.0,Betfair,11.0,Betfair,23.0,Betfair,23.0,Betfair,17.0,Betfair,18.0,Betfair,26.0,Betfair,26.0,,0,0,,0.0,0.0,,0.0,0.0,,0.0,0.0,,0.0,0.0,,0.0,0.0,,0.0,0.0,,0.0,0.0,,0.0,0.0,,0,0,,0.0,0.0,0.0,Novibet,14.0,7.0,12.25,Novibet,5.8,4.15,5.25,Novibet,1.47,4.0,1.41,Novibet,1.12,6.7,1.1,,0.0,0.0,0.0,,,,,,,,,,,,,,,,,,,,,,,,,,,,,,,,,,,,,,,,,,,,,,,,,0.0,2.0,,,,,,,,,,,,,,,,,,,,,,,,,,,,,,,,,,,,,,,,,,,,,,,,,,,,,,,,,,,,,,,,,,,,,,,,,,,,,,,,,,,,,,,,,,,,,,,,,,,,,,,,,,,,,,,,,,,,,,,,,,,,,,,,,,,,,,,0.0,2.0,,,,,,,,,,,,,,,,,,,Primera B,4dzRa7y9
GYL5ftwn,COLOMBIA,2024,COLOMBIA 2,COLOMBIA 2,21/07/2024,20:00,Round 1,Cucuta,zs0leK3r,Atletico F.C.,jD7zZpR7,False,2,0,,,,,,"[35, 38]",[],Betfair,1.8,2.38,7.5,Betano.br,1.7,2.72,6.8,Betfair,1.29,4.5,7.5,Sportingbet.br,1.34,2.95,Sportingbet.br,2.6,1.43,,0.0,0.0,Sportingbet.br,1.21,4.0,Sportingbet.br,1.98,1.71,,0.0,0.0,Betfair,1.01,11.0,Betfair,1.22,3.8,Betfair,1.75,1.95,Betfair,3.2,1.3,Betfair,6.5,1.08,Betfair,2.05,1.67,Sportingbet.br,5.25,1.13,Sportingbet.br,3.9,1.22,Sportingbet.br,1.09,1.18,2.95,Sportingbet.br,1.1,1.52,1.82,Sportingbet.br,1.1,1.38,2.1,Betano.br,1.1,4.9,Betano.br,1.18,4.25,Betano.br,1.18,4.5,Betfair,1.8,19.0,91.0,3.75,7.5,18.0,20.0,21.0,17.0,Betano.br,1.85,1.78,,0.0,0.0,,0.0,0.0,Betfair,10.0,Betfair,5.0,Betfair,17.0,Betfair,7.5,Betfair,5.0,Betfair,41.0,Betfair,6.5,Betfair,21.0,Betfair,17.0,Betfair,7.0,Betfair,151.0,Betfair,9.5,Betfair,76.0,Betfair,23.0,Betfair,76.0,,0,0,,0.0,0.0,Betano.br,1.85,1.75,,0.0,0.0,,0.0,0.0,,0.0,0.0,,0.0,0.0,,0.0,0.0,,0.0,0.0,,0,0,,0.0,0.0,0.0,,0.0,0.0,0.0,Novibet,0.0,0.0,19.5,Novibet,1.07,7.1,0.0,,0.0,0.0,0.0,,0.0,0.0,0.0,,,,,,,,,,,,,,,,,,,,,,,,,,,,,,,,,,,,,,,,,,,,,,,,,0.0,1.0,,,,,,,,,,,,,,,,,,,,,,,,,,,,,,,,,,,,,,,,,,,,,,,,,,,,,,,,,,,,,,,,,,,,,,,,,,,,,,,,,,,,,,,,,,,,,,,,,,,,,,,,,,,,,,,,,,,,,,,,,,,,,,,,,,,,,,,0.0,1.0,,,,,,,,,,,,,,,,,,,Primera B,4dzRa7y9
d8yjhBDF,COLOMBIA,2024,COLOMBIA 2,COLOMBIA 2,26/07/2024,20:00,Round 2,Atletico F.C.,jD7zZpR7,Leones,IZmBcNVO,False,2,2,,,,,,"[55, 88]","[5, 45]",Betfair,3.3,2.2,2.88,Betano.br,3.6,2.6,2.27,Betfair,2.8,3.4,2.2,Sportingbet.br,1.27,3.4,Betano.br,2.4,1.4,,0.0,0.0,Sportingbet.br,1.23,3.75,Sportingbet.br,2.05,1.66,,0.0,0.0,Betfair,1.01,11.0,Betfair,1.17,4.5,Betfair,1.65,2.1,Betfair,2.75,1.4,Betfair,5.5,1.11,Betfair,1.5,2.4,Sportingbet.br,3.4,1.27,Sportingbet.br,3.2,1.31,Betano.br,1.6,1.28,1.35,Betano.br,1.42,1.57,1.23,Sportingbet.br,1.44,1.49,1.33,Betano.br,2.02,1.62,Betano.br,2.32,1.53,Betano.br,2.4,1.53,Betfair,4.5,12.0,19.0,7.0,5.5,6.0,21.0,12.0,3.75,Betano.br,1.85,1.8,,0.0,0.0,,0.0,0.0,Betfair,10.0,Betfair,9.0,Betfair,8.0,Betfair,5.5,Betfair,13.0,Betfair,11.0,Betfair,8.0,Betfair,7.5,Betfair,9.0,Betfair,26.0,Betfair,18.0,Betfair,15.0,Betfair,13.0,Betfair,20.0,Betfair,17.0,,0,0,,0.0,0.0,,0.0,0.0,,0.0,0.0,,0.0,0.0,Betano.br,1.75,1.87,,0.0,0.0,,0.0,0.0,,0.0,0.0,,0,0,,0.0,0.0,0.0,,0.0,0.0,0.0,,0.0,0.0,0.0,,0.0,0.0,0.0,,0.0,0.0,0.0,,0.0,0.0,0.0,,,,,,,,,,,,,,,,,,,,,,,,,,,,,,,,,,,,,,,,,,,,,,,,,3.0,6.0,0.0,1.0,,,,,,,,,,,,,,,,,,,,,,,,,,,,,,,,,,,,,,,,,,,,,,,,,,,,,,,,,,,,,,,,,2.0,2.0,,,,,,,,,,,,,,,,,,,,,,,,,,,,,,,,,,,,,,,,,,,,,,,,,,,,,,,,,,,,,,,,,,,1.0,4.0,0.0,1.0,,,,,,,,,,,,,,,,,Primera B,4dzRa7y9
thcR0cI8,COLOMBIA,2024,COLOMBIA 2,COLOMBIA 2,22/08/2024,00:30,Round 6,U. Magdalena,tpLItk4L,Cucuta,zs0leK3r,False,1,1,,,,,,[77],[41],Betfair,2.4,2.0,5.0,Betano.br,2.1,2.37,4.85,Betfair,1.7,3.25,4.75,Betano.br,1.47,2.22,,0.0,0.0,,0.0,0.0,,0.0,0.0,,0.0,0.0,,0.0,0.0,Betfair,1.06,7.5,Betfair,1.36,2.88,Betfair,2.25,1.57,Betfair,4.5,1.17,Betfair,9.0,1.03,Betfair,2.1,1.65,,0.0,0.0,,0.0,0.0,Betano.br,1.15,1.3,2.05,Betano.br,1.14,1.7,1.47,,0.0,0.0,0.0,Betano.br,1.25,3.25,Betano.br,1.35,2.95,Betano.br,1.35,3.05,Betfair,3.4,13.0,36.0,5.0,4.33,8.0,23.0,13.0,6.0,Betano.br,1.88,1.75,,0.0,0.0,,0.0,0.0,Betfair,6.5,Betfair,5.0,Betfair,9.0,Betfair,5.5,Betfair,6.5,Betfair,19.0,Betfair,7.0,Betfair,13.0,Betfair,15.0,Betfair,11.0,Betfair,67.0,Betfair,13.0,Betfair,36.0,Betfair,26.0,Betfair,61.0,,0,0,,0.0,0.0,,0.0,0.0,,0.0,0.0,Betano.br,1.78,1.82,,0.0,0.0,,0.0,0.0,,0.0,0.0,,0.0,0.0,,0,0,,0.0,0.0,0.0,,0.0,0.0,0.0,,0.0,0.0,0.0,,0.0,0.0,0.0,,0.0,0.0,0.0,,0.0,0.0,0.0,,,,,,,,,,,,,,,,,,,,,,,,,,,,,,,,,,,,,,,,,,,,,,,,,2.0,6.0,,,,,,,,,,,,,,,,,,,,,,,,,,,,,,,,,,,,,,,,,,,,,,,,,,,,,,,,,,,,,,,,,,,1.0,1.0,,,,,,,,,,,,,,,,,,,,,,,,,,,,,,,,,,,,,,,,,,,,,,,,,,,,,,,,,,,,,,,,,,,1.0,5.0,,,,,,,,,,,,,,,,,,,Primera B,4dzRa7y9
jo7eQePb,COLOMBIA,2024,COLOMBIA 2,COLOMBIA 2,11/08/2024,22:00,Round 4,Llaneros,KzwFLhIU,Atletico F.C.,jD7zZpR7,False,3,0,,,,,,"[1, 45, 54]",[],Betfair,1.73,2.5,8.0,Betano.br,1.57,3.0,7.8,Betfair,1.2,5.0,9.5,Sportingbet.br,1.28,3.4,Estrelabet,2.4,1.45,Novibet,6.0,1.13,Sportingbet.br,1.19,4.33,Novibet,1.91,1.8,Novibet,4.0,1.25,Betfair,1.01,13.0,Betfair,1.17,4.5,Betfair,1.65,2.1,Betfair,2.75,1.4,Betfair,5.5,1.11,Betfair,2.05,1.73,Sportingbet.br,5.0,1.15,Sportingbet.br,3.9,1.21,Sportingbet.br,1.06,1.14,3.5,Sportingbet.br,1.08,1.44,2.0,Sportingbet.br,1.08,1.34,2.25,Estrelabet,1.06,7.0,Betano.br,1.15,4.75,Betano.br,1.14,5.2,Betfair,1.83,15.0,71.0,3.75,7.5,17.0,18.0,20.0,15.0,Novibet,1.86,1.83,Novibet,1.98,1.7,Novibet,1.92,1.75,Betfair,12.0,Betfair,5.5,Betfair,21.0,Betfair,8.0,Betfair,5.0,Betfair,56.0,Betfair,6.5,Betfair,23.0,Betfair,17.0,Betfair,6.5,Betfair,176.0,Betfair,8.5,Betfair,81.0,Betfair,21.0,Betfair,76.0,,0,0,,0.0,0.0,Estrelabet,1.8,1.85,,0.0,0.0,,0.0,0.0,,0.0,0.0,,0.0,0.0,,0.0,0.0,,0.0,0.0,,0,0,Novibet,6.1,5.6,0.0,Novibet,3.2,4.15,0.0,Novibet,1.88,3.65,24.0,Novibet,1.05,7.9,3.05,Novibet,0.0,0.0,1.76,Novibet,0.0,0.0,1.28,,,,,,,,,,,,,,,,,,,,,,,,,,,,,,,,,,,,,,,,,,,,,,,,,1.0,0.0,,,,,,,,,,,,,,,,,,,,,,,,,,,,,,,,,,,,,,,,,,,,,,,,,,,,,,,,,,,,,,,,,,,,,,,,,,,,,,,,,,,,,,,,,,,,,,,,,,,,,,,,,,,,,,,,,,,,,,,,,,,,,,,,,,,,,,,1.0,0.0,,,,,,,,,,,,,,,,,,,Primera B,4dzRa7y9
pz718N3D,COLOMBIA,2024,COLOMBIA 2,COLOMBIA 2,05/08/2024,22:30,Round 3,Real Cundinamarca,ze01M68P,Quindio,zms5B2Zr,False,2,1,,,,,,"[38, 76]",[45],Betfair,2.8,2.0,3.75,Sportingbet.br,2.55,2.25,3.5,Betfair,2.1,3.1,3.1,Sportingbet.br,1.35,2.9,Novibet,2.8,1.4,Novibet,7.5,1.09,Novibet,1.29,3.6,Sportingbet.br,2.45,1.49,Novibet,4.5,1.18,Betfair,1.05,8.0,Betfair,1.29,3.3,Betfair,2.0,1.73,Betfair,3.6,1.25,Betfair,7.5,1.06,Betfair,1.73,1.95,Novibet,4.05,1.18,Sportingbet.br,3.8,1.23,Betano.br,1.25,1.35,1.65,Betano.br,1.22,1.72,1.33,Novibet,1.29,1.57,1.42,Betano.br,1.47,2.35,Betano.br,1.62,2.15,Betano.br,1.65,2.15,Betfair,3.6,12.0,26.0,5.5,4.5,7.0,21.0,13.0,5.5,Estrelabet,1.95,1.75,Novibet,2.05,1.65,Novibet,1.99,1.69,Betfair,7.5,Betfair,6.0,Betfair,8.0,Betfair,5.0,Betfair,9.0,Betfair,13.0,Betfair,7.0,Betfair,9.0,Betfair,11.0,Betfair,17.0,Betfair,31.0,Betfair,15.0,Betfair,21.0,Betfair,23.0,Betfair,31.0,,0,0,,0.0,0.0,,0.0,0.0,,0.0,0.0,Betano.br,1.85,1.75,,0.0,0.0,,0.0,0.0,,0.0,0.0,,0.0,0.0,,0,0,,0.0,0.0,0.0,Novibet,10.0,6.5,17.75,Novibet,4.65,3.8,7.7,Novibet,1.3,4.5,1.56,Novibet,1.06,8.3,1.15,,0.0,0.0,0.0,,,,,,,,,,,,,,,,,,,,,,,,,,,,,,,,,,,,,,,,,,,,,,,,,1.0,2.0,,,,,,,,,,,,,,,,,,,,,,,,,,,,,,,,,,,,,,,,,,,,,,,,,,,,,,,,,,,,,,,,,,,0.0,2.0,,,,,,,,,,,,,,,,,,,,,,,,,,,,,,,,,,,,,,,,,,,,,,,,,,,,,,,,,,,,,,,,,,,1.0,0.0,,,,,,,,,,,,,,,,,,,Primera B,4dzRa7y9
KOTqlKY2,COLOMBIA,2024,COLOMBIA 2,COLOMBIA 2,21/08/2024,20:00,Round 6,Bogota,foERz7de,Inter Palmira,8tIHbqDh,False,1,2,,,,,,[20],"[54, 90]",Betfair,3.5,2.0,2.88,Betano.br,3.35,2.45,2.55,Betfair,2.88,3.3,2.2,Sportingbet.br,1.41,2.65,Sportingbet.br,2.95,1.35,,0.0,0.0,Sportingbet.br,1.26,3.5,Sportingbet.br,2.2,1.58,,0.0,0.0,Betfair,1.05,8.0,Betfair,1.29,3.3,Betfair,2.0,1.73,Betfair,3.6,1.25,Betfair,7.5,1.06,Betfair,1.75,1.95,Sportingbet.br,4.6,1.16,Sportingbet.br,3.4,1.27,Betano.br,1.65,1.3,1.36,Sportingbet.br,1.37,1.66,1.26,Sportingbet.br,1.44,1.51,1.3,Estrelabet,2.2,1.6,Betano.br,2.12,1.65,Betano.br,2.15,1.65,Betfair,5.0,13.0,21.0,7.0,4.5,5.5,26.0,12.0,3.75,Betano.br,1.85,1.78,,0.0,0.0,,0.0,0.0,Betfair,7.5,Betfair,7.5,Betfair,6.5,Betfair,5.0,Betfair,12.0,Betfair,9.0,Betfair,8.5,Betfair,7.5,Betfair,11.0,Betfair,26.0,Betfair,19.0,Betfair,20.0,Betfair,15.0,Betfair,26.0,Betfair,23.0,,0,0,,0.0,0.0,,0.0,0.0,,0.0,0.0,,0.0,0.0,,0.0,0.0,,0.0,0.0,,0.0,0.0,,0.0,0.0,,0,0,,0.0,0.0,0.0,,0.0,0.0,0.0,,0.0,0.0,0.0,,0.0,0.0,0.0,,0.0,0.0,0.0,,0.0,0.0,0.0,,,,,,,,,,,,,,,,,,,,,,,,,,,,,,,,,,,,,,,,,,,,,,,,,3.0,4.0,,,,,,,,,,,,,,,,,,,,,,,,,,,,,,,,,,,,,,,,,,,,,,,,,,,,,,,,,,,,,,,,,,,2.0,1.0,,,,,,,,,,,,,,,,,,,,,,,,,,,,,,,,,,,,,,,,,,,,,,,,,,,,,,,,,,,,,,,,,,,1.0,3.0,,,,,,,,,,,,,,,,,,,Primera B,4dzRa7y9
ULZcjkrS,COLOMBIA,2024,COLOMBIA 2,COLOMBIA 2,27/07/2024,22:00,Round 2,Barranquilla,O8ANu9JR,Cucuta,zs0leK3r,False,1,0,,,,,,[60],[],Betfair,3.1,1.91,3.6,Betano.br,3.0,2.3,3.05,Betfair,2.4,3.0,2.75,Sportingbet.br,1.47,2.45,Sportingbet.br,3.2,1.31,,0.0,0.0,,0.0,0.0,,0.0,0.0,,0.0,0.0,Betfair,1.06,7.5,Betfair,1.36,2.88,Betfair,2.25,1.57,Betfair,4.5,1.17,Betfair,9.0,1.03,Betfair,1.91,1.8,,0.0,0.0,,0.0,0.0,Sportingbet.br,1.4,1.34,1.51,Betano.br,1.26,1.72,1.29,,0.0,0.0,0.0,Betano.br,1.78,1.83,Betano.br,1.8,1.9,Betano.br,1.85,1.88,Betfair,5.0,12.0,23.0,7.0,4.5,5.5,31.0,12.0,3.75,Betano.br,1.87,1.78,,0.0,0.0,,0.0,0.0,Betfair,6.5,Betfair,6.0,Betfair,7.0,Betfair,5.0,Betfair,9.0,Betfair,11.0,Betfair,8.0,Betfair,8.5,Betfair,12.0,Betfair,21.0,Betfair,26.0,Betfair,17.0,Betfair,21.0,Betfair,31.0,Betfair,34.0,,0,0,,0.0,0.0,,0.0,0.0,,0.0,0.0,,0.0,0.0,,0.0,0.0,,0.0,0.0,,0.0,0.0,,0.0,0.0,,0,0,,0.0,0.0,0.0,,0.0,0.0,0.0,,0.0,0.0,0.0,,0.0,0.0,0.0,,0.0,0.0,0.0,,0.0,0.0,0.0,,,,,,,,,,,,,,,,,,,,,,,,,,,,,,,,,,,,,,,,,,,,,,,,,,,,,,,,,,,,,,,,,,,,,,,,,,,,,,,,,,,,,,,,,,,,,,,,,,,,,,,,,,,,,,,,,,,,,,,,,,,,,,,,,,,,,,,,,,,,,,,,,,,,,,,,,,,,,,,,,,,,,,,,,,,,,,,,,,,,,,,,,,,,,,,,,,,,,,,,,,,,,Primera B,4dzRa7y9
SUzUiE2k,COLOMBIA,2024,COLOMBIA 2,COLOMBIA 2,10/06/2024,22:10,Round 6,Cucuta,zs0leK3r,U. Magdalena,tpLItk4L,False,2,1,,,,,,"[26, 58]",[45],Betfair,3.5,2.0,3.1,Novibet,3.7,2.08,2.8,Betfair,2.8,2.8,2.4,Novibet,1.47,2.4,Novibet,3.05,1.31,Novibet,8.5,1.07,Novibet,1.3,3.5,Novibet,2.25,1.57,Novibet,5.0,1.17,Betfair,1.05,8.0,Betfair,1.33,3.0,Betfair,2.2,1.6,Betfair,4.0,1.2,Betfair,8.0,1.05,Betfair,1.83,1.83,Novibet,4.3,1.16,Novibet,3.15,1.29,Betano.br,1.53,1.33,1.4,Novibet,1.33,1.73,1.22,Novibet,1.4,1.57,1.3,Novibet,2.25,1.58,Novibet,2.15,1.62,Novibet,2.15,1.63,Betfair,4.5,12.0,26.0,6.0,4.33,6.0,26.0,13.0,4.5,Novibet,1.98,1.73,Novibet,2.07,1.64,Novibet,1.99,1.7,Betfair,6.5,Betfair,7.0,Betfair,6.5,Betfair,5.0,Betfair,11.0,Betfair,9.5,Betfair,8.5,Betfair,8.0,Betfair,11.0,Betfair,26.0,Betfair,20.0,Betfair,20.0,Betfair,17.0,Betfair,31.0,Betfair,26.0,,0,0,,0.0,0.0,,0.0,0.0,,0.0,0.0,,0.0,0.0,,0.0,0.0,,0.0,0.0,,0.0,0.0,,0.0,0.0,,0,0,,0.0,0.0,0.0,Novibet,16.5,7.8,11.25,Novibet,7.0,4.3,4.95,Novibet,1.51,3.85,1.34,Novibet,1.13,6.6,1.07,,0.0,0.0,0.0,,,,,,,,,,,,,,,,,,,,,,,,,,,,,,,,,,,,,,,,,,,,,,,,,4.0,1.0,,,,,,,,,,,,,,,,,,,,,,,,,,,,,,,,,,,,,,,,,,,,,,,,,,,,,,,,,,,,,,,,,,,1.0,1.0,,,,,,,,,,,,,,,,,,,,,,,,,,,,,,,,,,,,,,,,,,,,,,,,,,,,,,,,,,,,,,,,,,,3.0,0.0,,,,,,,,,,,,,,,,,,,Primera B,4dzRa7y9
z3jeWTjd,COLOMBIA,2024,COLOMBIA 2,COLOMBIA 2,21/07/2024,20:30,Round 1,Tigres,EcJJz8BQ,Barranquilla,O8ANu9JR,False,1,1,,,,,,[3],[64],Betfair,2.5,2.0,4.5,Betano.br,2.4,2.27,4.1,Betfair,1.8,3.25,4.2,Sportingbet.br,1.46,2.5,Sportingbet.br,3.2,1.31,,0.0,0.0,Sportingbet.br,1.34,3.0,Sportingbet.br,2.55,1.44,,0.0,0.0,Betfair,1.05,8.0,Betfair,1.36,2.88,Betfair,2.2,1.6,Betfair,4.0,1.2,Betfair,8.0,1.05,Betfair,1.95,1.75,Sportingbet.br,5.25,1.13,Sportingbet.br,4.2,1.19,Sportingbet.br,1.23,1.31,1.82,Betano.br,1.18,1.72,1.38,Sportingbet.br,1.2,1.57,1.53,Betano.br,1.39,2.57,Betano.br,1.47,2.5,Betano.br,1.47,2.55,Betfair,3.0,13.0,41.0,4.5,4.5,9.0,21.0,13.0,7.0,Betano.br,1.87,1.78,,0.0,0.0,,0.0,0.0,Betfair,7.0,Betfair,5.0,Betfair,9.0,Betfair,5.5,Betfair,7.0,Betfair,18.0,Betfair,7.0,Betfair,11.0,Betfair,13.0,Betfair,12.0,Betfair,46.0,Betfair,13.0,Betfair,31.0,Betfair,26.0,Betfair,51.0,,0,0,,0.0,0.0,,0.0,0.0,,0.0,0.0,Betano.br,1.9,1.72,,0.0,0.0,,0.0,0.0,,0.0,0.0,,0.0,0.0,,0,0,,0.0,0.0,0.0,,0.0,0.0,0.0,,0.0,0.0,0.0,,0.0,0.0,0.0,,0.0,0.0,0.0,,0.0,0.0,0.0,,,,,,,,,,,,,,,,,,,,,,,,,,,,,,,,,,,,,,,,,,,,,,,,,1.0,3.0,0.0,1.0,,,,,,,,,,,,,,,,,,,,,,,,,,,,,,,,,,,,,,,,,,,,,,,,,,,,,,,,,,,,,,,,,,,,,,,,,,,,,,,,,,,,,,,,,,,,,,,,,,,,,,,,,,,,,,,,,,,,,,,,,,,,,,,,,,,,,1.0,3.0,0.0,1.0,,,,,,,,,,,,,,,,,Primera B,4dzRa7y9
UsmmxaNH,COLOMBIA,2024,COLOMBIA 2,COLOMBIA 2,21/07/2024,20:00,Round 1,Huila,xCqdiIm1,Quindio,zms5B2Zr,False,2,1,,,,,,"[18, 66]",[2],Betfair,2.75,1.91,4.2,Betano.br,2.5,2.25,3.9,Betfair,2.0,2.8,3.7,Sportingbet.br,1.5,2.4,Sportingbet.br,3.3,1.28,,0.0,0.0,Sportingbet.br,1.31,3.1,Sportingbet.br,2.45,1.49,,0.0,0.0,Betfair,1.06,7.5,Betfair,1.36,2.88,Betfair,2.25,1.57,Betfair,4.5,1.17,Betfair,9.0,1.03,Betfair,1.87,1.8,Sportingbet.br,5.5,1.13,Sportingbet.br,3.9,1.22,Betano.br,1.24,1.34,1.7,Betano.br,1.19,1.75,1.36,,0.0,0.0,0.0,Betano.br,1.44,2.42,Betano.br,1.52,2.37,Betano.br,1.53,2.4,Betfair,3.5,12.0,34.0,5.0,4.33,7.5,23.0,13.0,6.0,Betano.br,1.88,1.75,,0.0,0.0,,0.0,0.0,Betfair,6.5,Betfair,5.5,Betfair,8.0,Betfair,5.0,Betfair,7.5,Betfair,14.0,Betfair,7.0,Betfair,10.0,Betfair,12.0,Betfair,15.0,Betfair,36.0,Betfair,15.0,Betfair,26.0,Betfair,26.0,Betfair,36.0,,0,0,,0.0,0.0,,0.0,0.0,,0.0,0.0,Betano.br,1.93,1.7,,0.0,0.0,,0.0,0.0,,0.0,0.0,,0.0,0.0,,0,0,,0.0,0.0,0.0,,0.0,0.0,0.0,,0.0,0.0,0.0,,0.0,0.0,0.0,,0.0,0.0,0.0,,0.0,0.0,0.0,,,,,,,,,,,,,,,,,,,,,,,,,,,,,,,,,,,,,,,,,,,,,,,,,1.0,4.0,,,,,,,,,,,,,,,,,,,,,,,,,,,,,,,,,,,,,,,,,,,,,,,,,,,,,,,,,,,,,,,,,,,0.0,1.0,,,,,,,,,,,,,,,,,,,,,,,,,,,,,,,,,,,,,,,,,,,,,,,,,,,,,,,,,,,,,,,,,,,1.0,3.0,,,,,,,,,,,,,,,,,,,Primera B,4dzRa7y9
YmwjwrQp,COLOMBIA,2024,COLOMBIA 2,COLOMBIA 2,07/06/2024,00:30,Round 5,Tigres,EcJJz8BQ,Cartagena,6eofBSjQ,False,0,1,,,,,,[],[57],Betfair,5.0,2.0,2.3,Novibet,5.0,2.35,2.0,Betfair,4.6,3.3,1.67,Novibet,1.42,2.62,Sportingbet.br,3.0,1.33,Novibet,8.0,1.08,Novibet,1.29,3.5,Novibet,2.25,1.57,Novibet,5.0,1.17,Betfair,1.03,9.0,Betfair,1.29,3.3,Betfair,2.0,1.73,Betfair,3.6,1.25,Betfair,7.5,1.06,Betfair,1.87,1.8,Sportingbet.br,5.25,1.14,Sportingbet.br,3.7,1.24,Novibet,2.2,1.25,1.15,Sportingbet.br,1.5,1.68,1.16,Novibet,1.67,1.5,1.17,Novibet,3.8,1.22,Novibet,3.3,1.3,Novibet,3.2,1.31,Betfair,8.5,14.0,20.0,10.0,5.0,4.33,46.0,13.0,2.7,Novibet,1.88,1.82,Novibet,2.04,1.66,Novibet,1.96,1.72,Betfair,8.0,Betfair,10.0,Betfair,5.5,Betfair,6.0,Betfair,20.0,Betfair,6.5,Betfair,13.0,Betfair,6.5,Betfair,13.0,Betfair,71.0,Betfair,11.0,Betfair,36.0,Betfair,11.0,Betfair,46.0,Betfair,21.0,,0,0,,0.0,0.0,,0.0,0.0,,0.0,0.0,,0.0,0.0,Betano.br,1.9,1.72,Betano.br,1.75,1.85,,0.0,0.0,,0.0,0.0,,0,0,,0.0,0.0,0.0,Novibet,22.0,8.7,5.45,Novibet,14.75,6.0,2.75,Novibet,2.2,3.4,1.13,Novibet,1.38,4.65,1.04,,0.0,0.0,0.0,,,,,,,,,,,,,,,,,,,,,,,,,,,,,,,,,,,,,,,,,,,,,,,,,1.0,3.0,,,,,,,,,,,,,,,,,,,,,,,,,,,,,,,,,,,,,,,,,,,,,,,,,,,,,,,,,,,,,,,,,,,0.0,1.0,,,,,,,,,,,,,,,,,,,,,,,,,,,,,,,,,,,,,,,,,,,,,,,,,,,,,,,,,,,,,,,,,,,1.0,2.0,,,,,,,,,,,,,,,,,,,Primera B,4dzRa7y9
StN3JUWp,COLOMBIA,2024,COLOMBIA 2,COLOMBIA 2,31/05/2024,20:00,Round 4,Cucuta,zs0leK3r,Llaneros,KzwFLhIU,False,1,3,,,,,,[31],"[44, 90, 90]",Betfair,3.4,1.91,3.3,Betano.br,3.0,2.3,3.0,Betfair,2.7,2.8,2.5,Sportingbet.br,1.5,2.4,Sportingbet.br,3.2,1.3,,0.0,0.0,Sportingbet.br,1.3,3.2,Sportingbet.br,2.35,1.51,,0.0,0.0,Betfair,1.06,7.5,Betfair,1.36,2.88,Betfair,2.25,1.57,Betfair,4.5,1.17,Betfair,9.0,1.03,Betfair,1.83,1.83,Sportingbet.br,5.0,1.14,Sportingbet.br,3.6,1.25,Betano.br,1.47,1.32,1.47,Sportingbet.br,1.29,1.77,1.28,Sportingbet.br,1.35,1.57,1.34,Betano.br,1.8,1.8,Betano.br,1.85,1.85,Betano.br,1.87,1.87,Betfair,3.0,13.0,36.0,4.5,4.5,9.0,21.0,13.0,6.5,Betano.br,1.85,1.78,,0.0,0.0,,0.0,0.0,Betfair,6.5,Betfair,6.5,Betfair,6.5,Betfair,5.0,Betfair,10.0,Betfair,10.0,Betfair,8.5,Betfair,8.5,Betfair,12.0,Betfair,23.0,Betfair,21.0,Betfair,19.0,Betfair,19.0,Betfair,31.0,Betfair,31.0,,0,0,,0.0,0.0,,0.0,0.0,,0.0,0.0,Betano.br,1.88,1.72,,0.0,0.0,,0.0,0.0,,0.0,0.0,,0.0,0.0,,0,0,,0.0,0.0,0.0,,0.0,0.0,0.0,,0.0,0.0,0.0,,0.0,0.0,0.0,,0.0,0.0,0.0,,0.0,0.0,0.0,,,,,,,,,,,,,,,,,,,,,,,,,,,,,,,,,,,,,,,,,,,,,,,,,3.0,1.0,,,,,,,,,,,,,,,,,,,,,,,,,,,,,,,,,,,,,,,,,,,,,,,,,,,,,,,,,,,,,,,,,,,1.0,0.0,,,,,,,,,,,,,,,,,,,,,,,,,,,,,,,,,,,,,,,,,,,,,,,,,,,,,,,,,,,,,,,,,,,2.0,1.0,,,,,,,,,,,,,,,,,,,Primera B,4dzRa7y9
bFpbczuS,COLOMBIA,2024,COLOMBIA 2,COLOMBIA 2,10/06/2024,22:10,Round 6,Llaneros,KzwFLhIU,Quindio,zms5B2Zr,False,2,0,,,,,,"[71, 90]",[],Betfair,1.8,2.4,7.5,Betano.br,1.65,2.9,6.6,Betfair,1.25,4.6,8.5,Sportingbet.br,1.34,3.0,Sportingbet.br,2.55,1.44,,0.0,0.0,,0.0,0.0,,0.0,0.0,,0.0,0.0,Betfair,1.01,11.0,Betfair,1.2,4.0,Betfair,1.65,2.1,Betfair,2.88,1.36,Betfair,5.5,1.11,Betfair,2.0,1.7,Sportingbet.br,5.0,1.14,Sportingbet.br,3.6,1.25,Sportingbet.br,1.08,1.17,3.0,Sportingbet.br,1.09,1.52,1.83,Sportingbet.br,1.09,1.35,2.15,Betano.br,1.1,5.0,Betano.br,1.24,3.65,Betano.br,1.18,4.5,Betfair,1.91,15.0,61.0,3.75,7.0,15.0,19.0,18.0,13.0,Betano.br,1.85,1.8,,0.0,0.0,,0.0,0.0,Betfair,11.0,Betfair,5.5,Betfair,18.0,Betfair,7.5,Betfair,5.0,Betfair,46.0,Betfair,6.5,Betfair,21.0,Betfair,15.0,Betfair,7.0,Betfair,126.0,Betfair,9.0,Betfair,71.0,Betfair,20.0,Betfair,71.0,,0,0,,0.0,0.0,,0.0,0.0,Betano.br,1.7,1.9,Betano.br,1.72,1.9,,0.0,0.0,,0.0,0.0,,0.0,0.0,,0.0,0.0,,0,0,,0.0,0.0,0.0,,0.0,0.0,0.0,,0.0,0.0,0.0,,0.0,0.0,0.0,,0.0,0.0,0.0,,0.0,0.0,0.0,,,,,,,,,,,,,,,,,,,,,,,,,,,,,,,,,,,,,,,,,,,,,,,,,,,,,,,,,,,,,,,,,,,,,,,,,,,,,,,,,,,,,,,,,,,,,,,,,,,,,,,,,,,,,,,,,,,,,,,,,,,,,,,,,,,,,,,,,,,,,,,,,,,,,,,,,,,,,,,,,,,,,,,,,,,,,,,,,,,,,,,,,,,,,,,,,,,,,,,,,,,,,Primera B,4dzRa7y9
E3dJr42N,COLOMBIA,2024,COLOMBIA 2,COLOMBIA 2,06/06/2024,21:00,Round 5,Orsomarso,ET6jTFPs,Huila,xCqdiIm1,False,1,0,,,,,,[72],[],Betfair,4.5,1.91,2.7,Novibet,4.15,2.15,2.4,Betfair,4.0,3.0,1.87,Novibet,1.56,2.38,Sportingbet.br,3.6,1.25,Novibet,10.0,1.05,Novibet,1.36,3.0,Novibet,2.62,1.45,Novibet,6.5,1.12,Betfair,1.07,7.0,Betfair,1.45,2.55,Betfair,2.55,1.45,Betfair,5.5,1.11,Betfair,11.0,1.01,Betfair,2.15,1.6,Sportingbet.br,6.0,1.11,Sportingbet.br,4.2,1.19,Novibet,1.73,1.33,1.22,Sportingbet.br,1.38,1.78,1.19,Sportingbet.br,1.47,1.58,1.22,Novibet,2.7,1.4,Novibet,2.55,1.47,Novibet,2.5,1.48,Betfair,7.0,13.0,26.0,8.5,4.0,4.5,46.0,13.0,3.25,Novibet,1.89,1.81,Novibet,2.15,1.61,Novibet,2.01,1.68,Betfair,5.5,Betfair,7.5,Betfair,4.5,Betfair,5.5,Betfair,15.0,Betfair,7.0,Betfair,11.0,Betfair,7.5,Betfair,15.0,Betfair,51.0,Betfair,14.0,Betfair,41.0,Betfair,15.0,Betfair,56.0,Betfair,34.0,,0,0,,0.0,0.0,,0.0,0.0,,0.0,0.0,,0.0,0.0,Betano.br,1.75,1.87,,0.0,0.0,,0.0,0.0,,0.0,0.0,,0,0,,0.0,0.0,0.0,Novibet,28.0,9.1,9.0,Novibet,10.5,4.9,3.9,Novibet,1.75,3.45,1.21,Novibet,1.2,5.5,1.02,,0.0,0.0,0.0,,,,,,,,,,,,,,,,,,,,,,,,,,,,,,,,,,,,,,,,,,,,,,,,,2.0,3.0,,,,,,,,,,,,,,,,,,,,,,,,,,,,,,,,,,,,,,,,,,,,,,,,,,,,,,,,,,,,,,,,,,,2.0,1.0,,,,,,,,,,,,,,,,,,,,,,,,,,,,,,,,,,,,,,,,,,,,,,,,,,,,,,,,,,,,,,,,,,,0.0,2.0,,,,,,,,,,,,,,,,,,,Primera B,4dzRa7y9
KlPlsYOi,COLOMBIA,2024,COLOMBIA 2,COLOMBIA 2,01/06/2024,00:00,Round 4,U. Magdalena,tpLItk4L,Quindio,zms5B2Zr,False,0,0,,,,,,[],[],Betfair,2.3,2.1,5.0,Betano.br,1.98,2.52,5.0,Betfair,1.65,3.5,4.5,Betano.br,1.42,2.37,,0.0,0.0,,0.0,0.0,,0.0,0.0,,0.0,0.0,,0.0,0.0,Betfair,1.03,9.0,Betfair,1.29,3.3,Betfair,1.95,1.75,Betfair,3.6,1.25,Betfair,7.5,1.06,Betfair,1.83,1.83,,0.0,0.0,,0.0,0.0,Betano.br,1.15,1.26,2.2,Betano.br,1.14,1.62,1.53,,0.0,0.0,0.0,Betano.br,1.22,3.45,Betano.br,1.32,3.15,Betano.br,1.32,3.25,Betfair,2.7,13.0,41.0,4.5,5.0,10.0,20.0,14.0,8.0,Betano.br,1.85,1.78,,0.0,0.0,,0.0,0.0,Betfair,8.0,Betfair,5.5,Betfair,10.0,Betfair,6.0,Betfair,6.5,Betfair,21.0,Betfair,6.5,Betfair,12.0,Betfair,12.0,Betfair,11.0,Betfair,56.0,Betfair,11.0,Betfair,36.0,Betfair,21.0,Betfair,41.0,,0,0,,0.0,0.0,,0.0,0.0,,0.0,0.0,Betano.br,1.82,1.78,,0.0,0.0,,0.0,0.0,,0.0,0.0,,0.0,0.0,,0,0,,0.0,0.0,0.0,,0.0,0.0,0.0,,0.0,0.0,0.0,,0.0,0.0,0.0,,0.0,0.0,0.0,,0.0,0.0,0.0,,,,,,,,,,,,,,,,,,,,,,,,,,,,,,,,,,,,,,,,,,,,,,,,,1.0,5.0,0.0,1.0,,,,,,,,,,,,,,,,,,,,,,,,,,,,,,,,,,,,,,,,,,,,,,,,,,,,,,,,,,,,,,,,,0.0,2.0,,,,,,,,,,,,,,,,,,,,,,,,,,,,,,,,,,,,,,,,,,,,,,,,,,,,,,,,,,,,,,,,,,,1.0,3.0,0.0,1.0,,,,,,,,,,,,,,,,,Primera B,4dzRa7y9
GGIcuCg4,COLOMBIA,2024,COLOMBIA 2,COLOMBIA 2,01/06/2024,20:00,Round 4,Tigres,EcJJz8BQ,Orsomarso,ET6jTFPs,False,0,1,,,,,,[],[90],Betfair,2.88,2.0,3.6,Sportingbet.br,2.55,2.3,3.4,Betfair,2.2,3.1,2.88,Sportingbet.br,1.41,2.7,Sportingbet.br,2.9,1.36,,0.0,0.0,Sportingbet.br,1.29,3.25,Sportingbet.br,2.35,1.52,,0.0,0.0,Betfair,1.05,8.0,Betfair,1.3,3.2,Betfair,2.1,1.65,Betfair,3.8,1.22,Betfair,8.0,1.05,Betfair,1.8,1.87,Sportingbet.br,4.6,1.17,Sportingbet.br,3.7,1.24,Sportingbet.br,1.34,1.31,1.62,Sportingbet.br,1.25,1.66,1.38,Sportingbet.br,1.28,1.55,1.44,Betano.br,1.72,1.9,Betano.br,1.78,1.93,Betano.br,1.78,1.98,Betfair,3.75,12.0,26.0,5.5,4.5,7.0,23.0,13.0,5.0,Betano.br,1.85,1.8,,0.0,0.0,,0.0,0.0,Betfair,7.0,Betfair,6.5,Betfair,7.5,Betfair,5.0,Betfair,9.0,Betfair,12.0,Betfair,7.5,Betfair,8.5,Betfair,11.0,Betfair,18.0,Betfair,26.0,Betfair,15.0,Betfair,21.0,Betfair,26.0,Betfair,26.0,,0,0,,0.0,0.0,,0.0,0.0,,0.0,0.0,,0.0,0.0,,0.0,0.0,,0.0,0.0,,0.0,0.0,,0.0,0.0,,0,0,,0.0,0.0,0.0,,0.0,0.0,0.0,,0.0,0.0,0.0,,0.0,0.0,0.0,,0.0,0.0,0.0,,0.0,0.0,0.0,,,,,,,,,,,,,,,,,,,,,,,,,,,,,,,,,,,,,,,,,,,,,,,,,2.0,1.0,,,,,,,,,,,,,,,,,,,,,,,,,,,,,,,,,,,,,,,,,,,,,,,,,,,,,,,,,,,,,,,,,,,,,,,,,,,,,,,,,,,,,,,,,,,,,,,,,,,,,,,,,,,,,,,,,,,,,,,,,,,,,,,,,,,,,,,2.0,1.0,,,,,,,,,,,,,,,,,,,Primera B,4dzRa7y9
nqcWLxzn,COLOMBIA,2024,COLOMBIA 2,COLOMBIA 2,25/05/2024,01:10,Round 2,Cartagena,6eofBSjQ,Tigres,EcJJz8BQ,False,1,0,,,,,,[],[],,0.0,0.0,0.0,,0.0,0.0,0.0,,0.0,0.0,0.0,,0.0,0.0,,0.0,0.0,,0.0,0.0,,0.0,0.0,,0.0,0.0,,0.0,0.0,,0.0,0.0,,0.0,0.0,,0.0,0.0,,0.0,0.0,,0.0,0.0,,0.0,0.0,,0.0,0.0,,0.0,0.0,,0.0,0.0,0.0,,0.0,0.0,0.0,,0.0,0.0,0.0,,0.0,0.0,,0.0,0.0,,0.0,0.0,,0.0,0.0,0.0,0.0,0.0,0.0,0.0,0.0,0.0,,0.0,0.0,,0.0,0.0,,0.0,0.0,,0.0,,0.0,,0.0,,0.0,,0.0,,0.0,,0.0,,0.0,,0.0,,0.0,,0.0,,0.0,,0.0,,0.0,,0.0,,0,0,,0.0,0.0,,0.0,0.0,,0.0,0.0,,0.0,0.0,,0.0,0.0,,0.0,0.0,,0.0,0.0,,0.0,0.0,,0,0,,0.0,0.0,0.0,,0.0,0.0,0.0,,0.0,0.0,0.0,,0.0,0.0,0.0,,0.0,0.0,0.0,,0.0,0.0,0.0,,,,,,,,,,,,,,,,,,,,,,,,,,,,,,,,,,,,,,,,,,,,,,,,,,,,,,,,,,,,,,,,,,,,,,,,,,,,,,,,,,,,,,,,,,,,,,,,,,,,,,,,,,,,,,,,,,,,,,,,,,,,,,,,,,,,,,,,,,,,,,,,,,,,,,,,,,,,,,,,,,,,,,,,,,,,,,,,,,,,,,,,,,,,,,,,,,,,,,,,,,,,,Primera B,4dzRa7y9
vHlGSY9b,COLOMBIA,2024,COLOMBIA 2,COLOMBIA 2,26/05/2024,20:00,Round 3,Quindio,zms5B2Zr,U. Magdalena,tpLItk4L,False,1,2,,,,,,[],[],,0.0,0.0,0.0,,0.0,0.0,0.0,,0.0,0.0,0.0,,0.0,0.0,,0.0,0.0,,0.0,0.0,,0.0,0.0,,0.0,0.0,,0.0,0.0,,0.0,0.0,,0.0,0.0,,0.0,0.0,,0.0,0.0,,0.0,0.0,,0.0,0.0,,0.0,0.0,,0.0,0.0,,0.0,0.0,0.0,,0.0,0.0,0.0,,0.0,0.0,0.0,,0.0,0.0,,0.0,0.0,,0.0,0.0,,0.0,0.0,0.0,0.0,0.0,0.0,0.0,0.0,0.0,,0.0,0.0,,0.0,0.0,,0.0,0.0,,0.0,,0.0,,0.0,,0.0,,0.0,,0.0,,0.0,,0.0,,0.0,,0.0,,0.0,,0.0,,0.0,,0.0,,0.0,,0,0,,0.0,0.0,,0.0,0.0,,0.0,0.0,,0.0,0.0,,0.0,0.0,,0.0,0.0,,0.0,0.0,,0.0,0.0,,0,0,,0.0,0.0,0.0,,0.0,0.0,0.0,,0.0,0.0,0.0,,0.0,0.0,0.0,,0.0,0.0,0.0,,0.0,0.0,0.0,,,,,,,,,,,,,,,,,,,,,,,,,,,,,,,,,,,,,,,,,,,,,,,,,,,,,,,,,,,,,,,,,,,,,,,,,,,,,,,,,,,,,,,,,,,,,,,,,,,,,,,,,,,,,,,,,,,,,,,,,,,,,,,,,,,,,,,,,,,,,,,,,,,,,,,,,,,,,,,,,,,,,,,,,,,,,,,,,,,,,,,,,,,,,,,,,,,,,,,,,,,,,Primera B,4dzRa7y9
SvQ55Hk5,COLOMBIA,2024,COLOMBIA 2,COLOMBIA 2,21/05/2024,20:30,Round 2,Cucuta,zs0leK3r,Quindio,zms5B2Zr,False,1,0,,,,,,[],[],,0.0,0.0,0.0,,0.0,0.0,0.0,,0.0,0.0,0.0,,0.0,0.0,,0.0,0.0,,0.0,0.0,,0.0,0.0,,0.0,0.0,,0.0,0.0,,0.0,0.0,,0.0,0.0,,0.0,0.0,,0.0,0.0,,0.0,0.0,,0.0,0.0,,0.0,0.0,,0.0,0.0,,0.0,0.0,0.0,,0.0,0.0,0.0,,0.0,0.0,0.0,,0.0,0.0,,0.0,0.0,,0.0,0.0,,0.0,0.0,0.0,0.0,0.0,0.0,0.0,0.0,0.0,,0.0,0.0,,0.0,0.0,,0.0,0.0,,0.0,,0.0,,0.0,,0.0,,0.0,,0.0,,0.0,,0.0,,0.0,,0.0,,0.0,,0.0,,0.0,,0.0,,0.0,,0,0,,0.0,0.0,,0.0,0.0,,0.0,0.0,,0.0,0.0,,0.0,0.0,,0.0,0.0,,0.0,0.0,,0.0,0.0,,0,0,,0.0,0.0,0.0,,0.0,0.0,0.0,,0.0,0.0,0.0,,0.0,0.0,0.0,,0.0,0.0,0.0,,0.0,0.0,0.0,,,,,,,,,,,,,,,,,,,,,,,,,,,,,,,,,,,,,,,,,,,,,,,,,,,,,,,,,,,,,,,,,,,,,,,,,,,,,,,,,,,,,,,,,,,,,,,,,,,,,,,,,,,,,,,,,,,,,,,,,,,,,,,,,,,,,,,,,,,,,,,,,,,,,,,,,,,,,,,,,,,,,,,,,,,,,,,,,,,,,,,,,,,,,,,,,,,,,,,,,,,,,Primera B,4dzRa7y9
lpPxjhX1,COLOMBIA,2024,COLOMBIA 2,COLOMBIA 2,11/06/2024,00:15,Round 6,Cartagena,6eofBSjQ,Orsomarso,ET6jTFPs,False,2,0,,,,,,"[25, 62]",[],Betfair,1.91,2.3,6.0,Sportingbet.br,1.78,2.7,5.25,Betfair,1.4,4.0,6.0,Sportingbet.br,1.32,3.1,Sportingbet.br,2.5,1.46,,0.0,0.0,Sportingbet.br,1.2,4.1,Sportingbet.br,1.95,1.75,,0.0,0.0,Betfair,1.01,11.0,Betfair,1.2,4.0,Betfair,1.73,2.0,Betfair,2.88,1.36,Betfair,5.5,1.11,Betfair,1.8,1.87,Sportingbet.br,4.5,1.17,Sportingbet.br,3.4,1.27,Sportingbet.br,1.13,1.2,2.5,Sportingbet.br,1.13,1.53,1.72,Sportingbet.br,1.14,1.4,1.9,Betano.br,1.18,3.75,Betano.br,1.28,3.35,Betano.br,1.27,3.55,Betfair,2.2,13.0,51.0,4.2,6.0,12.0,18.0,15.0,10.0,Betano.br,1.83,1.8,,0.0,0.0,,0.0,0.0,Betfair,10.0,Betfair,6.0,Betfair,14.0,Betfair,6.5,Betfair,6.0,Betfair,31.0,Betfair,6.0,Betfair,15.0,Betfair,13.0,Betfair,8.5,Betfair,81.0,Betfair,9.5,Betfair,46.0,Betfair,18.0,Betfair,46.0,,0,0,,0.0,0.0,,0.0,0.0,Betano.br,1.78,1.82,,0.0,0.0,,0.0,0.0,,0.0,0.0,,0.0,0.0,,0.0,0.0,,0,0,,0.0,0.0,0.0,,0.0,0.0,0.0,,0.0,0.0,0.0,,0.0,0.0,0.0,,0.0,0.0,0.0,,0.0,0.0,0.0,,,,,,,,,,,,,,,,,,,,,,,,,,,,,,,,,,,,,,,,,,,,,,,,,2.0,2.0,1.0,0.0,,,,,,,,,,,,,,,,,,,,,,,,,,,,,,,,,,,,,,,,,,,,,,,,,,,,,,,,,,,,,,,,,0.0,1.0,1.0,0.0,,,,,,,,,,,,,,,,,,,,,,,,,,,,,,,,,,,,,,,,,,,,,,,,,,,,,,,,,,,,,,,,,2.0,1.0,,,,,,,,,,,,,,,,,,,Primera B,4dzRa7y9
l4aJTMXI,COLOMBIA,2024,COLOMBIA 2,COLOMBIA 2,02/05/2024,20:30,Round 14,Barranquilla,O8ANu9JR,Cartagena,6eofBSjQ,False,0,1,,,,,,[],[],,0.0,0.0,0.0,,0.0,0.0,0.0,,0.0,0.0,0.0,,0.0,0.0,,0.0,0.0,,0.0,0.0,,0.0,0.0,,0.0,0.0,,0.0,0.0,,0.0,0.0,,0.0,0.0,,0.0,0.0,,0.0,0.0,,0.0,0.0,,0.0,0.0,,0.0,0.0,,0.0,0.0,,0.0,0.0,0.0,,0.0,0.0,0.0,,0.0,0.0,0.0,,0.0,0.0,,0.0,0.0,,0.0,0.0,,0.0,0.0,0.0,0.0,0.0,0.0,0.0,0.0,0.0,,0.0,0.0,,0.0,0.0,,0.0,0.0,,0.0,,0.0,,0.0,,0.0,,0.0,,0.0,,0.0,,0.0,,0.0,,0.0,,0.0,,0.0,,0.0,,0.0,,0.0,,0,0,,0.0,0.0,,0.0,0.0,,0.0,0.0,,0.0,0.0,,0.0,0.0,,0.0,0.0,,0.0,0.0,,0.0,0.0,,0,0,,0.0,0.0,0.0,,0.0,0.0,0.0,,0.0,0.0,0.0,,0.0,0.0,0.0,,0.0,0.0,0.0,,0.0,0.0,0.0,,,,,,,,,,,,,,,,,,,,,,,,,,,,,,,,,,,,,,,,,,,,,,,,,,,,,,,,,,,,,,,,,,,,,,,,,,,,,,,,,,,,,,,,,,,,,,,,,,,,,,,,,,,,,,,,,,,,,,,,,,,,,,,,,,,,,,,,,,,,,,,,,,,,,,,,,,,,,,,,,,,,,,,,,,,,,,,,,,,,,,,,,,,,,,,,,,,,,,,,,,,,,Primera B,4dzRa7y9
tvdBVr36,COLOMBIA,2024,COLOMBIA 2,COLOMBIA 2,02/05/2024,20:30,Round 14,Boca Juniors,6yoKBtoR,Quindio,zms5B2Zr,False,2,1,,,,,,[],[],,0.0,0.0,0.0,,0.0,0.0,0.0,,0.0,0.0,0.0,,0.0,0.0,,0.0,0.0,,0.0,0.0,,0.0,0.0,,0.0,0.0,,0.0,0.0,,0.0,0.0,,0.0,0.0,,0.0,0.0,,0.0,0.0,,0.0,0.0,,0.0,0.0,,0.0,0.0,,0.0,0.0,,0.0,0.0,0.0,,0.0,0.0,0.0,,0.0,0.0,0.0,,0.0,0.0,,0.0,0.0,,0.0,0.0,,0.0,0.0,0.0,0.0,0.0,0.0,0.0,0.0,0.0,,0.0,0.0,,0.0,0.0,,0.0,0.0,,0.0,,0.0,,0.0,,0.0,,0.0,,0.0,,0.0,,0.0,,0.0,,0.0,,0.0,,0.0,,0.0,,0.0,,0.0,,0,0,,0.0,0.0,,0.0,0.0,,0.0,0.0,,0.0,0.0,,0.0,0.0,,0.0,0.0,,0.0,0.0,,0.0,0.0,,0,0,,0.0,0.0,0.0,,0.0,0.0,0.0,,0.0,0.0,0.0,,0.0,0.0,0.0,,0.0,0.0,0.0,,0.0,0.0,0.0,,,,,,,,,,,,,,,,,,,,,,,,,,,,,,,,,,,,,,,,,,,,,,,,,,,,,,,,,,,,,,,,,,,,,,,,,,,,,,,,,,,,,,,,,,,,,,,,,,,,,,,,,,,,,,,,,,,,,,,,,,,,,,,,,,,,,,,,,,,,,,,,,,,,,,,,,,,,,,,,,,,,,,,,,,,,,,,,,,,,,,,,,,,,,,,,,,,,,,,,,,,,,Primera B,4dzRa7y9
AD0FU2IC,COLOMBIA,2024,COLOMBIA 2,COLOMBIA 2,02/05/2024,20:30,Round 14,Real Santander,nPIUdlJE,Cucuta,zs0leK3r,False,0,3,,,,,,[],[],,0.0,0.0,0.0,,0.0,0.0,0.0,,0.0,0.0,0.0,,0.0,0.0,,0.0,0.0,,0.0,0.0,,0.0,0.0,,0.0,0.0,,0.0,0.0,,0.0,0.0,,0.0,0.0,,0.0,0.0,,0.0,0.0,,0.0,0.0,,0.0,0.0,,0.0,0.0,,0.0,0.0,,0.0,0.0,0.0,,0.0,0.0,0.0,,0.0,0.0,0.0,,0.0,0.0,,0.0,0.0,,0.0,0.0,,0.0,0.0,0.0,0.0,0.0,0.0,0.0,0.0,0.0,,0.0,0.0,,0.0,0.0,,0.0,0.0,,0.0,,0.0,,0.0,,0.0,,0.0,,0.0,,0.0,,0.0,,0.0,,0.0,,0.0,,0.0,,0.0,,0.0,,0.0,,0,0,,0.0,0.0,,0.0,0.0,,0.0,0.0,,0.0,0.0,,0.0,0.0,,0.0,0.0,,0.0,0.0,,0.0,0.0,,0,0,,0.0,0.0,0.0,,0.0,0.0,0.0,,0.0,0.0,0.0,,0.0,0.0,0.0,,0.0,0.0,0.0,,0.0,0.0,0.0,,,,,,,,,,,,,,,,,,,,,,,,,,,,,,,,,,,,,,,,,,,,,,,,,,,,,,,,,,,,,,,,,,,,,,,,,,,,,,,,,,,,,,,,,,,,,,,,,,,,,,,,,,,,,,,,,,,,,,,,,,,,,,,,,,,,,,,,,,,,,,,,,,,,,,,,,,,,,,,,,,,,,,,,,,,,,,,,,,,,,,,,,,,,,,,,,,,,,,,,,,,,,Primera B,4dzRa7y9
E74KX2v0,COLOMBIA,2024,COLOMBIA 2,COLOMBIA 2,17/05/2024,23:00,Round 1,U. Magdalena,tpLItk4L,Cucuta,zs0leK3r,False,2,0,,,,,,"[37, 72]",[],Betfair,2.8,2.1,3.6,Novibet,2.6,2.3,3.35,Betfair,2.15,3.25,3.0,Novibet,1.42,2.75,Novibet,2.88,1.38,Novibet,8.0,1.08,Novibet,1.29,3.6,Novibet,2.2,1.62,Novibet,5.0,1.18,Betfair,1.03,9.0,Betfair,1.25,3.6,Betfair,1.85,1.85,Betfair,3.3,1.29,Betfair,7.0,1.07,Betfair,1.65,2.1,Novibet,4.25,1.17,Novibet,3.15,1.29,Betano.br,1.31,1.31,1.62,Betano.br,1.25,1.7,1.32,Novibet,1.3,1.53,1.42,Novibet,1.59,2.2,Novibet,1.65,2.15,Novibet,1.66,2.15,Betano.br,3.75,14.0,37.0,5.1,4.5,7.0,30.0,14.0,5.0,Novibet,1.89,1.81,Novibet,2.05,1.65,Novibet,1.96,1.71,Betfair,8.5,Betfair,6.5,Betfair,8.5,Betfair,5.5,Betfair,9.0,Betfair,13.0,Betfair,7.5,Betfair,9.0,Betfair,10.0,Betfair,17.0,Betfair,26.0,Betfair,14.0,Betfair,20.0,Betfair,21.0,Betfair,26.0,,0,0,,0.0,0.0,,0.0,0.0,,0.0,0.0,,0.0,0.0,,0.0,0.0,,0.0,0.0,,0.0,0.0,,0.0,0.0,,0,0,,0.0,0.0,0.0,Novibet,10.0,6.2,17.0,Novibet,4.45,3.8,7.1,Novibet,1.32,4.45,1.58,Novibet,1.06,7.9,1.16,,0.0,0.0,0.0,,,,,,,,,,,,,,,,,,,,,,,,,,,,,,,,,,,,,,,,,,,,,,,,,4.0,2.0,,,,,,,,,,,,,,,,,,,,,,,,,,,,,,,,,,,,,,,,,,,,,,,,,,,,,,,,,,,,,,,,,,,,,,,,,,,,,,,,,,,,,,,,,,,,,,,,,,,,,,,,,,,,,,,,,,,,,,,,,,,,,,,,,,,,,,,4.0,2.0,,,,,,,,,,,,,,,,,,,Primera B,4dzRa7y9
KOTXnpYt,COLOMBIA,2024,COLOMBIA 2,COLOMBIA 2,01/05/2024,20:30,Round 14,Real Cundinamarca,ze01M68P,Llaneros,KzwFLhIU,False,3,4,,,,,,[],[],,0.0,0.0,0.0,,0.0,0.0,0.0,,0.0,0.0,0.0,,0.0,0.0,,0.0,0.0,,0.0,0.0,,0.0,0.0,,0.0,0.0,,0.0,0.0,,0.0,0.0,,0.0,0.0,,0.0,0.0,,0.0,0.0,,0.0,0.0,,0.0,0.0,,0.0,0.0,,0.0,0.0,,0.0,0.0,0.0,,0.0,0.0,0.0,,0.0,0.0,0.0,,0.0,0.0,,0.0,0.0,,0.0,0.0,,0.0,0.0,0.0,0.0,0.0,0.0,0.0,0.0,0.0,,0.0,0.0,,0.0,0.0,,0.0,0.0,,0.0,,0.0,,0.0,,0.0,,0.0,,0.0,,0.0,,0.0,,0.0,,0.0,,0.0,,0.0,,0.0,,0.0,,0.0,,0,0,,0.0,0.0,,0.0,0.0,,0.0,0.0,,0.0,0.0,,0.0,0.0,,0.0,0.0,,0.0,0.0,,0.0,0.0,,0,0,,0.0,0.0,0.0,,0.0,0.0,0.0,,0.0,0.0,0.0,,0.0,0.0,0.0,,0.0,0.0,0.0,,0.0,0.0,0.0,,,,,,,,,,,,,,,,,,,,,,,,,,,,,,,,,,,,,,,,,,,,,,,,,,,,,,,,,,,,,,,,,,,,,,,,,,,,,,,,,,,,,,,,,,,,,,,,,,,,,,,,,,,,,,,,,,,,,,,,,,,,,,,,,,,,,,,,,,,,,,,,,,,,,,,,,,,,,,,,,,,,,,,,,,,,,,,,,,,,,,,,,,,,,,,,,,,,,,,,,,,,,Primera B,4dzRa7y9
2mc7WOm0,COLOMBIA,2024,COLOMBIA 2,COLOMBIA 2,01/05/2024,00:40,Round 14,Tigres,EcJJz8BQ,Bogota,foERz7de,False,0,0,,,,,,[],[],,0.0,0.0,0.0,,0.0,0.0,0.0,,0.0,0.0,0.0,,0.0,0.0,,0.0,0.0,,0.0,0.0,,0.0,0.0,,0.0,0.0,,0.0,0.0,,0.0,0.0,,0.0,0.0,,0.0,0.0,,0.0,0.0,,0.0,0.0,,0.0,0.0,,0.0,0.0,,0.0,0.0,,0.0,0.0,0.0,,0.0,0.0,0.0,,0.0,0.0,0.0,,0.0,0.0,,0.0,0.0,,0.0,0.0,,0.0,0.0,0.0,0.0,0.0,0.0,0.0,0.0,0.0,,0.0,0.0,,0.0,0.0,,0.0,0.0,,0.0,,0.0,,0.0,,0.0,,0.0,,0.0,,0.0,,0.0,,0.0,,0.0,,0.0,,0.0,,0.0,,0.0,,0.0,,0,0,,0.0,0.0,,0.0,0.0,,0.0,0.0,,0.0,0.0,,0.0,0.0,,0.0,0.0,,0.0,0.0,,0.0,0.0,,0,0,,0.0,0.0,0.0,,0.0,0.0,0.0,,0.0,0.0,0.0,,0.0,0.0,0.0,,0.0,0.0,0.0,,0.0,0.0,0.0,,,,,,,,,,,,,,,,,,,,,,,,,,,,,,,,,,,,,,,,,,,,,,,,,,,,,,,,,,,,,,,,,,,,,,,,,,,,,,,,,,,,,,,,,,,,,,,,,,,,,,,,,,,,,,,,,,,,,,,,,,,,,,,,,,,,,,,,,,,,,,,,,,,,,,,,,,,,,,,,,,,,,,,,,,,,,,,,,,,,,,,,,,,,,,,,,,,,,,,,,,,,,Primera B,4dzRa7y9
C6YvfJoO,COLOMBIA,2024,COLOMBIA 2,COLOMBIA 2,12/05/2024,20:00,Round 16,Cucuta,zs0leK3r,Real Cundinamarca,ze01M68P,False,3,2,,,,,,"[14, 51, 89]","[11, 25]",Betfair,2.0,2.4,5.0,Betano.br,1.88,2.92,4.45,Betfair,1.47,4.2,4.6,Sportingbet.br,1.27,3.4,Novibet,2.38,1.56,,0.0,0.0,,0.0,0.0,Sportingbet.br,1.7,2.0,Sportingbet.br,3.1,1.31,Betfair,1.01,17.0,Betfair,1.11,5.5,Betfair,1.45,2.55,Betfair,2.2,1.6,Betfair,4.0,1.2,Betfair,1.36,2.88,,0.0,0.0,Sportingbet.br,2.75,1.39,Betano.br,1.18,1.19,2.3,Betano.br,1.2,1.52,1.52,Sportingbet.br,1.18,1.36,1.85,Betano.br,1.25,3.2,Betano.br,1.42,2.65,Betano.br,1.34,3.1,Betfair,2.8,13.0,34.0,4.5,5.0,9.0,19.0,13.0,7.0,Novibet,1.86,1.87,,0.0,0.0,,0.0,0.0,Betfair,15.0,Betfair,8.0,Betfair,17.0,Betfair,7.0,Betfair,7.5,Betfair,26.0,Betfair,6.5,Betfair,13.0,Betfair,10.0,Betfair,10.0,Betfair,67.0,Betfair,9.0,Betfair,26.0,Betfair,13.0,Betfair,26.0,,0,0,,0.0,0.0,,0.0,0.0,Betano.br,1.85,1.75,,0.0,0.0,,0.0,0.0,,0.0,0.0,,0.0,0.0,,0.0,0.0,,0,0,,0.0,0.0,0.0,Novibet,4.8,4.8,0.0,Novibet,2.55,3.9,0.0,Novibet,0.0,0.0,2.07,Novibet,0.0,0.0,1.42,,0.0,0.0,0.0,,,,,,,,,,,,,,,,,,,,,,,,,,,,,,,,,,,,,,,,,,,,,,,,,1.0,3.0,0.0,1.0,,,,,,,,,,,,,,,,,,,,,,,,,,,,,,,,,,,,,,,,,,,,,,,,,,,,,,,,,,,,,,,,,,,,,,,,,,,,,,,,,,,,,,,,,,,,,,,,,,,,,,,,,,,,,,,,,,,,,,,,,,,,,,,,,,,,,1.0,3.0,0.0,1.0,,,,,,,,,,,,,,,,,Primera B,4dzRa7y9
2qs6iQPP,COLOMBIA,2024,COLOMBIA 2,COLOMBIA 2,30/04/2024,20:30,Round 14,Inter Palmira,8tIHbqDh,Atletico F.C.,jD7zZpR7,False,3,0,,,,,,[],[],,0.0,0.0,0.0,,0.0,0.0,0.0,,0.0,0.0,0.0,,0.0,0.0,,0.0,0.0,,0.0,0.0,,0.0,0.0,,0.0,0.0,,0.0,0.0,,0.0,0.0,,0.0,0.0,,0.0,0.0,,0.0,0.0,,0.0,0.0,,0.0,0.0,,0.0,0.0,,0.0,0.0,,0.0,0.0,0.0,,0.0,0.0,0.0,,0.0,0.0,0.0,,0.0,0.0,,0.0,0.0,,0.0,0.0,,0.0,0.0,0.0,0.0,0.0,0.0,0.0,0.0,0.0,,0.0,0.0,,0.0,0.0,,0.0,0.0,,0.0,,0.0,,0.0,,0.0,,0.0,,0.0,,0.0,,0.0,,0.0,,0.0,,0.0,,0.0,,0.0,,0.0,,0.0,,0,0,,0.0,0.0,,0.0,0.0,,0.0,0.0,,0.0,0.0,,0.0,0.0,,0.0,0.0,,0.0,0.0,,0.0,0.0,,0,0,,0.0,0.0,0.0,,0.0,0.0,0.0,,0.0,0.0,0.0,,0.0,0.0,0.0,,0.0,0.0,0.0,,0.0,0.0,0.0,,,,,,,,,,,,,,,,,,,,,,,,,,,,,,,,,,,,,,,,,,,,,,,,,,,,,,,,,,,,,,,,,,,,,,,,,,,,,,,,,,,,,,,,,,,,,,,,,,,,,,,,,,,,,,,,,,,,,,,,,,,,,,,,,,,,,,,,,,,,,,,,,,,,,,,,,,,,,,,,,,,,,,,,,,,,,,,,,,,,,,,,,,,,,,,,,,,,,,,,,,,,,Primera B,4dzRa7y9
WWMM1ZlU,COLOMBIA,2024,COLOMBIA 2,COLOMBIA 2,24/05/2024,23:00,Round 2,Huila,xCqdiIm1,Orsomarso,ET6jTFPs,False,0,1,,,,,,[],[65],Betfair,1.91,2.2,7.0,Betano.br,1.82,2.55,6.5,Betfair,1.36,4.0,8.0,Sportingbet.br,1.44,2.55,Sportingbet.br,3.1,1.31,,0.0,0.0,Sportingbet.br,1.28,3.3,Sportingbet.br,2.3,1.53,,0.0,0.0,Betfair,1.03,9.0,Betfair,1.29,3.3,Betfair,2.0,1.73,Betfair,3.8,1.22,Betfair,7.5,1.06,Betfair,2.2,1.6,Sportingbet.br,6.25,1.1,Sportingbet.br,4.5,1.18,Betano.br,1.1,1.22,2.6,Sportingbet.br,1.1,1.63,1.68,Sportingbet.br,1.11,1.46,1.88,Betano.br,1.14,4.3,Betano.br,1.22,3.8,Betano.br,1.21,4.15,Betfair,2.1,15.0,61.0,4.0,5.5,13.0,21.0,17.0,13.0,Betano.br,1.85,1.8,,0.0,0.0,,0.0,0.0,Betfair,8.0,Betfair,4.5,Betfair,13.0,Betfair,7.0,Betfair,5.0,Betfair,34.0,Betfair,6.5,Betfair,19.0,Betfair,17.0,Betfair,7.5,Betfair,101.0,Betfair,10.0,Betfair,71.0,Betfair,26.0,Betfair,81.0,,0,0,,0.0,0.0,,0.0,0.0,Betano.br,1.75,1.87,,0.0,0.0,,0.0,0.0,,0.0,0.0,,0.0,0.0,,0.0,0.0,,0,0,,0.0,0.0,0.0,,0.0,0.0,0.0,,0.0,0.0,0.0,,0.0,0.0,0.0,,0.0,0.0,0.0,,0.0,0.0,0.0,,,,,,,,,,,,,,,,,,,,,,,,,,,,,,,,,,,,,,,,,,,,,,,,,1.0,4.0,,,,,,,,,,,,,,,,,,,,,,,,,,,,,,,,,,,,,,,,,,,,,,,,,,,,,,,,,,,,,,,,,,,,,,,,,,,,,,,,,,,,,,,,,,,,,,,,,,,,,,,,,,,,,,,,,,,,,,,,,,,,,,,,,,,,,,,1.0,4.0,,,,,,,,,,,,,,,,,,,Primera B,4dzRa7y9
27PhrMnC,COLOMBIA,2024,COLOMBIA 2,COLOMBIA 2,05/05/2024,20:00,Round 15,U. Magdalena,tpLItk4L,Tigres,EcJJz8BQ,False,0,0,,,,,,[],[],Betfair,2.3,2.1,5.0,Betano.br,2.1,2.52,4.5,Betfair,1.65,3.3,4.6,Betano.br,1.42,2.47,,0.0,0.0,,0.0,0.0,,0.0,0.0,Betano.br,2.07,1.65,,0.0,0.0,Betfair,1.03,9.0,Betfair,1.29,3.3,Betfair,1.95,1.75,Betfair,3.6,1.25,Betfair,7.5,1.06,Betfair,1.83,1.83,,0.0,0.0,,0.0,0.0,Betano.br,1.18,1.26,2.07,Betano.br,1.16,1.62,1.55,,0.0,0.0,0.0,Betano.br,1.28,3.05,Betano.br,1.36,2.82,Betano.br,1.37,2.92,Betfair,2.7,13.0,41.0,4.5,5.0,10.0,20.0,13.0,8.0,Betano.br,1.88,1.83,,0.0,0.0,,0.0,0.0,Betfair,8.0,Betfair,5.5,Betfair,10.0,Betfair,5.5,Betfair,6.5,Betfair,20.0,Betfair,6.5,Betfair,12.0,Betfair,12.0,Betfair,10.0,Betfair,56.0,Betfair,11.0,Betfair,36.0,Betfair,23.0,Betfair,46.0,,0,0,,0.0,0.0,,0.0,0.0,,0.0,0.0,Betano.br,1.82,1.88,,0.0,0.0,,0.0,0.0,,0.0,0.0,,0.0,0.0,,0,0,,0.0,0.0,0.0,,0.0,0.0,0.0,Betano.br,3.0,3.45,0.0,Betano.br,0.0,0.0,2.07,,0.0,0.0,0.0,,0.0,0.0,0.0,,,,,,,,,,,,,,,,,,,,,,,,,,,,,,,,,,,,,,,,,,,,,,,,,2.0,3.0,,,,,,,,,,,,,,,,,,,,,,,,,,,,,,,,,,,,,,,,,,,,,,,,,,,,,,,,,,,,,,,,,,,1.0,2.0,,,,,,,,,,,,,,,,,,,,,,,,,,,,,,,,,,,,,,,,,,,,,,,,,,,,,,,,,,,,,,,,,,,1.0,1.0,,,,,,,,,,,,,,,,,,,Primera B,4dzRa7y9
jT1q5qfP,COLOMBIA,2024,COLOMBIA 2,COLOMBIA 2,05/05/2024,20:00,Round 15,Real Cundinamarca,ze01M68P,Leones,IZmBcNVO,False,4,2,,,,,,"[4, 7, 45, 72]","[22, 87]",Betfair,2.1,2.4,4.33,Sportingbet.br,2.05,2.55,4.1,Betfair,1.62,3.75,4.2,Sportingbet.br,1.2,4.1,Novibet,2.4,1.5,Sportingbet.br,3.6,1.24,Novibet,1.2,4.5,Sportingbet.br,2.0,1.71,Novibet,3.75,1.25,Betfair,1.01,17.0,Betfair,1.11,5.5,Betfair,1.44,2.6,Betfair,2.2,1.6,Betfair,4.0,1.2,Betfair,1.44,2.5,Novibet,3.7,1.21,Sportingbet.br,3.25,1.29,Betano.br,1.21,1.21,2.12,Sportingbet.br,1.22,1.42,1.66,Sportingbet.br,1.2,1.44,1.68,Novibet,1.28,3.1,Novibet,1.42,2.7,Betano.br,1.44,2.67,Betfair,2.63,12.0,26.0,5.0,6.5,9.5,15.0,13.0,7.0,Novibet,1.89,1.84,Novibet,2.01,1.74,Novibet,1.92,1.78,Betfair,15.0,Betfair,8.5,Betfair,15.0,Betfair,6.5,Betfair,9.0,Betfair,21.0,Betfair,6.5,Betfair,11.0,Betfair,9.0,Betfair,12.0,Betfair,46.0,Betfair,9.5,Betfair,23.0,Betfair,13.0,Betfair,23.0,,0,0,,0.0,0.0,,0.0,0.0,,0.0,0.0,Betano.br,1.82,1.88,,0.0,0.0,,0.0,0.0,,0.0,0.0,,0.0,0.0,,0,0,Novibet,11.5,7.6,0.0,Novibet,5.5,5.0,0.0,Novibet,2.75,3.75,9.2,Novibet,1.2,5.5,2.0,Novibet,0.0,0.0,1.35,Novibet,0.0,0.0,1.11,,,,,,,,,,,,,,,,,,,,,,,,,,,,,,,,,,,,,,,,,,,,,,,,,2.0,1.0,,,,,,,,,,,,,,,,,,,,,,,,,,,,,,,,,,,,,,,,,,,,,,,,,,,,,,,,,,,,,,,,,,,,,,,,,,,,,,,,,,,,,,,,,,,,,,,,,,,,,,,,,,,,,,,,,,,,,,,,,,,,,,,,,,,,,,,2.0,1.0,,,,,,,,,,,,,,,,,,,Primera B,4dzRa7y9
pWEcst2I,COLOMBIA,2024,COLOMBIA 2,COLOMBIA 2,05/05/2024,20:00,Round 15,Cartagena,6eofBSjQ,Orsomarso,ET6jTFPs,False,1,2,,,,,,[39],"[53, 87]",Betfair,1.8,2.4,7.5,Betano.br,1.65,2.82,7.0,Betfair,1.25,4.5,8.5,Sportingbet.br,1.33,3.0,Betano.br,2.57,1.38,,0.0,0.0,Sportingbet.br,1.24,3.7,Sportingbet.br,2.1,1.63,,0.0,0.0,Betfair,1.01,11.0,Betfair,1.2,4.0,Betfair,1.65,2.1,Betfair,2.88,1.36,Betfair,5.5,1.11,Betfair,1.95,1.73,Sportingbet.br,5.0,1.14,Sportingbet.br,4.2,1.19,Betano.br,1.09,1.17,3.0,Sportingbet.br,1.09,1.5,1.87,Sportingbet.br,1.09,1.41,2.05,Betano.br,1.11,4.7,Betano.br,1.19,4.05,Betano.br,1.18,4.55,Betfair,1.91,14.0,61.0,4.0,7.0,14.0,19.0,18.0,13.0,Betano.br,1.85,1.85,,0.0,0.0,,0.0,0.0,Betfair,11.0,Betfair,5.5,Betfair,18.0,Betfair,7.5,Betfair,5.5,Betfair,41.0,Betfair,6.5,Betfair,21.0,Betfair,15.0,Betfair,7.0,Betfair,126.0,Betfair,9.0,Betfair,67.0,Betfair,20.0,Betfair,67.0,,0,0,,0.0,0.0,,0.0,0.0,Betano.br,1.91,1.8,,0.0,0.0,,0.0,0.0,,0.0,0.0,,0.0,0.0,,0.0,0.0,,0,0,,0.0,0.0,0.0,,0.0,0.0,0.0,Betano.br,2.05,3.45,0.0,Betano.br,0.0,0.0,3.0,,0.0,0.0,0.0,,0.0,0.0,0.0,,,,,,,,,,,,,,,,,,,,,,,,,,,,,,,,,,,,,,,,,,,,,,,,,5.0,5.0,1.0,0.0,,,,,,,,,,,,,,,,,,,,,,,,,,,,,,,,,,,,,,,,,,,,,,,,,,,,,,,,,,,,,,,,,3.0,1.0,,,,,,,,,,,,,,,,,,,,,,,,,,,,,,,,,,,,,,,,,,,,,,,,,,,,,,,,,,,,,,,,,,,2.0,4.0,1.0,0.0,,,,,,,,,,,,,,,,,Primera B,4dzRa7y9
OMD1t0HO,COLOMBIA,2024,COLOMBIA 2,COLOMBIA 2,06/05/2024,20:00,Round 15,Atletico F.C.,jD7zZpR7,Boca Juniors,6yoKBtoR,False,0,4,,,,,,[],"[16, 41, 54, 90]",Betfair,4.0,2.25,2.4,Sportingbet.br,3.8,2.2,2.45,Betfair,3.7,3.5,1.75,Sportingbet.br,1.37,2.85,Sportingbet.br,2.7,1.4,,0.0,0.0,Sportingbet.br,1.34,3.0,Sportingbet.br,2.55,1.44,,0.0,0.0,Betfair,1.01,11.0,Betfair,1.17,4.5,Betfair,1.6,2.2,Betfair,2.6,1.44,Betfair,4.8,1.14,Betfair,1.95,1.8,,0.0,0.0,,0.0,0.0,Betano.br,1.95,1.24,1.23,Betano.br,1.65,1.55,1.15,Sportingbet.br,1.47,1.58,1.23,Betano.br,2.7,1.35,Betano.br,3.05,1.31,Betano.br,2.57,1.47,Betfair,6.0,13.0,17.0,8.5,5.5,5.0,26.0,12.0,3.0,Betano.br,1.87,1.83,,0.0,0.0,,0.0,0.0,Betfair,7.5,Betfair,10.0,Betfair,5.0,Betfair,6.0,Betfair,21.0,Betfair,6.0,Betfair,13.0,Betfair,6.5,Betfair,13.0,Betfair,71.0,Betfair,10.0,Betfair,41.0,Betfair,11.0,Betfair,46.0,Betfair,23.0,,0,0,,0.0,0.0,,0.0,0.0,,0.0,0.0,,0.0,0.0,Betano.br,1.93,1.78,Betano.br,1.75,1.95,,0.0,0.0,,0.0,0.0,,0,0,,0.0,0.0,0.0,,0.0,0.0,0.0,Betano.br,0.0,0.0,3.05,Betano.br,1.95,3.7,0.0,,0.0,0.0,0.0,,0.0,0.0,0.0,,,,,,,,,,,,,,,,,,,,,,,,,,,,,,,,,,,,,,,,,,,,,,,,,2.0,1.0,,,,,,,,,,,,,,,,,,,,,,,,,,,,,,,,,,,,,,,,,,,,,,,,,,,,,,,,,,,,,,,,,,,1.0,0.0,,,,,,,,,,,,,,,,,,,,,,,,,,,,,,,,,,,,,,,,,,,,,,,,,,,,,,,,,,,,,,,,,,,1.0,1.0,,,,,,,,,,,,,,,,,,,Primera B,4dzRa7y9
tf6CZO9m,COLOMBIA,2024,COLOMBIA 2,COLOMBIA 2,20/05/2024,20:00,Round 1,Orsomarso,ET6jTFPs,Cartagena,6eofBSjQ,False,0,0,,,,,,[],[],Betfair,3.75,2.0,2.8,Betano.br,3.6,2.35,2.52,Betfair,3.2,3.0,2.1,Sportingbet.br,1.41,2.7,Sportingbet.br,2.87,1.36,,0.0,0.0,Sportingbet.br,1.3,3.25,Sportingbet.br,2.35,1.51,,0.0,0.0,Betfair,1.05,8.0,Betfair,1.3,3.2,Betfair,2.0,1.73,Betfair,3.8,1.22,Betfair,8.0,1.05,Betfair,1.8,1.87,,0.0,0.0,,0.0,0.0,Betano.br,1.7,1.3,1.33,Betano.br,1.35,1.7,1.22,Sportingbet.br,1.46,1.55,1.26,Betano.br,2.22,1.52,Betano.br,2.2,1.6,Betano.br,2.27,1.6,Betfair,5.5,13.0,21.0,7.5,4.5,5.5,26.0,13.0,3.5,Betano.br,1.85,1.8,,0.0,0.0,,0.0,0.0,Betfair,7.5,Betfair,8.0,Betfair,6.0,Betfair,5.0,Betfair,13.0,Betfair,8.5,Betfair,9.0,Betfair,7.5,Betfair,11.0,Betfair,31.0,Betfair,15.0,Betfair,23.0,Betfair,14.0,Betfair,31.0,Betfair,23.0,,0,0,,0.0,0.0,,0.0,0.0,,0.0,0.0,,0.0,0.0,,0.0,0.0,,0.0,0.0,,0.0,0.0,,0.0,0.0,,0,0,,0.0,0.0,0.0,,0.0,0.0,0.0,,0.0,0.0,0.0,,0.0,0.0,0.0,,0.0,0.0,0.0,,0.0,0.0,0.0,,,,,,,,,,,,,,,,,,,,,,,,,,,,,,,,,,,,,,,,,,,,,,,,,1.0,3.0,,,,,,,,,,,,,,,,,,,,,,,,,,,,,,,,,,,,,,,,,,,,,,,,,,,,,,,,,,,,,,,,,,,0.0,2.0,,,,,,,,,,,,,,,,,,,,,,,,,,,,,,,,,,,,,,,,,,,,,,,,,,,,,,,,,,,,,,,,,,,1.0,1.0,,,,,,,,,,,,,,,,,,,Primera B,4dzRa7y9
KtDqWk3e,COLOMBIA,2024,COLOMBIA 2,COLOMBIA 2,21/05/2024,01:05,Round 1,Tigres,EcJJz8BQ,Huila,xCqdiIm1,False,0,1,,,,,,[],[58],Betfair,3.0,1.83,4.0,Betano.br,2.77,2.2,3.5,Betfair,2.2,2.8,3.2,Sportingbet.br,1.55,2.25,Sportingbet.br,3.7,1.24,,0.0,0.0,Sportingbet.br,1.36,2.9,Sportingbet.br,2.65,1.42,,0.0,0.0,Betfair,1.08,6.5,Betfair,1.45,2.55,Betfair,2.55,1.45,Betfair,5.2,1.13,Betfair,11.0,1.01,Betfair,2.05,1.67,Sportingbet.br,5.75,1.11,Sportingbet.br,4.2,1.2,Betano.br,1.35,1.35,1.57,Sportingbet.br,1.25,1.8,1.3,Sportingbet.br,1.29,1.61,1.37,Betano.br,1.6,2.07,Betano.br,1.65,2.1,Betano.br,1.7,2.07,Betfair,3.75,13.0,36.0,5.5,4.0,7.0,26.0,13.0,5.5,Betano.br,1.87,1.78,,0.0,0.0,,0.0,0.0,Betfair,5.5,Betfair,5.0,Betfair,7.0,Betfair,5.0,Betfair,8.5,Betfair,12.0,Betfair,8.0,Betfair,10.0,Betfair,14.0,Betfair,19.0,Betfair,36.0,Betfair,18.0,Betfair,26.0,Betfair,36.0,Betfair,41.0,,0,0,,0.0,0.0,,0.0,0.0,,0.0,0.0,,0.0,0.0,,0.0,0.0,,0.0,0.0,,0.0,0.0,,0.0,0.0,,0,0,,0.0,0.0,0.0,,0.0,0.0,0.0,,0.0,0.0,0.0,,0.0,0.0,0.0,,0.0,0.0,0.0,,0.0,0.0,0.0,,,,,,,,,,,,,,,,,,,,,,,,,,,,,,,,,,,,,,,,,,,,,,,,,4.0,2.0,,,,,,,,,,,,,,,,,,,,,,,,,,,,,,,,,,,,,,,,,,,,,,,,,,,,,,,,,,,,,,,,,,,0.0,1.0,,,,,,,,,,,,,,,,,,,,,,,,,,,,,,,,,,,,,,,,,,,,,,,,,,,,,,,,,,,,,,,,,,,4.0,1.0,,,,,,,,,,,,,,,,,,,Primera B,4dzRa7y9
zZtRjgZE,COLOMBIA,2024,COLOMBIA 2,COLOMBIA 2,28/04/2024,23:00,Round 13,U. Magdalena,tpLItk4L,Huila,xCqdiIm1,False,2,0,,,,,,[],[],,0.0,0.0,0.0,,0.0,0.0,0.0,,0.0,0.0,0.0,,0.0,0.0,,0.0,0.0,,0.0,0.0,,0.0,0.0,,0.0,0.0,,0.0,0.0,,0.0,0.0,,0.0,0.0,,0.0,0.0,,0.0,0.0,,0.0,0.0,,0.0,0.0,,0.0,0.0,,0.0,0.0,,0.0,0.0,0.0,,0.0,0.0,0.0,,0.0,0.0,0.0,,0.0,0.0,,0.0,0.0,,0.0,0.0,,0.0,0.0,0.0,0.0,0.0,0.0,0.0,0.0,0.0,,0.0,0.0,,0.0,0.0,,0.0,0.0,,0.0,,0.0,,0.0,,0.0,,0.0,,0.0,,0.0,,0.0,,0.0,,0.0,,0.0,,0.0,,0.0,,0.0,,0.0,,0,0,,0.0,0.0,,0.0,0.0,,0.0,0.0,,0.0,0.0,,0.0,0.0,,0.0,0.0,,0.0,0.0,,0.0,0.0,,0,0,,0.0,0.0,0.0,,0.0,0.0,0.0,,0.0,0.0,0.0,,0.0,0.0,0.0,,0.0,0.0,0.0,,0.0,0.0,0.0,,,,,,,,,,,,,,,,,,,,,,,,,,,,,,,,,,,,,,,,,,,,,,,,,,,,,,,,,,,,,,,,,,,,,,,,,,,,,,,,,,,,,,,,,,,,,,,,,,,,,,,,,,,,,,,,,,,,,,,,,,,,,,,,,,,,,,,,,,,,,,,,,,,,,,,,,,,,,,,,,,,,,,,,,,,,,,,,,,,,,,,,,,,,,,,,,,,,,,,,,,,,,Primera B,4dzRa7y9
l4Llq2X5,COLOMBIA,2024,COLOMBIA 2,COLOMBIA 2,07/05/2024,00:30,Round 15,Quindio,zms5B2Zr,Cucuta,zs0leK3r,False,1,1,,,,,,[75],[39],Betfair,2.4,2.0,4.5,Sportingbet.br,2.2,2.3,4.2,Betfair,1.75,3.0,4.5,Sportingbet.br,1.44,2.55,Sportingbet.br,3.0,1.33,,0.0,0.0,Sportingbet.br,1.29,3.25,Sportingbet.br,2.35,1.52,,0.0,0.0,Betfair,1.05,8.0,Betfair,1.33,3.0,Betfair,2.2,1.6,Betfair,4.0,1.2,Betfair,8.0,1.05,Betfair,1.95,1.73,Sportingbet.br,5.0,1.14,Sportingbet.br,3.9,1.22,Sportingbet.br,1.22,1.3,1.9,Sportingbet.br,1.18,1.68,1.47,Sportingbet.br,1.19,1.53,1.58,Betano.br,1.37,2.62,Betano.br,1.47,2.47,Betano.br,1.45,2.6,Betfair,3.4,13.0,31.0,5.0,4.5,8.0,21.0,13.0,6.0,Betano.br,1.88,1.82,,0.0,0.0,,0.0,0.0,Betfair,7.0,Betfair,5.0,Betfair,9.5,Betfair,5.5,Betfair,7.0,Betfair,18.0,Betfair,7.0,Betfair,11.0,Betfair,13.0,Betfair,12.0,Betfair,51.0,Betfair,13.0,Betfair,31.0,Betfair,26.0,Betfair,46.0,,0,0,,0.0,0.0,,0.0,0.0,,0.0,0.0,Betano.br,1.87,1.83,,0.0,0.0,,0.0,0.0,,0.0,0.0,,0.0,0.0,,0,0,,0.0,0.0,0.0,,0.0,0.0,0.0,Betano.br,3.6,3.45,0.0,Betano.br,0.0,0.0,1.85,,0.0,0.0,0.0,,0.0,0.0,0.0,,,,,,,,,,,,,,,,,,,,,,,,,,,,,,,,,,,,,,,,,,,,,,,,,4.0,1.0,,,,,,,,,,,,,,,,,,,,,,,,,,,,,,,,,,,,,,,,,,,,,,,,,,,,,,,,,,,,,,,,,,,1.0,0.0,,,,,,,,,,,,,,,,,,,,,,,,,,,,,,,,,,,,,,,,,,,,,,,,,,,,,,,,,,,,,,,,,,,3.0,1.0,,,,,,,,,,,,,,,,,,,Primera B,4dzRa7y9
IqZzeaWH,COLOMBIA,2024,COLOMBIA 2,COLOMBIA 2,12/05/2024,20:00,Round 16,Huila,xCqdiIm1,Llaneros,KzwFLhIU,False,2,1,,,,,,"[33, 68]",[61],Betfair,3.5,1.91,3.3,Novibet,3.2,2.09,3.05,Betfair,2.7,2.63,2.63,Novibet,1.56,2.38,Novibet,3.5,1.29,Novibet,10.0,1.05,Novibet,1.36,3.0,Novibet,2.6,1.45,Novibet,6.5,1.12,Betfair,1.06,7.5,Betfair,1.4,2.75,Betfair,2.25,1.57,Betfair,4.5,1.17,Betfair,9.0,1.03,Betfair,1.87,1.8,Sportingbet.br,5.25,1.14,Sportingbet.br,3.9,1.22,Sportingbet.br,1.46,1.36,1.42,Novibet,1.3,1.8,1.25,Novibet,1.33,1.62,1.3,Novibet,1.91,1.79,Novibet,1.91,1.82,Betano.br,1.93,1.82,Betfair,4.5,13.0,26.0,6.5,4.2,6.0,26.0,12.0,4.33,Novibet,1.93,1.8,Novibet,2.2,1.63,Novibet,2.05,1.68,Betfair,6.0,Betfair,6.5,Betfair,6.0,Betfair,5.0,Betfair,11.0,Betfair,9.5,Betfair,9.0,Betfair,8.5,Betfair,12.0,Betfair,26.0,Betfair,21.0,Betfair,20.0,Betfair,18.0,Betfair,34.0,Betfair,31.0,,0,0,,0.0,0.0,,0.0,0.0,,0.0,0.0,,0.0,0.0,,0.0,0.0,,0.0,0.0,,0.0,0.0,,0.0,0.0,,0,0,,0.0,0.0,0.0,Novibet,16.75,7.4,15.0,Novibet,6.7,4.05,6.1,Novibet,1.42,3.9,1.38,Novibet,1.09,7.1,1.08,,0.0,0.0,0.0,,,,,,,,,,,,,,,,,,,,,,,,,,,,,,,,,,,,,,,,,,,,,,,,,2.0,1.0,0.0,1.0,,,,,,,,,,,,,,,,,,,,,,,,,,,,,,,,,,,,,,,,,,,,,,,,,,,,,,,,,,,,,,,,,1.0,1.0,,,,,,,,,,,,,,,,,,,,,,,,,,,,,,,,,,,,,,,,,,,,,,,,,,,,,,,,,,,,,,,,,,,1.0,0.0,0.0,1.0,,,,,,,,,,,,,,,,,Primera B,4dzRa7y9
Cb4fZQ3s,COLOMBIA,2024,COLOMBIA 2,COLOMBIA 2,28/04/2024,20:30,Round 13,Cartagena,6eofBSjQ,Real Santander,nPIUdlJE,False,3,1,,,,,,[],[],,0.0,0.0,0.0,,0.0,0.0,0.0,,0.0,0.0,0.0,,0.0,0.0,,0.0,0.0,,0.0,0.0,,0.0,0.0,,0.0,0.0,,0.0,0.0,,0.0,0.0,,0.0,0.0,,0.0,0.0,,0.0,0.0,,0.0,0.0,,0.0,0.0,,0.0,0.0,,0.0,0.0,,0.0,0.0,0.0,,0.0,0.0,0.0,,0.0,0.0,0.0,,0.0,0.0,,0.0,0.0,,0.0,0.0,,0.0,0.0,0.0,0.0,0.0,0.0,0.0,0.0,0.0,,0.0,0.0,,0.0,0.0,,0.0,0.0,,0.0,,0.0,,0.0,,0.0,,0.0,,0.0,,0.0,,0.0,,0.0,,0.0,,0.0,,0.0,,0.0,,0.0,,0.0,,0,0,,0.0,0.0,,0.0,0.0,,0.0,0.0,,0.0,0.0,,0.0,0.0,,0.0,0.0,,0.0,0.0,,0.0,0.0,,0,0,,0.0,0.0,0.0,,0.0,0.0,0.0,,0.0,0.0,0.0,,0.0,0.0,0.0,,0.0,0.0,0.0,,0.0,0.0,0.0,,,,,,,,,,,,,,,,,,,,,,,,,,,,,,,,,,,,,,,,,,,,,,,,,,,,,,,,,,,,,,,,,,,,,,,,,,,,,,,,,,,,,,,,,,,,,,,,,,,,,,,,,,,,,,,,,,,,,,,,,,,,,,,,,,,,,,,,,,,,,,,,,,,,,,,,,,,,,,,,,,,,,,,,,,,,,,,,,,,,,,,,,,,,,,,,,,,,,,,,,,,,,Primera B,4dzRa7y9
KjUZVick,COLOMBIA,2024,COLOMBIA 2,COLOMBIA 2,27/04/2024,20:00,Round 13,Bogota,foERz7de,Leones,IZmBcNVO,False,2,2,,,,,,[],[],,0.0,0.0,0.0,,0.0,0.0,0.0,,0.0,0.0,0.0,,0.0,0.0,,0.0,0.0,,0.0,0.0,,0.0,0.0,,0.0,0.0,,0.0,0.0,,0.0,0.0,,0.0,0.0,,0.0,0.0,,0.0,0.0,,0.0,0.0,,0.0,0.0,,0.0,0.0,,0.0,0.0,,0.0,0.0,0.0,,0.0,0.0,0.0,,0.0,0.0,0.0,,0.0,0.0,,0.0,0.0,,0.0,0.0,,0.0,0.0,0.0,0.0,0.0,0.0,0.0,0.0,0.0,,0.0,0.0,,0.0,0.0,,0.0,0.0,,0.0,,0.0,,0.0,,0.0,,0.0,,0.0,,0.0,,0.0,,0.0,,0.0,,0.0,,0.0,,0.0,,0.0,,0.0,,0,0,,0.0,0.0,,0.0,0.0,,0.0,0.0,,0.0,0.0,,0.0,0.0,,0.0,0.0,,0.0,0.0,,0.0,0.0,,0,0,,0.0,0.0,0.0,,0.0,0.0,0.0,,0.0,0.0,0.0,,0.0,0.0,0.0,,0.0,0.0,0.0,,0.0,0.0,0.0,,,,,,,,,,,,,,,,,,,,,,,,,,,,,,,,,,,,,,,,,,,,,,,,,,,,,,,,,,,,,,,,,,,,,,,,,,,,,,,,,,,,,,,,,,,,,,,,,,,,,,,,,,,,,,,,,,,,,,,,,,,,,,,,,,,,,,,,,,,,,,,,,,,,,,,,,,,,,,,,,,,,,,,,,,,,,,,,,,,,,,,,,,,,,,,,,,,,,,,,,,,,,Primera B,4dzRa7y9
r9oXOj9N,COLOMBIA,2024,COLOMBIA 2,COLOMBIA 2,29/05/2024,00:30,Round 3,Cartagena,6eofBSjQ,Huila,xCqdiIm1,False,2,0,,,,,,"[65, 82]",[],Betfair,2.5,2.1,4.33,Betano.br,2.32,2.5,3.75,Betfair,1.9,3.1,3.7,Sportingbet.br,1.31,3.1,Betano.br,2.45,1.38,,0.0,0.0,Sportingbet.br,1.31,3.1,Sportingbet.br,2.4,1.49,,0.0,0.0,Betfair,1.06,9.0,Betfair,1.3,3.4,Betfair,2.0,1.73,Betfair,3.4,1.3,Betfair,7.5,1.08,Betfair,1.83,1.91,Sportingbet.br,3.8,1.23,Sportingbet.br,3.9,1.22,Betano.br,1.24,1.3,1.78,Betano.br,1.19,1.65,1.42,Sportingbet.br,1.23,1.55,1.49,Betano.br,1.42,2.47,Betano.br,1.47,2.5,Betano.br,1.52,2.42,Betfair,3.1,13.0,31.0,5.0,5.0,8.0,21.0,13.0,6.5,Betano.br,1.87,1.78,,0.0,0.0,,0.0,0.0,Betfair,8.0,Betfair,6.0,Betfair,9.5,Betfair,5.5,Betfair,7.0,Betfair,17.0,Betfair,7.0,Betfair,11.0,Betfair,11.0,Betfair,12.0,Betfair,46.0,Betfair,12.0,Betfair,26.0,Betfair,20.0,Betfair,36.0,,0,0,,0.0,0.0,,0.0,0.0,,0.0,0.0,Betano.br,1.88,1.72,,0.0,0.0,,0.0,0.0,,0.0,0.0,,0.0,0.0,,0,0,,0.0,0.0,0.0,,0.0,0.0,0.0,,0.0,0.0,0.0,,0.0,0.0,0.0,,0.0,0.0,0.0,,0.0,0.0,0.0,,,,,,,,,,,,,,,,,,,,,,,,,,,,,,,,,,,,,,,,,,,,,,,,,3.0,4.0,0.0,1.0,,,,,,,,,,,,,,,,,,,,,,,,,,,,,,,,,,,,,,,,,,,,,,,,,,,,,,,,,,,,,,,,,1.0,2.0,,,,,,,,,,,,,,,,,,,,,,,,,,,,,,,,,,,,,,,,,,,,,,,,,,,,,,,,,,,,,,,,,,,2.0,2.0,0.0,1.0,,,,,,,,,,,,,,,,,Primera B,4dzRa7y9
rRtOc1na,COLOMBIA,2024,COLOMBIA 2,COLOMBIA 2,12/05/2024,20:00,Round 16,Boca Juniors,6yoKBtoR,U. Magdalena,tpLItk4L,False,0,0,,,,,,[],[],Betfair,2.5,2.1,4.2,,0.0,0.0,0.0,Betfair,1.85,3.3,3.6,,0.0,0.0,,0.0,0.0,,0.0,0.0,,0.0,0.0,,0.0,0.0,,0.0,0.0,Betfair,1.03,9.0,Betfair,1.25,3.6,Betfair,1.85,1.85,Betfair,3.3,1.29,Betfair,7.0,1.07,Betfair,1.7,2.0,,0.0,0.0,,0.0,0.0,,0.0,0.0,0.0,,0.0,0.0,0.0,,0.0,0.0,0.0,,0.0,0.0,,0.0,0.0,,0.0,0.0,Betfair,3.1,12.0,31.0,5.0,5.0,8.5,20.0,12.0,6.0,,0.0,0.0,,0.0,0.0,,0.0,0.0,Betfair,8.5,Betfair,6.0,Betfair,9.5,Betfair,5.5,Betfair,8.0,Betfair,15.0,Betfair,7.0,Betfair,10.0,Betfair,10.0,Betfair,14.0,Betfair,36.0,Betfair,12.0,Betfair,23.0,Betfair,21.0,Betfair,31.0,,0,0,,0.0,0.0,,0.0,0.0,,0.0,0.0,,0.0,0.0,,0.0,0.0,,0.0,0.0,,0.0,0.0,,0.0,0.0,,0,0,,0.0,0.0,0.0,,0.0,0.0,0.0,,0.0,0.0,0.0,,0.0,0.0,0.0,,0.0,0.0,0.0,,0.0,0.0,0.0,,,,,,,,,,,,,,,,,,,,,,,,,,,,,,,,,,,,,,,,,,,,,,,,,2.0,3.0,1.0,0.0,,,,,,,,,,,,,,,,,,,,,,,,,,,,,,,,,,,,,,,,,,,,,,,,,,,,,,,,,,,,,,,,,,,,,,,,,,,,,,,,,,,,,,,,,,,,,,,,,,,,,,,,,,,,,,,,,,,,,,,,,,,,,,,,,,,,,2.0,3.0,1.0,0.0,,,,,,,,,,,,,,,,,Primera B,4dzRa7y9
bFSyn4mm,COLOMBIA,2024,COLOMBIA 2,COLOMBIA 2,05/05/2024,20:00,Round 15,Bogota,foERz7de,Barranquilla,O8ANu9JR,False,1,0,,,,,,[28],[],Betfair,3.25,2.0,3.1,Betano.br,3.0,2.4,2.87,Betfair,2.6,3.0,2.45,Sportingbet.br,1.41,2.65,Sportingbet.br,2.95,1.35,,0.0,0.0,Sportingbet.br,1.24,3.6,Betano.br,2.12,1.62,,0.0,0.0,Betfair,1.03,9.0,Betfair,1.29,3.3,Betfair,1.95,1.75,Betfair,3.6,1.25,Betfair,7.5,1.06,Betfair,1.7,2.0,Sportingbet.br,4.6,1.17,Sportingbet.br,3.25,1.29,Sportingbet.br,1.52,1.3,1.43,Sportingbet.br,1.33,1.68,1.29,Sportingbet.br,1.4,1.5,1.34,Betano.br,1.85,1.75,Betano.br,1.87,1.8,Betano.br,1.91,1.83,Betfair,4.5,12.0,23.0,6.5,4.5,6.0,26.0,12.0,4.2,Betano.br,1.88,1.82,,0.0,0.0,,0.0,0.0,Betfair,8.0,Betfair,7.5,Betfair,7.0,Betfair,5.0,Betfair,11.0,Betfair,10.0,Betfair,8.0,Betfair,8.0,Betfair,10.0,Betfair,23.0,Betfair,21.0,Betfair,18.0,Betfair,15.0,Betfair,26.0,Betfair,23.0,,0,0,,0.0,0.0,,0.0,0.0,,0.0,0.0,,0.0,0.0,,0.0,0.0,,0.0,0.0,,0.0,0.0,,0.0,0.0,,0,0,,0.0,0.0,0.0,,0.0,0.0,0.0,Betano.br,5.3,4.0,5.2,Betano.br,1.5,4.0,1.5,,0.0,0.0,0.0,,0.0,0.0,0.0,,,,,,,,,,,,,,,,,,,,,,,,,,,,,,,,,,,,,,,,,,,,,,,,,4.0,0.0,1.0,0.0,,,,,,,,,,,,,,,,,,,,,,,,,,,,,,,,,,,,,,,,,,,,,,,,,,,,,,,,,,,,,,,,,1.0,0.0,,,,,,,,,,,,,,,,,,,,,,,,,,,,,,,,,,,,,,,,,,,,,,,,,,,,,,,,,,,,,,,,,,,3.0,0.0,1.0,0.0,,,,,,,,,,,,,,,,,Primera B,4dzRa7y9
fsMpprIa,COLOMBIA,2024,COLOMBIA 2,COLOMBIA 2,06/05/2024,21:00,Round 15,Inter Palmira,8tIHbqDh,Huila,xCqdiIm1,False,2,1,,,,,,"[2, 69]",[85],Betfair,3.3,1.91,3.3,Betano.br,3.05,2.32,2.9,Betfair,2.55,2.9,2.55,Sportingbet.br,1.46,2.5,Sportingbet.br,3.2,1.3,,0.0,0.0,Sportingbet.br,1.28,3.3,Sportingbet.br,2.3,1.55,,0.0,0.0,Betfair,1.05,7.5,Betfair,1.36,2.88,Betfair,2.2,1.6,Betfair,4.0,1.2,Betfair,8.0,1.05,Betfair,1.83,1.83,Sportingbet.br,4.8,1.15,Sportingbet.br,3.5,1.26,Betano.br,1.47,1.33,1.44,Betano.br,1.3,1.7,1.3,,0.0,0.0,0.0,Betano.br,1.83,1.78,Betano.br,1.85,1.83,Betano.br,1.93,1.82,Betfair,4.5,13.0,26.0,6.0,4.33,6.0,26.0,13.0,4.5,Betano.br,1.9,1.8,,0.0,0.0,,0.0,0.0,Betfair,6.5,Betfair,6.5,Betfair,6.5,Betfair,5.0,Betfair,10.0,Betfair,10.0,Betfair,8.5,Betfair,8.0,Betfair,12.0,Betfair,23.0,Betfair,21.0,Betfair,19.0,Betfair,19.0,Betfair,31.0,Betfair,26.0,,0,0,,0.0,0.0,,0.0,0.0,,0.0,0.0,,0.0,0.0,,0.0,0.0,,0.0,0.0,,0.0,0.0,,0.0,0.0,,0,0,,0.0,0.0,0.0,,0.0,0.0,0.0,Betano.br,5.7,3.95,5.6,Betano.br,1.47,3.95,1.47,,0.0,0.0,0.0,,0.0,0.0,0.0,,,,,,,,,,,,,,,,,,,,,,,,,,,,,,,,,,,,,,,,,,,,,,,,,2.0,7.0,,,,,,,,,,,,,,,,,,,,,,,,,,,,,,,,,,,,,,,,,,,,,,,,,,,,,,,,,,,,,,,,,,,0.0,2.0,,,,,,,,,,,,,,,,,,,,,,,,,,,,,,,,,,,,,,,,,,,,,,,,,,,,,,,,,,,,,,,,,,,2.0,5.0,,,,,,,,,,,,,,,,,,,Primera B,4dzRa7y9
j9w2h6AJ,COLOMBIA,2024,COLOMBIA 2,COLOMBIA 2,02/05/2024,21:00,Round 14,Huila,xCqdiIm1,Orsomarso,ET6jTFPs,False,1,0,,,,,,[90],[],Betfair,2.0,2.1,6.5,Betano.br,1.95,2.52,5.3,Betfair,1.47,3.7,6.5,Sportingbet.br,1.43,2.6,Sportingbet.br,3.0,1.33,,0.0,0.0,Sportingbet.br,1.26,3.5,Betano.br,2.2,1.57,,0.0,0.0,Betfair,1.05,8.0,Betfair,1.3,3.2,Betfair,2.1,1.65,Betfair,3.8,1.22,Betfair,8.0,1.05,Betfair,2.2,1.6,Sportingbet.br,5.5,1.13,Sportingbet.br,3.9,1.22,Betano.br,1.15,1.23,2.3,Sportingbet.br,1.13,1.65,1.6,Sportingbet.br,1.14,1.47,1.78,Betano.br,1.22,3.5,Betano.br,1.3,3.1,Betano.br,1.29,3.4,Betfair,2.3,13.0,56.0,4.0,5.5,12.0,20.0,15.0,11.0,Betano.br,1.87,1.83,,0.0,0.0,,0.0,0.0,Betfair,7.5,Betfair,4.5,Betfair,12.0,Betfair,6.5,Betfair,5.5,Betfair,26.0,Betfair,6.5,Betfair,17.0,Betfair,15.0,Betfair,8.5,Betfair,101.0,Betfair,11.0,Betfair,67.0,Betfair,26.0,Betfair,71.0,,0,0,,0.0,0.0,,0.0,0.0,Betano.br,1.98,1.75,,0.0,0.0,,0.0,0.0,,0.0,0.0,,0.0,0.0,,0.0,0.0,,0,0,,0.0,0.0,0.0,,0.0,0.0,0.0,Betano.br,2.67,3.35,0.0,Betano.br,0.0,0.0,2.3,,0.0,0.0,0.0,,0.0,0.0,0.0,,,,,,,,,,,,,,,,,,,,,,,,,,,,,,,,,,,,,,,,,,,,,,,,,6.0,9.0,0.0,1.0,,,,,,,,,,,,,,,,,,,,,,,,,,,,,,,,,,,,,,,,,,,,,,,,,,,,,,,,,,,,,,,,,1.0,3.0,,,,,,,,,,,,,,,,,,,,,,,,,,,,,,,,,,,,,,,,,,,,,,,,,,,,,,,,,,,,,,,,,,,5.0,6.0,0.0,1.0,,,,,,,,,,,,,,,,,Primera B,4dzRa7y9
zqrPQCvB,COLOMBIA,2024,COLOMBIA 2,COLOMBIA 2,28/05/2024,21:00,Round 3,Orsomarso,ET6jTFPs,Tigres,EcJJz8BQ,False,4,1,,,,,,"[33, 75, 84, 90]",[56],Betfair,3.0,1.83,4.2,Novibet,2.95,1.97,3.6,Betfair,2.2,2.63,3.5,Novibet,1.62,2.2,Novibet,3.75,1.25,Novibet,11.0,1.04,Novibet,1.42,2.62,Novibet,2.8,1.4,Novibet,7.5,1.09,Betfair,1.06,7.5,Betfair,1.36,2.88,Betfair,2.6,1.44,Betfair,4.5,1.17,Betfair,9.0,1.03,Betfair,1.95,1.75,Novibet,5.3,1.11,Novibet,3.9,1.2,Betano.br,1.31,1.37,1.52,Betano.br,1.21,1.85,1.27,Novibet,1.25,1.73,1.33,Novibet,1.66,2.09,Novibet,1.7,2.06,Novibet,1.7,2.06,Betfair,3.75,13.0,36.0,5.0,3.75,7.0,26.0,13.0,6.0,Novibet,1.94,1.76,Novibet,2.2,1.57,Novibet,2.09,1.63,Betfair,6.0,Betfair,6.0,Betfair,6.5,Betfair,5.0,Betfair,9.0,Betfair,11.0,Betfair,8.0,Betfair,9.0,Betfair,13.0,Betfair,21.0,Betfair,26.0,Betfair,17.0,Betfair,23.0,Betfair,31.0,Betfair,36.0,,0,0,,0.0,0.0,,0.0,0.0,,0.0,0.0,,0.0,0.0,,0.0,0.0,,0.0,0.0,,0.0,0.0,,0.0,0.0,,0,0,,0.0,0.0,0.0,Novibet,14.75,7.0,22.0,Novibet,6.0,3.7,8.6,Novibet,1.3,4.2,1.46,Novibet,1.04,8.3,1.1,,0.0,0.0,0.0,,,,,,,,,,,,,,,,,,,,,,,,,,,,,,,,,,,,,,,,,,,,,,,,,5.0,3.0,,,,,,,,,,,,,,,,,,,,,,,,,,,,,,,,,,,,,,,,,,,,,,,,,,,,,,,,,,,,,,,,,,,3.0,0.0,,,,,,,,,,,,,,,,,,,,,,,,,,,,,,,,,,,,,,,,,,,,,,,,,,,,,,,,,,,,,,,,,,,2.0,3.0,,,,,,,,,,,,,,,,,,,Primera B,4dzRa7y9
t0VVWXsq,COLOMBIA,2024,COLOMBIA 2,COLOMBIA 2,20/04/2024,19:00,Round 12,Real Cundinamarca,ze01M68P,Bogota,foERz7de,False,2,2,,,,,,[],[],,0.0,0.0,0.0,,0.0,0.0,0.0,,0.0,0.0,0.0,,0.0,0.0,,0.0,0.0,,0.0,0.0,,0.0,0.0,,0.0,0.0,,0.0,0.0,,0.0,0.0,,0.0,0.0,,0.0,0.0,,0.0,0.0,,0.0,0.0,,0.0,0.0,,0.0,0.0,,0.0,0.0,,0.0,0.0,0.0,,0.0,0.0,0.0,,0.0,0.0,0.0,,0.0,0.0,,0.0,0.0,,0.0,0.0,,0.0,0.0,0.0,0.0,0.0,0.0,0.0,0.0,0.0,,0.0,0.0,,0.0,0.0,,0.0,0.0,,0.0,,0.0,,0.0,,0.0,,0.0,,0.0,,0.0,,0.0,,0.0,,0.0,,0.0,,0.0,,0.0,,0.0,,0.0,,0,0,,0.0,0.0,,0.0,0.0,,0.0,0.0,,0.0,0.0,,0.0,0.0,,0.0,0.0,,0.0,0.0,,0.0,0.0,,0,0,,0.0,0.0,0.0,,0.0,0.0,0.0,,0.0,0.0,0.0,,0.0,0.0,0.0,,0.0,0.0,0.0,,0.0,0.0,0.0,,,,,,,,,,,,,,,,,,,,,,,,,,,,,,,,,,,,,,,,,,,,,,,,,,,,,,,,,,,,,,,,,,,,,,,,,,,,,,,,,,,,,,,,,,,,,,,,,,,,,,,,,,,,,,,,,,,,,,,,,,,,,,,,,,,,,,,,,,,,,,,,,,,,,,,,,,,,,,,,,,,,,,,,,,,,,,,,,,,,,,,,,,,,,,,,,,,,,,,,,,,,,Primera B,4dzRa7y9
r5mqtxLd,COLOMBIA,2024,COLOMBIA 2,COLOMBIA 2,19/04/2024,21:00,Round 12,Tigres,EcJJz8BQ,Cucuta,zs0leK3r,False,4,0,,,,,,[],[],,0.0,0.0,0.0,,0.0,0.0,0.0,,0.0,0.0,0.0,,0.0,0.0,,0.0,0.0,,0.0,0.0,,0.0,0.0,,0.0,0.0,,0.0,0.0,,0.0,0.0,,0.0,0.0,,0.0,0.0,,0.0,0.0,,0.0,0.0,,0.0,0.0,,0.0,0.0,,0.0,0.0,,0.0,0.0,0.0,,0.0,0.0,0.0,,0.0,0.0,0.0,,0.0,0.0,,0.0,0.0,,0.0,0.0,,0.0,0.0,0.0,0.0,0.0,0.0,0.0,0.0,0.0,,0.0,0.0,,0.0,0.0,,0.0,0.0,,0.0,,0.0,,0.0,,0.0,,0.0,,0.0,,0.0,,0.0,,0.0,,0.0,,0.0,,0.0,,0.0,,0.0,,0.0,,0,0,,0.0,0.0,,0.0,0.0,,0.0,0.0,,0.0,0.0,,0.0,0.0,,0.0,0.0,,0.0,0.0,,0.0,0.0,,0,0,,0.0,0.0,0.0,,0.0,0.0,0.0,,0.0,0.0,0.0,,0.0,0.0,0.0,,0.0,0.0,0.0,,0.0,0.0,0.0,,,,,,,,,,,,,,,,,,,,,,,,,,,,,,,,,,,,,,,,,,,,,,,,,,,,,,,,,,,,,,,,,,,,,,,,,,,,,,,,,,,,,,,,,,,,,,,,,,,,,,,,,,,,,,,,,,,,,,,,,,,,,,,,,,,,,,,,,,,,,,,,,,,,,,,,,,,,,,,,,,,,,,,,,,,,,,,,,,,,,,,,,,,,,,,,,,,,,,,,,,,,,Primera B,4dzRa7y9
vgzXeuHB,COLOMBIA,2024,COLOMBIA 2,COLOMBIA 2,11/05/2024,20:00,Round 16,Barranquilla,O8ANu9JR,Atletico F.C.,jD7zZpR7,False,4,0,,,,,,"[4, 18, 46, 75]",[],Betfair,1.67,2.63,7.0,Sportingbet.br,1.63,2.85,6.25,Betfair,1.25,5.5,8.0,Sportingbet.br,1.33,3.0,Betano.br,2.42,1.44,Sportingbet.br,3.5,1.25,Sportingbet.br,1.2,4.2,Betano.br,1.62,2.12,,0.0,0.0,Betfair,1.0,17.0,Betfair,1.08,6.5,Betfair,1.4,2.75,Betfair,2.1,1.65,Betfair,3.8,1.22,Betfair,1.65,2.1,Sportingbet.br,3.5,1.26,Sportingbet.br,3.8,1.23,Sportingbet.br,1.09,1.12,3.4,Sportingbet.br,1.11,1.31,2.2,Sportingbet.br,1.1,1.37,2.1,Betano.br,1.11,4.75,,0.0,0.0,Betano.br,1.21,4.1,Betfair,1.83,15.0,61.0,4.0,8.5,15.0,15.0,18.0,13.0,Betano.br,1.85,1.85,,0.0,0.0,,0.0,0.0,Betfair,18.0,Betfair,7.5,Betfair,23.0,Betfair,9.0,Betfair,6.0,Betfair,46.0,Betfair,6.5,Betfair,21.0,Betfair,13.0,Betfair,7.5,Betfair,126.0,Betfair,7.5,Betfair,51.0,Betfair,14.0,Betfair,51.0,,0,0,,0.0,0.0,Betano.br,1.91,1.8,Betano.br,1.78,1.93,,0.0,0.0,,0.0,0.0,,0.0,0.0,,0.0,0.0,,0.0,0.0,,0,0,,0.0,0.0,0.0,Betano.br,3.0,4.05,0.0,Betano.br,1.93,3.85,0.0,Betano.br,0.0,0.0,3.0,Betano.br,0.0,0.0,1.88,,0.0,0.0,0.0,,,,,,,,,,,,,,,,,,,,,,,,,,,,,,,,,,,,,,,,,,,,,,,,,1.0,3.0,,,,,,,,,,,,,,,,,,,,,,,,,,,,,,,,,,,,,,,,,,,,,,,,,,,,,,,,,,,,,,,,,,,0.0,1.0,,,,,,,,,,,,,,,,,,,,,,,,,,,,,,,,,,,,,,,,,,,,,,,,,,,,,,,,,,,,,,,,,,,1.0,2.0,,,,,,,,,,,,,,,,,,,Primera B,4dzRa7y9
foSSwnvT,COLOMBIA,2024,COLOMBIA 2,COLOMBIA 2,16/04/2024,00:40,Round 11,Quindio,zms5B2Zr,Inter Palmira,8tIHbqDh,False,1,1,,,,,,[],[],,0.0,0.0,0.0,,0.0,0.0,0.0,,0.0,0.0,0.0,,0.0,0.0,,0.0,0.0,,0.0,0.0,,0.0,0.0,,0.0,0.0,,0.0,0.0,,0.0,0.0,,0.0,0.0,,0.0,0.0,,0.0,0.0,,0.0,0.0,,0.0,0.0,,0.0,0.0,,0.0,0.0,,0.0,0.0,0.0,,0.0,0.0,0.0,,0.0,0.0,0.0,,0.0,0.0,,0.0,0.0,,0.0,0.0,,0.0,0.0,0.0,0.0,0.0,0.0,0.0,0.0,0.0,,0.0,0.0,,0.0,0.0,,0.0,0.0,,0.0,,0.0,,0.0,,0.0,,0.0,,0.0,,0.0,,0.0,,0.0,,0.0,,0.0,,0.0,,0.0,,0.0,,0.0,,0,0,,0.0,0.0,,0.0,0.0,,0.0,0.0,,0.0,0.0,,0.0,0.0,,0.0,0.0,,0.0,0.0,,0.0,0.0,,0,0,,0.0,0.0,0.0,,0.0,0.0,0.0,,0.0,0.0,0.0,,0.0,0.0,0.0,,0.0,0.0,0.0,,0.0,0.0,0.0,,,,,,,,,,,,,,,,,,,,,,,,,,,,,,,,,,,,,,,,,,,,,,,,,,,,,,,,,,,,,,,,,,,,,,,,,,,,,,,,,,,,,,,,,,,,,,,,,,,,,,,,,,,,,,,,,,,,,,,,,,,,,,,,,,,,,,,,,,,,,,,,,,,,,,,,,,,,,,,,,,,,,,,,,,,,,,,,,,,,,,,,,,,,,,,,,,,,,,,,,,,,,Primera B,4dzRa7y9
AZcTVt9C,COLOMBIA,2024,COLOMBIA 2,COLOMBIA 2,18/05/2024,01:05,Round 1,Quindio,zms5B2Zr,Llaneros,KzwFLhIU,False,1,1,,,,,,[90],[42],Betfair,2.88,1.91,4.0,Novibet,2.8,2.2,3.2,Betfair,2.15,2.9,3.1,Novibet,1.45,2.5,Novibet,3.2,1.33,Novibet,9.0,1.06,Novibet,1.3,3.25,Novibet,2.38,1.56,Novibet,5.5,1.15,Betfair,1.06,7.5,Betfair,1.36,2.88,Betfair,2.25,1.57,Betfair,4.5,1.17,Betfair,9.0,1.03,Betfair,1.87,1.8,Sportingbet.br,5.0,1.15,Sportingbet.br,3.6,1.25,Betano.br,1.36,1.32,1.53,Novibet,1.25,1.73,1.33,Novibet,1.3,1.57,1.38,Novibet,1.7,2.02,Novibet,1.75,2.0,Novibet,1.75,1.99,Betfair,3.6,12.0,31.0,5.0,4.33,7.0,23.0,13.0,5.5,Novibet,1.89,1.81,Novibet,2.08,1.63,Novibet,1.98,1.7,Betfair,6.5,Betfair,5.5,Betfair,7.5,Betfair,5.0,Betfair,8.5,Betfair,13.0,Betfair,7.5,Betfair,9.5,Betfair,12.0,Betfair,17.0,Betfair,34.0,Betfair,15.0,Betfair,23.0,Betfair,26.0,Betfair,36.0,,0,0,,0.0,0.0,,0.0,0.0,,0.0,0.0,,0.0,0.0,,0.0,0.0,,0.0,0.0,,0.0,0.0,,0.0,0.0,,0,0,,0.0,0.0,0.0,Novibet,12.25,6.6,16.25,Novibet,5.15,3.85,6.6,Novibet,1.36,4.2,1.49,Novibet,1.08,7.5,1.12,,0.0,0.0,0.0,,,,,,,,,,,,,,,,,,,,,,,,,,,,,,,,,,,,,,,,,,,,,,,,,2.0,5.0,,,,,,,,,,,,,,,,,,,,,,,,,,,,,,,,,,,,,,,,,,,,,,,,,,,,,,,,,,,,,,,,,,,0.0,1.0,,,,,,,,,,,,,,,,,,,,,,,,,,,,,,,,,,,,,,,,,,,,,,,,,,,,,,,,,,,,,,,,,,,2.0,4.0,,,,,,,,,,,,,,,,,,,Primera B,4dzRa7y9
z5TD3eKH,COLOMBIA,2024,COLOMBIA 2,COLOMBIA 2,22/05/2024,00:00,Round 2,Llaneros,KzwFLhIU,U. Magdalena,tpLItk4L,False,1,1,,,,,,[32],[84],Betfair,2.25,2.1,5.0,Betano.br,2.07,2.57,4.4,Betfair,1.65,3.4,4.5,Betano.br,1.38,2.47,,0.0,0.0,,0.0,0.0,,0.0,0.0,,0.0,0.0,,0.0,0.0,Betfair,1.02,9.0,Betfair,1.25,3.6,Betfair,1.85,1.85,Betfair,3.3,1.29,Betfair,7.0,1.07,Betfair,1.8,1.87,,0.0,0.0,,0.0,0.0,Betano.br,1.18,1.25,2.07,Betano.br,1.17,1.6,1.5,,0.0,0.0,0.0,Betano.br,1.29,3.0,Betano.br,1.38,2.82,Betano.br,1.38,2.87,Betfair,2.7,13.0,36.0,4.5,5.0,10.0,19.0,14.0,8.0,Betano.br,1.85,1.8,,0.0,0.0,,0.0,0.0,Betfair,9.0,Betfair,5.5,Betfair,11.0,Betfair,6.0,Betfair,6.5,Betfair,20.0,Betfair,6.5,Betfair,12.0,Betfair,11.0,Betfair,10.0,Betfair,56.0,Betfair,11.0,Betfair,31.0,Betfair,20.0,Betfair,36.0,,0,0,,0.0,0.0,,0.0,0.0,,0.0,0.0,Betano.br,1.72,1.88,,0.0,0.0,,0.0,0.0,,0.0,0.0,,0.0,0.0,,0,0,,0.0,0.0,0.0,,0.0,0.0,0.0,,0.0,0.0,0.0,,0.0,0.0,0.0,,0.0,0.0,0.0,,0.0,0.0,0.0,,,,,,,,,,,,,,,,,,,,,,,,,,,,,,,,,,,,,,,,,,,,,,,,,2.0,1.0,,,,,,,,,,,,,,,,,,,,,,,,,,,,,,,,,,,,,,,,,,,,,,,,,,,,,,,,,,,,,,,,,,,1.0,0.0,,,,,,,,,,,,,,,,,,,,,,,,,,,,,,,,,,,,,,,,,,,,,,,,,,,,,,,,,,,,,,,,,,,1.0,1.0,,,,,,,,,,,,,,,,,,,Primera B,4dzRa7y9
Q5vGtlfA,COLOMBIA,2024,COLOMBIA 2,COLOMBIA 2,13/04/2024,20:30,Round 11,Boca Juniors,6yoKBtoR,Tigres,EcJJz8BQ,False,2,0,,,,,,[],[],,0.0,0.0,0.0,,0.0,0.0,0.0,,0.0,0.0,0.0,,0.0,0.0,,0.0,0.0,,0.0,0.0,,0.0,0.0,,0.0,0.0,,0.0,0.0,,0.0,0.0,,0.0,0.0,,0.0,0.0,,0.0,0.0,,0.0,0.0,,0.0,0.0,,0.0,0.0,,0.0,0.0,,0.0,0.0,0.0,,0.0,0.0,0.0,,0.0,0.0,0.0,,0.0,0.0,,0.0,0.0,,0.0,0.0,,0.0,0.0,0.0,0.0,0.0,0.0,0.0,0.0,0.0,,0.0,0.0,,0.0,0.0,,0.0,0.0,,0.0,,0.0,,0.0,,0.0,,0.0,,0.0,,0.0,,0.0,,0.0,,0.0,,0.0,,0.0,,0.0,,0.0,,0.0,,0,0,,0.0,0.0,,0.0,0.0,,0.0,0.0,,0.0,0.0,,0.0,0.0,,0.0,0.0,,0.0,0.0,,0.0,0.0,,0,0,,0.0,0.0,0.0,,0.0,0.0,0.0,,0.0,0.0,0.0,,0.0,0.0,0.0,,0.0,0.0,0.0,,0.0,0.0,0.0,,,,,,,,,,,,,,,,,,,,,,,,,,,,,,,,,,,,,,,,,,,,,,,,,,,,,,,,,,,,,,,,,,,,,,,,,,,,,,,,,,,,,,,,,,,,,,,,,,,,,,,,,,,,,,,,,,,,,,,,,,,,,,,,,,,,,,,,,,,,,,,,,,,,,,,,,,,,,,,,,,,,,,,,,,,,,,,,,,,,,,,,,,,,,,,,,,,,,,,,,,,,,Primera B,4dzRa7y9
v9IpR8fN,COLOMBIA,2024,COLOMBIA 2,COLOMBIA 2,06/04/2024,20:30,Round 10,Barranquilla,O8ANu9JR,Quindio,zms5B2Zr,False,1,0,,,,,,[],[],,0.0,0.0,0.0,,0.0,0.0,0.0,,0.0,0.0,0.0,,0.0,0.0,,0.0,0.0,,0.0,0.0,,0.0,0.0,,0.0,0.0,,0.0,0.0,,0.0,0.0,,0.0,0.0,,0.0,0.0,,0.0,0.0,,0.0,0.0,,0.0,0.0,,0.0,0.0,,0.0,0.0,,0.0,0.0,0.0,,0.0,0.0,0.0,,0.0,0.0,0.0,,0.0,0.0,,0.0,0.0,,0.0,0.0,,0.0,0.0,0.0,0.0,0.0,0.0,0.0,0.0,0.0,,0.0,0.0,,0.0,0.0,,0.0,0.0,,0.0,,0.0,,0.0,,0.0,,0.0,,0.0,,0.0,,0.0,,0.0,,0.0,,0.0,,0.0,,0.0,,0.0,,0.0,,0,0,,0.0,0.0,,0.0,0.0,,0.0,0.0,,0.0,0.0,,0.0,0.0,,0.0,0.0,,0.0,0.0,,0.0,0.0,,0,0,,0.0,0.0,0.0,,0.0,0.0,0.0,,0.0,0.0,0.0,,0.0,0.0,0.0,,0.0,0.0,0.0,,0.0,0.0,0.0,,,,,,,,,,,,,,,,,,,,,,,,,,,,,,,,,,,,,,,,,,,,,,,,,,,,,,,,,,,,,,,,,,,,,,,,,,,,,,,,,,,,,,,,,,,,,,,,,,,,,,,,,,,,,,,,,,,,,,,,,,,,,,,,,,,,,,,,,,,,,,,,,,,,,,,,,,,,,,,,,,,,,,,,,,,,,,,,,,,,,,,,,,,,,,,,,,,,,,,,,,,,,Primera B,4dzRa7y9
n10wTUPA,COLOMBIA,2024,COLOMBIA 2,COLOMBIA 2,05/04/2024,20:30,Round 10,Tigres,EcJJz8BQ,Huila,xCqdiIm1,False,0,1,,,,,,[],[],,0.0,0.0,0.0,,0.0,0.0,0.0,,0.0,0.0,0.0,,0.0,0.0,,0.0,0.0,,0.0,0.0,,0.0,0.0,,0.0,0.0,,0.0,0.0,,0.0,0.0,,0.0,0.0,,0.0,0.0,,0.0,0.0,,0.0,0.0,,0.0,0.0,,0.0,0.0,,0.0,0.0,,0.0,0.0,0.0,,0.0,0.0,0.0,,0.0,0.0,0.0,,0.0,0.0,,0.0,0.0,,0.0,0.0,,0.0,0.0,0.0,0.0,0.0,0.0,0.0,0.0,0.0,,0.0,0.0,,0.0,0.0,,0.0,0.0,,0.0,,0.0,,0.0,,0.0,,0.0,,0.0,,0.0,,0.0,,0.0,,0.0,,0.0,,0.0,,0.0,,0.0,,0.0,,0,0,,0.0,0.0,,0.0,0.0,,0.0,0.0,,0.0,0.0,,0.0,0.0,,0.0,0.0,,0.0,0.0,,0.0,0.0,,0,0,,0.0,0.0,0.0,,0.0,0.0,0.0,,0.0,0.0,0.0,,0.0,0.0,0.0,,0.0,0.0,0.0,,0.0,0.0,0.0,,,,,,,,,,,,,,,,,,,,,,,,,,,,,,,,,,,,,,,,,,,,,,,,,,,,,,,,,,,,,,,,,,,,,,,,,,,,,,,,,,,,,,,,,,,,,,,,,,,,,,,,,,,,,,,,,,,,,,,,,,,,,,,,,,,,,,,,,,,,,,,,,,,,,,,,,,,,,,,,,,,,,,,,,,,,,,,,,,,,,,,,,,,,,,,,,,,,,,,,,,,,,Primera B,4dzRa7y9
hxlB032t,COLOMBIA,2024,COLOMBIA 2,COLOMBIA 2,12/05/2024,20:00,Round 16,Orsomarso,ET6jTFPs,Bogota,foERz7de,False,2,0,,,,,,"[45, 46]",[],Betfair,1.83,2.25,7.5,Betano.br,1.7,2.77,6.8,Betfair,1.3,4.5,7.0,Novibet,1.4,2.8,Sportingbet.br,2.8,1.38,Novibet,7.5,1.09,Sportingbet.br,1.22,3.9,Novibet,2.1,1.62,Novibet,4.5,1.18,Betfair,1.02,10.0,Betfair,1.25,3.6,Betfair,1.85,1.85,Betfair,3.3,1.29,Betfair,7.0,1.07,Betfair,2.15,1.6,Sportingbet.br,5.5,1.12,Sportingbet.br,3.9,1.22,Betano.br,1.09,1.18,2.95,Sportingbet.br,1.1,1.57,1.75,Sportingbet.br,1.1,1.4,2.0,Novibet,1.14,4.95,Betano.br,1.19,4.15,Betano.br,1.18,4.55,Betfair,2.0,15.0,76.0,3.75,6.0,14.0,21.0,18.0,13.0,Novibet,1.88,1.85,Novibet,2.06,1.7,Novibet,1.95,1.76,Betfair,9.0,Betfair,5.0,Betfair,15.0,Betfair,7.5,Betfair,5.0,Betfair,36.0,Betfair,6.5,Betfair,21.0,Betfair,18.0,Betfair,7.0,Betfair,151.0,Betfair,10.0,Betfair,81.0,Betfair,23.0,Betfair,91.0,,0,0,,0.0,0.0,,0.0,0.0,,0.0,0.0,,0.0,0.0,,0.0,0.0,,0.0,0.0,,0.0,0.0,,0.0,0.0,,0,0,Novibet,8.6,6.2,0.0,Novibet,4.1,4.15,0.0,Novibet,2.2,3.4,19.0,Novibet,1.08,6.9,2.7,Novibet,0.0,0.0,1.57,Novibet,0.0,0.0,1.18,,,,,,,,,,,,,,,,,,,,,,,,,,,,,,,,,,,,,,,,,,,,,,,,,3.0,3.0,,,,,,,,,,,,,,,,,,,,,,,,,,,,,,,,,,,,,,,,,,,,,,,,,,,,,,,,,,,,,,,,,,,1.0,1.0,,,,,,,,,,,,,,,,,,,,,,,,,,,,,,,,,,,,,,,,,,,,,,,,,,,,,,,,,,,,,,,,,,,2.0,2.0,,,,,,,,,,,,,,,,,,,Primera B,4dzRa7y9
8CAUiZJ8,COLOMBIA,2024,COLOMBIA 2,COLOMBIA 2,29/04/2024,00:00,Round 13,Quindio,zms5B2Zr,Llaneros,KzwFLhIU,False,1,0,,,,,,[56],[],Betfair,3.0,2.0,3.4,Betano.br,2.82,2.35,3.15,Betfair,2.4,3.1,2.63,Sportingbet.br,1.33,3.0,Novibet,3.0,1.33,Novibet,9.0,1.07,Novibet,1.3,3.4,Sportingbet.br,2.65,1.42,Novibet,5.5,1.15,Betfair,1.03,9.0,Betfair,1.29,3.3,Betfair,1.95,1.75,Betfair,3.6,1.25,Betfair,7.5,1.06,Betfair,1.7,2.0,Novibet,4.5,1.15,Sportingbet.br,4.2,1.2,Betano.br,1.4,1.34,1.5,Novibet,1.29,1.73,1.3,Sportingbet.br,1.31,1.61,1.34,Novibet,1.75,1.95,Betano.br,1.75,1.93,Betano.br,1.78,1.98,Betfair,4.0,12.0,23.0,6.0,4.5,6.5,23.0,12.0,4.5,Betano.br,1.91,1.8,Novibet,2.1,1.67,Novibet,1.99,1.72,Betfair,8.0,Betfair,7.0,Betfair,7.5,Betfair,5.0,Betfair,10.0,Betfair,11.0,Betfair,7.5,Betfair,8.5,Betfair,10.0,Betfair,20.0,Betfair,23.0,Betfair,15.0,Betfair,18.0,Betfair,26.0,Betfair,23.0,,0,0,,0.0,0.0,,0.0,0.0,,0.0,0.0,,0.0,0.0,,0.0,0.0,,0.0,0.0,,0.0,0.0,,0.0,0.0,,0,0,,0.0,0.0,0.0,Novibet,12.75,6.7,14.75,Novibet,5.35,3.95,6.3,Novibet,1.38,4.15,1.47,Novibet,1.09,7.2,1.12,,0.0,0.0,0.0,,,,,,,,,,,,,,,,,,,,,,,,,,,,,,,,,,,,,,,,,,,,,,,,,5.0,0.0,,,,,,,,,,,,,,,,,,,,,,,,,,,,,,,,,,,,,,,,,,,,,,,,,,,,,,,,,,,,,,,,,,,2.0,0.0,,,,,,,,,,,,,,,,,,,,,,,,,,,,,,,,,,,,,,,,,,,,,,,,,,,,,,,,,,,,,,,,,,,3.0,0.0,,,,,,,,,,,,,,,,,,,Primera B,4dzRa7y9
63j8Ufun,COLOMBIA,2024,COLOMBIA 2,COLOMBIA 2,26/05/2024,20:00,Round 3,Llaneros,KzwFLhIU,Cucuta,zs0leK3r,False,2,1,,,,,,"[37, 89]",[34],Betfair,2.4,2.0,5.0,Betano.br,2.2,2.4,4.4,Betfair,1.75,3.25,4.2,Sportingbet.br,1.49,2.4,Sportingbet.br,3.25,1.29,,0.0,0.0,Sportingbet.br,1.28,3.3,Sportingbet.br,2.3,1.55,,0.0,0.0,Betfair,1.06,7.5,Betfair,1.36,2.88,Betfair,2.25,1.57,Betfair,4.5,1.17,Betfair,9.0,1.03,Betfair,2.05,1.67,Sportingbet.br,5.5,1.13,Sportingbet.br,3.75,1.23,Betano.br,1.2,1.27,1.95,Sportingbet.br,1.17,1.73,1.46,Sportingbet.br,1.2,1.52,1.58,Betano.br,1.33,2.8,Betano.br,1.42,2.67,Betano.br,1.4,2.8,Betfair,3.3,13.0,36.0,5.0,4.33,8.0,23.0,13.0,6.5,Betano.br,1.83,1.8,,0.0,0.0,,0.0,0.0,Betfair,6.5,Betfair,5.0,Betfair,9.0,Betfair,5.5,Betfair,6.5,Betfair,18.0,Betfair,7.0,Betfair,13.0,Betfair,14.0,Betfair,11.0,Betfair,56.0,Betfair,13.0,Betfair,36.0,Betfair,26.0,Betfair,51.0,,0,0,,0.0,0.0,,0.0,0.0,,0.0,0.0,Betano.br,1.75,1.87,,0.0,0.0,,0.0,0.0,,0.0,0.0,,0.0,0.0,,0,0,Novibet,17.5,8.5,0.0,Novibet,0.0,0.0,26.0,,0.0,0.0,0.0,,0.0,0.0,0.0,Novibet,1.03,9.0,0.0,Novibet,0.0,0.0,1.05,,,,,,,,,,,,,,,,,,,,,,,,,,,,,,,,,,,,,,,,,,,,,,,,,2.0,2.0,,,,,,,,,,,,,,,,,,,,,,,,,,,,,,,,,,,,,,,,,,,,,,,,,,,,,,,,,,,,,,,,,,,0.0,1.0,,,,,,,,,,,,,,,,,,,,,,,,,,,,,,,,,,,,,,,,,,,,,,,,,,,,,,,,,,,,,,,,,,,2.0,1.0,,,,,,,,,,,,,,,,,,,Primera B,4dzRa7y9
6L3bYpJm,COLOMBIA,2024,COLOMBIA 2,COLOMBIA 2,26/04/2024,20:30,Round 13,Atletico F.C.,jD7zZpR7,Tigres,EcJJz8BQ,False,1,3,,,,,,[70],"[27, 30, 54]",Betfair,4.33,2.1,2.4,Betano.br,4.05,2.67,2.1,Betfair,3.9,3.5,1.75,Sportingbet.br,1.35,2.95,Novibet,3.4,1.3,Novibet,9.5,1.06,Sportingbet.br,1.23,3.8,Novibet,2.5,1.5,Novibet,6.0,1.13,Betfair,1.03,9.0,Betfair,1.25,3.6,Betfair,1.85,1.85,Betfair,3.3,1.29,Betfair,7.0,1.07,Betfair,1.95,1.8,Novibet,5.3,1.13,Novibet,3.85,1.23,Novibet,1.91,1.25,1.22,Novibet,1.42,1.73,1.2,Sportingbet.br,1.6,1.46,1.23,Novibet,2.95,1.34,Betano.br,2.45,1.47,Betano.br,2.75,1.42,Betfair,6.5,13.0,20.0,8.5,5.0,4.5,31.0,12.0,3.0,Betano.br,1.87,1.83,Novibet,2.15,1.65,Novibet,2.0,1.71,Betfair,6.5,Betfair,8.0,Betfair,5.5,Betfair,5.0,Betfair,14.0,Betfair,7.5,Betfair,10.0,Betfair,7.0,Betfair,13.0,Betfair,41.0,Betfair,14.0,Betfair,31.0,Betfair,14.0,Betfair,41.0,Betfair,31.0,,0,0,,0.0,0.0,,0.0,0.0,,0.0,0.0,,0.0,0.0,Betano.br,1.88,1.83,,0.0,0.0,,0.0,0.0,,0.0,0.0,,0,0,Novibet,0.0,0.0,18.25,Novibet,24.0,8.6,9.1,Novibet,9.3,4.75,2.95,Novibet,1.94,3.6,1.24,Novibet,1.2,5.5,1.03,Novibet,1.05,8.6,0.0,,,,,,,,,,,,,,,,,,,,,,,,,,,,,,,,,,,,,,,,,,,,,,,,,2.0,1.0,,,,,,,,,,,,,,,,,,,,,,,,,,,,,,,,,,,,,,,,,,,,,,,,,,,,,,,,,,,,,,,,,,,,,,,,,,,,,,,,,,,,,,,,,,,,,,,,,,,,,,,,,,,,,,,,,,,,,,,,,,,,,,,,,,,,,,,2.0,1.0,,,,,,,,,,,,,,,,,,,Primera B,4dzRa7y9
4KH2XqHd,COLOMBIA,2024,COLOMBIA 2,COLOMBIA 2,20/04/2024,20:00,Round 12,Leones,IZmBcNVO,Cartagena,6eofBSjQ,False,0,0,,,,,,[],[],Betfair,3.75,2.1,2.63,Betano.br,3.55,2.62,2.3,Betfair,3.2,3.4,1.95,,0.0,0.0,Betano.br,2.47,1.42,,0.0,0.0,,0.0,0.0,Betano.br,1.9,1.78,,0.0,0.0,Betfair,1.02,10.0,Betfair,1.22,3.8,Betfair,1.75,1.95,Betfair,3.0,1.33,Betfair,5.5,1.11,Betfair,1.6,2.15,,0.0,0.0,,0.0,0.0,Betano.br,1.8,1.26,1.28,Betano.br,1.47,1.57,1.23,,0.0,0.0,0.0,Betano.br,2.37,1.45,Betano.br,2.27,1.55,Betano.br,2.4,1.53,Betfair,5.5,12.0,19.0,7.5,5.0,5.0,26.0,12.0,3.3,Betano.br,1.87,1.83,,0.0,0.0,,0.0,0.0,Betfair,9.5,Betfair,9.0,Betfair,7.0,Betfair,5.5,Betfair,15.0,Betfair,9.0,Betfair,9.5,Betfair,7.0,Betfair,10.0,Betfair,34.0,Betfair,15.0,Betfair,21.0,Betfair,12.0,Betfair,23.0,Betfair,18.0,,0,0,,0.0,0.0,,0.0,0.0,,0.0,0.0,,0.0,0.0,Novibet,1.78,1.96,,0.0,0.0,,0.0,0.0,,0.0,0.0,,0,0,,0.0,0.0,0.0,,0.0,0.0,0.0,Betano.br,0.0,0.0,3.5,Betano.br,1.8,3.7,0.0,,0.0,0.0,0.0,,0.0,0.0,0.0,,,,,,,,,,,,,,,,,,,,,,,,,,,,,,,,,,,,,,,,,,,,,,,,,3.0,2.0,,,,,,,,,,,,,,,,,,,,,,,,,,,,,,,,,,,,,,,,,,,,,,,,,,,,,,,,,,,,,,,,,,,2.0,1.0,,,,,,,,,,,,,,,,,,,,,,,,,,,,,,,,,,,,,,,,,,,,,,,,,,,,,,,,,,,,,,,,,,,1.0,1.0,,,,,,,,,,,,,,,,,,,Primera B,4dzRa7y9
4xBYTAA4,COLOMBIA,2024,COLOMBIA 2,COLOMBIA 2,04/04/2024,00:40,Round 10,Leones,IZmBcNVO,Orsomarso,ET6jTFPs,False,1,1,,,,,,[],[],,0.0,0.0,0.0,,0.0,0.0,0.0,,0.0,0.0,0.0,,0.0,0.0,,0.0,0.0,,0.0,0.0,,0.0,0.0,,0.0,0.0,,0.0,0.0,,0.0,0.0,,0.0,0.0,,0.0,0.0,,0.0,0.0,,0.0,0.0,,0.0,0.0,,0.0,0.0,,0.0,0.0,,0.0,0.0,0.0,,0.0,0.0,0.0,,0.0,0.0,0.0,,0.0,0.0,,0.0,0.0,,0.0,0.0,,0.0,0.0,0.0,0.0,0.0,0.0,0.0,0.0,0.0,,0.0,0.0,,0.0,0.0,,0.0,0.0,,0.0,,0.0,,0.0,,0.0,,0.0,,0.0,,0.0,,0.0,,0.0,,0.0,,0.0,,0.0,,0.0,,0.0,,0.0,,0,0,,0.0,0.0,,0.0,0.0,,0.0,0.0,,0.0,0.0,,0.0,0.0,,0.0,0.0,,0.0,0.0,,0.0,0.0,,0,0,,0.0,0.0,0.0,,0.0,0.0,0.0,,0.0,0.0,0.0,,0.0,0.0,0.0,,0.0,0.0,0.0,,0.0,0.0,0.0,,,,,,,,,,,,,,,,,,,,,,,,,,,,,,,,,,,,,,,,,,,,,,,,,,,,,,,,,,,,,,,,,,,,,,,,,,,,,,,,,,,,,,,,,,,,,,,,,,,,,,,,,,,,,,,,,,,,,,,,,,,,,,,,,,,,,,,,,,,,,,,,,,,,,,,,,,,,,,,,,,,,,,,,,,,,,,,,,,,,,,,,,,,,,,,,,,,,,,,,,,,,,Primera B,4dzRa7y9
GINrUVR1,COLOMBIA,2024,COLOMBIA 2,COLOMBIA 2,27/04/2024,00:40,Round 13,Barranquilla,O8ANu9JR,Real Cundinamarca,ze01M68P,False,1,1,,,,,,[13],[34],Betfair,2.4,2.1,4.5,Sportingbet.br,2.45,2.1,4.1,Betfair,1.8,3.3,4.0,Sportingbet.br,1.27,3.4,Sportingbet.br,2.25,1.57,,0.0,0.0,Sportingbet.br,1.4,2.7,Sportingbet.br,2.85,1.37,,0.0,0.0,Betfair,1.03,9.0,Betfair,1.29,3.3,Betfair,1.95,1.75,Betfair,3.6,1.25,Betfair,7.5,1.06,Betfair,1.85,1.85,Sportingbet.br,3.6,1.25,Sportingbet.br,4.75,1.16,Betano.br,1.21,1.29,1.88,Betano.br,1.18,1.65,1.47,Sportingbet.br,1.2,1.63,1.47,Betano.br,1.34,2.72,Betano.br,1.42,2.57,Betano.br,1.45,2.6,Betfair,2.88,13.0,34.0,4.5,5.0,9.0,20.0,13.0,7.0,Betano.br,1.9,1.82,,0.0,0.0,,0.0,0.0,Betfair,8.0,Betfair,5.5,Betfair,9.5,Betfair,5.5,Betfair,7.0,Betfair,17.0,Betfair,7.0,Betfair,11.0,Betfair,12.0,Betfair,12.0,Betfair,46.0,Betfair,12.0,Betfair,26.0,Betfair,21.0,Betfair,36.0,,0,0,,0.0,0.0,,0.0,0.0,,0.0,0.0,Betano.br,1.85,1.85,,0.0,0.0,,0.0,0.0,,0.0,0.0,,0.0,0.0,,0,0,,0.0,0.0,0.0,,0.0,0.0,0.0,Betano.br,3.4,3.5,0.0,Betano.br,0.0,0.0,1.88,,0.0,0.0,0.0,,0.0,0.0,0.0,,,,,,,,,,,,,,,,,,,,,,,,,,,,,,,,,,,,,,,,,,,,,,,,,4.0,3.0,,,,,,,,,,,,,,,,,,,,,,,,,,,,,,,,,,,,,,,,,,,,,,,,,,,,,,,,,,,,,,,,,,,1.0,1.0,,,,,,,,,,,,,,,,,,,,,,,,,,,,,,,,,,,,,,,,,,,,,,,,,,,,,,,,,,,,,,,,,,,3.0,2.0,,,,,,,,,,,,,,,,,,,Primera B,4dzRa7y9
IaHlQS9T,COLOMBIA,2024,COLOMBIA 2,COLOMBIA 2,03/04/2024,22:30,Round 10,Llaneros,KzwFLhIU,Cucuta,zs0leK3r,False,0,0,,,,,,[],[],,0.0,0.0,0.0,,0.0,0.0,0.0,,0.0,0.0,0.0,,0.0,0.0,,0.0,0.0,,0.0,0.0,,0.0,0.0,,0.0,0.0,,0.0,0.0,,0.0,0.0,,0.0,0.0,,0.0,0.0,,0.0,0.0,,0.0,0.0,,0.0,0.0,,0.0,0.0,,0.0,0.0,,0.0,0.0,0.0,,0.0,0.0,0.0,,0.0,0.0,0.0,,0.0,0.0,,0.0,0.0,,0.0,0.0,,0.0,0.0,0.0,0.0,0.0,0.0,0.0,0.0,0.0,,0.0,0.0,,0.0,0.0,,0.0,0.0,,0.0,,0.0,,0.0,,0.0,,0.0,,0.0,,0.0,,0.0,,0.0,,0.0,,0.0,,0.0,,0.0,,0.0,,0.0,,0,0,,0.0,0.0,,0.0,0.0,,0.0,0.0,,0.0,0.0,,0.0,0.0,,0.0,0.0,,0.0,0.0,,0.0,0.0,,0,0,,0.0,0.0,0.0,,0.0,0.0,0.0,,0.0,0.0,0.0,,0.0,0.0,0.0,,0.0,0.0,0.0,,0.0,0.0,0.0,,,,,,,,,,,,,,,,,,,,,,,,,,,,,,,,,,,,,,,,,,,,,,,,,,,,,,,,,,,,,,,,,,,,,,,,,,,,,,,,,,,,,,,,,,,,,,,,,,,,,,,,,,,,,,,,,,,,,,,,,,,,,,,,,,,,,,,,,,,,,,,,,,,,,,,,,,,,,,,,,,,,,,,,,,,,,,,,,,,,,,,,,,,,,,,,,,,,,,,,,,,,,Primera B,4dzRa7y9
bgaHLnIp,COLOMBIA,2024,COLOMBIA 2,COLOMBIA 2,02/04/2024,20:30,Round 10,Inter Palmira,8tIHbqDh,Boca Juniors,6yoKBtoR,False,2,1,,,,,,[],[],,0.0,0.0,0.0,,0.0,0.0,0.0,,0.0,0.0,0.0,,0.0,0.0,,0.0,0.0,,0.0,0.0,,0.0,0.0,,0.0,0.0,,0.0,0.0,,0.0,0.0,,0.0,0.0,,0.0,0.0,,0.0,0.0,,0.0,0.0,,0.0,0.0,,0.0,0.0,,0.0,0.0,,0.0,0.0,0.0,,0.0,0.0,0.0,,0.0,0.0,0.0,,0.0,0.0,,0.0,0.0,,0.0,0.0,,0.0,0.0,0.0,0.0,0.0,0.0,0.0,0.0,0.0,,0.0,0.0,,0.0,0.0,,0.0,0.0,,0.0,,0.0,,0.0,,0.0,,0.0,,0.0,,0.0,,0.0,,0.0,,0.0,,0.0,,0.0,,0.0,,0.0,,0.0,,0,0,,0.0,0.0,,0.0,0.0,,0.0,0.0,,0.0,0.0,,0.0,0.0,,0.0,0.0,,0.0,0.0,,0.0,0.0,,0,0,,0.0,0.0,0.0,,0.0,0.0,0.0,,0.0,0.0,0.0,,0.0,0.0,0.0,,0.0,0.0,0.0,,0.0,0.0,0.0,,,,,,,,,,,,,,,,,,,,,,,,,,,,,,,,,,,,,,,,,,,,,,,,,,,,,,,,,,,,,,,,,,,,,,,,,,,,,,,,,,,,,,,,,,,,,,,,,,,,,,,,,,,,,,,,,,,,,,,,,,,,,,,,,,,,,,,,,,,,,,,,,,,,,,,,,,,,,,,,,,,,,,,,,,,,,,,,,,,,,,,,,,,,,,,,,,,,,,,,,,,,,Primera B,4dzRa7y9
l8w4yEZR,COLOMBIA,2024,COLOMBIA 2,COLOMBIA 2,20/04/2024,20:30,Round 12,Atletico F.C.,jD7zZpR7,Quindio,zms5B2Zr,False,0,1,,,,,,[],[63],Betfair,6.5,2.25,1.91,Betano.br,5.3,2.65,1.87,Betfair,6.0,4.0,1.4,Betano.br,1.4,2.52,Betano.br,2.52,1.4,,0.0,0.0,,0.0,0.0,Betano.br,2.0,1.7,,0.0,0.0,Betfair,1.01,13.0,Betfair,1.14,4.8,Betfair,1.57,2.25,Betfair,2.55,1.45,Betfair,4.8,1.14,Betfair,2.0,1.73,,0.0,0.0,,0.0,0.0,Betano.br,2.62,1.19,1.12,Betano.br,1.55,1.6,1.17,,0.0,0.0,0.0,Novibet,4.1,1.19,Betano.br,2.72,1.38,Betano.br,3.55,1.27,Betfair,12.0,17.0,19.0,13.0,6.0,4.0,61.0,15.0,2.1,Novibet,1.87,1.86,,0.0,0.0,,0.0,0.0,Betfair,9.5,Betfair,14.0,Betfair,5.0,Betfair,7.0,Betfair,31.0,Betfair,5.5,Betfair,17.0,Betfair,6.0,Betfair,15.0,Betfair,101.0,Betfair,8.0,Betfair,61.0,Betfair,10.0,Betfair,61.0,Betfair,21.0,,0,0,,0.0,0.0,,0.0,0.0,,0.0,0.0,,0.0,0.0,Betano.br,1.91,1.8,Novibet,1.85,1.88,,0.0,0.0,,0.0,0.0,,0,0,Novibet,0.0,0.0,11.25,Novibet,23.0,8.9,4.4,Novibet,0.0,0.0,2.35,Betano.br,2.62,3.65,0.0,Novibet,1.52,4.4,1.04,Novibet,1.13,7.2,0.0,,,,,,,,,,,,,,,,,,,,,,,,,,,,,,,,,,,,,,,,,,,,,,,,,5.0,3.0,,,,,,,,,,,,,,,,,,,,,,,,,,,,,,,,,,,,,,,,,,,,,,,,,,,,,,,,,,,,,,,,,,,3.0,1.0,,,,,,,,,,,,,,,,,,,,,,,,,,,,,,,,,,,,,,,,,,,,,,,,,,,,,,,,,,,,,,,,,,,2.0,2.0,,,,,,,,,,,,,,,,,,,Primera B,4dzRa7y9
ULBQhF42,COLOMBIA,2024,COLOMBIA 2,COLOMBIA 2,27/04/2024,20:30,Round 13,Cucuta,zs0leK3r,Inter Palmira,8tIHbqDh,False,1,0,,,,,,[14],[],Betfair,2.3,2.0,5.5,Betano.br,2.1,2.4,4.8,Betfair,1.6,3.5,4.6,Novibet,1.45,2.6,Sportingbet.br,3.2,1.31,Novibet,9.0,1.07,Novibet,1.3,3.4,Sportingbet.br,2.45,1.49,Novibet,5.5,1.15,Betfair,1.05,8.0,Betfair,1.36,2.88,Betfair,2.25,1.57,Betfair,4.5,1.17,Betfair,9.0,1.03,Betfair,2.15,1.6,Sportingbet.br,5.5,1.12,Sportingbet.br,4.2,1.19,Novibet,1.17,1.29,2.1,Sportingbet.br,1.14,1.68,1.53,Novibet,1.18,1.5,1.67,Novibet,1.25,3.55,Novibet,1.33,3.1,Betano.br,1.35,3.05,Betfair,2.3,13.0,46.0,4.2,5.5,12.0,20.0,15.0,10.0,Novibet,1.89,1.84,Novibet,2.1,1.67,Novibet,1.98,1.73,Betfair,6.5,Betfair,4.5,Betfair,10.0,Betfair,6.0,Betfair,6.0,Betfair,23.0,Betfair,7.0,Betfair,15.0,Betfair,15.0,Betfair,10.0,Betfair,91.0,Betfair,12.0,Betfair,51.0,Betfair,26.0,Betfair,67.0,,0,0,,0.0,0.0,,0.0,0.0,Betano.br,1.93,1.78,,0.0,0.0,,0.0,0.0,,0.0,0.0,,0.0,0.0,,0.0,0.0,,0,0,Novibet,13.5,7.5,0.0,Novibet,6.0,4.65,0.0,Novibet,2.85,3.35,13.25,Novibet,1.14,5.7,2.1,Novibet,0.0,0.0,1.35,Novibet,0.0,0.0,1.09,,,,,,,,,,,,,,,,,,,,,,,,,,,,,,,,,,,,,,,,,,,,,,,,,4.0,6.0,0.0,1.0,,,,,,,,,,,,,,,,,,,,,,,,,,,,,,,,,,,,,,,,,,,,,,,,,,,,,,,,,,,,,,,,,0.0,1.0,,,,,,,,,,,,,,,,,,,,,,,,,,,,,,,,,,,,,,,,,,,,,,,,,,,,,,,,,,,,,,,,,,,4.0,5.0,0.0,1.0,,,,,,,,,,,,,,,,,Primera B,4dzRa7y9
GjNtoO2g,COLOMBIA,2024,COLOMBIA 2,COLOMBIA 2,07/05/2024,00:00,Round 15,Llaneros,KzwFLhIU,Real Santander,nPIUdlJE,False,4,0,,,,,,"[9, 19, 31, 39]",[],Betfair,1.57,2.7,9.5,Sportingbet.br,1.53,2.95,8.25,Betfair,1.14,6.0,12.0,Sportingbet.br,1.26,3.5,Novibet,2.4,1.5,Novibet,6.0,1.13,Novibet,1.2,4.5,Betano.br,1.98,1.72,Novibet,3.75,1.25,Betfair,1.01,17.0,Betfair,1.13,5.2,Betfair,1.5,2.4,Betfair,2.4,1.5,Betfair,4.5,1.17,Betfair,1.87,1.87,Novibet,4.45,1.15,Novibet,3.3,1.26,Sportingbet.br,1.05,1.12,4.0,Betano.br,1.1,1.39,2.07,Sportingbet.br,1.06,1.35,2.3,Novibet,1.06,7.2,Betano.br,1.16,4.4,Betano.br,1.16,4.8,Betfair,1.67,19.0,101.0,3.75,9.0,23.0,19.0,23.0,19.0,Novibet,1.87,1.86,Novibet,2.01,1.74,Novibet,1.92,1.78,Betfair,15.0,Betfair,6.5,Betfair,23.0,Betfair,9.0,Betfair,5.5,Betfair,56.0,Betfair,6.5,Betfair,23.0,Betfair,15.0,Betfair,6.5,Betfair,151.0,Betfair,8.0,Betfair,67.0,Betfair,15.0,Betfair,67.0,,0,0,Betano.br,1.85,1.85,Betano.br,1.85,1.85,,0.0,0.0,,0.0,0.0,,0.0,0.0,,0.0,0.0,,0.0,0.0,,0.0,0.0,,0,0,Novibet,6.5,5.6,0.0,Novibet,2.45,4.1,0.0,Novibet,1.61,4.1,20.0,Novibet,1.06,7.6,3.9,Betano.br,0.0,0.0,2.35,Novibet,0.0,0.0,1.26,,,,,,,,,,,,,,,,,,,,,,,,,,,,,,,,,,,,,,,,,,,,,,,,,1.0,1.0,,,,,,,,,,,,,,,,,,,,,,,,,,,,,,,,,,,,,,,,,,,,,,,,,,,,,,,,,,,,,,,,,,,1.0,1.0,,,,,,,,,,,,,,,,,,,,,,,,,,,,,,,,,,,,,,,,,,,,,,,,,,,,,,,,,,,,,,,,,,,,,,,,,,,,,,,,,,,,,,,Primera B,4dzRa7y9
Menmudz3,COLOMBIA,2024,COLOMBIA 2,COLOMBIA 2,21/04/2024,20:30,Round 12,Real Santander,nPIUdlJE,Boca Juniors,6yoKBtoR,False,2,3,,,,,,"[54, 88]","[36, 42, 45]",Betfair,3.2,2.0,3.3,Betano.br,2.82,2.35,3.15,Betfair,2.45,3.0,2.63,Novibet,1.45,2.6,Novibet,3.0,1.33,Novibet,9.0,1.07,Novibet,1.3,3.4,Betano.br,2.25,1.55,Novibet,5.5,1.15,Betfair,1.05,8.0,Betfair,1.3,3.2,Betfair,2.1,1.65,Betfair,3.8,1.22,Betfair,8.0,1.05,Betfair,1.73,1.95,Novibet,4.7,1.16,Novibet,3.45,1.28,Betano.br,1.35,1.32,1.53,Novibet,1.3,1.71,1.3,Novibet,1.33,1.56,1.36,Betano.br,1.65,1.98,Betano.br,1.7,1.98,Betano.br,1.78,1.98,Betfair,4.2,12.0,26.0,6.0,4.5,6.5,23.0,12.0,4.5,Betano.br,1.9,1.82,Novibet,2.1,1.67,Novibet,1.99,1.72,Betfair,7.0,Betfair,6.5,Betfair,7.0,Betfair,5.0,Betfair,10.0,Betfair,11.0,Betfair,8.0,Betfair,8.0,Betfair,11.0,Betfair,21.0,Betfair,23.0,Betfair,17.0,Betfair,19.0,Betfair,26.0,Betfair,26.0,,0,0,,0.0,0.0,,0.0,0.0,,0.0,0.0,,0.0,0.0,,0.0,0.0,,0.0,0.0,,0.0,0.0,,0.0,0.0,,0,0,,0.0,0.0,0.0,Novibet,13.5,7.0,14.5,Novibet,5.6,4.05,5.9,Novibet,1.43,4.15,1.45,Novibet,1.1,7.2,1.11,,0.0,0.0,0.0,,,,,,,,,,,,,,,,,,,,,,,,,,,,,,,,,,,,,,,,,,,,,,,,,0.0,1.0,,,,,,,,,,,,,,,,,,,,,,,,,,,,,,,,,,,,,,,,,,,,,,,,,,,,,,,,,,,,,,,,,,,0.0,1.0,,,,,,,,,,,,,,,,,,,,,,,,,,,,,,,,,,,,,,,,,,,,,,,,,,,,,,,,,,,,,,,,,,,,,,,,,,,,,,,,,,,,,,,Primera B,4dzRa7y9
l4sKbsXh,COLOMBIA,2024,COLOMBIA 2,COLOMBIA 2,12/05/2024,20:00,Round 16,Tigres,EcJJz8BQ,Cartagena,6eofBSjQ,False,4,2,,,,,,"[16, 32, 52, 82]","[33, 62]",Betfair,2.0,2.1,6.0,Sportingbet.br,1.9,2.37,5.75,Betfair,1.44,3.8,6.0,Sportingbet.br,1.38,2.8,Sportingbet.br,2.8,1.38,,0.0,0.0,Sportingbet.br,1.32,3.1,Sportingbet.br,2.45,1.47,,0.0,0.0,Betfair,1.03,9.0,Betfair,1.29,3.3,Betfair,2.0,1.73,Betfair,3.8,1.22,Betfair,8.0,1.05,Betfair,2.05,1.67,Sportingbet.br,5.25,1.14,Sportingbet.br,4.6,1.17,Betano.br,1.13,1.22,2.4,Sportingbet.br,1.12,1.58,1.68,Sportingbet.br,1.12,1.51,1.77,Betano.br,1.19,3.75,Betano.br,1.37,2.85,Betano.br,1.26,3.65,Betfair,2.3,13.0,56.0,4.0,5.5,13.0,20.0,15.0,11.0,Betano.br,1.83,1.8,,0.0,0.0,,0.0,0.0,Betfair,8.0,Betfair,5.0,Betfair,12.0,Betfair,6.5,Betfair,5.5,Betfair,26.0,Betfair,6.5,Betfair,17.0,Betfair,14.0,Betfair,9.0,Betfair,91.0,Betfair,11.0,Betfair,61.0,Betfair,23.0,Betfair,61.0,,0,0,,0.0,0.0,,0.0,0.0,Betano.br,1.85,1.75,Betano.br,1.75,1.85,,0.0,0.0,,0.0,0.0,,0.0,0.0,,0.0,0.0,,0,0,Novibet,13.0,7.6,0.0,Novibet,5.25,4.45,26.0,Novibet,0.0,0.0,8.3,Novibet,1.25,5.0,0.0,Novibet,1.03,8.8,1.41,Novibet,0.0,0.0,1.09,,,,,,,,,,,,,,,,,,,,,,,,,,,,,,,,,,,,,,,,,,,,,,,,,1.0,3.0,0.0,2.0,,,,,,,,,,,,,,,,,,,,,,,,,,,,,,,,,,,,,,,,,,,,,,,,,,,,,,,,,,,,,,,,,1.0,0.0,,,,,,,,,,,,,,,,,,,,,,,,,,,,,,,,,,,,,,,,,,,,,,,,,,,,,,,,,,,,,,,,,,,0.0,3.0,0.0,2.0,,,,,,,,,,,,,,,,,Primera B,4dzRa7y9
2FJvVBCe,COLOMBIA,2024,COLOMBIA 2,COLOMBIA 2,26/04/2024,21:00,Round 13,Orsomarso,ET6jTFPs,Boca Juniors,6yoKBtoR,False,1,2,,,,,,[44],"[24, 64]",Betfair,2.88,1.91,4.0,Betano.br,2.57,2.27,3.65,Betfair,2.2,3.0,3.1,Novibet,1.5,2.4,Novibet,3.4,1.3,Novibet,9.5,1.06,Novibet,1.33,3.2,Novibet,2.5,1.5,Novibet,6.0,1.13,Betfair,1.06,7.5,Betfair,1.4,2.75,Betfair,2.25,1.57,Betfair,4.5,1.17,Betfair,9.0,1.03,Betfair,1.95,1.75,Sportingbet.br,5.25,1.13,Sportingbet.br,3.9,1.21,Sportingbet.br,1.3,1.34,1.65,Sportingbet.br,1.21,1.75,1.38,Sportingbet.br,1.25,1.58,1.46,Betano.br,1.5,2.27,Betano.br,1.57,2.22,Betano.br,1.6,2.25,Betfair,3.75,13.0,31.0,5.0,4.33,7.0,23.0,13.0,5.5,Novibet,1.9,1.83,Novibet,2.15,1.65,Novibet,2.01,1.71,Betfair,6.5,Betfair,5.5,Betfair,7.0,Betfair,5.0,Betfair,8.5,Betfair,13.0,Betfair,7.5,Betfair,9.0,Betfair,13.0,Betfair,17.0,Betfair,34.0,Betfair,15.0,Betfair,26.0,Betfair,26.0,Betfair,41.0,,0,0,,0.0,0.0,,0.0,0.0,,0.0,0.0,Betano.br,1.93,1.78,,0.0,0.0,,0.0,0.0,,0.0,0.0,,0.0,0.0,,0,0,Novibet,17.5,8.5,0.0,Novibet,11.0,6.1,19.75,Novibet,4.65,3.65,7.7,Novibet,1.31,4.4,1.58,Novibet,1.06,7.9,1.15,Novibet,0.0,0.0,1.05,,,,,,,,,,,,,,,,,,,,,,,,,,,,,,,,,,,,,,,,,,,,,,,,,2.0,2.0,,,,,,,,,,,,,,,,,,,,,,,,,,,,,,,,,,,,,,,,,,,,,,,,,,,,,,,,,,,,,,,,,,,,,,,,,,,,,,,,,,,,,,,,,,,,,,,,,,,,,,,,,,,,,,,,,,,,,,,,,,,,,,,,,,,,,,,2.0,2.0,,,,,,,,,,,,,,,,,,,Primera B,4dzRa7y9
W6JfZ5np,COLOMBIA,2024,COLOMBIA 2,COLOMBIA 2,13/04/2024,21:00,Round 11,U. Magdalena,tpLItk4L,Atletico F.C.,jD7zZpR7,False,2,0,,,,,,"[2, 81]",[],Betfair,1.83,2.38,6.5,Betano.br,1.7,2.87,6.3,Betfair,1.33,4.1,7.0,Novibet,1.36,3.0,Novibet,2.62,1.44,Novibet,7.0,1.1,Novibet,1.22,4.0,Novibet,2.0,1.73,Novibet,4.33,1.2,Betfair,1.01,11.0,Betfair,1.2,4.0,Betfair,1.73,2.0,Betfair,2.88,1.36,Betfair,5.5,1.11,Betfair,1.83,1.83,Novibet,5.0,1.14,Novibet,3.7,1.25,Betano.br,1.1,1.17,2.92,Betano.br,1.11,1.47,1.83,Novibet,1.13,1.4,1.91,Novibet,1.13,4.95,Novibet,1.22,3.95,Betano.br,1.19,4.35,Betfair,2.1,14.0,56.0,4.0,6.5,13.0,18.0,15.0,12.0,Novibet,1.87,1.86,Novibet,2.03,1.72,Novibet,1.92,1.78,Betfair,11.0,Betfair,5.5,Betfair,15.0,Betfair,7.0,Betfair,5.5,Betfair,34.0,Betfair,6.5,Betfair,17.0,Betfair,14.0,Betfair,8.0,Betfair,91.0,Betfair,9.0,Betfair,51.0,Betfair,19.0,Betfair,56.0,,0,0,,0.0,0.0,,0.0,0.0,Novibet,1.63,2.2,,0.0,0.0,,0.0,0.0,,0.0,0.0,,0.0,0.0,,0.0,0.0,,0,0,Novibet,8.1,6.0,0.0,Novibet,3.9,4.1,0.0,Novibet,2.1,3.55,18.25,Novibet,1.09,7.3,2.85,Novibet,0.0,0.0,1.64,Novibet,0.0,0.0,1.21,,,,,,,,,,,,,,,,,,,,,,,,,,,,,,,,,,,,,,,,,,,,,,,,,4.0,2.0,,,,,,,,,,,,,,,,,,,,,,,,,,,,,,,,,,,,,,,,,,,,,,,,,,,,,,,,,,,,,,,,,,,1.0,0.0,,,,,,,,,,,,,,,,,,,,,,,,,,,,,,,,,,,,,,,,,,,,,,,,,,,,,,,,,,,,,,,,,,,3.0,2.0,,,,,,,,,,,,,,,,,,,Primera B,4dzRa7y9
dC7QVWuh,COLOMBIA,2024,COLOMBIA 2,COLOMBIA 2,25/03/2024,21:00,Round 9,U. Magdalena,tpLItk4L,Leones,IZmBcNVO,False,2,3,,,,,,[],[],,0.0,0.0,0.0,,0.0,0.0,0.0,,0.0,0.0,0.0,,0.0,0.0,,0.0,0.0,,0.0,0.0,,0.0,0.0,,0.0,0.0,,0.0,0.0,,0.0,0.0,,0.0,0.0,,0.0,0.0,,0.0,0.0,,0.0,0.0,,0.0,0.0,,0.0,0.0,,0.0,0.0,,0.0,0.0,0.0,,0.0,0.0,0.0,,0.0,0.0,0.0,,0.0,0.0,,0.0,0.0,,0.0,0.0,,0.0,0.0,0.0,0.0,0.0,0.0,0.0,0.0,0.0,,0.0,0.0,,0.0,0.0,,0.0,0.0,,0.0,,0.0,,0.0,,0.0,,0.0,,0.0,,0.0,,0.0,,0.0,,0.0,,0.0,,0.0,,0.0,,0.0,,0.0,,0,0,,0.0,0.0,,0.0,0.0,,0.0,0.0,,0.0,0.0,,0.0,0.0,,0.0,0.0,,0.0,0.0,,0.0,0.0,,0,0,,0.0,0.0,0.0,,0.0,0.0,0.0,,0.0,0.0,0.0,,0.0,0.0,0.0,,0.0,0.0,0.0,,0.0,0.0,0.0,,,,,,,,,,,,,,,,,,,,,,,,,,,,,,,,,,,,,,,,,,,,,,,,,,,,,,,,,,,,,,,,,,,,,,,,,,,,,,,,,,,,,,,,,,,,,,,,,,,,,,,,,,,,,,,,,,,,,,,,,,,,,,,,,,,,,,,,,,,,,,,,,,,,,,,,,,,,,,,,,,,,,,,,,,,,,,,,,,,,,,,,,,,,,,,,,,,,,,,,,,,,,Primera B,4dzRa7y9
QTIbYP1j,COLOMBIA,2024,COLOMBIA 2,COLOMBIA 2,14/04/2024,21:00,Round 11,Cartagena,6eofBSjQ,Real Cundinamarca,ze01M68P,False,2,1,,,,,,"[2, 23]",[17],Betfair,1.73,2.5,7.5,Betano.br,1.82,2.67,5.6,Betfair,1.22,4.75,9.0,Novibet,1.4,2.8,Novibet,2.8,1.4,Novibet,7.5,1.09,Novibet,1.25,3.75,Novibet,2.1,1.67,Novibet,4.5,1.18,Betfair,1.01,13.0,Betfair,1.14,4.8,Betfair,1.57,2.25,Betfair,2.55,1.45,Betfair,4.8,1.14,Betfair,1.83,1.83,Novibet,5.05,1.14,Novibet,3.75,1.24,Betano.br,1.12,1.2,2.55,Betano.br,1.13,1.55,1.7,Novibet,1.15,1.44,1.83,Novibet,1.17,4.35,Novibet,1.26,3.6,Betano.br,1.25,3.7,Betfair,1.83,15.0,67.0,4.0,8.0,15.0,17.0,19.0,14.0,Betano.br,1.87,1.85,Novibet,2.06,1.71,Novibet,1.94,1.76,Betfair,14.0,Betfair,6.0,Betfair,21.0,Betfair,8.5,Betfair,5.5,Betfair,46.0,Betfair,6.5,Betfair,21.0,Betfair,15.0,Betfair,7.0,Betfair,176.0,Betfair,8.5,Betfair,67.0,Betfair,17.0,Betfair,61.0,,0,0,,0.0,0.0,,0.0,0.0,Betano.br,1.78,1.93,Novibet,1.68,2.1,,0.0,0.0,,0.0,0.0,,0.0,0.0,,0.0,0.0,,0,0,Novibet,9.9,6.6,0.0,Novibet,4.55,4.3,0.0,Novibet,2.35,3.45,16.25,Novibet,1.11,6.7,2.5,Novibet,0.0,0.0,1.52,Novibet,0.0,0.0,1.16,,,,,,,,,,,,,,,,,,,,,,,,,,,,,,,,,,,,,,,,,,,,,,,,,1.0,0.0,,,,,,,,,,,,,,,,,,,,,,,,,,,,,,,,,,,,,,,,,,,,,,,,,,,,,,,,,,,,,,,,,,,,,,,,,,,,,,,,,,,,,,,,,,,,,,,,,,,,,,,,,,,,,,,,,,,,,,,,,,,,,,,,,,,,,,,1.0,0.0,,,,,,,,,,,,,,,,,,,Primera B,4dzRa7y9
Shkewz5F,COLOMBIA,2024,COLOMBIA 2,COLOMBIA 2,19/04/2024,23:05,Round 12,Llaneros,KzwFLhIU,Orsomarso,ET6jTFPs,False,1,0,,,,,,[12],[],Betfair,2.1,2.1,6.5,Betano.br,1.85,2.57,5.8,Betfair,1.47,3.75,6.0,Novibet,1.45,2.62,Novibet,3.0,1.33,Novibet,8.5,1.07,Novibet,1.3,3.5,Novibet,2.25,1.57,Novibet,5.5,1.15,Betfair,1.05,8.0,Betfair,1.33,3.0,Betfair,2.1,1.65,Betfair,4.0,1.2,Betfair,8.0,1.05,Betfair,2.2,1.6,Novibet,5.35,1.13,Novibet,3.95,1.22,Betano.br,1.12,1.21,2.47,Betano.br,1.12,1.57,1.65,Novibet,1.15,1.45,1.73,Novibet,1.2,4.05,Betano.br,1.25,3.45,Betano.br,1.24,3.8,Betfair,2.3,14.0,61.0,4.0,5.0,13.0,20.0,15.0,11.0,Novibet,1.88,1.85,Novibet,2.09,1.68,Novibet,1.97,1.74,Betfair,7.5,Betfair,4.5,Betfair,12.0,Betfair,6.5,Betfair,5.5,Betfair,26.0,Betfair,6.5,Betfair,17.0,Betfair,15.0,Betfair,8.5,Betfair,91.0,Betfair,11.0,Betfair,61.0,Betfair,26.0,Betfair,76.0,,0,0,,0.0,0.0,,0.0,0.0,Betano.br,1.85,1.87,,0.0,0.0,,0.0,0.0,,0.0,0.0,,0.0,0.0,,0.0,0.0,,0,0,Novibet,11.75,7.1,0.0,Novibet,5.3,4.45,0.0,Novibet,2.6,3.4,16.0,Novibet,1.12,6.3,2.35,Novibet,0.0,0.0,1.43,Novibet,0.0,0.0,1.12,,,,,,,,,,,,,,,,,,,,,,,,,,,,,,,,,,,,,,,,,,,,,,,,,3.0,6.0,0.0,1.0,,,,,,,,,,,,,,,,,,,,,,,,,,,,,,,,,,,,,,,,,,,,,,,,,,,,,,,,,,,,,,,,,1.0,4.0,,,,,,,,,,,,,,,,,,,,,,,,,,,,,,,,,,,,,,,,,,,,,,,,,,,,,,,,,,,,,,,,,,,2.0,2.0,0.0,1.0,,,,,,,,,,,,,,,,,Primera B,4dzRa7y9
nFuCsUv4,COLOMBIA,2024,COLOMBIA 2,COLOMBIA 2,15/04/2024,20:30,Round 11,Orsomarso,ET6jTFPs,Barranquilla,O8ANu9JR,False,2,2,,,,,,"[18, 50]","[8, 12]",Betfair,2.8,1.91,4.0,Betano.br,2.57,2.32,3.55,Betfair,2.05,3.0,3.25,Betano.br,1.5,2.27,,0.0,0.0,,0.0,0.0,,0.0,0.0,Betano.br,2.32,1.52,,0.0,0.0,Betfair,1.06,7.5,Betfair,1.36,2.88,Betfair,2.2,1.6,Betfair,4.5,1.17,Betfair,9.0,1.03,Betfair,1.87,1.8,,0.0,0.0,,0.0,0.0,Betano.br,1.3,1.31,1.65,Betano.br,1.23,1.7,1.37,,0.0,0.0,0.0,Betano.br,1.53,2.18,Betano.br,1.62,2.12,Betano.br,1.62,2.22,Betfair,3.6,13.0,34.0,5.0,4.33,7.5,23.0,13.0,5.5,Betano.br,1.88,1.82,,0.0,0.0,,0.0,0.0,Betfair,6.5,Betfair,5.5,Betfair,8.0,Betfair,5.0,Betfair,8.0,Betfair,13.0,Betfair,7.5,Betfair,9.5,Betfair,12.0,Betfair,15.0,Betfair,31.0,Betfair,15.0,Betfair,26.0,Betfair,26.0,Betfair,36.0,,0,0,,0.0,0.0,,0.0,0.0,,0.0,0.0,Betano.br,1.98,1.75,,0.0,0.0,,0.0,0.0,,0.0,0.0,,0.0,0.0,,0,0,,0.0,0.0,0.0,,0.0,0.0,0.0,Betano.br,4.4,3.65,0.0,Betano.br,0.0,0.0,1.65,,0.0,0.0,0.0,,0.0,0.0,0.0,,,,,,,,,,,,,,,,,,,,,,,,,,,,,,,,,,,,,,,,,,,,,,,,,2.0,2.0,1.0,0.0,,,,,,,,,,,,,,,,,,,,,,,,,,,,,,,,,,,,,,,,,,,,,,,,,,,,,,,,,,,,,,,,,1.0,1.0,,,,,,,,,,,,,,,,,,,,,,,,,,,,,,,,,,,,,,,,,,,,,,,,,,,,,,,,,,,,,,,,,,,1.0,1.0,1.0,0.0,,,,,,,,,,,,,,,,,Primera B,4dzRa7y9
IL8MWCQo,COLOMBIA,2024,COLOMBIA 2,COLOMBIA 2,24/03/2024,20:30,Round 9,Llaneros,KzwFLhIU,Real Cundinamarca,ze01M68P,False,3,3,,,,,,[],[],,0.0,0.0,0.0,,0.0,0.0,0.0,,0.0,0.0,0.0,,0.0,0.0,,0.0,0.0,,0.0,0.0,,0.0,0.0,,0.0,0.0,,0.0,0.0,,0.0,0.0,,0.0,0.0,,0.0,0.0,,0.0,0.0,,0.0,0.0,,0.0,0.0,,0.0,0.0,,0.0,0.0,,0.0,0.0,0.0,,0.0,0.0,0.0,,0.0,0.0,0.0,,0.0,0.0,,0.0,0.0,,0.0,0.0,,0.0,0.0,0.0,0.0,0.0,0.0,0.0,0.0,0.0,,0.0,0.0,,0.0,0.0,,0.0,0.0,,0.0,,0.0,,0.0,,0.0,,0.0,,0.0,,0.0,,0.0,,0.0,,0.0,,0.0,,0.0,,0.0,,0.0,,0.0,,0,0,,0.0,0.0,,0.0,0.0,,0.0,0.0,,0.0,0.0,,0.0,0.0,,0.0,0.0,,0.0,0.0,,0.0,0.0,,0,0,,0.0,0.0,0.0,,0.0,0.0,0.0,,0.0,0.0,0.0,,0.0,0.0,0.0,,0.0,0.0,0.0,,0.0,0.0,0.0,,,,,,,,,,,,,,,,,,,,,,,,,,,,,,,,,,,,,,,,,,,,,,,,,,,,,,,,,,,,,,,,,,,,,,,,,,,,,,,,,,,,,,,,,,,,,,,,,,,,,,,,,,,,,,,,,,,,,,,,,,,,,,,,,,,,,,,,,,,,,,,,,,,,,,,,,,,,,,,,,,,,,,,,,,,,,,,,,,,,,,,,,,,,,,,,,,,,,,,,,,,,,Primera B,4dzRa7y9
AHv0xfKL,COLOMBIA,2024,COLOMBIA 2,COLOMBIA 2,19/04/2024,21:00,Round 12,Inter Palmira,8tIHbqDh,U. Magdalena,tpLItk4L,False,0,2,,,,,,[],"[5, 19, 64]",Betfair,3.0,2.0,3.6,Betano.br,2.57,2.35,3.45,Betfair,2.3,3.25,2.8,Novibet,1.45,2.62,Novibet,3.0,1.33,Novibet,8.5,1.07,Novibet,1.3,3.5,Novibet,2.25,1.57,Novibet,5.0,1.15,Betfair,1.05,8.0,Betfair,1.33,3.0,Betfair,2.1,1.65,Betfair,4.0,1.2,Betfair,8.0,1.05,Betfair,1.85,1.85,Novibet,4.65,1.16,Novibet,3.4,1.28,Betano.br,1.29,1.32,1.65,Betano.br,1.22,1.7,1.39,Novibet,1.3,1.56,1.4,Betano.br,1.52,2.2,Betano.br,1.57,2.2,Betano.br,1.62,2.2,Betfair,3.75,13.0,26.0,5.5,4.5,7.0,23.0,13.0,5.0,Novibet,1.9,1.83,Novibet,2.1,1.67,Novibet,1.99,1.72,Betfair,7.0,Betfair,6.0,Betfair,7.5,Betfair,5.0,Betfair,9.0,Betfair,12.0,Betfair,7.5,Betfair,8.5,Betfair,11.0,Betfair,19.0,Betfair,26.0,Betfair,15.0,Betfair,21.0,Betfair,26.0,Betfair,31.0,,0,0,,0.0,0.0,,0.0,0.0,,0.0,0.0,,0.0,0.0,,0.0,0.0,,0.0,0.0,,0.0,0.0,,0.0,0.0,,0,0,,0.0,0.0,0.0,Novibet,12.0,6.6,16.5,Novibet,5.05,3.9,6.7,Novibet,1.37,4.3,1.52,Novibet,1.08,7.7,1.14,,0.0,0.0,0.0,,,,,,,,,,,,,,,,,,,,,,,,,,,,,,,,,,,,,,,,,,,,,,,,,3.0,2.0,,,,,,,,,,,,,,,,,,,,,,,,,,,,,,,,,,,,,,,,,,,,,,,,,,,,,,,,,,,,,,,,,,,2.0,2.0,,,,,,,,,,,,,,,,,,,,,,,,,,,,,,,,,,,,,,,,,,,,,,,,,,,,,,,,,,,,,,,,,,,1.0,0.0,,,,,,,,,,,,,,,,,,,Primera B,4dzRa7y9
vFLfIDBh,COLOMBIA,2024,COLOMBIA 2,COLOMBIA 2,20/03/2024,00:30,Round 8,Quindio,zms5B2Zr,Cartagena,6eofBSjQ,False,1,0,,,,,,[],[],,0.0,0.0,0.0,,0.0,0.0,0.0,,0.0,0.0,0.0,,0.0,0.0,,0.0,0.0,,0.0,0.0,,0.0,0.0,,0.0,0.0,,0.0,0.0,,0.0,0.0,,0.0,0.0,,0.0,0.0,,0.0,0.0,,0.0,0.0,,0.0,0.0,,0.0,0.0,,0.0,0.0,,0.0,0.0,0.0,,0.0,0.0,0.0,,0.0,0.0,0.0,,0.0,0.0,,0.0,0.0,,0.0,0.0,,0.0,0.0,0.0,0.0,0.0,0.0,0.0,0.0,0.0,,0.0,0.0,,0.0,0.0,,0.0,0.0,,0.0,,0.0,,0.0,,0.0,,0.0,,0.0,,0.0,,0.0,,0.0,,0.0,,0.0,,0.0,,0.0,,0.0,,0.0,,0,0,,0.0,0.0,,0.0,0.0,,0.0,0.0,,0.0,0.0,,0.0,0.0,,0.0,0.0,,0.0,0.0,,0.0,0.0,,0,0,,0.0,0.0,0.0,,0.0,0.0,0.0,,0.0,0.0,0.0,,0.0,0.0,0.0,,0.0,0.0,0.0,,0.0,0.0,0.0,,,,,,,,,,,,,,,,,,,,,,,,,,,,,,,,,,,,,,,,,,,,,,,,,,,,,,,,,,,,,,,,,,,,,,,,,,,,,,,,,,,,,,,,,,,,,,,,,,,,,,,,,,,,,,,,,,,,,,,,,,,,,,,,,,,,,,,,,,,,,,,,,,,,,,,,,,,,,,,,,,,,,,,,,,,,,,,,,,,,,,,,,,,,,,,,,,,,,,,,,,,,,Primera B,4dzRa7y9
z1wGaNHn,COLOMBIA,2024,COLOMBIA 2,COLOMBIA 2,12/05/2024,20:00,Round 16,Leones,IZmBcNVO,Quindio,zms5B2Zr,False,2,2,,,,,,"[78, 85]","[60, 90]",Betfair,7.5,2.6,1.67,Betano.br,5.6,2.92,1.72,Betfair,9.0,5.5,1.18,Sportingbet.br,1.3,3.2,Sportingbet.br,2.37,1.5,,0.0,0.0,Sportingbet.br,1.21,4.0,Sportingbet.br,1.98,1.71,,0.0,0.0,Betfair,1.01,17.0,Betfair,1.13,5.2,Betfair,1.5,2.4,Betfair,2.4,1.5,Betfair,4.5,1.17,Betfair,1.87,1.8,,0.0,0.0,,0.0,0.0,Betano.br,2.8,1.17,1.11,Betano.br,1.7,1.47,1.13,Sportingbet.br,1.93,1.4,1.12,Betano.br,4.2,1.15,Betano.br,3.55,1.25,Betano.br,3.85,1.24,Betfair,15.0,21.0,15.0,17.0,8.5,3.75,67.0,17.0,1.83,Betano.br,1.83,1.82,,0.0,0.0,,0.0,0.0,Betfair,15.0,Betfair,23.0,Betfair,6.5,Betfair,9.0,Betfair,51.0,Betfair,5.5,Betfair,23.0,Betfair,6.5,Betfair,15.0,Betfair,151.0,Betfair,7.0,Betfair,81.0,Betfair,8.0,Betfair,67.0,Betfair,18.0,,0,0,,0.0,0.0,,0.0,0.0,,0.0,0.0,,0.0,0.0,,0.0,0.0,Betano.br,1.83,1.78,Betano.br,1.87,1.75,,0.0,0.0,,0,0,Novibet,0.0,0.0,5.8,,0.0,0.0,0.0,,0.0,0.0,0.0,,0.0,0.0,0.0,,0.0,0.0,0.0,Novibet,1.31,5.35,0.0,,,,,,,,,,,,,,,,,,,,,,,,,,,,,,,,,,,,,,,,,,,,,,,,,3.0,5.0,0.0,1.0,,,,,,,,,,,,,,,,,,,,,,,,,,,,,,,,,,,,,,,,,,,,,,,,,,,,,,,,,,,,,,,,,,,,,,,,,,,,,,,,,,,,,,,,,,,,,,,,,,,,,,,,,,,,,,,,,,,,,,,,,,,,,,,,,,,,,3.0,5.0,0.0,1.0,,,,,,,,,,,,,,,,,Primera B,4dzRa7y9
MHuSdL15,COLOMBIA,2024,COLOMBIA 2,COLOMBIA 2,12/05/2024,20:00,Round 16,Real Santander,nPIUdlJE,Inter Palmira,8tIHbqDh,False,0,2,,,,,,[],"[28, 75]",Betfair,7.5,2.7,1.62,Sportingbet.br,7.0,2.8,1.62,Betfair,10.0,5.5,1.17,Sportingbet.br,1.34,3.0,Sportingbet.br,2.5,1.46,,0.0,0.0,Sportingbet.br,1.21,3.9,Sportingbet.br,2.0,1.7,,0.0,0.0,Betfair,1.0,17.0,Betfair,1.11,5.5,Betfair,1.44,2.6,Betfair,2.2,1.6,Betfair,3.8,1.22,Betfair,1.87,1.8,,0.0,0.0,Sportingbet.br,4.1,1.2,Betano.br,3.8,1.12,1.06,Betano.br,1.55,1.53,1.17,Sportingbet.br,2.15,1.38,1.09,Betano.br,5.5,1.08,Betano.br,2.95,1.35,Betano.br,3.1,1.34,Betfair,15.0,21.0,15.0,18.0,9.5,4.0,67.0,17.0,1.73,Betano.br,1.83,1.8,,0.0,0.0,,0.0,0.0,Betfair,18.0,Betfair,26.0,Betfair,7.0,Betfair,9.5,Betfair,56.0,Betfair,6.0,Betfair,23.0,Betfair,6.5,Betfair,15.0,Betfair,151.0,Betfair,7.0,Betfair,71.0,Betfair,7.5,Betfair,61.0,Betfair,17.0,,0,0,,0.0,0.0,,0.0,0.0,,0.0,0.0,,0.0,0.0,,0.0,0.0,Betano.br,1.7,1.91,Betano.br,1.85,1.75,Betano.br,1.8,1.8,,0,0,,0.0,0.0,0.0,,0.0,0.0,0.0,,0.0,0.0,0.0,,0.0,0.0,0.0,,0.0,0.0,0.0,,0.0,0.0,0.0,,,,,,,,,,,,,,,,,,,,,,,,,,,,,,,,,,,,,,,,,,,,,,,,,1.0,4.0,0.0,1.0,,,,,,,,,,,,,,,,,,,,,,,,,,,,,,,,,,,,,,,,,,,,,,,,,,,,,,,,,,,,,,,,,0.0,1.0,,,,,,,,,,,,,,,,,,,,,,,,,,,,,,,,,,,,,,,,,,,,,,,,,,,,,,,,,,,,,,,,,,,1.0,3.0,0.0,1.0,,,,,,,,,,,,,,,,,Primera B,4dzRa7y9
GIoivGk9,COLOMBIA,2024,COLOMBIA 2,COLOMBIA 2,20/04/2024,20:30,Round 12,Huila,xCqdiIm1,Barranquilla,O8ANu9JR,False,2,0,,,,,,"[6, 76]",[],Betfair,2.0,2.2,6.0,Betano.br,1.87,2.65,5.4,Betfair,1.44,4.2,5.0,Novibet,1.42,2.8,Novibet,2.88,1.4,Novibet,7.5,1.08,Novibet,1.25,3.75,Novibet,2.1,1.62,Novibet,4.5,1.18,Betfair,1.02,10.0,Betfair,1.25,3.6,Betfair,1.85,1.85,Betfair,3.3,1.29,Betfair,7.0,1.07,Betfair,1.95,1.73,Novibet,4.9,1.15,Novibet,3.6,1.26,Betano.br,1.14,1.21,2.42,Betano.br,1.14,1.55,1.65,Novibet,1.18,1.45,1.73,Betano.br,1.19,3.65,Betano.br,1.28,3.25,Betano.br,1.27,3.55,Betfair,2.3,14.0,56.0,4.0,5.5,12.0,20.0,15.0,10.0,Betano.br,1.87,1.85,Novibet,2.06,1.7,Novibet,1.93,1.77,Betfair,9.0,Betfair,5.0,Betfair,13.0,Betfair,6.5,Betfair,5.5,Betfair,26.0,Betfair,6.5,Betfair,15.0,Betfair,14.0,Betfair,9.0,Betfair,81.0,Betfair,10.0,Betfair,46.0,Betfair,21.0,Betfair,61.0,,0,0,,0.0,0.0,,0.0,0.0,Betano.br,1.87,1.83,,0.0,0.0,,0.0,0.0,,0.0,0.0,,0.0,0.0,,0.0,0.0,,0,0,Novibet,11.75,7.2,0.0,Novibet,5.35,4.5,0.0,Novibet,2.65,3.5,12.75,Novibet,1.15,6.0,2.25,Novibet,0.0,0.0,1.42,Novibet,0.0,0.0,1.12,,,,,,,,,,,,,,,,,,,,,,,,,,,,,,,,,,,,,,,,,,,,,,,,,,,,,,,,,,,,,,,,,,,,,,,,,,,,,,,,,,,,,,,,,,,,,,,,,,,,,,,,,,,,,,,,,,,,,,,,,,,,,,,,,,,,,,,,,,,,,,,,,,,,,,,,,,,,,,,,,,,,,,,,,,,,,,,,,,,,,,,,,,,,,,,,,,,,,,,,,,,,,Primera B,4dzRa7y9
6NrmMMCQ,COLOMBIA,2024,COLOMBIA 2,COLOMBIA 2,13/03/2024,00:05,Round 7,Huila,xCqdiIm1,Cucuta,zs0leK3r,False,2,1,,,,,,[],[],,0.0,0.0,0.0,,0.0,0.0,0.0,,0.0,0.0,0.0,,0.0,0.0,,0.0,0.0,,0.0,0.0,,0.0,0.0,,0.0,0.0,,0.0,0.0,,0.0,0.0,,0.0,0.0,,0.0,0.0,,0.0,0.0,,0.0,0.0,,0.0,0.0,,0.0,0.0,,0.0,0.0,,0.0,0.0,0.0,,0.0,0.0,0.0,,0.0,0.0,0.0,,0.0,0.0,,0.0,0.0,,0.0,0.0,,0.0,0.0,0.0,0.0,0.0,0.0,0.0,0.0,0.0,,0.0,0.0,,0.0,0.0,,0.0,0.0,,0.0,,0.0,,0.0,,0.0,,0.0,,0.0,,0.0,,0.0,,0.0,,0.0,,0.0,,0.0,,0.0,,0.0,,0.0,,0,0,,0.0,0.0,,0.0,0.0,,0.0,0.0,,0.0,0.0,,0.0,0.0,,0.0,0.0,,0.0,0.0,,0.0,0.0,,0,0,,0.0,0.0,0.0,,0.0,0.0,0.0,,0.0,0.0,0.0,,0.0,0.0,0.0,,0.0,0.0,0.0,,0.0,0.0,0.0,,,,,,,,,,,,,,,,,,,,,,,,,,,,,,,,,,,,,,,,,,,,,,,,,,,,,,,,,,,,,,,,,,,,,,,,,,,,,,,,,,,,,,,,,,,,,,,,,,,,,,,,,,,,,,,,,,,,,,,,,,,,,,,,,,,,,,,,,,,,,,,,,,,,,,,,,,,,,,,,,,,,,,,,,,,,,,,,,,,,,,,,,,,,,,,,,,,,,,,,,,,,,Primera B,4dzRa7y9
8WUEHtLs,COLOMBIA,2024,COLOMBIA 2,COLOMBIA 2,11/03/2024,20:30,Round 7,Llaneros,KzwFLhIU,Barranquilla,O8ANu9JR,False,2,1,,,,,,[],[],,0.0,0.0,0.0,,0.0,0.0,0.0,,0.0,0.0,0.0,,0.0,0.0,,0.0,0.0,,0.0,0.0,,0.0,0.0,,0.0,0.0,,0.0,0.0,,0.0,0.0,,0.0,0.0,,0.0,0.0,,0.0,0.0,,0.0,0.0,,0.0,0.0,,0.0,0.0,,0.0,0.0,,0.0,0.0,0.0,,0.0,0.0,0.0,,0.0,0.0,0.0,,0.0,0.0,,0.0,0.0,,0.0,0.0,,0.0,0.0,0.0,0.0,0.0,0.0,0.0,0.0,0.0,,0.0,0.0,,0.0,0.0,,0.0,0.0,,0.0,,0.0,,0.0,,0.0,,0.0,,0.0,,0.0,,0.0,,0.0,,0.0,,0.0,,0.0,,0.0,,0.0,,0.0,,0,0,,0.0,0.0,,0.0,0.0,,0.0,0.0,,0.0,0.0,,0.0,0.0,,0.0,0.0,,0.0,0.0,,0.0,0.0,,0,0,,0.0,0.0,0.0,,0.0,0.0,0.0,,0.0,0.0,0.0,,0.0,0.0,0.0,,0.0,0.0,0.0,,0.0,0.0,0.0,,,,,,,,,,,,,,,,,,,,,,,,,,,,,,,,,,,,,,,,,,,,,,,,,,,,,,,,,,,,,,,,,,,,,,,,,,,,,,,,,,,,,,,,,,,,,,,,,,,,,,,,,,,,,,,,,,,,,,,,,,,,,,,,,,,,,,,,,,,,,,,,,,,,,,,,,,,,,,,,,,,,,,,,,,,,,,,,,,,,,,,,,,,,,,,,,,,,,,,,,,,,,Primera B,4dzRa7y9
Q7PJG0zl,COLOMBIA,2024,COLOMBIA 2,COLOMBIA 2,10/03/2024,20:30,Round 7,Inter Palmira,8tIHbqDh,Tigres,EcJJz8BQ,False,0,0,,,,,,[],[],,0.0,0.0,0.0,,0.0,0.0,0.0,,0.0,0.0,0.0,,0.0,0.0,,0.0,0.0,,0.0,0.0,,0.0,0.0,,0.0,0.0,,0.0,0.0,,0.0,0.0,,0.0,0.0,,0.0,0.0,,0.0,0.0,,0.0,0.0,,0.0,0.0,,0.0,0.0,,0.0,0.0,,0.0,0.0,0.0,,0.0,0.0,0.0,,0.0,0.0,0.0,,0.0,0.0,,0.0,0.0,,0.0,0.0,,0.0,0.0,0.0,0.0,0.0,0.0,0.0,0.0,0.0,,0.0,0.0,,0.0,0.0,,0.0,0.0,,0.0,,0.0,,0.0,,0.0,,0.0,,0.0,,0.0,,0.0,,0.0,,0.0,,0.0,,0.0,,0.0,,0.0,,0.0,,0,0,,0.0,0.0,,0.0,0.0,,0.0,0.0,,0.0,0.0,,0.0,0.0,,0.0,0.0,,0.0,0.0,,0.0,0.0,,0,0,,0.0,0.0,0.0,,0.0,0.0,0.0,,0.0,0.0,0.0,,0.0,0.0,0.0,,0.0,0.0,0.0,,0.0,0.0,0.0,,,,,,,,,,,,,,,,,,,,,,,,,,,,,,,,,,,,,,,,,,,,,,,,,,,,,,,,,,,,,,,,,,,,,,,,,,,,,,,,,,,,,,,,,,,,,,,,,,,,,,,,,,,,,,,,,,,,,,,,,,,,,,,,,,,,,,,,,,,,,,,,,,,,,,,,,,,,,,,,,,,,,,,,,,,,,,,,,,,,,,,,,,,,,,,,,,,,,,,,,,,,,Primera B,4dzRa7y9
l8ex4Njr,COLOMBIA,2024,COLOMBIA 2,COLOMBIA 2,04/03/2024,21:00,Round 6,Cucuta,zs0leK3r,U. Magdalena,tpLItk4L,False,1,1,,,,,,[],[],,0.0,0.0,0.0,,0.0,0.0,0.0,,0.0,0.0,0.0,,0.0,0.0,,0.0,0.0,,0.0,0.0,,0.0,0.0,,0.0,0.0,,0.0,0.0,,0.0,0.0,,0.0,0.0,,0.0,0.0,,0.0,0.0,,0.0,0.0,,0.0,0.0,,0.0,0.0,,0.0,0.0,,0.0,0.0,0.0,,0.0,0.0,0.0,,0.0,0.0,0.0,,0.0,0.0,,0.0,0.0,,0.0,0.0,,0.0,0.0,0.0,0.0,0.0,0.0,0.0,0.0,0.0,,0.0,0.0,,0.0,0.0,,0.0,0.0,,0.0,,0.0,,0.0,,0.0,,0.0,,0.0,,0.0,,0.0,,0.0,,0.0,,0.0,,0.0,,0.0,,0.0,,0.0,,0,0,,0.0,0.0,,0.0,0.0,,0.0,0.0,,0.0,0.0,,0.0,0.0,,0.0,0.0,,0.0,0.0,,0.0,0.0,,0,0,,0.0,0.0,0.0,,0.0,0.0,0.0,,0.0,0.0,0.0,,0.0,0.0,0.0,,0.0,0.0,0.0,,0.0,0.0,0.0,,,,,,,,,,,,,,,,,,,,,,,,,,,,,,,,,,,,,,,,,,,,,,,,,,,,,,,,,,,,,,,,,,,,,,,,,,,,,,,,,,,,,,,,,,,,,,,,,,,,,,,,,,,,,,,,,,,,,,,,,,,,,,,,,,,,,,,,,,,,,,,,,,,,,,,,,,,,,,,,,,,,,,,,,,,,,,,,,,,,,,,,,,,,,,,,,,,,,,,,,,,,,Primera B,4dzRa7y9
CMxOvSOM,COLOMBIA,2024,COLOMBIA 2,COLOMBIA 2,14/04/2024,21:00,Round 11,Cucuta,zs0leK3r,Leones,IZmBcNVO,False,1,1,,,,,,[10],[6],Betfair,1.91,2.4,6.0,Betano.br,1.78,2.8,5.5,Betfair,1.36,4.1,6.5,Novibet,1.36,3.0,Novibet,2.62,1.45,Novibet,7.0,1.11,Novibet,1.22,4.0,Novibet,2.0,1.73,Novibet,4.33,1.22,Betfair,1.01,11.0,Betfair,1.17,4.5,Betfair,1.65,2.1,Betfair,2.88,1.36,Betfair,5.5,1.11,Betfair,1.8,1.87,Novibet,4.7,1.16,Novibet,3.5,1.27,Betano.br,1.12,1.19,2.57,Novibet,1.13,1.53,1.73,Novibet,1.15,1.42,1.83,Novibet,1.17,4.35,Novibet,1.26,3.6,Betano.br,1.25,3.75,Betfair,2.2,13.0,51.0,4.2,6.0,13.0,18.0,15.0,11.0,Betano.br,1.87,1.85,Novibet,2.03,1.72,Novibet,1.93,1.77,Betfair,11.0,Betfair,6.0,Betfair,15.0,Betfair,7.0,Betfair,6.0,Betfair,34.0,Betfair,6.0,Betfair,15.0,Betfair,13.0,Betfair,8.0,Betfair,91.0,Betfair,9.0,Betfair,51.0,Betfair,18.0,Betfair,51.0,,0,0,,0.0,0.0,,0.0,0.0,Novibet,1.77,1.97,,0.0,0.0,,0.0,0.0,,0.0,0.0,,0.0,0.0,,0.0,0.0,,0,0,Novibet,9.0,6.5,0.0,Novibet,4.3,4.3,0.0,Novibet,2.3,3.55,15.75,Novibet,1.11,6.8,2.55,Novibet,0.0,0.0,1.54,Novibet,0.0,0.0,1.18,,,,,,,,,,,,,,,,,,,,,,,,,,,,,,,,,,,,,,,,,,,,,,,,,3.0,4.0,,,,,,,,,,,,,,,,,,,,,,,,,,,,,,,,,,,,,,,,,,,,,,,,,,,,,,,,,,,,,,,,,,,1.0,1.0,,,,,,,,,,,,,,,,,,,,,,,,,,,,,,,,,,,,,,,,,,,,,,,,,,,,,,,,,,,,,,,,,,,2.0,3.0,,,,,,,,,,,,,,,,,,,Primera B,4dzRa7y9
jmn3qjAi,COLOMBIA,2024,COLOMBIA 2,COLOMBIA 2,04/04/2024,23:00,Round 10,Real Cundinamarca,ze01M68P,U. Magdalena,tpLItk4L,False,1,2,,,,,,"[86, 90]","[18, 45]",Betfair,2.5,2.1,3.75,Novibet,2.2,2.45,3.8,Betfair,1.95,3.25,3.6,Novibet,1.37,2.9,Novibet,2.7,1.43,Novibet,6.2,1.09,Novibet,1.23,3.85,Novibet,2.04,1.72,Novibet,4.15,1.2,Betfair,1.02,10.0,Betfair,1.22,3.8,Betfair,1.8,1.91,Betfair,3.2,1.3,Betfair,6.5,1.08,Betfair,1.65,2.1,Novibet,4.3,1.19,Novibet,3.15,1.32,Betano.br,1.24,1.28,1.82,Betano.br,1.21,1.6,1.47,Novibet,1.25,1.47,1.57,Novibet,1.39,2.75,Novibet,1.47,2.55,Novibet,1.48,2.5,Betfair,3.2,12.0,26.0,5.0,5.0,8.0,19.0,13.0,6.0,Betano.br,1.88,1.82,Novibet,2.05,1.71,Novibet,1.94,1.76,Betfair,9.5,Betfair,6.5,Betfair,9.5,Betfair,5.5,Betfair,8.0,Betfair,15.0,Betfair,6.5,Betfair,9.5,Betfair,10.0,Betfair,14.0,Betfair,36.0,Betfair,12.0,Betfair,21.0,Betfair,19.0,Betfair,26.0,,0,0,,0.0,0.0,,0.0,0.0,,0.0,0.0,Betano.br,1.9,1.82,,0.0,0.0,,0.0,0.0,,0.0,0.0,,0.0,0.0,,0,0,,0.0,0.0,0.0,Novibet,6.8,5.3,22.0,Novibet,3.3,3.7,9.0,Novibet,1.23,5.25,1.87,Novibet,1.04,9.1,1.29,,0.0,0.0,0.0,,,,,,,,,,,,,,,,,,,,,,,,,,,,,,,,,,,,,,,,,,,,,,,,,4.0,6.0,1.0,0.0,,,,,,,,,,,,,,,,,,,,,,,,,,,,,,,,,,,,,,,,,,,,,,,,,,,,,,,,,,,,,,,,,1.0,1.0,,,,,,,,,,,,,,,,,,,,,,,,,,,,,,,,,,,,,,,,,,,,,,,,,,,,,,,,,,,,,,,,,,,3.0,5.0,1.0,0.0,,,,,,,,,,,,,,,,,Primera B,4dzRa7y9
I12h0uj7,COLOMBIA,2024,COLOMBIA 2,COLOMBIA 2,03/03/2024,20:30,Round 6,Atletico F.C.,jD7zZpR7,Huila,xCqdiIm1,False,0,3,,,,,,[],[],,0.0,0.0,0.0,,0.0,0.0,0.0,,0.0,0.0,0.0,,0.0,0.0,,0.0,0.0,,0.0,0.0,,0.0,0.0,,0.0,0.0,,0.0,0.0,,0.0,0.0,,0.0,0.0,,0.0,0.0,,0.0,0.0,,0.0,0.0,,0.0,0.0,,0.0,0.0,,0.0,0.0,,0.0,0.0,0.0,,0.0,0.0,0.0,,0.0,0.0,0.0,,0.0,0.0,,0.0,0.0,,0.0,0.0,,0.0,0.0,0.0,0.0,0.0,0.0,0.0,0.0,0.0,,0.0,0.0,,0.0,0.0,,0.0,0.0,,0.0,,0.0,,0.0,,0.0,,0.0,,0.0,,0.0,,0.0,,0.0,,0.0,,0.0,,0.0,,0.0,,0.0,,0.0,,0,0,,0.0,0.0,,0.0,0.0,,0.0,0.0,,0.0,0.0,,0.0,0.0,,0.0,0.0,,0.0,0.0,,0.0,0.0,,0,0,,0.0,0.0,0.0,,0.0,0.0,0.0,,0.0,0.0,0.0,,0.0,0.0,0.0,,0.0,0.0,0.0,,0.0,0.0,0.0,,,,,,,,,,,,,,,,,,,,,,,,,,,,,,,,,,,,,,,,,,,,,,,,,,,,,,,,,,,,,,,,,,,,,,,,,,,,,,,,,,,,,,,,,,,,,,,,,,,,,,,,,,,,,,,,,,,,,,,,,,,,,,,,,,,,,,,,,,,,,,,,,,,,,,,,,,,,,,,,,,,,,,,,,,,,,,,,,,,,,,,,,,,,,,,,,,,,,,,,,,,,,Primera B,4dzRa7y9
OQmk1Lz1,COLOMBIA,2024,COLOMBIA 2,COLOMBIA 2,03/03/2024,20:30,Round 6,Cartagena,6eofBSjQ,Boca Juniors,6yoKBtoR,False,2,0,,,,,,[],[],,0.0,0.0,0.0,,0.0,0.0,0.0,,0.0,0.0,0.0,,0.0,0.0,,0.0,0.0,,0.0,0.0,,0.0,0.0,,0.0,0.0,,0.0,0.0,,0.0,0.0,,0.0,0.0,,0.0,0.0,,0.0,0.0,,0.0,0.0,,0.0,0.0,,0.0,0.0,,0.0,0.0,,0.0,0.0,0.0,,0.0,0.0,0.0,,0.0,0.0,0.0,,0.0,0.0,,0.0,0.0,,0.0,0.0,,0.0,0.0,0.0,0.0,0.0,0.0,0.0,0.0,0.0,,0.0,0.0,,0.0,0.0,,0.0,0.0,,0.0,,0.0,,0.0,,0.0,,0.0,,0.0,,0.0,,0.0,,0.0,,0.0,,0.0,,0.0,,0.0,,0.0,,0.0,,0,0,,0.0,0.0,,0.0,0.0,,0.0,0.0,,0.0,0.0,,0.0,0.0,,0.0,0.0,,0.0,0.0,,0.0,0.0,,0,0,,0.0,0.0,0.0,,0.0,0.0,0.0,,0.0,0.0,0.0,,0.0,0.0,0.0,,0.0,0.0,0.0,,0.0,0.0,0.0,,,,,,,,,,,,,,,,,,,,,,,,,,,,,,,,,,,,,,,,,,,,,,,,,,,,,,,,,,,,,,,,,,,,,,,,,,,,,,,,,,,,,,,,,,,,,,,,,,,,,,,,,,,,,,,,,,,,,,,,,,,,,,,,,,,,,,,,,,,,,,,,,,,,,,,,,,,,,,,,,,,,,,,,,,,,,,,,,,,,,,,,,,,,,,,,,,,,,,,,,,,,,Primera B,4dzRa7y9
YVwKu89G,COLOMBIA,2024,COLOMBIA 2,COLOMBIA 2,14/04/2024,21:00,Round 11,Huila,xCqdiIm1,Real Santander,nPIUdlJE,False,1,0,,,,,,[75],[],Betfair,1.67,2.5,8.5,Novibet,1.64,2.6,7.8,Betfair,1.2,5.0,10.0,Novibet,1.33,3.2,Novibet,2.4,1.5,Novibet,6.0,1.13,Novibet,1.22,4.0,Novibet,2.0,1.73,Novibet,4.0,1.22,Betfair,1.01,13.0,Betfair,1.2,4.0,Betfair,1.65,2.1,Betfair,2.88,1.36,Betfair,5.5,1.11,Betfair,2.15,1.6,Novibet,4.95,1.15,Novibet,3.6,1.26,Betano.br,1.07,1.14,3.5,Novibet,1.06,1.45,2.0,Novibet,1.08,1.42,2.0,Novibet,1.07,6.7,Novibet,1.13,5.25,Betano.br,1.14,5.3,Betfair,1.83,17.0,81.0,3.75,7.5,19.0,20.0,21.0,15.0,Novibet,1.89,1.84,Novibet,2.03,1.72,Novibet,1.97,1.74,Betfair,12.0,Betfair,5.0,Betfair,21.0,Betfair,8.5,Betfair,5.0,Betfair,61.0,Betfair,7.0,Betfair,26.0,Betfair,19.0,Betfair,6.5,Betfair,201.0,Betfair,9.0,Betfair,101.0,Betfair,23.0,Betfair,91.0,,0,0,,0.0,0.0,Betano.br,1.8,1.91,,0.0,0.0,,0.0,0.0,,0.0,0.0,,0.0,0.0,,0.0,0.0,,0.0,0.0,,0,0,Novibet,5.9,5.7,0.0,Novibet,3.15,4.35,0.0,Novibet,1.92,3.6,32.0,Novibet,1.04,8.5,3.2,Betano.br,0.0,0.0,1.93,Novibet,0.0,0.0,1.3,,,,,,,,,,,,,,,,,,,,,,,,,,,,,,,,,,,,,,,,,,,,,,,,,0.0,1.0,,,,,,,,,,,,,,,,,,,,,,,,,,,,,,,,,,,,,,,,,,,,,,,,,,,,,,,,,,,,,,,,,,,,,,,,,,,,,,,,,,,,,,,,,,,,,,,,,,,,,,,,,,,,,,,,,,,,,,,,,,,,,,,,,,,,,,,0.0,1.0,,,,,,,,,,,,,,,,,,,Primera B,4dzRa7y9
pYw8DkQN,COLOMBIA,2024,COLOMBIA 2,COLOMBIA 2,25/03/2024,23:30,Round 9,Boca Juniors,6yoKBtoR,Atletico F.C.,jD7zZpR7,False,0,1,,,,,,[],[74],Betfair,2.4,1.91,5.5,Betano.br,2.18,2.35,4.7,Betfair,1.67,3.1,5.0,Novibet,1.51,2.45,Novibet,3.35,1.29,Novibet,8.2,1.05,Novibet,1.33,3.15,Novibet,2.5,1.49,Novibet,5.6,1.12,Betfair,1.07,7.0,Betfair,1.45,2.55,Betfair,2.55,1.45,Betfair,5.2,1.13,Betfair,11.0,1.01,Betfair,2.2,1.57,Novibet,5.45,1.12,Novibet,4.0,1.22,Betano.br,1.18,1.28,2.0,Novibet,1.18,1.71,1.46,Novibet,1.21,1.55,1.55,Betano.br,1.29,3.0,Betano.br,1.37,2.8,Betano.br,1.37,2.95,Betfair,2.8,13.0,56.0,4.33,4.33,10.0,23.0,14.0,9.0,Novibet,1.89,1.84,Novibet,2.15,1.65,Novibet,2.0,1.72,Betfair,5.5,Betfair,4.5,Betfair,9.0,Betfair,5.5,Betfair,6.0,Betfair,21.0,Betfair,7.0,Betfair,14.0,Betfair,17.0,Betfair,11.0,Betfair,71.0,Betfair,14.0,Betfair,51.0,Betfair,34.0,Betfair,71.0,,0,0,,0.0,0.0,,0.0,0.0,,0.0,0.0,Betano.br,1.75,1.95,,0.0,0.0,,0.0,0.0,,0.0,0.0,,0.0,0.0,,0,0,Novibet,18.5,8.8,0.0,Novibet,7.9,5.2,29.0,Novibet,3.5,3.45,11.25,Novibet,1.2,5.25,1.88,Novibet,1.03,9.4,1.26,Novibet,0.0,0.0,1.06,,,,,,,,,,,,,,,,,,,,,,,,,,,,,,,,,,,,,,,,,,,,,,,,,2.0,2.0,,,,,,,,,,,,,,,,,,,,,,,,,,,,,,,,,,,,,,,,,,,,,,,,,,,,,,,,,,,,,,,,,,,,,,,,,,,,,,,,,,,,,,,,,,,,,,,,,,,,,,,,,,,,,,,,,,,,,,,,,,,,,,,,,,,,,,,2.0,2.0,,,,,,,,,,,,,,,,,,,Primera B,4dzRa7y9
AeRVDbK6,COLOMBIA,2024,COLOMBIA 2,COLOMBIA 2,19/03/2024,01:05,Round 8,Leones,IZmBcNVO,Huila,xCqdiIm1,False,1,2,,,,,,[43],"[36, 83]",Betfair,3.4,2.1,3.0,Betano.br,3.45,2.47,2.47,Betfair,2.75,3.2,2.2,Novibet,1.4,2.8,Novibet,2.8,1.39,Novibet,6.6,1.08,Novibet,1.25,3.7,Novibet,2.1,1.67,Novibet,4.4,1.18,Betfair,1.03,9.0,Betfair,1.29,3.3,Betfair,1.95,1.75,Betfair,3.6,1.25,Betfair,7.5,1.06,Betfair,1.7,2.0,Novibet,4.3,1.19,Novibet,3.15,1.32,Betano.br,1.7,1.29,1.33,Betano.br,1.35,1.65,1.29,Novibet,1.43,1.51,1.33,Betano.br,2.25,1.5,Novibet,2.05,1.71,Betano.br,2.25,1.6,Betfair,4.5,13.0,23.0,6.5,4.5,6.0,26.0,13.0,4.0,Novibet,1.89,1.84,Novibet,2.07,1.7,Novibet,1.96,1.75,Betfair,8.0,Betfair,7.5,Betfair,7.0,Betfair,5.5,Betfair,11.0,Betfair,9.5,Betfair,8.5,Betfair,7.5,Betfair,10.0,Betfair,23.0,Betfair,20.0,Betfair,18.0,Betfair,15.0,Betfair,26.0,Betfair,23.0,,0,0,,0.0,0.0,,0.0,0.0,,0.0,0.0,,0.0,0.0,,0.0,0.0,,0.0,0.0,,0.0,0.0,,0.0,0.0,,0,0,,0.0,0.0,0.0,Novibet,15.25,7.6,10.25,Novibet,6.3,4.45,4.55,Novibet,1.57,3.95,1.37,Novibet,1.16,6.3,1.09,,0.0,0.0,0.0,,,,,,,,,,,,,,,,,,,,,,,,,,,,,,,,,,,,,,,,,,,,,,,,,1.0,3.0,,,,,,,,,,,,,,,,,,,,,,,,,,,,,,,,,,,,,,,,,,,,,,,,,,,,,,,,,,,,,,,,,,,1.0,2.0,,,,,,,,,,,,,,,,,,,,,,,,,,,,,,,,,,,,,,,,,,,,,,,,,,,,,,,,,,,,,,,,,,,0.0,1.0,,,,,,,,,,,,,,,,,,,Primera B,4dzRa7y9
QoCUUjeb,COLOMBIA,2024,COLOMBIA 2,COLOMBIA 2,26/03/2024,21:00,Round 9,Cartagena,6eofBSjQ,Barranquilla,O8ANu9JR,False,1,1,,,,,,[62],[25],Betfair,2.1,2.2,5.0,Betano.br,1.9,2.65,5.2,Betfair,1.53,3.6,5.5,Novibet,1.4,2.75,Novibet,2.85,1.39,Novibet,6.7,1.08,Novibet,1.25,3.65,Novibet,2.15,1.64,Novibet,4.55,1.17,Betfair,1.01,11.0,Betfair,1.2,4.0,Betfair,1.75,1.95,Betfair,3.0,1.33,Betfair,6.5,1.08,Betfair,1.75,1.95,Novibet,4.75,1.16,Novibet,3.5,1.27,Betano.br,1.14,1.22,2.35,Betano.br,1.14,1.57,1.65,Novibet,1.19,1.48,1.66,Novibet,1.23,3.75,Betano.br,1.29,3.15,Betano.br,1.29,3.4,Betfair,2.4,13.0,41.0,4.33,5.5,11.0,18.0,14.0,9.0,Novibet,1.88,1.84,Novibet,2.07,1.7,Novibet,1.96,1.75,Betfair,10.0,Betfair,6.0,Betfair,13.0,Betfair,6.0,Betfair,6.5,Betfair,23.0,Betfair,6.5,Betfair,13.0,Betfair,11.0,Betfair,9.5,Betfair,61.0,Betfair,10.0,Betfair,36.0,Betfair,19.0,Betfair,41.0,,0,0,,0.0,0.0,,0.0,0.0,Betano.br,1.93,1.78,Novibet,1.69,2.08,,0.0,0.0,,0.0,0.0,,0.0,0.0,,0.0,0.0,,0,0,Novibet,12.75,7.6,0.0,Novibet,5.3,4.65,0.0,Novibet,2.65,3.5,12.25,Novibet,1.16,5.8,2.25,Novibet,0.0,0.0,1.41,Novibet,0.0,0.0,1.11,,,,,,,,,,,,,,,,,,,,,,,,,,,,,,,,,,,,,,,,,,,,,,,,,4.0,3.0,0.0,1.0,,,,,,,,,,,,,,,,,,,,,,,,,,,,,,,,,,,,,,,,,,,,,,,,,,,,,,,,,,,,,,,,,1.0,1.0,,,,,,,,,,,,,,,,,,,,,,,,,,,,,,,,,,,,,,,,,,,,,,,,,,,,,,,,,,,,,,,,,,,3.0,2.0,0.0,1.0,,,,,,,,,,,,,,,,,Primera B,4dzRa7y9
pnJtSluH,COLOMBIA,2024,COLOMBIA 2,COLOMBIA 2,06/04/2024,20:30,Round 10,Real Santander,nPIUdlJE,Bogota,foERz7de,False,3,0,,,,,,"[4, 50, 87]",[],Betfair,2.88,2.0,3.75,Betano.br,2.67,2.4,3.25,Betfair,2.2,3.1,3.0,Novibet,1.42,2.7,Novibet,2.95,1.37,Novibet,7.0,1.07,Novibet,1.26,3.6,Novibet,2.2,1.62,Novibet,4.65,1.16,Betfair,1.03,9.0,Betfair,1.29,3.3,Betfair,2.0,1.73,Betfair,3.6,1.25,Betfair,7.5,1.06,Betfair,1.75,1.95,Novibet,4.55,1.17,Novibet,3.35,1.29,Betano.br,1.32,1.32,1.6,Novibet,1.28,1.65,1.37,Novibet,1.32,1.5,1.44,Novibet,1.64,2.1,Betano.br,1.62,2.1,Betano.br,1.7,2.07,Betfair,3.6,12.0,26.0,5.5,4.5,7.0,21.0,12.0,5.0,Betano.br,1.9,1.8,Novibet,2.08,1.69,Novibet,1.95,1.75,Betfair,7.5,Betfair,6.5,Betfair,8.0,Betfair,5.0,Betfair,9.0,Betfair,13.0,Betfair,7.5,Betfair,9.0,Betfair,10.0,Betfair,17.0,Betfair,31.0,Betfair,15.0,Betfair,21.0,Betfair,23.0,Betfair,26.0,,0,0,,0.0,0.0,,0.0,0.0,,0.0,0.0,Betano.br,1.95,1.75,,0.0,0.0,,0.0,0.0,,0.0,0.0,,0.0,0.0,,0,0,Novibet,16.5,8.6,0.0,Novibet,10.25,6.1,0.0,Novibet,4.45,3.9,6.4,Novibet,1.37,4.45,1.59,Novibet,0.0,0.0,1.17,Novibet,0.0,0.0,1.07,,,,,,,,,,,,,,,,,,,,,,,,,,,,,,,,,,,,,,,,,,,,,,,,,2.0,0.0,0.0,2.0,,,,,,,,,,,,,,,,,,,,,,,,,,,,,,,,,,,,,,,,,,,,,,,,,,,,,,,,,,,,,,,,,2.0,0.0,0.0,1.0,,,,,,,,,,,,,,,,,,,,,,,,,,,,,,,,,,,,,,,,,,,,,,,,,,,,,,,,,,,,,,,,,,,0.0,1.0,,,,,,,,,,,,,,,,,Primera B,4dzRa7y9
GGUw8Tmo,COLOMBIA,2024,COLOMBIA 2,COLOMBIA 2,24/03/2024,21:00,Round 9,Cucuta,zs0leK3r,Real Santander,nPIUdlJE,False,2,1,,,,,,"[3, 36]",[47],Betfair,1.67,2.4,8.5,Betano.br,1.55,3.1,7.8,Betfair,1.22,5.0,8.0,Betano.br,1.39,2.57,Betano.br,2.45,1.42,,0.0,0.0,,0.0,0.0,Betano.br,1.82,1.85,,0.0,0.0,Betfair,1.01,13.0,Betfair,1.17,4.5,Betfair,1.6,2.2,Betfair,2.75,1.4,Betfair,5.2,1.13,Betfair,1.91,1.83,,0.0,0.0,,0.0,0.0,Betano.br,1.07,1.14,3.55,Betano.br,1.09,1.47,1.93,,0.0,0.0,0.0,Novibet,1.07,6.6,Betano.br,1.16,4.35,Betano.br,1.13,5.3,Betfair,2.1,15.0,61.0,4.0,6.0,13.0,21.0,17.0,13.0,Novibet,1.86,1.86,,0.0,0.0,,0.0,0.0,Betfair,12.0,Betfair,5.5,Betfair,18.0,Betfair,7.5,Betfair,5.5,Betfair,41.0,Betfair,6.5,Betfair,20.0,Betfair,15.0,Betfair,7.5,Betfair,126.0,Betfair,9.0,Betfair,61.0,Betfair,19.0,Betfair,67.0,,0,0,,0.0,0.0,Betano.br,1.75,1.95,,0.0,0.0,,0.0,0.0,,0.0,0.0,,0.0,0.0,,0.0,0.0,,0.0,0.0,,0,0,Novibet,5.9,5.25,0.0,Betano.br,2.95,3.85,0.0,Novibet,1.77,3.7,0.0,Novibet,0.0,0.0,3.6,Betano.br,0.0,0.0,1.95,Novibet,0.0,0.0,1.33,,,,,,,,,,,,,,,,,,,,,,,,,,,,,,,,,,,,,,,,,,,,,,,,,,,0.0,1.0,,,,,,,,,,,,,,,,,,,,,,,,,,,,,,,,,,,,,,,,,,,,,,,,,,,,,,,,,,,,,,,,,,,0.0,1.0,,,,,,,,,,,,,,,,,,,,,,,,,,,,,,,,,,,,,,,,,,,,,,,,,,,,,,,,,,,,,,,,,,,,,,,,,,,,,,,,,,,,,Primera B,4dzRa7y9
6su4EVAH,COLOMBIA,2024,COLOMBIA 2,COLOMBIA 2,25/03/2024,23:00,Round 9,Orsomarso,ET6jTFPs,Inter Palmira,8tIHbqDh,False,4,2,,,,,,"[12, 23, 69, 71]","[53, 66]",Betfair,3.75,1.91,2.88,Betano.br,3.65,2.32,2.52,Betfair,3.25,3.0,2.15,Betano.br,1.5,2.27,,0.0,0.0,,0.0,0.0,,0.0,0.0,Betano.br,2.32,1.52,,0.0,0.0,Betfair,1.06,7.5,Betfair,1.36,2.88,Betfair,2.25,1.57,Betfair,4.5,1.17,Betfair,9.0,1.03,Betfair,1.91,1.8,,0.0,0.0,,0.0,0.0,Betano.br,1.7,1.3,1.32,Betano.br,1.39,1.7,1.22,,0.0,0.0,0.0,Betano.br,2.27,1.5,Betano.br,2.2,1.57,Betano.br,2.3,1.57,Betfair,5.5,13.0,23.0,7.5,4.33,5.0,34.0,13.0,3.75,Betano.br,1.88,1.83,,0.0,0.0,,0.0,0.0,Betfair,6.5,Betfair,7.5,Betfair,5.5,Betfair,5.0,Betfair,13.0,Betfair,8.5,Betfair,9.5,Betfair,7.5,Betfair,12.0,Betfair,34.0,Betfair,17.0,Betfair,23.0,Betfair,15.0,Betfair,36.0,Betfair,26.0,,0,0,,0.0,0.0,,0.0,0.0,,0.0,0.0,Betano.br,1.98,1.75,,0.0,0.0,,0.0,0.0,,0.0,0.0,,0.0,0.0,,0,0,,0.0,0.0,0.0,,0.0,0.0,0.0,Betano.br,5.4,3.95,4.15,Betano.br,1.7,3.6,1.5,,0.0,0.0,0.0,,0.0,0.0,0.0,,,,,,,,,,,,,,,,,,,,,,,,,,,,,,,,,,,,,,,,,,,,,,,,,7.0,3.0,1.0,0.0,,,,,,,,,,,,,,,,,,,,,,,,,,,,,,,,,,,,,,,,,,,,,,,,,,,,,,,,,,,,,,,,,3.0,3.0,,,,,,,,,,,,,,,,,,,,,,,,,,,,,,,,,,,,,,,,,,,,,,,,,,,,,,,,,,,,,,,,,,,4.0,0.0,1.0,0.0,,,,,,,,,,,,,,,,,Primera B,4dzRa7y9
hKGzDIZC,COLOMBIA,2024,COLOMBIA 2,COLOMBIA 2,18/03/2024,23:00,Round 8,Tigres,EcJJz8BQ,Llaneros,KzwFLhIU,False,1,1,,,,,,[90],[65],Betfair,4.2,1.8,3.25,Betano.br,3.65,2.1,2.87,Betfair,3.3,2.8,2.3,Novibet,1.66,2.15,Novibet,4.1,1.2,Novibet,10.25,1.02,Novibet,1.44,2.65,Novibet,3.0,1.35,Novibet,7.2,1.07,Betfair,1.11,5.5,Betfair,1.6,2.2,Betfair,3.0,1.33,Betfair,6.5,1.08,Betfair,13.0,1.02,Betfair,2.25,1.57,Novibet,6.3,1.09,Novibet,4.65,1.16,Betano.br,1.55,1.37,1.3,Novibet,1.3,1.86,1.23,Novibet,1.36,1.66,1.28,Novibet,2.07,1.67,Betano.br,2.07,1.65,Betano.br,2.15,1.65,Betfair,5.5,13.0,26.0,7.0,3.6,5.5,41.0,13.0,4.0,Betano.br,1.91,1.8,Novibet,2.25,1.59,Novibet,2.06,1.67,Betfair,4.5,Betfair,6.0,Betfair,5.0,Betfair,5.0,Betfair,11.0,Betfair,8.0,Betfair,11.0,Betfair,8.5,Betfair,17.0,Betfair,36.0,Betfair,21.0,Betfair,36.0,Betfair,21.0,Betfair,56.0,Betfair,41.0,,0,0,,0.0,0.0,,0.0,0.0,,0.0,0.0,,0.0,0.0,,0.0,0.0,,0.0,0.0,,0.0,0.0,,0.0,0.0,,0,0,,0.0,0.0,0.0,Novibet,22.0,7.9,15.5,Novibet,7.8,4.15,5.7,Novibet,1.5,3.7,1.34,Novibet,1.11,6.6,1.06,,0.0,0.0,0.0,,,,,,,,,,,,,,,,,,,,,,,,,,,,,,,,,,,,,,,,,,,,,,,,,3.0,4.0,1.0,0.0,,,,,,,,,,,,,,,,,,,,,,,,,,,,,,,,,,,,,,,,,,,,,,,,,,,,,,,,,,,,,,,,,2.0,1.0,,,,,,,,,,,,,,,,,,,,,,,,,,,,,,,,,,,,,,,,,,,,,,,,,,,,,,,,,,,,,,,,,,,1.0,3.0,1.0,0.0,,,,,,,,,,,,,,,,,Primera B,4dzRa7y9
C0qqN2cK,COLOMBIA,2024,COLOMBIA 2,COLOMBIA 2,11/03/2024,20:30,Round 7,Boca Juniors,6yoKBtoR,Leones,IZmBcNVO,False,1,0,,,,,,[67],[],Betfair,2.63,2.1,3.75,Betano.br,2.42,2.47,3.5,Betfair,2.0,3.25,3.2,Novibet,1.39,2.85,Novibet,2.7,1.42,Novibet,6.3,1.09,Novibet,1.24,3.75,Novibet,2.06,1.7,Novibet,4.25,1.19,Betfair,1.03,9.0,Betfair,1.25,3.6,Betfair,1.85,1.85,Betfair,3.2,1.3,Betfair,6.5,1.08,Betfair,1.67,2.05,Novibet,4.2,1.2,Novibet,3.05,1.34,Betano.br,1.27,1.3,1.72,Betano.br,1.21,1.65,1.44,Novibet,1.29,1.52,1.47,Betano.br,1.47,2.35,Betano.br,1.53,2.3,Betano.br,1.57,2.3,Betfair,3.3,12.0,26.0,5.0,5.0,7.5,19.0,13.0,5.5,Novibet,1.9,1.83,Novibet,2.07,1.7,Novibet,1.97,1.74,Betfair,8.5,Betfair,6.5,Betfair,9.0,Betfair,5.5,Betfair,8.5,Betfair,14.0,Betfair,7.0,Betfair,9.5,Betfair,10.0,Betfair,14.0,Betfair,34.0,Betfair,13.0,Betfair,21.0,Betfair,19.0,Betfair,26.0,,0,0,,0.0,0.0,,0.0,0.0,,0.0,0.0,,0.0,0.0,,0.0,0.0,,0.0,0.0,,0.0,0.0,,0.0,0.0,,0,0,,0.0,0.0,0.0,Novibet,9.0,6.1,18.0,Novibet,4.15,3.85,7.5,Novibet,1.3,4.7,1.64,Novibet,1.06,8.4,1.19,,0.0,0.0,0.0,,,,,,,,,,,,,,,,,,,,,,,,,,,,,,,,,,,,,,,,,,,,,,,,,4.0,2.0,,,,,,,,,,,,,,,,,,,,,,,,,,,,,,,,,,,,,,,,,,,,,,,,,,,,,,,,,,,,,,,,,,,2.0,0.0,,,,,,,,,,,,,,,,,,,,,,,,,,,,,,,,,,,,,,,,,,,,,,,,,,,,,,,,,,,,,,,,,,,2.0,2.0,,,,,,,,,,,,,,,,,,,Primera B,4dzRa7y9
KO72X4Yg,COLOMBIA,2024,COLOMBIA 2,COLOMBIA 2,02/05/2024,20:00,Round 14,Leones,IZmBcNVO,U. Magdalena,tpLItk4L,False,1,3,,,,,,[6],"[50, 71, 84]",Betfair,3.2,2.1,3.1,Betano.br,2.8,2.47,2.95,Betfair,2.55,3.1,2.55,Novibet,1.4,2.88,Novibet,2.8,1.42,Novibet,7.5,1.09,Novibet,1.25,3.75,Novibet,2.1,1.67,Novibet,4.5,1.2,Betfair,1.02,10.0,Betfair,1.22,3.8,Betfair,1.85,1.85,Betfair,3.2,1.3,Betfair,6.5,1.08,Betfair,1.6,2.2,Novibet,4.0,1.19,Novibet,2.95,1.33,Betano.br,1.45,1.3,1.52,Betano.br,1.3,1.62,1.34,Novibet,1.38,1.5,1.33,Novibet,1.9,1.8,Novibet,1.91,1.82,Betano.br,1.82,1.93,Betfair,4.33,12.0,23.0,6.0,5.0,6.0,21.0,12.0,4.33,Novibet,1.9,1.83,Novibet,2.07,1.7,Novibet,1.97,1.74,Betfair,9.0,Betfair,8.0,Betfair,7.5,Betfair,5.5,Betfair,11.0,Betfair,10.0,Betfair,8.0,Betfair,7.5,Betfair,10.0,Betfair,21.0,Betfair,23.0,Betfair,15.0,Betfair,15.0,Betfair,23.0,Betfair,21.0,,0,0,,0.0,0.0,,0.0,0.0,,0.0,0.0,,0.0,0.0,Betano.br,1.78,1.93,,0.0,0.0,,0.0,0.0,,0.0,0.0,,0,0,,0.0,0.0,0.0,Novibet,12.75,7.1,11.75,Novibet,5.6,4.2,5.2,Betano.br,1.5,4.05,1.52,Novibet,1.12,6.8,1.11,,0.0,0.0,0.0,,,,,,,,,,,,,,,,,,,,,,,,,,,,,,,,,,,,,,,,,,,,,,,,,1.0,2.0,,,,,,,,,,,,,,,,,,,,,,,,,,,,,,,,,,,,,,,,,,,,,,,,,,,,,,,,,,,,,,,,,,,,,,,,,,,,,,,,,,,,,,,,,,,,,,,,,,,,,,,,,,,,,,,,,,,,,,,,,,,,,,,,,,,,,,,1.0,2.0,,,,,,,,,,,,,,,,,,,Primera B,4dzRa7y9
IaXoKZtt,COLOMBIA,2024,COLOMBIA 2,COLOMBIA 2,15/03/2024,20:30,Round 8,Barranquilla,O8ANu9JR,Inter Palmira,8tIHbqDh,False,0,0,,,,,,[],[],Betfair,2.7,2.0,4.0,Betano.br,2.4,2.37,3.8,Betfair,2.0,3.1,3.3,Betano.br,1.47,2.32,,0.0,0.0,,0.0,0.0,,0.0,0.0,Betano.br,2.22,1.57,,0.0,0.0,Betfair,1.05,8.0,Betfair,1.33,3.0,Betfair,2.1,1.65,Betfair,4.0,1.2,Betfair,8.0,1.05,Betfair,1.83,1.83,,0.0,0.0,,0.0,0.0,Betano.br,1.25,1.3,1.75,Betano.br,1.2,1.7,1.42,,0.0,0.0,0.0,Betano.br,1.42,2.45,Betano.br,1.5,2.37,Betano.br,1.53,2.4,Betfair,3.4,13.0,34.0,5.0,4.5,8.0,21.0,13.0,6.0,Betano.br,1.88,1.82,,0.0,0.0,,0.0,0.0,Betfair,7.0,Betfair,5.5,Betfair,8.5,Betfair,5.0,Betfair,8.0,Betfair,14.0,Betfair,7.0,Betfair,10.0,Betfair,12.0,Betfair,15.0,Betfair,36.0,Betfair,14.0,Betfair,26.0,Betfair,23.0,Betfair,34.0,,0,0,,0.0,0.0,,0.0,0.0,,0.0,0.0,Betano.br,1.98,1.75,,0.0,0.0,,0.0,0.0,,0.0,0.0,,0.0,0.0,,0,0,,0.0,0.0,0.0,,0.0,0.0,0.0,Betano.br,3.85,3.55,0.0,Betano.br,0.0,0.0,1.75,,0.0,0.0,0.0,,0.0,0.0,0.0,,,,,,,,,,,,,,,,,,,,,,,,,,,,,,,,,,,,,,,,,,,,,,,,,1.0,1.0,,,,,,,,,,,,,,,,,,,,,,,,,,,,,,,,,,,,,,,,,,,,,,,,,,,,,,,,,,,,,,,,,,,,,,,,,,,,,,,,,,,,,,,,,,,,,,,,,,,,,,,,,,,,,,,,,,,,,,,,,,,,,,,,,,,,,,,1.0,1.0,,,,,,,,,,,,,,,,,,,Primera B,4dzRa7y9
WS8A83rR,COLOMBIA,2024,COLOMBIA 2,COLOMBIA 2,04/03/2024,23:05,Round 6,Barranquilla,O8ANu9JR,Real Santander,nPIUdlJE,False,1,0,,,,,,[56],[],Betfair,1.91,2.3,6.5,Betano.br,1.87,2.67,5.3,Betfair,1.36,4.1,7.0,Betano.br,1.4,2.52,Betano.br,2.57,1.39,,0.0,0.0,,0.0,0.0,Betano.br,1.98,1.72,,0.0,0.0,Betfair,1.01,11.0,Betfair,1.2,4.0,Betfair,1.73,2.0,Betfair,3.0,1.33,Betfair,5.5,1.11,Betfair,1.85,1.85,,0.0,0.0,,0.0,0.0,Betano.br,1.13,1.22,2.4,Betano.br,1.14,1.55,1.65,,0.0,0.0,0.0,Betano.br,1.19,3.7,Betano.br,1.28,3.25,Betano.br,1.27,3.5,Betfair,2.1,14.0,56.0,4.0,6.0,13.0,19.0,15.0,11.0,Betano.br,1.87,1.83,,0.0,0.0,,0.0,0.0,Betfair,10.0,Betfair,5.5,Betfair,15.0,Betfair,7.0,Betfair,5.5,Betfair,31.0,Betfair,6.5,Betfair,15.0,Betfair,14.0,Betfair,8.0,Betfair,91.0,Betfair,9.5,Betfair,51.0,Betfair,19.0,Betfair,56.0,,0,0,,0.0,0.0,,0.0,0.0,Betano.br,1.88,1.82,Betano.br,1.78,1.93,,0.0,0.0,,0.0,0.0,,0.0,0.0,,0.0,0.0,,0,0,,0.0,0.0,0.0,,0.0,0.0,0.0,Betano.br,2.5,3.4,0.0,Betano.br,0.0,0.0,2.4,,0.0,0.0,0.0,,0.0,0.0,0.0,,,,,,,,,,,,,,,,,,,,,,,,,,,,,,,,,,,,,,,,,,,,,,,,,3.0,1.0,1.0,1.0,,,,,,,,,,,,,,,,,,,,,,,,,,,,,,,,,,,,,,,,,,,,,,,,,,,,,,,,,,,,,,,,,1.0,1.0,,,,,,,,,,,,,,,,,,,,,,,,,,,,,,,,,,,,,,,,,,,,,,,,,,,,,,,,,,,,,,,,,,,2.0,0.0,1.0,1.0,,,,,,,,,,,,,,,,,Primera B,4dzRa7y9
WWOBm261,COLOMBIA,2024,COLOMBIA 2,COLOMBIA 2,28/02/2024,23:00,Round 5,Llaneros,KzwFLhIU,Cartagena,6eofBSjQ,False,0,0,,,,,,[],[],,0.0,0.0,0.0,,0.0,0.0,0.0,,0.0,0.0,0.0,,0.0,0.0,,0.0,0.0,,0.0,0.0,,0.0,0.0,,0.0,0.0,,0.0,0.0,,0.0,0.0,,0.0,0.0,,0.0,0.0,,0.0,0.0,,0.0,0.0,,0.0,0.0,,0.0,0.0,,0.0,0.0,,0.0,0.0,0.0,,0.0,0.0,0.0,,0.0,0.0,0.0,,0.0,0.0,,0.0,0.0,,0.0,0.0,,0.0,0.0,0.0,0.0,0.0,0.0,0.0,0.0,0.0,,0.0,0.0,,0.0,0.0,,0.0,0.0,,0.0,,0.0,,0.0,,0.0,,0.0,,0.0,,0.0,,0.0,,0.0,,0.0,,0.0,,0.0,,0.0,,0.0,,0.0,,0,0,,0.0,0.0,,0.0,0.0,,0.0,0.0,,0.0,0.0,,0.0,0.0,,0.0,0.0,,0.0,0.0,,0.0,0.0,,0,0,,0.0,0.0,0.0,,0.0,0.0,0.0,,0.0,0.0,0.0,,0.0,0.0,0.0,,0.0,0.0,0.0,,0.0,0.0,0.0,,,,,,,,,,,,,,,,,,,,,,,,,,,,,,,,,,,,,,,,,,,,,,,,,,,,,,,,,,,,,,,,,,,,,,,,,,,,,,,,,,,,,,,,,,,,,,,,,,,,,,,,,,,,,,,,,,,,,,,,,,,,,,,,,,,,,,,,,,,,,,,,,,,,,,,,,,,,,,,,,,,,,,,,,,,,,,,,,,,,,,,,,,,,,,,,,,,,,,,,,,,,,Primera B,4dzRa7y9
pzko21Lf,COLOMBIA,2024,COLOMBIA 2,COLOMBIA 2,02/03/2024,23:00,Round 6,Quindio,zms5B2Zr,Orsomarso,ET6jTFPs,False,1,1,,,,,,[],[],,0.0,0.0,0.0,,0.0,0.0,0.0,,0.0,0.0,0.0,,0.0,0.0,,0.0,0.0,,0.0,0.0,,0.0,0.0,,0.0,0.0,,0.0,0.0,,0.0,0.0,,0.0,0.0,,0.0,0.0,,0.0,0.0,,0.0,0.0,,0.0,0.0,,0.0,0.0,,0.0,0.0,,0.0,0.0,0.0,,0.0,0.0,0.0,,0.0,0.0,0.0,,0.0,0.0,,0.0,0.0,,0.0,0.0,,0.0,0.0,0.0,0.0,0.0,0.0,0.0,0.0,0.0,,0.0,0.0,,0.0,0.0,,0.0,0.0,,0.0,,0.0,,0.0,,0.0,,0.0,,0.0,,0.0,,0.0,,0.0,,0.0,,0.0,,0.0,,0.0,,0.0,,0.0,,0,0,,0.0,0.0,,0.0,0.0,,0.0,0.0,,0.0,0.0,,0.0,0.0,,0.0,0.0,,0.0,0.0,,0.0,0.0,,0,0,,0.0,0.0,0.0,,0.0,0.0,0.0,,0.0,0.0,0.0,,0.0,0.0,0.0,,0.0,0.0,0.0,,0.0,0.0,0.0,,,,,,,,,,,,,,,,,,,,,,,,,,,,,,,,,,,,,,,,,,,,,,,,,,,,,,,,,,,,,,,,,,,,,,,,,,,,,,,,,,,,,,,,,,,,,,,,,,,,,,,,,,,,,,,,,,,,,,,,,,,,,,,,,,,,,,,,,,,,,,,,,,,,,,,,,,,,,,,,,,,,,,,,,,,,,,,,,,,,,,,,,,,,,,,,,,,,,,,,,,,,,Primera B,4dzRa7y9
r7SFnML7,COLOMBIA,2024,COLOMBIA 2,COLOMBIA 2,27/02/2024,23:10,Round 5,U. Magdalena,tpLItk4L,Quindio,zms5B2Zr,False,2,2,,,,,,[],[],,0.0,0.0,0.0,,0.0,0.0,0.0,,0.0,0.0,0.0,,0.0,0.0,,0.0,0.0,,0.0,0.0,,0.0,0.0,,0.0,0.0,,0.0,0.0,,0.0,0.0,,0.0,0.0,,0.0,0.0,,0.0,0.0,,0.0,0.0,,0.0,0.0,,0.0,0.0,,0.0,0.0,,0.0,0.0,0.0,,0.0,0.0,0.0,,0.0,0.0,0.0,,0.0,0.0,,0.0,0.0,,0.0,0.0,,0.0,0.0,0.0,0.0,0.0,0.0,0.0,0.0,0.0,,0.0,0.0,,0.0,0.0,,0.0,0.0,,0.0,,0.0,,0.0,,0.0,,0.0,,0.0,,0.0,,0.0,,0.0,,0.0,,0.0,,0.0,,0.0,,0.0,,0.0,,0,0,,0.0,0.0,,0.0,0.0,,0.0,0.0,,0.0,0.0,,0.0,0.0,,0.0,0.0,,0.0,0.0,,0.0,0.0,,0,0,,0.0,0.0,0.0,,0.0,0.0,0.0,,0.0,0.0,0.0,,0.0,0.0,0.0,,0.0,0.0,0.0,,0.0,0.0,0.0,,,,,,,,,,,,,,,,,,,,,,,,,,,,,,,,,,,,,,,,,,,,,,,,,,,,,,,,,,,,,,,,,,,,,,,,,,,,,,,,,,,,,,,,,,,,,,,,,,,,,,,,,,,,,,,,,,,,,,,,,,,,,,,,,,,,,,,,,,,,,,,,,,,,,,,,,,,,,,,,,,,,,,,,,,,,,,,,,,,,,,,,,,,,,,,,,,,,,,,,,,,,,Primera B,4dzRa7y9
4jj7rAPc,COLOMBIA,2024,COLOMBIA 2,COLOMBIA 2,15/04/2024,22:35,Round 11,Bogota,foERz7de,Llaneros,KzwFLhIU,False,1,2,,,,,,[3],"[36, 68]",Betfair,5.0,2.1,2.2,Betano.br,4.6,2.52,2.05,Betfair,5.0,3.6,1.57,Betano.br,1.42,2.47,,0.0,0.0,,0.0,0.0,,0.0,0.0,Betano.br,2.15,1.6,,0.0,0.0,Betfair,1.03,9.0,Betfair,1.29,3.3,Betfair,1.95,1.75,Betfair,3.6,1.25,Betfair,7.5,1.06,Betfair,1.91,1.8,,0.0,0.0,,0.0,0.0,Betano.br,2.1,1.24,1.18,Betano.br,1.55,1.6,1.17,,0.0,0.0,0.0,Betano.br,3.05,1.28,Betano.br,2.8,1.36,Betano.br,3.0,1.36,Betfair,9.0,14.0,20.0,11.0,5.0,4.33,51.0,13.0,2.5,Betano.br,1.87,1.85,,0.0,0.0,,0.0,0.0,Betfair,8.0,Betfair,11.0,Betfair,5.5,Betfair,6.0,Betfair,23.0,Betfair,6.0,Betfair,13.0,Betfair,6.5,Betfair,13.0,Betfair,76.0,Betfair,10.0,Betfair,36.0,Betfair,11.0,Betfair,46.0,Betfair,23.0,,0,0,,0.0,0.0,,0.0,0.0,,0.0,0.0,,0.0,0.0,Betano.br,1.93,1.78,,0.0,0.0,,0.0,0.0,,0.0,0.0,,0,0,,0.0,0.0,0.0,,0.0,0.0,0.0,Betano.br,0.0,0.0,2.92,Betano.br,2.1,3.45,0.0,,0.0,0.0,0.0,,0.0,0.0,0.0,,,,,,,,,,,,,,,,,,,,,,,,,,,,,,,,,,,,,,,,,,,,,,,,,3.0,2.0,,,,,,,,,,,,,,,,,,,,,,,,,,,,,,,,,,,,,,,,,,,,,,,,,,,,,,,,,,,,,,,,,,,1.0,0.0,,,,,,,,,,,,,,,,,,,,,,,,,,,,,,,,,,,,,,,,,,,,,,,,,,,,,,,,,,,,,,,,,,,2.0,2.0,,,,,,,,,,,,,,,,,,,Primera B,4dzRa7y9
bcuuOrrE,COLOMBIA,2024,COLOMBIA 2,COLOMBIA 2,11/03/2024,20:30,Round 7,Orsomarso,ET6jTFPs,Real Santander,nPIUdlJE,False,4,2,,,,,,"[21, 47, 53, 66]","[80, 90]",Betfair,2.4,1.91,5.5,Betano.br,2.12,2.35,4.9,Betfair,1.67,3.1,4.75,Novibet,1.52,2.4,Novibet,3.4,1.28,Novibet,8.4,1.05,Novibet,1.33,3.15,Novibet,2.55,1.48,Novibet,5.7,1.11,Betfair,1.07,7.0,Betfair,1.44,2.6,Betfair,2.4,1.5,Betfair,4.8,1.14,Betfair,10.0,1.02,Betfair,2.15,1.6,Novibet,5.7,1.11,Novibet,4.2,1.2,Betano.br,1.17,1.27,2.05,Novibet,1.17,1.7,1.48,Novibet,1.2,1.53,1.59,Novibet,1.3,3.15,Novibet,1.39,2.85,Betano.br,1.35,3.05,Betfair,2.8,13.0,51.0,4.33,4.33,10.0,23.0,14.0,8.5,Novibet,1.87,1.85,Novibet,2.15,1.65,Novibet,1.98,1.73,Betfair,6.0,Betfair,4.5,Betfair,9.0,Betfair,5.5,Betfair,6.0,Betfair,21.0,Betfair,7.0,Betfair,14.0,Betfair,15.0,Betfair,11.0,Betfair,71.0,Betfair,14.0,Betfair,46.0,Betfair,31.0,Betfair,67.0,,0,0,,0.0,0.0,,0.0,0.0,,0.0,0.0,Novibet,1.74,2.01,,0.0,0.0,,0.0,0.0,,0.0,0.0,,0.0,0.0,,0,0,Novibet,17.25,8.3,0.0,Novibet,7.3,4.85,27.0,Novibet,3.2,3.35,12.0,Novibet,1.18,5.4,1.99,Novibet,1.04,9.0,1.3,Novibet,0.0,0.0,1.07,,,,,,,,,,,,,,,,,,,,,,,,,,,,,,,,,,,,,,,,,,,,,,,,,4.0,1.0,,,,,,,,,,,,,,,,,,,,,,,,,,,,,,,,,,,,,,,,,,,,,,,,,,,,,,,,,,,,,,,,,,,2.0,1.0,,,,,,,,,,,,,,,,,,,,,,,,,,,,,,,,,,,,,,,,,,,,,,,,,,,,,,,,,,,,,,,,,,,2.0,0.0,,,,,,,,,,,,,,,,,,,Primera B,4dzRa7y9
4bONFKkf,COLOMBIA,2024,COLOMBIA 2,COLOMBIA 2,11/03/2024,23:00,Round 7,U. Magdalena,tpLItk4L,Cartagena,6eofBSjQ,False,2,2,,,,,,"[52, 84]","[26, 44]",Betfair,3.4,2.0,3.0,Novibet,3.35,2.25,2.65,Betfair,2.9,3.0,2.3,Novibet,1.43,2.7,Novibet,2.9,1.37,Novibet,6.9,1.08,Novibet,1.28,3.45,Novibet,2.2,1.62,Novibet,4.7,1.16,Betfair,1.05,8.0,Betfair,1.29,3.3,Betfair,1.95,1.75,Betfair,3.6,1.25,Betfair,7.5,1.06,Betfair,1.73,2.0,Novibet,4.45,1.18,Novibet,3.25,1.31,Betano.br,1.62,1.31,1.36,Novibet,1.38,1.67,1.26,Novibet,1.42,1.56,1.29,Novibet,2.2,1.6,Novibet,2.15,1.66,Novibet,2.1,1.67,Betfair,4.5,12.0,23.0,6.5,4.5,6.0,26.0,12.0,4.0,Novibet,1.92,1.82,Novibet,2.1,1.68,Novibet,2.0,1.72,Betfair,7.5,Betfair,7.5,Betfair,7.0,Betfair,5.0,Betfair,12.0,Betfair,9.0,Betfair,8.5,Betfair,7.5,Betfair,10.0,Betfair,26.0,Betfair,19.0,Betfair,20.0,Betfair,15.0,Betfair,26.0,Betfair,23.0,,0,0,,0.0,0.0,,0.0,0.0,,0.0,0.0,,0.0,0.0,Betano.br,1.75,1.98,,0.0,0.0,,0.0,0.0,,0.0,0.0,,0,0,,0.0,0.0,0.0,Novibet,18.0,8.3,10.5,Novibet,7.4,4.5,4.7,Novibet,1.57,3.85,1.32,Novibet,1.16,6.5,1.07,,0.0,0.0,0.0,,,,,,,,,,,,,,,,,,,,,,,,,,,,,,,,,,,,,,,,,,,,,,,,,4.0,6.0,,,,,,,,,,,,,,,,,,,,,,,,,,,,,,,,,,,,,,,,,,,,,,,,,,,,,,,,,,,,,,,,,,,1.0,4.0,,,,,,,,,,,,,,,,,,,,,,,,,,,,,,,,,,,,,,,,,,,,,,,,,,,,,,,,,,,,,,,,,,,3.0,2.0,,,,,,,,,,,,,,,,,,,Primera B,4dzRa7y9
bLNREv50,COLOMBIA,2024,COLOMBIA 2,COLOMBIA 2,12/03/2024,22:00,Round 7,Real Cundinamarca,ze01M68P,Atletico F.C.,jD7zZpR7,False,1,0,,,,,,[34],[],Betfair,2.2,2.1,5.5,Betano.br,1.98,2.5,5.1,Betfair,1.6,3.5,5.0,Novibet,1.44,2.65,Novibet,3.0,1.35,Novibet,7.3,1.07,Novibet,1.28,3.45,Novibet,2.3,1.58,Novibet,4.9,1.15,Betfair,1.05,8.0,Betfair,1.3,3.2,Betfair,2.1,1.65,Betfair,4.0,1.2,Betfair,8.0,1.05,Betfair,2.0,1.73,Novibet,5.2,1.14,Novibet,3.8,1.23,Betano.br,1.15,1.24,2.25,Novibet,1.16,1.63,1.57,Novibet,1.18,1.48,1.67,Novibet,1.24,3.6,Novibet,1.33,3.15,Betano.br,1.3,3.3,Betfair,2.5,13.0,51.0,4.2,5.0,11.0,20.0,15.0,9.5,Novibet,1.88,1.85,Novibet,2.09,1.68,Novibet,1.96,1.75,Betfair,7.5,Betfair,5.0,Betfair,11.0,Betfair,6.0,Betfair,6.0,Betfair,23.0,Betfair,6.5,Betfair,14.0,Betfair,14.0,Betfair,10.0,Betfair,71.0,Betfair,11.0,Betfair,46.0,Betfair,23.0,Betfair,56.0,,0,0,,0.0,0.0,,0.0,0.0,,0.0,0.0,Betano.br,1.85,1.87,,0.0,0.0,,0.0,0.0,,0.0,0.0,,0.0,0.0,,0,0,,0.0,0.0,0.0,Novibet,5.8,4.65,25.0,Novibet,2.8,3.4,13.5,Novibet,1.15,5.9,2.2,Novibet,1.04,9.0,1.38,,0.0,0.0,0.0,,,,,,,,,,,,,,,,,,,,,,,,,,,,,,,,,,,,,,,,,,,,,,,,,2.0,1.0,,,,,,,,,,,,,,,,,,,,,,,,,,,,,,,,,,,,,,,,,,,,,,,,,,,,,,,,,,,,,,,,,,,1.0,0.0,,,,,,,,,,,,,,,,,,,,,,,,,,,,,,,,,,,,,,,,,,,,,,,,,,,,,,,,,,,,,,,,,,,1.0,1.0,,,,,,,,,,,,,,,,,,,Primera B,4dzRa7y9
WAFvCxkJ,COLOMBIA,2024,COLOMBIA 2,COLOMBIA 2,16/03/2024,20:30,Round 8,Real Santander,nPIUdlJE,U. Magdalena,tpLItk4L,False,2,0,,,,,,"[8, 75]",[],Betfair,3.75,2.1,2.63,Betano.br,3.55,2.57,2.32,Betfair,3.25,3.3,1.95,Betano.br,1.42,2.47,Betano.br,2.52,1.4,,0.0,0.0,,0.0,0.0,Betano.br,1.93,1.75,,0.0,0.0,Betfair,1.02,10.0,Betfair,1.22,3.8,Betfair,1.8,1.91,Betfair,3.2,1.3,Betfair,6.5,1.08,Betfair,1.67,2.05,,0.0,0.0,,0.0,0.0,Betano.br,1.75,1.26,1.33,Betano.br,1.45,1.57,1.24,,0.0,0.0,0.0,Betano.br,2.32,1.47,Betano.br,2.25,1.55,Betano.br,2.35,1.55,Betfair,5.5,13.0,20.0,7.5,5.0,5.0,26.0,13.0,3.3,Betano.br,1.87,1.83,,0.0,0.0,,0.0,0.0,Betfair,9.0,Betfair,9.0,Betfair,7.0,Betfair,5.5,Betfair,15.0,Betfair,8.5,Betfair,9.5,Betfair,7.0,Betfair,10.0,Betfair,34.0,Betfair,15.0,Betfair,21.0,Betfair,12.0,Betfair,26.0,Betfair,19.0,,0,0,,0.0,0.0,,0.0,0.0,,0.0,0.0,,0.0,0.0,Betano.br,1.78,1.93,,0.0,0.0,,0.0,0.0,,0.0,0.0,,0,0,,0.0,0.0,0.0,,0.0,0.0,0.0,Betano.br,4.45,3.7,3.6,Betano.br,1.78,3.75,1.62,,0.0,0.0,0.0,,0.0,0.0,0.0,,,,,,,,,,,,,,,,,,,,,,,,,,,,,,,,,,,,,,,,,,,,,,,,,5.0,4.0,0.0,1.0,,,,,,,,,,,,,,,,,,,,,,,,,,,,,,,,,,,,,,,,,,,,,,,,,,,,,,,,,,,,,,,,,1.0,1.0,,,,,,,,,,,,,,,,,,,,,,,,,,,,,,,,,,,,,,,,,,,,,,,,,,,,,,,,,,,,,,,,,,,4.0,3.0,0.0,1.0,,,,,,,,,,,,,,,,,Primera B,4dzRa7y9
djWkJgdn,COLOMBIA,2024,COLOMBIA 2,COLOMBIA 2,16/03/2024,21:00,Round 8,Cucuta,zs0leK3r,Bogota,foERz7de,False,6,0,,,,,,"[5, 24, 35, 36, 45, 82]",[],Betfair,2.0,2.2,6.0,Betano.br,1.8,2.72,5.7,Betfair,1.44,3.75,6.0,Novibet,1.39,2.85,Novibet,2.8,1.4,Novibet,6.5,1.09,Novibet,1.23,3.8,Novibet,2.1,1.67,Novibet,4.4,1.18,Betfair,1.02,10.0,Betfair,1.22,3.8,Betfair,1.8,1.91,Betfair,3.2,1.3,Betfair,6.5,1.08,Betfair,1.83,1.83,Novibet,5.15,1.14,Novibet,3.8,1.23,Betano.br,1.12,1.2,2.57,Betano.br,1.13,1.52,1.72,Novibet,1.15,1.41,1.85,Novibet,1.15,4.65,Novibet,1.23,3.8,Betano.br,1.24,3.8,Betfair,2.0,14.0,56.0,4.0,6.5,13.0,19.0,15.0,13.0,Betano.br,1.87,1.85,Novibet,2.02,1.7,Novibet,1.93,1.77,Betfair,9.5,Betfair,5.5,Betfair,13.0,Betfair,6.5,Betfair,6.0,Betfair,26.0,Betfair,6.5,Betfair,15.0,Betfair,13.0,Betfair,9.0,Betfair,81.0,Betfair,10.0,Betfair,41.0,Betfair,20.0,Betfair,51.0,,0,0,,0.0,0.0,,0.0,0.0,Novibet,1.69,2.04,,0.0,0.0,,0.0,0.0,,0.0,0.0,,0.0,0.0,,0.0,0.0,,0,0,Novibet,9.3,6.4,0.0,Novibet,4.3,4.2,0.0,Novibet,2.25,3.5,17.75,Novibet,1.1,7.2,2.7,Novibet,0.0,0.0,1.59,Novibet,0.0,0.0,1.19,,,,,,,,,,,,,,,,,,,,,,,,,,,,,,,,,,,,,,,,,,,,,,,,,3.0,4.0,1.0,0.0,,,,,,,,,,,,,,,,,,,,,,,,,,,,,,,,,,,,,,,,,,,,,,,,,,,,,,,,,,,,,,,,,2.0,2.0,,,,,,,,,,,,,,,,,,,,,,,,,,,,,,,,,,,,,,,,,,,,,,,,,,,,,,,,,,,,,,,,,,,1.0,2.0,1.0,0.0,,,,,,,,,,,,,,,,,Primera B,4dzRa7y9
xpbLK6Xj,COLOMBIA,2024,COLOMBIA 2,COLOMBIA 2,04/04/2024,20:30,Round 10,Atletico F.C.,jD7zZpR7,Cartagena,6eofBSjQ,False,0,2,,,,,,[55],"[27, 42]",Betfair,6.0,2.1,2.1,Betano.br,4.75,2.42,2.1,Betfair,6.0,4.0,1.44,Novibet,1.44,2.65,Novibet,3.05,1.35,Novibet,7.3,1.07,Novibet,1.28,3.45,Novibet,2.25,1.58,Novibet,4.9,1.15,Betfair,1.01,11.0,Betfair,1.2,4.0,Betfair,1.75,1.95,Betfair,3.0,1.33,Betfair,6.5,1.08,Betfair,1.85,1.85,Novibet,5.05,1.14,Novibet,3.7,1.25,Betano.br,2.07,1.28,1.16,Betano.br,1.52,1.65,1.16,Novibet,1.62,1.5,1.2,Novibet,3.75,1.2,Novibet,2.9,1.38,Betano.br,3.05,1.35,Betfair,10.0,15.0,20.0,12.0,5.0,4.0,56.0,14.0,2.4,Betano.br,1.9,1.8,Novibet,2.09,1.68,Novibet,1.96,1.74,Betfair,10.0,Betfair,14.0,Betfair,5.5,Betfair,6.5,Betfair,26.0,Betfair,6.0,Betfair,14.0,Betfair,6.5,Betfair,13.0,Betfair,91.0,Betfair,9.0,Betfair,41.0,Betfair,9.5,Betfair,46.0,Betfair,19.0,,0,0,,0.0,0.0,,0.0,0.0,,0.0,0.0,,0.0,0.0,Betano.br,1.93,1.78,,0.0,0.0,,0.0,0.0,,0.0,0.0,,0,0,Novibet,0.0,0.0,14.5,Novibet,0.0,0.0,6.4,Novibet,11.75,5.6,3.0,Novibet,2.03,3.45,1.18,Novibet,1.33,4.85,0.0,Novibet,1.09,8.0,0.0,,,,,,,,,,,,,,,,,,,,,,,,,,,,,,,,,,,,,,,,,,,,,,,,,4.0,5.0,1.0,0.0,,,,,,,,,,,,,,,,,,,,,,,,,,,,,,,,,,,,,,,,,,,,,,,,,,,,,,,,,,,,,,,,,2.0,2.0,1.0,0.0,,,,,,,,,,,,,,,,,,,,,,,,,,,,,,,,,,,,,,,,,,,,,,,,,,,,,,,,,,,,,,,,,2.0,3.0,,,,,,,,,,,,,,,,,,,Primera B,4dzRa7y9
xllXy57k,COLOMBIA,2024,COLOMBIA 2,COLOMBIA 2,20/02/2024,22:00,Round 4,Cucuta,zs0leK3r,Boca Juniors,6yoKBtoR,False,1,0,,,,,,[],[],,0.0,0.0,0.0,,0.0,0.0,0.0,,0.0,0.0,0.0,,0.0,0.0,,0.0,0.0,,0.0,0.0,,0.0,0.0,,0.0,0.0,,0.0,0.0,,0.0,0.0,,0.0,0.0,,0.0,0.0,,0.0,0.0,,0.0,0.0,,0.0,0.0,,0.0,0.0,,0.0,0.0,,0.0,0.0,0.0,,0.0,0.0,0.0,,0.0,0.0,0.0,,0.0,0.0,,0.0,0.0,,0.0,0.0,,0.0,0.0,0.0,0.0,0.0,0.0,0.0,0.0,0.0,,0.0,0.0,,0.0,0.0,,0.0,0.0,,0.0,,0.0,,0.0,,0.0,,0.0,,0.0,,0.0,,0.0,,0.0,,0.0,,0.0,,0.0,,0.0,,0.0,,0.0,,0,0,,0.0,0.0,,0.0,0.0,,0.0,0.0,,0.0,0.0,,0.0,0.0,,0.0,0.0,,0.0,0.0,,0.0,0.0,,0,0,,0.0,0.0,0.0,,0.0,0.0,0.0,,0.0,0.0,0.0,,0.0,0.0,0.0,,0.0,0.0,0.0,,0.0,0.0,0.0,,,,,,,,,,,,,,,,,,,,,,,,,,,,,,,,,,,,,,,,,,,,,,,,,,,,,,,,,,,,,,,,,,,,,,,,,,,,,,,,,,,,,,,,,,,,,,,,,,,,,,,,,,,,,,,,,,,,,,,,,,,,,,,,,,,,,,,,,,,,,,,,,,,,,,,,,,,,,,,,,,,,,,,,,,,,,,,,,,,,,,,,,,,,,,,,,,,,,,,,,,,,,Primera B,4dzRa7y9
vD8dr7UL,COLOMBIA,2024,COLOMBIA 2,COLOMBIA 2,17/02/2024,21:00,Round 3,Cartagena,6eofBSjQ,Cucuta,zs0leK3r,False,1,1,,,,,,[],[],,0.0,0.0,0.0,,0.0,0.0,0.0,,0.0,0.0,0.0,,0.0,0.0,,0.0,0.0,,0.0,0.0,,0.0,0.0,,0.0,0.0,,0.0,0.0,,0.0,0.0,,0.0,0.0,,0.0,0.0,,0.0,0.0,,0.0,0.0,,0.0,0.0,,0.0,0.0,,0.0,0.0,,0.0,0.0,0.0,,0.0,0.0,0.0,,0.0,0.0,0.0,,0.0,0.0,,0.0,0.0,,0.0,0.0,,0.0,0.0,0.0,0.0,0.0,0.0,0.0,0.0,0.0,,0.0,0.0,,0.0,0.0,,0.0,0.0,,0.0,,0.0,,0.0,,0.0,,0.0,,0.0,,0.0,,0.0,,0.0,,0.0,,0.0,,0.0,,0.0,,0.0,,0.0,,0,0,,0.0,0.0,,0.0,0.0,,0.0,0.0,,0.0,0.0,,0.0,0.0,,0.0,0.0,,0.0,0.0,,0.0,0.0,,0,0,,0.0,0.0,0.0,,0.0,0.0,0.0,,0.0,0.0,0.0,,0.0,0.0,0.0,,0.0,0.0,0.0,,0.0,0.0,0.0,,,,,,,,,,,,,,,,,,,,,,,,,,,,,,,,,,,,,,,,,,,,,,,,,,,,,,,,,,,,,,,,,,,,,,,,,,,,,,,,,,,,,,,,,,,,,,,,,,,,,,,,,,,,,,,,,,,,,,,,,,,,,,,,,,,,,,,,,,,,,,,,,,,,,,,,,,,,,,,,,,,,,,,,,,,,,,,,,,,,,,,,,,,,,,,,,,,,,,,,,,,,,Primera B,4dzRa7y9
I370sRqS,COLOMBIA,2024,COLOMBIA 2,COLOMBIA 2,20/02/2024,20:30,Round 4,Tigres,EcJJz8BQ,Orsomarso,ET6jTFPs,False,0,1,,,,,,[],[],,0.0,0.0,0.0,,0.0,0.0,0.0,,0.0,0.0,0.0,,0.0,0.0,,0.0,0.0,,0.0,0.0,,0.0,0.0,,0.0,0.0,,0.0,0.0,,0.0,0.0,,0.0,0.0,,0.0,0.0,,0.0,0.0,,0.0,0.0,,0.0,0.0,,0.0,0.0,,0.0,0.0,,0.0,0.0,0.0,,0.0,0.0,0.0,,0.0,0.0,0.0,,0.0,0.0,,0.0,0.0,,0.0,0.0,,0.0,0.0,0.0,0.0,0.0,0.0,0.0,0.0,0.0,,0.0,0.0,,0.0,0.0,,0.0,0.0,,0.0,,0.0,,0.0,,0.0,,0.0,,0.0,,0.0,,0.0,,0.0,,0.0,,0.0,,0.0,,0.0,,0.0,,0.0,,0,0,,0.0,0.0,,0.0,0.0,,0.0,0.0,,0.0,0.0,,0.0,0.0,,0.0,0.0,,0.0,0.0,,0.0,0.0,,0,0,,0.0,0.0,0.0,,0.0,0.0,0.0,,0.0,0.0,0.0,,0.0,0.0,0.0,,0.0,0.0,0.0,,0.0,0.0,0.0,,,,,,,,,,,,,,,,,,,,,,,,,,,,,,,,,,,,,,,,,,,,,,,,,,,,,,,,,,,,,,,,,,,,,,,,,,,,,,,,,,,,,,,,,,,,,,,,,,,,,,,,,,,,,,,,,,,,,,,,,,,,,,,,,,,,,,,,,,,,,,,,,,,,,,,,,,,,,,,,,,,,,,,,,,,,,,,,,,,,,,,,,,,,,,,,,,,,,,,,,,,,,Primera B,4dzRa7y9
vewCC9uU,COLOMBIA,2024,COLOMBIA 2,COLOMBIA 2,26/03/2024,20:30,Round 9,Huila,xCqdiIm1,Quindio,zms5B2Zr,False,1,0,,,,,,[12],[],Betfair,2.7,1.91,4.33,Betano.br,2.4,2.35,3.9,Betfair,1.95,2.9,3.9,Betano.br,1.47,2.32,,0.0,0.0,,0.0,0.0,,0.0,0.0,Betano.br,2.25,1.55,,0.0,0.0,Betfair,1.06,7.5,Betfair,1.36,2.88,Betfair,2.25,1.57,Betfair,4.5,1.17,Betfair,9.0,1.03,Betfair,1.95,1.75,,0.0,0.0,,0.0,0.0,Betano.br,1.23,1.32,1.75,Betano.br,1.19,1.7,1.42,,0.0,0.0,0.0,Betano.br,1.4,2.5,Betano.br,1.47,2.42,Betano.br,1.52,2.45,Betfair,3.3,13.0,36.0,5.0,4.33,8.0,23.0,13.0,6.5,Betano.br,1.9,1.8,,0.0,0.0,,0.0,0.0,Betfair,6.5,Betfair,5.0,Betfair,8.0,Betfair,5.0,Betfair,7.5,Betfair,15.0,Betfair,7.0,Betfair,10.0,Betfair,13.0,Betfair,15.0,Betfair,41.0,Betfair,15.0,Betfair,26.0,Betfair,26.0,Betfair,41.0,,0,0,,0.0,0.0,,0.0,0.0,Betano.br,1.91,1.8,Betano.br,1.95,1.75,,0.0,0.0,,0.0,0.0,,0.0,0.0,,0.0,0.0,,0,0,Novibet,18.75,9.0,0.0,Novibet,0.0,0.0,25.0,Betano.br,3.9,3.5,0.0,Betano.br,0.0,0.0,1.75,Novibet,1.04,9.0,0.0,Novibet,0.0,0.0,1.05,,,,,,,,,,,,,,,,,,,,,,,,,,,,,,,,,,,,,,,,,,,,,,,,,2.0,2.0,,,,,,,,,,,,,,,,,,,,,,,,,,,,,,,,,,,,,,,,,,,,,,,,,,,,,,,,,,,,,,,,,,,1.0,1.0,,,,,,,,,,,,,,,,,,,,,,,,,,,,,,,,,,,,,,,,,,,,,,,,,,,,,,,,,,,,,,,,,,,1.0,1.0,,,,,,,,,,,,,,,,,,,Primera B,4dzRa7y9
nuP2Git5,COLOMBIA,2024,COLOMBIA 2,COLOMBIA 2,17/03/2024,20:00,Round 8,Real Cundinamarca,ze01M68P,Boca Juniors,6yoKBtoR,False,1,0,,,,,,[2],[74],Betfair,2.5,1.91,4.5,Novibet,2.3,2.25,4.1,Betfair,1.8,3.1,4.1,Novibet,1.5,2.45,Novibet,3.3,1.3,Novibet,8.1,1.05,Novibet,1.32,3.15,Novibet,2.45,1.5,Novibet,5.5,1.12,Betfair,1.06,7.5,Betfair,1.4,2.75,Betfair,2.25,1.57,Betfair,4.8,1.14,Betfair,9.0,1.03,Betfair,2.05,1.67,Novibet,5.3,1.13,Novibet,3.9,1.22,Betano.br,1.24,1.3,1.78,Betano.br,1.19,1.7,1.42,Novibet,1.22,1.55,1.53,Novibet,1.37,2.8,Novibet,1.45,2.6,Novibet,1.46,2.6,Betfair,3.0,13.0,46.0,4.5,4.5,9.0,23.0,13.0,7.5,Novibet,1.89,1.84,Novibet,2.15,1.65,Novibet,1.99,1.72,Betfair,6.0,Betfair,5.0,Betfair,8.5,Betfair,5.5,Betfair,6.5,Betfair,17.0,Betfair,7.0,Betfair,12.0,Betfair,13.0,Betfair,13.0,Betfair,51.0,Betfair,14.0,Betfair,36.0,Betfair,26.0,Betfair,51.0,,0,0,,0.0,0.0,,0.0,0.0,,0.0,0.0,Betano.br,1.93,1.78,,0.0,0.0,,0.0,0.0,,0.0,0.0,,0.0,0.0,,0,0,Novibet,19.0,9.0,0.0,Novibet,8.2,5.3,0.0,Novibet,3.6,3.5,10.5,Novibet,1.22,5.1,1.83,Novibet,0.0,0.0,1.25,Novibet,0.0,0.0,1.05,,,,,,,,,,,,,,,,,,,,,,,,,,,,,,,,,,,,,,,,,,,,,,,,,5.0,4.0,,,,,,,,,,,,,,,,,,,,,,,,,,,,,,,,,,,,,,,,,,,,,,,,,,,,,,,,,,,,,,,,,,,2.0,2.0,,,,,,,,,,,,,,,,,,,,,,,,,,,,,,,,,,,,,,,,,,,,,,,,,,,,,,,,,,,,,,,,,,,3.0,2.0,,,,,,,,,,,,,,,,,,,Primera B,4dzRa7y9
QVN6FBeB,COLOMBIA,2024,COLOMBIA 2,COLOMBIA 2,27/03/2024,01:05,Round 9,Bogota,foERz7de,Tigres,EcJJz8BQ,False,0,1,,,,,,[],[61],Betfair,3.75,1.91,3.1,Betano.br,3.6,2.2,2.72,Betfair,2.9,2.9,2.25,Novibet,1.56,2.3,Novibet,3.6,1.26,Novibet,8.9,1.04,Novibet,1.37,2.9,Novibet,2.65,1.44,Novibet,6.1,1.1,Betfair,1.06,7.5,Betfair,1.36,2.88,Betfair,2.25,1.57,Betfair,4.5,1.17,Betfair,9.0,1.03,Betfair,1.87,1.8,Novibet,5.5,1.12,Novibet,4.05,1.21,Betano.br,1.6,1.34,1.3,Novibet,1.34,1.78,1.24,Novibet,1.39,1.62,1.28,Novibet,2.15,1.62,Betano.br,2.12,1.62,Betano.br,2.15,1.65,Betfair,5.0,12.0,26.0,7.0,4.2,5.5,31.0,13.0,4.0,Novibet,1.91,1.82,Novibet,2.2,1.62,Novibet,2.04,1.69,Betfair,6.0,Betfair,7.0,Betfair,6.0,Betfair,5.0,Betfair,11.0,Betfair,9.0,Betfair,9.5,Betfair,8.0,Betfair,12.0,Betfair,31.0,Betfair,19.0,Betfair,23.0,Betfair,17.0,Betfair,36.0,Betfair,26.0,,0,0,,0.0,0.0,,0.0,0.0,,0.0,0.0,,0.0,0.0,,0.0,0.0,,0.0,0.0,,0.0,0.0,,0.0,0.0,,0,0,,0.0,0.0,0.0,Novibet,21.0,8.1,12.75,Novibet,7.9,4.35,5.1,Novibet,1.55,3.7,1.32,Novibet,1.14,6.5,1.06,,0.0,0.0,0.0,,,,,,,,,,,,,,,,,,,,,,,,,,,,,,,,,,,,,,,,,,,,,,,,,3.0,3.0,,,,,,,,,,,,,,,,,,,,,,,,,,,,,,,,,,,,,,,,,,,,,,,,,,,,,,,,,,,,,,,,,,,1.0,1.0,,,,,,,,,,,,,,,,,,,,,,,,,,,,,,,,,,,,,,,,,,,,,,,,,,,,,,,,,,,,,,,,,,,2.0,2.0,,,,,,,,,,,,,,,,,,,Primera B,4dzRa7y9
z305pxfh,COLOMBIA,2024,COLOMBIA 2,COLOMBIA 2,12/02/2024,23:05,Round 2,Huila,xCqdiIm1,Cartagena,6eofBSjQ,False,2,0,,,,,,[],[],,0.0,0.0,0.0,,0.0,0.0,0.0,,0.0,0.0,0.0,,0.0,0.0,,0.0,0.0,,0.0,0.0,,0.0,0.0,,0.0,0.0,,0.0,0.0,,0.0,0.0,,0.0,0.0,,0.0,0.0,,0.0,0.0,,0.0,0.0,,0.0,0.0,,0.0,0.0,,0.0,0.0,,0.0,0.0,0.0,,0.0,0.0,0.0,,0.0,0.0,0.0,,0.0,0.0,,0.0,0.0,,0.0,0.0,,0.0,0.0,0.0,0.0,0.0,0.0,0.0,0.0,0.0,,0.0,0.0,,0.0,0.0,,0.0,0.0,,0.0,,0.0,,0.0,,0.0,,0.0,,0.0,,0.0,,0.0,,0.0,,0.0,,0.0,,0.0,,0.0,,0.0,,0.0,,0,0,,0.0,0.0,,0.0,0.0,,0.0,0.0,,0.0,0.0,,0.0,0.0,,0.0,0.0,,0.0,0.0,,0.0,0.0,,0,0,,0.0,0.0,0.0,,0.0,0.0,0.0,,0.0,0.0,0.0,,0.0,0.0,0.0,,0.0,0.0,0.0,,0.0,0.0,0.0,,,,,,,,,,,,,,,,,,,,,,,,,,,,,,,,,,,,,,,,,,,,,,,,,,,,,,,,,,,,,,,,,,,,,,,,,,,,,,,,,,,,,,,,,,,,,,,,,,,,,,,,,,,,,,,,,,,,,,,,,,,,,,,,,,,,,,,,,,,,,,,,,,,,,,,,,,,,,,,,,,,,,,,,,,,,,,,,,,,,,,,,,,,,,,,,,,,,,,,,,,,,,Primera B,4dzRa7y9
ALhIszvB,COLOMBIA,2024,COLOMBIA 2,COLOMBIA 2,12/02/2024,23:00,Round 2,U. Magdalena,tpLItk4L,Llaneros,KzwFLhIU,False,1,1,,,,,,[],[],,0.0,0.0,0.0,,0.0,0.0,0.0,,0.0,0.0,0.0,,0.0,0.0,,0.0,0.0,,0.0,0.0,,0.0,0.0,,0.0,0.0,,0.0,0.0,,0.0,0.0,,0.0,0.0,,0.0,0.0,,0.0,0.0,,0.0,0.0,,0.0,0.0,,0.0,0.0,,0.0,0.0,,0.0,0.0,0.0,,0.0,0.0,0.0,,0.0,0.0,0.0,,0.0,0.0,,0.0,0.0,,0.0,0.0,,0.0,0.0,0.0,0.0,0.0,0.0,0.0,0.0,0.0,,0.0,0.0,,0.0,0.0,,0.0,0.0,,0.0,,0.0,,0.0,,0.0,,0.0,,0.0,,0.0,,0.0,,0.0,,0.0,,0.0,,0.0,,0.0,,0.0,,0.0,,0,0,,0.0,0.0,,0.0,0.0,,0.0,0.0,,0.0,0.0,,0.0,0.0,,0.0,0.0,,0.0,0.0,,0.0,0.0,,0,0,,0.0,0.0,0.0,,0.0,0.0,0.0,,0.0,0.0,0.0,,0.0,0.0,0.0,,0.0,0.0,0.0,,0.0,0.0,0.0,,,,,,,,,,,,,,,,,,,,,,,,,,,,,,,,,,,,,,,,,,,,,,,,,,,,,,,,,,,,,,,,,,,,,,,,,,,,,,,,,,,,,,,,,,,,,,,,,,,,,,,,,,,,,,,,,,,,,,,,,,,,,,,,,,,,,,,,,,,,,,,,,,,,,,,,,,,,,,,,,,,,,,,,,,,,,,,,,,,,,,,,,,,,,,,,,,,,,,,,,,,,,Primera B,4dzRa7y9
OOziREgU,COLOMBIA,2024,COLOMBIA 2,COLOMBIA 2,12/02/2024,21:00,Round 2,Leones,IZmBcNVO,Atletico F.C.,jD7zZpR7,False,2,0,,,,,,[],[],,0.0,0.0,0.0,,0.0,0.0,0.0,,0.0,0.0,0.0,,0.0,0.0,,0.0,0.0,,0.0,0.0,,0.0,0.0,,0.0,0.0,,0.0,0.0,,0.0,0.0,,0.0,0.0,,0.0,0.0,,0.0,0.0,,0.0,0.0,,0.0,0.0,,0.0,0.0,,0.0,0.0,,0.0,0.0,0.0,,0.0,0.0,0.0,,0.0,0.0,0.0,,0.0,0.0,,0.0,0.0,,0.0,0.0,,0.0,0.0,0.0,0.0,0.0,0.0,0.0,0.0,0.0,,0.0,0.0,,0.0,0.0,,0.0,0.0,,0.0,,0.0,,0.0,,0.0,,0.0,,0.0,,0.0,,0.0,,0.0,,0.0,,0.0,,0.0,,0.0,,0.0,,0.0,,0,0,,0.0,0.0,,0.0,0.0,,0.0,0.0,,0.0,0.0,,0.0,0.0,,0.0,0.0,,0.0,0.0,,0.0,0.0,,0,0,,0.0,0.0,0.0,,0.0,0.0,0.0,,0.0,0.0,0.0,,0.0,0.0,0.0,,0.0,0.0,0.0,,0.0,0.0,0.0,,,,,,,,,,,,,,,,,,,,,,,,,,,,,,,,,,,,,,,,,,,,,,,,,,,,,,,,,,,,,,,,,,,,,,,,,,,,,,,,,,,,,,,,,,,,,,,,,,,,,,,,,,,,,,,,,,,,,,,,,,,,,,,,,,,,,,,,,,,,,,,,,,,,,,,,,,,,,,,,,,,,,,,,,,,,,,,,,,,,,,,,,,,,,,,,,,,,,,,,,,,,,Primera B,4dzRa7y9
z1F1APDE,COLOMBIA,2024,COLOMBIA 2,COLOMBIA 2,06/03/2024,00:40,Round 6,Leones,IZmBcNVO,Llaneros,KzwFLhIU,False,0,3,,,,,,[],"[14, 62, 71]",Betfair,3.4,2.1,2.88,Betano.br,3.2,2.42,2.65,Betfair,2.8,3.1,2.25,Novibet,1.42,2.7,Novibet,2.9,1.37,Novibet,6.9,1.07,Novibet,1.26,3.55,Novibet,2.2,1.63,Novibet,4.65,1.17,Betfair,1.03,9.0,Betfair,1.25,3.6,Betfair,1.91,1.8,Betfair,3.3,1.29,Betfair,7.0,1.07,Betfair,1.67,2.05,Novibet,4.5,1.17,Novibet,3.3,1.3,Betano.br,1.6,1.3,1.34,Betano.br,1.37,1.65,1.25,Novibet,1.44,1.51,1.32,Novibet,2.15,1.63,Novibet,2.09,1.68,Novibet,2.08,1.69,Betfair,4.5,12.0,21.0,6.5,5.0,5.5,26.0,13.0,3.75,Novibet,1.89,1.84,Novibet,2.08,1.69,Novibet,1.96,1.75,Betfair,8.0,Betfair,8.0,Betfair,7.0,Betfair,5.5,Betfair,12.0,Betfair,9.5,Betfair,8.5,Betfair,7.5,Betfair,10.0,Betfair,26.0,Betfair,19.0,Betfair,19.0,Betfair,14.0,Betfair,26.0,Betfair,21.0,,0,0,,0.0,0.0,,0.0,0.0,,0.0,0.0,,0.0,0.0,Novibet,1.66,2.15,,0.0,0.0,,0.0,0.0,,0.0,0.0,,0,0,,0.0,0.0,0.0,Novibet,16.25,7.7,10.25,Novibet,6.6,4.45,4.45,Novibet,1.59,3.9,1.36,Novibet,1.17,6.2,1.08,,0.0,0.0,0.0,,,,,,,,,,,,,,,,,,,,,,,,,,,,,,,,,,,,,,,,,,,,,,,,,1.0,2.0,,,,,,,,,,,,,,,,,,,,,,,,,,,,,,,,,,,,,,,,,,,,,,,,,,,,,,,,,,,,,,,,,,,0.0,1.0,,,,,,,,,,,,,,,,,,,,,,,,,,,,,,,,,,,,,,,,,,,,,,,,,,,,,,,,,,,,,,,,,,,1.0,1.0,,,,,,,,,,,,,,,,,,,Primera B,4dzRa7y9
lpiKcnU8,COLOMBIA,2024,COLOMBIA 2,COLOMBIA 2,23/02/2024,20:30,Round 4,Cartagena,6eofBSjQ,Bogota,foERz7de,False,3,0,,,,,,"[45, 51, 89]",[],Betfair,1.83,2.2,8.0,Betano.br,1.72,2.7,6.9,Betfair,1.33,4.33,8.5,Novibet,1.43,2.65,Novibet,3.0,1.35,Novibet,7.2,1.07,Betano.br,1.26,3.5,Novibet,2.3,1.58,Novibet,4.9,1.15,Betfair,1.03,9.0,Betfair,1.3,3.2,Betfair,2.0,1.73,Betfair,3.8,1.22,Betfair,8.0,1.05,Betfair,2.4,1.5,Novibet,5.6,1.12,Novibet,4.15,1.2,Betano.br,1.1,1.19,2.92,Betano.br,1.1,1.57,1.82,Betano.br,1.11,1.42,1.98,Betano.br,1.13,5.2,Betano.br,1.2,4.1,Betano.br,1.18,4.5,Betfair,2.0,17.0,81.0,3.75,6.0,15.0,21.0,20.0,14.0,Novibet,1.88,1.85,Novibet,2.08,1.69,Novibet,1.96,1.75,Betfair,8.0,Betfair,4.5,Betfair,15.0,Betfair,7.5,Betfair,4.5,Betfair,41.0,Betfair,7.0,Betfair,23.0,Betfair,21.0,Betfair,7.0,Betfair,176.0,Betfair,10.0,Betfair,91.0,Betfair,26.0,Betfair,101.0,,0,0,,0.0,0.0,Betano.br,2.15,1.65,Betano.br,1.65,2.15,Betano.br,1.57,2.3,,0.0,0.0,,0.0,0.0,,0.0,0.0,,0.0,0.0,,0,0,Novibet,9.8,6.5,0.0,Betano.br,4.15,4.1,27.0,Novibet,2.3,3.35,20.0,Betano.br,1.1,7.7,2.92,Betano.br,1.04,10.75,1.65,Betano.br,0.0,0.0,1.23,,,,,,,,,,,,,,,,,,,,,,,,,,,,,,,,,,,,,,,,,,,,,,,,,2.0,3.0,,,,,,,,,,,,,,,,,,,,,,,,,,,,,,,,,,,,,,,,,,,,,,,,,,,,,,,,,,,,,,,,,,,1.0,3.0,,,,,,,,,,,,,,,,,,,,,,,,,,,,,,,,,,,,,,,,,,,,,,,,,,,,,,,,,,,,,,,,,,,1.0,0.0,,,,,,,,,,,,,,,,,,,Primera B,4dzRa7y9
trWbj4Mr,COLOMBIA,2024,COLOMBIA 2,COLOMBIA 2,26/02/2024,20:30,Round 5,Leones,IZmBcNVO,Tigres,EcJJz8BQ,False,2,3,,,,,,"[41, 45]","[45, 56, 86]",Betfair,2.25,2.1,4.5,Betano.br,2.02,2.57,4.6,Betfair,1.67,3.3,4.5,Novibet,1.39,2.85,Novibet,2.8,1.4,Novibet,6.5,1.09,Novibet,1.24,3.8,Novibet,2.09,1.68,Novibet,4.35,1.19,Betfair,1.03,9.0,Betfair,1.25,3.6,Betfair,1.85,1.85,Betfair,3.3,1.29,Betfair,7.0,1.07,Betfair,1.8,1.87,Novibet,4.55,1.17,Novibet,3.35,1.29,Betano.br,1.18,1.26,2.18,Betano.br,1.16,1.62,1.62,Betano.br,1.19,1.45,1.72,Betano.br,1.26,3.5,Betano.br,1.33,3.05,Betano.br,1.35,3.05,Betfair,2.7,13.0,34.0,4.5,5.0,9.5,19.0,14.0,7.5,Novibet,1.88,1.85,Novibet,2.05,1.71,Novibet,1.94,1.76,Betfair,9.0,Betfair,6.0,Betfair,10.0,Betfair,6.0,Betfair,7.0,Betfair,19.0,Betfair,6.5,Betfair,12.0,Betfair,11.0,Betfair,11.0,Betfair,51.0,Betfair,11.0,Betfair,31.0,Betfair,20.0,Betfair,36.0,,0,0,,0.0,0.0,,0.0,0.0,Betano.br,2.15,1.65,Betano.br,1.65,2.15,,0.0,0.0,,0.0,0.0,,0.0,0.0,,0.0,0.0,,0,0,Novibet,13.75,7.9,0.0,Betano.br,5.7,4.8,24.0,Betano.br,2.87,3.5,12.5,Betano.br,1.18,6.1,2.18,Betano.br,1.05,10.25,1.42,Betano.br,0.0,0.0,1.14,,,,,,,,,,,,,,,,,,,,,,,,,,,,,,,,,,,,,,,,,,,,,,,,,4.0,2.0,,,,,,,,,,,,,,,,,,,,,,,,,,,,,,,,,,,,,,,,,,,,,,,,,,,,,,,,,,,,,,,,,,,2.0,2.0,,,,,,,,,,,,,,,,,,,,,,,,,,,,,,,,,,,,,,,,,,,,,,,,,,,,,,,,,,,,,,,,,,,2.0,0.0,,,,,,,,,,,,,,,,,,,Primera B,4dzRa7y9
Ega9qd9b,COLOMBIA,2024,COLOMBIA 2,COLOMBIA 2,09/02/2024,21:00,Round 2,Cucuta,zs0leK3r,Barranquilla,O8ANu9JR,False,2,1,,,,,,[],[],,0.0,0.0,0.0,,0.0,0.0,0.0,,0.0,0.0,0.0,,0.0,0.0,,0.0,0.0,,0.0,0.0,,0.0,0.0,,0.0,0.0,,0.0,0.0,,0.0,0.0,,0.0,0.0,,0.0,0.0,,0.0,0.0,,0.0,0.0,,0.0,0.0,,0.0,0.0,,0.0,0.0,,0.0,0.0,0.0,,0.0,0.0,0.0,,0.0,0.0,0.0,,0.0,0.0,,0.0,0.0,,0.0,0.0,,0.0,0.0,0.0,0.0,0.0,0.0,0.0,0.0,0.0,,0.0,0.0,,0.0,0.0,,0.0,0.0,,0.0,,0.0,,0.0,,0.0,,0.0,,0.0,,0.0,,0.0,,0.0,,0.0,,0.0,,0.0,,0.0,,0.0,,0.0,,0,0,,0.0,0.0,,0.0,0.0,,0.0,0.0,,0.0,0.0,,0.0,0.0,,0.0,0.0,,0.0,0.0,,0.0,0.0,,0,0,,0.0,0.0,0.0,,0.0,0.0,0.0,,0.0,0.0,0.0,,0.0,0.0,0.0,,0.0,0.0,0.0,,0.0,0.0,0.0,,,,,,,,,,,,,,,,,,,,,,,,,,,,,,,,,,,,,,,,,,,,,,,,,,,,,,,,,,,,,,,,,,,,,,,,,,,,,,,,,,,,,,,,,,,,,,,,,,,,,,,,,,,,,,,,,,,,,,,,,,,,,,,,,,,,,,,,,,,,,,,,,,,,,,,,,,,,,,,,,,,,,,,,,,,,,,,,,,,,,,,,,,,,,,,,,,,,,,,,,,,,,Primera B,4dzRa7y9
ln2cnbPu,COLOMBIA,2024,COLOMBIA 2,COLOMBIA 2,09/02/2024,20:30,Round 2,Tigres,EcJJz8BQ,Quindio,zms5B2Zr,False,0,0,,,,,,[],[],,0.0,0.0,0.0,,0.0,0.0,0.0,,0.0,0.0,0.0,,0.0,0.0,,0.0,0.0,,0.0,0.0,,0.0,0.0,,0.0,0.0,,0.0,0.0,,0.0,0.0,,0.0,0.0,,0.0,0.0,,0.0,0.0,,0.0,0.0,,0.0,0.0,,0.0,0.0,,0.0,0.0,,0.0,0.0,0.0,,0.0,0.0,0.0,,0.0,0.0,0.0,,0.0,0.0,,0.0,0.0,,0.0,0.0,,0.0,0.0,0.0,0.0,0.0,0.0,0.0,0.0,0.0,,0.0,0.0,,0.0,0.0,,0.0,0.0,,0.0,,0.0,,0.0,,0.0,,0.0,,0.0,,0.0,,0.0,,0.0,,0.0,,0.0,,0.0,,0.0,,0.0,,0.0,,0,0,,0.0,0.0,,0.0,0.0,,0.0,0.0,,0.0,0.0,,0.0,0.0,,0.0,0.0,,0.0,0.0,,0.0,0.0,,0,0,,0.0,0.0,0.0,,0.0,0.0,0.0,,0.0,0.0,0.0,,0.0,0.0,0.0,,0.0,0.0,0.0,,0.0,0.0,0.0,,,,,,,,,,,,,,,,,,,,,,,,,,,,,,,,,,,,,,,,,,,,,,,,,,,,,,,,,,,,,,,,,,,,,,,,,,,,,,,,,,,,,,,,,,,,,,,,,,,,,,,,,,,,,,,,,,,,,,,,,,,,,,,,,,,,,,,,,,,,,,,,,,,,,,,,,,,,,,,,,,,,,,,,,,,,,,,,,,,,,,,,,,,,,,,,,,,,,,,,,,,,,Primera B,4dzRa7y9
pGbJSm1O,COLOMBIA,2024,COLOMBIA 2,COLOMBIA 2,04/02/2024,20:30,Round 1,Atletico F.C.,jD7zZpR7,Cucuta,zs0leK3r,False,0,1,,,,,,[],[],,0.0,0.0,0.0,,0.0,0.0,0.0,,0.0,0.0,0.0,,0.0,0.0,,0.0,0.0,,0.0,0.0,,0.0,0.0,,0.0,0.0,,0.0,0.0,,0.0,0.0,,0.0,0.0,,0.0,0.0,,0.0,0.0,,0.0,0.0,,0.0,0.0,,0.0,0.0,,0.0,0.0,,0.0,0.0,0.0,,0.0,0.0,0.0,,0.0,0.0,0.0,,0.0,0.0,,0.0,0.0,,0.0,0.0,,0.0,0.0,0.0,0.0,0.0,0.0,0.0,0.0,0.0,,0.0,0.0,,0.0,0.0,,0.0,0.0,,0.0,,0.0,,0.0,,0.0,,0.0,,0.0,,0.0,,0.0,,0.0,,0.0,,0.0,,0.0,,0.0,,0.0,,0.0,,0,0,,0.0,0.0,,0.0,0.0,,0.0,0.0,,0.0,0.0,,0.0,0.0,,0.0,0.0,,0.0,0.0,,0.0,0.0,,0,0,,0.0,0.0,0.0,,0.0,0.0,0.0,,0.0,0.0,0.0,,0.0,0.0,0.0,,0.0,0.0,0.0,,0.0,0.0,0.0,,,,,,,,,,,,,,,,,,,,,,,,,,,,,,,,,,,,,,,,,,,,,,,,,,,,,,,,,,,,,,,,,,,,,,,,,,,,,,,,,,,,,,,,,,,,,,,,,,,,,,,,,,,,,,,,,,,,,,,,,,,,,,,,,,,,,,,,,,,,,,,,,,,,,,,,,,,,,,,,,,,,,,,,,,,,,,,,,,,,,,,,,,,,,,,,,,,,,,,,,,,,,Primera B,4dzRa7y9
2Bat3s6l,COLOMBIA,2024,COLOMBIA 2,COLOMBIA 2,02/03/2024,20:30,Round 6,Inter Palmira,8tIHbqDh,Bogota,foERz7de,False,3,0,,,,,,"[12, 14, 34]",[],Betfair,2.3,2.0,5.5,Betano.br,2.0,2.45,5.2,Betfair,1.67,3.3,5.0,Novibet,1.47,2.55,Novibet,3.2,1.32,Novibet,7.7,1.06,Novibet,1.3,3.3,Novibet,2.4,1.53,Novibet,5.25,1.13,Betfair,1.06,7.5,Betfair,1.36,2.88,Betfair,2.2,1.6,Betfair,4.5,1.17,Betfair,9.0,1.03,Betfair,2.1,1.65,Novibet,5.4,1.13,Novibet,4.0,1.22,Betano.br,1.15,1.26,2.2,Novibet,1.16,1.66,1.53,Novibet,1.19,1.5,1.63,Betano.br,1.22,3.45,Betano.br,1.31,3.05,Betano.br,1.3,3.3,Betfair,2.7,15.0,51.0,4.2,4.5,11.0,23.0,15.0,9.0,Betano.br,1.88,1.82,Novibet,2.1,1.67,Novibet,1.97,1.74,Betfair,7.5,Betfair,5.5,Betfair,12.0,Betfair,6.5,Betfair,7.5,Betfair,26.0,Betfair,8.0,Betfair,15.0,Betfair,18.0,Betfair,12.0,Betfair,76.0,Betfair,14.0,Betfair,56.0,Betfair,34.0,Betfair,61.0,,0,0,,0.0,0.0,,0.0,0.0,,0.0,0.0,Novibet,1.67,2.1,,0.0,0.0,,0.0,0.0,,0.0,0.0,,0.0,0.0,,0,0,Novibet,14.75,7.8,0.0,Novibet,6.4,4.7,25.0,Novibet,2.95,3.4,12.75,Novibet,1.16,5.7,2.09,Novibet,1.04,9.0,1.34,Novibet,0.0,0.0,1.09,,,,,,,,,,,,,,,,,,,,,,,,,,,,,,,,,,,,,,,,,,,,,,,,,1.0,0.0,,,,,,,,,,,,,,,,,,,,,,,,,,,,,,,,,,,,,,,,,,,,,,,,,,,,,,,,,,,,,,,,,,,,,,,,,,,,,,,,,,,,,,,,,,,,,,,,,,,,,,,,,,,,,,,,,,,,,,,,,,,,,,,,,,,,,,,1.0,0.0,,,,,,,,,,,,,,,,,,,Primera B,4dzRa7y9
hxA69qTK,COLOMBIA,2024,COLOMBIA 2,COLOMBIA 2,02/03/2024,20:00,Round 6,Tigres,EcJJz8BQ,Real Cundinamarca,ze01M68P,False,1,0,,,,,,[69],[],Betfair,3.2,1.91,3.6,Betano.br,3.0,2.18,3.3,Betfair,2.38,2.9,2.75,Betano.br,1.57,2.1,,0.0,0.0,,0.0,0.0,,0.0,0.0,Betano.br,2.57,1.42,,0.0,0.0,Betfair,1.07,7.0,Betfair,1.44,2.6,Betfair,2.4,1.5,Betfair,4.8,1.14,Betfair,10.0,1.02,Betfair,2.0,1.7,,0.0,0.0,,0.0,0.0,Betano.br,1.35,1.36,1.5,Betano.br,1.24,1.78,1.29,,0.0,0.0,0.0,Betano.br,1.7,1.91,Betano.br,1.75,1.91,Betano.br,1.78,1.95,Betfair,4.2,12.0,31.0,5.5,4.2,6.5,26.0,13.0,5.0,Betano.br,1.91,1.8,,0.0,0.0,,0.0,0.0,Betfair,6.0,Betfair,5.5,Betfair,6.5,Betfair,5.0,Betfair,9.0,Betfair,11.0,Betfair,8.0,Betfair,9.0,Betfair,13.0,Betfair,21.0,Betfair,26.0,Betfair,20.0,Betfair,23.0,Betfair,31.0,Betfair,36.0,,0,0,,0.0,0.0,,0.0,0.0,,0.0,0.0,Betano.br,1.98,1.75,,0.0,0.0,,0.0,0.0,,0.0,0.0,,0.0,0.0,,0,0,,0.0,0.0,0.0,,0.0,0.0,0.0,Betano.br,5.7,3.8,0.0,Betano.br,0.0,0.0,1.5,,0.0,0.0,0.0,,0.0,0.0,0.0,,,,,,,,,,,,,,,,,,,,,,,,,,,,,,,,,,,,,,,,,,,,,,,,,0.0,1.0,,,,,,,,,,,,,,,,,,,,,,,,,,,,,,,,,,,,,,,,,,,,,,,,,,,,,,,,,,,,,,,,,,,0.0,1.0,,,,,,,,,,,,,,,,,,,,,,,,,,,,,,,,,,,,,,,,,,,,,,,,,,,,,,,,,,,,,,,,,,,,,,,,,,,,,,,,,,,,,,,Primera B,4dzRa7y9
vZqXfpER,COLOMBIA,2024,COLOMBIA 2,COLOMBIA 2,24/02/2024,20:30,Round 5,Orsomarso,ET6jTFPs,Cucuta,zs0leK3r,False,0,1,,,,,,[],[2],Betfair,4.5,1.91,2.75,Betano.br,4.25,2.27,2.35,Betfair,3.8,3.0,1.91,Novibet,1.53,2.4,Novibet,3.45,1.27,Novibet,8.6,1.04,Novibet,1.34,3.05,Novibet,2.55,1.47,Novibet,5.8,1.11,Betfair,1.07,7.0,Betfair,1.4,2.75,Betfair,2.4,1.5,Betfair,4.8,1.14,Betfair,10.0,1.02,Betfair,2.0,1.73,Novibet,5.5,1.12,Novibet,4.05,1.21,Betano.br,1.8,1.33,1.24,Betano.br,1.42,1.78,1.19,Novibet,1.49,1.57,1.24,Betano.br,2.75,1.39,Novibet,2.45,1.51,Betano.br,2.6,1.45,Betfair,6.5,13.0,23.0,8.5,4.33,4.5,36.0,12.0,3.25,Betano.br,1.91,1.8,Novibet,2.15,1.64,Novibet,2.0,1.72,Betfair,6.0,Betfair,7.5,Betfair,5.0,Betfair,5.0,Betfair,15.0,Betfair,7.5,Betfair,11.0,Betfair,7.5,Betfair,13.0,Betfair,41.0,Betfair,14.0,Betfair,31.0,Betfair,15.0,Betfair,51.0,Betfair,26.0,,0,0,,0.0,0.0,,0.0,0.0,,0.0,0.0,,0.0,0.0,Novibet,1.77,1.97,,0.0,0.0,,0.0,0.0,,0.0,0.0,,0,0,Betano.br,0.0,0.0,20.0,Novibet,26.0,8.9,9.4,Betano.br,10.5,5.2,4.05,Novibet,1.74,3.5,1.25,Betano.br,1.24,5.6,1.06,Betano.br,1.07,9.75,0.0,,,,,,,,,,,,,,,,,,,,,,,,,,,,,,,,,,,,,,,,,,,,,,,,,2.0,3.0,,,,,,,,,,,,,,,,,,,,,,,,,,,,,,,,,,,,,,,,,,,,,,,,,,,,,,,,,,,,,,,,,,,1.0,3.0,,,,,,,,,,,,,,,,,,,,,,,,,,,,,,,,,,,,,,,,,,,,,,,,,,,,,,,,,,,,,,,,,,,1.0,0.0,,,,,,,,,,,,,,,,,,,Primera B,4dzRa7y9
AHz3kOyk,COLOMBIA,2024,COLOMBIA 2,COLOMBIA 2,26/02/2024,21:00,Round 5,Boca Juniors,6yoKBtoR,Barranquilla,O8ANu9JR,False,1,0,,,,,,[23],[],Betfair,2.88,2.0,3.6,Betano.br,2.6,2.42,3.3,Betfair,2.25,3.0,2.88,Novibet,1.43,2.65,Novibet,3.0,1.36,Novibet,7.1,1.07,Betano.br,1.26,3.5,Novibet,2.2,1.61,Novibet,4.75,1.16,Betfair,1.05,8.0,Betfair,1.29,3.3,Betfair,2.0,1.73,Betfair,3.6,1.25,Betfair,7.5,1.06,Betfair,1.73,1.95,Novibet,4.6,1.17,Novibet,3.35,1.29,Betano.br,1.39,1.3,1.62,Novibet,1.29,1.67,1.35,Novibet,1.34,1.52,1.4,Betano.br,1.62,2.15,Betano.br,1.7,2.05,Betano.br,1.65,2.15,Betfair,3.75,12.0,26.0,5.5,4.5,6.5,23.0,12.0,5.0,Novibet,1.89,1.84,Novibet,2.09,1.68,Novibet,1.97,1.74,Betfair,7.5,Betfair,6.5,Betfair,7.5,Betfair,5.0,Betfair,9.5,Betfair,11.0,Betfair,7.5,Betfair,8.5,Betfair,10.0,Betfair,19.0,Betfair,26.0,Betfair,15.0,Betfair,20.0,Betfair,23.0,Betfair,26.0,,0,0,,0.0,0.0,,0.0,0.0,,0.0,0.0,Betano.br,2.2,1.62,,0.0,0.0,,0.0,0.0,,0.0,0.0,,0.0,0.0,,0,0,Betano.br,21.0,10.5,0.0,Betano.br,10.25,6.2,15.5,Betano.br,4.55,3.9,6.7,Betano.br,1.39,4.55,1.62,Betano.br,1.11,7.9,1.2,Betano.br,0.0,0.0,1.06,,,,,,,,,,,,,,,,,,,,,,,,,,,,,,,,,,,,,,,,,,,,,,,,,3.0,0.0,,,,,,,,,,,,,,,,,,,,,,,,,,,,,,,,,,,,,,,,,,,,,,,,,,,,,,,,,,,,,,,,,,,1.0,0.0,,,,,,,,,,,,,,,,,,,,,,,,,,,,,,,,,,,,,,,,,,,,,,,,,,,,,,,,,,,,,,,,,,,2.0,0.0,,,,,,,,,,,,,,,,,,,Primera B,4dzRa7y9
dh1daa5D,COLOMBIA,2024,COLOMBIA 2,COLOMBIA 2,10/03/2024,20:00,Round 7,Bogota,foERz7de,Quindio,zms5B2Zr,False,2,2,,,,,,"[45, 88]","[4, 90]",Betfair,4.5,2.0,2.5,Betano.br,4.4,2.45,2.15,Betfair,4.0,3.2,1.75,Novibet,1.44,2.65,Novibet,3.05,1.35,Novibet,7.3,1.07,Novibet,1.28,3.45,Novibet,2.25,1.59,Novibet,4.9,1.15,Betfair,1.05,8.0,Betfair,1.33,3.0,Betfair,2.2,1.6,Betfair,4.0,1.2,Betfair,8.0,1.05,Betfair,1.87,1.8,Novibet,4.9,1.15,Novibet,3.6,1.26,Betano.br,1.98,1.27,1.19,Novibet,1.48,1.65,1.19,Novibet,1.57,1.5,1.23,Novibet,2.9,1.36,Novibet,2.65,1.44,Betano.br,2.82,1.4,Betfair,7.0,13.0,20.0,9.0,4.5,4.5,36.0,13.0,3.0,Novibet,1.88,1.85,Novibet,2.09,1.68,Novibet,1.96,1.74,Betfair,7.0,Betfair,8.5,Betfair,5.5,Betfair,5.5,Betfair,17.0,Betfair,7.0,Betfair,11.0,Betfair,6.5,Betfair,13.0,Betfair,46.0,Betfair,13.0,Betfair,31.0,Betfair,13.0,Betfair,41.0,Betfair,26.0,,0,0,,0.0,0.0,,0.0,0.0,,0.0,0.0,,0.0,0.0,Betano.br,1.95,1.75,,0.0,0.0,,0.0,0.0,,0.0,0.0,,0,0,Novibet,0.0,0.0,16.5,Novibet,23.0,8.9,7.2,Novibet,10.0,5.25,3.3,Novibet,1.9,3.55,1.21,Novibet,1.28,5.1,1.04,Novibet,1.07,8.5,0.0,,,,,,,,,,,,,,,,,,,,,,,,,,,,,,,,,,,,,,,,,,,,,,,,,3.0,5.0,,,,,,,,,,,,,,,,,,,,,,,,,,,,,,,,,,,,,,,,,,,,,,,,,,,,,,,,,,,,,,,,,,,1.0,1.0,,,,,,,,,,,,,,,,,,,,,,,,,,,,,,,,,,,,,,,,,,,,,,,,,,,,,,,,,,,,,,,,,,,2.0,4.0,,,,,,,,,,,,,,,,,,,Primera B,4dzRa7y9
lOFqo9p3,COLOMBIA,2024,COLOMBIA 2,COLOMBIA 2,16/02/2024,20:30,Round 3,Barranquilla,O8ANu9JR,Leones,IZmBcNVO,False,2,2,,,,,,"[4, 90]","[15, 73]",Betfair,2.88,2.1,3.4,Betano.br,2.45,2.52,3.35,Betfair,2.3,3.3,2.63,Betano.br,1.4,2.72,Betano.br,2.67,1.42,Betano.br,5.8,1.1,Betano.br,1.22,3.85,Betano.br,1.95,1.75,Betano.br,3.8,1.23,Betfair,1.02,10.0,Betfair,1.22,3.8,Betfair,1.8,1.91,Betfair,3.0,1.33,Betfair,6.5,1.08,Betfair,1.6,2.2,Betano.br,4.0,1.22,,0.0,0.0,Betano.br,1.35,1.3,1.7,Betano.br,1.27,1.65,1.42,Betano.br,1.31,1.47,1.5,Betano.br,1.55,2.3,Betano.br,1.62,2.18,Betano.br,1.62,2.2,Betfair,3.75,12.0,23.0,5.5,5.0,6.5,21.0,13.0,4.5,Betano.br,1.88,1.82,,0.0,0.0,,0.0,0.0,Betfair,9.0,Betfair,7.5,Betfair,8.5,Betfair,5.5,Betfair,10.0,Betfair,12.0,Betfair,7.5,Betfair,8.0,Betfair,9.5,Betfair,19.0,Betfair,23.0,Betfair,14.0,Betfair,17.0,Betfair,21.0,Betfair,21.0,,0,0,,0.0,0.0,,0.0,0.0,,0.0,0.0,Betano.br,2.07,1.7,Betano.br,1.57,2.32,,0.0,0.0,,0.0,0.0,,0.0,0.0,,0,0,Betano.br,18.5,10.0,22.0,Betano.br,9.0,6.0,16.5,Betano.br,4.15,3.85,7.2,Betano.br,1.35,4.8,1.7,Betano.br,1.1,8.25,1.23,Betano.br,1.05,11.0,1.07,,,,,,,,,,,,,,,,,,,,,,,,,,,,,,,,,,,,,,,,,,,,,,,,,2.0,1.0,,,,,,,,,,,,,,,,,,,,,,,,,,,,,,,,,,,,,,,,,,,,,,,,,,,,,,,,,,,,,,,,,,,0.0,1.0,,,,,,,,,,,,,,,,,,,,,,,,,,,,,,,,,,,,,,,,,,,,,,,,,,,,,,,,,,,,,,,,,,,2.0,0.0,,,,,,,,,,,,,,,,,,,Primera B,4dzRa7y9
dAGcB5b8,COLOMBIA,2024,COLOMBIA 2,COLOMBIA 2,26/02/2024,20:00,Round 5,Real Cundinamarca,ze01M68P,Inter Palmira,8tIHbqDh,False,2,1,,,,,,"[31, 67]",[37],Betfair,2.88,2.0,3.75,Betano.br,2.75,2.37,3.2,Betfair,2.25,3.0,3.0,Novibet,1.46,2.6,Betano.br,3.1,1.32,Novibet,7.5,1.06,Novibet,1.29,3.4,Novibet,2.3,1.57,Novibet,5.0,1.14,Betfair,1.05,8.0,Betfair,1.33,3.0,Betfair,2.1,1.65,Betfair,4.0,1.2,Betfair,8.0,1.05,Betfair,1.85,1.85,Novibet,4.8,1.16,Novibet,3.5,1.27,Betano.br,1.42,1.31,1.57,Betano.br,1.29,1.7,1.36,Betano.br,1.33,1.53,1.42,Novibet,1.65,2.1,Novibet,1.7,2.06,Novibet,1.7,2.06,Novibet,4.0,14.5,37.0,5.5,5.0,7.0,32.0,14.0,5.0,Novibet,1.89,1.84,Novibet,2.1,1.67,Novibet,1.97,1.74,Betfair,7.0,Betfair,6.0,Betfair,7.5,Betfair,5.0,Betfair,9.0,Betfair,12.0,Betfair,7.5,Betfair,8.5,Betfair,11.0,Betfair,18.0,Betfair,26.0,Betfair,15.0,Betfair,21.0,Betfair,26.0,Betfair,31.0,,0,0,,0.0,0.0,,0.0,0.0,,0.0,0.0,Betano.br,2.32,1.57,,0.0,0.0,,0.0,0.0,,0.0,0.0,,0.0,0.0,,0,0,Betano.br,23.0,11.0,0.0,Novibet,11.25,6.3,17.0,Novibet,4.65,3.85,6.7,Novibet,1.36,4.4,1.57,Betano.br,1.12,7.6,1.18,Betano.br,0.0,0.0,1.05,,,,,,,,,,,,,,,,,,,,,,,,,,,,,,,,,,,,,,,,,,,,,,,,,4.0,2.0,,,,,,,,,,,,,,,,,,,,,,,,,,,,,,,,,,,,,,,,,,,,,,,,,,,,,,,,,,,,,,,,,,,2.0,0.0,,,,,,,,,,,,,,,,,,,,,,,,,,,,,,,,,,,,,,,,,,,,,,,,,,,,,,,,,,,,,,,,,,,2.0,2.0,,,,,,,,,,,,,,,,,,,Primera B,4dzRa7y9
dAfSeQbL,COLOMBIA,2024,COLOMBIA 2,COLOMBIA 2,27/02/2024,20:00,Round 5,Bogota,foERz7de,Huila,xCqdiIm1,False,2,1,,,,,,"[41, 52]",[35],Betfair,4.0,1.91,2.88,Betano.br,4.0,2.3,2.42,Betfair,3.4,3.1,2.0,Novibet,1.52,2.4,Novibet,3.4,1.28,Novibet,8.4,1.05,Novibet,1.34,3.1,Novibet,2.5,1.48,Novibet,5.7,1.11,Betfair,1.06,7.5,Betfair,1.4,2.75,Betfair,2.25,1.57,Betfair,4.5,1.17,Betfair,9.0,1.03,Betfair,1.95,1.75,Novibet,5.45,1.12,Novibet,4.0,1.22,Betano.br,1.75,1.31,1.24,Novibet,1.42,1.73,1.2,Novibet,1.5,1.57,1.23,Novibet,2.7,1.41,Novibet,2.5,1.49,Novibet,2.5,1.49,Betfair,6.0,13.0,26.0,7.5,4.2,5.0,36.0,13.0,3.6,Betano.br,1.9,1.82,Novibet,2.15,1.64,Novibet,2.0,1.71,Betfair,6.0,Betfair,7.5,Betfair,5.5,Betfair,5.0,Betfair,13.0,Betfair,8.0,Betfair,10.0,Betfair,7.5,Betfair,13.0,Betfair,36.0,Betfair,15.0,Betfair,26.0,Betfair,15.0,Betfair,41.0,Betfair,31.0,,0,0,,0.0,0.0,,0.0,0.0,,0.0,0.0,,0.0,0.0,Betano.br,1.75,1.95,,0.0,0.0,,0.0,0.0,,0.0,0.0,,0,0,,0.0,0.0,0.0,Novibet,27.0,9.2,9.0,Novibet,10.0,4.95,3.85,Novibet,1.77,3.5,1.23,Novibet,1.22,5.5,1.03,,0.0,0.0,0.0,,,,,,,,,,,,,,,,,,,,,,,,,,,,,,,,,,,,,,,,,,,,,,,,,3.0,3.0,,,,,,,,,,,,,,,,,,,,,,,,,,,,,,,,,,,,,,,,,,,,,,,,,,,,,,,,,,,,,,,,,,,2.0,0.0,,,,,,,,,,,,,,,,,,,,,,,,,,,,,,,,,,,,,,,,,,,,,,,,,,,,,,,,,,,,,,,,,,,1.0,3.0,,,,,,,,,,,,,,,,,,,Primera B,4dzRa7y9
r7jOd6qF,COLOMBIA,2024,COLOMBIA 2,COLOMBIA 2,23/02/2024,20:30,Round 4,Atletico F.C.,jD7zZpR7,Llaneros,KzwFLhIU,False,0,3,,,,,,[],"[51, 79, 90]",Betfair,4.2,1.91,2.75,Novibet,3.85,2.25,2.4,Betfair,3.7,3.1,1.95,Novibet,1.5,2.45,Betano.br,3.3,1.29,Novibet,8.0,1.05,Novibet,1.32,3.15,Novibet,2.45,1.51,Novibet,5.45,1.12,Betfair,1.06,7.5,Betfair,1.36,2.88,Betfair,2.25,1.57,Betfair,4.5,1.17,Betfair,9.0,1.03,Betfair,1.95,1.75,Novibet,5.2,1.14,Novibet,3.8,1.24,Betano.br,1.72,1.34,1.28,Betano.br,1.4,1.78,1.21,Novibet,1.49,1.56,1.24,Novibet,2.6,1.44,Novibet,2.45,1.51,Novibet,2.4,1.52,Betfair,6.0,13.0,23.0,8.0,4.33,5.0,36.0,13.0,3.4,Betano.br,1.91,1.8,Novibet,2.15,1.65,Novibet,2.0,1.72,Betfair,6.5,Betfair,8.0,Betfair,5.5,Betfair,5.0,Betfair,14.0,Betfair,7.5,Betfair,10.0,Betfair,7.5,Betfair,13.0,Betfair,41.0,Betfair,15.0,Betfair,26.0,Betfair,14.0,Betfair,41.0,Betfair,31.0,,0,0,,0.0,0.0,,0.0,0.0,,0.0,0.0,,0.0,0.0,Betano.br,1.7,2.07,,0.0,0.0,,0.0,0.0,,0.0,0.0,,0,0,Betano.br,0.0,0.0,21.0,Novibet,25.0,9.0,9.1,Novibet,9.4,4.85,3.95,Betano.br,1.72,3.6,1.28,Betano.br,1.21,5.9,1.07,Betano.br,1.06,10.25,0.0,,,,,,,,,,,,,,,,,,,,,,,,,,,,,,,,,,,,,,,,,,,,,,,,,0.0,1.0,1.0,0.0,,,,,,,,,,,,,,,,,,,,,,,,,,,,,,,,,,,,,,,,,,,,,,,,,,,,,,,,,,,,,,,,,,,1.0,0.0,,,,,,,,,,,,,,,,,,,,,,,,,,,,,,,,,,,,,,,,,,,,,,,,,,,,,,,,,,,,,,,,,0.0,1.0,,,,,,,,,,,,,,,,,,,Primera B,4dzRa7y9
t8FkPRNq,COLOMBIA,2024,COLOMBIA 2,COLOMBIA 2,16/02/2024,20:00,Round 3,Bogota,foERz7de,Atletico F.C.,jD7zZpR7,False,2,2,,,,,,"[33, 57]","[45, 55]",Betfair,2.88,1.91,4.0,Betano.br,2.57,2.27,3.7,Betfair,2.2,2.88,3.3,Betano.br,1.57,2.32,Betano.br,3.25,1.3,Betano.br,7.2,1.06,Betano.br,1.31,3.15,Betano.br,2.35,1.53,Betano.br,4.85,1.14,Betfair,1.06,7.5,Betfair,1.36,2.88,Betfair,2.25,1.57,Betfair,4.5,1.17,Betfair,9.0,1.03,Betfair,1.91,1.8,Betano.br,4.75,1.16,,0.0,0.0,Betano.br,1.31,1.37,1.65,Betano.br,1.23,1.8,1.37,Betano.br,1.27,1.57,1.45,Betano.br,1.53,2.32,Betano.br,1.62,2.15,Betano.br,1.6,2.27,Betfair,3.6,13.0,31.0,5.0,4.33,7.0,23.0,12.0,5.5,Betano.br,1.93,1.78,,0.0,0.0,,0.0,0.0,Betfair,6.5,Betfair,5.5,Betfair,7.5,Betfair,5.0,Betfair,8.0,Betfair,13.0,Betfair,7.5,Betfair,9.5,Betfair,12.0,Betfair,17.0,Betfair,34.0,Betfair,15.0,Betfair,26.0,Betfair,26.0,Betfair,36.0,,0,0,,0.0,0.0,,0.0,0.0,,0.0,0.0,Betano.br,2.2,1.62,,0.0,0.0,,0.0,0.0,,0.0,0.0,,0.0,0.0,,0,0,Betano.br,24.0,10.75,0.0,Betano.br,11.5,6.3,20.0,Betano.br,4.85,3.65,8.5,Betano.br,1.31,4.75,1.65,Betano.br,1.08,9.0,1.18,Betano.br,0.0,0.0,1.05,,,,,,,,,,,,,,,,,,,,,,,,,,,,,,,,,,,,,,,,,,,,,,,,,,,,,,,,,,,,,,,,,,,,,,,,,,,,,,,,,,,,,,,,,,,,,,,,,,,,,,,,,,,,,,,,,,,,,,,,,,,,,,,,,,,,,,,,,,,,,,,,,,,,,,,,,,,,,,,,,,,,,,,,,,,,,,,,,,,,,,,,,,,,,,,,,,,,,,,,,,,,,Primera B,4dzRa7y9
fR56VkH5,COLOMBIA,2024,COLOMBIA 2,COLOMBIA 2,03/02/2024,20:30,Round 1,Llaneros,KzwFLhIU,Boca Juniors,6yoKBtoR,False,2,0,,,,,,[],[],,0.0,0.0,0.0,,0.0,0.0,0.0,,0.0,0.0,0.0,,0.0,0.0,,0.0,0.0,,0.0,0.0,,0.0,0.0,,0.0,0.0,,0.0,0.0,,0.0,0.0,,0.0,0.0,,0.0,0.0,,0.0,0.0,,0.0,0.0,,0.0,0.0,,0.0,0.0,,0.0,0.0,,0.0,0.0,0.0,,0.0,0.0,0.0,,0.0,0.0,0.0,,0.0,0.0,,0.0,0.0,,0.0,0.0,,0.0,0.0,0.0,0.0,0.0,0.0,0.0,0.0,0.0,,0.0,0.0,,0.0,0.0,,0.0,0.0,,0.0,,0.0,,0.0,,0.0,,0.0,,0.0,,0.0,,0.0,,0.0,,0.0,,0.0,,0.0,,0.0,,0.0,,0.0,,0,0,,0.0,0.0,,0.0,0.0,,0.0,0.0,,0.0,0.0,,0.0,0.0,,0.0,0.0,,0.0,0.0,,0.0,0.0,,0,0,,0.0,0.0,0.0,,0.0,0.0,0.0,,0.0,0.0,0.0,,0.0,0.0,0.0,,0.0,0.0,0.0,,0.0,0.0,0.0,,,,,,,,,,,,,,,,,,,,,,,,,,,,,,,,,,,,,,,,,,,,,,,,,,,,,,,,,,,,,,,,,,,,,,,,,,,,,,,,,,,,,,,,,,,,,,,,,,,,,,,,,,,,,,,,,,,,,,,,,,,,,,,,,,,,,,,,,,,,,,,,,,,,,,,,,,,,,,,,,,,,,,,,,,,,,,,,,,,,,,,,,,,,,,,,,,,,,,,,,,,,,Primera B,4dzRa7y9
ll5AU9WB,COLOMBIA,2024,COLOMBIA 2,COLOMBIA 2,03/02/2024,20:30,Round 1,Real Santander,nPIUdlJE,Leones,IZmBcNVO,False,0,0,,,,,,[],[],,0.0,0.0,0.0,,0.0,0.0,0.0,,0.0,0.0,0.0,,0.0,0.0,,0.0,0.0,,0.0,0.0,,0.0,0.0,,0.0,0.0,,0.0,0.0,,0.0,0.0,,0.0,0.0,,0.0,0.0,,0.0,0.0,,0.0,0.0,,0.0,0.0,,0.0,0.0,,0.0,0.0,,0.0,0.0,0.0,,0.0,0.0,0.0,,0.0,0.0,0.0,,0.0,0.0,,0.0,0.0,,0.0,0.0,,0.0,0.0,0.0,0.0,0.0,0.0,0.0,0.0,0.0,,0.0,0.0,,0.0,0.0,,0.0,0.0,,0.0,,0.0,,0.0,,0.0,,0.0,,0.0,,0.0,,0.0,,0.0,,0.0,,0.0,,0.0,,0.0,,0.0,,0.0,,0,0,,0.0,0.0,,0.0,0.0,,0.0,0.0,,0.0,0.0,,0.0,0.0,,0.0,0.0,,0.0,0.0,,0.0,0.0,,0,0,,0.0,0.0,0.0,,0.0,0.0,0.0,,0.0,0.0,0.0,,0.0,0.0,0.0,,0.0,0.0,0.0,,0.0,0.0,0.0,,,,,,,,,,,,,,,,,,,,,,,,,,,,,,,,,,,,,,,,,,,,,,,,,,,,,,,,,,,,,,,,,,,,,,,,,,,,,,,,,,,,,,,,,,,,,,,,,,,,,,,,,,,,,,,,,,,,,,,,,,,,,,,,,,,,,,,,,,,,,,,,,,,,,,,,,,,,,,,,,,,,,,,,,,,,,,,,,,,,,,,,,,,,,,,,,,,,,,,,,,,,,Primera B,4dzRa7y9
O6cNR7GU,COLOMBIA,2024,COLOMBIA 2,COLOMBIA 2,03/02/2024,01:40,Round 1,Quindio,zms5B2Zr,Huila,xCqdiIm1,False,0,3,,,,,,[],[],,0.0,0.0,0.0,,0.0,0.0,0.0,,0.0,0.0,0.0,,0.0,0.0,,0.0,0.0,,0.0,0.0,,0.0,0.0,,0.0,0.0,,0.0,0.0,,0.0,0.0,,0.0,0.0,,0.0,0.0,,0.0,0.0,,0.0,0.0,,0.0,0.0,,0.0,0.0,,0.0,0.0,,0.0,0.0,0.0,,0.0,0.0,0.0,,0.0,0.0,0.0,,0.0,0.0,,0.0,0.0,,0.0,0.0,,0.0,0.0,0.0,0.0,0.0,0.0,0.0,0.0,0.0,,0.0,0.0,,0.0,0.0,,0.0,0.0,,0.0,,0.0,,0.0,,0.0,,0.0,,0.0,,0.0,,0.0,,0.0,,0.0,,0.0,,0.0,,0.0,,0.0,,0.0,,0,0,,0.0,0.0,,0.0,0.0,,0.0,0.0,,0.0,0.0,,0.0,0.0,,0.0,0.0,,0.0,0.0,,0.0,0.0,,0,0,,0.0,0.0,0.0,,0.0,0.0,0.0,,0.0,0.0,0.0,,0.0,0.0,0.0,,0.0,0.0,0.0,,0.0,0.0,0.0,,,,,,,,,,,,,,,,,,,,,,,,,,,,,,,,,,,,,,,,,,,,,,,,,,,,,,,,,,,,,,,,,,,,,,,,,,,,,,,,,,,,,,,,,,,,,,,,,,,,,,,,,,,,,,,,,,,,,,,,,,,,,,,,,,,,,,,,,,,,,,,,,,,,,,,,,,,,,,,,,,,,,,,,,,,,,,,,,,,,,,,,,,,,,,,,,,,,,,,,,,,,,Primera B,4dzRa7y9
Wn5lpTa9,COLOMBIA,2024,COLOMBIA 2,COLOMBIA 2,17/02/2024,20:00,Round 3,Llaneros,KzwFLhIU,Inter Palmira,8tIHbqDh,False,1,2,,,,,,[44],"[14, 54]",Betfair,2.0,2.1,6.5,Novibet,1.79,2.5,6.3,Betfair,1.4,3.8,6.5,Novibet,1.44,2.65,Betano.br,3.1,1.32,Novibet,7.3,1.07,Novibet,1.28,3.4,Betano.br,2.3,1.55,Novibet,5.0,1.15,Betfair,1.05,8.0,Betfair,1.33,3.0,Betfair,2.1,1.65,Betfair,4.0,1.2,Betfair,8.0,1.05,Betfair,2.2,1.57,Novibet,5.8,1.11,Novibet,4.3,1.19,Novibet,1.1,1.2,2.5,Novibet,1.11,1.59,1.71,Novibet,1.13,1.45,1.85,Novibet,1.13,5.15,Novibet,1.2,4.15,Novibet,1.21,4.05,Betfair,2.3,14.0,61.0,4.0,5.0,13.0,21.0,15.0,12.0,Betano.br,1.88,1.82,Novibet,2.09,1.68,Novibet,1.96,1.74,Betfair,7.5,Betfair,4.5,Betfair,12.0,Betfair,6.5,Betfair,5.0,Betfair,31.0,Betfair,6.5,Betfair,18.0,Betfair,17.0,Betfair,8.5,Betfair,101.0,Betfair,11.0,Betfair,71.0,Betfair,26.0,Betfair,81.0,,0,0,,0.0,0.0,,0.0,0.0,Novibet,1.7,2.06,,0.0,0.0,,0.0,0.0,,0.0,0.0,,0.0,0.0,,0.0,0.0,,0,0,Betano.br,11.5,7.1,0.0,Betano.br,5.4,4.4,0.0,Novibet,2.25,3.35,22.0,Novibet,1.07,7.2,2.7,Novibet,0.0,0.0,1.56,Novibet,0.0,0.0,1.18,,,,,,,,,,,,,,,,,,,,,,,,,,,,,,,,,,,,,,,,,,,,,,,,,2.0,5.0,,,,,,,,,,,,,,,,,,,,,,,,,,,,,,,,,,,,,,,,,,,,,,,,,,,,,,,,,,,,,,,,,,,1.0,2.0,,,,,,,,,,,,,,,,,,,,,,,,,,,,,,,,,,,,,,,,,,,,,,,,,,,,,,,,,,,,,,,,,,,1.0,3.0,,,,,,,,,,,,,,,,,,,Primera B,4dzRa7y9
l8Z6lrie,COLOMBIA,2024,COLOMBIA 2,COLOMBIA 2,27/02/2024,20:30,Round 5,Real Santander,nPIUdlJE,Atletico F.C.,jD7zZpR7,False,1,1,,,,,,[6],[20],Betfair,2.88,2.0,3.6,Betano.br,2.67,2.4,3.25,Betfair,2.2,3.25,2.88,Novibet,1.46,2.6,Novibet,3.1,1.33,Novibet,7.5,1.06,Novibet,1.29,3.4,Novibet,2.3,1.56,Novibet,5.05,1.14,Betfair,1.05,8.0,Betfair,1.3,3.2,Betfair,2.1,1.65,Betfair,3.8,1.22,Betfair,8.0,1.05,Betfair,1.8,1.91,Novibet,4.85,1.15,Novibet,3.55,1.26,Betano.br,1.34,1.3,1.6,Novibet,1.27,1.68,1.36,Novibet,1.32,1.53,1.42,Novibet,1.66,2.09,Novibet,1.71,2.05,Betano.br,1.7,2.07,Betfair,3.75,12.0,26.0,5.5,4.5,7.0,23.0,13.0,5.0,Betano.br,1.88,1.82,Novibet,2.1,1.67,Novibet,1.97,1.74,Betfair,7.0,Betfair,6.5,Betfair,7.5,Betfair,5.0,Betfair,9.0,Betfair,12.0,Betfair,7.5,Betfair,8.5,Betfair,11.0,Betfair,18.0,Betfair,26.0,Betfair,15.0,Betfair,21.0,Betfair,26.0,Betfair,26.0,,0,0,,0.0,0.0,,0.0,0.0,,0.0,0.0,Betano.br,1.95,1.75,,0.0,0.0,,0.0,0.0,,0.0,0.0,,0.0,0.0,,0,0,,0.0,0.0,0.0,Novibet,11.25,6.2,16.75,Novibet,4.65,3.85,6.6,Novibet,1.37,4.35,1.57,Novibet,1.08,7.5,1.16,,0.0,0.0,0.0,,,,,,,,,,,,,,,,,,,,,,,,,,,,,,,,,,,,,,,,,,,,,,,,,5.0,6.0,1.0,2.0,,,,,,,,,,,,,,,,,,,,,,,,,,,,,,,,,,,,,,,,,,,,,,,,,,,,,,,,,,,,,,,,,1.0,2.0,,,,,,,,,,,,,,,,,,,,,,,,,,,,,,,,,,,,,,,,,,,,,,,,,,,,,,,,,,,,,,,,,,,4.0,4.0,1.0,2.0,,,,,,,,,,,,,,,,,Primera B,4dzRa7y9
hIPbHXQb,COLOMBIA,2024,COLOMBIA 2,COLOMBIA 2,16/03/2024,20:30,Round 8,Atletico F.C.,jD7zZpR7,Orsomarso,ET6jTFPs,False,0,2,,,,,,[],"[45, 68]",Betfair,2.88,1.91,3.75,Betano.br,2.72,2.3,3.4,Betfair,2.15,3.0,3.1,Betano.br,1.5,2.25,,0.0,0.0,,0.0,0.0,,0.0,0.0,Betano.br,2.32,1.52,,0.0,0.0,Betfair,1.06,7.5,Betfair,1.36,2.88,Betfair,2.25,1.57,Betfair,4.5,1.17,Betfair,9.0,1.03,Betfair,1.95,1.73,,0.0,0.0,,0.0,0.0,Betano.br,1.32,1.32,1.6,Betano.br,1.23,1.7,1.35,,0.0,0.0,0.0,Betano.br,1.6,2.07,Betano.br,1.65,2.07,Betano.br,1.7,2.07,Betfair,3.6,12.0,31.0,5.0,4.33,7.0,23.0,13.0,5.5,Betano.br,1.9,1.82,,0.0,0.0,,0.0,0.0,Betfair,6.5,Betfair,5.5,Betfair,7.5,Betfair,5.0,Betfair,8.0,Betfair,12.0,Betfair,7.5,Betfair,9.5,Betfair,12.0,Betfair,17.0,Betfair,34.0,Betfair,15.0,Betfair,26.0,Betfair,26.0,Betfair,36.0,,0,0,,0.0,0.0,,0.0,0.0,,0.0,0.0,Betano.br,1.91,1.8,,0.0,0.0,,0.0,0.0,,0.0,0.0,,0.0,0.0,,0,0,Novibet,27.0,10.75,0.0,,0.0,0.0,0.0,Betano.br,4.7,3.7,0.0,Betano.br,0.0,0.0,1.6,,0.0,0.0,0.0,Novibet,0.0,0.0,1.03,,,,,,,,,,,,,,,,,,,,,,,,,,,,,,,,,,,,,,,,,,,,,,,,,3.0,0.0,,,,,,,,,,,,,,,,,,,,,,,,,,,,,,,,,,,,,,,,,,,,,,,,,,,,,,,,,,,,,,,,,,,1.0,0.0,,,,,,,,,,,,,,,,,,,,,,,,,,,,,,,,,,,,,,,,,,,,,,,,,,,,,,,,,,,,,,,,,,,2.0,0.0,,,,,,,,,,,,,,,,,,,Primera B,4dzRa7y9
Aw4hqmFF,COLOMBIA,2024,COLOMBIA 2,COLOMBIA 2,17/02/2024,20:30,Round 3,Quindio,zms5B2Zr,Real Cundinamarca,ze01M68P,False,3,2,,,,,,"[21, 56, 72]","[14, 80]",Betfair,2.1,2.1,6.0,Betano.br,2.07,2.47,4.65,Betfair,1.5,3.6,6.0,Novibet,1.45,2.6,Novibet,3.1,1.34,Novibet,7.4,1.06,Novibet,1.28,3.4,Novibet,2.3,1.57,Novibet,5.0,1.14,Betfair,1.03,9.0,Betfair,1.29,3.3,Betfair,2.0,1.73,Betfair,3.8,1.22,Betfair,7.5,1.05,Betfair,2.0,1.73,Novibet,5.2,1.13,Novibet,3.85,1.23,Betano.br,1.2,1.27,2.1,Betano.br,1.17,1.65,1.57,Betano.br,1.19,1.5,1.65,Novibet,1.27,3.4,Novibet,1.35,3.0,Betano.br,1.36,3.0,Betfair,2.4,13.0,51.0,4.2,5.0,12.0,21.0,15.0,10.0,Novibet,1.88,1.85,Novibet,2.1,1.68,Novibet,1.96,1.74,Betfair,8.0,Betfair,5.0,Betfair,11.0,Betfair,6.0,Betfair,5.5,Betfair,26.0,Betfair,6.5,Betfair,15.0,Betfair,14.0,Betfair,9.5,Betfair,81.0,Betfair,11.0,Betfair,51.0,Betfair,23.0,Betfair,56.0,,0,0,,0.0,0.0,,0.0,0.0,Betano.br,2.3,1.57,Betano.br,1.7,2.07,,0.0,0.0,,0.0,0.0,,0.0,0.0,,0.0,0.0,,0,0,Betano.br,14.0,8.0,0.0,Betano.br,6.4,4.85,27.0,Novibet,2.9,3.45,12.75,Betano.br,1.2,5.8,2.1,Betano.br,1.04,10.5,1.37,Betano.br,0.0,0.0,1.12,,,,,,,,,,,,,,,,,,,,,,,,,,,,,,,,,,,,,,,,,,,,,,,,,3.0,2.0,,,,,,,,,,,,,,,,,,,,,,,,,,,,,,,,,,,,,,,,,,,,,,,,,,,,,,,,,,,,,,,,,,,1.0,1.0,,,,,,,,,,,,,,,,,,,,,,,,,,,,,,,,,,,,,,,,,,,,,,,,,,,,,,,,,,,,,,,,,,,2.0,1.0,,,,,,,,,,,,,,,,,,,Primera B,4dzRa7y9
OppTxohq,COLOMBIA,2024,COLOMBIA 2,COLOMBIA 2,21/02/2024,00:40,Round 4,Huila,xCqdiIm1,Real Cundinamarca,ze01M68P,False,1,0,,,,,,[73],[],Betfair,2.1,2.0,6.0,Betano.br,1.93,2.52,5.3,Betfair,1.5,3.8,5.5,Betano.br,1.47,2.57,Novibet,3.35,1.29,Novibet,8.2,1.05,Betano.br,1.3,3.25,Novibet,2.5,1.49,Novibet,5.6,1.12,Betfair,1.05,8.0,Betfair,1.36,2.88,Betfair,2.2,1.6,Betfair,4.0,1.2,Betfair,8.0,1.05,Betfair,2.2,1.6,Novibet,5.6,1.12,Novibet,4.15,1.2,Betano.br,1.16,1.24,2.35,Novibet,1.16,1.69,1.5,Betano.br,1.16,1.47,1.75,Betano.br,1.2,4.0,Betano.br,1.3,3.2,Betano.br,1.27,3.55,Betfair,2.4,14.0,56.0,4.0,5.0,12.0,21.0,15.0,10.0,Novibet,1.88,1.85,Novibet,2.15,1.65,Novibet,1.99,1.72,Betfair,7.0,Betfair,4.5,Betfair,11.0,Betfair,6.0,Betfair,5.5,Betfair,26.0,Betfair,7.0,Betfair,15.0,Betfair,15.0,Betfair,9.0,Betfair,81.0,Betfair,11.0,Betfair,56.0,Betfair,26.0,Betfair,71.0,,0,0,,0.0,0.0,,0.0,0.0,Betano.br,2.02,1.75,Betano.br,1.57,2.3,,0.0,0.0,,0.0,0.0,,0.0,0.0,,0.0,0.0,,0,0,Novibet,16.25,8.2,0.0,Betano.br,5.5,4.55,29.0,Betano.br,2.7,3.4,14.0,Betano.br,1.16,6.4,2.35,Betano.br,1.04,11.0,1.45,Betano.br,0.0,0.0,1.15,,,,,,,,,,,,,,,,,,,,,,,,,,,,,,,,,,,,,,,,,,,,,,,,,3.0,2.0,,,,,,,,,,,,,,,,,,,,,,,,,,,,,,,,,,,,,,,,,,,,,,,,,,,,,,,,,,,,,,,,,,,1.0,0.0,,,,,,,,,,,,,,,,,,,,,,,,,,,,,,,,,,,,,,,,,,,,,,,,,,,,,,,,,,,,,,,,,,,2.0,2.0,,,,,,,,,,,,,,,,,,,Primera B,4dzRa7y9
bqAfOowj,COLOMBIA,2024,COLOMBIA 2,COLOMBIA 2,16/02/2024,20:30,Round 3,Orsomarso,ET6jTFPs,U. Magdalena,tpLItk4L,False,1,3,,,,,,[65],"[21, 41, 46]",Betfair,3.5,1.91,3.3,Betano.br,3.15,2.27,2.9,Betfair,2.75,3.0,2.4,Betano.br,1.55,2.35,Betano.br,3.2,1.3,Betano.br,7.1,1.06,Betano.br,1.31,3.15,Betano.br,2.32,1.53,Betano.br,4.85,1.15,Betfair,1.06,7.5,Betfair,1.36,2.88,Betfair,2.25,1.57,Betfair,4.5,1.17,Betfair,9.0,1.03,Betfair,1.91,1.8,Betano.br,4.75,1.16,,0.0,0.0,Betano.br,1.5,1.36,1.42,Betano.br,1.32,1.78,1.28,Betano.br,1.38,1.57,1.33,Betano.br,1.98,1.75,Betano.br,1.93,1.78,Betano.br,1.95,1.78,Betfair,4.5,13.0,26.0,6.5,4.2,6.0,31.0,13.0,4.33,Betano.br,1.91,1.8,,0.0,0.0,,0.0,0.0,Betfair,6.0,Betfair,6.5,Betfair,6.0,Betfair,5.0,Betfair,11.0,Betfair,9.5,Betfair,9.0,Betfair,8.0,Betfair,12.0,Betfair,26.0,Betfair,21.0,Betfair,20.0,Betfair,18.0,Betfair,34.0,Betfair,26.0,,0,0,,0.0,0.0,,0.0,0.0,,0.0,0.0,,0.0,0.0,,0.0,0.0,,0.0,0.0,,0.0,0.0,,0.0,0.0,,0,0,Betano.br,27.0,12.0,26.0,Betano.br,16.5,7.7,13.5,Betano.br,6.7,4.25,5.7,Betano.br,1.5,4.0,1.42,Betano.br,1.14,7.0,1.11,Betano.br,1.04,11.75,1.03,,,,,,,,,,,,,,,,,,,,,,,,,,,,,,,,,,,,,,,,,,,,,,,,,3.0,3.0,,,,,,,,,,,,,,,,,,,,,,,,,,,,,,,,,,,,,,,,,,,,,,,,,,,,,,,,,,,,,,,,,,,1.0,1.0,,,,,,,,,,,,,,,,,,,,,,,,,,,,,,,,,,,,,,,,,,,,,,,,,,,,,,,,,,,,,,,,,,,2.0,2.0,,,,,,,,,,,,,,,,,,,Primera B,4dzRa7y9
A1nuzqx2,COLOMBIA,2024,COLOMBIA 2,COLOMBIA 2,22/02/2024,23:00,Round 4,Quindio,zms5B2Zr,Real Santander,nPIUdlJE,False,4,0,,,,,,"[34, 38, 86, 90]",[],Betfair,1.83,2.2,8.0,Betano.br,1.75,2.6,6.8,Betfair,1.3,4.4,8.5,Novibet,1.47,2.55,Novibet,3.2,1.32,Novibet,7.7,1.06,Novibet,1.3,3.3,Novibet,2.4,1.53,Novibet,5.25,1.13,Betfair,1.03,9.0,Betfair,1.3,3.2,Betfair,2.0,1.73,Betfair,3.8,1.22,Betfair,8.0,1.05,Betfair,2.4,1.5,Betano.br,5.8,1.11,Novibet,4.15,1.2,Betano.br,1.1,1.21,2.8,Betano.br,1.1,1.6,1.75,Betano.br,1.11,1.44,1.93,Betano.br,1.14,5.0,Betano.br,1.2,4.0,Betano.br,1.19,4.4,Betfair,2.0,17.0,81.0,3.75,6.0,15.0,23.0,20.0,14.0,Novibet,1.88,1.85,Novibet,2.1,1.67,Novibet,1.97,1.74,Betfair,8.0,Betfair,4.5,Betfair,15.0,Betfair,7.5,Betfair,4.5,Betfair,41.0,Betfair,7.0,Betfair,23.0,Betfair,21.0,Betfair,7.0,Betfair,176.0,Betfair,10.0,Betfair,91.0,Betfair,31.0,Betfair,101.0,,0,0,,0.0,0.0,Betano.br,2.27,1.6,Betano.br,1.72,2.05,Betano.br,1.57,2.3,,0.0,0.0,,0.0,0.0,,0.0,0.0,,0.0,0.0,,0,0,Novibet,12.5,7.2,0.0,Betano.br,4.5,4.15,30.0,Betano.br,2.32,3.35,20.0,Betano.br,1.1,7.5,2.8,Betano.br,1.04,11.0,1.6,Betano.br,0.0,0.0,1.2,,,,,,,,,,,,,,,,,,,,,,,,,,,,,,,,,,,,,,,,,,,,,,,,,2.0,2.0,0.0,1.0,,,,,,,,,,,,,,,,,,,,,,,,,,,,,,,,,,,,,,,,,,,,,,,,,,,,,,,,,,,,,,,,,,,0.0,1.0,,,,,,,,,,,,,,,,,,,,,,,,,,,,,,,,,,,,,,,,,,,,,,,,,,,,,,,,,,,,,,,,,2.0,2.0,,,,,,,,,,,,,,,,,,,Primera B,4dzRa7y9
AghGbSE2,COLOMBIA,2024,COLOMBIA 2,COLOMBIA 2,20/02/2024,23:00,Round 4,U. Magdalena,tpLItk4L,Barranquilla,O8ANu9JR,False,1,3,,,,,,[64],"[12, 57, 77]",Betfair,2.6,2.0,4.2,Novibet,1.9,2.5,5.15,Betfair,1.91,3.25,3.6,Novibet,1.42,2.7,Novibet,2.95,1.36,Novibet,7.1,1.07,Betano.br,1.19,4.25,Novibet,2.25,1.6,Novibet,4.75,1.16,Betfair,1.06,9.0,Betfair,1.3,3.4,Betfair,1.95,1.75,Betfair,3.5,1.29,Betfair,7.5,1.08,Betfair,1.8,1.95,Novibet,5.25,1.13,Novibet,3.9,1.23,Novibet,1.14,1.22,2.25,Betano.br,1.18,1.65,1.55,Novibet,1.16,1.45,1.75,Novibet,1.19,4.1,Novibet,1.28,3.45,Novibet,1.29,3.4,Betfair,3.25,12.0,31.0,5.0,4.5,8.0,20.0,13.0,6.0,Novibet,1.87,1.86,Novibet,2.07,1.69,Novibet,1.95,1.76,Betfair,7.5,Betfair,6.0,Betfair,9.0,Betfair,5.5,Betfair,8.0,Betfair,15.0,Betfair,7.0,Betfair,10.0,Betfair,11.0,Betfair,14.0,Betfair,36.0,Betfair,13.0,Betfair,23.0,Betfair,21.0,Betfair,31.0,,0,0,,0.0,0.0,,0.0,0.0,Betano.br,2.32,1.57,Betano.br,2.05,1.72,,0.0,0.0,,0.0,0.0,,0.0,0.0,,0.0,0.0,,0,0,Betano.br,16.5,9.5,0.0,Betano.br,8.0,5.8,14.0,Novibet,2.5,3.4,15.5,Novibet,1.12,6.4,2.4,Betano.br,1.12,8.0,1.26,Novibet,0.0,0.0,1.14,,,,,,,,,,,,,,,,,,,,,,,,,,,,,,,,,,,,,,,,,,,,,,,,,2.0,3.0,,,,,,,,,,,,,,,,,,,,,,,,,,,,,,,,,,,,,,,,,,,,,,,,,,,,,,,,,,,,,,,,,,,2.0,0.0,,,,,,,,,,,,,,,,,,,,,,,,,,,,,,,,,,,,,,,,,,,,,,,,,,,,,,,,,,,,,,,,,,,0.0,3.0,,,,,,,,,,,,,,,,,,,Primera B,4dzRa7y9
K8DgYiXn,COLOMBIA,2024,COLOMBIA 2,COLOMBIA 2,02/02/2024,21:00,Round 1,Bogota,foERz7de,U. Magdalena,tpLItk4L,False,0,2,,,,,,[],"[45, 76]",Betfair,3.1,2.0,3.5,Betano.br,2.85,2.32,3.1,Betfair,2.4,3.1,2.63,Betano.br,1.52,2.42,Betano.br,3.1,1.32,Betano.br,6.9,1.07,Betano.br,1.29,3.25,Betano.br,2.27,1.57,Betano.br,4.65,1.16,Betfair,1.05,8.0,Betfair,1.3,3.2,Betfair,2.1,1.65,Betfair,3.8,1.22,Betfair,8.0,1.05,Betfair,1.8,1.91,Betano.br,4.65,1.17,,0.0,0.0,Betano.br,1.42,1.34,1.53,Betano.br,1.28,1.75,1.34,Betano.br,1.34,1.55,1.39,Betano.br,1.75,1.98,Betano.br,1.75,1.98,Betano.br,1.8,1.95,Betfair,4.0,12.0,26.0,6.0,4.5,6.5,23.0,13.0,4.5,Betano.br,1.9,1.8,,0.0,0.0,,0.0,0.0,Betfair,7.0,Betfair,6.5,Betfair,7.0,Betfair,5.0,Betfair,9.5,Betfair,11.0,Betfair,8.0,Betfair,8.0,Betfair,11.0,Betfair,21.0,Betfair,23.0,Betfair,17.0,Betfair,20.0,Betfair,26.0,Betfair,26.0,,0,0,,0.0,0.0,,0.0,0.0,,0.0,0.0,,0.0,0.0,,0.0,0.0,,0.0,0.0,,0.0,0.0,,0.0,0.0,,0,0,Betano.br,24.0,11.5,25.0,Betano.br,12.5,6.8,16.0,Betano.br,5.4,4.0,6.6,Betano.br,1.42,4.25,1.53,Betano.br,1.12,7.6,1.16,Betano.br,1.04,11.5,1.04,,,,,,,,,,,,,,,,,,,,,,,,,,,,,,,,,,,,,,,,,,,,,,,,,3.0,0.0,,,,,,,,,,,,,,,,,,,,,,,,,,,,,,,,,,,,,,,,,,,,,,,,,,,,,,,,,,,,,,,,,,,,,,,,,,,,,,,,,,,,,,,,,,,,,,,,,,,,,,,,,,,,,,,,,,,,,,,,,,,,,,,,,,,,,,,3.0,0.0,,,,,,,,,,,,,,,,,,,Primera B,4dzRa7y9
2i9ETToI,COLOMBIA,2024,COLOMBIA 2,COLOMBIA 2,03/02/2024,20:45,Round 1,Cartagena,6eofBSjQ,Inter Palmira,8tIHbqDh,False,2,0,,,,,,"[33, 55]",[],Betfair,2.38,2.0,5.0,Betano.br,2.07,2.47,4.7,Betfair,1.7,3.4,4.33,Novibet,1.45,2.6,Novibet,3.1,1.34,Novibet,7.4,1.06,Novibet,1.28,3.4,Novibet,2.3,1.57,Novibet,5.0,1.15,Betfair,1.05,8.0,Betfair,1.33,3.0,Betfair,2.2,1.6,Betfair,4.0,1.2,Betfair,8.0,1.05,Betfair,2.0,1.73,Betano.br,5.0,1.15,Novibet,3.7,1.25,Betano.br,1.2,1.27,2.1,Novibet,1.2,1.66,1.48,Betano.br,1.19,1.5,1.65,Betano.br,1.29,3.25,Betano.br,1.37,2.85,Betano.br,1.36,3.0,Betfair,2.8,13.0,41.0,4.5,4.5,10.0,21.0,14.0,8.0,Novibet,1.88,1.85,Novibet,2.1,1.68,Novibet,1.96,1.74,Betfair,7.0,Betfair,5.0,Betfair,10.0,Betfair,5.5,Betfair,6.0,Betfair,20.0,Betfair,7.0,Betfair,12.0,Betfair,14.0,Betfair,11.0,Betfair,56.0,Betfair,12.0,Betfair,36.0,Betfair,26.0,Betfair,51.0,,0,0,,0.0,0.0,,0.0,0.0,Betano.br,2.3,1.57,Betano.br,1.7,2.07,,0.0,0.0,,0.0,0.0,,0.0,0.0,,0.0,0.0,,0,0,Betano.br,14.0,8.0,0.0,Betano.br,6.5,4.9,26.0,Betano.br,3.1,3.45,11.75,Betano.br,1.2,5.8,2.1,Betano.br,1.05,10.5,1.37,Betano.br,0.0,0.0,1.12,,,,,,,,,,,,,,,,,,,,,,,,,,,,,,,,,,,,,,,,,,,,,,,,,1.0,3.0,,,,,,,,,,,,,,,,,,,,,,,,,,,,,,,,,,,,,,,,,,,,,,,,,,,,,,,,,,,,,,,,,,,0.0,1.0,,,,,,,,,,,,,,,,,,,,,,,,,,,,,,,,,,,,,,,,,,,,,,,,,,,,,,,,,,,,,,,,,,,1.0,2.0,,,,,,,,,,,,,,,,,,,Primera B,4dzRa7y9
Gz72WV1a,COLOMBIA,2024,COLOMBIA 2,COLOMBIA 2,03/02/2024,20:30,Round 1,Barranquilla,O8ANu9JR,Tigres,EcJJz8BQ,False,2,2,,,,,,"[71, 90]","[66, 79]",Betfair,2.63,1.91,4.5,Betano.br,2.32,2.32,4.25,Betfair,1.87,3.1,3.8,Novibet,1.51,2.45,Novibet,3.35,1.29,Novibet,8.2,1.05,Novibet,1.33,3.15,Novibet,2.45,1.5,Novibet,5.5,1.12,Betfair,1.06,7.5,Betfair,1.4,2.75,Betfair,2.25,1.57,Betfair,4.8,1.14,Betfair,9.0,1.03,Betfair,2.0,1.7,Novibet,5.25,1.13,Novibet,3.85,1.23,Betano.br,1.24,1.32,1.88,Betano.br,1.18,1.72,1.47,Novibet,1.25,1.56,1.47,Betano.br,1.37,2.85,Betano.br,1.44,2.62,Betano.br,1.45,2.65,Betfair,3.2,12.0,41.0,4.5,4.33,8.5,23.0,13.0,7.0,Betano.br,1.9,1.82,Novibet,2.15,1.65,Novibet,2.0,1.72,Betfair,6.5,Betfair,5.0,Betfair,8.0,Betfair,5.0,Betfair,7.0,Betfair,15.0,Betfair,7.0,Betfair,11.0,Betfair,13.0,Betfair,14.0,Betfair,46.0,Betfair,15.0,Betfair,34.0,Betfair,26.0,Betfair,46.0,,0,0,,0.0,0.0,,0.0,0.0,,0.0,0.0,Betano.br,1.88,1.85,,0.0,0.0,,0.0,0.0,,0.0,0.0,,0.0,0.0,,0,0,Betano.br,18.0,9.25,0.0,Betano.br,8.5,5.4,25.0,Betano.br,3.7,3.45,11.0,Betano.br,1.24,5.3,1.88,Betano.br,1.05,10.0,1.27,Betano.br,0.0,0.0,1.08,,,,,,,,,,,,,,,,,,,,,,,,,,,,,,,,,,,,,,,,,,,,,,,,,1.0,3.0,0.0,1.0,,,,,,,,,,,,,,,,,,,,,,,,,,,,,,,,,,,,,,,,,,,,,,,,,,,,,,,,,,,,,,,,,0.0,1.0,,,,,,,,,,,,,,,,,,,,,,,,,,,,,,,,,,,,,,,,,,,,,,,,,,,,,,,,,,,,,,,,,,,1.0,2.0,0.0,1.0,,,,,,,,,,,,,,,,,Primera B,4dzRa7y9
xz9bN5hd,COLOMBIA,2024,COLOMBIA 2,COLOMBIA 2,17/02/2024,20:30,Round 3,Boca Juniors,6yoKBtoR,Huila,xCqdiIm1,False,0,2,,,,,,[],"[32, 42]",Betfair,3.6,1.91,3.2,Novibet,3.4,2.2,2.7,Betfair,2.88,2.9,2.4,Novibet,1.52,2.4,Novibet,3.4,1.29,Novibet,8.3,1.05,Betano.br,1.32,3.1,Novibet,2.5,1.49,Novibet,5.6,1.12,Betfair,1.06,7.5,Betfair,1.4,2.75,Betfair,2.25,1.57,Betfair,4.5,1.17,Betfair,9.0,1.03,Betfair,1.91,1.8,Novibet,5.2,1.13,Novibet,3.8,1.23,Betano.br,1.55,1.36,1.38,Betano.br,1.34,1.78,1.26,Novibet,1.41,1.59,1.29,Novibet,2.15,1.61,Novibet,2.1,1.67,Novibet,2.1,1.67,Betfair,5.0,13.0,26.0,6.5,4.2,5.5,31.0,12.0,4.2,Betano.br,1.91,1.8,Novibet,2.15,1.64,Novibet,2.01,1.71,Betfair,6.0,Betfair,6.5,Betfair,6.0,Betfair,5.0,Betfair,11.0,Betfair,9.5,Betfair,9.0,Betfair,8.0,Betfair,12.0,Betfair,26.0,Betfair,21.0,Betfair,21.0,Betfair,18.0,Betfair,34.0,Betfair,26.0,,0,0,,0.0,0.0,,0.0,0.0,,0.0,0.0,,0.0,0.0,Betano.br,1.55,2.37,,0.0,0.0,,0.0,0.0,,0.0,0.0,,0,0,Betano.br,0.0,0.0,25.0,Novibet,19.75,8.0,12.0,Novibet,7.5,4.4,4.9,Betano.br,1.55,3.85,1.38,Betano.br,1.16,6.7,1.1,Betano.br,1.04,11.25,0.0,,,,,,,,,,,,,,,,,,,,,,,,,,,,,,,,,,,,,,,,,,,,,,,,,2.0,1.0,,,,,,,,,,,,,,,,,,,,,,,,,,,,,,,,,,,,,,,,,,,,,,,,,,,,,,,,,,,,,,,,,,,0.0,1.0,,,,,,,,,,,,,,,,,,,,,,,,,,,,,,,,,,,,,,,,,,,,,,,,,,,,,,,,,,,,,,,,,,,2.0,0.0,,,,,,,,,,,,,,,,,,,Primera B,4dzRa7y9
jwctnkVd,COLOMBIA,2024,COLOMBIA 2,COLOMBIA 2,15/02/2024,20:30,Round 3,Real Santander,nPIUdlJE,Tigres,EcJJz8BQ,False,0,3,,,,,,[],"[40, 81, 90]",Betfair,2.6,1.91,5.0,Betano.br,2.32,2.25,4.4,Betfair,1.83,2.9,4.2,Novibet,1.56,2.3,Novibet,3.6,1.26,Novibet,8.9,1.04,Betano.br,1.36,2.92,Novibet,2.65,1.43,Novibet,6.1,1.1,Betfair,1.07,7.0,Betfair,1.44,2.6,Betfair,2.4,1.5,Betfair,4.8,1.14,Betfair,10.0,1.02,Betfair,2.15,1.6,Novibet,5.8,1.11,Novibet,4.2,1.2,Betano.br,1.23,1.32,1.88,Betano.br,1.17,1.78,1.47,Novibet,1.21,1.6,1.5,Betano.br,1.36,2.9,Betano.br,1.42,2.65,Betano.br,1.44,2.67,Betfair,3.1,13.0,46.0,4.5,4.2,9.0,23.0,14.0,7.5,Novibet,1.91,1.82,Novibet,2.2,1.62,Novibet,2.04,1.69,Betfair,5.5,Betfair,5.0,Betfair,8.5,Betfair,5.5,Betfair,7.0,Betfair,17.0,Betfair,7.5,Betfair,12.0,Betfair,15.0,Betfair,13.0,Betfair,56.0,Betfair,15.0,Betfair,36.0,Betfair,31.0,Betfair,51.0,,0,0,,0.0,0.0,Betano.br,2.3,1.57,Betano.br,2.37,1.55,Novibet,1.83,1.9,,0.0,0.0,,0.0,0.0,,0.0,0.0,,0.0,0.0,,0,0,Novibet,19.5,9.0,0.0,Novibet,9.1,5.45,31.0,Novibet,3.85,3.4,11.5,Betano.br,1.23,5.3,1.88,Betano.br,1.05,10.0,1.27,Betano.br,0.0,0.0,1.08,,,,,,,,,,,,,,,,,,,,,,,,,,,,,,,,,,,,,,,,,,,,,,,,,3.0,4.0,,,,,,,,,,,,,,,,,,,,,,,,,,,,,,,,,,,,,,,,,,,,,,,,,,,,,,,,,,,,,,,,,,,1.0,1.0,,,,,,,,,,,,,,,,,,,,,,,,,,,,,,,,,,,,,,,,,,,,,,,,,,,,,,,,,,,,,,,,,,,2.0,3.0,,,,,,,,,,,,,,,,,,,Primera B,4dzRa7y9
Sx11oIvn,COLOMBIA,2024,COLOMBIA 2,COLOMBIA 2,10/02/2024,20:30,Round 2,Boca Juniors,6yoKBtoR,Bogota,foERz7de,False,1,2,,,,,,[23],"[49, 89]",Betfair,2.63,1.91,4.5,Betano.br,2.35,2.3,4.2,Betfair,1.91,3.0,3.75,Novibet,1.52,2.4,Novibet,3.4,1.28,Novibet,8.4,1.05,Novibet,1.33,3.15,Novibet,2.5,1.48,Novibet,5.7,1.11,Betfair,1.06,7.5,Betfair,1.4,2.75,Betfair,2.25,1.57,Betfair,4.8,1.14,Betfair,9.0,1.03,Betfair,2.0,1.7,Novibet,5.45,1.12,Novibet,4.05,1.21,Betano.br,1.25,1.32,1.83,Betano.br,1.19,1.75,1.45,Betano.br,1.22,1.57,1.53,Betano.br,1.4,2.75,Novibet,1.49,2.5,Betano.br,1.47,2.57,Betfair,3.25,13.0,41.0,5.0,4.33,8.0,23.0,13.0,6.5,Betano.br,1.9,1.82,Novibet,2.15,1.65,Novibet,1.99,1.72,Betfair,6.0,Betfair,5.0,Betfair,8.0,Betfair,5.0,Betfair,7.0,Betfair,15.0,Betfair,7.5,Betfair,11.0,Betfair,13.0,Betfair,14.0,Betfair,46.0,Betfair,15.0,Betfair,34.0,Betfair,26.0,Betfair,46.0,,0,0,,0.0,0.0,,0.0,0.0,,0.0,0.0,Betano.br,1.93,1.82,,0.0,0.0,,0.0,0.0,,0.0,0.0,,0.0,0.0,,0,0,Novibet,19.25,9.0,0.0,Novibet,8.9,5.35,26.0,Betano.br,3.9,3.5,10.25,Betano.br,1.25,5.2,1.83,Betano.br,1.06,9.75,1.25,Betano.br,0.0,0.0,1.07,,,,,,,,,,,,,,,,,,,,,,,,,,,,,,,,,,,,,,,,,,,,,,,,,3.0,4.0,,,,,,,,,,,,,,,,,,,,,,,,,,,,,,,,,,,,,,,,,,,,,,,,,,,,,,,,,,,,,,,,,,,2.0,2.0,,,,,,,,,,,,,,,,,,,,,,,,,,,,,,,,,,,,,,,,,,,,,,,,,,,,,,,,,,,,,,,,,,,1.0,2.0,,,,,,,,,,,,,,,,,,,Primera B,4dzRa7y9
WAmyyPMe,COLOMBIA,2024,COLOMBIA 2,COLOMBIA 2,21/02/2024,21:00,Round 4,Inter Palmira,8tIHbqDh,Leones,IZmBcNVO,False,2,2,,,,,,"[36, 43]","[25, 58]",Betfair,2.88,2.0,3.75,Betano.br,2.45,2.42,3.6,Betfair,2.15,3.1,3.0,Novibet,1.44,2.65,Betano.br,3.0,1.34,Novibet,7.2,1.07,Novibet,1.27,3.5,Novibet,2.25,1.6,Novibet,4.8,1.16,Betfair,1.05,8.0,Betfair,1.29,3.3,Betfair,2.0,1.73,Betfair,3.8,1.22,Betfair,7.5,1.05,Betfair,1.73,1.95,Novibet,4.65,1.17,Novibet,3.4,1.28,Betano.br,1.33,1.3,1.72,Betano.br,1.25,1.7,1.42,Betano.br,1.28,1.52,1.5,Betano.br,1.53,2.35,Betano.br,1.6,2.2,Betano.br,1.57,2.3,Betfair,3.6,12.0,26.0,5.5,4.5,7.0,23.0,12.0,5.0,Betano.br,1.88,1.83,Novibet,2.09,1.68,Novibet,1.96,1.75,Betfair,7.5,Betfair,6.5,Betfair,8.0,Betfair,5.0,Betfair,9.0,Betfair,13.0,Betfair,7.5,Betfair,9.0,Betfair,11.0,Betfair,15.0,Betfair,26.0,Betfair,15.0,Betfair,23.0,Betfair,23.0,Betfair,31.0,,0,0,,0.0,0.0,,0.0,0.0,,0.0,0.0,Betano.br,2.07,1.7,Betano.br,1.57,2.32,,0.0,0.0,,0.0,0.0,,0.0,0.0,,0,0,Betano.br,19.5,10.0,22.0,Betano.br,9.25,5.9,18.0,Betano.br,4.15,3.75,7.7,Betano.br,1.33,4.8,1.72,Betano.br,1.09,8.5,1.23,Betano.br,1.05,11.0,1.07,,,,,,,,,,,,,,,,,,,,,,,,,,,,,,,,,,,,,,,,,,,,,,,,,3.0,2.0,,,,,,,,,,,,,,,,,,,,,,,,,,,,,,,,,,,,,,,,,,,,,,,,,,,,,,,,,,,,,,,,,,,,,,,,,,,,,,,,,,,,,,,,,,,,,,,,,,,,,,,,,,,,,,,,,,,,,,,,,,,,,,,,,,,,,,,3.0,2.0,,,,,,,,,,,,,,,,,,,Primera B,4dzRa7y9
dIlErGO4,COLOMBIA,2024,COLOMBIA 2,COLOMBIA 2,11/02/2024,20:30,Round 2,Inter Palmira,8tIHbqDh,Orsomarso,ET6jTFPs,False,0,1,,,,,,[],[62],Betfair,2.8,2.0,4.0,Betano.br,2.4,2.37,3.8,Betfair,2.0,3.1,3.3,Novibet,1.45,2.65,Betano.br,3.1,1.32,Novibet,7.3,1.07,Novibet,1.28,3.45,Betano.br,2.25,1.57,Novibet,4.9,1.15,Betfair,1.05,8.0,Betfair,1.33,3.0,Betfair,2.1,1.65,Betfair,4.0,1.2,Betfair,8.0,1.05,Betfair,1.83,1.83,Novibet,4.8,1.16,Novibet,3.55,1.27,Betano.br,1.29,1.32,1.75,Betano.br,1.22,1.72,1.42,Betano.br,1.25,1.53,1.52,Betano.br,1.47,2.52,Betano.br,1.53,2.32,Betano.br,1.53,2.4,Betfair,3.5,13.0,26.0,5.0,4.5,7.5,21.0,13.0,5.5,Betano.br,1.9,1.82,Novibet,2.09,1.68,Novibet,1.96,1.75,Betfair,7.0,Betfair,6.0,Betfair,8.0,Betfair,5.0,Betfair,8.0,Betfair,13.0,Betfair,7.0,Betfair,9.5,Betfair,12.0,Betfair,15.0,Betfair,31.0,Betfair,14.0,Betfair,23.0,Betfair,26.0,Betfair,31.0,,0,0,,0.0,0.0,,0.0,0.0,Betano.br,2.35,1.55,Betano.br,2.02,1.75,,0.0,0.0,,0.0,0.0,,0.0,0.0,,0.0,0.0,,0,0,Betano.br,19.5,9.75,0.0,Betano.br,9.25,5.7,21.0,Betano.br,4.1,3.6,9.0,Betano.br,1.29,5.0,1.75,Betano.br,1.07,9.0,1.24,Betano.br,0.0,0.0,1.07,,,,,,,,,,,,,,,,,,,,,,,,,,,,,,,,,,,,,,,,,,,,,,,,,3.0,2.0,,,,,,,,,,,,,,,,,,,,,,,,,,,,,,,,,,,,,,,,,,,,,,,,,,,,,,,,,,,,,,,,,,,0.0,1.0,,,,,,,,,,,,,,,,,,,,,,,,,,,,,,,,,,,,,,,,,,,,,,,,,,,,,,,,,,,,,,,,,,,3.0,1.0,,,,,,,,,,,,,,,,,,,Primera B,4dzRa7y9
baCcXBng,COLOMBIA,2024,COLOMBIA 2,COLOMBIA 2,04/02/2024,20:30,Round 1,Orsomarso,ET6jTFPs,Real Cundinamarca,ze01M68P,False,1,1,,,,,,[72],[12],Betfair,3.0,1.83,4.0,Betano.br,2.8,2.2,3.5,Betfair,2.2,2.88,3.1,Betano.br,1.62,2.22,Betano.br,3.55,1.25,Betano.br,7.8,1.05,Betano.br,1.36,2.9,Betano.br,2.57,1.45,Betano.br,5.5,1.11,Betfair,1.08,6.5,Betfair,1.45,2.55,Betfair,2.6,1.44,Betfair,5.5,1.11,Betfair,11.0,1.01,Betfair,2.05,1.67,Betano.br,5.3,1.13,,0.0,0.0,Betano.br,1.35,1.36,1.57,Betano.br,1.23,1.8,1.35,Betano.br,1.29,1.6,1.4,Betano.br,1.62,2.15,Betano.br,1.65,2.12,Betano.br,1.7,2.07,Betfair,3.75,13.0,36.0,5.5,3.75,7.0,26.0,13.0,5.5,Betano.br,1.91,1.8,,0.0,0.0,,0.0,0.0,Betfair,5.5,Betfair,5.0,Betfair,7.0,Betfair,5.0,Betfair,8.5,Betfair,12.0,Betfair,8.0,Betfair,10.0,Betfair,14.0,Betfair,19.0,Betfair,36.0,Betfair,18.0,Betfair,26.0,Betfair,34.0,Betfair,46.0,,0,0,,0.0,0.0,,0.0,0.0,,0.0,0.0,Betano.br,2.3,1.57,,0.0,0.0,,0.0,0.0,,0.0,0.0,,0.0,0.0,,0,0,Betano.br,25.0,11.25,0.0,Betano.br,12.5,6.6,20.0,Betano.br,5.3,3.75,8.0,Betano.br,1.35,4.4,1.57,Betano.br,1.09,8.5,1.17,Betano.br,0.0,0.0,1.04,,,,,,,,,,,,,,,,,,,,,,,,,,,,,,,,,,,,,,,,,,,,,,,,,2.0,3.0,,,,,,,,,,,,,,,,,,,,,,,,,,,,,,,,,,,,,,,,,,,,,,,,,,,,,,,,,,,,,,,,,,,1.0,1.0,,,,,,,,,,,,,,,,,,,,,,,,,,,,,,,,,,,,,,,,,,,,,,,,,,,,,,,,,,,,,,,,,,,1.0,2.0,,,,,,,,,,,,,,,,,,,Primera B,4dzRa7y9
4rhMtfgH,COLOMBIA,2024,COLOMBIA 2,COLOMBIA 2,10/02/2024,20:30,Round 2,Real Cundinamarca,ze01M68P,Real Santander,nPIUdlJE,False,4,2,,,,,,"[42, 49, 60, 82]","[85, 90]",Betfair,2.8,1.91,4.2,Betano.br,2.52,2.3,3.75,Betfair,2.05,3.0,3.25,Novibet,1.52,2.4,Novibet,3.4,1.29,Novibet,8.3,1.05,Betano.br,1.32,3.1,Novibet,2.5,1.48,Novibet,5.7,1.11,Betfair,1.06,7.5,Betfair,1.36,2.88,Betfair,2.25,1.57,Betfair,4.5,1.17,Betfair,9.0,1.03,Betfair,1.95,1.73,Novibet,5.25,1.13,Novibet,3.85,1.23,Betano.br,1.3,1.33,1.72,Betano.br,1.22,1.75,1.4,Novibet,1.27,1.59,1.43,Betano.br,1.5,2.42,Betano.br,1.55,2.3,Betano.br,1.57,2.32,Betfair,3.5,13.0,36.0,5.0,4.33,7.5,23.0,13.0,6.0,Novibet,1.91,1.82,Novibet,2.15,1.64,Novibet,2.02,1.7,Betfair,6.5,Betfair,5.5,Betfair,7.5,Betfair,5.0,Betfair,8.0,Betfair,13.0,Betfair,7.5,Betfair,10.0,Betfair,13.0,Betfair,15.0,Betfair,36.0,Betfair,15.0,Betfair,26.0,Betfair,26.0,Betfair,41.0,,0,0,,0.0,0.0,,0.0,0.0,,0.0,0.0,Betano.br,2.07,1.7,Novibet,1.67,2.1,,0.0,0.0,,0.0,0.0,,0.0,0.0,,0,0,Betano.br,21.0,10.25,27.0,Novibet,11.0,6.1,22.0,Betano.br,4.35,3.65,9.0,Betano.br,1.3,4.8,1.72,Betano.br,1.07,9.0,1.22,Betano.br,1.03,12.0,1.06,,,,,,,,,,,,,,,,,,,,,,,,,,,,,,,,,,,,,,,,,,,,,,,,,5.0,2.0,,,,,,,,,,,,,,,,,,,,,,,,,,,,,,,,,,,,,,,,,,,,,,,,,,,,,,,,,,,,,,,,,,,1.0,1.0,,,,,,,,,,,,,,,,,,,,,,,,,,,,,,,,,,,,,,,,,,,,,,,,,,,,,,,,,,,,,,,,,,,4.0,1.0,,,,,,,,,,,,,,,,,,,Primera B,4dzRa7y9
