Match_ID,Country,Season,Div,Sub_League,Tournament_ID,League,Date,Time,Round,Home,Home_ID,Away,Away_ID,Neutral_Location,Home_Score,Away_Score,LegMatch,First_Leg_Home_Score,First_Leg_Away_Score,Agg_Home_Score,Agg_Away_Score,Min_Goals_Home,Min_Goals_Away,Bookie_1X2_HT,Odd_1_HT,Odd_X_HT,Odd_2_HT,Bookie_1X2_2T,Odd_1_2T,Odd_X_2T,Odd_2_2T,Bookie_1X2_FT,Odd_1_FT,Odd_X_FT,Odd_2_FT,Bookie_OU_HT_0_5,Over_HT_0_5,Under_HT_0_5,Bookie_OU_HT_1_5,Over_HT_1_5,Under_HT_1_5,Bookie_OU_HT_2_5,Over_HT_2_5,Under_HT_2_5,Bookie_OU_2T_0_5,Over_2T_0_5,Under_2T_0_5,Bookie_OU_2T_1_5,Over_2T_1_5,Under_2T_1_5,Bookie_OU_2T_2_5,Over_2T_2_5,Under_2T_2_5,Bookie_OU_FT_0_5,Over_FT_0_5,Under_FT_0_5,Bookie_OU_FT_1_5,Over_FT_1_5,Under_FT_1_5,Bookie_OU_FT_2_5,Over_FT_2_5,Under_FT_2_5,Bookie_OU_FT_3_5,Over_FT_3_5,Under_FT_3_5,Bookie_OU_FT_4_5,Over_FT_4_5,Under_FT_4_5,Bookie_BTTS,BTTS_Yes,BTTS_No,Bookie_BTTS_HT,BTTS_Yes_HT,BTTS_No_HT,Bookie_BTTS_2T,BTTS_Yes_2T,BTTS_No_2T,Bookie_DC,DC_1X,DC_12,DC_X2,Bookie_DC_HT,DC_1X_HT,DC_12_HT,DC_X2_HT,Bookie_DC_2T,DC_1X_2T,DC_12_2T,DC_X2_2T,Bookie_DNB_FT,DNB_Home_FT,DNB_Away_FT,Bookie_DNB_HT,DNB_Home_HT,DNB_Away_HT,Bookie_DNB_2T,DNB_Home_2T,DNB_Away_2T,Bookie_HT_FT,HT_FT_1_1,HT_FT_1_X,HT_FT_1_2,HT_FT_X_1,HT_FT_X_X,HT_FT_X_2,HT_FT_2_1,HT_FT_2_X,HT_FT_2_2,Bookie_OE_FT,OE_Odd_FT,OE_Even_FT,Bookie_OE_HT,OE_Odd_HT,OE_Even_HT,Bookie_OE_2T,OE_Odd_2T,OE_Even_2T,Bookie_CS_0_0,CS_0_0,Bookie_CS_1_0,CS_1_0,Bookie_CS_0_1,CS_0_1,Bookie_CS_1_1,CS_1_1,Bookie_CS_2_0,CS_2_0,Bookie_CS_0_2,CS_0_2,Bookie_CS_2_1,CS_2_1,Bookie_CS_1_2,CS_1_2,Bookie_CS_2_2,CS_2_2,Bookie_CS_3_0,CS_3_0,Bookie_CS_0_3,CS_0_3,Bookie_CS_3_1,CS_3_1,Bookie_CS_1_3,CS_1_3,Bookie_CS_3_2,CS_3_2,Bookie_CS_2_3,CS_2_3,Bookie_AH_neg_2_5,AH_Home_neg_2_5,AH_Away_neg_2_5,Bookie_AH_neg_2_0,AH_Home_neg_2_0,AH_Away_neg_2_0,Bookie_AH_neg_1_5,AH_Home_neg_1_5,AH_Away_neg_1_5,Bookie_AH_neg_1_0,AH_Home_neg_1_0,AH_Away_neg_1_0,Bookie_AH_neg_0_5,AH_Home_neg_0_5,AH_Away_neg_0_5,Bookie_AH_pos_0_5,AH_Home_pos_0_5,AH_Away_pos_0_5,Bookie_AH_pos_1_0,AH_Home_pos_1_0,AH_Away_pos_1_0,Bookie_AH_pos_1_5,AH_Home_pos_1_5,AH_Away_pos_1_5,Bookie_AH_pos_2_0,AH_Home_pos_2_0,AH_Away_pos_2_0,Bookie_AH_pos_2_5,AH_Home_pos_2_5,AH_Away_pos_2_5,Bookie_EH_neg_3,EH_Home_neg_3,EH_Draw_neg_3,EH_Away_neg_3,Bookie_EH_neg_2,EH_Home_neg_2,EH_Draw_neg_2,EH_Away_neg_2,Bookie_EH_neg_1,EH_Home_neg_1,EH_Draw_neg_1,EH_Away_neg_1,Bookie_EH_pos_1,EH_Home_pos_1,EH_Draw_pos_1,EH_Away_pos_1,Bookie_EH_pos_2,EH_Home_pos_2,EH_Draw_pos_2,EH_Away_pos_2,Bookie_EH_pos_3,EH_Home_pos_3,EH_Draw_pos_3,EH_Away_pos_3,xG_Home_FT,xG_Away_FT,xGOT_Home_FT,xGOT_Away_FT,xA_Home_FT,xA_Away_FT,xGOT_Faced_Home_FT,xGOT_Faced_Away_FT,Goals_Prevented_Home_FT,Goals_Prevented_Away_FT,Possession_Home_FT,Possession_Away_FT,Passes_Pct_Home_FT,Passes_Pct_Away_FT,Long_Passes_Pct_Home_FT,Long_Passes_Pct_Away_FT,Passes_Final_Third_Pct_Home_FT,Passes_Final_Third_Pct_Away_FT,Through_Passes_Home_FT,Through_Passes_Away_FT,Crosses_Pct_Home_FT,Crosses_Pct_Away_FT,Total_Shots_Home_FT,Total_Shots_Away_FT,Shots_On_Target_Home_FT,Shots_On_Target_Away_FT,Shots_Off_Target_Home_FT,Shots_Off_Target_Away_FT,Blocked_Shots_Home_FT,Blocked_Shots_Away_FT,Shots_Inside_Box_Home_FT,Shots_Inside_Box_Away_FT,Shots_Outside_Box_Home_FT,Shots_Outside_Box_Away_FT,Big_Chances_Home_FT,Big_Chances_Away_FT,Hit_Woodwork_Home_FT,Hit_Woodwork_Away_FT,Touches_Box_Home_FT,Touches_Box_Away_FT,Corners_Home_FT,Corners_Away_FT,Free_Kicks_Home_FT,Free_Kicks_Away_FT,Throw_Ins_Home_FT,Throw_Ins_Away_FT,Fouls_Home_FT,Fouls_Away_FT,Yellow_Cards_Home_FT,Yellow_Cards_Away_FT,Red_Cards_Home_FT,Red_Cards_Away_FT,Offsides_Home_FT,Offsides_Away_FT,Goalkeeper_Saves_Home_FT,Goalkeeper_Saves_Away_FT,Tackles_Pct_Home_FT,Tackles_Pct_Away_FT,Duels_Won_Home_FT,Duels_Won_Away_FT,Clearances_Home_FT,Clearances_Away_FT,Interceptions_Home_FT,Interceptions_Away_FT,Errors_Shot_Home_FT,Errors_Shot_Away_FT,Errors_Goal_Home_FT,Errors_Goal_Away_FT,xG_Home_HT,xG_Away_HT,xGOT_Home_HT,xGOT_Away_HT,xA_Home_HT,xA_Away_HT,xGOT_Faced_Home_HT,xGOT_Faced_Away_HT,Goals_Prevented_Home_HT,Goals_Prevented_Away_HT,Possession_Home_HT,Possession_Away_HT,Passes_Pct_Home_HT,Passes_Pct_Away_HT,Long_Passes_Pct_Home_HT,Long_Passes_Pct_Away_HT,Passes_Final_Third_Pct_Home_HT,Passes_Final_Third_Pct_Away_HT,Through_Passes_Home_HT,Through_Passes_Away_HT,Crosses_Pct_Home_HT,Crosses_Pct_Away_HT,Total_Shots_Home_HT,Total_Shots_Away_HT,Shots_On_Target_Home_HT,Shots_On_Target_Away_HT,Shots_Off_Target_Home_HT,Shots_Off_Target_Away_HT,Blocked_Shots_Home_HT,Blocked_Shots_Away_HT,Shots_Inside_Box_Home_HT,Shots_Inside_Box_Away_HT,Shots_Outside_Box_Home_HT,Shots_Outside_Box_Away_HT,Big_Chances_Home_HT,Big_Chances_Away_HT,Hit_Woodwork_Home_HT,Hit_Woodwork_Away_HT,Touches_Box_Home_HT,Touches_Box_Away_HT,Corners_Home_HT,Corners_Away_HT,Free_Kicks_Home_HT,Free_Kicks_Away_HT,Throw_Ins_Home_HT,Throw_Ins_Away_HT,Fouls_Home_HT,Fouls_Away_HT,Yellow_Cards_Home_HT,Yellow_Cards_Away_HT,Red_Cards_Home_HT,Red_Cards_Away_HT,Offsides_Home_HT,Offsides_Away_HT,Goalkeeper_Saves_Home_HT,Goalkeeper_Saves_Away_HT,Tackles_Pct_Home_HT,Tackles_Pct_Away_HT,Duels_Won_Home_HT,Duels_Won_Away_HT,Clearances_Home_HT,Clearances_Away_HT,Interceptions_Home_HT,Interceptions_Away_HT,Errors_Shot_Home_HT,Errors_Shot_Away_HT,Errors_Goal_Home_HT,Errors_Goal_Away_HT,xG_Home_2T,xG_Away_2T,xGOT_Home_2T,xGOT_Away_2T,xA_Home_2T,xA_Away_2T,xGOT_Faced_Home_2T,xGOT_Faced_Away_2T,Goals_Prevented_Home_2T,Goals_Prevented_Away_2T,Possession_Home_2T,Possession_Away_2T,Passes_Pct_Home_2T,Passes_Pct_Away_2T,Long_Passes_Pct_Home_2T,Long_Passes_Pct_Away_2T,Passes_Final_Third_Pct_Home_2T,Passes_Final_Third_Pct_Away_2T,Through_Passes_Home_2T,Through_Passes_Away_2T,Crosses_Pct_Home_2T,Crosses_Pct_Away_2T,Total_Shots_Home_2T,Total_Shots_Away_2T,Shots_On_Target_Home_2T,Shots_On_Target_Away_2T,Shots_Off_Target_Home_2T,Shots_Off_Target_Away_2T,Blocked_Shots_Home_2T,Blocked_Shots_Away_2T,Shots_Inside_Box_Home_2T,Shots_Inside_Box_Away_2T,Shots_Outside_Box_Home_2T,Shots_Outside_Box_Away_2T,Big_Chances_Home_2T,Big_Chances_Away_2T,Hit_Woodwork_Home_2T,Hit_Woodwork_Away_2T,Touches_Box_Home_2T,Touches_Box_Away_2T,Corners_Home_2T,Corners_Away_2T,Free_Kicks_Home_2T,Free_Kicks_Away_2T,Throw_Ins_Home_2T,Throw_Ins_Away_2T,Fouls_Home_2T,Fouls_Away_2T,Yellow_Cards_Home_2T,Yellow_Cards_Away_2T,Red_Cards_Home_2T,Red_Cards_Away_2T,Offsides_Home_2T,Offsides_Away_2T,Goalkeeper_Saves_Home_2T,Goalkeeper_Saves_Away_2T,Tackles_Pct_Home_2T,Tackles_Pct_Away_2T,Duels_Won_Home_2T,Duels_Won_Away_2T,Clearances_Home_2T,Clearances_Away_2T,Interceptions_Home_2T,Interceptions_Away_2T,Errors_Shot_Home_2T,Errors_Shot_Away_2T,Errors_Goal_Home_2T,Errors_Goal_Away_2T
GOyaueQq,EUROPE,2026/2027,EUROPE 3,Conference League,GfRbsVWM,EUROPE 3,20/08/2026,18:00,Final,Vikingur Reykjavik (Ice),hdKpCN4d,Borac Banja Luka (Bih),pWGUPhrD,False,1,3,1,,,,,[75],"[21, 23, 86]",bet365,2.25,2.25,4.5,bet365,2.05,2.6,4.0,bet365,1.7,3.7,4.2,bet365,1.36,3.0,bet365,2.63,1.44,bet365,6.5,1.1,bet365,1.22,4.0,bet365,2.0,1.73,bet365,4.33,1.2,bet365,1.05,8.5,bet365,1.25,3.75,bet365,1.85,1.95,bet365,3.0,1.36,bet365,5.5,1.13,bet365,1.8,1.91,bet365,4.5,1.18,bet365,3.5,1.29,bet365,1.17,1.22,1.95,bet365,1.17,1.57,1.57,Betano.br,1.2,1.42,1.75,bet365,1.3,3.4,Novibet,1.34,3.0,Betano.br,1.36,3.0,bet365,2.63,17.0,41.0,4.75,6.0,9.5,23.0,17.0,7.0,bet365,1.98,1.88,bet365,2.1,1.73,bet365,1.91,1.8,bet365,11.0,bet365,7.5,bet365,13.0,bet365,7.5,bet365,8.5,bet365,23.0,bet365,8.5,bet365,15.0,bet365,15.0,bet365,13.0,bet365,41.0,bet365,15.0,bet365,34.0,bet365,26.0,bet365,41.0,bet365,5.75,1.14,bet365,4.8,1.18,bet365,2.85,1.4,bet365,2.25,1.63,bet365,1.7,2.1,bet365,1.21,4.25,bet365,1.11,6.6,bet365,1.13,5.9,,0.0,0.0,,0.0,0.0,bet365,12.0,8.5,0.0,bet365,5.5,4.75,26.0,bet365,2.88,3.75,9.0,bet365,1.17,6.0,1.95,bet365,1.05,13.0,1.36,bet365,0.0,0.0,1.1,,,,,,,,,,,0.67,0.33,,,,,,,,,,,12.0,9.0,5.0,5.0,5.0,2.0,2.0,2.0,,,,,,,,,,,10.0,2.0,10.0,13.0,13.0,17.0,11.0,8.0,2.0,2.0,,,2.0,2.0,,,,,,,,,,,,,,,,,,,,,,,,,0.63,0.37,,,,,,,,,,,3.0,5.0,1.0,3.0,2.0,2.0,0.0,0.0,,,,,,,,,,,2.0,1.0,6.0,6.0,5.0,15.0,4.0,4.0,1.0,0.0,,,2.0,1.0,,,,,,,,,,,,,,,,,,,,,,,,,0.71,0.29,,,,,,,,,,,9.0,4.0,4.0,2.0,3.0,0.0,2.0,2.0,,,,,,,,,,,8.0,1.0,4.0,7.0,8.0,2.0,7.0,4.0,1.0,2.0,,,0.0,1.0,,,,,,,,,,,,,,
8pNzz0g4,EUROPE,2026/2027,EUROPE 3,Conference League,GfRbsVWM,EUROPE 3,20/08/2026,19:00,Final,Braga (Por),dpUer7ht,Austria Vienna (Aut),lvnOzIkE,False,2,0,1,,,,,"[24, 83, 88]",[],bet365,1.91,2.2,8.0,bet365,1.73,2.6,7.0,bet365,1.4,4.0,8.5,bet365,1.4,2.75,bet365,3.0,1.36,bet365,7.0,1.08,bet365,1.29,3.5,bet365,2.2,1.62,bet365,5.0,1.17,bet365,1.06,8.0,bet365,1.33,3.25,bet365,2.08,1.73,bet365,3.5,1.29,bet365,7.0,1.08,bet365,2.38,1.53,bet365,6.5,1.11,bet365,5.0,1.17,bet365,1.05,1.22,2.75,bet365,1.06,1.62,1.8,Sportingbet.br,1.1,1.41,2.0,bet365,1.1,6.5,BrasilBet,1.13,5.0,Betano.br,1.18,4.5,bet365,2.05,21.0,67.0,3.75,6.0,15.0,26.0,21.0,13.0,bet365,2.0,1.85,bet365,2.1,1.73,bet365,2.0,1.73,bet365,8.5,bet365,5.5,bet365,17.0,bet365,8.5,bet365,6.0,bet365,41.0,bet365,9.5,bet365,26.0,bet365,23.0,bet365,8.5,bet365,101.0,bet365,15.0,bet365,67.0,bet365,41.0,bet365,67.0,bet365,4.0,1.23,bet365,3.3,1.33,bet365,2.2,1.65,bet365,1.65,2.2,bet365,1.4,2.85,bet365,1.1,7.0,SeguroBet,1.02,10.3,,0.0,0.0,,0.0,0.0,,0.0,0.0,bet365,8.0,6.5,0.0,bet365,4.0,4.0,51.0,bet365,2.1,3.4,23.0,bet365,1.05,11.0,2.75,bet365,1.01,29.0,1.62,bet365,0.0,0.0,1.2,3.13,0.38,2.36,0.22,1.35,0.13,0.22,2.36,0.22,0.36,0.58,0.42,0.86,0.83,0.23,0.49,0.72,0.57,1.0,0.0,0.1,0.17,14.0,5.0,5.0,1.0,5.0,3.0,4.0,1.0,11.0,2.0,3.0,3.0,4.0,1.0,0.0,1.0,30.0,4.0,5.0,4.0,18.0,12.0,25.0,20.0,12.0,18.0,2.0,0.0,,,0.0,0.0,1.0,3.0,0.56,0.52,48.0,43.0,12.0,18.0,7.0,10.0,0.0,1.0,0.0,0.0,1.86,0.08,0.98,0.0,0.93,0.04,0.0,0.98,0.0,-0.02,0.66,0.34,0.88,0.8,0.18,0.54,0.76,0.46,0.0,0.0,0.17,0.0,10.0,2.0,3.0,0.0,4.0,1.0,3.0,1.0,7.0,1.0,3.0,1.0,2.0,0.0,0.0,0.0,21.0,2.0,4.0,1.0,7.0,3.0,13.0,8.0,3.0,7.0,,,,,0.0,0.0,0.0,2.0,0.4,0.44,29.0,16.0,6.0,10.0,3.0,5.0,0.0,1.0,0.0,0.0,1.27,0.3,1.38,0.22,0.42,0.09,0.22,1.38,0.22,0.38,0.5,0.5,0.84,0.86,0.26,0.43,0.67,0.66,1.0,0.0,0.0,0.22,4.0,3.0,2.0,1.0,1.0,2.0,1.0,0.0,4.0,1.0,0.0,2.0,2.0,1.0,0.0,1.0,9.0,2.0,1.0,3.0,11.0,9.0,12.0,12.0,9.0,11.0,2.0,0.0,,,0.0,0.0,1.0,1.0,0.83,0.58,19.0,27.0,6.0,8.0,4.0,5.0,0.0,0.0,0.0,0.0
Y34JzIMO,EUROPE,2026/2027,EUROPE 3,Conference League,GfRbsVWM,EUROPE 3,20/08/2026,17:00,Final,Tromso (Nor),25HpQh9o,Brighton (Eng),2XrRecc3,False,0,0,1,,,,,[],[],bet365,5.5,2.4,1.91,bet365,5.0,2.75,1.8,bet365,6.0,4.1,1.45,bet365,1.29,3.5,bet365,2.38,1.53,bet365,5.0,1.14,bet365,1.18,4.5,bet365,1.83,1.83,bet365,3.75,1.25,bet365,1.03,10.0,bet365,1.2,4.33,bet365,1.65,2.2,bet365,2.5,1.5,bet365,4.5,1.17,bet365,1.8,1.91,bet365,4.33,1.2,bet365,3.4,1.3,bet365,2.4,1.17,1.08,bet365,1.8,1.53,1.13,Sportingbet.br,1.95,1.36,1.14,bet365,4.5,1.17,BrasilBet,3.65,1.25,Betano.br,3.6,1.26,bet365,9.5,19.0,21.0,13.0,7.0,4.33,41.0,17.0,2.2,bet365,1.98,1.88,bet365,2.0,1.8,bet365,1.91,1.8,bet365,15.0,bet365,19.0,bet365,8.0,bet365,8.5,bet365,34.0,bet365,8.0,bet365,19.0,bet365,8.5,bet365,17.0,bet365,67.0,bet365,11.0,bet365,41.0,bet365,12.0,bet365,41.0,bet365,23.0,,0.0,0.0,,0.0,0.0,Superbet.br,12.0,1.02,Betboom.br,9.2,1.02,bet365,5.75,1.14,bet365,2.6,1.48,bet365,2.03,1.78,bet365,1.6,2.3,bet365,1.3,3.45,bet365,1.23,4.1,bet365,0.0,0.0,7.5,bet365,34.0,19.0,4.0,bet365,13.0,8.0,2.2,bet365,2.4,3.75,1.08,bet365,1.57,4.33,1.03,bet365,1.2,6.5,0.0,1.36,1.64,0.26,1.08,0.62,1.5,1.08,0.26,1.08,0.26,0.32,0.68,0.72,0.89,0.31,0.7,0.5,0.8,1.0,0.0,0.29,0.37,5.0,25.0,1.0,6.0,4.0,11.0,0.0,8.0,5.0,16.0,0.0,9.0,4.0,4.0,0.0,0.0,8.0,50.0,5.0,11.0,19.0,7.0,16.0,20.0,7.0,19.0,0.0,2.0,,,4.0,1.0,6.0,1.0,0.78,0.43,45.0,48.0,32.0,6.0,8.0,7.0,0.0,0.0,0.0,0.0,0.19,0.77,0.0,0.41,0.21,0.85,0.41,0.0,0.41,0.0,0.37,0.63,0.74,0.87,0.33,0.65,0.58,0.73,0.0,0.0,0.33,0.53,1.0,12.0,0.0,4.0,1.0,5.0,0.0,3.0,1.0,5.0,0.0,7.0,0.0,2.0,0.0,0.0,3.0,24.0,3.0,5.0,9.0,4.0,2.0,10.0,4.0,9.0,,,,,2.0,0.0,4.0,0.0,0.67,0.2,21.0,18.0,12.0,2.0,3.0,5.0,0.0,0.0,0.0,0.0,1.17,0.87,0.26,0.67,0.41,0.65,0.67,0.26,0.67,0.26,0.28,0.72,0.69,0.91,0.3,0.75,0.43,0.87,1.0,0.0,0.25,0.25,4.0,13.0,1.0,2.0,3.0,6.0,0.0,5.0,4.0,11.0,0.0,2.0,4.0,2.0,0.0,0.0,5.0,26.0,2.0,6.0,10.0,3.0,14.0,10.0,3.0,10.0,0.0,2.0,,,2.0,1.0,2.0,1.0,1.0,0.56,24.0,30.0,20.0,4.0,5.0,2.0,0.0,0.0,0.0,0.0
r1veNM9b,EUROPE,2026/2027,EUROPE 3,Conference League,GfRbsVWM,EUROPE 3,20/08/2026,19:00,Final,Dinamo City (Alb),KdZNQkgm,Pafos (Cyp),n99DUVW8,False,1,1,1,,,,,[79],"[37, 82, 84]",bet365,4.5,2.05,2.5,bet365,4.0,2.38,2.25,bet365,3.9,3.3,1.85,bet365,1.44,2.63,bet365,3.25,1.33,bet365,7.5,1.07,bet365,1.3,3.4,bet365,2.38,1.53,bet365,5.5,1.14,bet365,1.07,7.5,bet365,1.4,2.75,bet365,2.2,1.65,bet365,4.0,1.22,bet365,7.5,1.07,bet365,2.0,1.73,bet365,5.5,1.14,bet365,4.0,1.22,bet365,1.8,1.25,1.18,bet365,1.5,1.73,1.17,Betano.br,1.57,1.52,1.23,bet365,2.75,1.4,BateuBet,2.71,1.4,Betano.br,2.57,1.47,bet365,6.5,17.0,29.0,8.5,5.0,4.75,41.0,17.0,3.0,bet365,1.98,1.88,bet365,2.2,1.67,bet365,2.0,1.73,bet365,8.5,bet365,10.0,bet365,6.5,bet365,6.5,bet365,19.0,bet365,8.5,bet365,15.0,bet365,9.0,bet365,19.0,bet365,41.0,bet365,15.0,bet365,34.0,bet365,17.0,bet365,41.0,bet365,34.0,,0.0,0.0,,0.0,0.0,1xBet.br,12.5,1.03,bet365,7.0,1.1,bet365,3.8,1.25,bet365,1.9,1.9,bet365,1.45,2.68,bet365,1.3,3.45,bet365,1.11,6.8,bet365,1.12,6.4,bet365,0.0,0.0,19.0,bet365,26.0,13.0,7.0,bet365,9.0,5.5,3.4,bet365,1.8,3.6,1.18,bet365,1.29,5.5,1.05,bet365,1.07,11.0,0.0,,,,,,,,,,,0.46,0.54,,,,,,,,,,,10.0,11.0,4.0,4.0,2.0,6.0,4.0,1.0,,,,,,,,,,,3.0,1.0,18.0,12.0,25.0,16.0,14.0,12.0,4.0,2.0,,,1.0,4.0,,,,,,,,,,,,,,,,,,,,,,,,,0.42,0.58,,,,,,,,,,,3.0,8.0,0.0,2.0,1.0,5.0,2.0,1.0,,,,,,,,,,,1.0,1.0,9.0,7.0,14.0,4.0,9.0,5.0,1.0,2.0,,,1.0,3.0,,,,,,,,,,,,,,,,,,,,,,,,,0.5,0.5,,,,,,,,,,,7.0,3.0,4.0,2.0,1.0,1.0,2.0,0.0,,,,,,,,,,,2.0,0.0,9.0,5.0,11.0,12.0,5.0,7.0,3.0,0.0,,,0.0,1.0,,,,,,,,,,,,,,
IwX4ab0f,EUROPE,2026/2027,EUROPE 3,Conference League,GfRbsVWM,EUROPE 3,20/08/2026,19:00,Final,Shamrock Rovers (Irl),KIN6lmnH,KuPS (Fin),nLBbqJDS,False,1,1,1,,,,,[49],[85],bet365,2.88,2.05,3.75,bet365,2.6,2.3,3.4,bet365,2.15,3.1,3.25,bet365,1.44,2.63,bet365,3.25,1.33,bet365,7.5,1.07,bet365,1.3,3.4,bet365,2.38,1.53,bet365,5.5,1.14,bet365,1.06,8.0,bet365,1.36,3.0,bet365,2.2,1.65,bet365,4.0,1.22,bet365,7.5,1.07,bet365,1.91,1.8,bet365,5.5,1.14,bet365,3.75,1.25,bet365,1.25,1.29,1.57,bet365,1.25,1.73,1.4,Betano.br,1.29,1.53,1.47,bet365,1.57,2.25,BrasilBet,1.55,2.3,Betano.br,1.62,2.2,bet365,3.5,15.0,34.0,5.5,4.75,7.0,29.0,15.0,5.0,bet365,2.03,1.83,bet365,2.2,1.67,bet365,2.0,1.73,bet365,8.0,bet365,7.0,bet365,9.0,bet365,6.0,bet365,10.0,bet365,15.0,bet365,9.5,bet365,13.0,bet365,17.0,bet365,21.0,bet365,34.0,bet365,21.0,bet365,29.0,bet365,34.0,bet365,41.0,bet365,6.8,1.11,bet365,7.0,1.1,bet365,4.25,1.21,bet365,3.45,1.3,bet365,2.2,1.65,bet365,1.33,3.3,bet365,1.12,6.25,bet365,1.1,7.0,SeguroBet,1.02,10.3,SeguroBet,1.02,9.4,bet365,23.0,15.0,0.0,bet365,9.5,6.0,19.0,bet365,4.33,3.75,7.0,bet365,1.25,4.75,1.57,bet365,1.08,10.0,1.18,bet365,0.0,0.0,1.05,,,,,,,,,,,0.52,0.48,,,,,,,,,,,18.0,7.0,8.0,2.0,4.0,4.0,6.0,1.0,,,,,,,,,,,2.0,3.0,21.0,10.0,14.0,14.0,8.0,20.0,0.0,2.0,,,2.0,1.0,,,,,,,,,,,,,,,,,,,,,,,,,0.57,0.43,,,,,,,,,,,8.0,2.0,1.0,0.0,3.0,2.0,4.0,0.0,,,,,,,,,,,2.0,1.0,8.0,3.0,4.0,5.0,3.0,8.0,,,,,0.0,1.0,,,,,,,,,,,,,,,,,,,,,,,,,0.47,0.53,,,,,,,,,,,10.0,5.0,7.0,2.0,1.0,2.0,2.0,1.0,,,,,,,,,,,0.0,2.0,13.0,7.0,10.0,9.0,5.0,12.0,0.0,2.0,,,2.0,0.0,,,,,,,,,,,,,,
vTV4fCIc,EUROPE,2026/2027,EUROPE 3,Conference League,GfRbsVWM,EUROPE 3,20/08/2026,19:00,Final,Hajduk Split (Cro),2w5qgpq0,Rakow (Pol),SQOrbYim,False,2,2,1,,,,,"[21, 47]","[27, 90]",bet365,2.75,2.1,3.75,bet365,2.5,2.38,3.4,bet365,2.1,3.3,3.2,bet365,1.44,2.63,bet365,3.0,1.36,bet365,7.5,1.07,bet365,1.29,3.5,bet365,2.25,1.57,bet365,5.5,1.14,bet365,1.06,8.0,bet365,1.33,3.25,bet365,2.08,1.73,bet365,3.75,1.25,bet365,7.0,1.08,bet365,1.83,1.83,bet365,5.0,1.17,bet365,3.75,1.25,bet365,1.36,1.33,1.67,bet365,1.25,1.67,1.4,Betano.br,1.28,1.52,1.5,bet365,1.53,2.38,BrasilBet,1.5,2.4,Casadeapostas,1.54,2.28,bet365,3.4,15.0,34.0,5.5,5.0,7.0,29.0,15.0,5.0,bet365,1.98,1.88,bet365,2.1,1.73,bet365,2.0,1.73,bet365,9.0,bet365,7.0,bet365,9.5,bet365,6.5,bet365,10.0,bet365,15.0,bet365,9.5,bet365,12.0,bet365,17.0,bet365,19.0,bet365,34.0,bet365,19.0,bet365,29.0,bet365,29.0,bet365,41.0,1xBet.br,10.0,1.05,bet365,7.0,1.1,bet365,4.0,1.23,bet365,3.1,1.35,bet365,2.08,1.73,bet365,1.33,3.3,bet365,1.12,6.25,bet365,1.1,7.0,Betboom.br,1.01,9.4,,0.0,0.0,bet365,23.0,13.0,0.0,bet365,8.5,6.0,19.0,bet365,4.0,3.75,7.0,bet365,1.36,4.75,1.67,bet365,1.08,10.0,1.2,bet365,0.0,0.0,1.06,,,,,,,,,,,0.45,0.55,,,,,,,,,,,13.0,12.0,2.0,6.0,7.0,5.0,4.0,1.0,,,,,,,,,,,7.0,5.0,11.0,15.0,17.0,11.0,13.0,9.0,4.0,2.0,1.0,0.0,2.0,1.0,,,,,,,,,,,,,,,,,,,,,,,,,0.5,0.5,,,,,,,,,,,8.0,6.0,1.0,3.0,3.0,2.0,4.0,1.0,,,,,,,,,,,7.0,3.0,5.0,8.0,7.0,5.0,7.0,5.0,1.0,1.0,,,1.0,1.0,,,,,,,,,,,,,,,,,,,,,,,,,0.4,0.6,,,,,,,,,,,5.0,6.0,1.0,3.0,4.0,3.0,0.0,0.0,,,,,,,,,,,0.0,2.0,6.0,7.0,10.0,6.0,6.0,4.0,3.0,1.0,1.0,0.0,1.0,0.0,,,,,,,,,,,,,,
dYTjg8LU,EUROPE,2026/2027,EUROPE 3,Conference League,GfRbsVWM,EUROPE 3,20/08/2026,18:30,Final,Motherwell (Sco),YuW7ZfMM,Freiburg (Ger),fiEQZ7C7,False,1,3,1,,,,,[2],"[28, 65, 90]",bet365,5.5,2.3,2.0,bet365,5.0,2.63,1.83,bet365,5.5,3.9,1.5,bet365,1.36,3.0,bet365,2.63,1.44,bet365,6.0,1.11,bet365,1.22,4.0,bet365,2.0,1.73,bet365,4.33,1.2,bet365,1.02,11.0,bet365,1.25,3.75,bet365,1.8,2.0,bet365,3.0,1.36,bet365,5.5,1.13,bet365,1.91,1.8,bet365,5.0,1.17,bet365,3.75,1.25,bet365,2.3,1.18,1.1,bet365,1.73,1.57,1.13,Sportingbet.br,1.83,1.43,1.14,bet365,4.33,1.2,BrasilBet,3.65,1.25,Betano.br,3.4,1.29,bet365,9.5,19.0,23.0,12.0,6.0,4.33,41.0,17.0,2.25,bet365,1.95,1.9,bet365,2.1,1.73,bet365,1.91,1.8,bet365,11.0,bet365,15.0,bet365,7.0,bet365,8.0,bet365,29.0,bet365,7.0,bet365,19.0,bet365,8.5,bet365,19.0,bet365,51.0,bet365,11.0,bet365,41.0,bet365,13.0,bet365,41.0,bet365,29.0,,0.0,0.0,,0.0,0.0,Superbet.br,12.0,1.02,1xBet.br,9.7,1.01,bet365,5.5,1.15,bet365,2.42,1.53,bet365,1.9,1.9,bet365,1.53,2.42,bet365,1.25,3.8,bet365,1.19,4.5,bet365,0.0,0.0,9.0,bet365,34.0,17.0,4.5,bet365,12.0,7.0,2.4,bet365,2.3,3.6,1.1,bet365,1.5,4.5,1.03,bet365,1.17,7.0,0.0,0.23,2.3,0.82,4.35,0.33,1.7,4.35,0.82,1.35,-0.18,0.4,0.6,0.8,0.89,0.27,0.77,0.39,0.82,0.0,1.0,0.33,0.35,4.0,25.0,1.0,10.0,3.0,8.0,0.0,7.0,2.0,16.0,2.0,9.0,1.0,3.0,0.0,1.0,4.0,44.0,2.0,8.0,15.0,14.0,27.0,12.0,14.0,15.0,3.0,1.0,1.0,0.0,1.0,2.0,7.0,0.0,0.83,0.78,48.0,57.0,31.0,12.0,7.0,8.0,1.0,1.0,0.0,0.0,0.13,0.77,0.82,1.4,0.27,0.74,1.4,0.82,0.4,-0.18,0.39,0.61,0.8,0.89,0.23,0.75,0.47,0.79,0.0,0.0,0.25,0.36,2.0,12.0,1.0,6.0,1.0,3.0,0.0,3.0,1.0,6.0,1.0,6.0,1.0,1.0,0.0,1.0,1.0,21.0,2.0,2.0,8.0,9.0,12.0,4.0,9.0,8.0,2.0,0.0,,,0.0,1.0,5.0,0.0,0.78,0.83,23.0,32.0,14.0,6.0,4.0,7.0,1.0,0.0,0.0,0.0,0.1,1.53,0.0,2.95,0.06,0.96,2.95,0.0,0.95,0.0,0.4,0.6,0.8,0.9,0.31,0.8,0.32,0.85,0.0,1.0,0.5,0.33,2.0,13.0,0.0,4.0,2.0,5.0,0.0,4.0,1.0,10.0,1.0,3.0,0.0,2.0,0.0,0.0,3.0,23.0,0.0,6.0,7.0,5.0,15.0,8.0,5.0,7.0,1.0,1.0,1.0,0.0,1.0,1.0,2.0,0.0,0.89,0.73,25.0,25.0,17.0,6.0,3.0,1.0,0.0,1.0,0.0,0.0
IixFWQsC,EUROPE,2026/2027,EUROPE 3,Conference League,GfRbsVWM,EUROPE 3,20/08/2026,18:00,Final,Gornik Zabrze (Pol),2LH3Ywq4,Monaco (Fra),2PIvr8o4,False,2,3,1,,,,,"[53, 74]","[9, 51, 58]",bet365,3.6,2.1,2.75,bet365,3.25,2.4,2.5,bet365,3.1,3.25,2.15,bet365,1.4,2.75,bet365,2.75,1.4,bet365,7.0,1.08,bet365,1.25,3.75,bet365,2.2,1.62,bet365,5.0,1.17,bet365,1.06,8.0,bet365,1.3,3.4,bet365,2.0,1.8,bet365,3.4,1.3,bet365,6.5,1.1,bet365,1.8,1.91,bet365,4.5,1.18,bet365,3.5,1.29,bet365,1.57,1.25,1.29,bet365,1.4,1.67,1.29,Betano.br,1.53,1.47,1.29,bet365,2.25,1.57,BrasilBet,2.35,1.53,Betano.br,2.35,1.55,bet365,5.0,15.0,29.0,7.0,5.0,5.5,34.0,15.0,3.5,bet365,2.0,1.85,bet365,2.1,1.73,bet365,2.0,1.73,bet365,9.5,bet365,10.0,bet365,8.0,bet365,6.5,bet365,15.0,bet365,11.0,bet365,12.0,bet365,9.5,bet365,15.0,bet365,34.0,bet365,21.0,bet365,26.0,bet365,19.0,bet365,34.0,bet365,29.0,,0.0,0.0,,0.0,0.0,bet365,6.6,1.11,bet365,5.75,1.14,bet365,3.1,1.35,bet365,1.65,2.2,bet365,1.3,3.45,bet365,1.22,4.15,bet365,1.1,7.0,bet365,1.1,7.0,bet365,0.0,0.0,23.0,bet365,17.0,10.0,8.5,bet365,6.5,4.75,4.0,bet365,1.57,4.0,1.29,bet365,1.2,6.0,1.09,bet365,1.06,13.0,0.0,1.16,1.44,1.43,2.04,0.95,1.42,2.04,1.43,-0.96,-0.57,0.51,0.49,0.87,0.85,0.54,0.36,0.81,0.73,0.0,1.0,0.27,0.4,17.0,14.0,6.0,6.0,6.0,6.0,5.0,2.0,9.0,7.0,8.0,7.0,2.0,1.0,0.0,1.0,23.0,10.0,7.0,4.0,15.0,13.0,16.0,18.0,13.0,15.0,2.0,2.0,,,1.0,0.0,3.0,4.0,0.64,0.67,39.0,41.0,19.0,29.0,4.0,6.0,0.0,0.0,0.0,0.0,0.52,0.54,0.42,0.99,0.45,0.67,0.99,0.42,-0.01,0.42,0.48,0.52,0.87,0.87,0.4,0.37,0.81,0.67,0.0,1.0,0.25,0.2,9.0,3.0,2.0,2.0,4.0,1.0,3.0,0.0,3.0,3.0,6.0,0.0,1.0,0.0,0.0,0.0,10.0,4.0,2.0,3.0,8.0,2.0,5.0,7.0,2.0,8.0,0.0,1.0,,,0.0,0.0,1.0,2.0,0.67,1.0,19.0,10.0,12.0,13.0,3.0,4.0,0.0,0.0,0.0,0.0,0.64,0.9,1.01,1.05,0.5,0.75,1.05,1.01,-0.95,-0.99,0.55,0.45,0.87,0.82,0.71,0.35,0.81,0.78,0.0,0.0,0.29,0.6,8.0,11.0,4.0,4.0,2.0,5.0,2.0,2.0,6.0,4.0,2.0,7.0,1.0,1.0,0.0,1.0,13.0,6.0,5.0,1.0,7.0,11.0,11.0,11.0,11.0,7.0,2.0,1.0,,,1.0,0.0,2.0,2.0,0.6,0.63,20.0,31.0,7.0,16.0,1.0,2.0,0.0,0.0,0.0,0.0
SCbGah9E,EUROPE,2026/2027,EUROPE 3,Conference League,GfRbsVWM,EUROPE 3,20/08/2026,17:00,Final,Nordsjaelland (Den),2wZHnGDH,St. Gallen (Sui),bkxMEx1T,False,1,0,1,,,,,[13],[],bet365,1.91,2.63,4.5,bet365,1.8,3.1,4.33,bet365,1.5,5.0,4.5,bet365,1.2,4.33,bet365,1.91,1.8,bet365,4.0,1.22,bet365,1.11,6.5,bet365,1.57,2.25,bet365,2.75,1.4,bet365,1.0,26.0,bet365,1.1,6.5,bet365,1.36,3.0,bet365,1.83,1.83,bet365,3.0,1.36,bet365,1.5,2.5,bet365,3.4,1.3,bet365,2.63,1.44,bet365,1.17,1.14,2.5,bet365,1.17,1.44,1.8,Sportingbet.br,1.17,1.29,2.0,bet365,1.25,3.75,Estrelabet,1.25,3.6,Betano.br,1.3,3.3,bet365,2.2,17.0,34.0,4.75,8.5,12.0,17.0,17.0,7.5,bet365,1.9,1.95,bet365,2.0,1.8,bet365,1.83,1.83,bet365,26.0,bet365,12.0,bet365,21.0,bet365,11.0,bet365,11.0,bet365,29.0,bet365,9.0,bet365,15.0,bet365,15.0,bet365,13.0,bet365,51.0,bet365,11.0,bet365,29.0,bet365,17.0,bet365,29.0,bet365,3.8,1.25,bet365,3.3,1.33,bet365,2.25,1.63,bet365,1.8,2.0,bet365,1.53,2.42,bet365,1.2,4.4,bet365,1.11,6.8,bet365,1.11,6.8,,0.0,0.0,,0.0,0.0,bet365,7.0,6.5,0.0,bet365,3.75,4.75,23.0,bet365,2.2,4.0,9.0,bet365,1.17,6.5,2.5,bet365,1.05,15.0,1.57,bet365,0.0,0.0,1.22,2.13,1.76,2.52,1.06,1.83,0.65,1.06,2.52,1.06,1.52,0.55,0.45,0.81,0.79,0.51,0.33,0.62,0.6,4.0,0.0,0.5,0.37,12.0,19.0,4.0,6.0,5.0,8.0,3.0,5.0,8.0,12.0,4.0,7.0,3.0,3.0,0.0,1.0,32.0,25.0,3.0,5.0,21.0,18.0,27.0,15.0,18.0,21.0,0.0,3.0,,,1.0,4.0,6.0,3.0,0.61,0.59,62.0,69.0,14.0,24.0,6.0,8.0,3.0,0.0,0.0,0.0,0.64,0.78,0.8,0.23,0.74,0.21,0.23,0.8,0.23,-0.2,0.64,0.36,0.84,0.73,0.59,0.24,0.63,0.5,1.0,0.0,0.33,0.38,7.0,10.0,2.0,2.0,3.0,4.0,2.0,4.0,3.0,6.0,4.0,4.0,1.0,0.0,0.0,0.0,16.0,11.0,1.0,2.0,7.0,8.0,12.0,10.0,8.0,7.0,0.0,1.0,,,1.0,3.0,2.0,1.0,0.6,0.63,33.0,35.0,6.0,16.0,3.0,3.0,2.0,0.0,0.0,0.0,1.49,0.98,1.72,0.83,1.09,0.44,0.83,1.72,0.83,1.72,0.46,0.54,0.79,0.83,0.42,0.41,0.61,0.66,3.0,0.0,1.0,0.36,5.0,9.0,2.0,4.0,2.0,4.0,1.0,1.0,5.0,6.0,0.0,3.0,2.0,3.0,0.0,1.0,16.0,14.0,2.0,3.0,14.0,10.0,15.0,5.0,10.0,14.0,0.0,2.0,,,0.0,1.0,4.0,2.0,0.63,0.54,29.0,34.0,8.0,8.0,3.0,5.0,1.0,0.0,0.0,0.0
b1KhSAO6,EUROPE,2026/2027,EUROPE 3,Conference League,GfRbsVWM,EUROPE 3,20/08/2026,19:00,Final,Getafe (Esp),dboeiWOt,Partizan (Srb),8OLvlKz0,False,3,1,1,,,,,"[10, 87, 90]",[43],,0.0,0.0,0.0,,0.0,0.0,0.0,,0.0,0.0,0.0,,0.0,0.0,,0.0,0.0,,0.0,0.0,,0.0,0.0,,0.0,0.0,,0.0,0.0,,0.0,0.0,,0.0,0.0,,0.0,0.0,,0.0,0.0,,0.0,0.0,,0.0,0.0,,0.0,0.0,,0.0,0.0,,0.0,0.0,0.0,,0.0,0.0,0.0,,0.0,0.0,0.0,,0.0,0.0,,0.0,0.0,,0.0,0.0,,0.0,0.0,0.0,0.0,0.0,0.0,0.0,0.0,0.0,,0.0,0.0,,0.0,0.0,,0.0,0.0,,0.0,,0.0,,0.0,,0.0,,0.0,,0.0,,0.0,,0.0,,0.0,,0.0,,0.0,,0.0,,0.0,,0.0,,0.0,,0.0,0.0,,0.0,0.0,,0.0,0.0,,0.0,0.0,,0.0,0.0,,0.0,0.0,,0.0,0.0,,0.0,0.0,,0.0,0.0,,0.0,0.0,,0.0,0.0,0.0,,0.0,0.0,0.0,,0.0,0.0,0.0,,0.0,0.0,0.0,,0.0,0.0,0.0,,0.0,0.0,0.0,1.82,1.14,2.95,0.13,1.37,0.71,0.13,2.95,-0.87,-0.05,0.61,0.39,0.86,0.79,0.48,0.53,0.76,0.65,1.0,0.0,0.19,0.3,12.0,8.0,5.0,1.0,6.0,6.0,1.0,1.0,10.0,6.0,2.0,2.0,3.0,3.0,1.0,2.0,28.0,9.0,1.0,3.0,15.0,15.0,21.0,11.0,15.0,15.0,4.0,1.0,1.0,0.0,2.0,1.0,0.0,2.0,0.83,0.67,38.0,48.0,15.0,30.0,10.0,11.0,0.0,1.0,0.0,0.0,1.18,0.1,1.87,0.13,0.72,0.03,0.13,1.87,-0.87,0.87,0.64,0.36,0.88,0.74,0.48,0.47,0.8,0.45,1.0,0.0,0.23,0.0,7.0,2.0,3.0,1.0,4.0,0.0,0.0,1.0,6.0,2.0,1.0,0.0,2.0,0.0,0.0,0.0,17.0,2.0,1.0,1.0,7.0,7.0,9.0,4.0,7.0,7.0,1.0,0.0,,,1.0,1.0,0.0,2.0,1.0,0.75,16.0,21.0,5.0,17.0,8.0,6.0,0.0,1.0,0.0,0.0,0.64,1.04,1.08,0.0,0.65,0.68,0.0,1.08,0.0,-0.92,0.57,0.43,0.84,0.85,0.48,0.65,0.7,0.74,0.0,0.0,0.13,0.5,5.0,6.0,2.0,0.0,2.0,6.0,1.0,0.0,4.0,4.0,1.0,2.0,1.0,3.0,1.0,2.0,11.0,7.0,0.0,2.0,8.0,8.0,12.0,7.0,8.0,8.0,3.0,1.0,1.0,0.0,1.0,0.0,0.0,0.0,0.67,0.6,22.0,27.0,10.0,13.0,2.0,5.0,0.0,0.0,0.0,0.0
0AERUu7j,EUROPE,2026/2027,EUROPE 3,Conference League,GfRbsVWM,EUROPE 3,20/08/2026,17:30,Final,Klaksvik (Fai),j9PptHXf,Riga FC (Lat),l2DXxTjh,False,0,0,1,,,,,[],[],bet365,3.75,2.25,2.5,bet365,3.4,2.6,2.3,bet365,3.4,3.5,1.95,bet365,1.33,3.25,bet365,2.63,1.44,bet365,6.0,1.11,bet365,1.2,4.33,bet365,1.91,1.8,bet365,4.0,1.22,bet365,1.04,9.0,bet365,1.25,3.75,bet365,1.8,2.0,bet365,2.75,1.4,bet365,5.0,1.14,bet365,1.67,2.1,bet365,4.33,1.2,bet365,3.25,1.33,bet365,1.8,1.29,1.3,bet365,1.5,1.57,1.25,Betano.br,1.57,1.44,1.28,bet365,2.5,1.5,Galerabet,2.45,1.48,Betano.br,2.4,1.53,bet365,5.5,15.0,23.0,8.0,6.0,5.5,34.0,15.0,3.1,bet365,2.0,1.85,bet365,2.1,1.73,bet365,1.91,1.8,bet365,12.0,bet365,12.0,bet365,8.5,bet365,7.0,bet365,19.0,bet365,10.0,bet365,13.0,bet365,9.0,bet365,13.0,bet365,41.0,bet365,17.0,bet365,26.0,bet365,15.0,bet365,34.0,bet365,23.0,SeguroBet,10.3,1.02,SeguroBet,10.0,1.02,bet365,6.8,1.11,bet365,5.9,1.13,bet365,3.1,1.35,bet365,1.75,2.05,bet365,1.38,3.0,bet365,1.26,3.7,bet365,1.1,7.0,bet365,1.1,7.0,bet365,0.0,0.0,17.0,bet365,17.0,11.0,7.0,bet365,7.0,5.0,3.4,bet365,1.8,4.0,1.3,bet365,1.25,5.5,1.08,bet365,1.08,11.0,0.0,,,,,,,,,,,0.51,0.49,,,,,,,,,,,6.0,13.0,2.0,5.0,4.0,7.0,0.0,1.0,,,,,,,,,,,10.0,5.0,10.0,10.0,25.0,39.0,9.0,9.0,1.0,1.0,,,2.0,1.0,,,,,,,,,,,,,,,,,,,,,,,,,0.51,0.49,,,,,,,,,,,3.0,6.0,2.0,1.0,1.0,4.0,0.0,1.0,,,,,,,,,,,7.0,3.0,5.0,7.0,9.0,17.0,5.0,4.0,1.0,0.0,,,2.0,1.0,,,,,,,,,,,,,,,,,,,,,,,,,0.51,0.49,,,,,,,,,,,3.0,7.0,0.0,4.0,3.0,3.0,0.0,0.0,,,,,,,,,,,3.0,2.0,5.0,3.0,16.0,22.0,4.0,5.0,0.0,1.0,,,0.0,0.0,,,,,,,,,,,,,,
4z11jlW0,EUROPE,2026/2027,EUROPE 3,Conference League,GfRbsVWM,EUROPE 3,20/08/2026,18:00,Final,Drita (Kos),bwWOjXUP,Inter Escaldes (And),4CambolL,False,2,2,1,,,,,"[4, 42]","[13, 40, 56]",bet365,2.25,2.3,4.5,bet365,2.05,2.63,4.0,bet365,1.7,3.6,4.33,bet365,1.33,3.25,bet365,2.63,1.44,bet365,6.0,1.11,bet365,1.2,4.33,bet365,1.91,1.8,bet365,4.0,1.22,bet365,1.01,12.0,bet365,1.22,4.0,bet365,1.75,2.05,bet365,2.75,1.4,bet365,5.0,1.14,bet365,1.73,2.0,bet365,4.33,1.2,bet365,3.4,1.3,bet365,1.14,1.22,1.95,bet365,1.17,1.57,1.57,Sportingbet.br,1.2,1.43,1.7,bet365,1.3,3.4,Galerabet,1.36,2.88,Betano.br,1.4,2.82,bet365,2.63,15.0,41.0,4.75,6.0,9.5,23.0,17.0,7.0,bet365,2.0,1.85,bet365,2.1,1.73,bet365,1.91,1.8,bet365,12.0,bet365,8.0,bet365,15.0,bet365,7.5,bet365,9.0,bet365,23.0,bet365,8.5,bet365,15.0,bet365,15.0,bet365,13.0,bet365,41.0,bet365,13.0,bet365,34.0,bet365,23.0,bet365,41.0,bet365,5.75,1.14,bet365,4.8,1.18,bet365,2.85,1.4,bet365,2.25,1.63,bet365,1.73,2.08,bet365,1.21,4.25,SeguroBet,1.06,7.3,1xBet.br,1.06,8.7,,0.0,0.0,,0.0,0.0,bet365,11.0,8.5,0.0,bet365,5.5,5.0,23.0,bet365,2.88,3.75,9.0,bet365,1.14,6.0,1.95,bet365,1.05,13.0,1.36,bet365,0.0,0.0,1.1,,,,,,,,,,,0.47,0.53,,,,,,,,,,,14.0,13.0,6.0,4.0,5.0,8.0,3.0,1.0,,,,,,,,,,,0.0,4.0,23.0,15.0,9.0,19.0,12.0,25.0,3.0,6.0,,,2.0,1.0,,,,,,,,,,,,,,,,,,,,,,,,,0.44,0.56,,,,,,,,,,,6.0,6.0,3.0,1.0,2.0,5.0,1.0,0.0,,,,,,,,,,,0.0,2.0,13.0,6.0,1.0,15.0,5.0,15.0,2.0,3.0,,,1.0,0.0,,,,,,,,,,,,,,,,,,,,,,,,,0.5,0.5,,,,,,,,,,,8.0,7.0,3.0,3.0,3.0,3.0,2.0,1.0,,,,,,,,,,,0.0,2.0,10.0,9.0,8.0,4.0,7.0,10.0,1.0,3.0,,,1.0,1.0,,,,,,,,,,,,,,
pErnDNT0,EUROPE,2026/2027,EUROPE 3,Conference League,GfRbsVWM,EUROPE 3,20/08/2026,17:45,Final,PAOK (Gre),Kry6HxA9,Brann (Nor),QBbt6ivB,False,1,1,1,,,,,[80],[57],bet365,1.91,2.3,6.5,bet365,1.73,2.63,6.0,bet365,1.48,4.0,6.5,bet365,1.36,3.0,bet365,2.63,1.44,bet365,6.0,1.11,bet365,1.22,4.0,bet365,2.0,1.73,bet365,4.33,1.2,bet365,1.05,8.5,bet365,1.25,3.75,bet365,1.8,2.0,bet365,3.0,1.36,bet365,5.0,1.14,bet365,2.0,1.73,bet365,5.5,1.14,bet365,3.75,1.25,bet365,1.1,1.22,2.63,bet365,1.1,1.57,1.8,SeguroBet,1.13,1.41,1.9,bet365,1.17,4.5,BrasilBet,1.18,4.2,Superbet.br,1.22,3.75,bet365,2.2,19.0,41.0,4.33,6.5,13.0,23.0,19.0,11.0,bet365,2.0,1.85,bet365,2.1,1.73,bet365,1.91,1.8,bet365,11.0,bet365,7.0,bet365,17.0,bet365,8.0,bet365,7.0,bet365,34.0,bet365,9.0,bet365,21.0,bet365,19.0,bet365,9.5,bet365,67.0,bet365,13.0,bet365,51.0,bet365,29.0,bet365,51.0,bet365,4.0,1.23,bet365,3.3,1.33,bet365,2.25,1.63,bet365,1.73,2.08,bet365,1.45,2.68,bet365,1.12,6.4,1xBet.br,1.01,10.5,Superbet.br,1.02,13.0,,0.0,0.0,,0.0,0.0,bet365,8.0,6.5,0.0,bet365,4.0,4.33,41.0,bet365,2.2,3.75,15.0,bet365,1.1,8.0,2.63,bet365,1.02,21.0,1.57,bet365,0.0,0.0,1.2,2.21,0.9,2.4,0.81,1.52,1.08,0.81,2.4,-0.19,1.4,0.43,0.57,0.77,0.84,0.52,0.37,0.66,0.66,0.0,0.0,0.29,0.09,23.0,6.0,6.0,1.0,11.0,1.0,6.0,4.0,14.0,4.0,9.0,2.0,4.0,2.0,0.0,0.0,36.0,22.0,8.0,3.0,11.0,5.0,25.0,27.0,5.0,11.0,2.0,3.0,,,4.0,1.0,0.0,6.0,0.65,0.75,63.0,51.0,25.0,48.0,7.0,9.0,0.0,1.0,0.0,0.0,1.16,0.24,0.99,0.0,0.9,0.29,0.0,0.99,0.0,0.99,0.42,0.58,0.73,0.83,0.45,0.34,0.65,0.52,0.0,0.0,0.42,0.0,16.0,3.0,3.0,0.0,9.0,1.0,4.0,2.0,10.0,1.0,6.0,2.0,2.0,0.0,0.0,0.0,22.0,11.0,3.0,1.0,7.0,0.0,17.0,10.0,0.0,7.0,0.0,1.0,,,2.0,0.0,0.0,4.0,0.83,0.67,35.0,24.0,11.0,28.0,2.0,4.0,0.0,0.0,0.0,0.0,1.05,0.66,1.41,0.81,0.62,0.79,0.81,1.41,-0.19,0.41,0.45,0.55,0.81,0.84,0.58,0.39,0.67,0.74,0.0,0.0,0.17,0.1,7.0,3.0,3.0,1.0,2.0,0.0,2.0,2.0,4.0,3.0,3.0,0.0,2.0,2.0,0.0,0.0,14.0,11.0,5.0,2.0,4.0,5.0,8.0,17.0,5.0,4.0,2.0,2.0,,,2.0,1.0,0.0,2.0,0.45,0.8,28.0,27.0,14.0,20.0,5.0,5.0,0.0,1.0,0.0,0.0
GfSzcjM5,EUROPE,2026/2027,EUROPE 3,Conference League,GfRbsVWM,EUROPE 3,20/08/2026,18:30,Final,Lugano (Sui),IHaUjgT1,Maccabi Tel Aviv (Isr),req5XE5Q,False,2,1,1,,,,,"[31, 54]",[47],bet365,2.25,2.3,4.5,bet365,2.05,2.63,4.0,bet365,1.7,3.8,4.1,bet365,1.33,3.25,bet365,2.63,1.44,bet365,6.0,1.11,bet365,1.2,4.33,bet365,2.0,1.73,bet365,4.0,1.22,bet365,1.04,9.0,bet365,1.22,4.0,bet365,1.75,2.05,bet365,2.75,1.4,bet365,5.0,1.14,bet365,1.73,2.0,bet365,4.33,1.2,bet365,3.4,1.3,bet365,1.17,1.18,1.95,bet365,1.17,1.57,1.57,1xBet.br,1.23,1.44,1.68,bet365,1.33,3.25,Superbet.br,1.37,2.77,Superbet.br,1.38,2.72,bet365,2.63,15.0,41.0,4.75,6.0,9.5,23.0,17.0,7.0,bet365,1.95,1.9,bet365,2.1,1.73,bet365,1.91,1.8,bet365,13.0,bet365,8.0,bet365,13.0,bet365,7.5,bet365,8.5,bet365,23.0,bet365,8.5,bet365,15.0,bet365,15.0,bet365,13.0,bet365,41.0,bet365,13.0,bet365,34.0,bet365,23.0,bet365,34.0,bet365,5.75,1.14,bet365,4.8,1.18,bet365,2.85,1.4,bet365,2.25,1.63,bet365,1.73,2.08,bet365,1.23,4.0,bet365,1.1,7.0,1xBet.br,1.05,10.0,,0.0,0.0,,0.0,0.0,bet365,11.0,8.5,0.0,bet365,5.5,5.0,23.0,bet365,2.88,3.75,8.5,bet365,1.17,6.0,1.95,bet365,1.05,13.0,1.36,bet365,0.0,0.0,1.1,2.11,1.0,1.55,0.29,0.96,1.11,0.29,1.55,-0.71,-0.45,0.41,0.59,0.85,0.87,0.36,0.65,0.78,0.76,1.0,0.0,0.3,0.27,11.0,11.0,2.0,1.0,8.0,6.0,1.0,4.0,6.0,7.0,5.0,4.0,3.0,1.0,0.0,1.0,11.0,20.0,0.0,4.0,15.0,17.0,16.0,15.0,17.0,15.0,,,,,2.0,0.0,0.0,0.0,0.82,0.67,41.0,47.0,20.0,6.0,8.0,5.0,1.0,0.0,0.0,1.0,1.17,0.23,0.89,0.0,0.83,0.25,0.0,0.89,0.0,-0.11,0.46,0.54,0.86,0.84,0.39,0.49,0.79,0.63,1.0,0.0,0.38,0.11,6.0,1.0,1.0,0.0,5.0,1.0,0.0,0.0,4.0,1.0,2.0,0.0,2.0,1.0,0.0,0.0,4.0,5.0,0.0,0.0,4.0,9.0,10.0,9.0,9.0,4.0,,,,,1.0,0.0,0.0,0.0,0.8,0.5,13.0,26.0,5.0,4.0,5.0,3.0,1.0,0.0,0.0,1.0,0.94,0.77,0.66,0.29,0.13,0.86,0.29,0.66,-0.71,-0.34,0.36,0.64,0.83,0.9,0.32,0.83,0.75,0.83,0.0,0.0,0.0,0.35,5.0,10.0,1.0,1.0,3.0,5.0,1.0,4.0,2.0,6.0,3.0,4.0,1.0,0.0,0.0,1.0,7.0,15.0,0.0,4.0,11.0,8.0,6.0,6.0,8.0,11.0,,,,,1.0,0.0,0.0,0.0,0.83,0.8,28.0,21.0,15.0,2.0,3.0,2.0,0.0,0.0,0.0,0.0
rHS1dYro,EUROPE,2026/2027,EUROPE 3,Conference League,GfRbsVWM,EUROPE 3,20/08/2026,18:00,Final,Twente (Ned),dhOKTHGA,Qarabag (Aze),Qgd3eSin,False,0,1,1,,,,,[],[52],bet365,1.83,2.6,5.5,bet365,1.67,3.0,5.5,bet365,1.42,4.33,6.25,bet365,1.25,3.75,bet365,2.1,1.67,bet365,4.5,1.17,bet365,1.14,5.5,bet365,1.73,2.0,bet365,3.25,1.33,bet365,1.0,17.0,bet365,1.14,5.0,bet365,1.5,2.5,bet365,2.2,1.62,bet365,3.75,1.25,bet365,1.67,2.1,bet365,4.0,1.22,bet365,3.25,1.33,bet365,1.11,1.2,2.75,bet365,1.13,1.5,1.83,Sportingbet.br,1.14,1.32,2.05,bet365,1.14,5.0,Goldebet,1.2,4.0,Superbet.br,1.21,3.75,bet365,2.05,17.0,41.0,4.5,8.0,13.0,19.0,19.0,10.0,bet365,2.0,1.85,bet365,2.0,1.8,bet365,1.91,1.8,bet365,17.0,bet365,9.5,bet365,23.0,bet365,9.0,bet365,8.5,bet365,41.0,bet365,9.0,bet365,21.0,bet365,15.0,bet365,10.0,bet365,67.0,bet365,11.0,bet365,41.0,bet365,21.0,bet365,41.0,bet365,3.45,1.3,bet365,2.85,1.4,bet365,2.08,1.73,bet365,1.63,2.25,bet365,1.43,2.75,bet365,1.12,6.4,bet365,1.14,5.75,bet365,1.11,6.6,,0.0,0.0,,0.0,0.0,bet365,6.0,6.0,0.0,bet365,3.4,4.33,34.0,bet365,2.0,4.0,13.0,bet365,1.11,8.5,2.75,bet365,1.03,21.0,1.73,bet365,0.0,0.0,1.29,1.07,0.51,0.82,0.92,1.38,0.25,0.92,0.82,-0.08,0.82,0.61,0.39,0.84,0.76,0.58,0.39,0.73,0.66,0.0,0.0,0.32,0.38,21.0,7.0,5.0,4.0,5.0,3.0,11.0,0.0,12.0,6.0,9.0,1.0,2.0,1.0,0.0,1.0,31.0,13.0,5.0,3.0,4.0,13.0,30.0,26.0,13.0,4.0,5.0,1.0,,,1.0,1.0,3.0,5.0,0.53,0.47,45.0,42.0,8.0,37.0,6.0,13.0,1.0,1.0,0.0,0.0,0.21,0.15,0.35,0.35,0.36,0.12,0.35,0.35,0.35,0.35,0.45,0.55,0.79,0.85,0.64,0.58,0.65,0.69,0.0,0.0,0.3,0.43,7.0,4.0,1.0,2.0,1.0,2.0,5.0,0.0,3.0,3.0,4.0,1.0,0.0,0.0,0.0,0.0,9.0,8.0,4.0,2.0,1.0,6.0,14.0,12.0,6.0,1.0,3.0,1.0,,,1.0,1.0,2.0,1.0,0.6,0.5,20.0,23.0,4.0,13.0,1.0,3.0,0.0,0.0,0.0,0.0,0.86,0.36,0.47,0.57,1.02,0.13,0.57,0.47,-0.43,0.47,0.74,0.26,0.86,0.6,0.52,0.22,0.77,0.62,0.0,0.0,0.33,0.0,14.0,3.0,4.0,2.0,4.0,1.0,6.0,0.0,9.0,3.0,5.0,0.0,2.0,1.0,0.0,1.0,22.0,5.0,1.0,1.0,3.0,7.0,16.0,14.0,7.0,3.0,2.0,0.0,,,0.0,0.0,1.0,4.0,0.44,0.44,25.0,19.0,4.0,24.0,5.0,10.0,1.0,1.0,0.0,0.0
AZruZ4jK,EUROPE,2026/2027,EUROPE 3,Conference League,GfRbsVWM,EUROPE 3,20/08/2026,18:45,Final,Rangers (Sco),8vAWQXNS,Jablonec (Cze),CM8ySpMH,False,1,0,1,,,,,[50],[],bet365,2.0,2.25,6.0,bet365,1.83,2.6,5.5,bet365,1.5,4.2,6.0,bet365,1.36,3.0,bet365,2.75,1.4,bet365,6.5,1.1,bet365,1.25,3.75,bet365,2.1,1.67,bet365,4.5,1.18,bet365,1.02,11.0,bet365,1.29,3.5,bet365,1.9,1.9,bet365,3.25,1.33,bet365,6.0,1.11,bet365,2.0,1.73,bet365,5.5,1.14,bet365,4.0,1.22,bet365,1.11,1.22,2.5,bet365,1.11,1.57,1.73,SeguroBet,1.12,1.4,1.93,bet365,1.17,4.5,BrasilBet,1.2,3.95,Betano.br,1.25,3.75,bet365,2.2,19.0,41.0,4.33,6.0,12.0,23.0,19.0,10.0,bet365,1.95,1.9,bet365,2.1,1.73,bet365,1.91,1.8,bet365,11.0,bet365,6.5,bet365,15.0,bet365,8.0,bet365,6.5,bet365,29.0,bet365,9.0,bet365,19.0,bet365,21.0,bet365,10.0,bet365,67.0,bet365,13.0,bet365,41.0,bet365,29.0,bet365,51.0,bet365,4.4,1.2,bet365,3.55,1.27,bet365,2.35,1.58,bet365,1.83,1.98,bet365,1.48,2.6,bet365,1.14,5.75,SeguroBet,1.02,10.3,Superbet.br,1.02,12.0,,0.0,0.0,,0.0,0.0,bet365,8.0,6.5,0.0,bet365,4.0,4.33,41.0,bet365,2.2,3.75,13.0,bet365,1.11,7.5,2.63,bet365,1.03,19.0,1.57,bet365,0.0,0.0,1.2,2.02,0.22,1.08,0.48,2.85,0.33,0.48,1.08,0.48,0.08,0.57,0.43,0.86,0.8,0.52,0.43,0.76,0.64,0.0,0.0,0.12,0.24,13.0,5.0,3.0,4.0,7.0,1.0,3.0,0.0,7.0,3.0,6.0,2.0,5.0,0.0,1.0,0.0,23.0,11.0,3.0,3.0,10.0,18.0,24.0,22.0,18.0,10.0,2.0,2.0,1.0,0.0,2.0,2.0,4.0,2.0,0.63,0.71,40.0,40.0,21.0,21.0,13.0,7.0,0.0,0.0,0.0,0.0,0.28,0.02,0.09,0.01,1.23,0.04,0.01,0.09,0.01,0.09,0.67,0.33,0.89,0.72,0.64,0.36,0.79,0.38,0.0,0.0,0.0,0.2,6.0,1.0,2.0,1.0,3.0,0.0,1.0,0.0,2.0,1.0,4.0,0.0,2.0,0.0,1.0,0.0,10.0,3.0,2.0,1.0,5.0,11.0,12.0,14.0,11.0,5.0,1.0,0.0,,,1.0,0.0,1.0,2.0,0.64,1.0,22.0,19.0,9.0,15.0,7.0,4.0,0.0,0.0,0.0,0.0,1.74,0.2,0.99,0.47,1.62,0.29,0.47,0.99,0.47,-0.01,0.46,0.54,0.82,0.85,0.41,0.5,0.72,0.74,0.0,0.0,0.29,0.25,7.0,4.0,1.0,3.0,4.0,1.0,2.0,0.0,5.0,2.0,2.0,2.0,3.0,0.0,0.0,0.0,13.0,8.0,1.0,2.0,5.0,7.0,12.0,8.0,7.0,5.0,1.0,2.0,1.0,0.0,1.0,2.0,3.0,0.0,0.6,0.6,18.0,21.0,12.0,6.0,6.0,3.0,0.0,0.0,0.0,0.0
ShvZNvrJ,EUROPE,2026/2027,EUROPE 3,Conference League,GfRbsVWM,EUROPE 3,20/08/2026,18:45,Final,Hearts (Sco),0rGrwwNc,SK Rapid (Aut),rejcUFSs,False,2,2,1,,,,,"[56, 62]","[31, 79]",bet365,3.0,2.25,3.0,bet365,2.75,2.6,2.75,bet365,2.45,3.5,2.5,bet365,1.33,3.25,bet365,2.5,1.5,bet365,5.5,1.13,bet365,1.2,4.33,bet365,1.83,1.83,bet365,3.75,1.25,bet365,1.04,9.0,bet365,1.22,4.0,bet365,1.73,2.08,bet365,2.75,1.4,bet365,5.0,1.14,bet365,1.62,2.2,bet365,4.0,1.22,bet365,3.0,1.36,bet365,1.5,1.29,1.53,bet365,1.36,1.57,1.36,Novibet,1.35,1.45,1.4,bet365,1.83,1.83,Goldebet,1.8,1.9,Betano.br,1.83,1.91,bet365,4.0,15.0,26.0,6.5,6.0,6.5,26.0,15.0,4.0,bet365,1.98,1.88,bet365,2.0,1.8,bet365,1.91,1.8,bet365,13.0,bet365,10.0,bet365,11.0,bet365,7.0,bet365,13.0,bet365,15.0,bet365,10.0,bet365,10.0,bet365,13.0,bet365,23.0,bet365,26.0,bet365,19.0,bet365,19.0,bet365,26.0,bet365,26.0,1xBet.br,12.5,1.03,1xBet.br,10.0,1.05,bet365,4.8,1.18,bet365,3.9,1.24,bet365,2.42,1.53,bet365,1.53,2.42,bet365,1.24,3.9,bet365,1.18,4.8,1xBet.br,1.05,10.0,1xBet.br,1.03,12.5,bet365,23.0,15.0,0.0,bet365,9.5,7.0,10.0,bet365,4.5,4.33,4.75,bet365,1.5,4.5,1.53,bet365,1.14,7.0,1.14,bet365,0.0,0.0,1.05,0.6,1.34,0.6,2.08,0.45,1.64,2.08,0.6,0.08,-0.4,0.39,0.61,0.83,0.86,0.57,0.29,0.7,0.75,0.0,0.0,0.31,0.08,17.0,9.0,4.0,6.0,8.0,2.0,5.0,1.0,7.0,7.0,10.0,2.0,0.0,3.0,0.0,0.0,16.0,23.0,4.0,5.0,17.0,8.0,17.0,18.0,8.0,17.0,1.0,3.0,,,2.0,0.0,4.0,3.0,0.61,0.71,65.0,40.0,23.0,16.0,13.0,10.0,1.0,0.0,0.0,0.0,0.39,1.14,0.06,1.82,0.17,0.9,1.82,0.06,0.82,0.06,0.41,0.59,0.85,0.86,0.57,0.17,0.67,0.65,0.0,0.0,0.14,0.5,11.0,5.0,2.0,5.0,5.0,0.0,4.0,0.0,4.0,4.0,7.0,1.0,0.0,3.0,0.0,0.0,9.0,8.0,2.0,1.0,8.0,3.0,5.0,9.0,3.0,8.0,,,,,1.0,0.0,4.0,2.0,0.78,0.69,39.0,20.0,8.0,8.0,8.0,6.0,1.0,0.0,0.0,0.0,0.21,0.2,0.54,0.26,0.28,0.74,0.26,0.54,-0.74,-0.46,0.38,0.62,0.8,0.88,0.58,0.48,0.72,0.83,0.0,0.0,0.5,0.0,6.0,4.0,2.0,1.0,3.0,2.0,1.0,1.0,3.0,3.0,3.0,1.0,0.0,0.0,0.0,0.0,7.0,15.0,2.0,4.0,9.0,5.0,12.0,9.0,5.0,9.0,1.0,3.0,,,1.0,0.0,0.0,1.0,0.44,0.75,26.0,20.0,15.0,8.0,5.0,4.0,0.0,0.0,0.0,0.0
EVXIRMrf,EUROPE,2026/2027,EUROPE 3,Conference League,GfRbsVWM,EUROPE 3,20/08/2026,18:15,Final,Sion (Sui),KbwIFIoN,Ajax (Ned),8UOvIwnb,False,2,4,1,,,,,"[34, 72]","[53, 60, 74, 87]",bet365,3.75,2.38,2.38,bet365,3.5,2.75,2.2,bet365,3.3,3.9,1.85,bet365,1.29,3.5,bet365,2.25,1.57,bet365,5.0,1.14,bet365,1.17,5.0,bet365,1.8,1.91,bet365,3.5,1.29,bet365,1.0,17.0,bet365,1.17,4.5,bet365,1.6,2.3,bet365,2.5,1.5,bet365,4.33,1.2,bet365,1.57,2.25,bet365,3.75,1.25,bet365,2.75,1.4,bet365,1.8,1.18,1.25,bet365,1.53,1.53,1.25,KTO.br,1.68,1.33,1.19,bet365,2.63,1.44,BrasilBet,2.6,1.44,Betano.br,2.47,1.5,bet365,5.5,15.0,21.0,8.5,6.5,5.5,29.0,15.0,2.88,bet365,1.93,1.93,bet365,2.0,1.8,bet365,1.91,1.8,bet365,17.0,bet365,13.0,bet365,10.0,bet365,8.0,bet365,21.0,bet365,11.0,bet365,12.0,bet365,9.0,bet365,13.0,bet365,41.0,bet365,17.0,bet365,26.0,bet365,15.0,bet365,29.0,bet365,21.0,,0.0,0.0,,0.0,0.0,bet365,7.0,1.1,bet365,6.25,1.12,bet365,3.45,1.3,bet365,1.93,1.88,bet365,1.5,2.5,bet365,1.35,3.1,bet365,1.15,5.5,bet365,1.12,6.25,bet365,0.0,0.0,12.0,bet365,17.0,11.0,6.0,bet365,6.5,5.5,3.1,bet365,1.8,4.0,1.25,bet365,1.33,5.5,1.08,bet365,1.09,9.0,0.0,1.74,3.53,1.59,4.33,0.71,1.32,4.33,1.59,0.33,-0.41,0.38,0.62,0.83,0.9,0.46,0.73,0.67,0.82,0.0,1.0,0.19,0.19,12.0,23.0,4.0,8.0,6.0,10.0,2.0,5.0,8.0,14.0,4.0,9.0,1.0,3.0,1.0,0.0,26.0,32.0,5.0,7.0,10.0,7.0,12.0,14.0,7.0,10.0,1.0,4.0,,,0.0,1.0,4.0,3.0,0.72,0.92,40.0,39.0,28.0,11.0,11.0,12.0,0.0,0.0,0.0,0.0,0.77,1.53,0.8,1.39,0.56,0.66,1.39,0.8,1.39,-0.2,0.44,0.56,0.8,0.86,0.43,0.83,0.72,0.78,0.0,0.0,0.3,0.25,8.0,13.0,3.0,3.0,5.0,7.0,0.0,3.0,6.0,7.0,2.0,6.0,0.0,1.0,1.0,0.0,17.0,18.0,2.0,5.0,5.0,3.0,5.0,8.0,3.0,5.0,1.0,1.0,,,0.0,0.0,3.0,2.0,0.8,0.83,22.0,20.0,13.0,6.0,8.0,7.0,0.0,0.0,0.0,0.0,0.97,2.0,0.79,2.94,0.15,0.66,2.94,0.79,-1.06,-0.21,0.33,0.67,0.85,0.93,0.5,0.57,0.56,0.85,0.0,1.0,0.09,0.13,4.0,10.0,1.0,5.0,1.0,3.0,2.0,2.0,2.0,7.0,2.0,3.0,1.0,2.0,0.0,0.0,9.0,14.0,3.0,2.0,5.0,4.0,7.0,6.0,4.0,5.0,0.0,3.0,,,0.0,1.0,1.0,1.0,0.63,1.0,18.0,19.0,15.0,5.0,3.0,5.0,0.0,0.0,0.0,0.0
vZQfgTxS,EUROPE,2026/2027,EUROPE 3,Conference League,GfRbsVWM,EUROPE 3,20/08/2026,18:30,Final,Gent (Bel),MgkzUx7T,Hibernian (Sco),f5Fnxcx4,False,0,0,1,,,,,[],[15],bet365,2.3,2.0,5.5,bet365,2.1,2.3,4.75,bet365,1.7,3.4,4.75,bet365,1.5,2.5,bet365,3.4,1.3,bet365,8.0,1.06,bet365,1.33,3.25,bet365,2.5,1.5,bet365,6.0,1.13,bet365,1.07,7.5,bet365,1.44,2.63,bet365,2.35,1.57,bet365,4.33,1.2,bet365,8.0,1.06,bet365,2.25,1.57,bet365,6.5,1.11,bet365,4.5,1.18,bet365,1.17,1.3,2.1,bet365,1.13,1.73,1.57,1xBet.br,1.17,1.51,1.7,bet365,1.25,3.75,Brasildasorte,1.27,3.4,Betano.br,1.32,3.2,bet365,2.63,17.0,41.0,4.33,4.75,10.0,29.0,19.0,8.5,bet365,1.98,1.88,bet365,2.2,1.67,bet365,2.0,1.73,bet365,7.5,bet365,5.5,bet365,11.0,bet365,7.0,bet365,7.0,bet365,23.0,bet365,9.5,bet365,17.0,bet365,21.0,bet365,13.0,bet365,51.0,bet365,17.0,bet365,41.0,bet365,41.0,bet365,51.0,bet365,6.6,1.11,bet365,5.75,1.14,bet365,3.1,1.35,bet365,2.35,1.58,bet365,1.7,2.1,bet365,1.18,4.65,1xBet.br,1.01,10.0,Superbet.br,1.02,12.0,,0.0,0.0,,0.0,0.0,bet365,15.0,9.5,0.0,bet365,6.5,4.75,34.0,bet365,3.0,3.4,12.0,bet365,1.17,6.0,2.1,bet365,1.04,17.0,1.33,bet365,0.0,0.0,1.1,,,,,,,,,,,0.56,0.44,,,,,,,,,,,10.0,2.0,3.0,2.0,6.0,0.0,1.0,0.0,,,,,,,,,,,7.0,2.0,9.0,9.0,20.0,19.0,10.0,6.0,1.0,5.0,,,0.0,2.0,,,,,,,,,,,,,,,,,,,,,,,,,0.59,0.41,,,,,,,,,,,6.0,1.0,2.0,1.0,3.0,0.0,1.0,0.0,,,,,,,,,,,1.0,0.0,4.0,6.0,10.0,9.0,7.0,2.0,,,,,0.0,2.0,,,,,,,,,,,,,,,,,,,,,,,,,0.53,0.47,,,,,,,,,,,4.0,1.0,1.0,1.0,3.0,0.0,0.0,0.0,,,,,,,,,,,6.0,2.0,5.0,3.0,10.0,10.0,3.0,4.0,1.0,5.0,,,0.0,0.0,,,,,,,,,,,,,,
YuS87bin,EUROPE,2026/2027,EUROPE 3,Conference League,GfRbsVWM,EUROPE 3,20/08/2026,17:00,Final,Midtjylland (Den),8GZDmdbB,Rijeka (Cro),zXKuUR5J,False,2,0,1,,,,,"[20, 48]",[],bet365,2.05,2.2,6.0,bet365,1.91,2.6,5.0,bet365,1.53,3.9,5.5,bet365,1.4,2.75,bet365,2.75,1.4,bet365,7.0,1.08,bet365,1.25,3.75,bet365,2.2,1.62,bet365,5.0,1.17,bet365,1.05,8.5,bet365,1.3,3.4,bet365,1.98,1.83,bet365,3.4,1.3,bet365,6.5,1.1,bet365,2.1,1.67,bet365,5.5,1.14,bet365,4.0,1.22,bet365,1.13,1.25,2.38,bet365,1.11,1.62,1.73,SeguroBet,1.12,1.43,1.87,bet365,1.2,4.33,BrasilBet,1.22,3.9,Betano.br,1.26,3.65,bet365,2.3,17.0,51.0,4.33,6.0,12.0,23.0,19.0,9.5,bet365,1.95,1.9,bet365,2.1,1.73,bet365,2.0,1.73,bet365,10.0,bet365,6.5,bet365,13.0,bet365,8.0,bet365,7.0,bet365,29.0,bet365,9.0,bet365,19.0,bet365,21.0,bet365,11.0,bet365,51.0,bet365,13.0,bet365,41.0,bet365,29.0,bet365,51.0,bet365,4.8,1.18,bet365,4.0,1.23,bet365,2.5,1.5,bet365,1.95,1.85,bet365,1.55,2.38,bet365,1.15,5.5,SeguroBet,1.02,10.0,Superbet.br,1.02,13.0,,0.0,0.0,,0.0,0.0,bet365,9.5,7.0,0.0,bet365,4.75,4.5,41.0,bet365,2.5,3.5,13.0,bet365,1.13,7.0,2.38,bet365,1.03,19.0,1.5,bet365,0.0,0.0,1.14,1.46,0.31,3.85,0.02,2.19,0.3,0.02,3.85,0.02,1.85,0.6,0.4,0.81,0.69,0.59,0.29,0.67,0.57,0.0,0.0,0.48,0.15,18.0,9.0,10.0,1.0,5.0,3.0,3.0,5.0,15.0,6.0,3.0,3.0,5.0,0.0,0.0,0.0,42.0,17.0,5.0,4.0,19.0,17.0,19.0,16.0,17.0,19.0,1.0,3.0,,,2.0,2.0,1.0,8.0,0.59,0.56,76.0,50.0,21.0,37.0,6.0,7.0,0.0,1.0,0.0,1.0,0.3,0.1,0.67,0.0,0.88,0.16,0.0,0.67,0.0,-0.33,0.65,0.35,0.82,0.71,0.54,0.29,0.61,0.54,0.0,0.0,0.54,0.33,5.0,3.0,1.0,0.0,3.0,2.0,1.0,1.0,5.0,2.0,0.0,1.0,1.0,0.0,0.0,0.0,20.0,9.0,1.0,3.0,9.0,6.0,11.0,4.0,6.0,9.0,0.0,1.0,,,1.0,1.0,0.0,0.0,0.67,0.67,38.0,25.0,10.0,25.0,3.0,3.0,0.0,0.0,0.0,0.0,1.16,0.21,3.18,0.02,1.31,0.14,0.02,3.18,0.02,2.18,0.55,0.45,0.8,0.68,0.63,0.3,0.72,0.59,0.0,0.0,0.4,0.0,13.0,6.0,9.0,1.0,2.0,1.0,2.0,4.0,10.0,4.0,3.0,2.0,4.0,0.0,0.0,0.0,22.0,8.0,4.0,1.0,10.0,11.0,8.0,12.0,11.0,10.0,1.0,2.0,,,1.0,1.0,1.0,8.0,0.5,0.44,38.0,25.0,11.0,12.0,3.0,4.0,0.0,1.0,0.0,1.0
dWhGk2kn,EUROPE,2026/2027,EUROPE 3,Conference League,GfRbsVWM,EUROPE 3,20/08/2026,18:30,Final,Atalanta (Ita),8C9JjMXu,Hapoel Tel Aviv (Isr),jigstDrf,False,0,0,1,,,,,[],[],bet365,1.53,2.75,11.0,bet365,1.44,3.25,9.0,bet365,1.17,6.25,13.0,bet365,1.25,3.75,bet365,2.2,1.62,bet365,4.5,1.17,bet365,1.17,5.0,bet365,1.73,2.0,bet365,3.4,1.3,bet365,1.02,10.5,bet365,1.14,5.0,bet365,1.5,2.5,bet365,2.2,1.62,bet365,3.75,1.25,bet365,2.25,1.57,bet365,6.0,1.13,bet365,4.0,1.22,bet365,1.01,1.11,4.5,bet365,1.02,1.4,2.38,SeguroBet,1.05,1.27,2.68,bet365,1.05,8.5,BrasilBet,1.06,7.5,Betano.br,1.09,6.6,bet365,1.62,23.0,67.0,4.0,9.5,23.0,21.0,26.0,23.0,bet365,1.95,1.9,bet365,2.0,1.8,bet365,1.91,1.8,bet365,17.0,bet365,8.0,bet365,29.0,bet365,13.0,bet365,6.0,bet365,51.0,bet365,10.0,bet365,34.0,bet365,29.0,bet365,7.0,bet365,151.0,bet365,12.0,bet365,81.0,bet365,34.0,bet365,81.0,bet365,2.38,1.55,bet365,1.9,1.9,bet365,1.55,2.38,bet365,1.26,3.7,bet365,1.19,4.5,SeguroBet,1.03,9.5,,0.0,0.0,,0.0,0.0,,0.0,0.0,,0.0,0.0,bet365,4.0,4.75,0.0,bet365,2.38,4.0,0.0,bet365,1.53,4.0,34.0,bet365,1.01,15.0,4.5,bet365,0.0,0.0,2.3,bet365,0.0,0.0,1.53,0.75,0.75,2.19,1.31,1.14,0.31,1.31,2.19,1.31,2.19,0.62,0.38,0.92,0.84,0.5,0.43,0.8,0.72,0.0,0.0,0.25,0.33,9.0,7.0,5.0,4.0,3.0,2.0,1.0,1.0,7.0,3.0,2.0,4.0,2.0,1.0,0.0,0.0,26.0,7.0,3.0,1.0,15.0,10.0,18.0,14.0,10.0,15.0,1.0,2.0,,,0.0,1.0,4.0,5.0,0.44,0.63,34.0,43.0,9.0,23.0,6.0,4.0,0.0,0.0,0.0,0.0,0.34,0.56,0.91,0.34,0.68,0.14,0.34,0.91,0.34,0.91,0.68,0.32,0.92,0.82,0.36,0.38,0.79,0.79,0.0,0.0,0.14,0.33,4.0,1.0,3.0,1.0,1.0,0.0,0.0,0.0,3.0,1.0,1.0,0.0,0.0,1.0,0.0,0.0,7.0,3.0,1.0,1.0,11.0,4.0,10.0,8.0,4.0,11.0,0.0,1.0,,,0.0,0.0,1.0,3.0,0.33,0.83,21.0,16.0,3.0,13.0,5.0,4.0,0.0,0.0,0.0,0.0,0.41,0.19,1.28,0.97,0.46,0.17,0.97,1.28,0.97,1.28,0.57,0.43,0.92,0.86,0.6,0.48,0.81,0.66,0.0,0.0,0.4,0.33,5.0,6.0,2.0,3.0,2.0,2.0,1.0,1.0,4.0,2.0,1.0,4.0,2.0,0.0,0.0,0.0,19.0,4.0,2.0,0.0,4.0,6.0,8.0,6.0,6.0,4.0,1.0,1.0,,,0.0,1.0,3.0,2.0,0.67,0.5,13.0,27.0,6.0,10.0,1.0,0.0,0.0,0.0,0.0,0.0
xEzaz9rm,EUROPE,2026/2027,EUROPE 3,Conference League,GfRbsVWM,EUROPE 3,20/08/2026,18:30,Final,Panathinaikos (Gre),SENMmweG,Hradec Kralove (Cze),vFXjbHms,False,2,2,1,,,,,"[55, 61]","[89, 90]",bet365,1.95,2.25,6.5,bet365,1.8,2.6,6.0,bet365,1.45,4.1,6.25,bet365,1.4,2.75,bet365,2.75,1.4,bet365,7.0,1.08,bet365,1.25,3.75,bet365,2.2,1.62,bet365,5.0,1.17,bet365,1.05,8.5,bet365,1.3,3.4,bet365,1.95,1.85,bet365,3.4,1.3,bet365,6.5,1.1,bet365,2.2,1.62,bet365,6.0,1.13,bet365,4.33,1.2,bet365,1.11,1.22,2.63,bet365,1.1,1.57,1.8,Sportingbet.br,1.11,1.43,1.93,bet365,1.17,4.5,BrasilBet,1.18,4.33,Betano.br,1.22,4.0,bet365,2.2,19.0,51.0,4.0,6.0,13.0,26.0,21.0,11.0,bet365,1.95,1.9,bet365,2.1,1.73,bet365,1.91,1.8,bet365,10.0,bet365,6.0,bet365,15.0,bet365,8.5,bet365,6.5,bet365,34.0,bet365,9.0,bet365,21.0,bet365,21.0,bet365,9.5,bet365,67.0,bet365,13.0,bet365,51.0,bet365,34.0,bet365,51.0,bet365,4.1,1.23,bet365,3.45,1.3,bet365,2.25,1.63,bet365,1.73,2.08,bet365,1.45,2.68,bet365,1.12,6.25,Betboom.br,1.01,10.0,Superbet.br,1.02,12.0,,0.0,0.0,,0.0,0.0,bet365,8.5,6.5,0.0,bet365,4.33,4.33,41.0,bet365,2.25,3.5,15.0,bet365,1.11,7.5,2.63,bet365,1.02,21.0,1.57,bet365,0.0,0.0,1.18,,,,,,,,,,,0.57,0.43,,,,,,,,,,,21.0,8.0,9.0,3.0,5.0,2.0,7.0,3.0,,,,,,,,,,,6.0,5.0,8.0,14.0,21.0,12.0,8.0,4.0,2.0,0.0,,,0.0,3.0,,,,,,,,,,,,,,,,,,,,,,,,,0.63,0.37,,,,,,,,,,,9.0,2.0,1.0,0.0,5.0,1.0,3.0,1.0,,,,,,,,,,,3.0,2.0,3.0,6.0,11.0,10.0,4.0,2.0,1.0,0.0,,,0.0,1.0,,,,,,,,,,,,,,,,,,,,,,,,,0.51,0.49,,,,,,,,,,,12.0,6.0,8.0,3.0,0.0,1.0,4.0,2.0,,,,,,,,,,,3.0,3.0,5.0,8.0,10.0,2.0,4.0,2.0,1.0,0.0,,,0.0,2.0,,,,,,,,,,,,,,
trVVl8ct,EUROPE,2026/2027,EUROPE 3,Conference League,GfRbsVWM,EUROPE 3,20/08/2026,16:00,Final,Inter Turku (Fin),QwkNUoNH,FC Copenhagen (Den),hSPZwbEh,False,0,0,1,,,,,[],[],bet365,4.5,2.25,2.25,bet365,4.0,2.63,2.05,bet365,4.2,3.6,1.7,bet365,1.33,3.25,bet365,2.5,1.5,bet365,6.0,1.11,bet365,1.2,4.33,bet365,1.91,1.8,bet365,4.0,1.22,bet365,1.04,9.0,bet365,1.22,4.0,bet365,1.75,2.05,bet365,2.75,1.4,bet365,5.0,1.14,bet365,1.73,2.0,bet365,4.33,1.2,bet365,3.4,1.3,bet365,1.95,1.22,1.17,bet365,1.57,1.57,1.17,SeguroBet,1.78,1.4,1.18,bet365,3.4,1.3,Esportivabet,3.0,1.33,Betano.br,3.1,1.34,bet365,7.0,17.0,23.0,9.5,6.0,4.75,41.0,15.0,2.63,bet365,1.98,1.88,bet365,2.1,1.73,bet365,1.91,1.8,bet365,12.0,bet365,13.0,bet365,8.0,bet365,7.5,bet365,23.0,bet365,9.0,bet365,15.0,bet365,8.5,bet365,15.0,bet365,41.0,bet365,13.0,bet365,34.0,bet365,13.0,bet365,41.0,bet365,23.0,,0.0,0.0,,0.0,0.0,1xBet.br,9.4,1.06,Betboom.br,8.8,1.03,bet365,4.15,1.22,bet365,2.08,1.73,bet365,1.63,2.25,bet365,1.4,2.85,bet365,1.18,4.8,bet365,1.14,5.75,bet365,0.0,0.0,11.0,bet365,23.0,13.0,5.5,bet365,9.0,6.0,2.88,bet365,1.95,3.75,1.17,bet365,1.36,5.0,1.05,bet365,1.1,8.5,0.0,0.72,1.2,0.98,1.22,0.97,1.27,1.22,0.98,1.22,0.98,0.58,0.42,0.86,0.81,0.48,0.31,0.62,0.68,0.0,1.0,0.38,0.57,10.0,11.0,2.0,3.0,7.0,5.0,1.0,3.0,7.0,8.0,3.0,3.0,2.0,3.0,0.0,0.0,22.0,32.0,9.0,8.0,13.0,10.0,9.0,11.0,10.0,13.0,,,,,1.0,2.0,3.0,2.0,0.5,0.78,43.0,40.0,14.0,30.0,13.0,13.0,0.0,0.0,0.0,0.0,0.57,0.84,0.98,1.04,0.71,0.8,1.04,0.98,1.04,0.98,0.61,0.39,0.87,0.83,0.46,0.32,0.55,0.68,0.0,1.0,0.46,0.75,6.0,5.0,2.0,2.0,4.0,2.0,0.0,1.0,4.0,3.0,2.0,2.0,2.0,1.0,0.0,0.0,11.0,15.0,5.0,3.0,4.0,3.0,2.0,5.0,3.0,4.0,,,,,0.0,1.0,2.0,2.0,0.5,0.67,16.0,16.0,6.0,20.0,7.0,8.0,0.0,0.0,0.0,0.0,0.15,0.36,0.0,0.18,0.26,0.47,0.18,0.0,0.18,0.0,0.54,0.46,0.84,0.79,0.5,0.3,0.67,0.68,0.0,0.0,0.31,0.5,4.0,6.0,0.0,1.0,3.0,3.0,1.0,2.0,3.0,5.0,1.0,1.0,0.0,2.0,0.0,0.0,11.0,17.0,4.0,5.0,9.0,7.0,7.0,6.0,7.0,9.0,,,,,1.0,1.0,1.0,0.0,0.5,0.83,27.0,24.0,8.0,10.0,6.0,5.0,0.0,0.0,0.0,0.0
Y7E5PeBj,EUROPE,2026/2027,EUROPE 3,Conference League,GfRbsVWM,EUROPE 3,13/08/2026,18:30,Semi-finals,Austria Vienna (Aut),lvnOzIkE,Beitar Jerusalem (Isr),t2BgeFT0,False,2,2,2,1.0,1.0,3.0,3.0,"[1, 2, 3, 4, 5, 58]","[1, 2, 3, 4, 32, 56]",bet365,2.75,2.3,3.2,bet365,2.5,2.63,3.0,bet365,2.1,3.7,2.88,bet365,1.29,3.5,bet365,2.38,1.53,bet365,5.0,1.14,bet365,1.18,4.5,bet365,1.83,1.83,bet365,3.5,1.29,bet365,1.01,15.0,bet365,1.2,4.33,bet365,1.62,2.25,bet365,2.5,1.5,bet365,4.33,1.2,bet365,1.53,2.38,bet365,3.75,1.25,bet365,2.75,1.4,bet365,1.4,1.29,1.67,bet365,1.36,1.57,1.4,Betano.br,1.35,1.42,1.5,bet365,1.62,2.2,Esportivabet,1.66,2.1,Betano.br,1.7,2.07,bet365,4.5,15.0,21.0,7.0,6.5,5.5,29.0,15.0,3.4,bet365,1.93,1.93,bet365,2.0,1.8,bet365,1.91,1.8,bet365,15.0,bet365,13.0,bet365,9.5,bet365,7.5,bet365,17.0,bet365,13.0,bet365,11.0,bet365,8.5,bet365,13.0,bet365,29.0,bet365,21.0,bet365,21.0,bet365,17.0,bet365,26.0,bet365,21.0,1xBet.br,8.3,1.02,1xBet.br,7.7,1.08,bet365,4.1,1.23,bet365,3.3,1.33,bet365,2.1,1.7,bet365,1.4,2.85,bet365,1.18,4.8,bet365,1.14,5.75,bet365,1.1,7.0,1xBet.br,1.01,10.0,bet365,21.0,15.0,23.0,bet365,8.0,8.0,11.0,bet365,4.0,5.0,5.5,bet365,1.4,3.75,1.67,bet365,1.11,6.5,1.2,bet365,1.05,13.0,1.06,1.38,1.7,1.31,2.64,0.99,1.74,2.64,1.31,0.64,0.31,0.34,0.66,0.72,0.86,0.37,0.55,0.5,0.7,2.0,2.0,0.2,0.37,8.0,20.0,4.0,9.0,2.0,6.0,2.0,5.0,4.0,10.0,4.0,10.0,2.0,4.0,0.0,1.0,17.0,35.0,2.0,7.0,22.0,22.0,31.0,31.0,22.0,22.0,4.0,4.0,,,1.0,3.0,7.0,3.0,0.58,0.45,58.0,69.0,28.0,33.0,19.0,16.0,0.0,0.0,0.0,1.0,0.7,0.21,0.36,0.11,0.56,0.36,0.11,0.36,-0.89,0.36,0.3,0.7,0.74,0.9,0.5,0.67,0.51,0.76,1.0,0.0,0.4,0.33,4.0,8.0,2.0,1.0,0.0,3.0,2.0,4.0,2.0,1.0,2.0,7.0,1.0,0.0,0.0,0.0,9.0,12.0,1.0,3.0,9.0,7.0,13.0,12.0,7.0,9.0,0.0,1.0,,,0.0,0.0,0.0,2.0,0.3,0.0,22.0,22.0,11.0,13.0,7.0,7.0,0.0,0.0,0.0,0.0,0.68,0.54,0.95,1.36,0.34,0.57,1.36,0.95,0.36,-0.05,0.41,0.59,0.72,0.82,0.32,0.55,0.5,0.64,1.0,1.0,0.0,0.6,4.0,6.0,2.0,4.0,2.0,2.0,0.0,0.0,2.0,4.0,2.0,2.0,1.0,1.0,0.0,1.0,8.0,11.0,1.0,1.0,7.0,8.0,12.0,13.0,8.0,7.0,1.0,1.0,,,0.0,3.0,3.0,1.0,0.7,0.7,21.0,28.0,8.0,14.0,8.0,7.0,0.0,0.0,0.0,1.0
zm5W4OUa,EUROPE,2026/2027,EUROPE 3,Conference League,GfRbsVWM,EUROPE 3,13/08/2026,18:30,Semi-finals,Motherwell (Sco),YuW7ZfMM,HJK (Fin),nmjJVR7B,False,2,0,2,1.0,1.0,3.0,1.0,"[47, 60]",[],bet365,4.5,2.2,2.3,bet365,4.0,2.6,2.1,bet365,4.2,3.6,1.75,bet365,1.36,3.0,bet365,2.63,1.44,bet365,6.5,1.1,bet365,1.22,4.0,bet365,2.0,1.73,bet365,4.33,1.2,bet365,1.05,8.5,bet365,1.29,3.5,bet365,1.9,1.9,bet365,3.25,1.33,bet365,6.0,1.11,bet365,1.8,1.91,bet365,4.5,1.18,bet365,3.5,1.29,bet365,2.0,1.29,1.22,bet365,1.57,1.62,1.17,Betano.br,1.65,1.45,1.23,bet365,3.25,1.33,Superbet.br,2.82,1.36,Betano.br,2.72,1.42,bet365,2.75,15.0,41.0,4.75,5.5,9.5,23.0,15.0,7.0,bet365,1.98,1.88,bet365,2.1,1.73,bet365,1.91,1.8,bet365,11.0,bet365,7.5,bet365,13.0,bet365,7.0,bet365,8.5,bet365,21.0,bet365,9.0,bet365,15.0,bet365,15.0,bet365,13.0,bet365,41.0,bet365,15.0,bet365,34.0,bet365,26.0,bet365,41.0,,0.0,0.0,,0.0,0.0,1xBet.br,10.5,1.04,bet365,6.8,1.11,bet365,3.9,1.24,bet365,2.0,1.8,bet365,1.53,2.42,bet365,1.35,3.1,bet365,1.15,5.5,bet365,1.12,6.4,bet365,0.0,8.5,12.0,bet365,23.0,5.0,6.0,bet365,9.0,3.75,2.88,bet365,2.0,6.0,1.22,bet365,1.36,13.0,1.05,bet365,1.09,0.0,0.0,,,,,,,,,,,0.5,0.5,,,,,,,,,,,17.0,10.0,4.0,1.0,10.0,6.0,3.0,3.0,,,,,,,,,,,3.0,7.0,8.0,11.0,17.0,15.0,8.0,8.0,0.0,2.0,,,3.0,1.0,,,,,,,,,,,,,,,,,,,,,,,,,0.64,0.36,,,,,,,,,,,10.0,2.0,2.0,0.0,5.0,1.0,3.0,1.0,,,,,,,,,,,3.0,4.0,4.0,6.0,11.0,6.0,7.0,4.0,0.0,1.0,,,0.0,0.0,,,,,,,,,,,,,,,,,,,,,,,,,0.34,0.66,,,,,,,,,,,7.0,8.0,2.0,1.0,5.0,5.0,0.0,2.0,,,,,,,,,,,0.0,3.0,4.0,5.0,6.0,9.0,1.0,4.0,0.0,1.0,,,3.0,1.0,,,,,,,,,,,,,,
S6cf4xMb,EUROPE,2026/2027,EUROPE 3,Conference League,GfRbsVWM,EUROPE 3,13/08/2026,18:45,Semi-finals,Shelbourne (Irl),OjQROO8j,Ajax (Ned),8UOvIwnb,False,2,2,2,1.0,3.0,3.0,5.0,"[24, 85]","[20, 39]",bet365,1.57,2.88,8.0,bet365,1.5,3.4,7.5,bet365,1.22,5.75,9.5,bet365,1.2,4.33,bet365,1.91,1.8,bet365,4.0,1.22,bet365,1.13,6.0,bet365,1.62,2.2,bet365,2.75,1.4,bet365,1.01,12.0,bet365,1.11,6.0,bet365,1.4,2.75,bet365,1.91,1.8,bet365,3.25,1.33,bet365,1.83,1.83,bet365,4.33,1.2,bet365,3.25,1.33,bet365,1.04,1.1,3.6,bet365,1.06,1.4,2.25,1xBet.br,1.0,1.21,2.56,bet365,1.07,7.5,BrasilBet,1.1,5.75,Betano.br,1.13,5.5,bet365,17.0,23.0,19.0,21.0,10.0,4.33,51.0,21.0,1.67,bet365,1.98,1.88,bet365,2.0,1.8,bet365,1.83,1.83,bet365,21.0,bet365,34.0,bet365,11.0,bet365,12.0,bet365,51.0,bet365,8.0,bet365,29.0,bet365,10.0,bet365,21.0,bet365,126.0,bet365,8.5,bet365,51.0,bet365,11.0,bet365,51.0,bet365,23.0,bet365,2.42,1.53,bet365,2.0,1.8,bet365,1.63,2.25,bet365,1.33,3.3,bet365,1.24,3.9,SeguroBet,1.05,8.2,,0.0,0.0,,0.0,0.0,,0.0,0.0,,0.0,0.0,bet365,4.0,0.0,0.0,bet365,2.4,0.0,0.0,bet365,1.62,13.0,23.0,bet365,1.04,4.33,3.6,bet365,0.0,4.33,2.2,bet365,0.0,5.0,1.5,0.69,1.12,1.66,0.9,0.48,1.53,0.9,1.66,-1.1,-0.34,0.28,0.72,0.8,0.92,0.51,0.7,0.57,0.85,0.0,0.0,0.25,0.32,12.0,19.0,5.0,7.0,5.0,6.0,2.0,6.0,7.0,9.0,5.0,10.0,0.0,3.0,0.0,1.0,13.0,23.0,4.0,11.0,12.0,10.0,10.0,15.0,10.0,12.0,4.0,2.0,,,6.0,0.0,5.0,3.0,0.56,0.65,44.0,46.0,19.0,13.0,9.0,6.0,0.0,0.0,0.0,0.0,0.4,0.39,0.51,0.7,0.36,0.51,0.7,0.51,-1.3,-0.49,0.15,0.85,0.64,0.93,0.35,0.71,0.55,0.86,0.0,0.0,0.0,0.25,6.0,13.0,2.0,5.0,2.0,3.0,2.0,5.0,4.0,6.0,2.0,7.0,0.0,1.0,0.0,1.0,8.0,13.0,1.0,10.0,5.0,4.0,5.0,5.0,4.0,5.0,1.0,2.0,,,2.0,0.0,3.0,1.0,0.67,0.6,19.0,15.0,15.0,7.0,5.0,2.0,0.0,0.0,0.0,0.0,0.29,0.73,1.15,0.2,0.12,1.02,0.2,1.15,0.2,0.15,0.41,0.59,0.86,0.9,0.6,0.69,0.59,0.84,0.0,0.0,0.29,0.5,6.0,6.0,3.0,2.0,3.0,3.0,0.0,1.0,3.0,3.0,3.0,3.0,0.0,2.0,0.0,0.0,5.0,10.0,3.0,1.0,7.0,6.0,5.0,10.0,6.0,7.0,3.0,0.0,,,4.0,0.0,2.0,2.0,0.5,0.67,25.0,31.0,4.0,6.0,4.0,4.0,0.0,0.0,0.0,0.0
Ys9sR10N,EUROPE,2026/2027,EUROPE 3,Conference League,GfRbsVWM,EUROPE 3,13/08/2026,17:30,Semi-finals,Vaduz (Lie),G6Ih9GOj,Inter Turku (Fin),QwkNUoNH,False,2,2,2,1.0,2.0,3.0,4.0,"[4, 56]","[13, 76]",bet365,4.0,2.38,2.25,bet365,3.75,2.75,2.05,bet365,4.1,3.9,1.7,bet365,1.29,3.5,bet365,2.38,1.53,bet365,5.0,1.14,bet365,1.18,4.5,bet365,1.83,1.83,bet365,3.75,1.25,bet365,1.03,10.0,bet365,1.22,4.0,bet365,1.67,2.15,bet365,2.63,1.44,bet365,4.5,1.17,bet365,1.62,2.2,bet365,4.0,1.22,bet365,3.0,1.36,bet365,2.1,1.25,1.22,bet365,1.57,1.53,1.22,Betano.br,1.72,1.4,1.23,bet365,3.25,1.33,BR4Bet,2.71,1.4,Betano.br,2.8,1.4,bet365,2.63,15.0,34.0,4.75,6.5,9.5,21.0,15.0,6.5,bet365,1.9,1.95,bet365,2.0,1.8,bet365,1.91,1.8,bet365,15.0,bet365,8.5,bet365,15.0,bet365,8.0,bet365,10.0,bet365,23.0,bet365,8.0,bet365,15.0,bet365,13.0,bet365,15.0,bet365,41.0,bet365,13.0,bet365,29.0,bet365,21.0,bet365,34.0,,0.0,0.0,,0.0,0.0,bet365,6.25,1.12,bet365,6.8,1.11,bet365,4.0,1.23,bet365,2.1,1.7,bet365,1.6,2.3,bet365,1.38,3.0,bet365,1.16,5.25,bet365,1.13,5.9,bet365,0.0,8.5,11.0,bet365,21.0,5.0,5.5,bet365,8.5,3.5,2.88,bet365,2.1,6.0,1.22,bet365,1.36,13.0,1.06,bet365,1.1,0.0,0.0,,,,,,,,,,,0.57,0.43,,,,,,,,,,,18.0,14.0,8.0,9.0,3.0,3.0,7.0,2.0,,,,,,,,,,,9.0,1.0,10.0,20.0,14.0,15.0,22.0,10.0,2.0,0.0,,,0.0,0.0,,,,,,,,,,,,,,,,,,,,,,,,,0.61,0.39,,,,,,,,,,,8.0,4.0,3.0,1.0,1.0,2.0,4.0,1.0,,,,,,,,,,,4.0,0.0,4.0,9.0,5.0,10.0,10.0,4.0,,,,,0.0,0.0,,,,,,,,,,,,,,,,,,,,,,,,,0.53,0.47,,,,,,,,,,,10.0,10.0,5.0,8.0,2.0,1.0,3.0,1.0,,,,,,,,,,,5.0,1.0,6.0,11.0,9.0,5.0,12.0,6.0,2.0,0.0,,,0.0,0.0,,,,,,,,,,,,,,
t65FZfil,EUROPE,2026/2027,EUROPE 3,Conference League,GfRbsVWM,EUROPE 3,13/08/2026,17:00,Semi-finals,Din. Minsk (Blr),Wtzu8xF1,Braga (Por),dpUer7ht,False,0,0,2,0.0,1.0,0.0,1.0,[],[],bet365,1.83,2.25,8.5,bet365,1.67,2.63,7.5,bet365,1.38,4.1,8.0,bet365,1.4,2.75,bet365,2.75,1.4,bet365,7.0,1.08,bet365,1.25,3.75,bet365,2.2,1.62,bet365,5.0,1.17,bet365,1.06,8.0,bet365,1.33,3.25,bet365,2.05,1.75,bet365,3.5,1.29,bet365,6.5,1.1,bet365,2.38,1.53,bet365,6.5,1.11,bet365,4.5,1.18,bet365,1.06,1.22,3.0,bet365,1.05,1.57,1.83,Sportingbet.br,1.08,1.4,2.1,bet365,1.11,6.0,BrasilBet,1.13,5.0,Betano.br,1.16,4.75,bet365,15.0,23.0,26.0,15.0,6.0,3.75,51.0,21.0,2.0,bet365,1.98,1.88,bet365,2.1,1.73,bet365,2.0,1.73,bet365,9.0,bet365,17.0,bet365,6.0,bet365,8.5,bet365,41.0,bet365,6.0,bet365,26.0,bet365,9.5,bet365,26.0,bet365,101.0,bet365,8.0,bet365,67.0,bet365,15.0,bet365,67.0,bet365,41.0,bet365,3.9,1.24,bet365,3.1,1.35,bet365,2.15,1.68,bet365,1.63,2.25,bet365,1.38,3.0,bet365,1.12,6.4,Betboom.br,1.01,9.4,,0.0,0.0,,0.0,0.0,,0.0,0.0,bet365,7.5,0.0,0.0,bet365,3.75,34.0,67.0,bet365,2.05,10.0,26.0,bet365,1.06,3.6,3.0,bet365,1.01,4.0,1.67,bet365,0.0,6.0,1.22,,,,,,,,,,,0.38,0.62,,,,,,,,,,,7.0,13.0,2.0,5.0,3.0,3.0,2.0,5.0,,,,,,,,,,,3.0,5.0,11.0,13.0,24.0,26.0,11.0,10.0,3.0,2.0,,,1.0,1.0,,,,,,,,,,,,,,,,,,,,,,,,,0.38,0.62,,,,,,,,,,,2.0,5.0,0.0,1.0,2.0,1.0,0.0,3.0,,,,,,,,,,,3.0,2.0,8.0,6.0,12.0,13.0,6.0,9.0,1.0,1.0,,,0.0,0.0,,,,,,,,,,,,,,,,,,,,,,,,,0.38,0.62,,,,,,,,,,,5.0,8.0,2.0,4.0,1.0,2.0,2.0,2.0,,,,,,,,,,,0.0,3.0,3.0,7.0,12.0,13.0,5.0,1.0,2.0,1.0,,,1.0,1.0,,,,,,,,,,,,,,
MaTv5OMa,EUROPE,2026/2027,EUROPE 3,Conference League,GfRbsVWM,EUROPE 3,13/08/2026,18:00,Semi-finals,Drita (Kos),bwWOjXUP,Tre Fiori (San),Yq1P1sCB,False,5,0,2,4.0,1.0,9.0,1.0,"[20, 40, 42, 47, 60]",[],bet365,13.0,3.25,1.36,bet365,11.0,4.0,1.3,bet365,15.0,9.5,1.1,bet365,1.17,4.5,bet365,1.83,1.83,bet365,3.75,1.25,bet365,1.1,7.0,bet365,1.53,2.38,bet365,2.63,1.44,bet365,1.01,15.0,bet365,1.08,7.0,bet365,1.33,3.25,bet365,1.83,1.98,bet365,2.75,1.4,bet365,2.25,1.57,bet365,5.5,1.14,bet365,4.0,1.22,bet365,6.5,1.04,1.01,bet365,3.0,1.33,1.01,Sportingbet.br,3.3,1.19,1.04,bet365,10.0,1.03,BrasilBet,9.0,1.04,Superbet.br,7.9,1.04,bet365,1.44,29.0,67.0,4.0,13.0,29.0,21.0,34.0,29.0,bet365,1.9,1.95,bet365,2.0,1.8,bet365,1.83,1.83,bet365,26.0,bet365,11.0,bet365,41.0,bet365,19.0,bet365,7.0,bet365,81.0,bet365,12.0,bet365,41.0,bet365,34.0,bet365,6.5,bet365,151.0,bet365,12.0,bet365,101.0,bet365,34.0,bet365,81.0,,0.0,0.0,,0.0,0.0,,0.0,0.0,,0.0,0.0,Superbet.br,12.0,1.02,bet365,6.4,1.12,bet365,5.5,1.15,bet365,3.0,1.38,bet365,2.42,1.53,bet365,1.88,1.93,bet365,0.0,4.5,2.88,bet365,0.0,4.33,1.83,bet365,34.0,5.0,1.33,bet365,6.5,17.0,1.01,bet365,3.0,0.0,0.0,bet365,1.83,0.0,0.0,,,,,,,,,,,0.63,0.37,,,,,,,,,,,19.0,5.0,10.0,3.0,9.0,2.0,0.0,0.0,,,,,,,,,,,3.0,0.0,12.0,11.0,17.0,16.0,9.0,11.0,2.0,1.0,,,0.0,0.0,,,,,,,,,,,,,,,,,,,,,,,,,0.63,0.37,,,,,,,,,,,9.0,2.0,4.0,1.0,5.0,1.0,0.0,0.0,,,,,,,,,,,2.0,0.0,6.0,4.0,11.0,11.0,4.0,7.0,1.0,0.0,,,0.0,0.0,,,,,,,,,,,,,,,,,,,,,,,,,0.63,0.37,,,,,,,,,,,10.0,3.0,6.0,2.0,4.0,1.0,0.0,0.0,,,,,,,,,,,1.0,0.0,6.0,7.0,6.0,5.0,5.0,4.0,1.0,1.0,,,0.0,0.0,,,,,,,,,,,,,,
j1ORRiyK,EUROPE,2026/2027,EUROPE 3,Conference League,GfRbsVWM,EUROPE 3,13/08/2026,18:15,Semi-finals,Sion (Sui),KbwIFIoN,Noah (Arm),IeATrtcs,False,2,1,2,2.0,2.0,4.0,3.0,"[53, 63]",[25],bet365,4.75,2.4,2.05,bet365,4.33,2.88,1.91,bet365,4.5,4.1,1.6,bet365,1.29,3.5,bet365,2.25,1.57,bet365,5.0,1.14,bet365,1.17,5.0,bet365,1.8,1.91,bet365,3.5,1.29,bet365,1.03,10.0,bet365,1.2,4.33,bet365,1.62,2.25,bet365,2.5,1.5,bet365,4.33,1.2,bet365,1.67,2.1,bet365,4.0,1.22,bet365,3.0,1.36,bet365,2.25,1.22,1.17,bet365,1.73,1.53,1.17,Betano.br,1.8,1.39,1.2,bet365,3.75,1.25,Esportivabet,3.33,1.28,Betano.br,3.1,1.34,bet365,2.38,15.0,34.0,4.75,6.5,11.0,21.0,17.0,8.0,bet365,1.98,1.88,bet365,2.0,1.8,bet365,1.91,1.8,bet365,17.0,bet365,9.0,bet365,17.0,bet365,8.5,bet365,9.0,bet365,26.0,bet365,9.0,bet365,15.0,bet365,15.0,bet365,13.0,bet365,51.0,bet365,12.0,bet365,34.0,bet365,21.0,bet365,34.0,,0.0,0.0,,0.0,0.0,Superbet.br,10.0,1.03,SeguroBet,8.2,1.05,bet365,4.15,1.22,bet365,2.2,1.65,bet365,1.73,2.08,bet365,1.45,2.68,bet365,1.22,4.15,bet365,1.17,5.0,bet365,0.0,7.0,8.5,bet365,26.0,4.75,4.33,bet365,9.5,4.0,2.4,bet365,2.25,6.5,1.17,bet365,1.5,15.0,1.05,bet365,1.17,0.0,0.0,2.67,0.98,1.96,0.9,1.6,0.63,0.9,1.96,-0.1,-0.04,0.53,0.47,0.86,0.79,0.55,0.39,0.74,0.56,0.0,0.0,0.18,0.5,17.0,8.0,5.0,3.0,9.0,4.0,3.0,1.0,12.0,4.0,5.0,4.0,4.0,1.0,0.0,0.0,25.0,18.0,7.0,3.0,22.0,9.0,17.0,20.0,9.0,22.0,1.0,2.0,,,2.0,1.0,2.0,3.0,0.64,0.73,55.0,40.0,19.0,24.0,8.0,5.0,0.0,1.0,0.0,0.0,1.14,0.86,0.02,0.86,0.55,0.41,0.86,0.02,-0.14,0.02,0.6,0.4,0.87,0.78,0.61,0.43,0.71,0.69,0.0,0.0,0.11,0.5,5.0,5.0,1.0,2.0,2.0,2.0,2.0,1.0,4.0,2.0,1.0,3.0,2.0,1.0,0.0,0.0,8.0,12.0,2.0,1.0,10.0,7.0,11.0,16.0,7.0,10.0,1.0,0.0,,,0.0,0.0,1.0,1.0,0.4,0.57,26.0,24.0,12.0,15.0,2.0,3.0,0.0,1.0,0.0,0.0,1.53,0.12,1.94,0.04,1.05,0.22,0.04,1.94,0.04,-0.06,0.46,0.54,0.85,0.8,0.47,0.35,0.76,0.39,0.0,0.0,0.25,0.5,12.0,3.0,4.0,1.0,7.0,2.0,1.0,0.0,8.0,2.0,4.0,1.0,2.0,0.0,0.0,0.0,17.0,6.0,5.0,2.0,12.0,2.0,6.0,4.0,2.0,12.0,0.0,2.0,,,2.0,1.0,1.0,2.0,0.83,0.88,29.0,16.0,7.0,9.0,6.0,2.0,0.0,0.0,0.0,0.0
WIAajPF6,EUROPE,2026/2027,EUROPE 3,Conference League,GfRbsVWM,EUROPE 3,13/08/2026,17:00,Semi-finals,Hammarby (Swe),SQsg3nME,Rakow (Pol),SQOrbYim,False,0,1,2,0.0,0.0,0.0,1.0,[],"[45, 90]",bet365,5.0,2.4,2.0,bet365,4.75,2.75,1.83,bet365,5.5,4.0,1.55,bet365,1.3,3.4,bet365,2.38,1.53,bet365,5.5,1.13,bet365,1.18,4.5,bet365,1.83,1.83,bet365,3.75,1.25,bet365,1.04,9.0,bet365,1.2,4.33,bet365,1.67,2.15,bet365,2.63,1.44,bet365,4.5,1.17,bet365,1.73,2.0,bet365,4.33,1.2,bet365,3.4,1.3,bet365,2.38,1.22,1.13,bet365,1.73,1.53,1.14,Sportingbet.br,1.85,1.4,1.16,bet365,4.0,1.22,Galerabet,3.45,1.25,Betano.br,3.3,1.31,bet365,2.3,17.0,41.0,4.5,6.5,12.0,21.0,17.0,8.5,bet365,2.0,1.85,bet365,2.0,1.8,bet365,1.91,1.8,bet365,13.0,bet365,8.0,bet365,17.0,bet365,8.0,bet365,8.0,bet365,29.0,bet365,8.5,bet365,17.0,bet365,15.0,bet365,11.0,bet365,51.0,bet365,12.0,bet365,41.0,bet365,23.0,bet365,41.0,,0.0,0.0,,0.0,0.0,bet365,6.4,1.12,bet365,6.6,1.11,bet365,5.25,1.16,bet365,2.38,1.55,bet365,1.9,1.9,bet365,1.53,2.42,bet365,1.26,3.7,bet365,1.2,4.4,bet365,0.0,7.0,8.5,bet365,29.0,4.5,4.33,bet365,11.0,3.75,2.38,bet365,2.38,7.0,1.13,bet365,1.5,17.0,1.04,bet365,1.17,0.0,0.0,,,,,,,,,,,0.58,0.42,,,,,,,,,,,17.0,6.0,4.0,3.0,8.0,2.0,5.0,1.0,,,,,,,,,,,10.0,2.0,10.0,7.0,19.0,20.0,9.0,9.0,3.0,4.0,1.0,0.0,0.0,1.0,,,,,,,,,,,,,,,,,,,,,,,,,0.68,0.32,,,,,,,,,,,5.0,4.0,0.0,2.0,2.0,1.0,3.0,1.0,,,,,,,,,,,1.0,0.0,5.0,2.0,9.0,13.0,2.0,5.0,1.0,0.0,,,0.0,0.0,,,,,,,,,,,,,,,,,,,,,,,,,0.48,0.52,,,,,,,,,,,12.0,2.0,4.0,1.0,6.0,1.0,2.0,0.0,,,,,,,,,,,9.0,2.0,5.0,5.0,10.0,7.0,7.0,4.0,2.0,4.0,1.0,0.0,0.0,1.0,,,,,,,,,,,,,,
6Bsz4c2d,EUROPE,2026/2027,EUROPE 3,Conference League,GfRbsVWM,EUROPE 3,13/08/2026,17:30,Semi-finals,NSI Runavik (Fai),UaOluym1,Lugano (Sui),IHaUjgT1,False,2,2,2,0.0,2.0,2.0,4.0,"[29, 61]","[66, 79]",bet365,1.8,2.63,6.0,bet365,1.67,3.1,5.5,bet365,1.38,5.0,6.0,bet365,1.25,3.75,bet365,2.1,1.67,bet365,4.33,1.2,bet365,1.14,5.5,bet365,1.67,2.1,bet365,3.25,1.33,bet365,1.02,11.0,bet365,1.13,5.5,bet365,1.44,2.63,bet365,2.1,1.67,bet365,3.5,1.29,bet365,1.67,2.1,bet365,4.0,1.22,bet365,3.0,1.36,bet365,1.11,1.14,3.0,bet365,1.11,1.44,1.91,Sportingbet.br,1.12,1.32,2.15,bet365,1.17,4.5,Goldebet,1.18,4.2,Betano.br,1.22,3.95,bet365,11.0,19.0,19.0,15.0,8.0,4.33,41.0,19.0,1.95,bet365,1.93,1.93,bet365,2.0,1.8,bet365,1.83,1.83,bet365,21.0,bet365,21.0,bet365,10.0,bet365,11.0,bet365,34.0,bet365,8.5,bet365,21.0,bet365,9.0,bet365,17.0,bet365,67.0,bet365,10.0,bet365,41.0,bet365,11.0,bet365,41.0,bet365,21.0,bet365,3.3,1.33,bet365,2.68,1.45,bet365,2.0,1.8,bet365,1.58,2.35,bet365,1.4,2.85,bet365,1.13,5.9,SeguroBet,1.02,10.0,SeguroBet,1.02,10.3,,0.0,0.0,,0.0,0.0,bet365,6.0,0.0,0.0,bet365,3.25,17.0,34.0,bet365,1.95,8.5,12.0,bet365,1.11,4.0,3.0,bet365,1.03,4.33,1.73,bet365,0.0,6.0,1.3,1.46,2.61,1.46,2.56,0.63,2.32,2.56,1.46,0.56,-0.54,0.4,0.6,0.8,0.91,0.44,0.5,0.7,0.83,0.0,0.0,0.19,0.25,6.0,18.0,4.0,9.0,1.0,6.0,1.0,3.0,4.0,13.0,2.0,5.0,2.0,4.0,0.0,0.0,8.0,29.0,5.0,3.0,14.0,14.0,20.0,17.0,14.0,14.0,1.0,0.0,,,0.0,1.0,8.0,2.0,0.64,0.54,33.0,46.0,27.0,19.0,2.0,8.0,0.0,0.0,0.0,0.0,0.35,1.1,0.47,0.79,0.04,1.02,0.79,0.47,0.79,-0.53,0.44,0.56,0.81,0.91,0.45,0.57,0.71,0.84,0.0,0.0,0.13,0.43,4.0,11.0,3.0,5.0,0.0,4.0,1.0,2.0,2.0,8.0,2.0,3.0,1.0,2.0,0.0,0.0,3.0,18.0,4.0,0.0,5.0,4.0,10.0,10.0,4.0,5.0,,,,,0.0,1.0,5.0,2.0,0.83,0.4,13.0,25.0,6.0,5.0,0.0,5.0,0.0,0.0,0.0,0.0,1.11,1.51,0.99,1.77,0.59,1.3,1.77,0.99,-0.23,-0.01,0.36,0.64,0.78,0.91,0.43,0.45,0.69,0.82,0.0,0.0,0.25,0.15,2.0,7.0,1.0,4.0,1.0,2.0,0.0,1.0,2.0,5.0,0.0,2.0,1.0,2.0,0.0,0.0,5.0,11.0,1.0,3.0,9.0,10.0,10.0,7.0,10.0,9.0,1.0,0.0,,,0.0,0.0,3.0,0.0,0.4,1.0,20.0,21.0,21.0,14.0,2.0,3.0,0.0,0.0,0.0,0.0
427vbGHF,EUROPE,2026/2027,EUROPE 3,Conference League,GfRbsVWM,EUROPE 3,13/08/2026,17:00,Semi-finals,Nordsjaelland (Den),2wZHnGDH,Valur (Ice),GdxJccH5,False,5,0,2,2.0,0.0,7.0,0.0,"[5, 45, 62, 71, 74]",[],bet365,15.0,3.75,1.29,bet365,13.0,4.5,1.22,bet365,23.0,11.0,1.07,bet365,1.14,5.0,bet365,1.67,2.1,bet365,3.0,1.36,bet365,1.07,9.0,bet365,1.4,2.75,bet365,2.2,1.62,bet365,1.0,17.0,bet365,1.05,8.5,bet365,1.22,4.0,bet365,1.53,2.38,bet365,2.2,1.62,bet365,2.2,1.62,bet365,5.0,1.17,bet365,3.75,1.25,bet365,7.5,1.02,1.0,bet365,3.5,1.25,1.01,Sportingbet.br,3.9,1.15,1.03,bet365,12.0,1.01,Sportingbet.br,10.0,1.05,Superbet.br,9.5,1.03,bet365,1.33,34.0,67.0,4.33,17.0,41.0,21.0,34.0,41.0,bet365,1.95,1.9,bet365,1.91,1.91,bet365,1.83,1.83,bet365,34.0,bet365,15.0,bet365,51.0,bet365,21.0,bet365,8.5,bet365,101.0,bet365,15.0,bet365,51.0,bet365,34.0,bet365,7.0,bet365,151.0,bet365,12.0,bet365,126.0,bet365,34.0,bet365,101.0,,0.0,0.0,,0.0,0.0,,0.0,0.0,,0.0,0.0,,0.0,0.0,bet365,6.0,1.13,bet365,7.0,1.1,bet365,3.7,1.26,bet365,3.1,1.35,bet365,2.25,1.63,bet365,0.0,4.5,2.3,bet365,0.0,4.75,1.57,bet365,26.0,6.0,1.22,bet365,7.5,17.0,1.01,bet365,3.6,0.0,0.0,bet365,2.2,0.0,0.0,5.2,0.4,5.19,0.39,4.1,0.55,0.39,5.19,0.39,0.19,0.66,0.34,0.93,0.82,0.63,0.49,0.87,0.58,2.0,0.0,0.53,0.4,34.0,7.0,14.0,2.0,10.0,4.0,10.0,1.0,27.0,4.0,7.0,3.0,7.0,1.0,0.0,1.0,64.0,12.0,10.0,2.0,10.0,19.0,15.0,13.0,19.0,10.0,0.0,3.0,,,1.0,0.0,2.0,9.0,0.64,0.8,35.0,37.0,10.0,29.0,8.0,2.0,0.0,1.0,0.0,1.0,2.96,0.21,3.2,0.0,2.72,0.13,0.0,3.2,0.0,1.2,0.7,0.3,0.92,0.76,0.69,0.36,0.86,0.56,1.0,0.0,0.57,0.5,18.0,2.0,8.0,0.0,5.0,2.0,5.0,0.0,15.0,2.0,3.0,0.0,3.0,0.0,0.0,0.0,35.0,7.0,7.0,0.0,5.0,4.0,9.0,4.0,4.0,5.0,0.0,1.0,,,0.0,0.0,0.0,6.0,0.78,0.75,18.0,16.0,4.0,19.0,7.0,1.0,0.0,1.0,0.0,1.0,2.24,0.19,1.99,0.39,1.38,0.42,0.39,1.99,0.39,-1.01,0.61,0.39,0.95,0.87,0.5,0.6,0.89,0.62,1.0,0.0,0.4,0.38,16.0,5.0,6.0,2.0,5.0,2.0,5.0,1.0,12.0,2.0,4.0,3.0,4.0,1.0,0.0,1.0,29.0,5.0,3.0,2.0,5.0,15.0,6.0,9.0,15.0,5.0,0.0,2.0,,,1.0,0.0,2.0,3.0,0.4,1.0,17.0,21.0,6.0,10.0,1.0,1.0,0.0,0.0,0.0,0.0
ENiII4Gt,EUROPE,2026/2027,EUROPE 3,Conference League,GfRbsVWM,EUROPE 3,13/08/2026,18:30,Semi-finals,Gyor (Hun),4WnsYev9,Riga FC (Lat),l2DXxTjh,False,1,1,2,0.0,1.0,1.0,2.0,[28],[88],bet365,3.1,2.3,2.88,bet365,2.88,2.63,2.63,bet365,2.63,3.7,2.25,bet365,1.3,3.4,bet365,2.5,1.5,bet365,5.5,1.13,bet365,1.18,4.5,bet365,1.83,1.83,bet365,3.75,1.25,bet365,1.01,15.0,bet365,1.22,4.0,bet365,1.67,2.15,bet365,2.63,1.44,bet365,4.5,1.17,bet365,1.62,2.2,bet365,4.0,1.22,bet365,3.0,1.36,bet365,1.53,1.22,1.4,bet365,1.4,1.57,1.36,Novibet,1.37,1.45,1.35,bet365,2.0,1.73,Betano.br,1.91,1.8,Betano.br,1.95,1.8,bet365,3.75,15.0,29.0,6.0,6.0,6.5,23.0,15.0,4.33,bet365,1.9,1.95,bet365,2.0,1.8,bet365,1.91,1.8,bet365,15.0,bet365,9.5,bet365,11.0,bet365,7.5,bet365,13.0,bet365,15.0,bet365,9.0,bet365,11.0,bet365,13.0,bet365,23.0,bet365,26.0,bet365,19.0,bet365,21.0,bet365,21.0,bet365,26.0,1xBet.br,12.0,1.03,1xBet.br,9.1,1.06,bet365,5.25,1.16,bet365,4.25,1.21,bet365,2.68,1.45,bet365,1.6,2.3,bet365,1.27,3.55,bet365,1.19,4.5,1xBet.br,1.06,9.1,1xBet.br,1.04,11.0,bet365,0.0,15.0,23.0,bet365,11.0,7.0,9.0,bet365,5.0,4.0,4.5,bet365,1.53,4.5,1.4,bet365,1.17,7.5,1.13,bet365,1.05,0.0,0.0,2.03,2.44,1.14,1.52,0.91,1.63,1.52,1.14,0.52,0.14,0.37,0.63,0.78,0.87,0.42,0.55,0.76,0.74,1.0,1.0,0.37,0.18,10.0,22.0,4.0,7.0,5.0,9.0,1.0,6.0,7.0,14.0,3.0,8.0,4.0,2.0,0.0,1.0,17.0,35.0,2.0,11.0,12.0,9.0,21.0,25.0,9.0,12.0,2.0,3.0,,,0.0,1.0,5.0,2.0,0.73,0.89,44.0,46.0,39.0,14.0,10.0,15.0,0.0,0.0,0.0,0.0,1.57,0.8,1.14,0.19,0.7,0.53,0.19,1.14,0.19,0.14,0.39,0.61,0.79,0.85,0.5,0.52,0.79,0.68,1.0,1.0,0.36,0.0,8.0,7.0,4.0,3.0,3.0,3.0,1.0,1.0,5.0,3.0,3.0,4.0,3.0,1.0,0.0,0.0,10.0,12.0,0.0,4.0,4.0,2.0,12.0,13.0,2.0,4.0,,,,,0.0,0.0,2.0,2.0,0.8,0.91,22.0,23.0,15.0,3.0,3.0,9.0,0.0,0.0,0.0,0.0,0.46,1.64,0.0,1.33,0.21,1.1,1.33,0.0,0.33,0.0,0.33,0.67,0.76,0.89,0.33,0.58,0.7,0.79,0.0,0.0,0.38,0.25,2.0,15.0,0.0,4.0,2.0,6.0,0.0,5.0,2.0,11.0,0.0,4.0,1.0,1.0,0.0,1.0,7.0,23.0,2.0,7.0,8.0,7.0,9.0,12.0,7.0,8.0,2.0,3.0,,,0.0,1.0,3.0,0.0,0.6,0.86,22.0,23.0,24.0,11.0,7.0,6.0,0.0,0.0,0.0,0.0
EycsIRSI,EUROPE,2026/2027,EUROPE 3,Conference League,GfRbsVWM,EUROPE 3,20/08/2026,16:00,Final,Lincoln Red Imps (Gib),bHbMply6,Larne (Nir),44wiLnI5,False,0,2,1,,,,,[],"[84, 90]",bet365,2.5,2.05,4.33,bet365,2.3,2.38,4.0,bet365,1.91,3.3,3.7,bet365,1.44,2.63,bet365,3.25,1.33,bet365,7.5,1.07,bet365,1.29,3.5,bet365,2.38,1.53,bet365,5.5,1.14,bet365,1.07,7.5,bet365,1.36,3.0,bet365,2.15,1.67,bet365,3.75,1.25,bet365,7.0,1.08,bet365,2.0,1.73,bet365,5.5,1.14,bet365,4.0,1.22,bet365,1.22,1.25,1.73,bet365,1.2,1.73,1.5,Betano.br,1.25,1.5,1.55,bet365,1.4,2.75,Galerabet,1.42,2.63,Betano.br,1.5,2.5,bet365,3.0,17.0,41.0,4.75,5.0,8.0,29.0,17.0,6.5,bet365,1.98,1.88,bet365,2.1,1.73,bet365,2.0,1.73,bet365,8.5,bet365,6.5,bet365,10.0,bet365,6.5,bet365,8.5,bet365,19.0,bet365,9.5,bet365,13.0,bet365,17.0,bet365,15.0,bet365,41.0,bet365,17.0,bet365,34.0,bet365,34.0,bet365,41.0,1xBet.br,8.1,1.08,bet365,6.8,1.11,bet365,3.55,1.27,bet365,2.75,1.43,bet365,1.93,1.88,bet365,1.26,3.7,bet365,1.1,7.0,bet365,1.1,7.0,1xBet.br,1.01,10.0,,0.0,0.0,bet365,19.0,12.0,0.0,bet365,7.5,5.5,23.0,bet365,3.5,3.6,8.5,bet365,1.22,5.5,1.73,bet365,1.06,13.0,1.25,bet365,0.0,0.0,1.07,,,,,,,,,,,0.42,0.58,,,,,,,,,,,6.0,12.0,3.0,7.0,2.0,2.0,1.0,3.0,,,,,,,,,,,3.0,9.0,19.0,10.0,16.0,23.0,10.0,16.0,2.0,4.0,1.0,0.0,0.0,3.0,,,,,,,,,,,,,,,,,,,,,,,,,0.43,0.57,,,,,,,,,,,4.0,2.0,3.0,1.0,1.0,1.0,0.0,0.0,,,,,,,,,,,3.0,3.0,10.0,5.0,9.0,9.0,5.0,9.0,1.0,2.0,1.0,0.0,0.0,2.0,,,,,,,,,,,,,,,,,,,,,,,,,0.41,0.59,,,,,,,,,,,2.0,10.0,0.0,6.0,1.0,1.0,1.0,3.0,,,,,,,,,,,0.0,6.0,9.0,5.0,7.0,14.0,5.0,7.0,1.0,2.0,,,0.0,1.0,,,,,,,,,,,,,,
S0tzaBKa,EUROPE,2026/2027,EUROPE 3,Conference League,GfRbsVWM,EUROPE 3,13/08/2026,18:30,Semi-finals,Gent (Bel),MgkzUx7T,Goteborg (Swe),UovQtopk,False,1,1,2,1.0,0.0,2.0,1.0,[27],[85],bet365,5.0,2.3,2.05,bet365,4.75,2.75,1.91,bet365,4.5,4.2,1.57,bet365,1.33,3.25,bet365,2.5,1.5,bet365,5.5,1.13,bet365,1.2,4.33,bet365,1.91,1.8,bet365,4.0,1.22,bet365,1.04,9.0,bet365,1.22,4.0,bet365,1.73,2.08,bet365,2.75,1.4,bet365,5.0,1.14,bet365,1.83,1.83,bet365,4.5,1.18,bet365,3.5,1.29,bet365,2.15,1.17,1.13,bet365,1.73,1.57,1.14,Sportingbet.br,1.85,1.41,1.15,bet365,3.75,1.25,BrasilBet,3.6,1.25,Betano.br,3.3,1.3,bet365,2.38,17.0,41.0,4.5,6.5,10.0,23.0,19.0,8.0,bet365,1.88,1.98,bet365,2.1,1.73,bet365,1.91,1.8,bet365,13.0,bet365,7.5,bet365,13.0,bet365,8.5,bet365,8.0,bet365,26.0,bet365,8.5,bet365,15.0,bet365,17.0,bet365,12.0,bet365,51.0,bet365,13.0,bet365,41.0,bet365,26.0,bet365,41.0,,0.0,0.0,,0.0,0.0,Superbet.br,11.0,1.03,SeguroBet,9.0,1.03,bet365,4.4,1.2,bet365,2.3,1.6,bet365,1.8,2.0,bet365,1.5,2.5,bet365,1.24,3.9,bet365,1.18,4.65,bet365,0.0,7.5,9.5,bet365,29.0,4.5,4.5,bet365,11.0,3.75,2.5,bet365,2.15,6.0,1.13,bet365,1.44,15.0,1.04,bet365,1.14,0.0,0.0,,,,,,,,,,,0.51,0.49,,,,,,,,,,,10.0,7.0,4.0,2.0,4.0,4.0,2.0,1.0,,,,,,,,,,,7.0,3.0,9.0,10.0,15.0,20.0,9.0,7.0,1.0,2.0,,,2.0,1.0,,,,,,,,,,,,,,,,,,,,,,,,,0.45,0.55,,,,,,,,,,,4.0,3.0,2.0,0.0,1.0,2.0,1.0,1.0,,,,,,,,,,,0.0,2.0,5.0,6.0,5.0,15.0,6.0,3.0,0.0,1.0,,,0.0,1.0,,,,,,,,,,,,,,,,,,,,,,,,,0.57,0.43,,,,,,,,,,,6.0,4.0,2.0,2.0,3.0,2.0,1.0,0.0,,,,,,,,,,,7.0,1.0,4.0,4.0,10.0,5.0,3.0,4.0,1.0,1.0,,,2.0,0.0,,,,,,,,,,,,,,
h89qf7Gs,EUROPE,2026/2027,EUROPE 3,Conference League,GfRbsVWM,EUROPE 3,13/08/2026,17:00,Semi-finals,Dun. Streda (Svk),YHIkizpH,Twente (Ned),dhOKTHGA,False,3,3,2,0.0,6.0,3.0,9.0,"[56, 66, 88]","[7, 51, 90]",bet365,2.2,2.38,4.5,bet365,2.0,2.75,4.0,bet365,1.65,3.75,4.5,bet365,1.29,3.5,bet365,2.38,1.53,bet365,5.0,1.14,bet365,1.18,4.5,bet365,1.83,1.83,bet365,3.75,1.25,bet365,1.03,10.0,bet365,1.2,4.33,bet365,1.67,2.15,bet365,2.63,1.44,bet365,4.5,1.17,bet365,1.67,2.1,bet365,4.0,1.22,bet365,3.0,1.36,bet365,1.17,1.25,2.2,bet365,1.17,1.53,1.62,Sportingbet.br,1.2,1.39,1.75,bet365,1.29,3.5,KTO.br,1.33,3.0,Betano.br,1.39,2.82,bet365,7.0,17.0,21.0,10.0,6.5,4.75,34.0,15.0,2.5,bet365,2.0,1.85,bet365,2.0,1.8,bet365,1.91,1.8,bet365,15.0,bet365,17.0,bet365,9.0,bet365,7.5,bet365,26.0,bet365,9.0,bet365,15.0,bet365,8.5,bet365,13.0,bet365,51.0,bet365,13.0,bet365,34.0,bet365,13.0,bet365,34.0,bet365,21.0,bet365,5.25,1.16,bet365,4.4,1.2,bet365,2.68,1.45,bet365,2.15,1.68,bet365,1.68,2.15,bet365,1.2,4.4,1xBet.br,1.08,7.9,1xBet.br,1.05,9.6,,0.0,0.0,,0.0,0.0,bet365,10.0,0.0,0.0,bet365,5.0,15.0,23.0,bet365,2.63,6.5,9.0,bet365,1.17,3.75,2.2,bet365,1.05,4.75,1.4,bet365,0.0,7.5,1.13,2.09,1.64,3.14,2.96,0.82,1.42,2.96,3.14,-0.04,0.14,0.41,0.59,0.85,0.9,0.68,0.63,0.75,0.81,1.0,1.0,0.35,0.18,19.0,24.0,9.0,12.0,9.0,6.0,1.0,6.0,12.0,16.0,7.0,8.0,3.0,3.0,0.0,0.0,29.0,41.0,3.0,12.0,12.0,9.0,20.0,13.0,9.0,12.0,1.0,0.0,,,2.0,1.0,9.0,6.0,0.68,0.86,49.0,45.0,25.0,14.0,2.0,7.0,0.0,1.0,1.0,1.0,0.41,0.82,0.09,1.29,0.23,0.92,1.29,0.09,0.29,0.09,0.34,0.66,0.8,0.9,0.57,0.68,0.71,0.82,0.0,1.0,0.6,0.13,9.0,11.0,2.0,4.0,7.0,2.0,0.0,5.0,5.0,8.0,4.0,3.0,0.0,2.0,0.0,0.0,14.0,21.0,3.0,8.0,6.0,5.0,9.0,6.0,5.0,6.0,,,,,1.0,1.0,3.0,2.0,0.67,0.89,21.0,28.0,17.0,2.0,1.0,5.0,0.0,1.0,0.0,0.0,1.68,0.82,3.05,1.67,0.59,0.5,1.67,3.05,-0.33,0.05,0.48,0.52,0.89,0.89,0.8,0.57,0.77,0.8,1.0,0.0,0.25,0.29,10.0,13.0,7.0,8.0,2.0,4.0,1.0,1.0,7.0,8.0,3.0,5.0,3.0,1.0,0.0,0.0,15.0,20.0,0.0,4.0,6.0,4.0,11.0,7.0,4.0,6.0,1.0,0.0,,,1.0,0.0,6.0,4.0,0.69,0.8,28.0,17.0,8.0,12.0,1.0,2.0,0.0,0.0,1.0,1.0
2cByswaE,EUROPE,2026/2027,EUROPE 3,Conference League,GfRbsVWM,EUROPE 3,13/08/2026,19:00,Semi-finals,Dinamo City (Alb),KdZNQkgm,Auda (Lat),n9K4jY6A,False,4,0,2,0.0,1.0,4.0,1.0,"[36, 45, 52, 78, 90]","[26, 90]",bet365,3.75,2.25,2.5,bet365,3.4,2.6,2.3,bet365,3.2,3.5,1.9,bet365,1.33,3.25,bet365,2.63,1.44,bet365,6.0,1.11,bet365,1.2,4.33,bet365,2.0,1.73,bet365,4.0,1.22,bet365,1.04,9.0,bet365,1.25,3.75,bet365,1.8,2.0,bet365,3.0,1.36,bet365,5.0,1.14,bet365,1.67,2.1,bet365,4.33,1.2,bet365,3.25,1.33,bet365,1.8,1.22,1.29,bet365,1.5,1.57,1.25,SeguroBet,1.58,1.45,1.25,bet365,2.63,1.44,Sportingbet.br,2.45,1.49,Betano.br,2.35,1.55,bet365,3.1,15.0,34.0,5.0,6.0,8.0,23.0,15.0,5.5,bet365,1.93,1.93,bet365,2.1,1.73,bet365,1.91,1.8,bet365,12.0,bet365,8.0,bet365,12.0,bet365,7.0,bet365,11.0,bet365,19.0,bet365,8.5,bet365,13.0,bet365,15.0,bet365,19.0,bet365,41.0,bet365,17.0,bet365,26.0,bet365,23.0,bet365,34.0,,0.0,0.0,Betboom.br,9.4,1.01,bet365,6.8,1.11,bet365,6.4,1.12,bet365,3.45,1.3,bet365,1.85,1.95,bet365,1.4,2.85,bet365,1.27,3.55,bet365,1.11,6.8,bet365,1.15,5.5,bet365,0.0,12.0,17.0,bet365,19.0,6.0,7.0,bet365,7.0,3.6,3.6,bet365,1.8,5.5,1.29,bet365,1.25,11.0,1.08,bet365,1.07,0.0,0.0,,,,,,,,,,,0.53,0.47,,,,,,,,,,,8.0,5.0,5.0,2.0,3.0,3.0,0.0,0.0,,,,,,,,,,,2.0,8.0,33.0,19.0,22.0,23.0,16.0,26.0,2.0,4.0,,,4.0,3.0,,,,,,,,,,,,,,,,,,,,,,,,,0.56,0.44,,,,,,,,,,,6.0,1.0,3.0,1.0,3.0,0.0,0.0,0.0,,,,,,,,,,,2.0,3.0,18.0,12.0,14.0,11.0,9.0,13.0,0.0,2.0,,,4.0,2.0,,,,,,,,,,,,,,,,,,,,,,,,,0.5,0.5,,,,,,,,,,,2.0,4.0,2.0,1.0,0.0,3.0,0.0,0.0,,,,,,,,,,,0.0,5.0,15.0,7.0,8.0,12.0,7.0,13.0,2.0,2.0,,,0.0,1.0,,,,,,,,,,,,,,
CGQsrn5d,EUROPE,2026/2027,EUROPE 3,Conference League,GfRbsVWM,EUROPE 3,13/08/2026,16:30,Semi-finals,RFS (Lat),Midjg0YH,Jablonec (Cze),CM8ySpMH,False,1,2,2,0.0,2.0,1.0,4.0,[38],"[4, 22]",bet365,3.75,2.05,2.75,bet365,3.4,2.38,2.5,bet365,3.4,3.2,2.05,bet365,1.44,2.63,bet365,3.25,1.33,bet365,7.5,1.07,bet365,1.29,3.5,bet365,2.25,1.57,bet365,5.5,1.14,bet365,1.07,7.5,bet365,1.36,3.0,bet365,2.15,1.67,bet365,3.75,1.25,bet365,7.0,1.08,bet365,1.91,1.8,bet365,5.5,1.14,bet365,3.75,1.25,bet365,1.73,1.36,1.3,bet365,1.4,1.73,1.25,SeguroBet,1.47,1.53,1.26,bet365,2.5,1.5,Sportingbet.br,2.3,1.53,Betano.br,2.25,1.6,bet365,3.4,15.0,34.0,5.0,5.0,7.5,29.0,15.0,5.5,bet365,2.05,1.8,bet365,2.1,1.73,bet365,2.0,1.73,bet365,8.5,bet365,7.0,bet365,9.5,bet365,6.5,bet365,9.0,bet365,17.0,bet365,9.5,bet365,13.0,bet365,15.0,bet365,19.0,bet365,34.0,bet365,17.0,bet365,29.0,bet365,34.0,bet365,41.0,,0.0,0.0,1xBet.br,10.5,1.01,bet365,7.0,1.1,bet365,6.8,1.11,bet365,3.45,1.3,bet365,1.75,2.05,bet365,1.38,3.0,bet365,1.25,3.8,1xBet.br,1.06,8.8,1xBet.br,1.05,9.7,bet365,29.0,13.0,23.0,bet365,19.0,5.5,9.0,bet365,7.0,3.75,3.75,bet365,1.73,5.0,1.3,bet365,1.22,11.0,1.07,bet365,1.05,17.0,1.04,,,,,,,,,,,0.5,0.5,,,,,,,,,,,22.0,6.0,8.0,2.0,8.0,4.0,6.0,0.0,,,,,,,,,,,4.0,5.0,13.0,13.0,31.0,26.0,15.0,14.0,5.0,1.0,1.0,0.0,2.0,1.0,,,,,,,,,,,,,,,,,,,,,,,,,0.48,0.52,,,,,,,,,,,11.0,3.0,2.0,2.0,3.0,1.0,6.0,0.0,,,,,,,,,,,3.0,2.0,10.0,7.0,14.0,21.0,8.0,10.0,,,,,1.0,0.0,,,,,,,,,,,,,,,,,,,,,,,,,0.52,0.48,,,,,,,,,,,11.0,3.0,6.0,0.0,5.0,3.0,0.0,0.0,,,,,,,,,,,1.0,3.0,3.0,6.0,17.0,5.0,7.0,4.0,5.0,1.0,1.0,0.0,1.0,1.0,,,,,,,,,,,,,,
pKgCMmd2,EUROPE,2026/2027,EUROPE 3,Conference League,GfRbsVWM,EUROPE 3,13/08/2026,17:00,Semi-finals,ML Vitebsk (Blr),UkzXzc1n,Borac Banja Luka (Bih),pWGUPhrD,False,2,2,2,0.0,0.0,2.0,2.0,"[1, 2, 3, 4, 45, 120]","[1, 2, 3, 4, 103, 115]",bet365,2.88,2.1,3.4,bet365,2.75,2.5,3.0,bet365,2.4,3.25,2.7,bet365,1.4,2.75,bet365,2.75,1.4,bet365,7.0,1.08,bet365,1.25,3.75,bet365,2.1,1.67,bet365,4.5,1.18,bet365,1.05,8.5,bet365,1.29,3.5,bet365,1.95,1.85,bet365,3.4,1.3,bet365,6.0,1.11,bet365,1.73,2.0,bet365,4.5,1.18,bet365,3.4,1.3,bet365,1.44,1.33,1.53,bet365,1.3,1.67,1.4,Sportingbet.br,1.31,1.52,1.43,bet365,1.73,2.0,Galerabet,1.77,1.95,Betano.br,1.82,1.93,bet365,4.5,15.0,29.0,6.0,5.5,6.0,29.0,15.0,3.75,bet365,1.98,1.88,bet365,2.1,1.73,bet365,2.0,1.73,bet365,10.0,bet365,9.0,bet365,9.0,bet365,6.5,bet365,15.0,bet365,12.0,bet365,10.0,bet365,10.0,bet365,13.0,bet365,29.0,bet365,23.0,bet365,23.0,bet365,21.0,bet365,29.0,bet365,29.0,Superbet.br,10.0,1.03,1xBet.br,9.4,1.02,bet365,4.65,1.18,bet365,3.9,1.24,bet365,2.42,1.53,bet365,1.45,2.68,bet365,1.18,4.8,bet365,1.13,5.9,1xBet.br,1.01,9.7,Superbet.br,1.03,10.0,bet365,26.0,17.0,29.0,bet365,10.0,8.5,13.0,bet365,4.5,4.33,6.0,bet365,1.44,4.33,1.53,bet365,1.09,7.0,1.14,bet365,1.04,15.0,1.05,,,,,,,,,,,0.53,0.47,,,,,,,,,,,18.0,14.0,7.0,4.0,6.0,8.0,5.0,2.0,,,,,,,,,,,4.0,4.0,21.0,20.0,33.0,23.0,25.0,24.0,2.0,5.0,,,0.0,2.0,,,,,,,,,,,,,,,,,,,,,,,,,0.61,0.39,,,,,,,,,,,6.0,4.0,2.0,1.0,0.0,3.0,4.0,0.0,,,,,,,,,,,1.0,0.0,8.0,9.0,17.0,4.0,10.0,8.0,2.0,0.0,,,0.0,1.0,,,,,,,,,,,,,,,,,,,,,,,,,0.44,0.56,,,,,,,,,,,8.0,5.0,2.0,1.0,5.0,3.0,1.0,1.0,,,,,,,,,,,3.0,3.0,6.0,7.0,10.0,15.0,8.0,8.0,0.0,3.0,,,0.0,1.0,,,,,,,,,,,,,,
hQjKFuqI,EUROPE,2026/2027,EUROPE 3,Conference League,GfRbsVWM,EUROPE 3,13/08/2026,17:00,Semi-finals,Midtjylland (Den),8GZDmdbB,Bohemians (Irl),zHEZJ8Wc,False,3,2,2,2.0,0.0,5.0,2.0,"[26, 47, 78]","[62, 88]",bet365,9.5,2.88,1.53,bet365,8.5,3.4,1.4,bet365,12.0,6.0,1.18,bet365,1.22,4.0,bet365,2.0,1.73,bet365,4.33,1.2,bet365,1.13,6.0,bet365,1.67,2.1,bet365,3.0,1.36,bet365,1.02,11.0,bet365,1.13,5.5,bet365,1.44,2.63,bet365,2.0,1.73,bet365,3.4,1.3,bet365,2.0,1.73,bet365,5.0,1.17,bet365,3.75,1.25,bet365,3.8,1.08,1.01,bet365,2.38,1.4,1.04,Sportingbet.br,2.65,1.25,1.07,bet365,8.5,1.05,Sportingbet.br,5.75,1.12,Betano.br,5.9,1.11,bet365,1.62,23.0,51.0,4.0,10.0,21.0,21.0,26.0,21.0,bet365,1.98,1.88,bet365,2.0,1.8,bet365,1.91,1.8,bet365,19.0,bet365,9.5,bet365,34.0,bet365,13.0,bet365,7.0,bet365,51.0,bet365,10.0,bet365,34.0,bet365,23.0,bet365,7.5,bet365,151.0,bet365,11.0,bet365,67.0,bet365,29.0,bet365,67.0,,0.0,0.0,,0.0,0.0,,0.0,0.0,,0.0,0.0,bet365,7.0,1.1,bet365,4.25,1.21,bet365,3.55,1.27,bet365,2.35,1.58,bet365,1.88,1.93,bet365,1.55,2.38,bet365,0.0,4.75,3.75,bet365,0.0,4.0,2.3,bet365,29.0,4.33,1.53,bet365,3.8,15.0,1.01,bet365,2.3,0.0,0.0,bet365,1.53,0.0,0.0,2.82,0.81,3.41,1.19,1.64,0.31,1.19,3.41,-0.81,0.41,0.63,0.37,0.83,0.72,0.44,0.38,0.7,0.57,1.0,0.0,0.16,0.44,15.0,11.0,7.0,4.0,1.0,4.0,7.0,3.0,11.0,7.0,4.0,4.0,4.0,0.0,0.0,0.0,47.0,16.0,6.0,3.0,11.0,22.0,11.0,24.0,22.0,11.0,3.0,2.0,,,0.0,3.0,2.0,4.0,0.5,0.47,62.0,53.0,8.0,34.0,11.0,12.0,0.0,0.0,0.0,0.0,1.16,0.3,1.21,0.13,0.31,0.16,0.13,1.21,0.13,0.21,0.62,0.38,0.78,0.71,0.42,0.4,0.63,0.48,0.0,0.0,0.27,0.5,6.0,4.0,2.0,1.0,0.0,1.0,4.0,2.0,5.0,4.0,1.0,0.0,2.0,0.0,0.0,0.0,16.0,10.0,3.0,2.0,8.0,11.0,8.0,12.0,11.0,8.0,1.0,1.0,,,0.0,2.0,1.0,1.0,0.5,0.17,38.0,24.0,1.0,19.0,8.0,4.0,0.0,0.0,0.0,0.0,1.66,0.51,2.2,1.06,1.33,0.15,1.06,2.2,-0.94,0.2,0.63,0.37,0.86,0.73,0.47,0.35,0.75,0.63,1.0,0.0,0.0,0.33,9.0,7.0,5.0,3.0,1.0,3.0,3.0,1.0,6.0,3.0,3.0,4.0,2.0,0.0,0.0,0.0,31.0,6.0,3.0,1.0,3.0,11.0,3.0,12.0,11.0,3.0,2.0,1.0,,,0.0,1.0,1.0,3.0,0.5,0.62,24.0,29.0,7.0,15.0,3.0,8.0,0.0,0.0,0.0,0.0
2m4NfPl2,EUROPE,2026/2027,EUROPE 3,Conference League,GfRbsVWM,EUROPE 3,13/08/2026,19:00,Semi-finals,Hajduk Split (Cro),2w5qgpq0,Zalgiris (Ltu),fuLOijFI,False,4,0,2,5.0,2.0,9.0,2.0,"[53, 69, 80, 82]",[],bet365,7.0,2.6,1.73,bet365,6.0,3.0,1.62,bet365,7.0,5.25,1.33,bet365,1.29,3.5,bet365,2.25,1.57,bet365,4.5,1.17,bet365,1.17,5.0,bet365,1.8,1.91,bet365,3.5,1.29,bet365,1.02,10.5,bet365,1.17,4.5,bet365,1.53,2.38,bet365,2.38,1.53,bet365,4.0,1.22,bet365,1.83,1.83,bet365,4.5,1.18,bet365,3.5,1.29,bet365,3.25,1.14,1.08,bet365,2.0,1.5,1.08,Sportingbet.br,2.2,1.32,1.1,bet365,5.5,1.13,Galerabet,4.75,1.15,Betano.br,4.55,1.18,bet365,1.91,19.0,51.0,4.0,8.0,15.0,21.0,21.0,13.0,bet365,1.9,1.95,bet365,2.0,1.8,bet365,1.91,1.8,bet365,17.0,bet365,8.0,bet365,21.0,bet365,11.0,bet365,7.0,bet365,41.0,bet365,9.0,bet365,21.0,bet365,21.0,bet365,9.0,bet365,67.0,bet365,11.0,bet365,51.0,bet365,23.0,bet365,51.0,,0.0,0.0,,0.0,0.0,,0.0,0.0,,0.0,0.0,bet365,6.6,1.11,bet365,3.1,1.35,bet365,2.42,1.53,bet365,1.83,1.98,bet365,1.48,2.6,bet365,1.33,3.3,bet365,0.0,5.5,5.5,bet365,41.0,4.33,3.1,bet365,19.0,3.75,1.91,bet365,3.25,10.0,1.08,bet365,1.8,23.0,1.02,bet365,1.3,0.0,0.0,,,,,,,,,,,0.63,0.37,,,,,,,,,,,20.0,3.0,7.0,0.0,9.0,1.0,4.0,2.0,,,,,,,,,,,7.0,5.0,13.0,18.0,19.0,12.0,19.0,11.0,,,,,1.0,1.0,,,,,,,,,,,,,,,,,,,,,,,,,0.61,0.39,,,,,,,,,,,8.0,2.0,2.0,0.0,4.0,0.0,2.0,2.0,,,,,,,,,,,5.0,4.0,7.0,11.0,15.0,6.0,13.0,7.0,,,,,0.0,0.0,,,,,,,,,,,,,,,,,,,,,,,,,0.65,0.35,,,,,,,,,,,12.0,1.0,5.0,0.0,5.0,1.0,2.0,0.0,,,,,,,,,,,2.0,1.0,6.0,7.0,4.0,6.0,6.0,4.0,,,,,1.0,1.0,,,,,,,,,,,,,,
EuLVMdjo,EUROPE,2026/2027,EUROPE 3,Conference League,GfRbsVWM,EUROPE 3,13/08/2026,18:00,Semi-finals,St. Gallen (Sui),bkxMEx1T,Sheriff Tiraspol (Mda),KfATZRQt,False,5,1,2,3.0,1.0,8.0,2.0,"[1, 34, 59, 76, 87]",[9],bet365,7.0,2.75,1.67,bet365,6.5,3.2,1.57,bet365,7.0,5.75,1.3,bet365,1.22,4.0,bet365,2.1,1.67,bet365,4.33,1.2,bet365,1.14,5.5,bet365,1.67,2.1,bet365,3.0,1.36,bet365,1.02,11.0,bet365,1.13,5.5,bet365,1.44,2.63,bet365,2.1,1.67,bet365,3.5,1.29,bet365,1.8,1.91,bet365,4.33,1.2,bet365,3.25,1.33,bet365,3.4,1.13,1.08,bet365,2.1,1.4,1.08,SeguroBet,2.37,1.28,1.09,bet365,5.5,1.13,Esportivabet,5.0,1.14,Betano.br,4.85,1.16,bet365,1.8,21.0,41.0,4.33,9.0,17.0,19.0,21.0,13.0,bet365,1.93,1.93,bet365,2.0,1.8,bet365,1.83,1.83,bet365,21.0,bet365,10.0,bet365,23.0,bet365,12.0,bet365,8.0,bet365,41.0,bet365,9.5,bet365,21.0,bet365,21.0,bet365,9.0,bet365,81.0,bet365,11.0,bet365,41.0,bet365,23.0,bet365,41.0,,0.0,0.0,,0.0,0.0,,0.0,0.0,,0.0,0.0,bet365,6.8,1.11,bet365,3.45,1.3,bet365,2.75,1.43,bet365,2.03,1.78,bet365,1.63,2.25,bet365,1.43,2.75,bet365,0.0,5.5,5.0,bet365,0.0,4.33,2.75,bet365,17.0,4.0,1.73,bet365,3.4,10.0,1.08,bet365,1.95,0.0,0.0,bet365,1.4,0.0,0.0,3.53,1.14,3.27,0.76,1.73,0.43,0.76,3.27,-0.24,-1.73,0.65,0.35,0.85,0.69,0.58,0.41,0.62,0.63,1.0,0.0,0.21,0.14,21.0,13.0,11.0,2.0,5.0,7.0,5.0,4.0,15.0,7.0,6.0,6.0,8.0,1.0,0.0,1.0,41.0,19.0,6.0,3.0,18.0,15.0,24.0,17.0,15.0,18.0,1.0,4.0,,,0.0,0.0,1.0,6.0,0.56,0.76,54.0,66.0,30.0,38.0,7.0,4.0,1.0,1.0,0.0,0.0,1.37,0.69,1.37,0.76,1.0,0.14,0.76,1.37,-0.24,-0.63,0.67,0.33,0.85,0.65,0.59,0.39,0.63,0.56,0.0,0.0,0.38,0.14,8.0,6.0,5.0,2.0,1.0,2.0,2.0,2.0,8.0,3.0,0.0,3.0,4.0,1.0,0.0,0.0,20.0,6.0,3.0,2.0,9.0,9.0,15.0,7.0,9.0,9.0,1.0,1.0,,,0.0,0.0,1.0,3.0,0.5,0.67,25.0,31.0,20.0,22.0,2.0,1.0,0.0,0.0,0.0,0.0,2.16,0.45,1.9,0.0,0.73,0.29,0.0,1.9,0.0,-1.1,0.64,0.36,0.84,0.72,0.56,0.43,0.62,0.7,1.0,0.0,0.0,0.14,13.0,7.0,6.0,0.0,4.0,5.0,3.0,2.0,7.0,4.0,6.0,3.0,4.0,0.0,0.0,1.0,21.0,13.0,3.0,1.0,9.0,6.0,9.0,10.0,6.0,9.0,0.0,3.0,,,0.0,0.0,0.0,3.0,0.6,0.83,29.0,35.0,10.0,16.0,5.0,3.0,1.0,1.0,0.0,0.0
46LsLexe,EUROPE,2026/2027,EUROPE 3,Conference League,GfRbsVWM,EUROPE 3,13/08/2026,18:00,Semi-finals,Shkendija (Mkd),je0pik4r,Hibernian (Sco),f5Fnxcx4,False,0,0,2,1.0,2.0,1.0,2.0,[],[],bet365,2.88,2.2,3.4,bet365,2.6,2.5,3.1,bet365,2.3,3.6,2.63,bet365,1.36,3.0,bet365,2.75,1.4,bet365,6.5,1.1,bet365,1.22,4.0,bet365,2.1,1.67,bet365,4.5,1.18,bet365,1.04,9.0,bet365,1.29,3.5,bet365,1.85,1.95,bet365,3.25,1.33,bet365,5.5,1.13,bet365,1.73,2.0,bet365,4.5,1.18,bet365,3.4,1.3,bet365,1.44,1.29,1.57,bet365,1.3,1.62,1.4,Betano.br,1.36,1.5,1.42,bet365,1.73,2.0,LuvaBet,1.7,2.05,Betano.br,1.78,1.98,bet365,4.5,15.0,29.0,6.5,5.5,6.0,29.0,15.0,3.6,bet365,1.88,1.98,bet365,2.1,1.73,bet365,1.91,1.8,bet365,11.0,bet365,8.5,bet365,8.5,bet365,7.0,bet365,15.0,bet365,12.0,bet365,10.0,bet365,10.0,bet365,15.0,bet365,29.0,bet365,21.0,bet365,23.0,bet365,19.0,bet365,29.0,bet365,29.0,1xBet.br,12.0,1.03,1xBet.br,9.1,1.06,bet365,4.4,1.2,bet365,3.55,1.27,bet365,2.3,1.6,bet365,1.48,2.6,bet365,1.18,4.65,bet365,1.13,5.9,1xBet.br,1.01,9.8,1xBet.br,1.01,9.7,bet365,23.0,17.0,26.0,bet365,9.5,8.0,13.0,bet365,4.33,4.0,6.0,bet365,1.44,4.0,1.57,bet365,1.1,6.5,1.17,bet365,1.04,15.0,1.05,,,,,,,,,,,0.58,0.42,,,,,,,,,,,15.0,6.0,1.0,3.0,10.0,1.0,4.0,2.0,,,,,,,,,,,4.0,3.0,13.0,12.0,16.0,31.0,10.0,13.0,3.0,2.0,,,4.0,0.0,,,,,,,,,,,,,,,,,,,,,,,,,0.51,0.49,,,,,,,,,,,2.0,3.0,0.0,0.0,2.0,1.0,0.0,2.0,,,,,,,,,,,2.0,3.0,6.0,6.0,7.0,18.0,4.0,7.0,1.0,0.0,,,2.0,0.0,,,,,,,,,,,,,,,,,,,,,,,,,0.65,0.35,,,,,,,,,,,13.0,3.0,1.0,3.0,8.0,0.0,4.0,0.0,,,,,,,,,,,2.0,0.0,7.0,6.0,9.0,13.0,6.0,6.0,2.0,2.0,,,2.0,0.0,,,,,,,,,,,,,,
zyFLGRSI,EUROPE,2026/2027,EUROPE 3,Conference League,GfRbsVWM,EUROPE 3,13/08/2026,16:00,Semi-finals,Flora (Est),zLFV5ykn,Inter Escaldes (And),4CambolL,False,0,4,2,0.0,2.0,0.0,6.0,[],"[17, 69, 77, 81]",bet365,2.6,2.25,3.6,bet365,2.3,2.6,3.25,bet365,1.95,3.4,3.4,bet365,1.33,3.25,bet365,2.5,1.5,bet365,5.5,1.13,bet365,1.2,4.33,bet365,1.83,1.83,bet365,3.75,1.25,bet365,1.01,13.0,bet365,1.2,4.33,bet365,1.73,2.08,bet365,2.63,1.44,bet365,4.5,1.17,bet365,1.62,2.2,bet365,4.0,1.22,bet365,3.0,1.36,bet365,1.25,1.25,1.7,bet365,1.29,1.57,1.5,Betano.br,1.27,1.42,1.62,bet365,1.44,2.63,Sportingbet.br,1.46,2.55,Superbet.br,1.45,2.47,bet365,3.1,15.0,34.0,5.5,6.0,7.5,23.0,15.0,5.0,bet365,2.05,1.8,bet365,2.0,1.8,bet365,1.91,1.8,bet365,13.0,bet365,9.5,bet365,13.0,bet365,7.0,bet365,10.0,bet365,19.0,bet365,9.5,bet365,13.0,bet365,13.0,bet365,19.0,bet365,34.0,bet365,15.0,bet365,26.0,bet365,23.0,bet365,29.0,bet365,6.8,1.11,bet365,6.6,1.11,bet365,3.45,1.3,bet365,2.75,1.43,bet365,2.0,1.8,bet365,1.3,3.45,bet365,1.12,6.25,bet365,1.12,6.4,SeguroBet,1.02,10.0,,0.0,0.0,bet365,17.0,12.0,0.0,bet365,7.0,5.0,17.0,bet365,3.4,4.0,6.5,bet365,1.25,5.5,1.7,bet365,1.08,11.0,1.29,bet365,0.0,0.0,1.07,,,,,,,,,,,0.59,0.41,,,,,,,,,,,12.0,9.0,4.0,4.0,3.0,3.0,5.0,2.0,,,,,,,,,,,8.0,1.0,18.0,13.0,21.0,21.0,10.0,16.0,4.0,2.0,,,2.0,3.0,,,,,,,,,,,,,,,,,,,,,,,,,0.62,0.38,,,,,,,,,,,8.0,3.0,3.0,1.0,2.0,1.0,3.0,1.0,,,,,,,,,,,4.0,0.0,11.0,8.0,12.0,6.0,7.0,12.0,2.0,2.0,,,0.0,1.0,,,,,,,,,,,,,,,,,,,,,,,,,0.56,0.44,,,,,,,,,,,4.0,6.0,1.0,3.0,1.0,2.0,2.0,1.0,,,,,,,,,,,4.0,1.0,7.0,5.0,9.0,15.0,3.0,4.0,2.0,0.0,,,2.0,2.0,,,,,,,,,,,,,,
WE22s2T6,EUROPE,2026/2027,EUROPE 3,Conference League,GfRbsVWM,EUROPE 3,12/08/2026,16:00,Semi-finals,FC Copenhagen (Den),hSPZwbEh,Debrecen (Hun),8KymAhn2,False,5,1,2,3.0,0.0,8.0,1.0,"[3, 58, 76, 78, 90]",[47],bet365,9.5,2.88,1.53,bet365,8.5,3.4,1.44,bet365,11.0,6.25,1.18,bet365,1.22,4.0,bet365,2.0,1.73,bet365,4.33,1.2,bet365,1.14,5.5,bet365,1.67,2.1,bet365,3.25,1.33,bet365,1.02,11.0,bet365,1.13,5.5,bet365,1.44,2.63,bet365,2.1,1.67,bet365,3.5,1.29,bet365,2.1,1.67,bet365,5.0,1.17,bet365,3.75,1.25,bet365,3.8,1.08,1.02,bet365,2.38,1.4,1.04,Sportingbet.br,2.6,1.27,1.06,bet365,8.5,1.05,Galerabet,7.0,1.07,Betano.br,6.3,1.1,bet365,1.62,23.0,51.0,4.0,10.0,21.0,21.0,26.0,21.0,bet365,1.95,1.9,bet365,2.0,1.8,bet365,1.91,1.8,bet365,19.0,bet365,9.0,bet365,29.0,bet365,13.0,bet365,7.0,bet365,51.0,bet365,10.0,bet365,34.0,bet365,26.0,bet365,7.5,bet365,126.0,bet365,11.0,bet365,81.0,bet365,29.0,bet365,67.0,,0.0,0.0,,0.0,0.0,,0.0,0.0,,0.0,0.0,Superbet.br,9.4,1.04,bet365,4.4,1.2,bet365,3.55,1.27,bet365,2.35,1.58,bet365,1.88,1.93,bet365,1.58,2.35,bet365,0.0,4.75,4.0,bet365,0.0,4.0,2.3,bet365,29.0,4.33,1.53,bet365,3.8,15.0,1.02,bet365,2.3,0.0,0.0,bet365,1.53,0.0,0.0,4.84,0.42,4.89,0.55,2.59,0.3,0.55,4.89,-0.45,-0.11,0.57,0.43,0.83,0.78,0.56,0.3,0.7,0.46,0.0,0.0,0.43,0.2,22.0,10.0,11.0,2.0,9.0,4.0,2.0,4.0,20.0,4.0,2.0,6.0,8.0,0.0,0.0,0.0,45.0,11.0,6.0,3.0,12.0,16.0,15.0,12.0,16.0,12.0,1.0,2.0,,,6.0,2.0,1.0,6.0,0.64,0.62,47.0,43.0,18.0,20.0,11.0,8.0,1.0,1.0,0.0,1.0,1.57,0.24,1.21,0.21,0.7,0.14,0.21,1.21,0.21,0.21,0.58,0.42,0.84,0.75,0.48,0.19,0.67,0.42,0.0,0.0,0.5,0.25,9.0,5.0,5.0,1.0,4.0,1.0,0.0,3.0,8.0,2.0,1.0,3.0,2.0,0.0,0.0,0.0,19.0,6.0,1.0,2.0,6.0,8.0,7.0,8.0,8.0,6.0,,,,,4.0,1.0,1.0,4.0,0.71,0.63,28.0,23.0,6.0,7.0,7.0,6.0,1.0,0.0,0.0,0.0,3.27,0.18,3.68,0.34,1.89,0.16,0.34,3.68,-0.66,-0.32,0.57,0.43,0.83,0.81,0.64,0.41,0.74,0.5,0.0,0.0,0.38,0.14,13.0,5.0,6.0,1.0,5.0,3.0,2.0,1.0,12.0,2.0,1.0,3.0,6.0,0.0,0.0,0.0,26.0,5.0,5.0,1.0,6.0,8.0,8.0,4.0,8.0,6.0,1.0,2.0,,,2.0,1.0,0.0,2.0,0.5,0.6,19.0,20.0,12.0,13.0,4.0,2.0,0.0,1.0,0.0,1.0
AXg3UzCF,EUROPE,2026/2027,EUROPE 3,Conference League,GfRbsVWM,EUROPE 3,13/08/2026,16:00,Semi-finals,Ilves (Fin),pYGmWmwa,Rijeka (Cro),zXKuUR5J,False,1,1,2,0.0,1.0,1.0,2.0,[64],[70],bet365,2.4,2.05,4.75,bet365,2.2,2.38,4.33,bet365,1.85,3.3,4.0,bet365,1.44,2.63,bet365,3.25,1.33,bet365,7.5,1.07,bet365,1.29,3.5,bet365,2.38,1.53,bet365,5.5,1.14,bet365,1.07,7.5,bet365,1.4,2.75,bet365,2.2,1.65,bet365,4.0,1.22,bet365,7.5,1.07,bet365,2.0,1.73,bet365,5.5,1.14,bet365,4.0,1.22,bet365,1.22,1.33,1.83,bet365,1.17,1.73,1.53,1xBet.br,1.21,1.47,1.66,bet365,1.36,3.0,BrasilBet,1.33,3.1,Betano.br,1.45,2.62,bet365,7.0,17.0,29.0,8.0,5.0,4.75,41.0,17.0,2.88,bet365,1.98,1.88,bet365,2.2,1.67,bet365,2.0,1.73,bet365,8.0,bet365,10.0,bet365,6.5,bet365,6.5,bet365,21.0,bet365,8.0,bet365,15.0,bet365,9.5,bet365,17.0,bet365,41.0,bet365,15.0,bet365,41.0,bet365,17.0,bet365,41.0,bet365,34.0,bet365,6.8,1.11,bet365,6.4,1.12,bet365,3.45,1.3,bet365,2.68,1.45,bet365,1.88,1.93,bet365,1.24,3.9,1xBet.br,1.06,8.8,1xBet.br,1.04,10.5,,0.0,0.0,,0.0,0.0,bet365,17.0,0.0,0.0,bet365,7.0,15.0,26.0,bet365,3.25,5.5,10.0,bet365,1.22,3.6,1.83,bet365,1.05,5.5,1.29,bet365,0.0,11.0,1.08,,,,,,,,,,,0.45,0.55,,,,,,,,,,,7.0,14.0,4.0,5.0,2.0,6.0,1.0,3.0,,,,,,,,,,,4.0,3.0,10.0,12.0,27.0,19.0,12.0,8.0,0.0,1.0,,,0.0,2.0,,,,,,,,,,,,,,,,,,,,,,,,,0.38,0.62,,,,,,,,,,,1.0,5.0,0.0,2.0,0.0,2.0,1.0,1.0,,,,,,,,,,,0.0,0.0,5.0,7.0,14.0,9.0,7.0,3.0,,,,,0.0,2.0,,,,,,,,,,,,,,,,,,,,,,,,,0.52,0.48,,,,,,,,,,,6.0,9.0,4.0,3.0,2.0,4.0,0.0,2.0,,,,,,,,,,,4.0,3.0,5.0,5.0,13.0,10.0,5.0,5.0,0.0,1.0,,,0.0,0.0,,,,,,,,,,,,,,
EZPW6phm,EUROPE,2026/2027,EUROPE 3,Conference League,GfRbsVWM,EUROPE 3,06/08/2026,19:00,Semi-finals,Tre Fiori (San),Yq1P1sCB,Drita (Kos),bwWOjXUP,False,1,4,1,,,,,[56],"[61, 62, 82, 90]",bet365,7.5,2.4,1.73,bet365,6.5,2.88,1.62,bet365,8.0,5.0,1.33,bet365,1.33,3.25,bet365,2.5,1.5,bet365,5.5,1.13,bet365,1.2,4.33,bet365,1.91,1.8,bet365,4.0,1.22,bet365,1.04,9.0,bet365,1.29,3.5,bet365,1.85,1.95,bet365,3.25,1.33,bet365,5.5,1.13,bet365,2.1,1.67,bet365,5.5,1.14,bet365,4.0,1.22,bet365,3.25,1.14,1.06,bet365,2.0,1.53,1.07,Sportingbet.br,2.2,1.36,1.08,bet365,6.0,1.11,Galerabet,5.0,1.13,Superbet.br,4.75,1.14,bet365,15.0,21.0,23.0,17.0,7.0,4.0,51.0,21.0,1.91,bet365,1.93,1.93,bet365,2.0,1.8,bet365,1.91,1.8,bet365,13.0,bet365,19.0,bet365,7.0,bet365,10.0,bet365,41.0,bet365,6.5,bet365,23.0,bet365,9.0,bet365,23.0,bet365,81.0,bet365,8.5,bet365,51.0,bet365,12.0,bet365,51.0,bet365,29.0,,0.0,0.0,,0.0,0.0,,0.0,0.0,,0.0,0.0,bet365,6.4,1.12,bet365,3.3,1.33,bet365,2.42,1.53,bet365,1.8,2.0,bet365,1.43,2.75,bet365,1.3,3.45,bet365,0.0,0.0,6.0,bet365,51.0,26.0,3.25,bet365,21.0,10.0,1.91,bet365,3.25,3.75,1.06,bet365,1.8,4.0,1.02,bet365,1.29,5.5,0.0,,,,,,,,,,,0.33,0.67,,,,,,,,,,,5.0,19.0,2.0,9.0,3.0,8.0,0.0,2.0,,,,,,,,,,,0.0,9.0,17.0,20.0,10.0,11.0,18.0,16.0,,,,,0.0,0.0,,,,,,,,,,,,,,,,,,,,,,,,,0.36,0.64,,,,,,,,,,,2.0,7.0,0.0,3.0,2.0,3.0,0.0,1.0,,,,,,,,,,,0.0,4.0,9.0,10.0,7.0,8.0,9.0,8.0,,,,,0.0,0.0,,,,,,,,,,,,,,,,,,,,,,,,,0.3,0.7,,,,,,,,,,,3.0,12.0,2.0,6.0,1.0,5.0,0.0,1.0,,,,,,,,,,,0.0,5.0,8.0,10.0,3.0,3.0,9.0,8.0,,,,,0.0,0.0,,,,,,,,,,,,,,
6m9JW5Wo,EUROPE,2026/2027,EUROPE 3,Conference League,GfRbsVWM,EUROPE 3,12/08/2026,16:00,Semi-finals,SK Rapid (Aut),rejcUFSs,Paide (Est),CAjWlFop,False,2,0,2,4.0,1.0,6.0,1.0,"[38, 82]",[],bet365,10.0,3.1,1.44,bet365,9.0,3.75,1.36,bet365,13.0,7.0,1.14,bet365,1.17,4.5,bet365,1.95,1.85,bet365,3.75,1.25,bet365,1.11,6.5,bet365,1.53,2.38,bet365,2.63,1.44,bet365,1.01,13.0,bet365,1.1,6.5,bet365,1.36,3.0,bet365,1.9,1.9,bet365,3.0,1.36,bet365,2.0,1.73,bet365,4.5,1.18,bet365,3.5,1.29,bet365,5.0,1.08,1.01,bet365,2.63,1.36,1.03,1xBet.br,2.98,1.15,1.01,bet365,9.0,1.04,BrasilBet,7.0,1.07,Betano.br,7.0,1.08,bet365,1.53,23.0,51.0,4.33,12.0,23.0,19.0,26.0,23.0,bet365,1.95,1.9,bet365,2.0,1.8,bet365,1.83,1.83,bet365,23.0,bet365,12.0,bet365,41.0,bet365,15.0,bet365,7.5,bet365,67.0,bet365,11.0,bet365,34.0,bet365,26.0,bet365,7.5,bet365,151.0,bet365,11.0,bet365,81.0,bet365,29.0,bet365,67.0,,0.0,0.0,,0.0,0.0,,0.0,0.0,,0.0,0.0,SeguroBet,9.0,1.03,bet365,5.25,1.16,bet365,4.25,1.21,bet365,2.68,1.45,bet365,2.15,1.68,bet365,1.73,2.08,bet365,0.0,4.75,3.25,bet365,0.0,4.33,2.05,bet365,29.0,4.75,1.44,bet365,5.0,17.0,1.01,bet365,2.6,0.0,0.0,bet365,1.67,0.0,0.0,3.06,0.13,2.96,0.17,1.92,0.21,0.17,2.96,0.17,0.96,0.65,0.35,0.9,0.81,0.53,0.38,0.81,0.59,0.0,0.0,0.35,0.25,23.0,2.0,7.0,1.0,11.0,0.0,5.0,1.0,16.0,1.0,7.0,1.0,3.0,1.0,0.0,0.0,35.0,7.0,5.0,1.0,3.0,11.0,17.0,15.0,11.0,3.0,2.0,1.0,,,4.0,3.0,1.0,5.0,0.5,0.42,31.0,37.0,11.0,22.0,9.0,20.0,0.0,0.0,0.0,0.0,1.81,0.04,1.34,0.0,1.38,0.11,0.0,1.34,0.0,0.34,0.67,0.33,0.9,0.81,0.41,0.37,0.82,0.52,0.0,0.0,0.42,0.33,14.0,1.0,4.0,0.0,7.0,0.0,3.0,1.0,8.0,0.0,6.0,1.0,2.0,0.0,0.0,0.0,14.0,3.0,3.0,1.0,1.0,6.0,9.0,5.0,6.0,1.0,1.0,0.0,,,2.0,2.0,0.0,3.0,0.63,0.4,15.0,19.0,4.0,8.0,6.0,11.0,0.0,0.0,0.0,0.0,1.25,0.09,1.62,0.17,0.54,0.1,0.17,1.62,0.17,0.62,0.63,0.37,0.91,0.81,0.67,0.39,0.8,0.64,0.0,0.0,0.25,0.0,9.0,1.0,3.0,1.0,4.0,0.0,2.0,0.0,8.0,1.0,1.0,0.0,1.0,1.0,0.0,0.0,21.0,4.0,2.0,0.0,2.0,5.0,8.0,10.0,5.0,2.0,1.0,1.0,,,2.0,1.0,1.0,2.0,0.33,0.44,16.0,18.0,7.0,14.0,3.0,9.0,0.0,0.0,0.0,0.0
6esnK0ZA,EUROPE,2026/2027,EUROPE 3,Conference League,GfRbsVWM,EUROPE 3,13/08/2026,17:00,Semi-finals,Tromso (Nor),25HpQh9o,CFR Cluj (Rou),4KfIhq7B,False,2,1,2,5.0,0.0,7.0,1.0,"[6, 48]",[78],bet365,5.0,2.3,2.1,bet365,4.5,2.63,1.91,bet365,4.75,4.0,1.6,bet365,1.33,3.25,bet365,2.63,1.44,bet365,6.0,1.11,bet365,1.2,4.33,bet365,2.0,1.73,bet365,4.0,1.22,bet365,1.01,12.0,bet365,1.22,4.0,bet365,1.75,2.05,bet365,2.75,1.4,bet365,5.0,1.14,bet365,1.83,1.83,bet365,4.5,1.18,bet365,3.5,1.29,bet365,2.25,1.22,1.17,bet365,1.67,1.57,1.14,Betano.br,1.8,1.4,1.19,bet365,3.75,1.25,Novibet,3.25,1.29,Betano.br,3.25,1.32,bet365,2.4,17.0,41.0,4.5,6.5,11.0,23.0,17.0,8.0,bet365,1.95,1.9,bet365,2.1,1.73,bet365,1.91,1.8,bet365,12.0,bet365,7.5,bet365,15.0,bet365,8.0,bet365,8.0,bet365,26.0,bet365,8.5,bet365,17.0,bet365,17.0,bet365,12.0,bet365,51.0,bet365,13.0,bet365,41.0,bet365,26.0,bet365,41.0,,0.0,0.0,,0.0,0.0,Superbet.br,10.0,1.03,1xBet.br,9.8,1.01,bet365,4.65,1.18,bet365,2.3,1.6,bet365,1.78,2.03,bet365,1.48,2.6,bet365,1.23,4.1,bet365,1.17,5.0,bet365,0.0,7.5,9.5,bet365,29.0,4.5,4.75,bet365,11.0,3.75,2.5,bet365,2.25,6.5,1.17,bet365,1.44,15.0,1.04,bet365,1.14,0.0,0.0,,,,,,,,,,,0.68,0.32,,,,,,,,,,,19.0,4.0,6.0,1.0,7.0,2.0,6.0,1.0,,,,,,,,,,,9.0,0.0,12.0,19.0,12.0,20.0,17.0,14.0,1.0,2.0,,,2.0,0.0,,,,,,,,,,,,,,,,,,,,,,,,,0.72,0.28,,,,,,,,,,,10.0,1.0,3.0,0.0,3.0,1.0,4.0,0.0,,,,,,,,,,,5.0,0.0,6.0,5.0,9.0,10.0,5.0,6.0,,,,,0.0,0.0,,,,,,,,,,,,,,,,,,,,,,,,,0.64,0.36,,,,,,,,,,,9.0,3.0,3.0,1.0,4.0,1.0,2.0,1.0,,,,,,,,,,,4.0,0.0,6.0,14.0,3.0,10.0,12.0,8.0,1.0,2.0,,,2.0,0.0,,,,,,,,,,,,,,
ryyQCIRp,EUROPE,2026/2027,EUROPE 3,Conference League,GfRbsVWM,EUROPE 3,12/08/2026,16:00,Semi-finals,GKS Katowice (Pol),K4AgRmS1,Hapoel Tel Aviv (Isr),jigstDrf,False,2,1,2,0.0,2.0,2.0,3.0,"[83, 90]",[23],bet365,3.6,2.2,2.63,bet365,3.25,2.5,2.5,bet365,3.2,3.4,2.05,bet365,1.36,3.0,bet365,2.75,1.4,bet365,6.5,1.1,bet365,1.22,4.0,bet365,2.0,1.73,bet365,4.33,1.2,bet365,1.05,8.5,bet365,1.25,3.75,bet365,1.85,1.95,bet365,3.0,1.36,bet365,5.5,1.13,bet365,1.73,2.0,bet365,4.5,1.18,bet365,3.4,1.3,bet365,1.73,1.3,1.36,bet365,1.44,1.62,1.29,Betano.br,1.52,1.47,1.29,bet365,2.38,1.53,F12,2.28,1.55,Betano.br,2.3,1.57,bet365,3.25,15.0,34.0,5.5,5.5,7.5,26.0,15.0,5.0,bet365,2.03,1.83,bet365,2.1,1.73,bet365,1.91,1.8,bet365,11.0,bet365,8.5,bet365,11.0,bet365,7.0,bet365,9.5,bet365,17.0,bet365,9.5,bet365,12.0,bet365,15.0,bet365,19.0,bet365,34.0,bet365,15.0,bet365,26.0,bet365,26.0,bet365,34.0,,0.0,0.0,SeguroBet,10.3,1.02,bet365,6.8,1.11,bet365,5.9,1.13,bet365,3.3,1.33,bet365,1.75,2.05,bet365,1.38,3.0,bet365,1.27,3.55,1xBet.br,1.09,7.38,1xBet.br,1.07,8.5,bet365,0.0,13.0,21.0,bet365,17.0,5.5,8.0,bet365,6.5,4.0,3.6,bet365,1.73,5.0,1.36,bet365,1.25,10.0,1.09,bet365,1.06,0.0,0.0,,,,,,,,,,,0.67,0.33,,,,,,,,,,,14.0,11.0,7.0,3.0,3.0,6.0,4.0,2.0,,,,,,,,,,,7.0,3.0,18.0,23.0,25.0,11.0,18.0,18.0,1.0,2.0,,,3.0,2.0,,,,,,,,,,,,,,,,,,,,,,,,,0.59,0.41,,,,,,,,,,,3.0,9.0,2.0,3.0,0.0,5.0,1.0,1.0,,,,,,,,,,,1.0,3.0,9.0,10.0,11.0,7.0,9.0,8.0,,,,,1.0,1.0,,,,,,,,,,,,,,,,,,,,,,,,,0.75,0.25,,,,,,,,,,,11.0,2.0,5.0,0.0,3.0,1.0,3.0,1.0,,,,,,,,,,,6.0,0.0,9.0,13.0,14.0,4.0,9.0,10.0,1.0,2.0,,,2.0,1.0,,,,,,,,,,,,,,
Ktfn6bin,EUROPE,2026/2027,EUROPE 3,Conference League,GfRbsVWM,EUROPE 3,06/08/2026,18:00,Semi-finals,Ajax (Ned),8UOvIwnb,Shelbourne (Irl),OjQROO8j,False,3,1,1,,,,,"[6, 22, 50, 57]",[84],bet365,1.25,4.0,17.0,bet365,1.2,4.75,15.0,bet365,1.06,12.0,29.0,bet365,1.14,5.0,bet365,1.67,2.1,bet365,3.25,1.33,bet365,1.08,8.0,bet365,1.4,2.75,bet365,2.25,1.57,bet365,1.0,17.0,bet365,1.06,8.0,bet365,1.22,4.0,bet365,1.57,2.25,bet365,2.25,1.57,bet365,2.5,1.5,bet365,6.0,1.13,bet365,4.33,1.2,bet365,1.0,1.01,8.5,bet365,1.0,1.22,3.75,SeguroBet,1.01,1.15,4.1,bet365,1.01,15.0,KTO.br,1.03,12.0,Superbet.br,1.02,11.0,bet365,1.3,34.0,101.0,4.33,17.0,41.0,21.0,41.0,41.0,bet365,1.95,1.9,bet365,1.91,1.91,bet365,1.83,1.83,bet365,29.0,bet365,13.0,bet365,51.0,bet365,23.0,bet365,8.0,bet365,151.0,bet365,15.0,bet365,51.0,bet365,41.0,bet365,6.5,bet365,151.0,bet365,13.0,bet365,151.0,bet365,41.0,bet365,126.0,bet365,1.58,2.35,bet365,1.3,3.45,bet365,1.23,4.1,bet365,1.1,7.0,bet365,1.12,6.4,,0.0,0.0,,0.0,0.0,,0.0,0.0,,0.0,0.0,,0.0,0.0,bet365,2.2,4.5,0.0,bet365,1.53,4.75,0.0,bet365,1.2,6.0,51.0,bet365,1.0,23.0,8.5,bet365,0.0,0.0,4.0,bet365,0.0,0.0,2.3,6.08,0.32,4.79,0.84,5.05,0.31,0.84,4.79,-0.16,1.79,0.71,0.29,0.93,0.75,0.53,0.36,0.9,0.46,4.0,1.0,0.36,0.0,32.0,3.0,11.0,3.0,15.0,0.0,6.0,0.0,18.0,2.0,14.0,1.0,9.0,0.0,0.0,0.0,67.0,4.0,14.0,0.0,4.0,11.0,11.0,14.0,11.0,4.0,1.0,1.0,,,3.0,1.0,2.0,8.0,0.56,0.6,26.0,43.0,8.0,33.0,14.0,9.0,0.0,1.0,0.0,0.0,2.75,0.0,2.35,0.0,2.0,0.02,0.0,2.35,0.0,0.35,0.74,0.26,0.93,0.72,0.5,0.33,0.9,0.35,1.0,0.0,0.41,0.0,12.0,0.0,4.0,0.0,6.0,0.0,2.0,0.0,8.0,0.0,4.0,0.0,4.0,0.0,0.0,0.0,36.0,0.0,5.0,0.0,2.0,5.0,3.0,9.0,5.0,2.0,,,,,1.0,1.0,0.0,2.0,0.75,0.57,13.0,18.0,3.0,19.0,8.0,5.0,0.0,0.0,0.0,0.0,3.33,0.32,2.44,0.84,3.05,0.29,0.84,2.44,-0.16,1.44,0.69,0.31,0.93,0.78,0.6,0.39,0.91,0.53,3.0,1.0,0.27,0.0,20.0,3.0,7.0,3.0,9.0,0.0,4.0,0.0,10.0,2.0,10.0,1.0,5.0,0.0,0.0,0.0,31.0,4.0,9.0,0.0,2.0,6.0,8.0,5.0,6.0,2.0,1.0,1.0,,,2.0,0.0,2.0,6.0,0.4,0.62,13.0,25.0,5.0,14.0,6.0,4.0,0.0,1.0,0.0,0.0
Wjf10N0C,EUROPE,2026/2027,EUROPE 3,Conference League,GfRbsVWM,EUROPE 3,11/08/2026,17:00,Semi-finals,Apollon (Cyp),pjUEaE29,Brann (Nor),QBbt6ivB,False,2,4,2,1.0,0.0,3.0,4.0,"[86, 92]","[16, 84, 90, 95, 105]",bet365,3.25,2.3,2.75,bet365,3.0,2.63,2.5,bet365,2.8,3.3,2.25,bet365,1.3,3.4,bet365,2.38,1.53,bet365,5.5,1.13,bet365,1.18,4.5,bet365,1.8,1.91,bet365,3.5,1.29,bet365,1.04,9.0,bet365,1.2,4.33,bet365,1.67,2.15,bet365,2.63,1.44,bet365,4.5,1.17,bet365,1.53,2.38,bet365,3.75,1.25,bet365,2.75,1.4,bet365,1.53,1.25,1.33,bet365,1.4,1.57,1.33,SeguroBet,1.49,1.43,1.32,bet365,2.1,1.67,Esportivabet,2.1,1.66,Betano.br,2.07,1.7,bet365,3.5,13.0,26.0,6.0,6.0,6.5,26.0,15.0,4.5,bet365,2.0,1.85,bet365,2.0,1.8,bet365,1.91,1.8,bet365,15.0,bet365,11.0,bet365,12.0,bet365,7.0,bet365,13.0,bet365,19.0,bet365,10.0,bet365,11.0,bet365,12.0,bet365,21.0,bet365,34.0,bet365,17.0,bet365,23.0,bet365,23.0,bet365,23.0,SeguroBet,9.7,1.02,Betboom.br,10.0,1.01,bet365,6.0,1.13,bet365,5.25,1.16,bet365,2.85,1.4,bet365,1.63,2.25,bet365,1.3,3.45,bet365,1.23,4.1,bet365,1.1,7.0,1xBet.br,1.01,8.4,bet365,0.0,13.0,21.0,bet365,12.0,6.5,8.0,bet365,5.5,4.33,4.0,bet365,1.53,4.5,1.33,bet365,1.2,8.5,1.09,bet365,1.06,0.0,0.0,,,,,,,,,,,0.53,0.47,,,,,,,,,,,21.0,12.0,9.0,6.0,8.0,5.0,4.0,1.0,,,,,,,,,,,9.0,1.0,18.0,22.0,34.0,35.0,13.0,12.0,3.0,4.0,0.0,1.0,2.0,0.0,,,,,,,,,,,,,,,,,,,,,,,,,0.58,0.42,,,,,,,,,,,11.0,3.0,4.0,1.0,4.0,2.0,3.0,0.0,,,,,,,,,,,6.0,0.0,6.0,4.0,13.0,14.0,3.0,5.0,1.0,2.0,,,0.0,0.0,,,,,,,,,,,,,,,,,,,,,,,,,0.5,0.5,,,,,,,,,,,3.0,4.0,1.0,3.0,1.0,1.0,1.0,0.0,,,,,,,,,,,0.0,1.0,5.0,12.0,14.0,15.0,7.0,5.0,1.0,1.0,,,2.0,0.0,,,,,,,,,,,,,,
GUtzM1m1,EUROPE,2026/2027,EUROPE 3,Conference League,GfRbsVWM,EUROPE 3,13/08/2026,15:00,Semi-finals,Tobol (Kaz),C2dM0UAp,Partizan (Srb),8OLvlKz0,False,1,2,2,0.0,3.0,1.0,5.0,[7],"[47, 90]",bet365,2.88,2.2,3.4,bet365,2.6,2.5,3.0,bet365,2.25,3.25,2.88,bet365,1.36,3.0,bet365,2.63,1.44,bet365,6.5,1.1,bet365,1.22,4.0,bet365,2.0,1.73,bet365,4.33,1.2,bet365,1.05,8.5,bet365,1.25,3.75,bet365,1.85,1.95,bet365,3.0,1.36,bet365,5.5,1.13,bet365,1.67,2.1,bet365,4.33,1.2,bet365,3.25,1.33,bet365,1.33,1.25,1.53,bet365,1.3,1.62,1.4,Sportingbet.br,1.31,1.44,1.49,bet365,1.67,2.1,Sportingbet.br,1.63,2.1,Betano.br,1.67,2.1,bet365,4.5,15.0,26.0,6.5,5.5,6.0,29.0,15.0,3.6,bet365,2.0,1.85,bet365,2.1,1.73,bet365,1.91,1.8,bet365,11.0,bet365,11.0,bet365,9.0,bet365,6.5,bet365,15.0,bet365,12.0,bet365,12.0,bet365,9.5,bet365,13.0,bet365,26.0,bet365,21.0,bet365,23.0,bet365,19.0,bet365,29.0,bet365,26.0,bet365,5.75,1.14,bet365,7.0,1.1,bet365,4.4,1.2,bet365,3.55,1.27,bet365,2.3,1.6,bet365,1.4,2.85,bet365,1.18,4.8,bet365,1.14,5.75,1xBet.br,1.01,9.9,SeguroBet,1.03,9.0,bet365,23.0,0.0,0.0,bet365,9.0,8.5,12.0,bet365,4.33,4.75,5.5,bet365,1.33,4.0,1.53,bet365,1.1,6.5,1.18,bet365,0.0,15.0,1.05,,,,,,,,,,,0.55,0.45,,,,,,,,,,,17.0,18.0,4.0,10.0,5.0,6.0,8.0,2.0,,,,,,,,,,,11.0,10.0,13.0,14.0,25.0,26.0,12.0,10.0,1.0,4.0,,,3.0,2.0,,,,,,,,,,,,,,,,,,,,,,,,,0.6,0.4,,,,,,,,,,,9.0,2.0,2.0,1.0,2.0,0.0,5.0,1.0,,,,,,,,,,,5.0,3.0,5.0,4.0,14.0,17.0,3.0,5.0,0.0,2.0,,,1.0,0.0,,,,,,,,,,,,,,,,,,,,,,,,,0.5,0.5,,,,,,,,,,,8.0,16.0,2.0,9.0,3.0,6.0,3.0,1.0,,,,,,,,,,,6.0,7.0,8.0,10.0,11.0,9.0,9.0,5.0,1.0,2.0,,,2.0,2.0,,,,,,,,,,,,,,
dtIZMH7r,EUROPE,2026/2027,EUROPE 3,Conference League,GfRbsVWM,EUROPE 3,06/08/2026,19:00,Semi-finals,Hibernian (Sco),f5Fnxcx4,Shkendija (Mkd),je0pik4r,False,2,1,1,,,,,"[73, 90]",[76],bet365,1.91,2.3,6.5,bet365,1.73,2.63,6.0,bet365,1.44,4.1,6.25,bet365,1.36,3.0,bet365,2.75,1.4,bet365,6.5,1.1,bet365,1.22,4.0,bet365,2.1,1.67,bet365,4.5,1.18,bet365,1.02,11.0,bet365,1.29,3.5,bet365,1.9,1.9,bet365,3.25,1.33,bet365,5.5,1.13,bet365,2.1,1.67,bet365,6.0,1.13,bet365,4.0,1.22,bet365,1.06,1.17,2.6,bet365,1.1,1.57,1.8,1xBet.br,1.1,1.41,2.07,bet365,1.17,4.5,BrasilBet,1.15,4.75,Betano.br,1.22,4.05,bet365,2.1,19.0,51.0,4.0,6.0,15.0,23.0,21.0,12.0,bet365,1.95,1.9,bet365,2.1,1.73,bet365,1.91,1.8,bet365,11.0,bet365,6.0,bet365,17.0,bet365,8.5,bet365,6.5,bet365,34.0,bet365,9.0,bet365,23.0,bet365,21.0,bet365,9.0,bet365,81.0,bet365,13.0,bet365,51.0,bet365,29.0,bet365,51.0,bet365,4.15,1.22,bet365,3.45,1.3,bet365,2.25,1.63,bet365,1.7,2.1,bet365,1.43,2.75,bet365,1.11,6.6,SeguroBet,1.02,10.0,SeguroBet,1.02,10.3,,0.0,0.0,,0.0,0.0,bet365,8.0,6.5,0.0,bet365,4.0,4.33,41.0,bet365,2.2,3.5,19.0,bet365,1.06,9.0,2.6,bet365,1.02,23.0,1.62,bet365,0.0,0.0,1.2,,,,,,,,,,,0.57,0.43,,,,,,,,,,,17.0,5.0,5.0,2.0,10.0,2.0,2.0,1.0,,,,,,,,,,,4.0,3.0,12.0,12.0,16.0,13.0,12.0,12.0,2.0,3.0,,,0.0,0.0,,,,,,,,,,,,,,,,,,,,,,,,,0.62,0.38,,,,,,,,,,,8.0,2.0,1.0,0.0,7.0,1.0,0.0,1.0,,,,,,,,,,,1.0,2.0,4.0,6.0,5.0,6.0,6.0,4.0,,,,,0.0,0.0,,,,,,,,,,,,,,,,,,,,,,,,,0.52,0.48,,,,,,,,,,,9.0,3.0,4.0,2.0,3.0,1.0,2.0,0.0,,,,,,,,,,,3.0,1.0,8.0,6.0,11.0,7.0,6.0,8.0,2.0,3.0,,,0.0,0.0,,,,,,,,,,,,,,
ELpfIv4N,EUROPE,2026/2027,EUROPE 3,Conference League,GfRbsVWM,EUROPE 3,06/08/2026,18:00,Semi-finals,Hapoel Tel Aviv (Isr),jigstDrf,GKS Katowice (Pol),K4AgRmS1,False,2,0,1,,,,,"[5, 18]",[],bet365,2.88,2.05,3.75,bet365,2.6,2.38,3.4,bet365,2.1,3.2,3.1,bet365,1.44,2.63,bet365,3.25,1.33,bet365,7.5,1.07,bet365,1.29,3.5,bet365,2.25,1.57,bet365,5.5,1.14,bet365,1.05,8.5,bet365,1.36,3.0,bet365,2.15,1.67,bet365,3.75,1.25,bet365,7.0,1.08,bet365,1.91,1.8,bet365,5.5,1.14,bet365,3.75,1.25,bet365,1.29,1.29,1.6,bet365,1.25,1.73,1.4,Sportingbet.br,1.29,1.51,1.46,bet365,1.57,2.25,Novibet,1.58,2.25,Betano.br,1.6,2.25,bet365,3.5,15.0,34.0,5.5,5.0,7.0,29.0,15.0,5.0,bet365,1.98,1.88,bet365,2.1,1.73,bet365,2.0,1.73,bet365,8.5,bet365,7.0,bet365,9.0,bet365,6.5,bet365,10.0,bet365,15.0,bet365,9.5,bet365,12.0,bet365,17.0,bet365,19.0,bet365,34.0,bet365,19.0,bet365,29.0,bet365,34.0,bet365,41.0,1xBet.br,8.8,1.02,bet365,6.4,1.12,bet365,4.25,1.21,bet365,3.45,1.3,bet365,2.15,1.68,bet365,1.35,3.1,bet365,1.13,5.9,bet365,1.1,7.0,SeguroBet,1.02,10.0,SeguroBet,1.02,9.4,bet365,23.0,15.0,0.0,bet365,9.0,6.0,19.0,bet365,4.33,3.75,6.5,bet365,1.29,4.75,1.6,bet365,1.08,10.0,1.18,bet365,0.0,0.0,1.05,,,,,,,,,,,0.47,0.53,,,,,,,,,,,14.0,6.0,6.0,2.0,5.0,2.0,3.0,2.0,,,,,,,,,,,3.0,2.0,15.0,17.0,18.0,24.0,14.0,12.0,,,,,2.0,1.0,,,,,,,,,,,,,,,,,,,,,,,,,0.48,0.52,,,,,,,,,,,7.0,2.0,4.0,1.0,3.0,1.0,0.0,0.0,,,,,,,,,,,1.0,1.0,7.0,7.0,9.0,11.0,6.0,4.0,,,,,1.0,1.0,,,,,,,,,,,,,,,,,,,,,,,,,0.46,0.54,,,,,,,,,,,7.0,4.0,2.0,1.0,2.0,1.0,3.0,2.0,,,,,,,,,,,2.0,1.0,8.0,10.0,9.0,13.0,8.0,8.0,,,,,1.0,0.0,,,,,,,,,,,,,,
p0mCH1E5,EUROPE,2026/2027,EUROPE 3,Conference League,GfRbsVWM,EUROPE 3,06/08/2026,18:45,Semi-finals,Bohemians (Irl),zHEZJ8Wc,Midtjylland (Den),8GZDmdbB,False,0,2,1,,,,,[58],"[28, 77]",bet365,5.5,2.5,1.91,bet365,5.0,2.88,1.73,bet365,5.25,4.5,1.45,bet365,1.29,3.5,bet365,2.25,1.57,bet365,5.0,1.14,bet365,1.17,5.0,bet365,1.8,1.91,bet365,3.5,1.29,bet365,1.02,10.5,bet365,1.2,4.33,bet365,1.6,2.3,bet365,2.5,1.5,bet365,4.33,1.2,bet365,1.73,2.0,bet365,4.33,1.2,bet365,3.25,1.33,bet365,2.4,1.13,1.11,bet365,1.8,1.5,1.13,Betano.br,1.98,1.36,1.15,bet365,4.33,1.2,BrasilBet,4.0,1.2,Betano.br,3.85,1.23,bet365,9.5,19.0,21.0,12.0,7.0,4.5,41.0,17.0,2.1,bet365,1.93,1.93,bet365,2.0,1.8,bet365,1.91,1.8,bet365,17.0,bet365,17.0,bet365,8.5,bet365,9.5,bet365,34.0,bet365,8.0,bet365,17.0,bet365,8.5,bet365,17.0,bet365,51.0,bet365,11.0,bet365,41.0,bet365,12.0,bet365,41.0,bet365,23.0,,0.0,0.0,,0.0,0.0,SeguroBet,9.3,1.03,1xBet.br,10.0,1.01,bet365,5.0,1.17,bet365,2.5,1.5,bet365,1.98,1.83,bet365,1.6,2.3,bet365,1.3,3.45,bet365,1.22,4.15,bet365,0.0,0.0,7.0,bet365,29.0,17.0,3.75,bet365,12.0,7.0,2.2,bet365,2.4,3.75,1.11,bet365,1.62,4.33,1.04,bet365,1.22,6.5,0.0,0.88,0.66,0.63,1.88,0.43,0.67,1.88,0.63,-0.12,0.63,0.37,0.63,0.75,0.84,0.48,0.44,0.55,0.65,0.0,0.0,0.13,0.22,6.0,7.0,2.0,5.0,3.0,1.0,1.0,1.0,6.0,4.0,0.0,3.0,3.0,0.0,0.0,0.0,15.0,21.0,3.0,8.0,16.0,11.0,14.0,19.0,11.0,16.0,3.0,3.0,,,1.0,1.0,4.0,2.0,0.7,0.67,48.0,56.0,46.0,21.0,7.0,4.0,1.0,1.0,1.0,0.0,0.74,0.17,0.63,1.06,0.27,0.33,1.06,0.63,0.06,0.63,0.28,0.72,0.76,0.86,0.47,0.5,0.62,0.67,0.0,0.0,0.13,0.23,3.0,3.0,2.0,3.0,1.0,0.0,0.0,0.0,3.0,2.0,0.0,1.0,3.0,0.0,0.0,0.0,7.0,10.0,2.0,6.0,7.0,5.0,2.0,11.0,5.0,7.0,1.0,1.0,,,0.0,0.0,3.0,2.0,0.6,0.77,22.0,27.0,29.0,7.0,6.0,0.0,0.0,0.0,1.0,0.0,0.14,0.49,0.0,0.82,0.16,0.34,0.82,0.0,-0.18,0.0,0.46,0.54,0.75,0.8,0.5,0.38,0.51,0.63,0.0,0.0,0.13,0.2,3.0,4.0,0.0,2.0,2.0,1.0,1.0,1.0,3.0,2.0,0.0,2.0,0.0,0.0,0.0,0.0,8.0,11.0,1.0,2.0,9.0,6.0,12.0,8.0,6.0,9.0,2.0,2.0,,,1.0,1.0,1.0,0.0,0.8,0.5,26.0,29.0,17.0,14.0,1.0,4.0,1.0,1.0,0.0,0.0
27jeWds3,EUROPE,2026/2027,EUROPE 3,Conference League,GfRbsVWM,EUROPE 3,06/08/2026,18:45,Semi-finals,Rijeka (Cro),zXKuUR5J,Ilves (Fin),pYGmWmwa,False,1,0,1,,,,,[16],[],bet365,1.67,2.4,9.5,bet365,1.57,2.88,8.5,bet365,1.27,4.5,10.0,bet365,1.33,3.25,bet365,2.63,1.44,bet365,6.0,1.11,bet365,1.22,4.0,bet365,2.0,1.73,bet365,4.33,1.2,bet365,1.04,9.0,bet365,1.25,3.75,bet365,1.8,2.0,bet365,2.75,1.4,bet365,5.0,1.14,bet365,2.38,1.53,bet365,6.5,1.11,bet365,4.5,1.18,bet365,1.03,1.13,3.4,bet365,1.04,1.53,2.1,SeguroBet,1.06,1.33,2.37,bet365,1.07,7.5,BrasilBet,1.06,7.0,Betano.br,1.12,5.7,bet365,1.8,21.0,67.0,3.75,7.0,19.0,23.0,23.0,19.0,bet365,1.98,1.88,bet365,2.1,1.73,bet365,1.91,1.8,bet365,11.0,bet365,6.5,bet365,23.0,bet365,9.5,bet365,5.5,bet365,51.0,bet365,10.0,bet365,34.0,bet365,26.0,bet365,7.5,bet365,126.0,bet365,13.0,bet365,81.0,bet365,34.0,bet365,81.0,bet365,3.1,1.35,bet365,2.42,1.53,bet365,1.85,1.95,bet365,1.43,2.75,bet365,1.27,3.55,SeguroBet,1.03,9.5,,0.0,0.0,,0.0,0.0,,0.0,0.0,,0.0,0.0,bet365,5.5,5.5,0.0,bet365,3.0,4.0,0.0,bet365,1.8,3.75,29.0,bet365,1.03,13.0,3.4,bet365,0.0,0.0,1.91,bet365,0.0,0.0,1.33,,,,,,,,,,,0.66,0.34,,,,,,,,,,,26.0,3.0,14.0,1.0,5.0,1.0,7.0,1.0,,,,,,,,,,,9.0,1.0,9.0,10.0,23.0,16.0,9.0,10.0,2.0,3.0,,,2.0,0.0,,,,,,,,,,,,,,,,,,,,,,,,,0.71,0.29,,,,,,,,,,,13.0,3.0,7.0,1.0,1.0,1.0,5.0,1.0,,,,,,,,,,,4.0,1.0,3.0,4.0,17.0,8.0,4.0,3.0,1.0,1.0,,,0.0,0.0,,,,,,,,,,,,,,,,,,,,,,,,,0.61,0.39,,,,,,,,,,,13.0,0.0,7.0,0.0,4.0,0.0,2.0,0.0,,,,,,,,,,,5.0,0.0,6.0,6.0,6.0,8.0,5.0,7.0,1.0,2.0,,,2.0,0.0,,,,,,,,,,,,,,
C6e4O9Rk,EUROPE,2026/2027,EUROPE 3,Conference League,GfRbsVWM,EUROPE 3,06/08/2026,18:30,Semi-finals,Borac Banja Luka (Bih),pWGUPhrD,ML Vitebsk (Blr),UkzXzc1n,False,1,0,1,,,,,[14],[],bet365,2.2,2.1,5.5,bet365,2.0,2.4,5.0,bet365,1.6,3.4,5.0,bet365,1.44,2.63,bet365,3.25,1.33,bet365,7.5,1.07,bet365,1.29,3.5,bet365,2.25,1.57,bet365,5.5,1.14,bet365,1.07,7.5,bet365,1.36,3.0,bet365,2.15,1.67,bet365,3.75,1.25,bet365,7.0,1.08,bet365,2.1,1.67,bet365,6.0,1.13,bet365,4.33,1.2,bet365,1.11,1.25,2.15,bet365,1.13,1.67,1.62,Sportingbet.br,1.15,1.47,1.73,bet365,1.22,4.0,Esportivabet,1.27,3.4,Betano.br,1.33,3.15,bet365,2.5,17.0,41.0,4.33,5.0,10.0,26.0,19.0,8.5,bet365,1.98,1.88,bet365,2.1,1.73,bet365,2.0,1.73,bet365,8.5,bet365,6.0,bet365,12.0,bet365,7.0,bet365,7.0,bet365,26.0,bet365,9.0,bet365,19.0,bet365,21.0,bet365,12.0,bet365,51.0,bet365,15.0,bet365,41.0,bet365,34.0,bet365,51.0,bet365,5.9,1.13,bet365,4.8,1.18,bet365,2.75,1.43,bet365,2.15,1.68,bet365,1.65,2.2,bet365,1.16,5.25,bet365,1.12,6.4,bet365,1.12,6.25,,0.0,0.0,,0.0,0.0,bet365,12.0,8.0,0.0,bet365,5.5,4.5,34.0,bet365,2.75,3.5,12.0,bet365,1.11,6.5,2.15,bet365,1.04,17.0,1.4,bet365,0.0,0.0,1.1,,,,,,,,,,,0.61,0.39,,,,,,,,,,,22.0,9.0,11.0,2.0,6.0,4.0,5.0,3.0,,,,,,,,,,,8.0,1.0,14.0,15.0,18.0,28.0,15.0,14.0,1.0,4.0,0.0,1.0,1.0,0.0,,,,,,,,,,,,,,,,,,,,,,,,,0.53,0.47,,,,,,,,,,,9.0,6.0,5.0,1.0,2.0,2.0,2.0,3.0,,,,,,,,,,,2.0,1.0,8.0,9.0,10.0,15.0,10.0,9.0,1.0,3.0,0.0,1.0,0.0,0.0,,,,,,,,,,,,,,,,,,,,,,,,,0.69,0.31,,,,,,,,,,,13.0,3.0,6.0,1.0,4.0,2.0,3.0,0.0,,,,,,,,,,,6.0,0.0,6.0,6.0,8.0,13.0,5.0,5.0,0.0,1.0,,,1.0,0.0,,,,,,,,,,,,,,
YR4aowY9,EUROPE,2026/2027,EUROPE 3,Conference League,GfRbsVWM,EUROPE 3,11/08/2026,17:30,Semi-finals,CSKA 1948 Sofia (Bul),fgaHZGUb,Panathinaikos (Gre),SENMmweG,False,1,2,2,1.0,1.0,2.0,3.0,[87],"[60, 94]",bet365,2.3,2.1,4.75,bet365,2.1,2.5,4.33,bet365,1.75,3.3,4.75,bet365,1.4,2.75,bet365,3.0,1.36,bet365,7.0,1.08,bet365,1.25,3.75,bet365,2.2,1.62,bet365,5.0,1.17,bet365,1.06,8.0,bet365,1.3,3.4,bet365,2.03,1.78,bet365,3.5,1.29,bet365,6.5,1.1,bet365,1.91,1.8,bet365,5.5,1.14,bet365,3.75,1.25,bet365,1.17,1.33,2.0,bet365,1.17,1.67,1.57,Betano.br,1.2,1.47,1.67,bet365,1.29,3.5,Lotogreen,1.33,3.0,Betano.br,1.37,2.95,bet365,7.5,17.0,26.0,9.5,5.0,4.75,41.0,15.0,2.75,bet365,2.03,1.83,bet365,2.1,1.73,bet365,2.0,1.73,bet365,9.0,bet365,13.0,bet365,6.5,bet365,6.5,bet365,23.0,bet365,8.0,bet365,17.0,bet365,9.0,bet365,17.0,bet365,51.0,bet365,13.0,bet365,41.0,bet365,15.0,bet365,41.0,bet365,29.0,bet365,6.25,1.12,bet365,5.5,1.15,bet365,3.1,1.35,bet365,2.35,1.58,bet365,1.75,2.05,bet365,1.19,4.5,1xBet.br,1.05,9.7,Superbet.br,1.03,10.0,,0.0,0.0,,0.0,0.0,bet365,13.0,0.0,0.0,bet365,6.0,15.0,29.0,bet365,3.0,6.5,10.0,bet365,1.17,3.6,2.0,bet365,1.04,5.0,1.33,bet365,0.0,8.5,1.08,1.59,1.79,1.71,2.98,0.8,0.98,2.98,1.71,0.98,0.71,0.5,0.5,0.87,0.87,0.55,0.54,0.72,0.73,1.0,3.0,0.09,0.13,14.0,21.0,5.0,11.0,8.0,8.0,1.0,2.0,9.0,12.0,5.0,9.0,2.0,4.0,0.0,0.0,21.0,35.0,3.0,6.0,13.0,13.0,29.0,24.0,13.0,13.0,2.0,2.0,,,1.0,2.0,9.0,4.0,0.6,0.74,61.0,61.0,33.0,47.0,15.0,10.0,3.0,1.0,2.0,0.0,0.72,0.34,0.76,0.07,0.28,0.67,0.07,0.76,0.07,0.76,0.42,0.58,0.86,0.91,0.55,0.71,0.64,0.79,1.0,2.0,0.0,0.27,3.0,10.0,2.0,2.0,1.0,7.0,0.0,1.0,1.0,6.0,2.0,4.0,1.0,1.0,0.0,0.0,4.0,15.0,1.0,2.0,6.0,3.0,7.0,8.0,3.0,6.0,0.0,1.0,,,0.0,1.0,2.0,2.0,0.75,0.67,25.0,21.0,14.0,11.0,4.0,4.0,0.0,0.0,0.0,0.0,0.35,0.95,0.95,1.46,0.23,0.26,1.46,0.95,0.46,-0.05,0.54,0.46,0.86,0.83,0.44,0.32,0.71,0.69,0.0,1.0,0.15,0.0,6.0,7.0,3.0,6.0,3.0,0.0,0.0,1.0,3.0,4.0,3.0,3.0,1.0,2.0,0.0,0.0,8.0,14.0,2.0,3.0,6.0,5.0,11.0,10.0,5.0,6.0,1.0,1.0,,,1.0,0.0,5.0,2.0,0.6,0.67,24.0,25.0,14.0,22.0,7.0,4.0,1.0,1.0,1.0,0.0
dx4Waxm3,EUROPE,2026/2027,EUROPE 3,Conference League,GfRbsVWM,EUROPE 3,06/08/2026,18:30,Semi-finals,Valur (Ice),GdxJccH5,Nordsjaelland (Den),2wZHnGDH,False,0,2,1,,,,,[],"[30, 78]",bet365,7.5,2.88,1.57,bet365,6.5,3.4,1.5,bet365,8.0,6.25,1.25,bet365,1.2,4.33,bet365,1.85,1.95,bet365,3.75,1.25,bet365,1.11,6.5,bet365,1.53,2.38,bet365,2.63,1.44,bet365,1.01,15.0,bet365,1.08,7.0,bet365,1.3,3.4,bet365,1.73,2.0,bet365,2.63,1.44,bet365,1.73,2.0,bet365,4.0,1.22,bet365,3.0,1.36,bet365,3.75,1.11,1.06,bet365,2.25,1.4,1.07,1xBet.br,2.59,1.19,1.01,bet365,6.5,1.1,BrasilBet,5.25,1.13,Superbet.br,4.85,1.13,bet365,15.0,21.0,17.0,19.0,10.0,4.33,41.0,21.0,1.73,bet365,1.93,1.93,bet365,2.0,1.8,bet365,1.83,1.83,bet365,26.0,bet365,29.0,bet365,12.0,bet365,13.0,bet365,51.0,bet365,8.5,bet365,26.0,bet365,10.0,bet365,21.0,bet365,101.0,bet365,9.0,bet365,51.0,bet365,10.0,bet365,41.0,bet365,21.0,,0.0,0.0,,0.0,0.0,1xBet.br,11.5,1.03,1xBet.br,10.5,1.04,bet365,7.0,1.1,bet365,3.8,1.25,bet365,3.1,1.35,bet365,2.25,1.63,bet365,1.8,2.0,bet365,1.53,2.42,bet365,0.0,0.0,4.0,bet365,41.0,21.0,2.4,bet365,21.0,12.0,1.62,bet365,3.75,4.5,1.06,bet365,2.1,4.33,1.02,bet365,1.5,5.0,0.0,0.91,2.71,0.7,1.66,0.63,1.27,1.66,0.7,-0.34,0.7,0.35,0.65,0.82,0.91,0.52,0.55,0.59,0.77,0.0,0.0,0.22,0.18,6.0,22.0,2.0,6.0,2.0,11.0,2.0,5.0,4.0,14.0,2.0,8.0,1.0,3.0,0.0,0.0,12.0,53.0,3.0,9.0,15.0,6.0,5.0,16.0,6.0,15.0,1.0,1.0,,,0.0,1.0,4.0,2.0,0.4,0.57,37.0,32.0,33.0,12.0,8.0,8.0,0.0,0.0,0.0,0.0,0.03,1.16,0.09,0.22,0.17,0.7,0.22,0.09,-0.78,0.09,0.36,0.64,0.85,0.88,0.58,0.41,0.63,0.73,0.0,0.0,0.0,0.3,1.0,12.0,1.0,2.0,0.0,7.0,0.0,3.0,1.0,7.0,0.0,5.0,0.0,1.0,0.0,0.0,3.0,22.0,0.0,2.0,6.0,2.0,5.0,12.0,2.0,6.0,,,,,0.0,0.0,1.0,1.0,0.6,0.6,18.0,21.0,24.0,5.0,3.0,6.0,0.0,0.0,0.0,0.0,0.88,1.55,0.61,1.44,0.46,0.57,1.44,0.61,0.44,0.61,0.34,0.66,0.8,0.94,0.46,0.72,0.56,0.82,0.0,0.0,0.25,0.08,5.0,10.0,1.0,4.0,2.0,4.0,2.0,2.0,3.0,7.0,2.0,3.0,1.0,2.0,0.0,0.0,9.0,31.0,3.0,7.0,9.0,4.0,0.0,4.0,4.0,9.0,1.0,1.0,,,0.0,1.0,3.0,1.0,0.2,0.5,19.0,11.0,9.0,7.0,5.0,2.0,0.0,0.0,0.0,0.0
n9sCCFW8,EUROPE,2026/2027,EUROPE 3,Conference League,GfRbsVWM,EUROPE 3,06/08/2026,18:00,Semi-finals,Twente (Ned),dhOKTHGA,Dun. Streda (Svk),YHIkizpH,False,6,0,1,,,,,"[7, 11, 48, 56, 64, 78]",[],bet365,1.53,2.88,9.5,bet365,1.44,3.4,8.0,bet365,1.18,6.5,10.0,bet365,1.22,4.0,bet365,2.0,1.73,bet365,4.33,1.2,bet365,1.14,5.5,bet365,1.67,2.1,bet365,3.25,1.33,bet365,1.01,12.0,bet365,1.13,5.5,bet365,1.44,2.63,bet365,2.1,1.67,bet365,3.5,1.29,bet365,2.1,1.67,bet365,5.0,1.17,bet365,3.75,1.25,bet365,1.03,1.07,3.8,bet365,1.04,1.4,2.38,KTO.br,1.04,1.18,2.8,bet365,1.06,8.0,BrasilBet,1.08,6.5,Betano.br,1.11,6.0,bet365,1.62,23.0,51.0,4.0,10.0,23.0,21.0,26.0,21.0,bet365,1.93,1.93,bet365,2.0,1.8,bet365,1.83,1.83,bet365,21.0,bet365,9.0,bet365,29.0,bet365,13.0,bet365,7.0,bet365,51.0,bet365,10.0,bet365,29.0,bet365,26.0,bet365,7.5,bet365,151.0,bet365,11.0,bet365,67.0,bet365,29.0,bet365,51.0,bet365,2.38,1.55,bet365,1.93,1.88,bet365,1.58,2.35,bet365,1.27,3.55,bet365,1.2,4.4,bet365,1.11,6.8,,0.0,0.0,,0.0,0.0,,0.0,0.0,,0.0,0.0,bet365,4.0,4.75,0.0,bet365,2.3,4.0,41.0,bet365,1.53,4.33,29.0,bet365,1.03,13.0,3.8,bet365,1.02,21.0,2.3,bet365,0.0,0.0,1.53,2.19,0.52,3.75,0.76,1.73,0.25,0.76,3.75,0.76,-2.25,0.63,0.37,0.89,0.81,0.59,0.48,0.84,0.6,0.0,0.0,0.22,0.07,20.0,10.0,10.0,4.0,6.0,3.0,4.0,3.0,13.0,5.0,7.0,5.0,5.0,0.0,0.0,0.0,30.0,7.0,7.0,5.0,11.0,12.0,20.0,9.0,12.0,11.0,1.0,3.0,,,1.0,2.0,4.0,4.0,0.77,0.78,46.0,42.0,13.0,22.0,16.0,14.0,0.0,1.0,0.0,1.0,1.09,0.36,1.59,0.01,1.06,0.12,0.01,1.59,0.01,-0.41,0.7,0.3,0.89,0.79,0.55,0.44,0.83,0.64,0.0,0.0,0.22,0.11,10.0,7.0,5.0,1.0,2.0,3.0,3.0,3.0,5.0,3.0,5.0,4.0,3.0,0.0,0.0,0.0,16.0,4.0,3.0,4.0,6.0,4.0,13.0,3.0,4.0,6.0,0.0,2.0,,,1.0,2.0,1.0,3.0,1.0,0.5,23.0,19.0,8.0,14.0,7.0,7.0,0.0,0.0,0.0,0.0,1.1,0.16,2.16,0.75,0.67,0.13,0.75,2.16,0.75,-1.84,0.56,0.44,0.89,0.82,0.63,0.5,0.86,0.58,0.0,0.0,0.22,0.0,10.0,3.0,5.0,3.0,4.0,0.0,1.0,0.0,8.0,2.0,2.0,1.0,2.0,0.0,0.0,0.0,14.0,3.0,4.0,1.0,5.0,8.0,7.0,6.0,8.0,5.0,1.0,1.0,,,0.0,0.0,3.0,1.0,0.67,1.0,23.0,23.0,5.0,8.0,9.0,7.0,0.0,1.0,0.0,1.0
ANEquHTQ,EUROPE,2026/2027,EUROPE 3,Conference League,GfRbsVWM,EUROPE 3,06/08/2026,18:30,Semi-finals,Braga (Por),dpUer7ht,Din. Minsk (Blr),Wtzu8xF1,False,1,0,1,,,,,[45],[],bet365,1.53,2.63,13.0,bet365,1.4,3.2,13.0,bet365,1.17,5.75,17.0,bet365,1.3,3.4,bet365,2.38,1.53,bet365,5.5,1.13,bet365,1.2,4.33,bet365,1.83,1.83,bet365,3.75,1.25,bet365,1.04,9.0,bet365,1.2,4.33,bet365,1.67,2.15,bet365,2.63,1.44,bet365,4.5,1.17,bet365,2.75,1.4,bet365,8.0,1.08,bet365,5.5,1.14,bet365,1.0,1.13,4.5,bet365,1.01,1.44,2.38,Sportingbet.br,1.04,1.28,2.8,bet365,1.03,10.0,BrasilBet,1.04,8.5,Betano.br,1.06,7.8,bet365,1.57,29.0,81.0,3.6,8.5,29.0,26.0,29.0,29.0,bet365,1.98,1.88,bet365,2.0,1.8,bet365,1.91,1.8,bet365,11.0,bet365,6.5,bet365,29.0,bet365,12.0,bet365,5.5,bet365,67.0,bet365,12.0,bet365,41.0,bet365,34.0,bet365,6.0,bet365,151.0,bet365,13.0,bet365,151.0,bet365,41.0,bet365,126.0,bet365,2.42,1.53,bet365,1.95,1.85,bet365,1.58,2.35,bet365,1.26,3.7,bet365,1.19,4.5,Superbet.br,1.02,12.0,,0.0,0.0,,0.0,0.0,,0.0,0.0,,0.0,0.0,bet365,4.0,4.75,0.0,bet365,2.38,4.0,0.0,bet365,1.53,4.0,41.0,bet365,1.0,19.0,4.5,bet365,0.0,0.0,2.3,bet365,0.0,0.0,1.5,,,,,,,,,,,0.73,0.27,,,,,,,,,,,12.0,3.0,3.0,1.0,5.0,1.0,4.0,1.0,,,,,,,,,,,10.0,1.0,10.0,12.0,23.0,16.0,10.0,12.0,0.0,3.0,,,2.0,0.0,,,,,,,,,,,,,,,,,,,,,,,,,0.74,0.26,,,,,,,,,,,5.0,1.0,1.0,1.0,2.0,0.0,2.0,0.0,,,,,,,,,,,6.0,0.0,4.0,9.0,12.0,5.0,8.0,5.0,0.0,1.0,,,2.0,0.0,,,,,,,,,,,,,,,,,,,,,,,,,0.72,0.28,,,,,,,,,,,7.0,2.0,2.0,0.0,3.0,1.0,2.0,1.0,,,,,,,,,,,4.0,1.0,6.0,3.0,11.0,11.0,2.0,7.0,0.0,2.0,,,0.0,0.0,,,,,,,,,,,,,,
rHrSNNIl,EUROPE,2026/2027,EUROPE 3,Conference League,GfRbsVWM,EUROPE 3,06/08/2026,19:00,Semi-finals,Partizan (Srb),8OLvlKz0,Tobol (Kaz),C2dM0UAp,False,3,0,1,,,,,"[32, 64, 90]",[],bet365,1.91,2.4,6.0,bet365,1.73,2.75,5.5,bet365,1.45,4.2,6.25,bet365,1.3,3.4,bet365,2.38,1.53,bet365,5.5,1.13,bet365,1.18,4.5,bet365,1.83,1.83,bet365,3.75,1.25,bet365,1.03,10.0,bet365,1.2,4.33,bet365,1.67,2.15,bet365,2.63,1.44,bet365,4.5,1.17,bet365,1.83,1.83,bet365,4.5,1.18,bet365,3.5,1.29,bet365,1.11,1.22,2.63,bet365,1.11,1.53,1.8,SeguroBet,1.1,1.36,2.09,bet365,1.17,4.5,BrasilBet,1.15,4.75,Betano.br,1.19,4.35,bet365,2.1,17.0,41.0,4.33,7.0,13.0,21.0,19.0,10.0,bet365,1.98,1.88,bet365,2.0,1.8,bet365,1.91,1.8,bet365,13.0,bet365,8.0,bet365,19.0,bet365,8.5,bet365,7.5,bet365,34.0,bet365,9.0,bet365,19.0,bet365,17.0,bet365,10.0,bet365,67.0,bet365,12.0,bet365,41.0,bet365,23.0,bet365,41.0,bet365,4.0,1.23,bet365,3.3,1.33,bet365,2.25,1.63,bet365,1.75,2.05,bet365,1.48,2.6,bet365,1.13,5.9,Betboom.br,1.01,9.4,Superbet.br,1.02,12.0,,0.0,0.0,,0.0,0.0,bet365,7.5,6.5,0.0,bet365,3.75,4.33,34.0,bet365,2.2,3.75,13.0,bet365,1.11,8.0,2.63,bet365,1.03,19.0,1.62,bet365,0.0,0.0,1.22,,,,,,,,,,,0.55,0.45,,,,,,,,,,,17.0,5.0,7.0,2.0,6.0,2.0,4.0,1.0,,,,,,,,,,,6.0,4.0,16.0,16.0,28.0,22.0,12.0,8.0,4.0,2.0,,,2.0,5.0,,,,,,,,,,,,,,,,,,,,,,,,,0.55,0.45,,,,,,,,,,,6.0,2.0,1.0,0.0,4.0,1.0,1.0,1.0,,,,,,,,,,,4.0,3.0,5.0,9.0,22.0,10.0,8.0,3.0,2.0,0.0,,,0.0,2.0,,,,,,,,,,,,,,,,,,,,,,,,,0.55,0.45,,,,,,,,,,,11.0,3.0,6.0,2.0,2.0,1.0,3.0,0.0,,,,,,,,,,,2.0,1.0,11.0,7.0,6.0,12.0,4.0,5.0,2.0,2.0,,,2.0,3.0,,,,,,,,,,,,,,
rcUaSISN,EUROPE,2026/2027,EUROPE 3,Conference League,GfRbsVWM,EUROPE 3,06/08/2026,17:00,Semi-finals,Sheriff Tiraspol (Mda),KfATZRQt,St. Gallen (Sui),bkxMEx1T,False,1,3,1,,,,,[89],"[63, 70, 90]",bet365,4.0,2.25,2.38,bet365,3.75,2.6,2.2,bet365,4.0,3.4,1.83,bet365,1.33,3.25,bet365,2.63,1.44,bet365,6.0,1.11,bet365,1.22,4.0,bet365,2.0,1.73,bet365,4.0,1.22,bet365,1.05,8.5,bet365,1.25,3.75,bet365,1.8,2.0,bet365,3.0,1.36,bet365,5.0,1.14,bet365,1.73,2.0,bet365,4.33,1.2,bet365,3.25,1.33,bet365,1.83,1.3,1.22,bet365,1.53,1.57,1.22,1xBet.br,1.63,1.46,1.24,bet365,3.0,1.36,Superbet.br,2.57,1.43,Betano.br,2.57,1.47,bet365,6.0,15.0,23.0,8.5,6.0,5.0,34.0,15.0,2.88,bet365,2.03,1.83,bet365,2.1,1.73,bet365,1.91,1.8,bet365,11.0,bet365,13.0,bet365,8.0,bet365,7.0,bet365,21.0,bet365,9.5,bet365,15.0,bet365,9.0,bet365,13.0,bet365,41.0,bet365,15.0,bet365,29.0,bet365,15.0,bet365,34.0,bet365,23.0,,0.0,0.0,SeguroBet,10.3,1.02,bet365,6.8,1.11,bet365,7.0,1.1,bet365,3.8,1.25,bet365,1.93,1.88,bet365,1.48,2.6,bet365,1.33,3.3,bet365,1.13,5.9,bet365,1.11,6.6,bet365,0.0,0.0,15.0,bet365,21.0,13.0,6.0,bet365,8.0,6.0,3.1,bet365,1.83,3.75,1.22,bet365,1.3,5.0,1.06,bet365,1.1,10.0,0.0,1.82,3.14,1.76,2.35,1.03,1.61,2.35,1.76,-0.65,0.76,0.32,0.68,0.6,0.83,0.34,0.53,0.51,0.7,0.0,0.0,0.31,0.5,15.0,26.0,7.0,5.0,4.0,16.0,4.0,5.0,9.0,18.0,6.0,8.0,1.0,2.0,1.0,2.0,39.0,44.0,6.0,8.0,7.0,14.0,15.0,19.0,14.0,7.0,,,,,3.0,5.0,2.0,6.0,0.59,0.67,53.0,59.0,29.0,22.0,14.0,8.0,0.0,0.0,0.0,1.0,1.28,1.72,0.82,0.56,0.89,0.7,0.56,0.82,0.56,0.82,0.31,0.69,0.6,0.85,0.47,0.5,0.57,0.73,0.0,0.0,0.3,0.64,10.0,19.0,4.0,2.0,3.0,12.0,3.0,5.0,6.0,14.0,4.0,5.0,1.0,1.0,1.0,1.0,23.0,24.0,3.0,6.0,2.0,5.0,9.0,8.0,5.0,2.0,,,,,1.0,4.0,2.0,4.0,0.5,0.67,25.0,23.0,14.0,11.0,8.0,5.0,0.0,0.0,0.0,0.0,0.54,1.42,0.94,1.79,0.14,0.91,1.79,0.94,-1.21,-0.06,0.33,0.67,0.6,0.81,0.24,0.55,0.43,0.68,0.0,0.0,0.33,0.36,5.0,7.0,3.0,3.0,1.0,4.0,1.0,0.0,3.0,4.0,2.0,3.0,0.0,1.0,0.0,1.0,16.0,20.0,3.0,2.0,5.0,9.0,6.0,11.0,9.0,5.0,,,,,2.0,1.0,0.0,2.0,0.67,0.67,28.0,36.0,15.0,11.0,6.0,3.0,0.0,0.0,0.0,1.0
b14fqObf,EUROPE,2026/2027,EUROPE 3,Conference League,GfRbsVWM,EUROPE 3,06/08/2026,17:00,Semi-finals,Debrecen (Hun),8KymAhn2,FC Copenhagen (Den),hSPZwbEh,False,0,3,1,,,,,[],"[21, 35, 90]",bet365,5.5,2.3,2.0,bet365,5.0,2.63,1.83,bet365,5.25,3.8,1.53,bet365,1.33,3.25,bet365,2.5,1.5,bet365,5.5,1.13,bet365,1.2,4.33,bet365,1.91,1.8,bet365,4.0,1.22,bet365,1.04,9.0,bet365,1.22,4.0,bet365,1.7,2.1,bet365,2.63,1.44,bet365,4.5,1.17,bet365,1.83,1.83,bet365,4.5,1.18,bet365,3.5,1.29,bet365,2.25,1.18,1.11,bet365,1.73,1.57,1.13,1xBet.br,1.8,1.43,1.18,bet365,4.33,1.2,Esportivabet,3.33,1.28,Betano.br,3.3,1.31,bet365,9.0,17.0,21.0,11.0,6.5,4.33,41.0,17.0,2.3,bet365,1.98,1.88,bet365,2.1,1.73,bet365,1.91,1.8,bet365,12.0,bet365,17.0,bet365,7.5,bet365,8.0,bet365,29.0,bet365,7.5,bet365,19.0,bet365,8.5,bet365,17.0,bet365,51.0,bet365,11.0,bet365,41.0,bet365,13.0,bet365,41.0,bet365,26.0,,0.0,0.0,,0.0,0.0,Superbet.br,10.0,1.03,1xBet.br,9.6,1.01,bet365,4.4,1.2,bet365,2.2,1.65,bet365,1.7,2.1,bet365,1.45,2.68,bet365,1.21,4.25,bet365,1.16,5.25,bet365,0.0,0.0,9.0,bet365,34.0,17.0,4.33,bet365,12.0,7.5,2.4,bet365,2.25,3.75,1.11,bet365,1.5,4.5,1.04,bet365,1.17,7.0,0.0,0.36,1.69,0.07,2.46,0.81,1.12,2.46,0.07,-0.54,0.07,0.53,0.47,0.83,0.8,0.56,0.58,0.65,0.57,0.0,2.0,0.17,0.36,13.0,16.0,2.0,10.0,6.0,2.0,5.0,4.0,5.0,11.0,8.0,5.0,0.0,5.0,0.0,0.0,18.0,24.0,7.0,5.0,18.0,12.0,24.0,13.0,12.0,18.0,2.0,1.0,,,0.0,0.0,6.0,2.0,0.69,0.63,49.0,62.0,14.0,39.0,7.0,9.0,1.0,0.0,0.0,0.0,0.05,0.81,0.03,2.02,0.43,0.69,2.02,0.03,0.02,0.03,0.57,0.43,0.85,0.74,0.65,0.5,0.71,0.56,0.0,1.0,0.14,0.25,3.0,9.0,1.0,6.0,2.0,0.0,0.0,3.0,1.0,6.0,2.0,3.0,0.0,2.0,0.0,0.0,11.0,14.0,3.0,4.0,6.0,7.0,12.0,4.0,7.0,6.0,2.0,0.0,,,0.0,0.0,4.0,1.0,0.67,0.86,16.0,31.0,9.0,20.0,3.0,6.0,1.0,0.0,0.0,0.0,0.31,0.88,0.04,0.44,0.38,0.43,0.44,0.04,-0.56,0.04,0.5,0.5,0.82,0.85,0.5,0.67,0.59,0.59,0.0,1.0,0.2,0.67,10.0,7.0,1.0,4.0,4.0,2.0,5.0,1.0,4.0,5.0,6.0,2.0,0.0,3.0,0.0,0.0,7.0,10.0,4.0,1.0,12.0,5.0,12.0,9.0,5.0,12.0,0.0,1.0,,,0.0,0.0,2.0,1.0,0.69,0.44,33.0,31.0,5.0,19.0,4.0,3.0,0.0,0.0,0.0,0.0
b5Cihoof,EUROPE,2026/2027,EUROPE 3,Conference League,GfRbsVWM,EUROPE 3,06/08/2026,17:00,Semi-finals,Rakow (Pol),SQOrbYim,Hammarby (Swe),SQsg3nME,False,0,0,1,,,,,[],[],bet365,2.88,2.1,3.4,bet365,2.63,2.4,3.1,bet365,2.25,3.25,2.9,bet365,1.4,2.75,bet365,2.75,1.4,bet365,7.0,1.08,bet365,1.25,3.75,bet365,2.1,1.67,bet365,4.5,1.18,bet365,1.06,8.0,bet365,1.3,3.4,bet365,1.98,1.83,bet365,3.4,1.3,bet365,6.0,1.11,bet365,1.8,1.91,bet365,4.5,1.18,bet365,3.5,1.29,bet365,1.3,1.25,1.53,bet365,1.3,1.67,1.4,1xBet.br,1.34,1.51,1.43,bet365,1.67,2.1,Lotogreen,1.66,2.1,Betano.br,1.7,2.07,bet365,3.6,15.0,34.0,5.5,5.5,6.5,29.0,15.0,4.75,bet365,2.0,1.85,bet365,2.1,1.73,bet365,2.0,1.73,bet365,10.0,bet365,8.0,bet365,9.5,bet365,6.5,bet365,11.0,bet365,15.0,bet365,9.5,bet365,11.0,bet365,15.0,bet365,21.0,bet365,29.0,bet365,19.0,bet365,23.0,bet365,29.0,bet365,34.0,1xBet.br,12.5,1.03,bet365,7.0,1.1,bet365,4.25,1.21,bet365,3.45,1.3,bet365,2.25,1.63,bet365,1.38,3.0,bet365,1.15,5.5,bet365,1.12,6.25,SeguroBet,1.02,9.7,SeguroBet,1.02,10.0,bet365,23.0,15.0,0.0,bet365,9.5,6.5,13.0,bet365,4.33,4.0,6.0,bet365,1.3,4.5,1.53,bet365,1.09,8.5,1.17,bet365,0.0,0.0,1.05,,,,,,,,,,,0.5,0.5,,,,,,,,,,,11.0,15.0,5.0,5.0,5.0,5.0,1.0,5.0,,,,,,,,,,,5.0,6.0,15.0,10.0,17.0,16.0,10.0,14.0,1.0,2.0,,,0.0,0.0,,,,,,,,,,,,,,,,,,,,,,,,,0.47,0.53,,,,,,,,,,,6.0,5.0,3.0,2.0,3.0,1.0,0.0,2.0,,,,,,,,,,,0.0,3.0,4.0,2.0,10.0,10.0,3.0,4.0,0.0,1.0,,,0.0,0.0,,,,,,,,,,,,,,,,,,,,,,,,,0.53,0.47,,,,,,,,,,,5.0,10.0,2.0,3.0,2.0,4.0,1.0,3.0,,,,,,,,,,,5.0,3.0,11.0,8.0,7.0,6.0,7.0,10.0,1.0,1.0,,,0.0,0.0,,,,,,,,,,,,,,
fmrS0Xkm,EUROPE,2026/2027,EUROPE 3,Conference League,GfRbsVWM,EUROPE 3,06/08/2026,17:00,Semi-finals,Goteborg (Swe),UovQtopk,Gent (Bel),MgkzUx7T,False,0,1,1,,,,,[],[45],bet365,3.5,2.1,2.75,bet365,3.2,2.4,2.5,bet365,2.9,3.4,2.15,bet365,1.4,2.75,bet365,2.75,1.4,bet365,7.0,1.08,bet365,1.25,3.75,bet365,2.2,1.62,bet365,5.0,1.17,bet365,1.03,10.0,bet365,1.3,3.4,bet365,1.98,1.83,bet365,3.4,1.3,bet365,6.5,1.1,bet365,1.8,1.91,bet365,4.5,1.18,bet365,3.5,1.29,bet365,1.57,1.25,1.3,bet365,1.4,1.67,1.29,Betano.br,1.5,1.47,1.31,bet365,2.2,1.62,Brasildasorte,2.2,1.6,Betano.br,2.15,1.65,bet365,4.75,15.0,29.0,7.0,5.5,5.5,34.0,15.0,3.5,bet365,1.95,1.9,bet365,2.1,1.73,bet365,1.91,1.8,bet365,10.0,bet365,9.5,bet365,8.0,bet365,7.0,bet365,15.0,bet365,11.0,bet365,11.0,bet365,9.5,bet365,15.0,bet365,29.0,bet365,21.0,bet365,23.0,bet365,19.0,bet365,34.0,bet365,29.0,1xBet.br,10.0,1.01,SeguroBet,9.7,1.02,bet365,6.25,1.12,bet365,5.5,1.15,bet365,2.85,1.4,bet365,1.65,2.2,bet365,1.3,3.45,bet365,1.22,4.15,bet365,1.11,6.8,1xBet.br,1.05,9.7,bet365,26.0,15.0,23.0,bet365,13.0,8.5,9.0,bet365,6.0,4.5,4.0,bet365,1.57,4.0,1.3,bet365,1.18,6.0,1.08,bet365,1.05,13.0,1.05,,,,,,,,,,,0.57,0.43,,,,,,,,,,,13.0,11.0,1.0,5.0,6.0,5.0,6.0,1.0,,,,,,,,,,,2.0,3.0,13.0,9.0,29.0,20.0,10.0,14.0,1.0,2.0,,,0.0,0.0,,,,,,,,,,,,,,,,,,,,,,,,,0.46,0.54,,,,,,,,,,,1.0,7.0,0.0,4.0,0.0,2.0,1.0,1.0,,,,,,,,,,,1.0,2.0,8.0,4.0,10.0,13.0,4.0,8.0,1.0,2.0,,,0.0,0.0,,,,,,,,,,,,,,,,,,,,,,,,,0.68,0.32,,,,,,,,,,,12.0,4.0,1.0,1.0,6.0,3.0,5.0,0.0,,,,,,,,,,,1.0,1.0,5.0,5.0,19.0,7.0,6.0,6.0,,,,,0.0,0.0,,,,,,,,,,,,,,
QTRGp0rh,EUROPE,2026/2027,EUROPE 3,Conference League,GfRbsVWM,EUROPE 3,06/08/2026,17:00,Semi-finals,Dyn. Kyiv (Ukr),nNpqXMwH,Qarabag (Aze),Qgd3eSin,False,1,0,1,,,,,[10],[],bet365,2.75,2.1,3.75,bet365,2.5,2.38,3.4,bet365,2.05,3.1,3.25,bet365,1.44,2.63,bet365,3.0,1.36,bet365,7.5,1.07,bet365,1.29,3.5,bet365,2.25,1.57,bet365,5.0,1.17,bet365,1.06,8.0,bet365,1.3,3.4,bet365,2.05,1.75,bet365,3.5,1.29,bet365,6.5,1.1,bet365,1.83,1.83,bet365,5.0,1.17,bet365,3.75,1.25,bet365,1.25,1.29,1.62,bet365,1.25,1.67,1.4,1xBet.br,1.29,1.5,1.5,bet365,1.53,2.38,BrasilBet,1.57,2.25,Betano.br,1.6,2.25,bet365,3.4,15.0,34.0,5.5,5.0,7.5,29.0,15.0,5.5,bet365,2.0,1.85,bet365,2.1,1.73,bet365,2.0,1.73,bet365,8.5,bet365,7.0,bet365,10.0,bet365,6.5,bet365,10.0,bet365,17.0,bet365,9.5,bet365,13.0,bet365,15.0,bet365,19.0,bet365,34.0,bet365,19.0,bet365,29.0,bet365,29.0,bet365,41.0,bet365,6.0,1.13,bet365,7.0,1.1,bet365,4.0,1.23,bet365,3.3,1.33,bet365,2.1,1.7,bet365,1.33,3.3,bet365,1.12,6.4,bet365,1.1,7.0,SeguroBet,1.02,10.3,SeguroBet,1.02,10.0,bet365,21.0,13.0,0.0,bet365,8.5,6.0,19.0,bet365,4.0,3.75,7.0,bet365,1.25,5.0,1.62,bet365,1.08,11.0,1.2,bet365,0.0,0.0,1.06,,,,,,,,,,,0.39,0.61,,,,,,,,,,,11.0,8.0,3.0,2.0,8.0,5.0,0.0,1.0,,,,,,,,,,,4.0,11.0,15.0,24.0,10.0,14.0,19.0,11.0,3.0,1.0,0.0,1.0,4.0,2.0,,,,,,,,,,,,,,,,,,,,,,,,,0.34,0.66,,,,,,,,,,,2.0,5.0,2.0,1.0,0.0,4.0,0.0,0.0,,,,,,,,,,,0.0,10.0,5.0,10.0,6.0,10.0,8.0,3.0,1.0,0.0,,,2.0,1.0,,,,,,,,,,,,,,,,,,,,,,,,,0.44,0.56,,,,,,,,,,,9.0,3.0,1.0,1.0,8.0,1.0,0.0,1.0,,,,,,,,,,,4.0,1.0,10.0,14.0,4.0,4.0,11.0,8.0,2.0,1.0,0.0,1.0,2.0,1.0,,,,,,,,,,,,,,
YcqS5JXq,EUROPE,2026/2027,EUROPE 3,Conference League,GfRbsVWM,EUROPE 3,06/08/2026,18:30,Semi-finals,Lugano (Sui),IHaUjgT1,NSI Runavik (Fai),UaOluym1,False,2,0,1,,,,,"[7, 79]",[],bet365,1.36,3.25,13.0,bet365,1.3,4.0,11.0,bet365,1.11,9.0,15.0,bet365,1.2,4.33,bet365,1.95,1.85,bet365,3.75,1.25,bet365,1.11,6.5,bet365,1.57,2.25,bet365,2.75,1.4,bet365,1.01,15.0,bet365,1.1,6.5,bet365,1.33,3.25,bet365,1.83,1.83,bet365,2.75,1.4,bet365,2.25,1.57,bet365,5.5,1.14,bet365,4.0,1.22,bet365,1.01,1.04,6.0,bet365,1.01,1.33,3.0,Sportingbet.br,1.03,1.19,3.5,bet365,1.03,10.0,BrasilBet,1.04,8.5,Betano.br,1.06,8.0,bet365,1.44,29.0,67.0,4.0,13.0,29.0,21.0,34.0,34.0,bet365,1.93,1.93,bet365,2.0,1.8,bet365,1.83,1.83,bet365,23.0,bet365,10.0,bet365,41.0,bet365,19.0,bet365,7.0,bet365,81.0,bet365,12.0,bet365,41.0,bet365,34.0,bet365,6.5,bet365,151.0,bet365,12.0,bet365,101.0,bet365,34.0,bet365,81.0,bet365,1.95,1.85,bet365,1.55,2.38,bet365,1.38,3.0,bet365,1.16,5.25,bet365,1.13,6.0,SeguroBet,1.02,9.4,,0.0,0.0,,0.0,0.0,,0.0,0.0,,0.0,0.0,bet365,3.0,4.5,0.0,bet365,1.91,4.33,0.0,bet365,1.36,4.75,41.0,bet365,1.01,19.0,6.0,bet365,0.0,0.0,2.88,bet365,0.0,0.0,1.8,2.98,0.55,2.7,0.07,3.54,0.56,0.07,2.7,0.07,0.7,0.69,0.31,0.91,0.74,0.62,0.31,0.9,0.46,0.0,0.0,0.3,0.13,31.0,5.0,9.0,1.0,13.0,2.0,9.0,2.0,22.0,3.0,9.0,2.0,2.0,0.0,2.0,0.0,48.0,8.0,15.0,3.0,3.0,16.0,17.0,10.0,16.0,3.0,,,,,0.0,0.0,1.0,6.0,0.75,0.71,37.0,38.0,21.0,47.0,6.0,6.0,0.0,0.0,0.0,0.0,0.78,0.41,0.77,0.07,0.58,0.47,0.07,0.77,0.07,-0.23,0.67,0.33,0.92,0.76,0.71,0.44,0.89,0.47,0.0,0.0,0.26,0.33,11.0,3.0,3.0,1.0,5.0,2.0,3.0,0.0,9.0,2.0,2.0,1.0,1.0,0.0,0.0,0.0,19.0,4.0,5.0,0.0,2.0,7.0,6.0,4.0,7.0,2.0,,,,,0.0,0.0,1.0,2.0,0.67,0.8,18.0,23.0,8.0,18.0,5.0,4.0,0.0,0.0,0.0,0.0,2.2,0.14,1.93,0.0,2.96,0.09,0.0,1.93,0.0,0.93,0.71,0.29,0.89,0.72,0.5,0.14,0.9,0.44,0.0,0.0,0.32,0.0,20.0,2.0,6.0,0.0,8.0,0.0,6.0,2.0,13.0,1.0,7.0,1.0,1.0,0.0,2.0,0.0,29.0,4.0,10.0,3.0,1.0,9.0,11.0,6.0,9.0,1.0,,,,,0.0,0.0,0.0,4.0,1.0,0.5,19.0,15.0,13.0,29.0,1.0,2.0,0.0,0.0,0.0,0.0
bsQOrvD4,EUROPE,2026/2027,EUROPE 3,Conference League,GfRbsVWM,EUROPE 3,13/08/2026,16:00,Semi-finals,Qarabag (Aze),Qgd3eSin,Dyn. Kyiv (Ukr),nNpqXMwH,False,2,0,2,0.0,1.0,2.0,1.0,"[12, 69]",[],,0.0,0.0,0.0,,0.0,0.0,0.0,,0.0,0.0,0.0,,0.0,0.0,,0.0,0.0,,0.0,0.0,,0.0,0.0,,0.0,0.0,,0.0,0.0,,0.0,0.0,,0.0,0.0,,0.0,0.0,,0.0,0.0,,0.0,0.0,,0.0,0.0,,0.0,0.0,,0.0,0.0,,0.0,0.0,0.0,,0.0,0.0,0.0,,0.0,0.0,0.0,,0.0,0.0,,0.0,0.0,,0.0,0.0,,0.0,0.0,0.0,0.0,0.0,0.0,0.0,0.0,0.0,,0.0,0.0,,0.0,0.0,,0.0,0.0,,0.0,,0.0,,0.0,,0.0,,0.0,,0.0,,0.0,,0.0,,0.0,,0.0,,0.0,,0.0,,0.0,,0.0,,0.0,,0.0,0.0,,0.0,0.0,,0.0,0.0,,0.0,0.0,,0.0,0.0,,0.0,0.0,,0.0,0.0,,0.0,0.0,,0.0,0.0,,0.0,0.0,,0.0,0.0,0.0,,0.0,0.0,0.0,,0.0,0.0,0.0,,0.0,0.0,0.0,,0.0,0.0,0.0,,0.0,0.0,0.0,,,,,,,,,,,0.58,0.42,,,,,,,,,,,12.0,9.0,3.0,4.0,5.0,4.0,4.0,1.0,,,,,,,,,,,4.0,6.0,19.0,7.0,18.0,18.0,4.0,11.0,1.0,2.0,,,2.0,8.0,,,,,,,,,,,,,,,,,,,,,,,,,0.64,0.36,,,,,,,,,,,7.0,4.0,1.0,3.0,3.0,0.0,3.0,1.0,,,,,,,,,,,2.0,2.0,11.0,3.0,7.0,6.0,2.0,7.0,0.0,2.0,,,0.0,3.0,,,,,,,,,,,,,,,,,,,,,,,,,0.52,0.48,,,,,,,,,,,5.0,5.0,2.0,1.0,2.0,4.0,1.0,0.0,,,,,,,,,,,2.0,4.0,8.0,4.0,11.0,12.0,2.0,4.0,1.0,0.0,,,2.0,5.0,,,,,,,,,,,,,,
2NGDImb6,EUROPE,2026/2027,EUROPE 3,Conference League,GfRbsVWM,EUROPE 3,06/08/2026,17:00,Semi-finals,Inter Escaldes (And),4CambolL,Flora (Est),zLFV5ykn,False,2,0,1,,,,,"[5, 62]",[],,0.0,0.0,0.0,,0.0,0.0,0.0,,0.0,0.0,0.0,,0.0,0.0,,0.0,0.0,,0.0,0.0,,0.0,0.0,,0.0,0.0,,0.0,0.0,,0.0,0.0,,0.0,0.0,,0.0,0.0,,0.0,0.0,,0.0,0.0,,0.0,0.0,,0.0,0.0,,0.0,0.0,,0.0,0.0,0.0,,0.0,0.0,0.0,,0.0,0.0,0.0,,0.0,0.0,,0.0,0.0,,0.0,0.0,,0.0,0.0,0.0,0.0,0.0,0.0,0.0,0.0,0.0,,0.0,0.0,,0.0,0.0,,0.0,0.0,,0.0,,0.0,,0.0,,0.0,,0.0,,0.0,,0.0,,0.0,,0.0,,0.0,,0.0,,0.0,,0.0,,0.0,,0.0,,0.0,0.0,,0.0,0.0,,0.0,0.0,,0.0,0.0,,0.0,0.0,,0.0,0.0,,0.0,0.0,,0.0,0.0,,0.0,0.0,,0.0,0.0,,0.0,0.0,0.0,,0.0,0.0,0.0,,0.0,0.0,0.0,,0.0,0.0,0.0,,0.0,0.0,0.0,,0.0,0.0,0.0,,,,,,,,,,,0.61,0.39,,,,,,,,,,,18.0,10.0,10.0,5.0,6.0,3.0,2.0,2.0,,,,,,,,,,,8.0,6.0,12.0,11.0,19.0,17.0,10.0,8.0,1.0,1.0,,,1.0,2.0,,,,,,,,,,,,,,,,,,,,,,,,,0.75,0.25,,,,,,,,,,,13.0,2.0,5.0,1.0,6.0,1.0,2.0,0.0,,,,,,,,,,,7.0,0.0,4.0,2.0,11.0,8.0,2.0,3.0,,,,,0.0,0.0,,,,,,,,,,,,,,,,,,,,,,,,,0.45,0.55,,,,,,,,,,,5.0,8.0,5.0,4.0,0.0,2.0,0.0,2.0,,,,,,,,,,,1.0,6.0,8.0,9.0,8.0,9.0,8.0,5.0,1.0,1.0,,,1.0,2.0,,,,,,,,,,,,,,
vHc9b1VO,EUROPE,2026/2027,EUROPE 3,Conference League,GfRbsVWM,EUROPE 3,06/08/2026,17:00,Semi-finals,Riga FC (Lat),l2DXxTjh,Gyor (Hun),4WnsYev9,False,1,0,1,,,,,[3],[],bet365,2.25,2.38,4.33,bet365,2.05,2.75,3.75,bet365,1.73,4.0,3.75,bet365,1.29,3.5,bet365,2.38,1.53,bet365,5.0,1.14,bet365,1.18,4.5,bet365,1.83,1.83,bet365,3.75,1.25,bet365,1.03,10.0,bet365,1.2,4.33,bet365,1.62,2.25,bet365,2.5,1.5,bet365,4.33,1.2,bet365,1.62,2.2,bet365,4.0,1.22,bet365,3.0,1.36,bet365,1.2,1.17,1.91,bet365,1.2,1.53,1.57,SeguroBet,1.21,1.39,1.71,bet365,1.36,3.0,Superbet.br,1.39,2.7,Superbet.br,1.4,2.67,bet365,2.63,15.0,34.0,5.0,6.5,9.0,21.0,15.0,6.5,bet365,1.93,1.93,bet365,2.0,1.8,bet365,1.91,1.8,bet365,15.0,bet365,9.0,bet365,15.0,bet365,8.0,bet365,9.5,bet365,21.0,bet365,8.5,bet365,13.0,bet365,15.0,bet365,15.0,bet365,41.0,bet365,13.0,bet365,29.0,bet365,21.0,bet365,29.0,bet365,5.5,1.15,bet365,4.5,1.19,bet365,2.85,1.4,bet365,2.25,1.63,bet365,1.73,2.08,bet365,1.25,3.8,bet365,1.11,6.6,bet365,1.1,7.0,SeguroBet,1.02,10.3,SeguroBet,1.02,10.3,bet365,11.0,8.0,29.0,bet365,5.5,5.0,21.0,bet365,2.88,3.75,8.0,bet365,1.2,5.5,1.91,bet365,1.06,12.0,1.36,bet365,1.04,17.0,1.11,1.14,0.18,1.14,0.16,0.83,0.2,0.16,1.14,0.16,1.14,0.61,0.39,0.87,0.77,0.56,0.38,0.77,0.53,1.0,0.0,0.24,0.22,18.0,4.0,6.0,2.0,10.0,1.0,2.0,1.0,11.0,3.0,7.0,1.0,1.0,0.0,0.0,1.0,22.0,8.0,8.0,1.0,15.0,18.0,16.0,20.0,18.0,15.0,2.0,0.0,,,2.0,2.0,2.0,5.0,0.8,0.63,49.0,46.0,12.0,23.0,12.0,4.0,1.0,0.0,0.0,0.0,0.66,0.11,0.98,0.0,0.5,0.14,0.0,0.98,0.0,0.98,0.61,0.39,0.88,0.77,0.57,0.39,0.74,0.45,1.0,0.0,0.25,0.4,9.0,2.0,4.0,0.0,4.0,1.0,1.0,1.0,5.0,2.0,4.0,0.0,1.0,0.0,0.0,1.0,12.0,5.0,3.0,0.0,7.0,7.0,9.0,12.0,7.0,7.0,1.0,0.0,,,0.0,0.0,0.0,3.0,0.8,0.6,20.0,19.0,7.0,14.0,6.0,3.0,1.0,0.0,0.0,0.0,0.48,0.07,0.16,0.16,0.33,0.06,0.16,0.16,0.16,0.16,0.62,0.38,0.86,0.76,0.56,0.37,0.8,0.6,0.0,0.0,0.23,0.0,9.0,2.0,2.0,2.0,6.0,0.0,1.0,0.0,6.0,1.0,3.0,1.0,0.0,0.0,0.0,0.0,10.0,3.0,5.0,1.0,8.0,11.0,7.0,8.0,11.0,8.0,1.0,0.0,,,2.0,2.0,2.0,2.0,0.8,0.67,29.0,27.0,5.0,9.0,6.0,1.0,0.0,0.0,0.0,0.0
OYSZUHmT,EUROPE,2026/2027,EUROPE 3,Conference League,GfRbsVWM,EUROPE 3,06/08/2026,17:30,Semi-finals,Beitar Jerusalem (Isr),t2BgeFT0,Austria Vienna (Aut),lvnOzIkE,False,1,2,1,,,,,[19],"[45, 69]",bet365,2.38,2.1,4.5,bet365,2.1,2.4,4.0,bet365,1.8,3.4,4.5,bet365,1.4,2.75,bet365,3.0,1.36,bet365,7.0,1.08,bet365,1.25,3.75,bet365,2.2,1.62,bet365,5.0,1.17,bet365,1.06,8.0,bet365,1.3,3.4,bet365,2.0,1.8,bet365,3.4,1.3,bet365,6.5,1.1,bet365,1.83,1.83,bet365,5.0,1.17,bet365,3.75,1.25,bet365,1.17,1.3,1.91,bet365,1.2,1.67,1.5,Sportingbet.br,1.22,1.49,1.58,bet365,1.33,3.25,BrasilBet,1.44,2.6,Betano.br,1.47,2.57,bet365,2.75,17.0,41.0,4.75,5.5,9.0,26.0,17.0,7.0,bet365,2.0,1.85,bet365,2.1,1.73,bet365,2.0,1.73,bet365,9.5,bet365,7.0,bet365,12.0,bet365,6.5,bet365,9.0,bet365,21.0,bet365,9.0,bet365,15.0,bet365,15.0,bet365,15.0,bet365,41.0,bet365,17.0,bet365,34.0,bet365,29.0,bet365,41.0,bet365,6.6,1.11,bet365,5.75,1.14,bet365,3.1,1.35,bet365,2.42,1.53,bet365,1.8,2.0,bet365,1.21,4.25,bet365,1.1,7.0,bet365,1.1,7.0,1xBet.br,1.01,10.0,SeguroBet,1.02,9.4,bet365,15.0,10.0,0.0,bet365,6.5,5.0,26.0,bet365,3.1,3.6,9.5,bet365,1.17,6.0,1.91,bet365,1.05,15.0,1.33,bet365,0.0,0.0,1.09,2.13,2.29,1.84,1.98,1.63,1.43,1.98,1.84,-0.02,0.84,0.69,0.31,0.85,0.65,0.56,0.24,0.7,0.48,1.0,2.0,0.06,0.43,14.0,9.0,4.0,5.0,6.0,3.0,4.0,1.0,8.0,7.0,6.0,2.0,2.0,6.0,0.0,0.0,25.0,17.0,6.0,1.0,15.0,18.0,24.0,23.0,18.0,15.0,4.0,3.0,,,3.0,3.0,3.0,3.0,0.6,0.45,64.0,57.0,13.0,25.0,12.0,20.0,2.0,0.0,1.0,0.0,1.61,0.37,1.74,0.56,1.03,0.35,0.56,1.74,-0.44,0.74,0.69,0.31,0.85,0.65,0.54,0.28,0.68,0.41,1.0,1.0,0.0,0.0,7.0,2.0,4.0,1.0,1.0,1.0,2.0,0.0,4.0,2.0,3.0,0.0,2.0,1.0,0.0,0.0,9.0,3.0,3.0,0.0,9.0,9.0,13.0,13.0,9.0,9.0,1.0,1.0,,,1.0,1.0,0.0,3.0,0.64,0.43,38.0,29.0,7.0,12.0,6.0,9.0,1.0,0.0,0.0,0.0,0.52,1.92,0.1,1.42,0.6,1.08,1.42,0.1,0.42,0.1,0.7,0.3,0.86,0.65,0.58,0.19,0.72,0.55,0.0,1.0,0.13,0.75,7.0,7.0,0.0,4.0,5.0,2.0,2.0,1.0,4.0,5.0,3.0,2.0,0.0,5.0,0.0,0.0,16.0,14.0,3.0,1.0,6.0,9.0,11.0,10.0,9.0,6.0,3.0,2.0,,,2.0,2.0,3.0,0.0,0.56,0.47,26.0,28.0,6.0,13.0,6.0,11.0,1.0,0.0,1.0,0.0
YsqvMM4b,EUROPE,2026/2027,EUROPE 3,Conference League,GfRbsVWM,EUROPE 3,06/08/2026,16:30,Semi-finals,CFR Cluj (Rou),4KfIhq7B,Tromso (Nor),25HpQh9o,False,0,5,1,,,,,[],"[5, 20, 27, 61, 73]",bet365,3.1,2.05,3.4,bet365,2.75,2.38,3.0,bet365,2.35,3.2,2.7,bet365,1.44,2.63,bet365,3.0,1.36,bet365,7.5,1.07,bet365,1.29,3.5,bet365,2.25,1.57,bet365,5.0,1.17,bet365,1.07,7.5,bet365,1.36,3.0,bet365,2.1,1.7,bet365,3.75,1.25,bet365,7.0,1.08,bet365,1.83,1.83,bet365,5.0,1.17,bet365,3.75,1.25,bet365,1.36,1.29,1.5,bet365,1.3,1.73,1.36,BR4Bet,1.3,1.5,1.37,bet365,1.73,2.0,BR4Bet,1.75,1.95,Betano.br,1.83,1.9,bet365,4.0,15.0,34.0,6.0,5.0,6.5,29.0,15.0,4.5,bet365,1.98,1.88,bet365,2.1,1.73,bet365,2.0,1.73,bet365,9.0,bet365,8.0,bet365,8.5,bet365,6.5,bet365,12.0,bet365,13.0,bet365,10.0,bet365,11.0,bet365,15.0,bet365,23.0,bet365,29.0,bet365,21.0,bet365,23.0,bet365,34.0,bet365,34.0,Superbet.br,10.0,1.03,1xBet.br,9.8,1.01,bet365,5.0,1.17,bet365,4.0,1.23,bet365,2.38,1.55,bet365,1.45,2.68,bet365,1.18,4.8,bet365,1.13,5.9,1xBet.br,1.01,9.8,Superbet.br,1.03,11.0,bet365,29.0,15.0,29.0,bet365,11.0,7.0,13.0,bet365,4.75,4.0,5.5,bet365,1.36,4.33,1.5,bet365,1.1,8.0,1.14,bet365,1.04,17.0,1.04,,,,,,,,,,,0.54,0.46,,,,,,,,,,,7.0,11.0,1.0,9.0,3.0,1.0,3.0,1.0,,,,,,,,,,,4.0,0.0,12.0,15.0,17.0,12.0,13.0,12.0,2.0,1.0,,,1.0,0.0,,,,,,,,,,,,,,,,,,,,,,,,,0.57,0.43,,,,,,,,,,,1.0,6.0,0.0,4.0,1.0,1.0,0.0,1.0,,,,,,,,,,,2.0,0.0,9.0,8.0,11.0,8.0,8.0,8.0,,,,,1.0,0.0,,,,,,,,,,,,,,,,,,,,,,,,,0.51,0.49,,,,,,,,,,,6.0,5.0,1.0,5.0,2.0,0.0,3.0,0.0,,,,,,,,,,,2.0,0.0,3.0,7.0,6.0,4.0,5.0,4.0,2.0,1.0,,,0.0,0.0,,,,,,,,,,,,,,
bwdg2qWa,EUROPE,2026/2027,EUROPE 3,Conference League,GfRbsVWM,EUROPE 3,05/08/2026,17:00,Semi-finals,Brann (Nor),QBbt6ivB,Apollon (Cyp),pjUEaE29,False,0,1,1,,,,,[],[22],bet365,2.1,2.4,4.5,bet365,1.95,2.75,4.0,bet365,1.65,4.0,4.5,bet365,1.29,3.5,bet365,2.38,1.53,bet365,5.0,1.14,bet365,1.18,4.5,bet365,1.83,1.83,bet365,3.5,1.29,bet365,1.02,10.5,bet365,1.17,4.5,bet365,1.57,2.35,bet365,2.38,1.53,bet365,4.0,1.22,bet365,1.67,2.1,bet365,4.0,1.22,bet365,3.0,1.36,bet365,1.17,1.22,2.2,bet365,1.17,1.53,1.67,Sportingbet.br,1.2,1.37,1.77,bet365,1.29,3.5,Goldebet,1.33,3.0,Betano.br,1.39,2.87,bet365,2.5,15.0,34.0,4.75,6.5,10.0,21.0,17.0,7.0,bet365,1.98,1.88,bet365,2.0,1.8,bet365,1.91,1.8,bet365,15.0,bet365,9.0,bet365,17.0,bet365,8.0,bet365,9.0,bet365,26.0,bet365,8.5,bet365,15.0,bet365,15.0,bet365,13.0,bet365,51.0,bet365,13.0,bet365,34.0,bet365,21.0,bet365,34.0,bet365,5.0,1.17,bet365,4.15,1.22,bet365,2.68,1.45,bet365,2.08,1.73,bet365,1.65,2.2,bet365,1.21,4.25,SeguroBet,1.05,7.85,1xBet.br,1.06,9.0,,0.0,0.0,,0.0,0.0,bet365,9.5,7.5,0.0,bet365,4.75,4.75,23.0,bet365,2.6,3.75,9.0,bet365,1.17,6.5,2.2,bet365,1.05,15.0,1.44,bet365,0.0,0.0,1.14,,,,,,,,,,,0.66,0.34,,,,,,,,,,,10.0,14.0,1.0,3.0,3.0,5.0,6.0,6.0,,,,,,,,,,,7.0,4.0,11.0,14.0,32.0,24.0,12.0,10.0,2.0,2.0,,,3.0,0.0,,,,,,,,,,,,,,,,,,,,,,,,,0.61,0.39,,,,,,,,,,,2.0,9.0,1.0,1.0,1.0,4.0,0.0,4.0,,,,,,,,,,,2.0,2.0,5.0,7.0,11.0,15.0,6.0,4.0,0.0,1.0,,,2.0,0.0,,,,,,,,,,,,,,,,,,,,,,,,,0.71,0.29,,,,,,,,,,,8.0,5.0,0.0,2.0,2.0,1.0,6.0,2.0,,,,,,,,,,,5.0,2.0,6.0,7.0,21.0,9.0,6.0,6.0,2.0,1.0,,,1.0,0.0,,,,,,,,,,,,,,
UZ5FdoKk,EUROPE,2026/2027,EUROPE 3,Conference League,GfRbsVWM,EUROPE 3,06/08/2026,17:00,Semi-finals,Zalgiris (Ltu),fuLOijFI,Hajduk Split (Cro),2w5qgpq0,False,2,5,1,,,,,"[34, 85]","[5, 14, 44, 55, 72, 75]",bet365,4.0,2.2,2.5,bet365,3.5,2.5,2.3,bet365,3.4,3.3,1.95,bet365,1.36,3.0,bet365,2.75,1.4,bet365,6.5,1.1,bet365,1.22,4.0,bet365,2.1,1.67,bet365,4.33,1.2,bet365,1.02,11.0,bet365,1.29,3.5,bet365,1.9,1.9,bet365,3.25,1.33,bet365,5.5,1.13,bet365,1.73,2.0,bet365,4.5,1.18,bet365,3.4,1.3,bet365,1.7,1.25,1.25,bet365,1.5,1.62,1.22,1xBet.br,1.59,1.46,1.26,bet365,2.63,1.44,Brasildasorte,2.54,1.45,Betano.br,2.45,1.5,bet365,5.5,15.0,26.0,8.0,5.5,5.0,34.0,15.0,3.1,bet365,2.0,1.85,bet365,2.1,1.73,bet365,1.91,1.8,bet365,11.0,bet365,11.0,bet365,8.0,bet365,6.5,bet365,19.0,bet365,10.0,bet365,13.0,bet365,9.0,bet365,15.0,bet365,41.0,bet365,17.0,bet365,29.0,bet365,17.0,bet365,34.0,bet365,26.0,,0.0,0.0,,0.0,0.0,1xBet.br,8.1,1.08,bet365,6.6,1.11,bet365,3.45,1.3,bet365,1.8,2.0,bet365,1.4,2.85,bet365,1.27,3.55,bet365,1.11,6.8,bet365,1.1,7.0,bet365,0.0,0.0,19.0,bet365,19.0,11.0,7.0,bet365,7.0,5.5,3.5,bet365,1.7,3.75,1.25,bet365,1.25,5.5,1.07,bet365,1.07,12.0,0.0,,,,,,,,,,,0.47,0.53,,,,,,,,,,,10.0,21.0,5.0,8.0,1.0,10.0,4.0,3.0,,,,,,,,,,,2.0,5.0,18.0,11.0,18.0,13.0,14.0,20.0,3.0,1.0,,,2.0,4.0,,,,,,,,,,,,,,,,,,,,,,,,,0.42,0.58,,,,,,,,,,,7.0,11.0,3.0,3.0,1.0,5.0,3.0,3.0,,,,,,,,,,,2.0,4.0,8.0,6.0,5.0,7.0,8.0,8.0,2.0,0.0,,,0.0,1.0,,,,,,,,,,,,,,,,,,,,,,,,,0.53,0.47,,,,,,,,,,,3.0,10.0,2.0,5.0,0.0,5.0,1.0,0.0,,,,,,,,,,,0.0,1.0,10.0,5.0,13.0,6.0,6.0,12.0,1.0,1.0,,,2.0,3.0,,,,,,,,,,,,,,
QH5ZSNVA,EUROPE,2026/2027,EUROPE 3,Conference League,GfRbsVWM,EUROPE 3,06/08/2026,15:00,Semi-finals,Inter Turku (Fin),QwkNUoNH,Vaduz (Lie),G6Ih9GOj,False,2,1,1,,,,,"[22, 68]",[63],bet365,2.63,2.3,3.25,bet365,2.4,2.63,3.0,bet365,2.1,3.7,2.9,bet365,1.29,3.5,bet365,2.38,1.53,bet365,5.0,1.14,bet365,1.17,5.0,bet365,1.8,1.91,bet365,3.5,1.29,bet365,1.01,15.0,bet365,1.17,4.5,bet365,1.62,2.25,bet365,2.5,1.5,bet365,4.33,1.2,bet365,1.57,2.25,bet365,3.75,1.25,bet365,2.75,1.4,bet365,1.4,1.29,1.67,bet365,1.33,1.57,1.44,Betano.br,1.29,1.4,1.6,bet365,1.62,2.2,Brasildasorte,1.5,2.4,Betano.br,1.53,2.4,bet365,3.4,15.0,29.0,6.0,6.5,7.0,23.0,15.0,4.5,bet365,1.98,1.88,bet365,2.0,1.8,bet365,1.91,1.8,bet365,15.0,bet365,11.0,bet365,13.0,bet365,7.5,bet365,12.0,bet365,17.0,bet365,9.5,bet365,11.0,bet365,12.0,bet365,21.0,bet365,29.0,bet365,15.0,bet365,21.0,bet365,21.0,bet365,26.0,bet365,7.0,1.1,bet365,7.0,1.1,bet365,3.8,1.25,bet365,3.1,1.35,bet365,2.1,1.7,bet365,1.4,2.85,bet365,1.18,4.8,bet365,1.14,5.75,SeguroBet,1.02,9.2,SeguroBet,1.02,9.4,bet365,19.0,12.0,0.0,bet365,7.5,6.0,12.0,bet365,3.75,4.0,5.5,bet365,1.4,4.75,1.67,bet365,1.1,8.0,1.22,bet365,0.0,0.0,1.07,,,,,,,,,,,0.5,0.5,,,,,,,,,,,10.0,11.0,4.0,6.0,3.0,3.0,3.0,2.0,,,,,,,,,,,6.0,3.0,17.0,12.0,16.0,22.0,8.0,14.0,3.0,2.0,,,4.0,4.0,,,,,,,,,,,,,,,,,,,,,,,,,0.46,0.54,,,,,,,,,,,6.0,6.0,2.0,3.0,2.0,2.0,2.0,1.0,,,,,,,,,,,4.0,1.0,5.0,7.0,11.0,10.0,5.0,2.0,2.0,0.0,,,1.0,3.0,,,,,,,,,,,,,,,,,,,,,,,,,0.54,0.46,,,,,,,,,,,4.0,5.0,2.0,3.0,1.0,1.0,1.0,1.0,,,,,,,,,,,2.0,2.0,12.0,5.0,5.0,12.0,3.0,12.0,1.0,2.0,,,3.0,1.0,,,,,,,,,,,,,,
UyLbQTRi,EUROPE,2026/2027,EUROPE 3,Conference League,GfRbsVWM,EUROPE 3,30/07/2026,19:00,Quarter-finals,Dinamo City (Alb),KdZNQkgm,Aluminij (Slo),KU49TRgF,False,3,0,2,1.0,1.0,4.0,1.0,"[24, 43, 77]",[],bet365,4.33,2.1,2.4,bet365,4.0,2.4,2.25,bet365,3.7,3.5,1.85,bet365,1.4,2.75,bet365,3.0,1.36,bet365,7.0,1.08,bet365,1.29,3.5,bet365,2.25,1.57,bet365,5.0,1.17,bet365,1.06,8.0,bet365,1.33,3.25,bet365,2.05,1.75,bet365,3.75,1.25,bet365,7.0,1.08,bet365,1.91,1.8,bet365,5.0,1.17,bet365,3.75,1.25,bet365,1.8,1.22,1.22,bet365,1.53,1.67,1.2,Betano.br,1.6,1.5,1.22,bet365,2.75,1.4,Galerabet,2.65,1.42,Betano.br,2.6,1.44,bet365,2.88,15.0,41.0,5.0,5.0,8.5,26.0,17.0,6.5,bet365,1.95,1.9,bet365,2.1,1.73,bet365,2.0,1.73,bet365,9.5,bet365,7.0,bet365,10.0,bet365,7.0,bet365,8.5,bet365,19.0,bet365,9.0,bet365,13.0,bet365,17.0,bet365,15.0,bet365,41.0,bet365,17.0,bet365,34.0,bet365,29.0,bet365,41.0,,0.0,0.0,,0.0,0.0,1xBet.br,9.9,1.01,bet365,6.8,1.11,bet365,3.7,1.26,bet365,1.93,1.88,bet365,1.48,2.6,bet365,1.3,3.45,bet365,1.12,6.25,bet365,1.1,7.0,bet365,0.0,11.0,17.0,bet365,23.0,5.5,7.0,bet365,8.5,3.6,3.4,bet365,1.8,5.0,1.22,bet365,1.29,12.0,1.06,bet365,1.08,0.0,0.0,,,,,,,,,,,0.6,0.4,,,,,,,,,,,12.0,7.0,7.0,3.0,5.0,4.0,0.0,0.0,,,,,,,,,,,7.0,8.0,17.0,13.0,10.0,26.0,9.0,11.0,5.0,2.0,,,4.0,5.0,,,,,,,,,,,,,,,,,,,,,,,,,0.63,0.37,,,,,,,,,,,6.0,3.0,4.0,2.0,2.0,1.0,0.0,0.0,,,,,,,,,,,3.0,5.0,8.0,7.0,4.0,13.0,4.0,8.0,1.0,1.0,,,4.0,1.0,,,,,,,,,,,,,,,,,,,,,,,,,0.57,0.43,,,,,,,,,,,6.0,4.0,3.0,1.0,3.0,3.0,0.0,0.0,,,,,,,,,,,4.0,3.0,9.0,6.0,6.0,13.0,5.0,3.0,4.0,1.0,,,0.0,4.0,,,,,,,,,,,,,,
vu6AutbJ,EUROPE,2026/2027,EUROPE 3,Conference League,GfRbsVWM,EUROPE 3,06/08/2026,16:00,Semi-finals,Paide (Est),CAjWlFop,SK Rapid (Aut),rejcUFSs,False,1,4,1,,,,,[41],"[5, 83, 85, 90]",bet365,12.0,2.75,1.5,bet365,10.0,3.25,1.4,bet365,15.0,6.25,1.17,bet365,1.29,3.5,bet365,2.25,1.57,bet365,4.5,1.17,bet365,1.17,5.0,bet365,1.8,1.91,bet365,3.5,1.29,bet365,1.02,10.5,bet365,1.17,4.5,bet365,1.57,2.35,bet365,2.38,1.53,bet365,4.0,1.22,bet365,2.5,1.5,bet365,6.5,1.11,bet365,4.5,1.18,bet365,4.5,1.11,1.01,bet365,2.5,1.4,1.01,SeguroBet,2.71,1.27,1.04,bet365,9.0,1.04,BR4Bet,7.0,1.06,Betano.br,6.7,1.09,bet365,26.0,29.0,23.0,23.0,9.0,3.75,51.0,26.0,1.57,bet365,1.98,1.88,bet365,2.0,1.8,bet365,1.91,1.8,bet365,15.0,bet365,29.0,bet365,7.5,bet365,13.0,bet365,67.0,bet365,6.0,bet365,41.0,bet365,11.0,bet365,29.0,bet365,151.0,bet365,6.5,bet365,101.0,bet365,12.0,bet365,81.0,bet365,41.0,,0.0,0.0,,0.0,0.0,,0.0,0.0,,0.0,0.0,bet365,6.25,1.12,bet365,4.5,1.19,bet365,3.8,1.25,bet365,2.38,1.55,bet365,1.9,1.9,bet365,1.55,2.38,bet365,0.0,0.0,4.0,bet365,41.0,21.0,2.3,bet365,41.0,17.0,1.53,bet365,4.5,4.33,1.01,bet365,2.3,4.0,1.02,bet365,1.53,4.75,0.0,1.38,4.05,1.52,3.88,0.9,2.08,3.88,1.52,-0.12,0.52,0.26,0.74,0.78,0.92,0.5,0.5,0.55,0.86,0.0,1.0,0.43,0.24,8.0,23.0,2.0,8.0,3.0,9.0,3.0,6.0,6.0,17.0,2.0,6.0,2.0,7.0,1.0,0.0,14.0,42.0,4.0,5.0,12.0,13.0,12.0,22.0,13.0,12.0,1.0,1.0,,,0.0,1.0,4.0,1.0,0.73,0.64,43.0,36.0,33.0,6.0,15.0,6.0,1.0,0.0,1.0,0.0,1.26,1.63,1.52,0.76,0.75,0.61,0.76,1.52,-0.24,0.52,0.24,0.76,0.84,0.95,0.62,0.63,0.57,0.86,0.0,0.0,0.25,0.17,6.0,6.0,2.0,1.0,1.0,4.0,3.0,1.0,4.0,4.0,2.0,2.0,2.0,2.0,1.0,0.0,11.0,12.0,2.0,0.0,5.0,5.0,8.0,7.0,5.0,5.0,,,,,0.0,0.0,0.0,1.0,0.5,0.6,16.0,12.0,15.0,4.0,9.0,4.0,0.0,0.0,0.0,0.0,0.12,2.42,0.0,3.12,0.15,1.47,3.12,0.0,0.12,0.0,0.27,0.73,0.72,0.89,0.4,0.4,0.52,0.86,0.0,1.0,0.67,0.29,2.0,17.0,0.0,7.0,2.0,5.0,0.0,5.0,2.0,13.0,0.0,4.0,0.0,5.0,0.0,0.0,3.0,30.0,2.0,5.0,7.0,8.0,4.0,15.0,8.0,7.0,1.0,1.0,,,0.0,1.0,4.0,0.0,0.82,0.67,27.0,24.0,18.0,2.0,6.0,2.0,1.0,0.0,1.0,0.0
0E6ima3c,EUROPE,2026/2027,EUROPE 3,Conference League,GfRbsVWM,EUROPE 3,05/08/2026,18:30,Semi-finals,Panathinaikos (Gre),SENMmweG,CSKA 1948 Sofia (Bul),fgaHZGUb,False,1,1,1,,,,,[21],[31],bet365,1.67,2.5,8.5,bet365,1.57,2.88,7.5,bet365,1.27,4.75,9.5,bet365,1.3,3.4,bet365,2.5,1.5,bet365,5.5,1.13,bet365,1.2,4.33,bet365,1.91,1.8,bet365,4.0,1.22,bet365,1.04,9.0,bet365,1.22,4.0,bet365,1.7,2.1,bet365,2.63,1.44,bet365,4.5,1.17,bet365,2.2,1.62,bet365,6.0,1.13,bet365,4.0,1.22,bet365,1.04,1.13,3.4,bet365,1.05,1.5,2.1,Sportingbet.br,1.07,1.32,2.35,bet365,1.07,7.5,Novibet,1.1,5.7,Betano.br,1.13,5.4,bet365,1.83,21.0,67.0,3.75,7.5,19.0,23.0,23.0,17.0,bet365,1.98,1.88,bet365,2.0,1.8,bet365,1.91,1.8,bet365,12.0,bet365,7.0,bet365,23.0,bet365,10.0,bet365,6.0,bet365,51.0,bet365,9.5,bet365,29.0,bet365,23.0,bet365,7.5,bet365,126.0,bet365,12.0,bet365,67.0,bet365,29.0,bet365,67.0,bet365,3.1,1.35,bet365,2.42,1.53,bet365,1.85,1.95,bet365,1.43,2.75,bet365,1.3,3.45,SeguroBet,1.03,9.3,,0.0,0.0,,0.0,0.0,,0.0,0.0,,0.0,0.0,bet365,5.5,5.5,0.0,bet365,3.0,4.0,51.0,bet365,1.8,3.75,26.0,bet365,1.04,13.0,3.4,bet365,1.01,29.0,1.91,bet365,0.0,0.0,1.33,0.94,1.24,1.07,1.2,1.35,0.38,1.2,1.07,0.2,0.07,0.69,0.31,0.89,0.72,0.59,0.33,0.84,0.57,1.0,0.0,0.15,0.38,14.0,19.0,5.0,2.0,3.0,10.0,6.0,7.0,8.0,11.0,6.0,8.0,1.0,2.0,0.0,1.0,32.0,20.0,8.0,7.0,11.0,9.0,21.0,15.0,9.0,11.0,1.0,1.0,,,2.0,0.0,1.0,4.0,0.83,0.61,40.0,50.0,13.0,37.0,7.0,9.0,1.0,1.0,0.0,0.0,0.42,0.59,0.52,0.59,0.73,0.15,0.59,0.52,-0.41,-0.48,0.68,0.32,0.91,0.74,0.61,0.4,0.85,0.54,1.0,0.0,0.14,0.44,5.0,10.0,2.0,1.0,1.0,6.0,2.0,3.0,2.0,5.0,3.0,5.0,1.0,1.0,0.0,0.0,13.0,10.0,4.0,4.0,6.0,2.0,14.0,10.0,2.0,6.0,,,,,2.0,0.0,0.0,1.0,0.75,0.67,19.0,23.0,8.0,15.0,6.0,4.0,1.0,0.0,0.0,0.0,0.52,0.65,0.55,0.61,0.62,0.23,0.61,0.55,0.61,0.55,0.69,0.31,0.88,0.7,0.55,0.26,0.82,0.6,0.0,0.0,0.15,0.29,9.0,9.0,3.0,1.0,2.0,4.0,4.0,4.0,6.0,6.0,3.0,3.0,0.0,1.0,0.0,1.0,19.0,10.0,4.0,3.0,5.0,7.0,7.0,5.0,7.0,5.0,1.0,1.0,,,0.0,0.0,1.0,3.0,1.0,0.56,21.0,27.0,5.0,22.0,1.0,5.0,0.0,1.0,0.0,0.0
A3OkJZ67,EUROPE,2026/2027,EUROPE 3,Conference League,GfRbsVWM,EUROPE 3,04/08/2026,16:00,Semi-finals,Auda (Lat),n9K4jY6A,Dinamo City (Alb),KdZNQkgm,False,1,0,1,,,,,[68],[],bet365,2.75,2.05,3.75,bet365,2.6,2.3,3.4,bet365,2.15,3.2,3.2,bet365,1.44,2.63,bet365,3.25,1.33,bet365,7.5,1.07,bet365,1.3,3.4,bet365,2.38,1.53,bet365,5.5,1.14,bet365,1.07,7.5,bet365,1.36,3.0,bet365,2.2,1.65,bet365,4.0,1.22,bet365,7.5,1.07,bet365,1.91,1.8,bet365,5.5,1.14,bet365,3.75,1.25,bet365,1.36,1.36,1.67,bet365,1.22,1.73,1.4,Betano.br,1.29,1.55,1.45,bet365,1.57,2.25,Lotogreen,1.6,2.2,Superbet.br,1.59,2.17,bet365,3.5,15.0,34.0,5.5,4.75,7.0,29.0,15.0,5.5,bet365,2.0,1.85,bet365,2.2,1.67,bet365,2.0,1.73,bet365,8.0,bet365,7.0,bet365,9.0,bet365,6.5,bet365,10.0,bet365,15.0,bet365,9.5,bet365,13.0,bet365,17.0,bet365,19.0,bet365,34.0,bet365,19.0,bet365,29.0,bet365,34.0,bet365,41.0,1xBet.br,11.5,1.03,1xBet.br,8.8,1.06,bet365,4.25,1.21,bet365,3.45,1.3,bet365,2.15,1.68,bet365,1.33,3.3,bet365,1.12,6.25,bet365,1.1,7.0,SeguroBet,1.02,10.3,SeguroBet,1.02,10.3,bet365,23.0,15.0,0.0,bet365,9.0,6.0,19.0,bet365,4.0,3.75,7.0,bet365,1.36,4.75,1.67,bet365,1.08,10.0,1.18,bet365,0.0,0.0,1.05,,,,,,,,,,,0.63,0.37,,,,,,,,,,,21.0,10.0,7.0,3.0,7.0,2.0,7.0,5.0,,,,,,,,,,,12.0,7.0,16.0,15.0,18.0,21.0,13.0,15.0,3.0,4.0,0.0,1.0,4.0,4.0,,,,,,,,,,,,,,,,,,,,,,,,,0.59,0.41,,,,,,,,,,,6.0,3.0,2.0,1.0,2.0,1.0,2.0,1.0,,,,,,,,,,,3.0,1.0,8.0,10.0,7.0,10.0,9.0,8.0,1.0,0.0,,,2.0,1.0,,,,,,,,,,,,,,,,,,,,,,,,,0.67,0.33,,,,,,,,,,,15.0,7.0,5.0,2.0,5.0,1.0,5.0,4.0,,,,,,,,,,,9.0,6.0,8.0,5.0,11.0,11.0,4.0,7.0,2.0,4.0,0.0,1.0,2.0,3.0,,,,,,,,,,,,,,
OfprKuID,EUROPE,2026/2027,EUROPE 3,Conference League,GfRbsVWM,EUROPE 3,06/08/2026,16:00,Semi-finals,Noah (Arm),IeATrtcs,Sion (Sui),KbwIFIoN,False,2,2,1,,,,,"[5, 20]","[13, 57]",bet365,3.4,2.1,3.0,bet365,3.1,2.38,2.75,bet365,2.9,3.0,2.35,bet365,1.4,2.75,bet365,3.0,1.36,bet365,7.0,1.08,bet365,1.25,3.75,bet365,2.2,1.62,bet365,5.0,1.17,bet365,1.07,7.5,bet365,1.33,3.25,bet365,2.05,1.75,bet365,3.5,1.29,bet365,7.0,1.08,bet365,1.8,1.91,bet365,5.0,1.17,bet365,3.5,1.29,bet365,1.5,1.3,1.3,bet365,1.36,1.67,1.3,Sportingbet.br,1.41,1.51,1.33,bet365,2.1,1.67,Betano.br,1.95,1.75,Betano.br,1.98,1.78,bet365,4.5,13.0,29.0,6.5,5.0,5.5,34.0,15.0,3.75,bet365,2.03,1.83,bet365,2.1,1.73,bet365,2.0,1.73,bet365,8.5,bet365,9.5,bet365,8.0,bet365,6.0,bet365,15.0,bet365,11.0,bet365,12.0,bet365,10.0,bet365,15.0,bet365,29.0,bet365,23.0,bet365,23.0,bet365,21.0,bet365,34.0,bet365,29.0,Superbet.br,11.0,1.03,1xBet.br,9.7,1.01,bet365,5.9,1.13,bet365,5.0,1.17,bet365,2.75,1.43,bet365,1.53,2.42,bet365,1.23,4.1,bet365,1.17,5.0,1xBet.br,1.02,9.1,Superbet.br,1.03,10.0,bet365,29.0,17.0,26.0,bet365,13.0,8.5,10.0,bet365,6.0,4.5,4.5,bet365,1.5,4.0,1.3,bet365,1.14,7.0,1.09,bet365,1.05,15.0,1.04,1.53,1.84,1.85,1.6,1.14,1.25,1.6,1.85,-0.4,-0.15,0.53,0.47,0.83,0.81,0.53,0.29,0.67,0.64,0.0,1.0,0.28,0.46,11.0,15.0,4.0,6.0,5.0,4.0,2.0,5.0,6.0,12.0,5.0,3.0,3.0,2.0,0.0,0.0,16.0,30.0,1.0,2.0,10.0,16.0,20.0,22.0,16.0,10.0,0.0,2.0,1.0,1.0,2.0,0.0,4.0,2.0,0.56,0.62,35.0,35.0,20.0,19.0,5.0,4.0,0.0,0.0,0.0,0.0,1.17,0.99,1.85,0.8,0.44,0.65,0.8,1.85,-0.2,-0.15,0.52,0.48,0.83,0.79,0.52,0.24,0.66,0.53,0.0,0.0,0.33,0.38,6.0,3.0,4.0,1.0,1.0,0.0,1.0,2.0,2.0,2.0,4.0,1.0,2.0,1.0,0.0,0.0,8.0,10.0,0.0,0.0,7.0,5.0,8.0,15.0,5.0,7.0,0.0,2.0,0.0,1.0,1.0,0.0,0.0,2.0,0.5,0.73,20.0,19.0,16.0,8.0,2.0,2.0,0.0,0.0,0.0,0.0,0.36,0.85,0.0,0.8,0.7,0.6,0.8,0.0,-0.2,0.0,0.55,0.45,0.84,0.82,0.54,0.33,0.67,0.73,0.0,1.0,0.25,0.6,5.0,12.0,0.0,5.0,4.0,4.0,1.0,3.0,4.0,10.0,1.0,2.0,1.0,1.0,0.0,0.0,8.0,20.0,1.0,2.0,3.0,11.0,12.0,7.0,11.0,3.0,,,1.0,0.0,1.0,0.0,4.0,0.0,0.6,0.0,15.0,16.0,4.0,11.0,3.0,2.0,0.0,0.0,0.0,0.0
f9PtC515,EUROPE,2026/2027,EUROPE 3,Conference League,GfRbsVWM,EUROPE 3,30/07/2026,19:00,Quarter-finals,Hibernian (Sco),f5Fnxcx4,Malisheva (Kos),jR3PSENN,False,4,1,2,0.0,2.0,4.0,3.0,"[9, 15, 35, 57]",[84],bet365,7.0,2.75,1.67,bet365,6.5,3.1,1.57,bet365,8.5,5.25,1.29,bet365,1.22,4.0,bet365,2.1,1.67,bet365,4.33,1.2,bet365,1.14,5.5,bet365,1.67,2.1,bet365,3.25,1.33,bet365,1.02,11.0,bet365,1.13,5.5,bet365,1.44,2.63,bet365,2.0,1.73,bet365,3.5,1.29,bet365,1.8,1.91,bet365,4.33,1.2,bet365,3.4,1.3,bet365,3.5,1.14,1.05,bet365,2.1,1.4,1.08,Sportingbet.br,2.37,1.28,1.09,bet365,6.5,1.1,BrasilBet,4.75,1.15,Betano.br,4.7,1.15,bet365,1.8,21.0,51.0,4.0,9.0,17.0,19.0,21.0,15.0,bet365,2.03,1.83,bet365,2.0,1.8,bet365,1.91,1.8,bet365,19.0,bet365,9.5,bet365,26.0,bet365,11.0,bet365,7.0,bet365,41.0,bet365,9.5,bet365,26.0,bet365,19.0,bet365,9.0,bet365,101.0,bet365,10.0,bet365,51.0,bet365,23.0,bet365,51.0,,0.0,0.0,,0.0,0.0,,0.0,0.0,,0.0,0.0,Superbet.br,7.1,1.07,bet365,3.45,1.3,bet365,2.85,1.4,bet365,2.05,1.75,bet365,1.6,2.3,bet365,1.4,2.85,bet365,0.0,5.5,5.0,bet365,0.0,3.75,2.88,bet365,21.0,4.33,1.73,bet365,3.5,12.0,1.05,bet365,1.95,0.0,0.0,bet365,1.36,0.0,0.0,,,,,,,,,,,0.5,0.5,,,,,,,,,,,22.0,4.0,10.0,1.0,9.0,3.0,3.0,0.0,,,,,,,,,,,7.0,0.0,16.0,21.0,23.0,21.0,18.0,11.0,3.0,2.0,,,3.0,4.0,,,,,,,,,,,,,,,,,,,,,,,,,0.58,0.42,,,,,,,,,,,12.0,3.0,4.0,0.0,6.0,3.0,2.0,0.0,,,,,,,,,,,4.0,0.0,7.0,11.0,12.0,9.0,10.0,4.0,2.0,0.0,,,1.0,3.0,,,,,,,,,,,,,,,,,,,,,,,,,0.42,0.58,,,,,,,,,,,10.0,1.0,6.0,1.0,3.0,0.0,1.0,0.0,,,,,,,,,,,3.0,0.0,9.0,10.0,11.0,12.0,8.0,7.0,1.0,2.0,,,2.0,1.0,,,,,,,,,,,,,,
4jNZq8zp,EUROPE,2026/2027,EUROPE 3,Conference League,GfRbsVWM,EUROPE 3,06/08/2026,16:00,Semi-finals,Jablonec (Cze),CM8ySpMH,RFS (Lat),Midjg0YH,False,2,0,1,,,,,"[18, 53]",[],bet365,2.38,2.05,5.0,bet365,2.2,2.38,4.33,bet365,1.75,3.3,4.5,bet365,1.44,2.63,bet365,3.25,1.33,bet365,7.5,1.07,bet365,1.3,3.4,bet365,2.38,1.53,bet365,5.5,1.14,bet365,1.08,7.0,bet365,1.44,2.63,bet365,2.3,1.6,bet365,4.33,1.2,bet365,8.0,1.06,bet365,2.1,1.67,bet365,5.5,1.14,bet365,4.0,1.22,bet365,1.13,1.25,1.91,bet365,1.14,1.73,1.53,SeguroBet,1.17,1.48,1.66,bet365,1.3,3.4,BR4Bet,1.33,3.0,Betano.br,1.38,2.9,bet365,2.75,17.0,41.0,4.5,5.0,9.0,29.0,17.0,7.5,bet365,2.0,1.85,bet365,2.2,1.67,bet365,2.0,1.73,bet365,8.0,bet365,6.0,bet365,11.0,bet365,6.5,bet365,7.5,bet365,21.0,bet365,9.0,bet365,17.0,bet365,19.0,bet365,13.0,bet365,51.0,bet365,17.0,bet365,41.0,bet365,34.0,bet365,51.0,bet365,7.0,1.1,bet365,6.0,1.13,bet365,3.3,1.33,bet365,2.42,1.53,bet365,1.78,2.03,bet365,1.2,4.4,Betboom.br,1.02,8.8,Superbet.br,1.03,10.0,,0.0,0.0,,0.0,0.0,bet365,17.0,10.0,0.0,bet365,6.5,5.0,29.0,bet365,3.1,3.5,10.0,bet365,1.13,6.0,1.91,bet365,1.04,15.0,1.3,bet365,0.0,0.0,1.09,,,,,,,,,,,0.46,0.54,,,,,,,,,,,8.0,6.0,5.0,1.0,2.0,4.0,1.0,1.0,,,,,,,,,,,2.0,6.0,15.0,12.0,25.0,21.0,10.0,14.0,,,,,3.0,2.0,,,,,,,,,,,,,,,,,,,,,,,,,0.46,0.54,,,,,,,,,,,2.0,3.0,2.0,1.0,0.0,1.0,0.0,1.0,,,,,,,,,,,1.0,3.0,7.0,7.0,19.0,11.0,5.0,7.0,,,,,2.0,0.0,,,,,,,,,,,,,,,,,,,,,,,,,0.46,0.54,,,,,,,,,,,6.0,3.0,3.0,0.0,2.0,3.0,1.0,0.0,,,,,,,,,,,1.0,3.0,8.0,5.0,6.0,10.0,5.0,7.0,,,,,1.0,2.0,,,,,,,,,,,,,,
Eg2dqqtn,EUROPE,2026/2027,EUROPE 3,Conference League,GfRbsVWM,EUROPE 3,30/07/2026,19:00,Quarter-finals,Braga (Por),dpUer7ht,Zeleznicar Pancevo (Srb),jmmBWFML,False,4,0,2,1.0,0.0,5.0,0.0,"[27, 44, 62, 63, 85]",[],bet365,13.0,2.88,1.44,bet365,12.0,3.4,1.36,bet365,15.0,6.5,1.17,bet365,1.25,3.75,bet365,2.2,1.62,bet365,4.5,1.17,bet365,1.17,5.0,bet365,1.73,2.0,bet365,3.4,1.3,bet365,1.02,10.5,bet365,1.17,4.5,bet365,1.53,2.38,bet365,2.25,1.57,bet365,4.0,1.22,bet365,2.63,1.44,bet365,7.0,1.1,bet365,5.0,1.17,bet365,4.5,1.1,1.01,bet365,2.63,1.4,1.01,1xBet.br,2.88,1.19,1.01,bet365,9.0,1.04,BrasilBet,9.0,1.04,Betano.br,7.3,1.07,bet365,1.53,29.0,67.0,3.75,10.0,26.0,23.0,29.0,29.0,bet365,1.98,1.88,bet365,2.0,1.8,bet365,1.91,1.8,bet365,15.0,bet365,8.0,bet365,29.0,bet365,13.0,bet365,6.0,bet365,81.0,bet365,12.0,bet365,41.0,bet365,34.0,bet365,6.0,bet365,151.0,bet365,13.0,bet365,126.0,bet365,41.0,bet365,101.0,,0.0,0.0,,0.0,0.0,,0.0,0.0,,0.0,0.0,Superbet.br,12.0,1.02,bet365,4.65,1.18,bet365,3.9,1.24,bet365,2.42,1.53,bet365,2.0,1.8,bet365,1.6,2.3,bet365,0.0,4.75,3.6,bet365,0.0,4.0,2.2,bet365,41.0,4.5,1.5,bet365,4.5,17.0,1.01,bet365,2.5,0.0,0.0,bet365,1.62,0.0,0.0,,,,,,,,,,,0.5,0.5,,,,,,,,,,,12.0,4.0,8.0,1.0,3.0,1.0,1.0,2.0,,,,,,,,,,,2.0,4.0,22.0,12.0,15.0,17.0,11.0,26.0,1.0,7.0,,,1.0,1.0,,,,,,,,,,,,,,,,,,,,,,,,,0.51,0.49,,,,,,,,,,,7.0,1.0,4.0,1.0,2.0,0.0,1.0,0.0,,,,,,,,,,,2.0,1.0,11.0,4.0,6.0,11.0,4.0,13.0,0.0,5.0,,,0.0,0.0,,,,,,,,,,,,,,,,,,,,,,,,,0.49,0.51,,,,,,,,,,,5.0,3.0,4.0,0.0,1.0,1.0,0.0,2.0,,,,,,,,,,,0.0,3.0,11.0,8.0,9.0,6.0,7.0,13.0,1.0,2.0,,,1.0,1.0,,,,,,,,,,,,,,
8xTiGpCa,EUROPE,2026/2027,EUROPE 3,Conference League,GfRbsVWM,EUROPE 3,30/07/2026,18:45,Quarter-finals,Coleraine (Nir),2B9zTTrh,HJK (Fin),nmjJVR7B,False,0,3,2,0.0,5.0,0.0,8.0,[],"[12, 34, 53]",,0.0,0.0,0.0,,0.0,0.0,0.0,,0.0,0.0,0.0,,0.0,0.0,,0.0,0.0,,0.0,0.0,,0.0,0.0,,0.0,0.0,,0.0,0.0,,0.0,0.0,,0.0,0.0,,0.0,0.0,,0.0,0.0,,0.0,0.0,,0.0,0.0,,0.0,0.0,,0.0,0.0,,0.0,0.0,0.0,,0.0,0.0,0.0,,0.0,0.0,0.0,,0.0,0.0,,0.0,0.0,,0.0,0.0,,0.0,0.0,0.0,0.0,0.0,0.0,0.0,0.0,0.0,,0.0,0.0,,0.0,0.0,,0.0,0.0,,0.0,,0.0,,0.0,,0.0,,0.0,,0.0,,0.0,,0.0,,0.0,,0.0,,0.0,,0.0,,0.0,,0.0,,0.0,,0.0,0.0,,0.0,0.0,,0.0,0.0,,0.0,0.0,,0.0,0.0,,0.0,0.0,,0.0,0.0,,0.0,0.0,,0.0,0.0,,0.0,0.0,,0.0,0.0,0.0,,0.0,0.0,0.0,,0.0,0.0,0.0,,0.0,0.0,0.0,,0.0,0.0,0.0,,0.0,0.0,0.0,,,,,,,,,,,0.43,0.57,,,,,,,,,,,8.0,7.0,2.0,5.0,6.0,1.0,0.0,1.0,,,,,,,,,,,1.0,4.0,14.0,11.0,17.0,14.0,10.0,13.0,1.0,0.0,,,0.0,1.0,,,,,,,,,,,,,,,,,,,,,,,,,0.48,0.52,,,,,,,,,,,6.0,3.0,1.0,2.0,5.0,1.0,0.0,0.0,,,,,,,,,,,1.0,2.0,7.0,4.0,8.0,5.0,4.0,6.0,,,,,0.0,1.0,,,,,,,,,,,,,,,,,,,,,,,,,0.38,0.62,,,,,,,,,,,2.0,4.0,1.0,3.0,1.0,0.0,0.0,1.0,,,,,,,,,,,0.0,2.0,7.0,7.0,9.0,9.0,6.0,7.0,1.0,0.0,,,0.0,0.0,,,,,,,,,,,,,,
UBDsWzAC,EUROPE,2026/2027,EUROPE 3,Conference League,GfRbsVWM,EUROPE 3,30/07/2026,18:45,Quarter-finals,Koper (Slo),vP5HUcK5,NSI Runavik (Fai),UaOluym1,False,1,4,2,2.0,-1.0,3.0,3.0,"[1, 2, 3, 4, 5, 6, 25, 102]","[1, 2, 3, 4, 5, 6, 35, 70, 120]",bet365,6.5,2.6,1.8,bet365,6.0,3.0,1.67,bet365,7.0,4.75,1.36,bet365,1.25,3.75,bet365,2.2,1.62,bet365,4.5,1.17,bet365,1.17,5.0,bet365,1.73,2.0,bet365,3.4,1.3,bet365,1.0,17.0,bet365,1.17,4.5,bet365,1.53,2.38,bet365,2.25,1.57,bet365,4.0,1.22,bet365,1.8,1.91,bet365,4.33,1.2,bet365,3.4,1.3,bet365,3.0,1.17,1.08,bet365,1.91,1.5,1.1,Sportingbet.br,2.15,1.32,1.12,bet365,5.5,1.13,Estrelabet,4.5,1.15,Superbet.br,4.1,1.18,bet365,1.95,19.0,51.0,4.33,8.0,15.0,21.0,21.0,12.0,bet365,1.98,1.88,bet365,2.0,1.8,bet365,1.91,1.8,bet365,17.0,bet365,8.5,bet365,23.0,bet365,9.5,bet365,7.5,bet365,41.0,bet365,9.0,bet365,23.0,bet365,19.0,bet365,9.5,bet365,81.0,bet365,11.0,bet365,41.0,bet365,23.0,bet365,51.0,,0.0,0.0,,0.0,0.0,SeguroBet,10.3,1.02,SeguroBet,10.0,1.02,bet365,7.0,1.1,bet365,3.0,1.38,bet365,2.38,1.55,bet365,1.8,2.0,bet365,1.45,2.68,bet365,1.33,3.3,bet365,0.0,5.5,6.0,bet365,41.0,4.33,3.2,bet365,17.0,3.75,1.95,bet365,3.0,10.0,1.08,bet365,1.73,21.0,1.02,bet365,1.3,0.0,0.0,,,,,,,,,,,0.63,0.37,,,,,,,,,,,33.0,12.0,12.0,7.0,13.0,1.0,8.0,4.0,,,,,,,,,,,7.0,8.0,17.0,24.0,32.0,26.0,21.0,19.0,6.0,5.0,,,3.0,2.0,,,,,,,,,,,,,,,,,,,,,,,,,0.66,0.34,,,,,,,,,,,8.0,3.0,4.0,1.0,2.0,0.0,2.0,2.0,,,,,,,,,,,3.0,3.0,6.0,6.0,9.0,11.0,5.0,7.0,1.0,0.0,,,0.0,1.0,,,,,,,,,,,,,,,,,,,,,,,,,0.62,0.38,,,,,,,,,,,11.0,6.0,3.0,4.0,5.0,1.0,3.0,1.0,,,,,,,,,,,2.0,4.0,5.0,11.0,16.0,8.0,9.0,5.0,4.0,0.0,,,2.0,0.0,,,,,,,,,,,,,,
jPAPT2Yq,EUROPE,2026/2027,EUROPE 3,Conference League,GfRbsVWM,EUROPE 3,30/07/2026,18:30,Quarter-finals,GKS Katowice (Pol),K4AgRmS1,Zilina (Svk),8tSMqaer,False,3,1,2,1.0,2.0,4.0,3.0,"[48, 79, 82]",[57],bet365,5.0,2.38,2.05,bet365,4.5,2.75,1.91,bet365,5.0,4.1,1.55,bet365,1.3,3.4,bet365,2.5,1.5,bet365,5.5,1.13,bet365,1.18,4.5,bet365,1.83,1.83,bet365,3.75,1.25,bet365,1.01,15.0,bet365,1.22,4.0,bet365,1.67,2.15,bet365,2.63,1.44,bet365,4.5,1.17,bet365,1.73,2.0,bet365,4.33,1.2,bet365,3.4,1.3,bet365,2.38,1.22,1.14,bet365,1.73,1.53,1.14,Betano.br,1.8,1.4,1.19,bet365,4.0,1.22,Goldebet,3.33,1.28,Superbet.br,3.1,1.31,bet365,2.38,17.0,41.0,4.33,7.0,11.0,21.0,17.0,8.0,bet365,1.9,1.95,bet365,2.0,1.8,bet365,1.91,1.8,bet365,15.0,bet365,7.5,bet365,17.0,bet365,8.0,bet365,8.5,bet365,29.0,bet365,8.0,bet365,17.0,bet365,17.0,bet365,12.0,bet365,51.0,bet365,13.0,bet365,41.0,bet365,21.0,bet365,41.0,,0.0,0.0,,0.0,0.0,Superbet.br,10.0,1.03,1xBet.br,9.6,1.01,bet365,5.0,1.17,bet365,2.38,1.55,bet365,1.8,2.0,bet365,1.48,2.6,bet365,1.23,4.1,bet365,1.18,4.8,bet365,0.0,7.5,9.5,bet365,29.0,4.75,4.75,bet365,11.0,3.4,2.6,bet365,2.38,7.0,1.14,bet365,1.44,15.0,1.04,bet365,1.14,0.0,0.0,,,,,,,,,,,0.58,0.42,,,,,,,,,,,22.0,10.0,7.0,4.0,12.0,4.0,3.0,2.0,,,,,,,,,,,6.0,3.0,14.0,15.0,10.0,19.0,11.0,14.0,2.0,2.0,,,3.0,1.0,,,,,,,,,,,,,,,,,,,,,,,,,0.59,0.41,,,,,,,,,,,12.0,6.0,3.0,2.0,6.0,4.0,3.0,0.0,,,,,,,,,,,5.0,1.0,5.0,8.0,4.0,8.0,7.0,5.0,1.0,1.0,,,1.0,0.0,,,,,,,,,,,,,,,,,,,,,,,,,0.57,0.43,,,,,,,,,,,10.0,4.0,4.0,2.0,6.0,0.0,0.0,2.0,,,,,,,,,,,1.0,2.0,9.0,7.0,6.0,11.0,4.0,9.0,1.0,1.0,,,2.0,1.0,,,,,,,,,,,,,,
vij2DnmI,EUROPE,2026/2027,EUROPE 3,Conference League,GfRbsVWM,EUROPE 3,30/07/2026,18:30,Quarter-finals,CFR Cluj (Rou),4KfIhq7B,Alashkert (Arm),lpzQXDLF,False,3,0,2,1.0,1.0,4.0,1.0,"[3, 45, 77]",[],bet365,5.0,2.25,2.1,bet365,4.75,2.6,1.95,bet365,4.75,3.8,1.62,bet365,1.36,3.0,bet365,2.75,1.4,bet365,6.5,1.1,bet365,1.22,4.0,bet365,2.1,1.67,bet365,4.5,1.18,bet365,1.05,8.5,bet365,1.25,3.75,bet365,1.85,1.95,bet365,3.25,1.33,bet365,5.5,1.13,bet365,1.91,1.8,bet365,5.0,1.17,bet365,3.75,1.25,bet365,2.2,1.25,1.17,bet365,1.67,1.57,1.14,Betano.br,1.78,1.42,1.19,bet365,3.75,1.25,BrasilBet,3.4,1.29,Betano.br,3.2,1.32,bet365,2.4,17.0,41.0,4.5,5.5,11.0,23.0,17.0,8.5,bet365,1.95,1.9,bet365,2.1,1.73,bet365,1.91,1.8,bet365,11.0,bet365,7.0,bet365,13.0,bet365,7.5,bet365,7.5,bet365,26.0,bet365,9.0,bet365,17.0,bet365,17.0,bet365,12.0,bet365,51.0,bet365,15.0,bet365,41.0,bet365,29.0,bet365,41.0,,0.0,0.0,,0.0,0.0,1xBet.br,10.0,1.01,1xBet.br,9.2,1.02,bet365,5.0,1.17,bet365,2.3,1.6,bet365,1.8,2.0,bet365,1.5,2.5,bet365,1.23,4.0,bet365,1.18,4.8,bet365,0.0,7.5,11.0,bet365,29.0,4.75,5.0,bet365,11.0,3.6,2.63,bet365,2.2,6.5,1.17,bet365,1.44,15.0,1.04,bet365,1.13,0.0,0.0,,,,,,,,,,,0.57,0.43,,,,,,,,,,,22.0,9.0,6.0,1.0,12.0,4.0,4.0,4.0,,,,,,,,,,,13.0,5.0,10.0,12.0,15.0,22.0,13.0,9.0,1.0,1.0,0.0,1.0,0.0,2.0,,,,,,,,,,,,,,,,,,,,,,,,,0.54,0.46,,,,,,,,,,,9.0,6.0,2.0,1.0,5.0,2.0,2.0,3.0,,,,,,,,,,,8.0,1.0,3.0,8.0,6.0,9.0,9.0,3.0,,,0.0,1.0,0.0,0.0,,,,,,,,,,,,,,,,,,,,,,,,,0.6,0.4,,,,,,,,,,,13.0,3.0,4.0,0.0,7.0,2.0,2.0,1.0,,,,,,,,,,,5.0,4.0,7.0,4.0,9.0,13.0,4.0,6.0,1.0,1.0,,,0.0,2.0,,,,,,,,,,,,,,
2LiP6p0m,EUROPE,2026/2027,EUROPE 3,Conference League,GfRbsVWM,EUROPE 3,06/08/2026,16:00,Semi-finals,HJK (Fin),nmjJVR7B,Motherwell (Sco),YuW7ZfMM,False,1,1,1,,,,,[71],[64],bet365,2.63,2.25,3.6,bet365,2.3,2.6,3.4,bet365,2.05,3.5,3.1,bet365,1.33,3.25,bet365,2.63,1.44,bet365,6.0,1.11,bet365,1.2,4.33,bet365,1.91,1.8,bet365,4.0,1.22,bet365,1.01,12.0,bet365,1.25,3.75,bet365,1.8,2.0,bet365,2.75,1.4,bet365,5.0,1.14,bet365,1.67,2.1,bet365,4.33,1.2,bet365,3.25,1.33,bet365,1.29,1.22,1.62,bet365,1.29,1.57,1.5,SeguroBet,1.28,1.44,1.53,bet365,1.53,2.38,Goldebet,1.55,2.28,Betano.br,1.65,2.15,bet365,3.2,15.0,34.0,5.5,6.0,7.5,23.0,15.0,5.0,bet365,1.98,1.88,bet365,2.1,1.73,bet365,1.91,1.8,bet365,12.0,bet365,9.0,bet365,12.0,bet365,7.0,bet365,11.0,bet365,19.0,bet365,9.0,bet365,12.0,bet365,13.0,bet365,19.0,bet365,34.0,bet365,15.0,bet365,26.0,bet365,23.0,bet365,29.0,bet365,7.0,1.1,bet365,6.8,1.11,bet365,3.7,1.26,bet365,3.0,1.38,bet365,2.05,1.75,bet365,1.35,3.1,bet365,1.14,5.75,bet365,1.11,6.6,SeguroBet,1.02,10.0,SeguroBet,1.02,10.3,bet365,19.0,12.0,23.0,bet365,7.5,6.0,15.0,bet365,3.75,4.0,6.0,bet365,1.29,5.0,1.62,bet365,1.1,9.5,1.22,bet365,1.05,15.0,1.07,,,,,,,,,,,0.52,0.48,,,,,,,,,,,6.0,5.0,5.0,2.0,1.0,1.0,0.0,2.0,,,,,,,,,,,5.0,3.0,11.0,12.0,11.0,23.0,14.0,11.0,2.0,3.0,,,1.0,0.0,,,,,,,,,,,,,,,,,,,,,,,,,0.53,0.47,,,,,,,,,,,4.0,0.0,4.0,0.0,0.0,0.0,0.0,0.0,,,,,,,,,,,3.0,1.0,4.0,7.0,6.0,11.0,6.0,4.0,0.0,1.0,,,1.0,0.0,,,,,,,,,,,,,,,,,,,,,,,,,0.51,0.49,,,,,,,,,,,2.0,5.0,1.0,2.0,1.0,1.0,0.0,2.0,,,,,,,,,,,2.0,2.0,7.0,5.0,5.0,12.0,8.0,7.0,2.0,2.0,,,0.0,0.0,,,,,,,,,,,,,,
KEiV7s84,EUROPE,2026/2027,EUROPE 3,Conference League,GfRbsVWM,EUROPE 3,30/07/2026,18:30,Quarter-finals,Zrinjski (Bih),0C6tPiIc,Valur (Ice),GdxJccH5,False,2,2,2,0.0,1.0,2.0,3.0,"[11, 75, 88]","[44, 45]",bet365,10.0,2.75,1.53,bet365,8.5,3.25,1.44,bet365,12.0,6.25,1.17,bet365,1.25,3.75,bet365,2.1,1.67,bet365,4.5,1.17,bet365,1.14,5.5,bet365,1.73,2.0,bet365,3.25,1.33,bet365,1.02,11.0,bet365,1.14,5.0,bet365,1.5,2.5,bet365,2.2,1.62,bet365,3.75,1.25,bet365,2.1,1.67,bet365,5.5,1.14,bet365,4.0,1.22,bet365,4.0,1.08,1.01,bet365,2.38,1.4,1.03,Sportingbet.br,2.55,1.27,1.07,bet365,8.5,1.05,Novibet,5.9,1.09,Superbet.br,5.9,1.09,bet365,1.62,23.0,67.0,3.75,10.0,23.0,21.0,26.0,21.0,bet365,1.88,1.98,bet365,2.0,1.8,bet365,1.91,1.8,bet365,17.0,bet365,7.5,bet365,29.0,bet365,13.0,bet365,6.5,bet365,51.0,bet365,9.5,bet365,34.0,bet365,26.0,bet365,7.5,bet365,151.0,bet365,12.0,bet365,81.0,bet365,29.0,bet365,67.0,,0.0,0.0,,0.0,0.0,,0.0,0.0,,0.0,0.0,bet365,6.8,1.11,bet365,4.5,1.19,bet365,3.55,1.27,bet365,2.25,1.63,bet365,1.78,2.03,bet365,1.53,2.42,bet365,0.0,5.0,4.0,bet365,67.0,4.0,2.4,bet365,29.0,3.75,1.62,bet365,4.0,15.0,1.01,bet365,2.2,34.0,1.01,bet365,1.5,0.0,0.0,,,,,,,,,,,0.67,0.33,,,,,,,,,,,32.0,4.0,12.0,3.0,11.0,0.0,9.0,1.0,,,,,,,,,,,8.0,1.0,7.0,14.0,35.0,18.0,12.0,10.0,1.0,1.0,,,3.0,0.0,,,,,,,,,,,,,,,,,,,,,,,,,0.64,0.36,,,,,,,,,,,9.0,3.0,5.0,2.0,3.0,0.0,1.0,1.0,,,,,,,,,,,2.0,0.0,1.0,9.0,19.0,8.0,7.0,2.0,,,,,3.0,0.0,,,,,,,,,,,,,,,,,,,,,,,,,0.7,0.3,,,,,,,,,,,23.0,1.0,7.0,1.0,8.0,0.0,8.0,0.0,,,,,,,,,,,6.0,1.0,6.0,5.0,16.0,10.0,5.0,8.0,1.0,1.0,,,0.0,0.0,,,,,,,,,,,,,,
tSbHH28r,EUROPE,2026/2027,EUROPE 3,Conference League,GfRbsVWM,EUROPE 3,30/07/2026,18:15,Quarter-finals,UNA Strassen (Lux),jB6Sq2yc,Partizan (Srb),8OLvlKz0,False,0,1,2,0.0,4.0,0.0,5.0,[],[48],bet365,2.3,2.25,4.33,bet365,2.1,2.6,3.75,bet365,1.8,3.7,3.8,bet365,1.33,3.25,bet365,2.63,1.44,bet365,6.0,1.11,bet365,1.2,4.33,bet365,1.91,1.8,bet365,4.0,1.22,bet365,1.04,9.0,bet365,1.25,3.75,bet365,1.8,2.0,bet365,2.75,1.4,bet365,5.0,1.14,bet365,1.73,2.0,bet365,4.33,1.2,bet365,3.25,1.33,bet365,1.25,1.29,1.91,bet365,1.2,1.57,1.57,Sportingbet.br,1.19,1.43,1.7,bet365,1.36,3.0,BrasilBet,1.42,2.63,Betano.br,1.42,2.67,bet365,6.5,15.0,23.0,9.0,6.0,5.0,34.0,15.0,2.75,bet365,1.98,1.88,bet365,2.1,1.73,bet365,1.91,1.8,bet365,12.0,bet365,13.0,bet365,8.0,bet365,7.5,bet365,21.0,bet365,9.0,bet365,13.0,bet365,9.0,bet365,15.0,bet365,41.0,bet365,15.0,bet365,29.0,bet365,15.0,bet365,34.0,bet365,23.0,bet365,6.4,1.12,bet365,5.5,1.15,bet365,3.1,1.35,bet365,2.42,1.53,bet365,1.83,1.98,bet365,1.26,3.7,bet365,1.11,6.8,1xBet.br,1.05,10.5,,0.0,0.0,,0.0,0.0,bet365,12.0,0.0,0.0,bet365,6.0,13.0,21.0,bet365,3.0,5.5,8.0,bet365,1.25,3.75,1.91,bet365,1.06,5.0,1.33,bet365,0.0,8.5,1.09,,,,,,,,,,,0.55,0.45,,,,,,,,,,,5.0,4.0,1.0,2.0,3.0,1.0,1.0,1.0,,,,,,,,,,,6.0,4.0,16.0,18.0,20.0,13.0,12.0,12.0,2.0,0.0,,,5.0,0.0,,,,,,,,,,,,,,,,,,,,,,,,,0.51,0.49,,,,,,,,,,,2.0,0.0,0.0,0.0,1.0,0.0,1.0,0.0,,,,,,,,,,,1.0,2.0,6.0,9.0,11.0,8.0,5.0,5.0,,,,,4.0,0.0,,,,,,,,,,,,,,,,,,,,,,,,,0.59,0.41,,,,,,,,,,,3.0,4.0,1.0,2.0,2.0,1.0,0.0,1.0,,,,,,,,,,,5.0,2.0,10.0,9.0,9.0,5.0,7.0,7.0,2.0,0.0,,,1.0,0.0,,,,,,,,,,,,,,
U9tEMoRG,EUROPE,2026/2027,EUROPE 3,Conference League,GfRbsVWM,EUROPE 3,30/07/2026,18:00,Quarter-finals,Ajax (Ned),8UOvIwnb,Vojvodina (Srb),8pVJab5C,False,4,1,2,4.0,1.0,8.0,2.0,"[44, 53, 58, 71]",[40],bet365,10.0,3.2,1.44,bet365,9.0,3.75,1.36,bet365,12.0,7.5,1.14,bet365,1.17,4.5,bet365,1.83,1.83,bet365,3.5,1.29,bet365,1.1,7.0,bet365,1.5,2.5,bet365,2.63,1.44,bet365,1.01,15.0,bet365,1.08,7.0,bet365,1.3,3.4,bet365,1.73,2.0,bet365,2.63,1.44,bet365,1.91,1.8,bet365,4.5,1.18,bet365,3.4,1.3,bet365,5.0,1.07,1.01,bet365,2.63,1.36,1.03,Sportingbet.br,3.1,1.2,1.05,bet365,9.0,1.04,BrasilBet,7.0,1.07,Betano.br,6.8,1.08,bet365,1.5,26.0,51.0,4.33,13.0,26.0,19.0,29.0,23.0,bet365,1.93,1.93,bet365,2.0,1.8,bet365,1.83,1.83,bet365,26.0,bet365,12.0,bet365,41.0,bet365,15.0,bet365,8.0,bet365,67.0,bet365,11.0,bet365,34.0,bet365,26.0,bet365,7.5,bet365,151.0,bet365,11.0,bet365,81.0,bet365,26.0,bet365,51.0,,0.0,0.0,,0.0,0.0,,0.0,0.0,,0.0,0.0,SeguroBet,9.5,1.03,bet365,5.25,1.16,bet365,4.25,1.21,bet365,2.68,1.45,bet365,2.2,1.65,bet365,1.75,2.05,bet365,0.0,4.75,3.2,bet365,0.0,4.33,2.0,bet365,29.0,4.75,1.4,bet365,5.0,17.0,1.01,bet365,2.63,0.0,0.0,bet365,1.73,0.0,0.0,3.66,0.24,4.99,0.54,2.35,0.22,0.54,4.99,-0.46,0.99,0.71,0.29,0.9,0.75,0.46,0.33,0.85,0.44,0.0,0.0,0.41,0.4,27.0,4.0,11.0,2.0,10.0,1.0,6.0,1.0,22.0,3.0,5.0,1.0,5.0,1.0,1.0,0.0,55.0,3.0,8.0,2.0,17.0,9.0,25.0,6.0,9.0,17.0,0.0,2.0,,,1.0,0.0,1.0,7.0,0.56,0.5,36.0,38.0,6.0,27.0,9.0,7.0,0.0,0.0,0.0,0.0,2.24,0.2,1.79,0.51,1.68,0.14,0.51,1.79,-0.49,0.79,0.73,0.27,0.91,0.78,0.53,0.29,0.85,0.46,0.0,0.0,0.42,0.6,14.0,3.0,5.0,1.0,4.0,1.0,5.0,1.0,10.0,2.0,4.0,1.0,3.0,1.0,1.0,0.0,30.0,2.0,6.0,1.0,7.0,6.0,12.0,3.0,6.0,7.0,,,,,0.0,0.0,0.0,4.0,0.67,0.33,14.0,20.0,1.0,15.0,3.0,3.0,0.0,0.0,0.0,0.0,1.42,0.04,3.2,0.03,0.67,0.08,0.03,3.2,0.03,0.2,0.68,0.32,0.89,0.73,0.4,0.37,0.85,0.43,0.0,0.0,0.4,0.2,13.0,1.0,6.0,1.0,6.0,0.0,1.0,0.0,12.0,1.0,1.0,0.0,2.0,0.0,0.0,0.0,25.0,1.0,2.0,1.0,10.0,3.0,13.0,3.0,3.0,10.0,0.0,2.0,,,1.0,0.0,1.0,3.0,0.5,0.63,22.0,18.0,5.0,12.0,6.0,4.0,0.0,0.0,0.0,0.0
n9HPeLl4,EUROPE,2026/2027,EUROPE 3,Conference League,GfRbsVWM,EUROPE 3,30/07/2026,18:15,Quarter-finals,Sion (Sui),KbwIFIoN,BATE (Blr),GnDSyToM,False,4,0,2,1.0,1.0,5.0,1.0,"[5, 38, 58, 62, 68]",[],bet365,13.0,3.1,1.4,bet365,12.0,3.6,1.3,bet365,19.0,6.5,1.13,bet365,1.22,4.0,bet365,2.0,1.73,bet365,4.0,1.22,bet365,1.14,5.5,bet365,1.67,2.1,bet365,3.0,1.36,bet365,1.0,17.0,bet365,1.13,5.5,bet365,1.4,2.75,bet365,2.0,1.73,bet365,3.4,1.3,bet365,2.38,1.53,bet365,6.0,1.13,bet365,4.33,1.2,bet365,4.5,1.07,1.0,bet365,2.75,1.36,1.01,1xBet.br,3.02,1.15,1.01,bet365,10.5,1.02,BrasilBet,8.0,1.05,Superbet.br,7.3,1.05,bet365,1.5,26.0,81.0,4.0,11.0,34.0,21.0,29.0,29.0,bet365,1.98,1.88,bet365,2.0,1.8,bet365,1.91,1.8,bet365,17.0,bet365,9.5,bet365,41.0,bet365,13.0,bet365,6.5,bet365,81.0,bet365,12.0,bet365,41.0,bet365,29.0,bet365,6.5,bet365,151.0,bet365,12.0,bet365,126.0,bet365,34.0,bet365,101.0,,0.0,0.0,,0.0,0.0,,0.0,0.0,,0.0,0.0,,0.0,0.0,bet365,5.5,1.15,bet365,4.5,1.19,bet365,2.75,1.43,bet365,2.2,1.65,bet365,1.75,2.05,bet365,0.0,4.5,3.2,bet365,0.0,4.33,2.0,bet365,41.0,4.75,1.4,bet365,4.5,21.0,1.0,bet365,2.63,0.0,0.0,bet365,1.73,0.0,0.0,2.47,0.15,3.14,0.0,1.41,0.13,0.0,3.14,0.0,-0.86,0.53,0.47,0.85,0.85,0.51,0.65,0.69,0.53,0.0,0.0,0.29,0.2,17.0,5.0,8.0,0.0,7.0,5.0,2.0,0.0,11.0,2.0,6.0,3.0,3.0,0.0,0.0,1.0,34.0,3.0,10.0,1.0,11.0,15.0,23.0,16.0,15.0,11.0,1.0,2.0,,,2.0,1.0,0.0,4.0,0.53,0.77,40.0,47.0,15.0,31.0,5.0,7.0,0.0,0.0,0.0,0.0,0.74,0.04,1.36,0.0,0.45,0.03,0.0,1.36,0.0,-0.64,0.55,0.45,0.85,0.83,0.42,0.52,0.7,0.48,0.0,0.0,0.23,0.0,8.0,2.0,4.0,0.0,3.0,2.0,1.0,0.0,5.0,1.0,3.0,1.0,1.0,0.0,0.0,0.0,18.0,1.0,6.0,0.0,2.0,11.0,12.0,10.0,11.0,2.0,,,,,2.0,0.0,0.0,2.0,0.43,0.67,20.0,21.0,8.0,16.0,2.0,4.0,0.0,0.0,0.0,0.0,1.73,0.11,1.78,0.0,0.96,0.1,0.0,1.78,0.0,-0.22,0.51,0.49,0.86,0.87,0.61,0.83,0.68,0.57,0.0,0.0,0.42,0.33,9.0,3.0,4.0,0.0,4.0,3.0,1.0,0.0,6.0,1.0,3.0,2.0,2.0,0.0,0.0,1.0,16.0,2.0,4.0,1.0,9.0,4.0,11.0,6.0,4.0,9.0,1.0,2.0,,,0.0,1.0,0.0,2.0,0.63,0.81,20.0,26.0,7.0,15.0,3.0,3.0,0.0,0.0,0.0,0.0
CvgpRohC,EUROPE,2026/2027,EUROPE 3,Conference League,GfRbsVWM,EUROPE 3,30/07/2026,18:30,Quarter-finals,Austria Vienna (Aut),lvnOzIkE,FK Liepaja (Lat),nym30tD6,False,3,1,2,2.0,0.0,5.0,1.0,"[19, 29, 66]",[4],bet365,8.0,2.63,1.67,bet365,7.5,3.1,1.5,bet365,9.5,4.75,1.29,bet365,1.25,3.75,bet365,2.2,1.62,bet365,4.5,1.17,bet365,1.17,5.0,bet365,1.73,2.0,bet365,3.4,1.3,bet365,1.02,10.5,bet365,1.17,4.5,bet365,1.53,2.38,bet365,2.25,1.57,bet365,4.0,1.22,bet365,1.91,1.8,bet365,5.0,1.17,bet365,3.5,1.29,bet365,3.5,1.17,1.04,bet365,2.1,1.44,1.06,Sportingbet.br,2.4,1.29,1.08,bet365,7.5,1.07,BrasilBet,5.75,1.1,Betano.br,5.0,1.14,bet365,1.8,21.0,51.0,4.0,8.5,19.0,21.0,21.0,15.0,bet365,2.0,1.85,bet365,2.0,1.8,bet365,1.91,1.8,bet365,15.0,bet365,8.5,bet365,29.0,bet365,10.0,bet365,7.0,bet365,41.0,bet365,9.5,bet365,29.0,bet365,21.0,bet365,8.0,bet365,126.0,bet365,11.0,bet365,51.0,bet365,26.0,bet365,51.0,,0.0,0.0,,0.0,0.0,,0.0,0.0,,0.0,0.0,Superbet.br,7.5,1.06,bet365,3.45,1.3,bet365,2.75,1.43,bet365,1.98,1.83,bet365,1.55,2.38,bet365,1.38,3.0,bet365,0.0,5.5,5.0,bet365,0.0,4.33,2.75,bet365,23.0,4.0,1.73,bet365,3.5,13.0,1.04,bet365,1.95,0.0,0.0,bet365,1.4,0.0,0.0,3.06,0.55,3.27,0.65,2.06,0.19,0.65,3.27,-0.35,0.27,0.66,0.34,0.88,0.77,0.62,0.58,0.75,0.49,1.0,0.0,0.33,0.08,17.0,10.0,10.0,4.0,4.0,2.0,3.0,4.0,14.0,5.0,3.0,5.0,5.0,1.0,0.0,0.0,31.0,12.0,8.0,3.0,9.0,10.0,17.0,24.0,10.0,9.0,1.0,2.0,0.0,1.0,3.0,0.0,3.0,7.0,0.67,0.79,24.0,37.0,21.0,23.0,10.0,9.0,1.0,0.0,1.0,0.0,2.07,0.44,2.49,0.63,1.0,0.16,0.63,2.49,-0.37,0.49,0.58,0.42,0.83,0.78,0.46,0.59,0.73,0.63,1.0,0.0,0.2,0.13,8.0,7.0,7.0,3.0,1.0,1.0,0.0,3.0,6.0,4.0,2.0,3.0,4.0,1.0,0.0,0.0,13.0,7.0,2.0,3.0,4.0,5.0,7.0,15.0,5.0,4.0,1.0,2.0,0.0,1.0,1.0,0.0,2.0,5.0,0.5,0.75,13.0,15.0,11.0,10.0,4.0,3.0,1.0,0.0,1.0,0.0,0.99,0.11,0.78,0.02,1.06,0.03,0.02,0.78,0.02,-0.22,0.72,0.28,0.92,0.76,0.75,0.56,0.76,0.34,0.0,0.0,0.38,0.0,9.0,3.0,3.0,1.0,3.0,1.0,3.0,1.0,8.0,1.0,1.0,2.0,1.0,0.0,0.0,0.0,18.0,5.0,6.0,0.0,5.0,5.0,10.0,9.0,5.0,5.0,,,,,2.0,0.0,1.0,2.0,0.75,0.8,11.0,22.0,10.0,13.0,6.0,6.0,0.0,0.0,0.0,0.0
Qg3p4a7T,EUROPE,2026/2027,EUROPE 3,Conference League,GfRbsVWM,EUROPE 3,30/07/2026,18:00,Quarter-finals,Ludogorets (Bul),GrLjfV3M,Hapoel Tel Aviv (Isr),jigstDrf,False,2,2,2,0.0,2.0,2.0,4.0,"[25, 39, 47, 54]","[16, 58]",bet365,4.0,2.2,2.5,bet365,3.6,2.5,2.25,bet365,3.5,3.6,1.85,bet365,1.36,3.0,bet365,2.75,1.4,bet365,6.5,1.1,bet365,1.22,4.0,bet365,2.1,1.67,bet365,4.5,1.18,bet365,1.05,8.5,bet365,1.25,3.75,bet365,1.9,1.9,bet365,3.25,1.33,bet365,6.0,1.11,bet365,1.8,1.91,bet365,4.5,1.18,bet365,3.5,1.29,bet365,1.8,1.22,1.22,bet365,1.5,1.62,1.22,Betano.br,1.6,1.47,1.24,bet365,2.63,1.44,Sportingbet.br,2.65,1.41,Betano.br,2.65,1.45,bet365,3.0,15.0,34.0,5.0,5.5,8.0,23.0,15.0,6.0,bet365,2.0,1.85,bet365,2.1,1.73,bet365,1.91,1.8,bet365,11.0,bet365,8.0,bet365,11.0,bet365,7.0,bet365,8.5,bet365,19.0,bet365,9.0,bet365,13.0,bet365,15.0,bet365,17.0,bet365,41.0,bet365,15.0,bet365,29.0,bet365,26.0,bet365,34.0,,0.0,0.0,,0.0,0.0,1xBet.br,9.8,1.05,bet365,6.8,1.11,bet365,3.45,1.3,bet365,1.9,1.9,bet365,1.48,2.6,bet365,1.33,3.3,bet365,1.12,6.4,bet365,1.1,7.0,bet365,0.0,11.0,17.0,bet365,21.0,5.0,7.0,bet365,7.5,3.75,3.2,bet365,1.8,5.5,1.22,bet365,1.3,11.0,1.07,bet365,1.08,0.0,0.0,,,,,,,,,,,0.62,0.38,,,,,,,,,,,13.0,8.0,5.0,5.0,2.0,1.0,6.0,2.0,,,,,,,,,,,6.0,2.0,21.0,17.0,22.0,16.0,14.0,20.0,4.0,4.0,,,1.0,2.0,,,,,,,,,,,,,,,,,,,,,,,,,0.64,0.36,,,,,,,,,,,5.0,5.0,2.0,4.0,0.0,0.0,3.0,1.0,,,,,,,,,,,2.0,2.0,10.0,7.0,13.0,8.0,6.0,12.0,2.0,4.0,,,1.0,1.0,,,,,,,,,,,,,,,,,,,,,,,,,0.6,0.4,,,,,,,,,,,8.0,3.0,3.0,1.0,2.0,1.0,3.0,1.0,,,,,,,,,,,4.0,0.0,11.0,10.0,9.0,8.0,8.0,8.0,2.0,0.0,,,0.0,1.0,,,,,,,,,,,,,,
Sd2UT50m,EUROPE,2026/2027,EUROPE 3,Conference League,GfRbsVWM,EUROPE 3,30/07/2026,17:30,Quarter-finals,Derry City (Nir),MyD3Jn1A,Rijeka (Cro),zXKuUR5J,False,0,1,2,0.0,1.0,0.0,2.0,[],[14],bet365,2.5,2.1,4.5,bet365,2.25,2.38,4.0,bet365,1.9,3.3,3.6,bet365,1.44,2.63,bet365,3.0,1.36,bet365,7.5,1.07,bet365,1.29,3.5,bet365,2.25,1.57,bet365,5.5,1.14,bet365,1.06,8.0,bet365,1.36,3.0,bet365,2.1,1.7,bet365,3.75,1.25,bet365,7.0,1.08,bet365,1.91,1.8,bet365,5.5,1.14,bet365,3.75,1.25,bet365,1.22,1.25,1.8,bet365,1.17,1.67,1.5,Betano.br,1.24,1.5,1.57,bet365,1.4,2.75,BrasilBet,1.35,2.95,Betano.br,1.45,2.57,bet365,6.5,17.0,29.0,8.0,5.0,5.0,41.0,17.0,3.0,bet365,1.95,1.9,bet365,2.1,1.73,bet365,2.0,1.73,bet365,8.5,bet365,9.5,bet365,6.5,bet365,6.5,bet365,21.0,bet365,8.5,bet365,13.0,bet365,9.5,bet365,17.0,bet365,41.0,bet365,15.0,bet365,34.0,bet365,17.0,bet365,41.0,bet365,34.0,bet365,6.4,1.12,bet365,6.8,1.11,bet365,3.55,1.27,bet365,2.75,1.43,bet365,1.98,1.83,bet365,1.27,3.55,1xBet.br,1.08,8.0,Superbet.br,1.05,8.0,,0.0,0.0,,0.0,0.0,bet365,19.0,0.0,0.0,bet365,7.0,13.0,23.0,bet365,3.4,5.0,9.0,bet365,1.22,3.75,1.8,bet365,1.05,5.5,1.25,bet365,0.0,11.0,1.07,,,,,,,,,,,0.42,0.58,,,,,,,,,,,8.0,12.0,2.0,3.0,4.0,7.0,2.0,2.0,,,,,,,,,,,1.0,6.0,19.0,11.0,27.0,33.0,5.0,9.0,4.0,1.0,,,0.0,1.0,,,,,,,,,,,,,,,,,,,,,,,,,0.47,0.53,,,,,,,,,,,4.0,6.0,1.0,3.0,1.0,1.0,2.0,2.0,,,,,,,,,,,0.0,3.0,10.0,5.0,17.0,14.0,3.0,8.0,1.0,0.0,,,0.0,1.0,,,,,,,,,,,,,,,,,,,,,,,,,0.36,0.64,,,,,,,,,,,4.0,6.0,1.0,0.0,3.0,6.0,0.0,0.0,,,,,,,,,,,1.0,3.0,9.0,6.0,10.0,19.0,2.0,1.0,3.0,1.0,,,0.0,0.0,,,,,,,,,,,,,,
dMakHSGs,EUROPE,2026/2027,EUROPE 3,Conference League,GfRbsVWM,EUROPE 3,30/07/2026,18:00,Quarter-finals,Shkendija (Mkd),je0pik4r,Bravo (Slo),dfincSI4,False,3,1,2,1.0,2.0,4.0,3.0,"[36, 50, 88]",[17],bet365,6.5,2.38,1.83,bet365,6.0,2.75,1.73,bet365,6.25,4.5,1.36,bet365,1.33,3.25,bet365,2.5,1.5,bet365,6.0,1.11,bet365,1.2,4.33,bet365,2.0,1.73,bet365,4.0,1.22,bet365,1.03,10.0,bet365,1.25,3.75,bet365,1.75,2.05,bet365,3.0,1.36,bet365,5.0,1.14,bet365,2.0,1.73,bet365,5.5,1.14,bet365,3.75,1.25,bet365,2.75,1.13,1.08,bet365,1.83,1.53,1.1,Sportingbet.br,1.98,1.39,1.12,bet365,5.0,1.14,Esportivabet,4.0,1.2,Superbet.br,4.0,1.19,bet365,2.05,19.0,51.0,4.0,7.0,15.0,21.0,21.0,12.0,bet365,1.85,2.0,bet365,2.1,1.73,bet365,1.91,1.8,bet365,13.0,bet365,6.5,bet365,17.0,bet365,9.5,bet365,7.0,bet365,34.0,bet365,8.0,bet365,21.0,bet365,21.0,bet365,9.5,bet365,81.0,bet365,13.0,bet365,51.0,bet365,26.0,bet365,51.0,,0.0,0.0,,0.0,0.0,Superbet.br,12.0,1.02,SeguroBet,9.7,1.02,bet365,6.4,1.12,bet365,2.85,1.4,bet365,2.2,1.65,bet365,1.63,2.25,bet365,1.33,3.3,bet365,1.24,3.9,bet365,0.0,6.5,7.5,bet365,41.0,4.33,3.75,bet365,17.0,3.25,2.1,bet365,2.75,9.0,1.08,bet365,1.62,21.0,1.02,bet365,1.22,0.0,0.0,,,,,,,,,,,0.61,0.39,,,,,,,,,,,10.0,7.0,4.0,2.0,5.0,0.0,1.0,5.0,,,,,,,,,,,10.0,7.0,21.0,12.0,26.0,20.0,11.0,22.0,3.0,1.0,,,2.0,1.0,,,,,,,,,,,,,,,,,,,,,,,,,0.61,0.39,,,,,,,,,,,3.0,1.0,1.0,1.0,1.0,0.0,1.0,0.0,,,,,,,,,,,5.0,1.0,8.0,8.0,13.0,8.0,7.0,8.0,3.0,0.0,,,1.0,1.0,,,,,,,,,,,,,,,,,,,,,,,,,0.61,0.39,,,,,,,,,,,7.0,6.0,3.0,1.0,4.0,0.0,0.0,5.0,,,,,,,,,,,5.0,6.0,13.0,4.0,13.0,12.0,4.0,14.0,0.0,1.0,,,1.0,0.0,,,,,,,,,,,,,,
EuJ9DMyh,EUROPE,2026/2027,EUROPE 3,Conference League,GfRbsVWM,EUROPE 3,30/07/2026,17:30,Quarter-finals,TNS (Wal),lGMtZWUH,Flora (Est),zLFV5ykn,False,1,1,2,0.0,0.0,1.0,1.0,"[1, 2, 3, 4, 90]","[1, 2, 3, 4, 5]",bet365,4.0,2.3,2.38,bet365,3.6,2.63,2.2,bet365,3.5,3.8,1.75,bet365,1.3,3.4,bet365,2.5,1.5,bet365,5.5,1.13,bet365,1.18,4.5,bet365,1.83,1.83,bet365,3.75,1.25,bet365,1.03,10.0,bet365,1.22,4.0,bet365,1.67,2.15,bet365,2.63,1.44,bet365,4.5,1.17,bet365,1.67,2.1,bet365,4.0,1.22,bet365,3.25,1.33,bet365,1.91,1.18,1.22,bet365,1.53,1.57,1.22,SeguroBet,1.67,1.4,1.22,bet365,2.75,1.4,Brasildasorte,2.71,1.4,Betano.br,2.52,1.47,bet365,2.88,15.0,34.0,5.0,6.5,8.5,21.0,15.0,6.0,bet365,1.88,1.98,bet365,2.0,1.8,bet365,1.91,1.8,bet365,15.0,bet365,8.0,bet365,13.0,bet365,8.0,bet365,10.0,bet365,21.0,bet365,8.0,bet365,13.0,bet365,15.0,bet365,17.0,bet365,41.0,bet365,15.0,bet365,29.0,bet365,21.0,bet365,34.0,,0.0,0.0,SeguroBet,10.3,1.02,bet365,7.0,1.1,bet365,6.8,1.11,bet365,3.8,1.25,bet365,2.08,1.73,bet365,1.58,2.35,bet365,1.35,3.1,bet365,1.16,5.25,bet365,1.13,6.0,bet365,0.0,10.0,15.0,bet365,19.0,5.5,6.0,bet365,7.5,3.5,3.2,bet365,1.91,5.5,1.22,bet365,1.3,12.0,1.07,bet365,1.1,0.0,0.0,,,,,,,,,,,0.59,0.41,,,,,,,,,,,26.0,8.0,9.0,4.0,7.0,1.0,10.0,3.0,,,,,,,,,,,6.0,3.0,22.0,18.0,28.0,24.0,17.0,21.0,6.0,2.0,,,0.0,3.0,,,,,,,,,,,,,,,,,,,,,,,,,0.67,0.33,,,,,,,,,,,10.0,3.0,1.0,1.0,5.0,0.0,4.0,2.0,,,,,,,,,,,2.0,0.0,14.0,5.0,11.0,9.0,5.0,12.0,1.0,1.0,,,0.0,2.0,,,,,,,,,,,,,,,,,,,,,,,,,0.63,0.37,,,,,,,,,,,14.0,1.0,7.0,1.0,1.0,0.0,6.0,0.0,,,,,,,,,,,3.0,2.0,5.0,9.0,15.0,10.0,6.0,2.0,2.0,0.0,,,0.0,1.0,,,,,,,,,,,,,,
U7JCBOpJ,EUROPE,2026/2027,EUROPE 3,Conference League,GfRbsVWM,EUROPE 3,30/07/2026,18:00,Quarter-finals,FC Ballkani (Kos),29LmYvYp,Bohemians (Irl),zHEZJ8Wc,False,3,3,2,1.0,1.0,4.0,4.0,"[1, 2, 3, 4, 5, 10, 40, 50, 58]","[1, 2, 3, 4, 5, 20, 88]",bet365,3.4,2.1,3.0,bet365,3.0,2.4,2.75,bet365,2.8,3.3,2.2,bet365,1.4,2.75,bet365,3.0,1.36,bet365,7.0,1.08,bet365,1.25,3.75,bet365,2.2,1.62,bet365,5.0,1.17,bet365,1.03,10.0,bet365,1.33,3.25,bet365,2.0,1.8,bet365,3.5,1.29,bet365,6.5,1.1,bet365,1.8,1.91,bet365,4.5,1.18,bet365,3.5,1.29,bet365,1.55,1.25,1.33,bet365,1.36,1.67,1.3,SeguroBet,1.41,1.51,1.32,bet365,2.1,1.67,Casadeapostas,2.02,1.65,Casadeapostas,2.01,1.66,bet365,3.75,15.0,34.0,5.5,5.5,6.5,26.0,15.0,4.5,bet365,1.93,1.93,bet365,2.1,1.73,bet365,2.0,1.73,bet365,10.0,bet365,7.5,bet365,9.5,bet365,6.5,bet365,12.0,bet365,15.0,bet365,9.0,bet365,11.0,bet365,15.0,bet365,23.0,bet365,29.0,bet365,21.0,bet365,23.0,bet365,29.0,bet365,34.0,SeguroBet,10.0,1.02,SeguroBet,9.7,1.02,bet365,5.9,1.13,bet365,5.0,1.17,bet365,2.85,1.4,bet365,1.63,2.25,bet365,1.26,3.7,bet365,1.18,4.65,1xBet.br,1.02,8.7,Superbet.br,1.03,10.0,bet365,0.0,15.0,26.0,bet365,13.0,7.0,10.0,bet365,5.5,3.75,4.75,bet365,1.55,4.5,1.33,bet365,1.14,8.0,1.09,bet365,1.05,0.0,0.0,,,,,,,,,,,0.54,0.46,,,,,,,,,,,20.0,15.0,7.0,10.0,9.0,5.0,4.0,0.0,,,,,,,,,,,2.0,6.0,16.0,14.0,29.0,23.0,11.0,14.0,4.0,3.0,,,3.0,0.0,,,,,,,,,,,,,,,,,,,,,,,,,0.69,0.31,,,,,,,,,,,11.0,5.0,6.0,3.0,3.0,2.0,2.0,0.0,,,,,,,,,,,1.0,1.0,6.0,5.0,19.0,6.0,5.0,7.0,0.0,1.0,,,1.0,0.0,,,,,,,,,,,,,,,,,,,,,,,,,0.44,0.56,,,,,,,,,,,5.0,5.0,1.0,4.0,3.0,1.0,1.0,0.0,,,,,,,,,,,0.0,2.0,6.0,4.0,8.0,13.0,2.0,5.0,2.0,1.0,,,2.0,0.0,,,,,,,,,,,,,,
YPLoyotA,EUROPE,2026/2027,EUROPE 3,Conference League,GfRbsVWM,EUROPE 3,30/07/2026,18:00,Quarter-finals,Vestri (Ice),Y9PMInnH,RFS (Lat),Midjg0YH,False,1,1,2,1.0,4.0,2.0,5.0,[12],[16],bet365,1.62,2.75,8.0,bet365,1.5,3.25,7.0,bet365,1.22,5.5,9.0,bet365,1.22,4.0,bet365,2.0,1.73,bet365,4.33,1.2,bet365,1.13,6.0,bet365,1.67,2.1,bet365,3.0,1.36,bet365,1.02,11.0,bet365,1.13,5.5,bet365,1.44,2.63,bet365,2.1,1.67,bet365,3.5,1.29,bet365,1.83,1.83,bet365,4.33,1.2,bet365,3.4,1.3,bet365,1.04,1.1,3.6,bet365,1.06,1.4,2.2,Sportingbet.br,1.08,1.28,2.5,bet365,1.08,7.0,Esportivabet,1.11,5.33,Betano.br,1.13,5.1,bet365,17.0,23.0,19.0,19.0,9.5,4.33,51.0,21.0,1.73,bet365,1.95,1.9,bet365,2.0,1.8,bet365,1.83,1.83,bet365,21.0,bet365,29.0,bet365,10.0,bet365,12.0,bet365,51.0,bet365,7.5,bet365,26.0,bet365,9.5,bet365,21.0,bet365,101.0,bet365,8.5,bet365,51.0,bet365,11.0,bet365,51.0,bet365,23.0,bet365,2.6,1.48,bet365,2.08,1.73,bet365,1.68,2.15,bet365,1.35,3.1,bet365,1.25,3.8,Superbet.br,1.05,7.9,,0.0,0.0,,0.0,0.0,,0.0,0.0,,0.0,0.0,bet365,4.33,0.0,0.0,bet365,2.5,0.0,0.0,bet365,1.67,13.0,23.0,bet365,1.04,4.33,3.6,bet365,0.0,4.0,2.1,bet365,0.0,5.0,1.44,,,,,,,,,,,0.49,0.51,,,,,,,,,,,6.0,11.0,2.0,4.0,3.0,6.0,1.0,1.0,,,,,,,,,,,4.0,2.0,16.0,10.0,21.0,15.0,7.0,14.0,1.0,2.0,,,2.0,3.0,,,,,,,,,,,,,,,,,,,,,,,,,0.48,0.52,,,,,,,,,,,3.0,7.0,2.0,3.0,1.0,4.0,0.0,0.0,,,,,,,,,,,0.0,1.0,7.0,4.0,7.0,10.0,4.0,6.0,0.0,1.0,,,0.0,1.0,,,,,,,,,,,,,,,,,,,,,,,,,0.5,0.5,,,,,,,,,,,3.0,4.0,0.0,1.0,2.0,2.0,1.0,1.0,,,,,,,,,,,4.0,1.0,9.0,6.0,14.0,5.0,3.0,8.0,1.0,1.0,,,2.0,2.0,,,,,,,,,,,,,,
6mVieWle,EUROPE,2026/2027,EUROPE 3,Conference League,GfRbsVWM,EUROPE 3,30/07/2026,17:30,Quarter-finals,Valletta (Mlt),WMTGoox8,Rakow (Pol),SQOrbYim,False,0,4,2,1.0,3.0,1.0,7.0,[],"[22, 31, 54, 78]",bet365,1.95,2.4,5.5,bet365,1.83,2.75,4.75,bet365,1.5,4.33,4.75,bet365,1.3,3.4,bet365,2.38,1.53,bet365,5.5,1.13,bet365,1.18,4.5,bet365,1.83,1.83,bet365,3.75,1.25,bet365,1.03,10.0,bet365,1.2,4.33,bet365,1.67,2.15,bet365,2.63,1.44,bet365,4.5,1.17,bet365,1.8,1.91,bet365,4.33,1.2,bet365,3.4,1.3,bet365,1.13,1.14,2.3,bet365,1.13,1.53,1.8,Sportingbet.br,1.14,1.37,1.95,bet365,1.22,4.0,Galerabet,1.25,3.6,Superbet.br,1.26,3.35,bet365,9.0,19.0,21.0,11.0,7.0,4.33,41.0,17.0,2.25,bet365,1.93,1.93,bet365,2.0,1.8,bet365,1.91,1.8,bet365,15.0,bet365,15.0,bet365,8.0,bet365,9.0,bet365,26.0,bet365,8.0,bet365,17.0,bet365,8.5,bet365,17.0,bet365,51.0,bet365,11.0,bet365,34.0,bet365,12.0,bet365,41.0,bet365,23.0,bet365,4.15,1.22,bet365,3.45,1.3,bet365,2.35,1.58,bet365,1.83,1.98,bet365,1.5,2.5,bet365,1.17,5.0,1xBet.br,1.02,9.3,1xBet.br,1.01,10.0,,0.0,0.0,,0.0,0.0,bet365,8.0,0.0,0.0,bet365,4.33,15.0,29.0,bet365,2.3,7.0,10.0,bet365,1.13,3.75,2.3,bet365,1.04,4.5,1.53,bet365,0.0,7.0,1.18,,,,,,,,,,,0.4,0.6,,,,,,,,,,,6.0,14.0,0.0,10.0,6.0,2.0,0.0,2.0,,,,,,,,,,,0.0,1.0,13.0,10.0,16.0,11.0,10.0,11.0,4.0,1.0,1.0,0.0,0.0,3.0,,,,,,,,,,,,,,,,,,,,,,,,,0.49,0.51,,,,,,,,,,,5.0,5.0,0.0,3.0,5.0,1.0,0.0,1.0,,,,,,,,,,,0.0,1.0,7.0,6.0,11.0,5.0,6.0,6.0,2.0,0.0,,,0.0,1.0,,,,,,,,,,,,,,,,,,,,,,,,,0.3,0.7,,,,,,,,,,,1.0,9.0,0.0,7.0,1.0,1.0,0.0,1.0,,,,,,,,,,,0.0,0.0,6.0,4.0,5.0,6.0,4.0,5.0,2.0,1.0,1.0,0.0,0.0,2.0,,,,,,,,,,,,,,
lK2nNFzK,EUROPE,2026/2027,EUROPE 3,Conference League,GfRbsVWM,EUROPE 3,30/07/2026,18:30,Quarter-finals,Panathinaikos (Gre),SENMmweG,Paks (Hun),0rhLtCWr,False,2,2,2,2.0,1.0,4.0,3.0,"[44, 85, 90]","[35, 57]",bet365,8.0,2.75,1.62,bet365,8.0,3.2,1.5,bet365,9.5,5.25,1.27,bet365,1.22,4.0,bet365,2.1,1.67,bet365,4.33,1.2,bet365,1.14,5.5,bet365,1.67,2.1,bet365,3.25,1.33,bet365,1.02,11.0,bet365,1.14,5.0,bet365,1.44,2.63,bet365,2.1,1.67,bet365,3.5,1.29,bet365,1.91,1.8,bet365,4.5,1.18,bet365,3.5,1.29,bet365,3.75,1.14,1.04,bet365,2.2,1.4,1.06,SeguroBet,2.44,1.28,1.08,bet365,7.5,1.07,BrasilBet,6.25,1.08,Betano.br,5.4,1.13,bet365,1.73,21.0,51.0,4.0,9.0,19.0,21.0,23.0,17.0,bet365,1.98,1.88,bet365,2.0,1.8,bet365,1.91,1.8,bet365,17.0,bet365,9.0,bet365,26.0,bet365,11.0,bet365,7.0,bet365,51.0,bet365,9.5,bet365,29.0,bet365,21.0,bet365,8.0,bet365,126.0,bet365,11.0,bet365,67.0,bet365,26.0,bet365,51.0,,0.0,0.0,,0.0,0.0,,0.0,0.0,,0.0,0.0,SeguroBet,8.2,1.05,bet365,3.55,1.27,bet365,3.0,1.38,bet365,2.08,1.73,bet365,1.68,2.15,bet365,1.45,2.68,bet365,0.0,5.0,4.5,bet365,0.0,4.33,2.6,bet365,26.0,4.33,1.67,bet365,3.75,13.0,1.04,bet365,2.05,0.0,0.0,bet365,1.44,0.0,0.0,1.59,0.38,2.23,0.91,1.55,0.28,0.91,2.23,-1.09,0.23,0.7,0.3,0.82,0.61,0.46,0.29,0.72,0.41,0.0,0.0,0.2,0.25,20.0,8.0,8.0,4.0,5.0,3.0,7.0,1.0,10.0,5.0,10.0,3.0,2.0,1.0,0.0,0.0,38.0,10.0,8.0,5.0,19.0,13.0,30.0,22.0,13.0,19.0,1.0,3.0,,,1.0,1.0,2.0,5.0,0.91,0.52,62.0,66.0,20.0,49.0,8.0,15.0,0.0,0.0,0.0,0.0,0.54,0.28,1.07,0.25,0.6,0.21,0.25,1.07,-0.75,0.07,0.72,0.28,0.82,0.59,0.44,0.28,0.69,0.49,0.0,0.0,0.1,0.3,9.0,7.0,3.0,3.0,1.0,3.0,5.0,1.0,4.0,4.0,5.0,3.0,0.0,0.0,0.0,0.0,12.0,8.0,2.0,5.0,11.0,5.0,18.0,13.0,5.0,11.0,0.0,2.0,,,0.0,1.0,2.0,2.0,0.83,0.57,31.0,31.0,10.0,25.0,3.0,6.0,0.0,0.0,0.0,0.0,1.05,0.1,1.16,0.66,0.95,0.07,0.66,1.16,-0.34,0.16,0.69,0.31,0.83,0.62,0.48,0.29,0.75,0.34,0.0,0.0,0.27,0.17,11.0,1.0,5.0,1.0,4.0,0.0,2.0,0.0,6.0,1.0,5.0,0.0,2.0,1.0,0.0,0.0,26.0,2.0,6.0,0.0,8.0,8.0,12.0,9.0,8.0,8.0,1.0,1.0,,,1.0,0.0,0.0,3.0,1.0,0.5,31.0,35.0,10.0,24.0,5.0,9.0,0.0,0.0,0.0,0.0
EcWRaICd,EUROPE,2026/2027,EUROPE 3,Conference League,GfRbsVWM,EUROPE 3,30/07/2026,19:00,Quarter-finals,Sutjeska (Mne),Uw7E96rU,ML Vitebsk (Blr),UkzXzc1n,False,1,2,2,0.0,3.0,1.0,5.0,[84],"[16, 90]",bet365,3.2,2.2,2.88,bet365,2.88,2.5,2.75,bet365,2.9,2.88,2.45,bet365,1.33,3.25,bet365,2.63,1.44,bet365,6.0,1.11,bet365,1.2,4.33,bet365,1.91,1.8,bet365,4.0,1.22,bet365,1.02,11.0,bet365,1.22,4.0,bet365,1.8,2.0,bet365,2.75,1.4,bet365,5.0,1.14,bet365,1.62,2.2,bet365,4.33,1.2,bet365,3.0,1.36,bet365,1.44,1.33,1.3,bet365,1.4,1.62,1.36,F12,1.3,1.5,1.35,bet365,2.0,1.73,Betano.br,1.93,1.78,Betano.br,1.87,1.85,bet365,3.75,13.0,29.0,6.0,5.0,6.5,26.0,13.0,4.33,bet365,2.13,1.75,bet365,2.1,1.73,bet365,2.0,1.73,bet365,11.0,bet365,11.0,bet365,12.0,bet365,6.0,bet365,13.0,bet365,17.0,bet365,11.0,bet365,12.0,bet365,11.0,bet365,21.0,bet365,29.0,bet365,19.0,bet365,21.0,bet365,26.0,bet365,29.0,Superbet.br,9.8,1.03,1xBet.br,8.5,1.03,bet365,5.75,1.14,bet365,4.8,1.18,bet365,2.85,1.4,bet365,1.53,2.42,bet365,1.25,3.8,bet365,1.18,4.65,1xBet.br,1.01,10.0,1xBet.br,1.01,10.0,bet365,23.0,13.0,23.0,bet365,12.0,7.0,9.0,bet365,5.5,4.5,4.5,bet365,1.44,5.0,1.3,bet365,1.17,8.0,1.1,bet365,1.05,15.0,1.05,,,,,,,,,,,0.48,0.52,,,,,,,,,,,11.0,12.0,5.0,6.0,5.0,4.0,1.0,2.0,,,,,,,,,,,7.0,2.0,13.0,27.0,24.0,16.0,27.0,10.0,3.0,0.0,,,0.0,4.0,,,,,,,,,,,,,,,,,,,,,,,,,0.5,0.5,,,,,,,,,,,4.0,6.0,1.0,4.0,3.0,2.0,0.0,0.0,,,,,,,,,,,3.0,1.0,5.0,12.0,12.0,7.0,14.0,3.0,,,,,0.0,2.0,,,,,,,,,,,,,,,,,,,,,,,,,0.46,0.54,,,,,,,,,,,7.0,6.0,4.0,2.0,2.0,2.0,1.0,2.0,,,,,,,,,,,4.0,1.0,8.0,15.0,12.0,9.0,13.0,7.0,3.0,0.0,,,0.0,2.0,,,,,,,,,,,,,,
WCcjYIXp,EUROPE,2026/2027,EUROPE 3,Conference League,GfRbsVWM,EUROPE 3,30/07/2026,17:30,Quarter-finals,Beitar Jerusalem (Isr),t2BgeFT0,AEK Larnaca (Cyp),4lUZQCQq,False,3,3,2,0.0,0.0,3.0,3.0,"[1, 2, 3, 4, 41, 45, 87]","[1, 2, 3, 4, 5, 26, 52, 90]",bet365,4.33,2.05,2.5,bet365,4.0,2.38,2.25,bet365,3.3,3.1,1.95,bet365,1.44,2.63,bet365,3.25,1.33,bet365,7.5,1.07,bet365,1.29,3.5,bet365,2.25,1.57,bet365,5.5,1.14,bet365,1.07,7.5,bet365,1.36,3.0,bet365,2.1,1.7,bet365,3.75,1.25,bet365,7.0,1.08,bet365,1.91,1.8,bet365,5.5,1.14,bet365,3.75,1.25,bet365,1.7,1.29,1.25,bet365,1.5,1.73,1.2,Betano.br,1.55,1.5,1.25,bet365,2.75,1.4,Sportingbet.br,2.45,1.49,Betano.br,2.5,1.5,bet365,3.0,15.0,41.0,5.0,5.0,8.0,29.0,17.0,6.0,bet365,2.0,1.85,bet365,2.1,1.73,bet365,2.0,1.73,bet365,8.0,bet365,6.5,bet365,9.5,bet365,6.5,bet365,8.5,bet365,21.0,bet365,9.5,bet365,13.0,bet365,17.0,bet365,17.0,bet365,41.0,bet365,17.0,bet365,34.0,bet365,34.0,bet365,41.0,,0.0,0.0,,0.0,0.0,bet365,7.0,1.1,bet365,7.0,1.1,bet365,3.7,1.26,bet365,1.83,1.98,bet365,1.43,2.75,bet365,1.27,3.55,bet365,1.11,6.8,1xBet.br,1.08,8.1,bet365,0.0,12.0,19.0,bet365,26.0,5.5,7.5,bet365,9.0,3.75,3.5,bet365,1.7,5.0,1.25,bet365,1.25,13.0,1.05,bet365,1.07,0.0,0.0,,,,,,,,,,,0.63,0.37,,,,,,,,,,,24.0,10.0,12.0,9.0,5.0,1.0,7.0,0.0,,,,,,,,,,,5.0,8.0,26.0,22.0,39.0,28.0,23.0,28.0,6.0,3.0,,,2.0,3.0,,,,,,,,,,,,,,,,,,,,,,,,,0.65,0.35,,,,,,,,,,,6.0,1.0,4.0,1.0,2.0,0.0,0.0,0.0,,,,,,,,,,,1.0,1.0,14.0,6.0,13.0,7.0,7.0,15.0,,,,,0.0,2.0,,,,,,,,,,,,,,,,,,,,,,,,,0.63,0.37,,,,,,,,,,,12.0,5.0,5.0,5.0,2.0,0.0,5.0,0.0,,,,,,,,,,,3.0,2.0,7.0,12.0,15.0,10.0,12.0,6.0,5.0,0.0,,,2.0,1.0,,,,,,,,,,,,,,
8lusDUxB,EUROPE,2026/2027,EUROPE 3,Conference League,GfRbsVWM,EUROPE 3,30/07/2026,17:00,Quarter-finals,Din. Minsk (Blr),Wtzu8xF1,Neftci Baku (Aze),d0eNnarc,False,0,1,2,4.0,2.0,4.0,3.0,[],[12],bet365,2.6,2.2,4.0,bet365,2.38,2.5,3.5,bet365,1.91,3.7,3.2,bet365,1.36,3.0,bet365,2.75,1.4,bet365,6.5,1.1,bet365,1.25,3.75,bet365,2.1,1.67,bet365,4.5,1.18,bet365,1.05,8.5,bet365,1.29,3.5,bet365,1.9,1.9,bet365,3.25,1.33,bet365,6.0,1.11,bet365,1.8,1.91,bet365,4.5,1.18,bet365,3.5,1.29,bet365,1.29,1.22,1.73,bet365,1.22,1.62,1.5,Estrelabet,1.23,1.42,1.52,bet365,1.5,2.5,Esportivabet,1.5,2.4,Superbet.br,1.55,2.25,bet365,5.5,15.0,26.0,7.5,5.5,5.0,34.0,15.0,3.1,bet365,1.98,1.88,bet365,2.1,1.73,bet365,1.91,1.8,bet365,11.0,bet365,10.0,bet365,8.0,bet365,7.5,bet365,17.0,bet365,9.0,bet365,12.0,bet365,9.5,bet365,17.0,bet365,34.0,bet365,17.0,bet365,29.0,bet365,15.0,bet365,34.0,bet365,29.0,1xBet.br,8.2,1.07,bet365,6.8,1.11,bet365,3.45,1.3,bet365,2.75,1.43,bet365,1.98,1.83,bet365,1.33,3.3,bet365,1.12,6.25,bet365,1.1,7.0,SeguroBet,1.02,10.0,SeguroBet,1.02,10.3,bet365,19.0,15.0,23.0,bet365,7.5,11.0,19.0,bet365,3.4,5.0,7.0,bet365,1.29,4.0,1.73,bet365,1.08,5.0,1.29,bet365,1.05,12.0,1.07,,,,,,,,,,,0.35,0.65,,,,,,,,,,,5.0,12.0,1.0,3.0,4.0,5.0,0.0,4.0,,,,,,,,,,,2.0,7.0,10.0,26.0,16.0,24.0,27.0,11.0,2.0,1.0,0.0,1.0,3.0,0.0,,,,,,,,,,,,,,,,,,,,,,,,,0.37,0.63,,,,,,,,,,,1.0,7.0,0.0,2.0,1.0,3.0,0.0,2.0,,,,,,,,,,,1.0,4.0,5.0,13.0,9.0,13.0,14.0,5.0,1.0,1.0,,,1.0,0.0,,,,,,,,,,,,,,,,,,,,,,,,,0.33,0.67,,,,,,,,,,,4.0,5.0,1.0,1.0,3.0,2.0,0.0,2.0,,,,,,,,,,,1.0,3.0,5.0,13.0,7.0,11.0,13.0,6.0,1.0,0.0,0.0,1.0,2.0,0.0,,,,,,,,,,,,,,
AP7PUqRh,EUROPE,2026/2027,EUROPE 3,Conference League,GfRbsVWM,EUROPE 3,30/07/2026,18:30,Quarter-finals,Gent (Bel),MgkzUx7T,LNZ Cherkasy (Ukr),2m6zvQp5,False,1,0,2,-1.0,0.0,0.0,0.0,"[1, 2, 3, 4]","[1, 2, 3, 4]",bet365,5.5,2.1,2.2,bet365,4.75,2.5,2.0,bet365,5.25,3.5,1.62,bet365,1.4,2.75,bet365,3.0,1.36,bet365,7.0,1.08,bet365,1.29,3.5,bet365,2.2,1.62,bet365,5.0,1.17,bet365,1.06,8.0,bet365,1.33,3.25,bet365,2.05,1.75,bet365,3.5,1.29,bet365,7.0,1.08,bet365,2.0,1.73,bet365,5.5,1.14,bet365,4.0,1.22,bet365,2.1,1.22,1.11,bet365,1.62,1.67,1.13,Betano.br,1.75,1.47,1.16,bet365,3.75,1.25,LuvaBet,3.6,1.25,Betano.br,3.4,1.29,bet365,2.5,17.0,41.0,4.33,5.5,11.0,26.0,17.0,8.5,bet365,2.0,1.85,bet365,2.1,1.73,bet365,2.0,1.73,bet365,9.0,bet365,6.0,bet365,13.0,bet365,7.0,bet365,7.0,bet365,26.0,bet365,9.0,bet365,17.0,bet365,19.0,bet365,12.0,bet365,51.0,bet365,15.0,bet365,41.0,bet365,34.0,bet365,51.0,,0.0,0.0,,0.0,0.0,Superbet.br,12.0,1.02,SeguroBet,9.5,1.03,bet365,5.0,1.17,bet365,2.2,1.65,bet365,1.68,2.15,bet365,1.4,2.85,bet365,1.18,4.8,bet365,1.14,5.75,bet365,0.0,8.0,11.0,bet365,34.0,4.75,5.5,bet365,12.0,3.5,2.75,bet365,2.1,6.5,1.11,bet365,1.4,17.0,1.04,bet365,1.11,0.0,0.0,,,,,,,,,,,0.59,0.41,,,,,,,,,,,17.0,13.0,4.0,3.0,9.0,9.0,4.0,1.0,,,,,,,,,,,14.0,5.0,23.0,11.0,26.0,20.0,14.0,17.0,2.0,0.0,,,0.0,6.0,,,,,,,,,,,,,,,,,,,,,,,,,0.53,0.47,,,,,,,,,,,5.0,8.0,2.0,1.0,2.0,7.0,1.0,0.0,,,,,,,,,,,1.0,3.0,7.0,7.0,10.0,11.0,9.0,5.0,,,,,0.0,1.0,,,,,,,,,,,,,,,,,,,,,,,,,0.61,0.39,,,,,,,,,,,6.0,5.0,1.0,2.0,4.0,2.0,1.0,1.0,,,,,,,,,,,4.0,2.0,8.0,2.0,11.0,7.0,3.0,8.0,1.0,0.0,,,0.0,2.0,,,,,,,,,,,,,,
IydxYg5d,EUROPE,2026/2027,EUROPE 3,Conference League,GfRbsVWM,EUROPE 3,30/07/2026,17:00,Quarter-finals,Gyor (Hun),4WnsYev9,Bissen (Lux),O4ORhR6N,False,1,1,2,6.0,2.0,7.0,3.0,"[50, 76]",[28],bet365,7.0,2.88,1.62,bet365,6.5,3.4,1.5,bet365,8.5,5.5,1.25,bet365,1.2,4.33,bet365,1.91,1.8,bet365,4.0,1.22,bet365,1.11,6.5,bet365,1.57,2.25,bet365,2.75,1.4,bet365,1.01,13.0,bet365,1.1,6.5,bet365,1.36,3.0,bet365,1.9,1.9,bet365,3.0,1.36,bet365,1.73,2.0,bet365,4.0,1.22,bet365,3.0,1.36,bet365,3.4,1.1,1.04,bet365,2.2,1.4,1.08,Sportingbet.br,2.6,1.25,1.08,bet365,7.0,1.08,Brasildasorte,5.0,1.14,Betano.br,5.1,1.13,bet365,1.73,21.0,51.0,4.33,10.0,19.0,17.0,21.0,15.0,bet365,1.98,1.88,bet365,2.0,1.8,bet365,1.83,1.83,bet365,23.0,bet365,11.0,bet365,34.0,bet365,12.0,bet365,8.5,bet365,51.0,bet365,9.5,bet365,26.0,bet365,19.0,bet365,9.0,bet365,101.0,bet365,11.0,bet365,51.0,bet365,21.0,bet365,51.0,,0.0,0.0,,0.0,0.0,,0.0,0.0,,0.0,0.0,SeguroBet,7.85,1.05,bet365,3.7,1.26,bet365,3.0,1.38,bet365,2.1,1.7,bet365,1.73,2.08,bet365,1.48,2.6,bet365,0.0,5.0,4.33,bet365,0.0,4.33,2.5,bet365,21.0,4.33,1.67,bet365,3.4,13.0,1.04,bet365,2.05,0.0,0.0,bet365,1.44,0.0,0.0,2.24,1.11,0.98,1.53,0.62,0.56,1.53,0.98,0.53,-0.02,0.54,0.46,0.9,0.86,0.72,0.48,0.75,0.72,1.0,0.0,0.14,0.31,10.0,17.0,3.0,7.0,4.0,4.0,3.0,6.0,5.0,10.0,5.0,7.0,3.0,2.0,1.0,0.0,13.0,18.0,2.0,4.0,8.0,16.0,12.0,19.0,16.0,8.0,3.0,3.0,0.0,1.0,0.0,2.0,6.0,2.0,0.75,0.8,30.0,46.0,17.0,17.0,8.0,11.0,0.0,0.0,1.0,0.0,0.11,0.59,0.03,0.48,0.2,0.23,0.48,0.03,-0.52,0.03,0.57,0.43,0.9,0.86,0.67,0.5,0.77,0.69,0.0,0.0,0.14,0.33,3.0,7.0,1.0,3.0,1.0,1.0,1.0,3.0,1.0,3.0,2.0,4.0,0.0,1.0,0.0,0.0,2.0,6.0,0.0,2.0,4.0,8.0,6.0,9.0,8.0,4.0,1.0,0.0,0.0,1.0,0.0,1.0,2.0,1.0,0.71,1.0,13.0,20.0,10.0,7.0,3.0,7.0,0.0,0.0,1.0,0.0,2.13,0.52,0.95,1.05,0.42,0.33,1.05,0.95,1.05,-0.05,0.5,0.5,0.89,0.86,0.77,0.46,0.74,0.76,1.0,0.0,0.14,0.25,7.0,10.0,2.0,4.0,3.0,3.0,2.0,3.0,4.0,7.0,3.0,3.0,3.0,1.0,1.0,0.0,11.0,12.0,2.0,2.0,4.0,8.0,6.0,10.0,8.0,4.0,2.0,3.0,,,0.0,1.0,4.0,1.0,0.78,0.7,17.0,26.0,7.0,10.0,5.0,4.0,0.0,0.0,0.0,0.0
IZz0u04N,EUROPE,2026/2027,EUROPE 3,Conference League,GfRbsVWM,EUROPE 3,30/07/2026,17:00,Quarter-finals,Zalgiris (Ltu),fuLOijFI,Dinamo Tbilisi (Geo),I7RM1rTm,False,7,2,2,0.0,3.0,7.0,5.0,"[9, 25, 59, 61, 73, 82, 88, 90]","[40, 72]",bet365,4.0,2.38,2.38,bet365,3.6,2.75,2.2,bet365,3.5,3.7,1.8,bet365,1.3,3.4,bet365,2.38,1.53,bet365,5.0,1.14,bet365,1.18,4.5,bet365,1.83,1.83,bet365,3.75,1.25,bet365,1.03,10.0,bet365,1.2,4.33,bet365,1.62,2.25,bet365,2.5,1.5,bet365,4.33,1.2,bet365,1.62,2.2,bet365,4.0,1.22,bet365,3.0,1.36,bet365,1.83,1.22,1.22,bet365,1.53,1.53,1.22,SeguroBet,1.68,1.4,1.23,bet365,2.75,1.4,LuvaBet,2.71,1.4,Betano.br,2.55,1.45,bet365,2.88,15.0,34.0,5.0,6.5,8.5,21.0,15.0,6.0,bet365,1.95,1.9,bet365,2.0,1.8,bet365,1.91,1.8,bet365,15.0,bet365,9.5,bet365,15.0,bet365,7.5,bet365,10.0,bet365,21.0,bet365,9.0,bet365,13.0,bet365,13.0,bet365,15.0,bet365,41.0,bet365,15.0,bet365,29.0,bet365,21.0,bet365,29.0,,0.0,0.0,,0.0,0.0,bet365,7.0,1.1,bet365,6.8,1.11,bet365,3.9,1.24,bet365,2.05,1.75,bet365,1.6,2.3,bet365,1.4,2.85,bet365,1.19,4.5,bet365,1.15,5.5,bet365,0.0,8.0,12.0,bet365,19.0,5.5,5.5,bet365,7.5,4.0,3.0,bet365,1.83,5.5,1.22,bet365,1.33,12.0,1.07,bet365,1.1,0.0,0.0,,,,,,,,,,,0.56,0.44,,,,,,,,,,,19.0,14.0,13.0,2.0,6.0,3.0,0.0,9.0,,,,,,,,,,,5.0,0.0,16.0,14.0,25.0,22.0,15.0,19.0,3.0,6.0,,,4.0,2.0,,,,,,,,,,,,,,,,,,,,,,,,,0.51,0.49,,,,,,,,,,,6.0,6.0,2.0,1.0,4.0,1.0,0.0,4.0,,,,,,,,,,,2.0,0.0,8.0,6.0,11.0,16.0,7.0,10.0,0.0,2.0,,,0.0,1.0,,,,,,,,,,,,,,,,,,,,,,,,,0.61,0.39,,,,,,,,,,,13.0,8.0,11.0,1.0,2.0,2.0,0.0,5.0,,,,,,,,,,,3.0,0.0,8.0,8.0,14.0,6.0,8.0,9.0,3.0,4.0,,,4.0,1.0,,,,,,,,,,,,,,
lGU7C2BO,EUROPE,2026/2027,EUROPE 3,Conference League,GfRbsVWM,EUROPE 3,30/07/2026,17:00,Quarter-finals,HB Torshavn (Fai),CUC7tw3r,Motherwell (Sco),YuW7ZfMM,False,0,3,2,0.0,2.0,0.0,5.0,[],"[25, 36, 50]",bet365,2.05,2.3,5.5,bet365,1.91,2.63,4.75,bet365,1.55,4.0,4.5,bet365,1.33,3.25,bet365,2.63,1.44,bet365,6.0,1.11,bet365,1.22,4.0,bet365,2.0,1.73,bet365,4.33,1.2,bet365,1.04,9.0,bet365,1.25,3.75,bet365,1.8,2.0,bet365,3.0,1.36,bet365,5.0,1.14,bet365,1.83,1.83,bet365,5.0,1.17,bet365,3.75,1.25,bet365,1.13,1.17,2.2,bet365,1.13,1.57,1.73,Sportingbet.br,1.16,1.41,1.83,bet365,1.25,3.75,Superbet.br,1.31,3.1,Superbet.br,1.3,3.1,bet365,8.5,19.0,23.0,11.0,6.0,4.33,41.0,17.0,2.38,bet365,1.93,1.93,bet365,2.1,1.73,bet365,1.91,1.8,bet365,12.0,bet365,13.0,bet365,7.0,bet365,8.5,bet365,23.0,bet365,7.5,bet365,17.0,bet365,8.5,bet365,19.0,bet365,51.0,bet365,11.0,bet365,41.0,bet365,13.0,bet365,41.0,bet365,26.0,bet365,5.25,1.16,bet365,4.25,1.21,bet365,2.68,1.45,bet365,2.08,1.73,bet365,1.63,2.25,bet365,1.21,4.25,1xBet.br,1.05,10.0,Superbet.br,1.03,10.0,,0.0,0.0,,0.0,0.0,bet365,9.5,0.0,0.0,bet365,4.75,15.0,29.0,bet365,2.5,6.5,10.0,bet365,1.13,3.6,2.2,bet365,1.04,4.5,1.44,bet365,0.0,7.5,1.14,,,,,,,,,,,0.47,0.53,,,,,,,,,,,12.0,13.0,4.0,6.0,5.0,5.0,3.0,2.0,,,,,,,,,,,6.0,1.0,11.0,17.0,21.0,18.0,16.0,4.0,,,,,1.0,6.0,,,,,,,,,,,,,,,,,,,,,,,,,0.51,0.49,,,,,,,,,,,6.0,4.0,3.0,4.0,1.0,0.0,2.0,0.0,,,,,,,,,,,4.0,0.0,4.0,7.0,11.0,10.0,5.0,3.0,,,,,1.0,1.0,,,,,,,,,,,,,,,,,,,,,,,,,0.42,0.58,,,,,,,,,,,6.0,9.0,1.0,2.0,4.0,5.0,1.0,2.0,,,,,,,,,,,2.0,1.0,7.0,10.0,10.0,8.0,11.0,1.0,,,,,0.0,5.0,,,,,,,,,,,,,,
CGpZjHpn,EUROPE,2026/2027,EUROPE 3,Conference League,GfRbsVWM,EUROPE 3,30/07/2026,17:00,Quarter-finals,Velez Mostar (Bih),Q7LPqcLQ,Dun. Streda (Svk),YHIkizpH,False,0,3,2,0.0,1.0,0.0,4.0,[],"[22, 38, 90]",bet365,2.5,2.0,4.5,bet365,2.3,2.3,4.0,bet365,1.91,3.25,3.6,bet365,1.5,2.5,bet365,3.4,1.3,bet365,8.0,1.06,bet365,1.3,3.4,bet365,2.5,1.5,bet365,6.0,1.13,bet365,1.07,7.5,bet365,1.4,2.75,bet365,2.25,1.62,bet365,4.33,1.2,bet365,7.5,1.07,bet365,2.1,1.67,bet365,5.5,1.14,bet365,4.0,1.22,bet365,1.22,1.25,1.73,bet365,1.17,1.73,1.5,Sportingbet.br,1.21,1.55,1.53,bet365,1.44,2.63,BrasilBet,1.42,2.65,Betano.br,1.5,2.4,bet365,6.5,17.0,29.0,7.5,5.0,4.75,41.0,17.0,3.0,bet365,1.95,1.9,bet365,2.2,1.67,bet365,2.0,1.73,bet365,8.0,bet365,9.0,bet365,6.0,bet365,6.5,bet365,19.0,bet365,8.5,bet365,13.0,bet365,9.5,bet365,19.0,bet365,41.0,bet365,17.0,bet365,41.0,bet365,19.0,bet365,41.0,bet365,34.0,bet365,7.0,1.1,bet365,7.0,1.1,bet365,3.7,1.26,bet365,2.85,1.4,bet365,2.0,1.8,bet365,1.27,3.55,bet365,1.1,7.0,1xBet.br,1.03,8.5,,0.0,0.0,,0.0,0.0,bet365,21.0,0.0,0.0,bet365,7.5,13.0,26.0,bet365,3.6,5.0,9.0,bet365,1.22,3.6,1.73,bet365,1.05,5.5,1.25,bet365,0.0,12.0,1.06,,,,,,,,,,,0.42,0.58,,,,,,,,,,,9.0,10.0,1.0,5.0,5.0,4.0,3.0,1.0,,,,,,,,,,,1.0,4.0,13.0,15.0,20.0,25.0,15.0,11.0,2.0,1.0,,,0.0,1.0,,,,,,,,,,,,,,,,,,,,,,,,,0.41,0.59,,,,,,,,,,,4.0,7.0,1.0,3.0,2.0,3.0,1.0,1.0,,,,,,,,,,,0.0,2.0,5.0,9.0,9.0,12.0,9.0,2.0,1.0,0.0,,,0.0,1.0,,,,,,,,,,,,,,,,,,,,,,,,,0.43,0.57,,,,,,,,,,,5.0,3.0,0.0,2.0,3.0,1.0,2.0,0.0,,,,,,,,,,,1.0,2.0,8.0,6.0,11.0,13.0,6.0,9.0,1.0,1.0,,,0.0,0.0,,,,,,,,,,,,,,
nVpRBUCb,EUROPE,2026/2027,EUROPE 3,Conference League,GfRbsVWM,EUROPE 3,30/07/2026,16:00,Quarter-finals,Kalju (Est),6sqJGMx9,Shelbourne (Irl),OjQROO8j,False,2,1,2,2.0,5.0,4.0,6.0,"[49, 75, 90]",[14],bet365,2.4,2.38,3.75,bet365,2.2,2.75,3.4,bet365,1.9,3.75,3.25,bet365,1.29,3.5,bet365,2.25,1.57,bet365,5.0,1.14,bet365,1.17,5.0,bet365,1.8,1.91,bet365,3.5,1.29,bet365,1.03,10.0,bet365,1.2,4.33,bet365,1.65,2.2,bet365,2.63,1.44,bet365,4.5,1.17,bet365,1.57,2.25,bet365,3.75,1.25,bet365,2.75,1.4,bet365,1.25,1.2,1.8,bet365,1.25,1.53,1.53,Sportingbet.br,1.25,1.41,1.62,bet365,1.5,2.5,Galerabet,1.5,2.4,Superbet.br,1.54,2.27,bet365,5.5,15.0,21.0,8.0,6.5,5.5,29.0,15.0,3.0,bet365,1.98,1.88,bet365,2.0,1.8,bet365,1.91,1.8,bet365,17.0,bet365,15.0,bet365,10.0,bet365,8.0,bet365,21.0,bet365,11.0,bet365,13.0,bet365,9.0,bet365,13.0,bet365,34.0,bet365,17.0,bet365,23.0,bet365,15.0,bet365,29.0,bet365,21.0,bet365,6.8,1.11,bet365,6.0,1.13,bet365,3.45,1.3,bet365,2.68,1.45,bet365,1.98,1.83,bet365,1.33,3.3,bet365,1.14,5.75,bet365,1.11,6.6,1xBet.br,1.01,10.5,SeguroBet,1.02,10.0,bet365,15.0,0.0,0.0,bet365,6.0,10.0,15.0,bet365,3.2,5.5,6.5,bet365,1.25,4.0,1.8,bet365,1.09,5.5,1.3,bet365,0.0,10.0,1.1,,,,,,,,,,,0.46,0.54,,,,,,,,,,,12.0,12.0,7.0,4.0,4.0,4.0,1.0,4.0,,,,,,,,,,,4.0,3.0,11.0,17.0,19.0,20.0,16.0,7.0,3.0,3.0,1.0,0.0,1.0,3.0,,,,,,,,,,,,,,,,,,,,,,,,,0.46,0.54,,,,,,,,,,,6.0,6.0,4.0,2.0,2.0,2.0,0.0,2.0,,,,,,,,,,,2.0,1.0,3.0,5.0,12.0,9.0,4.0,2.0,0.0,1.0,1.0,0.0,0.0,0.0,,,,,,,,,,,,,,,,,,,,,,,,,0.46,0.54,,,,,,,,,,,6.0,6.0,3.0,2.0,2.0,2.0,1.0,2.0,,,,,,,,,,,2.0,2.0,8.0,12.0,7.0,11.0,12.0,5.0,3.0,2.0,,,1.0,3.0,,,,,,,,,,,,,,
jq1Jkpe3,EUROPE,2026/2027,EUROPE 3,Conference League,GfRbsVWM,EUROPE 3,30/07/2026,17:00,Quarter-finals,Brann (Nor),QBbt6ivB,U. Cluj (Rou),Us6gkXaT,False,3,1,2,2.0,2.0,5.0,3.0,"[8, 45, 75]",[26],bet365,5.5,2.63,1.8,bet365,5.5,3.0,1.67,bet365,6.0,4.33,1.4,bet365,1.25,3.75,bet365,2.1,1.67,bet365,4.5,1.17,bet365,1.14,5.5,bet365,1.67,2.1,bet365,3.25,1.33,bet365,1.02,11.0,bet365,1.14,5.0,bet365,1.5,2.5,bet365,2.1,1.67,bet365,3.75,1.25,bet365,1.67,2.1,bet365,4.0,1.22,bet365,3.0,1.36,bet365,2.6,1.14,1.08,bet365,1.91,1.44,1.13,1xBet.br,2.05,1.28,1.06,bet365,5.0,1.14,Novibet,4.25,1.18,Betano.br,3.95,1.22,bet365,2.0,17.0,41.0,4.5,7.5,15.0,19.0,19.0,10.0,bet365,1.98,1.88,bet365,2.0,1.8,bet365,1.91,1.8,bet365,19.0,bet365,10.0,bet365,23.0,bet365,9.5,bet365,8.5,bet365,41.0,bet365,9.0,bet365,21.0,bet365,15.0,bet365,10.0,bet365,67.0,bet365,11.0,bet365,41.0,bet365,21.0,bet365,41.0,,0.0,0.0,,0.0,0.0,SeguroBet,10.3,1.02,SeguroBet,10.0,1.02,bet365,6.25,1.12,bet365,2.75,1.43,bet365,2.25,1.63,bet365,1.75,2.05,bet365,1.43,2.75,bet365,1.3,3.45,bet365,0.0,6.0,6.0,bet365,34.0,4.33,3.4,bet365,13.0,4.0,2.0,bet365,2.6,8.5,1.08,bet365,1.73,19.0,1.03,bet365,1.29,0.0,0.0,,,,,,,,,,,0.68,0.32,,,,,,,,,,,16.0,11.0,9.0,2.0,5.0,5.0,2.0,4.0,,,,,,,,,,,6.0,3.0,20.0,16.0,23.0,16.0,17.0,23.0,1.0,4.0,,,1.0,0.0,,,,,,,,,,,,,,,,,,,,,,,,,0.73,0.27,,,,,,,,,,,7.0,7.0,3.0,2.0,4.0,3.0,0.0,2.0,,,,,,,,,,,0.0,2.0,9.0,10.0,9.0,8.0,9.0,9.0,1.0,2.0,,,1.0,0.0,,,,,,,,,,,,,,,,,,,,,,,,,0.63,0.37,,,,,,,,,,,9.0,4.0,6.0,0.0,1.0,2.0,2.0,2.0,,,,,,,,,,,6.0,1.0,11.0,6.0,14.0,8.0,8.0,14.0,0.0,2.0,,,0.0,0.0,,,,,,,,,,,,,,
AHPv11LG,EUROPE,2026/2027,EUROPE 3,Conference League,GfRbsVWM,EUROPE 3,30/07/2026,16:00,Quarter-finals,Auda (Lat),n9K4jY6A,FCSB (Rou),Gv2kjDpN,False,4,1,2,3.0,2.0,7.0,3.0,"[45, 67, 84, 90]",[58],bet365,2.0,2.4,5.0,bet365,1.8,2.88,4.75,bet365,1.5,4.2,5.0,bet365,1.29,3.5,bet365,2.25,1.57,bet365,5.0,1.14,bet365,1.17,5.0,bet365,1.8,1.91,bet365,3.5,1.29,bet365,1.03,10.0,bet365,1.2,4.33,bet365,1.6,2.3,bet365,2.5,1.5,bet365,4.33,1.2,bet365,1.67,2.1,bet365,4.0,1.22,bet365,3.25,1.33,bet365,1.11,1.17,2.3,bet365,1.14,1.53,1.73,Sportingbet.br,1.16,1.36,1.9,bet365,1.22,4.0,BrasilBet,1.25,3.5,Betano.br,1.29,3.4,bet365,8.5,17.0,19.0,12.0,7.0,4.33,41.0,17.0,2.25,bet365,1.88,1.98,bet365,2.0,1.8,bet365,1.91,1.8,bet365,17.0,bet365,19.0,bet365,8.0,bet365,9.0,bet365,29.0,bet365,8.5,bet365,17.0,bet365,8.0,bet365,15.0,bet365,51.0,bet365,12.0,bet365,41.0,bet365,12.0,bet365,41.0,bet365,21.0,bet365,4.4,1.2,bet365,3.7,1.26,bet365,2.42,1.53,bet365,1.9,1.9,bet365,1.53,2.42,bet365,1.16,5.25,1xBet.br,1.01,9.6,1xBet.br,1.04,10.5,,0.0,0.0,,0.0,0.0,bet365,8.5,0.0,0.0,bet365,4.33,17.0,29.0,bet365,2.4,7.0,11.0,bet365,1.11,3.5,2.3,bet365,1.04,4.75,1.5,bet365,0.0,7.0,1.18,,,,,,,,,,,0.49,0.51,,,,,,,,,,,14.0,18.0,8.0,8.0,4.0,6.0,2.0,4.0,,,,,,,,,,,4.0,4.0,13.0,12.0,12.0,34.0,9.0,11.0,3.0,2.0,,,1.0,4.0,,,,,,,,,,,,,,,,,,,,,,,,,0.46,0.54,,,,,,,,,,,5.0,6.0,2.0,4.0,2.0,1.0,1.0,1.0,,,,,,,,,,,0.0,0.0,10.0,4.0,7.0,23.0,3.0,8.0,1.0,1.0,,,1.0,2.0,,,,,,,,,,,,,,,,,,,,,,,,,0.52,0.48,,,,,,,,,,,9.0,12.0,6.0,4.0,2.0,5.0,1.0,3.0,,,,,,,,,,,4.0,4.0,3.0,8.0,5.0,11.0,6.0,3.0,2.0,1.0,,,0.0,2.0,,,,,,,,,,,,,,
Y5ViF3Jj,EUROPE,2026/2027,EUROPE 3,Conference League,GfRbsVWM,EUROPE 3,30/07/2026,14:00,Quarter-finals,Atletic Escaldes (And),hQcdh3te,Vaduz (Lie),G6Ih9GOj,False,0,2,2,0.0,4.0,0.0,6.0,[],"[9, 73]",,0.0,0.0,0.0,,0.0,0.0,0.0,,0.0,0.0,0.0,,0.0,0.0,,0.0,0.0,,0.0,0.0,,0.0,0.0,,0.0,0.0,,0.0,0.0,,0.0,0.0,,0.0,0.0,,0.0,0.0,,0.0,0.0,,0.0,0.0,,0.0,0.0,,0.0,0.0,,0.0,0.0,,0.0,0.0,0.0,,0.0,0.0,0.0,,0.0,0.0,0.0,,0.0,0.0,,0.0,0.0,,0.0,0.0,,0.0,0.0,0.0,0.0,0.0,0.0,0.0,0.0,0.0,,0.0,0.0,,0.0,0.0,,0.0,0.0,,0.0,,0.0,,0.0,,0.0,,0.0,,0.0,,0.0,,0.0,,0.0,,0.0,,0.0,,0.0,,0.0,,0.0,,0.0,,0.0,0.0,,0.0,0.0,,0.0,0.0,,0.0,0.0,,0.0,0.0,,0.0,0.0,,0.0,0.0,,0.0,0.0,,0.0,0.0,,0.0,0.0,,0.0,0.0,0.0,,0.0,0.0,0.0,,0.0,0.0,0.0,,0.0,0.0,0.0,,0.0,0.0,0.0,,0.0,0.0,0.0,,,,,,,,,,,0.47,0.53,,,,,,,,,,,8.0,13.0,1.0,8.0,4.0,4.0,3.0,1.0,,,,,,,,,,,6.0,4.0,23.0,18.0,19.0,9.0,16.0,22.0,4.0,1.0,,,5.0,5.0,,,,,,,,,,,,,,,,,,,,,,,,,0.47,0.53,,,,,,,,,,,6.0,5.0,1.0,3.0,3.0,2.0,2.0,0.0,,,,,,,,,,,2.0,1.0,14.0,8.0,12.0,3.0,7.0,13.0,,,,,2.0,2.0,,,,,,,,,,,,,,,,,,,,,,,,,0.47,0.53,,,,,,,,,,,2.0,8.0,0.0,5.0,1.0,2.0,1.0,1.0,,,,,,,,,,,4.0,3.0,9.0,10.0,7.0,6.0,9.0,9.0,4.0,1.0,,,3.0,3.0,,,,,,,,,,,,,,
lAuS4Rum,EUROPE,2026/2027,EUROPE 3,Conference League,GfRbsVWM,EUROPE 3,30/07/2026,16:00,Quarter-finals,Jablonec (Cze),CM8ySpMH,Varazdin (Cro),Wv0GNPrm,False,2,0,2,2.0,3.0,4.0,3.0,"[29, 54, 81]",[],,0.0,0.0,0.0,,0.0,0.0,0.0,,0.0,0.0,0.0,,0.0,0.0,,0.0,0.0,,0.0,0.0,,0.0,0.0,,0.0,0.0,,0.0,0.0,,0.0,0.0,,0.0,0.0,,0.0,0.0,,0.0,0.0,,0.0,0.0,,0.0,0.0,,0.0,0.0,,0.0,0.0,,0.0,0.0,0.0,,0.0,0.0,0.0,,0.0,0.0,0.0,,0.0,0.0,,0.0,0.0,,0.0,0.0,,0.0,0.0,0.0,0.0,0.0,0.0,0.0,0.0,0.0,,0.0,0.0,,0.0,0.0,,0.0,0.0,,0.0,,0.0,,0.0,,0.0,,0.0,,0.0,,0.0,,0.0,,0.0,,0.0,,0.0,,0.0,,0.0,,0.0,,0.0,,0.0,0.0,,0.0,0.0,,0.0,0.0,,0.0,0.0,,0.0,0.0,,0.0,0.0,,0.0,0.0,,0.0,0.0,,0.0,0.0,,0.0,0.0,,0.0,0.0,0.0,,0.0,0.0,0.0,,0.0,0.0,0.0,,0.0,0.0,0.0,,0.0,0.0,0.0,,0.0,0.0,0.0,,,,,,,,,,,0.42,0.58,,,,,,,,,,,11.0,7.0,4.0,2.0,4.0,2.0,3.0,3.0,,,,,,,,,,,4.0,3.0,15.0,19.0,25.0,22.0,17.0,14.0,1.0,2.0,,,5.0,3.0,,,,,,,,,,,,,,,,,,,,,,,,,0.42,0.58,,,,,,,,,,,4.0,3.0,2.0,1.0,1.0,0.0,1.0,2.0,,,,,,,,,,,1.0,1.0,5.0,9.0,15.0,9.0,8.0,7.0,,,,,2.0,0.0,,,,,,,,,,,,,,,,,,,,,,,,,0.42,0.58,,,,,,,,,,,7.0,4.0,2.0,1.0,3.0,2.0,2.0,1.0,,,,,,,,,,,3.0,2.0,10.0,10.0,10.0,13.0,9.0,7.0,1.0,2.0,,,3.0,3.0,,,,,,,,,,,,,,
ju1ujqWA,EUROPE,2026/2027,EUROPE 3,Conference League,GfRbsVWM,EUROPE 3,30/07/2026,16:00,Quarter-finals,Inter Turku (Fin),QwkNUoNH,Basaksehir (Tur),YqP5NmC1,False,2,0,2,1.0,1.0,3.0,1.0,"[18, 47]",[],bet365,2.25,2.25,4.5,bet365,2.1,2.6,4.0,bet365,1.75,3.5,4.2,bet365,1.36,3.0,bet365,2.63,1.44,bet365,6.0,1.11,bet365,1.22,4.0,bet365,2.0,1.73,bet365,4.33,1.2,bet365,1.04,9.0,bet365,1.22,4.0,bet365,1.73,2.08,bet365,2.63,1.44,bet365,4.5,1.17,bet365,1.8,1.91,bet365,4.5,1.18,bet365,3.4,1.3,bet365,1.17,1.22,1.91,bet365,1.17,1.57,1.57,Betano.br,1.23,1.44,1.67,bet365,1.33,3.25,Novibet,1.39,2.75,Betano.br,1.4,2.75,bet365,7.0,15.0,23.0,9.5,5.5,4.75,41.0,15.0,2.75,bet365,2.0,1.85,bet365,2.1,1.73,bet365,1.91,1.8,bet365,11.0,bet365,13.0,bet365,7.5,bet365,7.0,bet365,23.0,bet365,8.5,bet365,15.0,bet365,9.0,bet365,15.0,bet365,41.0,bet365,15.0,bet365,34.0,bet365,15.0,bet365,41.0,bet365,26.0,bet365,6.0,1.13,bet365,5.25,1.16,bet365,3.0,1.38,bet365,2.38,1.55,bet365,1.8,2.0,bet365,1.23,4.0,1xBet.br,1.08,7.82,Superbet.br,1.05,8.2,,0.0,0.0,,0.0,0.0,bet365,12.0,0.0,0.0,bet365,5.5,13.0,23.0,bet365,2.88,6.0,9.0,bet365,1.17,3.75,1.91,bet365,1.05,5.0,1.36,bet365,0.0,8.5,1.09,1.43,0.9,2.15,0.12,1.07,1.02,0.12,2.15,0.12,0.15,0.41,0.59,0.83,0.89,0.4,0.57,0.61,0.78,0.0,0.0,0.11,0.16,10.0,12.0,7.0,1.0,2.0,9.0,1.0,2.0,9.0,7.0,1.0,5.0,3.0,0.0,0.0,0.0,26.0,28.0,1.0,8.0,11.0,8.0,17.0,10.0,8.0,11.0,3.0,2.0,1.0,0.0,2.0,0.0,1.0,5.0,0.69,0.54,43.0,38.0,36.0,16.0,9.0,6.0,1.0,1.0,0.0,0.0,0.27,0.21,0.92,0.12,0.25,0.41,0.12,0.92,0.12,-0.08,0.42,0.58,0.86,0.91,0.43,0.54,0.63,0.81,0.0,0.0,0.2,0.12,3.0,4.0,2.0,1.0,0.0,1.0,1.0,2.0,2.0,2.0,1.0,2.0,1.0,0.0,0.0,0.0,8.0,12.0,0.0,3.0,4.0,4.0,8.0,6.0,4.0,4.0,0.0,1.0,,,2.0,0.0,1.0,1.0,0.67,0.5,20.0,15.0,15.0,10.0,3.0,3.0,1.0,0.0,0.0,0.0,1.16,0.69,1.23,0.0,0.82,0.61,0.0,1.23,0.0,0.23,0.41,0.59,0.8,0.86,0.38,0.59,0.6,0.76,0.0,0.0,0.0,0.19,7.0,8.0,5.0,0.0,2.0,8.0,0.0,0.0,7.0,5.0,0.0,3.0,2.0,0.0,0.0,0.0,18.0,16.0,1.0,5.0,7.0,4.0,9.0,4.0,4.0,7.0,3.0,1.0,1.0,0.0,0.0,0.0,0.0,4.0,0.75,0.56,23.0,23.0,21.0,6.0,6.0,3.0,0.0,1.0,0.0,0.0
hGiQFXSg,EUROPE,2026/2027,EUROPE 3,Conference League,GfRbsVWM,EUROPE 3,30/07/2026,17:00,Quarter-finals,Nordsjaelland (Den),2wZHnGDH,GAIS (Swe),bJewAOTf,False,6,0,2,0.0,1.0,6.0,1.0,"[11, 14, 36, 59, 63, 81]",[],bet365,5.5,2.5,1.95,bet365,4.75,2.88,1.8,bet365,4.5,4.75,1.45,bet365,1.29,3.5,bet365,2.25,1.57,bet365,5.0,1.14,bet365,1.17,5.0,bet365,1.83,1.83,bet365,3.5,1.29,bet365,1.02,10.5,bet365,1.2,4.33,bet365,1.57,2.35,bet365,2.5,1.5,bet365,4.33,1.2,bet365,1.73,2.0,bet365,4.33,1.2,bet365,3.25,1.33,bet365,2.4,1.13,1.13,bet365,1.8,1.5,1.13,1xBet.br,1.89,1.31,1.08,bet365,4.0,1.22,BrasilBet,3.65,1.25,Betano.br,3.4,1.29,bet365,2.2,17.0,34.0,4.33,7.5,12.0,19.0,19.0,9.0,bet365,1.83,2.03,bet365,2.0,1.8,bet365,1.91,1.8,bet365,19.0,bet365,8.0,bet365,17.0,bet365,10.0,bet365,8.5,bet365,29.0,bet365,8.0,bet365,17.0,bet365,19.0,bet365,11.0,bet365,51.0,bet365,12.0,bet365,41.0,bet365,21.0,bet365,41.0,,0.0,0.0,,0.0,0.0,SeguroBet,9.5,1.03,1xBet.br,10.0,1.01,bet365,4.8,1.18,bet365,2.6,1.48,bet365,2.03,1.78,bet365,1.58,2.35,bet365,1.3,3.45,bet365,1.23,4.1,bet365,0.0,7.0,8.0,bet365,29.0,4.5,4.0,bet365,11.0,3.5,2.3,bet365,2.4,6.5,1.13,bet365,1.53,15.0,1.04,bet365,1.18,0.0,0.0,2.95,0.54,3.09,0.08,1.51,0.65,0.08,3.09,0.08,-1.91,0.57,0.43,0.9,0.87,0.61,0.48,0.77,0.75,1.0,0.0,0.3,0.25,22.0,10.0,10.0,2.0,6.0,3.0,6.0,5.0,16.0,6.0,6.0,4.0,5.0,0.0,3.0,0.0,40.0,18.0,2.0,1.0,14.0,17.0,18.0,10.0,17.0,14.0,3.0,3.0,,,2.0,4.0,2.0,5.0,0.36,0.8,38.0,35.0,12.0,16.0,3.0,13.0,0.0,2.0,0.0,2.0,1.27,0.29,1.57,0.08,0.65,0.45,0.08,1.57,0.08,-0.43,0.56,0.44,0.91,0.89,0.7,0.57,0.81,0.78,1.0,0.0,0.43,0.33,12.0,8.0,5.0,2.0,3.0,3.0,4.0,3.0,7.0,4.0,5.0,4.0,3.0,0.0,1.0,0.0,20.0,10.0,1.0,0.0,3.0,8.0,9.0,6.0,8.0,3.0,1.0,1.0,,,0.0,3.0,2.0,3.0,0.2,0.75,13.0,17.0,8.0,8.0,2.0,8.0,0.0,1.0,0.0,1.0,1.68,0.25,1.52,0.0,0.86,0.2,0.0,1.52,0.0,-1.48,0.59,0.41,0.9,0.85,0.5,0.39,0.7,0.73,0.0,0.0,0.0,0.2,10.0,2.0,5.0,0.0,3.0,0.0,2.0,2.0,9.0,2.0,1.0,0.0,2.0,0.0,2.0,0.0,20.0,8.0,1.0,1.0,11.0,9.0,9.0,4.0,9.0,11.0,2.0,2.0,,,2.0,1.0,0.0,2.0,0.5,0.86,25.0,18.0,4.0,8.0,1.0,5.0,0.0,1.0,0.0,1.0
lWt2MtNc,EUROPE,2026/2027,EUROPE 3,Conference League,GfRbsVWM,EUROPE 3,30/07/2026,16:00,Quarter-finals,Noah (Arm),IeATrtcs,Zimbru Chisinau (Mda),ULsoeTbO,False,2,1,2,1.0,1.0,3.0,2.0,"[31, 47]",[76],bet365,9.0,2.6,1.67,bet365,8.5,3.0,1.5,bet365,11.0,4.75,1.27,bet365,1.3,3.4,bet365,2.38,1.53,bet365,5.0,1.14,bet365,1.18,4.5,bet365,1.83,1.83,bet365,3.75,1.25,bet365,1.04,9.0,bet365,1.2,4.33,bet365,1.65,2.2,bet365,2.5,1.5,bet365,4.33,1.2,bet365,2.2,1.62,bet365,5.5,1.14,bet365,4.0,1.22,bet365,3.75,1.17,1.02,bet365,2.1,1.5,1.04,Sportingbet.br,2.5,1.3,1.06,bet365,8.0,1.06,BrasilBet,6.5,1.08,Superbet.br,5.85,1.09,bet365,1.73,21.0,67.0,4.0,7.5,21.0,21.0,23.0,19.0,bet365,2.0,1.85,bet365,2.0,1.8,bet365,1.91,1.8,bet365,12.0,bet365,7.5,bet365,26.0,bet365,9.5,bet365,6.0,bet365,51.0,bet365,10.0,bet365,34.0,bet365,23.0,bet365,7.5,bet365,126.0,bet365,12.0,bet365,81.0,bet365,34.0,bet365,67.0,,0.0,0.0,,0.0,0.0,,0.0,0.0,,0.0,0.0,SeguroBet,9.7,1.02,bet365,3.55,1.27,bet365,2.85,1.4,bet365,2.03,1.78,bet365,1.6,2.3,bet365,1.4,2.85,bet365,0.0,5.0,5.0,bet365,67.0,4.0,2.75,bet365,29.0,4.0,1.73,bet365,3.75,13.0,1.02,bet365,1.95,34.0,1.01,bet365,1.36,0.0,0.0,,,,,,,,,,,0.59,0.41,,,,,,,,,,,13.0,5.0,4.0,1.0,6.0,2.0,3.0,2.0,,,,,,,,,,,7.0,2.0,17.0,13.0,30.0,19.0,7.0,18.0,1.0,3.0,,,2.0,0.0,,,,,,,,,,,,,,,,,,,,,,,,,0.66,0.34,,,,,,,,,,,8.0,1.0,2.0,0.0,4.0,1.0,2.0,0.0,,,,,,,,,,,2.0,0.0,6.0,6.0,16.0,9.0,3.0,5.0,1.0,0.0,,,2.0,0.0,,,,,,,,,,,,,,,,,,,,,,,,,0.51,0.49,,,,,,,,,,,5.0,4.0,2.0,1.0,2.0,1.0,1.0,2.0,,,,,,,,,,,5.0,2.0,11.0,7.0,14.0,10.0,4.0,13.0,0.0,3.0,,,0.0,0.0,,,,,,,,,,,,,,
Y5DMDVIl,EUROPE,2026/2027,EUROPE 3,Conference League,GfRbsVWM,EUROPE 3,30/07/2026,17:00,Quarter-finals,Petrocub (Mda),b5j3Rktc,Borac Banja Luka (Bih),pWGUPhrD,False,3,3,2,0.0,3.0,3.0,6.0,"[13, 19, 52]","[50, 56, 78]",bet365,2.38,2.2,4.33,bet365,2.2,2.5,4.0,bet365,1.8,3.75,3.5,bet365,1.36,3.0,bet365,2.75,1.4,bet365,6.5,1.1,bet365,1.25,3.75,bet365,2.1,1.67,bet365,4.5,1.18,bet365,1.05,8.5,bet365,1.3,3.4,bet365,1.95,1.85,bet365,3.4,1.3,bet365,6.0,1.11,bet365,1.83,1.83,bet365,5.0,1.17,bet365,3.75,1.25,bet365,1.22,1.2,1.83,bet365,1.2,1.62,1.53,Sportingbet.br,1.2,1.49,1.63,bet365,1.4,2.75,LuvaBet,1.4,2.71,Superbet.br,1.43,2.55,bet365,6.5,17.0,26.0,8.5,5.5,4.75,41.0,15.0,2.88,bet365,1.9,1.95,bet365,2.1,1.73,bet365,1.91,1.8,bet365,11.0,bet365,11.0,bet365,7.0,bet365,7.5,bet365,19.0,bet365,8.5,bet365,13.0,bet365,9.0,bet365,17.0,bet365,41.0,bet365,15.0,bet365,34.0,bet365,15.0,bet365,41.0,bet365,29.0,bet365,7.0,1.1,bet365,6.0,1.13,bet365,3.3,1.33,bet365,2.6,1.48,bet365,1.85,1.95,bet365,1.3,3.45,bet365,1.1,7.0,bet365,1.1,7.0,,0.0,0.0,,0.0,0.0,bet365,15.0,0.0,0.0,bet365,6.5,12.0,21.0,bet365,3.1,5.5,8.0,bet365,1.22,3.75,1.83,bet365,1.06,5.0,1.3,bet365,0.0,10.0,1.09,,,,,,,,,,,0.47,0.53,,,,,,,,,,,7.0,21.0,3.0,10.0,2.0,8.0,2.0,3.0,,,,,,,,,,,6.0,4.0,8.0,9.0,17.0,17.0,11.0,3.0,2.0,0.0,,,0.0,1.0,,,,,,,,,,,,,,,,,,,,,,,,,0.44,0.56,,,,,,,,,,,6.0,9.0,2.0,4.0,2.0,4.0,2.0,1.0,,,,,,,,,,,4.0,3.0,3.0,2.0,8.0,6.0,3.0,1.0,,,,,0.0,1.0,,,,,,,,,,,,,,,,,,,,,,,,,0.5,0.5,,,,,,,,,,,1.0,12.0,1.0,6.0,0.0,4.0,0.0,2.0,,,,,,,,,,,2.0,1.0,5.0,7.0,9.0,11.0,8.0,2.0,2.0,0.0,,,0.0,0.0,,,,,,,,,,,,,,
GpeSuixo,EUROPE,2026/2027,EUROPE 3,Conference League,GfRbsVWM,EUROPE 3,29/07/2026,18:30,Quarter-finals,SK Rapid (Aut),rejcUFSs,FC Santa Coloma (And),v1MelMDR,False,6,2,2,3.0,1.0,9.0,3.0,"[10, 24, 33, 58, 63, 82]","[30, 87]",bet365,13.0,3.25,1.36,bet365,12.0,3.75,1.3,bet365,19.0,8.0,1.11,bet365,1.2,4.33,bet365,1.91,1.8,bet365,3.75,1.25,bet365,1.11,6.5,bet365,1.57,2.25,bet365,2.75,1.4,bet365,1.01,13.0,bet365,1.1,6.5,bet365,1.36,3.0,bet365,1.83,1.83,bet365,3.0,1.36,bet365,2.25,1.57,bet365,5.5,1.14,bet365,4.0,1.22,bet365,6.0,1.06,1.0,bet365,3.0,1.33,1.01,Betano.br,3.1,1.2,1.05,bet365,10.5,1.02,Superbet.br,7.6,1.05,Superbet.br,7.8,1.04,bet365,1.44,29.0,81.0,4.0,13.0,34.0,21.0,34.0,34.0,bet365,1.98,1.88,bet365,2.0,1.8,bet365,1.83,1.83,bet365,21.0,bet365,10.0,bet365,41.0,bet365,17.0,bet365,7.0,bet365,81.0,bet365,12.0,bet365,41.0,bet365,34.0,bet365,6.5,bet365,151.0,bet365,12.0,bet365,126.0,bet365,34.0,bet365,101.0,,0.0,0.0,,0.0,0.0,,0.0,0.0,,0.0,0.0,,0.0,0.0,bet365,5.9,1.13,bet365,5.0,1.17,bet365,2.85,1.4,bet365,2.35,1.58,bet365,1.83,1.98,bet365,0.0,4.5,2.88,bet365,0.0,4.33,1.91,bet365,41.0,5.0,1.36,bet365,6.0,23.0,1.0,bet365,2.88,0.0,0.0,bet365,1.8,0.0,0.0,3.55,0.28,4.16,1.13,2.41,0.27,1.13,4.16,-0.87,-1.84,0.54,0.46,0.91,0.87,0.52,0.51,0.77,0.62,1.0,0.0,0.43,0.29,15.0,6.0,10.0,2.0,4.0,3.0,1.0,1.0,11.0,3.0,4.0,3.0,8.0,1.0,1.0,0.0,28.0,7.0,2.0,3.0,19.0,9.0,14.0,17.0,9.0,19.0,1.0,3.0,,,2.0,1.0,0.0,4.0,0.81,0.85,49.0,37.0,6.0,12.0,6.0,7.0,1.0,0.0,1.0,0.0,1.42,0.12,1.52,0.54,0.91,0.17,0.54,1.52,-0.46,-1.48,0.49,0.51,0.88,0.86,0.43,0.43,0.71,0.54,0.0,0.0,0.57,0.25,6.0,4.0,4.0,1.0,1.0,2.0,1.0,1.0,4.0,2.0,2.0,2.0,4.0,0.0,0.0,0.0,12.0,3.0,1.0,2.0,10.0,6.0,8.0,9.0,6.0,10.0,0.0,1.0,,,0.0,1.0,0.0,1.0,0.67,0.83,24.0,20.0,2.0,6.0,3.0,2.0,1.0,0.0,0.0,0.0,2.13,0.16,2.64,0.59,1.5,0.1,0.59,2.64,-0.41,-0.36,0.59,0.41,0.93,0.88,0.62,0.67,0.81,0.71,1.0,0.0,0.29,0.33,9.0,2.0,6.0,1.0,3.0,1.0,0.0,0.0,7.0,1.0,2.0,1.0,4.0,1.0,1.0,0.0,16.0,4.0,1.0,1.0,9.0,3.0,6.0,8.0,3.0,9.0,1.0,2.0,,,2.0,0.0,0.0,3.0,0.9,0.86,25.0,17.0,4.0,6.0,3.0,5.0,0.0,0.0,1.0,0.0
2Dok5wVF,EUROPE,2026/2027,EUROPE 3,Conference League,GfRbsVWM,EUROPE 3,30/07/2026,16:30,Quarter-finals,Levadia (Est),zNmMkSLj,Goteborg (Swe),UovQtopk,False,1,3,2,2.0,1.0,3.0,4.0,"[45, 120]","[45, 57, 88, 93, 103]",bet365,2.75,2.38,3.1,bet365,2.5,2.75,2.88,bet365,2.15,3.6,2.7,bet365,1.29,3.5,bet365,2.25,1.57,bet365,5.0,1.14,bet365,1.17,5.0,bet365,1.8,1.91,bet365,3.5,1.29,bet365,1.02,10.5,bet365,1.17,4.5,bet365,1.57,2.35,bet365,2.38,1.53,bet365,4.33,1.2,bet365,1.5,2.5,bet365,3.75,1.25,bet365,2.75,1.4,bet365,1.36,1.22,1.57,bet365,1.36,1.53,1.4,Betano.br,1.36,1.42,1.5,bet365,1.67,2.1,Jogo de Ouro,1.7,2.05,Betano.br,1.7,2.05,bet365,4.33,15.0,21.0,7.0,6.5,6.0,26.0,15.0,3.6,bet365,1.93,1.93,bet365,2.0,1.8,bet365,1.91,1.8,bet365,17.0,bet365,13.0,bet365,10.0,bet365,7.5,bet365,17.0,bet365,15.0,bet365,11.0,bet365,9.0,bet365,12.0,bet365,29.0,bet365,23.0,bet365,21.0,bet365,17.0,bet365,23.0,bet365,21.0,1xBet.br,11.0,1.04,bet365,7.0,1.1,bet365,4.25,1.21,bet365,3.45,1.3,bet365,2.2,1.65,bet365,1.43,2.75,bet365,1.2,4.4,bet365,1.15,5.5,1xBet.br,1.02,9.1,1xBet.br,1.01,10.0,bet365,21.0,0.0,0.0,bet365,8.5,8.0,11.0,bet365,4.0,4.75,5.0,bet365,1.36,4.0,1.57,bet365,1.13,6.5,1.18,bet365,0.0,13.0,1.06,,,,,,,,,,,0.49,0.51,,,,,,,,,,,12.0,14.0,7.0,8.0,3.0,3.0,2.0,3.0,,,,,,,,,,,7.0,8.0,24.0,23.0,29.0,23.0,20.0,17.0,4.0,4.0,,,6.0,8.0,,,,,,,,,,,,,,,,,,,,,,,,,0.45,0.55,,,,,,,,,,,2.0,5.0,1.0,2.0,0.0,2.0,1.0,1.0,,,,,,,,,,,2.0,6.0,6.0,7.0,13.0,7.0,6.0,3.0,1.0,1.0,,,2.0,3.0,,,,,,,,,,,,,,,,,,,,,,,,,0.51,0.49,,,,,,,,,,,5.0,3.0,3.0,2.0,2.0,1.0,0.0,0.0,,,,,,,,,,,2.0,2.0,14.0,10.0,11.0,9.0,9.0,12.0,2.0,1.0,,,1.0,4.0,,,,,,,,,,,,,,
hfnkmZqB,EUROPE,2026/2027,EUROPE 3,Conference League,GfRbsVWM,EUROPE 3,30/07/2026,16:00,Quarter-finals,Ilves (Fin),pYGmWmwa,Stjarnan (Ice),40ut6U2b,False,3,1,2,-1.0,1.0,2.0,2.0,"[1, 2, 3, 4, 5, 52, 113, 120]","[1, 2, 3, 4, 5, 107]",bet365,4.33,2.5,2.1,bet365,4.0,2.88,1.95,bet365,4.5,3.9,1.65,bet365,1.25,3.75,bet365,2.2,1.62,bet365,4.5,1.17,bet365,1.14,5.5,bet365,1.73,2.0,bet365,3.4,1.3,bet365,1.02,10.5,bet365,1.14,5.0,bet365,1.5,2.5,bet365,2.2,1.62,bet365,3.75,1.25,bet365,1.53,2.38,bet365,3.75,1.25,bet365,2.75,1.4,bet365,2.2,1.25,1.17,bet365,1.67,1.5,1.2,Betano.br,1.75,1.38,1.23,bet365,3.5,1.29,Sportingbet.br,2.85,1.36,Betano.br,2.8,1.38,bet365,2.5,15.0,34.0,4.75,7.0,10.0,19.0,15.0,7.0,bet365,1.93,1.93,bet365,2.0,1.8,bet365,1.91,1.8,bet365,17.0,bet365,9.5,bet365,19.0,bet365,8.0,bet365,10.0,bet365,29.0,bet365,8.0,bet365,15.0,bet365,13.0,bet365,15.0,bet365,51.0,bet365,13.0,bet365,34.0,bet365,19.0,bet365,34.0,,0.0,0.0,,0.0,0.0,1xBet.br,10.0,1.05,1xBet.br,9.1,1.06,bet365,4.5,1.19,bet365,2.25,1.63,bet365,1.73,2.08,bet365,1.45,2.68,bet365,1.22,4.15,bet365,1.17,5.0,bet365,0.0,8.0,9.5,bet365,23.0,5.0,4.75,bet365,9.0,3.6,2.63,bet365,2.2,6.5,1.17,bet365,1.4,15.0,1.05,bet365,1.13,0.0,0.0,,,,,,,,,,,0.63,0.37,,,,,,,,,,,14.0,12.0,5.0,6.0,5.0,4.0,4.0,2.0,,,,,,,,,,,9.0,6.0,18.0,15.0,36.0,27.0,10.0,16.0,3.0,4.0,,,5.0,0.0,,,,,,,,,,,,,,,,,,,,,,,,,0.64,0.36,,,,,,,,,,,3.0,5.0,2.0,2.0,1.0,1.0,0.0,2.0,,,,,,,,,,,2.0,4.0,5.0,6.0,15.0,12.0,4.0,5.0,1.0,1.0,,,1.0,0.0,,,,,,,,,,,,,,,,,,,,,,,,,0.6,0.4,,,,,,,,,,,8.0,6.0,2.0,3.0,3.0,3.0,3.0,0.0,,,,,,,,,,,3.0,2.0,9.0,4.0,10.0,7.0,2.0,9.0,0.0,2.0,,,2.0,0.0,,,,,,,,,,,,,,
fX3Cu1uB,EUROPE,2026/2027,EUROPE 3,Conference League,GfRbsVWM,EUROPE 3,29/07/2026,17:00,Quarter-finals,FC Copenhagen (Den),hSPZwbEh,Polissya Zhytomyr (Ukr),f3sGNX3j,False,2,1,2,3.0,3.0,5.0,4.0,"[27, 61]",[90],bet365,4.33,2.5,2.1,bet365,4.0,2.88,1.95,bet365,4.1,3.9,1.67,bet365,1.25,3.75,bet365,2.2,1.62,bet365,4.5,1.17,bet365,1.14,5.5,bet365,1.73,2.0,bet365,3.4,1.3,bet365,1.0,17.0,bet365,1.17,4.5,bet365,1.53,2.38,bet365,2.25,1.57,bet365,4.0,1.22,bet365,1.57,2.25,bet365,3.75,1.25,bet365,3.0,1.36,bet365,2.0,1.18,1.17,bet365,1.67,1.5,1.2,Betano.br,1.8,1.39,1.2,bet365,3.4,1.3,Brasildasorte,3.2,1.3,Betano.br,3.15,1.33,bet365,2.5,15.0,34.0,5.0,7.0,10.0,21.0,15.0,7.0,bet365,1.98,1.88,bet365,2.0,1.8,bet365,1.91,1.8,bet365,17.0,bet365,10.0,bet365,19.0,bet365,8.5,bet365,9.5,bet365,29.0,bet365,9.0,bet365,15.0,bet365,13.0,bet365,13.0,bet365,51.0,bet365,12.0,bet365,34.0,bet365,21.0,bet365,34.0,,0.0,0.0,,0.0,0.0,1xBet.br,11.0,1.04,1xBet.br,10.0,1.05,bet365,4.4,1.2,bet365,2.25,1.63,bet365,1.78,2.03,bet365,1.5,2.5,bet365,1.24,3.9,bet365,1.19,4.5,bet365,0.0,7.5,9.5,bet365,23.0,4.75,4.75,bet365,8.5,4.0,2.4,bet365,2.15,6.0,1.17,bet365,1.44,13.0,1.06,bet365,1.14,0.0,0.0,1.86,1.49,1.78,1.19,0.73,1.24,1.19,1.78,0.19,-0.22,0.3,0.7,0.79,0.9,0.53,0.8,0.57,0.84,0.0,0.0,0.0,0.19,5.0,26.0,2.0,4.0,1.0,11.0,2.0,11.0,4.0,7.0,1.0,19.0,2.0,3.0,0.0,0.0,8.0,31.0,2.0,14.0,12.0,6.0,12.0,27.0,6.0,12.0,1.0,1.0,1.0,0.0,1.0,0.0,3.0,0.0,0.63,0.79,62.0,35.0,46.0,5.0,9.0,8.0,0.0,0.0,0.0,0.0,0.87,0.36,0.78,0.25,0.07,0.29,0.25,0.78,0.25,-0.22,0.38,0.62,0.84,0.9,0.66,0.82,0.63,0.81,0.0,0.0,0.0,0.13,3.0,8.0,1.0,2.0,1.0,3.0,1.0,3.0,2.0,1.0,1.0,7.0,1.0,1.0,0.0,0.0,3.0,7.0,0.0,7.0,8.0,3.0,5.0,12.0,3.0,8.0,0.0,1.0,,,1.0,0.0,2.0,0.0,0.8,0.6,30.0,16.0,21.0,3.0,2.0,4.0,0.0,0.0,0.0,0.0,0.99,1.13,1.0,0.94,0.66,0.95,0.94,1.0,-0.06,0.0,0.2,0.8,0.63,0.89,0.38,0.75,0.46,0.86,0.0,0.0,0.0,0.21,2.0,18.0,1.0,2.0,0.0,8.0,1.0,8.0,2.0,6.0,0.0,12.0,1.0,2.0,0.0,0.0,5.0,24.0,2.0,7.0,4.0,3.0,7.0,15.0,3.0,4.0,1.0,0.0,1.0,0.0,0.0,0.0,1.0,0.0,0.33,0.89,32.0,19.0,25.0,2.0,7.0,4.0,0.0,0.0,0.0,0.0
KMgnHUmg,EUROPE,2026/2027,EUROPE 3,Conference League,GfRbsVWM,EUROPE 3,30/07/2026,16:00,Quarter-finals,Pyunik Yerevan (Arm),SGwIMoNO,Debrecen (Hun),8KymAhn2,False,0,0,2,0.0,1.0,0.0,1.0,[],[],bet365,4.0,2.05,2.63,bet365,3.6,2.38,2.4,bet365,3.5,3.3,1.91,bet365,1.44,2.63,bet365,3.0,1.36,bet365,7.5,1.07,bet365,1.29,3.5,bet365,2.25,1.57,bet365,5.5,1.14,bet365,1.06,8.0,bet365,1.36,3.0,bet365,2.1,1.7,bet365,3.75,1.25,bet365,7.0,1.08,bet365,1.91,1.8,bet365,5.5,1.14,bet365,3.75,1.25,bet365,1.73,1.25,1.22,bet365,1.44,1.73,1.22,SeguroBet,1.53,1.51,1.23,bet365,2.63,1.44,Jogo de Ouro,2.54,1.45,Betano.br,2.37,1.52,bet365,3.2,17.0,41.0,4.75,5.0,8.0,26.0,17.0,6.0,bet365,1.93,1.93,bet365,2.1,1.73,bet365,2.0,1.73,bet365,9.0,bet365,6.5,bet365,10.0,bet365,7.0,bet365,9.5,bet365,17.0,bet365,8.5,bet365,13.0,bet365,17.0,bet365,17.0,bet365,41.0,bet365,19.0,bet365,34.0,bet365,29.0,bet365,41.0,1xBet.br,10.0,1.01,1xBet.br,9.2,1.02,bet365,7.0,1.1,bet365,7.0,1.1,bet365,3.55,1.27,bet365,1.85,1.95,bet365,1.4,2.85,bet365,1.25,3.8,1xBet.br,1.1,7.1,1xBet.br,1.06,9.1,bet365,0.0,13.0,21.0,bet365,21.0,6.0,8.0,bet365,7.5,3.4,3.75,bet365,1.73,5.0,1.22,bet365,1.22,12.0,1.06,bet365,1.06,0.0,0.0,1.34,1.79,0.94,1.43,1.0,1.62,1.43,0.94,1.43,0.94,0.5,0.5,0.76,0.75,0.41,0.46,0.71,0.62,0.0,0.0,0.29,0.13,18.0,16.0,4.0,5.0,9.0,6.0,5.0,5.0,11.0,13.0,7.0,3.0,0.0,1.0,0.0,1.0,26.0,36.0,7.0,10.0,11.0,8.0,24.0,29.0,8.0,11.0,1.0,2.0,,,3.0,0.0,5.0,4.0,0.36,0.45,58.0,42.0,39.0,23.0,8.0,11.0,0.0,1.0,0.0,0.0,0.32,0.39,0.6,0.09,0.5,0.56,0.09,0.6,0.09,0.6,0.4,0.6,0.75,0.82,0.33,0.49,0.65,0.72,0.0,0.0,0.14,0.08,5.0,7.0,2.0,2.0,2.0,1.0,1.0,4.0,2.0,4.0,3.0,3.0,0.0,0.0,0.0,0.0,7.0,10.0,4.0,4.0,4.0,6.0,6.0,14.0,6.0,4.0,,,,,1.0,0.0,2.0,2.0,0.43,0.5,29.0,25.0,22.0,8.0,4.0,5.0,0.0,1.0,0.0,0.0,1.02,1.4,0.34,1.34,0.5,1.06,1.34,0.34,1.34,0.34,0.6,0.4,0.76,0.65,0.46,0.44,0.74,0.48,0.0,0.0,0.36,0.2,13.0,9.0,2.0,3.0,7.0,5.0,4.0,1.0,9.0,9.0,4.0,0.0,0.0,1.0,0.0,1.0,19.0,26.0,3.0,6.0,7.0,2.0,18.0,15.0,2.0,7.0,1.0,2.0,,,2.0,0.0,3.0,2.0,0.29,0.4,29.0,17.0,17.0,15.0,4.0,6.0,0.0,0.0,0.0,0.0
QFEuR1QH,EUROPE,2026/2027,EUROPE 3,Conference League,GfRbsVWM,EUROPE 3,30/07/2026,14:00,Quarter-finals,Tobol (Kaz),C2dM0UAp,FK Panevezys (Ltu),E1ffSpX7,False,2,1,2,0.0,1.0,2.0,2.0,"[1, 2, 3, 4, 5, 45]","[1, 2, 3, 4, 5, 33, 84]",bet365,8.0,2.5,1.73,bet365,7.5,2.88,1.57,bet365,9.0,4.2,1.3,bet365,1.3,3.4,bet365,2.38,1.53,bet365,5.5,1.13,bet365,1.18,4.5,bet365,1.83,1.83,bet365,3.75,1.25,bet365,1.04,9.0,bet365,1.2,4.33,bet365,1.65,2.2,bet365,2.63,1.44,bet365,4.5,1.17,bet365,2.1,1.67,bet365,5.5,1.14,bet365,4.0,1.22,bet365,3.0,1.17,1.04,bet365,2.0,1.5,1.06,SeguroBet,2.3,1.32,1.08,bet365,7.0,1.08,Galerabet,6.5,1.08,Betano.br,4.9,1.14,bet365,1.83,19.0,51.0,4.0,7.0,19.0,21.0,21.0,15.0,bet365,2.0,1.85,bet365,2.0,1.8,bet365,1.91,1.8,bet365,12.0,bet365,7.5,bet365,23.0,bet365,9.0,bet365,6.5,bet365,51.0,bet365,9.5,bet365,29.0,bet365,21.0,bet365,8.0,bet365,126.0,bet365,12.0,bet365,67.0,bet365,29.0,bet365,67.0,,0.0,0.0,,0.0,0.0,,0.0,0.0,,0.0,0.0,bet365,6.6,1.11,bet365,3.3,1.33,bet365,2.6,1.48,bet365,1.9,1.9,bet365,1.5,2.5,bet365,1.35,3.1,bet365,0.0,5.5,5.5,bet365,51.0,4.0,3.0,bet365,26.0,3.75,1.83,bet365,3.0,13.0,1.04,bet365,1.83,29.0,1.01,bet365,1.33,0.0,0.0,,,,,,,,,,,0.57,0.43,,,,,,,,,,,21.0,8.0,4.0,3.0,10.0,4.0,7.0,1.0,,,,,,,,,,,7.0,6.0,25.0,20.0,38.0,31.0,15.0,22.0,2.0,4.0,,,5.0,5.0,,,,,,,,,,,,,,,,,,,,,,,,,0.6,0.4,,,,,,,,,,,8.0,3.0,3.0,2.0,3.0,1.0,2.0,0.0,,,,,,,,,,,4.0,1.0,8.0,8.0,9.0,12.0,8.0,6.0,1.0,1.0,,,0.0,2.0,,,,,,,,,,,,,,,,,,,,,,,,,0.56,0.44,,,,,,,,,,,8.0,2.0,1.0,0.0,4.0,1.0,3.0,1.0,,,,,,,,,,,3.0,3.0,8.0,4.0,19.0,16.0,3.0,10.0,1.0,2.0,,,1.0,0.0,,,,,,,,,,,,,,
2J0c6Z45,EUROPE,2026/2027,EUROPE 3,Conference League,GfRbsVWM,EUROPE 3,28/07/2026,18:00,Quarter-finals,Drita (Kos),bwWOjXUP,Floriana (Mlt),hKIRewt8,False,2,1,2,1.0,1.0,3.0,2.0,"[71, 88, 91]",[40],bet365,7.0,2.3,1.91,bet365,6.0,2.63,1.73,bet365,6.5,4.2,1.42,bet365,1.36,3.0,bet365,2.75,1.4,bet365,6.5,1.1,bet365,1.25,3.75,bet365,2.1,1.67,bet365,4.5,1.18,bet365,1.05,8.5,bet365,1.29,3.5,bet365,1.9,1.9,bet365,3.25,1.33,bet365,6.0,1.11,bet365,2.2,1.62,bet365,6.0,1.13,bet365,4.33,1.2,bet365,2.6,1.17,1.07,bet365,1.8,1.57,1.08,Betano.br,1.98,1.4,1.12,bet365,5.0,1.14,BrasilBet,4.5,1.17,Betano.br,4.2,1.19,bet365,2.1,19.0,51.0,4.0,6.0,13.0,23.0,21.0,12.0,bet365,1.95,1.9,bet365,2.1,1.73,bet365,1.91,1.8,bet365,10.0,bet365,6.0,bet365,15.0,bet365,8.5,bet365,6.0,bet365,34.0,bet365,9.5,bet365,21.0,bet365,23.0,bet365,9.0,bet365,81.0,bet365,13.0,bet365,51.0,bet365,34.0,bet365,51.0,,0.0,0.0,,0.0,0.0,SeguroBet,10.0,1.02,SeguroBet,9.7,1.02,bet365,6.4,1.12,bet365,2.75,1.43,bet365,2.1,1.7,bet365,1.65,2.2,bet365,1.33,3.3,bet365,1.23,4.0,bet365,0.0,6.5,8.0,bet365,41.0,4.33,4.0,bet365,19.0,3.6,2.2,bet365,2.6,8.5,1.07,bet365,1.62,21.0,1.02,bet365,1.2,0.0,0.0,,,,,,,,,,,0.51,0.49,,,,,,,,,,,17.0,10.0,11.0,5.0,6.0,3.0,0.0,2.0,,,,,,,,,,,5.0,3.0,23.0,34.0,19.0,35.0,20.0,18.0,8.0,5.0,,,5.0,0.0,,,,,,,,,,,,,,,,,,,,,,,,,0.51,0.49,,,,,,,,,,,6.0,5.0,3.0,4.0,3.0,0.0,0.0,1.0,,,,,,,,,,,3.0,1.0,6.0,14.0,4.0,12.0,9.0,7.0,2.0,1.0,,,2.0,0.0,,,,,,,,,,,,,,,,,,,,,,,,,0.55,0.45,,,,,,,,,,,9.0,4.0,6.0,1.0,3.0,3.0,0.0,0.0,,,,,,,,,,,2.0,1.0,9.0,9.0,10.0,14.0,6.0,5.0,4.0,2.0,,,1.0,0.0,,,,,,,,,,,,,,
xIQzFaOM,EUROPE,2026/2027,EUROPE 3,Conference League,GfRbsVWM,EUROPE 3,30/07/2026,16:00,Quarter-finals,Zira (Aze),4CQ5BXNJ,Paide (Est),CAjWlFop,False,1,1,2,0.0,1.0,1.0,2.0,[5],[71],bet365,11.0,2.6,1.57,bet365,9.0,3.0,1.5,bet365,12.0,5.75,1.2,bet365,1.3,3.4,bet365,2.5,1.5,bet365,5.5,1.13,bet365,1.2,4.33,bet365,1.91,1.8,bet365,4.0,1.22,bet365,1.03,10.0,bet365,1.22,4.0,bet365,1.7,2.1,bet365,2.75,1.4,bet365,4.5,1.17,bet365,2.5,1.5,bet365,7.0,1.1,bet365,4.5,1.18,bet365,4.33,1.13,1.01,bet365,2.25,1.5,1.02,Sportingbet.br,2.5,1.31,1.06,bet365,8.5,1.05,BrasilBet,7.0,1.07,Superbet.br,6.2,1.08,bet365,1.67,26.0,51.0,3.75,8.5,21.0,23.0,29.0,23.0,bet365,1.9,1.95,bet365,2.0,1.8,bet365,1.91,1.8,bet365,13.0,bet365,6.0,bet365,23.0,bet365,12.0,bet365,5.5,bet365,51.0,bet365,9.5,bet365,34.0,bet365,29.0,bet365,7.0,bet365,151.0,bet365,13.0,bet365,101.0,bet365,34.0,bet365,81.0,,0.0,0.0,,0.0,0.0,,0.0,0.0,,0.0,0.0,Superbet.br,10.0,1.03,bet365,4.15,1.22,bet365,3.3,1.33,bet365,2.08,1.73,bet365,1.63,2.25,bet365,1.43,2.75,bet365,0.0,5.0,4.75,bet365,0.0,4.0,2.75,bet365,34.0,3.6,1.67,bet365,4.33,15.0,1.01,bet365,2.05,0.0,0.0,bet365,1.4,0.0,0.0,,,,,,,,,,,0.71,0.29,,,,,,,,,,,20.0,5.0,9.0,2.0,8.0,3.0,3.0,0.0,,,,,,,,,,,9.0,1.0,11.0,14.0,30.0,10.0,13.0,12.0,1.0,1.0,,,0.0,0.0,,,,,,,,,,,,,,,,,,,,,,,,,0.69,0.31,,,,,,,,,,,9.0,1.0,5.0,0.0,2.0,1.0,2.0,0.0,,,,,,,,,,,2.0,0.0,5.0,8.0,12.0,6.0,8.0,6.0,,,,,0.0,0.0,,,,,,,,,,,,,,,,,,,,,,,,,0.73,0.27,,,,,,,,,,,11.0,4.0,4.0,2.0,6.0,2.0,1.0,0.0,,,,,,,,,,,7.0,1.0,6.0,6.0,18.0,4.0,5.0,6.0,1.0,1.0,,,0.0,0.0,,,,,,,,,,,,,,
2gmIIbMM,EUROPE,2026/2027,EUROPE 3,Conference League,GfRbsVWM,EUROPE 3,28/07/2026,17:30,Quarter-finals,CSKA 1948 Sofia (Bul),fgaHZGUb,Trnava (Svk),Ewa5QKPs,False,1,0,2,-1.0,0.0,0.0,0.0,"[1, 2, 3, 4, 5]","[1, 2, 3, 4]",bet365,5.0,2.1,2.25,bet365,4.75,2.4,2.05,bet365,4.75,3.4,1.67,bet365,1.44,2.63,bet365,3.0,1.36,bet365,7.5,1.07,bet365,1.29,3.5,bet365,2.25,1.57,bet365,5.5,1.14,bet365,1.07,7.5,bet365,1.33,3.25,bet365,2.1,1.7,bet365,3.75,1.25,bet365,7.0,1.08,bet365,2.1,1.67,bet365,5.5,1.14,bet365,4.0,1.22,bet365,2.0,1.25,1.13,bet365,1.57,1.67,1.14,Betano.br,1.7,1.47,1.19,bet365,3.5,1.29,F12,3.0,1.33,Betano.br,3.0,1.36,bet365,2.6,17.0,41.0,4.5,5.0,10.0,26.0,17.0,8.0,bet365,2.0,1.85,bet365,2.1,1.73,bet365,2.0,1.73,bet365,8.5,bet365,6.0,bet365,12.0,bet365,7.0,bet365,7.5,bet365,23.0,bet365,9.0,bet365,17.0,bet365,19.0,bet365,12.0,bet365,51.0,bet365,15.0,bet365,41.0,bet365,34.0,bet365,51.0,,0.0,0.0,,0.0,0.0,1xBet.br,9.3,1.02,1xBet.br,9.7,1.01,bet365,4.8,1.18,bet365,2.15,1.68,bet365,1.63,2.25,bet365,1.4,2.85,bet365,1.16,5.25,bet365,1.13,6.0,bet365,0.0,8.5,12.0,bet365,34.0,4.75,6.0,bet365,11.0,3.5,2.88,bet365,2.0,6.5,1.13,bet365,1.36,15.0,1.04,bet365,1.09,0.0,0.0,,,,,,,,,,,0.49,0.51,,,,,,,,,,,13.0,11.0,1.0,3.0,3.0,6.0,9.0,2.0,,,,,,,,,,,5.0,7.0,24.0,18.0,30.0,30.0,19.0,22.0,4.0,8.0,,,2.0,2.0,,,,,,,,,,,,,,,,,,,,,,,,,0.56,0.44,,,,,,,,,,,3.0,2.0,0.0,1.0,2.0,1.0,1.0,0.0,,,,,,,,,,,2.0,1.0,5.0,7.0,12.0,12.0,7.0,5.0,,,,,0.0,1.0,,,,,,,,,,,,,,,,,,,,,,,,,0.48,0.52,,,,,,,,,,,8.0,5.0,1.0,1.0,1.0,3.0,6.0,1.0,,,,,,,,,,,2.0,4.0,12.0,7.0,8.0,12.0,6.0,11.0,2.0,5.0,,,2.0,1.0,,,,,,,,,,,,,,
tA3Bdh8m,EUROPE,2026/2027,EUROPE 3,Conference League,GfRbsVWM,EUROPE 3,28/07/2026,17:00,Quarter-finals,Apollon (Cyp),pjUEaE29,Dila Gori (Geo),2kvaMIqb,False,3,0,2,4.0,0.0,7.0,0.0,"[22, 62, 90]",[],bet365,7.0,2.6,1.73,bet365,6.5,3.0,1.57,bet365,8.0,5.0,1.3,bet365,1.25,3.75,bet365,2.2,1.62,bet365,4.5,1.17,bet365,1.17,5.0,bet365,1.8,1.91,bet365,3.5,1.29,bet365,1.02,10.5,bet365,1.17,4.5,bet365,1.57,2.35,bet365,2.38,1.53,bet365,4.0,1.22,bet365,1.91,1.8,bet365,4.5,1.18,bet365,3.5,1.29,bet365,3.4,1.14,1.06,bet365,2.0,1.5,1.08,SeguroBet,2.34,1.31,1.08,bet365,6.5,1.1,Esportivabet,5.33,1.11,Betano.br,5.0,1.15,bet365,1.83,21.0,51.0,4.0,8.0,17.0,21.0,21.0,13.0,bet365,1.95,1.9,bet365,2.0,1.8,bet365,1.91,1.8,bet365,17.0,bet365,8.0,bet365,23.0,bet365,10.0,bet365,7.0,bet365,41.0,bet365,9.0,bet365,23.0,bet365,21.0,bet365,8.5,bet365,101.0,bet365,11.0,bet365,51.0,bet365,26.0,bet365,51.0,,0.0,0.0,,0.0,0.0,,0.0,0.0,,0.0,0.0,bet365,7.0,1.1,bet365,3.3,1.33,bet365,2.6,1.48,bet365,1.9,1.9,bet365,1.5,2.5,bet365,1.35,3.1,bet365,0.0,5.5,5.5,bet365,41.0,4.0,3.0,bet365,21.0,4.0,1.83,bet365,3.4,11.0,1.06,bet365,1.83,26.0,1.02,bet365,1.33,0.0,0.0,,,,,,,,,,,0.64,0.36,,,,,,,,,,,20.0,3.0,6.0,3.0,11.0,0.0,3.0,0.0,,,,,,,,,,,8.0,4.0,10.0,7.0,14.0,10.0,4.0,8.0,2.0,1.0,,,1.0,1.0,,,,,,,,,,,,,,,,,,,,,,,,,0.61,0.39,,,,,,,,,,,11.0,1.0,3.0,1.0,7.0,0.0,1.0,0.0,,,,,,,,,,,5.0,2.0,5.0,6.0,8.0,5.0,3.0,4.0,1.0,0.0,,,1.0,0.0,,,,,,,,,,,,,,,,,,,,,,,,,0.67,0.33,,,,,,,,,,,9.0,2.0,3.0,2.0,4.0,0.0,2.0,0.0,,,,,,,,,,,3.0,2.0,5.0,1.0,6.0,5.0,1.0,4.0,1.0,1.0,,,0.0,1.0,,,,,,,,,,,,,,
nurrepop,EUROPE,2026/2027,EUROPE 3,Conference League,GfRbsVWM,EUROPE 3,28/07/2026,17:00,Quarter-finals,Riga FC (Lat),l2DXxTjh,Vardar (Mkd),4IQgZaVs,False,5,2,2,3.0,2.0,8.0,4.0,"[87, 92, 105, 105, 109, 117]","[17, 66, 70, 105]",bet365,5.5,2.6,1.83,bet365,5.5,3.0,1.67,bet365,6.0,4.2,1.44,bet365,1.25,3.75,bet365,2.1,1.67,bet365,4.33,1.2,bet365,1.14,5.5,bet365,1.67,2.1,bet365,3.25,1.33,bet365,1.02,11.0,bet365,1.14,5.0,bet365,1.44,2.63,bet365,2.1,1.67,bet365,3.5,1.29,bet365,1.67,2.1,bet365,4.0,1.22,bet365,3.0,1.36,bet365,2.4,1.17,1.08,bet365,1.83,1.5,1.13,1xBet.br,2.05,1.27,1.06,bet365,4.5,1.17,Casadeapostas,3.7,1.2,Betano.br,3.8,1.23,bet365,2.05,15.0,41.0,4.5,8.0,13.0,19.0,19.0,9.5,bet365,1.98,1.88,bet365,2.0,1.8,bet365,1.91,1.8,bet365,19.0,bet365,10.0,bet365,21.0,bet365,9.0,bet365,8.5,bet365,41.0,bet365,9.0,bet365,19.0,bet365,15.0,bet365,11.0,bet365,67.0,bet365,11.0,bet365,41.0,bet365,21.0,bet365,41.0,,0.0,0.0,,0.0,0.0,SeguroBet,10.0,1.02,SeguroBet,9.7,1.02,bet365,6.0,1.13,bet365,2.68,1.45,bet365,2.15,1.68,bet365,1.7,2.1,bet365,1.38,3.0,bet365,1.27,3.55,bet365,0.0,6.0,6.5,bet365,34.0,4.5,3.4,bet365,13.0,4.0,2.05,bet365,2.4,8.0,1.08,bet365,1.67,21.0,1.02,bet365,1.25,0.0,0.0,,,,,,,,,,,0.6,0.4,,,,,,,,,,,42.0,7.0,18.0,3.0,16.0,2.0,8.0,2.0,,,,,,,,,,,10.0,2.0,7.0,11.0,35.0,18.0,13.0,12.0,3.0,1.0,0.0,1.0,4.0,0.0,,,,,,,,,,,,,,,,,,,,,,,,,0.58,0.42,,,,,,,,,,,16.0,3.0,3.0,2.0,9.0,1.0,4.0,0.0,,,,,,,,,,,2.0,1.0,5.0,5.0,11.0,4.0,6.0,9.0,,,0.0,1.0,3.0,0.0,,,,,,,,,,,,,,,,,,,,,,,,,0.58,0.42,,,,,,,,,,,12.0,2.0,7.0,1.0,2.0,1.0,3.0,0.0,,,,,,,,,,,4.0,0.0,0.0,4.0,15.0,12.0,6.0,1.0,1.0,0.0,,,1.0,0.0,,,,,,,,,,,,,,
zTWqzBO9,EUROPE,2026/2027,EUROPE 3,Conference League,GfRbsVWM,EUROPE 3,23/07/2026,19:00,Quarter-finals,Partizan (Srb),8OLvlKz0,UNA Strassen (Lux),jB6Sq2yc,False,4,0,1,,,,,"[4, 28, 68, 80]",[],bet365,1.44,2.88,12.0,bet365,1.36,3.5,9.5,bet365,1.14,8.5,11.0,bet365,1.25,3.75,bet365,2.1,1.67,bet365,4.33,1.2,bet365,1.14,5.5,bet365,1.73,2.0,bet365,3.25,1.33,bet365,1.01,12.0,bet365,1.14,5.0,bet365,1.5,2.5,bet365,2.2,1.62,bet365,3.75,1.25,bet365,2.5,1.5,bet365,6.0,1.13,bet365,4.33,1.2,bet365,1.02,1.05,5.0,bet365,1.01,1.4,2.63,Sportingbet.br,1.04,1.24,2.9,bet365,1.06,8.0,Esportivabet,1.04,8.0,Betano.br,1.07,7.0,bet365,1.53,26.0,51.0,4.0,11.0,23.0,21.0,29.0,26.0,bet365,1.85,2.0,bet365,2.0,1.8,bet365,1.83,1.83,bet365,21.0,bet365,8.5,bet365,23.0,bet365,17.0,bet365,6.0,bet365,51.0,bet365,11.0,bet365,29.0,bet365,41.0,bet365,6.5,bet365,151.0,bet365,12.0,bet365,81.0,bet365,34.0,bet365,67.0,bet365,2.3,1.6,bet365,1.8,2.0,bet365,1.53,2.42,bet365,1.23,4.1,bet365,1.16,5.25,bet365,1.13,6.0,,0.0,0.0,,0.0,0.0,,0.0,0.0,,0.0,0.0,bet365,3.6,4.75,0.0,bet365,2.2,4.0,34.0,bet365,1.44,4.5,29.0,bet365,1.02,13.0,5.0,bet365,1.03,19.0,2.5,bet365,0.0,0.0,1.62,,,,,,,,,,,0.64,0.36,,,,,,,,,,,10.0,3.0,5.0,0.0,2.0,2.0,3.0,1.0,,,,,,,,,,,3.0,2.0,16.0,20.0,17.0,13.0,10.0,7.0,1.0,1.0,0.0,1.0,3.0,0.0,,,,,,,,,,,,,,,,,,,,,,,,,0.65,0.35,,,,,,,,,,,2.0,2.0,2.0,0.0,0.0,1.0,0.0,1.0,,,,,,,,,,,3.0,2.0,9.0,8.0,9.0,3.0,2.0,1.0,0.0,1.0,,,0.0,0.0,,,,,,,,,,,,,,,,,,,,,,,,,0.63,0.37,,,,,,,,,,,8.0,1.0,3.0,0.0,2.0,1.0,3.0,0.0,,,,,,,,,,,0.0,0.0,7.0,12.0,8.0,10.0,8.0,6.0,1.0,0.0,0.0,1.0,3.0,0.0,,,,,,,,,,,,,,
KtlskeFb,EUROPE,2026/2027,EUROPE 3,Conference League,GfRbsVWM,EUROPE 3,23/07/2026,19:00,Quarter-finals,Stjarnan (Ice),40ut6U2b,Ilves (Fin),pYGmWmwa,False,1,0,1,,,,,[84],[],bet365,2.6,2.5,3.1,bet365,2.4,2.88,2.88,bet365,2.1,3.8,2.7,bet365,1.22,4.0,bet365,2.0,1.73,bet365,4.33,1.2,bet365,1.13,6.0,bet365,1.62,2.2,bet365,3.0,1.36,bet365,1.01,12.0,bet365,1.13,5.5,bet365,1.44,2.63,bet365,2.0,1.73,bet365,3.4,1.3,bet365,1.4,2.75,bet365,3.25,1.33,bet365,2.38,1.53,bet365,1.36,1.18,1.6,bet365,1.36,1.5,1.5,Betano.br,1.4,1.38,1.5,bet365,1.67,2.1,Sportingbet.br,1.71,2.0,Betano.br,1.75,1.95,bet365,3.4,15.0,23.0,6.0,7.0,7.5,21.0,15.0,4.33,bet365,1.98,1.88,bet365,2.0,1.8,bet365,1.83,1.83,bet365,23.0,bet365,15.0,bet365,17.0,bet365,8.5,bet365,15.0,bet365,19.0,bet365,10.0,bet365,11.0,bet365,11.0,bet365,21.0,bet365,29.0,bet365,15.0,bet365,19.0,bet365,19.0,bet365,21.0,1xBet.br,7.8,1.02,bet365,6.4,1.12,bet365,3.7,1.26,bet365,3.0,1.38,bet365,2.15,1.68,bet365,1.43,2.75,bet365,1.2,4.4,bet365,1.16,5.25,bet365,1.1,7.0,1xBet.br,1.01,10.0,bet365,17.0,12.0,21.0,bet365,7.0,6.0,10.0,bet365,3.6,4.33,4.75,bet365,1.36,5.0,1.6,bet365,1.13,7.5,1.25,bet365,1.06,15.0,1.08,,,,,,,,,,,0.55,0.45,,,,,,,,,,,7.0,4.0,5.0,1.0,2.0,3.0,0.0,0.0,,,,,,,,,,,6.0,2.0,15.0,21.0,18.0,21.0,12.0,5.0,2.0,1.0,,,1.0,1.0,,,,,,,,,,,,,,,,,,,,,,,,,0.57,0.43,,,,,,,,,,,2.0,4.0,1.0,1.0,1.0,3.0,0.0,0.0,,,,,,,,,,,3.0,2.0,5.0,12.0,9.0,7.0,10.0,2.0,,,,,0.0,0.0,,,,,,,,,,,,,,,,,,,,,,,,,0.53,0.47,,,,,,,,,,,5.0,0.0,4.0,0.0,1.0,0.0,0.0,0.0,,,,,,,,,,,3.0,0.0,10.0,9.0,9.0,14.0,2.0,3.0,2.0,1.0,,,1.0,1.0,,,,,,,,,,,,,,
CllN93wh,EUROPE,2026/2027,EUROPE 3,Conference League,GfRbsVWM,EUROPE 3,23/07/2026,19:15,Quarter-finals,Valur (Ice),GdxJccH5,Zrinjski (Bih),0C6tPiIc,False,1,0,1,,,,,[64],[],bet365,3.6,2.2,2.63,bet365,3.25,2.5,2.5,bet365,3.1,3.3,2.05,bet365,1.36,3.0,bet365,2.63,1.44,bet365,6.5,1.1,bet365,1.22,4.0,bet365,2.0,1.73,bet365,4.33,1.2,bet365,1.05,8.5,bet365,1.25,3.75,bet365,1.85,1.95,bet365,3.0,1.36,bet365,5.5,1.13,bet365,1.73,2.0,bet365,4.33,1.2,bet365,3.4,1.3,bet365,1.62,1.25,1.29,bet365,1.44,1.62,1.29,Betano.br,1.5,1.47,1.31,bet365,2.25,1.57,Lotogreen,2.2,1.6,Betano.br,2.15,1.62,bet365,5.0,15.0,26.0,7.0,5.5,5.5,34.0,15.0,3.4,bet365,2.0,1.85,bet365,2.1,1.73,bet365,1.91,1.8,bet365,11.0,bet365,11.0,bet365,8.5,bet365,7.0,bet365,17.0,bet365,11.0,bet365,12.0,bet365,9.5,bet365,13.0,bet365,34.0,bet365,19.0,bet365,26.0,bet365,17.0,bet365,34.0,bet365,26.0,bet365,6.6,1.11,bet365,5.9,1.13,bet365,6.6,1.11,bet365,5.75,1.14,bet365,3.1,1.35,bet365,1.68,2.15,bet365,1.33,3.3,bet365,1.24,3.9,1xBet.br,1.08,8.1,1xBet.br,1.05,9.7,bet365,26.0,15.0,21.0,bet365,17.0,9.5,8.0,bet365,6.5,5.0,3.75,bet365,1.62,4.0,1.29,bet365,1.22,6.0,1.09,bet365,1.06,13.0,1.05,,,,,,,,,,,0.43,0.57,,,,,,,,,,,7.0,16.0,2.0,10.0,5.0,6.0,0.0,0.0,,,,,,,,,,,2.0,12.0,8.0,8.0,10.0,19.0,13.0,12.0,2.0,0.0,,,2.0,3.0,,,,,,,,,,,,,,,,,,,,,,,,,0.4,0.6,,,,,,,,,,,4.0,6.0,1.0,4.0,3.0,2.0,0.0,0.0,,,,,,,,,,,1.0,5.0,6.0,3.0,5.0,6.0,4.0,10.0,1.0,0.0,,,1.0,2.0,,,,,,,,,,,,,,,,,,,,,,,,,0.46,0.54,,,,,,,,,,,3.0,10.0,1.0,6.0,2.0,4.0,0.0,0.0,,,,,,,,,,,1.0,7.0,2.0,5.0,5.0,13.0,9.0,2.0,1.0,0.0,,,1.0,1.0,,,,,,,,,,,,,,
v5sJDjrn,EUROPE,2026/2027,EUROPE 3,Conference League,GfRbsVWM,EUROPE 3,23/07/2026,18:45,Quarter-finals,Shelbourne (Irl),OjQROO8j,Kalju (Est),6sqJGMx9,False,5,2,1,,,,,"[3, 21, 25, 47, 89]","[40, 90]",bet365,2.0,2.2,7.0,bet365,1.83,2.5,6.0,bet365,1.45,3.9,5.75,bet365,1.44,2.63,bet365,3.0,1.36,bet365,7.5,1.07,bet365,1.29,3.5,bet365,2.38,1.53,bet365,5.5,1.14,bet365,1.06,8.0,bet365,1.36,3.0,bet365,2.15,1.67,bet365,4.0,1.22,bet365,7.0,1.08,bet365,2.38,1.53,bet365,6.5,1.11,bet365,4.5,1.18,bet365,1.1,1.18,2.4,bet365,1.08,1.62,1.73,SeguroBet,1.12,1.45,1.85,bet365,1.17,4.5,BrasilBet,1.17,4.5,Betano.br,1.23,3.8,bet365,2.2,19.0,51.0,4.0,5.5,13.0,26.0,21.0,11.0,bet365,1.93,1.93,bet365,2.1,1.73,bet365,2.0,1.73,bet365,9.0,bet365,5.5,bet365,13.0,bet365,8.5,bet365,6.0,bet365,29.0,bet365,9.5,bet365,21.0,bet365,23.0,bet365,9.5,bet365,67.0,bet365,15.0,bet365,51.0,bet365,34.0,bet365,51.0,bet365,4.8,1.18,bet365,3.9,1.24,bet365,2.42,1.53,bet365,1.85,1.95,bet365,1.5,2.5,bet365,1.13,5.9,1xBet.br,1.03,8.3,1xBet.br,1.02,9.3,,0.0,0.0,,0.0,0.0,bet365,9.5,7.0,0.0,bet365,4.5,4.33,41.0,bet365,2.38,3.4,15.0,bet365,1.1,7.5,2.4,bet365,1.02,21.0,1.5,bet365,0.0,0.0,1.17,,,,,,,,,,,0.55,0.45,,,,,,,,,,,20.0,9.0,12.0,5.0,4.0,3.0,4.0,1.0,,,,,,,,,,,12.0,2.0,7.0,6.0,19.0,26.0,4.0,6.0,0.0,1.0,,,1.0,1.0,,,,,,,,,,,,,,,,,,,,,,,,,0.59,0.41,,,,,,,,,,,9.0,4.0,6.0,3.0,0.0,1.0,3.0,0.0,,,,,,,,,,,6.0,1.0,2.0,2.0,11.0,13.0,1.0,2.0,0.0,1.0,,,1.0,0.0,,,,,,,,,,,,,,,,,,,,,,,,,0.51,0.49,,,,,,,,,,,11.0,5.0,6.0,2.0,4.0,2.0,1.0,1.0,,,,,,,,,,,6.0,1.0,5.0,4.0,8.0,13.0,3.0,4.0,,,,,0.0,1.0,,,,,,,,,,,,,,
MJ54sNAb,EUROPE,2026/2027,EUROPE 3,Conference League,GfRbsVWM,EUROPE 3,23/07/2026,18:00,Quarter-finals,Polissya Zhytomyr (Ukr),f3sGNX3j,FC Copenhagen (Den),hSPZwbEh,False,3,3,1,,,,,"[6, 36, 88]","[4, 54, 83]",bet365,4.0,2.25,2.38,bet365,3.6,2.6,2.2,bet365,3.3,3.9,1.8,bet365,1.33,3.25,bet365,2.63,1.44,bet365,6.0,1.11,bet365,1.2,4.33,bet365,2.0,1.73,bet365,4.0,1.22,bet365,1.01,13.0,bet365,1.25,3.75,bet365,1.75,2.05,bet365,2.75,1.4,bet365,5.0,1.14,bet365,1.73,2.0,bet365,4.33,1.2,bet365,3.4,1.3,bet365,1.83,1.18,1.25,bet365,1.53,1.57,1.22,Betano.br,1.65,1.42,1.25,bet365,2.63,1.44,Galerabet,2.55,1.45,Betano.br,2.6,1.44,bet365,6.0,15.0,23.0,8.5,6.0,5.0,34.0,15.0,2.88,bet365,1.9,1.95,bet365,2.1,1.73,bet365,1.91,1.8,bet365,13.0,bet365,12.0,bet365,8.0,bet365,8.0,bet365,19.0,bet365,9.5,bet365,12.0,bet365,9.0,bet365,15.0,bet365,41.0,bet365,15.0,bet365,29.0,bet365,15.0,bet365,34.0,bet365,23.0,,0.0,0.0,SeguroBet,10.3,1.02,bet365,7.0,1.1,bet365,6.6,1.11,bet365,3.45,1.3,bet365,1.95,1.85,bet365,1.5,2.5,bet365,1.33,3.3,bet365,1.14,5.75,bet365,1.11,6.6,bet365,0.0,0.0,15.0,bet365,19.0,11.0,6.0,bet365,7.0,5.0,3.1,bet365,1.83,3.75,1.25,bet365,1.3,5.0,1.07,bet365,1.1,10.0,0.0,2.87,0.87,3.18,1.86,2.15,0.81,1.86,3.18,-1.14,0.18,0.5,0.5,0.84,0.82,0.61,0.41,0.76,0.63,0.0,0.0,0.22,0.67,20.0,11.0,7.0,7.0,12.0,4.0,1.0,0.0,13.0,8.0,7.0,3.0,6.0,0.0,0.0,0.0,27.0,22.0,2.0,3.0,13.0,8.0,18.0,12.0,8.0,13.0,2.0,2.0,,,1.0,4.0,4.0,4.0,0.41,0.44,47.0,39.0,22.0,20.0,5.0,10.0,0.0,2.0,0.0,1.0,1.63,0.16,1.87,0.73,1.48,0.26,0.73,1.87,-0.27,-0.13,0.43,0.57,0.83,0.88,0.5,0.4,0.77,0.71,0.0,0.0,0.27,0.5,12.0,3.0,5.0,2.0,7.0,1.0,0.0,0.0,8.0,2.0,4.0,1.0,4.0,0.0,0.0,0.0,16.0,6.0,2.0,2.0,6.0,3.0,9.0,6.0,3.0,6.0,0.0,1.0,,,1.0,2.0,1.0,3.0,0.38,0.4,23.0,16.0,11.0,11.0,4.0,4.0,0.0,2.0,0.0,1.0,1.24,0.71,1.31,1.13,0.67,0.55,1.13,1.31,-0.87,0.31,0.58,0.42,0.84,0.74,0.68,0.43,0.75,0.56,0.0,0.0,0.18,1.0,8.0,8.0,2.0,5.0,5.0,3.0,1.0,0.0,5.0,6.0,3.0,2.0,2.0,0.0,0.0,0.0,11.0,16.0,0.0,1.0,7.0,5.0,9.0,6.0,5.0,7.0,2.0,1.0,,,0.0,2.0,3.0,1.0,0.44,0.5,24.0,23.0,11.0,9.0,1.0,6.0,0.0,0.0,0.0,0.0
MoAZXdu0,EUROPE,2026/2027,EUROPE 3,Conference League,GfRbsVWM,EUROPE 3,23/07/2026,18:45,Quarter-finals,NSI Runavik (Fai),UaOluym1,Koper (Slo),vP5HUcK5,False,0,2,1,,,,,[],"[82, 85]",bet365,3.4,2.2,2.88,bet365,3.0,2.5,2.63,bet365,2.75,3.25,2.25,bet365,1.36,3.0,bet365,2.63,1.44,bet365,6.5,1.1,bet365,1.22,4.0,bet365,2.0,1.73,bet365,4.33,1.2,bet365,1.05,8.5,bet365,1.25,3.75,bet365,1.83,1.98,bet365,3.0,1.36,bet365,5.5,1.13,bet365,1.73,2.0,bet365,4.33,1.2,bet365,3.25,1.33,bet365,1.53,1.25,1.36,bet365,1.4,1.62,1.3,Betano.br,1.45,1.47,1.35,bet365,2.1,1.67,Brasildasorte,2.05,1.7,Betano.br,2.02,1.72,bet365,4.5,15.0,26.0,6.5,5.5,6.0,29.0,15.0,3.6,bet365,2.0,1.85,bet365,2.1,1.73,bet365,1.91,1.8,bet365,11.0,bet365,10.0,bet365,9.0,bet365,6.5,bet365,15.0,bet365,12.0,bet365,11.0,bet365,9.5,bet365,13.0,bet365,29.0,bet365,21.0,bet365,23.0,bet365,19.0,bet365,29.0,bet365,26.0,SeguroBet,10.0,1.02,1xBet.br,10.5,1.01,bet365,5.9,1.13,bet365,5.0,1.17,bet365,2.85,1.4,bet365,1.6,2.3,bet365,1.3,3.45,bet365,1.21,4.25,bet365,1.1,7.0,bet365,1.11,6.6,bet365,0.0,0.0,23.0,bet365,12.0,8.0,9.0,bet365,5.5,4.75,4.33,bet365,1.53,4.0,1.36,bet365,1.18,6.5,1.1,bet365,1.05,15.0,0.0,,,,,,,,,,,0.42,0.58,,,,,,,,,,,7.0,16.0,3.0,8.0,2.0,6.0,2.0,2.0,,,,,,,,,,,4.0,6.0,11.0,11.0,20.0,28.0,9.0,9.0,1.0,2.0,1.0,0.0,2.0,2.0,,,,,,,,,,,,,,,,,,,,,,,,,0.46,0.54,,,,,,,,,,,4.0,7.0,1.0,3.0,1.0,3.0,2.0,1.0,,,,,,,,,,,2.0,3.0,5.0,7.0,8.0,12.0,5.0,5.0,1.0,2.0,1.0,0.0,2.0,0.0,,,,,,,,,,,,,,,,,,,,,,,,,0.38,0.62,,,,,,,,,,,3.0,9.0,2.0,5.0,1.0,3.0,0.0,1.0,,,,,,,,,,,2.0,3.0,6.0,4.0,12.0,16.0,4.0,4.0,,,,,0.0,2.0,,,,,,,,,,,,,,
jDIX79Y0,EUROPE,2026/2027,EUROPE 3,Conference League,GfRbsVWM,EUROPE 3,29/07/2026,14:30,Quarter-finals,Dukagjini (Kos),z5Ot4Ilc,Lugano (Sui),IHaUjgT1,False,1,5,2,0.0,1.0,1.0,6.0,[10],"[6, 9, 36, 51, 58]",bet365,1.91,2.38,6.0,bet365,1.73,2.75,5.5,bet365,1.45,4.1,6.0,bet365,1.33,3.25,bet365,2.5,1.5,bet365,6.0,1.11,bet365,1.2,4.33,bet365,1.91,1.8,bet365,4.0,1.22,bet365,1.04,9.0,bet365,1.22,4.0,bet365,1.73,2.08,bet365,2.75,1.4,bet365,5.0,1.14,bet365,1.91,1.8,bet365,5.0,1.17,bet365,3.75,1.25,bet365,1.08,1.17,2.4,bet365,1.11,1.53,1.8,Sportingbet.br,1.13,1.37,1.98,bet365,1.17,4.5,BrasilBet,1.2,4.0,Betano.br,1.23,3.7,bet365,10.0,19.0,23.0,12.0,6.5,4.33,41.0,19.0,2.1,bet365,1.95,1.9,bet365,2.1,1.73,bet365,1.91,1.8,bet365,12.0,bet365,15.0,bet365,7.0,bet365,8.5,bet365,34.0,bet365,7.0,bet365,19.0,bet365,9.0,bet365,19.0,bet365,67.0,bet365,10.0,bet365,51.0,bet365,13.0,bet365,41.0,bet365,29.0,bet365,4.15,1.22,bet365,3.45,1.3,bet365,2.3,1.6,bet365,1.78,2.03,bet365,1.48,2.6,bet365,1.13,5.9,1xBet.br,1.01,10.0,Superbet.br,1.02,12.0,,0.0,0.0,,0.0,0.0,bet365,8.0,0.0,0.0,bet365,4.0,21.0,41.0,bet365,2.2,7.5,15.0,bet365,1.08,3.75,2.4,bet365,1.02,4.33,1.57,bet365,0.0,6.5,1.2,1.34,3.28,1.12,4.51,0.47,2.75,4.51,1.12,0.51,0.12,0.37,0.63,0.8,0.89,0.57,0.45,0.65,0.72,1.0,4.0,0.33,0.27,9.0,12.0,4.0,7.0,5.0,4.0,0.0,1.0,6.0,11.0,3.0,1.0,2.0,4.0,0.0,1.0,9.0,29.0,1.0,5.0,16.0,16.0,11.0,22.0,16.0,16.0,,,,,0.0,2.0,3.0,3.0,0.64,0.57,42.0,40.0,19.0,3.0,11.0,11.0,1.0,1.0,3.0,0.0,1.2,1.7,1.05,2.27,0.41,1.54,2.27,1.05,-0.73,0.05,0.36,0.64,0.79,0.88,0.57,0.44,0.59,0.76,1.0,4.0,0.4,0.0,6.0,5.0,3.0,3.0,3.0,2.0,0.0,0.0,4.0,4.0,2.0,1.0,2.0,3.0,0.0,1.0,7.0,10.0,1.0,1.0,7.0,8.0,6.0,10.0,8.0,7.0,,,,,0.0,0.0,0.0,2.0,0.56,0.5,24.0,18.0,11.0,2.0,6.0,8.0,1.0,1.0,1.0,0.0,0.14,1.58,0.07,2.24,0.06,1.21,2.24,0.07,1.24,0.07,0.38,0.62,0.8,0.89,0.56,0.46,0.72,0.61,0.0,0.0,0.0,0.5,3.0,7.0,1.0,4.0,2.0,2.0,0.0,1.0,2.0,7.0,1.0,0.0,0.0,1.0,0.0,0.0,2.0,19.0,0.0,4.0,9.0,8.0,5.0,12.0,8.0,9.0,,,,,0.0,2.0,3.0,1.0,0.8,0.63,18.0,22.0,8.0,1.0,5.0,3.0,0.0,0.0,2.0,0.0
xrYC2QZp,EUROPE,2026/2027,EUROPE 3,Conference League,GfRbsVWM,EUROPE 3,23/07/2026,18:00,Quarter-finals,Aluminij (Slo),KU49TRgF,Dinamo City (Alb),KdZNQkgm,False,1,1,1,,,,,[83],[15],bet365,3.2,2.05,3.25,bet365,2.88,2.38,3.0,bet365,2.45,3.2,2.55,bet365,1.44,2.63,bet365,3.25,1.33,bet365,7.5,1.07,bet365,1.29,3.5,bet365,2.25,1.57,bet365,5.5,1.14,bet365,1.07,7.5,bet365,1.36,3.0,bet365,2.15,1.67,bet365,3.75,1.25,bet365,7.0,1.08,bet365,1.91,1.8,bet365,5.0,1.17,bet365,3.75,1.25,bet365,1.44,1.29,1.44,bet365,1.33,1.73,1.36,Novibet,1.3,1.55,1.33,bet365,1.83,1.83,Brasildasorte,1.75,1.95,Betano.br,1.8,1.91,bet365,4.0,15.0,34.0,6.0,4.75,6.0,34.0,15.0,4.33,bet365,1.98,1.88,bet365,2.1,1.73,bet365,2.0,1.73,bet365,8.5,bet365,7.5,bet365,8.0,bet365,6.5,bet365,12.0,bet365,12.0,bet365,11.0,bet365,11.0,bet365,17.0,bet365,23.0,bet365,26.0,bet365,23.0,bet365,23.0,bet365,34.0,bet365,34.0,SeguroBet,8.7,1.04,1xBet.br,10.0,1.01,bet365,5.25,1.16,bet365,4.15,1.22,bet365,2.42,1.53,bet365,1.48,2.6,bet365,1.19,4.5,bet365,1.14,5.75,SeguroBet,1.02,10.0,SeguroBet,1.02,10.3,bet365,29.0,17.0,29.0,bet365,12.0,7.0,12.0,bet365,5.0,4.0,5.5,bet365,1.44,4.33,1.44,bet365,1.11,7.5,1.13,bet365,1.04,17.0,1.04,,,,,,,,,,,0.45,0.55,,,,,,,,,,,4.0,3.0,1.0,1.0,3.0,2.0,0.0,0.0,,,,,,,,,,,5.0,1.0,10.0,17.0,33.0,22.0,12.0,3.0,4.0,0.0,,,1.0,3.0,,,,,,,,,,,,,,,,,,,,,,,,,0.46,0.54,,,,,,,,,,,2.0,3.0,0.0,1.0,2.0,2.0,0.0,0.0,,,,,,,,,,,2.0,0.0,2.0,6.0,23.0,12.0,5.0,1.0,1.0,0.0,,,0.0,1.0,,,,,,,,,,,,,,,,,,,,,,,,,0.44,0.56,,,,,,,,,,,2.0,0.0,1.0,0.0,1.0,0.0,0.0,0.0,,,,,,,,,,,3.0,1.0,8.0,11.0,10.0,10.0,7.0,2.0,3.0,0.0,,,1.0,2.0,,,,,,,,,,,,,,
hvfdAmIP,EUROPE,2026/2027,EUROPE 3,Conference League,GfRbsVWM,EUROPE 3,23/07/2026,18:00,Quarter-finals,Varazdin (Cro),Wv0GNPrm,Jablonec (Cze),CM8ySpMH,False,3,2,1,,,,,"[24, 68, 82]","[27, 56]",bet365,3.1,2.1,3.2,bet365,2.75,2.4,2.88,bet365,2.38,3.5,2.5,bet365,1.4,2.75,bet365,2.75,1.4,bet365,7.0,1.08,bet365,1.25,3.75,bet365,2.2,1.62,bet365,5.0,1.17,bet365,1.02,11.0,bet365,1.3,3.4,bet365,1.98,1.83,bet365,3.4,1.3,bet365,6.5,1.1,bet365,1.8,1.91,bet365,4.5,1.18,bet365,3.5,1.29,bet365,1.44,1.22,1.5,bet365,1.36,1.67,1.36,Sportingbet.br,1.38,1.51,1.35,bet365,1.83,1.83,Casadeapostas,1.91,1.74,Casadeapostas,1.9,1.74,bet365,4.0,15.0,29.0,6.0,5.5,6.0,29.0,15.0,4.33,bet365,1.93,1.93,bet365,2.1,1.73,bet365,1.91,1.8,bet365,11.0,bet365,8.5,bet365,8.5,bet365,7.0,bet365,12.0,bet365,13.0,bet365,10.0,bet365,10.0,bet365,15.0,bet365,23.0,bet365,26.0,bet365,21.0,bet365,21.0,bet365,29.0,bet365,29.0,1xBet.br,10.0,1.01,1xBet.br,10.0,1.01,bet365,5.0,1.17,bet365,4.0,1.23,bet365,2.42,1.53,bet365,1.5,2.5,bet365,1.21,4.25,bet365,1.16,5.25,1xBet.br,1.02,9.4,1xBet.br,1.02,8.8,bet365,26.0,15.0,29.0,bet365,11.0,7.0,11.0,bet365,4.75,4.0,5.0,bet365,1.44,4.33,1.5,bet365,1.13,7.5,1.14,bet365,1.04,17.0,1.04,,,,,,,,,,,0.55,0.45,,,,,,,,,,,10.0,15.0,5.0,5.0,3.0,5.0,2.0,5.0,,,,,,,,,,,1.0,4.0,16.0,13.0,15.0,23.0,12.0,16.0,4.0,1.0,,,2.0,2.0,,,,,,,,,,,,,,,,,,,,,,,,,0.54,0.46,,,,,,,,,,,4.0,6.0,3.0,2.0,1.0,3.0,0.0,1.0,,,,,,,,,,,0.0,1.0,8.0,6.0,7.0,19.0,5.0,7.0,2.0,0.0,,,1.0,1.0,,,,,,,,,,,,,,,,,,,,,,,,,0.56,0.44,,,,,,,,,,,6.0,9.0,2.0,3.0,2.0,2.0,2.0,4.0,,,,,,,,,,,1.0,3.0,8.0,7.0,8.0,4.0,7.0,9.0,2.0,1.0,,,1.0,1.0,,,,,,,,,,,,,,
tjRaEOtC,EUROPE,2026/2027,EUROPE 3,Conference League,GfRbsVWM,EUROPE 3,23/07/2026,18:45,Quarter-finals,Motherwell (Sco),YuW7ZfMM,HB Torshavn (Fai),CUC7tw3r,False,2,0,1,,,,,"[15, 57]",[],bet365,1.53,2.75,11.0,bet365,1.44,3.25,9.5,bet365,1.18,7.0,13.0,bet365,1.29,3.5,bet365,2.25,1.57,bet365,4.5,1.17,bet365,1.17,5.0,bet365,1.8,1.91,bet365,3.5,1.29,bet365,1.01,15.0,bet365,1.17,4.5,bet365,1.57,2.35,bet365,2.38,1.53,bet365,4.0,1.22,bet365,2.5,1.5,bet365,6.5,1.11,bet365,4.5,1.18,bet365,1.01,1.08,4.5,bet365,1.02,1.4,2.38,1xBet.br,1.01,1.2,2.79,bet365,1.05,8.5,Galerabet,1.05,8.0,Betano.br,1.08,6.6,bet365,1.62,26.0,51.0,3.75,9.0,23.0,23.0,29.0,23.0,bet365,1.93,1.93,bet365,2.0,1.8,bet365,1.91,1.8,bet365,15.0,bet365,7.5,bet365,26.0,bet365,13.0,bet365,6.0,bet365,51.0,bet365,11.0,bet365,34.0,bet365,34.0,bet365,6.5,bet365,151.0,bet365,12.0,bet365,81.0,bet365,34.0,bet365,81.0,bet365,2.42,1.53,bet365,1.95,1.85,bet365,1.58,2.35,bet365,1.26,3.7,bet365,1.19,4.5,SeguroBet,1.02,9.0,,0.0,0.0,,0.0,0.0,,0.0,0.0,,0.0,0.0,bet365,4.0,4.75,0.0,bet365,2.38,4.0,0.0,bet365,1.53,4.0,34.0,bet365,1.01,13.0,4.5,bet365,0.0,0.0,2.3,bet365,0.0,0.0,1.5,,,,,,,,,,,0.67,0.33,,,,,,,,,,,12.0,7.0,7.0,3.0,5.0,4.0,0.0,0.0,,,,,,,,,,,5.0,1.0,14.0,6.0,31.0,14.0,1.0,8.0,,,,,2.0,1.0,,,,,,,,,,,,,,,,,,,,,,,,,0.67,0.33,,,,,,,,,,,9.0,1.0,4.0,0.0,5.0,1.0,0.0,0.0,,,,,,,,,,,2.0,0.0,4.0,4.0,19.0,6.0,1.0,3.0,,,,,1.0,0.0,,,,,,,,,,,,,,,,,,,,,,,,,0.67,0.33,,,,,,,,,,,3.0,6.0,3.0,3.0,0.0,3.0,0.0,0.0,,,,,,,,,,,3.0,1.0,10.0,2.0,12.0,8.0,0.0,5.0,,,,,1.0,1.0,,,,,,,,,,,,,,
hSkw6LxH,EUROPE,2026/2027,EUROPE 3,Conference League,GfRbsVWM,EUROPE 3,23/07/2026,18:30,Quarter-finals,Hapoel Tel Aviv (Isr),jigstDrf,Ludogorets (Bul),GrLjfV3M,False,2,0,1,,,,,"[45, 89]",[],bet365,3.75,1.95,3.0,bet365,3.4,2.25,2.63,bet365,2.88,3.2,2.2,bet365,1.5,2.5,bet365,3.5,1.29,bet365,8.5,1.05,bet365,1.33,3.25,bet365,2.63,1.44,bet365,6.5,1.11,bet365,1.08,7.0,bet365,1.44,2.63,bet365,2.38,1.53,bet365,4.5,1.17,bet365,8.5,1.05,bet365,2.1,1.67,bet365,6.0,1.13,bet365,4.33,1.2,bet365,1.55,1.29,1.33,bet365,1.36,1.8,1.25,Sportingbet.br,1.39,1.6,1.28,bet365,2.2,1.62,BrasilBet,2.15,1.62,Betano.br,2.15,1.65,bet365,5.0,17.0,34.0,7.0,4.5,5.5,41.0,17.0,3.75,bet365,1.93,1.93,bet365,2.2,1.67,bet365,2.0,1.73,bet365,7.5,bet365,7.5,bet365,6.5,bet365,6.5,bet365,13.0,bet365,9.5,bet365,12.0,bet365,10.0,bet365,19.0,bet365,34.0,bet365,21.0,bet365,29.0,bet365,21.0,bet365,41.0,bet365,41.0,,0.0,0.0,,0.0,0.0,bet365,6.8,1.11,bet365,5.75,1.14,bet365,2.85,1.4,bet365,1.6,2.3,bet365,1.26,3.7,bet365,1.18,4.65,1xBet.br,1.02,8.9,1xBet.br,1.01,10.0,bet365,0.0,0.0,26.0,bet365,19.0,10.0,10.0,bet365,6.5,4.33,4.5,bet365,1.55,3.75,1.33,bet365,1.17,6.5,1.08,bet365,1.04,15.0,0.0,,,,,,,,,,,0.41,0.59,,,,,,,,,,,14.0,5.0,7.0,3.0,3.0,2.0,4.0,0.0,,,,,,,,,,,4.0,1.0,18.0,20.0,9.0,23.0,19.0,21.0,1.0,4.0,,,2.0,0.0,,,,,,,,,,,,,,,,,,,,,,,,,0.43,0.57,,,,,,,,,,,7.0,3.0,3.0,2.0,1.0,1.0,3.0,0.0,,,,,,,,,,,2.0,0.0,10.0,10.0,6.0,8.0,8.0,11.0,0.0,1.0,,,2.0,0.0,,,,,,,,,,,,,,,,,,,,,,,,,0.39,0.61,,,,,,,,,,,7.0,2.0,4.0,1.0,2.0,1.0,1.0,0.0,,,,,,,,,,,2.0,1.0,8.0,10.0,3.0,15.0,11.0,10.0,1.0,3.0,,,0.0,0.0,,,,,,,,,,,,,,
xC9HW5dt,EUROPE,2026/2027,EUROPE 3,Conference League,GfRbsVWM,EUROPE 3,23/07/2026,18:30,Quarter-finals,LNZ Cherkasy (Ukr),2m6zvQp5,Gent (Bel),MgkzUx7T,False,0,0,1,,,,,[],[],bet365,3.75,2.05,2.88,bet365,3.4,2.38,2.6,bet365,3.1,3.1,2.1,bet365,1.44,2.63,bet365,3.25,1.33,bet365,7.5,1.07,bet365,1.29,3.5,bet365,2.25,1.57,bet365,5.5,1.14,bet365,1.07,7.5,bet365,1.36,3.0,bet365,2.2,1.65,bet365,4.0,1.22,bet365,7.5,1.07,bet365,1.83,1.83,bet365,5.0,1.17,bet365,3.75,1.25,bet365,1.6,1.29,1.29,bet365,1.4,1.73,1.25,Sportingbet.br,1.47,1.55,1.26,bet365,2.25,1.57,Novibet,2.3,1.54,Betano.br,2.25,1.57,bet365,5.0,15.0,29.0,7.0,5.0,5.5,34.0,15.0,3.5,bet365,2.0,1.85,bet365,2.1,1.73,bet365,2.0,1.73,bet365,8.5,bet365,9.0,bet365,7.0,bet365,6.5,bet365,15.0,bet365,10.0,bet365,12.0,bet365,9.5,bet365,17.0,bet365,34.0,bet365,21.0,bet365,29.0,bet365,19.0,bet365,41.0,bet365,34.0,,0.0,0.0,,0.0,0.0,bet365,7.0,1.1,bet365,6.25,1.12,bet365,3.3,1.33,bet365,1.68,2.15,bet365,1.3,3.45,bet365,1.21,4.25,bet365,1.1,7.0,1xBet.br,1.01,9.6,bet365,0.0,0.0,23.0,bet365,19.0,10.0,9.0,bet365,6.5,4.75,4.0,bet365,1.6,3.75,1.29,bet365,1.18,6.0,1.08,bet365,1.05,15.0,0.0,,,,,,,,,,,0.49,0.51,,,,,,,,,,,6.0,11.0,3.0,4.0,2.0,7.0,1.0,0.0,,,,,,,,,,,3.0,3.0,9.0,18.0,28.0,30.0,17.0,7.0,1.0,2.0,,,3.0,2.0,,,,,,,,,,,,,,,,,,,,,,,,,0.47,0.53,,,,,,,,,,,3.0,5.0,1.0,2.0,2.0,3.0,0.0,0.0,,,,,,,,,,,1.0,1.0,6.0,10.0,14.0,18.0,8.0,4.0,0.0,1.0,,,3.0,2.0,,,,,,,,,,,,,,,,,,,,,,,,,0.51,0.49,,,,,,,,,,,3.0,6.0,2.0,2.0,0.0,4.0,1.0,0.0,,,,,,,,,,,2.0,2.0,3.0,8.0,14.0,12.0,9.0,3.0,1.0,1.0,,,0.0,0.0,,,,,,,,,,,,,,
KtKgZOAM,EUROPE,2026/2027,EUROPE 3,Conference League,GfRbsVWM,EUROPE 3,23/07/2026,18:30,Quarter-finals,Zilina (Svk),8tSMqaer,GKS Katowice (Pol),K4AgRmS1,False,2,1,1,,,,,"[29, 47, 61]","[6, 90]",bet365,3.4,2.2,2.75,bet365,3.1,2.5,2.5,bet365,2.88,3.4,2.15,bet365,1.33,3.25,bet365,2.63,1.44,bet365,6.0,1.11,bet365,1.22,4.0,bet365,2.0,1.73,bet365,4.0,1.22,bet365,1.05,8.5,bet365,1.25,3.75,bet365,1.83,1.98,bet365,3.0,1.36,bet365,5.5,1.13,bet365,1.67,2.1,bet365,4.33,1.2,bet365,3.25,1.33,bet365,1.57,1.25,1.33,bet365,1.4,1.62,1.3,Betano.br,1.45,1.47,1.35,bet365,2.2,1.62,Goldebet,2.05,1.7,Betano.br,1.98,1.75,bet365,4.75,15.0,26.0,7.0,5.5,5.5,29.0,15.0,3.5,bet365,1.98,1.88,bet365,2.1,1.73,bet365,1.91,1.8,bet365,12.0,bet365,11.0,bet365,9.0,bet365,7.0,bet365,15.0,bet365,11.0,bet365,11.0,bet365,9.5,bet365,13.0,bet365,29.0,bet365,21.0,bet365,23.0,bet365,17.0,bet365,29.0,bet365,26.0,SeguroBet,10.0,1.02,1xBet.br,10.0,1.01,bet365,5.9,1.13,bet365,5.0,1.17,bet365,2.85,1.4,bet365,1.63,2.25,bet365,1.3,3.45,bet365,1.22,4.15,1xBet.br,1.06,9.1,1xBet.br,1.04,11.0,bet365,26.0,15.0,21.0,bet365,13.0,8.5,8.5,bet365,6.0,4.75,4.0,bet365,1.57,4.0,1.33,bet365,1.2,6.0,1.09,bet365,1.06,13.0,1.04,,,,,,,,,,,0.44,0.56,,,,,,,,,,,13.0,7.0,4.0,2.0,5.0,2.0,4.0,3.0,,,,,,,,,,,1.0,4.0,12.0,17.0,19.0,19.0,20.0,13.0,5.0,4.0,,,0.0,1.0,,,,,,,,,,,,,,,,,,,,,,,,,0.45,0.55,,,,,,,,,,,9.0,1.0,3.0,1.0,4.0,0.0,2.0,0.0,,,,,,,,,,,1.0,2.0,3.0,8.0,9.0,8.0,9.0,4.0,2.0,0.0,,,0.0,0.0,,,,,,,,,,,,,,,,,,,,,,,,,0.43,0.57,,,,,,,,,,,4.0,6.0,1.0,1.0,1.0,2.0,2.0,3.0,,,,,,,,,,,0.0,2.0,9.0,9.0,10.0,11.0,11.0,9.0,3.0,4.0,,,0.0,1.0,,,,,,,,,,,,,,
x2O6O7d4,EUROPE,2026/2027,EUROPE 3,Conference League,GfRbsVWM,EUROPE 3,23/07/2026,18:00,Quarter-finals,Vojvodina (Srb),8pVJab5C,Ajax (Ned),8UOvIwnb,False,1,4,1,,,,,[28],"[3, 37, 52, 90]",bet365,4.5,2.38,2.2,bet365,4.0,2.75,2.0,bet365,4.0,3.9,1.65,bet365,1.3,3.4,bet365,2.38,1.53,bet365,5.5,1.13,bet365,1.18,4.5,bet365,1.83,1.83,bet365,3.75,1.25,bet365,1.03,10.0,bet365,1.2,4.33,bet365,1.67,2.15,bet365,2.63,1.44,bet365,4.5,1.17,bet365,1.73,2.0,bet365,4.0,1.22,bet365,3.25,1.33,bet365,2.1,1.18,1.17,bet365,1.62,1.53,1.17,KTO.br,1.78,1.29,1.1,bet365,3.4,1.3,Sportingbet.br,2.9,1.36,Betano.br,2.95,1.36,bet365,7.0,17.0,21.0,10.0,6.5,4.75,41.0,15.0,2.5,bet365,1.95,1.9,bet365,2.0,1.8,bet365,1.91,1.8,bet365,15.0,bet365,15.0,bet365,8.5,bet365,8.0,bet365,23.0,bet365,9.0,bet365,15.0,bet365,8.5,bet365,15.0,bet365,41.0,bet365,13.0,bet365,34.0,bet365,13.0,bet365,34.0,bet365,23.0,,0.0,0.0,,0.0,0.0,1xBet.br,9.3,1.06,1xBet.br,7.9,1.08,bet365,4.0,1.23,bet365,2.15,1.68,bet365,1.68,2.15,bet365,1.43,2.75,bet365,1.2,4.4,bet365,1.15,5.5,bet365,0.0,0.0,10.0,bet365,23.0,13.0,5.0,bet365,9.0,6.0,2.63,bet365,2.1,3.75,1.17,bet365,1.4,4.75,1.05,bet365,1.13,8.0,0.0,0.68,1.63,1.09,2.92,0.38,2.24,2.92,1.09,-1.08,0.09,0.34,0.66,0.79,0.89,0.44,0.53,0.61,0.79,0.0,0.0,0.29,0.21,9.0,18.0,4.0,10.0,4.0,4.0,1.0,4.0,6.0,14.0,3.0,4.0,3.0,4.0,0.0,0.0,12.0,49.0,1.0,10.0,7.0,18.0,17.0,20.0,18.0,7.0,3.0,0.0,,,0.0,1.0,6.0,3.0,0.33,0.69,30.0,54.0,16.0,11.0,9.0,18.0,0.0,1.0,0.0,0.0,0.42,1.26,0.69,1.91,0.18,1.65,1.91,0.69,-0.09,-0.31,0.24,0.76,0.67,0.89,0.44,0.5,0.54,0.81,0.0,0.0,0.2,0.28,5.0,15.0,3.0,7.0,2.0,4.0,0.0,4.0,3.0,12.0,2.0,3.0,1.0,2.0,0.0,0.0,6.0,32.0,0.0,8.0,2.0,4.0,3.0,9.0,4.0,2.0,1.0,0.0,,,0.0,0.0,5.0,2.0,0.13,0.75,15.0,26.0,10.0,5.0,3.0,7.0,0.0,1.0,0.0,0.0,0.26,0.37,0.4,1.01,0.2,0.59,1.01,0.4,-0.99,0.4,0.43,0.57,0.85,0.88,0.43,0.56,0.68,0.73,0.0,0.0,0.33,0.0,4.0,3.0,1.0,3.0,2.0,0.0,1.0,0.0,3.0,2.0,1.0,1.0,2.0,2.0,0.0,0.0,6.0,17.0,1.0,2.0,5.0,14.0,14.0,11.0,14.0,5.0,2.0,0.0,,,0.0,1.0,1.0,1.0,0.75,0.67,15.0,28.0,6.0,6.0,6.0,11.0,0.0,0.0,0.0,0.0
x4RW2Nj4,EUROPE,2026/2027,EUROPE 3,Conference League,GfRbsVWM,EUROPE 3,23/07/2026,17:45,Quarter-finals,FCSB (Rou),Gv2kjDpN,Auda (Lat),n9K4jY6A,False,2,3,1,,,,,"[23, 71]","[5, 32, 65, 90]",bet365,1.53,2.75,11.0,bet365,1.4,3.25,9.5,bet365,1.17,6.25,13.0,bet365,1.25,3.75,bet365,2.2,1.62,bet365,4.5,1.17,bet365,1.17,5.0,bet365,1.8,1.91,bet365,3.5,1.29,bet365,1.02,10.5,bet365,1.17,4.5,bet365,1.57,2.35,bet365,2.25,1.57,bet365,4.0,1.22,bet365,2.38,1.53,bet365,6.0,1.13,bet365,4.33,1.2,bet365,1.01,1.11,4.5,bet365,1.02,1.4,2.38,Sportingbet.br,1.05,1.26,2.8,bet365,1.04,9.0,Sportingbet.br,1.08,7.25,Betano.br,1.07,7.2,bet365,1.57,26.0,67.0,3.75,9.5,23.0,21.0,29.0,23.0,bet365,1.95,1.9,bet365,2.0,1.8,bet365,1.91,1.8,bet365,15.0,bet365,7.5,bet365,29.0,bet365,13.0,bet365,6.0,bet365,67.0,bet365,11.0,bet365,41.0,bet365,29.0,bet365,6.5,bet365,151.0,bet365,12.0,bet365,101.0,bet365,34.0,bet365,81.0,bet365,2.38,1.55,bet365,1.9,1.9,bet365,1.55,2.38,bet365,1.25,3.8,bet365,1.19,4.5,Superbet.br,1.02,12.0,,0.0,0.0,,0.0,0.0,,0.0,0.0,,0.0,0.0,bet365,4.0,4.75,0.0,bet365,2.3,4.0,51.0,bet365,1.53,4.0,34.0,bet365,1.01,17.0,4.5,bet365,1.01,29.0,2.3,bet365,0.0,0.0,1.53,,,,,,,,,,,0.55,0.45,,,,,,,,,,,20.0,12.0,11.0,6.0,6.0,6.0,3.0,0.0,,,,,,,,,,,6.0,2.0,19.0,24.0,29.0,17.0,19.0,13.0,1.0,4.0,,,6.0,4.0,,,,,,,,,,,,,,,,,,,,,,,,,0.51,0.49,,,,,,,,,,,6.0,8.0,5.0,3.0,1.0,5.0,0.0,0.0,,,,,,,,,,,3.0,2.0,6.0,12.0,13.0,7.0,11.0,5.0,1.0,2.0,,,2.0,1.0,,,,,,,,,,,,,,,,,,,,,,,,,0.59,0.41,,,,,,,,,,,14.0,4.0,6.0,3.0,5.0,1.0,3.0,0.0,,,,,,,,,,,3.0,0.0,13.0,12.0,16.0,10.0,8.0,8.0,0.0,2.0,,,4.0,3.0,,,,,,,,,,,,,,
tfT2F3HD,EUROPE,2026/2027,EUROPE 3,Conference League,GfRbsVWM,EUROPE 3,23/07/2026,18:00,Quarter-finals,Paks (Hun),0rhLtCWr,Panathinaikos (Gre),SENMmweG,False,1,2,1,,,,,[71],"[41, 55]",bet365,5.5,2.38,2.0,bet365,4.75,2.75,1.83,bet365,5.25,4.2,1.53,bet365,1.33,3.25,bet365,2.5,1.5,bet365,5.5,1.13,bet365,1.2,4.33,bet365,1.91,1.8,bet365,4.0,1.22,bet365,1.04,9.0,bet365,1.22,4.0,bet365,1.7,2.1,bet365,2.63,1.44,bet365,4.5,1.17,bet365,1.83,1.83,bet365,4.5,1.18,bet365,3.5,1.29,bet365,2.38,1.22,1.14,bet365,1.73,1.53,1.13,SeguroBet,1.89,1.37,1.16,bet365,4.0,1.22,BrasilBet,3.7,1.22,Superbet.br,3.25,1.28,bet365,9.0,17.0,21.0,11.0,6.5,4.33,41.0,17.0,2.3,bet365,1.95,1.9,bet365,2.0,1.8,bet365,1.91,1.8,bet365,13.0,bet365,15.0,bet365,7.5,bet365,8.5,bet365,29.0,bet365,8.0,bet365,17.0,bet365,8.5,bet365,17.0,bet365,51.0,bet365,11.0,bet365,41.0,bet365,13.0,bet365,41.0,bet365,23.0,,0.0,0.0,,0.0,0.0,Superbet.br,12.0,1.02,1xBet.br,10.0,1.01,bet365,5.25,1.16,bet365,2.42,1.53,bet365,1.9,1.9,bet365,1.53,2.42,bet365,1.26,3.7,bet365,1.2,4.4,bet365,0.0,0.0,8.5,bet365,29.0,17.0,4.33,bet365,11.0,7.0,2.38,bet365,2.38,3.75,1.14,bet365,1.5,4.5,1.04,bet365,1.17,7.0,0.0,0.87,2.59,0.52,1.82,1.1,1.07,1.82,0.52,0.82,-0.48,0.4,0.6,0.7,0.8,0.42,0.55,0.62,0.77,0.0,1.0,0.36,0.1,15.0,18.0,2.0,6.0,8.0,8.0,5.0,4.0,10.0,14.0,5.0,4.0,0.0,5.0,1.0,0.0,21.0,41.0,5.0,4.0,13.0,9.0,22.0,28.0,9.0,13.0,0.0,3.0,,,5.0,0.0,5.0,1.0,0.44,0.67,57.0,59.0,34.0,26.0,5.0,10.0,0.0,2.0,0.0,0.0,0.42,0.74,0.0,0.36,0.39,0.43,0.36,0.0,0.36,0.0,0.42,0.58,0.73,0.78,0.41,0.55,0.64,0.77,0.0,1.0,0.57,0.07,7.0,7.0,0.0,1.0,5.0,3.0,2.0,3.0,6.0,7.0,1.0,0.0,0.0,1.0,0.0,0.0,9.0,14.0,2.0,2.0,3.0,5.0,8.0,17.0,5.0,3.0,,,,,4.0,0.0,1.0,0.0,0.55,0.62,29.0,34.0,19.0,7.0,5.0,4.0,0.0,0.0,0.0,0.0,0.45,1.85,0.52,1.46,0.71,0.64,1.46,0.52,0.46,-0.48,0.38,0.62,0.66,0.83,0.43,0.54,0.61,0.77,0.0,0.0,0.14,0.17,8.0,11.0,2.0,5.0,3.0,5.0,3.0,1.0,4.0,7.0,4.0,4.0,0.0,4.0,1.0,0.0,12.0,27.0,3.0,2.0,10.0,4.0,14.0,11.0,4.0,10.0,0.0,3.0,,,1.0,0.0,4.0,1.0,0.36,0.75,28.0,25.0,15.0,19.0,0.0,6.0,0.0,2.0,0.0,0.0
pMxhsMZA,EUROPE,2026/2027,EUROPE 3,Conference League,GfRbsVWM,EUROPE 3,23/07/2026,17:00,Quarter-finals,Dinamo Tbilisi (Geo),I7RM1rTm,Zalgiris (Ltu),fuLOijFI,False,3,0,1,,,,,"[14, 26, 30]",[],bet365,2.88,2.0,3.75,bet365,2.6,2.3,3.5,bet365,2.1,3.2,3.0,bet365,1.5,2.5,bet365,3.4,1.3,bet365,8.0,1.06,bet365,1.33,3.25,bet365,2.5,1.5,bet365,6.0,1.13,bet365,1.08,7.0,bet365,1.4,2.75,bet365,2.3,1.6,bet365,4.33,1.2,bet365,8.0,1.06,bet365,2.0,1.73,bet365,5.5,1.14,bet365,4.0,1.22,bet365,1.3,1.29,1.6,bet365,1.25,1.73,1.4,Sportingbet.br,1.26,1.57,1.44,bet365,1.57,2.25,BrasilBet,1.53,2.35,Betano.br,1.6,2.18,bet365,3.5,17.0,41.0,5.0,4.75,7.0,29.0,17.0,5.5,bet365,1.95,1.9,bet365,2.2,1.67,bet365,2.0,1.73,bet365,8.0,bet365,6.5,bet365,8.0,bet365,6.5,bet365,9.5,bet365,15.0,bet365,10.0,bet365,12.0,bet365,19.0,bet365,19.0,bet365,34.0,bet365,21.0,bet365,29.0,bet365,34.0,bet365,41.0,bet365,6.8,1.11,bet365,7.0,1.1,bet365,4.4,1.2,bet365,3.45,1.3,bet365,2.2,1.65,bet365,1.38,3.0,bet365,1.13,5.9,bet365,1.1,7.0,,0.0,0.0,,0.0,0.0,bet365,26.0,15.0,0.0,bet365,9.5,6.0,19.0,bet365,4.33,3.75,7.0,bet365,1.3,4.5,1.6,bet365,1.08,10.0,1.18,bet365,0.0,0.0,1.05,,,,,,,,,,,0.47,0.53,,,,,,,,,,,16.0,14.0,10.0,3.0,4.0,6.0,2.0,5.0,,,,,,,,,,,2.0,3.0,12.0,12.0,11.0,22.0,10.0,12.0,0.0,3.0,,,3.0,0.0,,,,,,,,,,,,,,,,,,,,,,,,,0.53,0.47,,,,,,,,,,,10.0,2.0,6.0,0.0,3.0,0.0,1.0,2.0,,,,,,,,,,,1.0,1.0,10.0,5.0,6.0,6.0,3.0,11.0,0.0,2.0,,,2.0,0.0,,,,,,,,,,,,,,,,,,,,,,,,,0.41,0.59,,,,,,,,,,,6.0,12.0,4.0,3.0,1.0,6.0,1.0,3.0,,,,,,,,,,,1.0,2.0,2.0,7.0,5.0,16.0,7.0,1.0,0.0,1.0,,,1.0,0.0,,,,,,,,,,,,,,
dxfGbwVj,EUROPE,2026/2027,EUROPE 3,Conference League,GfRbsVWM,EUROPE 3,23/07/2026,17:00,Quarter-finals,Zimbru Chisinau (Mda),ULsoeTbO,Noah (Arm),IeATrtcs,False,1,1,1,,,,,[43],[88],bet365,4.75,2.2,2.3,bet365,4.33,2.5,2.1,bet365,4.2,3.5,1.7,bet365,1.4,2.75,bet365,2.75,1.4,bet365,6.5,1.1,bet365,1.25,3.75,bet365,2.1,1.67,bet365,4.5,1.18,bet365,1.03,10.0,bet365,1.29,3.5,bet365,1.95,1.85,bet365,3.4,1.3,bet365,6.0,1.11,bet365,1.83,1.83,bet365,5.0,1.17,bet365,3.75,1.25,bet365,1.95,1.22,1.17,bet365,1.57,1.62,1.17,Betano.br,1.67,1.45,1.21,bet365,3.4,1.3,Esportivabet,2.9,1.36,Betano.br,2.87,1.37,bet365,7.0,17.0,23.0,9.5,5.5,4.5,41.0,17.0,2.63,bet365,1.98,1.88,bet365,2.1,1.73,bet365,1.91,1.8,bet365,10.0,bet365,12.0,bet365,7.0,bet365,7.0,bet365,23.0,bet365,8.0,bet365,15.0,bet365,9.0,bet365,17.0,bet365,41.0,bet365,13.0,bet365,34.0,bet365,15.0,bet365,41.0,bet365,29.0,,0.0,0.0,,0.0,0.0,1xBet.br,9.4,1.02,bet365,6.6,1.11,bet365,4.25,1.21,bet365,2.05,1.75,bet365,1.58,2.35,bet365,1.38,3.0,bet365,1.16,5.25,bet365,1.13,6.0,bet365,0.0,0.0,12.0,bet365,26.0,15.0,6.0,bet365,9.5,6.0,2.88,bet365,1.95,3.6,1.17,bet365,1.36,5.0,1.05,bet365,1.09,8.5,0.0,,,,,,,,,,,0.4,0.6,,,,,,,,,,,6.0,18.0,4.0,6.0,0.0,5.0,2.0,7.0,,,,,,,,,,,1.0,10.0,13.0,20.0,16.0,30.0,20.0,9.0,1.0,1.0,,,2.0,3.0,,,,,,,,,,,,,,,,,,,,,,,,,0.51,0.49,,,,,,,,,,,3.0,6.0,2.0,2.0,0.0,1.0,1.0,3.0,,,,,,,,,,,1.0,3.0,10.0,8.0,13.0,11.0,8.0,7.0,0.0,1.0,,,1.0,3.0,,,,,,,,,,,,,,,,,,,,,,,,,0.3,0.7,,,,,,,,,,,3.0,12.0,2.0,4.0,0.0,4.0,1.0,4.0,,,,,,,,,,,0.0,7.0,3.0,12.0,3.0,19.0,12.0,2.0,1.0,0.0,,,1.0,0.0,,,,,,,,,,,,,,
Ox9XRt3d,EUROPE,2026/2027,EUROPE 3,Conference League,GfRbsVWM,EUROPE 3,23/07/2026,17:00,Quarter-finals,U. Cluj (Rou),Us6gkXaT,Brann (Nor),QBbt6ivB,False,2,2,1,,,,,"[85, 87]","[40, 53]",bet365,4.0,2.1,2.63,bet365,3.5,2.38,2.4,bet365,3.25,3.25,2.05,bet365,1.44,2.63,bet365,3.0,1.36,bet365,7.5,1.07,bet365,1.29,3.5,bet365,2.25,1.57,bet365,5.5,1.14,bet365,1.06,8.0,bet365,1.3,3.4,bet365,2.0,1.8,bet365,3.4,1.3,bet365,6.5,1.1,bet365,1.83,1.83,bet365,5.0,1.17,bet365,3.75,1.25,bet365,1.62,1.25,1.25,bet365,1.44,1.67,1.22,Betano.br,1.53,1.5,1.27,bet365,2.5,1.5,Estrelabet,2.4,1.5,Betano.br,2.37,1.55,bet365,5.5,15.0,29.0,7.5,5.0,5.0,34.0,15.0,3.25,bet365,1.98,1.88,bet365,2.1,1.73,bet365,2.0,1.73,bet365,9.0,bet365,9.5,bet365,7.0,bet365,6.5,bet365,17.0,bet365,9.5,bet365,13.0,bet365,9.5,bet365,17.0,bet365,34.0,bet365,19.0,bet365,29.0,bet365,19.0,bet365,41.0,bet365,29.0,Superbet.br,12.0,1.02,1xBet.br,9.4,1.01,bet365,7.0,1.1,bet365,7.0,1.1,bet365,3.55,1.27,bet365,1.8,2.0,bet365,1.4,2.85,bet365,1.27,3.55,bet365,1.1,7.0,Superbet.br,1.05,7.9,bet365,29.0,17.0,21.0,bet365,19.0,11.0,8.0,bet365,7.0,5.0,3.75,bet365,1.62,3.75,1.25,bet365,1.22,6.0,1.07,bet365,1.06,13.0,1.04,,,,,,,,,,,0.32,0.68,,,,,,,,,,,13.0,9.0,6.0,3.0,4.0,2.0,3.0,4.0,,,,,,,,,,,9.0,5.0,17.0,21.0,16.0,17.0,21.0,14.0,3.0,2.0,,,1.0,3.0,,,,,,,,,,,,,,,,,,,,,,,,,0.29,0.71,,,,,,,,,,,1.0,7.0,1.0,2.0,0.0,2.0,0.0,3.0,,,,,,,,,,,4.0,4.0,8.0,6.0,10.0,5.0,6.0,8.0,,,,,0.0,2.0,,,,,,,,,,,,,,,,,,,,,,,,,0.35,0.65,,,,,,,,,,,12.0,2.0,5.0,1.0,4.0,0.0,3.0,1.0,,,,,,,,,,,5.0,1.0,9.0,15.0,6.0,12.0,15.0,6.0,3.0,2.0,,,1.0,1.0,,,,,,,,,,,,,,
0jEJMlgK,EUROPE,2026/2027,EUROPE 3,Conference League,GfRbsVWM,EUROPE 3,23/07/2026,18:45,Quarter-finals,Bravo (Slo),dfincSI4,Shkendija (Mkd),je0pik4r,False,2,1,1,,,,,"[19, 56, 90]",[11],bet365,3.0,2.2,3.1,bet365,2.75,2.5,2.88,bet365,2.45,3.2,2.55,bet365,1.36,3.0,bet365,2.63,1.44,bet365,6.5,1.1,bet365,1.22,4.0,bet365,2.0,1.73,bet365,4.0,1.22,bet365,1.05,8.5,bet365,1.25,3.75,bet365,1.83,1.98,bet365,3.0,1.36,bet365,5.5,1.13,bet365,1.67,2.1,bet365,4.33,1.2,bet365,3.25,1.33,bet365,1.44,1.29,1.44,bet365,1.36,1.62,1.36,Novibet,1.28,1.47,1.45,bet365,1.83,1.83,Novibet,1.64,2.07,Betano.br,1.67,2.07,bet365,4.0,15.0,29.0,6.0,5.5,6.5,29.0,15.0,4.0,bet365,2.0,1.85,bet365,2.1,1.73,bet365,1.91,1.8,bet365,11.0,bet365,9.5,bet365,10.0,bet365,6.5,bet365,13.0,bet365,13.0,bet365,10.0,bet365,11.0,bet365,13.0,bet365,23.0,bet365,26.0,bet365,21.0,bet365,21.0,bet365,29.0,bet365,29.0,bet365,6.8,1.11,bet365,7.0,1.1,bet365,4.8,1.18,bet365,3.9,1.24,bet365,2.42,1.53,bet365,1.48,2.6,bet365,1.21,4.25,bet365,1.16,5.25,1xBet.br,1.01,9.5,SeguroBet,1.02,9.7,bet365,26.0,15.0,0.0,bet365,10.0,7.0,11.0,bet365,4.75,4.33,5.0,bet365,1.44,4.5,1.44,bet365,1.13,7.5,1.14,bet365,0.0,0.0,1.04,,,,,,,,,,,0.39,0.61,,,,,,,,,,,8.0,12.0,3.0,5.0,3.0,5.0,2.0,2.0,,,,,,,,,,,1.0,5.0,12.0,19.0,17.0,28.0,18.0,10.0,2.0,3.0,,,2.0,3.0,,,,,,,,,,,,,,,,,,,,,,,,,0.35,0.65,,,,,,,,,,,6.0,6.0,2.0,3.0,3.0,2.0,1.0,1.0,,,,,,,,,,,0.0,2.0,6.0,6.0,10.0,13.0,6.0,4.0,1.0,1.0,,,1.0,2.0,,,,,,,,,,,,,,,,,,,,,,,,,0.43,0.57,,,,,,,,,,,2.0,6.0,1.0,2.0,0.0,3.0,1.0,1.0,,,,,,,,,,,1.0,3.0,6.0,13.0,7.0,15.0,12.0,6.0,1.0,2.0,,,1.0,1.0,,,,,,,,,,,,,,
EeJHcsKi,EUROPE,2026/2027,EUROPE 3,Conference League,GfRbsVWM,EUROPE 3,23/07/2026,17:00,Quarter-finals,BATE (Blr),GnDSyToM,Sion (Sui),KbwIFIoN,False,1,1,1,,,,,[16],[42],bet365,9.0,2.5,1.67,bet365,8.0,3.0,1.53,bet365,8.5,5.25,1.25,bet365,1.3,3.4,bet365,2.38,1.53,bet365,5.0,1.14,bet365,1.18,4.5,bet365,1.83,1.83,bet365,3.75,1.25,bet365,1.03,10.0,bet365,1.2,4.33,bet365,1.65,2.2,bet365,2.63,1.44,bet365,4.5,1.17,bet365,2.25,1.57,bet365,6.0,1.13,bet365,4.33,1.2,bet365,3.4,1.11,1.04,bet365,2.1,1.5,1.04,1xBet.br,2.43,1.25,1.02,bet365,7.0,1.08,BrasilBet,6.5,1.08,Betano.br,5.4,1.12,bet365,19.0,23.0,23.0,19.0,8.0,4.0,51.0,21.0,1.8,bet365,1.93,1.93,bet365,2.0,1.8,bet365,1.91,1.8,bet365,13.0,bet365,21.0,bet365,7.0,bet365,11.0,bet365,41.0,bet365,6.0,bet365,29.0,bet365,10.0,bet365,26.0,bet365,126.0,bet365,7.5,bet365,67.0,bet365,12.0,bet365,67.0,bet365,34.0,,0.0,0.0,,0.0,0.0,,0.0,0.0,,0.0,0.0,SeguroBet,7.85,1.05,bet365,3.7,1.26,bet365,2.85,1.4,bet365,2.03,1.78,bet365,1.58,2.35,bet365,1.4,2.85,bet365,0.0,0.0,5.0,bet365,51.0,29.0,2.88,bet365,26.0,12.0,1.73,bet365,3.4,3.75,1.04,bet365,1.95,4.0,1.01,bet365,1.36,5.0,0.0,0.58,1.36,1.06,1.11,0.38,1.1,1.11,1.06,0.11,0.06,0.34,0.66,0.78,0.9,0.48,0.74,0.44,0.8,0.0,0.0,0.25,0.15,9.0,23.0,2.0,8.0,6.0,8.0,1.0,7.0,3.0,13.0,6.0,10.0,1.0,1.0,0.0,1.0,10.0,32.0,1.0,8.0,10.0,11.0,14.0,31.0,11.0,10.0,2.0,1.0,,,0.0,1.0,7.0,1.0,0.67,0.67,38.0,44.0,32.0,16.0,8.0,1.0,1.0,0.0,0.0,0.0,0.21,0.74,0.45,0.42,0.12,0.36,0.42,0.45,-0.58,-0.55,0.31,0.69,0.78,0.91,0.39,0.74,0.5,0.8,0.0,0.0,1.0,0.13,5.0,11.0,1.0,2.0,3.0,4.0,1.0,5.0,1.0,7.0,4.0,4.0,0.0,0.0,0.0,0.0,4.0,18.0,0.0,1.0,5.0,5.0,6.0,18.0,5.0,5.0,1.0,0.0,,,0.0,1.0,1.0,0.0,0.8,0.63,21.0,24.0,14.0,5.0,4.0,1.0,0.0,0.0,0.0,0.0,0.37,0.62,0.61,0.69,0.26,0.74,0.69,0.61,0.69,0.61,0.37,0.63,0.78,0.88,0.59,0.75,0.39,0.81,0.0,0.0,0.0,0.17,4.0,12.0,1.0,6.0,3.0,4.0,0.0,2.0,2.0,6.0,2.0,6.0,1.0,1.0,0.0,1.0,6.0,14.0,1.0,7.0,5.0,6.0,8.0,13.0,6.0,5.0,1.0,1.0,,,0.0,0.0,6.0,1.0,0.0,0.71,17.0,20.0,18.0,11.0,4.0,0.0,1.0,0.0,0.0,0.0
xzSjJieR,EUROPE,2026/2027,EUROPE 3,Conference League,GfRbsVWM,EUROPE 3,23/07/2026,18:30,Quarter-finals,Borac Banja Luka (Bih),pWGUPhrD,Petrocub (Mda),b5j3Rktc,False,3,0,1,,,,,"[20, 64, 86]",[],bet365,1.8,2.6,6.5,bet365,1.67,3.0,6.0,bet365,1.33,4.5,7.0,bet365,1.29,3.5,bet365,2.25,1.57,bet365,4.5,1.17,bet365,1.17,5.0,bet365,1.8,1.91,bet365,3.5,1.29,bet365,1.02,10.5,bet365,1.17,4.5,bet365,1.57,2.35,bet365,2.38,1.53,bet365,4.33,1.2,bet365,1.83,1.83,bet365,4.5,1.18,bet365,3.4,1.3,bet365,1.06,1.13,2.88,bet365,1.1,1.5,1.91,Sportingbet.br,1.11,1.33,2.15,bet365,1.13,5.5,Estrelabet,1.16,4.33,Betano.br,1.19,4.2,bet365,1.95,19.0,41.0,4.33,7.5,15.0,21.0,19.0,12.0,bet365,1.98,1.88,bet365,2.0,1.8,bet365,1.91,1.8,bet365,17.0,bet365,8.5,bet365,21.0,bet365,9.5,bet365,7.5,bet365,41.0,bet365,9.0,bet365,21.0,bet365,19.0,bet365,9.0,bet365,81.0,bet365,11.0,bet365,51.0,bet365,23.0,bet365,41.0,bet365,3.45,1.3,bet365,2.68,1.45,bet365,2.0,1.8,bet365,1.55,2.38,bet365,1.38,3.0,bet365,1.1,7.0,bet365,1.12,6.4,SeguroBet,1.02,9.7,,0.0,0.0,,0.0,0.0,bet365,6.0,5.5,0.0,bet365,3.25,4.33,41.0,bet365,1.95,4.0,17.0,bet365,1.06,10.0,2.88,bet365,1.02,23.0,1.73,bet365,0.0,0.0,1.3,,,,,,,,,,,0.58,0.42,,,,,,,,,,,20.0,7.0,7.0,2.0,7.0,0.0,6.0,5.0,,,,,,,,,,,11.0,2.0,15.0,10.0,18.0,19.0,9.0,10.0,1.0,3.0,,,1.0,4.0,,,,,,,,,,,,,,,,,,,,,,,,,0.66,0.34,,,,,,,,,,,7.0,2.0,3.0,1.0,2.0,0.0,2.0,1.0,,,,,,,,,,,4.0,1.0,7.0,7.0,8.0,8.0,5.0,5.0,1.0,1.0,,,1.0,1.0,,,,,,,,,,,,,,,,,,,,,,,,,0.5,0.5,,,,,,,,,,,13.0,5.0,4.0,1.0,5.0,0.0,4.0,4.0,,,,,,,,,,,7.0,1.0,8.0,3.0,10.0,11.0,4.0,5.0,0.0,2.0,,,0.0,3.0,,,,,,,,,,,,,,
K2gIHgbs,EUROPE,2026/2027,EUROPE 3,Conference League,GfRbsVWM,EUROPE 3,23/07/2026,17:00,Quarter-finals,GAIS (Swe),bJewAOTf,Nordsjaelland (Den),2wZHnGDH,False,1,0,1,,,,,[42],[],bet365,3.4,2.2,2.88,bet365,3.1,2.5,2.6,bet365,2.7,3.5,2.2,bet365,1.36,3.0,bet365,2.75,1.4,bet365,6.5,1.1,bet365,1.22,4.0,bet365,2.1,1.67,bet365,4.5,1.18,bet365,1.05,8.5,bet365,1.25,3.75,bet365,1.85,1.95,bet365,3.25,1.33,bet365,5.5,1.13,bet365,1.73,2.0,bet365,4.33,1.2,bet365,3.4,1.3,bet365,1.55,1.22,1.36,bet365,1.4,1.62,1.3,1xBet.br,1.41,1.52,1.35,bet365,2.1,1.67,LuvaBet,2.05,1.7,Betano.br,1.93,1.78,bet365,4.5,15.0,26.0,7.0,5.5,5.5,29.0,15.0,3.6,bet365,1.93,1.93,bet365,2.1,1.73,bet365,1.91,1.8,bet365,11.0,bet365,9.5,bet365,8.5,bet365,7.0,bet365,15.0,bet365,11.0,bet365,11.0,bet365,9.5,bet365,15.0,bet365,29.0,bet365,21.0,bet365,23.0,bet365,19.0,bet365,29.0,bet365,29.0,SeguroBet,10.3,1.02,SeguroBet,10.0,1.02,bet365,5.75,1.14,bet365,4.5,1.19,bet365,2.68,1.45,bet365,1.6,2.3,bet365,1.27,3.55,bet365,1.2,4.4,1xBet.br,1.06,9.1,1xBet.br,1.04,11.0,bet365,0.0,0.0,23.0,bet365,12.0,8.0,9.0,bet365,5.5,4.5,4.33,bet365,1.55,4.0,1.36,bet365,1.18,6.5,1.1,bet365,1.05,15.0,0.0,1.07,0.48,0.9,0.11,0.79,0.48,0.11,0.9,0.11,-0.1,0.4,0.6,0.83,0.86,0.38,0.56,0.63,0.72,0.0,0.0,0.25,0.22,16.0,10.0,4.0,1.0,7.0,5.0,5.0,4.0,7.0,5.0,9.0,5.0,1.0,0.0,1.0,0.0,11.0,27.0,8.0,6.0,13.0,13.0,13.0,18.0,13.0,13.0,1.0,0.0,,,3.0,2.0,1.0,3.0,0.63,0.76,59.0,49.0,30.0,30.0,14.0,7.0,1.0,1.0,0.0,0.0,0.72,0.29,0.51,0.0,0.6,0.22,0.0,0.51,0.0,-0.49,0.46,0.54,0.86,0.85,0.33,0.53,0.7,0.63,0.0,0.0,0.24,0.17,8.0,5.0,3.0,0.0,4.0,3.0,1.0,2.0,4.0,2.0,4.0,3.0,1.0,0.0,1.0,0.0,7.0,12.0,8.0,2.0,6.0,5.0,7.0,10.0,5.0,6.0,,,,,0.0,0.0,0.0,2.0,0.53,0.78,31.0,23.0,11.0,20.0,9.0,5.0,1.0,1.0,0.0,0.0,0.35,0.19,0.39,0.11,0.19,0.26,0.11,0.39,0.11,0.39,0.33,0.67,0.78,0.87,0.41,0.6,0.51,0.77,0.0,0.0,0.33,0.25,8.0,5.0,1.0,1.0,3.0,2.0,4.0,2.0,3.0,3.0,5.0,2.0,0.0,0.0,0.0,0.0,4.0,15.0,0.0,4.0,7.0,8.0,6.0,8.0,8.0,7.0,1.0,0.0,,,3.0,2.0,1.0,1.0,0.75,0.75,28.0,26.0,19.0,10.0,5.0,2.0,0.0,0.0,0.0,0.0
nZQNkJqo,EUROPE,2026/2027,EUROPE 3,Conference League,GfRbsVWM,EUROPE 3,23/07/2026,16:00,Quarter-finals,Flora (Est),zLFV5ykn,TNS (Wal),lGMtZWUH,False,1,0,1,,,,,[31],[],bet365,2.88,2.3,3.1,bet365,2.6,2.63,2.75,bet365,2.3,3.5,2.6,bet365,1.3,3.4,bet365,2.38,1.53,bet365,5.0,1.14,bet365,1.18,4.5,bet365,1.83,1.83,bet365,3.5,1.29,bet365,1.03,10.0,bet365,1.2,4.33,bet365,1.62,2.25,bet365,2.5,1.5,bet365,4.33,1.2,bet365,1.53,2.38,bet365,3.75,1.25,bet365,2.75,1.4,bet365,1.4,1.22,1.5,bet365,1.36,1.57,1.4,Betano.br,1.38,1.42,1.47,bet365,1.73,2.0,BrasilBet,1.77,1.95,Betano.br,1.75,1.95,bet365,3.75,15.0,26.0,6.0,6.0,6.5,23.0,15.0,4.33,bet365,1.98,1.88,bet365,2.0,1.8,bet365,1.91,1.8,bet365,15.0,bet365,11.0,bet365,12.0,bet365,7.5,bet365,13.0,bet365,15.0,bet365,10.0,bet365,11.0,bet365,12.0,bet365,23.0,bet365,26.0,bet365,17.0,bet365,21.0,bet365,23.0,bet365,23.0,1xBet.br,8.5,1.01,bet365,6.4,1.12,bet365,4.15,1.22,bet365,3.45,1.3,bet365,2.3,1.6,bet365,1.45,2.68,bet365,1.2,4.4,bet365,1.15,5.5,1xBet.br,1.0,9.3,1xBet.br,1.01,10.0,bet365,21.0,15.0,0.0,bet365,8.5,6.5,10.0,bet365,4.33,4.33,5.0,bet365,1.4,4.75,1.5,bet365,1.13,7.5,1.18,bet365,0.0,0.0,1.06,,,,,,,,,,,0.57,0.43,,,,,,,,,,,14.0,8.0,5.0,4.0,7.0,3.0,2.0,1.0,,,,,,,,,,,7.0,3.0,11.0,12.0,17.0,20.0,10.0,12.0,0.0,1.0,,,2.0,0.0,,,,,,,,,,,,,,,,,,,,,,,,,0.58,0.42,,,,,,,,,,,9.0,5.0,2.0,3.0,5.0,2.0,2.0,0.0,,,,,,,,,,,4.0,1.0,5.0,5.0,10.0,9.0,3.0,5.0,,,,,2.0,0.0,,,,,,,,,,,,,,,,,,,,,,,,,0.56,0.44,,,,,,,,,,,5.0,3.0,3.0,1.0,2.0,1.0,0.0,1.0,,,,,,,,,,,3.0,2.0,6.0,7.0,7.0,11.0,7.0,7.0,0.0,1.0,,,0.0,0.0,,,,,,,,,,,,,,
dEBbZRxQ,EUROPE,2026/2027,EUROPE 3,Conference League,GfRbsVWM,EUROPE 3,23/07/2026,18:45,Quarter-finals,Rijeka (Cro),zXKuUR5J,Derry City (Nir),MyD3Jn1A,False,1,0,1,,,,,[52],[],bet365,1.62,2.63,9.0,bet365,1.5,3.1,8.0,bet365,1.22,5.25,10.0,bet365,1.29,3.5,bet365,2.25,1.57,bet365,5.0,1.14,bet365,1.17,5.0,bet365,1.8,1.91,bet365,3.5,1.29,bet365,1.01,15.0,bet365,1.17,4.5,bet365,1.57,2.35,bet365,2.38,1.53,bet365,4.33,1.2,bet365,2.2,1.62,bet365,5.5,1.14,bet365,4.0,1.22,bet365,1.03,1.11,3.6,bet365,1.04,1.44,2.2,SeguroBet,1.04,1.26,2.84,bet365,1.06,8.0,Esportivabet,1.06,7.0,Betano.br,1.09,6.2,bet365,1.73,21.0,51.0,4.0,8.5,21.0,21.0,23.0,19.0,bet365,1.98,1.88,bet365,2.0,1.8,bet365,1.91,1.8,bet365,15.0,bet365,7.5,bet365,26.0,bet365,11.0,bet365,6.5,bet365,51.0,bet365,10.0,bet365,34.0,bet365,23.0,bet365,7.5,bet365,126.0,bet365,12.0,bet365,81.0,bet365,29.0,bet365,67.0,bet365,2.68,1.45,bet365,2.15,1.68,bet365,1.7,2.1,bet365,1.35,3.1,bet365,1.25,3.8,SeguroBet,1.03,9.5,,0.0,0.0,,0.0,0.0,,0.0,0.0,,0.0,0.0,bet365,4.75,5.0,0.0,bet365,2.63,4.0,0.0,bet365,1.67,4.0,29.0,bet365,1.03,13.0,3.6,bet365,0.0,0.0,2.05,bet365,0.0,0.0,1.4,,,,,,,,,,,0.71,0.29,,,,,,,,,,,19.0,4.0,3.0,1.0,9.0,0.0,7.0,3.0,,,,,,,,,,,13.0,4.0,3.0,14.0,19.0,14.0,13.0,3.0,2.0,0.0,,,2.0,0.0,,,,,,,,,,,,,,,,,,,,,,,,,0.7,0.3,,,,,,,,,,,10.0,2.0,0.0,0.0,6.0,0.0,4.0,2.0,,,,,,,,,,,8.0,1.0,2.0,10.0,6.0,8.0,10.0,2.0,1.0,0.0,,,1.0,0.0,,,,,,,,,,,,,,,,,,,,,,,,,0.72,0.28,,,,,,,,,,,9.0,2.0,3.0,1.0,3.0,0.0,3.0,1.0,,,,,,,,,,,5.0,3.0,1.0,4.0,13.0,6.0,3.0,1.0,1.0,0.0,,,1.0,0.0,,,,,,,,,,,,,,
6XSJ1vrp,EUROPE,2026/2027,EUROPE 3,Conference League,GfRbsVWM,EUROPE 3,23/07/2026,17:00,Quarter-finals,ML Vitebsk (Blr),UkzXzc1n,Sutjeska (Mne),Uw7E96rU,False,3,0,1,,,,,"[31, 31, 37, 65]",[],bet365,2.1,2.2,5.5,bet365,1.95,2.5,5.0,bet365,1.6,3.8,4.75,bet365,1.4,2.75,bet365,3.0,1.36,bet365,7.0,1.08,bet365,1.25,3.75,bet365,2.2,1.62,bet365,5.0,1.17,bet365,1.06,8.0,bet365,1.33,3.25,bet365,2.03,1.78,bet365,3.5,1.29,bet365,6.5,1.1,bet365,2.1,1.67,bet365,5.5,1.14,bet365,4.0,1.22,bet365,1.13,1.18,2.15,bet365,1.13,1.62,1.67,SeguroBet,1.16,1.46,1.76,bet365,1.25,3.75,LuvaBet,1.27,3.4,Betano.br,1.32,3.1,bet365,2.4,17.0,41.0,4.33,5.5,11.0,26.0,19.0,9.0,bet365,1.93,1.93,bet365,2.1,1.73,bet365,2.0,1.73,bet365,9.5,bet365,6.0,bet365,12.0,bet365,7.5,bet365,7.0,bet365,26.0,bet365,9.0,bet365,17.0,bet365,21.0,bet365,11.0,bet365,51.0,bet365,15.0,bet365,41.0,bet365,29.0,bet365,51.0,bet365,5.25,1.16,bet365,4.15,1.22,bet365,2.6,1.48,bet365,2.0,1.8,bet365,1.58,2.35,bet365,1.16,5.25,bet365,1.11,6.8,bet365,1.11,6.8,,0.0,0.0,,0.0,0.0,bet365,11.0,8.0,0.0,bet365,5.0,4.5,34.0,bet365,2.63,3.5,12.0,bet365,1.13,6.5,2.15,bet365,1.04,17.0,1.44,bet365,0.0,0.0,1.11,,,,,,,,,,,0.5,0.5,,,,,,,,,,,13.0,15.0,6.0,4.0,7.0,9.0,0.0,2.0,,,,,,,,,,,4.0,6.0,17.0,19.0,20.0,28.0,12.0,8.0,2.0,1.0,,,1.0,1.0,,,,,,,,,,,,,,,,,,,,,,,,,0.55,0.45,,,,,,,,,,,8.0,8.0,4.0,3.0,4.0,5.0,0.0,0.0,,,,,,,,,,,4.0,1.0,9.0,9.0,13.0,11.0,8.0,4.0,1.0,1.0,,,0.0,0.0,,,,,,,,,,,,,,,,,,,,,,,,,0.45,0.55,,,,,,,,,,,5.0,7.0,2.0,1.0,3.0,4.0,0.0,2.0,,,,,,,,,,,0.0,5.0,8.0,10.0,7.0,17.0,4.0,4.0,1.0,0.0,,,1.0,1.0,,,,,,,,,,,,,,
rmFP9V3l,EUROPE,2026/2027,EUROPE 3,Conference League,GfRbsVWM,EUROPE 3,23/07/2026,18:30,Quarter-finals,Lugano (Sui),IHaUjgT1,Dukagjini (Kos),z5Ot4Ilc,False,1,0,1,,,,,"[31, 83]",[],bet365,1.5,2.88,11.0,bet365,1.4,3.4,10.0,bet365,1.17,6.5,17.0,bet365,1.25,3.75,bet365,2.1,1.67,bet365,4.5,1.17,bet365,1.14,5.5,bet365,1.73,2.0,bet365,3.4,1.3,bet365,1.02,11.0,bet365,1.14,5.0,bet365,1.5,2.5,bet365,2.2,1.62,bet365,3.75,1.25,bet365,2.38,1.53,bet365,6.0,1.13,bet365,4.33,1.2,bet365,1.0,1.1,4.5,bet365,1.02,1.4,2.5,1xBet.br,1.04,1.28,2.78,bet365,1.04,9.0,BrasilBet,1.05,8.0,Betano.br,1.08,6.6,bet365,1.57,26.0,67.0,3.75,10.0,26.0,21.0,29.0,26.0,bet365,1.98,1.88,bet365,2.0,1.8,bet365,1.91,1.8,bet365,17.0,bet365,8.0,bet365,34.0,bet365,13.0,bet365,6.0,bet365,67.0,bet365,11.0,bet365,41.0,bet365,29.0,bet365,6.5,bet365,151.0,bet365,12.0,bet365,101.0,bet365,34.0,bet365,81.0,bet365,2.35,1.58,bet365,1.85,1.95,bet365,1.55,2.38,bet365,1.24,3.9,bet365,1.18,4.8,bet365,1.13,6.0,1xBet.br,1.02,8.8,1xBet.br,1.01,9.8,,0.0,0.0,,0.0,0.0,bet365,3.75,4.75,0.0,bet365,2.25,4.0,41.0,bet365,1.5,4.33,41.0,bet365,1.0,17.0,4.5,bet365,1.02,21.0,2.4,bet365,0.0,0.0,1.57,2.47,0.74,0.5,0.09,1.68,0.18,0.09,0.5,0.09,-0.5,0.72,0.28,0.91,0.74,0.83,0.37,0.82,0.56,1.0,0.0,0.26,0.11,24.0,12.0,7.0,3.0,11.0,7.0,6.0,2.0,20.0,3.0,4.0,9.0,7.0,0.0,1.0,1.0,39.0,6.0,7.0,3.0,12.0,17.0,12.0,9.0,17.0,12.0,2.0,2.0,0.0,1.0,5.0,0.0,3.0,4.0,0.58,0.67,56.0,39.0,16.0,32.0,6.0,12.0,0.0,0.0,0.0,0.0,1.04,0.42,0.29,0.06,0.77,0.11,0.06,0.29,0.06,-0.71,0.7,0.3,0.91,0.71,0.82,0.33,0.81,0.57,0.0,0.0,0.29,0.25,11.0,4.0,2.0,2.0,7.0,2.0,2.0,0.0,8.0,3.0,3.0,1.0,2.0,0.0,0.0,0.0,16.0,5.0,4.0,1.0,6.0,10.0,5.0,3.0,10.0,6.0,1.0,0.0,,,2.0,0.0,2.0,1.0,0.6,0.5,29.0,21.0,10.0,16.0,4.0,5.0,0.0,0.0,0.0,0.0,1.43,0.32,0.21,0.03,0.91,0.07,0.03,0.21,0.03,0.21,0.73,0.27,0.91,0.77,0.84,0.44,0.83,0.56,1.0,0.0,0.22,0.0,13.0,8.0,5.0,1.0,4.0,5.0,4.0,2.0,12.0,0.0,1.0,8.0,5.0,0.0,1.0,1.0,23.0,1.0,3.0,2.0,6.0,7.0,7.0,6.0,7.0,6.0,1.0,2.0,0.0,1.0,3.0,0.0,1.0,3.0,0.56,1.0,27.0,18.0,6.0,16.0,2.0,7.0,0.0,0.0,0.0,0.0
8pZNq0wJ,EUROPE,2026/2027,EUROPE 3,Conference League,GfRbsVWM,EUROPE 3,23/07/2026,16:30,Quarter-finals,Dun. Streda (Svk),YHIkizpH,Velez Mostar (Bih),Q7LPqcLQ,False,1,0,1,,,,,[59],[],bet365,1.73,2.4,8.0,bet365,1.62,2.88,7.0,bet365,1.3,4.75,7.0,bet365,1.33,3.25,bet365,2.63,1.44,bet365,6.0,1.11,bet365,1.22,4.0,bet365,2.0,1.73,bet365,4.33,1.2,bet365,1.04,9.0,bet365,1.25,3.75,bet365,1.8,2.0,bet365,3.0,1.36,bet365,5.5,1.13,bet365,2.25,1.57,bet365,6.0,1.13,bet365,4.33,1.2,bet365,1.06,1.13,3.0,bet365,1.06,1.53,2.0,SeguroBet,1.08,1.35,2.23,bet365,1.11,6.0,Galerabet,1.1,5.75,Betano.br,1.14,5.0,bet365,1.91,21.0,51.0,4.0,7.0,17.0,23.0,21.0,15.0,bet365,1.93,1.93,bet365,2.1,1.73,bet365,1.91,1.8,bet365,12.0,bet365,6.5,bet365,17.0,bet365,10.0,bet365,6.0,bet365,41.0,bet365,9.5,bet365,23.0,bet365,26.0,bet365,8.0,bet365,101.0,bet365,13.0,bet365,51.0,bet365,34.0,bet365,51.0,bet365,3.45,1.3,bet365,2.75,1.43,bet365,2.0,1.8,bet365,1.53,2.42,bet365,1.33,3.3,bet365,1.13,6.0,,0.0,0.0,,0.0,0.0,,0.0,0.0,,0.0,0.0,bet365,6.5,5.5,0.0,bet365,3.25,4.0,51.0,bet365,1.91,3.6,21.0,bet365,1.06,10.0,3.0,bet365,1.02,26.0,1.8,bet365,0.0,0.0,1.29,,,,,,,,,,,0.61,0.39,,,,,,,,,,,17.0,6.0,4.0,1.0,7.0,5.0,6.0,0.0,,,,,,,,,,,4.0,1.0,10.0,14.0,22.0,21.0,9.0,11.0,2.0,2.0,,,1.0,1.0,,,,,,,,,,,,,,,,,,,,,,,,,0.67,0.33,,,,,,,,,,,8.0,3.0,1.0,0.0,3.0,3.0,4.0,0.0,,,,,,,,,,,1.0,0.0,7.0,7.0,13.0,16.0,4.0,7.0,1.0,1.0,,,1.0,1.0,,,,,,,,,,,,,,,,,,,,,,,,,0.55,0.45,,,,,,,,,,,9.0,3.0,3.0,1.0,4.0,2.0,2.0,0.0,,,,,,,,,,,3.0,1.0,3.0,7.0,9.0,5.0,5.0,4.0,1.0,1.0,,,0.0,0.0,,,,,,,,,,,,,,
2NvMKPeT,EUROPE,2026/2027,EUROPE 3,Conference League,GfRbsVWM,EUROPE 3,23/07/2026,17:30,Quarter-finals,Vaduz (Lie),G6Ih9GOj,Atletic Escaldes (And),hQcdh3te,False,4,0,1,,,,,"[11, 54, 80, 89]",[],bet365,1.62,2.63,9.0,bet365,1.5,3.1,8.5,bet365,1.2,5.25,11.0,bet365,1.29,3.5,bet365,2.25,1.57,bet365,5.0,1.14,bet365,1.17,5.0,bet365,1.8,1.91,bet365,3.5,1.29,bet365,1.03,10.0,bet365,1.17,4.5,bet365,1.57,2.35,bet365,2.38,1.53,bet365,4.33,1.2,bet365,2.2,1.62,bet365,5.5,1.14,bet365,4.0,1.22,bet365,1.02,1.11,3.75,bet365,1.04,1.44,2.2,Betano.br,1.09,1.31,2.32,bet365,1.06,8.0,BrasilBet,1.11,5.5,Betano.br,1.13,5.2,bet365,1.73,23.0,67.0,4.0,8.5,21.0,21.0,23.0,19.0,bet365,1.98,1.88,bet365,2.0,1.8,bet365,1.91,1.8,bet365,15.0,bet365,7.5,bet365,29.0,bet365,11.0,bet365,6.0,bet365,51.0,bet365,9.5,bet365,34.0,bet365,23.0,bet365,7.5,bet365,151.0,bet365,12.0,bet365,81.0,bet365,29.0,bet365,67.0,bet365,2.68,1.45,bet365,2.15,1.68,bet365,1.7,2.1,bet365,1.35,3.1,bet365,1.24,3.9,bet365,1.11,6.8,,0.0,0.0,,0.0,0.0,,0.0,0.0,,0.0,0.0,bet365,4.75,5.0,0.0,bet365,2.63,4.0,51.0,bet365,1.67,4.0,29.0,bet365,1.02,15.0,3.75,bet365,1.02,26.0,2.05,bet365,0.0,0.0,1.44,,,,,,,,,,,0.62,0.38,,,,,,,,,,,17.0,2.0,8.0,0.0,8.0,2.0,1.0,0.0,,,,,,,,,,,6.0,1.0,18.0,20.0,21.0,15.0,15.0,18.0,2.0,6.0,,,3.0,1.0,,,,,,,,,,,,,,,,,,,,,,,,,0.63,0.37,,,,,,,,,,,6.0,0.0,2.0,0.0,3.0,0.0,1.0,0.0,,,,,,,,,,,1.0,0.0,10.0,10.0,9.0,11.0,8.0,10.0,0.0,1.0,,,1.0,1.0,,,,,,,,,,,,,,,,,,,,,,,,,0.61,0.39,,,,,,,,,,,11.0,2.0,6.0,0.0,5.0,2.0,0.0,0.0,,,,,,,,,,,5.0,1.0,8.0,10.0,12.0,4.0,7.0,8.0,2.0,5.0,,,2.0,0.0,,,,,,,,,,,,,,
0KkcoDEN,EUROPE,2026/2027,EUROPE 3,Conference League,GfRbsVWM,EUROPE 3,23/07/2026,17:00,Quarter-finals,FC Santa Coloma (And),v1MelMDR,SK Rapid (Aut),rejcUFSs,False,1,3,1,,,,,[54],"[50, 56, 89]",bet365,7.0,2.5,1.73,bet365,6.5,3.0,1.62,bet365,8.0,4.5,1.33,bet365,1.29,3.5,bet365,2.25,1.57,bet365,5.0,1.14,bet365,1.17,5.0,bet365,1.8,1.91,bet365,3.5,1.29,bet365,1.03,10.0,bet365,1.17,4.5,bet365,1.57,2.35,bet365,2.38,1.53,bet365,4.0,1.22,bet365,1.91,1.8,bet365,5.0,1.17,bet365,3.5,1.29,bet365,2.88,1.13,1.05,bet365,2.0,1.5,1.08,KTO.br,2.2,1.21,1.05,bet365,6.5,1.1,Galerabet,5.25,1.13,Betano.br,4.3,1.18,bet365,13.0,21.0,21.0,17.0,7.5,4.0,51.0,19.0,1.91,bet365,1.98,1.88,bet365,2.0,1.8,bet365,1.91,1.8,bet365,15.0,bet365,23.0,bet365,8.0,bet365,9.5,bet365,41.0,bet365,7.0,bet365,26.0,bet365,9.0,bet365,19.0,bet365,101.0,bet365,8.5,bet365,51.0,bet365,12.0,bet365,51.0,bet365,26.0,,0.0,0.0,,0.0,0.0,,0.0,0.0,1xBet.br,10.5,1.01,SeguroBet,5.55,1.11,bet365,3.1,1.35,bet365,2.42,1.53,bet365,1.85,1.95,bet365,1.48,2.6,bet365,1.33,3.3,bet365,0.0,0.0,6.0,bet365,51.0,26.0,3.1,bet365,21.0,11.0,1.91,bet365,2.88,3.75,1.05,bet365,1.8,4.33,1.02,bet365,1.3,5.5,0.0,1.04,1.85,0.79,2.26,0.8,1.71,2.26,0.79,-0.74,-0.21,0.37,0.63,0.85,0.92,0.51,0.62,0.68,0.84,0.0,0.0,0.44,0.31,10.0,21.0,2.0,8.0,6.0,7.0,2.0,6.0,7.0,15.0,3.0,6.0,3.0,4.0,0.0,1.0,13.0,40.0,2.0,7.0,13.0,9.0,15.0,19.0,9.0,13.0,,,,,1.0,3.0,5.0,1.0,0.64,0.89,32.0,38.0,27.0,10.0,8.0,8.0,0.0,0.0,0.0,0.0,0.04,0.23,0.0,0.0,0.04,0.46,0.0,0.0,0.0,0.0,0.42,0.58,0.84,0.92,0.46,0.61,0.52,0.82,0.0,0.0,0.25,0.25,2.0,6.0,0.0,0.0,2.0,3.0,0.0,3.0,0.0,3.0,2.0,3.0,0.0,0.0,0.0,0.0,2.0,14.0,1.0,3.0,7.0,6.0,8.0,11.0,6.0,7.0,,,,,0.0,2.0,0.0,0.0,0.5,1.0,16.0,16.0,9.0,5.0,5.0,7.0,0.0,0.0,0.0,0.0,1.0,1.62,0.79,2.26,0.76,1.25,2.26,0.79,-0.74,-0.21,0.32,0.68,0.85,0.91,0.59,0.63,0.75,0.85,0.0,0.0,0.6,0.36,8.0,15.0,2.0,8.0,4.0,4.0,2.0,3.0,7.0,12.0,1.0,3.0,3.0,4.0,0.0,1.0,11.0,26.0,1.0,4.0,6.0,3.0,7.0,8.0,3.0,6.0,,,,,1.0,1.0,5.0,1.0,0.8,0.83,16.0,22.0,18.0,5.0,3.0,1.0,0.0,0.0,0.0,0.0
2c7KwuAN,EUROPE,2026/2027,EUROPE 3,Conference League,GfRbsVWM,EUROPE 3,23/07/2026,16:30,Quarter-finals,AEK Larnaca (Cyp),4lUZQCQq,Beitar Jerusalem (Isr),t2BgeFT0,False,0,1,1,,,,,[],[77],bet365,2.6,2.1,4.0,bet365,2.38,2.4,3.5,bet365,1.95,3.5,3.2,bet365,1.4,2.75,bet365,3.0,1.36,bet365,7.0,1.08,bet365,1.25,3.75,bet365,2.2,1.62,bet365,5.0,1.17,bet365,1.06,8.0,bet365,1.33,3.25,bet365,2.05,1.75,bet365,3.5,1.29,bet365,6.5,1.1,bet365,1.83,1.83,bet365,5.0,1.17,bet365,3.75,1.25,bet365,1.29,1.22,1.7,bet365,1.22,1.67,1.5,SeguroBet,1.25,1.52,1.49,bet365,1.5,2.5,Galerabet,1.48,2.45,Betano.br,1.57,2.27,bet365,3.2,15.0,34.0,5.0,5.0,7.5,26.0,15.0,5.5,bet365,1.93,1.93,bet365,2.1,1.73,bet365,2.0,1.73,bet365,10.0,bet365,7.0,bet365,9.5,bet365,7.0,bet365,9.5,bet365,17.0,bet365,9.5,bet365,12.0,bet365,17.0,bet365,17.0,bet365,34.0,bet365,17.0,bet365,29.0,bet365,29.0,bet365,41.0,bet365,6.6,1.11,bet365,6.8,1.11,bet365,3.7,1.26,bet365,3.0,1.38,bet365,2.03,1.78,bet365,1.33,3.3,bet365,1.12,6.25,bet365,1.11,6.6,,0.0,0.0,,0.0,0.0,bet365,21.0,12.0,0.0,bet365,8.0,5.5,19.0,bet365,3.6,3.75,7.0,bet365,1.29,4.75,1.7,bet365,1.08,11.0,1.22,bet365,0.0,0.0,1.06,,,,,,,,,,,0.36,0.64,,,,,,,,,,,3.0,16.0,1.0,3.0,2.0,11.0,0.0,2.0,,,,,,,,,,,4.0,6.0,13.0,13.0,15.0,24.0,11.0,11.0,0.0,4.0,1.0,0.0,0.0,2.0,,,,,,,,,,,,,,,,,,,,,,,,,0.4,0.6,,,,,,,,,,,3.0,7.0,1.0,1.0,2.0,4.0,0.0,2.0,,,,,,,,,,,3.0,4.0,6.0,4.0,9.0,13.0,3.0,4.0,0.0,1.0,,,0.0,2.0,,,,,,,,,,,,,,,,,,,,,,,,,0.32,0.68,,,,,,,,,,,0.0,9.0,0.0,2.0,0.0,7.0,0.0,0.0,,,,,,,,,,,1.0,2.0,7.0,9.0,6.0,11.0,8.0,7.0,0.0,3.0,1.0,0.0,0.0,0.0,,,,,,,,,,,,,,
0CNww7Bc,EUROPE,2026/2027,EUROPE 3,Conference League,GfRbsVWM,EUROPE 3,23/07/2026,16:30,Quarter-finals,RFS (Lat),Midjg0YH,Vestri (Ice),Y9PMInnH,False,4,1,1,,,,,"[18, 23, 43, 66]",[63],bet365,1.25,4.0,17.0,bet365,1.18,4.75,15.0,bet365,1.06,12.0,29.0,bet365,1.13,5.5,bet365,1.67,2.1,bet365,3.0,1.36,bet365,1.07,9.0,bet365,1.4,2.75,bet365,2.2,1.62,bet365,1.0,17.0,bet365,1.05,8.5,bet365,1.2,4.33,bet365,1.53,2.38,bet365,2.2,1.62,bet365,2.38,1.53,bet365,5.5,1.14,bet365,4.0,1.22,bet365,1.0,1.02,8.0,bet365,1.0,1.22,3.75,SeguroBet,1.02,1.15,4.0,bet365,1.01,15.0,Sportingbet.br,1.04,11.0,Betano.br,1.03,9.0,bet365,1.29,34.0,101.0,4.33,17.0,41.0,21.0,41.0,41.0,bet365,1.95,1.9,bet365,1.91,1.91,bet365,1.83,1.83,bet365,34.0,bet365,15.0,bet365,51.0,bet365,23.0,bet365,8.5,bet365,151.0,bet365,15.0,bet365,51.0,bet365,41.0,bet365,7.0,bet365,151.0,bet365,13.0,bet365,151.0,bet365,41.0,bet365,126.0,bet365,1.55,2.38,bet365,1.27,3.55,bet365,1.22,4.15,bet365,1.1,7.0,bet365,1.18,4.65,,0.0,0.0,,0.0,0.0,,0.0,0.0,,0.0,0.0,,0.0,0.0,bet365,2.1,4.5,0.0,bet365,1.53,4.75,0.0,bet365,1.2,6.5,34.0,bet365,1.02,17.0,8.5,bet365,0.0,0.0,4.0,bet365,0.0,0.0,2.38,,,,,,,,,,,0.57,0.43,,,,,,,,,,,22.0,5.0,10.0,2.0,6.0,1.0,6.0,2.0,,,,,,,,,,,11.0,1.0,10.0,14.0,25.0,16.0,13.0,10.0,0.0,1.0,,,2.0,0.0,,,,,,,,,,,,,,,,,,,,,,,,,0.57,0.43,,,,,,,,,,,9.0,1.0,4.0,0.0,2.0,0.0,3.0,1.0,,,,,,,,,,,4.0,0.0,5.0,7.0,10.0,7.0,7.0,4.0,,,,,2.0,0.0,,,,,,,,,,,,,,,,,,,,,,,,,0.57,0.43,,,,,,,,,,,13.0,4.0,6.0,2.0,4.0,1.0,3.0,1.0,,,,,,,,,,,7.0,1.0,5.0,7.0,15.0,9.0,6.0,6.0,0.0,1.0,,,0.0,0.0,,,,,,,,,,,,,,
0CPqI6sm,EUROPE,2026/2027,EUROPE 3,Conference League,GfRbsVWM,EUROPE 3,23/07/2026,16:00,Quarter-finals,HJK (Fin),nmjJVR7B,Coleraine (Nir),2B9zTTrh,False,5,0,1,,,,,"[12, 32, 47, 80, 82]",[],bet365,1.8,2.5,6.5,bet365,1.67,2.88,6.0,bet365,1.36,4.75,6.0,bet365,1.29,3.5,bet365,2.25,1.57,bet365,5.0,1.14,bet365,1.18,4.5,bet365,1.83,1.83,bet365,3.75,1.25,bet365,1.01,15.0,bet365,1.2,4.33,bet365,1.6,2.3,bet365,2.5,1.5,bet365,4.33,1.2,bet365,1.83,1.83,bet365,4.5,1.18,bet365,3.5,1.29,bet365,1.08,1.13,2.75,bet365,1.1,1.5,1.91,Betano.br,1.13,1.33,2.12,bet365,1.14,5.0,F12,1.15,4.5,Betano.br,1.18,4.25,bet365,1.95,19.0,51.0,4.33,7.5,15.0,21.0,21.0,12.0,bet365,1.93,1.93,bet365,2.0,1.8,bet365,1.91,1.8,bet365,15.0,bet365,8.0,bet365,19.0,bet365,10.0,bet365,7.0,bet365,41.0,bet365,9.0,bet365,21.0,bet365,21.0,bet365,9.0,bet365,67.0,bet365,12.0,bet365,51.0,bet365,26.0,bet365,41.0,bet365,3.45,1.3,bet365,2.75,1.43,bet365,2.03,1.78,bet365,1.58,2.35,bet365,1.38,3.0,bet365,1.12,6.4,SeguroBet,1.02,10.3,,0.0,0.0,,0.0,0.0,,0.0,0.0,bet365,6.5,6.0,0.0,bet365,3.4,4.33,41.0,bet365,1.95,3.75,15.0,bet365,1.08,8.0,2.75,bet365,1.02,21.0,1.73,bet365,0.0,0.0,1.29,,,,,,,,,,,0.61,0.39,,,,,,,,,,,13.0,10.0,9.0,4.0,2.0,5.0,2.0,1.0,,,,,,,,,,,3.0,4.0,3.0,14.0,18.0,24.0,9.0,3.0,1.0,1.0,,,4.0,0.0,,,,,,,,,,,,,,,,,,,,,,,,,0.62,0.38,,,,,,,,,,,6.0,7.0,3.0,2.0,2.0,5.0,1.0,0.0,,,,,,,,,,,1.0,2.0,3.0,7.0,9.0,12.0,4.0,3.0,1.0,0.0,,,3.0,0.0,,,,,,,,,,,,,,,,,,,,,,,,,0.6,0.4,,,,,,,,,,,7.0,3.0,6.0,2.0,0.0,0.0,1.0,1.0,,,,,,,,,,,2.0,2.0,0.0,7.0,9.0,12.0,5.0,0.0,0.0,1.0,,,1.0,0.0,,,,,,,,,,,,,,
MeRYDRWh,EUROPE,2026/2027,EUROPE 3,Conference League,GfRbsVWM,EUROPE 3,23/07/2026,14:30,Quarter-finals,Malisheva (Kos),jR3PSENN,Hibernian (Sco),f5Fnxcx4,False,2,0,1,,,,,"[21, 87, 90]",[],bet365,4.33,2.38,2.2,bet365,4.0,2.75,2.05,bet365,3.6,4.0,1.67,bet365,1.29,3.5,bet365,2.25,1.57,bet365,5.0,1.14,bet365,1.18,4.5,bet365,1.83,1.83,bet365,3.75,1.25,bet365,1.03,10.0,bet365,1.2,4.33,bet365,1.62,2.25,bet365,2.5,1.5,bet365,4.33,1.2,bet365,1.67,2.1,bet365,4.0,1.22,bet365,3.0,1.36,bet365,2.0,1.17,1.22,bet365,1.62,1.53,1.2,SeguroBet,1.81,1.4,1.17,bet365,3.0,1.36,Galerabet,3.2,1.3,Betano.br,2.87,1.37,bet365,6.5,17.0,21.0,9.5,6.5,5.0,34.0,15.0,2.6,bet365,1.93,1.93,bet365,2.0,1.8,bet365,1.91,1.8,bet365,17.0,bet365,15.0,bet365,9.0,bet365,8.5,bet365,23.0,bet365,9.5,bet365,13.0,bet365,8.5,bet365,15.0,bet365,41.0,bet365,15.0,bet365,29.0,bet365,13.0,bet365,29.0,bet365,21.0,,0.0,0.0,,0.0,0.0,SeguroBet,9.0,1.03,SeguroBet,8.5,1.04,bet365,3.7,1.26,bet365,2.08,1.73,bet365,1.63,2.25,bet365,1.4,2.85,bet365,1.19,4.5,bet365,1.15,5.5,bet365,0.0,0.0,10.0,bet365,21.0,12.0,5.0,bet365,8.0,5.5,2.75,bet365,2.0,3.75,1.22,bet365,1.4,5.0,1.06,bet365,1.13,8.0,0.0,,,,,,,,,,,0.43,0.57,,,,,,,,,,,10.0,9.0,9.0,3.0,1.0,6.0,0.0,0.0,,,,,,,,,,,3.0,6.0,24.0,12.0,18.0,27.0,7.0,19.0,1.0,2.0,,,2.0,1.0,,,,,,,,,,,,,,,,,,,,,,,,,0.52,0.48,,,,,,,,,,,3.0,4.0,2.0,3.0,1.0,1.0,0.0,0.0,,,,,,,,,,,2.0,1.0,13.0,10.0,9.0,17.0,7.0,10.0,,,,,2.0,1.0,,,,,,,,,,,,,,,,,,,,,,,,,0.34,0.66,,,,,,,,,,,7.0,5.0,7.0,0.0,0.0,5.0,0.0,0.0,,,,,,,,,,,1.0,5.0,11.0,2.0,9.0,10.0,0.0,9.0,1.0,2.0,,,0.0,0.0,,,,,,,,,,,,,,
pvIu2EpQ,EUROPE,2026/2027,EUROPE 3,Conference League,GfRbsVWM,EUROPE 3,23/07/2026,16:00,Quarter-finals,Dila Gori (Geo),2kvaMIqb,Apollon (Cyp),pjUEaE29,False,0,4,1,,,,,[],"[14, 28, 51, 88]",bet365,5.0,2.05,2.4,bet365,4.33,2.38,2.2,bet365,4.1,3.3,1.75,bet365,1.44,2.63,bet365,3.25,1.33,bet365,8.0,1.06,bet365,1.3,3.4,bet365,2.5,1.5,bet365,6.0,1.13,bet365,1.07,7.5,bet365,1.4,2.75,bet365,2.2,1.65,bet365,4.0,1.22,bet365,7.5,1.07,bet365,2.1,1.67,bet365,6.0,1.13,bet365,4.33,1.2,bet365,1.91,1.25,1.17,bet365,1.53,1.73,1.14,SeguroBet,1.6,1.52,1.18,bet365,3.25,1.33,BR4Bet,2.9,1.36,Betano.br,2.67,1.44,bet365,7.5,17.0,29.0,9.0,5.0,4.5,41.0,17.0,2.75,bet365,1.98,1.88,bet365,2.2,1.67,bet365,2.0,1.73,bet365,8.0,bet365,10.0,bet365,6.0,bet365,7.0,bet365,21.0,bet365,7.5,bet365,15.0,bet365,9.0,bet365,19.0,bet365,41.0,bet365,15.0,bet365,41.0,bet365,17.0,bet365,41.0,bet365,34.0,,0.0,0.0,,0.0,0.0,1xBet.br,10.0,1.01,bet365,7.0,1.1,bet365,4.0,1.23,bet365,1.98,1.83,bet365,1.48,2.6,bet365,1.3,3.45,bet365,1.12,6.25,bet365,1.1,7.0,bet365,0.0,0.0,17.0,bet365,29.0,15.0,6.5,bet365,10.0,5.5,3.2,bet365,1.91,3.5,1.17,bet365,1.3,5.0,1.05,bet365,1.08,11.0,0.0,,,,,,,,,,,0.37,0.63,,,,,,,,,,,2.0,11.0,0.0,7.0,1.0,4.0,1.0,0.0,,,,,,,,,,,6.0,7.0,13.0,8.0,29.0,15.0,8.0,13.0,0.0,4.0,1.0,0.0,0.0,1.0,,,,,,,,,,,,,,,,,,,,,,,,,0.39,0.61,,,,,,,,,,,1.0,5.0,0.0,4.0,0.0,1.0,1.0,0.0,,,,,,,,,,,3.0,2.0,6.0,2.0,16.0,5.0,2.0,6.0,0.0,1.0,1.0,0.0,0.0,0.0,,,,,,,,,,,,,,,,,,,,,,,,,0.35,0.65,,,,,,,,,,,1.0,6.0,0.0,3.0,1.0,3.0,0.0,0.0,,,,,,,,,,,3.0,5.0,7.0,6.0,13.0,10.0,6.0,7.0,0.0,3.0,,,0.0,1.0,,,,,,,,,,,,,,
hzhfF8I5,EUROPE,2026/2027,EUROPE 3,Conference League,GfRbsVWM,EUROPE 3,23/07/2026,15:00,Quarter-finals,Alashkert (Arm),lpzQXDLF,CFR Cluj (Rou),4KfIhq7B,False,1,1,1,,,,,"[35, 85]",[46],bet365,3.6,1.95,3.0,bet365,3.25,2.25,2.75,bet365,2.88,3.1,2.25,bet365,1.5,2.5,bet365,3.4,1.3,bet365,8.0,1.06,bet365,1.33,3.25,bet365,2.5,1.5,bet365,6.0,1.13,bet365,1.08,7.0,bet365,1.44,2.63,bet365,2.35,1.57,bet365,4.33,1.2,bet365,8.0,1.06,bet365,2.0,1.73,bet365,5.5,1.14,bet365,4.0,1.22,bet365,1.53,1.29,1.33,bet365,1.36,1.8,1.29,Sportingbet.br,1.41,1.55,1.29,bet365,2.1,1.67,Betano.br,2.12,1.65,Betano.br,2.15,1.65,bet365,4.75,17.0,34.0,6.5,4.5,5.5,34.0,15.0,3.75,bet365,1.98,1.88,bet365,2.2,1.67,bet365,2.0,1.73,bet365,7.5,bet365,8.0,bet365,6.5,bet365,6.5,bet365,13.0,bet365,10.0,bet365,12.0,bet365,10.0,bet365,19.0,bet365,29.0,bet365,21.0,bet365,29.0,bet365,21.0,bet365,41.0,bet365,41.0,,0.0,0.0,SeguroBet,10.3,1.02,bet365,6.6,1.11,bet365,5.75,1.14,bet365,2.85,1.4,bet365,1.58,2.35,bet365,1.25,3.8,bet365,1.18,4.8,bet365,1.12,6.25,bet365,1.1,7.0,bet365,0.0,0.0,29.0,bet365,17.0,9.5,11.0,bet365,6.5,4.33,4.75,bet365,1.53,3.75,1.33,bet365,1.14,6.5,1.09,bet365,1.04,15.0,0.0,,,,,,,,,,,0.5,0.5,,,,,,,,,,,17.0,12.0,2.0,5.0,10.0,5.0,5.0,2.0,,,,,,,,,,,6.0,5.0,15.0,13.0,27.0,23.0,9.0,13.0,3.0,3.0,,,2.0,2.0,,,,,,,,,,,,,,,,,,,,,,,,,0.38,0.62,,,,,,,,,,,10.0,5.0,2.0,1.0,6.0,3.0,2.0,1.0,,,,,,,,,,,2.0,2.0,9.0,6.0,7.0,14.0,4.0,7.0,2.0,2.0,,,2.0,2.0,,,,,,,,,,,,,,,,,,,,,,,,,0.62,0.38,,,,,,,,,,,7.0,7.0,0.0,4.0,4.0,2.0,3.0,1.0,,,,,,,,,,,4.0,3.0,6.0,7.0,20.0,9.0,5.0,6.0,1.0,1.0,,,0.0,0.0,,,,,,,,,,,,,,
bTCmPueU,EUROPE,2026/2027,EUROPE 3,Conference League,GfRbsVWM,EUROPE 3,22/07/2026,19:00,Quarter-finals,Zeleznicar Pancevo (Srb),jmmBWFML,Braga (Por),dpUer7ht,False,0,1,1,,,,,[],[67],bet365,9.0,2.75,1.62,bet365,8.0,3.2,1.5,bet365,9.0,5.5,1.22,bet365,1.25,3.75,bet365,2.2,1.62,bet365,4.5,1.17,bet365,1.17,5.0,bet365,1.73,2.0,bet365,3.4,1.3,bet365,1.02,11.0,bet365,1.14,5.0,bet365,1.5,2.5,bet365,2.2,1.62,bet365,3.75,1.25,bet365,2.0,1.73,bet365,5.0,1.17,bet365,3.75,1.25,bet365,3.6,1.1,1.04,bet365,2.2,1.4,1.04,Sportingbet.br,2.45,1.29,1.07,bet365,7.5,1.07,BrasilBet,6.25,1.09,Betano.br,5.3,1.13,bet365,19.0,23.0,21.0,19.0,9.0,4.0,51.0,21.0,1.73,bet365,1.95,1.9,bet365,2.0,1.8,bet365,1.91,1.8,bet365,17.0,bet365,26.0,bet365,8.5,bet365,12.0,bet365,51.0,bet365,6.5,bet365,29.0,bet365,10.0,bet365,23.0,bet365,126.0,bet365,7.5,bet365,67.0,bet365,11.0,bet365,51.0,bet365,29.0,,0.0,0.0,,0.0,0.0,,0.0,0.0,,0.0,0.0,bet365,7.0,1.1,bet365,3.8,1.25,bet365,3.1,1.35,bet365,2.1,1.7,bet365,1.68,2.15,bet365,1.45,2.68,bet365,0.0,0.0,4.5,bet365,51.0,29.0,2.6,bet365,26.0,13.0,1.67,bet365,3.6,4.0,1.04,bet365,2.1,4.0,1.01,bet365,1.44,5.0,0.0,,,,,,,,,,,0.44,0.56,,,,,,,,,,,8.0,4.0,3.0,2.0,5.0,2.0,0.0,0.0,,,,,,,,,,,2.0,2.0,15.0,17.0,11.0,21.0,16.0,12.0,3.0,2.0,,,2.0,2.0,,,,,,,,,,,,,,,,,,,,,,,,,0.45,0.55,,,,,,,,,,,2.0,1.0,1.0,0.0,1.0,1.0,0.0,0.0,,,,,,,,,,,1.0,0.0,5.0,7.0,4.0,14.0,6.0,4.0,1.0,0.0,,,1.0,1.0,,,,,,,,,,,,,,,,,,,,,,,,,0.43,0.57,,,,,,,,,,,6.0,3.0,2.0,2.0,4.0,1.0,0.0,0.0,,,,,,,,,,,1.0,2.0,10.0,10.0,7.0,7.0,10.0,8.0,2.0,2.0,,,1.0,1.0,,,,,,,,,,,,,,
IR2Xi51b,EUROPE,2026/2027,EUROPE 3,Conference League,GfRbsVWM,EUROPE 3,22/07/2026,17:45,Quarter-finals,Basaksehir (Tur),YqP5NmC1,Inter Turku (Fin),QwkNUoNH,False,1,1,1,,,,,[54],[16],bet365,1.62,2.75,8.0,bet365,1.5,3.25,7.0,bet365,1.25,6.5,8.5,bet365,1.22,4.0,bet365,2.0,1.73,bet365,4.33,1.2,bet365,1.14,5.5,bet365,1.67,2.1,bet365,3.25,1.33,bet365,1.01,12.0,bet365,1.13,5.5,bet365,1.44,2.63,bet365,2.1,1.67,bet365,3.5,1.29,bet365,1.91,1.8,bet365,4.5,1.18,bet365,3.5,1.29,bet365,1.05,1.1,3.75,bet365,1.06,1.4,2.2,SeguroBet,1.05,1.25,2.72,bet365,1.08,7.0,Galerabet,1.09,6.25,Betano.br,1.11,5.6,bet365,1.73,21.0,51.0,4.0,9.5,19.0,19.0,23.0,17.0,bet365,1.88,1.98,bet365,2.0,1.8,bet365,1.83,1.83,bet365,21.0,bet365,9.5,bet365,26.0,bet365,13.0,bet365,7.5,bet365,41.0,bet365,9.5,bet365,23.0,bet365,23.0,bet365,8.0,bet365,101.0,bet365,11.0,bet365,51.0,bet365,23.0,bet365,51.0,bet365,2.68,1.45,bet365,2.1,1.7,bet365,1.7,2.1,bet365,1.35,3.1,bet365,1.26,3.7,SeguroBet,1.03,9.3,,0.0,0.0,,0.0,0.0,,0.0,0.0,,0.0,0.0,bet365,4.33,5.0,0.0,bet365,2.6,4.0,0.0,bet365,1.67,4.0,21.0,bet365,1.05,12.0,3.75,bet365,0.0,0.0,2.1,bet365,0.0,0.0,1.44,1.97,1.18,2.03,0.7,2.03,0.57,0.7,2.03,-0.3,1.03,0.68,0.32,0.91,0.78,0.71,0.28,0.8,0.57,0.0,0.0,0.25,0.6,24.0,12.0,9.0,5.0,9.0,4.0,6.0,3.0,18.0,10.0,6.0,2.0,4.0,3.0,1.0,0.0,49.0,22.0,8.0,1.0,9.0,13.0,14.0,8.0,13.0,9.0,1.0,2.0,,,4.0,5.0,3.0,8.0,0.69,0.53,39.0,48.0,9.0,43.0,9.0,10.0,0.0,0.0,0.0,0.0,1.04,0.87,0.84,0.68,0.87,0.3,0.68,0.84,-0.32,0.84,0.64,0.36,0.89,0.8,0.65,0.24,0.76,0.56,0.0,0.0,0.19,0.6,13.0,8.0,4.0,4.0,5.0,2.0,4.0,2.0,9.0,7.0,4.0,1.0,2.0,3.0,1.0,0.0,26.0,9.0,6.0,1.0,3.0,9.0,7.0,2.0,9.0,3.0,,,,,2.0,1.0,2.0,4.0,0.67,0.56,14.0,29.0,5.0,28.0,3.0,5.0,0.0,0.0,0.0,0.0,0.93,0.31,1.19,0.02,1.16,0.27,0.02,1.19,0.02,0.19,0.72,0.28,0.92,0.74,0.79,0.31,0.83,0.58,0.0,0.0,0.33,0.6,11.0,4.0,5.0,1.0,4.0,2.0,2.0,1.0,9.0,3.0,2.0,1.0,2.0,0.0,0.0,0.0,23.0,13.0,2.0,0.0,6.0,4.0,7.0,6.0,4.0,6.0,1.0,2.0,,,2.0,4.0,1.0,4.0,0.69,0.5,25.0,19.0,4.0,15.0,6.0,5.0,0.0,0.0,0.0,0.0
fgck8ezg,EUROPE,2026/2027,EUROPE 3,Conference League,GfRbsVWM,EUROPE 3,21/07/2026,17:30,Quarter-finals,Floriana (Mlt),hKIRewt8,Drita (Kos),bwWOjXUP,False,1,1,1,,,,,[90],[90],bet365,3.4,2.2,2.75,bet365,3.1,2.5,2.5,bet365,2.75,3.6,2.1,bet365,1.36,3.0,bet365,2.63,1.44,bet365,6.5,1.1,bet365,1.22,4.0,bet365,2.0,1.73,bet365,4.33,1.2,bet365,1.01,12.0,bet365,1.25,3.75,bet365,1.85,1.95,bet365,3.0,1.36,bet365,5.5,1.13,bet365,1.73,2.0,bet365,4.33,1.2,bet365,3.4,1.3,bet365,1.6,1.22,1.36,bet365,1.4,1.62,1.3,LuvaBet,1.4,1.5,1.26,bet365,2.1,1.67,Galerabet,2.15,1.62,Betano.br,2.12,1.65,bet365,4.75,15.0,26.0,7.0,5.5,5.5,29.0,15.0,3.5,bet365,1.93,1.93,bet365,2.1,1.73,bet365,1.91,1.8,bet365,12.0,bet365,10.0,bet365,8.5,bet365,7.5,bet365,15.0,bet365,11.0,bet365,11.0,bet365,9.5,bet365,15.0,bet365,29.0,bet365,21.0,bet365,23.0,bet365,17.0,bet365,29.0,bet365,26.0,SeguroBet,10.0,1.02,SeguroBet,9.7,1.02,bet365,5.9,1.13,bet365,5.0,1.17,bet365,2.75,1.43,bet365,1.68,2.15,bet365,1.33,3.3,bet365,1.23,4.1,bet365,1.1,7.0,bet365,1.12,6.4,bet365,0.0,0.0,21.0,bet365,13.0,8.0,8.5,bet365,5.5,4.5,4.0,bet365,1.6,4.0,1.36,bet365,1.2,6.0,1.1,bet365,1.06,13.0,0.0,,,,,,,,,,,0.59,0.41,,,,,,,,,,,13.0,16.0,4.0,6.0,5.0,7.0,4.0,3.0,,,,,,,,,,,3.0,4.0,11.0,14.0,29.0,7.0,11.0,9.0,1.0,3.0,,,3.0,1.0,,,,,,,,,,,,,,,,,,,,,,,,,0.55,0.45,,,,,,,,,,,5.0,7.0,1.0,4.0,3.0,2.0,1.0,1.0,,,,,,,,,,,0.0,2.0,10.0,6.0,14.0,4.0,4.0,8.0,0.0,2.0,,,2.0,1.0,,,,,,,,,,,,,,,,,,,,,,,,,0.62,0.38,,,,,,,,,,,8.0,9.0,3.0,2.0,2.0,5.0,3.0,2.0,,,,,,,,,,,3.0,2.0,1.0,8.0,15.0,3.0,7.0,1.0,1.0,1.0,,,1.0,0.0,,,,,,,,,,,,,,
ABhUZFzp,EUROPE,2026/2027,EUROPE 3,Conference League,GfRbsVWM,EUROPE 3,21/07/2026,18:15,Quarter-finals,Bissen (Lux),O4ORhR6N,Gyor (Hun),4WnsYev9,False,2,6,1,,,,,"[20, 75]","[12, 24, 44, 47, 83, 90]",bet365,5.0,2.38,2.0,bet365,4.75,2.75,1.83,bet365,5.0,3.9,1.53,bet365,1.3,3.4,bet365,2.38,1.53,bet365,5.5,1.13,bet365,1.18,4.5,bet365,1.83,1.83,bet365,3.75,1.25,bet365,1.03,10.0,bet365,1.2,4.33,bet365,1.67,2.15,bet365,2.63,1.44,bet365,4.5,1.17,bet365,1.73,2.0,bet365,4.33,1.2,bet365,3.4,1.3,bet365,2.25,1.18,1.11,bet365,1.73,1.53,1.14,Sportingbet.br,1.9,1.38,1.15,bet365,4.0,1.22,Galerabet,3.55,1.25,Betano.br,3.35,1.28,bet365,8.5,17.0,21.0,11.0,6.5,4.5,41.0,17.0,2.3,bet365,1.98,1.88,bet365,2.0,1.8,bet365,1.91,1.8,bet365,13.0,bet365,17.0,bet365,8.0,bet365,8.0,bet365,29.0,bet365,8.0,bet365,17.0,bet365,8.5,bet365,15.0,bet365,51.0,bet365,12.0,bet365,41.0,bet365,12.0,bet365,41.0,bet365,23.0,,0.0,0.0,,0.0,0.0,1xBet.br,9.5,1.01,1xBet.br,8.6,1.03,bet365,5.25,1.16,bet365,2.38,1.55,bet365,1.85,1.95,bet365,1.53,2.42,bet365,1.25,3.8,bet365,1.19,4.5,bet365,0.0,0.0,8.5,bet365,29.0,17.0,4.33,bet365,11.0,7.0,2.38,bet365,2.25,3.75,1.11,bet365,1.5,4.5,1.04,bet365,1.17,7.0,0.0,1.46,2.24,1.84,3.36,0.85,1.38,3.36,1.84,-2.64,-0.16,0.49,0.51,0.86,0.87,0.65,0.58,0.74,0.71,2.0,0.0,0.16,0.38,21.0,15.0,10.0,10.0,9.0,4.0,2.0,1.0,12.0,9.0,9.0,6.0,3.0,3.0,1.0,0.0,21.0,22.0,5.0,4.0,12.0,10.0,12.0,15.0,10.0,12.0,1.0,2.0,,,2.0,5.0,4.0,8.0,0.75,0.71,46.0,41.0,9.0,28.0,9.0,13.0,0.0,0.0,3.0,1.0,0.57,0.69,0.49,1.24,0.32,0.29,1.24,0.49,-1.76,-0.51,0.43,0.57,0.85,0.87,0.61,0.67,0.8,0.71,0.0,0.0,0.23,0.5,8.0,7.0,4.0,4.0,4.0,2.0,0.0,1.0,4.0,3.0,4.0,4.0,1.0,2.0,0.0,0.0,9.0,5.0,4.0,1.0,2.0,6.0,7.0,9.0,6.0,2.0,1.0,2.0,,,1.0,2.0,1.0,3.0,0.9,0.64,18.0,24.0,5.0,17.0,7.0,4.0,0.0,0.0,0.0,1.0,0.89,1.55,1.35,2.12,0.53,1.09,2.12,1.35,-0.88,0.35,0.56,0.44,0.87,0.87,0.69,0.48,0.67,0.72,2.0,0.0,0.0,0.29,13.0,8.0,6.0,6.0,5.0,2.0,2.0,0.0,8.0,6.0,5.0,2.0,2.0,1.0,1.0,0.0,12.0,17.0,1.0,3.0,10.0,4.0,5.0,6.0,4.0,10.0,,,,,1.0,3.0,3.0,5.0,0.6,0.83,28.0,17.0,4.0,11.0,2.0,9.0,0.0,0.0,3.0,0.0
YZWqchKr,EUROPE,2026/2027,EUROPE 3,Conference League,GfRbsVWM,EUROPE 3,23/07/2026,16:30,Quarter-finals,Rakow (Pol),SQOrbYim,Valletta (Mlt),WMTGoox8,False,3,1,1,,,,,"[53, 78, 90]","[23, 73]",bet365,1.4,3.1,15.0,bet365,1.3,3.75,12.0,bet365,1.1,8.5,17.0,bet365,1.22,4.0,bet365,2.0,1.73,bet365,4.33,1.2,bet365,1.14,5.5,bet365,1.67,2.1,bet365,3.25,1.33,bet365,1.01,12.0,bet365,1.13,5.5,bet365,1.4,2.75,bet365,2.0,1.73,bet365,3.4,1.3,bet365,2.63,1.44,bet365,7.0,1.1,bet365,5.0,1.17,bet365,1.0,1.05,6.5,bet365,1.01,1.36,2.75,Sportingbet.br,1.04,1.21,3.2,bet365,1.02,10.5,Galerabet,1.04,8.5,Superbet.br,1.04,7.9,bet365,1.44,29.0,81.0,3.75,12.0,34.0,23.0,34.0,34.0,bet365,1.93,1.93,bet365,2.0,1.8,bet365,1.83,1.83,bet365,19.0,bet365,8.5,bet365,41.0,bet365,17.0,bet365,6.0,bet365,81.0,bet365,12.0,bet365,41.0,bet365,41.0,bet365,6.0,bet365,151.0,bet365,13.0,bet365,151.0,bet365,41.0,bet365,126.0,bet365,2.05,1.75,bet365,1.63,2.25,bet365,1.43,2.75,bet365,1.17,5.0,bet365,1.13,6.0,,0.0,0.0,,0.0,0.0,,0.0,0.0,,0.0,0.0,,0.0,0.0,bet365,3.1,4.5,0.0,bet365,1.95,4.0,0.0,bet365,1.36,4.75,51.0,bet365,1.0,21.0,6.5,bet365,0.0,0.0,2.88,bet365,0.0,0.0,1.73,,,,,,,,,,,0.68,0.32,,,,,,,,,,,20.0,8.0,11.0,3.0,4.0,3.0,5.0,2.0,,,,,,,,,,,5.0,3.0,13.0,15.0,22.0,14.0,15.0,15.0,1.0,1.0,,,1.0,0.0,,,,,,,,,,,,,,,,,,,,,,,,,0.74,0.26,,,,,,,,,,,9.0,4.0,5.0,2.0,1.0,1.0,3.0,1.0,,,,,,,,,,,4.0,1.0,9.0,7.0,13.0,3.0,6.0,10.0,,,,,1.0,0.0,,,,,,,,,,,,,,,,,,,,,,,,,0.62,0.38,,,,,,,,,,,11.0,4.0,6.0,1.0,3.0,2.0,2.0,1.0,,,,,,,,,,,1.0,2.0,4.0,8.0,9.0,11.0,9.0,5.0,1.0,1.0,,,0.0,0.0,,,,,,,,,,,,,,
dfL4DpG6,EUROPE,2026/2027,EUROPE 3,Conference League,GfRbsVWM,EUROPE 3,22/07/2026,17:00,Quarter-finals,Bohemians (Irl),zHEZJ8Wc,FC Ballkani (Kos),29LmYvYp,False,2,1,1,,,,,"[76, 89]",[29],bet365,2.1,2.2,5.5,bet365,1.91,2.6,5.0,bet365,1.55,3.75,5.5,bet365,1.36,3.0,bet365,2.75,1.4,bet365,6.5,1.1,bet365,1.25,3.75,bet365,2.1,1.67,bet365,4.5,1.18,bet365,1.03,10.0,bet365,1.29,3.5,bet365,1.95,1.85,bet365,3.4,1.3,bet365,6.0,1.11,bet365,2.0,1.73,bet365,5.5,1.14,bet365,3.75,1.25,bet365,1.13,1.25,2.38,bet365,1.13,1.62,1.67,1xBet.br,1.14,1.42,1.92,bet365,1.22,4.0,BrasilBet,1.18,4.33,Betano.br,1.27,3.4,bet365,2.38,17.0,41.0,4.33,6.0,11.0,23.0,19.0,9.0,bet365,1.98,1.88,bet365,2.1,1.73,bet365,1.91,1.8,bet365,10.0,bet365,6.5,bet365,15.0,bet365,7.5,bet365,7.0,bet365,29.0,bet365,9.0,bet365,19.0,bet365,19.0,bet365,11.0,bet365,51.0,bet365,13.0,bet365,41.0,bet365,29.0,bet365,51.0,bet365,5.0,1.17,bet365,4.15,1.22,bet365,2.6,1.48,bet365,2.0,1.8,bet365,1.58,2.35,bet365,1.15,5.5,bet365,1.11,6.8,SeguroBet,1.02,10.3,,0.0,0.0,,0.0,0.0,bet365,10.0,7.5,0.0,bet365,4.75,4.5,34.0,bet365,2.5,3.5,12.0,bet365,1.13,7.0,2.38,bet365,1.03,17.0,1.44,bet365,0.0,0.0,1.14,,,,,,,,,,,0.65,0.35,,,,,,,,,,,11.0,8.0,4.0,2.0,3.0,5.0,4.0,1.0,,,,,,,,,,,4.0,3.0,14.0,8.0,22.0,16.0,7.0,13.0,0.0,3.0,,,2.0,2.0,,,,,,,,,,,,,,,,,,,,,,,,,0.58,0.42,,,,,,,,,,,4.0,4.0,1.0,1.0,2.0,2.0,1.0,1.0,,,,,,,,,,,1.0,2.0,7.0,5.0,7.0,8.0,4.0,5.0,0.0,1.0,,,2.0,2.0,,,,,,,,,,,,,,,,,,,,,,,,,0.72,0.28,,,,,,,,,,,7.0,4.0,3.0,1.0,1.0,3.0,3.0,0.0,,,,,,,,,,,3.0,1.0,7.0,3.0,15.0,8.0,3.0,8.0,0.0,2.0,,,0.0,0.0,,,,,,,,,,,,,,
IkBXSNe5,EUROPE,2026/2027,EUROPE 3,Conference League,GfRbsVWM,EUROPE 3,23/07/2026,15:30,Quarter-finals,FK Panevezys (Ltu),E1ffSpX7,Tobol (Kaz),C2dM0UAp,False,1,1,1,,,,,[45],"[60, 84]",bet365,4.75,2.05,2.5,bet365,4.0,2.38,2.25,bet365,3.5,3.5,1.83,bet365,1.44,2.63,bet365,3.25,1.33,bet365,8.0,1.06,bet365,1.3,3.4,bet365,2.5,1.5,bet365,6.0,1.13,bet365,1.07,7.5,bet365,1.4,2.75,bet365,2.2,1.65,bet365,4.0,1.22,bet365,7.5,1.07,bet365,2.1,1.67,bet365,5.5,1.14,bet365,4.33,1.2,bet365,1.8,1.22,1.22,bet365,1.5,1.73,1.17,SeguroBet,1.57,1.5,1.21,bet365,2.75,1.4,Galerabet,2.65,1.42,Betano.br,2.52,1.47,bet365,6.5,17.0,29.0,8.5,5.0,4.75,41.0,17.0,2.88,bet365,1.9,1.95,bet365,2.2,1.67,bet365,2.0,1.73,bet365,8.5,bet365,9.0,bet365,6.0,bet365,7.0,bet365,19.0,bet365,8.0,bet365,13.0,bet365,9.5,bet365,21.0,bet365,41.0,bet365,15.0,bet365,34.0,bet365,17.0,bet365,41.0,bet365,34.0,,0.0,0.0,,0.0,0.0,bet365,7.0,1.1,bet365,6.8,1.11,bet365,3.55,1.27,bet365,1.93,1.88,bet365,1.45,2.68,bet365,1.3,3.45,bet365,1.11,6.6,bet365,1.1,7.0,bet365,0.0,0.0,19.0,bet365,26.0,13.0,7.0,bet365,8.5,5.0,3.4,bet365,1.8,3.5,1.22,bet365,1.29,5.5,1.06,bet365,1.07,11.0,0.0,,,,,,,,,,,0.38,0.62,,,,,,,,,,,11.0,17.0,5.0,6.0,2.0,8.0,4.0,3.0,,,,,,,,,,,6.0,9.0,15.0,16.0,28.0,31.0,16.0,11.0,4.0,2.0,,,2.0,3.0,,,,,,,,,,,,,,,,,,,,,,,,,0.41,0.59,,,,,,,,,,,6.0,3.0,4.0,0.0,0.0,2.0,2.0,1.0,,,,,,,,,,,1.0,3.0,13.0,8.0,12.0,18.0,10.0,10.0,2.0,1.0,,,0.0,3.0,,,,,,,,,,,,,,,,,,,,,,,,,0.35,0.65,,,,,,,,,,,5.0,14.0,1.0,6.0,2.0,6.0,2.0,2.0,,,,,,,,,,,5.0,6.0,2.0,8.0,16.0,13.0,6.0,1.0,2.0,1.0,,,2.0,0.0,,,,,,,,,,,,,,
0xeV5qwI,EUROPE,2026/2027,EUROPE 3,Conference League,GfRbsVWM,EUROPE 3,16/07/2026,18:45,1/8-finals,Linfield (Nir),YiTk9JCq,Kalju (Est),6sqJGMx9,False,2,2,2,0.0,1.0,2.0,3.0,"[11, 49]","[27, 27, 90]",bet365,5.5,2.2,2.1,bet365,5.0,2.5,1.91,bet365,4.75,4.0,1.53,bet365,1.4,2.75,bet365,2.75,1.4,bet365,7.0,1.08,bet365,1.25,3.75,bet365,2.2,1.62,bet365,5.0,1.17,bet365,1.05,8.5,bet365,1.33,3.25,bet365,2.0,1.8,bet365,3.5,1.29,bet365,6.5,1.1,bet365,2.1,1.67,bet365,5.5,1.14,bet365,4.0,1.22,bet365,2.25,1.17,1.13,bet365,1.67,1.62,1.13,Novibet,1.91,1.42,1.11,bet365,4.0,1.22,Novibet,3.95,1.2,Betano.br,3.5,1.26,bet365,2.38,19.0,41.0,4.0,6.0,11.0,23.0,19.0,9.0,bet365,1.85,2.0,bet365,2.1,1.73,bet365,1.91,1.8,bet365,10.0,bet365,5.5,bet365,13.0,bet365,8.5,bet365,7.0,bet365,26.0,bet365,8.0,bet365,17.0,bet365,21.0,bet365,11.0,bet365,51.0,bet365,15.0,bet365,41.0,bet365,29.0,bet365,51.0,,0.0,0.0,,0.0,0.0,SeguroBet,9.7,1.02,SeguroBet,9.3,1.03,bet365,4.8,1.18,bet365,2.35,1.58,bet365,1.75,2.05,bet365,1.43,2.75,bet365,1.19,4.5,bet365,1.15,5.5,bet365,0.0,8.0,11.0,bet365,34.0,4.75,5.0,bet365,12.0,3.2,2.63,bet365,2.25,6.5,1.13,bet365,1.4,17.0,1.04,bet365,1.13,0.0,0.0,,,,,,,,,,,0.38,0.62,,,,,,,,,,,7.0,9.0,5.0,6.0,1.0,2.0,1.0,1.0,,,,,,,,,,,10.0,3.0,12.0,9.0,15.0,14.0,8.0,7.0,2.0,1.0,1.0,0.0,0.0,0.0,,,,,,,,,,,,,,,,,,,,,,,,,0.4,0.6,,,,,,,,,,,4.0,4.0,3.0,3.0,1.0,1.0,0.0,0.0,,,,,,,,,,,3.0,0.0,3.0,6.0,11.0,8.0,4.0,3.0,1.0,0.0,1.0,0.0,0.0,0.0,,,,,,,,,,,,,,,,,,,,,,,,,0.36,0.64,,,,,,,,,,,3.0,5.0,2.0,3.0,0.0,1.0,1.0,1.0,,,,,,,,,,,7.0,3.0,9.0,3.0,4.0,6.0,4.0,4.0,1.0,1.0,,,0.0,0.0,,,,,,,,,,,,,,
0OyZEj8b,EUROPE,2026/2027,EUROPE 3,Conference League,GfRbsVWM,EUROPE 3,22/07/2026,16:00,Quarter-finals,Neftci Baku (Aze),d0eNnarc,Din. Minsk (Blr),Wtzu8xF1,False,2,4,1,,,,,"[2, 8]","[36, 47, 57, 77, 77]",bet365,2.5,2.0,5.0,bet365,2.2,2.25,4.5,bet365,1.8,3.0,4.5,bet365,1.5,2.5,bet365,3.5,1.29,bet365,8.5,1.05,bet365,1.33,3.25,bet365,2.5,1.5,bet365,6.5,1.11,bet365,1.1,6.5,bet365,1.4,2.75,bet365,2.35,1.57,bet365,4.33,1.2,bet365,8.0,1.06,bet365,2.2,1.62,bet365,6.5,1.11,bet365,4.5,1.18,bet365,1.13,1.3,1.83,bet365,1.14,1.73,1.5,Betano.br,1.19,1.55,1.6,bet365,1.3,3.4,Esportivabet,1.36,2.9,Betano.br,1.38,2.82,bet365,2.88,17.0,41.0,4.5,4.5,9.0,29.0,17.0,7.5,bet365,2.03,1.83,bet365,2.2,1.67,bet365,2.0,1.73,bet365,6.5,bet365,5.5,bet365,10.0,bet365,6.5,bet365,7.5,bet365,23.0,bet365,9.5,bet365,17.0,bet365,19.0,bet365,15.0,bet365,51.0,bet365,19.0,bet365,41.0,bet365,41.0,bet365,51.0,bet365,7.0,1.1,bet365,6.4,1.12,bet365,3.45,1.3,bet365,2.6,1.48,bet365,1.83,1.98,bet365,1.19,4.5,bet365,1.1,7.0,bet365,1.1,7.0,1xBet.br,1.01,9.5,,0.0,0.0,bet365,19.0,11.0,26.0,bet365,7.0,5.0,34.0,bet365,3.25,3.5,11.0,bet365,1.13,6.0,1.83,bet365,1.04,15.0,1.29,bet365,1.04,17.0,1.07,,,,,,,,,,,0.56,0.44,,,,,,,,,,,14.0,17.0,4.0,9.0,9.0,7.0,1.0,1.0,,,,,,,,,,,5.0,3.0,15.0,10.0,25.0,26.0,13.0,10.0,1.0,1.0,,,0.0,2.0,,,,,,,,,,,,,,,,,,,,,,,,,0.55,0.45,,,,,,,,,,,7.0,7.0,3.0,4.0,3.0,3.0,1.0,0.0,,,,,,,,,,,3.0,1.0,9.0,4.0,10.0,15.0,4.0,6.0,0.0,1.0,,,0.0,2.0,,,,,,,,,,,,,,,,,,,,,,,,,0.57,0.43,,,,,,,,,,,7.0,10.0,1.0,5.0,6.0,4.0,0.0,1.0,,,,,,,,,,,2.0,2.0,6.0,6.0,15.0,11.0,9.0,4.0,1.0,0.0,,,0.0,0.0,,,,,,,,,,,,,,
CdjvJjJt,EUROPE,2026/2027,EUROPE 3,Conference League,GfRbsVWM,EUROPE 3,23/07/2026,16:00,Quarter-finals,Debrecen (Hun),8KymAhn2,Pyunik Yerevan (Arm),SGwIMoNO,False,1,0,1,,,,,[59],[],bet365,2.6,2.05,4.0,bet365,2.38,2.38,3.75,bet365,1.95,3.3,3.4,bet365,1.44,2.63,bet365,3.0,1.36,bet365,7.5,1.07,bet365,1.29,3.5,bet365,2.25,1.57,bet365,5.5,1.14,bet365,1.06,8.0,bet365,1.36,3.0,bet365,2.1,1.7,bet365,3.75,1.25,bet365,7.0,1.08,bet365,1.91,1.8,bet365,5.5,1.14,bet365,3.75,1.25,bet365,1.25,1.25,1.7,bet365,1.22,1.73,1.5,Betano.br,1.25,1.5,1.55,bet365,1.44,2.63,Sportingbet.br,1.49,2.45,Betano.br,1.5,2.42,bet365,3.1,15.0,41.0,5.0,5.0,8.0,29.0,17.0,6.0,bet365,1.98,1.88,bet365,2.1,1.73,bet365,2.0,1.73,bet365,9.0,bet365,6.5,bet365,9.5,bet365,6.5,bet365,9.0,bet365,17.0,bet365,9.5,bet365,13.0,bet365,17.0,bet365,17.0,bet365,41.0,bet365,17.0,bet365,34.0,bet365,29.0,bet365,41.0,bet365,7.0,1.1,bet365,7.0,1.1,bet365,3.55,1.27,bet365,2.85,1.4,bet365,1.98,1.83,bet365,1.27,3.55,bet365,1.1,7.0,1xBet.br,1.07,8.4,,0.0,0.0,,0.0,0.0,bet365,21.0,12.0,0.0,bet365,7.5,5.5,21.0,bet365,3.6,3.75,7.5,bet365,1.25,5.0,1.7,bet365,1.06,12.0,1.25,bet365,0.0,0.0,1.06,1.51,0.96,0.33,0.59,0.86,0.63,0.59,0.33,0.59,-0.67,0.5,0.5,0.76,0.77,0.35,0.41,0.64,0.66,0.0,0.0,0.42,0.25,20.0,18.0,1.0,3.0,10.0,10.0,9.0,5.0,13.0,8.0,7.0,10.0,3.0,1.0,1.0,1.0,30.0,16.0,4.0,4.0,7.0,14.0,24.0,19.0,14.0,7.0,1.0,3.0,,,0.0,6.0,3.0,0.0,0.46,0.9,41.0,48.0,16.0,28.0,12.0,8.0,0.0,2.0,0.0,1.0,0.35,0.26,0.0,0.07,0.42,0.17,0.07,0.0,0.07,0.0,0.53,0.47,0.8,0.76,0.45,0.45,0.62,0.63,0.0,0.0,0.4,0.2,6.0,8.0,0.0,1.0,4.0,4.0,2.0,3.0,4.0,5.0,2.0,3.0,0.0,0.0,1.0,0.0,14.0,9.0,2.0,2.0,3.0,8.0,12.0,11.0,8.0,3.0,0.0,1.0,,,0.0,5.0,1.0,0.0,0.4,0.89,18.0,28.0,9.0,17.0,8.0,3.0,0.0,0.0,0.0,0.0,1.16,0.7,0.33,0.52,0.44,0.46,0.52,0.33,0.52,-0.67,0.48,0.52,0.72,0.78,0.28,0.37,0.66,0.7,0.0,0.0,0.44,0.29,14.0,10.0,1.0,2.0,6.0,6.0,7.0,2.0,9.0,3.0,5.0,7.0,3.0,1.0,0.0,1.0,16.0,7.0,2.0,2.0,4.0,6.0,12.0,8.0,6.0,4.0,1.0,2.0,,,0.0,1.0,2.0,0.0,0.5,1.0,23.0,20.0,7.0,11.0,4.0,5.0,0.0,2.0,0.0,1.0
pA8TGLgA,EUROPE,2026/2027,EUROPE 3,Conference League,GfRbsVWM,EUROPE 3,23/07/2026,16:00,Quarter-finals,Paide (Est),CAjWlFop,Zira (Aze),4CQ5BXNJ,False,1,0,1,,,,,[87],[],bet365,7.0,2.25,1.95,bet365,6.5,2.6,1.73,bet365,7.5,3.8,1.45,bet365,1.4,2.75,bet365,2.75,1.4,bet365,7.0,1.08,bet365,1.25,3.75,bet365,2.1,1.67,bet365,4.5,1.18,bet365,1.03,9.5,bet365,1.3,3.4,bet365,1.95,1.85,bet365,3.4,1.3,bet365,6.0,1.11,bet365,2.2,1.62,bet365,6.0,1.13,bet365,4.33,1.2,bet365,2.63,1.25,1.07,bet365,1.8,1.57,1.08,Betano.br,2.02,1.4,1.11,bet365,5.5,1.13,BrasilBet,4.33,1.18,Betano.br,4.4,1.17,bet365,12.0,21.0,26.0,13.0,6.0,4.0,51.0,19.0,2.1,bet365,2.0,1.85,bet365,2.1,1.73,bet365,2.0,1.73,bet365,9.5,bet365,17.0,bet365,6.0,bet365,8.0,bet365,41.0,bet365,6.5,bet365,23.0,bet365,9.0,bet365,21.0,bet365,81.0,bet365,9.5,bet365,51.0,bet365,13.0,bet365,51.0,bet365,34.0,,0.0,0.0,,0.0,0.0,1xBet.br,9.0,1.01,1xBet.br,9.5,1.01,bet365,7.0,1.1,bet365,2.68,1.45,bet365,2.05,1.75,bet365,1.6,2.3,bet365,1.3,3.45,bet365,1.22,4.15,bet365,0.0,0.0,8.0,bet365,51.0,23.0,4.0,bet365,21.0,9.5,2.2,bet365,2.63,3.5,1.07,bet365,1.57,4.33,1.02,bet365,1.18,6.5,0.0,,,,,,,,,,,0.41,0.59,,,,,,,,,,,7.0,10.0,5.0,5.0,2.0,4.0,0.0,1.0,,,,,,,,,,,7.0,3.0,20.0,17.0,16.0,13.0,15.0,20.0,2.0,1.0,,,0.0,2.0,,,,,,,,,,,,,,,,,,,,,,,,,0.34,0.66,,,,,,,,,,,0.0,7.0,0.0,4.0,0.0,2.0,0.0,1.0,,,,,,,,,,,2.0,3.0,11.0,7.0,7.0,8.0,6.0,11.0,1.0,0.0,,,0.0,1.0,,,,,,,,,,,,,,,,,,,,,,,,,0.49,0.51,,,,,,,,,,,7.0,3.0,5.0,1.0,2.0,2.0,0.0,0.0,,,,,,,,,,,5.0,0.0,9.0,10.0,9.0,5.0,9.0,9.0,1.0,1.0,,,0.0,1.0,,,,,,,,,,,,,,
rgE7msMc,EUROPE,2026/2027,EUROPE 3,Conference League,GfRbsVWM,EUROPE 3,16/07/2026,17:30,1/8-finals,Hamrun (Mlt),0EeKzT9a,NSI Runavik (Fai),UaOluym1,False,1,2,2,1.0,1.0,2.0,3.0,"[53, 90, 90]","[43, 90]",bet365,6.0,2.3,2.0,bet365,5.0,2.63,1.83,bet365,5.0,4.2,1.5,bet365,1.33,3.25,bet365,2.63,1.44,bet365,6.0,1.11,bet365,1.22,4.0,bet365,2.0,1.73,bet365,4.33,1.2,bet365,1.01,12.0,bet365,1.25,3.75,bet365,1.8,2.0,bet365,3.0,1.36,bet365,5.0,1.14,bet365,1.91,1.8,bet365,5.0,1.17,bet365,3.75,1.25,bet365,2.3,1.17,1.11,bet365,1.73,1.57,1.11,SeguroBet,1.89,1.4,1.15,bet365,4.0,1.22,Esportivabet,3.33,1.28,Betano.br,3.35,1.28,bet365,2.25,17.0,41.0,4.33,6.0,12.0,23.0,19.0,10.0,bet365,1.93,1.93,bet365,2.1,1.73,bet365,1.91,1.8,bet365,12.0,bet365,7.0,bet365,15.0,bet365,8.5,bet365,7.0,bet365,29.0,bet365,9.0,bet365,17.0,bet365,21.0,bet365,10.0,bet365,51.0,bet365,13.0,bet365,41.0,bet365,29.0,bet365,41.0,,0.0,0.0,,0.0,0.0,bet365,7.0,1.1,bet365,5.9,1.13,bet365,5.25,1.16,bet365,2.42,1.53,bet365,1.95,1.85,bet365,1.55,2.38,bet365,1.27,3.55,bet365,1.2,4.4,bet365,0.0,7.0,8.5,bet365,34.0,4.33,4.33,bet365,12.0,3.6,2.3,bet365,2.3,7.0,1.11,bet365,1.53,17.0,1.04,bet365,1.17,0.0,0.0,,,,,,,,,,,0.55,0.45,,,,,,,,,,,20.0,11.0,5.0,6.0,11.0,2.0,4.0,3.0,,,,,,,,,,,6.0,7.0,5.0,10.0,14.0,12.0,10.0,5.0,6.0,1.0,,,1.0,0.0,,,,,,,,,,,,,,,,,,,,,,,,,0.58,0.42,,,,,,,,,,,12.0,3.0,4.0,3.0,4.0,0.0,4.0,0.0,,,,,,,,,,,6.0,2.0,3.0,2.0,9.0,6.0,1.0,3.0,,,,,1.0,0.0,,,,,,,,,,,,,,,,,,,,,,,,,0.52,0.48,,,,,,,,,,,8.0,8.0,1.0,3.0,7.0,2.0,0.0,3.0,,,,,,,,,,,0.0,5.0,2.0,8.0,5.0,6.0,9.0,2.0,6.0,1.0,,,0.0,0.0,,,,,,,,,,,,,,
jesD06NM,EUROPE,2026/2027,EUROPE 3,Conference League,GfRbsVWM,EUROPE 3,22/07/2026,18:00,Quarter-finals,Vardar (Mkd),4IQgZaVs,Riga FC (Lat),l2DXxTjh,False,2,3,1,,,,,"[28, 66, 83]","[35, 39, 81]",bet365,3.4,2.38,2.6,bet365,3.1,2.75,2.4,bet365,2.88,3.5,2.05,bet365,1.29,3.5,bet365,2.25,1.57,bet365,5.0,1.14,bet365,1.17,5.0,bet365,1.8,1.91,bet365,3.5,1.29,bet365,1.03,10.0,bet365,1.2,4.33,bet365,1.65,2.2,bet365,2.5,1.5,bet365,4.5,1.17,bet365,1.53,2.38,bet365,3.75,1.25,bet365,2.75,1.4,bet365,1.62,1.22,1.33,bet365,1.5,1.53,1.3,Betano.br,1.55,1.42,1.32,bet365,2.25,1.57,Betano.br,2.12,1.65,Betano.br,2.18,1.62,bet365,4.75,15.0,23.0,7.5,6.5,5.5,29.0,15.0,3.25,bet365,1.98,1.88,bet365,2.0,1.8,bet365,1.91,1.8,bet365,15.0,bet365,13.0,bet365,11.0,bet365,7.5,bet365,19.0,bet365,12.0,bet365,12.0,bet365,9.5,bet365,12.0,bet365,34.0,bet365,21.0,bet365,21.0,bet365,15.0,bet365,26.0,bet365,21.0,bet365,6.0,1.13,bet365,6.6,1.11,bet365,6.0,1.13,bet365,5.25,1.16,bet365,3.0,1.38,bet365,1.73,2.08,bet365,1.38,3.0,bet365,1.26,3.7,bet365,1.1,7.0,bet365,1.11,6.8,bet365,21.0,15.0,17.0,bet365,12.0,8.5,7.0,bet365,5.5,5.0,3.6,bet365,1.62,4.0,1.33,bet365,1.25,6.0,1.09,bet365,1.07,12.0,1.05,,,,,,,,,,,0.53,0.47,,,,,,,,,,,16.0,14.0,3.0,7.0,8.0,5.0,5.0,2.0,,,,,,,,,,,3.0,3.0,25.0,17.0,20.0,16.0,17.0,27.0,2.0,4.0,,,0.0,2.0,,,,,,,,,,,,,,,,,,,,,,,,,0.5,0.5,,,,,,,,,,,3.0,7.0,1.0,3.0,1.0,4.0,1.0,0.0,,,,,,,,,,,0.0,2.0,12.0,8.0,13.0,10.0,7.0,13.0,1.0,3.0,,,0.0,1.0,,,,,,,,,,,,,,,,,,,,,,,,,0.56,0.44,,,,,,,,,,,13.0,7.0,2.0,4.0,7.0,1.0,4.0,2.0,,,,,,,,,,,3.0,1.0,13.0,9.0,7.0,6.0,10.0,14.0,1.0,1.0,,,0.0,1.0,,,,,,,,,,,,,,
xxu3KrhB,EUROPE,2026/2027,EUROPE 3,Conference League,GfRbsVWM,EUROPE 3,16/07/2026,18:45,1/8-finals,Mornar Bar (Mne),pU3CDOHp,Atletic Escaldes (And),hQcdh3te,False,1,2,2,1.0,2.0,2.0,4.0,[20],"[90, 90]",bet365,2.1,2.1,6.0,bet365,1.95,2.4,5.0,bet365,1.55,4.0,5.5,bet365,1.44,2.63,bet365,3.25,1.33,bet365,7.5,1.07,bet365,1.3,3.4,bet365,2.38,1.53,bet365,5.5,1.14,bet365,1.06,8.0,bet365,1.36,3.0,bet365,2.1,1.7,bet365,3.75,1.25,bet365,7.0,1.08,bet365,2.25,1.57,bet365,6.0,1.13,bet365,4.5,1.18,bet365,1.13,1.22,2.38,bet365,1.11,1.67,1.67,Sportingbet.br,1.14,1.43,1.83,bet365,1.2,4.33,Betano.br,1.28,3.35,Betano.br,1.25,3.6,bet365,2.4,19.0,51.0,4.0,5.5,11.0,26.0,19.0,9.5,bet365,1.85,2.0,bet365,2.1,1.73,bet365,2.0,1.73,bet365,9.0,bet365,5.0,bet365,12.0,bet365,8.0,bet365,7.0,bet365,26.0,bet365,8.5,bet365,19.0,bet365,23.0,bet365,11.0,bet365,51.0,bet365,15.0,bet365,51.0,bet365,34.0,bet365,51.0,bet365,5.75,1.14,bet365,4.65,1.18,bet365,2.75,1.43,bet365,2.05,1.75,bet365,1.55,2.38,bet365,1.16,5.25,bet365,1.12,6.25,bet365,1.12,6.25,,0.0,0.0,,0.0,0.0,bet365,12.0,8.0,0.0,bet365,5.5,4.5,41.0,bet365,2.75,3.1,13.0,bet365,1.13,7.0,2.38,bet365,1.03,19.0,1.4,bet365,0.0,0.0,1.11,,,,,,,,,,,0.49,0.51,,,,,,,,,,,21.0,9.0,11.0,8.0,9.0,1.0,1.0,0.0,,,,,,,,,,,4.0,1.0,8.0,15.0,21.0,18.0,15.0,9.0,2.0,3.0,,,3.0,2.0,,,,,,,,,,,,,,,,,,,,,,,,,0.53,0.47,,,,,,,,,,,9.0,1.0,5.0,1.0,4.0,0.0,0.0,0.0,,,,,,,,,,,4.0,0.0,4.0,11.0,10.0,6.0,11.0,4.0,1.0,1.0,,,1.0,0.0,,,,,,,,,,,,,,,,,,,,,,,,,0.45,0.55,,,,,,,,,,,12.0,8.0,6.0,7.0,5.0,1.0,1.0,0.0,,,,,,,,,,,0.0,1.0,4.0,4.0,11.0,12.0,4.0,5.0,1.0,2.0,,,2.0,2.0,,,,,,,,,,,,,,
vaWA5zat,EUROPE,2026/2027,EUROPE 3,Conference League,GfRbsVWM,EUROPE 3,16/07/2026,18:00,1/8-finals,Sileks (Mkd),OOOcul3J,Din. Minsk (Blr),Wtzu8xF1,False,0,2,2,1.0,-1.0,1.0,1.0,"[1, 2, 3, 4, 5, 6]","[1, 2, 3, 4, 5, 6, 16]",bet365,2.88,1.95,4.0,bet365,2.5,2.2,3.75,bet365,2.1,2.75,3.8,bet365,1.5,2.5,bet365,3.5,1.29,bet365,8.5,1.05,bet365,1.33,3.25,bet365,2.5,1.5,bet365,6.0,1.13,bet365,1.1,6.5,bet365,1.44,2.63,bet365,2.38,1.53,bet365,4.33,1.2,bet365,8.0,1.06,bet365,2.0,1.73,bet365,6.0,1.13,bet365,4.0,1.22,bet365,1.18,1.36,1.6,bet365,1.22,1.8,1.4,SeguroBet,1.24,1.62,1.42,bet365,1.44,2.63,Novibet,1.44,2.6,Betano.br,1.52,2.37,bet365,5.5,15.0,29.0,7.5,4.33,4.75,41.0,15.0,3.5,bet365,2.05,1.8,bet365,2.2,1.67,bet365,2.1,1.67,bet365,6.5,bet365,9.5,bet365,6.0,bet365,5.5,bet365,19.0,bet365,10.0,bet365,15.0,bet365,9.5,bet365,17.0,bet365,41.0,bet365,21.0,bet365,34.0,bet365,21.0,bet365,41.0,bet365,34.0,1xBet.br,9.9,1.01,1xBet.br,8.7,1.01,bet365,4.4,1.2,bet365,3.45,1.3,bet365,2.1,1.7,bet365,1.26,3.7,bet365,1.11,6.6,1xBet.br,1.05,10.0,Betboom.br,1.01,10.0,,0.0,0.0,bet365,26.0,0.0,0.0,bet365,9.5,13.0,23.0,bet365,4.33,5.5,8.5,bet365,1.18,3.5,1.6,bet365,1.06,6.5,1.17,bet365,0.0,15.0,1.05,,,,,,,,,,,0.47,0.53,,,,,,,,,,,8.0,10.0,2.0,5.0,4.0,2.0,2.0,3.0,,,,,,,,,,,8.0,6.0,29.0,18.0,40.0,28.0,18.0,28.0,4.0,4.0,,,1.0,3.0,,,,,,,,,,,,,,,,,,,,,,,,,0.34,0.66,,,,,,,,,,,1.0,6.0,0.0,3.0,1.0,1.0,0.0,2.0,,,,,,,,,,,0.0,3.0,10.0,7.0,12.0,11.0,8.0,11.0,3.0,2.0,,,0.0,1.0,,,,,,,,,,,,,,,,,,,,,,,,,0.53,0.47,,,,,,,,,,,5.0,3.0,1.0,2.0,2.0,0.0,2.0,1.0,,,,,,,,,,,5.0,3.0,10.0,9.0,17.0,12.0,8.0,11.0,1.0,2.0,,,1.0,0.0,,,,,,,,,,,,,,
tpIRqKxK,EUROPE,2026/2027,EUROPE 3,Conference League,GfRbsVWM,EUROPE 3,16/07/2026,18:00,1/8-finals,Shkendija (Mkd),je0pik4r,Europa FC (Gib),jPGTrS5I,False,1,0,2,5.0,0.0,6.0,0.0,[86],[],bet365,12.0,3.0,1.44,bet365,10.0,3.5,1.36,bet365,15.0,7.0,1.14,bet365,1.22,4.0,bet365,2.1,1.67,bet365,4.33,1.2,bet365,1.14,5.5,bet365,1.67,2.1,bet365,3.25,1.33,bet365,1.02,11.0,bet365,1.14,5.0,bet365,1.5,2.5,bet365,2.2,1.62,bet365,3.75,1.25,bet365,2.38,1.53,bet365,6.0,1.13,bet365,4.33,1.2,bet365,5.0,1.08,1.01,bet365,2.63,1.36,1.01,SeguroBet,2.86,1.24,1.05,bet365,10.0,1.03,Sportingbet.br,7.0,1.09,Betano.br,6.7,1.07,bet365,1.53,26.0,67.0,4.0,11.0,26.0,21.0,29.0,26.0,bet365,1.95,1.9,bet365,2.0,1.8,bet365,1.91,1.8,bet365,19.0,bet365,8.5,bet365,34.0,bet365,15.0,bet365,6.5,bet365,67.0,bet365,11.0,bet365,41.0,bet365,29.0,bet365,6.5,bet365,151.0,bet365,12.0,bet365,101.0,bet365,34.0,bet365,81.0,,0.0,0.0,,0.0,0.0,,0.0,0.0,,0.0,0.0,SeguroBet,10.0,1.02,bet365,5.25,1.16,bet365,4.25,1.21,bet365,2.6,1.48,bet365,2.08,1.73,bet365,1.68,2.15,bet365,0.0,4.75,3.5,bet365,0.0,4.0,2.1,bet365,41.0,4.5,1.44,bet365,5.0,19.0,1.01,bet365,2.5,0.0,0.0,bet365,1.62,0.0,0.0,,,,,,,,,,,0.64,0.36,,,,,,,,,,,11.0,6.0,2.0,2.0,4.0,3.0,5.0,1.0,,,,,,,,,,,3.0,5.0,11.0,14.0,19.0,15.0,13.0,10.0,2.0,1.0,,,2.0,0.0,,,,,,,,,,,,,,,,,,,,,,,,,0.66,0.34,,,,,,,,,,,4.0,4.0,1.0,1.0,1.0,3.0,2.0,0.0,,,,,,,,,,,2.0,5.0,4.0,7.0,10.0,8.0,5.0,4.0,,,,,2.0,0.0,,,,,,,,,,,,,,,,,,,,,,,,,0.62,0.38,,,,,,,,,,,7.0,2.0,1.0,1.0,3.0,0.0,3.0,1.0,,,,,,,,,,,1.0,0.0,7.0,7.0,9.0,7.0,8.0,6.0,2.0,1.0,,,0.0,0.0,,,,,,,,,,,,,,
Uams7a03,EUROPE,2026/2027,EUROPE 3,Conference League,GfRbsVWM,EUROPE 3,21/07/2026,17:00,Quarter-finals,Goteborg (Swe),UovQtopk,Levadia (Est),zNmMkSLj,False,1,2,1,,,,,[90],"[33, 45]",,0.0,0.0,0.0,,0.0,0.0,0.0,,0.0,0.0,0.0,,0.0,0.0,,0.0,0.0,,0.0,0.0,,0.0,0.0,,0.0,0.0,,0.0,0.0,,0.0,0.0,,0.0,0.0,,0.0,0.0,,0.0,0.0,,0.0,0.0,,0.0,0.0,,0.0,0.0,,0.0,0.0,,0.0,0.0,0.0,,0.0,0.0,0.0,,0.0,0.0,0.0,,0.0,0.0,,0.0,0.0,,0.0,0.0,,0.0,0.0,0.0,0.0,0.0,0.0,0.0,0.0,0.0,,0.0,0.0,,0.0,0.0,,0.0,0.0,,0.0,,0.0,,0.0,,0.0,,0.0,,0.0,,0.0,,0.0,,0.0,,0.0,,0.0,,0.0,,0.0,,0.0,,0.0,,0.0,0.0,,0.0,0.0,,0.0,0.0,,0.0,0.0,,0.0,0.0,,0.0,0.0,,0.0,0.0,,0.0,0.0,,0.0,0.0,,0.0,0.0,,0.0,0.0,0.0,,0.0,0.0,0.0,,0.0,0.0,0.0,,0.0,0.0,0.0,,0.0,0.0,0.0,,0.0,0.0,0.0,,,,,,,,,,,0.54,0.46,,,,,,,,,,,15.0,16.0,5.0,7.0,6.0,6.0,4.0,3.0,,,,,,,,,,,5.0,5.0,13.0,15.0,18.0,16.0,16.0,14.0,4.0,2.0,1.0,0.0,3.0,1.0,,,,,,,,,,,,,,,,,,,,,,,,,0.52,0.48,,,,,,,,,,,5.0,9.0,2.0,6.0,2.0,2.0,1.0,1.0,,,,,,,,,,,1.0,1.0,7.0,4.0,7.0,12.0,4.0,7.0,2.0,1.0,,,1.0,0.0,,,,,,,,,,,,,,,,,,,,,,,,,0.56,0.44,,,,,,,,,,,10.0,7.0,3.0,1.0,4.0,4.0,3.0,2.0,,,,,,,,,,,4.0,4.0,6.0,11.0,11.0,4.0,12.0,7.0,2.0,1.0,1.0,0.0,2.0,1.0,,,,,,,,,,,,,,
MqyjVa6T,EUROPE,2026/2027,EUROPE 3,Conference League,GfRbsVWM,EUROPE 3,16/07/2026,18:00,1/8-finals,FC Ballkani (Kos),29LmYvYp,Connahs Q. (Wal),ncsr4F0I,False,3,2,2,0.0,0.0,3.0,2.0,"[20, 49, 57]","[69, 76, 80]",bet365,8.0,2.38,1.8,bet365,6.5,2.75,1.67,bet365,6.25,4.75,1.33,bet365,1.36,3.0,bet365,2.63,1.44,bet365,6.0,1.11,bet365,1.22,4.0,bet365,2.1,1.67,bet365,4.5,1.18,bet365,1.04,9.0,bet365,1.25,3.75,bet365,1.83,1.98,bet365,3.25,1.33,bet365,5.5,1.13,bet365,2.25,1.57,bet365,6.0,1.13,bet365,4.33,1.2,bet365,2.88,1.13,1.08,bet365,1.91,1.53,1.06,SeguroBet,2.19,1.36,1.08,bet365,5.5,1.13,Sportingbet.br,4.6,1.17,Betano.br,4.55,1.16,bet365,1.95,21.0,41.0,4.0,6.5,13.0,23.0,21.0,15.0,bet365,1.88,1.98,bet365,2.1,1.73,bet365,1.91,1.8,bet365,12.0,bet365,6.0,bet365,15.0,bet365,10.0,bet365,6.0,bet365,41.0,bet365,9.5,bet365,21.0,bet365,26.0,bet365,8.0,bet365,81.0,bet365,13.0,bet365,51.0,bet365,34.0,bet365,51.0,,0.0,0.0,,0.0,0.0,,0.0,0.0,,0.0,0.0,bet365,6.4,1.12,bet365,3.0,1.38,bet365,2.35,1.58,bet365,1.73,2.08,bet365,1.38,3.0,bet365,1.27,3.55,bet365,0.0,6.0,7.0,bet365,51.0,4.0,3.5,bet365,21.0,3.6,2.0,bet365,2.88,9.0,1.08,bet365,1.73,23.0,1.02,bet365,1.25,0.0,0.0,,,,,,,,,,,0.66,0.34,,,,,,,,,,,15.0,8.0,8.0,3.0,6.0,5.0,1.0,0.0,,,,,,,,,,,6.0,0.0,13.0,11.0,23.0,16.0,7.0,11.0,2.0,5.0,,,2.0,0.0,,,,,,,,,,,,,,,,,,,,,,,,,0.73,0.27,,,,,,,,,,,10.0,3.0,6.0,1.0,4.0,2.0,0.0,0.0,,,,,,,,,,,5.0,0.0,5.0,6.0,12.0,6.0,4.0,5.0,1.0,1.0,,,2.0,0.0,,,,,,,,,,,,,,,,,,,,,,,,,0.59,0.41,,,,,,,,,,,5.0,5.0,2.0,2.0,2.0,3.0,1.0,0.0,,,,,,,,,,,1.0,0.0,8.0,5.0,11.0,10.0,3.0,6.0,1.0,4.0,,,0.0,0.0,,,,,,,,,,,,,,
vRfxT7Na,EUROPE,2026/2027,EUROPE 3,Conference League,GfRbsVWM,EUROPE 3,23/07/2026,15:00,Quarter-finals,FK Liepaja (Lat),nym30tD6,Austria Vienna (Aut),lvnOzIkE,False,0,2,1,,,,,[],"[31, 55]",,0.0,0.0,0.0,,0.0,0.0,0.0,,0.0,0.0,0.0,,0.0,0.0,,0.0,0.0,,0.0,0.0,,0.0,0.0,,0.0,0.0,,0.0,0.0,,0.0,0.0,,0.0,0.0,,0.0,0.0,,0.0,0.0,,0.0,0.0,,0.0,0.0,,0.0,0.0,,0.0,0.0,,0.0,0.0,0.0,,0.0,0.0,0.0,,0.0,0.0,0.0,,0.0,0.0,,0.0,0.0,,0.0,0.0,,0.0,0.0,0.0,0.0,0.0,0.0,0.0,0.0,0.0,,0.0,0.0,,0.0,0.0,,0.0,0.0,,0.0,,0.0,,0.0,,0.0,,0.0,,0.0,,0.0,,0.0,,0.0,,0.0,,0.0,,0.0,,0.0,,0.0,,0.0,,0.0,0.0,,0.0,0.0,,0.0,0.0,,0.0,0.0,,0.0,0.0,,0.0,0.0,,0.0,0.0,,0.0,0.0,,0.0,0.0,,0.0,0.0,,0.0,0.0,0.0,,0.0,0.0,0.0,,0.0,0.0,0.0,,0.0,0.0,0.0,,0.0,0.0,0.0,,0.0,0.0,0.0,1.1,1.06,0.05,0.83,0.96,1.27,0.83,0.05,-1.17,0.05,0.48,0.52,0.81,0.77,0.4,0.3,0.72,0.67,0.0,1.0,0.19,0.29,14.0,10.0,3.0,3.0,6.0,3.0,5.0,4.0,11.0,10.0,3.0,0.0,0.0,5.0,0.0,1.0,31.0,31.0,6.0,3.0,12.0,9.0,23.0,23.0,9.0,12.0,2.0,1.0,,,2.0,2.0,0.0,2.0,0.64,0.39,52.0,53.0,14.0,44.0,20.0,9.0,0.0,1.0,0.0,0.0,0.45,0.13,0.04,0.23,0.25,0.37,0.23,0.04,-0.77,0.04,0.43,0.57,0.79,0.78,0.42,0.36,0.64,0.71,0.0,0.0,0.14,0.18,5.0,3.0,1.0,1.0,2.0,1.0,2.0,1.0,4.0,3.0,1.0,0.0,0.0,0.0,0.0,1.0,12.0,11.0,4.0,3.0,6.0,6.0,9.0,12.0,6.0,6.0,1.0,1.0,,,1.0,0.0,0.0,1.0,0.5,0.6,24.0,17.0,10.0,14.0,12.0,5.0,0.0,0.0,0.0,0.0,0.65,0.93,0.01,0.6,0.71,0.9,0.6,0.01,-0.4,0.01,0.53,0.47,0.83,0.76,0.38,0.23,0.76,0.62,0.0,1.0,0.24,0.67,9.0,7.0,2.0,2.0,4.0,2.0,3.0,3.0,7.0,7.0,2.0,0.0,0.0,5.0,0.0,0.0,19.0,20.0,2.0,0.0,6.0,3.0,14.0,11.0,3.0,6.0,1.0,0.0,,,1.0,2.0,0.0,1.0,0.71,0.33,28.0,36.0,4.0,30.0,8.0,4.0,0.0,1.0,0.0,0.0
IVKcipOO,EUROPE,2026/2027,EUROPE 3,Conference League,GfRbsVWM,EUROPE 3,16/07/2026,17:00,1/8-finals,Zalgiris (Ltu),fuLOijFI,Petrovac (Mne),fHIqASDH,False,2,1,2,3.0,1.0,5.0,2.0,"[60, 75]",[87],bet365,5.5,2.38,1.95,bet365,5.0,2.75,1.8,bet365,5.25,4.1,1.48,bet365,1.3,3.4,bet365,2.5,1.5,bet365,5.5,1.13,bet365,1.2,4.33,bet365,1.91,1.8,bet365,3.75,1.25,bet365,1.03,10.0,bet365,1.2,4.33,bet365,1.7,2.1,bet365,2.63,1.44,bet365,4.5,1.17,bet365,1.83,1.83,bet365,4.5,1.18,bet365,3.5,1.29,bet365,2.4,1.17,1.11,bet365,1.8,1.53,1.13,KTO.br,1.95,1.29,1.06,bet365,4.33,1.2,Casadeapostas,3.65,1.21,Betano.br,3.65,1.24,bet365,2.2,17.0,41.0,4.33,6.5,12.0,21.0,19.0,9.5,bet365,1.98,1.88,bet365,2.0,1.8,bet365,1.91,1.8,bet365,13.0,bet365,7.5,bet365,17.0,bet365,8.5,bet365,7.5,bet365,29.0,bet365,8.5,bet365,19.0,bet365,17.0,bet365,11.0,bet365,67.0,bet365,12.0,bet365,41.0,bet365,26.0,bet365,41.0,,0.0,0.0,,0.0,0.0,SeguroBet,9.7,1.02,SeguroBet,9.5,1.03,bet365,5.5,1.15,bet365,2.5,1.5,bet365,2.0,1.8,bet365,1.6,2.3,bet365,1.3,3.45,bet365,1.22,4.15,bet365,0.0,6.5,8.0,bet365,34.0,4.33,4.0,bet365,12.0,3.75,2.25,bet365,2.4,7.5,1.11,bet365,1.57,17.0,1.04,bet365,1.2,0.0,0.0,,,,,,,,,,,0.59,0.41,,,,,,,,,,,14.0,15.0,6.0,6.0,5.0,4.0,3.0,5.0,,,,,,,,,,,2.0,5.0,2.0,11.0,17.0,14.0,13.0,3.0,1.0,1.0,,,6.0,1.0,,,,,,,,,,,,,,,,,,,,,,,,,0.74,0.26,,,,,,,,,,,8.0,3.0,3.0,1.0,2.0,0.0,3.0,2.0,,,,,,,,,,,0.0,2.0,2.0,3.0,5.0,7.0,4.0,2.0,1.0,0.0,,,5.0,1.0,,,,,,,,,,,,,,,,,,,,,,,,,0.45,0.55,,,,,,,,,,,6.0,12.0,3.0,5.0,3.0,4.0,0.0,3.0,,,,,,,,,,,2.0,3.0,0.0,8.0,12.0,7.0,9.0,1.0,0.0,1.0,,,1.0,0.0,,,,,,,,,,,,,,
ddpAKKiA,EUROPE,2026/2027,EUROPE 3,Conference League,GfRbsVWM,EUROPE 3,22/07/2026,18:30,Quarter-finals,Trnava (Svk),Ewa5QKPs,CSKA 1948 Sofia (Bul),fgaHZGUb,False,0,0,1,,,,,[],[],bet365,3.0,2.05,3.6,bet365,2.63,2.38,3.2,bet365,2.3,3.1,2.8,bet365,1.44,2.63,bet365,3.25,1.33,bet365,7.5,1.07,bet365,1.29,3.5,bet365,2.25,1.57,bet365,5.5,1.14,bet365,1.07,7.5,bet365,1.36,3.0,bet365,2.15,1.67,bet365,3.75,1.25,bet365,7.0,1.08,bet365,1.83,1.83,bet365,5.5,1.14,bet365,3.75,1.25,bet365,1.3,1.29,1.53,bet365,1.29,1.73,1.36,Sportingbet.br,1.29,1.53,1.44,bet365,1.67,2.1,Galerabet,1.62,2.15,Casadeapostas,1.67,1.99,bet365,3.75,15.0,34.0,5.5,4.75,6.5,29.0,15.0,4.75,bet365,2.0,1.85,bet365,2.1,1.73,bet365,2.0,1.73,bet365,8.5,bet365,7.5,bet365,8.5,bet365,6.5,bet365,11.0,bet365,15.0,bet365,10.0,bet365,12.0,bet365,15.0,bet365,21.0,bet365,29.0,bet365,21.0,bet365,26.0,bet365,34.0,bet365,41.0,1xBet.br,9.3,1.0,1xBet.br,12.5,1.03,bet365,4.5,1.19,bet365,3.7,1.26,bet365,2.3,1.6,bet365,1.38,3.0,bet365,1.14,5.75,bet365,1.11,6.6,SeguroBet,1.02,10.3,SeguroBet,1.02,10.3,bet365,26.0,15.0,29.0,bet365,10.0,6.5,17.0,bet365,4.5,4.0,6.5,bet365,1.3,4.5,1.53,bet365,1.1,9.5,1.17,bet365,1.04,17.0,1.05,,,,,,,,,,,0.5,0.5,,,,,,,,,,,15.0,11.0,2.0,2.0,8.0,6.0,5.0,3.0,,,,,,,,,,,7.0,6.0,17.0,16.0,13.0,18.0,15.0,15.0,1.0,4.0,,,0.0,0.0,,,,,,,,,,,,,,,,,,,,,,,,,0.46,0.54,,,,,,,,,,,7.0,6.0,0.0,0.0,4.0,3.0,3.0,3.0,,,,,,,,,,,3.0,2.0,10.0,6.0,4.0,8.0,5.0,10.0,1.0,3.0,,,0.0,0.0,,,,,,,,,,,,,,,,,,,,,,,,,0.55,0.45,,,,,,,,,,,8.0,5.0,2.0,2.0,4.0,3.0,2.0,0.0,,,,,,,,,,,4.0,4.0,7.0,10.0,9.0,10.0,10.0,5.0,0.0,1.0,,,0.0,0.0,,,,,,,,,,,,,,
2anwiypm,EUROPE,2026/2027,EUROPE 3,Conference League,GfRbsVWM,EUROPE 3,16/07/2026,17:00,1/8-finals,Vikingur (Fai),pGGon7LD,Stjarnan (Ice),40ut6U2b,False,2,2,2,1.0,3.0,3.0,5.0,"[59, 61]","[67, 81]",bet365,3.2,2.4,2.6,bet365,2.88,2.88,2.38,bet365,2.63,3.9,2.1,bet365,1.25,3.75,bet365,2.1,1.67,bet365,4.5,1.17,bet365,1.14,5.5,bet365,1.67,2.1,bet365,3.25,1.33,bet365,1.02,11.0,bet365,1.14,5.0,bet365,1.5,2.5,bet365,2.1,1.67,bet365,3.75,1.25,bet365,1.44,2.63,bet365,3.4,1.3,bet365,2.63,1.44,bet365,1.6,1.18,1.4,bet365,1.5,1.53,1.36,Sportingbet.br,1.55,1.38,1.33,bet365,2.1,1.67,Sportingbet.br,2.15,1.62,Betano.br,2.12,1.65,bet365,4.33,15.0,21.0,7.0,7.0,6.0,23.0,15.0,3.25,bet365,1.98,1.88,bet365,2.0,1.8,bet365,1.91,1.8,bet365,21.0,bet365,15.0,bet365,13.0,bet365,8.5,bet365,17.0,bet365,15.0,bet365,11.0,bet365,9.5,bet365,12.0,bet365,29.0,bet365,21.0,bet365,19.0,bet365,15.0,bet365,23.0,bet365,21.0,1xBet.br,10.0,1.01,1xBet.br,9.1,1.02,bet365,5.0,1.17,bet365,4.15,1.22,bet365,2.68,1.45,bet365,1.68,2.15,bet365,1.35,3.1,bet365,1.26,3.7,bet365,1.11,6.6,bet365,1.11,6.6,bet365,0.0,0.0,17.0,bet365,11.0,7.0,7.0,bet365,4.75,5.0,3.6,bet365,1.6,4.33,1.4,bet365,1.25,6.0,1.14,bet365,1.07,12.0,0.0,,,,,,,,,,,0.49,0.51,,,,,,,,,,,9.0,10.0,4.0,4.0,2.0,2.0,3.0,4.0,,,,,,,,,,,5.0,4.0,16.0,14.0,29.0,19.0,11.0,15.0,2.0,3.0,,,1.0,0.0,,,,,,,,,,,,,,,,,,,,,,,,,0.55,0.45,,,,,,,,,,,4.0,4.0,0.0,1.0,2.0,1.0,2.0,2.0,,,,,,,,,,,4.0,1.0,9.0,5.0,21.0,9.0,4.0,9.0,0.0,1.0,,,1.0,0.0,,,,,,,,,,,,,,,,,,,,,,,,,0.43,0.57,,,,,,,,,,,5.0,6.0,4.0,3.0,0.0,1.0,1.0,2.0,,,,,,,,,,,1.0,3.0,7.0,9.0,8.0,10.0,7.0,6.0,2.0,2.0,,,0.0,0.0,,,,,,,,,,,,,,
tYTtD0po,EUROPE,2026/2027,EUROPE 3,Conference League,GfRbsVWM,EUROPE 3,16/07/2026,17:00,1/8-finals,Milsami (Mda),2HA76NHc,Velez Mostar (Bih),Q7LPqcLQ,False,0,1,2,1.0,1.0,1.0,2.0,[90],[83],bet365,3.75,1.95,3.0,bet365,3.4,2.25,2.63,bet365,2.9,2.9,2.15,bet365,1.53,2.38,bet365,3.5,1.29,bet365,8.5,1.05,bet365,1.33,3.25,bet365,2.63,1.44,bet365,6.5,1.11,bet365,1.08,7.0,bet365,1.44,2.63,bet365,2.38,1.53,bet365,4.5,1.17,bet365,8.5,1.05,bet365,2.1,1.67,bet365,6.0,1.13,bet365,4.33,1.2,bet365,1.57,1.3,1.3,bet365,1.36,1.8,1.25,SeguroBet,1.37,1.63,1.27,bet365,2.2,1.62,Betano.br,2.15,1.62,Betano.br,2.1,1.65,bet365,3.75,15.0,41.0,5.5,4.33,7.0,34.0,15.0,5.0,bet365,2.0,1.85,bet365,2.2,1.67,bet365,2.0,1.73,bet365,7.0,bet365,6.5,bet365,8.0,bet365,6.0,bet365,10.0,bet365,15.0,bet365,10.0,bet365,13.0,bet365,19.0,bet365,21.0,bet365,34.0,bet365,21.0,bet365,29.0,bet365,41.0,bet365,41.0,,0.0,0.0,1xBet.br,10.0,1.01,bet365,7.0,1.1,bet365,6.25,1.12,bet365,3.1,1.35,bet365,1.6,2.3,bet365,1.26,3.7,bet365,1.18,4.65,1xBet.br,1.02,9.4,1xBet.br,1.01,10.0,bet365,0.0,15.0,29.0,bet365,19.0,6.5,10.0,bet365,7.0,3.75,4.5,bet365,1.57,4.5,1.3,bet365,1.14,10.0,1.08,bet365,1.04,0.0,0.0,,,,,,,,,,,0.56,0.44,,,,,,,,,,,3.0,8.0,0.0,4.0,1.0,3.0,2.0,1.0,,,,,,,,,,,1.0,3.0,13.0,25.0,20.0,27.0,26.0,12.0,6.0,3.0,1.0,0.0,0.0,2.0,,,,,,,,,,,,,,,,,,,,,,,,,0.58,0.42,,,,,,,,,,,1.0,4.0,0.0,1.0,0.0,2.0,1.0,1.0,,,,,,,,,,,0.0,2.0,8.0,12.0,11.0,15.0,11.0,6.0,2.0,1.0,,,0.0,1.0,,,,,,,,,,,,,,,,,,,,,,,,,0.54,0.46,,,,,,,,,,,2.0,4.0,0.0,3.0,1.0,1.0,1.0,0.0,,,,,,,,,,,1.0,1.0,5.0,13.0,9.0,12.0,15.0,6.0,4.0,2.0,1.0,0.0,0.0,1.0,,,,,,,,,,,,,,
tAmgmgqC,EUROPE,2026/2027,EUROPE 3,Conference League,GfRbsVWM,EUROPE 3,16/07/2026,16:00,1/8-finals,Ilves (Fin),pYGmWmwa,Differdange (Lux),pSWVqtMr,False,3,1,2,0.0,0.0,3.0,1.0,"[57, 68, 75, 90]",[45],bet365,4.75,2.38,2.1,bet365,4.5,2.75,1.91,bet365,5.0,3.5,1.62,bet365,1.3,3.4,bet365,2.5,1.5,bet365,5.5,1.13,bet365,1.18,4.5,bet365,1.83,1.83,bet365,3.75,1.25,bet365,1.04,9.0,bet365,1.2,4.33,bet365,1.7,2.1,bet365,2.63,1.44,bet365,4.5,1.17,bet365,1.73,2.0,bet365,4.33,1.2,bet365,3.25,1.33,bet365,2.1,1.22,1.11,bet365,1.67,1.53,1.17,Betano.br,1.78,1.42,1.19,bet365,3.75,1.25,LuvaBet,3.2,1.3,Betano.br,3.05,1.33,bet365,2.4,13.0,41.0,4.75,6.5,11.0,21.0,17.0,8.0,bet365,2.03,1.83,bet365,2.0,1.8,bet365,1.91,1.8,bet365,13.0,bet365,8.5,bet365,17.0,bet365,7.5,bet365,8.5,bet365,29.0,bet365,9.0,bet365,17.0,bet365,13.0,bet365,13.0,bet365,51.0,bet365,13.0,bet365,41.0,bet365,23.0,bet365,41.0,,0.0,0.0,,0.0,0.0,1xBet.br,8.7,1.02,1xBet.br,10.0,1.05,bet365,5.0,1.17,bet365,2.2,1.65,bet365,1.73,2.08,bet365,1.48,2.6,bet365,1.23,4.1,bet365,1.17,5.0,bet365,0.0,7.5,9.5,bet365,29.0,4.75,4.75,bet365,11.0,3.75,2.6,bet365,2.1,7.0,1.11,bet365,1.44,15.0,1.04,bet365,1.14,0.0,0.0,,,,,,,,,,,0.6,0.4,,,,,,,,,,,12.0,6.0,6.0,2.0,6.0,3.0,0.0,1.0,,,,,,,,,,,0.0,2.0,9.0,11.0,14.0,14.0,10.0,7.0,3.0,1.0,1.0,2.0,1.0,3.0,,,,,,,,,,,,,,,,,,,,,,,,,0.55,0.45,,,,,,,,,,,4.0,4.0,1.0,1.0,3.0,3.0,0.0,0.0,,,,,,,,,,,0.0,0.0,6.0,5.0,7.0,9.0,5.0,4.0,1.0,0.0,,,0.0,1.0,,,,,,,,,,,,,,,,,,,,,,,,,0.65,0.35,,,,,,,,,,,8.0,2.0,5.0,1.0,3.0,0.0,0.0,1.0,,,,,,,,,,,0.0,2.0,3.0,6.0,7.0,5.0,5.0,3.0,2.0,1.0,1.0,2.0,1.0,2.0,,,,,,,,,,,,,,
IBEcnbtS,EUROPE,2026/2027,EUROPE 3,Conference League,GfRbsVWM,EUROPE 3,16/07/2026,17:00,1/8-finals,BATE (Blr),GnDSyToM,AF Elbasani (Alb),QBmz1ReP,True,1,0,2,0.0,1.0,1.0,1.0,"[1, 2, 3, 4, 5, 6]","[1, 2, 3, 4, 5, 6]",bet365,2.63,2.05,4.0,bet365,2.4,2.38,3.6,bet365,2.05,3.4,3.2,bet365,1.44,2.63,bet365,3.25,1.33,bet365,7.5,1.07,bet365,1.29,3.5,bet365,2.38,1.53,bet365,5.5,1.14,bet365,1.06,8.0,bet365,1.36,3.0,bet365,2.1,1.7,bet365,3.75,1.25,bet365,7.0,1.08,bet365,1.91,1.8,bet365,5.5,1.14,bet365,3.75,1.25,bet365,1.36,1.3,1.73,bet365,1.22,1.73,1.44,SeguroBet,1.22,1.54,1.51,bet365,1.53,2.38,Esportivabet,1.5,2.4,Betano.br,1.55,2.3,bet365,5.5,15.0,29.0,7.5,4.75,5.0,41.0,15.0,3.25,bet365,1.95,1.9,bet365,2.1,1.73,bet365,2.0,1.73,bet365,9.0,bet365,9.0,bet365,7.0,bet365,7.0,bet365,17.0,bet365,9.5,bet365,12.0,bet365,9.5,bet365,17.0,bet365,34.0,bet365,17.0,bet365,29.0,bet365,19.0,bet365,41.0,bet365,34.0,1xBet.br,9.7,1.05,bet365,7.0,1.1,bet365,4.0,1.23,bet365,3.1,1.35,bet365,2.08,1.73,bet365,1.35,3.1,bet365,1.12,6.25,bet365,1.1,7.0,Betboom.br,1.01,10.0,,0.0,0.0,bet365,21.0,0.0,0.0,bet365,8.0,11.0,21.0,bet365,3.75,4.75,7.0,bet365,1.36,3.75,1.73,bet365,1.07,6.0,1.22,bet365,0.0,13.0,1.06,,,,,,,,,,,0.5,0.5,,,,,,,,,,,11.0,11.0,4.0,1.0,5.0,7.0,2.0,3.0,,,,,,,,,,,4.0,4.0,18.0,17.0,29.0,25.0,12.0,16.0,3.0,2.0,,,4.0,3.0,,,,,,,,,,,,,,,,,,,,,,,,,0.46,0.54,,,,,,,,,,,4.0,3.0,1.0,0.0,2.0,2.0,1.0,1.0,,,,,,,,,,,1.0,1.0,5.0,7.0,11.0,8.0,4.0,4.0,2.0,1.0,,,1.0,2.0,,,,,,,,,,,,,,,,,,,,,,,,,0.46,0.54,,,,,,,,,,,3.0,2.0,1.0,1.0,1.0,1.0,1.0,0.0,,,,,,,,,,,1.0,0.0,10.0,7.0,10.0,11.0,5.0,11.0,1.0,1.0,,,3.0,1.0,,,,,,,,,,,,,,
dbwmOQhn,EUROPE,2026/2027,EUROPE 3,Conference League,GfRbsVWM,EUROPE 3,16/07/2026,19:00,1/8-finals,Virtus (San),hARcOLbq,Dila Gori (Geo),2kvaMIqb,False,1,0,2,1.0,3.0,2.0,3.0,[90],[],bet365,2.1,2.3,5.0,bet365,1.91,2.75,4.5,bet365,1.57,4.1,4.2,bet365,1.33,3.25,bet365,2.5,1.5,bet365,5.5,1.13,bet365,1.2,4.33,bet365,1.91,1.8,bet365,4.0,1.22,bet365,1.01,15.0,bet365,1.22,4.0,bet365,1.7,2.1,bet365,2.75,1.4,bet365,4.5,1.17,bet365,1.8,1.91,bet365,4.33,1.2,bet365,3.4,1.3,bet365,1.17,1.17,2.15,bet365,1.14,1.57,1.67,Sportingbet.br,1.18,1.4,1.8,bet365,1.29,3.5,LuvaBet,1.33,3.0,Betano.br,1.34,3.0,bet365,8.0,17.0,23.0,10.0,6.5,4.5,41.0,17.0,2.4,bet365,1.93,1.93,bet365,2.0,1.8,bet365,1.91,1.8,bet365,15.0,bet365,15.0,bet365,8.0,bet365,8.5,bet365,23.0,bet365,8.0,bet365,15.0,bet365,8.5,bet365,17.0,bet365,51.0,bet365,12.0,bet365,34.0,bet365,13.0,bet365,41.0,bet365,23.0,bet365,5.0,1.17,bet365,4.1,1.23,bet365,2.6,1.48,bet365,2.05,1.75,bet365,1.63,2.25,bet365,1.21,4.25,SeguroBet,1.04,8.5,1xBet.br,1.02,8.9,,0.0,0.0,,0.0,0.0,bet365,9.5,0.0,0.0,bet365,4.75,13.0,26.0,bet365,2.5,6.0,9.0,bet365,1.17,3.75,2.15,bet365,1.05,4.75,1.44,bet365,0.0,7.5,1.14,,,,,,,,,,,0.66,0.34,,,,,,,,,,,17.0,7.0,10.0,4.0,2.0,2.0,5.0,1.0,,,,,,,,,,,10.0,3.0,11.0,13.0,32.0,15.0,7.0,7.0,3.0,3.0,0.0,1.0,0.0,1.0,,,,,,,,,,,,,,,,,,,,,,,,,0.58,0.42,,,,,,,,,,,7.0,3.0,4.0,1.0,2.0,1.0,1.0,1.0,,,,,,,,,,,2.0,2.0,6.0,7.0,13.0,9.0,4.0,4.0,1.0,1.0,,,0.0,0.0,,,,,,,,,,,,,,,,,,,,,,,,,0.74,0.26,,,,,,,,,,,10.0,4.0,6.0,3.0,0.0,1.0,4.0,0.0,,,,,,,,,,,8.0,1.0,5.0,6.0,19.0,6.0,3.0,3.0,2.0,2.0,0.0,1.0,0.0,1.0,,,,,,,,,,,,,,
pvrQ1hb5,EUROPE,2026/2027,EUROPE 3,Conference League,GfRbsVWM,EUROPE 3,16/07/2026,17:00,1/8-finals,Dinamo Tbilisi (Geo),I7RM1rTm,Mondorf (Lux),YLIte97b,False,1,1,2,2.0,1.0,3.0,2.0,"[65, 111]",[86],bet365,6.0,2.5,1.91,bet365,5.5,2.88,1.73,bet365,5.5,4.1,1.44,bet365,1.29,3.5,bet365,2.38,1.53,bet365,5.0,1.14,bet365,1.18,4.5,bet365,1.83,1.83,bet365,3.75,1.25,bet365,1.01,15.0,bet365,1.2,4.33,bet365,1.62,2.25,bet365,2.5,1.5,bet365,4.33,1.2,bet365,1.8,1.91,bet365,4.5,1.18,bet365,3.4,1.3,bet365,2.4,1.17,1.1,bet365,1.8,1.5,1.11,Sportingbet.br,2.05,1.34,1.13,bet365,4.5,1.17,Esportivabet,4.2,1.18,Betano.br,3.75,1.23,bet365,2.1,17.0,41.0,4.33,7.0,12.0,21.0,19.0,9.5,bet365,1.95,1.9,bet365,2.0,1.8,bet365,1.91,1.8,bet365,15.0,bet365,8.5,bet365,17.0,bet365,8.5,bet365,7.5,bet365,34.0,bet365,9.0,bet365,19.0,bet365,17.0,bet365,10.0,bet365,67.0,bet365,12.0,bet365,41.0,bet365,23.0,bet365,41.0,,0.0,0.0,,0.0,0.0,SeguroBet,10.3,1.02,SeguroBet,10.0,1.02,bet365,5.9,1.13,bet365,2.6,1.48,bet365,2.08,1.73,bet365,1.65,2.2,bet365,1.33,3.3,bet365,1.24,3.9,bet365,0.0,6.5,7.5,bet365,41.0,4.33,3.75,bet365,13.0,3.75,2.2,bet365,2.4,7.5,1.1,bet365,1.62,21.0,1.03,bet365,1.22,0.0,0.0,,,,,,,,,,,0.55,0.45,,,,,,,,,,,23.0,12.0,5.0,4.0,7.0,3.0,11.0,5.0,,,,,,,,,,,11.0,8.0,15.0,22.0,39.0,25.0,19.0,19.0,2.0,2.0,,,4.0,1.0,,,,,,,,,,,,,,,,,,,,,,,,,0.62,0.38,,,,,,,,,,,6.0,1.0,1.0,0.0,2.0,0.0,3.0,1.0,,,,,,,,,,,4.0,0.0,7.0,10.0,19.0,4.0,7.0,5.0,,,,,4.0,1.0,,,,,,,,,,,,,,,,,,,,,,,,,0.54,0.46,,,,,,,,,,,9.0,4.0,1.0,1.0,4.0,0.0,4.0,3.0,,,,,,,,,,,5.0,3.0,6.0,9.0,13.0,9.0,7.0,9.0,2.0,1.0,,,0.0,0.0,,,,,,,,,,,,,,
Gnt3PUZ7,EUROPE,2026/2027,EUROPE 3,Conference League,GfRbsVWM,EUROPE 3,16/07/2026,16:00,1/8-finals,Torpedo Kutaisi (Geo),UHabwVgn,Zira (Aze),4CQ5BXNJ,False,0,3,2,0.0,3.0,0.0,6.0,[],"[25, 39, 70]",bet365,3.0,2.1,3.25,bet365,2.75,2.5,2.88,bet365,2.38,3.3,2.6,bet365,1.4,2.75,bet365,2.75,1.4,bet365,7.0,1.08,bet365,1.25,3.75,bet365,2.1,1.67,bet365,4.5,1.18,bet365,1.05,8.5,bet365,1.29,3.5,bet365,1.9,1.9,bet365,3.25,1.33,bet365,6.0,1.11,bet365,1.73,2.0,bet365,4.5,1.18,bet365,3.4,1.3,bet365,1.4,1.25,1.5,bet365,1.33,1.67,1.36,Novibet,1.28,1.5,1.37,bet365,1.8,1.91,Betano.br,1.72,2.0,Betano.br,1.7,2.02,bet365,4.33,15.0,29.0,6.5,5.5,6.0,29.0,15.0,3.75,bet365,1.98,1.88,bet365,2.1,1.73,bet365,1.91,1.8,bet365,10.0,bet365,9.5,bet365,8.5,bet365,6.5,bet365,13.0,bet365,12.0,bet365,11.0,bet365,10.0,bet365,15.0,bet365,23.0,bet365,23.0,bet365,21.0,bet365,21.0,bet365,29.0,bet365,29.0,1xBet.br,12.0,1.03,bet365,6.8,1.11,bet365,4.65,1.18,bet365,3.8,1.25,bet365,2.38,1.55,bet365,1.45,2.68,bet365,1.2,4.4,bet365,1.15,5.5,1xBet.br,1.01,9.6,SeguroBet,1.02,9.7,bet365,26.0,0.0,0.0,bet365,10.0,7.5,11.0,bet365,4.5,4.5,5.0,bet365,1.4,4.33,1.5,bet365,1.13,7.0,1.14,bet365,0.0,15.0,1.05,,,,,,,,,,,0.62,0.38,,,,,,,,,,,10.0,12.0,3.0,3.0,5.0,9.0,2.0,0.0,,,,,,,,,,,4.0,2.0,18.0,14.0,20.0,22.0,14.0,17.0,0.0,1.0,,,0.0,1.0,,,,,,,,,,,,,,,,,,,,,,,,,0.66,0.34,,,,,,,,,,,3.0,7.0,1.0,2.0,2.0,5.0,0.0,0.0,,,,,,,,,,,0.0,2.0,11.0,6.0,12.0,8.0,6.0,9.0,,,,,0.0,1.0,,,,,,,,,,,,,,,,,,,,,,,,,0.58,0.42,,,,,,,,,,,7.0,5.0,2.0,1.0,3.0,4.0,2.0,0.0,,,,,,,,,,,4.0,0.0,7.0,8.0,8.0,14.0,8.0,8.0,0.0,1.0,,,0.0,0.0,,,,,,,,,,,,,,
pt75xxVg,EUROPE,2026/2027,EUROPE 3,Conference League,GfRbsVWM,EUROPE 3,16/07/2026,16:30,1/8-finals,Levadia (Est),zNmMkSLj,Caernarfon (Wal),CzgD4yW5,False,5,0,2,5.0,0.0,10.0,0.0,"[4, 20, 33, 70, 89]",[],bet365,10.0,2.75,1.53,bet365,9.0,3.25,1.44,bet365,12.0,6.25,1.18,bet365,1.25,3.75,bet365,2.1,1.67,bet365,4.5,1.17,bet365,1.14,5.5,bet365,1.73,2.0,bet365,3.25,1.33,bet365,1.02,11.0,bet365,1.14,5.0,bet365,1.5,2.5,bet365,2.2,1.62,bet365,3.75,1.25,bet365,2.2,1.62,1xBet.br,5.4,1.15,1xBet.br,4.08,1.24,bet365,4.5,1.11,1.01,bet365,2.38,1.4,1.03,1xBet.br,2.71,1.19,1.02,bet365,8.5,1.05,Sportingbet.br,6.25,1.1,Betano.br,6.0,1.1,bet365,1.62,23.0,51.0,4.0,9.5,23.0,21.0,26.0,21.0,bet365,1.95,1.9,bet365,2.0,1.8,bet365,1.91,1.8,bet365,17.0,bet365,8.5,bet365,29.0,bet365,13.0,bet365,6.5,bet365,51.0,bet365,10.0,bet365,34.0,bet365,26.0,bet365,7.0,bet365,151.0,bet365,11.0,bet365,81.0,bet365,29.0,bet365,67.0,,0.0,0.0,,0.0,0.0,,0.0,0.0,,0.0,0.0,SeguroBet,9.7,1.02,bet365,4.4,1.2,bet365,3.55,1.27,bet365,2.35,1.58,bet365,1.88,1.93,bet365,1.55,2.38,bet365,0.0,4.75,4.0,bet365,0.0,4.0,2.3,bet365,34.0,4.33,1.53,bet365,4.5,15.0,1.01,bet365,2.3,0.0,0.0,bet365,1.53,0.0,0.0,,,,,,,,,,,0.73,0.27,,,,,,,,,,,23.0,3.0,9.0,1.0,10.0,2.0,4.0,0.0,,,,,,,,,,,9.0,0.0,8.0,17.0,8.0,12.0,14.0,6.0,1.0,2.0,,,3.0,1.0,,,,,,,,,,,,,,,,,,,,,,,,,0.79,0.21,,,,,,,,,,,10.0,0.0,5.0,0.0,4.0,0.0,1.0,0.0,,,,,,,,,,,5.0,0.0,4.0,7.0,3.0,6.0,5.0,3.0,,,,,2.0,1.0,,,,,,,,,,,,,,,,,,,,,,,,,0.67,0.33,,,,,,,,,,,13.0,3.0,4.0,1.0,6.0,2.0,3.0,0.0,,,,,,,,,,,4.0,0.0,4.0,10.0,5.0,6.0,9.0,3.0,1.0,2.0,,,1.0,0.0,,,,,,,,,,,,,,
MRgV0ceL,EUROPE,2026/2027,EUROPE 3,Conference League,GfRbsVWM,EUROPE 3,16/07/2026,15:00,1/8-finals,FC Astana (Kaz),M34GD2Gt,Dinamo City (Alb),KdZNQkgm,False,1,4,2,1.0,0.0,2.0,4.0,[23],"[50, 62, 93, 120]",bet365,6.0,2.3,1.95,bet365,5.5,2.75,1.8,bet365,6.0,3.8,1.48,bet365,1.33,3.25,bet365,2.63,1.44,bet365,6.0,1.11,bet365,1.2,4.33,bet365,1.91,1.8,bet365,4.0,1.22,bet365,1.04,9.0,bet365,1.25,3.75,bet365,1.8,2.0,bet365,2.75,1.4,bet365,5.0,1.14,bet365,1.91,1.8,bet365,5.0,1.17,bet365,3.75,1.25,bet365,2.4,1.18,1.08,bet365,1.8,1.57,1.11,Sportingbet.br,1.93,1.37,1.15,bet365,4.5,1.17,Goldebet,3.6,1.25,Betano.br,3.55,1.25,bet365,2.2,17.0,41.0,4.33,6.5,12.0,23.0,19.0,10.0,bet365,1.98,1.88,bet365,2.1,1.73,bet365,1.91,1.8,bet365,11.0,bet365,7.0,bet365,17.0,bet365,8.0,bet365,7.0,bet365,34.0,bet365,9.0,bet365,19.0,bet365,19.0,bet365,10.0,bet365,67.0,bet365,13.0,bet365,51.0,bet365,29.0,bet365,41.0,,0.0,0.0,,0.0,0.0,SeguroBet,10.3,1.02,SeguroBet,10.0,1.02,bet365,5.9,1.13,bet365,2.5,1.5,bet365,1.98,1.83,bet365,1.58,2.35,bet365,1.27,3.55,bet365,1.21,4.25,bet365,0.0,6.5,8.0,bet365,41.0,4.33,4.0,bet365,15.0,3.75,2.25,bet365,2.4,7.5,1.08,bet365,1.57,21.0,1.02,bet365,1.18,0.0,0.0,,,,,,,,,,,0.5,0.5,,,,,,,,,,,12.0,19.0,6.0,12.0,5.0,4.0,1.0,3.0,,,,,,,,,,,5.0,4.0,14.0,30.0,27.0,18.0,26.0,18.0,5.0,6.0,1.0,0.0,5.0,0.0,,,,,,,,,,,,,,,,,,,,,,,,,0.67,0.33,,,,,,,,,,,7.0,4.0,2.0,2.0,4.0,0.0,1.0,2.0,,,,,,,,,,,5.0,2.0,5.0,7.0,9.0,7.0,7.0,6.0,1.0,2.0,,,1.0,0.0,,,,,,,,,,,,,,,,,,,,,,,,,0.33,0.67,,,,,,,,,,,1.0,11.0,1.0,6.0,0.0,4.0,0.0,1.0,,,,,,,,,,,0.0,2.0,6.0,13.0,10.0,6.0,14.0,9.0,3.0,2.0,1.0,0.0,2.0,0.0,,,,,,,,,,,,,,
G6WdoCdR,EUROPE,2026/2027,EUROPE 3,Conference League,GfRbsVWM,EUROPE 3,16/07/2026,16:00,1/8-finals,Paide (Est),CAjWlFop,Hegelmann (Ltu),nmpJqEeg,False,3,0,2,1.0,1.0,4.0,1.0,"[17, 42, 69]",[],bet365,4.33,2.2,2.3,bet365,4.0,2.6,2.1,bet365,4.2,3.25,1.75,bet365,1.36,3.0,bet365,2.63,1.44,bet365,6.5,1.1,bet365,1.22,4.0,bet365,2.0,1.73,bet365,4.33,1.2,bet365,1.05,8.5,bet365,1.25,3.75,bet365,1.85,1.95,bet365,3.0,1.36,bet365,5.5,1.13,bet365,1.8,1.91,bet365,4.5,1.18,bet365,3.4,1.3,bet365,1.91,1.25,1.17,bet365,1.57,1.62,1.2,Sportingbet.br,1.63,1.46,1.21,bet365,3.25,1.33,Jogo de Ouro,2.9,1.36,Betano.br,2.65,1.42,bet365,2.75,15.0,41.0,4.75,5.5,9.0,23.0,15.0,6.5,bet365,2.03,1.83,bet365,2.1,1.73,bet365,1.91,1.8,bet365,11.0,bet365,7.5,bet365,13.0,bet365,6.5,bet365,9.0,bet365,23.0,bet365,9.0,bet365,15.0,bet365,15.0,bet365,15.0,bet365,41.0,bet365,15.0,bet365,34.0,bet365,26.0,bet365,41.0,,0.0,0.0,,0.0,0.0,1xBet.br,10.0,1.05,1xBet.br,8.0,1.08,bet365,4.25,1.21,bet365,1.98,1.83,bet365,1.55,2.38,bet365,1.35,3.1,bet365,1.15,5.5,bet365,1.12,6.25,bet365,0.0,8.5,12.0,bet365,23.0,5.0,6.0,bet365,9.0,3.75,3.0,bet365,1.91,6.0,1.17,bet365,1.33,13.0,1.05,bet365,1.09,0.0,0.0,,,,,,,,,,,0.53,0.47,,,,,,,,,,,11.0,10.0,6.0,6.0,3.0,2.0,2.0,2.0,,,,,,,,,,,3.0,6.0,15.0,14.0,23.0,26.0,12.0,13.0,2.0,2.0,,,3.0,2.0,,,,,,,,,,,,,,,,,,,,,,,,,0.54,0.46,,,,,,,,,,,4.0,5.0,3.0,3.0,1.0,0.0,0.0,2.0,,,,,,,,,,,1.0,3.0,8.0,5.0,8.0,8.0,4.0,7.0,1.0,2.0,,,1.0,1.0,,,,,,,,,,,,,,,,,,,,,,,,,0.52,0.48,,,,,,,,,,,7.0,5.0,3.0,3.0,2.0,2.0,2.0,0.0,,,,,,,,,,,2.0,3.0,7.0,9.0,15.0,18.0,8.0,6.0,1.0,0.0,,,2.0,1.0,,,,,,,,,,,,,,
vRr9gFme,EUROPE,2026/2027,EUROPE 3,Conference League,GfRbsVWM,EUROPE 3,16/07/2026,15:00,1/8-finals,Yelimay Semey (Kaz),GEwrHVl3,Alashkert (Arm),lpzQXDLF,False,2,3,2,1.0,0.0,3.0,3.0,"[1, 2, 3, 4, 5, 6, 7, 11, 96]","[1, 2, 3, 4, 4, 5, 6, 7, 120]",bet365,4.5,2.05,2.4,bet365,4.0,2.38,2.25,bet365,3.9,3.2,1.83,bet365,1.44,2.63,bet365,3.25,1.33,bet365,7.5,1.07,bet365,1.29,3.5,bet365,2.38,1.53,bet365,5.5,1.14,bet365,1.07,7.5,bet365,1.36,3.0,bet365,2.2,1.65,bet365,4.0,1.22,bet365,7.5,1.07,bet365,2.0,1.73,bet365,5.5,1.14,bet365,4.0,1.22,bet365,1.8,1.29,1.18,bet365,1.53,1.73,1.17,SeguroBet,1.58,1.52,1.19,bet365,3.0,1.36,Esportivabet,2.71,1.4,Betano.br,2.57,1.44,bet365,2.88,15.0,41.0,4.75,4.75,8.5,29.0,17.0,7.0,bet365,2.0,1.85,bet365,2.1,1.73,bet365,2.0,1.73,bet365,8.0,bet365,6.5,bet365,10.0,bet365,6.5,bet365,8.0,bet365,21.0,bet365,9.5,bet365,15.0,bet365,17.0,bet365,15.0,bet365,41.0,bet365,17.0,bet365,41.0,bet365,34.0,bet365,41.0,,0.0,0.0,,0.0,0.0,1xBet.br,10.0,1.01,bet365,7.0,1.1,bet365,3.9,1.24,bet365,1.9,1.9,bet365,1.45,2.68,bet365,1.3,3.45,bet365,1.11,6.6,bet365,1.1,7.0,bet365,0.0,11.0,17.0,bet365,26.0,5.5,7.0,bet365,9.5,3.6,3.4,bet365,1.8,5.5,1.18,bet365,1.29,13.0,1.05,bet365,1.08,0.0,0.0,,,,,,,,,,,0.49,0.51,,,,,,,,,,,12.0,21.0,5.0,6.0,3.0,8.0,4.0,7.0,,,,,,,,,,,8.0,12.0,16.0,16.0,41.0,30.0,15.0,17.0,3.0,3.0,,,2.0,2.0,,,,,,,,,,,,,,,,,,,,,,,,,0.48,0.52,,,,,,,,,,,3.0,9.0,2.0,2.0,0.0,4.0,1.0,3.0,,,,,,,,,,,2.0,8.0,4.0,5.0,22.0,12.0,3.0,4.0,1.0,0.0,,,1.0,0.0,,,,,,,,,,,,,,,,,,,,,,,,,0.46,0.54,,,,,,,,,,,4.0,8.0,0.0,2.0,2.0,2.0,2.0,4.0,,,,,,,,,,,3.0,4.0,8.0,8.0,11.0,12.0,7.0,8.0,2.0,2.0,,,1.0,1.0,,,,,,,,,,,,,,
vN8LYgUI,EUROPE,2026/2027,EUROPE 3,Conference League,GfRbsVWM,EUROPE 3,16/07/2026,15:00,1/8-finals,Inter Turku (Fin),QwkNUoNH,FK Sarajevo (Bih),MNOCxFD0,False,2,1,2,1.0,1.0,3.0,2.0,"[58, 87]",[22],bet365,5.0,2.3,2.1,bet365,4.5,2.63,1.91,bet365,4.5,3.8,1.57,bet365,1.33,3.25,bet365,2.63,1.44,bet365,6.0,1.11,bet365,1.22,4.0,bet365,2.0,1.73,bet365,4.33,1.2,bet365,1.01,12.0,bet365,1.25,3.75,bet365,1.8,2.0,bet365,3.0,1.36,bet365,5.0,1.14,bet365,1.83,1.83,bet365,4.5,1.18,bet365,3.5,1.29,bet365,2.15,1.18,1.13,bet365,1.67,1.57,1.14,Sportingbet.br,1.78,1.41,1.17,bet365,3.75,1.25,Brasildasorte,3.33,1.28,Betano.br,3.1,1.32,bet365,2.4,17.0,41.0,4.5,6.0,11.0,23.0,17.0,8.5,bet365,1.93,1.93,bet365,2.1,1.73,bet365,1.91,1.8,bet365,12.0,bet365,7.5,bet365,13.0,bet365,8.0,bet365,8.0,bet365,26.0,bet365,8.5,bet365,15.0,bet365,17.0,bet365,12.0,bet365,51.0,bet365,13.0,bet365,41.0,bet365,26.0,bet365,41.0,,0.0,0.0,,0.0,0.0,SeguroBet,9.3,1.03,bet365,7.0,1.1,bet365,4.5,1.19,bet365,2.25,1.63,bet365,1.75,2.05,bet365,1.48,2.6,bet365,1.22,4.15,bet365,1.16,5.25,bet365,0.0,7.5,10.0,bet365,29.0,4.75,4.75,bet365,10.0,3.6,2.6,bet365,2.15,6.5,1.13,bet365,1.44,15.0,1.04,bet365,1.14,0.0,0.0,,,,,,,,,,,0.59,0.41,,,,,,,,,,,11.0,12.0,3.0,3.0,7.0,5.0,1.0,4.0,,,,,,,,,,,4.0,3.0,14.0,15.0,23.0,22.0,15.0,11.0,1.0,1.0,,,1.0,3.0,,,,,,,,,,,,,,,,,,,,,,,,,0.6,0.4,,,,,,,,,,,4.0,7.0,1.0,2.0,3.0,2.0,0.0,3.0,,,,,,,,,,,1.0,2.0,6.0,6.0,11.0,12.0,5.0,3.0,,,,,1.0,3.0,,,,,,,,,,,,,,,,,,,,,,,,,0.58,0.42,,,,,,,,,,,7.0,5.0,2.0,1.0,4.0,3.0,1.0,1.0,,,,,,,,,,,3.0,1.0,8.0,9.0,12.0,10.0,10.0,8.0,1.0,1.0,,,0.0,0.0,,,,,,,,,,,,,,
dIqmTCzq,EUROPE,2026/2027,EUROPE 3,Conference League,GfRbsVWM,EUROPE 3,15/07/2026,14:30,1/8-finals,Malisheva (Kos),jR3PSENN,Vllaznia (Alb),0OGo7WXG,False,5,0,2,1.0,2.0,6.0,2.0,"[34, 45, 52, 57, 89]",[],bet365,4.33,2.3,2.25,bet365,4.0,2.63,2.1,bet365,4.0,3.75,1.67,bet365,1.33,3.25,bet365,2.5,1.5,bet365,6.0,1.11,bet365,1.2,4.33,bet365,1.91,1.8,bet365,4.0,1.22,bet365,1.04,9.0,bet365,1.22,4.0,bet365,1.73,2.08,bet365,2.75,1.4,bet365,5.0,1.14,bet365,1.73,2.0,bet365,4.33,1.2,bet365,3.25,1.33,bet365,2.0,1.2,1.17,bet365,1.57,1.57,1.2,Betano.br,1.7,1.42,1.23,bet365,3.25,1.33,Novibet,2.95,1.34,Betano.br,2.75,1.4,bet365,2.63,17.0,41.0,4.75,6.5,9.5,21.0,17.0,6.5,bet365,1.88,1.98,bet365,2.1,1.73,bet365,1.91,1.8,bet365,13.0,bet365,7.5,bet365,13.0,bet365,7.5,bet365,9.5,bet365,23.0,bet365,8.0,bet365,15.0,bet365,15.0,bet365,15.0,bet365,41.0,bet365,15.0,bet365,34.0,bet365,21.0,bet365,34.0,,0.0,0.0,,0.0,0.0,bet365,6.8,1.11,bet365,7.0,1.1,bet365,4.1,1.23,bet365,2.1,1.7,bet365,1.6,2.3,bet365,1.38,3.0,bet365,1.16,5.25,bet365,1.13,6.0,bet365,0.0,8.5,12.0,bet365,23.0,5.0,5.5,bet365,8.5,3.4,3.0,bet365,2.0,6.0,1.17,bet365,1.33,13.0,1.06,bet365,1.09,0.0,0.0,,,,,,,,,,,0.55,0.45,,,,,,,,,,,17.0,5.0,12.0,2.0,4.0,1.0,1.0,2.0,,,,,,,,,,,6.0,5.0,12.0,15.0,28.0,33.0,13.0,10.0,4.0,3.0,,,2.0,0.0,,,,,,,,,,,,,,,,,,,,,,,,,0.58,0.42,,,,,,,,,,,9.0,1.0,7.0,1.0,1.0,0.0,1.0,0.0,,,,,,,,,,,3.0,3.0,5.0,10.0,16.0,14.0,10.0,4.0,2.0,2.0,,,0.0,0.0,,,,,,,,,,,,,,,,,,,,,,,,,0.52,0.48,,,,,,,,,,,8.0,4.0,5.0,1.0,3.0,1.0,0.0,2.0,,,,,,,,,,,3.0,2.0,7.0,5.0,12.0,19.0,3.0,6.0,2.0,1.0,,,2.0,0.0,,,,,,,,,,,,,,
KbgF9Rwg,EUROPE,2026/2027,EUROPE 3,Conference League,GfRbsVWM,EUROPE 3,16/07/2026,16:00,1/8-finals,St Josephs (Gib),Gh9HoULa,Bohemians (Irl),zHEZJ8Wc,False,0,0,2,0.0,2.0,0.0,2.0,[],[],bet365,2.2,2.3,4.5,bet365,2.0,2.63,4.0,bet365,1.7,3.5,4.2,bet365,1.33,3.25,bet365,2.5,1.5,bet365,5.5,1.13,bet365,1.2,4.33,bet365,1.83,1.83,bet365,3.75,1.25,bet365,1.01,13.0,bet365,1.2,4.33,bet365,1.7,2.1,bet365,2.63,1.44,bet365,4.5,1.17,bet365,1.67,2.1,bet365,4.33,1.2,bet365,3.25,1.33,bet365,1.17,1.22,1.95,bet365,1.17,1.57,1.62,Sportingbet.br,1.2,1.41,1.73,bet365,1.3,3.4,Casadeapostas,1.34,2.85,Betano.br,1.39,2.8,bet365,7.0,15.0,23.0,9.5,6.5,4.75,34.0,15.0,2.6,bet365,2.03,1.83,bet365,2.0,1.8,bet365,1.91,1.8,bet365,13.0,bet365,15.0,bet365,8.5,bet365,7.0,bet365,23.0,bet365,9.0,bet365,15.0,bet365,9.0,bet365,13.0,bet365,51.0,bet365,13.0,bet365,29.0,bet365,13.0,bet365,41.0,bet365,23.0,bet365,5.75,1.14,bet365,4.65,1.18,bet365,2.85,1.4,bet365,2.25,1.63,bet365,1.73,2.08,bet365,1.21,4.25,1xBet.br,1.1,7.2,1xBet.br,1.06,8.8,,0.0,0.0,,0.0,0.0,bet365,11.0,0.0,0.0,bet365,5.5,13.0,23.0,bet365,2.75,6.5,8.5,bet365,1.17,3.75,1.95,bet365,1.06,5.0,1.4,bet365,0.0,8.0,1.11,,,,,,,,,,,0.47,0.53,,,,,,,,,,,13.0,11.0,1.0,1.0,4.0,5.0,8.0,5.0,,,,,,,,,,,6.0,5.0,16.0,21.0,24.0,20.0,21.0,11.0,3.0,4.0,1.0,0.0,1.0,6.0,,,,,,,,,,,,,,,,,,,,,,,,,0.48,0.52,,,,,,,,,,,5.0,4.0,0.0,1.0,2.0,2.0,3.0,1.0,,,,,,,,,,,2.0,4.0,5.0,12.0,11.0,7.0,14.0,5.0,1.0,0.0,,,0.0,0.0,,,,,,,,,,,,,,,,,,,,,,,,,0.46,0.54,,,,,,,,,,,8.0,7.0,1.0,0.0,2.0,3.0,5.0,4.0,,,,,,,,,,,4.0,1.0,11.0,9.0,13.0,13.0,7.0,6.0,2.0,4.0,1.0,0.0,1.0,6.0,,,,,,,,,,,,,,
t6ZZYs74,EUROPE,2026/2027,EUROPE 3,Conference League,GfRbsVWM,EUROPE 3,16/07/2026,17:00,1/8-finals,FC Santa Coloma (And),v1MelMDR,Penybont (Wal),zym4viel,False,3,0,2,1.0,0.0,4.0,0.0,"[20, 58, 82]",[],bet365,7.0,2.1,2.05,bet365,6.0,2.4,1.91,bet365,5.75,3.6,1.5,bet365,1.5,2.5,bet365,3.4,1.3,bet365,8.0,1.06,bet365,1.33,3.25,bet365,2.5,1.5,bet365,6.0,1.13,bet365,1.07,7.5,bet365,1.4,2.75,bet365,2.3,1.6,bet365,4.33,1.2,bet365,8.0,1.06,bet365,2.5,1.5,bet365,7.0,1.1,bet365,5.0,1.17,bet365,2.3,1.22,1.1,bet365,1.73,1.67,1.08,Betano.br,1.8,1.47,1.14,bet365,4.5,1.17,Sportingbet.br,3.75,1.23,Betano.br,3.55,1.25,bet365,2.3,19.0,51.0,4.0,5.0,12.0,29.0,21.0,11.0,bet365,1.95,1.9,bet365,2.2,1.67,bet365,2.0,1.73,bet365,7.5,bet365,5.0,bet365,12.0,bet365,8.0,bet365,6.0,bet365,34.0,bet365,9.5,bet365,21.0,bet365,26.0,bet365,10.0,bet365,81.0,bet365,17.0,bet365,51.0,bet365,41.0,bet365,67.0,,0.0,0.0,,0.0,0.0,SeguroBet,10.0,1.02,SeguroBet,9.7,1.02,bet365,5.9,1.13,bet365,2.42,1.53,bet365,1.85,1.95,bet365,1.5,2.5,bet365,1.22,4.15,bet365,1.16,5.25,bet365,0.0,7.5,11.0,bet365,51.0,4.33,5.0,bet365,17.0,3.4,2.5,bet365,2.3,7.0,1.1,bet365,1.44,23.0,1.02,bet365,1.13,0.0,0.0,,,,,,,,,,,0.57,0.43,,,,,,,,,,,13.0,3.0,6.0,1.0,4.0,2.0,3.0,0.0,,,,,,,,,,,4.0,4.0,15.0,20.0,9.0,14.0,16.0,15.0,2.0,3.0,0.0,1.0,4.0,1.0,,,,,,,,,,,,,,,,,,,,,,,,,0.49,0.51,,,,,,,,,,,5.0,2.0,2.0,1.0,2.0,1.0,1.0,0.0,,,,,,,,,,,1.0,3.0,8.0,10.0,6.0,9.0,11.0,8.0,1.0,2.0,0.0,1.0,0.0,0.0,,,,,,,,,,,,,,,,,,,,,,,,,0.65,0.35,,,,,,,,,,,8.0,1.0,4.0,0.0,2.0,1.0,2.0,0.0,,,,,,,,,,,3.0,1.0,7.0,10.0,3.0,5.0,5.0,7.0,1.0,1.0,,,4.0,1.0,,,,,,,,,,,,,,
voZ2FdAE,EUROPE,2026/2027,EUROPE 3,Conference League,GfRbsVWM,EUROPE 3,16/07/2026,16:00,1/8-finals,Pyunik Yerevan (Arm),SGwIMoNO,Marsaxlokk (Mlt),6LJg5A2T,False,1,0,2,3.0,0.0,4.0,0.0,[80],[],bet365,10.0,2.63,1.57,bet365,8.5,3.2,1.44,bet365,9.0,6.5,1.2,bet365,1.29,3.5,bet365,2.25,1.57,bet365,4.5,1.17,bet365,1.17,5.0,bet365,1.8,1.91,bet365,3.5,1.29,bet365,1.02,11.0,bet365,1.17,4.5,bet365,1.57,2.35,bet365,2.38,1.53,bet365,4.0,1.22,bet365,2.25,1.57,bet365,6.0,1.13,bet365,4.33,1.2,bet365,3.75,1.07,1.04,bet365,2.25,1.44,1.03,Sportingbet.br,2.55,1.28,1.07,bet365,7.5,1.07,Sportingbet.br,5.75,1.11,Betano.br,6.2,1.09,bet365,1.67,23.0,51.0,3.75,9.0,21.0,21.0,26.0,21.0,bet365,1.88,1.98,bet365,2.0,1.8,bet365,1.91,1.8,bet365,17.0,bet365,7.5,bet365,23.0,bet365,13.0,bet365,6.0,bet365,51.0,bet365,10.0,bet365,29.0,bet365,29.0,bet365,7.0,bet365,126.0,bet365,12.0,bet365,67.0,bet365,34.0,bet365,67.0,,0.0,0.0,,0.0,0.0,,0.0,0.0,,0.0,0.0,SeguroBet,9.3,1.03,bet365,4.1,1.23,bet365,3.3,1.33,bet365,2.2,1.65,bet365,1.73,2.08,bet365,1.48,2.6,bet365,0.0,5.0,4.5,bet365,51.0,4.0,2.5,bet365,26.0,4.0,1.62,bet365,3.75,12.0,1.04,bet365,2.2,26.0,1.02,bet365,1.44,0.0,0.0,,,,,,,,,,,0.68,0.32,,,,,,,,,,,17.0,5.0,4.0,1.0,9.0,2.0,4.0,2.0,,,,,,,,,,,9.0,4.0,8.0,16.0,18.0,13.0,17.0,7.0,2.0,3.0,0.0,1.0,0.0,1.0,,,,,,,,,,,,,,,,,,,,,,,,,0.75,0.25,,,,,,,,,,,9.0,2.0,1.0,1.0,6.0,0.0,2.0,1.0,,,,,,,,,,,3.0,1.0,5.0,11.0,8.0,6.0,11.0,3.0,1.0,1.0,0.0,1.0,0.0,0.0,,,,,,,,,,,,,,,,,,,,,,,,,0.6,0.4,,,,,,,,,,,8.0,3.0,3.0,0.0,3.0,2.0,2.0,1.0,,,,,,,,,,,6.0,3.0,3.0,5.0,10.0,7.0,6.0,4.0,1.0,2.0,,,0.0,1.0,,,,,,,,,,,,,,
YuWRz4xh,EUROPE,2026/2027,EUROPE 3,Conference League,GfRbsVWM,EUROPE 3,09/07/2026,18:45,1/8-finals,Penybont (Wal),zym4viel,FC Santa Coloma (And),v1MelMDR,True,0,1,1,,,,,[52],[16],bet365,3.6,2.1,2.88,bet365,3.25,2.4,2.5,bet365,2.8,3.5,2.15,bet365,1.4,2.75,bet365,3.0,1.36,bet365,7.0,1.08,bet365,1.25,3.75,bet365,2.2,1.62,bet365,5.0,1.17,bet365,1.05,8.5,bet365,1.33,3.25,bet365,2.05,1.75,bet365,3.5,1.29,bet365,6.5,1.1,bet365,1.83,1.83,bet365,5.0,1.17,bet365,3.75,1.25,bet365,1.57,1.22,1.33,bet365,1.4,1.67,1.29,Sportingbet.br,1.46,1.49,1.3,bet365,2.2,1.62,Betnacional,2.14,1.61,Betnacional,2.12,1.62,bet365,5.0,15.0,29.0,7.0,5.0,5.5,34.0,15.0,3.5,bet365,1.93,1.93,bet365,2.1,1.73,bet365,2.0,1.73,bet365,10.0,bet365,8.5,bet365,7.5,bet365,7.0,bet365,15.0,bet365,10.0,bet365,11.0,bet365,9.5,bet365,17.0,bet365,29.0,bet365,21.0,bet365,26.0,bet365,19.0,bet365,34.0,bet365,29.0,SeguroBet,9.7,1.02,SeguroBet,10.3,1.02,bet365,6.4,1.12,bet365,5.5,1.15,bet365,2.85,1.4,bet365,1.68,2.15,bet365,1.33,3.3,bet365,1.22,4.15,bet365,1.1,7.0,1xBet.br,1.04,11.0,bet365,0.0,0.0,23.0,bet365,13.0,8.0,9.0,bet365,6.0,4.33,4.0,bet365,1.57,4.0,1.33,bet365,1.18,6.0,1.08,bet365,1.05,15.0,0.0,,,,,,,,,,,0.53,0.47,,,,,,,,,,,7.0,11.0,1.0,4.0,1.0,5.0,5.0,2.0,,,,,,,,,,,3.0,2.0,10.0,19.0,20.0,15.0,21.0,12.0,1.0,1.0,,,2.0,0.0,,,,,,,,,,,,,,,,,,,,,,,,,0.41,0.59,,,,,,,,,,,5.0,9.0,0.0,4.0,1.0,4.0,4.0,1.0,,,,,,,,,,,1.0,1.0,2.0,9.0,10.0,10.0,7.0,2.0,,,,,2.0,0.0,,,,,,,,,,,,,,,,,,,,,,,,,0.65,0.35,,,,,,,,,,,2.0,2.0,1.0,0.0,0.0,1.0,1.0,1.0,,,,,,,,,,,2.0,1.0,8.0,10.0,10.0,5.0,14.0,10.0,1.0,1.0,,,0.0,0.0,,,,,,,,,,,,,,
vcuzvUl1,EUROPE,2026/2027,EUROPE 3,Conference League,GfRbsVWM,EUROPE 3,15/07/2026,18:30,1/8-finals,Decic (Mne),C4y4FWqt,FK Liepaja (Lat),nym30tD6,False,1,2,2,0.0,1.0,1.0,3.0,[12],"[45, 61]",bet365,3.1,2.1,3.2,bet365,2.88,2.4,2.88,bet365,2.38,3.4,2.6,bet365,1.4,2.75,bet365,3.0,1.36,bet365,7.0,1.08,bet365,1.25,3.75,bet365,2.2,1.62,bet365,5.0,1.17,bet365,1.03,10.0,bet365,1.33,3.25,bet365,2.0,1.8,bet365,3.5,1.29,bet365,6.5,1.1,bet365,1.8,1.91,bet365,4.5,1.18,bet365,3.5,1.29,bet365,1.4,1.25,1.5,bet365,1.36,1.67,1.36,Betano.br,1.38,1.5,1.4,bet365,1.8,1.91,LuvaBet,1.8,1.9,Betano.br,1.82,1.9,bet365,4.0,15.0,29.0,6.0,5.5,6.5,29.0,15.0,4.33,bet365,1.9,1.95,bet365,2.1,1.73,bet365,2.0,1.73,bet365,10.0,bet365,7.5,bet365,9.0,bet365,7.0,bet365,13.0,bet365,13.0,bet365,9.5,bet365,11.0,bet365,15.0,bet365,26.0,bet365,26.0,bet365,21.0,bet365,21.0,bet365,29.0,bet365,34.0,SeguroBet,9.0,1.03,1xBet.br,9.4,1.02,bet365,5.25,1.16,bet365,4.15,1.22,bet365,2.38,1.55,bet365,1.48,2.6,bet365,1.2,4.4,bet365,1.15,5.5,1xBet.br,1.01,9.7,1xBet.br,1.01,9.7,bet365,29.0,17.0,29.0,bet365,11.0,7.5,12.0,bet365,5.0,3.75,5.0,bet365,1.4,4.33,1.5,bet365,1.11,7.5,1.13,bet365,1.04,17.0,1.04,,,,,,,,,,,0.59,0.41,,,,,,,,,,,17.0,10.0,7.0,4.0,3.0,3.0,7.0,3.0,,,,,,,,,,,11.0,1.0,14.0,11.0,32.0,19.0,12.0,14.0,2.0,3.0,,,1.0,0.0,,,,,,,,,,,,,,,,,,,,,,,,,0.59,0.41,,,,,,,,,,,9.0,5.0,5.0,2.0,0.0,2.0,4.0,1.0,,,,,,,,,,,4.0,0.0,4.0,6.0,16.0,8.0,6.0,4.0,2.0,0.0,,,0.0,0.0,,,,,,,,,,,,,,,,,,,,,,,,,0.59,0.41,,,,,,,,,,,8.0,5.0,2.0,2.0,3.0,1.0,3.0,2.0,,,,,,,,,,,7.0,1.0,10.0,5.0,16.0,11.0,6.0,10.0,0.0,3.0,,,1.0,0.0,,,,,,,,,,,,,,
2uEseSOa,EUROPE,2026/2027,EUROPE 3,Conference League,GfRbsVWM,EUROPE 3,14/07/2026,19:00,1/8-finals,La Fiorita (San),2BZasmEM,UNA Strassen (Lux),jB6Sq2yc,False,0,2,2,0.0,1.0,0.0,3.0,[],"[8, 38]",bet365,2.05,2.1,7.0,bet365,1.83,2.5,6.0,bet365,1.5,3.6,5.75,bet365,1.44,2.63,bet365,3.25,1.33,bet365,7.5,1.07,bet365,1.29,3.5,bet365,2.38,1.53,bet365,5.5,1.14,bet365,1.06,8.0,bet365,1.36,3.0,bet365,2.15,1.67,bet365,3.75,1.25,bet365,7.0,1.08,bet365,2.25,1.57,bet365,6.5,1.11,bet365,4.5,1.18,bet365,1.1,1.22,2.3,bet365,1.08,1.67,1.73,SeguroBet,1.12,1.49,1.8,bet365,1.17,4.5,Sportingbet.br,1.21,3.9,Betano.br,1.24,3.65,bet365,11.0,21.0,29.0,11.0,5.5,4.0,51.0,19.0,2.25,bet365,1.98,1.88,bet365,2.1,1.73,bet365,2.0,1.73,bet365,8.0,bet365,13.0,bet365,5.5,bet365,8.0,bet365,34.0,bet365,6.0,bet365,21.0,bet365,9.5,bet365,23.0,bet365,81.0,bet365,10.0,bet365,51.0,bet365,15.0,bet365,51.0,bet365,34.0,bet365,5.0,1.17,bet365,4.0,1.23,bet365,2.5,1.5,bet365,1.93,1.88,bet365,1.53,2.42,bet365,1.13,5.9,1xBet.br,1.01,10.0,SeguroBet,1.02,9.4,,0.0,0.0,,0.0,0.0,bet365,10.0,0.0,0.0,bet365,4.75,23.0,41.0,bet365,2.4,7.0,17.0,bet365,1.1,3.5,2.3,bet365,1.02,4.33,1.5,bet365,0.0,7.0,1.14,,,,,,,,,,,0.38,0.62,,,,,,,,,,,2.0,19.0,0.0,6.0,2.0,9.0,0.0,4.0,,,,,,,,,,,2.0,7.0,11.0,11.0,10.0,17.0,7.0,6.0,3.0,0.0,,,1.0,0.0,,,,,,,,,,,,,,,,,,,,,,,,,0.43,0.57,,,,,,,,,,,1.0,9.0,0.0,3.0,1.0,5.0,0.0,1.0,,,,,,,,,,,2.0,2.0,6.0,4.0,5.0,9.0,1.0,4.0,1.0,0.0,,,1.0,0.0,,,,,,,,,,,,,,,,,,,,,,,,,0.33,0.67,,,,,,,,,,,1.0,10.0,0.0,3.0,1.0,4.0,0.0,3.0,,,,,,,,,,,0.0,5.0,5.0,7.0,5.0,8.0,6.0,2.0,2.0,0.0,,,0.0,0.0,,,,,,,,,,,,,,
M73yuGY1,EUROPE,2026/2027,EUROPE 3,Conference League,GfRbsVWM,EUROPE 3,16/07/2026,16:30,1/8-finals,RFS (Lat),Midjg0YH,Glentoran (Nir),Uax8a0SC,False,2,0,2,2.0,1.0,4.0,1.0,"[5, 61]",[],bet365,6.5,2.6,1.73,bet365,6.0,3.0,1.62,bet365,5.5,5.5,1.36,bet365,1.25,3.75,bet365,2.2,1.62,bet365,4.5,1.17,bet365,1.17,5.0,bet365,1.8,1.91,bet365,3.5,1.29,bet365,1.0,19.0,bet365,1.17,4.5,bet365,1.53,2.38,bet365,2.38,1.53,bet365,4.0,1.22,bet365,1.83,1.83,bet365,4.33,1.2,bet365,3.4,1.3,bet365,2.75,1.1,1.1,bet365,2.0,1.5,1.1,Sportingbet.br,2.2,1.31,1.1,bet365,4.5,1.17,BateuBet,4.5,1.15,Betano.br,4.3,1.18,bet365,1.91,19.0,34.0,4.33,8.0,13.0,21.0,21.0,12.0,bet365,1.85,2.0,bet365,2.0,1.8,bet365,1.83,1.83,bet365,19.0,bet365,8.5,bet365,17.0,bet365,11.0,bet365,7.5,bet365,41.0,bet365,9.0,bet365,17.0,bet365,21.0,bet365,9.5,bet365,67.0,bet365,11.0,bet365,41.0,bet365,23.0,bet365,41.0,,0.0,0.0,,0.0,0.0,SeguroBet,10.3,1.02,SeguroBet,10.3,1.02,bet365,5.75,1.14,bet365,3.0,1.38,bet365,2.38,1.55,bet365,1.8,2.0,bet365,1.45,2.68,bet365,1.33,3.3,bet365,0.0,5.5,6.0,bet365,41.0,4.33,3.2,bet365,15.0,4.0,1.95,bet365,2.75,7.0,1.1,bet365,1.73,21.0,1.02,bet365,1.3,0.0,0.0,,,,,,,,,,,0.56,0.44,,,,,,,,,,,10.0,6.0,3.0,2.0,4.0,2.0,3.0,2.0,,,,,,,,,,,5.0,2.0,14.0,13.0,23.0,24.0,15.0,13.0,1.0,4.0,,,0.0,2.0,,,,,,,,,,,,,,,,,,,,,,,,,0.6,0.4,,,,,,,,,,,5.0,4.0,1.0,1.0,3.0,2.0,1.0,1.0,,,,,,,,,,,2.0,0.0,8.0,6.0,8.0,11.0,7.0,7.0,1.0,1.0,,,0.0,2.0,,,,,,,,,,,,,,,,,,,,,,,,,0.52,0.48,,,,,,,,,,,5.0,2.0,2.0,1.0,1.0,0.0,2.0,1.0,,,,,,,,,,,3.0,2.0,6.0,7.0,15.0,13.0,8.0,6.0,0.0,3.0,,,0.0,0.0,,,,,,,,,,,,,,
Es0Ttx4k,EUROPE,2026/2027,EUROPE 3,Conference League,GfRbsVWM,EUROPE 3,09/07/2026,18:30,1/8-finals,Glentoran (Nir),Uax8a0SC,RFS (Lat),Midjg0YH,False,1,2,1,,,,,[38],"[45, 70]",bet365,4.5,2.38,2.2,bet365,4.0,2.75,2.0,bet365,4.33,3.6,1.65,bet365,1.3,3.4,bet365,2.38,1.53,bet365,5.0,1.14,bet365,1.18,4.5,bet365,1.83,1.83,bet365,3.75,1.25,bet365,1.04,9.0,bet365,1.2,4.33,bet365,1.7,2.1,bet365,2.63,1.44,bet365,4.5,1.17,bet365,1.67,2.1,bet365,4.0,1.22,bet365,3.0,1.36,bet365,2.1,1.22,1.14,bet365,1.62,1.53,1.17,Betano.br,1.75,1.4,1.21,bet365,3.5,1.29,Betnacional,3.43,1.25,Betnacional,3.32,1.27,bet365,7.0,17.0,21.0,9.5,6.5,4.75,34.0,15.0,2.5,bet365,2.0,1.85,bet365,2.0,1.8,bet365,1.91,1.8,bet365,15.0,bet365,17.0,bet365,9.0,bet365,7.5,bet365,26.0,bet365,9.0,bet365,15.0,bet365,8.5,bet365,13.0,bet365,51.0,bet365,13.0,bet365,34.0,bet365,13.0,bet365,34.0,bet365,21.0,,0.0,0.0,,0.0,0.0,1xBet.br,10.0,1.01,1xBet.br,9.3,1.02,bet365,4.25,1.21,bet365,2.1,1.7,bet365,1.65,2.2,bet365,1.43,2.75,bet365,1.19,4.5,bet365,1.15,5.5,bet365,0.0,0.0,10.0,bet365,23.0,15.0,5.0,bet365,9.0,6.5,2.63,bet365,2.1,3.75,1.14,bet365,1.4,4.75,1.05,bet365,1.13,8.0,0.0,,,,,,,,,,,0.4,0.6,,,,,,,,,,,7.0,11.0,3.0,2.0,4.0,7.0,0.0,2.0,,,,,,,,,,,3.0,6.0,14.0,16.0,23.0,25.0,10.0,7.0,3.0,3.0,,,0.0,1.0,,,,,,,,,,,,,,,,,,,,,,,,,0.3,0.7,,,,,,,,,,,5.0,4.0,1.0,1.0,4.0,2.0,0.0,1.0,,,,,,,,,,,1.0,5.0,6.0,6.0,11.0,13.0,5.0,2.0,1.0,0.0,,,0.0,1.0,,,,,,,,,,,,,,,,,,,,,,,,,0.5,0.5,,,,,,,,,,,2.0,7.0,2.0,1.0,0.0,5.0,0.0,1.0,,,,,,,,,,,2.0,1.0,8.0,10.0,12.0,12.0,5.0,5.0,2.0,3.0,,,0.0,0.0,,,,,,,,,,,,,,
A5Hkg6gC,EUROPE,2026/2027,EUROPE 3,Conference League,GfRbsVWM,EUROPE 3,09/07/2026,18:45,1/8-finals,Petrovac (Mne),fHIqASDH,Zalgiris (Ltu),fuLOijFI,False,1,3,1,,,,,[27],"[18, 58, 87]",bet365,4.0,2.05,2.63,bet365,3.75,2.38,2.4,bet365,3.2,3.4,1.95,bet365,1.44,2.63,bet365,3.25,1.33,bet365,7.5,1.07,bet365,1.3,3.4,bet365,2.38,1.53,bet365,6.0,1.13,bet365,1.06,8.0,bet365,1.36,3.0,bet365,2.15,1.67,bet365,4.0,1.22,bet365,7.0,1.08,bet365,2.0,1.73,bet365,5.5,1.14,bet365,4.0,1.22,bet365,1.7,1.25,1.29,bet365,1.44,1.73,1.22,Betano.br,1.55,1.52,1.24,bet365,2.5,1.5,Novibet,2.5,1.46,Betano.br,2.5,1.47,bet365,6.0,17.0,29.0,7.5,4.75,5.0,41.0,17.0,3.2,bet365,1.93,1.93,bet365,2.2,1.67,bet365,2.0,1.73,bet365,8.5,bet365,8.5,bet365,6.5,bet365,7.0,bet365,17.0,bet365,9.0,bet365,13.0,bet365,9.5,bet365,19.0,bet365,41.0,bet365,17.0,bet365,29.0,bet365,19.0,bet365,41.0,bet365,34.0,1xBet.br,12.0,1.03,1xBet.br,10.0,1.05,bet365,7.0,1.1,bet365,6.6,1.11,bet365,3.3,1.33,bet365,1.78,2.03,bet365,1.38,3.0,bet365,1.25,3.8,bet365,1.13,6.0,bet365,1.1,7.0,bet365,0.0,0.0,21.0,bet365,21.0,11.0,8.0,bet365,7.5,4.75,3.75,bet365,1.7,3.6,1.29,bet365,1.22,5.5,1.07,bet365,1.06,13.0,0.0,,,,,,,,,,,0.45,0.55,,,,,,,,,,,6.0,15.0,2.0,4.0,3.0,5.0,1.0,6.0,,,,,,,,,,,3.0,4.0,13.0,16.0,15.0,15.0,12.0,12.0,1.0,1.0,,,4.0,0.0,,,,,,,,,,,,,,,,,,,,,,,,,0.47,0.53,,,,,,,,,,,2.0,7.0,1.0,1.0,0.0,3.0,1.0,3.0,,,,,,,,,,,0.0,2.0,5.0,8.0,10.0,9.0,5.0,4.0,0.0,1.0,,,3.0,0.0,,,,,,,,,,,,,,,,,,,,,,,,,0.43,0.57,,,,,,,,,,,4.0,8.0,1.0,3.0,3.0,2.0,0.0,3.0,,,,,,,,,,,3.0,2.0,8.0,8.0,5.0,6.0,7.0,8.0,1.0,0.0,,,1.0,0.0,,,,,,,,,,,,,,
jJHFoLjA,EUROPE,2026/2027,EUROPE 3,Conference League,GfRbsVWM,EUROPE 3,09/07/2026,18:00,1/8-finals,Vllaznia (Alb),0OGo7WXG,Malisheva (Kos),jR3PSENN,False,2,1,1,,,,,"[37, 56]",[3],bet365,3.25,2.1,3.1,bet365,2.88,2.4,2.75,bet365,2.6,3.2,2.45,bet365,1.4,2.75,bet365,3.0,1.36,bet365,7.0,1.08,bet365,1.25,3.75,bet365,2.2,1.62,bet365,5.0,1.17,bet365,1.06,8.0,bet365,1.33,3.25,bet365,2.05,1.75,bet365,3.5,1.29,bet365,6.5,1.1,bet365,1.8,1.91,bet365,5.0,1.17,bet365,3.5,1.29,bet365,1.44,1.29,1.4,bet365,1.36,1.67,1.33,Betnacional,1.19,1.35,1.56,bet365,1.91,1.8,Betnacional,1.37,2.76,Betnacional,1.39,2.68,bet365,4.33,15.0,29.0,6.5,5.0,6.0,29.0,15.0,4.0,bet365,2.0,1.85,bet365,2.1,1.73,bet365,2.0,1.73,bet365,9.5,bet365,8.5,bet365,8.5,bet365,6.5,bet365,13.0,bet365,12.0,bet365,11.0,bet365,10.0,bet365,15.0,bet365,26.0,bet365,23.0,bet365,23.0,bet365,21.0,bet365,34.0,bet365,34.0,bet365,7.0,1.1,bet365,7.0,1.1,bet365,5.75,1.14,bet365,4.5,1.19,bet365,2.68,1.45,bet365,1.53,2.42,bet365,1.23,4.1,bet365,1.16,5.25,1xBet.br,1.02,9.1,1xBet.br,1.01,10.0,bet365,29.0,17.0,29.0,bet365,12.0,7.5,11.0,bet365,5.5,4.33,5.0,bet365,1.44,4.33,1.4,bet365,1.14,7.0,1.11,bet365,1.04,17.0,1.04,,,,,,,,,,,0.47,0.53,,,,,,,,,,,17.0,11.0,7.0,4.0,8.0,0.0,2.0,7.0,,,,,,,,,,,4.0,8.0,15.0,26.0,20.0,16.0,20.0,11.0,3.0,2.0,0.0,1.0,0.0,6.0,,,,,,,,,,,,,,,,,,,,,,,,,0.46,0.54,,,,,,,,,,,9.0,6.0,2.0,2.0,5.0,0.0,2.0,4.0,,,,,,,,,,,2.0,4.0,10.0,13.0,11.0,7.0,12.0,8.0,1.0,1.0,,,0.0,4.0,,,,,,,,,,,,,,,,,,,,,,,,,0.48,0.52,,,,,,,,,,,8.0,5.0,5.0,2.0,3.0,0.0,0.0,3.0,,,,,,,,,,,2.0,4.0,5.0,13.0,9.0,9.0,8.0,3.0,2.0,1.0,0.0,1.0,0.0,2.0,,,,,,,,,,,,,,
p2rBIMMN,EUROPE,2026/2027,EUROPE 3,Conference League,GfRbsVWM,EUROPE 3,09/07/2026,17:00,1/8-finals,Velez Mostar (Bih),Q7LPqcLQ,Milsami (Mda),2HA76NHc,False,1,1,1,,,,,[90],[54],bet365,2.4,2.05,4.75,bet365,2.2,2.3,4.33,bet365,1.8,3.6,3.8,bet365,1.5,2.5,bet365,3.4,1.3,bet365,8.0,1.06,bet365,1.3,3.4,bet365,2.5,1.5,bet365,6.0,1.13,bet365,1.06,8.0,bet365,1.4,2.75,bet365,2.25,1.62,bet365,4.33,1.2,bet365,8.0,1.06,bet365,2.2,1.62,bet365,6.0,1.13,bet365,4.33,1.2,bet365,1.18,1.22,1.83,bet365,1.17,1.73,1.53,Betano.br,1.2,1.53,1.6,bet365,1.36,3.0,Betnacional,1.32,2.99,Betnacional,1.34,2.89,bet365,2.88,17.0,41.0,4.5,4.75,8.5,29.0,17.0,7.0,bet365,1.9,1.95,bet365,2.2,1.67,bet365,2.0,1.73,bet365,8.0,bet365,6.0,bet365,9.0,bet365,7.5,bet365,7.5,bet365,19.0,bet365,9.5,bet365,15.0,bet365,21.0,bet365,15.0,bet365,41.0,bet365,17.0,bet365,41.0,bet365,34.0,bet365,41.0,bet365,7.0,1.1,bet365,6.4,1.12,bet365,3.45,1.3,bet365,2.6,1.48,bet365,1.83,1.98,bet365,1.25,3.8,SeguroBet,1.05,8.2,1xBet.br,1.02,9.3,,0.0,0.0,,0.0,0.0,bet365,19.0,11.0,0.0,bet365,7.0,5.0,26.0,bet365,3.25,3.5,9.5,bet365,1.18,5.0,1.83,bet365,1.05,13.0,1.29,bet365,0.0,0.0,1.08,,,,,,,,,,,0.63,0.37,,,,,,,,,,,9.0,9.0,3.0,3.0,2.0,5.0,4.0,1.0,,,,,,,,,,,9.0,2.0,16.0,18.0,34.0,19.0,18.0,18.0,4.0,3.0,,,2.0,0.0,,,,,,,,,,,,,,,,,,,,,,,,,0.62,0.38,,,,,,,,,,,5.0,4.0,1.0,1.0,2.0,3.0,2.0,0.0,,,,,,,,,,,6.0,1.0,6.0,9.0,14.0,13.0,9.0,6.0,0.0,2.0,,,1.0,0.0,,,,,,,,,,,,,,,,,,,,,,,,,0.64,0.36,,,,,,,,,,,4.0,5.0,2.0,2.0,0.0,2.0,2.0,1.0,,,,,,,,,,,3.0,1.0,10.0,9.0,20.0,6.0,9.0,12.0,4.0,1.0,,,1.0,0.0,,,,,,,,,,,,,,
lzi1oXDO,EUROPE,2026/2027,EUROPE 3,Conference League,GfRbsVWM,EUROPE 3,09/07/2026,17:00,1/8-finals,Din. Minsk (Blr),Wtzu8xF1,Sileks (Mkd),OOOcul3J,True,0,1,1,,,,,[],[42],bet365,1.91,2.25,7.5,bet365,1.73,2.6,6.5,bet365,1.38,4.5,5.75,bet365,1.4,2.75,bet365,3.0,1.36,bet365,7.0,1.08,bet365,1.29,3.5,bet365,2.25,1.57,bet365,5.5,1.14,bet365,1.05,8.5,bet365,1.33,3.25,bet365,2.0,1.8,bet365,3.5,1.29,bet365,6.5,1.1,bet365,2.5,1.5,bet365,6.5,1.11,bet365,5.0,1.17,bet365,1.1,1.13,2.75,bet365,1.07,1.57,1.8,Sportingbet.br,1.1,1.41,2.0,bet365,1.14,5.0,Sportingbet.br,1.18,4.4,Betano.br,1.18,4.35,bet365,2.05,21.0,41.0,4.0,6.0,13.0,26.0,21.0,13.0,bet365,1.88,1.98,bet365,2.1,1.73,bet365,1.91,1.8,bet365,10.0,bet365,5.5,bet365,13.0,bet365,10.0,bet365,5.5,bet365,34.0,bet365,9.5,bet365,21.0,bet365,29.0,bet365,8.5,bet365,81.0,bet365,15.0,bet365,51.0,bet365,41.0,bet365,51.0,bet365,4.0,1.23,bet365,3.3,1.33,bet365,2.2,1.65,bet365,1.65,2.2,bet365,1.4,2.85,bet365,1.13,6.0,SeguroBet,1.02,9.2,1xBet.br,1.02,8.7,,0.0,0.0,,0.0,0.0,bet365,8.0,6.5,0.0,bet365,4.0,4.0,51.0,bet365,2.1,3.5,17.0,bet365,1.1,7.5,2.75,bet365,1.02,21.0,1.62,bet365,0.0,0.0,1.2,,,,,,,,,,,0.6,0.4,,,,,,,,,,,9.0,8.0,0.0,2.0,6.0,5.0,3.0,1.0,,,,,,,,,,,3.0,3.0,15.0,17.0,25.0,28.0,17.0,15.0,2.0,4.0,,,6.0,1.0,,,,,,,,,,,,,,,,,,,,,,,,,0.6,0.4,,,,,,,,,,,2.0,6.0,0.0,2.0,1.0,3.0,1.0,1.0,,,,,,,,,,,2.0,2.0,6.0,6.0,11.0,11.0,6.0,5.0,1.0,0.0,,,5.0,1.0,,,,,,,,,,,,,,,,,,,,,,,,,0.6,0.4,,,,,,,,,,,7.0,2.0,0.0,0.0,5.0,2.0,2.0,0.0,,,,,,,,,,,1.0,1.0,9.0,11.0,14.0,17.0,11.0,10.0,1.0,4.0,,,1.0,0.0,,,,,,,,,,,,,,
CS8cvb0s,EUROPE,2026/2027,EUROPE 3,Conference League,GfRbsVWM,EUROPE 3,09/07/2026,17:30,1/8-finals,Caernarfon (Wal),CzgD4yW5,Levadia (Est),zNmMkSLj,False,0,5,1,,,,,[],"[15, 41, 45, 47, 64, 78]",bet365,4.0,2.4,2.2,bet365,4.0,2.75,2.0,bet365,4.0,3.5,1.7,bet365,1.29,3.5,bet365,2.25,1.57,bet365,5.0,1.14,bet365,1.17,5.0,bet365,1.73,2.0,bet365,3.4,1.3,bet365,1.01,15.0,bet365,1.17,4.5,bet365,1.57,2.35,bet365,2.25,1.57,bet365,4.0,1.22,bet365,1.57,2.25,bet365,3.75,1.25,bet365,2.75,1.4,bet365,1.95,1.22,1.17,bet365,1.62,1.53,1.22,Sportingbet.br,1.73,1.38,1.22,bet365,3.25,1.33,Betnacional,3.17,1.29,Betnacional,3.1,1.3,bet365,6.5,15.0,21.0,9.5,6.5,5.0,34.0,15.0,2.6,bet365,2.03,1.83,bet365,2.0,1.8,bet365,1.91,1.8,bet365,15.0,bet365,17.0,bet365,10.0,bet365,7.5,bet365,26.0,bet365,10.0,bet365,15.0,bet365,9.0,bet365,12.0,bet365,41.0,bet365,15.0,bet365,29.0,bet365,13.0,bet365,34.0,bet365,21.0,1xBet.br,12.5,1.01,1xBet.br,10.5,1.01,bet365,7.0,1.1,bet365,6.25,1.12,bet365,4.15,1.22,bet365,2.08,1.73,bet365,1.63,2.25,bet365,1.43,2.75,bet365,1.19,4.5,bet365,1.15,5.5,bet365,0.0,0.0,10.0,bet365,21.0,13.0,5.0,bet365,8.5,6.5,2.75,bet365,1.95,4.0,1.17,bet365,1.4,5.0,1.06,bet365,1.13,8.0,0.0,,,,,,,,,,,0.44,0.56,,,,,,,,,,,6.0,20.0,2.0,9.0,1.0,5.0,3.0,6.0,,,,,,,,,,,3.0,6.0,9.0,9.0,18.0,15.0,12.0,8.0,2.0,2.0,1.0,0.0,3.0,3.0,,,,,,,,,,,,,,,,,,,,,,,,,0.42,0.58,,,,,,,,,,,5.0,8.0,1.0,4.0,1.0,1.0,3.0,3.0,,,,,,,,,,,1.0,5.0,6.0,3.0,12.0,8.0,3.0,6.0,1.0,1.0,,,3.0,1.0,,,,,,,,,,,,,,,,,,,,,,,,,0.46,0.54,,,,,,,,,,,1.0,12.0,1.0,5.0,0.0,4.0,0.0,3.0,,,,,,,,,,,2.0,1.0,3.0,6.0,6.0,7.0,9.0,2.0,1.0,1.0,1.0,0.0,0.0,2.0,,,,,,,,,,,,,,
CCUI3ETh,EUROPE,2026/2027,EUROPE 3,Conference League,GfRbsVWM,EUROPE 3,09/07/2026,17:15,1/8-finals,Mondorf (Lux),YLIte97b,Dinamo Tbilisi (Geo),I7RM1rTm,False,1,2,1,,,,,[71],"[2, 19]",bet365,4.33,2.1,2.5,bet365,3.75,2.5,2.25,bet365,3.7,3.3,1.85,bet365,1.4,2.75,bet365,2.75,1.4,bet365,7.0,1.08,bet365,1.25,3.75,bet365,2.2,1.62,bet365,5.0,1.17,bet365,1.06,8.0,bet365,1.3,3.4,bet365,2.0,1.8,bet365,3.4,1.3,bet365,6.5,1.1,bet365,1.83,1.83,bet365,5.0,1.17,bet365,3.75,1.25,bet365,1.8,1.25,1.22,bet365,1.5,1.67,1.2,Betano.br,1.62,1.47,1.23,bet365,2.75,1.4,Betnacional,2.94,1.33,Betnacional,2.88,1.35,bet365,6.0,17.0,26.0,8.5,5.5,5.0,41.0,15.0,3.0,bet365,2.0,1.85,bet365,2.1,1.73,bet365,2.0,1.73,bet365,9.5,bet365,11.0,bet365,7.0,bet365,6.5,bet365,21.0,bet365,9.0,bet365,13.0,bet365,9.0,bet365,15.0,bet365,41.0,bet365,15.0,bet365,34.0,bet365,17.0,bet365,41.0,bet365,29.0,,0.0,0.0,,0.0,0.0,1xBet.br,10.0,1.05,1xBet.br,8.4,1.07,bet365,3.7,1.26,bet365,1.9,1.9,bet365,1.45,2.68,bet365,1.3,3.45,bet365,1.12,6.25,bet365,1.1,7.0,bet365,0.0,0.0,17.0,bet365,23.0,13.0,7.0,bet365,8.0,5.5,3.25,bet365,1.8,3.75,1.22,bet365,1.29,5.5,1.06,bet365,1.08,11.0,0.0,,,,,,,,,,,0.48,0.52,,,,,,,,,,,8.0,11.0,2.0,3.0,3.0,4.0,3.0,4.0,,,,,,,,,,,4.0,6.0,12.0,12.0,23.0,18.0,12.0,10.0,2.0,1.0,,,1.0,3.0,,,,,,,,,,,,,,,,,,,,,,,,,0.53,0.47,,,,,,,,,,,2.0,3.0,1.0,2.0,1.0,1.0,0.0,0.0,,,,,,,,,,,2.0,4.0,9.0,3.0,13.0,9.0,2.0,6.0,1.0,1.0,,,1.0,3.0,,,,,,,,,,,,,,,,,,,,,,,,,0.43,0.57,,,,,,,,,,,6.0,8.0,1.0,1.0,2.0,3.0,3.0,4.0,,,,,,,,,,,2.0,2.0,3.0,9.0,10.0,9.0,10.0,4.0,1.0,0.0,,,0.0,0.0,,,,,,,,,,,,,,
82bw4N7U,EUROPE,2026/2027,EUROPE 3,Conference League,GfRbsVWM,EUROPE 3,09/07/2026,16:00,1/8-finals,Dila Gori (Geo),2kvaMIqb,Virtus (San),hARcOLbq,False,3,1,1,,,,,"[8, 14, 68]",[3],bet365,1.44,2.88,13.0,bet365,1.33,3.5,12.0,bet365,1.14,6.5,17.0,bet365,1.25,3.75,bet365,2.1,1.67,bet365,4.5,1.17,bet365,1.14,5.5,bet365,1.73,2.0,bet365,3.25,1.33,bet365,1.02,10.5,bet365,1.14,5.0,bet365,1.5,2.5,bet365,2.2,1.62,bet365,3.75,1.25,bet365,2.5,1.5,bet365,6.5,1.11,bet365,4.5,1.18,bet365,1.0,1.1,5.0,bet365,1.01,1.4,2.63,Sportingbet.br,1.04,1.25,2.9,bet365,1.03,10.0,LuvaBet,1.04,8.0,Betano.br,1.05,7.6,bet365,1.53,26.0,51.0,4.0,10.0,26.0,21.0,29.0,29.0,bet365,1.98,1.88,bet365,2.0,1.8,bet365,1.91,1.8,bet365,15.0,bet365,8.5,bet365,34.0,bet365,13.0,bet365,6.0,bet365,67.0,bet365,12.0,bet365,41.0,bet365,34.0,bet365,6.5,bet365,151.0,bet365,12.0,bet365,101.0,bet365,41.0,bet365,101.0,bet365,2.15,1.68,bet365,1.7,2.1,bet365,1.45,2.68,bet365,1.21,4.25,bet365,1.16,5.25,bet365,1.14,5.75,1xBet.br,1.03,12.5,1xBet.br,1.02,13.5,,0.0,0.0,,0.0,0.0,bet365,3.5,4.5,0.0,bet365,2.1,4.0,51.0,bet365,1.44,4.5,41.0,bet365,1.0,19.0,5.0,bet365,1.01,26.0,2.5,bet365,0.0,0.0,1.62,,,,,,,,,,,0.55,0.45,,,,,,,,,,,8.0,5.0,4.0,1.0,2.0,3.0,2.0,1.0,,,,,,,,,,,5.0,2.0,9.0,13.0,27.0,30.0,14.0,9.0,2.0,2.0,,,1.0,0.0,,,,,,,,,,,,,,,,,,,,,,,,,0.52,0.48,,,,,,,,,,,4.0,2.0,2.0,1.0,1.0,1.0,1.0,0.0,,,,,,,,,,,2.0,1.0,2.0,5.0,12.0,21.0,5.0,2.0,1.0,1.0,,,0.0,0.0,,,,,,,,,,,,,,,,,,,,,,,,,0.58,0.42,,,,,,,,,,,4.0,3.0,2.0,0.0,1.0,2.0,1.0,1.0,,,,,,,,,,,3.0,1.0,7.0,8.0,15.0,9.0,9.0,7.0,1.0,1.0,,,1.0,0.0,,,,,,,,,,,,,,
CAwrx8JD,EUROPE,2026/2027,EUROPE 3,Conference League,GfRbsVWM,EUROPE 3,09/07/2026,17:30,1/8-finals,Europa FC (Gib),jPGTrS5I,Shkendija (Mkd),je0pik4r,False,0,5,1,,,,,[],"[28, 52, 75, 83, 88]",bet365,5.0,2.25,2.1,bet365,4.5,2.6,1.95,bet365,4.75,3.6,1.6,bet365,1.33,3.25,bet365,2.63,1.44,bet365,6.0,1.11,bet365,1.22,4.0,bet365,2.0,1.73,bet365,4.33,1.2,bet365,1.05,8.5,bet365,1.25,3.75,bet365,1.83,1.98,bet365,3.0,1.36,bet365,5.5,1.13,bet365,1.83,1.83,bet365,4.5,1.18,bet365,3.5,1.29,bet365,2.15,1.22,1.13,bet365,1.67,1.57,1.14,Goldebet,2.22,1.25,1.07,bet365,3.75,1.25,Goldebet,5.33,1.11,Betnacional,3.84,1.2,bet365,8.0,17.0,23.0,10.0,6.0,4.5,41.0,17.0,2.5,bet365,2.0,1.85,bet365,2.1,1.73,bet365,1.91,1.8,bet365,11.0,bet365,15.0,bet365,7.5,bet365,7.5,bet365,26.0,bet365,8.0,bet365,17.0,bet365,8.5,bet365,17.0,bet365,51.0,bet365,12.0,bet365,41.0,bet365,13.0,bet365,41.0,bet365,26.0,,0.0,0.0,,0.0,0.0,1xBet.br,9.0,1.02,1xBet.br,8.0,1.03,bet365,4.65,1.18,bet365,2.2,1.65,bet365,1.7,2.1,bet365,1.43,2.75,bet365,1.2,4.4,bet365,1.15,5.5,bet365,0.0,0.0,10.0,bet365,29.0,15.0,5.0,bet365,11.0,6.5,2.63,bet365,2.15,3.6,1.13,bet365,1.44,4.75,1.04,bet365,1.13,7.5,0.0,,,,,,,,,,,0.46,0.54,,,,,,,,,,,3.0,15.0,0.0,7.0,1.0,6.0,2.0,2.0,,,,,,,,,,,1.0,4.0,15.0,18.0,20.0,31.0,17.0,13.0,1.0,2.0,,,2.0,3.0,,,,,,,,,,,,,,,,,,,,,,,,,0.42,0.58,,,,,,,,,,,1.0,6.0,0.0,2.0,1.0,2.0,0.0,2.0,,,,,,,,,,,1.0,2.0,10.0,9.0,9.0,18.0,9.0,8.0,0.0,1.0,,,1.0,2.0,,,,,,,,,,,,,,,,,,,,,,,,,0.5,0.5,,,,,,,,,,,2.0,9.0,0.0,5.0,0.0,4.0,2.0,0.0,,,,,,,,,,,0.0,2.0,5.0,9.0,11.0,13.0,8.0,5.0,1.0,1.0,,,1.0,1.0,,,,,,,,,,,,,,
Wd5DzGa6,EUROPE,2026/2027,EUROPE 3,Conference League,GfRbsVWM,EUROPE 3,09/07/2026,19:00,1/8-finals,FK Sarajevo (Bih),MNOCxFD0,Inter Turku (Fin),QwkNUoNH,False,1,1,1,,,,,[90],[7],bet365,2.63,2.2,3.75,bet365,2.4,2.5,3.4,bet365,2.0,3.5,3.0,bet365,1.36,3.0,bet365,2.75,1.4,bet365,6.5,1.1,bet365,1.25,3.75,bet365,2.1,1.67,bet365,4.5,1.18,bet365,1.05,8.5,bet365,1.3,3.4,bet365,1.95,1.85,bet365,3.4,1.3,bet365,6.0,1.11,bet365,1.8,1.91,bet365,4.5,1.18,bet365,3.5,1.29,bet365,1.3,1.22,1.67,bet365,1.25,1.62,1.44,Betano.br,1.27,1.45,1.57,bet365,1.57,2.25,F12,1.5,2.4,Betano.br,1.5,2.4,bet365,3.25,15.0,34.0,5.5,5.5,7.5,26.0,15.0,5.0,bet365,1.93,1.93,bet365,2.1,1.73,bet365,1.91,1.8,bet365,11.0,bet365,8.0,bet365,10.0,bet365,7.0,bet365,10.0,bet365,17.0,bet365,9.5,bet365,12.0,bet365,15.0,bet365,19.0,bet365,34.0,bet365,17.0,bet365,26.0,bet365,29.0,bet365,34.0,bet365,6.8,1.11,bet365,7.0,1.1,bet365,3.8,1.25,bet365,3.0,1.38,bet365,2.05,1.75,bet365,1.35,3.1,bet365,1.13,5.9,bet365,1.1,7.0,,0.0,0.0,,0.0,0.0,bet365,21.0,13.0,0.0,bet365,8.0,6.0,17.0,bet365,3.75,3.75,6.5,bet365,1.3,4.75,1.67,bet365,1.09,9.5,1.22,bet365,0.0,0.0,1.06,,,,,,,,,,,0.68,0.32,,,,,,,,,,,11.0,5.0,2.0,3.0,5.0,1.0,4.0,1.0,,,,,,,,,,,5.0,3.0,14.0,15.0,25.0,18.0,14.0,14.0,2.0,0.0,,,2.0,1.0,,,,,,,,,,,,,,,,,,,,,,,,,0.62,0.38,,,,,,,,,,,5.0,4.0,1.0,3.0,1.0,0.0,3.0,1.0,,,,,,,,,,,2.0,3.0,8.0,9.0,11.0,13.0,9.0,7.0,,,,,1.0,1.0,,,,,,,,,,,,,,,,,,,,,,,,,0.74,0.26,,,,,,,,,,,6.0,1.0,1.0,0.0,4.0,1.0,1.0,0.0,,,,,,,,,,,3.0,0.0,6.0,6.0,14.0,5.0,5.0,7.0,2.0,0.0,,,1.0,0.0,,,,,,,,,,,,,,
WGe7dcMP,EUROPE,2026/2027,EUROPE 3,Conference League,GfRbsVWM,EUROPE 3,09/07/2026,19:00,1/8-finals,Stjarnan (Ice),40ut6U2b,Vikingur (Fai),pGGon7LD,False,3,1,1,,,,,"[42, 66, 78]",[12],bet365,3.75,2.75,2.1,bet365,3.5,3.1,1.95,bet365,3.4,4.5,1.65,bet365,1.17,4.5,bet365,1.83,1.83,bet365,3.75,1.25,bet365,1.1,7.0,bet365,1.5,2.5,bet365,2.5,1.5,bet365,1.01,15.0,bet365,1.08,7.0,bet365,1.3,3.4,bet365,1.73,2.0,bet365,2.63,1.44,bet365,1.36,3.0,bet365,3.0,1.36,bet365,2.25,1.57,bet365,2.1,1.13,1.25,bet365,1.67,1.4,1.25,SeguroBet,1.76,1.32,1.24,bet365,3.0,1.36,Sportingbet.br,2.6,1.43,Betano.br,2.65,1.42,bet365,2.5,15.0,29.0,5.5,8.5,9.5,17.0,15.0,6.0,bet365,1.9,1.95,bet365,2.0,1.8,bet365,1.83,1.83,bet365,34.0,bet365,15.0,bet365,21.0,bet365,11.0,bet365,13.0,bet365,29.0,bet365,9.5,bet365,13.0,bet365,13.0,bet365,17.0,bet365,41.0,bet365,12.0,bet365,23.0,bet365,17.0,bet365,21.0,,0.0,0.0,SeguroBet,10.3,1.02,1xBet.br,7.9,1.08,bet365,6.25,1.12,bet365,3.55,1.27,bet365,2.1,1.7,bet365,1.73,2.08,bet365,1.48,2.6,bet365,1.25,3.8,bet365,1.2,4.4,bet365,0.0,7.5,8.0,bet365,15.0,5.0,4.33,bet365,6.5,4.33,2.5,bet365,2.1,6.0,1.25,bet365,1.44,11.0,1.08,bet365,1.17,0.0,0.0,,,,,,,,,,,0.63,0.37,,,,,,,,,,,25.0,5.0,10.0,2.0,8.0,3.0,7.0,0.0,,,,,,,,,,,9.0,4.0,12.0,14.0,15.0,20.0,11.0,15.0,2.0,4.0,,,1.0,1.0,,,,,,,,,,,,,,,,,,,,,,,,,0.6,0.4,,,,,,,,,,,9.0,3.0,3.0,1.0,3.0,2.0,3.0,0.0,,,,,,,,,,,2.0,3.0,7.0,7.0,6.0,10.0,5.0,8.0,0.0,2.0,,,0.0,1.0,,,,,,,,,,,,,,,,,,,,,,,,,0.66,0.34,,,,,,,,,,,16.0,2.0,7.0,1.0,5.0,1.0,4.0,0.0,,,,,,,,,,,7.0,1.0,5.0,7.0,9.0,10.0,6.0,7.0,2.0,2.0,,,1.0,0.0,,,,,,,,,,,,,,
lEeN2JQ8,EUROPE,2026/2027,EUROPE 3,Conference League,GfRbsVWM,EUROPE 3,09/07/2026,19:00,1/8-finals,Dinamo City (Alb),KdZNQkgm,FC Astana (Kaz),M34GD2Gt,False,0,1,1,,,,,[],[69],,0.0,0.0,0.0,,0.0,0.0,0.0,,0.0,0.0,0.0,,0.0,0.0,,0.0,0.0,,0.0,0.0,,0.0,0.0,,0.0,0.0,,0.0,0.0,,0.0,0.0,,0.0,0.0,,0.0,0.0,,0.0,0.0,,0.0,0.0,,0.0,0.0,,0.0,0.0,,0.0,0.0,,0.0,0.0,0.0,,0.0,0.0,0.0,,0.0,0.0,0.0,,0.0,0.0,,0.0,0.0,,0.0,0.0,,0.0,0.0,0.0,0.0,0.0,0.0,0.0,0.0,0.0,,0.0,0.0,,0.0,0.0,,0.0,0.0,,0.0,,0.0,,0.0,,0.0,,0.0,,0.0,,0.0,,0.0,,0.0,,0.0,,0.0,,0.0,,0.0,,0.0,,0.0,,0.0,0.0,,0.0,0.0,,0.0,0.0,,0.0,0.0,,0.0,0.0,,0.0,0.0,,0.0,0.0,,0.0,0.0,,0.0,0.0,,0.0,0.0,,0.0,0.0,0.0,,0.0,0.0,0.0,,0.0,0.0,0.0,,0.0,0.0,0.0,,0.0,0.0,0.0,,0.0,0.0,0.0,,,,,,,,,,,0.55,0.45,,,,,,,,,,,10.0,8.0,4.0,4.0,6.0,4.0,0.0,0.0,,,,,,,,,,,2.0,4.0,13.0,9.0,23.0,17.0,7.0,13.0,,,,,0.0,2.0,,,,,,,,,,,,,,,,,,,,,,,,,0.55,0.45,,,,,,,,,,,7.0,4.0,3.0,2.0,4.0,2.0,0.0,0.0,,,,,,,,,,,2.0,2.0,7.0,6.0,11.0,9.0,6.0,5.0,,,,,0.0,2.0,,,,,,,,,,,,,,,,,,,,,,,,,0.55,0.45,,,,,,,,,,,3.0,4.0,1.0,2.0,2.0,2.0,0.0,0.0,,,,,,,,,,,0.0,2.0,6.0,3.0,12.0,8.0,1.0,8.0,,,,,0.0,0.0,,,,,,,,,,,,,,
UByeM4Nb,EUROPE,2026/2027,EUROPE 3,Conference League,GfRbsVWM,EUROPE 3,09/07/2026,14:00,1/8-finals,Atletic Escaldes (And),hQcdh3te,Mornar Bar (Mne),pU3CDOHp,False,2,1,1,,,,,"[83, 90]",[8],bet365,3.4,1.95,3.25,bet365,3.0,2.25,3.0,bet365,2.5,3.3,2.45,bet365,1.5,2.5,bet365,3.5,1.29,bet365,8.0,1.06,bet365,1.33,3.25,bet365,2.63,1.44,bet365,6.5,1.11,bet365,1.07,7.5,bet365,1.44,2.63,bet365,2.35,1.57,bet365,4.33,1.2,bet365,8.0,1.06,bet365,2.1,1.67,bet365,6.0,1.13,bet365,4.33,1.2,bet365,1.44,1.25,1.44,bet365,1.33,1.8,1.3,Sportingbet.br,1.36,1.57,1.33,bet365,1.83,1.83,Betnacional,2.07,1.65,Betnacional,2.06,1.66,bet365,4.33,17.0,34.0,6.0,4.5,6.0,34.0,17.0,4.33,bet365,1.93,1.93,bet365,2.2,1.67,bet365,2.0,1.73,bet365,7.5,bet365,7.0,bet365,7.0,bet365,7.0,bet365,11.0,bet365,12.0,bet365,11.0,bet365,11.0,bet365,19.0,bet365,26.0,bet365,26.0,bet365,23.0,bet365,23.0,bet365,41.0,bet365,41.0,SeguroBet,10.0,1.02,SeguroBet,9.5,1.03,bet365,5.75,1.14,bet365,4.5,1.19,bet365,2.5,1.5,bet365,1.5,2.5,bet365,1.2,4.4,bet365,1.15,5.5,bet365,1.13,5.9,bet365,1.11,6.8,bet365,34.0,19.0,34.0,bet365,13.0,7.5,12.0,bet365,5.5,4.0,5.5,bet365,1.44,4.0,1.44,bet365,1.11,7.5,1.11,bet365,1.03,19.0,1.03,,,,,,,,,,,0.63,0.37,,,,,,,,,,,8.0,6.0,4.0,3.0,4.0,3.0,0.0,0.0,,,,,,,,,,,0.0,4.0,12.0,12.0,17.0,11.0,11.0,10.0,2.0,2.0,,,0.0,2.0,,,,,,,,,,,,,,,,,,,,,,,,,0.64,0.36,,,,,,,,,,,3.0,3.0,0.0,2.0,3.0,1.0,0.0,0.0,,,,,,,,,,,0.0,2.0,4.0,8.0,7.0,5.0,6.0,3.0,,,,,0.0,2.0,,,,,,,,,,,,,,,,,,,,,,,,,0.62,0.38,,,,,,,,,,,5.0,3.0,4.0,1.0,1.0,2.0,0.0,0.0,,,,,,,,,,,0.0,2.0,8.0,4.0,10.0,6.0,5.0,7.0,2.0,2.0,,,0.0,0.0,,,,,,,,,,,,,,
EJXsXLyH,EUROPE,2026/2027,EUROPE 3,Conference League,GfRbsVWM,EUROPE 3,08/07/2026,17:30,1/8-finals,Connahs Q. (Wal),ncsr4F0I,FC Ballkani (Kos),29LmYvYp,False,0,0,1,,,,,[],[],bet365,5.5,2.3,2.0,bet365,5.0,2.63,1.83,bet365,5.0,4.33,1.53,bet365,1.36,3.0,bet365,2.63,1.44,bet365,6.0,1.11,bet365,1.22,4.0,bet365,2.1,1.67,bet365,4.33,1.2,bet365,1.04,9.0,bet365,1.25,3.75,bet365,1.83,1.98,bet365,3.25,1.33,bet365,5.5,1.13,bet365,2.0,1.73,bet365,5.0,1.17,bet365,3.75,1.25,bet365,2.38,1.2,1.14,bet365,1.73,1.57,1.13,Betnacional,1.9,1.3,1.08,bet365,4.0,1.22,Betnacional,4.81,1.13,Betnacional,4.69,1.14,bet365,9.5,19.0,23.0,11.0,6.0,4.33,41.0,17.0,2.25,bet365,1.9,1.95,bet365,2.1,1.73,bet365,1.91,1.8,bet365,12.0,bet365,13.0,bet365,7.0,bet365,8.5,bet365,29.0,bet365,7.0,bet365,17.0,bet365,9.0,bet365,21.0,bet365,51.0,bet365,11.0,bet365,41.0,bet365,13.0,bet365,41.0,bet365,29.0,,0.0,0.0,,0.0,0.0,,0.0,0.0,1xBet.br,14.5,1.02,bet365,5.0,1.17,bet365,2.42,1.53,bet365,1.9,1.9,bet365,1.53,2.42,bet365,1.25,3.8,bet365,1.19,4.5,bet365,0.0,0.0,9.0,bet365,34.0,17.0,4.5,bet365,12.0,6.5,2.4,bet365,2.38,3.6,1.14,bet365,1.5,4.5,1.04,bet365,1.17,7.0,0.0,,,,,,,,,,,0.31,0.69,,,,,,,,,,,8.0,5.0,4.0,0.0,2.0,5.0,2.0,0.0,,,,,,,,,,,2.0,2.0,13.0,13.0,23.0,23.0,8.0,9.0,3.0,2.0,,,2.0,2.0,,,,,,,,,,,,,,,,,,,,,,,,,0.28,0.72,,,,,,,,,,,1.0,1.0,1.0,0.0,0.0,1.0,0.0,0.0,,,,,,,,,,,1.0,1.0,7.0,6.0,12.0,7.0,4.0,3.0,1.0,1.0,,,0.0,2.0,,,,,,,,,,,,,,,,,,,,,,,,,0.34,0.66,,,,,,,,,,,7.0,4.0,3.0,0.0,2.0,4.0,2.0,0.0,,,,,,,,,,,1.0,1.0,6.0,7.0,11.0,16.0,4.0,6.0,2.0,1.0,,,2.0,0.0,,,,,,,,,,,,,,
SOdN7585,EUROPE,2026/2027,EUROPE 3,Conference League,GfRbsVWM,EUROPE 3,09/07/2026,16:00,1/8-finals,Kalju (Est),6sqJGMx9,Linfield (Nir),YiTk9JCq,False,1,0,1,,,,,[47],[],bet365,3.2,2.0,3.4,bet365,2.88,2.3,3.1,bet365,2.4,3.2,2.63,bet365,1.44,2.63,bet365,3.25,1.33,bet365,8.0,1.06,bet365,1.3,3.4,bet365,2.38,1.53,bet365,6.0,1.13,bet365,1.07,7.5,bet365,1.4,2.75,bet365,2.2,1.65,bet365,4.0,1.22,bet365,7.5,1.07,bet365,2.0,1.73,bet365,5.5,1.14,bet365,4.0,1.22,bet365,1.4,1.29,1.44,bet365,1.3,1.73,1.36,Sportingbet.br,1.32,1.55,1.39,bet365,1.8,1.91,Betnacional,1.48,2.4,Betnacional,1.5,2.36,bet365,4.0,15.0,34.0,6.0,4.75,6.5,34.0,15.0,4.5,bet365,1.98,1.88,bet365,2.2,1.67,bet365,2.0,1.73,bet365,8.0,bet365,7.5,bet365,7.5,bet365,6.5,bet365,11.0,bet365,13.0,bet365,10.0,bet365,11.0,bet365,17.0,bet365,23.0,bet365,29.0,bet365,23.0,bet365,23.0,bet365,34.0,bet365,41.0,bet365,6.4,1.12,bet365,7.0,1.1,bet365,5.0,1.17,bet365,4.0,1.23,bet365,2.38,1.55,bet365,1.45,2.68,bet365,1.17,5.0,bet365,1.13,6.0,SeguroBet,1.02,9.7,SeguroBet,1.02,10.0,bet365,29.0,17.0,0.0,bet365,11.0,7.0,13.0,bet365,5.0,4.0,5.5,bet365,1.4,4.33,1.44,bet365,1.1,8.0,1.13,bet365,0.0,0.0,1.04,,,,,,,,,,,0.55,0.45,,,,,,,,,,,8.0,10.0,2.0,4.0,5.0,4.0,1.0,2.0,,,,,,,,,,,2.0,12.0,13.0,17.0,15.0,17.0,11.0,7.0,0.0,1.0,,,4.0,0.0,,,,,,,,,,,,,,,,,,,,,,,,,0.54,0.46,,,,,,,,,,,3.0,2.0,0.0,1.0,2.0,1.0,1.0,0.0,,,,,,,,,,,0.0,6.0,5.0,11.0,8.0,8.0,8.0,3.0,,,,,2.0,0.0,,,,,,,,,,,,,,,,,,,,,,,,,0.56,0.44,,,,,,,,,,,5.0,8.0,2.0,3.0,3.0,3.0,0.0,2.0,,,,,,,,,,,2.0,6.0,8.0,6.0,7.0,9.0,3.0,4.0,0.0,1.0,,,2.0,0.0,,,,,,,,,,,,,,
jaRLPwUj,EUROPE,2026/2027,EUROPE 3,Conference League,GfRbsVWM,EUROPE 3,09/07/2026,18:45,1/8-finals,NSI Runavik (Fai),UaOluym1,Hamrun (Mlt),0EeKzT9a,False,1,1,1,,,,,[25],[56],bet365,2.75,2.05,3.75,bet365,2.25,2.4,4.0,bet365,2.05,3.5,3.0,bet365,1.44,2.63,bet365,3.0,1.36,bet365,7.5,1.07,bet365,1.29,3.5,bet365,2.25,1.57,bet365,5.5,1.14,bet365,1.06,8.0,bet365,1.36,3.0,bet365,2.15,1.67,bet365,3.75,1.25,bet365,7.0,1.08,bet365,2.0,1.73,bet365,5.5,1.14,bet365,4.0,1.22,bet365,1.3,1.22,1.62,bet365,1.25,1.73,1.4,Sportingbet.br,1.27,1.53,1.46,bet365,1.57,2.25,Betano.br,1.55,2.32,Betano.br,1.53,2.32,bet365,3.4,15.0,34.0,5.0,5.0,7.0,29.0,15.0,5.5,bet365,1.9,1.95,bet365,2.1,1.73,bet365,2.0,1.73,bet365,9.5,bet365,7.0,bet365,8.5,bet365,7.0,bet365,9.5,bet365,15.0,bet365,9.5,bet365,12.0,bet365,17.0,bet365,19.0,bet365,34.0,bet365,19.0,bet365,29.0,bet365,34.0,bet365,41.0,1xBet.br,8.9,1.02,bet365,6.6,1.11,bet365,3.45,1.3,bet365,2.68,1.45,bet365,2.0,1.8,bet365,1.3,3.45,bet365,1.1,7.0,bet365,1.11,6.8,SeguroBet,1.02,9.4,1xBet.br,1.01,10.0,bet365,19.0,11.0,29.0,bet365,7.0,5.5,23.0,bet365,3.4,3.6,8.0,bet365,1.25,5.0,1.8,bet365,1.06,12.0,1.29,bet365,1.04,17.0,1.07,,,,,,,,,,,0.54,0.46,,,,,,,,,,,10.0,6.0,4.0,3.0,4.0,2.0,2.0,1.0,,,,,,,,,,,5.0,2.0,11.0,11.0,16.0,14.0,7.0,10.0,2.0,0.0,,,5.0,1.0,,,,,,,,,,,,,,,,,,,,,,,,,0.52,0.48,,,,,,,,,,,7.0,2.0,3.0,1.0,3.0,1.0,1.0,0.0,,,,,,,,,,,4.0,1.0,4.0,7.0,6.0,5.0,4.0,3.0,2.0,0.0,,,3.0,0.0,,,,,,,,,,,,,,,,,,,,,,,,,0.56,0.44,,,,,,,,,,,3.0,4.0,1.0,2.0,1.0,1.0,1.0,1.0,,,,,,,,,,,1.0,1.0,7.0,4.0,10.0,9.0,3.0,7.0,,,,,2.0,1.0,,,,,,,,,,,,,,
nkNSujKl,EUROPE,2026/2027,EUROPE 3,Conference League,GfRbsVWM,EUROPE 3,09/07/2026,16:00,1/8-finals,FK Liepaja (Lat),nym30tD6,Decic (Mne),C4y4FWqt,False,1,0,1,,,,,[64],[],bet365,5.5,2.1,2.2,bet365,5.0,2.4,2.0,bet365,5.0,3.5,1.6,bet365,1.44,2.63,bet365,3.0,1.36,bet365,7.5,1.07,bet365,1.29,3.5,bet365,2.25,1.57,bet365,5.5,1.14,bet365,1.06,8.0,bet365,1.33,3.25,bet365,2.05,1.75,bet365,3.5,1.29,bet365,7.0,1.08,bet365,2.1,1.67,bet365,6.0,1.13,bet365,4.33,1.2,bet365,2.15,1.22,1.11,bet365,1.62,1.67,1.13,Sportingbet.br,1.72,1.49,1.15,bet365,4.0,1.22,Sportingbet.br,3.2,1.3,Betano.br,3.05,1.33,bet365,2.5,17.0,41.0,4.33,5.5,11.0,26.0,19.0,9.0,bet365,1.98,1.88,bet365,2.1,1.73,bet365,2.0,1.73,bet365,8.5,bet365,6.0,bet365,12.0,bet365,7.5,bet365,7.0,bet365,26.0,bet365,9.0,bet365,19.0,bet365,21.0,bet365,12.0,bet365,51.0,bet365,15.0,bet365,41.0,bet365,34.0,bet365,51.0,1xBet.br,13.5,1.02,1xBet.br,12.0,1.03,bet365,6.25,1.12,bet365,6.8,1.11,bet365,5.0,1.17,bet365,2.2,1.65,bet365,1.68,2.15,bet365,1.43,2.75,bet365,1.18,4.65,bet365,1.14,5.75,bet365,0.0,8.0,12.0,bet365,34.0,4.5,5.5,bet365,12.0,3.5,2.75,bet365,2.15,6.5,1.11,bet365,1.4,17.0,1.03,bet365,1.11,0.0,0.0,,,,,,,,,,,0.37,0.63,,,,,,,,,,,8.0,15.0,2.0,4.0,4.0,7.0,2.0,4.0,,,,,,,,,,,2.0,9.0,13.0,13.0,19.0,28.0,9.0,7.0,1.0,1.0,1.0,0.0,2.0,5.0,,,,,,,,,,,,,,,,,,,,,,,,,0.38,0.62,,,,,,,,,,,5.0,6.0,0.0,1.0,3.0,3.0,2.0,2.0,,,,,,,,,,,0.0,3.0,6.0,9.0,13.0,14.0,6.0,2.0,1.0,0.0,1.0,0.0,2.0,3.0,,,,,,,,,,,,,,,,,,,,,,,,,0.36,0.64,,,,,,,,,,,3.0,9.0,2.0,3.0,1.0,4.0,0.0,2.0,,,,,,,,,,,2.0,6.0,7.0,4.0,6.0,14.0,3.0,5.0,0.0,1.0,,,0.0,2.0,,,,,,,,,,,,,,
8dkokFEa,EUROPE,2026/2027,EUROPE 3,Conference League,GfRbsVWM,EUROPE 3,08/07/2026,17:30,1/8-finals,Differdange (Lux),pSWVqtMr,Ilves (Fin),pYGmWmwa,False,0,0,1,,,,,[],[],bet365,3.0,2.25,3.0,bet365,2.75,2.6,2.75,bet365,2.45,3.5,2.35,bet365,1.33,3.25,bet365,2.5,1.5,bet365,5.5,1.13,bet365,1.2,4.33,bet365,1.91,1.8,bet365,4.0,1.22,bet365,1.01,13.0,bet365,1.22,4.0,bet365,1.7,2.1,bet365,2.63,1.44,bet365,4.5,1.17,bet365,1.62,2.2,bet365,4.0,1.22,bet365,3.0,1.36,bet365,1.5,1.22,1.44,bet365,1.36,1.57,1.36,Betano.br,1.44,1.42,1.4,bet365,1.83,1.83,Betnacional,1.93,1.75,Betnacional,1.93,1.75,bet365,4.0,15.0,26.0,6.5,6.0,6.0,26.0,15.0,4.0,bet365,1.95,1.9,bet365,2.0,1.8,bet365,1.91,1.8,bet365,13.0,bet365,10.0,bet365,10.0,bet365,7.5,bet365,15.0,bet365,13.0,bet365,10.0,bet365,10.0,bet365,13.0,bet365,26.0,bet365,23.0,bet365,19.0,bet365,19.0,bet365,26.0,bet365,26.0,1xBet.br,9.2,1.02,1xBet.br,9.7,1.05,bet365,5.0,1.17,bet365,4.0,1.23,bet365,2.5,1.5,bet365,1.55,2.38,bet365,1.25,3.8,bet365,1.19,4.5,bet365,1.13,6.0,bet365,1.1,7.0,bet365,0.0,0.0,23.0,bet365,10.0,7.0,9.5,bet365,4.75,4.33,4.5,bet365,1.5,4.33,1.44,bet365,1.17,7.0,1.14,bet365,1.05,15.0,0.0,,,,,,,,,,,0.44,0.56,,,,,,,,,,,8.0,9.0,3.0,2.0,4.0,5.0,1.0,2.0,,,,,,,,,,,2.0,5.0,13.0,14.0,16.0,14.0,13.0,9.0,1.0,3.0,,,0.0,2.0,,,,,,,,,,,,,,,,,,,,,,,,,0.41,0.59,,,,,,,,,,,5.0,3.0,2.0,0.0,3.0,3.0,0.0,0.0,,,,,,,,,,,2.0,3.0,5.0,7.0,7.0,4.0,9.0,6.0,1.0,0.0,,,0.0,1.0,,,,,,,,,,,,,,,,,,,,,,,,,0.47,0.53,,,,,,,,,,,3.0,6.0,1.0,2.0,1.0,2.0,1.0,2.0,,,,,,,,,,,0.0,2.0,8.0,7.0,9.0,10.0,4.0,3.0,0.0,3.0,,,0.0,1.0,,,,,,,,,,,,,,
CEBklKBF,EUROPE,2026/2027,EUROPE 3,Conference League,GfRbsVWM,EUROPE 3,07/07/2026,18:00,1/8-finals,AF Elbasani (Alb),QBmz1ReP,PX,GnDSyToM,False,1,1,1,,,,,[45],[67],bet365,2.0,2.2,6.5,bet365,1.83,2.5,6.0,bet365,1.48,3.8,5.5,bet365,1.44,2.63,bet365,3.0,1.36,bet365,7.0,1.08,bet365,1.29,3.5,bet365,2.25,1.57,bet365,5.5,1.14,bet365,1.06,8.0,bet365,1.33,3.25,bet365,2.05,1.75,bet365,3.75,1.25,bet365,7.0,1.08,bet365,2.25,1.57,bet365,6.0,1.13,bet365,4.5,1.18,bet365,1.1,1.18,2.4,bet365,1.1,1.62,1.73,Sportingbet.br,1.13,1.43,1.87,bet365,1.17,4.5,Betano.br,1.26,3.5,Betano.br,1.24,3.7,bet365,2.25,19.0,51.0,4.0,5.5,12.0,26.0,21.0,11.0,bet365,1.93,1.93,bet365,2.1,1.73,bet365,2.0,1.73,bet365,9.0,bet365,5.5,bet365,13.0,bet365,8.0,bet365,6.0,bet365,29.0,bet365,9.0,bet365,21.0,bet365,23.0,bet365,10.0,bet365,67.0,bet365,15.0,bet365,51.0,bet365,34.0,bet365,51.0,bet365,4.65,1.18,bet365,3.8,1.25,bet365,2.42,1.53,bet365,1.85,1.95,bet365,1.5,2.5,bet365,1.13,5.9,1xBet.br,1.04,10.5,1xBet.br,1.03,12.0,,0.0,0.0,,0.0,0.0,bet365,9.5,7.0,0.0,bet365,4.5,4.33,41.0,bet365,2.38,3.4,15.0,bet365,1.1,7.5,2.4,bet365,1.02,21.0,1.5,bet365,0.0,0.0,1.14,,,,,,,,,,,0.61,0.39,,,,,,,,,,,15.0,8.0,6.0,5.0,7.0,3.0,2.0,0.0,,,,,,,,,,,5.0,4.0,13.0,11.0,23.0,14.0,11.0,16.0,1.0,1.0,,,1.0,0.0,,,,,,,,,,,,,,,,,,,,,,,,,0.64,0.36,,,,,,,,,,,7.0,4.0,3.0,2.0,4.0,2.0,0.0,0.0,,,,,,,,,,,3.0,2.0,7.0,3.0,11.0,11.0,4.0,8.0,0.0,1.0,,,0.0,0.0,,,,,,,,,,,,,,,,,,,,,,,,,0.58,0.42,,,,,,,,,,,8.0,4.0,3.0,3.0,3.0,1.0,2.0,0.0,,,,,,,,,,,2.0,2.0,6.0,8.0,12.0,3.0,7.0,8.0,1.0,0.0,,,1.0,0.0,,,,,,,,,,,,,,
Yse7Bm9t,EUROPE,2026/2027,EUROPE 3,Conference League,GfRbsVWM,EUROPE 3,09/07/2026,17:00,1/8-finals,Bohemians (Irl),zHEZJ8Wc,St Josephs (Gib),Gh9HoULa,False,2,0,1,,,,,"[60, 90]",[],bet365,1.53,2.75,11.0,bet365,1.4,3.25,11.0,bet365,1.17,5.5,15.0,bet365,1.25,3.75,bet365,2.2,1.62,bet365,4.5,1.17,bet365,1.17,5.0,bet365,1.73,2.0,bet365,3.4,1.3,bet365,1.03,10.0,bet365,1.17,4.5,bet365,1.53,2.38,bet365,2.25,1.57,bet365,4.0,1.22,bet365,2.38,1.53,bet365,6.0,1.13,bet365,4.33,1.2,bet365,1.01,1.1,4.0,bet365,1.02,1.4,2.38,Sportingbet.br,1.05,1.26,2.75,bet365,1.03,10.0,Betnacional,1.05,7.14,Betnacional,1.05,7.05,bet365,1.57,26.0,81.0,3.75,9.5,29.0,21.0,26.0,23.0,bet365,2.0,1.85,bet365,2.0,1.8,bet365,1.91,1.8,bet365,15.0,bet365,7.5,bet365,34.0,bet365,12.0,bet365,6.0,bet365,67.0,bet365,11.0,bet365,41.0,bet365,29.0,bet365,6.5,bet365,151.0,bet365,12.0,bet365,101.0,bet365,34.0,bet365,101.0,bet365,2.35,1.58,bet365,1.9,1.9,bet365,1.58,2.35,bet365,1.26,3.7,bet365,1.19,4.5,,0.0,0.0,,0.0,0.0,,0.0,0.0,,0.0,0.0,,0.0,0.0,bet365,4.0,4.75,0.0,bet365,2.3,4.0,0.0,bet365,1.53,4.33,41.0,bet365,1.01,19.0,4.0,bet365,0.0,0.0,2.3,bet365,0.0,0.0,1.53,,,,,,,,,,,0.65,0.35,,,,,,,,,,,13.0,5.0,5.0,2.0,5.0,2.0,3.0,1.0,,,,,,,,,,,7.0,4.0,11.0,13.0,18.0,14.0,14.0,12.0,1.0,2.0,,,1.0,2.0,,,,,,,,,,,,,,,,,,,,,,,,,0.61,0.39,,,,,,,,,,,4.0,3.0,2.0,1.0,2.0,1.0,0.0,1.0,,,,,,,,,,,5.0,3.0,6.0,6.0,8.0,5.0,6.0,5.0,,,,,0.0,1.0,,,,,,,,,,,,,,,,,,,,,,,,,0.68,0.32,,,,,,,,,,,9.0,2.0,3.0,1.0,3.0,1.0,3.0,0.0,,,,,,,,,,,2.0,1.0,5.0,7.0,10.0,9.0,8.0,7.0,1.0,2.0,,,1.0,1.0,,,,,,,,,,,,,,
CvsHigI7,EUROPE,2026/2027,EUROPE 3,Conference League,GfRbsVWM,EUROPE 3,09/07/2026,17:00,1/8-finals,Marsaxlokk (Mlt),6LJg5A2T,Pyunik Yerevan (Arm),SGwIMoNO,False,0,3,1,,,,,[],"[41, 51, 65]",bet365,4.33,2.05,2.6,bet365,3.75,2.38,2.38,bet365,3.4,3.3,1.91,bet365,1.44,2.63,bet365,3.25,1.33,bet365,7.5,1.07,bet365,1.3,3.4,bet365,2.38,1.53,bet365,5.5,1.14,bet365,1.07,7.5,bet365,1.4,2.75,bet365,2.2,1.65,bet365,4.0,1.22,bet365,7.5,1.07,bet365,2.0,1.73,bet365,5.5,1.14,bet365,4.0,1.22,bet365,1.73,1.25,1.25,bet365,1.5,1.73,1.2,Sportingbet.br,1.55,1.53,1.22,bet365,2.63,1.44,Betnacional,2.54,1.44,Betnacional,2.48,1.46,bet365,6.0,17.0,29.0,8.0,5.0,4.75,41.0,17.0,3.1,bet365,1.95,1.9,bet365,2.2,1.67,bet365,2.0,1.73,bet365,8.5,bet365,9.0,bet365,6.5,bet365,7.0,bet365,17.0,bet365,8.5,bet365,13.0,bet365,9.5,bet365,19.0,bet365,41.0,bet365,17.0,bet365,34.0,bet365,19.0,bet365,41.0,bet365,34.0,,0.0,0.0,,0.0,0.0,1xBet.br,9.1,1.06,bet365,7.0,1.1,bet365,3.55,1.27,bet365,1.83,1.98,bet365,1.4,2.85,bet365,1.26,3.7,bet365,1.1,7.0,bet365,1.11,6.6,bet365,0.0,0.0,21.0,bet365,23.0,12.0,7.5,bet365,8.0,5.0,3.6,bet365,1.73,3.6,1.25,bet365,1.25,5.5,1.06,bet365,1.06,12.0,0.0,,,,,,,,,,,0.45,0.55,,,,,,,,,,,6.0,20.0,1.0,11.0,3.0,6.0,2.0,3.0,,,,,,,,,,,4.0,4.0,7.0,6.0,15.0,15.0,5.0,8.0,2.0,0.0,,,0.0,1.0,,,,,,,,,,,,,,,,,,,,,,,,,0.36,0.64,,,,,,,,,,,2.0,8.0,1.0,4.0,1.0,1.0,0.0,3.0,,,,,,,,,,,1.0,2.0,6.0,2.0,6.0,7.0,3.0,5.0,1.0,0.0,,,0.0,1.0,,,,,,,,,,,,,,,,,,,,,,,,,0.55,0.45,,,,,,,,,,,4.0,12.0,0.0,7.0,2.0,5.0,2.0,0.0,,,,,,,,,,,3.0,2.0,1.0,4.0,9.0,8.0,2.0,3.0,1.0,0.0,,,0.0,0.0,,,,,,,,,,,,,,
W0u1eyJr,EUROPE,2026/2027,EUROPE 3,Conference League,GfRbsVWM,EUROPE 3,09/07/2026,16:00,1/8-finals,Alashkert (Arm),lpzQXDLF,Yelimay Semey (Kaz),GEwrHVl3,False,1,1,1,,,,,[86],[60],bet365,2.63,2.0,4.33,bet365,2.4,2.3,3.75,bet365,1.95,3.1,3.6,bet365,1.5,2.5,bet365,3.4,1.3,bet365,8.0,1.06,bet365,1.33,3.25,bet365,2.5,1.5,bet365,6.0,1.13,bet365,1.1,6.5,bet365,1.44,2.63,bet365,2.38,1.53,bet365,4.5,1.17,bet365,8.5,1.05,bet365,2.1,1.67,bet365,6.0,1.13,bet365,4.33,1.2,bet365,1.22,1.29,1.7,bet365,1.2,1.73,1.44,Sportingbet.br,1.23,1.57,1.49,bet365,1.44,2.63,LuvaBet,1.5,2.4,Betano.br,1.52,2.37,bet365,3.2,15.0,41.0,5.0,4.5,8.0,29.0,17.0,6.0,bet365,2.0,1.85,bet365,2.2,1.67,bet365,2.0,1.73,bet365,7.5,bet365,6.0,bet365,9.0,bet365,6.5,bet365,8.5,bet365,17.0,bet365,9.5,bet365,15.0,bet365,19.0,bet365,17.0,bet365,41.0,bet365,19.0,bet365,34.0,bet365,34.0,bet365,41.0,1xBet.br,9.2,1.0,bet365,6.4,1.12,bet365,3.9,1.24,bet365,3.1,1.35,bet365,2.03,1.78,bet365,1.27,3.55,bet365,1.1,7.0,1xBet.br,1.06,9.0,,0.0,0.0,,0.0,0.0,bet365,21.0,13.0,0.0,bet365,8.5,5.5,23.0,bet365,3.75,3.6,8.5,bet365,1.22,5.0,1.7,bet365,1.06,12.0,1.22,bet365,0.0,0.0,1.06,,,,,,,,,,,0.55,0.45,,,,,,,,,,,14.0,12.0,3.0,2.0,6.0,7.0,5.0,3.0,,,,,,,,,,,11.0,4.0,19.0,16.0,43.0,30.0,10.0,11.0,2.0,4.0,,,5.0,5.0,,,,,,,,,,,,,,,,,,,,,,,,,0.55,0.45,,,,,,,,,,,4.0,8.0,1.0,1.0,3.0,4.0,0.0,3.0,,,,,,,,,,,6.0,4.0,8.0,4.0,23.0,16.0,3.0,7.0,2.0,1.0,,,0.0,2.0,,,,,,,,,,,,,,,,,,,,,,,,,0.55,0.45,,,,,,,,,,,10.0,4.0,2.0,1.0,3.0,3.0,5.0,0.0,,,,,,,,,,,5.0,0.0,11.0,12.0,20.0,14.0,7.0,4.0,0.0,3.0,,,5.0,3.0,,,,,,,,,,,,,,
URFZdlfm,EUROPE,2026/2027,EUROPE 3,Conference League,GfRbsVWM,EUROPE 3,07/07/2026,17:15,1/8-finals,UNA Strassen (Lux),jB6Sq2yc,La Fiorita (San),2BZasmEM,False,1,0,1,,,,,[85],[],bet365,1.67,2.5,9.5,bet365,1.53,2.88,8.5,bet365,1.22,5.25,12.0,bet365,1.33,3.25,bet365,2.5,1.5,bet365,5.5,1.13,bet365,1.2,4.33,bet365,1.91,1.8,bet365,4.0,1.22,bet365,1.04,9.0,bet365,1.22,4.0,bet365,1.73,2.08,bet365,2.75,1.4,bet365,5.0,1.14,bet365,2.5,1.5,bet365,6.5,1.11,bet365,4.5,1.18,bet365,1.01,1.14,4.0,bet365,1.04,1.5,2.1,Sportingbet.br,1.07,1.33,2.3,bet365,1.06,8.0,F12,1.14,5.0,Betano.br,1.13,5.1,bet365,1.73,23.0,67.0,3.75,7.5,21.0,23.0,23.0,19.0,bet365,1.95,1.9,bet365,2.1,1.73,bet365,1.91,1.8,bet365,12.0,bet365,6.5,bet365,23.0,bet365,11.0,bet365,5.5,bet365,51.0,bet365,9.5,bet365,34.0,bet365,29.0,bet365,7.0,bet365,151.0,bet365,13.0,bet365,81.0,bet365,34.0,bet365,81.0,bet365,3.1,1.35,bet365,2.5,1.5,bet365,1.88,1.93,bet365,1.43,2.75,bet365,1.27,3.55,bet365,1.11,6.8,,0.0,0.0,,0.0,0.0,,0.0,0.0,,0.0,0.0,bet365,5.5,5.0,0.0,bet365,2.88,4.0,51.0,bet365,1.73,3.6,29.0,bet365,1.01,13.0,4.0,bet365,1.01,29.0,1.95,bet365,0.0,0.0,1.36,,,,,,,,,,,0.63,0.37,,,,,,,,,,,25.0,1.0,6.0,0.0,12.0,1.0,7.0,0.0,,,,,,,,,,,13.0,0.0,14.0,16.0,17.0,9.0,15.0,14.0,2.0,0.0,,,0.0,1.0,,,,,,,,,,,,,,,,,,,,,,,,,0.63,0.37,,,,,,,,,,,10.0,1.0,4.0,0.0,4.0,1.0,2.0,0.0,,,,,,,,,,,9.0,0.0,8.0,9.0,10.0,4.0,7.0,8.0,1.0,0.0,,,0.0,1.0,,,,,,,,,,,,,,,,,,,,,,,,,0.63,0.37,,,,,,,,,,,15.0,0.0,2.0,0.0,8.0,0.0,5.0,0.0,,,,,,,,,,,4.0,0.0,6.0,7.0,7.0,5.0,8.0,6.0,1.0,0.0,,,0.0,0.0,,,,,,,,,,,,,,
UVseRj5e,EUROPE,2026/2027,EUROPE 3,Conference League,GfRbsVWM,EUROPE 3,08/07/2026,16:00,1/8-finals,Zira (Aze),4CQ5BXNJ,Torpedo Kutaisi (Geo),UHabwVgn,False,3,0,1,,,,,"[32, 47, 63]",[],bet365,2.2,2.2,5.0,bet365,2.0,2.5,4.5,bet365,1.62,3.75,4.5,bet365,1.36,3.0,bet365,2.75,1.4,bet365,6.5,1.1,bet365,1.25,3.75,bet365,2.1,1.67,bet365,4.5,1.18,bet365,1.05,8.5,bet365,1.29,3.5,bet365,1.95,1.85,bet365,3.4,1.3,bet365,6.0,1.11,bet365,1.91,1.8,bet365,5.0,1.17,bet365,3.75,1.25,bet365,1.13,1.2,2.1,bet365,1.14,1.62,1.62,SeguroBet,1.15,1.41,1.81,bet365,1.29,3.5,Casadeapostas,1.3,3.05,Betano.br,1.31,3.15,bet365,2.5,17.0,41.0,4.5,5.5,10.0,23.0,17.0,8.0,bet365,1.93,1.93,bet365,2.1,1.73,bet365,1.91,1.8,bet365,10.0,bet365,6.5,bet365,12.0,bet365,7.5,bet365,7.5,bet365,23.0,bet365,9.0,bet365,15.0,bet365,19.0,bet365,12.0,bet365,51.0,bet365,15.0,bet365,41.0,bet365,29.0,bet365,41.0,bet365,5.75,1.14,bet365,4.65,1.18,bet365,2.75,1.43,bet365,2.15,1.68,bet365,1.68,2.15,bet365,1.2,4.4,1xBet.br,1.01,9.9,1xBet.br,1.01,9.6,,0.0,0.0,,0.0,0.0,bet365,11.0,8.0,0.0,bet365,5.5,4.75,29.0,bet365,2.75,3.6,11.0,bet365,1.13,6.0,2.1,bet365,1.04,15.0,1.4,bet365,0.0,0.0,1.11,,,,,,,,,,,0.54,0.46,,,,,,,,,,,16.0,5.0,10.0,1.0,4.0,1.0,2.0,3.0,,,,,,,,,,,9.0,3.0,12.0,19.0,15.0,13.0,17.0,14.0,2.0,4.0,,,3.0,0.0,,,,,,,,,,,,,,,,,,,,,,,,,0.66,0.34,,,,,,,,,,,11.0,4.0,7.0,1.0,2.0,1.0,2.0,2.0,,,,,,,,,,,8.0,1.0,7.0,9.0,6.0,6.0,7.0,8.0,0.0,1.0,,,1.0,0.0,,,,,,,,,,,,,,,,,,,,,,,,,0.42,0.58,,,,,,,,,,,5.0,1.0,3.0,0.0,2.0,0.0,0.0,1.0,,,,,,,,,,,1.0,2.0,5.0,10.0,9.0,7.0,10.0,6.0,2.0,3.0,,,2.0,0.0,,,,,,,,,,,,,,
rgYlmYRE,EUROPE,2026/2027,EUROPE 3,Conference League,GfRbsVWM,EUROPE 3,09/07/2026,16:00,1/8-finals,Hegelmann (Ltu),nmpJqEeg,Paide (Est),CAjWlFop,False,1,1,1,,,,,"[45, 45]",[37],bet365,2.75,2.2,3.6,bet365,2.4,2.5,3.25,bet365,2.05,3.5,2.9,bet365,1.36,3.0,bet365,2.75,1.4,bet365,6.5,1.1,bet365,1.22,4.0,bet365,2.1,1.67,bet365,4.5,1.18,bet365,1.05,8.5,bet365,1.3,3.4,bet365,1.95,1.85,bet365,3.4,1.3,bet365,6.0,1.11,bet365,1.8,1.91,bet365,4.5,1.18,bet365,3.5,1.29,bet365,1.3,1.22,1.62,bet365,1.29,1.62,1.4,Betano.br,1.3,1.47,1.52,bet365,1.57,2.25,Goldebet,1.6,2.2,Betano.br,1.6,2.2,bet365,3.4,15.0,34.0,5.5,5.5,7.0,26.0,15.0,5.0,bet365,1.93,1.93,bet365,2.1,1.73,bet365,1.91,1.8,bet365,11.0,bet365,8.0,bet365,10.0,bet365,7.0,bet365,10.0,bet365,15.0,bet365,9.5,bet365,11.0,bet365,15.0,bet365,19.0,bet365,34.0,bet365,17.0,bet365,26.0,bet365,26.0,bet365,34.0,1xBet.br,8.1,1.02,1xBet.br,8.2,1.07,bet365,3.9,1.24,bet365,3.1,1.35,bet365,2.1,1.7,bet365,1.38,3.0,bet365,1.14,5.75,bet365,1.11,6.6,SeguroBet,1.02,10.0,SeguroBet,1.02,10.3,bet365,21.0,13.0,26.0,bet365,8.0,6.0,17.0,bet365,3.75,4.0,6.0,bet365,1.3,4.75,1.62,bet365,1.1,9.5,1.22,bet365,1.04,15.0,1.06,,,,,,,,,,,0.39,0.61,,,,,,,,,,,11.0,3.0,3.0,2.0,3.0,1.0,5.0,0.0,,,,,,,,,,,1.0,4.0,16.0,15.0,30.0,16.0,14.0,16.0,,,,,1.0,0.0,,,,,,,,,,,,,,,,,,,,,,,,,0.4,0.6,,,,,,,,,,,6.0,2.0,1.0,2.0,3.0,0.0,2.0,0.0,,,,,,,,,,,0.0,2.0,9.0,6.0,15.0,5.0,4.0,10.0,,,,,1.0,0.0,,,,,,,,,,,,,,,,,,,,,,,,,0.38,0.62,,,,,,,,,,,5.0,1.0,2.0,0.0,0.0,1.0,3.0,0.0,,,,,,,,,,,1.0,2.0,7.0,9.0,15.0,11.0,10.0,6.0,,,,,0.0,0.0,,,,,,,,,,,,,,
