Match_ID,Country,Season,Div,League,Date,Time,Round,Home,Home_ID,Away,Away_ID,Neutral_Location,Home_Score,Away_Score,LegMatch,First_Leg_Home_Score,First_Leg_Away_Score,Agg_Home_Score,Agg_Away_Score,Min_Goals_Home,Min_Goals_Away,Bookie_1X2_HT,Odd_1_HT,Odd_X_HT,Odd_2_HT,Bookie_1X2_2T,Odd_1_2T,Odd_X_2T,Odd_2_2T,Bookie_1X2_FT,Odd_1_FT,Odd_X_FT,Odd_2_FT,Bookie_OU_HT_0_5,Over_HT_0_5,Under_HT_0_5,Bookie_OU_HT_1_5,Over_HT_1_5,Under_HT_1_5,Bookie_OU_HT_2_5,Over_HT_2_5,Under_HT_2_5,Bookie_OU_2T_0_5,Over_2T_0_5,Under_2T_0_5,Bookie_OU_2T_1_5,Over_2T_1_5,Under_2T_1_5,Bookie_OU_2T_2_5,Over_2T_2_5,Under_2T_2_5,Bookie_OU_FT_0_5,Over_FT_0_5,Under_FT_0_5,Bookie_OU_FT_1_5,Over_FT_1_5,Under_FT_1_5,Bookie_OU_FT_2_5,Over_FT_2_5,Under_FT_2_5,Bookie_OU_FT_3_5,Over_FT_3_5,Under_FT_3_5,Bookie_OU_FT_4_5,Over_FT_4_5,Under_FT_4_5,Bookie_BTTS,BTTS_Yes,BTTS_No,Bookie_BTTS_HT,BTTS_Yes_HT,BTTS_No_HT,Bookie_BTTS_2T,BTTS_Yes_2T,BTTS_No_2T,Bookie_DC,DC_1X,DC_12,DC_X2,Bookie_DC_HT,DC_1X_HT,DC_12_HT,DC_X2_HT,Bookie_DC_2T,DC_1X_2T,DC_12_2T,DC_X2_2T,Bookie_DNB_FT,DNB_Home_FT,DNB_Away_FT,Bookie_DNB_HT,DNB_Home_HT,DNB_Away_HT,Bookie_DNB_2T,DNB_Home_2T,DNB_Away_2T,Bookie_HT_FT,HT_FT_1_1,HT_FT_1_X,HT_FT_1_2,HT_FT_X_1,HT_FT_X_X,HT_FT_X_2,HT_FT_2_1,HT_FT_2_X,HT_FT_2_2,Bookie_OE_FT,OE_Odd_FT,OE_Even_FT,Bookie_OE_HT,OE_Odd_HT,OE_Even_HT,Bookie_OE_2T,OE_Odd_2T,OE_Even_2T,Bookie_CS_0_0,CS_0_0,Bookie_CS_1_0,CS_1_0,Bookie_CS_0_1,CS_0_1,Bookie_CS_1_1,CS_1_1,Bookie_CS_2_0,CS_2_0,Bookie_CS_0_2,CS_0_2,Bookie_CS_2_1,CS_2_1,Bookie_CS_1_2,CS_1_2,Bookie_CS_2_2,CS_2_2,Bookie_CS_3_0,CS_3_0,Bookie_CS_0_3,CS_0_3,Bookie_CS_3_1,CS_3_1,Bookie_CS_1_3,CS_1_3,Bookie_CS_3_2,CS_3_2,Bookie_CS_2_3,CS_2_3,Bookie_AH_neg_2_5,AH_Home_neg_2_5,AH_Away_neg_2_5,Bookie_AH_neg_2_0,AH_Home_neg_2_0,AH_Away_neg_2_0,Bookie_AH_neg_1_5,AH_Home_neg_1_5,AH_Away_neg_1_5,Bookie_AH_neg_1_0,AH_Home_neg_1_0,AH_Away_neg_1_0,Bookie_AH_neg_0_5,AH_Home_neg_0_5,AH_Away_neg_0_5,Bookie_AH_pos_0_5,AH_Home_pos_0_5,AH_Away_pos_0_5,Bookie_AH_pos_1_0,AH_Home_pos_1_0,AH_Away_pos_1_0,Bookie_AH_pos_1_5,AH_Home_pos_1_5,AH_Away_pos_1_5,Bookie_AH_pos_2_0,AH_Home_pos_2_0,AH_Away_pos_2_0,Bookie_AH_pos_2_5,AH_Home_pos_2_5,AH_Away_pos_2_5,Bookie_EH_neg_3,EH_Home_neg_3,EH_Draw_neg_3,EH_Away_neg_3,Bookie_EH_neg_2,EH_Home_neg_2,EH_Draw_neg_2,EH_Away_neg_2,Bookie_EH_neg_1,EH_Home_neg_1,EH_Draw_neg_1,EH_Away_neg_1,Bookie_EH_pos_1,EH_Home_pos_1,EH_Draw_pos_1,EH_Away_pos_1,Bookie_EH_pos_2,EH_Home_pos_2,EH_Draw_pos_2,EH_Away_pos_2,Bookie_EH_pos_3,EH_Home_pos_3,EH_Draw_pos_3,EH_Away_pos_3,xG_Home_FT,xG_Away_FT,xGOT_Home_FT,xGOT_Away_FT,xA_Home_FT,xA_Away_FT,xGOT_Faced_Home_FT,xGOT_Faced_Away_FT,Goals_Prevented_Home_FT,Goals_Prevented_Away_FT,Possession_Home_FT,Possession_Away_FT,Passes_Pct_Home_FT,Passes_Pct_Away_FT,Long_Passes_Pct_Home_FT,Long_Passes_Pct_Away_FT,Passes_Final_Third_Pct_Home_FT,Passes_Final_Third_Pct_Away_FT,Through_Passes_Home_FT,Through_Passes_Away_FT,Crosses_Pct_Home_FT,Crosses_Pct_Away_FT,Total_Shots_Home_FT,Total_Shots_Away_FT,Shots_On_Target_Home_FT,Shots_On_Target_Away_FT,Shots_Off_Target_Home_FT,Shots_Off_Target_Away_FT,Blocked_Shots_Home_FT,Blocked_Shots_Away_FT,Shots_Inside_Box_Home_FT,Shots_Inside_Box_Away_FT,Shots_Outside_Box_Home_FT,Shots_Outside_Box_Away_FT,Big_Chances_Home_FT,Big_Chances_Away_FT,Hit_Woodwork_Home_FT,Hit_Woodwork_Away_FT,Touches_Box_Home_FT,Touches_Box_Away_FT,Corners_Home_FT,Corners_Away_FT,Free_Kicks_Home_FT,Free_Kicks_Away_FT,Throw_Ins_Home_FT,Throw_Ins_Away_FT,Fouls_Home_FT,Fouls_Away_FT,Yellow_Cards_Home_FT,Yellow_Cards_Away_FT,Red_Cards_Home_FT,Red_Cards_Away_FT,Offsides_Home_FT,Offsides_Away_FT,Goalkeeper_Saves_Home_FT,Goalkeeper_Saves_Away_FT,Tackles_Pct_Home_FT,Tackles_Pct_Away_FT,Duels_Won_Home_FT,Duels_Won_Away_FT,Clearances_Home_FT,Clearances_Away_FT,Interceptions_Home_FT,Interceptions_Away_FT,Errors_Shot_Home_FT,Errors_Shot_Away_FT,Errors_Goal_Home_FT,Errors_Goal_Away_FT,xG_Home_HT,xG_Away_HT,xGOT_Home_HT,xGOT_Away_HT,xA_Home_HT,xA_Away_HT,xGOT_Faced_Home_HT,xGOT_Faced_Away_HT,Goals_Prevented_Home_HT,Goals_Prevented_Away_HT,Possession_Home_HT,Possession_Away_HT,Passes_Pct_Home_HT,Passes_Pct_Away_HT,Long_Passes_Pct_Home_HT,Long_Passes_Pct_Away_HT,Passes_Final_Third_Pct_Home_HT,Passes_Final_Third_Pct_Away_HT,Through_Passes_Home_HT,Through_Passes_Away_HT,Crosses_Pct_Home_HT,Crosses_Pct_Away_HT,Total_Shots_Home_HT,Total_Shots_Away_HT,Shots_On_Target_Home_HT,Shots_On_Target_Away_HT,Shots_Off_Target_Home_HT,Shots_Off_Target_Away_HT,Blocked_Shots_Home_HT,Blocked_Shots_Away_HT,Shots_Inside_Box_Home_HT,Shots_Inside_Box_Away_HT,Shots_Outside_Box_Home_HT,Shots_Outside_Box_Away_HT,Big_Chances_Home_HT,Big_Chances_Away_HT,Hit_Woodwork_Home_HT,Hit_Woodwork_Away_HT,Touches_Box_Home_HT,Touches_Box_Away_HT,Corners_Home_HT,Corners_Away_HT,Free_Kicks_Home_HT,Free_Kicks_Away_HT,Throw_Ins_Home_HT,Throw_Ins_Away_HT,Fouls_Home_HT,Fouls_Away_HT,Yellow_Cards_Home_HT,Yellow_Cards_Away_HT,Red_Cards_Home_HT,Red_Cards_Away_HT,Offsides_Home_HT,Offsides_Away_HT,Goalkeeper_Saves_Home_HT,Goalkeeper_Saves_Away_HT,Tackles_Pct_Home_HT,Tackles_Pct_Away_HT,Duels_Won_Home_HT,Duels_Won_Away_HT,Clearances_Home_HT,Clearances_Away_HT,Interceptions_Home_HT,Interceptions_Away_HT,Errors_Shot_Home_HT,Errors_Shot_Away_HT,Errors_Goal_Home_HT,Errors_Goal_Away_HT,xG_Home_2T,xG_Away_2T,xGOT_Home_2T,xGOT_Away_2T,xA_Home_2T,xA_Away_2T,xGOT_Faced_Home_2T,xGOT_Faced_Away_2T,Goals_Prevented_Home_2T,Goals_Prevented_Away_2T,Possession_Home_2T,Possession_Away_2T,Passes_Pct_Home_2T,Passes_Pct_Away_2T,Long_Passes_Pct_Home_2T,Long_Passes_Pct_Away_2T,Passes_Final_Third_Pct_Home_2T,Passes_Final_Third_Pct_Away_2T,Through_Passes_Home_2T,Through_Passes_Away_2T,Crosses_Pct_Home_2T,Crosses_Pct_Away_2T,Total_Shots_Home_2T,Total_Shots_Away_2T,Shots_On_Target_Home_2T,Shots_On_Target_Away_2T,Shots_Off_Target_Home_2T,Shots_Off_Target_Away_2T,Blocked_Shots_Home_2T,Blocked_Shots_Away_2T,Shots_Inside_Box_Home_2T,Shots_Inside_Box_Away_2T,Shots_Outside_Box_Home_2T,Shots_Outside_Box_Away_2T,Big_Chances_Home_2T,Big_Chances_Away_2T,Hit_Woodwork_Home_2T,Hit_Woodwork_Away_2T,Touches_Box_Home_2T,Touches_Box_Away_2T,Corners_Home_2T,Corners_Away_2T,Free_Kicks_Home_2T,Free_Kicks_Away_2T,Throw_Ins_Home_2T,Throw_Ins_Away_2T,Fouls_Home_2T,Fouls_Away_2T,Yellow_Cards_Home_2T,Yellow_Cards_Away_2T,Red_Cards_Home_2T,Red_Cards_Away_2T,Offsides_Home_2T,Offsides_Away_2T,Goalkeeper_Saves_Home_2T,Goalkeeper_Saves_Away_2T,Tackles_Pct_Home_2T,Tackles_Pct_Away_2T,Duels_Won_Home_2T,Duels_Won_Away_2T,Clearances_Home_2T,Clearances_Away_2T,Interceptions_Home_2T,Interceptions_Away_2T,Errors_Shot_Home_2T,Errors_Shot_Away_2T,Errors_Goal_Home_2T,Errors_Goal_Away_2T
QuBDPb6M,FINLAND,2025,FINLAND 1,FINLAND 1,09/11/2025,13:00,,Inter Turku,QwkNUoNH,Ilves,pYGmWmwa,False,2,0,,,,,,[],[],,0.0,0.0,0.0,,0.0,0.0,0.0,,0.0,0.0,0.0,,0.0,0.0,,0.0,0.0,,0.0,0.0,,0.0,0.0,,0.0,0.0,,0.0,0.0,,0.0,0.0,,0.0,0.0,,0.0,0.0,,0.0,0.0,,0.0,0.0,,0.0,0.0,,0.0,0.0,,0.0,0.0,,0.0,0.0,0.0,,0.0,0.0,0.0,,0.0,0.0,0.0,,0.0,0.0,,0.0,0.0,,0.0,0.0,,0.0,0.0,0.0,0.0,0.0,0.0,0.0,0.0,0.0,,0.0,0.0,,0.0,0.0,,0.0,0.0,,0.0,,0.0,,0.0,,0.0,,0.0,,0.0,,0.0,,0.0,,0.0,,0.0,,0.0,,0.0,,0.0,,0.0,,0.0,,0.0,0.0,,0.0,0.0,,0.0,0.0,,0.0,0.0,,0.0,0.0,,0.0,0.0,,0.0,0.0,,0.0,0.0,,0.0,0.0,,0.0,0.0,,0.0,0.0,0.0,,0.0,0.0,0.0,,0.0,0.0,0.0,,0.0,0.0,0.0,,0.0,0.0,0.0,,0.0,0.0,0.0,,,,,,,,,,,,,,,,,,,,,,,,,,,,,,,,,,,,,,,,,,,,,,,,,,,,,,,,,,,,,,,,,,,,,,,,,,,,,,,,,,,,,,,,,,,,,,,,,,,,,,,,,,,,,,,,,,,,,,,,,,,,,,,,,,,,,,,,,,,,,,,,,,,,,,,,,,,,,,,,,,,,,,,,,,,,,,,,,,,,,,,,,,,,,,,,,,,,,,,,,,,,
Q5f4bM7N,FINLAND,2025,FINLAND 1,FINLAND 1,25/10/2025,14:00,,Gnistan,Aa28K98n,Ilves,pYGmWmwa,False,1,3,,,,,,[],[],,0.0,0.0,0.0,,0.0,0.0,0.0,,0.0,0.0,0.0,,0.0,0.0,,0.0,0.0,,0.0,0.0,,0.0,0.0,,0.0,0.0,,0.0,0.0,,0.0,0.0,,0.0,0.0,,0.0,0.0,,0.0,0.0,,0.0,0.0,,0.0,0.0,,0.0,0.0,,0.0,0.0,,0.0,0.0,0.0,,0.0,0.0,0.0,,0.0,0.0,0.0,,0.0,0.0,,0.0,0.0,,0.0,0.0,,0.0,0.0,0.0,0.0,0.0,0.0,0.0,0.0,0.0,,0.0,0.0,,0.0,0.0,,0.0,0.0,,0.0,,0.0,,0.0,,0.0,,0.0,,0.0,,0.0,,0.0,,0.0,,0.0,,0.0,,0.0,,0.0,,0.0,,0.0,,0.0,0.0,,0.0,0.0,,0.0,0.0,,0.0,0.0,,0.0,0.0,,0.0,0.0,,0.0,0.0,,0.0,0.0,,0.0,0.0,,0.0,0.0,,0.0,0.0,0.0,,0.0,0.0,0.0,,0.0,0.0,0.0,,0.0,0.0,0.0,,0.0,0.0,0.0,,0.0,0.0,0.0,,,,,,,,,,,,,,,,,,,,,,,,,,,,,,,,,,,,,,,,,,,,,,,,,,,,,,,,,,,,,,,,,,,,,,,,,,,,,,,,,,,,,,,,,,,,,,,,,,,,,,,,,,,,,,,,,,,,,,,,,,,,,,,,,,,,,,,,,,,,,,,,,,,,,,,,,,,,,,,,,,,,,,,,,,,,,,,,,,,,,,,,,,,,,,,,,,,,,,,,,,,,
Kx50AM1B,FINLAND,2025,FINLAND 1,FINLAND 1,18/10/2025,14:00,,VPS,8GveH5dA,Jaro,faEPan8O,False,1,3,,,,,,[],[],,0.0,0.0,0.0,,0.0,0.0,0.0,,0.0,0.0,0.0,,0.0,0.0,,0.0,0.0,,0.0,0.0,,0.0,0.0,,0.0,0.0,,0.0,0.0,,0.0,0.0,,0.0,0.0,,0.0,0.0,,0.0,0.0,,0.0,0.0,,0.0,0.0,,0.0,0.0,,0.0,0.0,,0.0,0.0,0.0,,0.0,0.0,0.0,,0.0,0.0,0.0,,0.0,0.0,,0.0,0.0,,0.0,0.0,,0.0,0.0,0.0,0.0,0.0,0.0,0.0,0.0,0.0,,0.0,0.0,,0.0,0.0,,0.0,0.0,,0.0,,0.0,,0.0,,0.0,,0.0,,0.0,,0.0,,0.0,,0.0,,0.0,,0.0,,0.0,,0.0,,0.0,,0.0,,0.0,0.0,,0.0,0.0,,0.0,0.0,,0.0,0.0,,0.0,0.0,,0.0,0.0,,0.0,0.0,,0.0,0.0,,0.0,0.0,,0.0,0.0,,0.0,0.0,0.0,,0.0,0.0,0.0,,0.0,0.0,0.0,,0.0,0.0,0.0,,0.0,0.0,0.0,,0.0,0.0,0.0,,,,,,,,,,,,,,,,,,,,,,,,,,,,,,,,,,,,,,,,,,,,,,,,,,,,,,,,,,,,,,,,,,,,,,,,,,,,,,,,,,,,,,,,,,,,,,,,,,,,,,,,,,,,,,,,,,,,,,,,,,,,,,,,,,,,,,,,,,,,,,,,,,,,,,,,,,,,,,,,,,,,,,,,,,,,,,,,,,,,,,,,,,,,,,,,,,,,,,,,,,,,
KOPReNnI,FINLAND,2025,FINLAND 1,FINLAND 1,28/09/2025,13:00,,Jaro,faEPan8O,Mariehamn,C8bOhcyj,False,2,3,,,,,,[],[],,0.0,0.0,0.0,,0.0,0.0,0.0,,0.0,0.0,0.0,,0.0,0.0,,0.0,0.0,,0.0,0.0,,0.0,0.0,,0.0,0.0,,0.0,0.0,,0.0,0.0,,0.0,0.0,,0.0,0.0,,0.0,0.0,,0.0,0.0,,0.0,0.0,,0.0,0.0,,0.0,0.0,,0.0,0.0,0.0,,0.0,0.0,0.0,,0.0,0.0,0.0,,0.0,0.0,,0.0,0.0,,0.0,0.0,,0.0,0.0,0.0,0.0,0.0,0.0,0.0,0.0,0.0,,0.0,0.0,,0.0,0.0,,0.0,0.0,,0.0,,0.0,,0.0,,0.0,,0.0,,0.0,,0.0,,0.0,,0.0,,0.0,,0.0,,0.0,,0.0,,0.0,,0.0,,0.0,0.0,,0.0,0.0,,0.0,0.0,,0.0,0.0,,0.0,0.0,,0.0,0.0,,0.0,0.0,,0.0,0.0,,0.0,0.0,,0.0,0.0,,0.0,0.0,0.0,,0.0,0.0,0.0,,0.0,0.0,0.0,,0.0,0.0,0.0,,0.0,0.0,0.0,,0.0,0.0,0.0,,,,,,,,,,,,,,,,,,,,,,,,,,,,,,,,,,,,,,,,,,,,,,,,,,,,,,,,,,,,,,,,,,,,,,,,,,,,,,,,,,,,,,,,,,,,,,,,,,,,,,,,,,,,,,,,,,,,,,,,,,,,,,,,,,,,,,,,,,,,,,,,,,,,,,,,,,,,,,,,,,,,,,,,,,,,,,,,,,,,,,,,,,,,,,,,,,,,,,,,,,,,
Y7RJcqI5,FINLAND,2025,FINLAND 1,FINLAND 1,27/09/2025,14:00,,AC Oulu,Y35Jer59,KTP,zsgwCpdF,False,0,2,,,,,,[],[],,0.0,0.0,0.0,,0.0,0.0,0.0,,0.0,0.0,0.0,,0.0,0.0,,0.0,0.0,,0.0,0.0,,0.0,0.0,,0.0,0.0,,0.0,0.0,,0.0,0.0,,0.0,0.0,,0.0,0.0,,0.0,0.0,,0.0,0.0,,0.0,0.0,,0.0,0.0,,0.0,0.0,,0.0,0.0,0.0,,0.0,0.0,0.0,,0.0,0.0,0.0,,0.0,0.0,,0.0,0.0,,0.0,0.0,,0.0,0.0,0.0,0.0,0.0,0.0,0.0,0.0,0.0,,0.0,0.0,,0.0,0.0,,0.0,0.0,,0.0,,0.0,,0.0,,0.0,,0.0,,0.0,,0.0,,0.0,,0.0,,0.0,,0.0,,0.0,,0.0,,0.0,,0.0,,0.0,0.0,,0.0,0.0,,0.0,0.0,,0.0,0.0,,0.0,0.0,,0.0,0.0,,0.0,0.0,,0.0,0.0,,0.0,0.0,,0.0,0.0,,0.0,0.0,0.0,,0.0,0.0,0.0,,0.0,0.0,0.0,,0.0,0.0,0.0,,0.0,0.0,0.0,,0.0,0.0,0.0,,,,,,,,,,,,,,,,,,,,,,,,,,,,,,,,,,,,,,,,,,,,,,,,,,,,,,,,,,,,,,,,,,,,,,,,,,,,,,,,,,,,,,,,,,,,,,,,,,,,,,,,,,,,,,,,,,,,,,,,,,,,,,,,,,,,,,,,,,,,,,,,,,,,,,,,,,,,,,,,,,,,,,,,,,,,,,,,,,,,,,,,,,,,,,,,,,,,,,,,,,,,
fLSVmEml,FINLAND,2025,FINLAND 1,FINLAND 1,27/09/2025,14:00,,SJK,hj3ima3I,Inter Turku,QwkNUoNH,False,2,1,,,,,,[],[],,0.0,0.0,0.0,,0.0,0.0,0.0,,0.0,0.0,0.0,,0.0,0.0,,0.0,0.0,,0.0,0.0,,0.0,0.0,,0.0,0.0,,0.0,0.0,,0.0,0.0,,0.0,0.0,,0.0,0.0,,0.0,0.0,,0.0,0.0,,0.0,0.0,,0.0,0.0,,0.0,0.0,,0.0,0.0,0.0,,0.0,0.0,0.0,,0.0,0.0,0.0,,0.0,0.0,,0.0,0.0,,0.0,0.0,,0.0,0.0,0.0,0.0,0.0,0.0,0.0,0.0,0.0,,0.0,0.0,,0.0,0.0,,0.0,0.0,,0.0,,0.0,,0.0,,0.0,,0.0,,0.0,,0.0,,0.0,,0.0,,0.0,,0.0,,0.0,,0.0,,0.0,,0.0,,0.0,0.0,,0.0,0.0,,0.0,0.0,,0.0,0.0,,0.0,0.0,,0.0,0.0,,0.0,0.0,,0.0,0.0,,0.0,0.0,,0.0,0.0,,0.0,0.0,0.0,,0.0,0.0,0.0,,0.0,0.0,0.0,,0.0,0.0,0.0,,0.0,0.0,0.0,,0.0,0.0,0.0,,,,,,,,,,,,,,,,,,,,,,,,,,,,,,,,,,,,,,,,,,,,,,,,,,,,,,,,,,,,,,,,,,,,,,,,,,,,,,,,,,,,,,,,,,,,,,,,,,,,,,,,,,,,,,,,,,,,,,,,,,,,,,,,,,,,,,,,,,,,,,,,,,,,,,,,,,,,,,,,,,,,,,,,,,,,,,,,,,,,,,,,,,,,,,,,,,,,,,,,,,,,
x4nagzQQ,FINLAND,2025,FINLAND 1,FINLAND 1,27/09/2025,12:00,,Gnistan,Aa28K98n,KuPS,nLBbqJDS,False,0,4,,,,,,[],[],,0.0,0.0,0.0,,0.0,0.0,0.0,,0.0,0.0,0.0,,0.0,0.0,,0.0,0.0,,0.0,0.0,,0.0,0.0,,0.0,0.0,,0.0,0.0,,0.0,0.0,,0.0,0.0,,0.0,0.0,,0.0,0.0,,0.0,0.0,,0.0,0.0,,0.0,0.0,,0.0,0.0,,0.0,0.0,0.0,,0.0,0.0,0.0,,0.0,0.0,0.0,,0.0,0.0,,0.0,0.0,,0.0,0.0,,0.0,0.0,0.0,0.0,0.0,0.0,0.0,0.0,0.0,,0.0,0.0,,0.0,0.0,,0.0,0.0,,0.0,,0.0,,0.0,,0.0,,0.0,,0.0,,0.0,,0.0,,0.0,,0.0,,0.0,,0.0,,0.0,,0.0,,0.0,,0.0,0.0,,0.0,0.0,,0.0,0.0,,0.0,0.0,,0.0,0.0,,0.0,0.0,,0.0,0.0,,0.0,0.0,,0.0,0.0,,0.0,0.0,,0.0,0.0,0.0,,0.0,0.0,0.0,,0.0,0.0,0.0,,0.0,0.0,0.0,,0.0,0.0,0.0,,0.0,0.0,0.0,,,,,,,,,,,,,,,,,,,,,,,,,,,,,,,,,,,,,,,,,,,,,,,,,,,,,,,,,,,,,,,,,,,,,,,,,,,,,,,,,,,,,,,,,,,,,,,,,,,,,,,,,,,,,,,,,,,,,,,,,,,,,,,,,,,,,,,,,,,,,,,,,,,,,,,,,,,,,,,,,,,,,,,,,,,,,,,,,,,,,,,,,,,,,,,,,,,,,,,,,,,,
ChwBa5mg,FINLAND,2025,FINLAND 1,FINLAND 1,26/09/2025,15:00,,VPS,8GveH5dA,Haka,6oug4RRc,False,1,0,,,,,,[],[],,0.0,0.0,0.0,,0.0,0.0,0.0,,0.0,0.0,0.0,,0.0,0.0,,0.0,0.0,,0.0,0.0,,0.0,0.0,,0.0,0.0,,0.0,0.0,,0.0,0.0,,0.0,0.0,,0.0,0.0,,0.0,0.0,,0.0,0.0,,0.0,0.0,,0.0,0.0,,0.0,0.0,,0.0,0.0,0.0,,0.0,0.0,0.0,,0.0,0.0,0.0,,0.0,0.0,,0.0,0.0,,0.0,0.0,,0.0,0.0,0.0,0.0,0.0,0.0,0.0,0.0,0.0,,0.0,0.0,,0.0,0.0,,0.0,0.0,,0.0,,0.0,,0.0,,0.0,,0.0,,0.0,,0.0,,0.0,,0.0,,0.0,,0.0,,0.0,,0.0,,0.0,,0.0,,0.0,0.0,,0.0,0.0,,0.0,0.0,,0.0,0.0,,0.0,0.0,,0.0,0.0,,0.0,0.0,,0.0,0.0,,0.0,0.0,,0.0,0.0,,0.0,0.0,0.0,,0.0,0.0,0.0,,0.0,0.0,0.0,,0.0,0.0,0.0,,0.0,0.0,0.0,,0.0,0.0,0.0,,,,,,,,,,,,,,,,,,,,,,,,,,,,,,,,,,,,,,,,,,,,,,,,,,,,,,,,,,,,,,,,,,,,,,,,,,,,,,,,,,,,,,,,,,,,,,,,,,,,,,,,,,,,,,,,,,,,,,,,,,,,,,,,,,,,,,,,,,,,,,,,,,,,,,,,,,,,,,,,,,,,,,,,,,,,,,,,,,,,,,,,,,,,,,,,,,,,,,,,,,,,
UwqiedeE,FINLAND,2025,FINLAND 1,FINLAND 1,23/09/2025,16:00,,Inter Turku,QwkNUoNH,HJK,nmjJVR7B,False,0,0,,,,,,[],[],,0.0,0.0,0.0,,0.0,0.0,0.0,,0.0,0.0,0.0,,0.0,0.0,,0.0,0.0,,0.0,0.0,,0.0,0.0,,0.0,0.0,,0.0,0.0,,0.0,0.0,,0.0,0.0,,0.0,0.0,,0.0,0.0,,0.0,0.0,,0.0,0.0,,0.0,0.0,,0.0,0.0,,0.0,0.0,0.0,,0.0,0.0,0.0,,0.0,0.0,0.0,,0.0,0.0,,0.0,0.0,,0.0,0.0,,0.0,0.0,0.0,0.0,0.0,0.0,0.0,0.0,0.0,,0.0,0.0,,0.0,0.0,,0.0,0.0,,0.0,,0.0,,0.0,,0.0,,0.0,,0.0,,0.0,,0.0,,0.0,,0.0,,0.0,,0.0,,0.0,,0.0,,0.0,,0.0,0.0,,0.0,0.0,,0.0,0.0,,0.0,0.0,,0.0,0.0,,0.0,0.0,,0.0,0.0,,0.0,0.0,,0.0,0.0,,0.0,0.0,,0.0,0.0,0.0,,0.0,0.0,0.0,,0.0,0.0,0.0,,0.0,0.0,0.0,,0.0,0.0,0.0,,0.0,0.0,0.0,,,,,,,,,,,,,,,,,,,,,,,,,,,,,,,,,,,,,,,,,,,,,,,,,,,,,,,,,,,,,,,,,,,,,,,,,,,,,,,,,,,,,,,,,,,,,,,,,,,,,,,,,,,,,,,,,,,,,,,,,,,,,,,,,,,,,,,,,,,,,,,,,,,,,,,,,,,,,,,,,,,,,,,,,,,,,,,,,,,,,,,,,,,,,,,,,,,,,,,,,,,,
vkGbk67e,FINLAND,2025,FINLAND 1,FINLAND 1,23/09/2025,15:00,,Ilves,pYGmWmwa,Gnistan,Aa28K98n,False,3,2,,,,,,[],[],,0.0,0.0,0.0,,0.0,0.0,0.0,,0.0,0.0,0.0,,0.0,0.0,,0.0,0.0,,0.0,0.0,,0.0,0.0,,0.0,0.0,,0.0,0.0,,0.0,0.0,,0.0,0.0,,0.0,0.0,,0.0,0.0,,0.0,0.0,,0.0,0.0,,0.0,0.0,,0.0,0.0,,0.0,0.0,0.0,,0.0,0.0,0.0,,0.0,0.0,0.0,,0.0,0.0,,0.0,0.0,,0.0,0.0,,0.0,0.0,0.0,0.0,0.0,0.0,0.0,0.0,0.0,,0.0,0.0,,0.0,0.0,,0.0,0.0,,0.0,,0.0,,0.0,,0.0,,0.0,,0.0,,0.0,,0.0,,0.0,,0.0,,0.0,,0.0,,0.0,,0.0,,0.0,,0.0,0.0,,0.0,0.0,,0.0,0.0,,0.0,0.0,,0.0,0.0,,0.0,0.0,,0.0,0.0,,0.0,0.0,,0.0,0.0,,0.0,0.0,,0.0,0.0,0.0,,0.0,0.0,0.0,,0.0,0.0,0.0,,0.0,0.0,0.0,,0.0,0.0,0.0,,0.0,0.0,0.0,,,,,,,,,,,,,,,,,,,,,,,,,,,,,,,,,,,,,,,,,,,,,,,,,,,,,,,,,,,,,,,,,,,,,,,,,,,,,,,,,,,,,,,,,,,,,,,,,,,,,,,,,,,,,,,,,,,,,,,,,,,,,,,,,,,,,,,,,,,,,,,,,,,,,,,,,,,,,,,,,,,,,,,,,,,,,,,,,,,,,,,,,,,,,,,,,,,,,,,,,,,,
4SZ21RIt,FINLAND,2025,FINLAND 1,FINLAND 1,21/09/2025,15:30,,Mariehamn,C8bOhcyj,VPS,8GveH5dA,False,2,1,,,,,,[],[],,0.0,0.0,0.0,,0.0,0.0,0.0,,0.0,0.0,0.0,,0.0,0.0,,0.0,0.0,,0.0,0.0,,0.0,0.0,,0.0,0.0,,0.0,0.0,,0.0,0.0,,0.0,0.0,,0.0,0.0,,0.0,0.0,,0.0,0.0,,0.0,0.0,,0.0,0.0,,0.0,0.0,,0.0,0.0,0.0,,0.0,0.0,0.0,,0.0,0.0,0.0,,0.0,0.0,,0.0,0.0,,0.0,0.0,,0.0,0.0,0.0,0.0,0.0,0.0,0.0,0.0,0.0,,0.0,0.0,,0.0,0.0,,0.0,0.0,,0.0,,0.0,,0.0,,0.0,,0.0,,0.0,,0.0,,0.0,,0.0,,0.0,,0.0,,0.0,,0.0,,0.0,,0.0,,0.0,0.0,,0.0,0.0,,0.0,0.0,,0.0,0.0,,0.0,0.0,,0.0,0.0,,0.0,0.0,,0.0,0.0,,0.0,0.0,,0.0,0.0,,0.0,0.0,0.0,,0.0,0.0,0.0,,0.0,0.0,0.0,,0.0,0.0,0.0,,0.0,0.0,0.0,,0.0,0.0,0.0,,,,,,,,,,,,,,,,,,,,,,,,,,,,,,,,,,,,,,,,,,,,,,,,,,,,,,,,,,,,,,,,,,,,,,,,,,,,,,,,,,,,,,,,,,,,,,,,,,,,,,,,,,,,,,,,,,,,,,,,,,,,,,,,,,,,,,,,,,,,,,,,,,,,,,,,,,,,,,,,,,,,,,,,,,,,,,,,,,,,,,,,,,,,,,,,,,,,,,,,,,,,
nFJ6mpx8,FINLAND,2025,FINLAND 1,FINLAND 1,23/09/2025,15:00,,KuPS,nLBbqJDS,SJK,hj3ima3I,False,3,2,,,,,,[],[],,0.0,0.0,0.0,,0.0,0.0,0.0,,0.0,0.0,0.0,,0.0,0.0,,0.0,0.0,,0.0,0.0,,0.0,0.0,,0.0,0.0,,0.0,0.0,,0.0,0.0,,0.0,0.0,,0.0,0.0,,0.0,0.0,,0.0,0.0,,0.0,0.0,,0.0,0.0,,0.0,0.0,,0.0,0.0,0.0,,0.0,0.0,0.0,,0.0,0.0,0.0,,0.0,0.0,,0.0,0.0,,0.0,0.0,,0.0,0.0,0.0,0.0,0.0,0.0,0.0,0.0,0.0,,0.0,0.0,,0.0,0.0,,0.0,0.0,,0.0,,0.0,,0.0,,0.0,,0.0,,0.0,,0.0,,0.0,,0.0,,0.0,,0.0,,0.0,,0.0,,0.0,,0.0,,0.0,0.0,,0.0,0.0,,0.0,0.0,,0.0,0.0,,0.0,0.0,,0.0,0.0,,0.0,0.0,,0.0,0.0,,0.0,0.0,,0.0,0.0,,0.0,0.0,0.0,,0.0,0.0,0.0,,0.0,0.0,0.0,,0.0,0.0,0.0,,0.0,0.0,0.0,,0.0,0.0,0.0,,,,,,,,,,,,,,,,,,,,,,,,,,,,,,,,,,,,,,,,,,,,,,,,,,,,,,,,,,,,,,,,,,,,,,,,,,,,,,,,,,,,,,,,,,,,,,,,,,,,,,,,,,,,,,,,,,,,,,,,,,,,,,,,,,,,,,,,,,,,,,,,,,,,,,,,,,,,,,,,,,,,,,,,,,,,,,,,,,,,,,,,,,,,,,,,,,,,,,,,,,,,
dnvOEsh4,FINLAND,2025,FINLAND 1,FINLAND 1,30/10/2025,16:00,,Inter Turku,QwkNUoNH,SJK,hj3ima3I,False,2,2,,,,,,"[2, 33, 45]","[43, 83]",bet365,1.95,2.63,5.5,bet365,1.8,3.0,4.75,bet365,1.5,4.33,6.0,bet365,1.22,4.0,bet365,2.1,1.67,bet365,4.5,1.18,bet365,1.13,6.0,bet365,1.67,2.1,bet365,3.0,1.36,bet365,1.02,21.0,bet365,1.13,6.0,bet365,1.44,2.7,bet365,2.1,1.67,bet365,3.5,1.29,bet365,1.53,2.38,bet365,3.5,1.29,bet365,2.63,1.44,bet365,1.14,1.2,2.38,bet365,1.14,1.44,1.73,Sportingbet.br,1.17,1.34,1.93,bet365,1.2,4.33,Goldebet,1.27,3.4,KTO.br,1.26,3.35,bet365,2.25,15.0,34.0,4.75,7.5,12.0,17.0,15.0,9.0,bet365,1.98,1.88,bet365,2.0,1.8,bet365,1.91,1.8,bet365,21.0,bet365,11.0,bet365,21.0,bet365,9.0,bet365,9.5,bet365,34.0,bet365,8.5,bet365,17.0,bet365,13.0,bet365,13.0,bet365,51.0,bet365,11.0,bet365,41.0,bet365,19.0,bet365,34.0,bet365,3.9,1.24,bet365,3.3,1.33,bet365,2.25,1.63,bet365,1.78,2.03,bet365,1.5,2.5,bet365,1.14,5.75,,0.0,0.0,KTO.br,1.03,14.0,,0.0,0.0,,0.0,0.0,BetEsporte,7.8,6.6,35.0,Betnacional,3.48,4.43,24.12,bet365,2.3,4.0,0.0,bet365,0.0,0.0,2.38,BetEsporte,1.03,10.0,1.55,BetEsporte,1.01,12.0,1.2,1.13,2.81,2.58,2.85,0.83,3.0,2.85,2.58,0.85,0.58,0.25,0.75,0.67,0.89,0.33,0.4,0.6,0.88,0.0,0.0,0.33,0.19,4.0,24.0,4.0,9.0,0.0,10.0,0.0,5.0,4.0,19.0,0.0,5.0,2.0,4.0,0.0,0.0,18.0,50.0,0.0,9.0,12.0,9.0,12.0,16.0,9.0,12.0,1.0,0.0,1.0,0.0,1.0,0.0,7.0,2.0,0.68,0.73,49.0,52.0,45.0,10.0,11.0,11.0,0.0,0.0,0.0,0.0,1.13,0.79,2.58,0.63,0.79,0.88,0.63,2.58,-0.37,0.58,0.32,0.68,0.82,0.89,0.42,0.53,0.7,0.89,0.0,0.0,0.0,0.11,4.0,7.0,4.0,2.0,0.0,4.0,0.0,1.0,4.0,5.0,0.0,2.0,2.0,1.0,0.0,0.0,16.0,14.0,0.0,3.0,7.0,5.0,7.0,6.0,5.0,7.0,,,1.0,0.0,0.0,0.0,1.0,2.0,0.7,0.56,24.0,22.0,17.0,5.0,7.0,4.0,0.0,0.0,0.0,0.0,0.0,2.02,0.0,2.22,0.04,2.12,2.22,0.0,1.22,0.0,0.17,0.83,0.38,0.89,0.26,0.28,0.45,0.87,0.0,0.0,1.0,0.23,0.0,17.0,0.0,7.0,0.0,6.0,0.0,4.0,0.0,14.0,0.0,3.0,0.0,3.0,0.0,0.0,2.0,36.0,0.0,6.0,5.0,4.0,5.0,10.0,4.0,5.0,1.0,0.0,,,1.0,0.0,6.0,0.0,0.67,1.0,25.0,30.0,28.0,5.0,4.0,7.0,0.0,0.0,0.0,0.0
Q14hsOXO,FINLAND,2025,FINLAND 1,FINLAND 1,19/09/2025,16:00,,KTP,zsgwCpdF,Jaro,faEPan8O,False,1,2,,,,,,[],[],,0.0,0.0,0.0,,0.0,0.0,0.0,,0.0,0.0,0.0,,0.0,0.0,,0.0,0.0,,0.0,0.0,,0.0,0.0,,0.0,0.0,,0.0,0.0,,0.0,0.0,,0.0,0.0,,0.0,0.0,,0.0,0.0,,0.0,0.0,,0.0,0.0,,0.0,0.0,,0.0,0.0,,0.0,0.0,0.0,,0.0,0.0,0.0,,0.0,0.0,0.0,,0.0,0.0,,0.0,0.0,,0.0,0.0,,0.0,0.0,0.0,0.0,0.0,0.0,0.0,0.0,0.0,,0.0,0.0,,0.0,0.0,,0.0,0.0,,0.0,,0.0,,0.0,,0.0,,0.0,,0.0,,0.0,,0.0,,0.0,,0.0,,0.0,,0.0,,0.0,,0.0,,0.0,,0.0,0.0,,0.0,0.0,,0.0,0.0,,0.0,0.0,,0.0,0.0,,0.0,0.0,,0.0,0.0,,0.0,0.0,,0.0,0.0,,0.0,0.0,,0.0,0.0,0.0,,0.0,0.0,0.0,,0.0,0.0,0.0,,0.0,0.0,0.0,,0.0,0.0,0.0,,0.0,0.0,0.0,,,,,,,,,,,,,,,,,,,,,,,,,,,,,,,,,,,,,,,,,,,,,,,,,,,,,,,,,,,,,,,,,,,,,,,,,,,,,,,,,,,,,,,,,,,,,,,,,,,,,,,,,,,,,,,,,,,,,,,,,,,,,,,,,,,,,,,,,,,,,,,,,,,,,,,,,,,,,,,,,,,,,,,,,,,,,,,,,,,,,,,,,,,,,,,,,,,,,,,,,,,,
W2gpE42n,FINLAND,2025,FINLAND 1,FINLAND 1,04/10/2025,12:00,,AC Oulu,Y35Jer59,VPS,8GveH5dA,False,2,0,,,,,,"[3, 77]",[],bet365,2.75,2.3,3.6,bet365,2.4,2.6,3.25,bet365,2.1,3.75,2.9,bet365,1.33,3.25,bet365,2.5,1.5,bet365,6.5,1.11,bet365,1.2,4.33,bet365,1.91,1.8,bet365,4.0,1.22,bet365,1.03,15.0,bet365,1.22,4.0,bet365,1.73,2.08,bet365,2.75,1.4,bet365,5.5,1.14,bet365,1.67,2.1,bet365,4.0,1.22,bet365,3.0,1.36,bet365,1.4,1.25,1.7,bet365,1.29,1.57,1.4,Betano.br,1.32,1.45,1.5,bet365,1.57,2.25,Betano.br,1.62,2.18,Superbet.br,1.61,2.15,bet365,3.4,13.0,29.0,5.5,6.0,7.5,23.0,15.0,5.0,bet365,1.93,1.93,bet365,2.1,1.73,bet365,1.91,1.8,bet365,13.0,bet365,9.0,bet365,11.0,bet365,7.5,bet365,11.0,bet365,17.0,bet365,9.0,bet365,11.0,bet365,13.0,bet365,19.0,bet365,34.0,bet365,17.0,bet365,23.0,bet365,23.0,bet365,29.0,KTO.br,10.0,1.05,,0.0,0.0,bet365,3.8,1.25,bet365,3.1,1.35,bet365,2.08,1.73,bet365,1.38,3.0,bet365,1.15,5.5,bet365,1.12,6.4,,0.0,0.0,KTO.br,1.02,15.0,BetEsporte,18.0,9.6,27.0,BetEsporte,8.6,6.0,14.0,bet365,4.0,4.0,0.0,bet365,0.0,0.0,1.7,BetEsporte,1.1,7.6,1.2,BetEsporte,1.02,11.0,1.05,1.6,0.12,1.34,0.02,0.58,0.12,0.02,1.34,0.02,-0.66,0.54,0.46,0.77,0.77,0.36,0.38,0.64,0.5,1.0,0.0,0.1,0.17,16.0,3.0,6.0,2.0,5.0,1.0,5.0,0.0,12.0,1.0,4.0,2.0,2.0,0.0,1.0,0.0,26.0,4.0,9.0,2.0,14.0,7.0,29.0,30.0,7.0,14.0,0.0,1.0,,,0.0,3.0,2.0,4.0,0.74,0.65,53.0,44.0,22.0,32.0,13.0,11.0,0.0,1.0,0.0,0.0,1.09,0.01,0.89,0.01,0.34,0.04,0.01,0.89,0.01,-0.11,0.53,0.47,0.82,0.8,0.47,0.33,0.68,0.56,0.0,0.0,0.14,0.0,9.0,1.0,4.0,1.0,4.0,0.0,1.0,0.0,6.0,0.0,3.0,1.0,2.0,0.0,1.0,0.0,11.0,0.0,6.0,1.0,5.0,5.0,13.0,17.0,5.0,5.0,,,,,0.0,1.0,1.0,3.0,0.82,0.67,28.0,20.0,9.0,16.0,6.0,4.0,0.0,1.0,0.0,0.0,0.51,0.11,0.45,0.01,0.24,0.08,0.01,0.45,0.01,-0.55,0.55,0.45,0.72,0.74,0.27,0.41,0.62,0.47,1.0,0.0,0.0,0.5,7.0,2.0,2.0,1.0,1.0,1.0,4.0,0.0,6.0,1.0,1.0,1.0,0.0,0.0,0.0,0.0,15.0,4.0,3.0,1.0,9.0,2.0,16.0,13.0,2.0,9.0,0.0,1.0,,,0.0,2.0,1.0,1.0,0.63,0.64,25.0,24.0,13.0,16.0,7.0,7.0,0.0,0.0,0.0,0.0
hl6pqp3C,FINLAND,2025,FINLAND 1,FINLAND 1,19/09/2025,15:00,,Haka,6oug4RRc,AC Oulu,Y35Jer59,False,0,1,,,,,,[],[],,0.0,0.0,0.0,,0.0,0.0,0.0,,0.0,0.0,0.0,,0.0,0.0,,0.0,0.0,,0.0,0.0,,0.0,0.0,,0.0,0.0,,0.0,0.0,,0.0,0.0,,0.0,0.0,,0.0,0.0,,0.0,0.0,,0.0,0.0,,0.0,0.0,,0.0,0.0,,0.0,0.0,,0.0,0.0,0.0,,0.0,0.0,0.0,,0.0,0.0,0.0,,0.0,0.0,,0.0,0.0,,0.0,0.0,,0.0,0.0,0.0,0.0,0.0,0.0,0.0,0.0,0.0,,0.0,0.0,,0.0,0.0,,0.0,0.0,,0.0,,0.0,,0.0,,0.0,,0.0,,0.0,,0.0,,0.0,,0.0,,0.0,,0.0,,0.0,,0.0,,0.0,,0.0,,0.0,0.0,,0.0,0.0,,0.0,0.0,,0.0,0.0,,0.0,0.0,,0.0,0.0,,0.0,0.0,,0.0,0.0,,0.0,0.0,,0.0,0.0,,0.0,0.0,0.0,,0.0,0.0,0.0,,0.0,0.0,0.0,,0.0,0.0,0.0,,0.0,0.0,0.0,,0.0,0.0,0.0,,,,,,,,,,,,,,,,,,,,,,,,,,,,,,,,,,,,,,,,,,,,,,,,,,,,,,,,,,,,,,,,,,,,,,,,,,,,,,,,,,,,,,,,,,,,,,,,,,,,,,,,,,,,,,,,,,,,,,,,,,,,,,,,,,,,,,,,,,,,,,,,,,,,,,,,,,,,,,,,,,,,,,,,,,,,,,,,,,,,,,,,,,,,,,,,,,,,,,,,,,,,
bkDyo6Ya,FINLAND,2025,FINLAND 1,FINLAND 1,14/09/2025,13:00,,Jaro,faEPan8O,AC Oulu,Y35Jer59,False,1,2,,,,,,[],[],,0.0,0.0,0.0,,0.0,0.0,0.0,,0.0,0.0,0.0,,0.0,0.0,,0.0,0.0,,0.0,0.0,,0.0,0.0,,0.0,0.0,,0.0,0.0,,0.0,0.0,,0.0,0.0,,0.0,0.0,,0.0,0.0,,0.0,0.0,,0.0,0.0,,0.0,0.0,,0.0,0.0,,0.0,0.0,0.0,,0.0,0.0,0.0,,0.0,0.0,0.0,,0.0,0.0,,0.0,0.0,,0.0,0.0,,0.0,0.0,0.0,0.0,0.0,0.0,0.0,0.0,0.0,,0.0,0.0,,0.0,0.0,,0.0,0.0,,0.0,,0.0,,0.0,,0.0,,0.0,,0.0,,0.0,,0.0,,0.0,,0.0,,0.0,,0.0,,0.0,,0.0,,0.0,,0.0,0.0,,0.0,0.0,,0.0,0.0,,0.0,0.0,,0.0,0.0,,0.0,0.0,,0.0,0.0,,0.0,0.0,,0.0,0.0,,0.0,0.0,,0.0,0.0,0.0,,0.0,0.0,0.0,,0.0,0.0,0.0,,0.0,0.0,0.0,,0.0,0.0,0.0,,0.0,0.0,0.0,,,,,,,,,,,,,,,,,,,,,,,,,,,,,,,,,,,,,,,,,,,,,,,,,,,,,,,,,,,,,,,,,,,,,,,,,,,,,,,,,,,,,,,,,,,,,,,,,,,,,,,,,,,,,,,,,,,,,,,,,,,,,,,,,,,,,,,,,,,,,,,,,,,,,,,,,,,,,,,,,,,,,,,,,,,,,,,,,,,,,,,,,,,,,,,,,,,,,,,,,,,,
xngTd9WI,FINLAND,2025,FINLAND 1,FINLAND 1,19/10/2025,13:00,,Gnistan,Aa28K98n,SJK,hj3ima3I,False,3,4,,,,,,"[17, 52, 87]","[10, 61, 69, 76]",bet365,3.6,2.6,2.4,bet365,3.25,2.88,2.2,bet365,3.1,4.1,1.9,bet365,1.22,4.0,bet365,2.0,1.73,bet365,4.33,1.2,bet365,1.13,6.0,bet365,1.62,2.2,bet365,2.75,1.4,bet365,1.02,21.0,bet365,1.13,6.0,bet365,1.4,2.88,bet365,2.0,1.73,bet365,3.4,1.3,bet365,1.4,2.75,bet365,3.25,1.33,bet365,2.38,1.53,bet365,1.91,1.22,1.36,bet365,1.53,1.5,1.29,Betano.br,1.6,1.37,1.33,bet365,2.5,1.5,KTO.br,2.35,1.5,Betano.br,2.27,1.6,bet365,5.5,13.0,19.0,8.5,7.5,5.5,23.0,13.0,3.0,bet365,1.93,1.93,bet365,2.0,1.8,bet365,1.83,1.83,bet365,23.0,bet365,17.0,bet365,13.0,bet365,9.0,bet365,21.0,bet365,13.0,bet365,12.0,bet365,9.0,bet365,12.0,bet365,41.0,bet365,19.0,bet365,21.0,bet365,13.0,bet365,21.0,bet365,17.0,KTO.br,15.0,1.02,,0.0,0.0,bet365,6.4,1.12,bet365,5.75,1.14,bet365,3.1,1.35,bet365,1.88,1.93,bet365,1.5,2.5,bet365,1.33,3.3,bet365,1.15,5.5,bet365,1.12,6.25,BetEsporte,24.0,11.0,13.0,Novibet,13.75,8.3,6.6,bet365,0.0,0.0,3.2,bet365,1.91,4.33,0.0,Novibet,1.28,5.8,1.1,Novibet,1.1,8.6,0.0,0.43,3.2,1.44,3.16,0.69,1.58,3.16,1.44,0.16,-1.56,0.46,0.54,0.76,0.83,0.46,0.48,0.63,0.76,0.0,1.0,0.25,0.28,8.0,20.0,3.0,6.0,3.0,7.0,2.0,7.0,4.0,15.0,4.0,5.0,2.0,4.0,0.0,0.0,24.0,33.0,6.0,9.0,7.0,13.0,13.0,27.0,13.0,7.0,3.0,1.0,,,1.0,2.0,3.0,0.0,0.68,0.46,44.0,51.0,36.0,32.0,6.0,5.0,0.0,0.0,0.0,0.0,0.27,1.08,0.5,0.97,0.3,0.38,0.97,0.5,0.97,-0.5,0.47,0.53,0.79,0.83,0.39,0.45,0.49,0.71,0.0,0.0,0.2,0.27,4.0,7.0,1.0,0.0,2.0,3.0,1.0,4.0,3.0,5.0,1.0,2.0,1.0,1.0,0.0,0.0,9.0,18.0,4.0,4.0,4.0,7.0,9.0,18.0,7.0,4.0,1.0,0.0,,,0.0,1.0,0.0,0.0,0.75,0.57,21.0,28.0,18.0,18.0,3.0,0.0,0.0,0.0,0.0,0.0,0.16,2.12,0.94,2.19,0.39,1.2,2.19,0.94,-0.81,-1.06,0.46,0.54,0.73,0.84,0.54,0.5,0.7,0.78,0.0,1.0,0.33,0.29,4.0,13.0,2.0,6.0,1.0,4.0,1.0,3.0,1.0,10.0,3.0,3.0,1.0,3.0,0.0,0.0,15.0,15.0,2.0,5.0,3.0,6.0,4.0,9.0,6.0,3.0,2.0,1.0,,,1.0,1.0,3.0,0.0,0.64,0.33,23.0,23.0,18.0,14.0,3.0,5.0,0.0,0.0,0.0,0.0
Iuid0rwB,FINLAND,2025,FINLAND 1,FINLAND 1,22/10/2025,16:00,,HJK,nmjJVR7B,SJK,hj3ima3I,False,3,4,,,,,,"[19, 62, 86]","[12, 27, 90, 90]",bet365,2.5,2.6,3.4,bet365,2.25,2.88,3.0,bet365,2.0,4.2,3.0,bet365,1.2,4.33,bet365,2.03,1.78,bet365,4.33,1.2,bet365,1.11,6.5,bet365,1.57,2.25,bet365,2.75,1.4,bet365,1.01,23.0,bet365,1.11,6.5,bet365,1.36,3.1,bet365,1.91,1.8,bet365,3.25,1.33,bet365,1.4,2.75,bet365,3.25,1.33,bet365,2.38,1.53,bet365,1.36,1.22,1.8,bet365,1.3,1.5,1.5,Sportingbet.br,1.31,1.36,1.6,bet365,1.57,2.25,Sportingbet.br,1.57,2.25,KTO.br,1.56,2.25,bet365,3.2,13.0,23.0,6.0,7.5,8.0,19.0,13.0,4.75,bet365,1.93,1.93,bet365,2.0,1.8,bet365,1.83,1.83,bet365,26.0,bet365,15.0,bet365,17.0,bet365,9.0,bet365,15.0,bet365,21.0,bet365,9.5,bet365,12.0,bet365,12.0,bet365,21.0,bet365,34.0,bet365,13.0,bet365,21.0,bet365,17.0,bet365,21.0,bet365,6.6,1.11,bet365,6.0,1.13,bet365,3.45,1.3,bet365,2.75,1.43,bet365,2.05,1.75,bet365,1.4,2.85,bet365,1.18,4.65,bet365,1.14,5.75,,0.0,0.0,KTO.br,1.03,14.0,BetEsporte,13.0,8.6,23.0,Novibet,6.7,5.8,13.25,bet365,3.4,4.33,0.0,bet365,0.0,0.0,1.8,Novibet,1.11,8.1,1.28,BetEsporte,1.02,11.0,1.09,2.47,2.85,1.8,3.69,1.89,1.27,3.69,1.8,-0.31,-0.2,0.68,0.32,0.91,0.78,0.51,0.45,0.81,0.7,2.0,0.0,0.23,0.3,22.0,14.0,4.0,6.0,6.0,3.0,12.0,5.0,15.0,11.0,7.0,3.0,2.0,3.0,0.0,0.0,37.0,29.0,9.0,10.0,12.0,7.0,13.0,18.0,7.0,12.0,2.0,4.0,,,3.0,1.0,2.0,2.0,0.67,0.58,33.0,42.0,22.0,34.0,5.0,11.0,0.0,0.0,1.0,0.0,0.47,2.24,0.59,2.19,0.92,0.9,2.19,0.59,0.19,-0.41,0.7,0.3,0.91,0.77,0.35,0.52,0.73,0.79,1.0,0.0,0.5,0.4,5.0,8.0,1.0,4.0,2.0,2.0,2.0,2.0,5.0,6.0,0.0,2.0,1.0,2.0,0.0,0.0,18.0,13.0,2.0,3.0,5.0,4.0,7.0,12.0,4.0,5.0,1.0,0.0,,,3.0,0.0,2.0,0.0,0.86,0.57,14.0,26.0,7.0,5.0,2.0,8.0,0.0,0.0,1.0,0.0,2.0,0.61,1.21,1.5,0.97,0.37,1.5,1.21,-0.5,0.21,0.66,0.34,0.92,0.78,0.72,0.36,0.85,0.63,1.0,0.0,0.19,0.13,17.0,6.0,3.0,2.0,4.0,1.0,10.0,3.0,10.0,5.0,7.0,1.0,1.0,1.0,0.0,0.0,19.0,16.0,7.0,7.0,7.0,3.0,6.0,6.0,3.0,7.0,1.0,4.0,,,0.0,1.0,0.0,2.0,0.4,0.6,19.0,16.0,15.0,29.0,3.0,3.0,0.0,0.0,0.0,0.0
dO1qKxUq,FINLAND,2025,FINLAND 1,FINLAND 1,09/11/2025,13:00,,HJK,nmjJVR7B,KuPS,nLBbqJDS,False,0,2,,,,,,[],"[19, 49, 69]",bet365,2.75,2.5,3.1,bet365,2.5,2.88,2.75,bet365,2.3,3.7,2.6,bet365,1.22,4.0,bet365,2.0,1.73,bet365,4.33,1.2,bet365,1.13,6.0,bet365,1.62,2.2,bet365,3.0,1.36,bet365,1.02,19.0,bet365,1.13,6.0,bet365,1.44,2.7,bet365,2.0,1.73,bet365,3.4,1.3,bet365,1.4,2.75,bet365,3.25,1.33,bet365,2.38,1.53,bet365,1.5,1.29,1.57,bet365,1.36,1.5,1.4,Betano.br,1.4,1.38,1.5,bet365,1.73,2.0,Goldebet,1.7,2.05,Betano.br,1.75,2.0,bet365,3.6,13.0,21.0,6.5,7.0,7.0,21.0,13.0,4.33,bet365,2.0,1.85,bet365,2.0,1.8,bet365,1.91,1.8,bet365,21.0,bet365,15.0,bet365,15.0,bet365,8.0,bet365,17.0,bet365,19.0,bet365,10.0,bet365,11.0,bet365,11.0,bet365,26.0,bet365,29.0,bet365,17.0,bet365,19.0,bet365,19.0,bet365,21.0,bet365,6.4,1.12,bet365,7.0,1.1,bet365,4.15,1.22,bet365,3.45,1.3,bet365,2.35,1.58,bet365,1.48,2.6,bet365,1.23,4.0,bet365,1.18,4.65,,0.0,0.0,Superbet.br,1.06,7.5,BetEsporte,16.0,9.4,20.0,Novibet,8.2,6.5,11.25,bet365,4.0,4.5,0.0,bet365,0.0,0.0,1.57,Novibet,1.13,7.5,1.21,BetEsporte,1.03,11.0,1.06,0.88,1.51,1.09,1.23,0.61,0.76,1.23,1.09,-0.77,1.09,0.48,0.52,0.89,0.9,0.55,0.49,0.8,0.72,1.0,0.0,0.0,0.33,12.0,8.0,4.0,3.0,3.0,4.0,5.0,1.0,9.0,6.0,3.0,2.0,0.0,3.0,1.0,0.0,24.0,24.0,8.0,3.0,2.0,16.0,7.0,14.0,16.0,2.0,3.0,1.0,,,1.0,1.0,1.0,4.0,0.92,1.0,22.0,37.0,12.0,18.0,8.0,11.0,0.0,0.0,1.0,0.0,0.13,0.49,0.18,0.23,0.12,0.49,0.23,0.18,-0.77,0.18,0.48,0.52,0.89,0.9,0.42,0.54,0.77,0.69,0.0,0.0,0.0,0.3,3.0,5.0,1.0,1.0,1.0,3.0,1.0,1.0,2.0,4.0,1.0,1.0,0.0,2.0,0.0,0.0,6.0,12.0,2.0,3.0,1.0,8.0,5.0,11.0,8.0,1.0,,,,,0.0,1.0,0.0,1.0,0.86,1.0,11.0,23.0,8.0,5.0,6.0,3.0,0.0,0.0,1.0,0.0,0.75,1.02,0.91,1.0,0.49,0.27,1.0,0.91,0.0,0.91,0.48,0.52,0.89,0.9,0.65,0.4,0.81,0.74,1.0,0.0,0.0,0.5,9.0,3.0,3.0,2.0,2.0,1.0,4.0,0.0,7.0,2.0,2.0,1.0,0.0,1.0,1.0,0.0,18.0,12.0,6.0,0.0,1.0,8.0,2.0,3.0,8.0,1.0,3.0,1.0,,,1.0,0.0,1.0,3.0,1.0,1.0,11.0,14.0,4.0,13.0,2.0,8.0,0.0,0.0,0.0,0.0
thg980WN,FINLAND,2025,FINLAND 1,FINLAND 1,18/10/2025,14:00,,Mariehamn,C8bOhcyj,AC Oulu,Y35Jer59,False,2,0,,,,,,"[48, 65]",[],bet365,3.75,2.3,2.6,bet365,3.4,2.6,2.3,bet365,3.4,3.4,1.95,bet365,1.33,3.25,bet365,2.5,1.5,bet365,6.0,1.13,bet365,1.2,4.33,bet365,1.83,1.83,bet365,4.0,1.22,bet365,1.04,13.0,bet365,1.2,4.33,bet365,1.7,2.1,bet365,2.63,1.44,bet365,5.0,1.17,bet365,1.62,2.2,bet365,4.0,1.22,bet365,3.0,1.36,bet365,1.73,1.29,1.29,bet365,1.5,1.57,1.25,Sportingbet.br,1.57,1.43,1.27,bet365,2.63,1.44,BR4Bet,2.4,1.5,Betano.br,2.35,1.55,bet365,5.5,15.0,21.0,8.0,6.0,5.5,29.0,13.0,3.2,bet365,2.0,1.85,bet365,2.0,1.8,bet365,1.91,1.8,bet365,13.0,bet365,13.0,bet365,9.0,bet365,7.0,bet365,19.0,bet365,11.0,bet365,12.0,bet365,8.5,bet365,12.0,bet365,41.0,bet365,19.0,bet365,26.0,bet365,15.0,bet365,29.0,bet365,21.0,,0.0,0.0,,0.0,0.0,bet365,7.0,1.1,bet365,6.6,1.11,bet365,3.45,1.3,bet365,1.83,1.98,bet365,1.43,2.75,bet365,1.3,3.45,bet365,1.12,6.4,KTO.br,1.08,7.5,BetEsporte,30.0,11.0,16.0,Novibet,16.25,8.1,7.9,bet365,0.0,0.0,3.6,bet365,1.73,4.0,0.0,Novibet,1.21,5.9,1.06,BetEsporte,1.07,9.0,1.01,1.56,0.38,1.97,0.18,0.39,0.64,0.18,1.97,0.18,-0.03,0.45,0.55,0.83,0.86,0.4,0.52,0.68,0.75,0.0,0.0,0.27,0.13,10.0,7.0,4.0,3.0,3.0,3.0,3.0,1.0,7.0,2.0,3.0,5.0,1.0,1.0,0.0,0.0,19.0,15.0,7.0,2.0,7.0,9.0,12.0,23.0,9.0,7.0,1.0,0.0,,,4.0,0.0,3.0,2.0,0.83,0.71,52.0,40.0,22.0,13.0,17.0,12.0,0.0,0.0,0.0,0.0,0.03,0.14,0.01,0.01,0.15,0.1,0.01,0.01,0.01,0.01,0.49,0.51,0.86,0.85,0.39,0.41,0.68,0.67,0.0,0.0,0.25,0.0,1.0,3.0,1.0,1.0,0.0,2.0,0.0,0.0,1.0,0.0,0.0,3.0,0.0,0.0,0.0,0.0,5.0,3.0,2.0,1.0,2.0,5.0,8.0,8.0,5.0,2.0,,,,,1.0,0.0,1.0,1.0,0.63,0.63,21.0,18.0,10.0,5.0,9.0,4.0,0.0,0.0,0.0,0.0,1.53,0.24,1.96,0.17,0.24,0.54,0.17,1.96,0.17,-0.04,0.41,0.59,0.79,0.87,0.41,0.7,0.67,0.79,0.0,0.0,0.29,0.18,9.0,4.0,3.0,2.0,3.0,1.0,3.0,1.0,6.0,2.0,3.0,2.0,1.0,1.0,0.0,0.0,14.0,12.0,5.0,1.0,5.0,4.0,4.0,15.0,4.0,5.0,1.0,0.0,,,3.0,0.0,2.0,1.0,1.0,0.78,31.0,22.0,12.0,8.0,8.0,8.0,0.0,0.0,0.0,0.0
pjyyg0Vp,FINLAND,2025,FINLAND 1,FINLAND 1,26/10/2025,15:00,,HJK,nmjJVR7B,Inter Turku,QwkNUoNH,False,1,1,,,,,,[32],[23],bet365,3.25,2.38,2.88,bet365,2.88,2.63,2.6,bet365,2.75,3.6,2.3,bet365,1.29,3.5,bet365,2.38,1.53,bet365,5.5,1.14,bet365,1.17,5.0,bet365,1.8,1.91,bet365,3.5,1.29,bet365,1.03,17.0,bet365,1.17,5.0,bet365,1.57,2.35,bet365,2.38,1.53,bet365,4.0,1.22,bet365,1.53,2.38,bet365,3.75,1.25,bet365,2.63,1.44,bet365,1.57,1.29,1.4,bet365,1.4,1.53,1.33,Betano.br,1.47,1.42,1.37,bet365,2.0,1.73,Esportivabet,2.05,1.7,Betano.br,2.05,1.72,bet365,4.5,13.0,23.0,7.0,6.0,6.0,23.0,13.0,3.75,bet365,1.98,1.88,bet365,2.0,1.8,bet365,1.91,1.8,bet365,15.0,bet365,12.0,bet365,11.0,bet365,7.0,bet365,17.0,bet365,13.0,bet365,11.0,bet365,9.5,bet365,12.0,bet365,29.0,bet365,23.0,bet365,21.0,bet365,17.0,bet365,23.0,bet365,21.0,KTO.br,13.0,1.03,,0.0,0.0,bet365,5.5,1.15,bet365,4.5,1.19,bet365,2.75,1.43,bet365,1.63,2.25,bet365,1.3,3.45,bet365,1.22,4.15,,0.0,0.0,KTO.br,1.05,10.0,BetEsporte,22.0,11.0,19.0,Novibet,12.0,7.4,9.6,bet365,4.5,4.75,4.33,bet365,1.57,4.33,1.53,KTO.br,1.14,7.5,1.15,BetEsporte,1.05,9.8,1.03,1.3,1.81,1.18,1.37,0.77,1.4,1.37,1.18,0.37,0.18,0.56,0.44,0.9,0.85,0.61,0.42,0.79,0.72,0.0,1.0,0.09,0.29,19.0,17.0,9.0,3.0,2.0,7.0,8.0,7.0,11.0,9.0,8.0,8.0,1.0,2.0,1.0,0.0,31.0,28.0,2.0,8.0,4.0,2.0,13.0,13.0,2.0,4.0,1.0,0.0,,,4.0,3.0,2.0,8.0,0.63,0.58,23.0,31.0,17.0,18.0,6.0,6.0,1.0,0.0,0.0,0.0,0.7,1.16,0.94,1.0,0.47,0.8,1.0,0.94,0.0,-0.06,0.56,0.44,0.91,0.86,0.61,0.4,0.91,0.64,0.0,1.0,0.2,0.38,10.0,5.0,5.0,1.0,0.0,4.0,5.0,0.0,5.0,3.0,5.0,2.0,1.0,1.0,0.0,0.0,12.0,12.0,2.0,3.0,0.0,1.0,6.0,4.0,1.0,0.0,1.0,0.0,,,1.0,0.0,0.0,4.0,0.5,1.0,7.0,13.0,7.0,7.0,3.0,1.0,0.0,0.0,0.0,0.0,0.6,0.65,0.24,0.37,0.3,0.6,0.37,0.24,0.37,0.24,0.57,0.43,0.9,0.84,0.61,0.44,0.7,0.76,0.0,0.0,0.0,0.23,9.0,12.0,4.0,2.0,2.0,3.0,3.0,7.0,6.0,6.0,3.0,6.0,0.0,1.0,1.0,0.0,19.0,16.0,0.0,5.0,4.0,1.0,7.0,9.0,1.0,4.0,,,,,3.0,3.0,2.0,4.0,0.67,0.5,16.0,18.0,10.0,11.0,3.0,5.0,1.0,0.0,0.0,0.0
jP9TnS3m,FINLAND,2025,FINLAND 1,FINLAND 1,13/09/2025,14:00,,VPS,8GveH5dA,KTP,zsgwCpdF,False,2,1,,,,,,[],[],,0.0,0.0,0.0,,0.0,0.0,0.0,,0.0,0.0,0.0,,0.0,0.0,,0.0,0.0,,0.0,0.0,,0.0,0.0,,0.0,0.0,,0.0,0.0,,0.0,0.0,,0.0,0.0,,0.0,0.0,,0.0,0.0,,0.0,0.0,,0.0,0.0,,0.0,0.0,,0.0,0.0,,0.0,0.0,0.0,,0.0,0.0,0.0,,0.0,0.0,0.0,,0.0,0.0,,0.0,0.0,,0.0,0.0,,0.0,0.0,0.0,0.0,0.0,0.0,0.0,0.0,0.0,,0.0,0.0,,0.0,0.0,,0.0,0.0,,0.0,,0.0,,0.0,,0.0,,0.0,,0.0,,0.0,,0.0,,0.0,,0.0,,0.0,,0.0,,0.0,,0.0,,0.0,,0.0,0.0,,0.0,0.0,,0.0,0.0,,0.0,0.0,,0.0,0.0,,0.0,0.0,,0.0,0.0,,0.0,0.0,,0.0,0.0,,0.0,0.0,,0.0,0.0,0.0,,0.0,0.0,0.0,,0.0,0.0,0.0,,0.0,0.0,0.0,,0.0,0.0,0.0,,0.0,0.0,0.0,,,,,,,,,,,,,,,,,,,,,,,,,,,,,,,,,,,,,,,,,,,,,,,,,,,,,,,,,,,,,,,,,,,,,,,,,,,,,,,,,,,,,,,,,,,,,,,,,,,,,,,,,,,,,,,,,,,,,,,,,,,,,,,,,,,,,,,,,,,,,,,,,,,,,,,,,,,,,,,,,,,,,,,,,,,,,,,,,,,,,,,,,,,,,,,,,,,,,,,,,,,,
6iYdhltQ,FINLAND,2025,FINLAND 1,FINLAND 1,13/09/2025,12:00,,Mariehamn,C8bOhcyj,Haka,6oug4RRc,False,1,1,,,,,,[],[],,0.0,0.0,0.0,,0.0,0.0,0.0,,0.0,0.0,0.0,,0.0,0.0,,0.0,0.0,,0.0,0.0,,0.0,0.0,,0.0,0.0,,0.0,0.0,,0.0,0.0,,0.0,0.0,,0.0,0.0,,0.0,0.0,,0.0,0.0,,0.0,0.0,,0.0,0.0,,0.0,0.0,,0.0,0.0,0.0,,0.0,0.0,0.0,,0.0,0.0,0.0,,0.0,0.0,,0.0,0.0,,0.0,0.0,,0.0,0.0,0.0,0.0,0.0,0.0,0.0,0.0,0.0,,0.0,0.0,,0.0,0.0,,0.0,0.0,,0.0,,0.0,,0.0,,0.0,,0.0,,0.0,,0.0,,0.0,,0.0,,0.0,,0.0,,0.0,,0.0,,0.0,,0.0,,0.0,0.0,,0.0,0.0,,0.0,0.0,,0.0,0.0,,0.0,0.0,,0.0,0.0,,0.0,0.0,,0.0,0.0,,0.0,0.0,,0.0,0.0,,0.0,0.0,0.0,,0.0,0.0,0.0,,0.0,0.0,0.0,,0.0,0.0,0.0,,0.0,0.0,0.0,,0.0,0.0,0.0,,,,,,,,,,,,,,,,,,,,,,,,,,,,,,,,,,,,,,,,,,,,,,,,,,,,,,,,,,,,,,,,,,,,,,,,,,,,,,,,,,,,,,,,,,,,,,,,,,,,,,,,,,,,,,,,,,,,,,,,,,,,,,,,,,,,,,,,,,,,,,,,,,,,,,,,,,,,,,,,,,,,,,,,,,,,,,,,,,,,,,,,,,,,,,,,,,,,,,,,,,,,
OGERdlFL,FINLAND,2025,FINLAND 1,FINLAND 1,13/09/2025,16:00,,SJK,hj3ima3I,HJK,nmjJVR7B,False,3,3,,,,,,[],[],,0.0,0.0,0.0,,0.0,0.0,0.0,,0.0,0.0,0.0,,0.0,0.0,,0.0,0.0,,0.0,0.0,,0.0,0.0,,0.0,0.0,,0.0,0.0,,0.0,0.0,,0.0,0.0,,0.0,0.0,,0.0,0.0,,0.0,0.0,,0.0,0.0,,0.0,0.0,,0.0,0.0,,0.0,0.0,0.0,,0.0,0.0,0.0,,0.0,0.0,0.0,,0.0,0.0,,0.0,0.0,,0.0,0.0,,0.0,0.0,0.0,0.0,0.0,0.0,0.0,0.0,0.0,,0.0,0.0,,0.0,0.0,,0.0,0.0,,0.0,,0.0,,0.0,,0.0,,0.0,,0.0,,0.0,,0.0,,0.0,,0.0,,0.0,,0.0,,0.0,,0.0,,0.0,,0.0,0.0,,0.0,0.0,,0.0,0.0,,0.0,0.0,,0.0,0.0,,0.0,0.0,,0.0,0.0,,0.0,0.0,,0.0,0.0,,0.0,0.0,,0.0,0.0,0.0,,0.0,0.0,0.0,,0.0,0.0,0.0,,0.0,0.0,0.0,,0.0,0.0,0.0,,0.0,0.0,0.0,,,,,,,,,,,,,,,,,,,,,,,,,,,,,,,,,,,,,,,,,,,,,,,,,,,,,,,,,,,,,,,,,,,,,,,,,,,,,,,,,,,,,,,,,,,,,,,,,,,,,,,,,,,,,,,,,,,,,,,,,,,,,,,,,,,,,,,,,,,,,,,,,,,,,,,,,,,,,,,,,,,,,,,,,,,,,,,,,,,,,,,,,,,,,,,,,,,,,,,,,,,,
nJDcMGEr,FINLAND,2025,FINLAND 1,FINLAND 1,26/10/2025,12:00,Final,KTP,zsgwCpdF,TPS,dM4FE3tT,False,2,3,2.0,0.0,3.0,2.0,6.0,"[49, 74]","[3, 56, 84]",bet365,2.25,2.5,4.33,bet365,2.05,2.88,3.75,bet365,1.7,4.2,3.5,bet365,1.25,3.75,bet365,2.1,1.67,bet365,5.0,1.17,bet365,1.14,5.5,bet365,1.73,2.0,bet365,3.25,1.33,bet365,1.02,21.0,bet365,1.14,5.5,bet365,1.48,2.6,bet365,2.1,1.67,bet365,3.75,1.25,bet365,1.5,2.5,bet365,3.5,1.29,bet365,2.63,1.44,bet365,1.25,1.2,2.0,bet365,1.2,1.5,1.57,Betano.br,1.26,1.38,1.7,bet365,1.36,3.0,Betnacional,1.47,2.55,Superbet.br,1.41,2.62,bet365,2.63,13.0,29.0,5.0,7.0,9.5,19.0,15.0,6.5,bet365,1.9,1.95,bet365,2.0,1.8,bet365,1.83,1.83,bet365,21.0,bet365,11.0,bet365,17.0,bet365,9.0,bet365,11.0,bet365,23.0,bet365,8.5,bet365,13.0,bet365,13.0,bet365,15.0,bet365,41.0,bet365,12.0,bet365,26.0,bet365,19.0,bet365,26.0,bet365,5.5,1.15,bet365,4.5,1.19,bet365,2.75,1.43,bet365,2.25,1.63,bet365,1.73,2.08,bet365,1.28,3.55,bet365,1.11,6.8,bet365,1.1,7.0,,0.0,0.0,KTO.br,1.01,19.0,BetEsporte,11.0,7.8,30.0,Betnacional,5.81,5.38,18.62,bet365,2.88,4.0,0.0,bet365,0.0,0.0,2.0,Betnacional,1.07,9.55,1.37,BetEsporte,1.01,12.0,1.12,2.38,2.4,1.67,2.9,3.08,0.17,2.9,1.67,-0.1,-0.33,0.64,0.36,0.73,0.62,0.43,0.35,0.62,0.56,0.0,0.0,0.25,0.3,15.0,10.0,4.0,7.0,6.0,1.0,5.0,2.0,12.0,6.0,3.0,4.0,1.0,4.0,0.0,1.0,39.0,15.0,10.0,5.0,15.0,22.0,27.0,11.0,22.0,15.0,7.0,1.0,,,3.0,0.0,4.0,2.0,0.48,0.7,71.0,58.0,14.0,65.0,15.0,9.0,0.0,0.0,0.0,0.0,0.31,0.66,0.0,1.09,1.38,0.1,1.09,0.0,0.09,0.0,0.7,0.3,0.79,0.62,0.56,0.26,0.67,0.57,0.0,0.0,0.23,0.67,7.0,6.0,0.0,3.0,4.0,1.0,3.0,2.0,6.0,4.0,1.0,2.0,0.0,1.0,0.0,1.0,27.0,6.0,4.0,1.0,10.0,10.0,14.0,6.0,10.0,10.0,,,,,2.0,0.0,2.0,0.0,0.5,0.83,33.0,27.0,3.0,37.0,5.0,4.0,0.0,0.0,0.0,0.0,2.07,1.74,1.67,1.81,1.7,0.07,1.81,1.67,-0.19,-0.33,0.56,0.44,0.63,0.62,0.3,0.43,0.49,0.55,0.0,0.0,0.28,0.14,8.0,4.0,4.0,4.0,2.0,0.0,2.0,0.0,6.0,2.0,2.0,2.0,1.0,3.0,0.0,0.0,12.0,9.0,6.0,4.0,5.0,12.0,13.0,5.0,12.0,5.0,7.0,1.0,,,1.0,0.0,2.0,2.0,0.46,0.5,38.0,31.0,11.0,28.0,10.0,5.0,0.0,0.0,0.0,0.0
j7CY7ZvK,FINLAND,2025,FINLAND 1,FINLAND 1,04/10/2025,14:00,,SJK,hj3ima3I,Ilves,pYGmWmwa,False,2,1,,,,,,"[15, 89]",[85],bet365,3.75,2.63,2.3,bet365,3.4,2.88,2.1,bet365,3.5,3.9,1.8,bet365,1.2,4.33,bet365,2.0,1.8,bet365,4.0,1.22,bet365,1.11,6.5,bet365,1.57,2.25,bet365,2.75,1.4,bet365,1.02,21.0,bet365,1.1,7.0,bet365,1.36,3.1,bet365,1.83,1.83,bet365,3.25,1.33,bet365,1.4,2.75,bet365,3.25,1.33,bet365,2.38,1.53,bet365,1.83,1.22,1.25,bet365,1.57,1.44,1.25,Betano.br,1.65,1.37,1.3,bet365,2.75,1.4,Superbet.br,2.37,1.49,Betano.br,2.42,1.52,bet365,5.5,15.0,17.0,9.0,7.5,5.5,23.0,13.0,2.88,bet365,1.98,1.88,bet365,2.0,1.8,bet365,1.83,1.83,bet365,23.0,bet365,21.0,bet365,13.0,bet365,9.0,bet365,26.0,bet365,13.0,bet365,13.0,bet365,9.0,bet365,11.0,bet365,41.0,bet365,19.0,bet365,23.0,bet365,13.0,bet365,23.0,bet365,17.0,KTO.br,18.0,1.01,,0.0,0.0,bet365,7.0,1.1,bet365,6.25,1.12,bet365,3.55,1.28,bet365,1.98,1.83,bet365,1.55,2.38,bet365,1.38,3.0,bet365,1.18,4.65,bet365,1.14,5.75,BetEsporte,25.0,11.0,11.0,BetEsporte,14.0,8.4,5.8,bet365,0.0,0.0,3.0,bet365,1.83,4.33,0.0,Novibet,1.31,5.8,1.09,Novibet,1.07,9.7,0.0,0.49,2.03,0.92,2.57,0.4,1.94,2.57,0.92,1.57,-0.08,0.25,0.75,0.68,0.9,0.31,0.51,0.44,0.86,0.0,0.0,0.4,0.18,6.0,22.0,3.0,7.0,3.0,8.0,0.0,7.0,5.0,12.0,1.0,10.0,2.0,2.0,0.0,1.0,11.0,52.0,1.0,9.0,6.0,7.0,13.0,19.0,7.0,6.0,1.0,0.0,,,1.0,1.0,6.0,2.0,0.77,0.65,39.0,42.0,37.0,16.0,7.0,3.0,0.0,0.0,0.0,0.0,0.03,0.63,0.15,0.82,0.11,0.83,0.82,0.15,0.82,0.15,0.27,0.73,0.74,0.91,0.4,0.52,0.48,0.87,0.0,0.0,0.5,0.25,1.0,11.0,1.0,4.0,0.0,3.0,0.0,4.0,1.0,5.0,0.0,6.0,0.0,0.0,0.0,0.0,6.0,25.0,1.0,3.0,4.0,4.0,4.0,12.0,4.0,4.0,,,,,1.0,1.0,4.0,1.0,0.83,0.88,21.0,20.0,12.0,9.0,4.0,2.0,0.0,0.0,0.0,0.0,0.46,1.4,0.77,1.75,0.29,1.11,1.75,0.77,0.75,-0.23,0.23,0.77,0.59,0.88,0.24,0.5,0.39,0.85,0.0,0.0,0.25,0.15,5.0,11.0,2.0,3.0,3.0,5.0,0.0,3.0,4.0,7.0,1.0,4.0,2.0,2.0,0.0,1.0,5.0,27.0,0.0,6.0,2.0,3.0,9.0,7.0,3.0,2.0,1.0,0.0,,,0.0,0.0,2.0,1.0,0.7,0.44,18.0,22.0,25.0,7.0,3.0,1.0,0.0,0.0,0.0,0.0
zul52D2s,FINLAND,2025,FINLAND 1,FINLAND 1,05/10/2025,14:00,,Inter Turku,QwkNUoNH,KuPS,nLBbqJDS,False,0,3,,,,,,[75],"[47, 57, 84]",bet365,2.75,2.3,3.6,bet365,2.5,2.5,3.2,bet365,2.2,3.2,3.25,bet365,1.33,3.25,bet365,2.5,1.5,bet365,6.5,1.11,bet365,1.2,4.33,bet365,1.83,1.83,bet365,4.0,1.22,bet365,1.04,13.0,bet365,1.22,4.0,bet365,1.75,2.05,bet365,2.75,1.4,bet365,5.5,1.14,bet365,1.57,2.25,bet365,4.0,1.22,bet365,2.75,1.4,bet365,1.33,1.36,1.67,bet365,1.29,1.57,1.4,Sportingbet.br,1.29,1.44,1.51,bet365,1.57,2.25,Estrelabet,1.6,2.2,KTO.br,1.58,2.23,bet365,3.5,13.0,29.0,5.5,6.0,7.5,23.0,13.0,5.0,bet365,2.05,1.8,bet365,2.1,1.73,bet365,1.91,1.8,bet365,12.0,bet365,9.5,bet365,12.0,bet365,6.5,bet365,12.0,bet365,19.0,bet365,9.0,bet365,12.0,bet365,11.0,bet365,21.0,bet365,34.0,bet365,17.0,bet365,23.0,bet365,23.0,bet365,29.0,bet365,7.0,1.1,bet365,7.0,1.1,bet365,4.0,1.23,bet365,3.3,1.33,bet365,2.2,1.65,bet365,1.33,3.3,bet365,1.14,5.75,bet365,1.11,6.6,,0.0,0.0,KTO.br,1.02,17.0,BetEsporte,18.0,9.4,29.0,Novibet,8.7,6.3,16.5,bet365,4.0,4.33,0.0,bet365,0.0,0.0,1.67,Novibet,1.08,8.5,1.21,BetEsporte,1.01,11.0,1.06,0.95,2.29,0.5,2.78,1.34,1.04,2.78,0.5,-0.22,0.5,0.51,0.49,0.85,0.83,0.53,0.49,0.75,0.64,1.0,0.0,0.33,0.2,14.0,16.0,4.0,10.0,6.0,3.0,4.0,3.0,8.0,9.0,6.0,7.0,2.0,4.0,0.0,0.0,39.0,28.0,7.0,8.0,12.0,11.0,14.0,14.0,11.0,12.0,0.0,1.0,,,1.0,1.0,7.0,4.0,1.0,0.56,36.0,50.0,25.0,24.0,5.0,8.0,1.0,0.0,0.0,0.0,0.5,0.27,0.45,0.19,0.44,0.22,0.19,0.45,0.19,0.45,0.47,0.53,0.87,0.86,0.41,0.57,0.71,0.63,1.0,0.0,0.29,0.06,5.0,4.0,3.0,2.0,2.0,1.0,0.0,1.0,3.0,2.0,2.0,2.0,2.0,0.0,0.0,0.0,12.0,8.0,4.0,5.0,6.0,7.0,7.0,6.0,7.0,6.0,0.0,1.0,,,0.0,0.0,2.0,3.0,1.0,0.67,16.0,21.0,17.0,7.0,4.0,2.0,0.0,0.0,0.0,0.0,0.45,2.02,0.05,2.59,0.9,0.82,2.59,0.05,-0.41,0.05,0.56,0.44,0.83,0.8,0.63,0.43,0.77,0.66,0.0,0.0,0.38,0.44,9.0,12.0,1.0,8.0,4.0,2.0,4.0,2.0,5.0,7.0,4.0,5.0,0.0,4.0,0.0,0.0,27.0,20.0,3.0,3.0,6.0,4.0,7.0,8.0,4.0,6.0,,,,,1.0,1.0,5.0,1.0,1.0,0.5,20.0,29.0,8.0,17.0,1.0,6.0,1.0,0.0,0.0,0.0
Kn0ciSxq,FINLAND,2025,FINLAND 1,FINLAND 1,14/09/2025,13:00,,KuPS,nLBbqJDS,Ilves,pYGmWmwa,False,2,4,,,,,,"[66, 88]","[8, 9, 21, 24]",bet365,2.88,2.4,3.1,bet365,2.6,2.75,2.75,bet365,2.35,3.8,2.5,bet365,1.25,3.75,bet365,2.2,1.62,bet365,5.0,1.17,bet365,1.14,5.5,bet365,1.73,2.0,bet365,3.4,1.3,bet365,1.02,19.0,bet365,1.14,5.5,bet365,1.5,2.5,bet365,2.25,1.57,bet365,3.75,1.25,bet365,1.44,2.63,bet365,3.5,1.29,bet365,2.63,1.44,bet365,1.5,1.25,1.57,bet365,1.36,1.53,1.4,Betboom.br,1.38,1.44,1.51,bet365,1.8,1.91,Novibet,1.76,1.94,KTO.br,1.71,1.98,bet365,3.75,13.0,23.0,6.5,6.5,6.5,21.0,13.0,4.0,bet365,1.95,1.9,bet365,2.0,1.8,bet365,1.91,1.8,bet365,19.0,bet365,13.0,bet365,13.0,bet365,8.0,bet365,15.0,bet365,17.0,bet365,9.5,bet365,10.0,bet365,12.0,bet365,23.0,bet365,26.0,bet365,17.0,bet365,19.0,bet365,21.0,bet365,21.0,KTO.br,10.0,1.06,bet365,7.0,1.1,bet365,4.4,1.2,bet365,3.55,1.28,bet365,2.35,1.58,bet365,1.5,2.5,bet365,1.24,3.9,bet365,1.18,4.65,Betboom.br,1.01,12.8,KTO.br,1.04,12.5,KTO.br,0.0,0.0,21.0,Novibet,8.9,6.5,11.0,bet365,4.33,4.5,0.0,bet365,0.0,0.0,1.57,Novibet,1.14,7.2,1.19,KTO.br,1.04,12.0,0.0,1.15,0.74,1.58,1.37,1.19,0.42,1.37,1.58,-2.63,-0.42,0.61,0.39,0.88,0.86,0.64,0.52,0.76,0.81,1.0,0.0,0.25,0.11,21.0,10.0,6.0,5.0,10.0,4.0,5.0,1.0,12.0,7.0,9.0,3.0,2.0,1.0,1.0,0.0,31.0,21.0,3.0,1.0,5.0,8.0,20.0,10.0,9.0,5.0,4.0,1.0,1.0,0.0,1.0,1.0,1.0,4.0,0.89,0.53,40.0,41.0,12.0,34.0,7.0,9.0,1.0,0.0,2.0,0.0,0.26,0.63,0.0,1.37,0.43,0.26,1.37,0.0,-2.63,0.0,0.65,0.35,0.9,0.86,0.69,0.65,0.77,0.84,0.0,0.0,0.0,0.0,6.0,7.0,0.0,5.0,5.0,1.0,1.0,1.0,4.0,6.0,2.0,1.0,0.0,1.0,0.0,0.0,9.0,11.0,0.0,1.0,3.0,4.0,10.0,6.0,5.0,3.0,1.0,0.0,,,0.0,1.0,1.0,0.0,0.86,0.5,15.0,20.0,11.0,16.0,3.0,4.0,0.0,0.0,2.0,0.0,0.89,0.11,1.58,0.0,0.76,0.16,0.0,1.58,0.0,-0.42,0.57,0.43,0.87,0.85,0.57,0.42,0.76,0.79,1.0,0.0,0.31,1.0,15.0,3.0,6.0,0.0,5.0,3.0,4.0,0.0,8.0,1.0,7.0,2.0,2.0,0.0,1.0,0.0,22.0,10.0,3.0,0.0,2.0,4.0,10.0,4.0,4.0,2.0,3.0,1.0,1.0,0.0,1.0,0.0,0.0,4.0,0.92,0.55,25.0,21.0,1.0,18.0,4.0,5.0,1.0,0.0,0.0,0.0
2R7tmAUO,FINLAND,2025,FINLAND 1,FINLAND 1,31/08/2025,14:00,,SJK,hj3ima3I,KuPS,nLBbqJDS,False,1,1,,,,,,[],[],,0.0,0.0,0.0,,0.0,0.0,0.0,,0.0,0.0,0.0,,0.0,0.0,,0.0,0.0,,0.0,0.0,,0.0,0.0,,0.0,0.0,,0.0,0.0,,0.0,0.0,,0.0,0.0,,0.0,0.0,,0.0,0.0,,0.0,0.0,,0.0,0.0,,0.0,0.0,,0.0,0.0,,0.0,0.0,0.0,,0.0,0.0,0.0,,0.0,0.0,0.0,,0.0,0.0,,0.0,0.0,,0.0,0.0,,0.0,0.0,0.0,0.0,0.0,0.0,0.0,0.0,0.0,,0.0,0.0,,0.0,0.0,,0.0,0.0,,0.0,,0.0,,0.0,,0.0,,0.0,,0.0,,0.0,,0.0,,0.0,,0.0,,0.0,,0.0,,0.0,,0.0,,0.0,,0.0,0.0,,0.0,0.0,,0.0,0.0,,0.0,0.0,,0.0,0.0,,0.0,0.0,,0.0,0.0,,0.0,0.0,,0.0,0.0,,0.0,0.0,,0.0,0.0,0.0,,0.0,0.0,0.0,,0.0,0.0,0.0,,0.0,0.0,0.0,,0.0,0.0,0.0,,0.0,0.0,0.0,,,,,,,,,,,,,,,,,,,,,,,,,,,,,,,,,,,,,,,,,,,,,,,,,,,,,,,,,,,,,,,,,,,,,,,,,,,,,,,,,,,,,,,,,,,,,,,,,,,,,,,,,,,,,,,,,,,,,,,,,,,,,,,,,,,,,,,,,,,,,,,,,,,,,,,,,,,,,,,,,,,,,,,,,,,,,,,,,,,,,,,,,,,,,,,,,,,,,,,,,,,,
U1XQRxiL,FINLAND,2025,FINLAND 1,FINLAND 1,23/10/2025,15:30,Final,TPS,dM4FE3tT,KTP,zsgwCpdF,False,3,0,1.0,,,,,"[78, 85, 87]",[89],bet365,3.0,2.05,3.75,bet365,2.75,2.3,3.2,bet365,2.25,3.0,3.0,bet365,1.44,2.63,bet365,3.25,1.33,bet365,9.0,1.07,bet365,1.29,3.5,bet365,2.25,1.57,bet365,5.5,1.14,bet365,1.07,8.5,bet365,1.36,3.0,bet365,2.15,1.67,bet365,3.75,1.25,bet365,9.0,1.07,bet365,1.91,1.91,bet365,5.0,1.17,bet365,3.75,1.25,bet365,1.33,1.33,1.53,bet365,1.25,1.73,1.36,Novibet,1.29,1.57,1.42,bet365,1.62,2.2,Novibet,1.61,2.15,Superbet.br,1.6,2.15,bet365,5.0,15.0,29.0,6.5,4.75,5.5,34.0,13.0,3.75,bet365,2.0,1.85,bet365,2.1,1.73,bet365,2.0,1.73,bet365,8.5,bet365,9.0,bet365,7.5,bet365,6.0,bet365,15.0,bet365,11.0,bet365,12.0,bet365,9.5,bet365,15.0,bet365,34.0,bet365,21.0,bet365,26.0,bet365,21.0,bet365,41.0,bet365,34.0,KTO.br,12.5,1.03,,0.0,0.0,bet365,4.65,1.18,bet365,3.7,1.26,bet365,2.3,1.6,bet365,1.38,3.0,bet365,1.13,5.9,bet365,1.11,6.8,,0.0,0.0,KTO.br,1.01,21.0,BetEsporte,23.0,11.0,35.0,Betnacional,10.68,8.62,18.63,bet365,4.75,0.0,0.0,bet365,0.0,4.0,1.53,Sportingbet.br,0.0,6.75,1.18,Betnacional,0.0,11.07,1.04,2.33,0.52,3.18,0.12,1.79,0.38,0.12,3.18,0.12,0.18,0.55,0.45,0.85,0.82,0.57,0.44,0.78,0.67,0.0,0.0,0.18,0.08,15.0,7.0,6.0,1.0,3.0,5.0,6.0,1.0,10.0,5.0,5.0,2.0,3.0,0.0,0.0,0.0,42.0,19.0,5.0,1.0,11.0,10.0,11.0,14.0,10.0,11.0,0.0,4.0,0.0,1.0,0.0,2.0,1.0,3.0,0.67,0.5,44.0,47.0,21.0,30.0,11.0,4.0,0.0,0.0,0.0,0.0,0.33,0.48,0.38,0.12,0.24,0.31,0.12,0.38,0.12,0.38,0.46,0.54,0.81,0.86,0.53,0.48,0.68,0.73,0.0,0.0,0.0,0.14,5.0,6.0,2.0,1.0,0.0,5.0,3.0,0.0,3.0,5.0,2.0,1.0,0.0,0.0,0.0,0.0,13.0,14.0,1.0,0.0,8.0,7.0,5.0,7.0,7.0,8.0,0.0,2.0,,,0.0,1.0,1.0,2.0,0.55,0.5,29.0,26.0,11.0,12.0,4.0,1.0,0.0,0.0,0.0,0.0,2.0,0.04,2.8,0.0,1.55,0.07,0.0,2.8,0.0,-0.2,0.63,0.37,0.87,0.76,0.64,0.42,0.83,0.6,0.0,0.0,0.25,0.0,10.0,1.0,4.0,0.0,3.0,0.0,3.0,1.0,7.0,0.0,3.0,1.0,3.0,0.0,0.0,0.0,29.0,5.0,4.0,1.0,3.0,3.0,6.0,7.0,3.0,3.0,0.0,2.0,0.0,1.0,0.0,1.0,0.0,1.0,1.0,0.5,15.0,21.0,10.0,18.0,7.0,3.0,0.0,0.0,0.0,0.0
84WpbzwQ,FINLAND,2025,FINLAND 1,FINLAND 1,25/08/2025,15:00,,Haka,6oug4RRc,SJK,hj3ima3I,False,2,3,,,,,,[],[],,0.0,0.0,0.0,,0.0,0.0,0.0,,0.0,0.0,0.0,,0.0,0.0,,0.0,0.0,,0.0,0.0,,0.0,0.0,,0.0,0.0,,0.0,0.0,,0.0,0.0,,0.0,0.0,,0.0,0.0,,0.0,0.0,,0.0,0.0,,0.0,0.0,,0.0,0.0,,0.0,0.0,,0.0,0.0,0.0,,0.0,0.0,0.0,,0.0,0.0,0.0,,0.0,0.0,,0.0,0.0,,0.0,0.0,,0.0,0.0,0.0,0.0,0.0,0.0,0.0,0.0,0.0,,0.0,0.0,,0.0,0.0,,0.0,0.0,,0.0,,0.0,,0.0,,0.0,,0.0,,0.0,,0.0,,0.0,,0.0,,0.0,,0.0,,0.0,,0.0,,0.0,,0.0,,0.0,0.0,,0.0,0.0,,0.0,0.0,,0.0,0.0,,0.0,0.0,,0.0,0.0,,0.0,0.0,,0.0,0.0,,0.0,0.0,,0.0,0.0,,0.0,0.0,0.0,,0.0,0.0,0.0,,0.0,0.0,0.0,,0.0,0.0,0.0,,0.0,0.0,0.0,,0.0,0.0,0.0,,,,,,,,,,,,,,,,,,,,,,,,,,,,,,,,,,,,,,,,,,,,,,,,,,,,,,,,,,,,,,,,,,,,,,,,,,,,,,,,,,,,,,,,,,,,,,,,,,,,,,,,,,,,,,,,,,,,,,,,,,,,,,,,,,,,,,,,,,,,,,,,,,,,,,,,,,,,,,,,,,,,,,,,,,,,,,,,,,,,,,,,,,,,,,,,,,,,,,,,,,,,
jkqztyHs,FINLAND,2025,FINLAND 1,FINLAND 1,25/08/2025,16:00,,Gnistan,Aa28K98n,AC Oulu,Y35Jer59,False,3,2,,,,,,[],[],,0.0,0.0,0.0,,0.0,0.0,0.0,,0.0,0.0,0.0,,0.0,0.0,,0.0,0.0,,0.0,0.0,,0.0,0.0,,0.0,0.0,,0.0,0.0,,0.0,0.0,,0.0,0.0,,0.0,0.0,,0.0,0.0,,0.0,0.0,,0.0,0.0,,0.0,0.0,,0.0,0.0,,0.0,0.0,0.0,,0.0,0.0,0.0,,0.0,0.0,0.0,,0.0,0.0,,0.0,0.0,,0.0,0.0,,0.0,0.0,0.0,0.0,0.0,0.0,0.0,0.0,0.0,,0.0,0.0,,0.0,0.0,,0.0,0.0,,0.0,,0.0,,0.0,,0.0,,0.0,,0.0,,0.0,,0.0,,0.0,,0.0,,0.0,,0.0,,0.0,,0.0,,0.0,,0.0,0.0,,0.0,0.0,,0.0,0.0,,0.0,0.0,,0.0,0.0,,0.0,0.0,,0.0,0.0,,0.0,0.0,,0.0,0.0,,0.0,0.0,,0.0,0.0,0.0,,0.0,0.0,0.0,,0.0,0.0,0.0,,0.0,0.0,0.0,,0.0,0.0,0.0,,0.0,0.0,0.0,,,,,,,,,,,,,,,,,,,,,,,,,,,,,,,,,,,,,,,,,,,,,,,,,,,,,,,,,,,,,,,,,,,,,,,,,,,,,,,,,,,,,,,,,,,,,,,,,,,,,,,,,,,,,,,,,,,,,,,,,,,,,,,,,,,,,,,,,,,,,,,,,,,,,,,,,,,,,,,,,,,,,,,,,,,,,,,,,,,,,,,,,,,,,,,,,,,,,,,,,,,,
d0JdTt7c,FINLAND,2025,FINLAND 1,FINLAND 1,03/11/2025,16:00,,Ilves,pYGmWmwa,SJK,hj3ima3I,False,3,3,,,,,,"[42, 66, 81]","[17, 60, 90]",bet365,2.0,2.88,4.33,bet365,1.83,3.1,4.0,bet365,1.57,4.33,4.33,bet365,1.17,5.0,bet365,1.8,2.0,bet365,3.5,1.29,bet365,1.1,7.0,bet365,1.5,2.5,bet365,2.5,1.5,bet365,1.01,26.0,bet365,1.07,9.0,bet365,1.29,3.6,bet365,1.67,2.1,bet365,2.5,1.5,bet365,1.36,3.0,bet365,3.0,1.36,bet365,2.2,1.62,bet365,1.18,1.18,2.2,bet365,1.2,1.4,1.73,Sportingbet.br,1.22,1.31,1.85,bet365,1.29,3.5,Superbet.br,1.37,2.8,Betnacional,1.35,2.85,bet365,2.38,13.0,26.0,5.0,8.5,11.0,15.0,15.0,7.0,bet365,1.98,1.88,bet365,2.0,1.8,bet365,1.83,1.83,bet365,34.0,bet365,17.0,bet365,26.0,bet365,11.0,bet365,13.0,bet365,34.0,bet365,9.5,bet365,17.0,bet365,12.0,bet365,15.0,bet365,51.0,bet365,11.0,bet365,29.0,bet365,15.0,bet365,26.0,bet365,4.0,1.23,bet365,3.45,1.3,bet365,2.35,1.58,bet365,1.93,1.88,bet365,1.58,2.35,bet365,1.2,4.4,bet365,1.1,7.0,KTO.br,1.06,9.5,,0.0,0.0,,0.0,0.0,BetEsporte,7.8,7.0,28.0,BetEsporte,4.1,5.0,17.0,bet365,2.38,4.33,0.0,bet365,0.0,0.0,2.2,BetEsporte,1.06,9.4,1.49,BetEsporte,1.01,12.0,1.19,1.8,1.11,1.28,1.71,1.38,0.37,1.71,1.28,-1.29,-1.72,0.63,0.37,0.85,0.77,0.46,0.38,0.75,0.67,0.0,0.0,0.1,0.04,14.0,7.0,4.0,4.0,4.0,2.0,6.0,1.0,11.0,4.0,3.0,3.0,2.0,2.0,0.0,0.0,44.0,13.0,10.0,7.0,14.0,8.0,18.0,14.0,8.0,14.0,5.0,2.0,,,0.0,0.0,1.0,1.0,0.62,0.58,46.0,33.0,30.0,32.0,7.0,10.0,0.0,0.0,0.0,0.0,1.07,0.75,0.36,0.93,0.98,0.22,0.93,0.36,-0.07,-0.64,0.63,0.37,0.86,0.79,0.39,0.52,0.78,0.78,0.0,0.0,0.08,0.0,6.0,4.0,1.0,1.0,1.0,2.0,4.0,1.0,5.0,2.0,1.0,2.0,1.0,1.0,0.0,0.0,18.0,9.0,6.0,3.0,6.0,5.0,8.0,8.0,5.0,6.0,2.0,1.0,,,0.0,0.0,0.0,0.0,0.5,0.5,25.0,14.0,12.0,12.0,1.0,4.0,0.0,0.0,0.0,0.0,0.73,0.36,0.92,0.78,0.4,0.15,0.78,0.92,-1.22,-1.08,0.63,0.37,0.85,0.75,0.52,0.24,0.72,0.56,0.0,0.0,0.13,0.07,8.0,3.0,3.0,3.0,3.0,0.0,2.0,0.0,6.0,2.0,2.0,1.0,1.0,1.0,0.0,0.0,26.0,4.0,4.0,4.0,8.0,3.0,10.0,6.0,3.0,8.0,3.0,1.0,,,0.0,0.0,1.0,1.0,0.8,0.67,21.0,19.0,18.0,20.0,6.0,6.0,0.0,0.0,0.0,0.0
SUngCrXb,FINLAND,2025,FINLAND 1,FINLAND 1,04/10/2025,14:00,,KTP,zsgwCpdF,Mariehamn,C8bOhcyj,False,1,1,,,,,,[50],[20],bet365,1.95,2.63,5.5,bet365,1.8,2.88,4.75,bet365,1.5,4.5,5.0,bet365,1.25,3.75,bet365,2.1,1.67,bet365,4.5,1.18,bet365,1.14,5.5,bet365,1.67,2.1,bet365,3.25,1.33,bet365,1.02,19.0,bet365,1.14,5.5,bet365,1.48,2.6,bet365,2.1,1.67,bet365,3.75,1.25,bet365,1.57,2.25,bet365,3.75,1.25,bet365,2.75,1.4,bet365,1.17,1.18,2.5,bet365,1.13,1.44,1.8,Sportingbet.br,1.16,1.35,1.93,bet365,1.22,4.0,Superbet.br,1.25,3.5,KTO.br,1.26,3.4,bet365,2.25,15.0,34.0,4.75,7.5,12.0,17.0,17.0,9.0,bet365,1.93,1.93,bet365,2.0,1.8,bet365,1.83,1.83,bet365,21.0,bet365,10.0,bet365,19.0,bet365,9.5,bet365,9.0,bet365,34.0,bet365,8.5,bet365,17.0,bet365,15.0,bet365,12.0,bet365,51.0,bet365,11.0,bet365,34.0,bet365,19.0,bet365,34.0,bet365,4.0,1.23,bet365,3.45,1.3,bet365,2.3,1.6,bet365,1.8,2.0,bet365,1.5,2.5,bet365,1.17,5.0,,0.0,0.0,KTO.br,1.04,12.5,,0.0,0.0,,0.0,0.0,BetEsporte,8.0,6.6,35.0,BetEsporte,4.0,4.6,24.0,bet365,2.25,4.0,0.0,bet365,0.0,0.0,2.5,BetEsporte,1.03,10.0,1.55,BetEsporte,1.01,12.0,1.2,1.43,0.3,1.56,1.17,1.12,0.6,1.17,1.56,0.17,0.56,0.45,0.55,0.82,0.89,0.37,0.43,0.74,0.82,0.0,0.0,0.26,0.5,15.0,6.0,4.0,2.0,5.0,3.0,6.0,1.0,9.0,3.0,6.0,3.0,2.0,2.0,0.0,0.0,29.0,13.0,6.0,0.0,5.0,6.0,28.0,14.0,6.0,5.0,2.0,2.0,,,1.0,1.0,1.0,3.0,0.68,0.71,39.0,42.0,5.0,27.0,6.0,14.0,0.0,0.0,0.0,0.0,0.45,0.16,0.51,0.51,0.46,0.56,0.51,0.51,-0.49,0.51,0.4,0.6,0.79,0.91,0.35,0.42,0.71,0.81,0.0,0.0,0.25,0.0,8.0,5.0,2.0,1.0,2.0,3.0,4.0,1.0,4.0,2.0,4.0,3.0,1.0,1.0,0.0,0.0,12.0,11.0,3.0,0.0,1.0,2.0,12.0,8.0,2.0,1.0,,,,,0.0,1.0,0.0,2.0,0.67,0.82,19.0,21.0,2.0,16.0,4.0,2.0,0.0,0.0,0.0,0.0,0.98,0.14,1.05,0.66,0.66,0.04,0.66,1.05,0.66,0.05,0.51,0.49,0.85,0.85,0.39,0.45,0.77,0.86,0.0,0.0,0.27,1.0,7.0,1.0,2.0,1.0,3.0,0.0,2.0,0.0,5.0,1.0,2.0,0.0,1.0,1.0,0.0,0.0,17.0,2.0,3.0,0.0,4.0,4.0,16.0,6.0,4.0,4.0,2.0,2.0,,,1.0,0.0,1.0,1.0,0.7,0.6,20.0,21.0,3.0,11.0,2.0,12.0,0.0,0.0,0.0,0.0
dQ2m248b,FINLAND,2025,FINLAND 1,FINLAND 1,22/10/2025,15:00,,Inter Turku,QwkNUoNH,Gnistan,Aa28K98n,False,2,1,,,,,,"[36, 76]",[3],bet365,1.8,2.75,6.0,bet365,1.67,3.1,5.5,bet365,1.38,5.0,6.0,bet365,1.22,4.0,bet365,2.0,1.73,bet365,4.33,1.2,bet365,1.13,6.0,bet365,1.67,2.1,bet365,3.25,1.33,bet365,1.02,21.0,bet365,1.13,6.0,bet365,1.44,2.7,bet365,2.1,1.67,bet365,3.5,1.29,bet365,1.67,2.1,bet365,3.75,1.25,bet365,2.75,1.4,bet365,1.13,1.17,3.0,bet365,1.11,1.4,1.91,Sportingbet.br,1.12,1.3,2.2,bet365,1.17,5.0,Sportingbet.br,1.2,4.1,KTO.br,1.19,4.0,bet365,2.0,17.0,41.0,4.33,8.5,15.0,17.0,19.0,12.0,bet365,1.93,1.93,bet365,2.0,1.8,bet365,1.83,1.83,bet365,21.0,bet365,10.0,bet365,21.0,bet365,11.0,bet365,8.5,bet365,41.0,bet365,8.5,bet365,19.0,bet365,17.0,bet365,10.0,bet365,67.0,bet365,11.0,bet365,41.0,bet365,19.0,bet365,41.0,bet365,3.45,1.3,bet365,2.75,1.43,bet365,2.05,1.75,bet365,1.6,2.3,bet365,1.4,2.85,bet365,1.13,5.9,,0.0,0.0,KTO.br,1.02,17.0,,0.0,0.0,,0.0,0.0,Novibet,6.3,6.0,0.0,bet365,3.0,4.33,0.0,bet365,2.0,4.0,0.0,bet365,0.0,0.0,3.0,bet365,0.0,0.0,1.91,Betnacional,0.0,0.0,1.33,2.49,0.46,2.09,0.81,2.13,0.34,0.81,2.09,-0.19,0.09,0.73,0.27,0.85,0.69,0.49,0.44,0.75,0.51,1.0,0.0,0.32,0.17,16.0,7.0,5.0,2.0,10.0,4.0,1.0,1.0,15.0,4.0,1.0,2.0,3.0,1.0,0.0,0.0,44.0,13.0,8.0,0.0,13.0,8.0,30.0,10.0,8.0,13.0,,,0.0,1.0,5.0,2.0,1.0,3.0,0.54,0.36,48.0,41.0,12.0,54.0,8.0,13.0,0.0,0.0,0.0,0.0,1.33,0.14,0.59,0.55,0.89,0.12,0.55,0.59,-0.45,-0.41,0.72,0.28,0.85,0.66,0.65,0.35,0.8,0.55,0.0,0.0,0.37,0.5,10.0,6.0,2.0,1.0,7.0,4.0,1.0,1.0,9.0,3.0,1.0,2.0,1.0,0.0,0.0,0.0,22.0,6.0,5.0,0.0,6.0,6.0,14.0,4.0,6.0,6.0,,,0.0,1.0,1.0,1.0,0.0,1.0,0.5,0.67,17.0,25.0,5.0,20.0,4.0,3.0,0.0,0.0,0.0,0.0,1.16,0.32,1.5,0.26,1.24,0.22,0.26,1.5,0.26,0.5,0.74,0.26,0.84,0.71,0.36,0.52,0.7,0.49,1.0,0.0,0.27,0.0,6.0,1.0,3.0,1.0,3.0,0.0,0.0,0.0,6.0,1.0,0.0,0.0,2.0,1.0,0.0,0.0,22.0,7.0,3.0,0.0,7.0,2.0,16.0,6.0,2.0,7.0,,,,,4.0,1.0,1.0,2.0,0.56,0.25,31.0,16.0,7.0,34.0,4.0,10.0,0.0,0.0,0.0,0.0
xpOMG3Ni,FINLAND,2025,FINLAND 1,FINLAND 1,27/10/2025,16:00,,SJK,hj3ima3I,KuPS,nLBbqJDS,False,0,1,,,,,,[],[90],bet365,3.2,2.6,2.63,bet365,2.88,2.88,2.4,bet365,2.88,3.9,2.2,bet365,1.22,4.0,bet365,2.05,1.75,bet365,4.33,1.2,bet365,1.13,6.0,bet365,1.62,2.2,bet365,2.75,1.4,bet365,1.01,23.0,bet365,1.11,6.5,bet365,1.4,2.88,bet365,2.0,1.73,bet365,3.4,1.3,bet365,1.36,3.0,bet365,3.25,1.33,bet365,2.25,1.57,bet365,1.67,1.25,1.4,bet365,1.44,1.5,1.36,Sportingbet.br,1.52,1.37,1.36,bet365,2.1,1.67,Goldebet,2.05,1.7,Betano.br,2.05,1.72,bet365,4.33,13.0,19.0,7.5,7.0,6.0,21.0,13.0,3.5,bet365,2.0,1.85,bet365,2.0,1.8,bet365,1.83,1.83,bet365,23.0,bet365,17.0,bet365,15.0,bet365,8.5,bet365,21.0,bet365,15.0,bet365,11.0,bet365,9.5,bet365,11.0,bet365,34.0,bet365,23.0,bet365,19.0,bet365,15.0,bet365,21.0,bet365,17.0,KTO.br,12.5,1.03,,0.0,0.0,bet365,5.5,1.15,bet365,4.4,1.2,bet365,2.75,1.43,bet365,1.68,2.15,bet365,1.35,3.1,bet365,1.25,3.8,bet365,1.11,6.8,KTO.br,1.08,8.0,BetEsporte,21.0,11.0,15.0,Casadeapostas,11.0,7.4,7.4,bet365,0.0,0.0,3.75,bet365,1.67,4.5,0.0,Sportingbet.br,1.24,6.25,0.0,BetEsporte,1.07,9.4,1.03,0.83,0.92,0.17,0.43,0.78,1.3,0.43,0.17,0.43,0.17,0.39,0.61,0.84,0.9,0.4,0.63,0.6,0.82,0.0,0.0,0.31,0.18,9.0,13.0,1.0,6.0,1.0,3.0,7.0,4.0,7.0,10.0,2.0,3.0,1.0,1.0,0.0,0.0,17.0,28.0,3.0,6.0,8.0,8.0,13.0,24.0,8.0,8.0,2.0,2.0,,,1.0,1.0,6.0,1.0,0.67,0.71,41.0,41.0,26.0,14.0,11.0,10.0,1.0,0.0,0.0,0.0,0.24,0.58,0.17,0.25,0.4,0.64,0.25,0.17,0.25,0.17,0.42,0.58,0.84,0.91,0.5,0.69,0.58,0.87,0.0,0.0,0.33,0.2,1.0,8.0,1.0,3.0,0.0,2.0,0.0,3.0,1.0,6.0,0.0,2.0,1.0,0.0,0.0,0.0,8.0,19.0,1.0,4.0,7.0,3.0,6.0,7.0,3.0,7.0,0.0,1.0,,,0.0,0.0,3.0,1.0,0.63,0.8,25.0,17.0,13.0,10.0,5.0,7.0,0.0,0.0,0.0,0.0,0.59,0.34,0.0,0.18,0.38,0.66,0.18,0.0,0.18,0.0,0.36,0.64,0.83,0.88,0.32,0.58,0.62,0.76,0.0,0.0,0.29,0.17,8.0,5.0,0.0,3.0,1.0,1.0,7.0,1.0,6.0,4.0,2.0,1.0,0.0,1.0,0.0,0.0,9.0,9.0,2.0,2.0,1.0,5.0,7.0,17.0,5.0,1.0,2.0,1.0,,,1.0,1.0,3.0,0.0,0.71,0.67,16.0,24.0,13.0,4.0,6.0,3.0,1.0,0.0,0.0,0.0
dAMA5wFj,FINLAND,2025,FINLAND 1,FINLAND 1,02/11/2025,14:00,,KuPS,nLBbqJDS,Inter Turku,QwkNUoNH,False,3,2,,,,,,"[45, 52, 66]","[8, 80]",bet365,2.75,2.3,3.6,bet365,2.4,2.6,3.2,bet365,2.1,3.5,3.0,bet365,1.33,3.25,bet365,2.5,1.5,bet365,6.5,1.11,bet365,1.2,4.33,bet365,1.91,1.8,bet365,4.0,1.22,bet365,1.04,13.0,bet365,1.22,4.0,bet365,1.75,2.05,bet365,2.75,1.4,bet365,5.5,1.14,bet365,1.62,2.2,bet365,4.0,1.22,bet365,3.0,1.36,bet365,1.33,1.25,1.62,bet365,1.29,1.57,1.4,Betano.br,1.34,1.44,1.5,bet365,1.57,2.25,Esportivabet,1.6,2.2,KTO.br,1.58,2.2,bet365,3.5,13.0,26.0,5.5,6.0,7.5,23.0,13.0,5.0,bet365,1.98,1.88,bet365,2.1,1.73,bet365,1.91,1.8,bet365,13.0,bet365,9.0,bet365,11.0,bet365,7.0,bet365,11.0,bet365,17.0,bet365,9.0,bet365,11.0,bet365,13.0,bet365,21.0,bet365,34.0,bet365,17.0,bet365,23.0,bet365,23.0,bet365,29.0,KTO.br,9.0,1.06,bet365,7.0,1.1,bet365,4.0,1.23,bet365,3.3,1.33,bet365,2.15,1.68,bet365,1.38,3.0,bet365,1.15,5.5,bet365,1.12,6.4,,0.0,0.0,KTO.br,1.01,18.0,BetEsporte,18.0,9.4,28.0,Novibet,8.5,6.1,15.0,bet365,4.0,4.0,0.0,bet365,0.0,0.0,1.62,Novibet,1.09,8.1,1.22,BetEsporte,1.02,11.0,1.05,1.3,1.58,2.04,1.56,1.23,0.96,1.56,2.04,-0.44,-0.96,0.53,0.47,0.85,0.88,0.38,0.4,0.78,0.77,0.0,0.0,0.31,0.17,14.0,11.0,4.0,3.0,5.0,6.0,5.0,2.0,9.0,9.0,5.0,2.0,3.0,2.0,0.0,0.0,26.0,26.0,7.0,6.0,8.0,8.0,15.0,20.0,8.0,8.0,1.0,1.0,,,1.0,1.0,1.0,1.0,0.59,0.56,43.0,49.0,21.0,30.0,9.0,7.0,0.0,0.0,0.0,1.0,0.29,0.25,0.9,0.72,0.54,0.09,0.72,0.9,-0.28,-0.1,0.73,0.27,0.9,0.81,0.48,0.3,0.81,0.66,0.0,0.0,0.11,0.2,4.0,4.0,1.0,2.0,2.0,2.0,1.0,0.0,2.0,4.0,2.0,0.0,1.0,1.0,0.0,0.0,13.0,5.0,4.0,3.0,5.0,1.0,10.0,7.0,1.0,5.0,,,,,0.0,1.0,1.0,0.0,0.44,0.63,21.0,23.0,6.0,25.0,6.0,3.0,0.0,0.0,0.0,1.0,1.01,1.33,1.14,0.84,0.69,0.87,0.84,1.14,-0.16,-0.86,0.29,0.71,0.72,0.91,0.27,0.5,0.67,0.82,0.0,0.0,0.75,0.15,10.0,7.0,3.0,1.0,3.0,4.0,4.0,2.0,7.0,5.0,3.0,2.0,2.0,1.0,0.0,0.0,13.0,21.0,3.0,3.0,3.0,7.0,5.0,13.0,7.0,3.0,1.0,1.0,,,1.0,0.0,0.0,1.0,0.69,0.5,22.0,26.0,15.0,5.0,3.0,4.0,0.0,0.0,0.0,0.0
vBFHNg1D,FINLAND,2025,FINLAND 1,FINLAND 1,18/08/2025,16:00,,Jaro,faEPan8O,SJK,hj3ima3I,False,0,4,,,,,,[],[],,0.0,0.0,0.0,,0.0,0.0,0.0,,0.0,0.0,0.0,,0.0,0.0,,0.0,0.0,,0.0,0.0,,0.0,0.0,,0.0,0.0,,0.0,0.0,,0.0,0.0,,0.0,0.0,,0.0,0.0,,0.0,0.0,,0.0,0.0,,0.0,0.0,,0.0,0.0,,0.0,0.0,,0.0,0.0,0.0,,0.0,0.0,0.0,,0.0,0.0,0.0,,0.0,0.0,,0.0,0.0,,0.0,0.0,,0.0,0.0,0.0,0.0,0.0,0.0,0.0,0.0,0.0,,0.0,0.0,,0.0,0.0,,0.0,0.0,,0.0,,0.0,,0.0,,0.0,,0.0,,0.0,,0.0,,0.0,,0.0,,0.0,,0.0,,0.0,,0.0,,0.0,,0.0,,0.0,0.0,,0.0,0.0,,0.0,0.0,,0.0,0.0,,0.0,0.0,,0.0,0.0,,0.0,0.0,,0.0,0.0,,0.0,0.0,,0.0,0.0,,0.0,0.0,0.0,,0.0,0.0,0.0,,0.0,0.0,0.0,,0.0,0.0,0.0,,0.0,0.0,0.0,,0.0,0.0,0.0,,,,,,,,,,,,,,,,,,,,,,,,,,,,,,,,,,,,,,,,,,,,,,,,,,,,,,,,,,,,,,,,,,,,,,,,,,,,,,,,,,,,,,,,,,,,,,,,,,,,,,,,,,,,,,,,,,,,,,,,,,,,,,,,,,,,,,,,,,,,,,,,,,,,,,,,,,,,,,,,,,,,,,,,,,,,,,,,,,,,,,,,,,,,,,,,,,,,,,,,,,,,
861C0iXg,FINLAND,2025,FINLAND 1,FINLAND 1,16/10/2025,15:00,,Ilves,pYGmWmwa,KuPS,nLBbqJDS,False,1,1,,,,,,[54],[81],bet365,2.75,2.5,3.25,bet365,2.38,2.88,3.0,bet365,2.1,4.2,2.63,bet365,1.25,3.75,bet365,2.1,1.67,bet365,4.5,1.18,bet365,1.14,5.5,bet365,1.67,2.1,bet365,3.25,1.33,bet365,1.01,23.0,bet365,1.14,5.5,bet365,1.48,2.6,bet365,2.2,1.62,bet365,3.75,1.25,bet365,1.44,2.63,bet365,3.4,1.3,bet365,2.5,1.5,bet365,1.4,1.2,1.62,bet365,1.33,1.5,1.4,Betano.br,1.35,1.4,1.53,bet365,1.67,2.1,BateuBet,1.66,2.15,Betano.br,1.65,2.15,bet365,3.5,13.0,23.0,6.0,7.0,7.5,21.0,13.0,4.5,bet365,1.88,1.98,bet365,2.0,1.8,bet365,1.83,1.83,bet365,23.0,bet365,13.0,bet365,13.0,bet365,9.0,bet365,15.0,bet365,17.0,bet365,9.5,bet365,10.0,bet365,13.0,bet365,21.0,bet365,29.0,bet365,15.0,bet365,19.0,bet365,19.0,bet365,21.0,bet365,6.8,1.11,bet365,6.8,1.11,bet365,3.7,1.26,bet365,3.0,1.38,bet365,2.1,1.7,bet365,1.45,2.68,bet365,1.2,4.4,bet365,1.16,5.25,,0.0,0.0,KTO.br,1.04,12.5,BetEsporte,15.0,9.2,23.0,Novibet,7.7,6.2,12.0,bet365,3.75,4.33,0.0,bet365,0.0,0.0,1.62,Novibet,1.12,7.7,1.23,BetEsporte,1.02,11.0,1.07,0.83,1.21,1.08,1.39,0.73,0.84,1.39,1.08,0.39,0.08,0.57,0.43,0.88,0.87,0.54,0.64,0.77,0.81,0.0,0.0,0.2,0.21,13.0,10.0,4.0,4.0,4.0,4.0,5.0,2.0,10.0,8.0,3.0,2.0,0.0,1.0,0.0,0.0,36.0,19.0,5.0,2.0,9.0,11.0,14.0,15.0,11.0,9.0,3.0,2.0,,,0.0,3.0,3.0,3.0,0.4,0.54,35.0,35.0,26.0,25.0,6.0,14.0,0.0,1.0,0.0,0.0,0.18,0.19,0.06,0.0,0.48,0.1,0.0,0.06,0.0,0.06,0.67,0.33,0.9,0.84,0.75,0.6,0.79,0.68,0.0,0.0,0.2,0.17,6.0,2.0,1.0,0.0,1.0,2.0,4.0,0.0,4.0,2.0,2.0,0.0,0.0,0.0,0.0,0.0,21.0,3.0,2.0,2.0,4.0,4.0,7.0,8.0,4.0,4.0,1.0,1.0,,,0.0,0.0,0.0,1.0,0.33,0.33,17.0,14.0,10.0,14.0,2.0,9.0,0.0,0.0,0.0,0.0,0.65,1.02,1.02,1.39,0.25,0.74,1.39,1.02,0.39,0.02,0.46,0.54,0.85,0.9,0.29,0.69,0.74,0.86,0.0,0.0,0.2,0.23,7.0,8.0,3.0,4.0,3.0,2.0,1.0,2.0,6.0,6.0,1.0,2.0,0.0,1.0,0.0,0.0,15.0,16.0,3.0,0.0,5.0,7.0,7.0,7.0,7.0,5.0,2.0,1.0,,,0.0,3.0,3.0,2.0,0.5,0.71,18.0,21.0,16.0,11.0,4.0,5.0,0.0,1.0,0.0,0.0
AVN0Ry2l,FINLAND,2025,FINLAND 1,FINLAND 1,17/08/2025,12:00,,Haka,6oug4RRc,HJK,nmjJVR7B,False,1,2,,,,,,[],[],,0.0,0.0,0.0,,0.0,0.0,0.0,,0.0,0.0,0.0,,0.0,0.0,,0.0,0.0,,0.0,0.0,,0.0,0.0,,0.0,0.0,,0.0,0.0,,0.0,0.0,,0.0,0.0,,0.0,0.0,,0.0,0.0,,0.0,0.0,,0.0,0.0,,0.0,0.0,,0.0,0.0,,0.0,0.0,0.0,,0.0,0.0,0.0,,0.0,0.0,0.0,,0.0,0.0,,0.0,0.0,,0.0,0.0,,0.0,0.0,0.0,0.0,0.0,0.0,0.0,0.0,0.0,,0.0,0.0,,0.0,0.0,,0.0,0.0,,0.0,,0.0,,0.0,,0.0,,0.0,,0.0,,0.0,,0.0,,0.0,,0.0,,0.0,,0.0,,0.0,,0.0,,0.0,,0.0,0.0,,0.0,0.0,,0.0,0.0,,0.0,0.0,,0.0,0.0,,0.0,0.0,,0.0,0.0,,0.0,0.0,,0.0,0.0,,0.0,0.0,,0.0,0.0,0.0,,0.0,0.0,0.0,,0.0,0.0,0.0,,0.0,0.0,0.0,,0.0,0.0,0.0,,0.0,0.0,0.0,,,,,,,,,,,,,,,,,,,,,,,,,,,,,,,,,,,,,,,,,,,,,,,,,,,,,,,,,,,,,,,,,,,,,,,,,,,,,,,,,,,,,,,,,,,,,,,,,,,,,,,,,,,,,,,,,,,,,,,,,,,,,,,,,,,,,,,,,,,,,,,,,,,,,,,,,,,,,,,,,,,,,,,,,,,,,,,,,,,,,,,,,,,,,,,,,,,,,,,,,,,,
UDH4RKyA,FINLAND,2025,FINLAND 1,FINLAND 1,03/11/2025,17:00,,Gnistan,Aa28K98n,HJK,nmjJVR7B,False,2,2,,,,,,"[17, 90]","[37, 45]",bet365,4.0,2.75,2.1,bet365,3.6,3.0,1.95,bet365,4.0,4.2,1.67,bet365,1.18,4.5,bet365,1.93,1.88,bet365,3.75,1.25,bet365,1.1,7.0,bet365,1.5,2.5,bet365,2.63,1.44,bet365,1.01,23.0,bet365,1.08,8.0,bet365,1.33,3.4,bet365,1.8,1.91,bet365,2.75,1.4,bet365,1.36,3.0,bet365,3.0,1.36,bet365,2.25,1.57,bet365,2.15,1.22,1.22,bet365,1.67,1.4,1.22,Sportingbet.br,1.75,1.33,1.25,bet365,3.25,1.33,Jogo de Ouro,2.71,1.4,Betano.br,2.67,1.44,bet365,6.5,15.0,17.0,10.0,8.0,5.5,26.0,13.0,2.6,bet365,1.98,1.88,bet365,2.0,1.8,bet365,1.83,1.83,bet365,29.0,bet365,23.0,bet365,15.0,bet365,10.0,bet365,29.0,bet365,13.0,bet365,15.0,bet365,9.5,bet365,11.0,bet365,41.0,bet365,17.0,bet365,26.0,bet365,12.0,bet365,23.0,bet365,15.0,,0.0,0.0,,0.0,0.0,bet365,6.8,1.11,bet365,7.0,1.1,bet365,3.9,1.24,bet365,2.15,1.68,bet365,1.7,2.1,bet365,1.48,2.6,bet365,1.24,3.9,bet365,1.18,4.65,BetEsporte,27.0,12.0,8.8,Novibet,17.25,9.3,4.95,bet365,0.0,0.0,2.6,bet365,2.15,4.33,0.0,Novibet,1.4,5.35,1.06,Novibet,1.15,7.8,0.0,1.77,3.62,2.23,2.02,1.93,1.82,2.02,2.23,0.02,1.23,0.45,0.55,0.83,0.81,0.65,0.49,0.78,0.74,0.0,1.0,0.37,0.25,18.0,23.0,5.0,13.0,11.0,4.0,2.0,6.0,13.0,17.0,5.0,6.0,0.0,8.0,1.0,1.0,31.0,55.0,5.0,11.0,9.0,6.0,15.0,23.0,6.0,9.0,0.0,1.0,,,3.0,5.0,10.0,4.0,0.67,0.62,50.0,42.0,36.0,26.0,14.0,6.0,0.0,0.0,0.0,0.0,0.49,2.59,0.89,1.2,0.69,1.02,1.2,0.89,-0.8,-0.11,0.37,0.63,0.8,0.85,0.64,0.47,0.74,0.77,0.0,1.0,0.5,0.27,6.0,17.0,1.0,9.0,4.0,3.0,1.0,5.0,5.0,11.0,1.0,6.0,0.0,6.0,0.0,1.0,14.0,33.0,1.0,7.0,2.0,5.0,5.0,12.0,5.0,2.0,,,,,2.0,2.0,6.0,0.0,0.8,0.75,17.0,21.0,18.0,5.0,8.0,1.0,0.0,0.0,0.0,0.0,1.28,1.03,1.34,0.82,1.24,0.8,0.82,1.34,0.82,1.34,0.56,0.44,0.85,0.75,0.67,0.51,0.81,0.69,0.0,0.0,0.32,0.22,12.0,6.0,4.0,4.0,7.0,1.0,1.0,1.0,8.0,6.0,4.0,0.0,0.0,2.0,1.0,0.0,17.0,22.0,4.0,4.0,7.0,1.0,10.0,11.0,1.0,7.0,0.0,1.0,,,1.0,3.0,4.0,4.0,0.62,0.4,33.0,21.0,18.0,21.0,6.0,5.0,0.0,0.0,0.0,0.0
hEsUWcvR,FINLAND,2025,FINLAND 1,FINLAND 1,16/08/2025,16:00,,Mariehamn,C8bOhcyj,KTP,zsgwCpdF,False,3,0,,,,,,[],[],,0.0,0.0,0.0,,0.0,0.0,0.0,,0.0,0.0,0.0,,0.0,0.0,,0.0,0.0,,0.0,0.0,,0.0,0.0,,0.0,0.0,,0.0,0.0,,0.0,0.0,,0.0,0.0,,0.0,0.0,,0.0,0.0,,0.0,0.0,,0.0,0.0,,0.0,0.0,,0.0,0.0,,0.0,0.0,0.0,,0.0,0.0,0.0,,0.0,0.0,0.0,,0.0,0.0,,0.0,0.0,,0.0,0.0,,0.0,0.0,0.0,0.0,0.0,0.0,0.0,0.0,0.0,,0.0,0.0,,0.0,0.0,,0.0,0.0,,0.0,,0.0,,0.0,,0.0,,0.0,,0.0,,0.0,,0.0,,0.0,,0.0,,0.0,,0.0,,0.0,,0.0,,0.0,,0.0,0.0,,0.0,0.0,,0.0,0.0,,0.0,0.0,,0.0,0.0,,0.0,0.0,,0.0,0.0,,0.0,0.0,,0.0,0.0,,0.0,0.0,,0.0,0.0,0.0,,0.0,0.0,0.0,,0.0,0.0,0.0,,0.0,0.0,0.0,,0.0,0.0,0.0,,0.0,0.0,0.0,,,,,,,,,,,,,,,,,,,,,,,,,,,,,,,,,,,,,,,,,,,,,,,,,,,,,,,,,,,,,,,,,,,,,,,,,,,,,,,,,,,,,,,,,,,,,,,,,,,,,,,,,,,,,,,,,,,,,,,,,,,,,,,,,,,,,,,,,,,,,,,,,,,,,,,,,,,,,,,,,,,,,,,,,,,,,,,,,,,,,,,,,,,,,,,,,,,,,,,,,,,,
IwjhIGbd,FINLAND,2025,FINLAND 1,FINLAND 1,09/11/2025,13:00,,SJK,hj3ima3I,Gnistan,Aa28K98n,False,3,0,,,,,,"[23, 78, 89]",[],bet365,1.83,3.0,5.0,bet365,1.73,3.25,4.5,bet365,1.44,4.75,5.25,bet365,1.14,5.5,bet365,1.73,2.0,bet365,3.4,1.3,bet365,1.08,8.0,bet365,1.44,2.63,bet365,2.38,1.53,bet365,1.01,29.0,bet365,1.06,10.0,bet365,1.25,4.0,bet365,1.57,2.25,bet365,2.38,1.53,bet365,1.36,3.0,bet365,2.75,1.4,bet365,2.2,1.62,bet365,1.17,1.18,2.63,bet365,1.14,1.36,1.83,Sportingbet.br,1.19,1.28,2.0,bet365,1.2,4.33,Superbet.br,1.26,3.35,Betano.br,1.29,3.35,bet365,2.1,15.0,34.0,4.75,9.5,13.0,15.0,17.0,9.0,bet365,1.98,1.88,bet365,1.91,1.91,bet365,1.83,1.83,bet365,34.0,bet365,17.0,bet365,29.0,bet365,12.0,bet365,13.0,bet365,41.0,bet365,9.5,bet365,19.0,bet365,13.0,bet365,15.0,bet365,67.0,bet365,11.0,bet365,34.0,bet365,15.0,bet365,29.0,bet365,3.45,1.3,bet365,2.75,1.43,bet365,2.08,1.73,bet365,1.68,2.15,bet365,1.45,2.68,bet365,1.16,5.25,,0.0,0.0,Superbet.br,1.05,7.9,,0.0,0.0,,0.0,0.0,Novibet,6.5,6.4,0.0,BetEsporte,3.25,4.7,21.0,bet365,2.05,4.33,0.0,bet365,0.0,0.0,2.63,BetEsporte,1.03,11.0,1.7,KTO.br,0.0,0.0,1.33,2.69,1.11,2.29,1.94,1.36,0.46,1.94,2.29,1.94,-0.71,0.53,0.47,0.86,0.84,0.56,0.49,0.69,0.69,1.0,0.0,0.22,0.33,13.0,10.0,4.0,4.0,6.0,4.0,3.0,2.0,8.0,7.0,5.0,3.0,5.0,1.0,1.0,0.0,20.0,16.0,4.0,2.0,6.0,11.0,21.0,15.0,11.0,6.0,1.0,1.0,0.0,1.0,3.0,1.0,4.0,1.0,0.54,0.76,35.0,50.0,18.0,28.0,10.0,15.0,0.0,1.0,0.0,1.0,1.27,0.87,1.14,1.1,1.0,0.23,1.1,1.14,1.1,0.14,0.47,0.53,0.84,0.84,0.47,0.52,0.63,0.69,1.0,0.0,0.67,0.2,8.0,5.0,2.0,2.0,4.0,2.0,2.0,1.0,5.0,3.0,3.0,2.0,2.0,1.0,1.0,0.0,8.0,8.0,0.0,1.0,3.0,4.0,9.0,10.0,4.0,3.0,0.0,1.0,0.0,1.0,1.0,0.0,2.0,1.0,0.4,0.75,23.0,23.0,11.0,11.0,6.0,9.0,0.0,0.0,0.0,0.0,1.42,0.24,1.15,0.84,0.36,0.23,0.84,1.15,0.84,-0.85,0.6,0.4,0.87,0.83,0.65,0.46,0.72,0.69,0.0,0.0,0.13,0.6,5.0,5.0,2.0,2.0,2.0,2.0,1.0,1.0,3.0,4.0,2.0,1.0,3.0,0.0,0.0,0.0,12.0,8.0,4.0,1.0,3.0,7.0,12.0,5.0,7.0,3.0,1.0,0.0,,,2.0,1.0,2.0,0.0,1.0,0.77,12.0,27.0,7.0,17.0,4.0,6.0,0.0,1.0,0.0,1.0
O0KnpWnD,FINLAND,2025,FINLAND 1,FINLAND 1,03/10/2025,16:00,,HJK,nmjJVR7B,Gnistan,Aa28K98n,False,2,3,,,,,,"[9, 42]","[27, 55, 90]",bet365,1.73,2.88,6.0,bet365,1.62,3.2,5.5,bet365,1.36,5.25,6.0,bet365,1.18,4.5,bet365,2.0,1.8,bet365,4.0,1.22,bet365,1.11,6.5,bet365,1.57,2.25,bet365,2.75,1.4,bet365,1.01,23.0,bet365,1.1,7.0,bet365,1.36,3.1,bet365,1.91,1.8,bet365,3.25,1.33,bet365,1.57,2.25,bet365,3.5,1.29,bet365,2.63,1.44,bet365,1.13,1.17,3.0,bet365,1.11,1.4,2.0,Sportingbet.br,1.11,1.28,2.25,bet365,1.14,5.5,Esportivabet,1.18,4.2,KTO.br,1.18,4.2,bet365,1.95,17.0,41.0,4.5,9.0,15.0,15.0,19.0,12.0,bet365,1.93,1.93,bet365,2.0,1.8,bet365,1.83,1.83,bet365,26.0,bet365,12.0,bet365,26.0,bet365,12.0,bet365,9.5,bet365,41.0,bet365,9.0,bet365,19.0,bet365,17.0,bet365,11.0,bet365,67.0,bet365,10.0,bet365,41.0,bet365,19.0,bet365,34.0,bet365,3.1,1.35,bet365,2.5,1.5,bet365,1.95,1.85,bet365,1.53,2.43,bet365,1.38,3.0,bet365,1.13,6.0,,0.0,0.0,KTO.br,1.02,15.0,,0.0,0.0,,0.0,0.0,Novibet,5.3,5.6,0.0,bet365,3.0,4.5,0.0,bet365,1.91,4.33,0.0,bet365,0.0,0.0,3.0,bet365,0.0,0.0,1.83,KTO.br,0.0,0.0,1.38,1.45,1.9,0.84,1.83,1.06,1.12,1.83,0.84,-1.17,-1.16,0.58,0.42,0.85,0.8,0.5,0.42,0.75,0.67,1.0,0.0,0.33,0.2,15.0,16.0,4.0,8.0,8.0,4.0,3.0,4.0,12.0,8.0,3.0,8.0,2.0,5.0,1.0,1.0,33.0,28.0,8.0,7.0,7.0,6.0,20.0,18.0,6.0,7.0,0.0,3.0,,,4.0,3.0,4.0,2.0,0.69,0.75,40.0,34.0,35.0,20.0,3.0,7.0,0.0,0.0,0.0,0.0,0.85,1.61,0.69,1.23,0.7,0.95,1.23,0.69,0.23,-1.31,0.61,0.39,0.87,0.81,0.48,0.4,0.78,0.68,1.0,0.0,0.3,0.29,7.0,8.0,3.0,4.0,3.0,3.0,1.0,1.0,6.0,6.0,1.0,2.0,2.0,4.0,0.0,0.0,14.0,14.0,3.0,2.0,2.0,1.0,12.0,12.0,1.0,2.0,0.0,1.0,,,2.0,2.0,2.0,1.0,1.0,1.0,18.0,13.0,17.0,8.0,2.0,5.0,0.0,0.0,0.0,0.0,0.6,0.29,0.15,0.6,0.36,0.17,0.6,0.15,-1.4,0.15,0.55,0.45,0.83,0.78,0.51,0.44,0.71,0.65,0.0,0.0,0.36,0.15,8.0,8.0,1.0,4.0,5.0,1.0,2.0,3.0,6.0,2.0,2.0,6.0,0.0,1.0,1.0,1.0,19.0,14.0,5.0,5.0,5.0,5.0,8.0,6.0,5.0,5.0,0.0,2.0,,,2.0,1.0,2.0,1.0,0.6,0.67,22.0,21.0,18.0,12.0,1.0,2.0,0.0,0.0,0.0,0.0
QRVvBaiT,FINLAND,2025,FINLAND 1,FINLAND 1,30/10/2025,17:00,,Ilves,pYGmWmwa,HJK,nmjJVR7B,False,3,1,,,,,,"[22, 50, 65]",[5],bet365,2.2,2.88,3.75,bet365,1.95,3.1,3.5,bet365,1.67,4.2,3.5,bet365,1.17,5.0,bet365,1.8,2.0,bet365,3.5,1.29,bet365,1.08,8.0,bet365,1.44,2.63,bet365,2.38,1.53,bet365,1.01,29.0,bet365,1.07,9.0,bet365,1.25,4.0,bet365,1.67,2.1,bet365,2.5,1.5,bet365,1.3,3.4,bet365,2.75,1.4,bet365,2.1,1.67,bet365,1.25,1.2,2.0,bet365,1.25,1.4,1.62,Sportingbet.br,1.24,1.32,1.78,bet365,1.36,3.0,Goldebet,1.4,2.71,Betano.br,1.44,2.67,bet365,2.6,13.0,23.0,5.5,8.5,9.5,15.0,15.0,6.0,bet365,1.95,1.9,bet365,2.0,1.8,bet365,1.83,1.83,bet365,34.0,bet365,17.0,bet365,26.0,bet365,11.0,bet365,15.0,bet365,29.0,bet365,9.5,bet365,15.0,bet365,12.0,bet365,19.0,bet365,41.0,bet365,12.0,bet365,23.0,bet365,15.0,bet365,21.0,bet365,4.65,1.18,bet365,3.9,1.24,bet365,2.68,1.45,bet365,2.15,1.68,bet365,1.73,2.08,bet365,1.28,3.55,bet365,1.12,6.4,bet365,1.11,6.8,,0.0,0.0,KTO.br,1.01,21.0,BetEsporte,8.2,7.2,26.0,Novibet,4.7,5.2,17.5,bet365,2.63,4.33,0.0,bet365,0.0,0.0,2.0,Novibet,1.06,9.3,1.43,BetEsporte,1.01,12.0,1.18,2.05,0.47,2.65,1.07,1.77,0.86,1.07,2.65,0.07,-0.35,0.52,0.48,0.88,0.85,0.39,0.57,0.79,0.74,0.0,0.0,0.2,0.13,14.0,5.0,3.0,2.0,3.0,2.0,8.0,1.0,10.0,4.0,4.0,1.0,4.0,1.0,0.0,1.0,32.0,24.0,4.0,1.0,5.0,5.0,24.0,22.0,5.0,5.0,0.0,1.0,,,2.0,1.0,1.0,0.0,0.41,0.52,33.0,39.0,17.0,28.0,10.0,7.0,0.0,0.0,0.0,0.0,1.07,0.22,0.96,0.4,1.2,0.42,0.4,0.96,-0.6,-0.04,0.58,0.42,0.9,0.84,0.29,0.59,0.83,0.76,0.0,0.0,0.25,0.0,7.0,1.0,1.0,1.0,2.0,0.0,4.0,0.0,5.0,1.0,2.0,0.0,1.0,1.0,0.0,0.0,16.0,12.0,3.0,1.0,0.0,0.0,12.0,14.0,0.0,0.0,,,,,1.0,1.0,0.0,0.0,0.43,0.38,13.0,17.0,9.0,9.0,5.0,6.0,0.0,0.0,0.0,0.0,0.98,0.25,1.69,0.67,0.57,0.44,0.67,1.69,0.67,-0.31,0.46,0.54,0.84,0.86,0.45,0.52,0.73,0.72,0.0,0.0,0.17,1.0,7.0,4.0,2.0,1.0,1.0,2.0,4.0,1.0,5.0,3.0,2.0,1.0,3.0,0.0,0.0,1.0,16.0,12.0,1.0,0.0,5.0,5.0,12.0,8.0,5.0,5.0,0.0,1.0,,,1.0,0.0,1.0,0.0,0.4,0.67,20.0,22.0,8.0,19.0,5.0,1.0,0.0,0.0,0.0,0.0
ABRqZS3c,FINLAND,2025,FINLAND 1,FINLAND 1,09/08/2025,13:00,,KTP,zsgwCpdF,KuPS,nLBbqJDS,False,0,2,,,,,,[],[],,0.0,0.0,0.0,,0.0,0.0,0.0,,0.0,0.0,0.0,,0.0,0.0,,0.0,0.0,,0.0,0.0,,0.0,0.0,,0.0,0.0,,0.0,0.0,,0.0,0.0,,0.0,0.0,,0.0,0.0,,0.0,0.0,,0.0,0.0,,0.0,0.0,,0.0,0.0,,0.0,0.0,,0.0,0.0,0.0,,0.0,0.0,0.0,,0.0,0.0,0.0,,0.0,0.0,,0.0,0.0,,0.0,0.0,,0.0,0.0,0.0,0.0,0.0,0.0,0.0,0.0,0.0,,0.0,0.0,,0.0,0.0,,0.0,0.0,,0.0,,0.0,,0.0,,0.0,,0.0,,0.0,,0.0,,0.0,,0.0,,0.0,,0.0,,0.0,,0.0,,0.0,,0.0,,0.0,0.0,,0.0,0.0,,0.0,0.0,,0.0,0.0,,0.0,0.0,,0.0,0.0,,0.0,0.0,,0.0,0.0,,0.0,0.0,,0.0,0.0,,0.0,0.0,0.0,,0.0,0.0,0.0,,0.0,0.0,0.0,,0.0,0.0,0.0,,0.0,0.0,0.0,,0.0,0.0,0.0,,,,,,,,,,,,,,,,,,,,,,,,,,,,,,,,,,,,,,,,,,,,,,,,,,,,,,,,,,,,,,,,,,,,,,,,,,,,,,,,,,,,,,,,,,,,,,,,,,,,,,,,,,,,,,,,,,,,,,,,,,,,,,,,,,,,,,,,,,,,,,,,,,,,,,,,,,,,,,,,,,,,,,,,,,,,,,,,,,,,,,,,,,,,,,,,,,,,,,,,,,,,
6aEXlWaC,FINLAND,2025,FINLAND 1,FINLAND 1,31/08/2025,14:00,,Gnistan,Aa28K98n,Jaro,faEPan8O,False,1,2,,,,,,[56],"[16, 53]",bet365,2.1,2.6,4.5,bet365,1.92,2.88,4.0,bet365,1.65,4.2,4.1,bet365,1.25,3.75,bet365,2.1,1.67,bet365,4.5,1.18,bet365,1.14,5.5,bet365,1.67,2.1,bet365,3.25,1.33,bet365,1.02,19.0,bet365,1.13,6.0,bet365,1.44,2.7,bet365,2.1,1.67,bet365,3.5,1.29,bet365,1.53,2.38,bet365,3.5,1.29,bet365,2.63,1.44,bet365,1.22,1.22,2.2,bet365,1.17,1.5,1.67,Betboom.br,1.23,1.39,1.82,bet365,1.3,3.4,Esportivabet,1.36,2.9,Betano.br,1.37,2.92,bet365,2.5,13.0,29.0,5.0,7.0,10.0,19.0,15.0,7.0,bet365,1.93,1.93,bet365,2.0,1.8,bet365,1.83,1.83,bet365,21.0,bet365,11.0,bet365,19.0,bet365,9.0,bet365,10.0,bet365,26.0,bet365,8.5,bet365,15.0,bet365,13.0,bet365,15.0,bet365,51.0,bet365,12.0,bet365,29.0,bet365,19.0,bet365,29.0,bet365,5.0,1.14,bet365,4.1,1.2,bet365,2.6,1.45,bet365,2.08,1.7,bet365,1.62,2.2,bet365,1.2,4.0,bet365,1.1,7.0,KTO.br,1.05,10.0,,0.0,0.0,,0.0,0.0,BetEsporte,9.6,7.2,30.0,Betnacional,4.86,5.08,21.78,bet365,2.63,4.0,0.0,bet365,0.0,0.0,2.2,Betnacional,1.05,10.47,1.45,BetEsporte,1.01,12.0,1.15,2.07,1.7,1.15,2.37,2.1,1.21,2.37,1.15,0.37,0.15,0.68,0.32,0.83,0.63,0.61,0.27,0.73,0.58,0.0,1.0,0.23,0.04,21.0,10.0,4.0,5.0,10.0,4.0,7.0,1.0,13.0,5.0,8.0,4.0,2.0,3.0,0.0,1.0,48.0,28.0,9.0,6.0,11.0,8.0,29.0,21.0,9.0,11.0,2.0,1.0,,,3.0,1.0,3.0,3.0,0.67,0.73,78.0,41.0,48.0,50.0,1.0,10.0,0.0,0.0,0.0,0.0,0.85,0.31,0.0,0.83,0.59,0.22,0.83,0.0,-0.17,0.0,0.67,0.33,0.85,0.65,0.56,0.26,0.76,0.6,0.0,0.0,0.2,0.0,8.0,5.0,0.0,2.0,5.0,2.0,3.0,1.0,5.0,2.0,3.0,2.0,0.0,1.0,0.0,0.0,14.0,14.0,2.0,4.0,4.0,2.0,14.0,14.0,2.0,4.0,1.0,0.0,,,3.0,0.0,1.0,0.0,0.83,0.57,29.0,20.0,29.0,15.0,0.0,5.0,0.0,0.0,0.0,0.0,1.22,1.39,1.15,1.54,1.51,0.99,1.54,1.15,0.54,0.15,0.69,0.31,0.8,0.61,0.68,0.29,0.71,0.56,0.0,1.0,0.25,0.11,13.0,5.0,4.0,3.0,5.0,2.0,4.0,0.0,8.0,3.0,5.0,2.0,2.0,2.0,0.0,1.0,34.0,14.0,7.0,2.0,7.0,6.0,15.0,7.0,7.0,7.0,1.0,1.0,,,0.0,1.0,2.0,3.0,0.56,0.88,49.0,21.0,19.0,35.0,1.0,5.0,0.0,0.0,0.0,0.0
bXcRGolT,FINLAND,2025,FINLAND 1,FINLAND 1,08/08/2025,15:00,,Inter Turku,QwkNUoNH,AC Oulu,Y35Jer59,False,3,2,,,,,,[],[],,0.0,0.0,0.0,,0.0,0.0,0.0,,0.0,0.0,0.0,,0.0,0.0,,0.0,0.0,,0.0,0.0,,0.0,0.0,,0.0,0.0,,0.0,0.0,,0.0,0.0,,0.0,0.0,,0.0,0.0,,0.0,0.0,,0.0,0.0,,0.0,0.0,,0.0,0.0,,0.0,0.0,,0.0,0.0,0.0,,0.0,0.0,0.0,,0.0,0.0,0.0,,0.0,0.0,,0.0,0.0,,0.0,0.0,,0.0,0.0,0.0,0.0,0.0,0.0,0.0,0.0,0.0,,0.0,0.0,,0.0,0.0,,0.0,0.0,,0.0,,0.0,,0.0,,0.0,,0.0,,0.0,,0.0,,0.0,,0.0,,0.0,,0.0,,0.0,,0.0,,0.0,,0.0,,0.0,0.0,,0.0,0.0,,0.0,0.0,,0.0,0.0,,0.0,0.0,,0.0,0.0,,0.0,0.0,,0.0,0.0,,0.0,0.0,,0.0,0.0,,0.0,0.0,0.0,,0.0,0.0,0.0,,0.0,0.0,0.0,,0.0,0.0,0.0,,0.0,0.0,0.0,,0.0,0.0,0.0,,,,,,,,,,,,,,,,,,,,,,,,,,,,,,,,,,,,,,,,,,,,,,,,,,,,,,,,,,,,,,,,,,,,,,,,,,,,,,,,,,,,,,,,,,,,,,,,,,,,,,,,,,,,,,,,,,,,,,,,,,,,,,,,,,,,,,,,,,,,,,,,,,,,,,,,,,,,,,,,,,,,,,,,,,,,,,,,,,,,,,,,,,,,,,,,,,,,,,,,,,,,
Iwrj7DFt,FINLAND,2025,FINLAND 1,FINLAND 1,31/08/2025,14:00,,KTP,zsgwCpdF,HJK,nmjJVR7B,False,1,4,,,,,,[8],"[31, 35, 54, 76]",bet365,6.0,2.88,1.8,bet365,5.0,3.2,1.58,bet365,6.5,4.75,1.38,bet365,1.18,4.5,bet365,1.85,1.95,bet365,3.75,1.25,bet365,1.1,7.0,bet365,1.5,2.5,bet365,2.63,1.44,bet365,1.01,29.0,bet365,1.08,8.0,bet365,1.3,3.5,bet365,1.8,1.91,bet365,2.75,1.4,bet365,1.5,2.5,bet365,3.4,1.3,bet365,2.5,1.5,bet365,3.0,1.18,1.11,bet365,1.91,1.4,1.11,Betboom.br,2.13,1.32,1.15,bet365,5.5,1.14,Betnacional,3.74,1.25,Betano.br,3.75,1.24,bet365,11.0,17.0,15.0,15.0,9.5,4.5,34.0,15.0,1.95,bet365,1.98,1.88,bet365,2.0,1.8,bet365,1.83,1.83,bet365,29.0,bet365,29.0,bet365,13.0,bet365,11.0,bet365,41.0,bet365,10.0,bet365,21.0,bet365,9.0,bet365,15.0,bet365,67.0,bet365,12.0,bet365,41.0,bet365,10.0,bet365,34.0,bet365,17.0,,0.0,0.0,,0.0,0.0,,0.0,0.0,Betboom.br,12.26,1.01,bet365,6.4,1.09,bet365,3.0,1.35,bet365,2.35,1.55,bet365,1.83,1.98,bet365,1.45,2.6,bet365,1.32,3.1,KTO.br,0.0,0.0,6.25,Betnacional,28.89,12.49,3.18,bet365,0.0,0.0,1.92,bet365,3.0,4.33,0.0,Betnacional,1.79,4.62,1.03,KTO.br,1.32,6.25,0.0,1.01,3.25,1.85,3.92,0.84,1.24,3.92,1.85,-0.08,0.85,0.44,0.56,0.73,0.84,0.38,0.48,0.55,0.72,0.0,0.0,0.35,0.25,15.0,20.0,6.0,10.0,7.0,5.0,2.0,5.0,9.0,14.0,6.0,6.0,2.0,8.0,0.0,1.0,30.0,30.0,6.0,1.0,15.0,15.0,16.0,16.0,15.0,15.0,2.0,2.0,,,2.0,3.0,6.0,5.0,0.58,0.71,51.0,54.0,13.0,43.0,6.0,8.0,0.0,0.0,1.0,0.0,0.55,1.76,1.2,1.62,0.21,0.97,1.62,1.2,-0.38,0.2,0.42,0.58,0.7,0.84,0.31,0.51,0.41,0.75,0.0,0.0,0.43,0.25,7.0,11.0,3.0,5.0,3.0,4.0,1.0,2.0,5.0,8.0,2.0,3.0,1.0,4.0,0.0,1.0,13.0,18.0,2.0,1.0,8.0,5.0,9.0,8.0,5.0,8.0,0.0,1.0,,,2.0,1.0,3.0,2.0,0.67,0.83,23.0,22.0,8.0,16.0,2.0,4.0,0.0,0.0,1.0,0.0,0.46,1.49,0.65,2.3,0.63,0.27,2.3,0.65,0.3,0.65,0.46,0.54,0.76,0.84,0.46,0.43,0.64,0.67,0.0,0.0,0.31,0.25,8.0,9.0,3.0,5.0,4.0,1.0,1.0,3.0,4.0,6.0,4.0,3.0,1.0,4.0,0.0,0.0,17.0,12.0,4.0,0.0,7.0,10.0,7.0,8.0,10.0,7.0,2.0,1.0,,,0.0,2.0,3.0,3.0,0.5,0.63,28.0,32.0,5.0,27.0,4.0,4.0,0.0,0.0,0.0,0.0
xtbi5ipg,FINLAND,2025,FINLAND 1,FINLAND 1,31/08/2025,14:00,,Ilves,pYGmWmwa,Mariehamn,C8bOhcyj,False,2,1,,,,,,"[50, 84]",[75],bet365,1.53,3.1,8.5,bet365,1.41,3.5,7.5,bet365,1.2,6.5,10.0,bet365,1.18,4.5,bet365,1.88,1.93,bet365,3.75,1.25,bet365,1.1,7.0,bet365,1.53,2.38,bet365,2.63,1.44,bet365,1.01,26.0,bet365,1.08,8.0,bet365,1.3,3.5,bet365,1.8,1.91,bet365,2.75,1.4,bet365,1.75,2.0,bet365,3.75,1.25,bet365,3.0,1.36,bet365,1.06,1.11,4.33,bet365,1.05,1.36,2.38,Betboom.br,1.07,1.26,2.68,bet365,1.07,9.0,Superbet.br,1.09,5.7,Superbet.br,1.1,5.65,bet365,1.62,21.0,41.0,4.33,11.0,23.0,15.0,23.0,21.0,bet365,1.93,1.93,bet365,2.0,1.8,bet365,1.83,1.83,bet365,29.0,bet365,12.0,bet365,34.0,bet365,15.0,bet365,8.5,bet365,51.0,bet365,10.0,bet365,26.0,bet365,21.0,bet365,8.5,bet365,126.0,bet365,10.0,bet365,51.0,bet365,21.0,bet365,51.0,bet365,2.38,1.52,bet365,1.95,1.85,bet365,1.57,2.3,bet365,1.27,3.45,bet365,1.19,4.15,KTO.br,1.05,10.0,,0.0,0.0,,0.0,0.0,,0.0,0.0,,0.0,0.0,Novibet,4.2,5.2,0.0,bet365,2.38,4.33,0.0,Betnacional,1.55,4.62,25.05,Betnacional,1.05,10.52,4.35,bet365,0.0,0.0,2.3,Betnacional,0.0,0.0,1.56,2.73,1.51,1.35,1.04,2.41,0.98,1.04,1.35,0.04,-0.65,0.64,0.36,0.89,0.77,0.59,0.3,0.82,0.67,0.0,1.0,0.21,0.0,18.0,8.0,5.0,3.0,5.0,2.0,8.0,3.0,15.0,7.0,3.0,1.0,3.0,1.0,0.0,0.0,69.0,13.0,8.0,4.0,8.0,1.0,17.0,12.0,1.0,8.0,2.0,0.0,,,4.0,3.0,2.0,3.0,0.76,0.48,41.0,46.0,15.0,27.0,5.0,8.0,0.0,1.0,0.0,0.0,1.15,0.49,0.15,0.0,1.67,0.52,0.0,0.15,0.0,0.15,0.71,0.29,0.91,0.77,0.67,0.16,0.85,0.72,0.0,0.0,0.2,0.0,11.0,2.0,2.0,0.0,3.0,1.0,6.0,1.0,9.0,2.0,2.0,0.0,1.0,1.0,0.0,0.0,34.0,4.0,4.0,2.0,3.0,0.0,10.0,5.0,0.0,3.0,,,,,0.0,0.0,0.0,2.0,0.67,0.5,16.0,18.0,6.0,15.0,2.0,5.0,0.0,1.0,0.0,0.0,1.58,1.02,1.2,1.04,0.74,0.46,1.04,1.2,0.04,-0.8,0.55,0.45,0.85,0.77,0.52,0.39,0.78,0.6,0.0,1.0,0.22,0.0,7.0,6.0,3.0,3.0,2.0,1.0,2.0,2.0,6.0,5.0,1.0,1.0,2.0,0.0,0.0,0.0,35.0,9.0,4.0,2.0,5.0,1.0,7.0,7.0,1.0,5.0,2.0,0.0,,,4.0,3.0,2.0,1.0,0.88,0.46,25.0,28.0,9.0,12.0,3.0,3.0,0.0,0.0,0.0,0.0
AcnBKTl4,FINLAND,2025,FINLAND 1,FINLAND 1,04/08/2025,15:00,,Ilves,pYGmWmwa,Gnistan,Aa28K98n,False,2,2,,,,,,[],[],,0.0,0.0,0.0,,0.0,0.0,0.0,,0.0,0.0,0.0,,0.0,0.0,,0.0,0.0,,0.0,0.0,,0.0,0.0,,0.0,0.0,,0.0,0.0,,0.0,0.0,,0.0,0.0,,0.0,0.0,,0.0,0.0,,0.0,0.0,,0.0,0.0,,0.0,0.0,,0.0,0.0,,0.0,0.0,0.0,,0.0,0.0,0.0,,0.0,0.0,0.0,,0.0,0.0,,0.0,0.0,,0.0,0.0,,0.0,0.0,0.0,0.0,0.0,0.0,0.0,0.0,0.0,,0.0,0.0,,0.0,0.0,,0.0,0.0,,0.0,,0.0,,0.0,,0.0,,0.0,,0.0,,0.0,,0.0,,0.0,,0.0,,0.0,,0.0,,0.0,,0.0,,0.0,,0.0,0.0,,0.0,0.0,,0.0,0.0,,0.0,0.0,,0.0,0.0,,0.0,0.0,,0.0,0.0,,0.0,0.0,,0.0,0.0,,0.0,0.0,,0.0,0.0,0.0,,0.0,0.0,0.0,,0.0,0.0,0.0,,0.0,0.0,0.0,,0.0,0.0,0.0,,0.0,0.0,0.0,,,,,,,,,,,,,,,,,,,,,,,,,,,,,,,,,,,,,,,,,,,,,,,,,,,,,,,,,,,,,,,,,,,,,,,,,,,,,,,,,,,,,,,,,,,,,,,,,,,,,,,,,,,,,,,,,,,,,,,,,,,,,,,,,,,,,,,,,,,,,,,,,,,,,,,,,,,,,,,,,,,,,,,,,,,,,,,,,,,,,,,,,,,,,,,,,,,,,,,,,,,,
bZAPjhVa,FINLAND,2025,FINLAND 1,FINLAND 1,31/08/2025,14:00,,Inter Turku,QwkNUoNH,VPS,8GveH5dA,False,2,1,,,,,,"[85, 90]",[52],bet365,1.83,2.75,5.5,bet365,1.69,3.0,5.0,bet365,1.42,4.5,6.0,bet365,1.2,4.33,bet365,2.03,1.78,bet365,4.33,1.2,bet365,1.13,6.0,bet365,1.62,2.2,bet365,3.0,1.36,bet365,1.02,21.0,bet365,1.11,6.5,bet365,1.4,2.88,bet365,2.0,1.73,bet365,3.25,1.33,bet365,1.53,2.38,bet365,3.5,1.29,bet365,2.63,1.44,bet365,1.13,1.18,2.75,bet365,1.13,1.4,1.83,Sportingbet.br,1.15,1.32,2.05,bet365,1.17,5.0,Betnacional,1.26,3.66,KTO.br,1.22,3.75,bet365,2.1,15.0,41.0,4.5,8.5,15.0,17.0,17.0,10.0,bet365,1.98,1.88,bet365,2.0,1.8,bet365,1.83,1.83,bet365,23.0,bet365,11.0,bet365,23.0,bet365,10.0,bet365,9.5,bet365,41.0,bet365,8.5,bet365,19.0,bet365,15.0,bet365,12.0,bet365,67.0,bet365,11.0,bet365,41.0,bet365,19.0,bet365,34.0,bet365,3.55,1.25,bet365,3.0,1.35,bet365,2.1,1.67,bet365,1.62,2.2,bet365,1.4,2.75,bet365,1.1,5.9,Betboom.br,1.01,10.15,KTO.br,1.02,15.0,,0.0,0.0,,0.0,0.0,Novibet,7.1,6.3,0.0,Betnacional,3.5,4.57,30.25,bet365,2.1,4.0,0.0,bet365,0.0,0.0,2.75,Betnacional,1.03,12.25,1.71,Betnacional,0.0,0.0,1.28,1.43,0.44,1.1,0.7,2.76,0.55,0.7,1.1,-0.3,-0.9,0.74,0.26,0.87,0.66,0.64,0.34,0.77,0.52,1.0,0.0,0.37,0.33,25.0,8.0,7.0,5.0,11.0,2.0,7.0,1.0,16.0,4.0,9.0,4.0,1.0,1.0,1.0,0.0,57.0,15.0,17.0,5.0,9.0,6.0,18.0,12.0,7.0,10.0,1.0,0.0,0.0,1.0,0.0,2.0,4.0,5.0,0.63,0.56,44.0,50.0,22.0,48.0,7.0,6.0,1.0,0.0,0.0,0.0,0.66,0.24,0.6,0.57,1.37,0.26,0.57,0.6,0.57,0.6,0.73,0.27,0.86,0.68,0.59,0.4,0.74,0.65,1.0,0.0,0.3,0.5,12.0,5.0,3.0,4.0,7.0,0.0,2.0,1.0,7.0,2.0,5.0,3.0,1.0,1.0,1.0,0.0,21.0,9.0,9.0,1.0,5.0,3.0,11.0,5.0,4.0,6.0,,,,,0.0,1.0,4.0,3.0,0.75,0.75,21.0,26.0,10.0,23.0,3.0,5.0,1.0,0.0,0.0,0.0,0.77,0.2,0.5,0.13,1.39,0.29,0.13,0.5,-0.87,-1.5,0.74,0.26,0.89,0.65,0.68,0.29,0.79,0.37,0.0,0.0,0.45,0.29,13.0,3.0,4.0,1.0,4.0,2.0,5.0,0.0,9.0,2.0,4.0,1.0,0.0,0.0,0.0,0.0,36.0,6.0,8.0,4.0,4.0,3.0,7.0,7.0,3.0,4.0,1.0,0.0,0.0,1.0,0.0,1.0,0.0,2.0,0.5,0.4,23.0,24.0,12.0,25.0,4.0,1.0,0.0,0.0,0.0,0.0
xKMGhE0m,FINLAND,2025,FINLAND 1,FINLAND 1,31/08/2025,14:00,,AC Oulu,Y35Jer59,Haka,6oug4RRc,False,3,2,,,,,,"[16, 40, 45]","[11, 90]",bet365,2.5,2.3,4.0,bet365,2.2,2.6,3.6,bet365,1.85,3.7,3.5,bet365,1.33,3.25,bet365,2.5,1.5,bet365,6.5,1.11,bet365,1.2,4.33,bet365,1.91,1.8,bet365,4.0,1.22,bet365,1.04,13.0,bet365,1.22,4.0,bet365,1.73,2.08,bet365,2.75,1.4,bet365,5.5,1.14,bet365,1.67,2.1,bet365,4.0,1.22,bet365,3.25,1.33,bet365,1.25,1.25,1.8,bet365,1.22,1.57,1.5,Betboom.br,1.27,1.46,1.63,bet365,1.44,2.63,Betano.br,1.5,2.42,Betano.br,1.5,2.47,bet365,3.0,13.0,29.0,5.0,6.0,8.5,21.0,15.0,6.0,bet365,1.95,1.9,bet365,2.0,1.8,bet365,1.91,1.8,bet365,13.0,bet365,8.5,bet365,12.0,bet365,7.5,bet365,10.0,bet365,21.0,bet365,8.5,bet365,12.0,bet365,13.0,bet365,17.0,bet365,41.0,bet365,15.0,bet365,29.0,bet365,23.0,bet365,29.0,bet365,7.0,1.07,bet365,6.0,1.1,bet365,3.45,1.27,bet365,2.6,1.45,bet365,1.9,1.9,bet365,1.27,3.45,bet365,1.08,6.8,bet365,1.07,7.0,,0.0,0.0,,0.0,0.0,BetEsporte,15.0,8.6,30.0,Betnacional,7.31,5.68,18.9,bet365,3.4,4.0,0.0,bet365,0.0,0.0,1.77,Betnacional,1.08,9.11,1.29,BetEsporte,1.01,11.0,1.08,1.57,0.52,1.83,1.35,0.66,0.65,1.35,1.83,-0.65,-1.17,0.44,0.56,0.78,0.81,0.39,0.4,0.65,0.66,1.0,0.0,0.4,0.05,13.0,11.0,5.0,4.0,4.0,4.0,4.0,3.0,9.0,6.0,4.0,5.0,2.0,0.0,1.0,0.0,18.0,16.0,3.0,3.0,12.0,11.0,22.0,28.0,11.0,13.0,2.0,2.0,,,0.0,2.0,2.0,2.0,0.53,0.64,57.0,45.0,35.0,19.0,8.0,3.0,0.0,0.0,0.0,0.0,1.41,0.17,1.42,0.43,0.58,0.37,0.43,1.42,-0.57,-1.58,0.45,0.55,0.83,0.79,0.35,0.32,0.68,0.57,1.0,0.0,0.67,0.0,9.0,4.0,4.0,1.0,2.0,3.0,3.0,0.0,6.0,2.0,3.0,2.0,2.0,0.0,0.0,0.0,12.0,6.0,1.0,2.0,3.0,3.0,8.0,13.0,3.0,4.0,1.0,1.0,,,0.0,0.0,0.0,1.0,0.5,0.67,26.0,21.0,11.0,6.0,5.0,2.0,0.0,0.0,0.0,0.0,0.16,0.35,0.41,0.92,0.08,0.28,0.92,0.41,-0.08,0.41,0.43,0.57,0.73,0.83,0.42,0.48,0.59,0.74,0.0,0.0,0.0,0.06,4.0,7.0,1.0,3.0,2.0,1.0,1.0,3.0,3.0,4.0,1.0,3.0,0.0,0.0,1.0,0.0,6.0,10.0,2.0,1.0,9.0,8.0,14.0,15.0,8.0,9.0,1.0,1.0,,,0.0,2.0,2.0,1.0,0.56,0.63,31.0,24.0,24.0,13.0,3.0,1.0,0.0,0.0,0.0,0.0
SYQwnhI0,FINLAND,2025,FINLAND 1,FINLAND 1,29/09/2025,16:00,,HJK,nmjJVR7B,Ilves,pYGmWmwa,False,2,2,,,,,,"[45, 47]","[3, 65]",bet365,2.75,2.6,3.1,bet365,2.5,2.88,2.75,bet365,2.25,3.7,2.75,bet365,1.22,4.0,bet365,2.0,1.73,bet365,4.33,1.2,bet365,1.13,6.0,bet365,1.62,2.2,bet365,3.0,1.36,bet365,1.02,21.0,bet365,1.11,6.5,bet365,1.4,2.88,bet365,2.0,1.73,bet365,3.4,1.3,bet365,1.4,2.75,bet365,3.25,1.33,bet365,2.38,1.53,bet365,1.4,1.29,1.62,bet365,1.36,1.5,1.4,Sportingbet.br,1.36,1.37,1.52,bet365,1.67,2.1,Estrelabet,1.7,2.05,Betano.br,1.72,2.05,bet365,3.6,13.0,21.0,6.5,7.0,7.0,21.0,13.0,4.33,bet365,2.0,1.85,bet365,2.0,1.8,bet365,1.91,1.8,bet365,21.0,bet365,15.0,bet365,17.0,bet365,8.0,bet365,15.0,bet365,19.0,bet365,10.0,bet365,11.0,bet365,10.0,bet365,23.0,bet365,29.0,bet365,15.0,bet365,19.0,bet365,19.0,bet365,21.0,bet365,6.8,1.11,bet365,7.0,1.1,bet365,3.9,1.24,bet365,3.3,1.33,bet365,2.25,1.63,bet365,1.43,2.75,bet365,1.21,4.25,bet365,1.16,5.25,,0.0,0.0,KTO.br,1.04,12.5,BetEsporte,15.0,9.4,21.0,Novibet,7.6,6.3,11.75,bet365,4.0,4.5,0.0,bet365,0.0,0.0,1.62,Novibet,1.12,7.7,1.23,BetEsporte,1.03,11.0,1.07,0.9,1.44,1.01,1.51,0.79,1.3,1.51,1.01,-0.49,-0.99,0.53,0.47,0.87,0.87,0.4,0.27,0.79,0.75,0.0,0.0,0.19,0.13,14.0,10.0,4.0,3.0,8.0,2.0,2.0,5.0,9.0,6.0,5.0,4.0,2.0,1.0,1.0,0.0,26.0,17.0,5.0,3.0,10.0,10.0,17.0,9.0,10.0,10.0,1.0,3.0,,,3.0,1.0,1.0,2.0,0.62,0.77,57.0,38.0,19.0,15.0,6.0,5.0,0.0,0.0,0.0,0.0,0.61,1.12,0.13,0.86,0.46,0.97,0.86,0.13,-0.14,-0.87,0.62,0.38,0.91,0.84,0.43,0.24,0.81,0.71,0.0,0.0,0.11,0.0,8.0,4.0,2.0,1.0,4.0,1.0,2.0,2.0,5.0,3.0,3.0,1.0,1.0,1.0,1.0,0.0,15.0,8.0,2.0,2.0,3.0,6.0,7.0,3.0,6.0,3.0,,,,,2.0,1.0,0.0,1.0,1.0,0.8,20.0,16.0,7.0,7.0,4.0,1.0,0.0,0.0,0.0,0.0,0.29,0.32,0.88,0.65,0.33,0.33,0.65,0.88,-0.35,-0.12,0.43,0.57,0.83,0.88,0.38,0.29,0.75,0.78,0.0,0.0,0.29,0.25,6.0,6.0,2.0,2.0,4.0,1.0,0.0,3.0,4.0,3.0,2.0,3.0,1.0,0.0,0.0,0.0,11.0,9.0,3.0,1.0,7.0,4.0,10.0,6.0,4.0,7.0,1.0,3.0,,,1.0,0.0,1.0,1.0,0.5,0.75,37.0,22.0,12.0,8.0,2.0,4.0,0.0,0.0,0.0,0.0
jTau4Qwn,FINLAND,2025,FINLAND 1,FINLAND 1,19/10/2025,15:30,,KuPS,nLBbqJDS,HJK,nmjJVR7B,False,3,1,,,,,,"[17, 57, 90]",[53],bet365,2.88,2.4,3.1,bet365,2.63,2.75,2.75,bet365,2.35,3.5,2.5,bet365,1.25,3.75,bet365,2.2,1.62,bet365,5.0,1.17,bet365,1.14,5.5,bet365,1.73,2.0,bet365,3.25,1.33,bet365,1.03,17.0,bet365,1.14,5.5,bet365,1.53,2.4,bet365,2.2,1.62,bet365,3.75,1.25,bet365,1.44,2.63,bet365,3.5,1.29,bet365,2.5,1.5,bet365,1.44,1.25,1.53,bet365,1.36,1.53,1.4,Sportingbet.br,1.37,1.41,1.46,bet365,1.8,1.91,KTO.br,1.68,2.02,KTO.br,1.68,2.04,bet365,3.75,13.0,23.0,6.5,6.5,6.5,21.0,13.0,4.0,bet365,2.0,1.85,bet365,2.0,1.8,bet365,1.91,1.8,bet365,19.0,bet365,13.0,bet365,13.0,bet365,7.5,bet365,15.0,bet365,17.0,bet365,10.0,bet365,10.0,bet365,11.0,bet365,26.0,bet365,29.0,bet365,17.0,bet365,19.0,bet365,21.0,bet365,21.0,KTO.br,11.0,1.05,bet365,7.0,1.1,bet365,4.4,1.2,bet365,3.7,1.26,bet365,2.38,1.55,bet365,1.5,2.5,bet365,1.23,4.0,bet365,1.18,4.8,,0.0,0.0,KTO.br,1.04,11.5,BetEsporte,18.0,9.8,22.0,Novibet,9.4,6.7,11.75,bet365,4.5,4.5,4.5,bet365,1.5,4.75,1.53,KTO.br,1.12,7.5,1.21,BetEsporte,1.03,11.0,1.05,1.44,1.27,2.6,0.74,0.69,1.39,0.74,2.6,-0.26,-0.4,0.36,0.64,0.86,0.91,0.51,0.7,0.75,0.78,0.0,1.0,0.3,0.27,14.0,17.0,6.0,3.0,2.0,7.0,6.0,7.0,8.0,13.0,6.0,4.0,1.0,1.0,0.0,0.0,18.0,35.0,5.0,10.0,7.0,6.0,9.0,19.0,6.0,7.0,1.0,2.0,,,0.0,0.0,2.0,3.0,0.63,0.4,41.0,25.0,33.0,14.0,10.0,4.0,1.0,1.0,1.0,0.0,0.25,0.7,0.98,0.0,0.33,0.86,0.0,0.98,0.0,-0.02,0.33,0.67,0.87,0.91,0.44,0.75,0.77,0.77,0.0,1.0,0.25,0.2,5.0,9.0,2.0,0.0,1.0,4.0,2.0,5.0,3.0,7.0,2.0,2.0,0.0,1.0,0.0,0.0,6.0,17.0,3.0,7.0,2.0,3.0,3.0,10.0,3.0,2.0,1.0,1.0,,,0.0,0.0,0.0,1.0,0.58,0.43,16.0,15.0,17.0,7.0,5.0,0.0,1.0,0.0,0.0,0.0,1.19,0.57,1.62,0.74,0.36,0.53,0.74,1.62,-0.26,-0.38,0.39,0.61,0.85,0.9,0.55,0.65,0.73,0.79,0.0,0.0,0.5,0.36,9.0,8.0,4.0,3.0,1.0,3.0,4.0,2.0,5.0,6.0,4.0,2.0,1.0,0.0,0.0,0.0,12.0,18.0,2.0,3.0,5.0,3.0,6.0,9.0,3.0,5.0,0.0,1.0,,,0.0,0.0,2.0,2.0,0.67,0.33,25.0,10.0,16.0,7.0,5.0,4.0,0.0,1.0,1.0,0.0
4CsWCLMG,FINLAND,2025,FINLAND 1,FINLAND 1,30/10/2025,16:00,,KuPS,nLBbqJDS,Gnistan,Aa28K98n,False,1,1,,,,,,[44],"[62, 75]",bet365,1.62,3.1,7.5,bet365,1.5,3.5,6.5,bet365,1.27,7.5,7.5,bet365,1.17,5.0,bet365,1.83,1.98,bet365,3.75,1.25,bet365,1.1,7.0,bet365,1.5,2.5,bet365,2.63,1.44,bet365,1.01,29.0,bet365,1.07,9.0,bet365,1.29,3.6,bet365,1.73,2.0,bet365,2.63,1.44,bet365,1.62,2.2,bet365,3.75,1.25,bet365,2.75,1.4,bet365,1.1,1.1,3.75,bet365,1.07,1.36,2.2,Sportingbet.br,1.09,1.25,2.5,bet365,1.11,6.5,Sportingbet.br,1.15,4.8,Betano.br,1.16,4.9,bet365,1.73,19.0,34.0,4.33,11.0,21.0,15.0,21.0,17.0,bet365,1.85,2.0,bet365,2.0,1.8,bet365,1.83,1.83,bet365,34.0,bet365,13.0,bet365,29.0,bet365,15.0,bet365,9.0,bet365,41.0,bet365,9.5,bet365,21.0,bet365,21.0,bet365,9.5,bet365,81.0,bet365,10.0,bet365,51.0,bet365,19.0,bet365,41.0,bet365,2.5,1.5,bet365,2.05,1.75,bet365,1.68,2.15,bet365,1.35,3.1,bet365,1.26,3.7,bet365,1.12,6.25,,0.0,0.0,,0.0,0.0,,0.0,0.0,,0.0,0.0,Novibet,4.65,5.35,0.0,bet365,2.5,4.33,0.0,Novibet,1.7,4.35,18.25,BetEsporte,1.07,8.8,3.25,bet365,0.0,0.0,2.1,KTO.br,0.0,0.0,1.52,1.93,2.6,1.7,1.81,1.65,0.64,1.81,1.7,0.81,0.7,0.6,0.4,0.87,0.79,0.7,0.34,0.78,0.68,1.0,0.0,0.31,0.22,17.0,14.0,7.0,5.0,8.0,4.0,2.0,5.0,13.0,10.0,4.0,4.0,6.0,4.0,0.0,1.0,37.0,37.0,9.0,4.0,9.0,7.0,17.0,15.0,7.0,9.0,1.0,1.0,,,5.0,0.0,4.0,6.0,0.63,0.64,37.0,34.0,12.0,36.0,7.0,8.0,0.0,0.0,0.0,1.0,1.37,0.8,1.09,0.84,1.08,0.35,0.84,1.09,0.84,0.09,0.59,0.41,0.87,0.81,0.68,0.23,0.75,0.62,1.0,0.0,0.33,0.14,9.0,7.0,2.0,3.0,7.0,3.0,0.0,1.0,8.0,6.0,1.0,1.0,4.0,2.0,0.0,0.0,21.0,16.0,4.0,0.0,8.0,2.0,9.0,3.0,2.0,8.0,,,,,4.0,0.0,3.0,1.0,1.0,0.6,14.0,13.0,6.0,19.0,4.0,4.0,0.0,0.0,0.0,1.0,0.56,1.8,0.61,0.97,0.57,0.29,0.97,0.61,-0.03,0.61,0.61,0.39,0.86,0.76,0.73,0.46,0.8,0.72,0.0,0.0,0.29,0.27,8.0,7.0,5.0,2.0,1.0,1.0,2.0,4.0,5.0,4.0,3.0,3.0,2.0,2.0,0.0,1.0,16.0,21.0,5.0,4.0,1.0,5.0,8.0,12.0,5.0,1.0,1.0,1.0,,,1.0,0.0,1.0,5.0,0.57,0.67,23.0,21.0,6.0,17.0,3.0,4.0,0.0,0.0,0.0,0.0
hdlbzXpJ,FINLAND,2025,FINLAND 1,FINLAND 1,24/08/2025,12:00,,HJK,nmjJVR7B,Mariehamn,C8bOhcyj,False,8,2,,,,,,"[7, 15, 29, 46, 63, 73, 77, 89]","[43, 70]",bet365,1.57,3.0,9.5,bet365,1.41,3.4,8.0,bet365,1.2,6.5,10.0,bet365,1.22,4.0,bet365,2.0,1.73,bet365,4.33,1.2,bet365,1.13,6.0,bet365,1.67,2.1,bet365,3.0,1.36,bet365,1.02,21.0,bet365,1.13,6.0,bet365,1.44,2.7,bet365,2.1,1.67,bet365,3.5,1.29,bet365,1.95,1.8,bet365,4.5,1.18,bet365,3.5,1.29,bet365,1.06,1.11,4.33,bet365,1.04,1.36,2.25,KTO.br,1.07,1.25,2.8,bet365,1.07,9.0,Sportingbet.br,1.11,6.0,Betano.br,1.12,5.8,bet365,1.67,21.0,51.0,4.0,10.0,23.0,17.0,23.0,21.0,bet365,1.9,1.95,bet365,2.0,1.77,bet365,1.83,1.83,bet365,21.0,bet365,9.5,bet365,29.0,bet365,13.0,bet365,7.0,bet365,51.0,bet365,9.5,bet365,29.0,bet365,23.0,bet365,7.5,bet365,151.0,bet365,10.0,bet365,67.0,bet365,26.0,bet365,51.0,bet365,2.43,1.53,bet365,1.98,1.83,bet365,1.6,2.3,bet365,1.3,3.45,bet365,1.21,4.25,Superbet.br,1.03,9.2,,0.0,0.0,,0.0,0.0,,0.0,0.0,,0.0,0.0,Betnacional,4.06,5.12,0.0,bet365,2.5,4.0,0.0,KTO.br,1.57,4.6,29.0,KTO.br,1.05,13.0,4.35,bet365,0.0,0.0,2.25,KTO.br,0.0,0.0,1.57,4.51,0.65,6.32,1.34,3.48,0.38,1.34,6.32,-0.66,-1.68,0.74,0.26,0.92,0.76,0.73,0.21,0.87,0.42,0.0,0.0,0.32,0.25,26.0,4.0,15.0,3.0,6.0,1.0,5.0,0.0,21.0,3.0,5.0,1.0,6.0,1.0,0.0,0.0,67.0,7.0,10.0,0.0,7.0,11.0,17.0,18.0,11.0,8.0,2.0,0.0,0.0,1.0,4.0,0.0,1.0,7.0,0.8,0.59,45.0,44.0,9.0,20.0,5.0,5.0,0.0,0.0,0.0,0.0,2.22,0.13,1.88,0.53,1.27,0.02,0.53,1.88,-0.47,-1.12,0.75,0.25,0.92,0.76,0.74,0.24,0.89,0.33,0.0,0.0,0.3,0.0,9.0,2.0,5.0,2.0,3.0,0.0,1.0,0.0,8.0,1.0,1.0,1.0,3.0,0.0,0.0,0.0,29.0,3.0,5.0,0.0,5.0,4.0,8.0,6.0,4.0,6.0,,,0.0,1.0,3.0,0.0,1.0,2.0,0.86,0.67,22.0,18.0,2.0,11.0,1.0,3.0,0.0,0.0,0.0,0.0,2.29,0.52,4.44,0.81,2.21,0.36,0.81,4.44,-0.19,-0.56,0.73,0.27,0.92,0.75,0.72,0.17,0.85,0.5,0.0,0.0,0.33,0.33,17.0,2.0,10.0,1.0,3.0,1.0,4.0,0.0,13.0,2.0,4.0,0.0,3.0,1.0,0.0,0.0,38.0,4.0,5.0,0.0,2.0,7.0,9.0,12.0,7.0,2.0,2.0,0.0,,,1.0,0.0,0.0,5.0,0.75,0.54,23.0,26.0,7.0,9.0,4.0,2.0,0.0,0.0,0.0,0.0
Czpu3vfo,FINLAND,2025,FINLAND 1,FINLAND 1,18/10/2025,14:00,,Haka,6oug4RRc,KTP,zsgwCpdF,False,1,2,,,,,,[51],"[60, 76]",bet365,2.75,2.38,3.4,bet365,2.5,2.63,3.0,bet365,2.2,3.6,2.75,bet365,1.29,3.5,bet365,2.38,1.53,bet365,5.5,1.14,bet365,1.17,5.0,bet365,1.83,1.83,bet365,3.75,1.25,bet365,1.03,15.0,bet365,1.18,4.5,bet365,1.62,2.25,bet365,2.5,1.5,bet365,4.5,1.18,bet365,1.53,2.38,bet365,3.75,1.25,bet365,2.75,1.4,bet365,1.36,1.25,1.57,bet365,1.3,1.53,1.4,Sportingbet.br,1.35,1.42,1.47,bet365,1.67,2.1,Esportivabet,1.7,2.05,Betano.br,1.72,2.05,bet365,3.6,13.0,26.0,6.0,6.0,7.0,21.0,13.0,4.5,bet365,1.98,1.88,bet365,2.0,1.8,bet365,1.91,1.8,bet365,15.0,bet365,11.0,bet365,12.0,bet365,7.5,bet365,13.0,bet365,17.0,bet365,9.0,bet365,11.0,bet365,12.0,bet365,21.0,bet365,29.0,bet365,17.0,bet365,21.0,bet365,21.0,bet365,23.0,KTO.br,9.5,1.06,bet365,7.0,1.1,bet365,4.0,1.23,bet365,3.3,1.33,bet365,2.2,1.65,bet365,1.4,2.85,bet365,1.18,4.8,bet365,1.13,5.9,,0.0,0.0,KTO.br,1.03,14.0,BetEsporte,18.0,9.6,24.0,BetEsporte,8.6,6.2,12.0,bet365,4.0,4.33,0.0,bet365,0.0,0.0,1.57,BetEsporte,1.12,7.2,1.2,BetEsporte,1.02,11.0,1.05,0.76,1.47,1.33,2.46,1.09,1.18,2.46,1.33,0.46,0.33,0.46,0.54,0.72,0.74,0.19,0.31,0.64,0.63,0.0,0.0,0.06,0.28,9.0,16.0,3.0,10.0,2.0,4.0,4.0,2.0,6.0,10.0,3.0,6.0,0.0,2.0,0.0,1.0,16.0,32.0,4.0,13.0,6.0,6.0,19.0,31.0,6.0,6.0,1.0,1.0,,,1.0,2.0,8.0,2.0,0.47,0.58,43.0,38.0,40.0,35.0,6.0,10.0,0.0,0.0,0.0,0.0,0.7,0.3,0.62,0.15,0.08,0.32,0.15,0.62,0.15,0.62,0.48,0.52,0.77,0.78,0.17,0.42,0.6,0.66,0.0,0.0,0.0,0.07,7.0,6.0,1.0,3.0,2.0,1.0,4.0,2.0,5.0,3.0,2.0,3.0,0.0,0.0,0.0,0.0,8.0,13.0,4.0,8.0,4.0,2.0,8.0,16.0,2.0,4.0,1.0,1.0,,,1.0,0.0,3.0,1.0,0.36,0.4,25.0,17.0,19.0,17.0,3.0,6.0,0.0,0.0,0.0,0.0,0.06,1.17,0.71,2.31,1.01,0.86,2.31,0.71,0.31,-0.29,0.44,0.56,0.66,0.7,0.2,0.22,0.67,0.61,0.0,0.0,0.12,0.47,2.0,10.0,2.0,7.0,0.0,3.0,0.0,0.0,1.0,7.0,1.0,3.0,0.0,2.0,0.0,1.0,8.0,19.0,0.0,5.0,2.0,4.0,11.0,15.0,4.0,2.0,,,,,0.0,2.0,5.0,1.0,0.67,0.71,18.0,21.0,21.0,18.0,3.0,4.0,0.0,0.0,0.0,0.0
OGdsvFof,FINLAND,2025,FINLAND 1,FINLAND 1,24/08/2025,15:30,,Jaro,faEPan8O,KuPS,nLBbqJDS,False,1,3,,,,,,[26],"[39, 67, 73]",bet365,5.0,2.6,2.05,bet365,4.5,2.88,1.83,bet365,4.75,4.2,1.55,bet365,1.25,3.75,bet365,2.2,1.62,bet365,5.0,1.17,bet365,1.14,5.5,bet365,1.73,2.0,bet365,3.4,1.3,bet365,1.02,19.0,bet365,1.14,5.5,bet365,1.53,2.4,bet365,2.25,1.57,bet365,4.0,1.22,bet365,1.62,2.2,bet365,3.75,1.25,bet365,2.75,1.4,bet365,2.38,1.22,1.18,bet365,1.73,1.5,1.14,Betboom.br,1.87,1.4,1.18,bet365,3.75,1.25,KTO.br,3.15,1.3,Betano.br,3.15,1.33,bet365,8.5,15.0,19.0,11.0,7.0,4.75,34.0,15.0,2.38,bet365,1.95,1.9,bet365,2.0,1.8,bet365,1.91,1.8,bet365,19.0,bet365,19.0,bet365,10.0,bet365,8.5,bet365,29.0,bet365,9.0,bet365,15.0,bet365,8.5,bet365,15.0,bet365,51.0,bet365,13.0,bet365,34.0,bet365,11.0,bet365,34.0,bet365,19.0,,0.0,0.0,,0.0,0.0,Superbet.br,9.4,1.03,Betboom.br,8.49,1.02,bet365,4.65,1.18,bet365,2.35,1.58,bet365,1.85,1.95,bet365,1.53,2.43,bet365,1.26,3.7,bet365,1.19,4.5,BetEsporte,35.0,12.0,9.6,KTO.br,29.0,15.0,4.3,bet365,0.0,0.0,2.4,bet365,2.38,4.0,0.0,Betnacional,1.47,4.98,1.05,Betnacional,1.17,7.48,0.0,0.85,2.72,1.01,3.53,0.15,2.14,3.53,1.01,0.53,0.01,0.37,0.63,0.79,0.89,0.56,0.73,0.65,0.8,0.0,0.0,0.11,0.2,4.0,28.0,2.0,10.0,0.0,9.0,2.0,9.0,2.0,16.0,2.0,12.0,1.0,3.0,0.0,1.0,6.0,53.0,2.0,13.0,9.0,12.0,16.0,11.0,15.0,10.0,2.0,1.0,,,3.0,2.0,7.0,1.0,0.65,0.91,43.0,49.0,45.0,20.0,6.0,1.0,0.0,0.0,1.0,1.0,0.62,0.73,0.99,1.43,0.06,0.8,1.43,0.99,0.43,-0.01,0.33,0.67,0.8,0.91,0.56,0.75,0.67,0.81,0.0,0.0,0.0,0.25,2.0,10.0,1.0,3.0,0.0,4.0,1.0,3.0,1.0,6.0,1.0,4.0,1.0,1.0,0.0,0.0,2.0,20.0,1.0,2.0,4.0,6.0,6.0,9.0,7.0,4.0,,,,,1.0,1.0,2.0,0.0,0.56,0.8,21.0,25.0,20.0,6.0,4.0,0.0,0.0,0.0,0.0,1.0,0.23,1.99,0.02,2.1,0.09,1.34,2.1,0.02,0.1,0.02,0.42,0.58,0.78,0.87,0.56,0.71,0.64,0.78,0.0,0.0,0.15,0.16,2.0,18.0,1.0,7.0,0.0,5.0,1.0,6.0,1.0,10.0,1.0,8.0,0.0,2.0,0.0,1.0,4.0,33.0,1.0,11.0,5.0,6.0,10.0,2.0,8.0,6.0,2.0,1.0,,,2.0,1.0,5.0,1.0,0.75,1.0,22.0,24.0,25.0,14.0,2.0,1.0,0.0,0.0,1.0,0.0
SlLIbAp9,FINLAND,2025,FINLAND 1,FINLAND 1,13/09/2025,14:00,,Gnistan,Aa28K98n,Inter Turku,QwkNUoNH,False,0,2,,,,,,[],"[53, 71]",bet365,4.33,2.5,2.2,bet365,3.75,2.88,2.0,bet365,4.0,4.0,1.7,bet365,1.25,3.75,bet365,2.1,1.67,bet365,5.0,1.17,bet365,1.14,5.5,bet365,1.67,2.1,bet365,3.25,1.33,bet365,1.02,19.0,bet365,1.14,5.5,bet365,1.48,2.6,bet365,2.1,1.67,bet365,3.75,1.25,bet365,1.5,2.5,bet365,3.5,1.29,bet365,2.63,1.44,bet365,2.1,1.22,1.22,bet365,1.62,1.5,1.2,Betboom.br,1.87,1.37,1.22,bet365,3.25,1.33,Sportingbet.br,2.75,1.39,Betnacional,2.75,1.37,bet365,7.0,15.0,19.0,9.5,7.0,5.0,29.0,13.0,2.63,bet365,1.98,1.88,bet365,2.0,1.8,bet365,1.91,1.8,bet365,19.0,bet365,17.0,bet365,11.0,bet365,8.5,bet365,26.0,bet365,11.0,bet365,15.0,bet365,8.5,bet365,13.0,bet365,41.0,bet365,15.0,bet365,29.0,bet365,12.0,bet365,29.0,bet365,19.0,,0.0,0.0,,0.0,0.0,Betboom.br,9.19,1.02,Betboom.br,9.99,1.01,bet365,3.9,1.24,bet365,2.08,1.73,bet365,1.65,2.2,bet365,1.43,2.75,bet365,1.2,4.4,bet365,1.15,5.5,BetEsporte,30.0,12.0,10.0,Novibet,23.0,10.25,5.1,bet365,0.0,0.0,2.75,bet365,2.1,4.0,0.0,Novibet,1.4,5.25,1.04,Novibet,1.14,7.8,0.0,0.46,0.83,0.05,0.4,0.48,0.62,0.4,0.05,-1.6,0.05,0.54,0.46,0.76,0.72,0.34,0.52,0.53,0.55,0.0,0.0,0.09,0.13,9.0,11.0,2.0,4.0,3.0,5.0,4.0,2.0,4.0,10.0,5.0,1.0,0.0,2.0,0.0,0.0,17.0,28.0,4.0,8.0,8.0,11.0,26.0,27.0,11.0,8.0,3.0,0.0,,,3.0,1.0,2.0,2.0,0.71,0.85,53.0,54.0,24.0,26.0,11.0,7.0,0.0,0.0,0.0,0.0,0.22,0.15,0.01,0.0,0.11,0.14,0.0,0.01,0.0,0.01,0.44,0.56,0.7,0.73,0.3,0.58,0.47,0.52,0.0,0.0,0.0,0.1,2.0,3.0,1.0,0.0,0.0,2.0,1.0,1.0,2.0,3.0,0.0,0.0,0.0,0.0,0.0,0.0,4.0,12.0,2.0,6.0,4.0,7.0,12.0,13.0,7.0,4.0,1.0,0.0,,,2.0,0.0,0.0,1.0,0.75,0.8,23.0,30.0,16.0,11.0,6.0,3.0,0.0,0.0,0.0,0.0,0.24,0.68,0.04,0.4,0.37,0.48,0.4,0.04,-1.6,0.04,0.63,0.37,0.79,0.7,0.38,0.46,0.57,0.6,0.0,0.0,0.17,0.2,7.0,8.0,1.0,4.0,3.0,3.0,3.0,1.0,2.0,7.0,5.0,1.0,0.0,2.0,0.0,0.0,13.0,16.0,2.0,2.0,4.0,4.0,14.0,14.0,4.0,4.0,2.0,0.0,,,1.0,1.0,2.0,1.0,0.67,0.88,30.0,24.0,8.0,15.0,5.0,4.0,0.0,0.0,0.0,0.0
6H73ocgK,FINLAND,2025,FINLAND 1,FINLAND 1,22/08/2025,15:00,,VPS,8GveH5dA,KTP,zsgwCpdF,False,3,2,,,,,,"[45, 48, 57]","[12, 22]",bet365,2.1,2.6,4.75,bet365,1.91,2.88,4.33,bet365,1.6,4.33,4.33,bet365,1.25,3.75,bet365,2.1,1.67,bet365,5.0,1.17,bet365,1.14,5.5,bet365,1.73,2.0,bet365,3.25,1.33,bet365,1.02,19.0,bet365,1.14,5.5,bet365,1.48,2.6,bet365,2.2,1.62,bet365,3.75,1.25,bet365,1.57,2.25,bet365,3.75,1.25,bet365,2.63,1.44,bet365,1.2,1.2,2.3,bet365,1.17,1.5,1.67,KTO.br,1.2,1.37,1.91,bet365,1.29,3.5,Betnacional,1.35,3.04,Betano.br,1.35,3.05,bet365,2.4,15.0,29.0,4.75,7.0,11.0,19.0,15.0,8.0,bet365,1.93,1.93,bet365,2.0,1.8,bet365,1.83,1.83,bet365,21.0,bet365,10.0,bet365,19.0,bet365,9.0,bet365,10.0,bet365,29.0,bet365,8.5,bet365,15.0,bet365,13.0,bet365,13.0,bet365,51.0,bet365,12.0,bet365,34.0,bet365,19.0,bet365,29.0,bet365,4.5,1.19,bet365,3.8,1.25,bet365,2.5,1.5,bet365,2.0,1.8,bet365,1.6,2.3,bet365,1.21,4.25,Betboom.br,1.01,7.82,Superbet.br,1.04,8.7,,0.0,0.0,,0.0,0.0,BetEsporte,9.0,7.0,35.0,KTO.br,4.3,4.8,29.0,bet365,2.5,4.0,0.0,bet365,0.0,0.0,2.3,KTO.br,1.05,14.0,1.54,BetEsporte,1.01,12.0,1.17,2.19,1.22,2.95,2.4,0.48,0.5,2.4,2.95,0.4,-0.05,0.49,0.51,0.75,0.73,0.51,0.22,0.71,0.65,0.0,0.0,0.2,0.17,19.0,11.0,7.0,7.0,5.0,4.0,7.0,0.0,14.0,5.0,5.0,6.0,4.0,1.0,0.0,0.0,25.0,15.0,7.0,7.0,14.0,12.0,26.0,19.0,12.0,15.0,2.0,3.0,,,3.0,0.0,5.0,4.0,0.68,0.69,66.0,53.0,27.0,20.0,3.0,6.0,0.0,1.0,0.0,0.0,1.12,0.97,1.43,1.97,0.15,0.28,1.97,1.43,-0.03,0.43,0.57,0.43,0.77,0.67,0.53,0.22,0.68,0.56,0.0,0.0,0.2,0.25,9.0,6.0,3.0,5.0,2.0,1.0,4.0,0.0,7.0,3.0,2.0,3.0,1.0,1.0,0.0,0.0,12.0,9.0,5.0,3.0,6.0,5.0,12.0,8.0,5.0,7.0,,,,,1.0,0.0,3.0,2.0,0.54,0.57,34.0,21.0,5.0,8.0,2.0,3.0,0.0,0.0,0.0,0.0,1.07,0.25,1.52,0.43,0.33,0.22,0.43,1.52,0.43,-0.48,0.4,0.6,0.72,0.77,0.48,0.23,0.74,0.72,0.0,0.0,0.2,0.14,10.0,5.0,4.0,2.0,3.0,3.0,3.0,0.0,7.0,2.0,3.0,3.0,3.0,0.0,0.0,0.0,13.0,6.0,2.0,4.0,8.0,7.0,14.0,11.0,7.0,8.0,2.0,3.0,,,2.0,0.0,2.0,2.0,0.89,0.78,32.0,32.0,22.0,12.0,1.0,3.0,0.0,1.0,0.0,0.0
rqM8PFW0,FINLAND,2025,FINLAND 1,FINLAND 1,16/08/2025,14:00,,AC Oulu,Y35Jer59,Ilves,pYGmWmwa,False,0,4,,,,,,[],"[49, 54, 81, 86]",bet365,4.33,2.5,2.25,bet365,3.75,2.75,2.05,bet365,3.8,4.2,1.73,bet365,1.25,3.75,bet365,2.2,1.62,bet365,5.0,1.17,bet365,1.14,5.5,bet365,1.73,2.0,bet365,3.4,1.3,bet365,1.02,19.0,bet365,1.14,5.5,bet365,1.5,2.5,bet365,2.25,1.57,bet365,3.75,1.25,bet365,1.53,2.38,bet365,3.75,1.25,bet365,2.75,1.4,bet365,2.05,1.22,1.25,bet365,1.57,1.5,1.2,KTO.br,1.76,1.4,1.23,bet365,3.0,1.36,Estrelabet,2.9,1.36,Betano.br,2.75,1.42,bet365,6.5,15.0,19.0,9.5,7.0,5.0,29.0,13.0,2.63,bet365,1.93,1.93,bet365,2.0,1.8,bet365,1.91,1.8,bet365,19.0,bet365,15.0,bet365,10.0,bet365,8.5,bet365,23.0,bet365,10.0,bet365,13.0,bet365,8.5,bet365,13.0,bet365,41.0,bet365,15.0,bet365,29.0,bet365,12.0,bet365,29.0,bet365,19.0,,0.0,0.0,,0.0,0.0,Superbet.br,7.6,1.05,bet365,7.0,1.1,bet365,3.8,1.25,bet365,2.08,1.73,bet365,1.65,2.2,bet365,1.43,2.75,bet365,1.19,4.5,bet365,1.15,5.5,BetEsporte,30.0,12.0,11.0,KTO.br,23.0,12.5,5.1,bet365,0.0,0.0,2.88,bet365,2.05,4.0,0.0,Betnacional,1.43,5.11,0.0,KTO.br,1.16,8.0,0.0,1.04,2.78,0.18,4.06,0.11,1.68,4.06,0.18,0.06,0.18,0.34,0.66,0.73,0.85,0.33,0.39,0.55,0.68,0.0,0.0,0.11,0.32,7.0,16.0,1.0,8.0,5.0,4.0,1.0,4.0,5.0,11.0,2.0,5.0,1.0,5.0,0.0,0.0,13.0,32.0,4.0,8.0,9.0,15.0,15.0,20.0,15.0,13.0,2.0,2.0,,,1.0,3.0,4.0,1.0,0.36,0.72,41.0,55.0,30.0,18.0,8.0,5.0,0.0,0.0,1.0,0.0,0.36,0.14,0.0,0.32,0.05,0.34,0.32,0.0,0.32,0.0,0.27,0.73,0.72,0.88,0.41,0.45,0.56,0.7,0.0,0.0,0.14,0.38,4.0,5.0,0.0,3.0,3.0,1.0,1.0,1.0,2.0,4.0,2.0,1.0,0.0,0.0,0.0,0.0,5.0,12.0,3.0,5.0,4.0,8.0,5.0,10.0,8.0,5.0,1.0,1.0,,,0.0,2.0,3.0,0.0,0.43,0.5,21.0,24.0,14.0,9.0,4.0,2.0,0.0,0.0,0.0,0.0,0.68,2.64,0.18,3.74,0.06,1.34,3.74,0.18,-0.26,0.18,0.45,0.55,0.74,0.8,0.27,0.32,0.55,0.65,0.0,0.0,0.0,0.22,3.0,11.0,1.0,5.0,2.0,3.0,0.0,3.0,3.0,7.0,0.0,4.0,1.0,5.0,0.0,0.0,8.0,20.0,1.0,3.0,5.0,7.0,10.0,10.0,7.0,8.0,1.0,1.0,,,1.0,1.0,1.0,1.0,0.25,0.83,20.0,31.0,16.0,9.0,4.0,3.0,0.0,0.0,1.0,0.0
r5ZcBPBj,FINLAND,2025,FINLAND 1,FINLAND 1,09/08/2025,12:00,,Jaro,faEPan8O,Haka,6oug4RRc,False,2,1,,,,,,"[62, 77]",[73],bet365,2.75,2.5,3.1,bet365,2.5,2.75,2.75,bet365,2.35,3.8,2.63,bet365,1.22,4.0,bet365,2.1,1.67,bet365,4.5,1.18,bet365,1.13,6.0,bet365,1.67,2.1,bet365,3.0,1.36,bet365,1.02,19.0,bet365,1.13,6.0,bet365,1.44,2.7,bet365,2.1,1.67,bet365,3.5,1.29,bet365,1.4,2.75,bet365,3.4,1.3,bet365,2.5,1.5,bet365,1.44,1.25,1.57,bet365,1.36,1.5,1.4,KTO.br,1.37,1.41,1.52,bet365,1.73,2.0,Novibet,1.71,2.0,KTO.br,1.68,2.04,bet365,3.75,13.0,21.0,6.5,7.0,7.0,21.0,13.0,4.33,bet365,1.98,1.88,bet365,2.0,1.8,bet365,1.91,1.8,bet365,21.0,bet365,13.0,bet365,15.0,bet365,8.0,bet365,15.0,bet365,17.0,bet365,10.0,bet365,11.0,bet365,11.0,bet365,23.0,bet365,29.0,bet365,17.0,bet365,19.0,bet365,19.0,bet365,21.0,Superbet.br,7.8,1.05,Betboom.br,6.46,1.06,bet365,4.15,1.22,bet365,3.45,1.3,bet365,2.3,1.6,bet365,1.48,2.6,bet365,1.23,4.1,bet365,1.18,4.8,Betboom.br,1.03,8.06,Superbet.br,1.03,9.7,KTO.br,25.0,14.0,26.0,Novibet,9.0,6.4,12.25,bet365,4.33,4.5,4.75,bet365,1.5,4.75,1.57,KTO.br,1.15,8.0,1.18,KTO.br,1.04,16.0,1.05,1.49,0.9,1.98,1.25,1.54,1.05,1.25,1.98,0.25,-0.02,0.49,0.51,0.81,0.81,0.47,0.62,0.66,0.71,0.0,0.0,0.26,0.12,14.0,8.0,6.0,4.0,4.0,3.0,4.0,1.0,6.0,7.0,8.0,1.0,2.0,2.0,0.0,0.0,24.0,23.0,7.0,9.0,5.0,13.0,21.0,18.0,14.0,7.0,2.0,3.0,,,5.0,2.0,3.0,4.0,0.58,0.69,41.0,53.0,27.0,30.0,7.0,2.0,0.0,0.0,0.0,0.0,0.41,0.11,0.18,0.0,0.52,0.12,0.0,0.18,0.0,0.18,0.55,0.45,0.86,0.82,0.5,0.63,0.75,0.7,0.0,0.0,0.33,0.08,8.0,1.0,2.0,0.0,4.0,1.0,2.0,0.0,4.0,1.0,4.0,0.0,0.0,1.0,0.0,0.0,16.0,8.0,2.0,3.0,2.0,6.0,13.0,9.0,7.0,2.0,,,,,1.0,0.0,0.0,2.0,0.8,0.54,18.0,25.0,15.0,16.0,4.0,0.0,0.0,0.0,0.0,0.0,1.08,0.79,1.8,1.25,1.02,0.93,1.25,1.8,0.25,-0.2,0.4,0.6,0.72,0.81,0.44,0.6,0.53,0.71,0.0,0.0,0.14,0.14,6.0,7.0,4.0,4.0,0.0,2.0,2.0,1.0,2.0,6.0,4.0,1.0,2.0,1.0,0.0,0.0,8.0,15.0,5.0,6.0,3.0,7.0,8.0,9.0,7.0,5.0,2.0,3.0,,,4.0,2.0,3.0,2.0,0.43,0.85,23.0,28.0,12.0,14.0,3.0,2.0,0.0,0.0,0.0,0.0
6PuKI7JG,FINLAND,2025,FINLAND 1,FINLAND 1,04/08/2025,16:00,,HJK,nmjJVR7B,Inter Turku,QwkNUoNH,False,1,4,,,,,,[70],"[18, 27, 86, 90]",bet365,3.0,2.4,3.0,bet365,2.63,2.75,2.63,bet365,2.55,3.5,2.55,bet365,1.25,3.75,bet365,2.2,1.62,bet365,5.0,1.17,bet365,1.14,5.5,bet365,1.73,2.0,bet365,3.4,1.3,bet365,1.03,17.0,bet365,1.17,5.0,bet365,1.53,2.4,bet365,2.25,1.57,bet365,4.0,1.22,bet365,1.44,2.63,bet365,3.5,1.29,bet365,2.5,1.5,bet365,1.5,1.29,1.5,bet365,1.36,1.53,1.36,KTO.br,1.44,1.4,1.45,bet365,1.83,1.83,Betnacional,1.83,1.91,Novibet,1.77,1.97,bet365,4.0,13.0,23.0,6.5,6.5,6.5,23.0,13.0,4.0,bet365,2.03,1.83,bet365,2.0,1.8,bet365,1.91,1.8,bet365,17.0,bet365,13.0,bet365,13.0,bet365,7.0,bet365,17.0,bet365,17.0,bet365,10.0,bet365,10.0,bet365,11.0,bet365,26.0,bet365,26.0,bet365,19.0,bet365,19.0,bet365,21.0,bet365,21.0,KTO.br,11.5,1.04,Betboom.br,7.64,1.03,bet365,4.65,1.18,bet365,3.9,1.24,bet365,2.5,1.5,bet365,1.5,2.5,bet365,1.24,3.9,bet365,1.18,4.65,Betboom.br,1.01,7.64,KTO.br,1.04,11.5,Novibet,21.0,10.75,0.0,KTO.br,11.0,7.5,10.5,bet365,4.75,4.75,4.75,bet365,1.5,4.75,1.5,KTO.br,1.18,7.5,1.14,BetEsporte,1.04,10.0,1.04,1.41,1.8,1.09,3.11,1.37,0.82,3.11,1.09,-0.89,0.09,0.57,0.43,0.88,0.83,0.51,0.42,0.75,0.68,1.0,0.0,0.21,0.5,12.0,11.0,3.0,6.0,5.0,5.0,4.0,0.0,6.0,7.0,6.0,4.0,2.0,4.0,0.0,0.0,33.0,27.0,3.0,1.0,8.0,10.0,25.0,18.0,10.0,8.0,1.0,2.0,,,1.0,1.0,2.0,2.0,0.44,0.62,48.0,40.0,16.0,31.0,8.0,12.0,1.0,0.0,1.0,0.0,0.34,0.95,0.19,1.19,0.32,0.6,1.19,0.19,-0.81,0.19,0.54,0.46,0.86,0.8,0.52,0.27,0.74,0.61,0.0,0.0,0.0,0.33,5.0,8.0,1.0,4.0,3.0,4.0,1.0,0.0,2.0,5.0,3.0,3.0,1.0,2.0,0.0,0.0,12.0,19.0,1.0,0.0,4.0,7.0,13.0,13.0,7.0,4.0,1.0,1.0,,,0.0,1.0,2.0,1.0,0.5,0.8,27.0,19.0,12.0,11.0,4.0,8.0,1.0,0.0,1.0,0.0,1.07,0.85,0.9,1.92,1.05,0.22,1.92,0.9,-0.08,-0.1,0.6,0.4,0.89,0.86,0.5,0.59,0.75,0.79,1.0,0.0,0.3,1.0,7.0,3.0,2.0,2.0,2.0,1.0,3.0,0.0,4.0,2.0,3.0,1.0,1.0,2.0,0.0,0.0,21.0,8.0,2.0,1.0,4.0,3.0,12.0,5.0,3.0,4.0,0.0,1.0,,,1.0,0.0,0.0,1.0,0.4,0.5,21.0,21.0,4.0,20.0,4.0,4.0,0.0,0.0,0.0,0.0
xpl3MkKi,FINLAND,2025,FINLAND 1,FINLAND 1,03/08/2025,13:00,,SJK,hj3ima3I,KTP,zsgwCpdF,False,3,0,,,,,,"[19, 45, 73]",[58],bet365,2.05,2.63,4.75,bet365,1.83,2.88,4.33,bet365,1.57,4.1,4.75,bet365,1.22,4.0,bet365,2.1,1.67,bet365,4.5,1.18,bet365,1.14,5.5,bet365,1.67,2.1,bet365,3.25,1.33,bet365,1.02,19.0,bet365,1.13,6.0,bet365,1.44,2.7,bet365,2.1,1.67,bet365,3.5,1.29,bet365,1.53,2.38,bet365,3.5,1.29,bet365,2.63,1.44,bet365,1.18,1.22,2.3,bet365,1.17,1.44,1.73,KTO.br,1.2,1.35,1.93,bet365,1.25,3.75,Esportivabet,1.3,3.2,Novibet,1.31,3.25,bet365,2.38,13.0,29.0,4.75,7.5,11.0,17.0,15.0,8.0,bet365,1.98,1.88,bet365,2.0,1.8,bet365,1.91,1.8,bet365,21.0,bet365,11.0,bet365,21.0,bet365,8.5,bet365,10.0,bet365,29.0,bet365,8.5,bet365,17.0,bet365,13.0,bet365,13.0,bet365,51.0,bet365,11.0,bet365,34.0,bet365,19.0,bet365,34.0,bet365,4.4,1.2,bet365,3.7,1.26,bet365,2.43,1.53,bet365,1.98,1.83,bet365,1.6,2.3,bet365,1.19,4.5,Betboom.br,1.02,8.32,Superbet.br,1.03,9.1,,0.0,0.0,,0.0,0.0,BetEsporte,8.2,6.8,35.0,KTO.br,4.4,4.6,31.0,bet365,2.4,4.0,0.0,bet365,0.0,0.0,2.3,KTO.br,1.04,15.0,1.56,BetEsporte,1.01,12.0,1.19,2.95,1.58,3.42,1.34,1.25,0.94,1.34,3.42,1.34,0.42,0.51,0.49,0.84,0.8,0.54,0.39,0.68,0.65,1.0,1.0,0.08,0.33,13.0,12.0,7.0,3.0,5.0,7.0,1.0,2.0,10.0,6.0,3.0,6.0,4.0,2.0,2.0,1.0,20.0,21.0,6.0,2.0,11.0,17.0,15.0,13.0,17.0,11.0,5.0,2.0,,,2.0,3.0,3.0,4.0,0.58,0.64,43.0,44.0,21.0,6.0,4.0,4.0,1.0,1.0,0.0,0.0,1.13,0.53,1.89,0.02,0.86,0.09,0.02,1.89,0.02,-0.11,0.61,0.39,0.88,0.78,0.62,0.28,0.74,0.54,0.0,0.0,0.0,0.4,7.0,6.0,3.0,2.0,4.0,3.0,0.0,1.0,5.0,2.0,1.0,3.0,2.0,0.0,0.0,1.0,15.0,5.0,3.0,0.0,5.0,7.0,8.0,3.0,7.0,5.0,2.0,1.0,,,1.0,2.0,2.0,1.0,0.5,0.71,23.0,19.0,5.0,2.0,1.0,3.0,1.0,1.0,0.0,0.0,1.82,1.05,1.53,1.32,0.39,0.85,1.32,1.53,1.32,0.53,0.41,0.59,0.77,0.82,0.48,0.52,0.56,0.69,1.0,1.0,0.33,0.31,6.0,6.0,4.0,1.0,1.0,4.0,1.0,1.0,5.0,4.0,2.0,3.0,2.0,2.0,2.0,0.0,5.0,16.0,3.0,2.0,6.0,10.0,7.0,10.0,10.0,6.0,3.0,1.0,,,1.0,1.0,1.0,3.0,0.75,0.5,20.0,25.0,16.0,4.0,3.0,1.0,0.0,0.0,0.0,0.0
neZK9Czn,FINLAND,2025,FINLAND 1,FINLAND 1,27/07/2025,14:00,,Inter Turku,QwkNUoNH,SJK,hj3ima3I,False,4,1,,,,,,[],[],,0.0,0.0,0.0,,0.0,0.0,0.0,,0.0,0.0,0.0,,0.0,0.0,,0.0,0.0,,0.0,0.0,,0.0,0.0,,0.0,0.0,,0.0,0.0,,0.0,0.0,,0.0,0.0,,0.0,0.0,,0.0,0.0,,0.0,0.0,,0.0,0.0,,0.0,0.0,,0.0,0.0,,0.0,0.0,0.0,,0.0,0.0,0.0,,0.0,0.0,0.0,,0.0,0.0,,0.0,0.0,,0.0,0.0,,0.0,0.0,0.0,0.0,0.0,0.0,0.0,0.0,0.0,,0.0,0.0,,0.0,0.0,,0.0,0.0,,0.0,,0.0,,0.0,,0.0,,0.0,,0.0,,0.0,,0.0,,0.0,,0.0,,0.0,,0.0,,0.0,,0.0,,0.0,,0.0,0.0,,0.0,0.0,,0.0,0.0,,0.0,0.0,,0.0,0.0,,0.0,0.0,,0.0,0.0,,0.0,0.0,,0.0,0.0,,0.0,0.0,,0.0,0.0,0.0,,0.0,0.0,0.0,,0.0,0.0,0.0,,0.0,0.0,0.0,,0.0,0.0,0.0,,0.0,0.0,0.0,,,,,,,,,,,,,,,,,,,,,,,,,,,,,,,,,,,,,,,,,,,,,,,,,,,,,,,,,,,,,,,,,,,,,,,,,,,,,,,,,,,,,,,,,,,,,,,,,,,,,,,,,,,,,,,,,,,,,,,,,,,,,,,,,,,,,,,,,,,,,,,,,,,,,,,,,,,,,,,,,,,,,,,,,,,,,,,,,,,,,,,,,,,,,,,,,,,,,,,,,,,,
jmWy6UZA,FINLAND,2025,FINLAND 1,FINLAND 1,01/08/2025,15:00,,VPS,8GveH5dA,Mariehamn,C8bOhcyj,False,1,1,,,,,,[],[],,0.0,0.0,0.0,,0.0,0.0,0.0,,0.0,0.0,0.0,,0.0,0.0,,0.0,0.0,,0.0,0.0,,0.0,0.0,,0.0,0.0,,0.0,0.0,,0.0,0.0,,0.0,0.0,,0.0,0.0,,0.0,0.0,,0.0,0.0,,0.0,0.0,,0.0,0.0,,0.0,0.0,,0.0,0.0,0.0,,0.0,0.0,0.0,,0.0,0.0,0.0,,0.0,0.0,,0.0,0.0,,0.0,0.0,,0.0,0.0,0.0,0.0,0.0,0.0,0.0,0.0,0.0,,0.0,0.0,,0.0,0.0,,0.0,0.0,,0.0,,0.0,,0.0,,0.0,,0.0,,0.0,,0.0,,0.0,,0.0,,0.0,,0.0,,0.0,,0.0,,0.0,,0.0,,0.0,0.0,,0.0,0.0,,0.0,0.0,,0.0,0.0,,0.0,0.0,,0.0,0.0,,0.0,0.0,,0.0,0.0,,0.0,0.0,,0.0,0.0,,0.0,0.0,0.0,,0.0,0.0,0.0,,0.0,0.0,0.0,,0.0,0.0,0.0,,0.0,0.0,0.0,,0.0,0.0,0.0,,,,,,,,,,,,,,,,,,,,,,,,,,,,,,,,,,,,,,,,,,,,,,,,,,,,,,,,,,,,,,,,,,,,,,,,,,,,,,,,,,,,,,,,,,,,,,,,,,,,,,,,,,,,,,,,,,,,,,,,,,,,,,,,,,,,,,,,,,,,,,,,,,,,,,,,,,,,,,,,,,,,,,,,,,,,,,,,,,,,,,,,,,,,,,,,,,,,,,,,,,,,
UJ2fgij5,FINLAND,2025,FINLAND 1,FINLAND 1,25/07/2025,16:00,,Jaro,faEPan8O,VPS,8GveH5dA,False,2,2,,,,,,[],[],,0.0,0.0,0.0,,0.0,0.0,0.0,,0.0,0.0,0.0,,0.0,0.0,,0.0,0.0,,0.0,0.0,,0.0,0.0,,0.0,0.0,,0.0,0.0,,0.0,0.0,,0.0,0.0,,0.0,0.0,,0.0,0.0,,0.0,0.0,,0.0,0.0,,0.0,0.0,,0.0,0.0,,0.0,0.0,0.0,,0.0,0.0,0.0,,0.0,0.0,0.0,,0.0,0.0,,0.0,0.0,,0.0,0.0,,0.0,0.0,0.0,0.0,0.0,0.0,0.0,0.0,0.0,,0.0,0.0,,0.0,0.0,,0.0,0.0,,0.0,,0.0,,0.0,,0.0,,0.0,,0.0,,0.0,,0.0,,0.0,,0.0,,0.0,,0.0,,0.0,,0.0,,0.0,,0.0,0.0,,0.0,0.0,,0.0,0.0,,0.0,0.0,,0.0,0.0,,0.0,0.0,,0.0,0.0,,0.0,0.0,,0.0,0.0,,0.0,0.0,,0.0,0.0,0.0,,0.0,0.0,0.0,,0.0,0.0,0.0,,0.0,0.0,0.0,,0.0,0.0,0.0,,0.0,0.0,0.0,,,,,,,,,,,,,,,,,,,,,,,,,,,,,,,,,,,,,,,,,,,,,,,,,,,,,,,,,,,,,,,,,,,,,,,,,,,,,,,,,,,,,,,,,,,,,,,,,,,,,,,,,,,,,,,,,,,,,,,,,,,,,,,,,,,,,,,,,,,,,,,,,,,,,,,,,,,,,,,,,,,,,,,,,,,,,,,,,,,,,,,,,,,,,,,,,,,,,,,,,,,,
4YfLbV16,FINLAND,2025,FINLAND 1,FINLAND 1,19/10/2025,13:00,,Ilves,pYGmWmwa,Inter Turku,QwkNUoNH,False,1,2,,,,,,[32],"[83, 84]",bet365,2.75,2.38,3.4,bet365,2.5,2.63,3.0,bet365,2.15,3.5,2.9,bet365,1.3,3.4,bet365,2.38,1.53,bet365,6.0,1.13,bet365,1.18,4.5,bet365,1.83,1.83,bet365,3.75,1.25,bet365,1.03,15.0,bet365,1.2,4.33,bet365,1.67,2.15,bet365,2.63,1.44,bet365,5.0,1.17,bet365,1.57,2.25,bet365,3.75,1.25,bet365,2.75,1.4,bet365,1.36,1.25,1.62,bet365,1.3,1.53,1.4,Betano.br,1.34,1.44,1.5,bet365,1.62,2.2,Sportingbet.br,1.65,2.1,Betano.br,1.67,2.12,bet365,3.6,13.0,26.0,6.0,6.0,7.0,21.0,13.0,4.75,bet365,1.98,1.88,bet365,2.0,1.8,bet365,1.91,1.8,bet365,15.0,bet365,10.0,bet365,12.0,bet365,7.0,bet365,13.0,bet365,17.0,bet365,9.0,bet365,11.0,bet365,12.0,bet365,21.0,bet365,34.0,bet365,17.0,bet365,21.0,bet365,21.0,bet365,26.0,KTO.br,9.5,1.06,bet365,7.0,1.1,bet365,4.0,1.23,bet365,3.3,1.33,bet365,2.15,1.68,bet365,1.4,2.85,bet365,1.16,5.25,bet365,1.13,6.0,,0.0,0.0,KTO.br,1.02,16.0,BetEsporte,17.0,9.4,25.0,Novibet,8.7,6.3,14.25,bet365,4.0,4.33,0.0,bet365,0.0,0.0,1.62,Novibet,1.1,7.9,1.21,BetEsporte,1.02,11.0,1.06,0.94,1.66,0.95,2.54,0.56,1.55,2.54,0.95,0.54,-0.05,0.46,0.54,0.81,0.84,0.36,0.52,0.71,0.69,0.0,0.0,0.33,0.42,6.0,17.0,2.0,6.0,1.0,9.0,3.0,2.0,3.0,15.0,2.0,2.0,1.0,3.0,0.0,0.0,13.0,29.0,2.0,6.0,16.0,9.0,14.0,17.0,9.0,16.0,0.0,2.0,,,3.0,3.0,5.0,1.0,0.52,0.61,61.0,42.0,25.0,18.0,6.0,5.0,0.0,0.0,0.0,0.0,0.91,0.53,0.86,0.69,0.33,0.3,0.69,0.86,0.69,-0.14,0.5,0.5,0.87,0.86,0.45,0.64,0.79,0.73,0.0,0.0,0.2,0.25,5.0,8.0,1.0,2.0,1.0,5.0,3.0,1.0,3.0,7.0,1.0,1.0,1.0,1.0,0.0,0.0,8.0,14.0,2.0,3.0,10.0,3.0,8.0,5.0,3.0,10.0,0.0,2.0,,,0.0,1.0,2.0,0.0,0.5,0.67,27.0,13.0,7.0,9.0,4.0,2.0,0.0,0.0,0.0,0.0,0.03,1.13,0.09,1.85,0.23,1.25,1.85,0.09,-0.15,0.09,0.41,0.59,0.72,0.82,0.29,0.43,0.62,0.67,0.0,0.0,0.5,0.55,1.0,9.0,1.0,4.0,0.0,4.0,0.0,1.0,0.0,8.0,1.0,1.0,0.0,2.0,0.0,0.0,5.0,15.0,0.0,3.0,6.0,6.0,6.0,12.0,6.0,6.0,,,,,3.0,2.0,3.0,1.0,0.54,0.58,34.0,29.0,18.0,9.0,2.0,3.0,0.0,0.0,0.0,0.0
C2Kp484N,FINLAND,2025,FINLAND 1,FINLAND 1,02/08/2025,14:00,,KuPS,nLBbqJDS,Haka,6oug4RRc,False,3,2,,,,,,"[11, 31, 59]","[51, 77]",bet365,2.1,2.5,4.75,bet365,1.91,2.88,4.33,bet365,1.6,4.1,4.5,bet365,1.25,3.75,bet365,2.2,1.62,bet365,5.0,1.17,bet365,1.14,5.5,bet365,1.73,2.0,bet365,3.4,1.3,bet365,1.02,19.0,bet365,1.14,5.5,bet365,1.5,2.5,bet365,2.25,1.57,bet365,3.75,1.25,bet365,1.57,2.25,bet365,3.75,1.25,bet365,2.75,1.4,bet365,1.18,1.22,2.3,bet365,1.17,1.5,1.67,Betboom.br,1.22,1.41,1.81,bet365,1.29,3.5,Betnacional,1.36,2.99,Betano.br,1.35,3.05,bet365,2.5,13.0,34.0,4.75,7.0,11.0,19.0,15.0,8.0,bet365,1.95,1.9,bet365,2.0,1.8,bet365,1.91,1.8,bet365,19.0,bet365,10.0,bet365,17.0,bet365,8.5,bet365,9.5,bet365,29.0,bet365,8.5,bet365,15.0,bet365,13.0,bet365,13.0,bet365,51.0,bet365,12.0,bet365,34.0,bet365,19.0,bet365,34.0,bet365,4.65,1.18,bet365,3.9,1.24,bet365,2.5,1.5,bet365,2.03,1.78,bet365,1.63,2.25,bet365,1.2,4.4,Betboom.br,1.02,8.32,KTO.br,1.04,11.0,,0.0,0.0,,0.0,0.0,BetEsporte,9.4,7.0,35.0,BetEsporte,4.7,4.8,22.0,bet365,2.6,4.0,0.0,bet365,0.0,0.0,2.3,BetEsporte,1.04,9.8,1.45,BetEsporte,1.01,12.0,1.16,1.6,0.88,1.43,0.43,1.8,0.4,0.43,1.43,-1.57,-1.57,0.62,0.38,0.93,0.88,0.73,0.5,0.89,0.8,0.0,0.0,0.22,0.24,20.0,13.0,7.0,4.0,9.0,6.0,4.0,3.0,8.0,6.0,12.0,7.0,4.0,0.0,1.0,0.0,33.0,13.0,4.0,2.0,6.0,11.0,19.0,10.0,11.0,6.0,1.0,0.0,,,1.0,3.0,2.0,4.0,0.7,0.81,47.0,42.0,20.0,17.0,3.0,8.0,0.0,0.0,1.0,0.0,0.96,0.38,0.94,0.09,1.41,0.13,0.09,0.94,0.09,-1.06,0.66,0.34,0.95,0.88,0.78,0.42,0.92,0.84,0.0,0.0,0.11,0.33,11.0,7.0,4.0,2.0,4.0,3.0,3.0,2.0,6.0,2.0,5.0,5.0,3.0,0.0,0.0,0.0,26.0,6.0,3.0,1.0,1.0,5.0,12.0,2.0,5.0,1.0,,,,,0.0,1.0,2.0,2.0,0.57,0.69,17.0,20.0,8.0,12.0,1.0,6.0,0.0,0.0,0.0,0.0,0.64,0.5,0.49,0.34,0.39,0.27,0.34,0.49,-1.66,-0.51,0.58,0.42,0.91,0.89,0.69,0.54,0.84,0.77,0.0,0.0,0.6,0.18,9.0,6.0,3.0,2.0,5.0,3.0,1.0,1.0,2.0,4.0,7.0,2.0,1.0,0.0,1.0,0.0,7.0,7.0,1.0,1.0,5.0,6.0,7.0,8.0,6.0,5.0,1.0,0.0,,,1.0,2.0,0.0,2.0,0.77,1.0,30.0,22.0,12.0,5.0,2.0,2.0,0.0,0.0,1.0,0.0
GjJzf1HU,FINLAND,2025,FINLAND 1,FINLAND 1,03/10/2025,15:00,,Jaro,faEPan8O,Haka,6oug4RRc,False,2,1,,,,,,"[87, 90]",[67],bet365,3.25,2.4,2.75,bet365,3.0,2.75,2.4,bet365,2.8,3.8,2.15,bet365,1.25,3.75,bet365,2.25,1.57,bet365,5.5,1.14,bet365,1.17,5.0,bet365,1.73,2.0,bet365,3.4,1.3,bet365,1.03,17.0,bet365,1.17,5.0,bet365,1.57,2.35,bet365,2.38,1.53,bet365,4.0,1.22,bet365,1.5,2.5,bet365,3.5,1.29,bet365,2.63,1.44,bet365,1.67,1.25,1.4,bet365,1.4,1.53,1.33,Sportingbet.br,1.5,1.41,1.34,bet365,2.1,1.67,Esportivabet,2.05,1.7,Betano.br,2.05,1.72,bet365,4.5,13.0,21.0,7.0,6.5,6.0,23.0,13.0,3.5,bet365,1.95,1.9,bet365,2.0,1.8,bet365,1.91,1.8,bet365,19.0,bet365,13.0,bet365,11.0,bet365,8.0,bet365,17.0,bet365,13.0,bet365,11.0,bet365,9.5,bet365,12.0,bet365,29.0,bet365,21.0,bet365,21.0,bet365,15.0,bet365,23.0,bet365,21.0,KTO.br,15.0,1.02,,0.0,0.0,bet365,5.75,1.14,bet365,4.5,1.19,bet365,2.75,1.43,bet365,1.68,2.15,bet365,1.33,3.3,bet365,1.24,3.9,bet365,1.11,6.8,KTO.br,1.08,8.0,BetEsporte,24.0,11.0,17.0,Novibet,12.0,7.2,8.2,bet365,0.0,0.0,4.0,bet365,1.67,4.33,0.0,KTO.br,1.2,6.1,1.14,BetEsporte,1.06,9.4,1.02,1.98,1.21,1.92,1.14,1.44,0.76,1.14,1.92,0.14,-0.08,0.57,0.43,0.84,0.76,0.53,0.44,0.65,0.69,1.0,0.0,0.32,0.1,20.0,11.0,6.0,5.0,9.0,3.0,5.0,3.0,13.0,9.0,7.0,2.0,2.0,2.0,1.0,0.0,28.0,21.0,9.0,6.0,8.0,13.0,21.0,15.0,13.0,8.0,1.0,1.0,,,1.0,2.0,4.0,4.0,0.72,0.76,52.0,46.0,38.0,33.0,13.0,6.0,0.0,0.0,0.0,1.0,0.16,0.62,0.01,0.23,0.39,0.33,0.23,0.01,0.23,0.01,0.57,0.43,0.83,0.76,0.46,0.39,0.47,0.67,1.0,0.0,0.13,0.15,6.0,6.0,1.0,2.0,2.0,2.0,3.0,2.0,4.0,5.0,2.0,1.0,0.0,1.0,0.0,0.0,10.0,8.0,3.0,3.0,3.0,5.0,13.0,11.0,5.0,3.0,1.0,0.0,,,1.0,1.0,2.0,1.0,0.89,0.67,22.0,15.0,22.0,18.0,6.0,3.0,0.0,0.0,0.0,0.0,1.82,0.59,1.91,0.91,1.05,0.43,0.91,1.91,-0.09,-0.09,0.57,0.43,0.85,0.76,0.59,0.48,0.73,0.7,0.0,0.0,0.41,0.06,14.0,5.0,5.0,3.0,7.0,1.0,2.0,1.0,9.0,4.0,5.0,1.0,2.0,1.0,1.0,0.0,18.0,13.0,6.0,3.0,5.0,8.0,8.0,4.0,8.0,5.0,0.0,1.0,,,0.0,1.0,2.0,3.0,0.56,0.82,30.0,31.0,16.0,15.0,7.0,3.0,0.0,0.0,0.0,1.0
KrjjxgG6,FINLAND,2025,FINLAND 1,FINLAND 1,23/08/2025,12:00,,Ilves,pYGmWmwa,Inter Turku,QwkNUoNH,False,1,0,,,,,,[16],[],bet365,2.88,2.5,3.0,bet365,2.6,2.75,2.75,bet365,2.3,3.7,2.5,bet365,1.25,3.75,bet365,2.1,1.67,bet365,4.5,1.18,bet365,1.14,5.5,bet365,1.67,2.1,bet365,3.25,1.33,bet365,1.02,19.0,bet365,1.13,6.0,bet365,1.44,2.7,bet365,2.1,1.67,bet365,3.5,1.29,bet365,1.44,2.63,bet365,3.4,1.3,bet365,2.5,1.5,bet365,1.44,1.25,1.53,bet365,1.36,1.5,1.4,Betboom.br,1.43,1.43,1.48,bet365,1.8,1.91,BateuBet,1.75,1.95,Betano.br,1.8,1.95,bet365,3.75,13.0,21.0,6.5,6.5,7.0,21.0,13.0,4.0,bet365,1.98,1.88,bet365,2.0,1.8,bet365,1.91,1.8,bet365,21.0,bet365,13.0,bet365,15.0,bet365,8.0,bet365,15.0,bet365,17.0,bet365,10.0,bet365,10.0,bet365,11.0,bet365,26.0,bet365,29.0,bet365,17.0,bet365,17.0,bet365,19.0,bet365,21.0,Superbet.br,8.1,1.05,Betboom.br,7.09,1.05,bet365,4.25,1.21,bet365,3.55,1.28,bet365,2.35,1.58,bet365,1.5,2.5,bet365,1.24,3.9,bet365,1.18,4.65,Betboom.br,1.04,7.58,Betboom.br,1.02,8.32,KTO.br,21.0,13.0,29.0,Betnacional,9.26,6.82,10.78,bet365,4.33,4.5,0.0,bet365,0.0,0.0,1.53,KTO.br,1.17,7.5,1.21,KTO.br,1.04,16.0,1.06,0.53,1.29,0.37,0.73,0.27,2.33,0.73,0.37,0.73,-0.63,0.43,0.57,0.81,0.86,0.42,0.46,0.6,0.74,0.0,0.0,0.0,0.26,5.0,17.0,3.0,5.0,1.0,8.0,1.0,4.0,1.0,10.0,4.0,7.0,2.0,2.0,0.0,0.0,17.0,43.0,4.0,7.0,9.0,10.0,12.0,19.0,11.0,9.0,2.0,2.0,,,2.0,2.0,5.0,2.0,0.53,0.56,49.0,49.0,28.0,14.0,15.0,8.0,1.0,0.0,0.0,0.0,0.4,0.59,0.21,0.21,0.12,1.1,0.21,0.21,0.21,-0.79,0.47,0.53,0.83,0.87,0.5,0.39,0.6,0.81,0.0,0.0,0.0,0.23,3.0,8.0,1.0,2.0,1.0,5.0,1.0,1.0,0.0,4.0,3.0,4.0,1.0,1.0,0.0,0.0,10.0,23.0,3.0,4.0,4.0,6.0,5.0,11.0,7.0,4.0,2.0,2.0,,,0.0,1.0,2.0,0.0,0.5,0.56,25.0,23.0,12.0,6.0,8.0,4.0,1.0,0.0,0.0,0.0,0.13,0.7,0.16,0.52,0.15,1.23,0.52,0.16,0.52,0.16,0.39,0.61,0.79,0.86,0.3,0.5,0.61,0.68,0.0,0.0,0.0,0.3,2.0,9.0,2.0,3.0,0.0,3.0,0.0,3.0,1.0,6.0,1.0,3.0,1.0,1.0,0.0,0.0,7.0,20.0,1.0,3.0,5.0,4.0,7.0,8.0,4.0,5.0,,,,,2.0,1.0,3.0,2.0,0.57,0.56,24.0,26.0,16.0,8.0,7.0,4.0,0.0,0.0,0.0,0.0
6uOXmycS,FINLAND,2025,FINLAND 1,FINLAND 1,05/07/2025,14:00,,SJK,hj3ima3I,Ilves,pYGmWmwa,False,1,1,,,,,,[],[],,0.0,0.0,0.0,,0.0,0.0,0.0,,0.0,0.0,0.0,,0.0,0.0,,0.0,0.0,,0.0,0.0,,0.0,0.0,,0.0,0.0,,0.0,0.0,,0.0,0.0,,0.0,0.0,,0.0,0.0,,0.0,0.0,,0.0,0.0,,0.0,0.0,,0.0,0.0,,0.0,0.0,,0.0,0.0,0.0,,0.0,0.0,0.0,,0.0,0.0,0.0,,0.0,0.0,,0.0,0.0,,0.0,0.0,,0.0,0.0,0.0,0.0,0.0,0.0,0.0,0.0,0.0,,0.0,0.0,,0.0,0.0,,0.0,0.0,,0.0,,0.0,,0.0,,0.0,,0.0,,0.0,,0.0,,0.0,,0.0,,0.0,,0.0,,0.0,,0.0,,0.0,,0.0,,0.0,0.0,,0.0,0.0,,0.0,0.0,,0.0,0.0,,0.0,0.0,,0.0,0.0,,0.0,0.0,,0.0,0.0,,0.0,0.0,,0.0,0.0,,0.0,0.0,0.0,,0.0,0.0,0.0,,0.0,0.0,0.0,,0.0,0.0,0.0,,0.0,0.0,0.0,,0.0,0.0,0.0,,,,,,,,,,,,,,,,,,,,,,,,,,,,,,,,,,,,,,,,,,,,,,,,,,,,,,,,,,,,,,,,,,,,,,,,,,,,,,,,,,,,,,,,,,,,,,,,,,,,,,,,,,,,,,,,,,,,,,,,,,,,,,,,,,,,,,,,,,,,,,,,,,,,,,,,,,,,,,,,,,,,,,,,,,,,,,,,,,,,,,,,,,,,,,,,,,,,,,,,,,,,
YRPPkcSF,FINLAND,2025,FINLAND 1,FINLAND 1,04/07/2025,15:00,,AC Oulu,Y35Jer59,KuPS,nLBbqJDS,False,2,2,,,,,,[],[],,0.0,0.0,0.0,,0.0,0.0,0.0,,0.0,0.0,0.0,,0.0,0.0,,0.0,0.0,,0.0,0.0,,0.0,0.0,,0.0,0.0,,0.0,0.0,,0.0,0.0,,0.0,0.0,,0.0,0.0,,0.0,0.0,,0.0,0.0,,0.0,0.0,,0.0,0.0,,0.0,0.0,,0.0,0.0,0.0,,0.0,0.0,0.0,,0.0,0.0,0.0,,0.0,0.0,,0.0,0.0,,0.0,0.0,,0.0,0.0,0.0,0.0,0.0,0.0,0.0,0.0,0.0,,0.0,0.0,,0.0,0.0,,0.0,0.0,,0.0,,0.0,,0.0,,0.0,,0.0,,0.0,,0.0,,0.0,,0.0,,0.0,,0.0,,0.0,,0.0,,0.0,,0.0,,0.0,0.0,,0.0,0.0,,0.0,0.0,,0.0,0.0,,0.0,0.0,,0.0,0.0,,0.0,0.0,,0.0,0.0,,0.0,0.0,,0.0,0.0,,0.0,0.0,0.0,,0.0,0.0,0.0,,0.0,0.0,0.0,,0.0,0.0,0.0,,0.0,0.0,0.0,,0.0,0.0,0.0,,,,,,,,,,,,,,,,,,,,,,,,,,,,,,,,,,,,,,,,,,,,,,,,,,,,,,,,,,,,,,,,,,,,,,,,,,,,,,,,,,,,,,,,,,,,,,,,,,,,,,,,,,,,,,,,,,,,,,,,,,,,,,,,,,,,,,,,,,,,,,,,,,,,,,,,,,,,,,,,,,,,,,,,,,,,,,,,,,,,,,,,,,,,,,,,,,,,,,,,,,,,
YDpiybDM,FINLAND,2025,FINLAND 1,FINLAND 1,02/07/2025,15:00,,HJK,nmjJVR7B,Jaro,faEPan8O,False,2,3,,,,,,[],[],,0.0,0.0,0.0,,0.0,0.0,0.0,,0.0,0.0,0.0,,0.0,0.0,,0.0,0.0,,0.0,0.0,,0.0,0.0,,0.0,0.0,,0.0,0.0,,0.0,0.0,,0.0,0.0,,0.0,0.0,,0.0,0.0,,0.0,0.0,,0.0,0.0,,0.0,0.0,,0.0,0.0,,0.0,0.0,0.0,,0.0,0.0,0.0,,0.0,0.0,0.0,,0.0,0.0,,0.0,0.0,,0.0,0.0,,0.0,0.0,0.0,0.0,0.0,0.0,0.0,0.0,0.0,,0.0,0.0,,0.0,0.0,,0.0,0.0,,0.0,,0.0,,0.0,,0.0,,0.0,,0.0,,0.0,,0.0,,0.0,,0.0,,0.0,,0.0,,0.0,,0.0,,0.0,,0.0,0.0,,0.0,0.0,,0.0,0.0,,0.0,0.0,,0.0,0.0,,0.0,0.0,,0.0,0.0,,0.0,0.0,,0.0,0.0,,0.0,0.0,,0.0,0.0,0.0,,0.0,0.0,0.0,,0.0,0.0,0.0,,0.0,0.0,0.0,,0.0,0.0,0.0,,0.0,0.0,0.0,,,,,,,,,,,,,,,,,,,,,,,,,,,,,,,,,,,,,,,,,,,,,,,,,,,,,,,,,,,,,,,,,,,,,,,,,,,,,,,,,,,,,,,,,,,,,,,,,,,,,,,,,,,,,,,,,,,,,,,,,,,,,,,,,,,,,,,,,,,,,,,,,,,,,,,,,,,,,,,,,,,,,,,,,,,,,,,,,,,,,,,,,,,,,,,,,,,,,,,,,,,,
dScRCxme,FINLAND,2025,FINLAND 1,FINLAND 1,11/08/2025,16:00,,HJK,nmjJVR7B,Ilves,pYGmWmwa,False,5,1,,,,,,"[70, 72, 86, 89, 90]",[65],bet365,2.88,2.63,2.88,bet365,2.6,2.88,2.63,bet365,2.5,3.7,2.55,bet365,1.2,4.33,bet365,1.98,1.83,bet365,4.0,1.22,bet365,1.11,6.5,bet365,1.53,2.38,bet365,2.63,1.44,bet365,1.02,21.0,bet365,1.1,7.0,bet365,1.36,3.1,bet365,1.83,1.83,bet365,3.0,1.36,bet365,1.33,3.25,bet365,3.0,1.36,bet365,2.2,1.62,bet365,1.5,1.29,1.5,bet365,1.4,1.44,1.4,KTO.br,1.44,1.37,1.49,bet365,1.83,1.83,Betnacional,1.83,1.91,KTO.br,1.79,1.91,bet365,3.75,13.0,21.0,7.0,7.5,7.0,21.0,13.0,4.0,bet365,2.03,1.83,bet365,2.0,1.8,bet365,1.91,1.8,bet365,23.0,bet365,17.0,bet365,17.0,bet365,8.5,bet365,19.0,bet365,19.0,bet365,11.0,bet365,11.0,bet365,9.5,bet365,29.0,bet365,29.0,bet365,17.0,bet365,17.0,bet365,19.0,bet365,19.0,KTO.br,10.0,1.05,Betboom.br,6.93,1.05,bet365,4.4,1.2,bet365,3.7,1.26,bet365,2.43,1.53,bet365,1.53,2.43,bet365,1.26,3.7,bet365,1.2,4.4,Betboom.br,1.05,6.93,KTO.br,1.05,10.0,Novibet,21.0,11.0,0.0,KTO.br,9.5,7.5,9.0,bet365,4.33,5.0,4.5,bet365,1.5,5.0,1.5,KTO.br,1.2,7.5,1.16,BetEsporte,1.05,10.0,1.05,3.01,0.76,3.56,0.29,2.04,0.61,0.29,3.56,-0.71,-1.44,0.64,0.36,0.9,0.78,0.62,0.25,0.82,0.68,1.0,1.0,0.24,0.22,15.0,7.0,7.0,2.0,4.0,2.0,4.0,3.0,12.0,5.0,3.0,2.0,5.0,1.0,0.0,0.0,33.0,12.0,5.0,5.0,7.0,10.0,26.0,16.0,10.0,7.0,0.0,2.0,0.0,1.0,5.0,2.0,1.0,2.0,0.63,0.75,42.0,42.0,20.0,25.0,11.0,8.0,0.0,1.0,0.0,0.0,0.5,0.16,0.0,0.01,0.66,0.29,0.01,0.0,0.01,0.0,0.59,0.41,0.9,0.78,0.56,0.14,0.87,0.74,0.0,0.0,0.2,0.14,7.0,5.0,0.0,1.0,4.0,1.0,3.0,3.0,4.0,3.0,3.0,2.0,1.0,0.0,0.0,0.0,13.0,8.0,4.0,4.0,3.0,3.0,9.0,9.0,3.0,3.0,0.0,1.0,0.0,1.0,3.0,2.0,1.0,0.0,0.55,0.83,24.0,23.0,16.0,11.0,8.0,4.0,0.0,1.0,0.0,0.0,2.51,0.6,3.56,0.28,1.38,0.32,0.28,3.56,-0.72,-1.44,0.71,0.29,0.9,0.78,0.68,0.32,0.78,0.55,1.0,1.0,0.29,0.5,8.0,2.0,7.0,1.0,0.0,1.0,1.0,0.0,8.0,2.0,0.0,0.0,4.0,1.0,0.0,0.0,20.0,4.0,1.0,1.0,4.0,7.0,17.0,7.0,7.0,4.0,0.0,1.0,,,2.0,0.0,0.0,2.0,0.75,0.63,18.0,19.0,4.0,14.0,3.0,4.0,0.0,0.0,0.0,0.0
4h1ZAGH7,FINLAND,2025,FINLAND 1,FINLAND 1,15/08/2025,15:00,,Gnistan,Aa28K98n,VPS,8GveH5dA,False,0,0,,,,,,[],[],bet365,2.5,2.3,4.0,bet365,2.25,2.6,3.5,bet365,1.95,3.7,3.6,bet365,1.3,3.4,bet365,2.5,1.5,bet365,6.0,1.13,bet365,1.2,4.33,bet365,1.91,1.8,bet365,4.0,1.22,bet365,1.04,13.0,bet365,1.22,4.0,bet365,1.7,2.1,bet365,2.63,1.44,bet365,5.0,1.17,bet365,1.62,2.2,bet365,4.0,1.22,bet365,3.0,1.36,bet365,1.29,1.29,1.8,bet365,1.22,1.57,1.5,KTO.br,1.28,1.43,1.63,bet365,1.44,2.63,Superbet.br,1.48,2.4,Betano.br,1.53,2.4,bet365,3.1,13.0,29.0,5.0,6.0,8.0,21.0,15.0,6.0,bet365,1.98,1.88,bet365,2.0,1.8,bet365,1.91,1.8,bet365,13.0,bet365,9.0,bet365,13.0,bet365,7.0,bet365,10.0,bet365,21.0,bet365,8.5,bet365,12.0,bet365,13.0,bet365,17.0,bet365,41.0,bet365,15.0,bet365,26.0,bet365,21.0,bet365,29.0,bet365,7.0,1.1,bet365,6.4,1.12,bet365,3.45,1.3,bet365,2.75,1.43,bet365,1.98,1.83,bet365,1.3,3.45,bet365,1.1,7.0,bet365,1.1,7.0,Betboom.br,1.01,12.75,Betboom.br,1.01,13.41,BetEsporte,15.0,8.6,30.0,Novibet,7.1,5.6,18.75,bet365,3.4,4.0,0.0,bet365,0.0,0.0,1.8,KTO.br,1.09,10.0,1.3,BetEsporte,1.01,11.0,1.08,0.84,0.99,0.28,0.03,0.97,0.88,0.03,0.28,0.03,0.28,0.5,0.5,0.74,0.72,0.45,0.38,0.67,0.63,1.0,0.0,0.25,0.29,14.0,10.0,3.0,1.0,7.0,6.0,4.0,3.0,9.0,5.0,5.0,5.0,0.0,1.0,1.0,0.0,29.0,25.0,9.0,7.0,9.0,12.0,28.0,22.0,16.0,11.0,4.0,2.0,,,1.0,2.0,1.0,3.0,0.62,0.43,57.0,50.0,37.0,30.0,4.0,7.0,0.0,0.0,0.0,0.0,0.37,0.59,0.0,0.03,0.58,0.52,0.03,0.0,0.03,0.0,0.52,0.48,0.71,0.67,0.39,0.3,0.63,0.59,1.0,0.0,0.5,0.38,6.0,5.0,0.0,1.0,3.0,2.0,3.0,2.0,4.0,3.0,2.0,2.0,0.0,1.0,0.0,0.0,9.0,14.0,3.0,3.0,4.0,6.0,15.0,13.0,8.0,5.0,2.0,1.0,,,1.0,0.0,1.0,0.0,0.6,0.29,31.0,27.0,19.0,11.0,3.0,5.0,0.0,0.0,0.0,0.0,0.47,0.4,0.28,0.0,0.39,0.36,0.0,0.28,0.0,0.28,0.49,0.51,0.77,0.77,0.52,0.49,0.74,0.68,0.0,0.0,0.17,0.23,8.0,5.0,3.0,0.0,4.0,4.0,1.0,1.0,5.0,2.0,3.0,3.0,0.0,0.0,1.0,0.0,20.0,11.0,6.0,4.0,5.0,6.0,13.0,9.0,8.0,6.0,2.0,1.0,,,0.0,2.0,0.0,3.0,0.67,0.57,26.0,23.0,18.0,19.0,1.0,2.0,0.0,0.0,0.0,0.0
tbWsutEc,FINLAND,2025,FINLAND 1,FINLAND 1,28/06/2025,20:00,,AC Oulu,Y35Jer59,VPS,8GveH5dA,False,2,1,,,,,,[],[],,0.0,0.0,0.0,,0.0,0.0,0.0,,0.0,0.0,0.0,,0.0,0.0,,0.0,0.0,,0.0,0.0,,0.0,0.0,,0.0,0.0,,0.0,0.0,,0.0,0.0,,0.0,0.0,,0.0,0.0,,0.0,0.0,,0.0,0.0,,0.0,0.0,,0.0,0.0,,0.0,0.0,,0.0,0.0,0.0,,0.0,0.0,0.0,,0.0,0.0,0.0,,0.0,0.0,,0.0,0.0,,0.0,0.0,,0.0,0.0,0.0,0.0,0.0,0.0,0.0,0.0,0.0,,0.0,0.0,,0.0,0.0,,0.0,0.0,,0.0,,0.0,,0.0,,0.0,,0.0,,0.0,,0.0,,0.0,,0.0,,0.0,,0.0,,0.0,,0.0,,0.0,,0.0,,0.0,0.0,,0.0,0.0,,0.0,0.0,,0.0,0.0,,0.0,0.0,,0.0,0.0,,0.0,0.0,,0.0,0.0,,0.0,0.0,,0.0,0.0,,0.0,0.0,0.0,,0.0,0.0,0.0,,0.0,0.0,0.0,,0.0,0.0,0.0,,0.0,0.0,0.0,,0.0,0.0,0.0,,,,,,,,,,,,,,,,,,,,,,,,,,,,,,,,,,,,,,,,,,,,,,,,,,,,,,,,,,,,,,,,,,,,,,,,,,,,,,,,,,,,,,,,,,,,,,,,,,,,,,,,,,,,,,,,,,,,,,,,,,,,,,,,,,,,,,,,,,,,,,,,,,,,,,,,,,,,,,,,,,,,,,,,,,,,,,,,,,,,,,,,,,,,,,,,,,,,,,,,,,,,
QkleHxMj,FINLAND,2025,FINLAND 1,FINLAND 1,28/06/2025,17:00,,KTP,zsgwCpdF,Jaro,faEPan8O,False,3,2,,,,,,[],[],,0.0,0.0,0.0,,0.0,0.0,0.0,,0.0,0.0,0.0,,0.0,0.0,,0.0,0.0,,0.0,0.0,,0.0,0.0,,0.0,0.0,,0.0,0.0,,0.0,0.0,,0.0,0.0,,0.0,0.0,,0.0,0.0,,0.0,0.0,,0.0,0.0,,0.0,0.0,,0.0,0.0,,0.0,0.0,0.0,,0.0,0.0,0.0,,0.0,0.0,0.0,,0.0,0.0,,0.0,0.0,,0.0,0.0,,0.0,0.0,0.0,0.0,0.0,0.0,0.0,0.0,0.0,,0.0,0.0,,0.0,0.0,,0.0,0.0,,0.0,,0.0,,0.0,,0.0,,0.0,,0.0,,0.0,,0.0,,0.0,,0.0,,0.0,,0.0,,0.0,,0.0,,0.0,,0.0,0.0,,0.0,0.0,,0.0,0.0,,0.0,0.0,,0.0,0.0,,0.0,0.0,,0.0,0.0,,0.0,0.0,,0.0,0.0,,0.0,0.0,,0.0,0.0,0.0,,0.0,0.0,0.0,,0.0,0.0,0.0,,0.0,0.0,0.0,,0.0,0.0,0.0,,0.0,0.0,0.0,,,,,,,,,,,,,,,,,,,,,,,,,,,,,,,,,,,,,,,,,,,,,,,,,,,,,,,,,,,,,,,,,,,,,,,,,,,,,,,,,,,,,,,,,,,,,,,,,,,,,,,,,,,,,,,,,,,,,,,,,,,,,,,,,,,,,,,,,,,,,,,,,,,,,,,,,,,,,,,,,,,,,,,,,,,,,,,,,,,,,,,,,,,,,,,,,,,,,,,,,,,,
f7cPMbbT,FINLAND,2025,FINLAND 1,FINLAND 1,28/06/2025,15:00,,Haka,6oug4RRc,Ilves,pYGmWmwa,False,0,4,,,,,,[],[],,0.0,0.0,0.0,,0.0,0.0,0.0,,0.0,0.0,0.0,,0.0,0.0,,0.0,0.0,,0.0,0.0,,0.0,0.0,,0.0,0.0,,0.0,0.0,,0.0,0.0,,0.0,0.0,,0.0,0.0,,0.0,0.0,,0.0,0.0,,0.0,0.0,,0.0,0.0,,0.0,0.0,,0.0,0.0,0.0,,0.0,0.0,0.0,,0.0,0.0,0.0,,0.0,0.0,,0.0,0.0,,0.0,0.0,,0.0,0.0,0.0,0.0,0.0,0.0,0.0,0.0,0.0,,0.0,0.0,,0.0,0.0,,0.0,0.0,,0.0,,0.0,,0.0,,0.0,,0.0,,0.0,,0.0,,0.0,,0.0,,0.0,,0.0,,0.0,,0.0,,0.0,,0.0,,0.0,0.0,,0.0,0.0,,0.0,0.0,,0.0,0.0,,0.0,0.0,,0.0,0.0,,0.0,0.0,,0.0,0.0,,0.0,0.0,,0.0,0.0,,0.0,0.0,0.0,,0.0,0.0,0.0,,0.0,0.0,0.0,,0.0,0.0,0.0,,0.0,0.0,0.0,,0.0,0.0,0.0,,,,,,,,,,,,,,,,,,,,,,,,,,,,,,,,,,,,,,,,,,,,,,,,,,,,,,,,,,,,,,,,,,,,,,,,,,,,,,,,,,,,,,,,,,,,,,,,,,,,,,,,,,,,,,,,,,,,,,,,,,,,,,,,,,,,,,,,,,,,,,,,,,,,,,,,,,,,,,,,,,,,,,,,,,,,,,,,,,,,,,,,,,,,,,,,,,,,,,,,,,,,
plvMYJ9E,FINLAND,2025,FINLAND 1,FINLAND 1,17/08/2025,14:00,,KuPS,nLBbqJDS,Inter Turku,QwkNUoNH,False,2,1,,,,,,"[78, 85]",[57],bet365,4.0,2.4,2.5,bet365,3.5,2.63,2.2,bet365,3.6,3.7,1.91,bet365,1.29,3.5,bet365,2.25,1.57,bet365,5.5,1.14,bet365,1.17,5.0,bet365,1.8,1.91,bet365,3.5,1.29,bet365,1.03,15.0,bet365,1.18,4.5,bet365,1.6,2.3,bet365,2.5,1.5,bet365,4.33,1.2,bet365,1.53,2.38,bet365,3.75,1.25,bet365,2.75,1.4,bet365,1.83,1.29,1.29,bet365,1.5,1.53,1.22,Betboom.br,1.63,1.43,1.28,bet365,2.63,1.44,Esportivabet,2.54,1.45,Betano.br,2.45,1.52,bet365,6.0,15.0,21.0,8.5,6.5,5.5,29.0,13.0,3.0,bet365,2.0,1.85,bet365,2.0,1.8,bet365,1.91,1.8,bet365,15.0,bet365,15.0,bet365,10.0,bet365,7.5,bet365,21.0,bet365,11.0,bet365,13.0,bet365,8.5,bet365,12.0,bet365,41.0,bet365,17.0,bet365,26.0,bet365,13.0,bet365,29.0,bet365,21.0,,0.0,0.0,Betboom.br,15.12,1.01,bet365,6.8,1.11,bet365,6.4,1.12,bet365,3.45,1.3,bet365,1.85,1.95,bet365,1.45,2.68,bet365,1.3,3.45,bet365,1.13,5.9,bet365,1.11,6.8,BetEsporte,30.0,12.0,13.0,KTO.br,21.0,11.5,6.75,bet365,0.0,0.0,3.25,bet365,1.83,4.0,0.0,Novibet,1.27,5.8,1.06,KTO.br,1.1,10.0,0.0,2.16,0.99,1.76,0.92,1.44,0.92,0.92,1.76,-0.08,-0.24,0.59,0.41,0.84,0.75,0.64,0.34,0.78,0.75,0.0,0.0,0.32,0.33,22.0,13.0,6.0,3.0,12.0,7.0,4.0,3.0,15.0,5.0,7.0,8.0,2.0,1.0,0.0,0.0,35.0,11.0,9.0,0.0,10.0,8.0,20.0,22.0,8.0,11.0,1.0,4.0,0.0,1.0,2.0,1.0,2.0,4.0,0.89,0.65,51.0,39.0,11.0,21.0,7.0,9.0,0.0,0.0,0.0,0.0,0.74,0.43,0.66,0.0,0.61,0.44,0.0,0.66,0.0,0.66,0.52,0.48,0.83,0.84,0.61,0.42,0.68,0.79,0.0,0.0,0.22,0.5,7.0,4.0,3.0,0.0,4.0,3.0,0.0,1.0,6.0,3.0,1.0,1.0,0.0,0.0,0.0,0.0,14.0,7.0,3.0,0.0,4.0,6.0,14.0,12.0,6.0,4.0,1.0,3.0,,,1.0,1.0,0.0,3.0,0.86,0.7,23.0,23.0,3.0,9.0,2.0,6.0,0.0,0.0,0.0,0.0,1.42,0.56,1.1,0.92,0.83,0.48,0.92,1.1,-0.08,-0.9,0.65,0.35,0.84,0.64,0.67,0.29,0.83,0.7,0.0,0.0,0.38,0.2,15.0,9.0,3.0,3.0,8.0,4.0,4.0,2.0,9.0,2.0,6.0,7.0,2.0,1.0,0.0,0.0,21.0,4.0,6.0,0.0,6.0,2.0,6.0,10.0,2.0,7.0,0.0,1.0,0.0,1.0,1.0,0.0,2.0,1.0,1.0,0.57,28.0,16.0,8.0,12.0,5.0,3.0,0.0,0.0,0.0,0.0
rNST7j5b,FINLAND,2025,FINLAND 1,FINLAND 1,28/07/2025,16:00,,Gnistan,Aa28K98n,HJK,nmjJVR7B,False,2,4,,,,,,"[57, 81]","[38, 54, 65, 74]",bet365,5.0,2.5,2.05,bet365,4.33,2.75,1.91,bet365,4.75,4.1,1.57,bet365,1.25,3.75,bet365,2.2,1.62,bet365,5.0,1.17,bet365,1.17,5.0,bet365,1.73,2.0,bet365,3.4,1.3,bet365,1.03,17.0,bet365,1.14,5.5,bet365,1.53,2.4,bet365,2.25,1.57,bet365,4.0,1.22,bet365,1.62,2.2,bet365,3.75,1.25,bet365,2.75,1.4,bet365,2.3,1.22,1.18,bet365,1.73,1.5,1.14,Betboom.br,1.89,1.4,1.18,bet365,3.75,1.25,Betnacional,3.05,1.35,Betano.br,3.0,1.36,bet365,8.5,15.0,19.0,11.0,7.0,4.75,34.0,15.0,2.4,bet365,1.98,1.88,bet365,2.0,1.8,bet365,1.91,1.8,bet365,17.0,bet365,19.0,bet365,9.5,bet365,8.5,bet365,29.0,bet365,9.0,bet365,15.0,bet365,8.5,bet365,13.0,bet365,51.0,bet365,13.0,bet365,34.0,bet365,12.0,bet365,34.0,bet365,21.0,,0.0,0.0,,0.0,0.0,bet365,7.0,1.1,bet365,6.0,1.13,bet365,4.5,1.19,bet365,2.3,1.6,bet365,1.8,2.0,bet365,1.5,2.5,bet365,1.24,3.9,bet365,1.18,4.65,BetEsporte,35.0,12.0,9.4,KTO.br,31.0,15.0,5.1,bet365,0.0,0.0,2.5,bet365,2.3,4.0,0.0,Novibet,1.42,5.05,1.04,KTO.br,1.16,8.0,0.0,0.57,2.86,0.85,3.68,0.54,1.3,3.68,0.85,-0.32,-1.15,0.28,0.72,0.68,0.88,0.4,0.59,0.51,0.88,0.0,0.0,0.18,0.21,10.0,27.0,4.0,11.0,3.0,10.0,3.0,6.0,3.0,17.0,7.0,10.0,0.0,4.0,0.0,1.0,17.0,53.0,5.0,6.0,7.0,10.0,19.0,27.0,10.0,7.0,3.0,2.0,1.0,0.0,1.0,3.0,7.0,2.0,0.69,0.56,42.0,47.0,27.0,21.0,14.0,1.0,0.0,0.0,0.0,1.0,0.31,1.0,0.01,1.08,0.29,0.85,1.08,0.01,0.08,0.01,0.24,0.76,0.65,0.85,0.37,0.45,0.42,0.83,0.0,0.0,0.17,0.25,6.0,14.0,1.0,4.0,2.0,4.0,3.0,6.0,1.0,9.0,5.0,5.0,0.0,1.0,0.0,1.0,4.0,34.0,3.0,5.0,3.0,4.0,7.0,16.0,4.0,3.0,0.0,1.0,1.0,0.0,1.0,2.0,3.0,1.0,1.0,0.67,18.0,20.0,21.0,10.0,6.0,1.0,0.0,0.0,0.0,0.0,0.26,1.86,0.84,2.6,0.25,0.45,2.6,0.84,-0.4,-1.16,0.32,0.68,0.71,0.93,0.44,0.77,0.58,0.95,0.0,0.0,0.2,0.14,4.0,13.0,3.0,7.0,1.0,6.0,0.0,0.0,2.0,8.0,2.0,5.0,0.0,3.0,0.0,0.0,13.0,19.0,2.0,1.0,4.0,6.0,12.0,11.0,6.0,4.0,3.0,1.0,,,0.0,1.0,4.0,1.0,0.55,0.5,24.0,27.0,6.0,11.0,8.0,0.0,0.0,0.0,0.0,1.0
Eooa4ds9,FINLAND,2025,FINLAND 1,FINLAND 1,06/07/2025,15:30,,Haka,6oug4RRc,Inter Turku,QwkNUoNH,False,0,1,,,,,,[],"[23, 84]",bet365,4.5,2.5,2.2,bet365,4.0,2.75,1.95,bet365,4.0,3.7,1.67,bet365,1.25,3.75,bet365,2.2,1.62,bet365,5.0,1.17,bet365,1.17,5.0,bet365,1.73,2.0,bet365,3.4,1.3,bet365,1.03,17.0,bet365,1.17,5.0,bet365,1.53,2.4,bet365,2.25,1.57,bet365,4.0,1.22,bet365,1.57,2.25,bet365,3.75,1.25,bet365,2.75,1.4,bet365,2.1,1.25,1.2,bet365,1.62,1.5,1.17,Betboom.br,1.81,1.41,1.23,bet365,3.4,1.3,Betnacional,2.77,1.41,Novibet,2.85,1.39,bet365,7.5,15.0,19.0,10.0,7.0,5.0,29.0,13.0,2.6,bet365,2.0,1.85,bet365,2.0,1.8,bet365,1.91,1.8,bet365,17.0,bet365,17.0,bet365,10.0,bet365,8.0,bet365,26.0,bet365,10.0,bet365,15.0,bet365,8.5,bet365,13.0,bet365,51.0,bet365,15.0,bet365,34.0,bet365,12.0,bet365,34.0,bet365,19.0,,0.0,0.0,,0.0,0.0,Betboom.br,8.42,1.02,bet365,6.8,1.11,bet365,4.4,1.2,bet365,2.15,1.68,bet365,1.7,2.1,bet365,1.45,2.68,bet365,1.21,4.25,bet365,1.16,5.25,BetEsporte,30.0,12.0,11.0,KTO.br,26.0,14.0,5.4,bet365,0.0,0.0,2.75,bet365,2.1,4.0,0.0,Novibet,1.35,5.4,1.06,KTO.br,1.13,9.0,0.0,0.8,1.89,0.87,2.01,0.85,0.55,2.01,0.87,1.0,0.87,0.52,0.48,0.85,0.84,0.53,0.49,0.71,0.67,0.0,0.0,0.16,0.42,12.0,11.0,4.0,4.0,5.0,3.0,3.0,4.0,6.0,9.0,6.0,2.0,0.0,4.0,0.0,0.0,25.0,25.0,8.0,6.0,15.0,6.0,19.0,20.0,6.0,15.0,0.0,2.0,,,2.0,3.0,3.0,4.0,0.79,0.54,52.0,48.0,23.0,35.0,9.0,6.0,0.0,0.0,0.0,0.0,0.1,0.4,0.06,0.76,0.29,0.15,0.76,0.06,-0.24,0.06,0.49,0.51,0.84,0.86,0.56,0.33,0.72,0.59,0.0,0.0,0.0,0.5,2.0,5.0,1.0,1.0,1.0,2.0,0.0,2.0,2.0,3.0,0.0,2.0,0.0,0.0,0.0,0.0,6.0,10.0,4.0,1.0,8.0,3.0,10.0,5.0,3.0,8.0,0.0,1.0,,,0.0,0.0,0.0,1.0,0.73,0.7,26.0,20.0,6.0,18.0,4.0,5.0,0.0,0.0,0.0,0.0,0.7,1.49,0.81,1.25,0.56,0.4,1.25,0.81,1.24,0.81,0.55,0.45,0.85,0.81,0.5,0.63,0.68,0.72,0.0,0.0,0.27,0.4,10.0,6.0,3.0,3.0,4.0,1.0,3.0,2.0,4.0,6.0,6.0,0.0,0.0,4.0,0.0,0.0,19.0,15.0,4.0,5.0,7.0,3.0,9.0,15.0,3.0,7.0,0.0,1.0,,,2.0,3.0,3.0,3.0,0.88,0.44,26.0,28.0,17.0,17.0,5.0,1.0,0.0,0.0,0.0,0.0
AaHwgNvP,FINLAND,2025,FINLAND 1,FINLAND 1,20/07/2025,13:00,,SJK,hj3ima3I,Gnistan,Aa28K98n,False,3,1,,,,,,"[59, 63, 85]",[11],bet365,2.25,2.5,4.33,bet365,2.05,2.75,3.75,bet365,1.73,3.7,3.9,bet365,1.25,3.75,bet365,2.2,1.62,bet365,5.0,1.17,bet365,1.14,5.5,bet365,1.73,2.0,bet365,3.25,1.33,bet365,1.03,17.0,bet365,1.14,5.5,bet365,1.53,2.4,bet365,2.2,1.62,bet365,3.75,1.25,bet365,1.5,2.5,bet365,3.5,1.29,bet365,2.63,1.44,bet365,1.22,1.25,1.91,bet365,1.2,1.5,1.57,KTO.br,1.24,1.38,1.78,bet365,1.33,3.25,Betnacional,1.44,2.66,Novibet,1.42,2.75,bet365,2.75,13.0,29.0,5.0,7.0,9.5,19.0,15.0,6.5,bet365,2.0,1.85,bet365,2.0,1.8,bet365,1.91,1.8,bet365,19.0,bet365,11.0,bet365,17.0,bet365,8.0,bet365,11.0,bet365,26.0,bet365,8.5,bet365,15.0,bet365,12.0,bet365,15.0,bet365,41.0,bet365,13.0,bet365,29.0,bet365,19.0,bet365,29.0,bet365,5.75,1.14,bet365,4.65,1.18,bet365,2.85,1.4,bet365,2.3,1.6,bet365,1.75,2.05,bet365,1.24,3.9,Betboom.br,1.05,7.01,Betboom.br,1.03,7.82,,0.0,0.0,,0.0,0.0,BetEsporte,11.0,7.8,30.0,Betano.br,5.2,5.1,23.0,bet365,2.88,4.0,0.0,bet365,0.0,0.0,1.91,KTO.br,1.06,12.0,1.43,BetEsporte,1.01,12.0,1.12,1.42,1.11,1.65,0.79,0.79,0.78,0.79,1.65,-0.21,-1.35,0.59,0.41,0.85,0.76,0.57,0.35,0.75,0.55,1.0,0.0,0.21,0.22,16.0,7.0,9.0,2.0,4.0,4.0,3.0,1.0,11.0,5.0,5.0,2.0,2.0,2.0,0.0,0.0,28.0,21.0,9.0,1.0,9.0,9.0,21.0,19.0,9.0,9.0,1.0,1.0,,,1.0,2.0,1.0,6.0,0.85,0.79,44.0,34.0,15.0,32.0,9.0,2.0,0.0,0.0,0.0,0.0,0.42,0.23,0.35,0.63,0.3,0.19,0.63,0.35,-0.37,0.35,0.64,0.36,0.87,0.75,0.58,0.19,0.79,0.44,0.0,0.0,0.2,0.33,8.0,1.0,4.0,1.0,2.0,0.0,2.0,0.0,5.0,1.0,3.0,0.0,0.0,0.0,0.0,0.0,15.0,6.0,5.0,1.0,5.0,5.0,16.0,4.0,5.0,5.0,1.0,1.0,,,0.0,0.0,0.0,4.0,0.5,1.0,22.0,16.0,5.0,23.0,4.0,2.0,0.0,0.0,0.0,0.0,1.0,0.88,1.3,0.16,0.49,0.59,0.16,1.3,0.16,-1.7,0.54,0.46,0.83,0.77,0.56,0.48,0.71,0.61,1.0,0.0,0.22,0.17,8.0,6.0,5.0,1.0,2.0,4.0,1.0,1.0,6.0,4.0,2.0,2.0,2.0,2.0,0.0,0.0,13.0,15.0,4.0,0.0,4.0,4.0,5.0,15.0,4.0,4.0,,,,,1.0,2.0,1.0,2.0,1.0,0.63,22.0,18.0,10.0,9.0,5.0,0.0,0.0,0.0,0.0,0.0
lSHfgWY7,FINLAND,2025,FINLAND 1,FINLAND 1,13/07/2025,13:00,,Gnistan,Aa28K98n,Haka,6oug4RRc,False,2,0,,,,,,"[56, 71]",[],bet365,2.75,2.38,3.5,bet365,2.4,2.63,3.1,bet365,2.1,3.6,2.8,bet365,1.3,3.4,bet365,2.5,1.5,bet365,6.0,1.13,bet365,1.18,4.5,bet365,1.83,1.83,bet365,3.75,1.25,bet365,1.03,15.0,bet365,1.2,4.33,bet365,1.67,2.15,bet365,2.63,1.44,bet365,5.0,1.17,bet365,1.57,2.25,bet365,3.75,1.25,bet365,2.75,1.4,bet365,1.36,1.25,1.62,bet365,1.29,1.53,1.4,Betboom.br,1.31,1.44,1.59,bet365,1.62,2.2,Betnacional,1.62,2.21,Betano.br,1.62,2.2,bet365,3.5,13.0,26.0,5.5,6.0,7.0,21.0,13.0,5.0,bet365,1.93,1.93,bet365,2.0,1.8,bet365,1.91,1.8,bet365,15.0,bet365,10.0,bet365,12.0,bet365,7.5,bet365,12.0,bet365,17.0,bet365,9.0,bet365,11.0,bet365,13.0,bet365,21.0,bet365,34.0,bet365,15.0,bet365,21.0,bet365,21.0,bet365,26.0,Superbet.br,7.6,1.06,bet365,7.0,1.1,bet365,3.9,1.24,bet365,3.3,1.33,bet365,2.15,1.68,bet365,1.4,2.85,bet365,1.17,5.0,bet365,1.13,5.9,Betboom.br,1.01,11.48,Betboom.br,1.01,12.12,KTO.br,21.0,12.5,46.0,Betano.br,8.25,6.1,15.0,bet365,4.0,4.0,0.0,bet365,0.0,0.0,1.62,Betano.br,1.13,8.5,1.27,KTO.br,1.02,21.0,1.06,1.28,1.31,1.58,0.04,0.73,1.92,0.04,1.58,0.04,-0.42,0.3,0.7,0.65,0.86,0.44,0.66,0.56,0.81,1.0,0.0,0.17,0.26,9.0,17.0,4.0,1.0,1.0,10.0,4.0,6.0,6.0,9.0,3.0,8.0,2.0,1.0,0.0,1.0,13.0,23.0,5.0,6.0,15.0,9.0,15.0,21.0,9.0,15.0,1.0,3.0,1.0,0.0,3.0,3.0,1.0,2.0,0.3,0.57,46.0,39.0,39.0,28.0,5.0,4.0,0.0,0.0,0.0,1.0,0.04,0.44,0.0,0.0,0.19,0.85,0.0,0.13,0.0,0.13,0.3,0.7,0.69,0.89,0.43,0.76,0.55,0.89,0.0,0.0,0.22,0.12,1.0,6.0,1.0,0.0,0.0,3.0,0.0,3.0,1.0,2.0,0.0,4.0,0.0,0.0,0.0,0.0,5.0,6.0,1.0,3.0,6.0,5.0,9.0,13.0,5.0,6.0,0.0,2.0,1.0,0.0,2.0,3.0,0.0,1.0,0.33,0.5,19.0,20.0,16.0,15.0,3.0,3.0,0.0,0.0,0.0,0.0,1.24,0.87,1.58,0.04,0.54,1.07,0.04,1.45,0.04,-0.55,0.3,0.7,0.6,0.83,0.45,0.55,0.57,0.72,1.0,0.0,0.14,0.36,8.0,11.0,3.0,1.0,1.0,7.0,4.0,3.0,5.0,7.0,3.0,4.0,2.0,1.0,0.0,1.0,8.0,17.0,4.0,3.0,9.0,4.0,6.0,8.0,4.0,9.0,1.0,1.0,,,1.0,0.0,1.0,1.0,0.29,0.67,27.0,19.0,23.0,13.0,2.0,1.0,0.0,0.0,0.0,1.0
84EoeDLh,FINLAND,2025,FINLAND 1,FINLAND 1,21/07/2025,15:00,,Mariehamn,C8bOhcyj,Haka,6oug4RRc,False,1,1,,,,,,[57],[8],bet365,4.0,2.38,2.5,bet365,3.5,2.6,2.2,bet365,3.4,3.5,1.85,bet365,1.3,3.4,bet365,2.5,1.5,bet365,6.0,1.13,bet365,1.18,4.5,bet365,1.83,1.83,bet365,3.75,1.25,bet365,1.03,15.0,bet365,1.2,4.33,bet365,1.67,2.15,bet365,2.63,1.44,bet365,5.0,1.17,bet365,1.62,2.2,bet365,4.0,1.22,bet365,3.0,1.36,bet365,1.8,1.25,1.29,bet365,1.5,1.53,1.22,Betboom.br,1.65,1.45,1.26,bet365,2.63,1.44,KTO.br,2.45,1.48,Superbet.br,2.4,1.49,bet365,6.0,15.0,21.0,8.5,6.0,5.0,29.0,13.0,3.0,bet365,1.98,1.88,bet365,2.0,1.8,bet365,1.91,1.8,bet365,15.0,bet365,13.0,bet365,9.0,bet365,7.5,bet365,21.0,bet365,10.0,bet365,12.0,bet365,8.5,bet365,13.0,bet365,41.0,bet365,17.0,bet365,26.0,bet365,15.0,bet365,29.0,bet365,21.0,Betboom.br,14.32,1.01,Betboom.br,13.77,1.01,bet365,7.0,1.1,bet365,6.8,1.11,bet365,3.55,1.28,bet365,1.9,1.9,bet365,1.48,2.6,bet365,1.33,3.3,bet365,1.13,5.9,bet365,1.11,6.8,KTO.br,61.0,25.0,14.0,KTO.br,20.0,10.5,6.4,bet365,4.33,4.5,3.4,bet365,1.8,4.0,1.53,Betano.br,1.22,6.7,1.16,Betano.br,1.07,11.5,1.06,1.28,0.44,1.39,0.29,0.86,0.42,0.29,1.39,-0.64,0.33,0.5,0.5,0.77,0.76,0.4,0.42,0.66,0.66,1.0,0.0,0.17,0.29,16.0,11.0,4.0,4.0,9.0,4.0,3.0,3.0,9.0,6.0,7.0,5.0,2.0,1.0,0.0,0.0,37.0,16.0,10.0,5.0,14.0,9.0,24.0,19.0,9.0,14.0,1.0,6.0,,,8.0,0.0,3.0,3.0,0.56,0.54,61.0,65.0,30.0,42.0,5.0,6.0,0.0,0.0,0.0,0.0,0.29,0.21,0.0,0.29,0.22,0.17,0.29,0.0,-0.71,0.0,0.46,0.54,0.78,0.79,0.38,0.48,0.65,0.66,0.0,0.0,0.06,0.14,6.0,4.0,0.0,1.0,4.0,2.0,2.0,1.0,4.0,2.0,2.0,2.0,0.0,0.0,0.0,0.0,11.0,7.0,5.0,2.0,8.0,6.0,10.0,10.0,6.0,8.0,0.0,2.0,,,3.0,0.0,0.0,0.0,0.42,0.62,34.0,34.0,15.0,19.0,1.0,2.0,0.0,0.0,0.0,0.0,0.99,0.23,1.39,0.0,0.64,0.25,0.0,1.39,0.07,0.33,0.54,0.46,0.76,0.73,0.42,0.36,0.67,0.66,1.0,0.0,0.25,0.4,10.0,7.0,4.0,3.0,5.0,2.0,1.0,2.0,5.0,4.0,5.0,3.0,2.0,1.0,0.0,0.0,26.0,9.0,5.0,3.0,6.0,3.0,14.0,9.0,3.0,6.0,1.0,4.0,,,5.0,0.0,3.0,3.0,1.0,0.47,27.0,31.0,15.0,23.0,4.0,4.0,0.0,0.0,0.0,0.0
E59tHZQE,FINLAND,2025,FINLAND 1,FINLAND 1,13/07/2025,15:30,,AC Oulu,Y35Jer59,KTP,zsgwCpdF,False,3,2,,,,,,"[55, 58, 75]","[43, 89]",bet365,2.25,2.38,4.5,bet365,2.05,2.63,4.0,bet365,1.7,3.75,3.9,bet365,1.3,3.4,bet365,2.5,1.5,bet365,6.0,1.13,bet365,1.18,4.5,bet365,1.83,1.83,bet365,3.75,1.25,bet365,1.03,15.0,bet365,1.22,4.0,bet365,1.7,2.1,bet365,2.75,1.4,bet365,5.0,1.17,bet365,1.67,2.1,bet365,4.0,1.22,bet365,3.0,1.36,bet365,1.22,1.22,2.0,bet365,1.17,1.53,1.57,Betboom.br,1.2,1.45,1.8,bet365,1.33,3.25,Betnacional,1.39,2.84,Betano.br,1.4,2.8,bet365,2.75,13.0,34.0,4.75,6.5,9.5,21.0,15.0,7.0,bet365,1.95,1.9,bet365,2.0,1.8,bet365,1.91,1.8,bet365,15.0,bet365,8.5,bet365,15.0,bet365,7.5,bet365,9.0,bet365,23.0,bet365,8.5,bet365,13.0,bet365,15.0,bet365,15.0,bet365,41.0,bet365,13.0,bet365,34.0,bet365,21.0,bet365,34.0,bet365,5.9,1.13,bet365,5.0,1.17,bet365,2.85,1.4,bet365,2.3,1.6,bet365,1.73,2.08,bet365,1.23,4.0,bet365,1.12,6.4,bet365,1.13,5.9,,0.0,0.0,,0.0,0.0,BetEsporte,12.0,7.8,35.0,KTO.br,6.25,5.25,26.0,bet365,2.88,3.75,0.0,bet365,0.0,0.0,2.0,KTO.br,1.05,13.0,1.36,BetEsporte,1.01,12.0,1.11,1.65,0.71,2.7,1.82,0.7,0.39,1.82,2.7,-0.18,-0.3,0.52,0.48,0.72,0.71,0.28,0.39,0.66,0.52,0.0,1.0,0.28,0.23,13.0,8.0,6.0,5.0,2.0,3.0,5.0,0.0,5.0,6.0,8.0,2.0,3.0,1.0,1.0,0.0,22.0,23.0,6.0,2.0,14.0,10.0,23.0,25.0,10.0,14.0,0.0,1.0,,,4.0,5.0,3.0,3.0,0.57,0.53,51.0,54.0,22.0,38.0,13.0,7.0,0.0,0.0,1.0,0.0,0.31,0.34,0.24,1.15,0.13,0.08,1.15,0.24,0.15,0.24,0.55,0.45,0.77,0.74,0.43,0.52,0.66,0.55,0.0,1.0,0.18,0.0,6.0,4.0,3.0,3.0,0.0,1.0,3.0,0.0,3.0,2.0,3.0,2.0,0.0,1.0,1.0,0.0,15.0,9.0,5.0,1.0,5.0,4.0,11.0,11.0,4.0,5.0,,,,,3.0,3.0,2.0,3.0,0.56,0.57,25.0,23.0,7.0,24.0,8.0,2.0,0.0,0.0,1.0,0.0,1.34,0.37,2.46,0.67,0.57,0.31,0.67,2.46,-0.33,-0.54,0.49,0.51,0.67,0.68,0.17,0.28,0.66,0.49,0.0,0.0,0.43,0.27,7.0,4.0,3.0,2.0,2.0,2.0,2.0,0.0,2.0,4.0,5.0,0.0,3.0,0.0,0.0,0.0,7.0,14.0,1.0,1.0,9.0,6.0,12.0,14.0,6.0,9.0,0.0,1.0,,,1.0,2.0,1.0,0.0,0.6,0.5,26.0,31.0,15.0,14.0,5.0,5.0,0.0,0.0,0.0,0.0
WraBk9kU,FINLAND,2025,FINLAND 1,FINLAND 1,26/07/2025,13:00,,Mariehamn,C8bOhcyj,AC Oulu,Y35Jer59,False,0,1,,,,,,[],[85],bet365,3.5,2.25,2.88,bet365,3.1,2.5,2.6,bet365,3.1,3.2,2.2,bet365,1.33,3.25,bet365,2.63,1.44,bet365,6.5,1.11,bet365,1.2,4.33,bet365,1.91,1.8,bet365,4.0,1.22,bet365,1.04,13.0,bet365,1.22,4.0,bet365,1.8,2.0,bet365,2.75,1.4,bet365,5.5,1.14,bet365,1.62,2.2,bet365,4.0,1.22,bet365,3.0,1.36,bet365,1.67,1.36,1.36,bet365,1.4,1.57,1.29,Betboom.br,1.51,1.49,1.33,bet365,2.2,1.62,Esportivabet,2.1,1.66,Betnacional,2.07,1.7,bet365,4.75,13.0,23.0,7.0,5.5,5.5,26.0,13.0,3.6,bet365,2.03,1.83,bet365,2.1,1.73,bet365,1.91,1.8,bet365,12.0,bet365,12.0,bet365,9.5,bet365,6.5,bet365,17.0,bet365,12.0,bet365,12.0,bet365,9.0,bet365,12.0,bet365,34.0,bet365,21.0,bet365,23.0,bet365,17.0,bet365,29.0,bet365,23.0,Betboom.br,11.85,1.01,Betboom.br,11.13,1.01,bet365,6.6,1.11,bet365,5.75,1.14,bet365,3.1,1.35,bet365,1.65,2.2,bet365,1.3,3.45,bet365,1.22,4.15,Betboom.br,1.05,6.93,Superbet.br,1.05,8.2,KTO.br,56.0,25.0,21.0,KTO.br,19.0,10.0,10.0,bet365,0.0,0.0,4.33,bet365,1.63,4.33,0.0,KTO.br,1.2,6.75,1.09,KTO.br,1.05,13.0,1.01,0.6,0.81,0.0,0.74,0.42,0.67,0.74,0.0,-0.18,0.0,0.52,0.48,0.8,0.8,0.38,0.37,0.68,0.69,0.0,0.0,0.13,0.22,9.0,16.0,0.0,2.0,5.0,10.0,4.0,4.0,3.0,10.0,6.0,6.0,1.0,1.0,0.0,1.0,8.0,27.0,4.0,1.0,8.0,8.0,27.0,20.0,8.0,8.0,4.0,1.0,,,6.0,3.0,1.0,0.0,0.67,0.71,55.0,56.0,29.0,11.0,9.0,6.0,2.0,0.0,0.0,0.0,0.07,0.23,0.0,0.22,0.07,0.21,0.22,0.0,0.22,0.0,0.45,0.55,0.78,0.84,0.34,0.52,0.63,0.75,0.0,0.0,0.0,0.33,2.0,10.0,0.0,1.0,1.0,5.0,1.0,4.0,1.0,4.0,1.0,5.0,0.0,0.0,0.0,0.0,4.0,16.0,2.0,0.0,4.0,4.0,14.0,7.0,4.0,4.0,1.0,0.0,,,1.0,2.0,1.0,0.0,0.73,0.75,24.0,27.0,13.0,7.0,6.0,5.0,2.0,0.0,0.0,0.0,0.53,0.58,0.0,0.52,0.35,0.46,0.52,0.0,-0.4,0.0,0.59,0.41,0.81,0.73,0.43,0.21,0.71,0.63,0.0,0.0,0.22,0.11,7.0,6.0,0.0,1.0,4.0,5.0,3.0,0.0,2.0,6.0,5.0,1.0,1.0,1.0,0.0,1.0,4.0,11.0,2.0,1.0,4.0,4.0,13.0,13.0,4.0,4.0,3.0,1.0,,,5.0,1.0,0.0,0.0,0.6,0.69,31.0,29.0,16.0,4.0,3.0,1.0,0.0,0.0,0.0,0.0
My6GbnSp,FINLAND,2025,FINLAND 1,FINLAND 1,02/08/2025,16:00,,AC Oulu,Y35Jer59,Jaro,faEPan8O,False,0,1,,,,,,[],[38],bet365,2.5,2.25,4.33,bet365,2.2,2.5,3.75,bet365,1.82,3.5,3.7,bet365,1.33,3.25,bet365,2.63,1.44,bet365,6.5,1.11,bet365,1.22,4.0,bet365,2.0,1.73,bet365,4.33,1.2,bet365,1.04,12.0,bet365,1.25,3.75,bet365,1.8,2.0,bet365,3.0,1.36,bet365,6.0,1.13,bet365,1.7,2.05,bet365,4.33,1.2,bet365,3.25,1.33,bet365,1.25,1.25,1.8,bet365,1.2,1.57,1.5,KTO.br,1.23,1.44,1.7,bet365,1.4,2.75,Betnacional,1.45,2.63,KTO.br,1.41,2.63,bet365,3.0,13.0,29.0,5.0,5.5,8.5,21.0,15.0,6.5,bet365,1.98,1.88,bet365,2.1,1.73,bet365,1.91,1.8,bet365,12.0,bet365,8.0,bet365,12.0,bet365,7.0,bet365,9.5,bet365,21.0,bet365,8.5,bet365,13.0,bet365,13.0,bet365,17.0,bet365,41.0,bet365,15.0,bet365,29.0,bet365,23.0,bet365,34.0,bet365,7.0,1.1,bet365,6.25,1.12,bet365,3.45,1.3,bet365,2.6,1.48,bet365,1.9,1.9,bet365,1.28,3.55,bet365,1.1,7.0,Superbet.br,1.05,7.8,,0.0,0.0,,0.0,0.0,BetEsporte,14.0,8.2,35.0,Novibet,7.2,5.6,22.0,bet365,3.4,3.75,0.0,bet365,0.0,0.0,1.8,KTO.br,1.06,12.5,1.35,BetEsporte,1.01,11.0,1.09,2.02,1.29,1.28,1.36,1.55,0.26,1.36,1.28,0.36,1.28,0.54,0.46,0.8,0.76,0.52,0.37,0.65,0.55,1.0,0.0,0.31,0.25,28.0,8.0,8.0,3.0,10.0,3.0,10.0,2.0,19.0,6.0,9.0,2.0,3.0,2.0,0.0,1.0,42.0,19.0,7.0,2.0,15.0,8.0,22.0,27.0,8.0,15.0,3.0,4.0,1.0,0.0,1.0,3.0,2.0,8.0,0.64,0.5,71.0,41.0,26.0,42.0,8.0,10.0,2.0,1.0,0.0,0.0,1.28,0.53,0.93,1.32,0.63,0.22,1.32,0.93,0.32,0.93,0.5,0.5,0.79,0.76,0.52,0.44,0.64,0.56,0.0,0.0,0.38,0.4,14.0,3.0,4.0,2.0,5.0,0.0,5.0,1.0,9.0,3.0,5.0,0.0,2.0,1.0,0.0,0.0,14.0,9.0,4.0,2.0,8.0,3.0,14.0,18.0,3.0,8.0,1.0,1.0,,,1.0,1.0,1.0,4.0,0.71,0.5,33.0,20.0,14.0,15.0,5.0,4.0,0.0,1.0,0.0,0.0,0.74,0.76,0.35,0.04,0.92,0.04,0.04,0.35,0.04,0.35,0.58,0.42,0.8,0.77,0.51,0.3,0.65,0.52,1.0,0.0,0.26,0.0,14.0,5.0,4.0,1.0,5.0,3.0,5.0,1.0,10.0,3.0,4.0,2.0,1.0,1.0,0.0,1.0,28.0,10.0,3.0,0.0,7.0,5.0,8.0,9.0,5.0,7.0,2.0,3.0,1.0,0.0,0.0,2.0,1.0,4.0,0.6,0.5,38.0,21.0,12.0,27.0,3.0,6.0,2.0,0.0,0.0,0.0
6wLhX6Y9,FINLAND,2025,FINLAND 1,FINLAND 1,09/08/2025,16:00,,Mariehamn,C8bOhcyj,Gnistan,Aa28K98n,False,2,5,,,,,,"[51, 71]","[11, 15, 53, 62, 68, 72]",bet365,3.75,2.3,2.6,bet365,3.4,2.6,2.3,bet365,3.25,3.9,2.0,bet365,1.3,3.4,bet365,2.5,1.5,bet365,6.0,1.13,bet365,1.18,4.5,bet365,1.83,1.83,bet365,3.75,1.25,bet365,1.03,15.0,bet365,1.2,4.33,bet365,1.67,2.15,bet365,2.63,1.44,bet365,5.0,1.17,bet365,1.62,2.2,bet365,4.0,1.22,bet365,3.0,1.36,bet365,1.8,1.25,1.33,bet365,1.5,1.57,1.25,Betboom.br,1.57,1.47,1.28,bet365,2.5,1.5,Betano.br,2.25,1.57,Betano.br,2.32,1.57,bet365,5.5,15.0,21.0,8.0,6.0,5.5,29.0,13.0,3.2,bet365,1.93,1.93,bet365,2.0,1.8,bet365,1.91,1.8,bet365,15.0,bet365,12.0,bet365,9.5,bet365,7.5,bet365,19.0,bet365,11.0,bet365,11.0,bet365,9.0,bet365,13.0,bet365,34.0,bet365,19.0,bet365,23.0,bet365,15.0,bet365,29.0,bet365,21.0,KTO.br,17.0,1.01,Betboom.br,12.03,1.01,bet365,6.8,1.11,bet365,5.9,1.13,bet365,3.1,1.35,bet365,1.8,2.0,bet365,1.43,2.75,bet365,1.28,3.55,bet365,1.11,6.6,KTO.br,1.07,8.5,Novibet,31.0,12.5,0.0,Novibet,16.0,8.3,8.3,bet365,4.5,4.5,3.6,bet365,1.8,4.0,1.53,Betnacional,1.25,6.0,0.0,KTO.br,1.08,11.0,0.0,1.03,2.29,0.93,3.06,0.85,1.52,3.06,0.93,-1.94,-1.07,0.48,0.52,0.75,0.75,0.48,0.4,0.65,0.65,0.0,0.0,0.08,0.39,11.0,14.0,4.0,8.0,2.0,3.0,5.0,3.0,5.0,12.0,6.0,2.0,3.0,7.0,0.0,0.0,15.0,28.0,6.0,9.0,12.0,11.0,26.0,18.0,11.0,13.0,2.0,2.0,,,2.0,2.0,3.0,2.0,0.58,0.76,54.0,54.0,24.0,29.0,14.0,9.0,0.0,0.0,0.0,0.0,0.34,0.75,0.11,1.18,0.28,0.76,1.18,0.11,-0.82,0.11,0.49,0.51,0.76,0.73,0.49,0.39,0.64,0.6,0.0,0.0,0.1,0.36,5.0,7.0,2.0,3.0,1.0,2.0,2.0,2.0,1.0,6.0,4.0,1.0,1.0,3.0,0.0,0.0,4.0,14.0,2.0,5.0,5.0,5.0,15.0,12.0,5.0,6.0,1.0,1.0,,,2.0,1.0,1.0,2.0,0.63,0.86,27.0,30.0,11.0,13.0,8.0,6.0,0.0,0.0,0.0,0.0,0.69,1.54,0.82,1.88,0.57,0.76,1.88,0.82,-1.12,-1.18,0.47,0.53,0.75,0.77,0.48,0.41,0.67,0.72,0.0,0.0,0.07,0.43,6.0,7.0,2.0,5.0,1.0,1.0,3.0,1.0,4.0,6.0,2.0,1.0,2.0,4.0,0.0,0.0,11.0,14.0,4.0,4.0,7.0,6.0,11.0,6.0,6.0,7.0,1.0,1.0,,,0.0,1.0,2.0,0.0,0.5,0.7,27.0,24.0,13.0,16.0,6.0,3.0,0.0,0.0,0.0,0.0
Yk8Ctgk2,FINLAND,2025,FINLAND 1,FINLAND 1,06/07/2025,13:00,,Jaro,faEPan8O,Mariehamn,C8bOhcyj,False,1,1,,,,,,[35],[50],bet365,2.3,2.25,5.0,bet365,2.05,2.5,4.33,bet365,1.67,3.7,4.0,bet365,1.36,3.0,bet365,2.75,1.4,bet365,7.0,1.1,bet365,1.25,3.75,bet365,2.1,1.67,bet365,4.5,1.18,bet365,1.05,11.0,bet365,1.29,3.5,bet365,1.93,1.88,bet365,3.4,1.3,bet365,6.5,1.11,bet365,1.91,1.91,bet365,5.0,1.17,bet365,3.5,1.29,bet365,1.2,1.25,2.0,bet365,1.14,1.57,1.57,Betboom.br,1.19,1.5,1.72,bet365,1.33,3.25,Betnacional,1.37,2.94,Betnacional,1.39,2.86,bet365,2.75,15.0,34.0,4.5,5.5,9.5,23.0,15.0,8.0,bet365,1.93,1.93,bet365,2.1,1.73,bet365,1.91,1.8,bet365,11.0,bet365,7.0,bet365,12.0,bet365,7.5,bet365,8.0,bet365,23.0,bet365,8.5,bet365,15.0,bet365,17.0,bet365,13.0,bet365,51.0,bet365,15.0,bet365,34.0,bet365,26.0,bet365,41.0,bet365,6.25,1.12,bet365,5.5,1.15,bet365,3.0,1.38,bet365,2.3,1.6,bet365,1.73,2.08,bet365,1.23,4.1,bet365,1.1,7.0,bet365,1.13,5.9,Betboom.br,1.02,9.19,,0.0,0.0,BetEsporte,13.0,7.8,40.0,Betano.br,6.4,5.1,26.0,bet365,3.0,3.6,0.0,bet365,0.0,0.0,2.0,Betano.br,1.06,11.25,1.39,BetEsporte,1.01,11.0,1.1,2.4,1.26,2.85,1.53,1.89,0.7,1.53,2.85,0.53,1.85,0.62,0.38,0.88,0.77,0.48,0.38,0.76,0.66,0.0,0.0,0.25,0.33,18.0,16.0,7.0,8.0,6.0,4.0,5.0,4.0,12.0,14.0,6.0,2.0,4.0,2.0,2.0,0.0,30.0,21.0,7.0,4.0,7.0,16.0,18.0,22.0,16.0,7.0,0.0,1.0,,,0.0,3.0,7.0,6.0,0.6,0.4,30.0,45.0,20.0,42.0,8.0,8.0,0.0,0.0,0.0,0.0,1.02,0.21,1.03,0.07,0.64,0.15,0.07,1.03,0.07,0.03,0.69,0.31,0.9,0.73,0.41,0.36,0.82,0.56,0.0,0.0,0.17,0.33,9.0,4.0,3.0,2.0,1.0,1.0,5.0,1.0,5.0,4.0,4.0,0.0,1.0,0.0,0.0,0.0,10.0,5.0,3.0,1.0,2.0,5.0,10.0,13.0,5.0,2.0,,,,,0.0,2.0,2.0,2.0,0.67,0.6,15.0,19.0,10.0,18.0,5.0,2.0,0.0,0.0,0.0,0.0,1.38,1.05,1.82,1.46,1.25,0.55,1.46,1.82,0.46,1.82,0.55,0.45,0.83,0.8,0.56,0.4,0.7,0.74,0.0,0.0,0.33,0.33,9.0,12.0,4.0,6.0,5.0,3.0,0.0,3.0,7.0,10.0,2.0,2.0,3.0,2.0,2.0,0.0,20.0,16.0,4.0,3.0,5.0,11.0,8.0,9.0,11.0,5.0,0.0,1.0,,,0.0,1.0,5.0,4.0,0.5,0.2,15.0,26.0,10.0,24.0,3.0,6.0,0.0,0.0,0.0,0.0
C6fYOTNa,FINLAND,2025,FINLAND 1,FINLAND 1,18/06/2025,18:00,,HJK,nmjJVR7B,Haka,6oug4RRc,False,3,1,,,,,,[],[],,0.0,0.0,0.0,,0.0,0.0,0.0,,0.0,0.0,0.0,,0.0,0.0,,0.0,0.0,,0.0,0.0,,0.0,0.0,,0.0,0.0,,0.0,0.0,,0.0,0.0,,0.0,0.0,,0.0,0.0,,0.0,0.0,,0.0,0.0,,0.0,0.0,,0.0,0.0,,0.0,0.0,,0.0,0.0,0.0,,0.0,0.0,0.0,,0.0,0.0,0.0,,0.0,0.0,,0.0,0.0,,0.0,0.0,,0.0,0.0,0.0,0.0,0.0,0.0,0.0,0.0,0.0,,0.0,0.0,,0.0,0.0,,0.0,0.0,,0.0,,0.0,,0.0,,0.0,,0.0,,0.0,,0.0,,0.0,,0.0,,0.0,,0.0,,0.0,,0.0,,0.0,,0.0,,0.0,0.0,,0.0,0.0,,0.0,0.0,,0.0,0.0,,0.0,0.0,,0.0,0.0,,0.0,0.0,,0.0,0.0,,0.0,0.0,,0.0,0.0,,0.0,0.0,0.0,,0.0,0.0,0.0,,0.0,0.0,0.0,,0.0,0.0,0.0,,0.0,0.0,0.0,,0.0,0.0,0.0,,,,,,,,,,,,,,,,,,,,,,,,,,,,,,,,,,,,,,,,,,,,,,,,,,,,,,,,,,,,,,,,,,,,,,,,,,,,,,,,,,,,,,,,,,,,,,,,,,,,,,,,,,,,,,,,,,,,,,,,,,,,,,,,,,,,,,,,,,,,,,,,,,,,,,,,,,,,,,,,,,,,,,,,,,,,,,,,,,,,,,,,,,,,,,,,,,,,,,,,,,,,
WSCaS2Ui,FINLAND,2025,FINLAND 1,FINLAND 1,27/06/2025,15:00,,Gnistan,Aa28K98n,Inter Turku,QwkNUoNH,False,2,2,,,,,,[],[],,0.0,0.0,0.0,,0.0,0.0,0.0,,0.0,0.0,0.0,,0.0,0.0,,0.0,0.0,,0.0,0.0,,0.0,0.0,,0.0,0.0,,0.0,0.0,,0.0,0.0,,0.0,0.0,,0.0,0.0,,0.0,0.0,,0.0,0.0,,0.0,0.0,,0.0,0.0,,0.0,0.0,,0.0,0.0,0.0,,0.0,0.0,0.0,,0.0,0.0,0.0,,0.0,0.0,,0.0,0.0,,0.0,0.0,,0.0,0.0,0.0,0.0,0.0,0.0,0.0,0.0,0.0,,0.0,0.0,,0.0,0.0,,0.0,0.0,,0.0,,0.0,,0.0,,0.0,,0.0,,0.0,,0.0,,0.0,,0.0,,0.0,,0.0,,0.0,,0.0,,0.0,,0.0,,0.0,0.0,,0.0,0.0,,0.0,0.0,,0.0,0.0,,0.0,0.0,,0.0,0.0,,0.0,0.0,,0.0,0.0,,0.0,0.0,,0.0,0.0,,0.0,0.0,0.0,,0.0,0.0,0.0,,0.0,0.0,0.0,,0.0,0.0,0.0,,0.0,0.0,0.0,,0.0,0.0,0.0,,,,,,,,,,,,,,,,,,,,,,,,,,,,,,,,,,,,,,,,,,,,,,,,,,,,,,,,,,,,,,,,,,,,,,,,,,,,,,,,,,,,,,,,,,,,,,,,,,,,,,,,,,,,,,,,,,,,,,,,,,,,,,,,,,,,,,,,,,,,,,,,,,,,,,,,,,,,,,,,,,,,,,,,,,,,,,,,,,,,,,,,,,,,,,,,,,,,,,,,,,,,
xQsQEbIr,FINLAND,2025,FINLAND 1,FINLAND 1,10/08/2025,15:30,,VPS,8GveH5dA,SJK,hj3ima3I,False,1,2,,,,,,"[29, 53]","[52, 78]",bet365,3.2,2.38,3.0,bet365,2.75,2.6,2.63,bet365,2.7,3.5,2.45,bet365,1.3,3.4,bet365,2.38,1.53,bet365,6.0,1.13,bet365,1.18,4.5,bet365,1.83,1.83,bet365,3.75,1.25,bet365,1.03,15.0,bet365,1.18,4.5,bet365,1.62,2.25,bet365,2.5,1.5,bet365,4.5,1.18,bet365,1.53,2.38,bet365,3.75,1.25,bet365,2.75,1.4,bet365,1.53,1.29,1.44,bet365,1.36,1.53,1.36,Betboom.br,1.46,1.47,1.39,bet365,1.91,1.8,Estrelabet,1.95,1.75,Novibet,1.95,1.79,bet365,4.33,13.0,23.0,6.5,6.0,6.0,23.0,13.0,4.0,bet365,2.0,1.85,bet365,2.0,1.8,bet365,1.91,1.8,bet365,15.0,bet365,12.0,bet365,11.0,bet365,7.0,bet365,15.0,bet365,15.0,bet365,10.0,bet365,9.5,bet365,12.0,bet365,29.0,bet365,23.0,bet365,19.0,bet365,17.0,bet365,23.0,bet365,23.0,Betboom.br,10.06,1.01,Betboom.br,9.36,1.01,bet365,5.5,1.15,bet365,4.4,1.2,bet365,2.68,1.45,bet365,1.55,2.38,bet365,1.26,3.7,bet365,1.2,4.4,Betboom.br,1.04,7.49,Superbet.br,1.04,8.6,KTO.br,35.0,18.0,26.0,KTO.br,13.0,8.5,10.0,bet365,0.0,0.0,4.5,bet365,1.53,4.5,0.0,KTO.br,1.2,7.0,1.13,KTO.br,1.05,15.0,1.03,1.0,2.13,0.94,2.47,1.25,1.29,2.47,0.94,0.47,-0.06,0.52,0.48,0.71,0.73,0.44,0.41,0.55,0.6,1.0,1.0,0.26,0.29,10.0,14.0,3.0,5.0,4.0,6.0,3.0,3.0,5.0,9.0,5.0,5.0,3.0,5.0,0.0,0.0,14.0,20.0,8.0,10.0,7.0,13.0,19.0,22.0,13.0,7.0,5.0,4.0,,,3.0,0.0,3.0,2.0,0.78,0.82,40.0,51.0,28.0,26.0,5.0,1.0,0.0,0.0,0.0,0.0,0.6,1.02,0.94,0.72,0.44,0.67,0.72,0.94,0.72,-0.06,0.45,0.55,0.68,0.75,0.39,0.59,0.52,0.61,1.0,0.0,0.36,0.26,6.0,6.0,3.0,2.0,2.0,2.0,1.0,2.0,3.0,4.0,3.0,2.0,2.0,3.0,0.0,0.0,6.0,11.0,4.0,7.0,5.0,9.0,7.0,10.0,9.0,5.0,3.0,1.0,,,1.0,0.0,2.0,2.0,0.6,0.8,19.0,33.0,15.0,6.0,2.0,0.0,0.0,0.0,0.0,0.0,0.4,1.11,0.0,1.75,0.81,0.62,1.75,0.0,-0.25,0.0,0.57,0.43,0.74,0.71,0.49,0.28,0.57,0.58,0.0,1.0,0.19,0.33,4.0,8.0,0.0,3.0,2.0,4.0,2.0,1.0,2.0,5.0,2.0,3.0,1.0,2.0,0.0,0.0,8.0,9.0,4.0,3.0,2.0,4.0,12.0,12.0,4.0,2.0,2.0,3.0,,,2.0,0.0,1.0,0.0,1.0,0.83,21.0,18.0,13.0,20.0,3.0,1.0,0.0,0.0,0.0,0.0
vZPD4axo,FINLAND,2025,FINLAND 1,FINLAND 1,19/06/2025,15:00,,Inter Turku,QwkNUoNH,KTP,zsgwCpdF,False,5,0,,,,,,[],[],,0.0,0.0,0.0,,0.0,0.0,0.0,,0.0,0.0,0.0,,0.0,0.0,,0.0,0.0,,0.0,0.0,,0.0,0.0,,0.0,0.0,,0.0,0.0,,0.0,0.0,,0.0,0.0,,0.0,0.0,,0.0,0.0,,0.0,0.0,,0.0,0.0,,0.0,0.0,,0.0,0.0,,0.0,0.0,0.0,,0.0,0.0,0.0,,0.0,0.0,0.0,,0.0,0.0,,0.0,0.0,,0.0,0.0,,0.0,0.0,0.0,0.0,0.0,0.0,0.0,0.0,0.0,,0.0,0.0,,0.0,0.0,,0.0,0.0,,0.0,,0.0,,0.0,,0.0,,0.0,,0.0,,0.0,,0.0,,0.0,,0.0,,0.0,,0.0,,0.0,,0.0,,0.0,,0.0,0.0,,0.0,0.0,,0.0,0.0,,0.0,0.0,,0.0,0.0,,0.0,0.0,,0.0,0.0,,0.0,0.0,,0.0,0.0,,0.0,0.0,,0.0,0.0,0.0,,0.0,0.0,0.0,,0.0,0.0,0.0,,0.0,0.0,0.0,,0.0,0.0,0.0,,0.0,0.0,0.0,,,,,,,,,,,,,,,,,,,,,,,,,,,,,,,,,,,,,,,,,,,,,,,,,,,,,,,,,,,,,,,,,,,,,,,,,,,,,,,,,,,,,,,,,,,,,,,,,,,,,,,,,,,,,,,,,,,,,,,,,,,,,,,,,,,,,,,,,,,,,,,,,,,,,,,,,,,,,,,,,,,,,,,,,,,,,,,,,,,,,,,,,,,,,,,,,,,,,,,,,,,,
0vBwcZjt,FINLAND,2025,FINLAND 1,FINLAND 1,20/07/2025,15:30,,HJK,nmjJVR7B,AC Oulu,Y35Jer59,False,3,1,,,,,,"[24, 32, 56]",[90],bet365,2.1,2.4,5.0,bet365,1.83,2.75,5.0,bet365,1.6,3.4,5.5,bet365,1.3,3.4,bet365,2.38,1.53,bet365,6.0,1.13,bet365,1.18,4.5,bet365,1.8,1.91,bet365,3.75,1.25,bet365,1.04,13.0,bet365,1.18,4.5,bet365,1.65,2.2,bet365,2.5,1.5,bet365,4.5,1.18,bet365,1.67,2.1,bet365,4.0,1.22,bet365,3.0,1.36,bet365,1.13,1.29,2.2,bet365,1.14,1.53,1.67,KTO.br,1.19,1.38,1.88,bet365,1.22,4.0,Betnacional,1.3,3.31,Novibet,1.23,3.85,bet365,2.4,13.0,41.0,4.5,6.5,12.0,19.0,15.0,8.5,bet365,2.05,1.8,bet365,2.0,1.8,bet365,1.91,1.8,bet365,13.0,bet365,9.0,bet365,19.0,bet365,7.0,bet365,9.0,bet365,34.0,bet365,8.5,bet365,17.0,bet365,13.0,bet365,13.0,bet365,51.0,bet365,12.0,bet365,41.0,bet365,21.0,bet365,41.0,bet365,4.8,1.18,bet365,4.0,1.23,bet365,2.6,1.48,bet365,2.03,1.78,bet365,1.6,2.3,bet365,1.15,5.5,Betboom.br,1.01,9.09,Superbet.br,1.03,10.0,,0.0,0.0,,0.0,0.0,BetEsporte,9.4,7.0,40.0,bet365,3.1,4.33,0.0,bet365,2.6,4.0,0.0,bet365,0.0,0.0,2.2,bet365,0.0,0.0,1.83,BetEsporte,1.01,12.0,1.17,1.53,0.82,2.58,0.37,1.97,0.68,0.37,2.58,-0.63,-0.42,0.5,0.5,0.84,0.86,0.43,0.56,0.72,0.74,1.0,0.0,0.5,0.33,14.0,15.0,7.0,5.0,5.0,7.0,2.0,3.0,9.0,8.0,5.0,7.0,4.0,1.0,0.0,1.0,27.0,21.0,4.0,8.0,11.0,6.0,18.0,17.0,6.0,11.0,1.0,1.0,,,1.0,1.0,4.0,4.0,0.58,0.43,48.0,44.0,23.0,19.0,3.0,12.0,0.0,1.0,0.0,0.0,1.01,0.34,2.03,0.0,1.63,0.36,0.0,2.03,0.0,0.03,0.56,0.44,0.83,0.82,0.45,0.56,0.71,0.68,1.0,0.0,0.67,0.38,9.0,7.0,4.0,0.0,3.0,4.0,2.0,3.0,6.0,3.0,3.0,4.0,3.0,1.0,0.0,0.0,18.0,9.0,3.0,3.0,4.0,3.0,9.0,10.0,3.0,4.0,1.0,0.0,,,1.0,1.0,0.0,2.0,0.63,0.33,26.0,17.0,10.0,12.0,0.0,4.0,0.0,1.0,0.0,0.0,0.52,0.48,0.55,0.37,0.34,0.32,0.37,0.55,-0.63,-0.45,0.44,0.56,0.85,0.89,0.4,0.57,0.73,0.77,0.0,0.0,0.4,0.27,5.0,8.0,3.0,5.0,2.0,3.0,0.0,0.0,3.0,5.0,2.0,3.0,1.0,0.0,0.0,1.0,9.0,12.0,1.0,5.0,7.0,3.0,9.0,7.0,3.0,7.0,0.0,1.0,,,0.0,0.0,4.0,2.0,0.5,0.5,22.0,27.0,13.0,7.0,3.0,8.0,0.0,0.0,0.0,0.0
6qEq5ZWQ,FINLAND,2025,FINLAND 1,FINLAND 1,01/06/2025,13:00,,Gnistan,Aa28K98n,Ilves,pYGmWmwa,False,0,2,,,,,,[],[],,0.0,0.0,0.0,,0.0,0.0,0.0,,0.0,0.0,0.0,,0.0,0.0,,0.0,0.0,,0.0,0.0,,0.0,0.0,,0.0,0.0,,0.0,0.0,,0.0,0.0,,0.0,0.0,,0.0,0.0,,0.0,0.0,,0.0,0.0,,0.0,0.0,,0.0,0.0,,0.0,0.0,,0.0,0.0,0.0,,0.0,0.0,0.0,,0.0,0.0,0.0,,0.0,0.0,,0.0,0.0,,0.0,0.0,,0.0,0.0,0.0,0.0,0.0,0.0,0.0,0.0,0.0,,0.0,0.0,,0.0,0.0,,0.0,0.0,,0.0,,0.0,,0.0,,0.0,,0.0,,0.0,,0.0,,0.0,,0.0,,0.0,,0.0,,0.0,,0.0,,0.0,,0.0,,0.0,0.0,,0.0,0.0,,0.0,0.0,,0.0,0.0,,0.0,0.0,,0.0,0.0,,0.0,0.0,,0.0,0.0,,0.0,0.0,,0.0,0.0,,0.0,0.0,0.0,,0.0,0.0,0.0,,0.0,0.0,0.0,,0.0,0.0,0.0,,0.0,0.0,0.0,,0.0,0.0,0.0,,,,,,,,,,,,,,,,,,,,,,,,,,,,,,,,,,,,,,,,,,,,,,,,,,,,,,,,,,,,,,,,,,,,,,,,,,,,,,,,,,,,,,,,,,,,,,,,,,,,,,,,,,,,,,,,,,,,,,,,,,,,,,,,,,,,,,,,,,,,,,,,,,,,,,,,,,,,,,,,,,,,,,,,,,,,,,,,,,,,,,,,,,,,,,,,,,,,,,,,,,,,
bJAy7e2E,FINLAND,2025,FINLAND 1,FINLAND 1,31/05/2025,16:00,,HJK,nmjJVR7B,KuPS,nLBbqJDS,False,0,0,,,,,,[],[],,0.0,0.0,0.0,,0.0,0.0,0.0,,0.0,0.0,0.0,,0.0,0.0,,0.0,0.0,,0.0,0.0,,0.0,0.0,,0.0,0.0,,0.0,0.0,,0.0,0.0,,0.0,0.0,,0.0,0.0,,0.0,0.0,,0.0,0.0,,0.0,0.0,,0.0,0.0,,0.0,0.0,,0.0,0.0,0.0,,0.0,0.0,0.0,,0.0,0.0,0.0,,0.0,0.0,,0.0,0.0,,0.0,0.0,,0.0,0.0,0.0,0.0,0.0,0.0,0.0,0.0,0.0,,0.0,0.0,,0.0,0.0,,0.0,0.0,,0.0,,0.0,,0.0,,0.0,,0.0,,0.0,,0.0,,0.0,,0.0,,0.0,,0.0,,0.0,,0.0,,0.0,,0.0,,0.0,0.0,,0.0,0.0,,0.0,0.0,,0.0,0.0,,0.0,0.0,,0.0,0.0,,0.0,0.0,,0.0,0.0,,0.0,0.0,,0.0,0.0,,0.0,0.0,0.0,,0.0,0.0,0.0,,0.0,0.0,0.0,,0.0,0.0,0.0,,0.0,0.0,0.0,,0.0,0.0,0.0,,,,,,,,,,,,,,,,,,,,,,,,,,,,,,,,,,,,,,,,,,,,,,,,,,,,,,,,,,,,,,,,,,,,,,,,,,,,,,,,,,,,,,,,,,,,,,,,,,,,,,,,,,,,,,,,,,,,,,,,,,,,,,,,,,,,,,,,,,,,,,,,,,,,,,,,,,,,,,,,,,,,,,,,,,,,,,,,,,,,,,,,,,,,,,,,,,,,,,,,,,,,
h0Ooeh4e,FINLAND,2025,FINLAND 1,FINLAND 1,14/07/2025,15:00,,Ilves,pYGmWmwa,VPS,8GveH5dA,False,3,2,,,,,,"[23, 85, 89]","[48, 75]",bet365,1.91,2.63,6.0,bet365,1.73,2.88,5.0,bet365,1.42,4.33,5.5,bet365,1.25,3.75,bet365,2.2,1.62,bet365,5.0,1.17,bet365,1.14,5.5,bet365,1.73,2.0,bet365,3.4,1.3,bet365,1.03,17.0,bet365,1.17,5.0,bet365,1.53,2.4,bet365,2.25,1.57,bet365,4.0,1.22,bet365,1.67,2.1,bet365,4.0,1.22,bet365,3.0,1.36,bet365,1.13,1.18,2.63,bet365,1.11,1.44,1.8,Betano.br,1.16,1.33,2.02,bet365,1.17,5.0,Sportingbet.br,1.24,3.6,Betano.br,1.24,3.75,bet365,2.1,15.0,34.0,4.5,7.5,13.0,17.0,17.0,11.0,bet365,1.95,1.9,bet365,2.0,1.8,bet365,1.91,1.8,bet365,19.0,bet365,9.5,bet365,21.0,bet365,9.5,bet365,8.5,bet365,34.0,bet365,8.5,bet365,19.0,bet365,15.0,bet365,11.0,bet365,67.0,bet365,11.0,bet365,41.0,bet365,21.0,bet365,41.0,bet365,3.7,1.26,bet365,3.1,1.35,bet365,2.15,1.68,bet365,1.68,2.15,bet365,1.45,2.68,bet365,1.13,5.9,Betboom.br,1.01,10.86,Betboom.br,1.01,11.59,,0.0,0.0,,0.0,0.0,BetEsporte,7.6,6.4,40.0,KTO.br,4.3,4.5,41.0,bet365,2.1,4.0,0.0,bet365,0.0,0.0,2.63,KTO.br,1.03,18.0,1.57,BetEsporte,1.01,12.0,1.22,1.64,0.66,1.47,0.4,1.05,0.55,0.4,1.47,-0.6,-0.53,0.49,0.51,0.85,0.83,0.48,0.38,0.72,0.74,0.0,0.0,0.2,0.22,13.0,11.0,7.0,4.0,5.0,4.0,1.0,3.0,11.0,8.0,2.0,3.0,3.0,1.0,0.0,1.0,26.0,20.0,5.0,4.0,16.0,5.0,18.0,20.0,5.0,16.0,3.0,4.0,,,1.0,4.0,2.0,4.0,0.65,0.69,50.0,34.0,24.0,11.0,4.0,11.0,0.0,2.0,0.0,0.0,0.47,0.17,0.29,0.0,0.64,0.29,0.0,0.29,0.0,-0.71,0.53,0.47,0.89,0.86,0.52,0.37,0.82,0.78,0.0,0.0,0.25,0.13,4.0,3.0,2.0,0.0,2.0,2.0,0.0,1.0,4.0,2.0,0.0,1.0,2.0,0.0,0.0,0.0,16.0,10.0,2.0,2.0,7.0,2.0,13.0,8.0,2.0,7.0,1.0,1.0,,,0.0,1.0,0.0,1.0,0.67,0.67,22.0,17.0,10.0,7.0,2.0,7.0,0.0,1.0,0.0,0.0,1.17,0.49,1.18,0.4,0.41,0.26,0.4,1.18,-0.6,0.18,0.45,0.55,0.77,0.8,0.43,0.39,0.53,0.69,0.0,0.0,0.17,0.3,9.0,8.0,5.0,4.0,3.0,2.0,1.0,2.0,7.0,6.0,2.0,2.0,1.0,1.0,0.0,1.0,10.0,10.0,3.0,2.0,9.0,3.0,5.0,12.0,3.0,9.0,2.0,3.0,,,1.0,3.0,2.0,3.0,0.63,0.71,28.0,17.0,14.0,4.0,2.0,4.0,0.0,1.0,0.0,0.0
INXlqhA7,FINLAND,2025,FINLAND 1,FINLAND 1,31/05/2025,14:00,,Haka,6oug4RRc,VPS,8GveH5dA,False,2,1,,,,,,[],[],,0.0,0.0,0.0,,0.0,0.0,0.0,,0.0,0.0,0.0,,0.0,0.0,,0.0,0.0,,0.0,0.0,,0.0,0.0,,0.0,0.0,,0.0,0.0,,0.0,0.0,,0.0,0.0,,0.0,0.0,,0.0,0.0,,0.0,0.0,,0.0,0.0,,0.0,0.0,,0.0,0.0,,0.0,0.0,0.0,,0.0,0.0,0.0,,0.0,0.0,0.0,,0.0,0.0,,0.0,0.0,,0.0,0.0,,0.0,0.0,0.0,0.0,0.0,0.0,0.0,0.0,0.0,,0.0,0.0,,0.0,0.0,,0.0,0.0,,0.0,,0.0,,0.0,,0.0,,0.0,,0.0,,0.0,,0.0,,0.0,,0.0,,0.0,,0.0,,0.0,,0.0,,0.0,,0.0,0.0,,0.0,0.0,,0.0,0.0,,0.0,0.0,,0.0,0.0,,0.0,0.0,,0.0,0.0,,0.0,0.0,,0.0,0.0,,0.0,0.0,,0.0,0.0,0.0,,0.0,0.0,0.0,,0.0,0.0,0.0,,0.0,0.0,0.0,,0.0,0.0,0.0,,0.0,0.0,0.0,,,,,,,,,,,,,,,,,,,,,,,,,,,,,,,,,,,,,,,,,,,,,,,,,,,,,,,,,,,,,,,,,,,,,,,,,,,,,,,,,,,,,,,,,,,,,,,,,,,,,,,,,,,,,,,,,,,,,,,,,,,,,,,,,,,,,,,,,,,,,,,,,,,,,,,,,,,,,,,,,,,,,,,,,,,,,,,,,,,,,,,,,,,,,,,,,,,,,,,,,,,,
YHz3hdmL,FINLAND,2025,FINLAND 1,FINLAND 1,25/05/2025,15:30,,SJK,hj3ima3I,Inter Turku,QwkNUoNH,False,0,1,,,,,,[],[],,0.0,0.0,0.0,,0.0,0.0,0.0,,0.0,0.0,0.0,,0.0,0.0,,0.0,0.0,,0.0,0.0,,0.0,0.0,,0.0,0.0,,0.0,0.0,,0.0,0.0,,0.0,0.0,,0.0,0.0,,0.0,0.0,,0.0,0.0,,0.0,0.0,,0.0,0.0,,0.0,0.0,,0.0,0.0,0.0,,0.0,0.0,0.0,,0.0,0.0,0.0,,0.0,0.0,,0.0,0.0,,0.0,0.0,,0.0,0.0,0.0,0.0,0.0,0.0,0.0,0.0,0.0,,0.0,0.0,,0.0,0.0,,0.0,0.0,,0.0,,0.0,,0.0,,0.0,,0.0,,0.0,,0.0,,0.0,,0.0,,0.0,,0.0,,0.0,,0.0,,0.0,,0.0,,0.0,0.0,,0.0,0.0,,0.0,0.0,,0.0,0.0,,0.0,0.0,,0.0,0.0,,0.0,0.0,,0.0,0.0,,0.0,0.0,,0.0,0.0,,0.0,0.0,0.0,,0.0,0.0,0.0,,0.0,0.0,0.0,,0.0,0.0,0.0,,0.0,0.0,0.0,,0.0,0.0,0.0,,,,,,,,,,,,,,,,,,,,,,,,,,,,,,,,,,,,,,,,,,,,,,,,,,,,,,,,,,,,,,,,,,,,,,,,,,,,,,,,,,,,,,,,,,,,,,,,,,,,,,,,,,,,,,,,,,,,,,,,,,,,,,,,,,,,,,,,,,,,,,,,,,,,,,,,,,,,,,,,,,,,,,,,,,,,,,,,,,,,,,,,,,,,,,,,,,,,,,,,,,,,
xjsffII8,FINLAND,2025,FINLAND 1,FINLAND 1,25/05/2025,13:00,,KuPS,nLBbqJDS,VPS,8GveH5dA,False,0,2,,,,,,[],[],,0.0,0.0,0.0,,0.0,0.0,0.0,,0.0,0.0,0.0,,0.0,0.0,,0.0,0.0,,0.0,0.0,,0.0,0.0,,0.0,0.0,,0.0,0.0,,0.0,0.0,,0.0,0.0,,0.0,0.0,,0.0,0.0,,0.0,0.0,,0.0,0.0,,0.0,0.0,,0.0,0.0,,0.0,0.0,0.0,,0.0,0.0,0.0,,0.0,0.0,0.0,,0.0,0.0,,0.0,0.0,,0.0,0.0,,0.0,0.0,0.0,0.0,0.0,0.0,0.0,0.0,0.0,,0.0,0.0,,0.0,0.0,,0.0,0.0,,0.0,,0.0,,0.0,,0.0,,0.0,,0.0,,0.0,,0.0,,0.0,,0.0,,0.0,,0.0,,0.0,,0.0,,0.0,,0.0,0.0,,0.0,0.0,,0.0,0.0,,0.0,0.0,,0.0,0.0,,0.0,0.0,,0.0,0.0,,0.0,0.0,,0.0,0.0,,0.0,0.0,,0.0,0.0,0.0,,0.0,0.0,0.0,,0.0,0.0,0.0,,0.0,0.0,0.0,,0.0,0.0,0.0,,0.0,0.0,0.0,,,,,,,,,,,,,,,,,,,,,,,,,,,,,,,,,,,,,,,,,,,,,,,,,,,,,,,,,,,,,,,,,,,,,,,,,,,,,,,,,,,,,,,,,,,,,,,,,,,,,,,,,,,,,,,,,,,,,,,,,,,,,,,,,,,,,,,,,,,,,,,,,,,,,,,,,,,,,,,,,,,,,,,,,,,,,,,,,,,,,,,,,,,,,,,,,,,,,,,,,,,,
Aw6aYzdk,FINLAND,2025,FINLAND 1,FINLAND 1,24/05/2025,14:00,,Ilves,pYGmWmwa,AC Oulu,Y35Jer59,False,0,0,,,,,,[],[],,0.0,0.0,0.0,,0.0,0.0,0.0,,0.0,0.0,0.0,,0.0,0.0,,0.0,0.0,,0.0,0.0,,0.0,0.0,,0.0,0.0,,0.0,0.0,,0.0,0.0,,0.0,0.0,,0.0,0.0,,0.0,0.0,,0.0,0.0,,0.0,0.0,,0.0,0.0,,0.0,0.0,,0.0,0.0,0.0,,0.0,0.0,0.0,,0.0,0.0,0.0,,0.0,0.0,,0.0,0.0,,0.0,0.0,,0.0,0.0,0.0,0.0,0.0,0.0,0.0,0.0,0.0,,0.0,0.0,,0.0,0.0,,0.0,0.0,,0.0,,0.0,,0.0,,0.0,,0.0,,0.0,,0.0,,0.0,,0.0,,0.0,,0.0,,0.0,,0.0,,0.0,,0.0,,0.0,0.0,,0.0,0.0,,0.0,0.0,,0.0,0.0,,0.0,0.0,,0.0,0.0,,0.0,0.0,,0.0,0.0,,0.0,0.0,,0.0,0.0,,0.0,0.0,0.0,,0.0,0.0,0.0,,0.0,0.0,0.0,,0.0,0.0,0.0,,0.0,0.0,0.0,,0.0,0.0,0.0,,,,,,,,,,,,,,,,,,,,,,,,,,,,,,,,,,,,,,,,,,,,,,,,,,,,,,,,,,,,,,,,,,,,,,,,,,,,,,,,,,,,,,,,,,,,,,,,,,,,,,,,,,,,,,,,,,,,,,,,,,,,,,,,,,,,,,,,,,,,,,,,,,,,,,,,,,,,,,,,,,,,,,,,,,,,,,,,,,,,,,,,,,,,,,,,,,,,,,,,,,,,
EBUkwKrA,FINLAND,2025,FINLAND 1,FINLAND 1,01/07/2025,15:00,,KuPS,nLBbqJDS,Gnistan,Aa28K98n,False,6,2,,,,,,"[37, 41, 45, 51, 64, 80]","[16, 48]",bet365,2.1,2.5,4.75,bet365,1.91,2.75,4.33,bet365,1.6,4.1,4.75,bet365,1.25,3.75,bet365,2.2,1.62,bet365,5.0,1.17,bet365,1.17,5.0,bet365,1.73,2.0,bet365,3.5,1.29,bet365,1.03,17.0,bet365,1.17,5.0,bet365,1.53,2.4,bet365,2.25,1.57,bet365,4.0,1.22,bet365,1.62,2.2,bet365,3.75,1.25,bet365,2.75,1.4,bet365,1.18,1.22,2.3,bet365,1.17,1.5,1.67,Betboom.br,1.15,1.37,1.82,bet365,1.25,3.75,Estrelabet,1.3,3.2,Betano.br,1.32,3.2,bet365,2.5,13.0,34.0,4.75,7.0,11.0,19.0,15.0,8.0,bet365,1.98,1.88,bet365,2.0,1.8,bet365,1.91,1.8,bet365,17.0,bet365,9.5,bet365,17.0,bet365,8.5,bet365,9.5,bet365,29.0,bet365,8.5,bet365,15.0,bet365,13.0,bet365,13.0,bet365,51.0,bet365,12.0,bet365,34.0,bet365,21.0,bet365,34.0,bet365,4.8,1.18,bet365,4.0,1.23,bet365,2.6,1.48,bet365,2.03,1.78,bet365,1.6,2.3,bet365,1.19,4.5,Betboom.br,1.02,8.4,Superbet.br,1.03,9.2,,0.0,0.0,,0.0,0.0,BetEsporte,9.2,7.0,35.0,KTO.br,4.8,4.6,34.0,bet365,2.6,4.0,0.0,bet365,0.0,0.0,2.3,KTO.br,1.03,16.0,1.48,BetEsporte,1.01,12.0,1.16,2.5,0.98,3.66,1.17,0.92,1.01,1.17,3.66,-0.83,-2.34,0.55,0.45,0.86,0.83,0.53,0.44,0.72,0.66,0.0,0.0,0.05,0.09,20.0,9.0,10.0,6.0,5.0,2.0,5.0,1.0,14.0,5.0,6.0,4.0,6.0,1.0,0.0,0.0,31.0,17.0,8.0,3.0,10.0,8.0,19.0,12.0,8.0,10.0,1.0,1.0,,,3.0,0.0,4.0,4.0,0.78,0.5,35.0,37.0,22.0,31.0,8.0,4.0,0.0,0.0,2.0,0.0,1.52,0.14,2.78,0.22,0.33,0.07,0.22,2.78,-0.78,-0.22,0.56,0.44,0.83,0.77,0.52,0.35,0.64,0.47,0.0,0.0,0.09,0.2,7.0,2.0,4.0,1.0,2.0,1.0,1.0,0.0,6.0,1.0,1.0,1.0,3.0,1.0,0.0,0.0,12.0,2.0,4.0,2.0,3.0,4.0,10.0,7.0,4.0,3.0,0.0,1.0,,,0.0,0.0,0.0,1.0,0.83,0.5,17.0,22.0,14.0,14.0,4.0,3.0,0.0,0.0,1.0,0.0,0.98,0.84,0.88,0.95,0.59,0.94,0.95,0.88,-0.05,-2.12,0.54,0.46,0.89,0.89,0.55,0.64,0.79,0.75,0.0,0.0,0.0,0.0,13.0,7.0,6.0,5.0,3.0,1.0,4.0,1.0,8.0,4.0,5.0,3.0,3.0,0.0,0.0,0.0,19.0,15.0,4.0,1.0,7.0,4.0,9.0,5.0,4.0,7.0,1.0,0.0,,,3.0,0.0,4.0,3.0,0.67,0.5,18.0,15.0,8.0,17.0,4.0,1.0,0.0,0.0,1.0,0.0
KnQwcEZr,FINLAND,2025,FINLAND 1,FINLAND 1,12/07/2025,14:00,,Inter Turku,QwkNUoNH,Jaro,faEPan8O,False,3,1,,,,,,"[21, 40, 45]",[77],bet365,1.67,2.75,8.0,bet365,1.5,3.1,8.0,bet365,1.27,4.33,10.0,bet365,1.25,3.75,bet365,2.2,1.62,bet365,5.0,1.17,bet365,1.14,5.5,bet365,1.73,2.0,bet365,3.4,1.3,bet365,1.03,17.0,bet365,1.14,5.5,bet365,1.53,2.4,bet365,2.2,1.62,bet365,3.75,1.25,bet365,1.95,1.8,bet365,4.5,1.18,bet365,3.5,1.29,bet365,1.05,1.18,3.5,bet365,1.06,1.4,2.1,KTO.br,1.07,1.29,2.3,bet365,1.07,9.0,Betnacional,1.15,5.0,Betano.br,1.15,5.0,bet365,1.8,17.0,51.0,4.0,8.0,23.0,17.0,21.0,19.0,bet365,2.0,1.85,bet365,2.0,1.8,bet365,1.91,1.8,bet365,15.0,bet365,8.5,bet365,29.0,bet365,9.5,bet365,7.0,bet365,51.0,bet365,9.0,bet365,29.0,bet365,19.0,bet365,8.5,bet365,126.0,bet365,11.0,bet365,67.0,bet365,26.0,bet365,51.0,bet365,2.85,1.4,bet365,2.35,1.58,bet365,1.8,2.0,bet365,1.43,2.75,bet365,1.3,3.45,Superbet.br,1.06,7.4,,0.0,0.0,,0.0,0.0,,0.0,0.0,,0.0,0.0,Betano.br,5.8,5.6,0.0,bet365,2.88,4.33,0.0,bet365,1.91,4.33,0.0,bet365,0.0,0.0,3.0,bet365,0.0,0.0,1.95,Betnacional,0.0,0.0,1.39,2.73,1.18,2.66,2.5,2.66,0.48,2.5,2.66,1.5,-0.34,0.66,0.34,0.89,0.76,0.55,0.46,0.84,0.64,1.0,0.0,0.35,0.23,20.0,16.0,9.0,6.0,5.0,8.0,6.0,2.0,15.0,4.0,5.0,12.0,4.0,1.0,0.0,1.0,54.0,23.0,10.0,8.0,5.0,5.0,19.0,14.0,5.0,5.0,2.0,1.0,,,3.0,3.0,5.0,6.0,0.59,0.61,46.0,36.0,23.0,25.0,8.0,2.0,0.0,0.0,0.0,0.0,1.91,0.2,1.93,0.29,1.6,0.15,0.29,1.93,0.29,-1.07,0.7,0.3,0.92,0.77,0.69,0.39,0.84,0.68,1.0,0.0,0.41,0.13,9.0,6.0,4.0,1.0,1.0,5.0,4.0,0.0,8.0,1.0,1.0,5.0,3.0,0.0,0.0,1.0,26.0,7.0,5.0,4.0,3.0,1.0,8.0,5.0,1.0,3.0,,,,,1.0,1.0,1.0,1.0,0.5,0.5,18.0,15.0,4.0,13.0,6.0,1.0,0.0,0.0,0.0,0.0,0.82,0.98,0.73,2.21,1.06,0.33,2.21,0.73,1.21,0.73,0.62,0.38,0.86,0.75,0.41,0.52,0.84,0.61,0.0,0.0,0.29,0.29,11.0,10.0,5.0,5.0,4.0,3.0,2.0,2.0,7.0,3.0,4.0,7.0,1.0,1.0,0.0,0.0,28.0,16.0,5.0,4.0,2.0,4.0,11.0,9.0,4.0,2.0,2.0,1.0,,,2.0,2.0,4.0,5.0,0.64,0.75,28.0,21.0,19.0,12.0,2.0,1.0,0.0,0.0,0.0,0.0
xnJVfqAC,FINLAND,2025,FINLAND 1,FINLAND 1,20/07/2025,15:30,,Jaro,faEPan8O,Ilves,pYGmWmwa,False,0,1,,,,,,[],[58],bet365,5.5,2.5,2.05,bet365,4.75,2.75,1.83,bet365,5.25,3.9,1.5,bet365,1.29,3.5,bet365,2.38,1.53,bet365,5.5,1.14,bet365,1.18,4.5,bet365,1.83,1.83,bet365,3.75,1.25,bet365,1.03,15.0,bet365,1.2,4.33,bet365,1.65,2.2,bet365,2.63,1.44,bet365,4.5,1.18,bet365,1.7,2.05,bet365,4.0,1.22,bet365,3.25,1.33,bet365,2.38,1.22,1.14,bet365,1.73,1.5,1.14,KTO.br,1.97,1.36,1.17,bet365,4.33,1.2,KTO.br,3.45,1.26,Betano.br,3.35,1.3,bet365,9.0,17.0,19.0,12.0,6.5,4.5,41.0,15.0,2.3,bet365,1.98,1.88,bet365,2.0,1.8,bet365,1.91,1.8,bet365,15.0,bet365,17.0,bet365,8.5,bet365,8.0,bet365,29.0,bet365,8.5,bet365,17.0,bet365,8.5,bet365,15.0,bet365,51.0,bet365,12.0,bet365,41.0,bet365,12.0,bet365,41.0,bet365,21.0,,0.0,0.0,,0.0,0.0,Superbet.br,11.0,1.02,Betboom.br,9.88,1.01,bet365,5.25,1.16,bet365,2.38,1.55,bet365,1.88,1.93,bet365,1.53,2.43,bet365,1.25,3.8,bet365,1.19,4.5,BetEsporte,40.0,12.0,8.6,KTO.br,36.0,17.0,4.1,bet365,0.0,0.0,2.4,bet365,2.38,3.75,0.0,Betano.br,1.5,4.85,1.06,Betano.br,1.18,7.7,0.0,0.09,3.22,0.1,2.3,0.51,2.63,2.3,0.1,1.3,0.1,0.34,0.66,0.71,0.86,0.46,0.45,0.46,0.8,0.0,0.0,0.43,0.31,3.0,33.0,1.0,10.0,1.0,10.0,1.0,13.0,1.0,23.0,2.0,10.0,0.0,4.0,0.0,0.0,11.0,76.0,1.0,17.0,4.0,15.0,19.0,14.0,15.0,4.0,4.0,3.0,1.0,0.0,2.0,0.0,9.0,1.0,0.5,0.5,38.0,61.0,52.0,18.0,6.0,6.0,1.0,0.0,1.0,0.0,0.04,2.05,0.0,1.21,0.09,1.11,1.21,0.0,1.21,0.0,0.33,0.67,0.73,0.89,0.46,0.6,0.38,0.8,0.0,0.0,0.67,0.35,1.0,19.0,0.0,6.0,1.0,5.0,0.0,8.0,1.0,13.0,0.0,6.0,0.0,2.0,0.0,0.0,4.0,33.0,1.0,10.0,3.0,6.0,10.0,8.0,6.0,3.0,1.0,0.0,,,0.0,0.0,6.0,0.0,0.86,0.5,17.0,25.0,29.0,9.0,3.0,1.0,1.0,0.0,1.0,0.0,0.05,1.17,0.1,1.09,0.42,1.52,1.09,0.1,0.09,0.1,0.35,0.65,0.7,0.82,0.45,0.35,0.51,0.79,0.0,0.0,0.25,0.25,2.0,14.0,1.0,4.0,0.0,5.0,1.0,5.0,0.0,10.0,2.0,4.0,0.0,2.0,0.0,0.0,7.0,43.0,0.0,7.0,1.0,9.0,9.0,6.0,9.0,1.0,3.0,3.0,1.0,0.0,2.0,0.0,3.0,1.0,0.14,0.5,21.0,36.0,23.0,9.0,3.0,5.0,0.0,0.0,0.0,0.0
40X688wJ,FINLAND,2025,FINLAND 1,FINLAND 1,18/06/2025,14:00,,Ilves,pYGmWmwa,SJK,hj3ima3I,False,2,3,,,,,,"[61, 90]","[45, 69, 90]",bet365,2.1,2.75,4.33,bet365,1.91,3.0,3.75,bet365,1.65,4.5,4.2,bet365,1.2,4.33,bet365,2.0,1.8,bet365,4.0,1.22,bet365,1.11,6.5,bet365,1.57,2.25,bet365,2.75,1.4,bet365,1.01,23.0,bet365,1.1,7.0,bet365,1.36,3.1,bet365,1.83,1.83,bet365,3.0,1.36,bet365,1.4,2.75,bet365,3.25,1.33,bet365,2.38,1.53,bet365,1.22,1.18,2.2,bet365,1.2,1.4,1.67,Betboom.br,1.24,1.36,1.82,bet365,1.3,3.4,Betano.br,1.36,2.92,Betano.br,1.38,2.9,bet365,2.5,13.0,26.0,5.0,8.0,10.0,17.0,15.0,7.0,bet365,1.95,1.9,bet365,2.0,1.8,bet365,1.83,1.83,bet365,26.0,bet365,13.0,bet365,21.0,bet365,10.0,bet365,12.0,bet365,29.0,bet365,9.0,bet365,15.0,bet365,12.0,bet365,15.0,bet365,51.0,bet365,12.0,bet365,29.0,bet365,17.0,bet365,26.0,bet365,4.65,1.18,bet365,3.9,1.24,bet365,2.6,1.48,bet365,2.08,1.73,bet365,1.68,2.15,bet365,1.24,3.9,bet365,1.1,7.0,Betboom.br,1.03,7.69,,0.0,0.0,,0.0,0.0,BetEsporte,8.4,7.0,30.0,KTO.br,4.7,4.8,23.0,bet365,2.5,4.33,0.0,bet365,0.0,0.0,2.2,KTO.br,1.06,13.0,1.46,BetEsporte,1.01,12.0,1.18,0.86,3.31,1.79,3.54,0.69,0.95,3.54,1.79,0.54,-0.22,0.61,0.39,0.87,0.81,0.53,0.41,0.74,0.55,0.0,0.0,0.24,0.25,9.0,9.0,6.0,4.0,1.0,3.0,2.0,2.0,7.0,7.0,2.0,2.0,1.0,4.0,1.0,0.0,33.0,15.0,11.0,3.0,8.0,17.0,23.0,14.0,17.0,8.0,3.0,0.0,,,4.0,1.0,1.0,4.0,0.38,0.71,40.0,53.0,10.0,45.0,4.0,7.0,0.0,0.0,1.0,0.0,0.39,0.87,0.3,0.99,0.41,0.05,0.99,0.3,-0.01,0.3,0.59,0.41,0.89,0.83,0.5,0.38,0.78,0.59,0.0,0.0,0.15,0.29,5.0,2.0,3.0,1.0,1.0,1.0,1.0,0.0,5.0,2.0,0.0,0.0,0.0,1.0,0.0,0.0,14.0,6.0,5.0,1.0,5.0,9.0,13.0,6.0,9.0,5.0,1.0,0.0,,,2.0,0.0,0.0,3.0,0.67,1.0,18.0,26.0,4.0,18.0,3.0,3.0,0.0,0.0,1.0,0.0,0.47,2.44,1.49,2.55,0.28,0.9,2.55,1.49,0.55,-0.52,0.63,0.37,0.84,0.79,0.6,0.44,0.71,0.5,0.0,0.0,0.33,0.2,4.0,7.0,3.0,3.0,0.0,2.0,1.0,2.0,2.0,5.0,2.0,2.0,1.0,3.0,1.0,0.0,19.0,9.0,6.0,2.0,3.0,8.0,10.0,8.0,8.0,3.0,2.0,0.0,,,2.0,1.0,1.0,1.0,0.2,0.55,22.0,27.0,6.0,27.0,1.0,4.0,0.0,0.0,0.0,0.0
YgMEbRAm,FINLAND,2025,FINLAND 1,FINLAND 1,18/07/2025,15:00,,KTP,zsgwCpdF,Inter Turku,QwkNUoNH,False,2,2,,,,,,"[28, 33]","[7, 31]",bet365,9.5,3.0,1.57,bet365,8.0,3.25,1.44,bet365,12.0,6.25,1.22,bet365,1.22,4.0,bet365,2.05,1.75,bet365,4.33,1.2,bet365,1.13,6.0,bet365,1.62,2.2,bet365,3.0,1.36,bet365,1.02,19.0,bet365,1.11,6.5,bet365,1.4,2.88,bet365,2.0,1.73,bet365,3.4,1.3,bet365,1.95,1.8,bet365,4.5,1.18,bet365,3.4,1.3,bet365,4.0,1.13,1.05,bet365,2.25,1.36,1.04,Betboom.br,2.46,1.31,1.08,bet365,10.0,1.06,Betnacional,4.83,1.16,Superbet.br,4.8,1.13,bet365,21.0,23.0,17.0,23.0,10.0,4.0,41.0,21.0,1.67,bet365,1.98,1.88,bet365,2.0,1.8,bet365,1.83,1.83,bet365,19.0,bet365,29.0,bet365,10.0,bet365,12.0,bet365,51.0,bet365,7.5,bet365,29.0,bet365,10.0,bet365,21.0,bet365,151.0,bet365,8.0,bet365,67.0,bet365,10.0,bet365,51.0,bet365,26.0,,0.0,0.0,,0.0,0.0,,0.0,0.0,Betboom.br,14.23,1.01,bet365,7.0,1.1,bet365,4.1,1.23,bet365,3.45,1.3,bet365,2.25,1.63,bet365,1.8,2.0,bet365,1.53,2.43,Betano.br,0.0,0.0,7.1,bet365,0.0,0.0,2.5,bet365,0.0,0.0,1.91,bet365,3.25,4.0,0.0,bet365,2.25,4.33,0.0,Betano.br,1.3,6.2,0.0,1.08,1.44,1.38,1.16,0.95,1.19,1.16,1.38,-0.84,-0.62,0.43,0.57,0.71,0.8,0.42,0.5,0.49,0.74,0.0,1.0,0.25,0.22,11.0,17.0,3.0,6.0,3.0,6.0,5.0,5.0,9.0,7.0,2.0,10.0,4.0,3.0,0.0,0.0,20.0,16.0,4.0,11.0,14.0,12.0,23.0,23.0,12.0,14.0,3.0,2.0,,,1.0,2.0,4.0,1.0,0.58,0.47,59.0,49.0,28.0,26.0,15.0,8.0,0.0,0.0,0.0,0.0,0.47,0.7,1.29,0.81,0.36,0.53,0.81,1.29,-1.19,-0.71,0.46,0.54,0.76,0.81,0.5,0.54,0.51,0.72,0.0,1.0,0.25,0.29,6.0,6.0,2.0,3.0,1.0,1.0,3.0,2.0,5.0,4.0,1.0,2.0,1.0,2.0,0.0,0.0,11.0,6.0,3.0,1.0,4.0,9.0,11.0,11.0,9.0,4.0,2.0,0.0,,,1.0,1.0,1.0,0.0,0.5,0.43,24.0,23.0,9.0,12.0,8.0,5.0,0.0,0.0,0.0,0.0,0.61,0.74,0.09,0.35,0.59,0.66,0.35,0.09,0.35,0.09,0.4,0.6,0.64,0.79,0.34,0.45,0.46,0.75,0.0,0.0,0.25,0.2,5.0,11.0,1.0,3.0,2.0,5.0,2.0,3.0,4.0,3.0,1.0,8.0,3.0,1.0,0.0,0.0,9.0,10.0,1.0,10.0,10.0,3.0,12.0,12.0,3.0,10.0,1.0,2.0,,,0.0,1.0,3.0,1.0,0.67,0.5,35.0,26.0,19.0,14.0,7.0,3.0,0.0,0.0,0.0,0.0
K8FgWBVP,FINLAND,2025,FINLAND 1,FINLAND 1,18/06/2025,18:00,,VPS,8GveH5dA,Gnistan,Aa28K98n,False,0,0,,,,,,[],[],bet365,2.75,2.25,3.75,bet365,2.5,2.5,3.25,bet365,2.15,3.5,3.1,bet365,1.36,3.0,bet365,2.63,1.44,bet365,7.0,1.1,bet365,1.22,4.0,bet365,2.0,1.73,bet365,4.33,1.2,bet365,1.04,12.0,bet365,1.25,3.75,bet365,1.83,1.98,bet365,3.0,1.36,bet365,6.0,1.13,bet365,1.7,2.05,bet365,4.33,1.2,bet365,3.25,1.33,bet365,1.36,1.29,1.67,bet365,1.25,1.57,1.4,KTO.br,1.28,1.42,1.53,bet365,1.57,2.25,Sportingbet.br,1.6,2.2,Betano.br,1.6,2.27,bet365,3.5,13.0,29.0,5.5,5.5,7.0,23.0,15.0,5.0,bet365,1.98,1.88,bet365,2.1,1.73,bet365,1.91,1.8,bet365,12.0,bet365,8.5,bet365,11.0,bet365,6.5,bet365,11.0,bet365,17.0,bet365,9.0,bet365,11.0,bet365,13.0,bet365,21.0,bet365,34.0,bet365,17.0,bet365,23.0,bet365,26.0,bet365,29.0,Superbet.br,7.7,1.06,bet365,7.0,1.1,bet365,4.0,1.23,bet365,3.3,1.33,bet365,2.1,1.7,bet365,1.35,3.1,bet365,1.14,5.75,bet365,1.11,6.6,Betboom.br,1.01,12.93,Betboom.br,1.01,13.68,KTO.br,23.0,12.5,56.0,KTO.br,7.5,5.8,18.0,bet365,4.0,4.0,0.0,bet365,0.0,0.0,1.67,KTO.br,1.09,10.0,1.24,KTO.br,1.01,23.0,1.06,0.67,0.61,1.33,0.17,0.63,0.56,0.17,1.33,0.17,1.31,0.58,0.42,0.74,0.71,0.47,0.25,0.69,0.65,1.0,0.0,0.23,0.35,11.0,10.0,5.0,3.0,4.0,6.0,2.0,1.0,9.0,6.0,2.0,4.0,1.0,0.0,0.0,0.0,21.0,16.0,10.0,4.0,12.0,12.0,26.0,25.0,12.0,12.0,0.0,2.0,,,3.0,0.0,3.0,5.0,0.67,0.62,69.0,47.0,21.0,41.0,7.0,11.0,0.0,0.0,0.0,0.0,0.25,0.09,1.33,0.02,0.17,0.13,0.02,1.33,0.02,1.33,0.53,0.47,0.69,0.68,0.5,0.15,0.6,0.63,1.0,0.0,0.06,0.29,4.0,3.0,3.0,1.0,1.0,2.0,0.0,0.0,3.0,0.0,1.0,3.0,1.0,0.0,0.0,0.0,7.0,6.0,2.0,1.0,6.0,5.0,14.0,16.0,5.0,6.0,,,,,2.0,0.0,1.0,3.0,0.6,1.0,39.0,21.0,13.0,22.0,7.0,5.0,0.0,0.0,0.0,0.0,0.42,0.52,0.0,0.15,0.46,0.43,0.15,0.0,0.15,-0.02,0.63,0.37,0.79,0.77,0.43,0.42,0.77,0.67,0.0,0.0,0.35,0.4,7.0,7.0,2.0,2.0,3.0,4.0,2.0,1.0,6.0,6.0,1.0,1.0,0.0,0.0,0.0,0.0,14.0,10.0,8.0,3.0,6.0,7.0,12.0,9.0,7.0,6.0,0.0,2.0,,,1.0,0.0,2.0,2.0,0.78,0.5,30.0,26.0,8.0,19.0,0.0,6.0,0.0,0.0,0.0,0.0
QP44rFKk,FINLAND,2025,FINLAND 1,FINLAND 1,05/07/2025,16:00,,VPS,8GveH5dA,HJK,nmjJVR7B,False,0,2,,,,,,[],"[54, 70]",bet365,3.75,2.5,2.4,bet365,3.4,2.75,2.2,bet365,3.4,3.5,1.85,bet365,1.25,3.75,bet365,2.2,1.62,bet365,5.0,1.17,bet365,1.14,5.5,bet365,1.73,2.0,bet365,3.25,1.33,bet365,1.02,19.0,bet365,1.14,5.5,bet365,1.48,2.6,bet365,2.1,1.67,bet365,3.75,1.25,bet365,1.5,2.5,bet365,3.5,1.29,bet365,2.63,1.44,bet365,1.8,1.25,1.29,bet365,1.53,1.5,1.25,Betboom.br,1.66,1.4,1.29,bet365,2.63,1.44,KTO.br,2.55,1.45,Novibet,2.5,1.49,bet365,5.5,13.0,19.0,8.5,6.5,5.5,26.0,13.0,3.0,bet365,2.0,1.85,bet365,2.0,1.8,bet365,1.91,1.8,bet365,19.0,bet365,17.0,bet365,11.0,bet365,7.5,bet365,23.0,bet365,12.0,bet365,13.0,bet365,9.0,bet365,11.0,bet365,41.0,bet365,19.0,bet365,23.0,bet365,13.0,bet365,26.0,bet365,19.0,KTO.br,19.0,1.01,Betboom.br,11.85,1.01,bet365,7.0,1.1,bet365,6.0,1.13,bet365,3.45,1.3,bet365,1.85,1.95,bet365,1.48,2.6,bet365,1.33,3.3,bet365,1.14,5.75,bet365,1.12,6.4,BetEsporte,28.0,12.0,13.0,Novibet,18.25,9.2,5.9,bet365,0.0,0.0,3.25,bet365,1.8,4.0,0.0,Betano.br,1.33,5.7,1.11,Betano.br,1.12,9.25,0.0,0.95,2.1,0.5,1.95,0.84,0.53,1.95,0.5,-0.05,0.5,0.5,0.5,0.81,0.84,0.47,0.44,0.62,0.61,0.0,0.0,0.35,0.17,12.0,9.0,2.0,3.0,6.0,3.0,4.0,3.0,8.0,9.0,4.0,0.0,2.0,3.0,0.0,1.0,23.0,17.0,9.0,3.0,9.0,14.0,30.0,18.0,14.0,9.0,1.0,1.0,,,4.0,1.0,1.0,2.0,0.67,0.54,36.0,39.0,11.0,26.0,8.0,8.0,0.0,2.0,0.0,0.0,0.89,0.32,0.5,0.0,0.75,0.12,0.0,0.5,0.0,0.5,0.46,0.54,0.81,0.84,0.48,0.45,0.66,0.57,0.0,0.0,0.5,0.25,9.0,3.0,2.0,0.0,4.0,1.0,3.0,2.0,7.0,3.0,2.0,0.0,2.0,1.0,0.0,1.0,15.0,8.0,4.0,2.0,4.0,8.0,11.0,11.0,8.0,4.0,,,,,2.0,1.0,0.0,2.0,0.5,0.5,16.0,20.0,6.0,13.0,2.0,1.0,0.0,1.0,0.0,0.0,0.06,1.78,0.0,1.95,0.09,0.41,1.95,0.0,-0.05,0.0,0.54,0.46,0.81,0.84,0.47,0.43,0.58,0.66,0.0,0.0,0.17,0.0,3.0,6.0,0.0,3.0,2.0,2.0,1.0,1.0,1.0,6.0,2.0,0.0,0.0,2.0,0.0,0.0,8.0,9.0,5.0,1.0,5.0,6.0,19.0,7.0,6.0,5.0,1.0,1.0,,,2.0,0.0,1.0,0.0,0.75,0.56,20.0,19.0,5.0,13.0,6.0,7.0,0.0,1.0,0.0,0.0
4vvSjqCG,FINLAND,2025,FINLAND 1,FINLAND 1,24/05/2025,12:00,,Jaro,faEPan8O,Gnistan,Aa28K98n,False,1,1,,,,,,[],[],,0.0,0.0,0.0,,0.0,0.0,0.0,,0.0,0.0,0.0,,0.0,0.0,,0.0,0.0,,0.0,0.0,,0.0,0.0,,0.0,0.0,,0.0,0.0,,0.0,0.0,,0.0,0.0,,0.0,0.0,,0.0,0.0,,0.0,0.0,,0.0,0.0,,0.0,0.0,,0.0,0.0,,0.0,0.0,0.0,,0.0,0.0,0.0,,0.0,0.0,0.0,,0.0,0.0,,0.0,0.0,,0.0,0.0,,0.0,0.0,0.0,0.0,0.0,0.0,0.0,0.0,0.0,,0.0,0.0,,0.0,0.0,,0.0,0.0,,0.0,,0.0,,0.0,,0.0,,0.0,,0.0,,0.0,,0.0,,0.0,,0.0,,0.0,,0.0,,0.0,,0.0,,0.0,,0.0,0.0,,0.0,0.0,,0.0,0.0,,0.0,0.0,,0.0,0.0,,0.0,0.0,,0.0,0.0,,0.0,0.0,,0.0,0.0,,0.0,0.0,,0.0,0.0,0.0,,0.0,0.0,0.0,,0.0,0.0,0.0,,0.0,0.0,0.0,,0.0,0.0,0.0,,0.0,0.0,0.0,,,,,,,,,,,,,,,,,,,,,,,,,,,,,,,,,,,,,,,,,,,,,,,,,,,,,,,,,,,,,,,,,,,,,,,,,,,,,,,,,,,,,,,,,,,,,,,,,,,,,,,,,,,,,,,,,,,,,,,,,,,,,,,,,,,,,,,,,,,,,,,,,,,,,,,,,,,,,,,,,,,,,,,,,,,,,,,,,,,,,,,,,,,,,,,,,,,,,,,,,,,,
pj1BJYoK,FINLAND,2025,FINLAND 1,FINLAND 1,14/06/2025,16:00,,Mariehamn,C8bOhcyj,VPS,8GveH5dA,False,1,5,,,,,,[72],"[6, 54, 57, 67, 80]",bet365,4.0,2.25,2.63,bet365,3.4,2.5,2.38,bet365,3.4,3.3,2.0,bet365,1.33,3.25,bet365,2.63,1.44,bet365,7.0,1.1,bet365,1.2,4.33,bet365,2.0,1.73,bet365,4.33,1.2,bet365,1.04,12.0,bet365,1.25,3.75,bet365,1.8,2.0,bet365,3.0,1.36,bet365,6.0,1.13,bet365,1.67,2.1,bet365,4.33,1.2,bet365,3.25,1.33,bet365,1.67,1.3,1.29,bet365,1.44,1.57,1.22,KTO.br,1.56,1.43,1.25,bet365,2.5,1.5,Estrelabet,2.4,1.5,Novibet,2.55,1.48,bet365,5.5,15.0,23.0,7.5,5.5,5.5,29.0,13.0,3.25,bet365,2.0,1.85,bet365,2.1,1.73,bet365,1.91,1.8,bet365,12.0,bet365,12.0,bet365,8.5,bet365,6.5,bet365,19.0,bet365,10.0,bet365,12.0,bet365,9.0,bet365,13.0,bet365,41.0,bet365,19.0,bet365,26.0,bet365,15.0,bet365,34.0,bet365,23.0,,0.0,0.0,,0.0,0.0,bet365,7.0,1.1,bet365,6.6,1.11,bet365,3.45,1.3,bet365,1.78,2.03,bet365,1.4,2.85,bet365,1.26,3.7,bet365,1.11,7.0,bet365,1.1,7.0,BetEsporte,30.0,11.0,17.0,KTO.br,34.0,14.0,7.0,bet365,0.0,0.0,3.75,bet365,1.67,4.0,0.0,Betano.br,1.28,6.0,1.1,KTO.br,1.04,14.0,0.0,0.63,1.67,1.15,2.89,0.63,0.78,2.89,1.15,-2.11,-0.11,0.53,0.47,0.79,0.77,0.51,0.5,0.74,0.64,0.0,0.0,0.33,0.33,16.0,9.0,3.0,6.0,8.0,3.0,5.0,0.0,9.0,7.0,7.0,2.0,0.0,3.0,0.0,0.0,23.0,17.0,9.0,2.0,16.0,10.0,28.0,21.0,10.0,16.0,2.0,2.0,,,0.0,1.0,1.0,2.0,0.52,0.71,58.0,61.0,25.0,33.0,10.0,10.0,0.0,1.0,2.0,0.0,0.29,0.52,0.0,0.97,0.42,0.7,0.97,0.0,-0.03,0.0,0.46,0.54,0.77,0.79,0.36,0.58,0.79,0.62,0.0,0.0,0.4,0.31,6.0,5.0,0.0,2.0,5.0,3.0,1.0,0.0,2.0,4.0,4.0,1.0,0.0,1.0,0.0,0.0,8.0,9.0,1.0,2.0,6.0,5.0,14.0,17.0,5.0,6.0,2.0,0.0,,,0.0,0.0,1.0,0.0,0.5,0.7,24.0,30.0,17.0,8.0,6.0,3.0,0.0,1.0,1.0,0.0,0.34,1.15,1.15,1.92,0.21,0.08,1.92,1.15,-2.08,-0.11,0.6,0.4,0.8,0.74,0.65,0.44,0.73,0.68,0.0,0.0,0.32,0.5,10.0,4.0,3.0,4.0,3.0,0.0,4.0,0.0,7.0,3.0,3.0,1.0,0.0,2.0,0.0,0.0,15.0,8.0,8.0,0.0,10.0,5.0,14.0,4.0,5.0,10.0,0.0,2.0,,,0.0,1.0,0.0,2.0,0.56,0.72,34.0,31.0,8.0,25.0,4.0,7.0,0.0,0.0,1.0,0.0
QTfGaDfl,FINLAND,2025,FINLAND 1,FINLAND 1,01/06/2025,15:30,,Jaro,faEPan8O,Inter Turku,QwkNUoNH,False,0,1,,,,,,[],[62],bet365,5.5,2.2,2.25,bet365,4.75,2.5,2.0,bet365,5.25,3.7,1.65,bet365,1.4,2.75,bet365,3.0,1.36,bet365,8.0,1.08,bet365,1.25,3.75,bet365,2.2,1.62,bet365,5.0,1.17,bet365,1.07,9.0,bet365,1.33,3.25,bet365,2.05,1.75,bet365,3.5,1.29,bet365,8.0,1.08,bet365,2.0,1.75,bet365,5.5,1.14,bet365,3.75,1.25,bet365,2.2,1.29,1.17,bet365,1.57,1.62,1.13,KTO.br,1.76,1.43,1.16,bet365,3.75,1.25,Esportivabet,3.2,1.3,Betano.br,3.2,1.32,bet365,9.0,17.0,23.0,11.0,5.5,4.33,41.0,15.0,2.6,bet365,1.98,1.88,bet365,2.1,1.73,bet365,2.0,1.73,bet365,9.0,bet365,13.0,bet365,6.5,bet365,7.0,bet365,26.0,bet365,7.5,bet365,17.0,bet365,8.5,bet365,19.0,bet365,51.0,bet365,12.0,bet365,41.0,bet365,15.0,bet365,51.0,bet365,29.0,,0.0,0.0,,0.0,0.0,Superbet.br,13.0,1.02,Betboom.br,13.96,1.01,bet365,5.0,1.17,bet365,2.2,1.65,bet365,1.68,2.15,bet365,1.4,2.85,bet365,1.17,5.0,bet365,1.13,5.9,BetEsporte,45.0,11.0,13.0,Novibet,36.0,11.25,5.35,bet365,0.0,0.0,2.88,bet365,2.2,3.5,0.0,Betano.br,1.44,4.85,1.04,KTO.br,1.08,10.5,0.0,0.54,0.66,0.0,1.1,0.37,0.6,1.1,0.0,-0.1,0.0,0.46,0.54,0.66,0.71,0.4,0.45,0.54,0.57,0.0,1.0,0.22,0.22,8.0,11.0,0.0,5.0,5.0,5.0,3.0,1.0,5.0,6.0,3.0,5.0,0.0,1.0,0.0,0.0,16.0,26.0,4.0,4.0,12.0,17.0,30.0,20.0,17.0,12.0,1.0,1.0,1.0,0.0,3.0,3.0,4.0,0.0,0.65,0.58,71.0,77.0,39.0,29.0,3.0,5.0,1.0,0.0,1.0,0.0,0.13,0.31,0.0,0.11,0.12,0.41,0.11,0.0,0.11,0.0,0.44,0.56,0.67,0.74,0.37,0.46,0.53,0.54,0.0,1.0,0.0,0.33,2.0,6.0,0.0,2.0,1.0,3.0,1.0,1.0,2.0,2.0,0.0,4.0,0.0,0.0,0.0,0.0,8.0,13.0,1.0,1.0,5.0,7.0,11.0,13.0,7.0,5.0,0.0,1.0,1.0,0.0,3.0,3.0,2.0,0.0,0.7,0.5,36.0,34.0,19.0,9.0,2.0,3.0,0.0,0.0,0.0,0.0,0.41,0.35,0.0,0.99,0.25,0.19,0.99,0.0,-0.21,0.0,0.48,0.52,0.64,0.68,0.42,0.45,0.56,0.59,0.0,0.0,0.25,0.17,6.0,5.0,0.0,3.0,4.0,2.0,2.0,0.0,3.0,4.0,3.0,1.0,0.0,1.0,0.0,0.0,8.0,13.0,3.0,3.0,7.0,10.0,19.0,7.0,10.0,7.0,1.0,0.0,,,0.0,0.0,2.0,0.0,0.6,0.67,35.0,43.0,20.0,20.0,1.0,2.0,1.0,0.0,1.0,0.0
8CpJh5s4,FINLAND,2025,FINLAND 1,FINLAND 1,23/05/2025,15:00,,KTP,zsgwCpdF,Haka,6oug4RRc,False,0,0,,,,,,[],[],,0.0,0.0,0.0,,0.0,0.0,0.0,,0.0,0.0,0.0,,0.0,0.0,,0.0,0.0,,0.0,0.0,,0.0,0.0,,0.0,0.0,,0.0,0.0,,0.0,0.0,,0.0,0.0,,0.0,0.0,,0.0,0.0,,0.0,0.0,,0.0,0.0,,0.0,0.0,,0.0,0.0,,0.0,0.0,0.0,,0.0,0.0,0.0,,0.0,0.0,0.0,,0.0,0.0,,0.0,0.0,,0.0,0.0,,0.0,0.0,0.0,0.0,0.0,0.0,0.0,0.0,0.0,,0.0,0.0,,0.0,0.0,,0.0,0.0,,0.0,,0.0,,0.0,,0.0,,0.0,,0.0,,0.0,,0.0,,0.0,,0.0,,0.0,,0.0,,0.0,,0.0,,0.0,,0.0,0.0,,0.0,0.0,,0.0,0.0,,0.0,0.0,,0.0,0.0,,0.0,0.0,,0.0,0.0,,0.0,0.0,,0.0,0.0,,0.0,0.0,,0.0,0.0,0.0,,0.0,0.0,0.0,,0.0,0.0,0.0,,0.0,0.0,0.0,,0.0,0.0,0.0,,0.0,0.0,0.0,,,,,,,,,,,,,,,,,,,,,,,,,,,,,,,,,,,,,,,,,,,,,,,,,,,,,,,,,,,,,,,,,,,,,,,,,,,,,,,,,,,,,,,,,,,,,,,,,,,,,,,,,,,,,,,,,,,,,,,,,,,,,,,,,,,,,,,,,,,,,,,,,,,,,,,,,,,,,,,,,,,,,,,,,,,,,,,,,,,,,,,,,,,,,,,,,,,,,,,,,,,,
ji6PQkgm,FINLAND,2025,FINLAND 1,FINLAND 1,18/06/2025,14:00,,Mariehamn,C8bOhcyj,KuPS,nLBbqJDS,False,1,0,,,,,,[79],[],bet365,5.5,2.5,2.05,bet365,4.5,2.75,1.83,bet365,5.0,4.5,1.57,bet365,1.29,3.5,bet365,2.25,1.57,bet365,5.5,1.14,bet365,1.17,5.0,bet365,1.8,1.91,bet365,3.5,1.29,bet365,1.03,17.0,bet365,1.17,5.0,bet365,1.57,2.35,bet365,2.38,1.53,bet365,4.33,1.2,bet365,1.67,2.1,bet365,4.0,1.22,bet365,3.0,1.36,bet365,2.3,1.18,1.17,bet365,1.73,1.5,1.14,Betboom.br,1.93,1.41,1.16,bet365,3.75,1.25,Estrelabet,3.33,1.28,Novibet,3.3,1.3,bet365,9.0,17.0,19.0,11.0,7.0,4.5,34.0,15.0,2.38,bet365,1.93,1.93,bet365,2.0,1.8,bet365,1.91,1.8,bet365,17.0,bet365,17.0,bet365,9.0,bet365,8.5,bet365,29.0,bet365,8.5,bet365,15.0,bet365,8.5,bet365,15.0,bet365,51.0,bet365,12.0,bet365,34.0,bet365,12.0,bet365,34.0,bet365,21.0,,0.0,0.0,,0.0,0.0,Superbet.br,11.0,1.03,Betboom.br,10.15,1.01,bet365,4.65,1.18,bet365,2.38,1.55,bet365,1.9,1.9,bet365,1.55,2.38,bet365,1.26,3.7,bet365,1.2,4.4,BetEsporte,40.0,12.0,8.8,KTO.br,46.0,19.0,4.6,bet365,0.0,0.0,2.4,bet365,2.3,4.0,0.0,Betano.br,1.57,4.7,1.06,Betano.br,1.21,7.2,0.0,0.69,2.16,0.32,0.88,1.15,3.54,0.88,0.32,0.88,-0.68,0.26,0.74,0.62,0.85,0.22,0.4,0.58,0.75,0.0,0.0,0.28,0.37,12.0,24.0,2.0,5.0,4.0,7.0,6.0,12.0,7.0,18.0,5.0,6.0,2.0,3.0,0.0,1.0,22.0,59.0,2.0,10.0,17.0,9.0,21.0,23.0,9.0,17.0,0.0,1.0,,,2.0,4.0,5.0,1.0,0.69,0.5,73.0,50.0,58.0,36.0,13.0,2.0,0.0,0.0,0.0,0.0,0.25,0.48,0.11,0.41,0.25,0.72,0.41,0.11,0.41,0.11,0.21,0.79,0.57,0.86,0.16,0.36,0.5,0.76,0.0,0.0,0.3,0.33,8.0,7.0,1.0,2.0,2.0,1.0,5.0,4.0,4.0,5.0,4.0,2.0,0.0,1.0,0.0,1.0,10.0,24.0,2.0,4.0,11.0,3.0,8.0,14.0,3.0,11.0,0.0,1.0,,,1.0,1.0,2.0,1.0,1.0,0.5,36.0,17.0,33.0,18.0,4.0,0.0,0.0,0.0,0.0,0.0,0.44,1.68,0.21,0.47,0.9,2.82,0.47,0.21,0.47,-0.79,0.31,0.69,0.66,0.84,0.25,0.43,0.63,0.75,0.0,0.0,0.25,0.41,4.0,17.0,1.0,3.0,2.0,6.0,1.0,8.0,3.0,13.0,1.0,4.0,2.0,2.0,0.0,0.0,12.0,35.0,0.0,6.0,6.0,6.0,13.0,9.0,6.0,6.0,,,,,1.0,3.0,3.0,0.0,0.38,0.5,37.0,33.0,25.0,18.0,9.0,2.0,0.0,0.0,0.0,0.0
zanBfRCi,FINLAND,2025,FINLAND 1,FINLAND 1,21/05/2025,15:00,,Ilves,pYGmWmwa,KuPS,nLBbqJDS,False,3,0,,,,,,[],[],,0.0,0.0,0.0,,0.0,0.0,0.0,,0.0,0.0,0.0,,0.0,0.0,,0.0,0.0,,0.0,0.0,,0.0,0.0,,0.0,0.0,,0.0,0.0,,0.0,0.0,,0.0,0.0,,0.0,0.0,,0.0,0.0,,0.0,0.0,,0.0,0.0,,0.0,0.0,,0.0,0.0,,0.0,0.0,0.0,,0.0,0.0,0.0,,0.0,0.0,0.0,,0.0,0.0,,0.0,0.0,,0.0,0.0,,0.0,0.0,0.0,0.0,0.0,0.0,0.0,0.0,0.0,,0.0,0.0,,0.0,0.0,,0.0,0.0,,0.0,,0.0,,0.0,,0.0,,0.0,,0.0,,0.0,,0.0,,0.0,,0.0,,0.0,,0.0,,0.0,,0.0,,0.0,,0.0,0.0,,0.0,0.0,,0.0,0.0,,0.0,0.0,,0.0,0.0,,0.0,0.0,,0.0,0.0,,0.0,0.0,,0.0,0.0,,0.0,0.0,,0.0,0.0,0.0,,0.0,0.0,0.0,,0.0,0.0,0.0,,0.0,0.0,0.0,,0.0,0.0,0.0,,0.0,0.0,0.0,,,,,,,,,,,,,,,,,,,,,,,,,,,,,,,,,,,,,,,,,,,,,,,,,,,,,,,,,,,,,,,,,,,,,,,,,,,,,,,,,,,,,,,,,,,,,,,,,,,,,,,,,,,,,,,,,,,,,,,,,,,,,,,,,,,,,,,,,,,,,,,,,,,,,,,,,,,,,,,,,,,,,,,,,,,,,,,,,,,,,,,,,,,,,,,,,,,,,,,,,,,,
WnZbAU86,FINLAND,2025,FINLAND 1,FINLAND 1,14/06/2025,16:00,,KuPS,nLBbqJDS,Ilves,pYGmWmwa,False,0,3,,,,,,[],"[31, 44, 56]",bet365,3.1,2.25,3.2,bet365,2.75,2.5,2.88,bet365,2.45,3.4,2.6,bet365,1.33,3.25,bet365,2.63,1.44,bet365,6.5,1.11,bet365,1.2,4.33,bet365,1.91,1.8,bet365,4.0,1.22,bet365,1.04,13.0,bet365,1.22,4.0,bet365,1.75,2.05,bet365,2.75,1.4,bet365,5.5,1.14,bet365,1.62,2.2,bet365,4.0,1.22,bet365,3.0,1.36,bet365,1.5,1.3,1.53,bet365,1.36,1.57,1.36,Betboom.br,1.39,1.49,1.44,bet365,1.8,1.91,KTO.br,1.7,1.98,Novibet,1.68,2.1,bet365,4.0,13.0,26.0,6.0,5.5,6.5,23.0,13.0,4.33,bet365,1.98,1.88,bet365,2.1,1.73,bet365,1.91,1.8,bet365,13.0,bet365,10.0,bet365,10.0,bet365,6.5,bet365,13.0,bet365,15.0,bet365,9.5,bet365,10.0,bet365,12.0,bet365,23.0,bet365,26.0,bet365,19.0,bet365,21.0,bet365,26.0,bet365,26.0,Superbet.br,10.0,1.03,Betboom.br,8.44,1.02,bet365,4.65,1.18,bet365,3.8,1.25,bet365,2.38,1.55,bet365,1.45,2.68,bet365,1.2,4.4,bet365,1.15,5.5,Betboom.br,1.01,9.89,Betboom.br,1.01,10.68,Betano.br,26.0,12.5,0.0,KTO.br,14.0,8.5,16.0,bet365,4.75,4.33,0.0,bet365,0.0,0.0,1.53,KTO.br,1.11,9.0,1.13,BetEsporte,1.02,11.0,1.04,0.56,2.4,0.18,2.8,0.75,1.47,2.8,0.18,-0.2,0.18,0.57,0.43,0.86,0.84,0.43,0.42,0.7,0.76,0.0,2.0,0.05,0.4,11.0,15.0,2.0,5.0,3.0,4.0,6.0,6.0,7.0,12.0,4.0,3.0,0.0,5.0,0.0,2.0,28.0,27.0,5.0,5.0,3.0,13.0,25.0,17.0,13.0,3.0,1.0,0.0,,,1.0,2.0,2.0,2.0,0.52,0.75,55.0,49.0,22.0,34.0,10.0,6.0,0.0,0.0,0.0,0.0,0.19,2.02,0.0,1.87,0.39,0.99,1.87,0.0,-0.13,0.0,0.55,0.45,0.85,0.84,0.41,0.27,0.7,0.78,0.0,1.0,0.17,0.38,4.0,12.0,0.0,4.0,0.0,2.0,4.0,6.0,2.0,9.0,2.0,3.0,0.0,4.0,0.0,2.0,7.0,18.0,1.0,4.0,1.0,5.0,13.0,7.0,5.0,1.0,,,,,0.0,0.0,2.0,0.0,0.45,0.0,23.0,19.0,17.0,12.0,3.0,4.0,0.0,0.0,0.0,0.0,0.37,0.38,0.18,0.93,0.36,0.48,0.93,0.18,-0.07,0.18,0.59,0.41,0.87,0.83,0.47,0.52,0.71,0.73,0.0,1.0,0.0,0.5,7.0,3.0,2.0,1.0,3.0,2.0,2.0,0.0,5.0,3.0,2.0,0.0,0.0,1.0,0.0,0.0,21.0,9.0,4.0,1.0,2.0,8.0,12.0,10.0,8.0,2.0,1.0,0.0,,,1.0,2.0,0.0,2.0,0.56,0.75,32.0,30.0,5.0,22.0,7.0,2.0,0.0,0.0,0.0,0.0
02q72zCL,FINLAND,2025,FINLAND 1,FINLAND 1,07/07/2025,15:00,,KTP,zsgwCpdF,Gnistan,Aa28K98n,False,0,0,,,,,,[73],[],bet365,4.0,2.6,2.2,bet365,3.75,2.88,2.0,bet365,3.7,3.9,1.7,bet365,1.22,4.0,bet365,2.1,1.67,bet365,4.5,1.18,bet365,1.13,6.0,bet365,1.67,2.1,bet365,3.0,1.36,bet365,1.02,19.0,bet365,1.13,6.0,bet365,1.44,2.7,bet365,2.1,1.67,bet365,3.5,1.29,bet365,1.44,2.63,bet365,3.4,1.3,bet365,2.5,1.5,bet365,2.0,1.22,1.25,bet365,1.62,1.5,1.22,Betboom.br,1.78,1.38,1.25,bet365,3.0,1.36,Betnacional,2.6,1.46,Betano.br,2.57,1.47,bet365,6.5,15.0,19.0,9.5,7.0,5.0,26.0,13.0,2.63,bet365,1.98,1.88,bet365,2.0,1.8,bet365,1.83,1.83,bet365,21.0,bet365,19.0,bet365,12.0,bet365,8.5,bet365,26.0,bet365,11.0,bet365,13.0,bet365,8.5,bet365,12.0,bet365,41.0,bet365,17.0,bet365,26.0,bet365,12.0,bet365,26.0,bet365,17.0,Betboom.br,14.23,1.01,Betboom.br,13.77,1.01,bet365,7.0,1.1,bet365,6.8,1.11,bet365,3.8,1.25,bet365,2.08,1.73,bet365,1.65,2.2,bet365,1.43,2.75,bet365,1.2,4.4,bet365,1.16,5.25,Novibet,32.0,13.0,11.0,Betano.br,19.0,10.25,5.6,bet365,0.0,0.0,2.75,bet365,2.0,4.0,0.0,Novibet,1.36,5.4,1.06,Betano.br,1.16,8.25,0.0,1.12,0.49,1.58,0.43,1.6,0.64,0.43,1.58,0.43,1.58,0.58,0.42,0.76,0.71,0.45,0.28,0.66,0.64,0.0,0.0,0.31,0.2,14.0,8.0,4.0,4.0,7.0,1.0,3.0,3.0,10.0,5.0,4.0,3.0,2.0,1.0,1.0,0.0,33.0,11.0,9.0,2.0,14.0,13.0,34.0,22.0,13.0,14.0,3.0,1.0,,,2.0,2.0,4.0,4.0,0.69,0.52,64.0,66.0,26.0,53.0,7.0,8.0,0.0,0.0,0.0,0.0,0.27,0.17,0.65,0.07,0.36,0.14,0.07,0.65,0.07,0.65,0.58,0.42,0.78,0.77,0.45,0.37,0.69,0.69,0.0,0.0,0.19,0.17,7.0,4.0,3.0,1.0,1.0,1.0,3.0,2.0,4.0,3.0,3.0,1.0,0.0,0.0,1.0,0.0,16.0,6.0,6.0,1.0,6.0,6.0,17.0,12.0,6.0,6.0,,,,,2.0,1.0,1.0,3.0,0.75,0.5,29.0,32.0,13.0,24.0,5.0,6.0,0.0,0.0,0.0,0.0,0.85,0.32,0.93,0.36,1.24,0.5,0.36,0.93,0.36,0.93,0.58,0.42,0.73,0.62,0.45,0.22,0.62,0.58,0.0,0.0,0.46,0.22,7.0,4.0,1.0,3.0,6.0,0.0,0.0,1.0,6.0,2.0,1.0,2.0,2.0,1.0,0.0,0.0,17.0,5.0,3.0,1.0,8.0,7.0,17.0,10.0,7.0,8.0,3.0,1.0,,,0.0,1.0,3.0,1.0,0.67,0.56,35.0,34.0,13.0,29.0,2.0,2.0,0.0,0.0,0.0,0.0
xp62iVKH,FINLAND,2025,FINLAND 1,FINLAND 1,26/07/2025,12:00,,Haka,6oug4RRc,KTP,zsgwCpdF,False,2,3,,,,,,"[22, 51]","[24, 53, 61]",bet365,2.5,2.4,3.6,bet365,2.3,2.75,3.2,bet365,2.0,3.5,3.3,bet365,1.25,3.75,bet365,2.25,1.57,bet365,5.5,1.14,bet365,1.17,5.0,bet365,1.73,2.0,bet365,3.4,1.3,bet365,1.03,17.0,bet365,1.17,5.0,bet365,1.57,2.35,bet365,2.25,1.57,bet365,4.0,1.22,bet365,1.5,2.5,bet365,3.5,1.29,bet365,2.63,1.44,bet365,1.33,1.29,1.8,bet365,1.29,1.53,1.5,KTO.br,1.27,1.41,1.65,bet365,1.5,2.5,KTO.br,1.5,2.4,Novibet,1.5,2.45,bet365,3.2,13.0,26.0,5.5,6.5,8.0,21.0,13.0,5.0,bet365,2.0,1.85,bet365,2.0,1.8,bet365,1.91,1.8,bet365,17.0,bet365,11.0,bet365,15.0,bet365,7.5,bet365,12.0,bet365,21.0,bet365,9.0,bet365,12.0,bet365,11.0,bet365,19.0,bet365,41.0,bet365,15.0,bet365,23.0,bet365,19.0,bet365,26.0,bet365,7.0,1.1,bet365,6.4,1.12,bet365,3.55,1.28,bet365,2.85,1.4,bet365,2.03,1.78,bet365,1.33,3.3,bet365,1.13,5.9,bet365,1.11,6.6,Betboom.br,1.01,11.13,Betboom.br,1.01,11.85,KTO.br,14.0,10.0,51.0,KTO.br,6.75,5.75,18.0,bet365,3.6,4.33,0.0,bet365,0.0,0.0,1.8,KTO.br,1.09,10.5,1.32,KTO.br,1.01,23.0,1.1,1.34,1.01,1.22,2.66,0.6,0.87,2.66,1.22,-0.34,-0.78,0.49,0.51,0.81,0.86,0.47,0.41,0.62,0.7,1.0,1.0,0.08,0.18,12.0,9.0,3.0,5.0,6.0,3.0,3.0,1.0,7.0,7.0,5.0,2.0,1.0,2.0,0.0,0.0,30.0,18.0,10.0,2.0,9.0,5.0,23.0,12.0,5.0,9.0,1.0,2.0,,,0.0,5.0,2.0,1.0,0.57,0.58,38.0,36.0,21.0,37.0,6.0,7.0,0.0,0.0,0.0,1.0,0.83,0.57,0.9,1.24,0.17,0.63,1.24,0.9,0.24,-0.1,0.43,0.57,0.84,0.9,0.55,0.62,0.59,0.75,1.0,1.0,0.0,0.11,2.0,5.0,1.0,3.0,1.0,1.0,0.0,1.0,1.0,3.0,1.0,2.0,1.0,1.0,0.0,0.0,5.0,12.0,1.0,2.0,6.0,5.0,7.0,7.0,5.0,6.0,0.0,1.0,,,0.0,3.0,2.0,0.0,0.5,0.5,21.0,16.0,14.0,9.0,1.0,3.0,0.0,0.0,0.0,0.0,0.51,0.44,0.32,1.42,0.43,0.24,1.42,0.32,-0.58,-0.68,0.55,0.45,0.79,0.78,0.41,0.32,0.63,0.64,0.0,0.0,0.11,0.5,10.0,4.0,2.0,2.0,5.0,2.0,3.0,0.0,6.0,4.0,4.0,0.0,0.0,1.0,0.0,0.0,25.0,6.0,9.0,0.0,3.0,0.0,16.0,5.0,0.0,3.0,1.0,1.0,,,0.0,2.0,0.0,1.0,0.67,0.67,17.0,20.0,7.0,28.0,5.0,4.0,0.0,0.0,0.0,1.0
4dyNVyyp,FINLAND,2025,FINLAND 1,FINLAND 1,02/07/2025,15:00,,Inter Turku,QwkNUoNH,Mariehamn,C8bOhcyj,False,0,0,,,,,,[70],[],bet365,1.47,3.2,11.0,bet365,1.36,3.6,9.0,bet365,1.17,7.5,15.0,bet365,1.18,4.5,bet365,1.98,1.83,bet365,4.0,1.22,bet365,1.11,6.5,bet365,1.57,2.25,bet365,2.75,1.4,bet365,1.02,21.0,bet365,1.1,7.0,bet365,1.36,3.1,bet365,1.83,1.83,bet365,3.0,1.36,bet365,1.95,1.8,bet365,4.5,1.18,bet365,3.5,1.29,bet365,1.03,1.1,5.0,bet365,1.02,1.36,2.5,Sportingbet.br,1.06,1.24,2.8,bet365,1.04,13.0,Sportingbet.br,1.09,6.5,Betano.br,1.1,6.2,bet365,1.53,21.0,51.0,4.0,12.0,29.0,17.0,26.0,26.0,bet365,1.93,1.93,bet365,2.0,1.77,bet365,1.83,1.83,bet365,21.0,bet365,11.0,bet365,34.0,bet365,15.0,bet365,7.5,bet365,67.0,bet365,10.0,bet365,34.0,bet365,26.0,bet365,7.5,bet365,201.0,bet365,10.0,bet365,81.0,bet365,26.0,bet365,67.0,bet365,2.2,1.65,bet365,1.75,2.05,bet365,1.5,2.5,bet365,1.23,4.1,bet365,1.17,5.0,Superbet.br,1.03,9.2,,0.0,0.0,,0.0,0.0,,0.0,0.0,,0.0,0.0,Betnacional,3.8,4.96,0.0,bet365,2.2,4.33,0.0,KTO.br,1.53,4.1,36.0,KTO.br,1.03,16.0,4.6,bet365,0.0,0.0,2.5,Betano.br,0.0,0.0,1.65,2.53,0.38,0.32,0.38,2.14,0.2,0.38,0.32,0.38,0.32,0.68,0.32,0.86,0.73,0.39,0.25,0.81,0.49,0.0,0.0,0.3,0.0,21.0,8.0,2.0,2.0,11.0,4.0,8.0,2.0,15.0,5.0,6.0,3.0,2.0,0.0,1.0,0.0,57.0,10.0,12.0,3.0,7.0,5.0,20.0,20.0,5.0,7.0,2.0,1.0,,,2.0,0.0,2.0,2.0,0.57,0.14,46.0,39.0,9.0,61.0,3.0,7.0,1.0,0.0,0.0,0.0,0.68,0.26,0.0,0.14,0.74,0.09,0.14,0.0,0.14,0.0,0.68,0.32,0.88,0.77,0.33,0.3,0.83,0.57,0.0,0.0,0.26,0.0,8.0,5.0,0.0,1.0,3.0,2.0,5.0,2.0,6.0,4.0,2.0,1.0,0.0,0.0,0.0,0.0,23.0,6.0,4.0,1.0,2.0,2.0,13.0,10.0,2.0,2.0,,,,,0.0,0.0,1.0,0.0,0.6,0.33,22.0,16.0,2.0,27.0,2.0,6.0,1.0,0.0,0.0,0.0,1.85,0.12,0.32,0.24,1.4,0.11,0.24,0.32,0.24,0.32,0.68,0.32,0.84,0.66,0.45,0.19,0.79,0.42,0.0,0.0,0.33,0.0,13.0,3.0,2.0,1.0,8.0,2.0,3.0,0.0,9.0,1.0,4.0,2.0,2.0,0.0,1.0,0.0,34.0,4.0,8.0,2.0,5.0,3.0,7.0,10.0,3.0,5.0,2.0,1.0,,,2.0,0.0,1.0,2.0,0.56,0.0,24.0,23.0,7.0,34.0,1.0,1.0,0.0,0.0,0.0,0.0
QBPVTF5d,FINLAND,2025,FINLAND 1,FINLAND 1,02/07/2025,15:00,,Ilves,pYGmWmwa,KTP,zsgwCpdF,False,2,1,,,,,,"[14, 46]",[85],bet365,1.41,3.5,9.5,bet365,1.36,4.0,8.0,bet365,1.14,8.5,10.0,bet365,1.14,5.5,bet365,1.67,2.1,bet365,3.25,1.33,bet365,1.07,9.0,bet365,1.4,2.75,bet365,2.25,1.57,bet365,1.0,41.0,bet365,1.05,11.0,bet365,1.2,4.33,bet365,1.53,2.38,bet365,2.2,1.62,bet365,1.7,2.05,bet365,3.75,1.25,bet365,2.75,1.4,bet365,1.06,1.08,5.5,bet365,1.04,1.29,2.63,Sportingbet.br,1.06,1.2,3.0,bet365,1.07,9.0,Sportingbet.br,1.1,6.25,Betano.br,1.11,6.0,bet365,1.53,23.0,41.0,4.33,15.0,26.0,15.0,26.0,23.0,bet365,1.88,1.98,bet365,1.87,1.87,bet365,1.83,1.83,bet365,34.0,bet365,15.0,bet365,34.0,bet365,19.0,bet365,10.0,bet365,51.0,bet365,11.0,bet365,29.0,bet365,26.0,bet365,9.0,bet365,126.0,bet365,10.0,bet365,51.0,bet365,21.0,bet365,41.0,bet365,2.03,1.78,bet365,1.63,2.25,bet365,1.43,2.75,bet365,1.22,4.15,bet365,1.17,5.0,Superbet.br,1.04,8.4,,0.0,0.0,,0.0,0.0,,0.0,0.0,,0.0,0.0,bet365,2.88,4.75,0.0,bet365,2.05,4.5,0.0,KTO.br,1.41,4.8,41.0,KTO.br,1.02,19.0,5.3,bet365,0.0,0.0,2.63,bet365,0.0,0.0,1.83,2.01,0.46,1.87,1.13,1.95,0.31,1.13,1.87,0.13,-0.13,0.62,0.38,0.88,0.78,0.64,0.55,0.8,0.62,1.0,0.0,0.38,0.13,26.0,9.0,6.0,3.0,11.0,4.0,9.0,2.0,18.0,5.0,8.0,4.0,1.0,1.0,0.0,0.0,56.0,16.0,4.0,2.0,7.0,6.0,21.0,20.0,6.0,7.0,2.0,1.0,,,2.0,1.0,2.0,4.0,0.67,0.87,58.0,40.0,25.0,26.0,7.0,9.0,0.0,1.0,1.0,2.0,1.58,0.14,0.8,0.0,1.43,0.08,0.0,0.8,0.0,-0.2,0.66,0.34,0.91,0.79,0.67,0.59,0.83,0.59,1.0,0.0,0.43,0.0,16.0,4.0,4.0,0.0,8.0,2.0,4.0,2.0,11.0,2.0,5.0,2.0,1.0,0.0,0.0,0.0,31.0,5.0,1.0,1.0,2.0,2.0,10.0,4.0,2.0,2.0,,,,,2.0,0.0,0.0,3.0,0.83,0.71,20.0,20.0,5.0,16.0,1.0,8.0,0.0,1.0,0.0,1.0,0.43,0.32,1.07,1.13,0.52,0.23,1.13,1.07,0.13,0.07,0.58,0.42,0.83,0.76,0.61,0.5,0.74,0.65,0.0,0.0,0.33,0.22,10.0,5.0,2.0,3.0,3.0,2.0,5.0,0.0,7.0,3.0,3.0,2.0,0.0,1.0,0.0,0.0,25.0,11.0,3.0,1.0,5.0,4.0,11.0,16.0,4.0,5.0,2.0,1.0,,,0.0,1.0,2.0,1.0,0.6,1.0,38.0,20.0,20.0,10.0,6.0,1.0,0.0,0.0,1.0,1.0
Sf68Qta4,FINLAND,2025,FINLAND 1,FINLAND 1,27/06/2025,17:00,,KuPS,nLBbqJDS,HJK,nmjJVR7B,False,3,0,,,,,,"[3, 8, 71]",[],bet365,3.1,2.4,3.0,bet365,2.75,2.63,2.63,bet365,2.55,3.8,2.45,bet365,1.29,3.5,bet365,2.25,1.57,bet365,5.5,1.14,bet365,1.17,5.0,bet365,1.8,1.91,bet365,3.5,1.29,bet365,1.03,17.0,bet365,1.18,4.5,bet365,1.6,2.3,bet365,2.5,1.5,bet365,4.33,1.2,bet365,1.5,2.5,bet365,3.75,1.25,bet365,2.63,1.44,bet365,1.53,1.25,1.5,bet365,1.36,1.53,1.36,Betano.br,1.42,1.44,1.4,bet365,1.83,1.83,Estrelabet,1.8,1.9,Novibet,2.07,1.7,bet365,4.0,13.0,23.0,6.5,6.5,6.5,23.0,13.0,4.0,bet365,1.95,1.9,bet365,2.0,1.8,bet365,1.91,1.8,bet365,17.0,bet365,12.0,bet365,12.0,bet365,7.5,bet365,15.0,bet365,15.0,bet365,10.0,bet365,10.0,bet365,12.0,bet365,26.0,bet365,26.0,bet365,19.0,bet365,17.0,bet365,21.0,bet365,21.0,Superbet.br,8.9,1.04,Betboom.br,7.73,1.03,bet365,4.8,1.18,bet365,4.0,1.23,bet365,2.5,1.5,bet365,1.55,2.38,bet365,1.26,3.7,bet365,1.19,4.5,bet365,1.11,6.8,Superbet.br,1.04,8.9,Novibet,32.0,12.75,0.0,Betano.br,11.25,7.3,11.75,bet365,4.75,4.5,4.5,bet365,1.53,4.5,1.5,KTO.br,1.16,7.5,1.16,KTO.br,1.04,16.0,1.04,1.68,1.74,2.1,1.03,1.38,1.13,1.03,2.1,1.03,-0.9,0.47,0.53,0.85,0.89,0.46,0.66,0.76,0.81,2.0,1.0,0.3,0.27,10.0,13.0,6.0,8.0,1.0,1.0,3.0,4.0,9.0,10.0,1.0,3.0,3.0,1.0,0.0,0.0,25.0,36.0,7.0,3.0,3.0,5.0,23.0,21.0,5.0,3.0,0.0,2.0,,,1.0,0.0,8.0,3.0,0.53,0.56,42.0,31.0,17.0,21.0,4.0,9.0,0.0,0.0,0.0,0.0,0.67,0.59,0.94,0.19,0.6,0.39,0.19,0.94,0.19,-1.06,0.43,0.57,0.86,0.92,0.5,0.62,0.68,0.83,1.0,0.0,0.29,0.11,5.0,7.0,3.0,4.0,1.0,1.0,1.0,2.0,5.0,6.0,0.0,1.0,2.0,0.0,0.0,0.0,10.0,19.0,2.0,2.0,3.0,1.0,10.0,11.0,1.0,3.0,0.0,1.0,,,0.0,0.0,4.0,1.0,0.38,1.0,20.0,11.0,7.0,11.0,0.0,2.0,0.0,0.0,0.0,0.0,1.01,1.15,1.16,0.84,0.78,0.74,0.84,1.16,0.84,0.16,0.51,0.49,0.85,0.86,0.4,0.7,0.81,0.8,1.0,1.0,0.31,1.0,5.0,6.0,3.0,4.0,0.0,0.0,2.0,2.0,4.0,4.0,1.0,2.0,1.0,1.0,0.0,0.0,15.0,17.0,5.0,1.0,0.0,4.0,13.0,10.0,4.0,0.0,0.0,1.0,,,1.0,0.0,4.0,2.0,0.67,0.5,22.0,20.0,10.0,10.0,4.0,7.0,0.0,0.0,0.0,0.0
fBXCsKH5,FINLAND,2025,FINLAND 1,FINLAND 1,12/05/2025,16:00,,SJK,hj3ima3I,VPS,8GveH5dA,False,2,3,,,,,,[],[],,0.0,0.0,0.0,,0.0,0.0,0.0,,0.0,0.0,0.0,,0.0,0.0,,0.0,0.0,,0.0,0.0,,0.0,0.0,,0.0,0.0,,0.0,0.0,,0.0,0.0,,0.0,0.0,,0.0,0.0,,0.0,0.0,,0.0,0.0,,0.0,0.0,,0.0,0.0,,0.0,0.0,,0.0,0.0,0.0,,0.0,0.0,0.0,,0.0,0.0,0.0,,0.0,0.0,,0.0,0.0,,0.0,0.0,,0.0,0.0,0.0,0.0,0.0,0.0,0.0,0.0,0.0,,0.0,0.0,,0.0,0.0,,0.0,0.0,,0.0,,0.0,,0.0,,0.0,,0.0,,0.0,,0.0,,0.0,,0.0,,0.0,,0.0,,0.0,,0.0,,0.0,,0.0,,0.0,0.0,,0.0,0.0,,0.0,0.0,,0.0,0.0,,0.0,0.0,,0.0,0.0,,0.0,0.0,,0.0,0.0,,0.0,0.0,,0.0,0.0,,0.0,0.0,0.0,,0.0,0.0,0.0,,0.0,0.0,0.0,,0.0,0.0,0.0,,0.0,0.0,0.0,,0.0,0.0,0.0,,,,,,,,,,,,,,,,,,,,,,,,,,,,,,,,,,,,,,,,,,,,,,,,,,,,,,,,,,,,,,,,,,,,,,,,,,,,,,,,,,,,,,,,,,,,,,,,,,,,,,,,,,,,,,,,,,,,,,,,,,,,,,,,,,,,,,,,,,,,,,,,,,,,,,,,,,,,,,,,,,,,,,,,,,,,,,,,,,,,,,,,,,,,,,,,,,,,,,,,,,,,
UNxrEC9s,FINLAND,2025,FINLAND 1,FINLAND 1,14/06/2025,16:00,,Gnistan,Aa28K98n,KTP,zsgwCpdF,False,2,1,,,,,,"[65, 90]",[34],bet365,2.3,2.5,4.0,bet365,2.1,2.75,3.6,bet365,1.8,3.8,3.7,bet365,1.25,3.75,bet365,2.2,1.62,bet365,5.0,1.17,bet365,1.14,5.5,bet365,1.73,2.0,bet365,3.4,1.3,bet365,1.03,17.0,bet365,1.14,5.5,bet365,1.53,2.4,bet365,2.25,1.57,bet365,4.0,1.22,bet365,1.53,2.38,bet365,3.5,1.29,bet365,2.63,1.44,bet365,1.29,1.25,1.95,bet365,1.22,1.5,1.57,KTO.br,1.2,1.36,1.74,bet365,1.36,3.0,KTO.br,1.38,2.7,Novibet,1.41,2.75,bet365,2.75,13.0,29.0,5.0,6.5,9.0,19.0,15.0,6.0,bet365,1.98,1.88,bet365,2.0,1.8,bet365,1.91,1.8,bet365,17.0,bet365,11.0,bet365,17.0,bet365,8.0,bet365,11.0,bet365,23.0,bet365,8.5,bet365,13.0,bet365,12.0,bet365,17.0,bet365,41.0,bet365,13.0,bet365,26.0,bet365,19.0,bet365,29.0,bet365,5.75,1.14,bet365,5.0,1.17,bet365,3.0,1.38,bet365,2.35,1.58,bet365,1.78,2.03,bet365,1.25,3.8,bet365,1.1,7.0,Superbet.br,1.06,7.5,,0.0,0.0,,0.0,0.0,BetEsporte,11.0,7.8,30.0,KTO.br,5.3,4.8,31.0,bet365,3.0,4.0,0.0,bet365,0.0,0.0,1.95,KTO.br,1.03,15.0,1.43,BetEsporte,1.01,12.0,1.12,1.6,0.49,2.03,0.89,1.06,0.28,0.89,2.03,-0.11,-0.01,0.54,0.46,0.81,0.71,0.42,0.32,0.6,0.59,0.0,0.0,0.22,0.17,15.0,11.0,6.0,5.0,7.0,4.0,2.0,2.0,9.0,3.0,6.0,8.0,3.0,0.0,0.0,0.0,21.0,18.0,8.0,2.0,11.0,13.0,24.0,20.0,13.0,11.0,4.0,5.0,,,3.0,1.0,4.0,4.0,0.71,0.63,40.0,44.0,24.0,30.0,15.0,9.0,0.0,2.0,1.0,0.0,0.31,0.15,0.77,0.78,0.1,0.2,0.78,0.77,-0.22,0.77,0.55,0.45,0.85,0.73,0.52,0.4,0.58,0.58,0.0,0.0,0.14,0.33,5.0,5.0,3.0,4.0,1.0,1.0,1.0,0.0,2.0,3.0,3.0,2.0,1.0,0.0,0.0,0.0,8.0,12.0,4.0,1.0,8.0,8.0,11.0,11.0,8.0,8.0,3.0,2.0,,,3.0,0.0,3.0,3.0,0.5,0.67,16.0,27.0,12.0,6.0,12.0,4.0,0.0,1.0,1.0,0.0,1.29,0.34,1.26,0.11,0.96,0.08,0.11,1.26,0.11,-0.78,0.53,0.47,0.76,0.7,0.33,0.26,0.62,0.6,0.0,0.0,0.25,0.0,10.0,6.0,3.0,1.0,6.0,3.0,1.0,2.0,7.0,0.0,3.0,6.0,2.0,0.0,0.0,0.0,13.0,6.0,4.0,1.0,3.0,5.0,13.0,9.0,5.0,3.0,1.0,3.0,,,0.0,1.0,1.0,1.0,0.8,0.57,24.0,17.0,12.0,24.0,3.0,5.0,0.0,1.0,0.0,0.0
lYAoRbXO,FINLAND,2025,FINLAND 1,FINLAND 1,10/05/2025,14:00,,Mariehamn,C8bOhcyj,Inter Turku,QwkNUoNH,False,2,2,,,,,,[],[],,0.0,0.0,0.0,,0.0,0.0,0.0,,0.0,0.0,0.0,,0.0,0.0,,0.0,0.0,,0.0,0.0,,0.0,0.0,,0.0,0.0,,0.0,0.0,,0.0,0.0,,0.0,0.0,,0.0,0.0,,0.0,0.0,,0.0,0.0,,0.0,0.0,,0.0,0.0,,0.0,0.0,,0.0,0.0,0.0,,0.0,0.0,0.0,,0.0,0.0,0.0,,0.0,0.0,,0.0,0.0,,0.0,0.0,,0.0,0.0,0.0,0.0,0.0,0.0,0.0,0.0,0.0,,0.0,0.0,,0.0,0.0,,0.0,0.0,,0.0,,0.0,,0.0,,0.0,,0.0,,0.0,,0.0,,0.0,,0.0,,0.0,,0.0,,0.0,,0.0,,0.0,,0.0,,0.0,0.0,,0.0,0.0,,0.0,0.0,,0.0,0.0,,0.0,0.0,,0.0,0.0,,0.0,0.0,,0.0,0.0,,0.0,0.0,,0.0,0.0,,0.0,0.0,0.0,,0.0,0.0,0.0,,0.0,0.0,0.0,,0.0,0.0,0.0,,0.0,0.0,0.0,,0.0,0.0,0.0,,,,,,,,,,,,,,,,,,,,,,,,,,,,,,,,,,,,,,,,,,,,,,,,,,,,,,,,,,,,,,,,,,,,,,,,,,,,,,,,,,,,,,,,,,,,,,,,,,,,,,,,,,,,,,,,,,,,,,,,,,,,,,,,,,,,,,,,,,,,,,,,,,,,,,,,,,,,,,,,,,,,,,,,,,,,,,,,,,,,,,,,,,,,,,,,,,,,,,,,,,,,
KhJUUtYa,FINLAND,2025,FINLAND 1,FINLAND 1,09/05/2025,16:31,,Ilves,pYGmWmwa,Haka,6oug4RRc,False,3,2,,,,,,[],[],,0.0,0.0,0.0,,0.0,0.0,0.0,,0.0,0.0,0.0,,0.0,0.0,,0.0,0.0,,0.0,0.0,,0.0,0.0,,0.0,0.0,,0.0,0.0,,0.0,0.0,,0.0,0.0,,0.0,0.0,,0.0,0.0,,0.0,0.0,,0.0,0.0,,0.0,0.0,,0.0,0.0,,0.0,0.0,0.0,,0.0,0.0,0.0,,0.0,0.0,0.0,,0.0,0.0,,0.0,0.0,,0.0,0.0,,0.0,0.0,0.0,0.0,0.0,0.0,0.0,0.0,0.0,,0.0,0.0,,0.0,0.0,,0.0,0.0,,0.0,,0.0,,0.0,,0.0,,0.0,,0.0,,0.0,,0.0,,0.0,,0.0,,0.0,,0.0,,0.0,,0.0,,0.0,,0.0,0.0,,0.0,0.0,,0.0,0.0,,0.0,0.0,,0.0,0.0,,0.0,0.0,,0.0,0.0,,0.0,0.0,,0.0,0.0,,0.0,0.0,,0.0,0.0,0.0,,0.0,0.0,0.0,,0.0,0.0,0.0,,0.0,0.0,0.0,,0.0,0.0,0.0,,0.0,0.0,0.0,,,,,,,,,,,,,,,,,,,,,,,,,,,,,,,,,,,,,,,,,,,,,,,,,,,,,,,,,,,,,,,,,,,,,,,,,,,,,,,,,,,,,,,,,,,,,,,,,,,,,,,,,,,,,,,,,,,,,,,,,,,,,,,,,,,,,,,,,,,,,,,,,,,,,,,,,,,,,,,,,,,,,,,,,,,,,,,,,,,,,,,,,,,,,,,,,,,,,,,,,,,,
69P7xYZ8,FINLAND,2025,FINLAND 1,FINLAND 1,28/04/2025,16:00,,SJK,hj3ima3I,Haka,6oug4RRc,False,2,2,,,,,,[],[],,0.0,0.0,0.0,,0.0,0.0,0.0,,0.0,0.0,0.0,,0.0,0.0,,0.0,0.0,,0.0,0.0,,0.0,0.0,,0.0,0.0,,0.0,0.0,,0.0,0.0,,0.0,0.0,,0.0,0.0,,0.0,0.0,,0.0,0.0,,0.0,0.0,,0.0,0.0,,0.0,0.0,,0.0,0.0,0.0,,0.0,0.0,0.0,,0.0,0.0,0.0,,0.0,0.0,,0.0,0.0,,0.0,0.0,,0.0,0.0,0.0,0.0,0.0,0.0,0.0,0.0,0.0,,0.0,0.0,,0.0,0.0,,0.0,0.0,,0.0,,0.0,,0.0,,0.0,,0.0,,0.0,,0.0,,0.0,,0.0,,0.0,,0.0,,0.0,,0.0,,0.0,,0.0,,0.0,0.0,,0.0,0.0,,0.0,0.0,,0.0,0.0,,0.0,0.0,,0.0,0.0,,0.0,0.0,,0.0,0.0,,0.0,0.0,,0.0,0.0,,0.0,0.0,0.0,,0.0,0.0,0.0,,0.0,0.0,0.0,,0.0,0.0,0.0,,0.0,0.0,0.0,,0.0,0.0,0.0,,,,,,,,,,,,,,,,,,,,,,,,,,,,,,,,,,,,,,,,,,,,,,,,,,,,,,,,,,,,,,,,,,,,,,,,,,,,,,,,,,,,,,,,,,,,,,,,,,,,,,,,,,,,,,,,,,,,,,,,,,,,,,,,,,,,,,,,,,,,,,,,,,,,,,,,,,,,,,,,,,,,,,,,,,,,,,,,,,,,,,,,,,,,,,,,,,,,,,,,,,,,
ImqDGjDk,FINLAND,2025,FINLAND 1,FINLAND 1,27/04/2025,13:00,,Gnistan,Aa28K98n,KuPS,nLBbqJDS,False,1,2,,,,,,[],[],,0.0,0.0,0.0,,0.0,0.0,0.0,,0.0,0.0,0.0,,0.0,0.0,,0.0,0.0,,0.0,0.0,,0.0,0.0,,0.0,0.0,,0.0,0.0,,0.0,0.0,,0.0,0.0,,0.0,0.0,,0.0,0.0,,0.0,0.0,,0.0,0.0,,0.0,0.0,,0.0,0.0,,0.0,0.0,0.0,,0.0,0.0,0.0,,0.0,0.0,0.0,,0.0,0.0,,0.0,0.0,,0.0,0.0,,0.0,0.0,0.0,0.0,0.0,0.0,0.0,0.0,0.0,,0.0,0.0,,0.0,0.0,,0.0,0.0,,0.0,,0.0,,0.0,,0.0,,0.0,,0.0,,0.0,,0.0,,0.0,,0.0,,0.0,,0.0,,0.0,,0.0,,0.0,,0.0,0.0,,0.0,0.0,,0.0,0.0,,0.0,0.0,,0.0,0.0,,0.0,0.0,,0.0,0.0,,0.0,0.0,,0.0,0.0,,0.0,0.0,,0.0,0.0,0.0,,0.0,0.0,0.0,,0.0,0.0,0.0,,0.0,0.0,0.0,,0.0,0.0,0.0,,0.0,0.0,0.0,,,,,,,,,,,,,,,,,,,,,,,,,,,,,,,,,,,,,,,,,,,,,,,,,,,,,,,,,,,,,,,,,,,,,,,,,,,,,,,,,,,,,,,,,,,,,,,,,,,,,,,,,,,,,,,,,,,,,,,,,,,,,,,,,,,,,,,,,,,,,,,,,,,,,,,,,,,,,,,,,,,,,,,,,,,,,,,,,,,,,,,,,,,,,,,,,,,,,,,,,,,,
zTulMCkS,FINLAND,2025,FINLAND 1,FINLAND 1,26/04/2025,16:00,,HJK,nmjJVR7B,VPS,8GveH5dA,False,3,1,,,,,,[],[],,0.0,0.0,0.0,,0.0,0.0,0.0,,0.0,0.0,0.0,,0.0,0.0,,0.0,0.0,,0.0,0.0,,0.0,0.0,,0.0,0.0,,0.0,0.0,,0.0,0.0,,0.0,0.0,,0.0,0.0,,0.0,0.0,,0.0,0.0,,0.0,0.0,,0.0,0.0,,0.0,0.0,,0.0,0.0,0.0,,0.0,0.0,0.0,,0.0,0.0,0.0,,0.0,0.0,,0.0,0.0,,0.0,0.0,,0.0,0.0,0.0,0.0,0.0,0.0,0.0,0.0,0.0,,0.0,0.0,,0.0,0.0,,0.0,0.0,,0.0,,0.0,,0.0,,0.0,,0.0,,0.0,,0.0,,0.0,,0.0,,0.0,,0.0,,0.0,,0.0,,0.0,,0.0,,0.0,0.0,,0.0,0.0,,0.0,0.0,,0.0,0.0,,0.0,0.0,,0.0,0.0,,0.0,0.0,,0.0,0.0,,0.0,0.0,,0.0,0.0,,0.0,0.0,0.0,,0.0,0.0,0.0,,0.0,0.0,0.0,,0.0,0.0,0.0,,0.0,0.0,0.0,,0.0,0.0,0.0,,,,,,,,,,,,,,,,,,,,,,,,,,,,,,,,,,,,,,,,,,,,,,,,,,,,,,,,,,,,,,,,,,,,,,,,,,,,,,,,,,,,,,,,,,,,,,,,,,,,,,,,,,,,,,,,,,,,,,,,,,,,,,,,,,,,,,,,,,,,,,,,,,,,,,,,,,,,,,,,,,,,,,,,,,,,,,,,,,,,,,,,,,,,,,,,,,,,,,,,,,,,
Yi9GOKTG,FINLAND,2025,FINLAND 1,FINLAND 1,28/06/2025,09:00,,SJK,hj3ima3I,Mariehamn,C8bOhcyj,False,4,1,,,,,,"[6, 17, 18, 64]",[90],bet365,1.8,2.88,6.0,bet365,1.62,3.1,5.5,bet365,1.38,5.25,6.5,bet365,1.2,4.33,bet365,1.98,1.83,bet365,4.0,1.22,bet365,1.13,6.0,bet365,1.62,2.2,bet365,2.75,1.4,bet365,1.01,23.0,bet365,1.1,7.0,bet365,1.36,3.1,bet365,1.83,1.83,bet365,3.25,1.33,bet365,1.62,2.2,bet365,3.75,1.25,bet365,2.75,1.4,bet365,1.11,1.17,3.0,bet365,1.11,1.4,1.91,Betboom.br,1.14,1.32,2.16,bet365,1.14,5.5,Novibet,1.21,3.85,Novibet,1.23,3.8,bet365,1.95,17.0,34.0,4.5,9.0,15.0,17.0,19.0,12.0,bet365,1.93,1.93,bet365,2.0,1.8,bet365,1.83,1.83,bet365,23.0,bet365,11.0,bet365,23.0,bet365,11.0,bet365,9.0,bet365,41.0,bet365,9.0,bet365,21.0,bet365,17.0,bet365,11.0,bet365,67.0,bet365,10.0,bet365,41.0,bet365,19.0,bet365,41.0,bet365,3.1,1.35,bet365,2.5,1.5,bet365,1.95,1.85,bet365,1.55,2.38,bet365,1.38,3.0,bet365,1.12,6.25,Betboom.br,1.01,11.3,Betboom.br,1.01,11.94,,0.0,0.0,,0.0,0.0,KTO.br,6.75,6.4,0.0,bet365,3.1,4.33,0.0,bet365,1.95,4.33,0.0,bet365,0.0,0.0,3.0,bet365,0.0,0.0,1.83,Betano.br,0.0,0.0,1.33,1.06,0.2,1.2,0.0,0.59,0.77,0.0,1.2,-0.9,-2.03,0.54,0.46,0.85,0.84,0.52,0.43,0.65,0.61,0.0,0.0,0.33,0.06,14.0,4.0,6.0,1.0,4.0,1.0,4.0,2.0,9.0,1.0,5.0,3.0,1.0,1.0,1.0,0.0,19.0,6.0,11.0,3.0,9.0,9.0,29.0,12.0,9.0,9.0,0.0,2.0,,,1.0,1.0,0.0,2.0,0.38,0.44,39.0,33.0,20.0,23.0,6.0,5.0,0.0,0.0,0.0,0.0,0.61,0.16,1.2,0.0,0.43,0.19,0.0,1.2,0.0,-0.8,0.61,0.39,0.88,0.81,0.5,0.4,0.68,0.57,0.0,0.0,0.25,0.0,8.0,2.0,4.0,0.0,2.0,0.0,2.0,2.0,7.0,1.0,1.0,1.0,1.0,0.0,1.0,0.0,10.0,4.0,5.0,2.0,2.0,5.0,16.0,5.0,5.0,2.0,,,,,0.0,1.0,0.0,1.0,0.57,0.8,15.0,15.0,10.0,11.0,4.0,2.0,0.0,0.0,0.0,0.0,0.45,0.04,0.0,0.0,0.16,0.58,0.0,0.0,-0.9,-1.23,0.47,0.53,0.81,0.88,0.54,0.47,0.6,0.64,0.0,0.0,0.4,0.1,6.0,2.0,2.0,1.0,2.0,1.0,2.0,0.0,2.0,0.0,4.0,2.0,0.0,1.0,0.0,0.0,9.0,2.0,6.0,1.0,7.0,4.0,13.0,7.0,4.0,7.0,0.0,2.0,,,1.0,0.0,0.0,1.0,0.17,0.27,24.0,18.0,10.0,12.0,2.0,3.0,0.0,0.0,0.0,0.0
Iq9PeVgD,FINLAND,2025,FINLAND 1,FINLAND 1,14/06/2025,14:00,,AC Oulu,Y35Jer59,HJK,nmjJVR7B,False,0,4,,,,,,[],"[21, 71, 78, 90]",bet365,4.75,2.3,2.25,bet365,4.33,2.6,2.05,bet365,4.0,3.75,1.67,bet365,1.33,3.25,bet365,2.5,1.5,bet365,6.5,1.11,bet365,1.2,4.33,bet365,2.0,1.73,bet365,4.0,1.22,bet365,1.04,13.0,bet365,1.22,4.0,bet365,1.75,2.05,bet365,2.75,1.4,bet365,5.5,1.14,bet365,1.75,2.0,bet365,4.33,1.2,bet365,3.4,1.3,bet365,2.0,1.22,1.2,bet365,1.57,1.57,1.17,Betboom.br,1.75,1.45,1.21,bet365,3.25,1.33,KTO.br,2.9,1.34,Novibet,3.15,1.33,bet365,7.5,15.0,21.0,9.5,6.0,4.75,34.0,15.0,2.63,bet365,1.93,1.93,bet365,2.1,1.73,bet365,1.91,1.8,bet365,13.0,bet365,13.0,bet365,8.0,bet365,7.5,bet365,23.0,bet365,8.5,bet365,13.0,bet365,8.5,bet365,15.0,bet365,51.0,bet365,13.0,bet365,34.0,bet365,13.0,bet365,34.0,bet365,23.0,,0.0,0.0,,0.0,0.0,Betboom.br,9.02,1.01,Betboom.br,8.18,1.03,bet365,4.0,1.23,bet365,2.08,1.73,bet365,1.6,2.3,bet365,1.38,3.0,bet365,1.16,5.25,bet365,1.13,5.9,BetEsporte,40.0,12.0,12.0,KTO.br,46.0,18.0,5.4,bet365,0.0,0.0,2.88,bet365,2.0,3.75,0.0,Betano.br,1.39,5.1,1.06,KTO.br,1.09,10.5,0.0,0.58,3.38,0.09,3.26,0.43,4.33,3.26,0.09,-0.18,0.09,0.4,0.6,0.71,0.81,0.37,0.55,0.57,0.69,0.0,4.0,0.27,0.5,5.0,22.0,1.0,6.0,3.0,9.0,1.0,7.0,4.0,19.0,1.0,3.0,2.0,6.0,0.0,1.0,17.0,41.0,2.0,13.0,18.0,11.0,26.0,30.0,11.0,18.0,1.0,3.0,,,3.0,2.0,2.0,1.0,0.64,0.67,63.0,64.0,14.0,15.0,6.0,5.0,2.0,1.0,2.0,0.0,0.0,1.23,0.0,0.22,0.05,1.31,0.22,0.0,0.22,0.0,0.34,0.66,0.68,0.86,0.36,0.69,0.49,0.71,0.0,3.0,0.0,0.3,0.0,12.0,0.0,1.0,0.0,7.0,0.0,4.0,0.0,9.0,0.0,3.0,0.0,3.0,0.0,1.0,2.0,17.0,0.0,7.0,6.0,6.0,14.0,10.0,6.0,6.0,0.0,1.0,,,3.0,2.0,0.0,0.0,0.67,0.73,26.0,31.0,5.0,7.0,2.0,3.0,1.0,0.0,0.0,0.0,0.58,2.15,0.09,3.04,0.38,3.02,3.04,0.09,-0.4,0.09,0.46,0.54,0.74,0.76,0.38,0.38,0.64,0.66,0.0,1.0,0.33,0.75,5.0,10.0,1.0,5.0,3.0,2.0,1.0,3.0,4.0,10.0,1.0,0.0,2.0,3.0,0.0,0.0,15.0,24.0,2.0,6.0,12.0,5.0,12.0,20.0,5.0,12.0,1.0,2.0,,,0.0,0.0,2.0,1.0,0.62,0.6,37.0,33.0,9.0,8.0,4.0,2.0,1.0,1.0,2.0,0.0
2FstOYKF,FINLAND,2025,FINLAND 1,FINLAND 1,26/04/2025,14:00,,Jaro,faEPan8O,KTP,zsgwCpdF,False,2,3,,,,,,[],[],,0.0,0.0,0.0,,0.0,0.0,0.0,,0.0,0.0,0.0,,0.0,0.0,,0.0,0.0,,0.0,0.0,,0.0,0.0,,0.0,0.0,,0.0,0.0,,0.0,0.0,,0.0,0.0,,0.0,0.0,,0.0,0.0,,0.0,0.0,,0.0,0.0,,0.0,0.0,,0.0,0.0,,0.0,0.0,0.0,,0.0,0.0,0.0,,0.0,0.0,0.0,,0.0,0.0,,0.0,0.0,,0.0,0.0,,0.0,0.0,0.0,0.0,0.0,0.0,0.0,0.0,0.0,,0.0,0.0,,0.0,0.0,,0.0,0.0,,0.0,,0.0,,0.0,,0.0,,0.0,,0.0,,0.0,,0.0,,0.0,,0.0,,0.0,,0.0,,0.0,,0.0,,0.0,,0.0,0.0,,0.0,0.0,,0.0,0.0,,0.0,0.0,,0.0,0.0,,0.0,0.0,,0.0,0.0,,0.0,0.0,,0.0,0.0,,0.0,0.0,,0.0,0.0,0.0,,0.0,0.0,0.0,,0.0,0.0,0.0,,0.0,0.0,0.0,,0.0,0.0,0.0,,0.0,0.0,0.0,,,,,,,,,,,,,,,,,,,,,,,,,,,,,,,,,,,,,,,,,,,,,,,,,,,,,,,,,,,,,,,,,,,,,,,,,,,,,,,,,,,,,,,,,,,,,,,,,,,,,,,,,,,,,,,,,,,,,,,,,,,,,,,,,,,,,,,,,,,,,,,,,,,,,,,,,,,,,,,,,,,,,,,,,,,,,,,,,,,,,,,,,,,,,,,,,,,,,,,,,,,,
KjIQnFgo,FINLAND,2025,FINLAND 1,FINLAND 1,20/05/2025,15:00,,HJK,nmjJVR7B,SJK,hj3ima3I,False,4,2,,,,,,"[8, 15, 35, 56]","[68, 88]",bet365,1.83,2.75,6.0,bet365,1.67,3.0,5.0,bet365,1.42,5.0,6.0,bet365,1.22,4.0,bet365,2.05,1.75,bet365,4.5,1.18,bet365,1.14,5.5,bet365,1.67,2.1,bet365,3.25,1.33,bet365,1.02,21.0,bet365,1.13,6.0,bet365,1.4,2.88,bet365,2.0,1.73,bet365,3.4,1.3,bet365,1.62,2.2,bet365,3.75,1.25,bet365,2.75,1.4,bet365,1.13,1.17,2.75,bet365,1.11,1.4,1.83,Sportingbet.br,1.13,1.31,2.1,bet365,1.17,5.0,Esportivabet,1.22,3.75,Betano.br,1.24,3.8,bet365,2.05,15.0,34.0,4.5,8.0,15.0,17.0,17.0,11.0,bet365,1.93,1.93,bet365,2.0,1.8,bet365,1.83,1.83,bet365,21.0,bet365,10.0,bet365,21.0,bet365,10.0,bet365,8.5,bet365,34.0,bet365,8.5,bet365,19.0,bet365,17.0,bet365,11.0,bet365,67.0,bet365,11.0,bet365,41.0,bet365,21.0,bet365,41.0,bet365,3.45,1.3,bet365,2.85,1.4,bet365,2.08,1.73,bet365,1.63,2.25,bet365,1.43,2.75,bet365,1.14,5.75,Betboom.br,1.01,12.55,Betboom.br,1.01,12.09,,0.0,0.0,,0.0,0.0,BetEsporte,6.4,6.0,35.0,BetEsporte,3.4,4.4,29.0,bet365,2.05,4.0,0.0,bet365,0.0,0.0,2.75,Betano.br,1.07,11.25,1.75,BetEsporte,1.01,12.0,1.27,1.66,3.4,2.92,2.2,1.52,1.39,2.2,2.92,0.16,-0.08,0.48,0.52,0.83,0.82,0.43,0.5,0.76,0.72,2.0,1.0,0.2,0.29,13.0,21.0,6.0,5.0,5.0,8.0,2.0,8.0,7.0,14.0,5.0,7.0,3.0,5.0,0.0,1.0,33.0,40.0,2.0,9.0,10.0,6.0,17.0,17.0,6.0,10.0,0.0,2.0,,,2.0,2.0,3.0,2.0,0.68,0.53,53.0,37.0,36.0,18.0,7.0,6.0,2.0,0.0,0.0,1.0,1.46,0.39,2.89,0.03,1.08,0.31,0.03,2.89,0.03,-0.11,0.47,0.53,0.85,0.84,0.54,0.5,0.79,0.77,2.0,0.0,0.33,0.5,9.0,6.0,5.0,1.0,3.0,3.0,1.0,2.0,6.0,3.0,3.0,3.0,3.0,0.0,0.0,0.0,21.0,13.0,1.0,0.0,5.0,4.0,9.0,9.0,4.0,5.0,,,,,2.0,0.0,1.0,2.0,0.75,0.55,26.0,19.0,13.0,9.0,2.0,4.0,0.0,0.0,0.0,1.0,0.2,3.01,0.03,2.17,0.44,1.08,2.17,0.03,0.13,0.03,0.49,0.51,0.81,0.79,0.32,0.5,0.7,0.68,0.0,1.0,0.0,0.2,4.0,15.0,1.0,4.0,2.0,5.0,1.0,6.0,1.0,11.0,2.0,4.0,0.0,5.0,0.0,1.0,12.0,27.0,1.0,9.0,5.0,2.0,8.0,8.0,2.0,5.0,0.0,2.0,,,0.0,2.0,2.0,0.0,0.6,0.5,27.0,18.0,23.0,9.0,5.0,2.0,2.0,0.0,0.0,0.0
EF4wbu2n,FINLAND,2025,FINLAND 1,FINLAND 1,17/05/2025,14:00,,Inter Turku,QwkNUoNH,Ilves,pYGmWmwa,False,3,1,,,,,,"[6, 81, 89]",[10],bet365,2.75,2.38,3.4,bet365,2.5,2.6,3.0,bet365,2.25,3.5,2.9,bet365,1.3,3.4,bet365,2.38,1.53,bet365,6.0,1.13,bet365,1.18,4.5,bet365,1.83,1.83,bet365,3.75,1.25,bet365,1.03,15.0,bet365,1.18,4.5,bet365,1.65,2.2,bet365,2.5,1.5,bet365,4.5,1.18,bet365,1.53,2.38,bet365,3.75,1.25,bet365,2.75,1.4,bet365,1.4,1.29,1.62,bet365,1.3,1.53,1.4,Sportingbet.br,1.32,1.43,1.49,bet365,1.67,2.1,Sportingbet.br,1.65,2.1,Betano.br,1.7,2.07,bet365,3.6,13.0,26.0,6.0,6.0,7.0,23.0,13.0,4.75,bet365,2.0,1.85,bet365,2.0,1.8,bet365,1.91,1.8,bet365,15.0,bet365,11.0,bet365,12.0,bet365,7.0,bet365,13.0,bet365,17.0,bet365,9.5,bet365,11.0,bet365,12.0,bet365,21.0,bet365,29.0,bet365,17.0,bet365,21.0,bet365,21.0,bet365,26.0,Betboom.br,10.17,1.01,bet365,7.0,1.1,bet365,4.0,1.23,bet365,3.3,1.33,bet365,2.2,1.65,bet365,1.4,2.85,bet365,1.16,5.25,bet365,1.13,5.9,,0.0,0.0,,0.0,0.0,BetEsporte,18.0,9.6,25.0,Novibet,8.7,6.3,14.25,bet365,4.33,4.33,0.0,bet365,0.0,0.0,1.62,Betano.br,1.15,8.0,1.24,BetEsporte,1.02,11.0,1.05,1.44,0.59,1.86,0.54,0.55,0.75,0.54,1.86,-0.46,-1.14,0.51,0.49,0.88,0.85,0.49,0.35,0.71,0.67,0.0,0.0,0.17,0.32,9.0,13.0,6.0,4.0,1.0,8.0,2.0,1.0,6.0,9.0,3.0,4.0,1.0,0.0,0.0,0.0,27.0,25.0,3.0,5.0,6.0,13.0,16.0,11.0,13.0,6.0,2.0,2.0,,,2.0,1.0,3.0,3.0,0.78,0.68,47.0,63.0,29.0,17.0,5.0,12.0,0.0,0.0,0.0,0.0,0.29,0.39,0.79,0.52,0.18,0.5,0.52,0.79,-0.48,-0.21,0.53,0.47,0.9,0.88,0.57,0.43,0.69,0.72,0.0,0.0,0.14,0.44,3.0,7.0,2.0,2.0,0.0,4.0,1.0,1.0,2.0,5.0,1.0,2.0,0.0,0.0,0.0,0.0,12.0,10.0,1.0,2.0,3.0,5.0,6.0,6.0,5.0,3.0,,,,,1.0,1.0,1.0,1.0,0.67,0.58,23.0,29.0,6.0,9.0,3.0,5.0,0.0,0.0,0.0,0.0,1.15,0.2,1.07,0.02,0.37,0.25,0.02,1.07,0.02,-0.93,0.49,0.51,0.85,0.82,0.39,0.29,0.72,0.62,0.0,0.0,0.2,0.2,6.0,6.0,4.0,2.0,1.0,4.0,1.0,0.0,4.0,4.0,2.0,2.0,1.0,0.0,0.0,0.0,15.0,15.0,2.0,3.0,3.0,8.0,10.0,5.0,8.0,3.0,2.0,2.0,,,1.0,0.0,2.0,2.0,1.0,0.77,24.0,34.0,23.0,8.0,2.0,7.0,0.0,0.0,0.0,0.0
tKPMd5u0,FINLAND,2025,FINLAND 1,FINLAND 1,19/07/2025,14:00,,VPS,8GveH5dA,KuPS,nLBbqJDS,False,1,1,,,,,,[89],[80],bet365,3.75,2.3,2.63,bet365,3.25,2.6,2.4,bet365,3.25,3.4,1.95,bet365,1.33,3.25,bet365,2.5,1.5,bet365,6.5,1.11,bet365,1.2,4.33,bet365,1.91,1.8,bet365,4.0,1.22,bet365,1.04,13.0,bet365,1.22,4.0,bet365,1.73,2.08,bet365,2.75,1.4,bet365,5.5,1.14,bet365,1.62,2.2,bet365,4.0,1.22,bet365,3.0,1.36,bet365,1.73,1.29,1.3,bet365,1.44,1.57,1.25,Betboom.br,1.57,1.47,1.31,bet365,2.38,1.53,Betnacional,2.22,1.61,Betano.br,2.2,1.62,bet365,5.0,15.0,23.0,7.5,6.0,5.5,29.0,13.0,3.4,bet365,1.98,1.88,bet365,2.1,1.73,bet365,1.91,1.8,bet365,13.0,bet365,12.0,bet365,9.0,bet365,7.0,bet365,17.0,bet365,11.0,bet365,12.0,bet365,9.0,bet365,13.0,bet365,34.0,bet365,19.0,bet365,23.0,bet365,15.0,bet365,29.0,bet365,23.0,,0.0,0.0,Betboom.br,15.12,1.01,bet365,7.0,1.1,bet365,6.25,1.12,bet365,3.3,1.33,bet365,1.78,2.03,bet365,1.4,2.85,bet365,1.28,3.55,bet365,1.1,7.0,Betboom.br,1.03,8.58,KTO.br,51.0,23.0,21.0,KTO.br,18.0,10.0,8.5,bet365,0.0,0.0,3.75,bet365,1.73,4.0,0.0,KTO.br,1.23,6.4,1.09,KTO.br,1.07,12.5,1.01,0.87,0.71,0.85,0.36,1.24,1.37,0.36,0.85,-0.64,-0.22,0.57,0.43,0.88,0.82,0.54,0.45,0.8,0.71,0.0,0.0,0.14,0.4,12.0,7.0,3.0,2.0,3.0,1.0,6.0,4.0,8.0,4.0,4.0,2.0,1.0,1.0,0.0,0.0,25.0,18.0,4.0,1.0,6.0,10.0,19.0,24.0,10.0,6.0,2.0,2.0,0.0,1.0,1.0,1.0,1.0,2.0,0.67,0.6,48.0,47.0,17.0,17.0,7.0,5.0,0.0,0.0,0.0,0.0,0.44,0.29,0.0,0.26,0.44,0.6,0.26,0.0,0.26,0.0,0.4,0.6,0.84,0.85,0.25,0.5,0.67,0.74,0.0,0.0,0.09,0.4,4.0,6.0,0.0,1.0,2.0,1.0,2.0,4.0,3.0,3.0,1.0,2.0,0.0,0.0,0.0,0.0,10.0,12.0,1.0,1.0,3.0,7.0,7.0,14.0,7.0,3.0,1.0,1.0,0.0,1.0,0.0,1.0,1.0,0.0,0.64,0.53,29.0,32.0,15.0,7.0,4.0,2.0,0.0,0.0,0.0,0.0,0.43,0.42,0.85,0.1,0.8,0.77,0.1,0.85,-0.9,-0.22,0.74,0.26,0.9,0.78,0.76,0.38,0.84,0.63,0.0,0.0,0.17,0.4,8.0,1.0,3.0,1.0,1.0,0.0,4.0,0.0,5.0,1.0,3.0,0.0,1.0,1.0,0.0,0.0,15.0,6.0,3.0,0.0,3.0,3.0,12.0,10.0,3.0,3.0,1.0,1.0,,,1.0,0.0,0.0,2.0,0.7,0.8,19.0,15.0,2.0,10.0,3.0,3.0,0.0,0.0,0.0,0.0
pY7uN7hC,FINLAND,2025,FINLAND 1,FINLAND 1,18/06/2025,18:00,,Jaro,faEPan8O,AC Oulu,Y35Jer59,False,2,1,,,,,,"[71, 88]",[49],bet365,3.25,2.1,3.2,bet365,2.88,2.4,2.88,bet365,2.63,3.5,2.55,bet365,1.4,2.75,bet365,3.0,1.36,bet365,8.0,1.08,bet365,1.25,3.75,bet365,2.2,1.62,bet365,5.0,1.17,bet365,1.05,11.0,bet365,1.33,3.25,bet365,2.03,1.78,bet365,3.5,1.29,bet365,7.0,1.1,bet365,1.8,1.95,bet365,4.5,1.18,bet365,3.5,1.29,bet365,1.5,1.29,1.44,bet365,1.36,1.67,1.33,Betano.br,1.38,1.57,1.34,bet365,1.83,1.83,KTO.br,1.97,1.73,Betano.br,1.93,1.8,bet365,4.33,15.0,29.0,6.5,5.0,6.0,29.0,15.0,4.33,bet365,1.95,1.9,bet365,2.1,1.73,bet365,1.91,1.8,bet365,10.0,bet365,8.5,bet365,8.5,bet365,6.5,bet365,13.0,bet365,12.0,bet365,10.0,bet365,10.0,bet365,15.0,bet365,26.0,bet365,26.0,bet365,21.0,bet365,21.0,bet365,29.0,bet365,29.0,KTO.br,15.0,1.02,Betboom.br,10.24,1.01,bet365,5.75,1.14,bet365,4.5,1.19,bet365,2.6,1.48,bet365,1.53,2.43,bet365,1.23,4.1,bet365,1.16,5.25,Betboom.br,1.01,9.54,KTO.br,1.03,13.0,Novibet,30.0,11.75,0.0,Novibet,15.25,7.5,12.0,bet365,5.5,4.33,5.0,bet365,1.5,4.33,1.5,KTO.br,1.13,7.5,0.0,Betano.br,1.04,13.0,1.04,0.8,0.79,2.54,0.99,1.04,0.63,0.99,2.54,-0.01,0.54,0.65,0.35,0.74,0.55,0.24,0.25,0.61,0.4,0.0,1.0,0.22,0.13,11.0,6.0,6.0,3.0,4.0,3.0,1.0,0.0,6.0,6.0,5.0,0.0,1.0,3.0,0.0,0.0,18.0,11.0,8.0,4.0,10.0,10.0,20.0,29.0,10.0,10.0,1.0,2.0,0.0,1.0,6.0,2.0,2.0,4.0,0.55,0.7,63.0,67.0,41.0,45.0,5.0,5.0,0.0,0.0,0.0,0.0,0.12,0.33,0.41,0.13,0.1,0.38,0.13,0.41,0.13,0.41,0.56,0.44,0.67,0.59,0.16,0.25,0.46,0.47,0.0,1.0,0.18,0.13,4.0,4.0,2.0,2.0,1.0,2.0,1.0,0.0,1.0,4.0,3.0,0.0,0.0,2.0,0.0,0.0,5.0,7.0,3.0,1.0,8.0,7.0,8.0,15.0,7.0,8.0,1.0,2.0,0.0,1.0,3.0,1.0,2.0,2.0,0.5,0.91,37.0,43.0,24.0,18.0,3.0,2.0,0.0,0.0,0.0,0.0,0.68,0.46,2.13,0.86,0.94,0.25,0.86,2.13,-0.14,0.13,0.74,0.26,0.8,0.46,0.36,0.24,0.69,0.31,0.0,0.0,0.24,0.14,7.0,2.0,4.0,1.0,3.0,1.0,0.0,0.0,5.0,2.0,2.0,0.0,1.0,1.0,0.0,0.0,13.0,4.0,5.0,3.0,2.0,3.0,12.0,14.0,3.0,2.0,,,,,3.0,1.0,0.0,2.0,0.67,0.44,26.0,24.0,17.0,27.0,2.0,3.0,0.0,0.0,0.0,0.0
b3UTwxHU,FINLAND,2025,FINLAND 1,FINLAND 1,16/05/2025,17:00,,Haka,6oug4RRc,KuPS,nLBbqJDS,False,1,3,,,,,,[75],"[17, 89, 90]",bet365,4.0,2.3,2.5,bet365,3.6,2.6,2.25,bet365,3.5,3.75,1.91,bet365,1.3,3.4,bet365,2.5,1.5,bet365,6.0,1.13,bet365,1.2,4.33,bet365,1.91,1.8,bet365,4.0,1.22,bet365,1.03,15.0,bet365,1.2,4.33,bet365,1.67,2.15,bet365,2.63,1.44,bet365,5.0,1.17,bet365,1.67,2.1,bet365,4.0,1.22,bet365,3.0,1.36,bet365,1.83,1.25,1.29,bet365,1.5,1.57,1.22,KTO.br,1.64,1.4,1.23,bet365,2.63,1.44,KTO.br,2.55,1.44,Betano.br,2.47,1.5,bet365,6.0,15.0,21.0,8.0,6.0,5.0,29.0,13.0,3.0,bet365,1.95,1.9,bet365,2.0,1.8,bet365,1.91,1.8,bet365,13.0,bet365,13.0,bet365,9.0,bet365,7.5,bet365,21.0,bet365,10.0,bet365,12.0,bet365,8.5,bet365,13.0,bet365,41.0,bet365,17.0,bet365,26.0,bet365,15.0,bet365,29.0,bet365,23.0,,0.0,0.0,,0.0,0.0,Betboom.br,8.4,1.02,bet365,6.8,1.11,bet365,3.45,1.3,bet365,1.9,1.9,bet365,1.48,2.6,bet365,1.33,3.3,bet365,1.13,5.9,bet365,1.11,6.8,Novibet,45.0,14.0,15.0,Betano.br,19.0,9.75,6.9,bet365,0.0,0.0,3.4,bet365,1.83,4.0,0.0,Betano.br,1.34,5.6,1.09,Betano.br,1.12,9.25,0.0,1.22,2.26,0.7,3.11,0.87,0.58,3.11,0.7,-0.47,-0.3,0.42,0.58,0.81,0.85,0.4,0.47,0.66,0.66,1.0,0.0,0.14,0.16,11.0,11.0,2.0,5.0,6.0,4.0,3.0,2.0,8.0,6.0,3.0,4.0,2.0,4.0,0.0,0.0,19.0,24.0,8.0,5.0,10.0,8.0,21.0,25.0,8.0,10.0,,,,,1.0,4.0,2.0,1.0,0.6,0.73,34.0,47.0,38.0,38.0,6.0,5.0,0.0,0.0,1.0,0.0,0.45,0.82,0.0,1.68,0.25,0.29,1.68,0.0,0.68,0.0,0.38,0.62,0.84,0.88,0.29,0.5,0.68,0.73,0.0,0.0,0.07,0.0,5.0,5.0,0.0,2.0,3.0,2.0,2.0,1.0,4.0,3.0,1.0,2.0,0.0,2.0,0.0,0.0,12.0,14.0,3.0,3.0,7.0,3.0,11.0,12.0,3.0,7.0,,,,,0.0,3.0,1.0,0.0,0.67,1.0,17.0,19.0,15.0,21.0,3.0,1.0,0.0,0.0,0.0,0.0,0.77,1.44,0.7,1.43,0.62,0.29,1.43,0.7,-1.15,-0.3,0.46,0.54,0.79,0.82,0.47,0.45,0.65,0.58,1.0,0.0,0.2,0.27,6.0,6.0,2.0,3.0,3.0,2.0,1.0,1.0,4.0,3.0,2.0,2.0,2.0,2.0,0.0,0.0,7.0,10.0,5.0,2.0,3.0,5.0,10.0,13.0,5.0,3.0,,,,,1.0,1.0,1.0,1.0,0.56,0.5,17.0,28.0,23.0,17.0,3.0,4.0,0.0,0.0,1.0,0.0
C8iuKPJs,FINLAND,2025,FINLAND 1,FINLAND 1,02/05/2025,15:00,,VPS,8GveH5dA,Ilves,pYGmWmwa,False,1,0,,,,,,[90],[],bet365,3.5,2.4,2.63,bet365,3.1,2.75,2.4,bet365,3.0,3.7,2.1,bet365,1.29,3.5,bet365,2.25,1.57,bet365,5.5,1.14,bet365,1.17,5.0,bet365,1.73,2.0,bet365,3.5,1.29,bet365,1.03,17.0,bet365,1.17,5.0,bet365,1.57,2.35,bet365,2.38,1.53,bet365,4.0,1.22,bet365,1.5,2.5,bet365,3.5,1.29,bet365,2.63,1.44,bet365,1.7,1.29,1.36,bet365,1.44,1.53,1.29,Betboom.br,1.57,1.39,1.3,bet365,2.25,1.57,Novibet,2.25,1.58,Betano.br,2.2,1.62,bet365,5.0,13.0,21.0,7.5,6.5,6.0,26.0,13.0,3.4,bet365,1.98,1.88,bet365,2.0,1.8,bet365,1.91,1.8,bet365,17.0,bet365,13.0,bet365,11.0,bet365,7.5,bet365,19.0,bet365,13.0,bet365,11.0,bet365,9.0,bet365,12.0,bet365,34.0,bet365,21.0,bet365,21.0,bet365,15.0,bet365,23.0,bet365,21.0,,0.0,0.0,,0.0,0.0,bet365,6.0,1.13,bet365,5.25,1.16,bet365,3.0,1.38,bet365,1.73,2.08,bet365,1.38,3.0,bet365,1.26,3.7,bet365,1.1,7.0,bet365,1.07,7.0,Superbet.br,50.0,21.0,14.0,Novibet,15.25,8.4,7.2,bet365,0.0,0.0,3.75,bet365,1.7,4.33,0.0,Betano.br,1.26,6.2,1.13,Betano.br,1.09,10.5,0.0,0.5,0.81,1.62,0.22,0.45,0.73,0.22,1.62,0.22,-0.02,0.38,0.62,0.76,0.84,0.52,0.37,0.54,0.76,1.0,0.0,0.26,0.17,8.0,11.0,3.0,4.0,3.0,2.0,2.0,5.0,4.0,6.0,4.0,5.0,2.0,0.0,0.0,0.0,15.0,16.0,3.0,11.0,6.0,18.0,18.0,19.0,18.0,6.0,0.0,2.0,,,2.0,0.0,4.0,2.0,0.65,0.82,45.0,42.0,31.0,24.0,17.0,6.0,0.0,0.0,0.0,0.0,0.14,0.28,0.76,0.15,0.17,0.41,0.15,0.76,0.15,0.76,0.34,0.66,0.7,0.85,0.41,0.36,0.4,0.79,0.0,0.0,0.11,0.25,3.0,5.0,1.0,3.0,1.0,1.0,1.0,1.0,1.0,4.0,2.0,1.0,0.0,0.0,0.0,0.0,6.0,9.0,2.0,4.0,4.0,11.0,6.0,11.0,11.0,4.0,0.0,1.0,,,0.0,0.0,3.0,1.0,0.63,0.75,21.0,16.0,12.0,10.0,9.0,2.0,0.0,0.0,0.0,0.0,0.36,0.53,0.86,0.07,0.28,0.32,0.07,0.86,0.07,-0.78,0.42,0.58,0.81,0.82,0.65,0.38,0.67,0.72,1.0,0.0,0.4,0.13,5.0,6.0,2.0,1.0,2.0,1.0,1.0,4.0,3.0,2.0,2.0,4.0,2.0,0.0,0.0,0.0,9.0,7.0,1.0,7.0,2.0,7.0,12.0,8.0,7.0,2.0,0.0,1.0,,,2.0,0.0,1.0,1.0,0.67,0.85,24.0,26.0,19.0,14.0,8.0,4.0,0.0,0.0,0.0,0.0
Sbtdo2It,FINLAND,2025,FINLAND 1,FINLAND 1,10/05/2025,16:00,,AC Oulu,Y35Jer59,Gnistan,Aa28K98n,False,2,3,,,,,,"[47, 50]","[33, 58, 65, 87]",bet365,3.6,2.25,2.75,bet365,3.2,2.5,2.5,bet365,3.2,3.4,2.2,bet365,1.36,3.0,bet365,2.63,1.44,bet365,7.0,1.1,bet365,1.22,4.0,bet365,2.0,1.73,bet365,4.33,1.2,bet365,1.05,11.0,bet365,1.25,3.75,bet365,1.85,2.0,bet365,3.0,1.36,bet365,6.0,1.13,bet365,1.67,2.1,bet365,4.33,1.2,bet365,3.25,1.33,bet365,1.67,1.3,1.36,bet365,1.4,1.57,1.29,Novibet,1.42,1.5,1.3,bet365,2.25,1.57,Betano.br,2.1,1.65,Betano.br,2.12,1.7,bet365,5.0,15.0,23.0,7.0,5.5,5.5,29.0,13.0,3.5,bet365,2.0,1.85,bet365,2.1,1.73,bet365,1.91,1.8,bet365,11.0,bet365,11.0,bet365,8.5,bet365,6.5,bet365,17.0,bet365,11.0,bet365,12.0,bet365,9.0,bet365,13.0,bet365,34.0,bet365,21.0,bet365,23.0,bet365,17.0,bet365,29.0,bet365,23.0,Superbet.br,10.0,1.03,Betboom.br,13.19,1.01,bet365,6.6,1.11,bet365,5.75,1.14,bet365,3.1,1.35,bet365,1.65,2.2,bet365,1.3,3.45,bet365,1.22,4.15,Betboom.br,1.01,9.88,Betboom.br,1.01,11.32,Novibet,28.0,11.75,0.0,Betano.br,17.0,8.75,10.5,bet365,0.0,0.0,4.33,bet365,1.67,4.0,0.0,Betano.br,1.21,6.6,1.12,Betano.br,1.06,11.75,1.05,1.39,1.19,2.01,1.79,1.34,0.69,1.79,2.01,-1.21,0.01,0.57,0.43,0.67,0.59,0.27,0.29,0.56,0.44,0.0,0.0,0.15,0.29,12.0,10.0,4.0,6.0,4.0,2.0,4.0,2.0,10.0,4.0,2.0,6.0,2.0,2.0,0.0,0.0,17.0,17.0,3.0,7.0,7.0,12.0,34.0,37.0,12.0,7.0,1.0,3.0,0.0,1.0,1.0,0.0,3.0,2.0,0.62,0.69,46.0,50.0,44.0,38.0,9.0,8.0,1.0,0.0,1.0,0.0,0.17,0.36,0.15,0.18,0.12,0.43,0.18,0.15,0.18,0.15,0.61,0.39,0.73,0.6,0.36,0.28,0.64,0.49,0.0,0.0,0.08,0.3,5.0,5.0,1.0,2.0,2.0,1.0,2.0,2.0,3.0,3.0,2.0,2.0,0.0,0.0,0.0,0.0,8.0,9.0,1.0,4.0,6.0,3.0,18.0,18.0,3.0,6.0,0.0,2.0,,,0.0,0.0,2.0,1.0,0.63,0.57,25.0,23.0,19.0,18.0,5.0,1.0,1.0,0.0,0.0,0.0,1.22,0.83,1.86,1.61,1.22,0.26,1.61,1.86,-1.39,-0.14,0.53,0.47,0.57,0.58,0.17,0.29,0.45,0.41,0.0,0.0,0.29,0.27,7.0,5.0,3.0,4.0,2.0,1.0,2.0,0.0,7.0,1.0,0.0,4.0,2.0,2.0,0.0,0.0,9.0,8.0,2.0,3.0,1.0,9.0,16.0,19.0,9.0,1.0,1.0,1.0,0.0,1.0,1.0,0.0,1.0,1.0,0.6,0.83,21.0,27.0,25.0,20.0,4.0,7.0,0.0,0.0,1.0,0.0
xltjCjvf,FINLAND,2025,FINLAND 1,FINLAND 1,14/06/2025,16:00,,SJK,hj3ima3I,Jaro,faEPan8O,False,3,1,,,,,,"[11, 29, 90, 90]",[87],bet365,1.91,2.63,5.5,bet365,1.73,3.0,5.0,bet365,1.44,4.5,5.5,bet365,1.25,3.75,bet365,2.1,1.67,bet365,4.5,1.18,bet365,1.14,5.5,bet365,1.73,2.0,bet365,3.25,1.33,bet365,1.02,19.0,bet365,1.14,5.5,bet365,1.48,2.6,bet365,2.2,1.62,bet365,3.75,1.25,bet365,1.62,2.2,bet365,3.75,1.25,bet365,2.75,1.4,bet365,1.13,1.17,2.5,bet365,1.13,1.44,1.8,Betboom.br,1.15,1.38,2.02,bet365,1.18,4.5,Estrelabet,1.25,3.6,Betano.br,1.27,3.55,bet365,2.1,15.0,41.0,4.5,7.5,13.0,17.0,17.0,10.0,bet365,1.93,1.93,bet365,2.0,1.8,bet365,1.91,1.8,bet365,19.0,bet365,10.0,bet365,21.0,bet365,9.5,bet365,8.5,bet365,34.0,bet365,8.5,bet365,19.0,bet365,15.0,bet365,11.0,bet365,67.0,bet365,11.0,bet365,41.0,bet365,19.0,bet365,41.0,bet365,3.7,1.26,bet365,3.1,1.35,bet365,2.15,1.68,bet365,1.7,2.1,bet365,1.45,2.68,bet365,1.14,5.75,Betboom.br,1.01,11.57,Betboom.br,1.01,12.1,,0.0,0.0,,0.0,0.0,Novibet,7.4,6.5,47.0,Novibet,3.85,4.65,28.0,bet365,2.2,4.0,0.0,bet365,0.0,0.0,2.5,Betano.br,1.06,11.75,1.65,Novibet,1.0,13.0,1.23,2.82,0.8,2.89,1.36,1.46,0.51,1.36,2.89,0.36,-0.11,0.52,0.48,0.87,0.84,0.43,0.65,0.72,0.67,0.0,0.0,0.15,0.25,22.0,8.0,7.0,3.0,10.0,1.0,5.0,4.0,15.0,3.0,7.0,5.0,4.0,2.0,0.0,0.0,42.0,11.0,9.0,0.0,7.0,9.0,17.0,21.0,9.0,7.0,3.0,2.0,,,0.0,1.0,2.0,4.0,0.65,0.44,45.0,31.0,20.0,28.0,7.0,6.0,0.0,1.0,0.0,0.0,1.32,0.02,1.78,0.0,0.22,0.06,0.0,1.78,0.0,-0.22,0.56,0.44,0.9,0.85,0.46,0.64,0.73,0.58,0.0,0.0,0.13,0.33,9.0,2.0,3.0,0.0,5.0,0.0,1.0,2.0,5.0,0.0,4.0,2.0,2.0,0.0,0.0,0.0,16.0,4.0,4.0,0.0,3.0,3.0,10.0,8.0,3.0,3.0,0.0,1.0,,,0.0,1.0,0.0,1.0,0.67,0.33,13.0,10.0,9.0,13.0,2.0,4.0,0.0,0.0,0.0,0.0,1.5,0.78,1.11,1.36,1.24,0.45,1.36,1.11,0.36,0.11,0.48,0.52,0.82,0.82,0.41,0.67,0.71,0.72,0.0,0.0,0.18,0.23,13.0,6.0,4.0,3.0,5.0,1.0,4.0,2.0,10.0,3.0,3.0,3.0,2.0,2.0,0.0,0.0,26.0,7.0,5.0,0.0,4.0,6.0,7.0,13.0,6.0,4.0,3.0,1.0,,,0.0,0.0,2.0,3.0,0.64,0.5,32.0,21.0,11.0,15.0,5.0,2.0,0.0,1.0,0.0,0.0
l4qjxPuQ,FINLAND,2025,FINLAND 1,FINLAND 1,03/05/2025,12:00,,Gnistan,Aa28K98n,Mariehamn,C8bOhcyj,False,2,0,,,,,,"[3, 6]",[],bet365,2.0,2.5,5.5,bet365,1.83,2.75,4.75,bet365,1.5,4.2,5.5,bet365,1.29,3.5,bet365,2.38,1.53,bet365,5.5,1.14,bet365,1.18,4.5,bet365,1.83,1.83,bet365,3.75,1.25,bet365,1.03,15.0,bet365,1.18,4.5,bet365,1.6,2.3,bet365,2.5,1.5,bet365,4.33,1.2,bet365,1.75,2.0,bet365,4.33,1.2,bet365,3.25,1.33,bet365,1.14,1.22,2.5,bet365,1.13,1.5,1.73,KTO.br,1.13,1.35,1.95,bet365,1.2,4.33,KTO.br,1.24,3.55,Betano.br,1.29,3.4,bet365,2.3,15.0,41.0,4.5,7.0,12.0,19.0,17.0,9.5,bet365,1.95,1.9,bet365,2.0,1.8,bet365,1.91,1.8,bet365,15.0,bet365,8.5,bet365,17.0,bet365,8.5,bet365,8.0,bet365,29.0,bet365,8.5,bet365,17.0,bet365,15.0,bet365,11.0,bet365,51.0,bet365,12.0,bet365,41.0,bet365,21.0,bet365,41.0,bet365,4.4,1.2,bet365,3.55,1.28,bet365,2.38,1.55,bet365,1.88,1.98,bet365,1.53,2.43,bet365,1.15,5.5,,0.0,0.0,Superbet.br,1.02,12.0,,0.0,0.0,,0.0,0.0,BetEsporte,8.8,6.6,40.0,Betano.br,4.55,4.65,30.0,bet365,2.38,3.75,0.0,bet365,0.0,0.0,2.5,Betano.br,1.05,12.0,1.57,BetEsporte,1.01,11.0,1.18,0.96,1.15,1.36,0.74,1.31,1.13,0.74,1.36,0.74,-0.64,0.46,0.54,0.74,0.78,0.44,0.43,0.71,0.64,0.0,1.0,0.53,0.09,18.0,9.0,6.0,2.0,5.0,5.0,7.0,2.0,11.0,5.0,7.0,4.0,0.0,1.0,0.0,0.0,34.0,21.0,4.0,3.0,9.0,17.0,19.0,33.0,17.0,9.0,1.0,1.0,,,1.0,2.0,2.0,4.0,0.67,0.7,64.0,60.0,27.0,23.0,15.0,7.0,0.0,0.0,0.0,0.0,0.6,0.64,0.92,0.18,0.59,0.55,0.18,0.92,0.18,-1.08,0.49,0.51,0.81,0.78,0.59,0.41,0.79,0.62,0.0,1.0,0.2,0.1,8.0,3.0,5.0,1.0,0.0,1.0,3.0,1.0,5.0,1.0,3.0,2.0,0.0,1.0,0.0,0.0,14.0,5.0,1.0,1.0,5.0,12.0,7.0,18.0,12.0,5.0,1.0,1.0,,,1.0,2.0,1.0,3.0,0.75,0.67,26.0,29.0,11.0,8.0,8.0,4.0,0.0,0.0,0.0,0.0,0.36,0.51,0.44,0.56,0.72,0.58,0.56,0.44,0.56,0.44,0.43,0.57,0.65,0.78,0.31,0.44,0.59,0.65,0.0,0.0,0.64,0.08,10.0,6.0,1.0,1.0,5.0,4.0,4.0,1.0,6.0,4.0,4.0,2.0,0.0,0.0,0.0,0.0,20.0,16.0,3.0,2.0,4.0,5.0,12.0,15.0,5.0,4.0,,,,,0.0,0.0,1.0,1.0,0.62,0.73,38.0,31.0,16.0,15.0,7.0,3.0,0.0,0.0,0.0,0.0
QVceGsJ6,FINLAND,2025,FINLAND 1,FINLAND 1,02/05/2025,15:00,,Haka,6oug4RRc,Jaro,faEPan8O,False,0,1,,,,,,[],[88],bet365,2.5,2.2,4.33,bet365,2.25,2.5,3.75,bet365,1.91,3.5,3.75,bet365,1.36,3.0,bet365,2.75,1.4,bet365,7.0,1.1,bet365,1.22,4.0,bet365,2.1,1.67,bet365,4.5,1.18,bet365,1.05,11.0,bet365,1.29,3.5,bet365,1.98,1.88,bet365,3.4,1.3,bet365,6.5,1.11,bet365,1.8,1.95,bet365,4.5,1.18,bet365,3.4,1.3,bet365,1.25,1.29,1.83,bet365,1.2,1.62,1.5,Betano.br,1.25,1.47,1.6,bet365,1.4,2.75,Novibet,1.45,2.55,Betano.br,1.5,2.5,bet365,3.1,13.0,34.0,5.0,5.5,8.5,23.0,15.0,6.5,bet365,1.98,1.88,bet365,2.1,1.73,bet365,1.91,1.8,bet365,11.0,bet365,7.5,bet365,11.0,bet365,6.5,bet365,9.0,bet365,21.0,bet365,8.5,bet365,13.0,bet365,15.0,bet365,17.0,bet365,41.0,bet365,15.0,bet365,29.0,bet365,26.0,bet365,34.0,bet365,7.0,1.1,bet365,6.6,1.11,bet365,3.45,1.3,bet365,2.68,1.45,bet365,1.89,1.84,bet365,1.28,3.55,bet365,1.11,6.8,bet365,1.1,7.0,,0.0,0.0,,0.0,0.0,BetEsporte,16.0,8.6,35.0,Betano.br,7.7,5.6,23.0,bet365,3.5,3.75,0.0,bet365,0.0,0.0,1.83,Betano.br,1.08,10.25,1.31,BetEsporte,1.01,11.0,1.08,1.97,0.76,0.54,1.54,0.79,0.31,1.54,0.54,0.54,0.54,0.52,0.48,0.8,0.8,0.49,0.37,0.59,0.69,0.0,0.0,0.29,0.13,17.0,10.0,5.0,3.0,9.0,4.0,3.0,3.0,12.0,6.0,5.0,4.0,4.0,1.0,0.0,0.0,23.0,21.0,3.0,7.0,11.0,12.0,22.0,22.0,12.0,11.0,1.0,1.0,1.0,0.0,0.0,3.0,2.0,5.0,0.76,0.6,51.0,41.0,31.0,25.0,6.0,8.0,0.0,2.0,0.0,0.0,0.7,0.22,0.45,0.0,0.11,0.12,0.0,0.45,0.0,0.45,0.5,0.5,0.8,0.81,0.37,0.36,0.54,0.67,0.0,0.0,0.25,0.2,7.0,2.0,5.0,0.0,2.0,1.0,0.0,1.0,4.0,1.0,3.0,1.0,2.0,0.0,0.0,0.0,10.0,9.0,1.0,2.0,4.0,8.0,15.0,10.0,8.0,4.0,1.0,0.0,,,0.0,1.0,0.0,5.0,0.8,0.5,18.0,19.0,13.0,12.0,2.0,3.0,0.0,2.0,0.0,0.0,1.27,0.54,0.09,1.54,0.68,0.19,1.54,0.09,0.54,0.09,0.54,0.46,0.79,0.78,0.57,0.38,0.65,0.71,0.0,0.0,0.31,0.08,10.0,8.0,0.0,3.0,7.0,3.0,3.0,2.0,8.0,5.0,2.0,3.0,2.0,1.0,0.0,0.0,13.0,12.0,2.0,5.0,7.0,4.0,7.0,12.0,4.0,7.0,0.0,1.0,1.0,0.0,0.0,2.0,2.0,0.0,0.75,0.67,33.0,22.0,18.0,13.0,4.0,5.0,0.0,0.0,0.0,0.0
hIHHiJc3,FINLAND,2025,FINLAND 1,FINLAND 1,02/07/2025,15:00,,VPS,8GveH5dA,Haka,6oug4RRc,False,1,2,,,,,,[6],"[13, 33]",bet365,2.4,2.4,4.0,bet365,2.2,2.75,3.6,bet365,1.85,3.9,3.7,bet365,1.29,3.5,bet365,2.25,1.57,bet365,5.5,1.14,bet365,1.17,5.0,bet365,1.8,1.91,bet365,3.5,1.29,bet365,1.03,17.0,bet365,1.18,4.5,bet365,1.6,2.3,bet365,2.5,1.5,bet365,4.33,1.2,bet365,1.57,2.25,bet365,3.75,1.25,bet365,2.75,1.4,bet365,1.29,1.25,1.91,bet365,1.22,1.53,1.53,Betboom.br,1.26,1.43,1.66,bet365,1.4,2.75,Betnacional,1.5,2.47,Betano.br,1.52,2.45,bet365,2.88,13.0,29.0,5.0,6.5,8.5,21.0,15.0,6.0,bet365,1.98,1.88,bet365,2.0,1.77,bet365,1.91,1.8,bet365,17.0,bet365,10.0,bet365,15.0,bet365,7.5,bet365,11.0,bet365,21.0,bet365,8.5,bet365,13.0,bet365,13.0,bet365,17.0,bet365,41.0,bet365,13.0,bet365,26.0,bet365,21.0,bet365,29.0,bet365,6.6,1.11,bet365,5.75,1.14,bet365,3.3,1.33,bet365,2.5,1.5,bet365,1.88,1.93,bet365,1.3,3.45,bet365,1.11,6.6,bet365,1.1,7.0,,0.0,0.0,,0.0,0.0,KTO.br,16.0,10.5,56.0,KTO.br,7.0,5.8,20.0,bet365,3.2,4.0,0.0,bet365,0.0,0.0,1.91,KTO.br,1.08,11.0,1.29,KTO.br,1.01,25.0,1.09,1.12,1.36,1.03,1.6,1.01,1.24,1.6,1.03,-0.4,-0.1,0.49,0.51,0.81,0.81,0.29,0.5,0.73,0.72,0.0,0.0,0.24,0.21,12.0,17.0,4.0,5.0,6.0,8.0,2.0,4.0,9.0,10.0,3.0,7.0,3.0,3.0,0.0,1.0,26.0,25.0,8.0,9.0,3.0,13.0,18.0,34.0,13.0,3.0,1.0,1.0,1.0,0.0,1.0,2.0,3.0,3.0,0.7,0.5,51.0,51.0,30.0,38.0,15.0,5.0,1.0,0.0,0.0,0.0,0.9,0.37,0.73,0.69,0.48,0.24,0.69,0.73,-1.31,-0.27,0.47,0.53,0.86,0.83,0.29,0.58,0.81,0.64,0.0,0.0,0.36,0.0,7.0,6.0,3.0,2.0,3.0,3.0,1.0,1.0,6.0,1.0,1.0,5.0,2.0,1.0,0.0,0.0,11.0,2.0,2.0,1.0,1.0,9.0,8.0,16.0,9.0,1.0,1.0,0.0,,,1.0,0.0,0.0,2.0,0.67,0.5,27.0,26.0,18.0,13.0,6.0,1.0,1.0,0.0,0.0,0.0,0.22,0.99,0.3,0.91,0.53,1.0,0.91,0.3,0.91,0.17,0.51,0.49,0.76,0.78,0.29,0.39,0.67,0.82,0.0,0.0,0.18,0.33,5.0,11.0,1.0,3.0,3.0,5.0,1.0,3.0,3.0,9.0,2.0,2.0,1.0,2.0,0.0,1.0,15.0,23.0,6.0,8.0,2.0,4.0,10.0,18.0,4.0,2.0,0.0,1.0,1.0,0.0,0.0,2.0,3.0,1.0,0.73,0.5,24.0,25.0,12.0,25.0,9.0,4.0,0.0,0.0,0.0,0.0
Whf8WEQ1,FINLAND,2025,FINLAND 1,FINLAND 1,24/05/2025,16:00,,Mariehamn,C8bOhcyj,HJK,nmjJVR7B,False,0,4,,,,,,[],"[31, 53, 76, 87]",bet365,6.0,2.6,1.91,bet365,5.5,2.88,1.73,bet365,7.0,4.33,1.44,bet365,1.29,3.5,bet365,2.25,1.57,bet365,5.5,1.14,bet365,1.17,5.0,bet365,1.8,1.91,bet365,3.5,1.29,bet365,1.03,15.0,bet365,1.17,5.0,bet365,1.57,2.35,bet365,2.38,1.53,bet365,4.33,1.2,bet365,1.75,2.0,bet365,4.33,1.2,bet365,3.25,1.33,bet365,2.63,1.2,1.1,bet365,1.8,1.5,1.11,KTO.br,2.1,1.3,1.11,bet365,5.5,1.14,KTO.br,4.1,1.19,Betano.br,4.0,1.22,bet365,11.0,17.0,19.0,15.0,7.0,4.33,41.0,15.0,2.1,bet365,1.98,1.88,bet365,2.0,1.8,bet365,1.91,1.8,bet365,15.0,bet365,21.0,bet365,8.5,bet365,8.5,bet365,41.0,bet365,8.0,bet365,21.0,bet365,8.5,bet365,15.0,bet365,81.0,bet365,10.0,bet365,41.0,bet365,11.0,bet365,41.0,bet365,21.0,,0.0,0.0,,0.0,0.0,Superbet.br,9.9,1.03,,0.0,0.0,bet365,6.6,1.11,bet365,2.75,1.43,bet365,2.15,1.68,bet365,1.68,2.15,bet365,1.35,3.1,bet365,1.25,3.8,KTO.br,0.0,0.0,9.5,Novibet,41.0,12.75,3.7,bet365,0.0,0.0,2.1,bet365,2.63,3.75,0.0,Novibet,1.66,4.4,1.0,KTO.br,1.21,7.5,0.0,0.51,3.76,0.37,4.23,0.59,2.72,4.23,0.37,0.23,0.37,0.42,0.58,0.82,0.85,0.37,0.52,0.66,0.8,0.0,1.0,0.27,0.28,7.0,27.0,3.0,11.0,1.0,9.0,3.0,7.0,4.0,23.0,3.0,4.0,0.0,7.0,0.0,2.0,10.0,56.0,4.0,5.0,11.0,6.0,14.0,23.0,6.0,11.0,1.0,2.0,,,2.0,1.0,7.0,3.0,0.57,0.55,47.0,49.0,28.0,16.0,7.0,6.0,0.0,1.0,0.0,0.0,0.43,0.96,0.37,1.05,0.44,0.83,1.05,0.37,0.05,0.37,0.34,0.66,0.76,0.85,0.38,0.59,0.64,0.79,0.0,1.0,0.25,0.25,5.0,9.0,3.0,3.0,0.0,3.0,2.0,3.0,4.0,8.0,1.0,1.0,0.0,2.0,0.0,0.0,6.0,23.0,3.0,2.0,6.0,4.0,4.0,17.0,4.0,6.0,0.0,1.0,,,0.0,1.0,2.0,3.0,0.6,0.3,26.0,24.0,17.0,7.0,5.0,1.0,0.0,1.0,0.0,0.0,0.08,2.8,0.0,3.18,0.15,1.89,3.18,0.0,0.18,0.0,0.5,0.5,0.86,0.84,0.37,0.45,0.68,0.81,0.0,0.0,0.29,0.33,2.0,18.0,0.0,8.0,1.0,6.0,1.0,4.0,0.0,15.0,2.0,3.0,0.0,5.0,0.0,2.0,4.0,33.0,1.0,3.0,5.0,2.0,10.0,6.0,2.0,5.0,1.0,1.0,,,2.0,0.0,5.0,0.0,0.54,0.8,21.0,25.0,11.0,9.0,2.0,5.0,0.0,0.0,0.0,0.0
bsgOciP0,FINLAND,2025,FINLAND 1,FINLAND 1,14/06/2025,11:00,,Inter Turku,QwkNUoNH,Haka,6oug4RRc,False,1,1,,,,,,[14],[54],bet365,1.95,2.6,5.5,bet365,1.8,2.88,5.0,bet365,1.48,4.33,5.5,bet365,1.25,3.75,bet365,2.25,1.57,bet365,5.5,1.14,bet365,1.17,5.0,bet365,1.8,1.91,bet365,3.5,1.29,bet365,1.03,17.0,bet365,1.17,5.0,bet365,1.57,2.35,bet365,2.38,1.53,bet365,4.0,1.22,bet365,1.7,2.05,bet365,4.0,1.22,bet365,3.0,1.36,bet365,1.14,1.2,2.63,bet365,1.13,1.5,1.8,Betboom.br,1.12,1.34,1.96,bet365,1.2,4.33,Estrelabet,1.25,3.6,Betano.br,1.26,3.6,bet365,2.2,15.0,41.0,4.5,7.0,13.0,19.0,17.0,10.0,bet365,1.95,1.9,bet365,2.0,1.8,bet365,1.91,1.8,bet365,17.0,bet365,9.0,bet365,19.0,bet365,9.0,bet365,8.5,bet365,34.0,bet365,8.5,bet365,17.0,bet365,15.0,bet365,11.0,bet365,67.0,bet365,11.0,bet365,41.0,bet365,21.0,bet365,41.0,bet365,4.1,1.23,bet365,3.45,1.3,bet365,2.3,1.6,bet365,1.78,2.03,bet365,1.48,2.6,bet365,1.15,5.5,,0.0,0.0,Superbet.br,1.02,12.0,,0.0,0.0,,0.0,0.0,BetEsporte,8.4,6.6,40.0,BetEsporte,4.1,4.5,28.0,bet365,2.25,3.75,0.0,bet365,0.0,0.0,2.63,BetEsporte,1.02,10.0,1.55,BetEsporte,1.01,11.0,1.2,1.86,0.9,1.41,1.13,1.16,0.5,1.13,1.41,-0.46,0.16,0.62,0.38,0.83,0.8,0.52,0.33,0.71,0.67,0.0,0.0,0.36,0.15,16.0,10.0,4.0,4.0,5.0,3.0,7.0,3.0,13.0,7.0,3.0,3.0,3.0,1.0,1.0,0.0,40.0,18.0,7.0,4.0,15.0,9.0,21.0,20.0,9.0,15.0,4.0,2.0,,,0.0,0.0,3.0,3.0,0.59,0.53,61.0,40.0,23.0,29.0,7.0,10.0,0.0,1.0,0.0,0.0,1.18,0.22,1.41,0.05,0.7,0.22,0.05,1.41,0.05,0.41,0.65,0.35,0.86,0.84,0.54,0.33,0.76,0.73,0.0,0.0,0.4,0.11,8.0,4.0,3.0,1.0,2.0,1.0,3.0,2.0,6.0,2.0,2.0,2.0,3.0,0.0,1.0,0.0,21.0,8.0,2.0,2.0,8.0,3.0,6.0,10.0,3.0,8.0,2.0,1.0,,,0.0,0.0,1.0,2.0,0.67,0.29,29.0,17.0,13.0,15.0,2.0,2.0,0.0,1.0,0.0,0.0,0.68,0.68,0.0,1.08,0.46,0.28,1.08,0.0,-0.51,-0.25,0.59,0.41,0.77,0.75,0.5,0.32,0.63,0.6,0.0,0.0,0.33,0.18,8.0,6.0,1.0,3.0,3.0,2.0,4.0,1.0,7.0,5.0,1.0,1.0,0.0,1.0,0.0,0.0,19.0,10.0,5.0,2.0,7.0,6.0,15.0,10.0,6.0,7.0,2.0,1.0,,,0.0,0.0,2.0,1.0,0.5,0.7,32.0,23.0,10.0,14.0,5.0,8.0,0.0,0.0,0.0,0.0
UmMYnzBr,FINLAND,2025,FINLAND 1,FINLAND 1,31/05/2025,12:00,,KTP,zsgwCpdF,Mariehamn,C8bOhcyj,False,2,2,,,,,,"[49, 68]","[22, 90]",bet365,2.75,2.25,3.6,bet365,2.5,2.5,3.2,bet365,2.15,3.3,3.25,bet365,1.33,3.25,bet365,2.63,1.44,bet365,7.0,1.1,bet365,1.2,4.33,bet365,2.0,1.73,bet365,4.0,1.22,bet365,1.04,13.0,bet365,1.22,4.0,bet365,1.8,2.0,bet365,2.75,1.4,bet365,5.5,1.14,bet365,1.67,2.1,bet365,4.33,1.2,bet365,3.0,1.36,bet365,1.33,1.33,1.67,bet365,1.29,1.57,1.4,KTO.br,1.27,1.44,1.52,bet365,1.57,2.25,Novibet,1.57,2.25,Novibet,1.59,2.25,bet365,3.5,13.0,29.0,5.5,5.5,7.0,23.0,15.0,5.0,bet365,2.0,1.85,bet365,2.1,1.73,bet365,1.91,1.8,bet365,12.0,bet365,9.0,bet365,12.0,bet365,6.5,bet365,11.0,bet365,17.0,bet365,9.0,bet365,12.0,bet365,12.0,bet365,21.0,bet365,34.0,bet365,17.0,bet365,23.0,bet365,23.0,bet365,29.0,KTO.br,10.5,1.03,bet365,6.8,1.11,bet365,4.0,1.23,bet365,3.3,1.33,bet365,2.15,1.68,bet365,1.35,3.1,bet365,1.14,5.75,bet365,1.11,6.8,Betboom.br,1.01,12.21,Betboom.br,1.01,12.84,BetEsporte,18.0,9.2,30.0,Novibet,8.4,6.0,18.25,bet365,4.0,4.0,0.0,bet365,0.0,0.0,1.67,Novibet,1.07,8.7,1.22,BetEsporte,1.01,11.0,1.06,2.42,1.32,2.72,1.64,1.77,0.7,1.64,2.72,-0.36,-0.06,0.52,0.48,0.8,0.8,0.45,0.34,0.74,0.71,3.0,0.0,0.32,0.25,27.0,14.0,9.0,7.0,8.0,3.0,10.0,4.0,20.0,12.0,7.0,2.0,3.0,2.0,0.0,0.0,47.0,42.0,8.0,4.0,15.0,9.0,17.0,16.0,9.0,15.0,1.0,1.0,,,3.0,2.0,5.0,7.0,0.65,0.5,67.0,47.0,17.0,39.0,5.0,6.0,0.0,1.0,0.0,1.0,0.96,0.89,0.81,0.75,0.99,0.46,0.75,0.81,-0.25,0.81,0.52,0.48,0.83,0.83,0.42,0.38,0.79,0.77,2.0,0.0,0.25,0.14,13.0,7.0,4.0,3.0,3.0,2.0,6.0,2.0,11.0,7.0,2.0,0.0,2.0,1.0,0.0,0.0,22.0,23.0,4.0,2.0,4.0,2.0,11.0,8.0,2.0,4.0,,,,,2.0,1.0,2.0,4.0,0.67,0.6,27.0,20.0,6.0,24.0,2.0,2.0,0.0,1.0,0.0,0.0,1.46,0.43,1.91,0.89,0.78,0.24,0.89,1.91,-0.11,-0.87,0.52,0.48,0.77,0.76,0.48,0.29,0.69,0.63,1.0,0.0,0.4,0.33,14.0,7.0,5.0,4.0,5.0,1.0,4.0,2.0,9.0,5.0,5.0,2.0,1.0,1.0,0.0,0.0,25.0,19.0,4.0,2.0,11.0,7.0,6.0,8.0,7.0,11.0,1.0,1.0,,,1.0,1.0,3.0,3.0,0.64,0.44,40.0,27.0,11.0,15.0,3.0,4.0,0.0,0.0,0.0,1.0
Shwnfc1B,FINLAND,2025,FINLAND 1,FINLAND 1,17/05/2025,14:00,,AC Oulu,Y35Jer59,Mariehamn,C8bOhcyj,False,0,1,,,,,,[],[56],bet365,2.4,2.2,4.75,bet365,2.2,2.5,4.0,bet365,1.8,3.5,4.33,bet365,1.36,3.0,bet365,2.75,1.4,bet365,8.0,1.08,bet365,1.25,3.75,bet365,2.1,1.67,bet365,4.5,1.18,bet365,1.05,11.0,bet365,1.29,3.5,bet365,1.95,1.85,bet365,3.4,1.3,bet365,6.5,1.11,bet365,1.8,1.95,bet365,5.0,1.17,bet365,3.5,1.29,bet365,1.2,1.29,1.95,bet365,1.17,1.62,1.53,Betano.br,1.22,1.47,1.65,bet365,1.33,3.25,Esportivabet,1.4,2.71,Betano.br,1.4,2.8,bet365,2.88,15.0,34.0,4.75,5.5,9.0,23.0,15.0,7.0,bet365,2.0,1.85,bet365,2.1,1.73,bet365,1.91,1.8,bet365,10.0,bet365,7.0,bet365,12.0,bet365,6.5,bet365,8.5,bet365,21.0,bet365,8.5,bet365,15.0,bet365,15.0,bet365,15.0,bet365,41.0,bet365,15.0,bet365,34.0,bet365,26.0,bet365,41.0,bet365,6.6,1.11,bet365,5.75,1.14,bet365,3.1,1.35,bet365,2.38,1.55,bet365,1.78,2.03,bet365,1.21,4.25,Betboom.br,1.01,10.24,Betboom.br,1.01,12.05,,0.0,0.0,,0.0,0.0,BetEsporte,15.0,8.2,40.0,Betano.br,7.1,5.3,26.0,bet365,3.2,3.75,0.0,bet365,0.0,0.0,1.95,Betano.br,1.06,11.25,1.35,BetEsporte,1.01,11.0,1.09,1.11,0.99,1.05,1.0,1.5,0.22,1.0,1.05,0.01,1.05,0.68,0.32,0.81,0.61,0.44,0.3,0.68,0.53,0.0,0.0,0.29,0.0,18.0,4.0,4.0,3.0,10.0,1.0,4.0,0.0,11.0,4.0,7.0,0.0,2.0,1.0,1.0,0.0,27.0,17.0,6.0,1.0,10.0,10.0,30.0,27.0,10.0,10.0,3.0,2.0,,,1.0,2.0,2.0,4.0,0.64,0.75,56.0,56.0,21.0,26.0,5.0,6.0,0.0,0.0,0.0,0.0,0.4,0.11,0.6,0.17,0.35,0.12,0.17,0.6,0.17,0.6,0.62,0.38,0.83,0.68,0.58,0.41,0.7,0.61,0.0,0.0,0.23,0.0,11.0,2.0,3.0,1.0,6.0,1.0,2.0,0.0,6.0,2.0,5.0,0.0,1.0,0.0,1.0,0.0,15.0,10.0,4.0,1.0,6.0,4.0,14.0,10.0,4.0,6.0,0.0,1.0,,,0.0,1.0,1.0,3.0,0.63,0.85,33.0,27.0,11.0,12.0,1.0,2.0,0.0,0.0,0.0,0.0,0.71,0.88,0.45,0.83,1.15,0.1,0.83,0.45,-0.16,0.45,0.74,0.26,0.79,0.52,0.29,0.15,0.66,0.48,0.0,0.0,0.38,0.0,7.0,2.0,1.0,2.0,4.0,0.0,2.0,0.0,5.0,2.0,2.0,0.0,1.0,1.0,0.0,0.0,12.0,7.0,2.0,0.0,4.0,6.0,16.0,17.0,6.0,4.0,3.0,1.0,,,1.0,1.0,1.0,1.0,0.67,0.64,23.0,29.0,10.0,14.0,4.0,4.0,0.0,0.0,0.0,0.0
Yeq4qtmg,FINLAND,2025,FINLAND 1,FINLAND 1,11/05/2025,13:00,,Jaro,faEPan8O,HJK,nmjJVR7B,False,0,3,,,,,,[],"[65, 72, 82]",bet365,5.5,2.2,2.25,bet365,4.75,2.5,2.0,bet365,5.25,3.7,1.67,bet365,1.4,2.75,bet365,2.75,1.4,bet365,8.0,1.08,bet365,1.25,3.75,bet365,2.2,1.62,bet365,5.0,1.17,bet365,1.05,11.0,bet365,1.29,3.5,bet365,1.95,1.9,bet365,3.25,1.33,bet365,6.5,1.11,bet365,1.95,1.8,bet365,5.0,1.17,bet365,3.75,1.25,bet365,2.15,1.29,1.17,bet365,1.57,1.62,1.13,Betboom.br,1.74,1.47,1.15,bet365,3.75,1.25,Sportingbet.br,3.1,1.32,Betano.br,3.1,1.34,bet365,8.5,17.0,23.0,10.0,5.5,4.5,41.0,15.0,2.6,bet365,1.98,1.88,bet365,2.1,1.73,bet365,2.0,1.73,bet365,9.5,bet365,13.0,bet365,6.5,bet365,7.0,bet365,26.0,bet365,7.5,bet365,17.0,bet365,8.5,bet365,17.0,bet365,51.0,bet365,13.0,bet365,41.0,bet365,15.0,bet365,41.0,bet365,29.0,,0.0,0.0,,0.0,0.0,Superbet.br,12.0,1.02,Betboom.br,12.83,1.01,bet365,4.8,1.18,bet365,2.2,1.65,bet365,1.68,2.15,bet365,1.4,2.85,bet365,1.18,4.8,bet365,1.13,5.9,BetEsporte,45.0,11.0,12.0,Novibet,35.0,11.0,5.6,bet365,0.0,0.0,2.88,bet365,2.15,3.6,0.0,Betano.br,1.42,4.9,1.05,Betano.br,1.14,8.25,0.0,0.1,1.67,0.0,2.14,0.25,0.55,2.14,0.0,-0.86,0.0,0.46,0.54,0.6,0.64,0.37,0.29,0.43,0.49,0.0,1.0,0.07,0.26,5.0,17.0,0.0,6.0,3.0,4.0,2.0,7.0,3.0,15.0,2.0,2.0,0.0,4.0,0.0,0.0,13.0,30.0,4.0,5.0,5.0,16.0,35.0,42.0,16.0,5.0,2.0,0.0,,,3.0,4.0,3.0,0.0,0.29,0.41,62.0,79.0,56.0,43.0,8.0,11.0,0.0,0.0,0.0,0.0,0.1,0.53,0.0,0.18,0.04,0.34,0.18,0.0,0.18,0.0,0.42,0.58,0.66,0.7,0.47,0.31,0.4,0.53,0.0,1.0,0.0,0.29,3.0,4.0,0.0,2.0,2.0,0.0,1.0,2.0,2.0,4.0,1.0,0.0,0.0,2.0,0.0,0.0,5.0,9.0,4.0,1.0,2.0,7.0,14.0,20.0,7.0,2.0,,,,,3.0,2.0,2.0,0.0,0.38,0.45,28.0,33.0,23.0,19.0,4.0,2.0,0.0,0.0,0.0,0.0,0.0,1.14,0.0,1.96,0.21,0.21,1.96,0.0,-1.04,0.0,0.5,0.5,0.53,0.56,0.27,0.26,0.44,0.44,0.0,0.0,0.17,0.25,2.0,13.0,0.0,4.0,1.0,4.0,1.0,5.0,1.0,11.0,1.0,2.0,0.0,2.0,0.0,0.0,8.0,21.0,0.0,4.0,3.0,9.0,21.0,22.0,9.0,3.0,2.0,0.0,,,0.0,2.0,1.0,0.0,0.22,0.36,34.0,46.0,33.0,24.0,4.0,9.0,0.0,0.0,0.0,0.0
QFFsoEue,FINLAND,2025,FINLAND 1,FINLAND 1,31/05/2025,14:00,,AC Oulu,Y35Jer59,SJK,hj3ima3I,False,2,2,,,,,,"[66, 90]","[62, 88, 90]",bet365,3.6,2.3,2.63,bet365,3.2,2.6,2.4,bet365,3.2,3.5,2.1,bet365,1.3,3.4,bet365,2.5,1.5,bet365,6.0,1.13,bet365,1.18,4.5,bet365,1.83,1.83,bet365,3.75,1.25,bet365,1.04,13.0,bet365,1.2,4.33,bet365,1.67,2.15,bet365,2.63,1.44,bet365,5.0,1.17,bet365,1.57,2.25,bet365,4.0,1.22,bet365,2.75,1.4,bet365,1.7,1.29,1.36,bet365,1.44,1.57,1.29,Betano.br,1.52,1.45,1.32,bet365,2.38,1.53,Estrelabet,2.2,1.6,Betano.br,2.2,1.62,bet365,5.0,13.0,21.0,7.5,6.0,5.5,26.0,13.0,3.4,bet365,2.0,1.85,bet365,2.0,1.8,bet365,1.91,1.8,bet365,13.0,bet365,13.0,bet365,9.5,bet365,7.0,bet365,19.0,bet365,12.0,bet365,12.0,bet365,9.0,bet365,12.0,bet365,34.0,bet365,21.0,bet365,23.0,bet365,15.0,bet365,29.0,bet365,21.0,Betboom.br,12.66,1.01,Betboom.br,12.03,1.01,bet365,6.4,1.12,bet365,5.75,1.14,bet365,3.1,1.35,bet365,1.7,2.1,bet365,1.35,3.1,bet365,1.25,3.8,bet365,1.1,7.0,Superbet.br,1.06,7.4,KTO.br,0.0,0.0,31.0,KTO.br,23.0,11.5,10.5,bet365,0.0,0.0,3.75,bet365,1.7,4.0,0.0,KTO.br,1.2,7.0,1.06,KTO.br,1.03,16.0,0.0,1.29,1.21,2.3,1.91,0.94,0.55,1.91,2.3,-0.09,-0.05,0.51,0.49,0.75,0.76,0.44,0.45,0.6,0.62,0.0,1.0,0.22,0.36,16.0,12.0,6.0,6.0,5.0,2.0,5.0,4.0,10.0,9.0,6.0,3.0,2.0,2.0,0.0,0.0,31.0,20.0,5.0,0.0,8.0,11.0,24.0,24.0,11.0,8.0,4.0,3.0,1.0,0.0,3.0,2.0,4.0,4.0,0.68,0.78,57.0,55.0,18.0,30.0,14.0,14.0,1.0,0.0,0.0,0.0,0.26,0.38,0.0,0.3,0.19,0.4,0.3,0.0,0.3,0.0,0.49,0.51,0.74,0.79,0.51,0.5,0.6,0.67,0.0,1.0,0.11,0.25,5.0,5.0,0.0,3.0,2.0,1.0,3.0,1.0,3.0,3.0,2.0,2.0,0.0,1.0,0.0,0.0,16.0,8.0,2.0,0.0,2.0,5.0,10.0,13.0,5.0,2.0,0.0,1.0,,,2.0,1.0,3.0,0.0,0.78,1.0,22.0,26.0,9.0,20.0,12.0,9.0,1.0,0.0,0.0,0.0,1.03,0.83,2.3,1.61,0.75,0.15,1.61,2.3,-0.39,-0.05,0.53,0.47,0.77,0.72,0.36,0.39,0.61,0.53,0.0,0.0,0.33,0.5,11.0,7.0,6.0,3.0,3.0,1.0,2.0,3.0,7.0,6.0,4.0,1.0,2.0,1.0,0.0,0.0,15.0,12.0,3.0,0.0,6.0,6.0,14.0,11.0,6.0,6.0,4.0,2.0,1.0,0.0,1.0,1.0,1.0,4.0,0.6,0.67,35.0,29.0,9.0,10.0,2.0,5.0,0.0,0.0,0.0,0.0
2yyLubnI,FINLAND,2025,FINLAND 1,FINLAND 1,16/05/2025,15:00,,Gnistan,Aa28K98n,SJK,hj3ima3I,False,2,2,,,,,,"[14, 60]","[25, 72]",bet365,2.88,2.38,3.2,bet365,2.63,2.63,2.88,bet365,2.35,3.6,2.7,bet365,1.3,3.4,bet365,2.38,1.53,bet365,6.0,1.13,bet365,1.18,4.5,bet365,1.83,1.83,bet365,3.75,1.25,bet365,1.03,15.0,bet365,1.2,4.33,bet365,1.7,2.1,bet365,2.63,1.44,bet365,5.0,1.17,bet365,1.53,2.38,bet365,3.75,1.25,bet365,2.75,1.4,bet365,1.44,1.29,1.57,bet365,1.36,1.53,1.4,KTO.br,1.33,1.38,1.5,bet365,1.73,2.0,KTO.br,1.67,2.02,Betano.br,1.75,2.0,bet365,3.75,13.0,23.0,6.0,6.0,6.5,23.0,13.0,4.33,bet365,1.98,1.88,bet365,2.0,1.8,bet365,1.91,1.8,bet365,15.0,bet365,11.0,bet365,12.0,bet365,7.0,bet365,13.0,bet365,15.0,bet365,9.5,bet365,10.0,bet365,12.0,bet365,23.0,bet365,29.0,bet365,17.0,bet365,21.0,bet365,23.0,bet365,23.0,Betboom.br,11.04,1.01,Betboom.br,9.71,1.01,bet365,4.5,1.19,bet365,3.55,1.28,bet365,2.35,1.58,bet365,1.45,2.68,bet365,1.2,4.4,bet365,1.15,5.5,bet365,1.1,7.0,Betboom.br,1.01,11.62,BetEsporte,18.0,9.8,24.0,Betano.br,10.25,6.8,13.5,bet365,4.5,4.33,4.75,bet365,1.5,4.5,1.57,Betano.br,1.15,7.9,1.21,Betano.br,1.06,12.5,1.07,1.57,1.09,0.95,0.76,0.89,0.47,0.76,0.95,-1.43,-0.34,0.48,0.52,0.81,0.79,0.45,0.62,0.63,0.69,0.0,0.0,0.36,0.27,15.0,14.0,3.0,3.0,11.0,4.0,1.0,7.0,13.0,7.0,2.0,7.0,2.0,2.0,1.0,0.0,26.0,24.0,8.0,8.0,6.0,11.0,19.0,23.0,11.0,6.0,2.0,2.0,,,0.0,1.0,1.0,1.0,0.44,0.81,35.0,42.0,29.0,24.0,14.0,11.0,0.0,0.0,0.0,0.0,0.96,0.29,0.85,0.21,0.41,0.12,0.21,0.85,-0.79,-0.15,0.57,0.43,0.83,0.75,0.52,0.54,0.66,0.67,0.0,0.0,0.38,0.5,9.0,5.0,2.0,1.0,6.0,1.0,1.0,3.0,8.0,3.0,1.0,2.0,1.0,1.0,0.0,0.0,16.0,4.0,5.0,2.0,5.0,8.0,11.0,8.0,8.0,5.0,1.0,0.0,,,0.0,1.0,0.0,1.0,0.2,0.89,20.0,21.0,4.0,15.0,12.0,8.0,0.0,0.0,0.0,0.0,0.61,0.8,0.1,0.55,0.48,0.35,0.55,0.1,-0.64,-0.19,0.39,0.61,0.78,0.82,0.39,0.68,0.59,0.7,0.0,0.0,0.33,0.25,6.0,9.0,1.0,2.0,5.0,3.0,0.0,4.0,5.0,4.0,1.0,5.0,1.0,1.0,1.0,0.0,10.0,20.0,3.0,6.0,1.0,3.0,8.0,15.0,3.0,1.0,1.0,2.0,,,0.0,0.0,1.0,0.0,0.55,0.71,15.0,21.0,25.0,9.0,2.0,3.0,0.0,0.0,0.0,0.0
QDnLEUs2,FINLAND,2025,FINLAND 1,FINLAND 1,27/04/2025,15:30,,Mariehamn,C8bOhcyj,Ilves,pYGmWmwa,False,3,2,,,,,,"[17, 29, 61]","[55, 60]",bet365,6.5,2.4,1.95,bet365,5.5,2.75,1.73,bet365,6.5,4.33,1.44,bet365,1.33,3.25,bet365,2.5,1.5,bet365,6.5,1.11,bet365,1.2,4.33,bet365,1.91,1.8,bet365,4.0,1.22,bet365,1.04,13.0,bet365,1.25,3.75,bet365,1.75,2.05,bet365,3.0,1.36,bet365,5.5,1.14,bet365,1.95,1.8,bet365,5.0,1.17,bet365,3.5,1.29,bet365,2.63,1.2,1.11,bet365,1.8,1.53,1.1,Sportingbet.br,1.98,1.39,1.12,bet365,5.0,1.17,Estrelabet,4.2,1.2,Betano.br,3.95,1.22,bet365,12.0,19.0,21.0,13.0,6.5,4.0,41.0,15.0,2.2,bet365,1.95,1.9,bet365,2.0,1.8,bet365,1.91,1.8,bet365,12.0,bet365,17.0,bet365,7.0,bet365,8.5,bet365,34.0,bet365,7.0,bet365,21.0,bet365,8.5,bet365,19.0,bet365,81.0,bet365,10.0,bet365,51.0,bet365,12.0,bet365,51.0,bet365,26.0,,0.0,0.0,,0.0,0.0,Superbet.br,13.0,1.02,,0.0,0.0,bet365,6.25,1.12,bet365,2.68,1.45,bet365,2.08,1.73,bet365,1.6,2.3,bet365,1.3,3.45,bet365,1.21,4.25,Superbet.br,75.0,40.0,7.5,Superbet.br,70.0,22.0,4.0,bet365,0.0,0.0,2.2,bet365,2.63,3.75,0.0,Novibet,1.58,4.4,1.0,Betano.br,1.25,6.6,0.0,1.28,1.83,1.29,2.5,0.73,1.13,2.5,1.29,-0.23,-1.71,0.4,0.6,0.76,0.84,0.42,0.44,0.59,0.67,0.0,0.0,0.18,0.38,13.0,25.0,5.0,8.0,4.0,11.0,4.0,6.0,7.0,16.0,6.0,9.0,2.0,2.0,0.0,1.0,21.0,34.0,0.0,11.0,11.0,11.0,16.0,25.0,11.0,11.0,3.0,1.0,0.0,1.0,3.0,1.0,6.0,2.0,0.74,0.86,50.0,47.0,37.0,16.0,5.0,3.0,0.0,1.0,0.0,0.0,0.8,0.39,1.06,0.27,0.55,0.27,0.27,1.06,0.27,-0.94,0.38,0.62,0.81,0.87,0.46,0.68,0.59,0.73,0.0,0.0,0.25,0.5,6.0,8.0,3.0,2.0,2.0,4.0,1.0,2.0,3.0,4.0,3.0,4.0,1.0,0.0,0.0,1.0,12.0,10.0,0.0,3.0,5.0,7.0,5.0,12.0,7.0,5.0,3.0,0.0,0.0,1.0,1.0,0.0,2.0,1.0,0.82,0.67,22.0,22.0,10.0,9.0,3.0,2.0,0.0,0.0,0.0,0.0,0.48,1.44,0.23,2.23,0.18,0.86,2.23,0.23,-0.5,-0.77,0.42,0.58,0.7,0.79,0.39,0.25,0.58,0.61,0.0,0.0,0.14,0.29,7.0,17.0,2.0,6.0,2.0,7.0,3.0,4.0,4.0,12.0,3.0,5.0,1.0,2.0,0.0,0.0,9.0,24.0,0.0,8.0,6.0,4.0,11.0,13.0,4.0,6.0,0.0,1.0,,,2.0,1.0,4.0,1.0,0.63,1.0,28.0,25.0,27.0,7.0,2.0,1.0,0.0,1.0,0.0,0.0
l8RfhyWN,FINLAND,2025,FINLAND 1,FINLAND 1,17/05/2025,16:00,,VPS,8GveH5dA,Jaro,faEPan8O,False,0,0,,,,,,[],[],bet365,2.25,2.3,5.0,bet365,2.0,2.6,4.33,bet365,1.7,3.75,5.0,bet365,1.36,3.0,bet365,2.63,1.44,bet365,7.0,1.1,bet365,1.22,4.0,bet365,2.0,1.73,bet365,4.33,1.2,bet365,1.05,11.0,bet365,1.25,3.75,bet365,1.85,1.95,bet365,3.25,1.33,bet365,6.0,1.13,bet365,1.8,1.95,bet365,4.5,1.18,bet365,3.4,1.3,bet365,1.17,1.25,2.1,bet365,1.14,1.57,1.57,KTO.br,1.18,1.4,1.75,bet365,1.25,3.75,Estrelabet,1.36,2.9,Betano.br,1.37,2.95,bet365,2.63,15.0,34.0,4.5,6.0,10.0,21.0,15.0,8.0,bet365,2.0,1.85,bet365,2.1,1.73,bet365,1.91,1.8,bet365,11.0,bet365,7.5,bet365,15.0,bet365,7.0,bet365,8.0,bet365,26.0,bet365,8.5,bet365,15.0,bet365,15.0,bet365,13.0,bet365,51.0,bet365,13.0,bet365,41.0,bet365,23.0,bet365,41.0,Betboom.br,6.24,1.07,Betboom.br,5.12,1.11,Novibet,3.0,1.33,bet365,2.03,1.78,KTO.br,1.61,2.23,KTO.br,1.16,4.6,Betboom.br,1.01,11.5,Betboom.br,1.01,12.96,,0.0,0.0,,0.0,0.0,BetEsporte,12.0,7.6,40.0,Betano.br,5.9,5.0,27.0,bet365,2.88,3.75,0.0,bet365,0.0,0.0,2.1,Betano.br,1.06,11.5,1.42,BetEsporte,1.01,11.0,1.11,1.13,0.82,0.45,1.19,0.78,0.39,1.19,0.45,1.19,0.45,0.64,0.36,0.87,0.77,0.65,0.38,0.72,0.63,0.0,0.0,0.28,0.11,12.0,9.0,3.0,2.0,6.0,6.0,3.0,1.0,10.0,5.0,2.0,4.0,3.0,2.0,2.0,0.0,28.0,11.0,6.0,3.0,13.0,13.0,24.0,19.0,13.0,13.0,2.0,1.0,,,1.0,1.0,2.0,3.0,0.79,0.76,46.0,43.0,11.0,28.0,10.0,4.0,0.0,1.0,0.0,0.0,0.79,0.48,0.34,0.79,0.45,0.3,0.79,0.34,0.79,0.34,0.64,0.36,0.87,0.77,0.77,0.39,0.71,0.66,0.0,0.0,0.25,0.0,5.0,5.0,1.0,1.0,1.0,3.0,3.0,1.0,5.0,3.0,0.0,2.0,3.0,2.0,1.0,0.0,16.0,6.0,5.0,2.0,6.0,5.0,13.0,10.0,5.0,6.0,0.0,1.0,,,0.0,1.0,1.0,1.0,1.0,0.8,22.0,21.0,4.0,16.0,5.0,0.0,0.0,1.0,0.0,0.0,0.34,0.34,0.11,0.4,0.33,0.09,0.4,0.11,0.4,0.11,0.64,0.36,0.87,0.76,0.52,0.36,0.72,0.61,0.0,0.0,0.31,0.2,7.0,4.0,2.0,1.0,5.0,3.0,0.0,0.0,5.0,2.0,2.0,2.0,0.0,0.0,1.0,0.0,12.0,5.0,1.0,1.0,7.0,8.0,11.0,9.0,8.0,7.0,2.0,0.0,,,1.0,0.0,1.0,2.0,0.57,0.71,24.0,22.0,7.0,12.0,5.0,4.0,0.0,0.0,0.0,0.0
YyLMW23m,FINLAND,2025,FINLAND 1,FINLAND 1,03/05/2025,14:00,,Inter Turku,QwkNUoNH,HJK,nmjJVR7B,False,1,1,,,,,,[73],[24],bet365,3.0,2.2,3.5,bet365,2.63,2.4,3.1,bet365,2.25,3.3,2.9,bet365,1.36,3.0,bet365,2.75,1.4,bet365,8.0,1.08,bet365,1.22,4.0,bet365,2.1,1.67,bet365,4.5,1.18,bet365,1.05,11.0,bet365,1.3,3.4,bet365,2.0,1.85,bet365,3.4,1.3,bet365,7.0,1.1,bet365,1.75,2.0,bet365,4.33,1.2,bet365,3.4,1.3,bet365,1.4,1.33,1.62,bet365,1.29,1.62,1.36,Betano.br,1.32,1.5,1.45,bet365,1.67,2.1,Estrelabet,1.7,2.05,Novibet,1.69,2.08,bet365,3.75,13.0,29.0,5.5,5.5,7.0,26.0,15.0,4.75,bet365,1.98,1.88,bet365,2.1,1.73,bet365,1.91,1.8,bet365,11.0,bet365,8.5,bet365,10.0,bet365,6.5,bet365,11.0,bet365,15.0,bet365,9.5,bet365,11.0,bet365,13.0,bet365,21.0,bet365,29.0,bet365,19.0,bet365,23.0,bet365,26.0,bet365,29.0,Betboom.br,12.28,1.01,Betboom.br,10.8,1.01,bet365,4.4,1.2,bet365,3.55,1.28,bet365,2.25,1.63,bet365,1.38,3.0,bet365,1.15,5.5,bet365,1.12,6.4,,0.0,0.0,Superbet.br,1.03,9.6,Superbet.br,27.0,13.0,31.0,Betano.br,11.0,6.7,17.0,bet365,4.5,4.0,0.0,bet365,0.0,0.0,1.62,Betano.br,1.12,8.5,1.21,Superbet.br,1.03,14.0,1.04,3.19,0.83,1.4,1.33,1.74,0.81,1.33,1.4,0.33,0.11,0.54,0.46,0.88,0.83,0.56,0.36,0.76,0.75,1.0,0.0,0.25,0.0,23.0,13.0,5.0,6.0,10.0,3.0,8.0,4.0,17.0,9.0,6.0,4.0,4.0,3.0,1.0,0.0,41.0,28.0,10.0,1.0,6.0,11.0,16.0,19.0,11.0,6.0,2.0,1.0,,,1.0,3.0,5.0,4.0,0.62,0.67,31.0,48.0,15.0,22.0,9.0,7.0,0.0,0.0,0.0,1.0,0.63,0.58,0.24,0.89,0.7,0.68,0.89,0.24,-0.11,0.24,0.46,0.54,0.88,0.84,0.52,0.42,0.78,0.82,1.0,0.0,0.5,0.0,12.0,9.0,2.0,3.0,5.0,2.0,5.0,4.0,8.0,6.0,4.0,3.0,0.0,2.0,0.0,0.0,20.0,22.0,4.0,0.0,3.0,3.0,12.0,12.0,3.0,3.0,,,,,1.0,2.0,2.0,2.0,0.5,0.5,15.0,22.0,11.0,9.0,6.0,3.0,0.0,0.0,0.0,0.0,2.56,0.25,1.16,0.44,1.04,0.13,0.44,1.16,0.44,-0.13,0.62,0.38,0.88,0.81,0.61,0.3,0.74,0.6,0.0,0.0,0.08,0.0,11.0,4.0,3.0,3.0,5.0,1.0,3.0,0.0,9.0,3.0,2.0,1.0,4.0,1.0,1.0,0.0,21.0,6.0,6.0,1.0,3.0,8.0,4.0,7.0,8.0,3.0,2.0,1.0,,,0.0,1.0,3.0,2.0,0.8,0.9,16.0,26.0,4.0,13.0,3.0,4.0,0.0,0.0,0.0,1.0
KSZwdJWb,FINLAND,2025,FINLAND 1,FINLAND 1,17/05/2025,14:00,,HJK,nmjJVR7B,KTP,zsgwCpdF,False,4,1,,,,,,"[8, 45, 66, 70, 90]",[34],bet365,1.57,3.0,9.5,bet365,1.44,3.4,8.0,bet365,1.2,6.25,12.0,bet365,1.2,4.33,bet365,2.03,1.78,bet365,4.0,1.22,bet365,1.13,6.0,bet365,1.62,2.2,bet365,3.0,1.36,bet365,1.02,21.0,bet365,1.11,6.5,bet365,1.4,2.88,bet365,1.91,1.8,bet365,3.25,1.33,bet365,1.91,1.91,bet365,4.33,1.2,bet365,3.4,1.3,bet365,1.05,1.13,4.33,bet365,1.04,1.36,2.25,Betboom.br,1.05,1.27,2.56,bet365,1.06,10.0,Sportingbet.br,1.13,5.5,Novibet,1.13,5.25,bet365,1.67,21.0,51.0,4.0,10.0,23.0,17.0,23.0,21.0,bet365,1.95,1.9,bet365,2.0,1.8,bet365,1.83,1.83,bet365,21.0,bet365,10.0,bet365,34.0,bet365,13.0,bet365,7.5,bet365,51.0,bet365,9.5,bet365,29.0,bet365,21.0,bet365,8.0,bet365,151.0,bet365,10.0,bet365,67.0,bet365,23.0,bet365,51.0,bet365,2.43,1.53,bet365,1.98,1.83,bet365,1.6,2.3,bet365,1.3,3.45,bet365,1.21,4.25,Superbet.br,1.04,8.7,,0.0,0.0,,0.0,0.0,,0.0,0.0,,0.0,0.0,Betano.br,4.65,5.2,0.0,bet365,2.4,4.33,0.0,BetEsporte,1.63,4.2,23.0,Betano.br,1.08,10.25,4.1,bet365,0.0,0.0,2.25,Betano.br,0.0,0.0,1.5,3.32,1.86,2.74,1.15,1.36,0.52,1.15,2.74,0.15,-1.26,0.67,0.33,0.85,0.71,0.66,0.26,0.75,0.59,0.0,0.0,0.28,0.2,28.0,10.0,13.0,3.0,8.0,5.0,7.0,2.0,17.0,7.0,11.0,3.0,5.0,2.0,1.0,1.0,44.0,13.0,12.0,1.0,15.0,9.0,20.0,12.0,9.0,15.0,0.0,2.0,,,1.0,5.0,2.0,9.0,0.63,0.65,49.0,42.0,20.0,29.0,5.0,14.0,0.0,0.0,0.0,1.0,1.87,1.76,0.9,1.1,0.47,0.44,1.1,0.9,0.1,-0.1,0.65,0.35,0.86,0.72,0.72,0.3,0.71,0.62,0.0,0.0,0.25,0.2,15.0,8.0,6.0,2.0,5.0,4.0,4.0,2.0,8.0,6.0,7.0,2.0,3.0,2.0,1.0,1.0,22.0,11.0,4.0,0.0,7.0,6.0,4.0,8.0,6.0,7.0,0.0,2.0,,,0.0,1.0,1.0,5.0,0.33,0.7,23.0,26.0,13.0,10.0,3.0,5.0,0.0,0.0,0.0,0.0,1.45,0.1,1.84,0.05,0.89,0.08,0.05,1.84,0.05,-1.16,0.69,0.31,0.83,0.69,0.57,0.21,0.77,0.5,0.0,0.0,0.3,0.2,13.0,2.0,7.0,1.0,3.0,1.0,3.0,0.0,9.0,1.0,4.0,1.0,2.0,0.0,0.0,0.0,22.0,2.0,8.0,1.0,8.0,3.0,16.0,4.0,3.0,8.0,,,,,1.0,4.0,1.0,4.0,0.8,0.6,26.0,16.0,7.0,19.0,2.0,9.0,0.0,0.0,0.0,1.0
Mci4ELmJ,FINLAND,2025,FINLAND 1,FINLAND 1,02/05/2025,17:00,,KuPS,nLBbqJDS,SJK,hj3ima3I,False,1,0,,,,,,[45],[],bet365,2.38,2.4,4.33,bet365,2.1,2.63,3.75,bet365,1.8,3.8,3.9,bet365,1.29,3.5,bet365,2.38,1.53,bet365,5.5,1.14,bet365,1.17,5.0,bet365,1.83,1.83,bet365,3.75,1.25,bet365,1.03,15.0,bet365,1.18,4.5,bet365,1.6,2.3,bet365,2.5,1.5,bet365,4.33,1.2,bet365,1.62,2.2,bet365,3.75,1.25,bet365,2.75,1.4,bet365,1.25,1.25,1.95,bet365,1.2,1.53,1.53,Betano.br,1.26,1.4,1.65,bet365,1.36,3.0,Esportivabet,1.45,2.54,Betano.br,1.47,2.55,bet365,2.88,13.0,29.0,5.0,6.5,9.0,21.0,15.0,6.5,bet365,1.98,1.88,bet365,2.0,1.8,bet365,1.91,1.8,bet365,15.0,bet365,9.5,bet365,15.0,bet365,7.5,bet365,10.0,bet365,23.0,bet365,8.5,bet365,13.0,bet365,13.0,bet365,15.0,bet365,41.0,bet365,13.0,bet365,29.0,bet365,21.0,bet365,29.0,bet365,6.0,1.13,bet365,5.25,1.16,bet365,3.0,1.38,bet365,2.38,1.55,bet365,1.83,2.03,bet365,1.26,3.7,bet365,1.1,7.0,bet365,1.1,7.0,,0.0,0.0,,0.0,0.0,BetEsporte,13.0,8.2,30.0,Betano.br,6.5,5.4,20.0,bet365,3.1,4.0,0.0,bet365,0.0,0.0,1.95,Betano.br,1.09,10.0,1.37,BetEsporte,1.01,12.0,1.1,0.84,1.0,0.92,0.69,0.72,0.66,0.69,0.92,0.69,-0.1,0.49,0.51,0.82,0.85,0.4,0.58,0.78,0.7,0.0,0.0,0.2,0.27,12.0,12.0,3.0,4.0,8.0,4.0,1.0,4.0,6.0,7.0,6.0,5.0,1.0,0.0,0.0,0.0,19.0,28.0,4.0,7.0,11.0,8.0,21.0,27.0,8.0,11.0,2.0,3.0,,,3.0,3.0,4.0,2.0,0.68,0.63,51.0,38.0,20.0,23.0,10.0,7.0,1.0,0.0,0.0,0.0,0.57,0.8,0.92,0.49,0.39,0.37,0.49,0.92,0.49,-0.08,0.55,0.45,0.86,0.87,0.31,0.65,0.79,0.69,0.0,0.0,0.3,0.3,5.0,8.0,3.0,3.0,2.0,3.0,0.0,2.0,5.0,6.0,0.0,2.0,1.0,0.0,0.0,0.0,10.0,15.0,3.0,3.0,7.0,1.0,8.0,13.0,1.0,7.0,,,,,2.0,2.0,3.0,2.0,0.67,0.75,26.0,16.0,4.0,13.0,5.0,4.0,0.0,0.0,0.0,0.0,0.27,0.2,0.0,0.2,0.33,0.29,0.2,0.0,0.2,-0.02,0.43,0.57,0.78,0.84,0.48,0.52,0.77,0.71,0.0,0.0,0.0,0.25,7.0,4.0,0.0,1.0,6.0,1.0,1.0,2.0,1.0,1.0,6.0,3.0,0.0,0.0,0.0,0.0,9.0,13.0,1.0,4.0,4.0,7.0,13.0,14.0,7.0,4.0,2.0,3.0,,,1.0,1.0,1.0,0.0,0.69,0.5,25.0,22.0,16.0,10.0,5.0,3.0,1.0,0.0,0.0,0.0
GKCwTK2C,FINLAND,2025,FINLAND 1,FINLAND 1,10/05/2025,12:00,,KuPS,nLBbqJDS,KTP,zsgwCpdF,False,3,0,,,,,,"[26, 44, 57]",[],bet365,1.91,2.5,6.5,bet365,1.73,2.88,5.5,bet365,1.44,4.75,6.0,bet365,1.29,3.5,bet365,2.38,1.53,bet365,5.5,1.14,bet365,1.18,4.5,bet365,1.83,1.83,bet365,3.75,1.25,bet365,1.03,17.0,bet365,1.2,4.33,bet365,1.62,2.25,bet365,2.63,1.44,bet365,4.5,1.18,bet365,1.8,1.95,bet365,4.33,1.2,bet365,3.4,1.3,bet365,1.13,1.18,2.63,bet365,1.1,1.5,1.8,KTO.br,1.11,1.34,2.0,bet365,1.17,5.0,KTO.br,1.21,3.8,Novibet,1.2,4.15,bet365,2.1,15.0,41.0,4.33,7.0,13.0,19.0,17.0,11.0,bet365,1.9,1.95,bet365,2.0,1.8,bet365,1.91,1.8,bet365,15.0,bet365,8.0,bet365,17.0,bet365,9.0,bet365,7.5,bet365,34.0,bet365,8.5,bet365,19.0,bet365,19.0,bet365,10.0,bet365,67.0,bet365,11.0,bet365,41.0,bet365,23.0,bet365,41.0,bet365,3.9,1.24,bet365,3.3,1.33,bet365,2.2,1.65,bet365,1.7,2.1,bet365,1.43,2.75,bet365,1.13,5.9,,0.0,0.0,,0.0,0.0,,0.0,0.0,,0.0,0.0,Betano.br,8.25,6.6,0.0,bet365,3.1,4.33,0.0,bet365,2.2,3.75,0.0,bet365,0.0,0.0,2.63,bet365,0.0,0.0,1.83,Betano.br,0.0,0.0,1.25,2.21,0.39,2.54,0.0,1.9,0.24,0.0,2.54,0.0,-0.46,0.61,0.39,0.91,0.85,0.62,0.63,0.82,0.74,1.0,0.0,0.35,0.17,19.0,4.0,9.0,0.0,3.0,2.0,7.0,2.0,18.0,4.0,1.0,0.0,4.0,0.0,1.0,0.0,54.0,7.0,6.0,2.0,8.0,7.0,10.0,13.0,7.0,8.0,1.0,3.0,0.0,1.0,3.0,1.0,0.0,6.0,0.75,0.36,35.0,29.0,10.0,22.0,5.0,6.0,0.0,1.0,0.0,0.0,1.91,0.24,1.76,0.0,1.08,0.13,0.0,1.76,0.0,-0.24,0.69,0.31,0.93,0.83,0.67,0.59,0.85,0.62,0.0,0.0,0.33,0.33,13.0,3.0,7.0,0.0,2.0,2.0,4.0,1.0,13.0,3.0,0.0,0.0,2.0,0.0,1.0,0.0,41.0,5.0,6.0,2.0,3.0,5.0,7.0,7.0,5.0,3.0,,,,,2.0,1.0,0.0,5.0,1.0,0.22,19.0,19.0,7.0,19.0,3.0,2.0,0.0,1.0,0.0,0.0,0.3,0.15,0.78,0.0,0.82,0.11,0.0,0.78,0.0,-0.22,0.48,0.52,0.87,0.88,0.54,0.68,0.7,0.84,1.0,0.0,0.4,0.0,6.0,1.0,2.0,0.0,1.0,0.0,3.0,1.0,5.0,1.0,1.0,0.0,2.0,0.0,0.0,0.0,13.0,2.0,0.0,0.0,5.0,2.0,3.0,6.0,2.0,5.0,1.0,3.0,0.0,1.0,1.0,0.0,0.0,1.0,0.67,0.6,16.0,10.0,3.0,3.0,2.0,4.0,0.0,0.0,0.0,0.0
hIamI3lf,FINLAND,2025,FINLAND 1,FINLAND 1,02/05/2025,15:00,,KTP,zsgwCpdF,AC Oulu,Y35Jer59,False,1,3,,,,,,[90],"[4, 78, 88]",bet365,3.0,2.2,3.5,bet365,2.63,2.4,3.0,bet365,2.35,3.4,2.8,bet365,1.4,2.75,bet365,2.75,1.4,bet365,8.0,1.08,bet365,1.25,3.75,bet365,2.1,1.67,bet365,5.0,1.17,bet365,1.05,11.0,bet365,1.29,3.5,bet365,1.98,1.88,bet365,3.4,1.3,bet365,6.5,1.11,bet365,1.75,2.0,bet365,4.5,1.18,bet365,3.4,1.3,bet365,1.4,1.3,1.57,bet365,1.29,1.62,1.36,Sportingbet.br,1.32,1.51,1.42,bet365,1.73,2.0,Esportivabet,1.7,2.05,Betano.br,1.72,2.05,bet365,4.0,13.0,29.0,6.0,5.0,6.5,26.0,15.0,4.75,bet365,1.98,1.88,bet365,2.1,1.73,bet365,1.91,1.8,bet365,10.0,bet365,8.0,bet365,9.0,bet365,6.5,bet365,12.0,bet365,15.0,bet365,9.5,bet365,11.0,bet365,15.0,bet365,23.0,bet365,29.0,bet365,19.0,bet365,23.0,bet365,29.0,bet365,29.0,Betboom.br,11.35,1.01,Betboom.br,9.99,1.01,bet365,4.65,1.18,bet365,3.7,1.26,bet365,2.35,1.58,bet365,1.43,2.75,bet365,1.17,5.0,bet365,1.13,5.9,Betboom.br,1.01,12.83,,0.0,0.0,BetEsporte,22.0,10.0,28.0,Betano.br,12.0,6.9,16.0,bet365,4.75,4.0,0.0,bet365,0.0,0.0,1.57,Betano.br,1.13,8.25,1.19,BetEsporte,1.02,11.0,1.04,0.69,1.7,1.03,1.74,0.32,1.26,1.74,1.03,-0.26,-0.44,0.46,0.54,0.77,0.84,0.42,0.39,0.56,0.65,0.0,1.0,0.13,0.29,11.0,14.0,4.0,6.0,4.0,6.0,3.0,2.0,7.0,8.0,4.0,6.0,1.0,3.0,0.0,1.0,16.0,19.0,4.0,3.0,16.0,15.0,18.0,18.0,15.0,16.0,2.0,1.0,1.0,0.0,2.0,3.0,3.0,3.0,0.57,0.5,50.0,44.0,22.0,37.0,10.0,4.0,0.0,0.0,0.0,0.0,0.11,0.53,0.29,0.06,0.16,0.5,0.06,0.29,0.06,0.29,0.48,0.52,0.85,0.89,0.5,0.62,0.63,0.69,0.0,1.0,0.14,0.17,4.0,8.0,2.0,3.0,1.0,3.0,1.0,2.0,2.0,3.0,2.0,5.0,0.0,0.0,0.0,1.0,7.0,7.0,1.0,2.0,12.0,5.0,10.0,7.0,5.0,12.0,0.0,1.0,1.0,0.0,1.0,1.0,2.0,2.0,0.67,0.67,23.0,17.0,11.0,20.0,3.0,4.0,0.0,0.0,0.0,0.0,0.58,1.17,0.74,1.68,0.16,0.76,1.68,0.74,-0.32,-0.73,0.44,0.56,0.65,0.77,0.37,0.2,0.51,0.63,0.0,0.0,0.11,0.38,7.0,6.0,2.0,3.0,3.0,3.0,2.0,0.0,5.0,5.0,2.0,1.0,1.0,3.0,0.0,0.0,9.0,12.0,3.0,1.0,4.0,10.0,8.0,11.0,10.0,4.0,2.0,0.0,,,1.0,2.0,1.0,1.0,0.5,0.25,27.0,27.0,11.0,17.0,7.0,0.0,0.0,0.0,0.0,0.0
hpOcBeyA,FINLAND,2025,FINLAND 1,FINLAND 1,19/04/2025,16:00,,KuPS,nLBbqJDS,Jaro,faEPan8O,False,1,0,,,,,,[],[],,0.0,0.0,0.0,,0.0,0.0,0.0,,0.0,0.0,0.0,,0.0,0.0,,0.0,0.0,,0.0,0.0,,0.0,0.0,,0.0,0.0,,0.0,0.0,,0.0,0.0,,0.0,0.0,,0.0,0.0,,0.0,0.0,,0.0,0.0,,0.0,0.0,,0.0,0.0,,0.0,0.0,,0.0,0.0,0.0,,0.0,0.0,0.0,,0.0,0.0,0.0,,0.0,0.0,,0.0,0.0,,0.0,0.0,,0.0,0.0,0.0,0.0,0.0,0.0,0.0,0.0,0.0,,0.0,0.0,,0.0,0.0,,0.0,0.0,,0.0,,0.0,,0.0,,0.0,,0.0,,0.0,,0.0,,0.0,,0.0,,0.0,,0.0,,0.0,,0.0,,0.0,,0.0,,0.0,0.0,,0.0,0.0,,0.0,0.0,,0.0,0.0,,0.0,0.0,,0.0,0.0,,0.0,0.0,,0.0,0.0,,0.0,0.0,,0.0,0.0,,0.0,0.0,0.0,,0.0,0.0,0.0,,0.0,0.0,0.0,,0.0,0.0,0.0,,0.0,0.0,0.0,,0.0,0.0,0.0,,,,,,,,,,,,,,,,,,,,,,,,,,,,,,,,,,,,,,,,,,,,,,,,,,,,,,,,,,,,,,,,,,,,,,,,,,,,,,,,,,,,,,,,,,,,,,,,,,,,,,,,,,,,,,,,,,,,,,,,,,,,,,,,,,,,,,,,,,,,,,,,,,,,,,,,,,,,,,,,,,,,,,,,,,,,,,,,,,,,,,,,,,,,,,,,,,,,,,,,,,,,
vsdo2ibd,FINLAND,2025,FINLAND 1,FINLAND 1,23/04/2025,16:00,,SJK,hj3ima3I,AC Oulu,Y35Jer59,False,3,1,,,,,,[],[],,0.0,0.0,0.0,,0.0,0.0,0.0,,0.0,0.0,0.0,,0.0,0.0,,0.0,0.0,,0.0,0.0,,0.0,0.0,,0.0,0.0,,0.0,0.0,,0.0,0.0,,0.0,0.0,,0.0,0.0,,0.0,0.0,,0.0,0.0,,0.0,0.0,,0.0,0.0,,0.0,0.0,,0.0,0.0,0.0,,0.0,0.0,0.0,,0.0,0.0,0.0,,0.0,0.0,,0.0,0.0,,0.0,0.0,,0.0,0.0,0.0,0.0,0.0,0.0,0.0,0.0,0.0,,0.0,0.0,,0.0,0.0,,0.0,0.0,,0.0,,0.0,,0.0,,0.0,,0.0,,0.0,,0.0,,0.0,,0.0,,0.0,,0.0,,0.0,,0.0,,0.0,,0.0,,0.0,0.0,,0.0,0.0,,0.0,0.0,,0.0,0.0,,0.0,0.0,,0.0,0.0,,0.0,0.0,,0.0,0.0,,0.0,0.0,,0.0,0.0,,0.0,0.0,0.0,,0.0,0.0,0.0,,0.0,0.0,0.0,,0.0,0.0,0.0,,0.0,0.0,0.0,,0.0,0.0,0.0,,,,,,,,,,,,,,,,,,,,,,,,,,,,,,,,,,,,,,,,,,,,,,,,,,,,,,,,,,,,,,,,,,,,,,,,,,,,,,,,,,,,,,,,,,,,,,,,,,,,,,,,,,,,,,,,,,,,,,,,,,,,,,,,,,,,,,,,,,,,,,,,,,,,,,,,,,,,,,,,,,,,,,,,,,,,,,,,,,,,,,,,,,,,,,,,,,,,,,,,,,,,
6mlXPfj3,FINLAND,2025,FINLAND 1,FINLAND 1,26/04/2025,12:00,,AC Oulu,Y35Jer59,Inter Turku,QwkNUoNH,False,1,4,,,,,,[],[],,0.0,0.0,0.0,,0.0,0.0,0.0,,0.0,0.0,0.0,,0.0,0.0,,0.0,0.0,,0.0,0.0,,0.0,0.0,,0.0,0.0,,0.0,0.0,,0.0,0.0,,0.0,0.0,,0.0,0.0,,0.0,0.0,,0.0,0.0,,0.0,0.0,,0.0,0.0,,0.0,0.0,,0.0,0.0,0.0,,0.0,0.0,0.0,,0.0,0.0,0.0,,0.0,0.0,,0.0,0.0,,0.0,0.0,,0.0,0.0,0.0,0.0,0.0,0.0,0.0,0.0,0.0,,0.0,0.0,,0.0,0.0,,0.0,0.0,,0.0,,0.0,,0.0,,0.0,,0.0,,0.0,,0.0,,0.0,,0.0,,0.0,,0.0,,0.0,,0.0,,0.0,,0.0,,0.0,0.0,,0.0,0.0,,0.0,0.0,,0.0,0.0,,0.0,0.0,,0.0,0.0,,0.0,0.0,,0.0,0.0,,0.0,0.0,,0.0,0.0,,0.0,0.0,0.0,,0.0,0.0,0.0,,0.0,0.0,0.0,,0.0,0.0,0.0,,0.0,0.0,0.0,,0.0,0.0,0.0,,,,,,,,,,,,,,,,,,,,,,,,,,,,,,,,,,,,,,,,,,,,,,,,,,,,,,,,,,,,,,,,,,,,,,,,,,,,,,,,,,,,,,,,,,,,,,,,,,,,,,,,,,,,,,,,,,,,,,,,,,,,,,,,,,,,,,,,,,,,,,,,,,,,,,,,,,,,,,,,,,,,,,,,,,,,,,,,,,,,,,,,,,,,,,,,,,,,,,,,,,,,
rXe80vNi,FINLAND,2025,FINLAND 1,FINLAND 1,12/04/2025,14:00,,Inter Turku,QwkNUoNH,Gnistan,Aa28K98n,False,3,0,,,,,,"[37, 89, 90]",[],bet365,2.38,2.25,4.75,bet365,2.05,2.6,4.0,bet365,1.73,3.6,4.5,bet365,1.36,3.0,bet365,2.63,1.44,bet365,7.0,1.1,bet365,1.2,4.33,bet365,1.91,1.8,bet365,4.0,1.22,bet365,1.04,13.0,bet365,1.2,4.33,bet365,1.7,2.1,bet365,2.63,1.44,bet365,5.0,1.17,bet365,1.75,2.0,bet365,4.5,1.18,bet365,3.25,1.33,bet365,1.18,1.29,2.05,bet365,1.17,1.57,1.53,KTO.br,1.21,1.4,1.7,bet365,1.3,3.4,Novibet,1.42,2.75,Betano.br,1.4,2.8,bet365,2.75,15.0,34.0,4.75,6.0,9.5,21.0,15.0,7.5,bet365,2.0,1.85,bet365,2.1,1.73,bet365,1.91,1.8,bet365,12.0,bet365,8.0,bet365,13.0,bet365,7.0,bet365,9.0,bet365,23.0,bet365,8.5,bet365,15.0,bet365,15.0,bet365,15.0,bet365,51.0,bet365,13.0,bet365,34.0,bet365,23.0,bet365,41.0,bet365,5.9,1.13,bet365,5.0,1.17,bet365,2.85,1.4,bet365,2.3,1.6,bet365,1.73,2.08,bet365,1.2,4.4,,0.0,0.0,Superbet.br,1.04,8.7,,0.0,0.0,,0.0,0.0,BetEsporte,12.0,7.8,35.0,Betano.br,6.4,5.2,26.0,bet365,3.0,3.75,0.0,bet365,0.0,0.0,2.05,Betano.br,1.06,11.25,1.39,BetEsporte,1.01,12.0,1.11,1.93,0.22,2.24,0.04,1.61,0.23,0.04,2.24,0.04,0.24,0.48,0.52,0.82,0.83,0.43,0.48,0.74,0.61,0.0,0.0,0.41,0.17,17.0,4.0,5.0,2.0,5.0,0.0,7.0,2.0,11.0,0.0,6.0,4.0,2.0,0.0,0.0,0.0,48.0,7.0,12.0,3.0,8.0,16.0,25.0,17.0,16.0,8.0,2.0,2.0,,,0.0,0.0,2.0,2.0,0.82,0.76,47.0,47.0,15.0,29.0,6.0,11.0,0.0,0.0,0.0,0.0,0.9,0.0,0.99,0.0,0.61,0.02,0.0,0.99,0.0,-0.01,0.56,0.44,0.87,0.83,0.46,0.41,0.79,0.44,0.0,0.0,0.33,0.0,12.0,0.0,3.0,0.0,4.0,0.0,5.0,0.0,8.0,0.0,4.0,0.0,1.0,0.0,0.0,0.0,30.0,0.0,9.0,0.0,4.0,6.0,13.0,5.0,6.0,4.0,1.0,1.0,,,0.0,0.0,0.0,2.0,0.86,0.63,23.0,21.0,1.0,22.0,3.0,3.0,0.0,0.0,0.0,0.0,1.03,0.22,1.25,0.04,1.0,0.21,0.04,1.25,0.04,0.25,0.4,0.6,0.74,0.83,0.4,0.54,0.69,0.66,0.0,0.0,0.75,0.2,5.0,4.0,2.0,2.0,1.0,0.0,2.0,2.0,3.0,0.0,2.0,4.0,1.0,0.0,0.0,0.0,18.0,7.0,3.0,3.0,4.0,10.0,12.0,12.0,10.0,4.0,1.0,1.0,,,0.0,0.0,2.0,0.0,0.8,0.89,24.0,26.0,14.0,7.0,3.0,8.0,0.0,0.0,0.0,0.0
YLSkrc7N,FINLAND,2025,FINLAND 1,FINLAND 1,11/04/2025,17:00,,SJK,hj3ima3I,HJK,nmjJVR7B,False,1,0,,,,,,[60],[],bet365,3.5,2.38,2.75,bet365,3.1,2.63,2.4,bet365,3.1,3.5,2.1,bet365,1.3,3.4,bet365,2.38,1.53,bet365,6.0,1.13,bet365,1.17,5.0,bet365,1.73,2.0,bet365,3.4,1.3,bet365,1.03,15.0,bet365,1.18,4.5,bet365,1.62,2.25,bet365,2.5,1.5,bet365,4.33,1.2,bet365,1.53,2.38,bet365,3.75,1.25,bet365,2.63,1.44,bet365,1.7,1.29,1.36,bet365,1.4,1.53,1.29,Novibet,1.5,1.44,1.3,bet365,2.25,1.57,Novibet,2.15,1.64,Novibet,2.25,1.59,bet365,5.0,13.0,21.0,7.5,6.0,5.5,26.0,13.0,3.4,bet365,2.0,1.85,bet365,2.0,1.8,bet365,1.91,1.8,bet365,15.0,bet365,13.0,bet365,11.0,bet365,7.0,bet365,19.0,bet365,12.0,bet365,12.0,bet365,9.0,bet365,11.0,bet365,34.0,bet365,21.0,bet365,23.0,bet365,15.0,bet365,26.0,bet365,21.0,Superbet.br,8.4,1.05,,0.0,0.0,bet365,6.25,1.12,bet365,5.5,1.15,bet365,3.1,1.35,bet365,1.7,2.1,bet365,1.35,3.1,bet365,1.25,3.8,bet365,1.12,6.25,Superbet.br,1.06,7.4,Superbet.br,45.0,20.0,19.0,Betano.br,15.5,8.75,9.0,bet365,0.0,0.0,3.75,bet365,1.7,4.33,0.0,Betano.br,1.25,6.3,1.12,Superbet.br,1.06,11.0,1.01,1.68,0.5,3.27,0.28,1.53,0.66,0.28,3.27,0.28,2.27,0.43,0.57,0.79,0.85,0.41,0.56,0.67,0.74,0.0,0.0,0.38,0.13,19.0,14.0,7.0,3.0,8.0,6.0,4.0,5.0,13.0,6.0,6.0,8.0,2.0,0.0,0.0,2.0,35.0,30.0,7.0,6.0,13.0,12.0,9.0,16.0,12.0,13.0,2.0,2.0,0.0,1.0,1.0,0.0,3.0,6.0,0.63,0.83,59.0,48.0,22.0,14.0,9.0,11.0,0.0,0.0,0.0,0.0,0.49,0.27,1.46,0.06,0.32,0.38,0.06,1.46,0.06,1.46,0.38,0.62,0.75,0.88,0.29,0.62,0.56,0.74,0.0,0.0,0.71,0.25,9.0,7.0,4.0,1.0,4.0,3.0,1.0,3.0,8.0,1.0,1.0,6.0,1.0,0.0,0.0,0.0,17.0,19.0,2.0,1.0,6.0,7.0,6.0,5.0,7.0,6.0,1.0,2.0,0.0,1.0,1.0,0.0,1.0,4.0,0.6,0.89,32.0,26.0,6.0,3.0,6.0,5.0,0.0,0.0,0.0,0.0,1.19,0.23,1.81,0.22,1.21,0.28,0.22,1.81,0.22,0.81,0.48,0.52,0.83,0.8,0.53,0.51,0.74,0.75,0.0,0.0,0.11,0.09,10.0,7.0,3.0,2.0,4.0,3.0,3.0,2.0,5.0,5.0,5.0,2.0,1.0,0.0,0.0,2.0,18.0,11.0,5.0,5.0,7.0,5.0,3.0,11.0,5.0,7.0,1.0,0.0,,,0.0,0.0,2.0,2.0,0.7,0.78,27.0,22.0,16.0,11.0,3.0,6.0,0.0,0.0,0.0,0.0
KWPkDH6c,FINLAND,2025,FINLAND 1,FINLAND 1,19/04/2025,14:00,,Haka,6oug4RRc,AC Oulu,Y35Jer59,False,2,1,,,,,,"[56, 77, 79]",[19],bet365,3.25,2.2,3.2,bet365,2.88,2.5,2.75,bet365,2.55,3.3,2.5,bet365,1.4,2.75,bet365,2.75,1.4,bet365,8.0,1.08,bet365,1.2,4.33,bet365,2.0,1.73,bet365,4.33,1.2,bet365,1.05,11.0,bet365,1.25,3.75,bet365,1.9,1.95,bet365,3.25,1.33,bet365,6.5,1.11,bet365,1.7,2.05,bet365,4.5,1.18,bet365,3.0,1.36,bet365,1.44,1.3,1.44,bet365,1.36,1.62,1.33,Betano.br,1.39,1.5,1.39,bet365,1.83,1.83,Novibet,1.89,1.81,Novibet,1.78,1.95,bet365,4.33,13.0,26.0,6.0,5.5,6.0,26.0,13.0,4.33,bet365,1.98,1.88,bet365,2.1,1.73,bet365,1.91,1.8,bet365,11.0,bet365,9.5,bet365,9.5,bet365,6.5,bet365,13.0,bet365,13.0,bet365,10.0,bet365,10.0,bet365,13.0,bet365,26.0,bet365,26.0,bet365,21.0,bet365,21.0,bet365,29.0,bet365,26.0,Superbet.br,12.0,1.02,,0.0,0.0,bet365,5.25,1.16,bet365,4.25,1.21,bet365,2.5,1.5,bet365,1.5,2.5,bet365,1.21,4.25,bet365,1.16,5.25,,0.0,0.0,Superbet.br,1.03,11.0,Superbet.br,38.0,16.0,37.0,Betano.br,13.5,7.5,12.5,bet365,5.0,4.33,5.0,bet365,1.44,4.33,1.44,Betano.br,1.17,7.4,1.16,Superbet.br,1.03,15.0,1.02,0.93,0.55,1.09,0.39,0.64,0.47,0.39,1.09,-0.61,-1.07,0.57,0.43,0.81,0.78,0.46,0.36,0.69,0.7,0.0,0.0,0.14,0.06,13.0,8.0,5.0,3.0,6.0,3.0,2.0,2.0,5.0,4.0,7.0,4.0,2.0,0.0,0.0,0.0,18.0,18.0,5.0,3.0,12.0,16.0,26.0,18.0,16.0,12.0,4.0,2.0,,,2.0,3.0,2.0,3.0,0.55,0.85,57.0,47.0,17.0,25.0,4.0,13.0,0.0,1.0,0.0,1.0,0.47,0.14,0.25,0.08,0.23,0.12,0.08,0.25,-0.92,0.25,0.53,0.47,0.82,0.76,0.57,0.39,0.7,0.7,0.0,0.0,0.1,0.0,4.0,2.0,2.0,1.0,2.0,1.0,0.0,0.0,2.0,2.0,2.0,0.0,2.0,0.0,0.0,0.0,5.0,11.0,2.0,0.0,7.0,8.0,9.0,13.0,8.0,7.0,2.0,1.0,,,1.0,2.0,0.0,2.0,0.67,0.75,31.0,22.0,10.0,6.0,4.0,6.0,0.0,0.0,0.0,0.0,0.46,0.41,0.84,0.31,0.41,0.35,0.31,0.84,0.31,-1.32,0.61,0.39,0.8,0.81,0.29,0.32,0.68,0.69,0.0,0.0,0.17,0.14,9.0,6.0,3.0,2.0,4.0,2.0,2.0,2.0,3.0,2.0,5.0,4.0,0.0,0.0,0.0,0.0,13.0,7.0,3.0,3.0,5.0,8.0,17.0,5.0,8.0,5.0,2.0,1.0,,,1.0,1.0,2.0,1.0,0.4,1.0,26.0,25.0,7.0,19.0,0.0,7.0,0.0,1.0,0.0,1.0
nPhPddMG,FINLAND,2025,FINLAND 1,FINLAND 1,19/04/2025,12:00,,VPS,8GveH5dA,Inter Turku,QwkNUoNH,False,0,2,,,,,,[],"[31, 57]",bet365,3.5,2.25,2.88,bet365,3.0,2.6,2.5,bet365,3.0,3.3,2.2,bet365,1.33,3.25,bet365,2.63,1.44,bet365,7.0,1.1,bet365,1.18,4.5,bet365,1.83,1.83,bet365,3.75,1.25,bet365,1.04,13.0,bet365,1.22,4.0,bet365,1.75,2.05,bet365,2.75,1.4,bet365,5.5,1.14,bet365,1.62,2.2,bet365,4.33,1.2,bet365,2.75,1.4,bet365,1.67,1.33,1.36,bet365,1.4,1.57,1.29,Betano.br,1.47,1.47,1.34,bet365,2.2,1.62,Esportivabet,2.1,1.66,Betano.br,2.07,1.7,bet365,4.75,13.0,23.0,7.0,5.5,5.5,26.0,13.0,3.6,bet365,2.0,1.85,bet365,2.1,1.73,bet365,1.91,1.8,bet365,13.0,bet365,12.0,bet365,9.5,bet365,6.5,bet365,17.0,bet365,12.0,bet365,11.0,bet365,9.0,bet365,12.0,bet365,34.0,bet365,21.0,bet365,23.0,bet365,17.0,bet365,29.0,bet365,23.0,Superbet.br,10.0,1.03,,0.0,0.0,bet365,6.4,1.12,bet365,5.5,1.15,bet365,3.0,1.38,bet365,1.65,2.2,bet365,1.33,3.3,bet365,1.23,4.1,,0.0,0.0,Superbet.br,1.04,8.9,Superbet.br,40.0,18.0,27.0,Betano.br,15.0,8.25,9.75,bet365,4.5,4.33,4.33,bet365,1.67,4.33,1.57,Novibet,1.18,6.5,1.11,Superbet.br,1.04,13.0,1.02,1.65,1.18,1.27,1.21,0.4,0.97,1.21,1.27,-0.79,1.27,0.43,0.57,0.74,0.79,0.42,0.42,0.63,0.69,0.0,2.0,0.32,0.54,13.0,10.0,4.0,7.0,4.0,2.0,5.0,1.0,6.0,7.0,7.0,3.0,1.0,1.0,0.0,0.0,18.0,20.0,10.0,7.0,7.0,10.0,31.0,30.0,10.0,7.0,1.0,1.0,,,1.0,0.0,5.0,4.0,0.7,0.78,46.0,52.0,35.0,27.0,8.0,9.0,0.0,0.0,0.0,0.0,1.46,0.33,0.83,0.22,0.16,0.54,0.22,0.83,-0.78,0.83,0.34,0.66,0.63,0.8,0.31,0.42,0.47,0.7,0.0,0.0,0.44,0.56,7.0,5.0,2.0,3.0,2.0,1.0,3.0,1.0,4.0,2.0,3.0,3.0,1.0,0.0,0.0,0.0,10.0,11.0,3.0,3.0,3.0,3.0,17.0,14.0,3.0,3.0,1.0,0.0,,,1.0,0.0,2.0,2.0,0.56,0.75,20.0,24.0,17.0,12.0,3.0,5.0,0.0,0.0,0.0,0.0,0.19,0.85,0.44,0.99,0.24,0.43,0.99,0.44,-0.01,0.44,0.52,0.48,0.8,0.78,0.5,0.43,0.7,0.68,0.0,2.0,0.23,0.5,6.0,5.0,2.0,4.0,2.0,1.0,2.0,0.0,2.0,5.0,4.0,0.0,0.0,1.0,0.0,0.0,8.0,9.0,7.0,4.0,4.0,7.0,14.0,16.0,7.0,4.0,0.0,1.0,,,0.0,0.0,3.0,2.0,0.82,0.8,26.0,28.0,18.0,15.0,5.0,4.0,0.0,0.0,0.0,0.0
8vsYfziT,FINLAND,2025,FINLAND 1,FINLAND 1,19/04/2025,14:00,,KTP,zsgwCpdF,Ilves,pYGmWmwa,False,0,5,,,,,,[],"[27, 55, 57, 64, 72]",bet365,4.33,2.4,2.25,bet365,4.0,2.75,2.0,bet365,4.33,3.7,1.7,bet365,1.29,3.5,bet365,2.25,1.57,bet365,5.5,1.14,bet365,1.14,5.5,bet365,1.73,2.0,bet365,3.4,1.3,bet365,1.03,17.0,bet365,1.17,5.0,bet365,1.57,2.35,bet365,2.38,1.53,bet365,4.0,1.22,bet365,1.57,2.25,bet365,3.75,1.25,bet365,2.63,1.44,bet365,2.1,1.29,1.2,bet365,1.57,1.53,1.2,Sportingbet.br,1.75,1.38,1.21,bet365,3.4,1.3,Estrelabet,2.9,1.36,Betano.br,2.82,1.4,bet365,7.0,15.0,19.0,9.5,6.5,5.0,29.0,13.0,2.75,bet365,2.0,1.85,bet365,2.0,1.8,bet365,1.91,1.8,bet365,17.0,bet365,17.0,bet365,10.0,bet365,7.5,bet365,26.0,bet365,10.0,bet365,15.0,bet365,8.5,bet365,12.0,bet365,51.0,bet365,15.0,bet365,34.0,bet365,12.0,bet365,34.0,bet365,19.0,,0.0,0.0,,0.0,0.0,Superbet.br,8.4,1.05,bet365,7.0,1.1,bet365,4.25,1.21,bet365,2.1,1.7,bet365,1.65,2.2,bet365,1.43,2.75,bet365,1.19,4.5,bet365,1.15,5.5,Superbet.br,75.0,32.0,10.0,Superbet.br,26.0,11.0,5.0,bet365,0.0,0.0,2.75,bet365,2.1,4.0,0.0,Betano.br,1.44,5.1,1.07,Betano.br,1.16,8.0,0.0,0.96,2.62,0.2,3.97,0.62,2.05,3.97,0.2,-1.03,0.2,0.47,0.53,0.82,0.85,0.42,0.47,0.59,0.78,0.0,2.0,0.63,0.46,10.0,24.0,2.0,8.0,7.0,11.0,1.0,5.0,8.0,19.0,2.0,5.0,4.0,5.0,0.0,0.0,25.0,36.0,4.0,5.0,7.0,7.0,17.0,16.0,7.0,7.0,1.0,3.0,,,4.0,1.0,3.0,2.0,0.47,0.64,33.0,40.0,18.0,25.0,6.0,7.0,0.0,0.0,0.0,0.0,0.23,0.88,0.09,0.72,0.21,0.93,0.72,0.09,-0.28,0.09,0.43,0.57,0.78,0.86,0.4,0.48,0.5,0.77,0.0,0.0,0.6,0.5,5.0,10.0,1.0,2.0,3.0,7.0,1.0,1.0,3.0,8.0,2.0,2.0,0.0,1.0,0.0,0.0,12.0,18.0,2.0,3.0,2.0,5.0,7.0,7.0,5.0,2.0,1.0,1.0,,,1.0,0.0,1.0,1.0,0.36,0.67,21.0,24.0,9.0,16.0,5.0,4.0,0.0,0.0,0.0,0.0,0.73,1.74,0.11,3.25,0.41,1.12,3.25,0.11,-0.75,0.11,0.51,0.49,0.85,0.85,0.45,0.45,0.65,0.81,0.0,2.0,0.67,0.4,5.0,14.0,1.0,6.0,4.0,4.0,0.0,4.0,5.0,11.0,0.0,3.0,4.0,4.0,0.0,0.0,13.0,18.0,2.0,2.0,5.0,2.0,10.0,9.0,2.0,5.0,0.0,2.0,,,3.0,1.0,2.0,1.0,0.75,0.63,12.0,16.0,9.0,9.0,1.0,3.0,0.0,0.0,0.0,0.0
jw9MxyVp,FINLAND,2025,FINLAND 1,FINLAND 1,12/04/2025,12:00,,Haka,6oug4RRc,Mariehamn,C8bOhcyj,False,0,1,,,,,,[],[28],bet365,2.5,2.2,4.5,bet365,2.2,2.5,4.0,bet365,1.83,3.5,4.0,bet365,1.4,2.75,bet365,2.75,1.4,bet365,8.0,1.08,bet365,1.22,4.0,bet365,2.0,1.73,bet365,4.33,1.2,bet365,1.05,11.0,bet365,1.25,3.75,bet365,1.88,1.98,bet365,3.25,1.33,bet365,6.0,1.13,bet365,1.75,2.0,bet365,4.5,1.18,bet365,3.25,1.33,bet365,1.22,1.29,1.91,bet365,1.17,1.62,1.5,KTO.br,1.2,1.43,1.66,bet365,1.36,3.0,Estrelabet,1.4,2.71,Novibet,1.4,2.8,bet365,3.0,13.0,34.0,4.75,5.5,8.5,23.0,15.0,6.5,bet365,1.98,1.88,bet365,2.1,1.73,bet365,1.91,1.8,bet365,11.0,bet365,7.5,bet365,12.0,bet365,7.0,bet365,9.0,bet365,21.0,bet365,8.5,bet365,13.0,bet365,15.0,bet365,15.0,bet365,41.0,bet365,15.0,bet365,34.0,bet365,26.0,bet365,41.0,bet365,7.0,1.1,bet365,6.0,1.13,bet365,3.3,1.33,bet365,2.6,1.48,bet365,1.88,1.98,bet365,1.25,3.8,,0.0,0.0,Superbet.br,1.05,8.5,,0.0,0.0,,0.0,0.0,BetEsporte,14.0,8.2,35.0,Betano.br,7.1,5.4,25.0,bet365,3.25,3.75,0.0,bet365,0.0,0.0,1.91,Betano.br,1.06,11.0,1.34,BetEsporte,1.01,11.0,1.09,1.03,0.44,0.97,0.74,0.71,0.43,0.74,0.97,-0.26,0.97,0.64,0.36,0.82,0.69,0.46,0.32,0.75,0.56,1.0,0.0,0.24,0.14,15.0,7.0,8.0,3.0,6.0,3.0,1.0,1.0,10.0,2.0,5.0,5.0,1.0,2.0,0.0,0.0,26.0,10.0,7.0,7.0,19.0,16.0,22.0,27.0,16.0,19.0,2.0,2.0,,,0.0,3.0,2.0,8.0,0.62,0.82,44.0,43.0,27.0,28.0,9.0,7.0,0.0,0.0,0.0,0.0,0.29,0.36,0.38,0.66,0.31,0.41,0.66,0.38,-0.34,0.38,0.61,0.39,0.84,0.79,0.5,0.38,0.77,0.72,1.0,0.0,0.2,0.17,4.0,6.0,4.0,2.0,0.0,3.0,0.0,1.0,3.0,2.0,1.0,4.0,1.0,2.0,0.0,0.0,7.0,8.0,3.0,7.0,8.0,9.0,7.0,13.0,9.0,8.0,1.0,1.0,,,0.0,2.0,1.0,4.0,0.8,1.0,19.0,19.0,14.0,10.0,3.0,1.0,0.0,0.0,0.0,0.0,0.74,0.08,0.59,0.08,0.4,0.02,0.08,0.59,0.08,0.59,0.67,0.33,0.81,0.59,0.4,0.28,0.73,0.34,0.0,0.0,0.26,0.0,11.0,1.0,4.0,1.0,6.0,0.0,1.0,0.0,7.0,0.0,4.0,1.0,0.0,0.0,0.0,0.0,19.0,2.0,4.0,0.0,11.0,7.0,15.0,14.0,7.0,11.0,1.0,1.0,,,0.0,1.0,1.0,4.0,0.5,0.71,25.0,24.0,13.0,18.0,6.0,6.0,0.0,0.0,0.0,0.0
lCH69Z5M,FINLAND,2025,FINLAND 1,FINLAND 1,22/04/2025,16:00,,HJK,nmjJVR7B,Gnistan,Aa28K98n,False,0,1,,,,,,[],[60],bet365,1.91,2.5,6.5,bet365,1.67,2.88,5.5,bet365,1.42,4.5,7.0,bet365,1.29,3.5,bet365,2.38,1.53,bet365,5.5,1.14,bet365,1.17,5.0,bet365,1.8,1.91,bet365,3.5,1.29,bet365,1.03,17.0,bet365,1.18,4.5,bet365,1.6,2.3,bet365,2.5,1.5,bet365,4.33,1.2,bet365,1.8,1.95,bet365,4.33,1.2,bet365,3.25,1.33,bet365,1.1,1.18,2.75,bet365,1.1,1.5,1.8,KTO.br,1.13,1.32,2.0,bet365,1.14,5.5,Esportivabet,1.2,4.0,Betano.br,1.23,3.85,bet365,2.1,15.0,41.0,4.33,7.0,15.0,19.0,17.0,12.0,bet365,1.98,1.88,bet365,2.0,1.8,bet365,1.91,1.8,bet365,15.0,bet365,8.5,bet365,21.0,bet365,9.0,bet365,7.5,bet365,41.0,bet365,8.5,bet365,21.0,bet365,17.0,bet365,10.0,bet365,81.0,bet365,11.0,bet365,41.0,bet365,23.0,bet365,41.0,bet365,3.8,1.25,bet365,3.1,1.35,bet365,2.15,1.68,bet365,1.68,2.15,bet365,1.43,2.75,bet365,1.12,6.4,,0.0,0.0,KTO.br,1.01,19.0,,0.0,0.0,,0.0,0.0,Betano.br,8.25,6.6,0.0,BetEsporte,3.7,4.3,30.0,bet365,2.1,3.75,0.0,bet365,0.0,0.0,2.75,Betano.br,1.06,11.25,1.65,Betano.br,0.0,0.0,1.26,0.73,1.26,0.42,1.59,0.53,0.57,1.59,0.42,0.59,0.42,0.64,0.36,0.82,0.73,0.4,0.44,0.71,0.49,0.0,1.0,0.26,0.27,14.0,8.0,3.0,4.0,6.0,3.0,5.0,1.0,9.0,4.0,5.0,4.0,0.0,1.0,1.0,0.0,27.0,9.0,8.0,4.0,12.0,11.0,23.0,10.0,11.0,12.0,2.0,1.0,,,4.0,1.0,3.0,3.0,0.55,0.67,40.0,41.0,16.0,42.0,8.0,13.0,1.0,0.0,0.0,0.0,0.49,0.35,0.22,0.08,0.24,0.21,0.08,0.22,0.08,0.22,0.6,0.4,0.82,0.81,0.39,0.55,0.68,0.58,0.0,0.0,0.33,0.11,8.0,2.0,1.0,1.0,4.0,1.0,3.0,0.0,4.0,2.0,4.0,0.0,0.0,0.0,0.0,0.0,10.0,3.0,3.0,1.0,9.0,5.0,13.0,5.0,5.0,9.0,,,,,2.0,1.0,1.0,1.0,1.0,0.67,18.0,17.0,8.0,17.0,2.0,9.0,0.0,0.0,0.0,0.0,0.24,0.91,0.2,1.51,0.29,0.36,1.51,0.2,0.51,0.2,0.68,0.32,0.83,0.62,0.42,0.34,0.73,0.38,0.0,1.0,0.23,0.5,6.0,6.0,2.0,3.0,2.0,2.0,2.0,1.0,5.0,2.0,1.0,4.0,0.0,1.0,1.0,0.0,17.0,6.0,5.0,3.0,3.0,6.0,10.0,5.0,6.0,3.0,2.0,1.0,,,2.0,0.0,2.0,2.0,0.38,0.67,22.0,24.0,8.0,25.0,6.0,4.0,1.0,0.0,0.0,0.0
vakHbIi4,FINLAND,2025,FINLAND 1,FINLAND 1,12/04/2025,16:23,,KuPS,nLBbqJDS,AC Oulu,Y35Jer59,False,1,0,,,,,,[23],[],bet365,2.2,2.2,6.0,bet365,1.87,2.6,5.5,bet365,1.55,3.6,5.75,bet365,1.4,2.75,bet365,3.0,1.36,bet365,8.0,1.08,bet365,1.19,4.0,bet365,2.1,1.63,bet365,4.5,1.15,bet365,1.05,11.0,bet365,1.29,3.5,bet365,1.95,1.9,bet365,3.25,1.33,bet365,6.5,1.11,bet365,1.95,1.8,bet365,5.5,1.14,bet365,3.75,1.25,bet365,1.1,1.22,2.25,bet365,1.08,1.58,1.58,KTO.br,1.13,1.38,1.93,bet365,1.2,4.33,KTO.br,1.24,3.55,Betano.br,1.27,3.5,bet365,2.5,15.0,41.0,4.33,5.5,11.0,23.0,17.0,10.0,bet365,2.0,1.82,bet365,2.1,1.69,bet365,1.87,1.77,bet365,9.5,bet365,6.5,bet365,15.0,bet365,7.0,bet365,7.0,bet365,29.0,bet365,8.5,bet365,19.0,bet365,17.0,bet365,11.0,bet365,67.0,bet365,13.0,bet365,51.0,bet365,29.0,bet365,51.0,bet365,5.25,1.13,bet365,4.25,1.18,bet365,2.6,1.45,bet365,2.03,1.83,bet365,1.55,2.35,bet365,1.11,5.75,,0.0,0.0,Superbet.br,1.01,15.0,,0.0,0.0,,0.0,0.0,BetEsporte,11.0,7.0,45.0,BetEsporte,4.9,4.5,35.0,bet365,2.6,3.6,0.0,bet365,0.0,0.0,2.25,BetEsporte,1.02,10.0,1.46,BetEsporte,1.01,11.0,1.14,1.15,0.79,2.24,0.58,1.09,0.54,0.58,2.24,0.58,1.24,0.58,0.42,0.87,0.83,0.38,0.33,0.64,0.63,0.0,0.0,0.4,0.07,9.0,10.0,4.0,5.0,3.0,2.0,2.0,3.0,4.0,7.0,5.0,3.0,1.0,3.0,0.0,0.0,18.0,19.0,1.0,6.0,17.0,11.0,16.0,21.0,11.0,17.0,2.0,1.0,,,3.0,1.0,5.0,3.0,0.81,0.2,44.0,43.0,25.0,16.0,7.0,17.0,1.0,0.0,0.0,0.0,0.94,0.22,2.24,0.25,0.73,0.38,0.25,2.24,0.25,1.24,0.63,0.37,0.92,0.84,0.27,0.58,0.67,0.65,0.0,0.0,0.33,0.0,5.0,3.0,4.0,1.0,0.0,1.0,1.0,1.0,2.0,2.0,3.0,1.0,1.0,1.0,0.0,0.0,12.0,8.0,1.0,3.0,8.0,4.0,8.0,6.0,4.0,8.0,0.0,1.0,,,3.0,0.0,1.0,3.0,1.0,0.33,17.0,14.0,6.0,6.0,6.0,9.0,0.0,0.0,0.0,0.0,0.21,0.57,0.0,0.33,0.36,0.16,0.33,0.0,0.33,0.0,0.53,0.47,0.8,0.81,0.42,0.15,0.6,0.61,0.0,0.0,0.5,0.1,4.0,7.0,0.0,4.0,3.0,1.0,1.0,2.0,2.0,5.0,2.0,2.0,0.0,2.0,0.0,0.0,6.0,11.0,0.0,3.0,9.0,7.0,8.0,15.0,7.0,9.0,2.0,0.0,,,0.0,1.0,4.0,0.0,0.73,0.11,27.0,29.0,19.0,10.0,1.0,8.0,1.0,0.0,0.0,0.0
dGXQm1wn,FINLAND,2025,FINLAND 1,FINLAND 1,05/04/2025,16:00,,Haka,6oug4RRc,Gnistan,Aa28K98n,False,3,2,,,,,,"[19, 28, 71, 90]","[56, 90, 90]",bet365,3.75,2.1,2.88,bet365,3.1,2.5,2.6,bet365,3.2,3.3,2.25,bet365,1.4,2.75,bet365,3.0,1.36,bet365,8.0,1.08,bet365,1.22,4.0,bet365,2.0,1.73,bet365,4.33,1.2,bet365,1.06,10.0,bet365,1.29,3.5,bet365,1.98,1.88,bet365,3.4,1.3,bet365,6.5,1.11,bet365,1.75,2.0,bet365,4.5,1.18,bet365,3.25,1.33,bet365,1.62,1.33,1.36,bet365,1.4,1.67,1.25,Sportingbet.br,1.44,1.5,1.3,bet365,2.2,1.62,Estrelabet,2.1,1.66,Betano.br,2.07,1.7,bet365,5.0,15.0,26.0,7.0,5.0,5.5,29.0,13.0,3.75,bet365,2.0,1.85,bet365,2.1,1.73,bet365,1.91,1.8,bet365,10.0,bet365,10.0,bet365,8.0,bet365,6.5,bet365,17.0,bet365,11.0,bet365,12.0,bet365,9.0,bet365,13.0,bet365,34.0,bet365,21.0,bet365,26.0,bet365,19.0,bet365,34.0,bet365,26.0,Superbet.br,10.0,1.03,,0.0,0.0,bet365,6.6,1.11,bet365,5.75,1.14,bet365,3.1,1.35,bet365,1.63,2.25,bet365,1.3,3.45,bet365,1.21,4.25,KTO.br,1.08,9.0,Superbet.br,1.04,8.9,Superbet.br,55.0,22.0,28.0,Betano.br,17.0,8.5,10.25,bet365,0.0,0.0,4.33,bet365,1.62,4.0,0.0,Novibet,1.17,6.5,1.1,Superbet.br,1.04,13.0,1.01,3.73,1.6,3.59,1.89,1.63,0.89,1.89,3.59,-0.11,0.59,0.56,0.44,0.78,0.67,0.43,0.39,0.72,0.59,0.0,0.0,0.35,0.24,19.0,16.0,9.0,3.0,9.0,9.0,1.0,4.0,17.0,9.0,1.0,7.0,5.0,2.0,1.0,1.0,29.0,30.0,3.0,12.0,12.0,13.0,23.0,21.0,13.0,12.0,3.0,2.0,,,1.0,1.0,1.0,6.0,0.69,0.71,46.0,62.0,44.0,33.0,12.0,10.0,0.0,0.0,0.0,0.0,2.23,0.29,1.73,0.0,0.84,0.44,0.0,1.73,0.0,0.73,0.56,0.44,0.75,0.66,0.43,0.21,0.68,0.57,0.0,0.0,0.27,0.16,8.0,3.0,3.0,0.0,4.0,3.0,1.0,0.0,8.0,3.0,0.0,0.0,3.0,0.0,1.0,0.0,14.0,13.0,2.0,5.0,7.0,8.0,14.0,10.0,8.0,7.0,1.0,0.0,,,0.0,0.0,0.0,2.0,0.8,0.88,23.0,28.0,22.0,18.0,6.0,4.0,0.0,0.0,0.0,0.0,1.5,1.31,1.86,1.89,0.79,0.45,1.89,1.86,-0.11,-0.14,0.56,0.44,0.82,0.69,0.42,0.59,0.76,0.61,0.0,0.0,0.5,0.33,11.0,13.0,6.0,3.0,5.0,6.0,0.0,4.0,9.0,6.0,1.0,7.0,2.0,2.0,0.0,1.0,15.0,17.0,1.0,7.0,5.0,5.0,9.0,11.0,5.0,5.0,2.0,2.0,,,1.0,1.0,1.0,4.0,0.63,0.5,23.0,34.0,22.0,15.0,6.0,6.0,0.0,0.0,0.0,0.0
bLXQiAvK,FINLAND,2025,FINLAND 1,FINLAND 1,05/04/2025,12:00,,Ilves,pYGmWmwa,HJK,nmjJVR7B,False,3,2,,,,,,"[38, 68, 77]","[4, 14]",bet365,3.1,2.1,3.5,bet365,2.75,2.5,3.0,bet365,2.45,3.3,2.88,bet365,1.4,2.75,bet365,3.0,1.36,bet365,8.0,1.08,bet365,1.22,4.0,bet365,2.0,1.73,bet365,4.33,1.2,bet365,1.06,10.0,bet365,1.29,3.5,bet365,1.98,1.88,bet365,3.4,1.3,bet365,6.5,1.11,bet365,1.75,2.0,bet365,4.5,1.18,bet365,3.25,1.33,bet365,1.4,1.33,1.53,bet365,1.29,1.67,1.36,Betano.br,1.36,1.53,1.39,bet365,1.73,2.0,Estrelabet,1.75,1.95,Betano.br,1.82,1.91,bet365,4.0,13.0,29.0,6.0,5.0,6.5,26.0,15.0,4.75,bet365,2.0,1.85,bet365,2.1,1.73,bet365,1.91,1.8,bet365,10.0,bet365,8.5,bet365,9.5,bet365,6.5,bet365,12.0,bet365,15.0,bet365,9.5,bet365,11.0,bet365,13.0,bet365,23.0,bet365,29.0,bet365,19.0,bet365,23.0,bet365,29.0,bet365,29.0,Superbet.br,11.0,1.03,,0.0,0.0,bet365,4.8,1.18,bet365,3.9,1.24,bet365,2.38,1.55,bet365,1.43,2.75,bet365,1.17,5.0,bet365,1.13,5.9,KTO.br,1.04,14.0,Superbet.br,1.02,12.0,Superbet.br,36.0,15.0,39.0,Betano.br,13.0,7.3,14.0,bet365,4.75,4.33,5.5,bet365,1.44,4.33,1.53,Betano.br,1.15,7.8,1.17,Superbet.br,1.02,16.0,1.03,0.68,1.17,0.5,1.67,0.62,1.4,1.67,0.5,-0.33,-1.5,0.58,0.42,0.86,0.82,0.34,0.59,0.68,0.68,0.0,0.0,0.29,0.56,11.0,8.0,5.0,4.0,2.0,3.0,4.0,1.0,7.0,7.0,4.0,1.0,0.0,2.0,0.0,0.0,20.0,27.0,3.0,2.0,17.0,13.0,19.0,25.0,13.0,17.0,0.0,2.0,,,0.0,2.0,2.0,2.0,0.67,0.5,50.0,49.0,16.0,16.0,5.0,5.0,0.0,1.0,0.0,0.0,0.23,0.48,0.21,1.01,0.39,0.8,1.01,0.21,-0.99,-0.79,0.63,0.37,0.9,0.83,0.35,0.65,0.76,0.61,0.0,0.0,0.25,0.5,4.0,5.0,3.0,3.0,1.0,1.0,0.0,1.0,2.0,5.0,2.0,0.0,0.0,1.0,0.0,0.0,6.0,14.0,2.0,2.0,9.0,5.0,6.0,12.0,5.0,9.0,0.0,1.0,,,0.0,1.0,1.0,2.0,0.71,0.5,23.0,19.0,5.0,10.0,4.0,3.0,0.0,1.0,0.0,0.0,0.45,0.69,0.29,0.66,0.23,0.6,0.66,0.29,0.66,-0.71,0.53,0.47,0.8,0.81,0.33,0.54,0.6,0.72,0.0,0.0,0.33,0.6,7.0,3.0,2.0,1.0,1.0,2.0,4.0,0.0,5.0,2.0,2.0,1.0,0.0,1.0,0.0,0.0,14.0,13.0,1.0,0.0,8.0,8.0,13.0,13.0,8.0,8.0,0.0,1.0,,,0.0,1.0,1.0,0.0,0.64,0.5,27.0,30.0,11.0,6.0,1.0,2.0,0.0,0.0,0.0,0.0
no6Er616,FINLAND,2025,FINLAND 1,FINLAND 1,05/04/2025,14:00,,KTP,zsgwCpdF,SJK,hj3ima3I,False,0,1,,,,,,[],[73],bet365,4.0,2.3,2.5,bet365,3.6,2.63,2.1,bet365,4.0,3.6,1.9,bet365,1.3,3.4,bet365,2.5,1.5,bet365,6.0,1.13,bet365,1.17,5.0,bet365,1.8,1.91,bet365,3.5,1.29,bet365,1.03,15.0,bet365,1.18,4.5,bet365,1.62,2.25,bet365,2.5,1.5,bet365,4.5,1.18,bet365,1.57,2.25,bet365,4.0,1.22,bet365,2.75,1.4,bet365,1.91,1.29,1.22,bet365,1.5,1.57,1.22,Betano.br,1.65,1.42,1.25,bet365,2.75,1.4,Esportivabet,2.54,1.45,Betano.br,2.6,1.45,bet365,6.0,15.0,21.0,8.5,6.0,5.0,29.0,13.0,3.0,bet365,2.0,1.85,bet365,2.0,1.8,bet365,1.91,1.8,bet365,15.0,bet365,15.0,bet365,9.5,bet365,7.0,bet365,21.0,bet365,10.0,bet365,13.0,bet365,8.5,bet365,12.0,bet365,41.0,bet365,17.0,bet365,29.0,bet365,13.0,bet365,29.0,bet365,21.0,,0.0,0.0,,0.0,0.0,Superbet.br,7.5,1.06,bet365,7.0,1.1,bet365,3.7,1.26,bet365,1.95,1.9,bet365,1.5,2.5,bet365,1.33,3.3,bet365,1.14,5.75,bet365,1.11,6.6,Superbet.br,70.0,29.0,14.0,Superbet.br,22.0,10.0,5.9,bet365,0.0,0.0,3.25,bet365,1.91,4.0,0.0,Novibet,1.28,5.6,1.07,Betano.br,1.12,9.0,0.0,1.22,1.71,0.28,1.7,0.57,1.02,1.7,0.28,0.7,0.28,0.46,0.54,0.75,0.83,0.36,0.51,0.66,0.76,0.0,0.0,0.44,0.21,14.0,21.0,6.0,9.0,6.0,7.0,2.0,5.0,12.0,13.0,2.0,8.0,3.0,2.0,0.0,0.0,27.0,33.0,4.0,5.0,8.0,13.0,11.0,28.0,13.0,8.0,2.0,1.0,,,1.0,1.0,8.0,6.0,0.56,0.76,49.0,48.0,26.0,14.0,12.0,7.0,0.0,1.0,0.0,0.0,0.53,0.92,0.0,0.53,0.14,0.51,0.53,0.0,0.53,0.0,0.42,0.58,0.71,0.84,0.28,0.64,0.61,0.75,0.0,0.0,0.22,0.19,5.0,11.0,1.0,5.0,3.0,3.0,1.0,3.0,4.0,7.0,1.0,4.0,2.0,1.0,0.0,0.0,8.0,17.0,2.0,1.0,5.0,3.0,6.0,13.0,3.0,5.0,1.0,0.0,,,1.0,1.0,5.0,1.0,0.38,0.83,24.0,19.0,18.0,8.0,9.0,6.0,0.0,1.0,0.0,0.0,0.69,0.79,0.28,1.17,0.43,0.51,1.17,0.28,0.17,0.28,0.5,0.5,0.78,0.82,0.44,0.35,0.7,0.78,0.0,0.0,0.71,0.23,9.0,10.0,5.0,4.0,3.0,4.0,1.0,2.0,8.0,6.0,1.0,4.0,1.0,1.0,0.0,0.0,19.0,16.0,2.0,4.0,3.0,10.0,5.0,15.0,10.0,3.0,1.0,1.0,,,0.0,0.0,3.0,5.0,0.75,0.73,25.0,29.0,8.0,6.0,3.0,1.0,0.0,0.0,0.0,0.0
4Os3kEEj,FINLAND,2025,FINLAND 1,FINLAND 1,19/04/2025,14:00,,Mariehamn,C8bOhcyj,SJK,hj3ima3I,False,1,2,,,,,,[45],"[57, 84]",bet365,5.0,2.3,2.25,bet365,4.33,2.63,1.95,bet365,4.33,3.9,1.65,bet365,1.33,3.25,bet365,2.63,1.44,bet365,6.5,1.11,bet365,1.18,4.5,bet365,1.83,1.83,bet365,3.75,1.25,bet365,1.04,13.0,bet365,1.22,4.0,bet365,1.75,2.05,bet365,2.75,1.4,bet365,5.5,1.14,bet365,1.7,2.05,bet365,4.33,1.2,bet365,3.25,1.33,bet365,2.2,1.25,1.2,bet365,1.57,1.57,1.14,Sportingbet.br,1.75,1.42,1.18,bet365,3.4,1.3,Esportivabet,3.0,1.33,Betano.br,3.0,1.36,bet365,8.0,15.0,21.0,10.0,6.0,4.5,34.0,15.0,2.63,bet365,1.93,1.93,bet365,2.1,1.73,bet365,1.91,1.8,bet365,13.0,bet365,15.0,bet365,8.0,bet365,8.0,bet365,23.0,bet365,8.5,bet365,15.0,bet365,8.5,bet365,15.0,bet365,51.0,bet365,13.0,bet365,34.0,bet365,13.0,bet365,34.0,bet365,23.0,,0.0,0.0,,0.0,0.0,Superbet.br,10.0,1.03,,0.0,0.0,bet365,4.4,1.2,bet365,2.2,1.65,bet365,1.7,2.1,bet365,1.43,2.75,bet365,1.19,4.5,bet365,1.15,5.5,Superbet.br,75.0,40.0,11.0,Superbet.br,38.0,14.0,5.1,bet365,0.0,0.0,2.75,bet365,2.2,3.75,0.0,Novibet,1.39,5.1,1.04,Betano.br,1.16,8.0,0.0,0.58,1.58,0.41,2.05,0.33,1.93,2.05,0.41,0.05,-0.59,0.36,0.64,0.73,0.87,0.37,0.48,0.49,0.77,0.0,0.0,0.29,0.36,6.0,18.0,1.0,4.0,4.0,10.0,1.0,4.0,3.0,12.0,3.0,6.0,2.0,1.0,0.0,0.0,8.0,26.0,4.0,7.0,13.0,7.0,16.0,21.0,7.0,13.0,0.0,2.0,,,1.0,1.0,2.0,0.0,0.56,0.64,45.0,45.0,38.0,8.0,11.0,7.0,0.0,0.0,0.0,0.0,0.47,0.82,0.41,0.51,0.2,1.14,0.51,0.41,0.51,-0.59,0.32,0.68,0.69,0.88,0.27,0.56,0.32,0.76,0.0,0.0,0.5,0.36,1.0,11.0,1.0,2.0,0.0,7.0,0.0,2.0,1.0,8.0,0.0,3.0,1.0,0.0,0.0,0.0,3.0,16.0,1.0,4.0,6.0,2.0,8.0,10.0,2.0,6.0,,,,,0.0,0.0,2.0,0.0,0.33,1.0,19.0,19.0,20.0,3.0,5.0,4.0,0.0,0.0,0.0,0.0,0.11,0.76,0.0,1.54,0.13,0.79,1.54,0.0,-0.46,0.0,0.4,0.6,0.77,0.85,0.47,0.4,0.56,0.79,0.0,0.0,0.2,0.35,5.0,7.0,0.0,2.0,4.0,3.0,1.0,2.0,2.0,4.0,3.0,3.0,1.0,1.0,0.0,0.0,5.0,10.0,3.0,3.0,7.0,5.0,8.0,11.0,5.0,7.0,0.0,2.0,,,1.0,1.0,0.0,0.0,0.67,0.5,26.0,26.0,18.0,5.0,6.0,3.0,0.0,0.0,0.0,0.0
IR7x4DTq,FINLAND,2025,FINLAND 1,FINLAND 1,23/04/2025,15:00,,KuPS,nLBbqJDS,Mariehamn,C8bOhcyj,False,4,1,,,,,,"[37, 43, 80, 83]",[72],bet365,1.91,2.4,7.0,bet365,1.67,2.75,6.0,bet365,1.42,4.75,7.5,bet365,1.33,3.25,bet365,2.63,1.44,bet365,6.5,1.11,bet365,1.2,4.33,bet365,1.91,1.8,bet365,4.0,1.22,bet365,1.04,13.0,bet365,1.22,4.0,bet365,1.75,2.05,bet365,2.75,1.4,bet365,5.5,1.14,bet365,2.0,1.75,bet365,5.5,1.14,bet365,3.75,1.25,bet365,1.1,1.18,2.75,bet365,1.08,1.53,1.8,KTO.br,1.09,1.38,2.02,bet365,1.14,5.5,Estrelabet,1.2,4.25,Novibet,1.19,4.35,bet365,2.1,17.0,41.0,4.0,6.5,15.0,21.0,19.0,13.0,bet365,1.93,1.93,bet365,2.1,1.73,bet365,1.91,1.8,bet365,12.0,bet365,7.0,bet365,17.0,bet365,9.0,bet365,6.5,bet365,41.0,bet365,8.5,bet365,21.0,bet365,21.0,bet365,9.5,bet365,81.0,bet365,12.0,bet365,51.0,bet365,26.0,bet365,51.0,bet365,3.9,1.24,bet365,3.3,1.33,bet365,2.2,1.65,bet365,1.65,2.2,bet365,1.4,2.85,bet365,1.11,6.6,,0.0,0.0,,0.0,0.0,,0.0,0.0,,0.0,0.0,Betano.br,8.5,6.5,0.0,bet365,3.25,4.0,0.0,bet365,2.1,3.6,0.0,bet365,0.0,0.0,2.75,bet365,0.0,0.0,1.8,Estrelabet,0.0,0.0,1.25,1.85,0.45,2.2,0.76,1.97,0.6,0.76,2.2,-0.24,-1.8,0.66,0.34,0.89,0.78,0.62,0.44,0.82,0.6,0.0,0.0,0.13,0.2,20.0,9.0,7.0,2.0,8.0,4.0,5.0,3.0,16.0,3.0,4.0,6.0,2.0,1.0,0.0,1.0,46.0,14.0,6.0,1.0,10.0,11.0,16.0,13.0,11.0,10.0,1.0,0.0,,,1.0,1.0,1.0,3.0,0.58,0.45,40.0,37.0,12.0,27.0,4.0,12.0,0.0,0.0,0.0,1.0,0.54,0.05,0.62,0.0,0.76,0.07,0.0,0.62,0.0,-1.38,0.67,0.33,0.89,0.77,0.62,0.46,0.84,0.48,0.0,0.0,0.06,0.0,9.0,1.0,3.0,0.0,4.0,1.0,2.0,0.0,6.0,1.0,2.0,0.0,0.0,0.0,0.0,0.0,22.0,1.0,4.0,0.0,4.0,7.0,9.0,7.0,7.0,4.0,,,,,1.0,1.0,0.0,1.0,0.44,0.33,19.0,20.0,2.0,19.0,3.0,5.0,0.0,0.0,0.0,0.0,1.31,0.4,1.58,0.76,1.21,0.53,0.76,1.58,-0.24,-0.42,0.65,0.35,0.89,0.8,0.62,0.42,0.8,0.66,0.0,0.0,0.29,0.25,11.0,8.0,4.0,2.0,4.0,3.0,3.0,3.0,10.0,2.0,2.0,6.0,2.0,1.0,0.0,1.0,24.0,13.0,2.0,1.0,6.0,4.0,7.0,6.0,4.0,6.0,1.0,0.0,,,0.0,0.0,1.0,2.0,0.7,0.6,21.0,17.0,10.0,8.0,1.0,7.0,0.0,0.0,0.0,1.0
4tyZou8b,FINLAND,2025,FINLAND 1,FINLAND 1,11/04/2025,15:00,,KTP,zsgwCpdF,VPS,8GveH5dA,False,2,2,,,,,,"[34, 65]","[39, 90]",bet365,3.75,2.3,2.62,bet365,3.25,2.63,2.3,bet365,3.1,3.5,1.95,bet365,1.33,3.25,bet365,2.5,1.5,bet365,6.5,1.11,bet365,1.18,4.5,bet365,1.83,1.83,bet365,3.75,1.25,bet365,1.03,15.0,bet365,1.2,4.33,bet365,1.67,2.15,bet365,2.63,1.44,bet365,5.0,1.17,bet365,1.62,2.2,bet365,4.0,1.22,bet365,2.75,1.4,bet365,1.73,1.25,1.33,bet365,1.44,1.57,1.25,Sportingbet.br,1.55,1.44,1.28,bet365,2.5,1.5,Esportivabet,2.28,1.55,Betano.br,2.32,1.57,bet365,5.5,15.0,21.0,7.5,6.0,5.5,29.0,13.0,3.25,bet365,1.98,1.88,bet365,2.1,1.73,bet365,1.91,1.8,bet365,15.0,bet365,12.0,bet365,9.5,bet365,7.0,bet365,19.0,bet365,11.0,bet365,12.0,bet365,9.0,bet365,13.0,bet365,34.0,bet365,19.0,bet365,23.0,bet365,15.0,bet365,29.0,bet365,21.0,,0.0,0.0,,0.0,0.0,bet365,6.8,1.11,bet365,5.9,1.13,bet365,3.3,1.33,bet365,1.8,2.05,bet365,1.4,2.85,bet365,1.28,3.55,bet365,1.11,6.8,bet365,1.1,7.0,Superbet.br,60.0,23.0,17.0,Betano.br,17.5,9.25,8.0,bet365,0.0,0.0,3.6,bet365,1.73,4.0,0.0,Novibet,1.23,6.0,1.07,Betano.br,1.09,10.0,0.0,1.06,1.86,1.02,1.87,1.15,1.24,1.87,1.02,-0.13,-0.98,0.44,0.56,0.74,0.82,0.38,0.55,0.72,0.75,0.0,0.0,0.36,0.36,14.0,23.0,5.0,6.0,5.0,11.0,4.0,6.0,9.0,14.0,5.0,9.0,4.0,3.0,1.0,0.0,22.0,40.0,4.0,7.0,15.0,11.0,20.0,17.0,11.0,15.0,3.0,2.0,,,0.0,4.0,4.0,3.0,0.47,0.36,50.0,58.0,31.0,23.0,12.0,13.0,0.0,0.0,0.0,0.0,0.65,0.44,0.23,0.87,0.72,0.61,0.87,0.23,-0.13,-0.77,0.42,0.58,0.78,0.84,0.49,0.5,0.82,0.76,0.0,0.0,0.33,0.36,7.0,9.0,3.0,4.0,3.0,4.0,1.0,1.0,5.0,3.0,2.0,6.0,2.0,1.0,0.0,0.0,10.0,15.0,2.0,1.0,8.0,4.0,9.0,9.0,4.0,8.0,0.0,1.0,,,0.0,1.0,3.0,2.0,0.36,0.43,27.0,26.0,15.0,9.0,6.0,8.0,0.0,0.0,0.0,0.0,0.41,1.42,0.79,1.0,0.43,0.63,1.0,0.79,0.0,-0.21,0.46,0.54,0.7,0.79,0.26,0.59,0.62,0.74,0.0,0.0,0.4,0.36,7.0,14.0,2.0,2.0,2.0,7.0,3.0,5.0,4.0,11.0,3.0,3.0,2.0,2.0,1.0,0.0,12.0,25.0,2.0,6.0,7.0,7.0,11.0,8.0,7.0,7.0,3.0,1.0,,,0.0,3.0,1.0,1.0,0.63,0.29,23.0,32.0,16.0,14.0,6.0,5.0,0.0,0.0,0.0,0.0
QePspJxB,FINLAND,2025,FINLAND 1,FINLAND 1,12/04/2025,11:30,,Ilves,pYGmWmwa,Jaro,faEPan8O,False,2,1,,,,,,"[15, 23]",[81],bet365,1.83,2.6,7.0,bet365,1.62,3.0,6.5,bet365,1.33,4.5,7.5,bet365,1.29,3.5,bet365,2.38,1.53,bet365,5.5,1.14,bet365,1.17,5.0,bet365,1.8,1.91,bet365,3.5,1.29,bet365,1.03,17.0,bet365,1.18,4.5,bet365,1.6,2.3,bet365,2.5,1.5,bet365,4.33,1.2,bet365,1.8,1.95,bet365,4.5,1.18,bet365,3.4,1.3,bet365,1.08,1.17,3.0,bet365,1.08,1.5,1.83,KTO.br,1.1,1.3,2.15,bet365,1.13,6.0,Novibet,1.15,4.85,Betano.br,1.2,4.25,bet365,2.0,17.0,41.0,4.0,7.5,15.0,19.0,19.0,13.0,bet365,1.95,1.9,bet365,2.0,1.8,bet365,1.91,1.8,bet365,15.0,bet365,8.5,bet365,21.0,bet365,9.5,bet365,7.0,bet365,41.0,bet365,8.5,bet365,21.0,bet365,19.0,bet365,9.0,bet365,81.0,bet365,11.0,bet365,51.0,bet365,23.0,bet365,51.0,bet365,3.55,1.28,bet365,2.85,1.4,bet365,2.05,1.75,bet365,1.58,2.35,bet365,1.38,3.0,bet365,1.1,7.0,,0.0,0.0,,0.0,0.0,,0.0,0.0,,0.0,0.0,Betano.br,7.3,6.2,0.0,bet365,3.2,4.0,0.0,bet365,2.0,4.0,0.0,bet365,0.0,0.0,3.0,bet365,0.0,0.0,1.83,Novibet,0.0,0.0,1.33,1.19,1.78,2.35,1.01,1.38,0.71,1.01,2.35,0.01,0.35,0.61,0.39,0.9,0.83,0.55,0.53,0.8,0.63,0.0,0.0,0.4,0.42,12.0,11.0,5.0,2.0,3.0,6.0,4.0,3.0,9.0,10.0,3.0,1.0,3.0,2.0,1.0,0.0,28.0,21.0,4.0,3.0,13.0,13.0,11.0,16.0,13.0,13.0,1.0,3.0,,,3.0,2.0,1.0,3.0,0.69,0.54,34.0,40.0,10.0,17.0,4.0,11.0,0.0,0.0,0.0,0.0,0.66,0.05,1.81,0.0,0.87,0.06,0.0,1.81,0.0,-0.19,0.6,0.4,0.91,0.86,0.68,0.43,0.81,0.54,0.0,0.0,0.5,0.0,7.0,2.0,5.0,0.0,1.0,1.0,1.0,1.0,6.0,1.0,1.0,1.0,2.0,0.0,1.0,0.0,17.0,4.0,1.0,0.0,8.0,6.0,6.0,5.0,6.0,8.0,0.0,1.0,,,1.0,2.0,0.0,3.0,0.6,0.5,16.0,16.0,3.0,10.0,0.0,6.0,0.0,0.0,0.0,0.0,0.53,1.73,0.54,1.01,0.51,0.65,1.01,0.54,0.01,0.54,0.62,0.38,0.88,0.79,0.43,0.61,0.78,0.69,0.0,0.0,0.33,0.45,5.0,9.0,0.0,2.0,2.0,5.0,3.0,2.0,3.0,9.0,2.0,0.0,1.0,2.0,0.0,0.0,11.0,17.0,3.0,3.0,5.0,7.0,5.0,11.0,7.0,5.0,1.0,2.0,,,2.0,0.0,1.0,0.0,0.75,0.57,18.0,24.0,7.0,7.0,4.0,5.0,0.0,0.0,0.0,0.0
Kb4MtpWI,FINLAND,2025,FINLAND 1,FINLAND 1,05/04/2025,14:00,,Mariehamn,C8bOhcyj,Jaro,faEPan8O,False,0,2,,,,,,[],"[6, 55]",bet365,3.1,1.95,4.0,bet365,2.63,2.25,3.4,bet365,2.3,3.2,3.2,bet365,1.53,2.38,bet365,3.5,1.29,bet365,11.0,1.05,bet365,1.3,3.4,bet365,2.5,1.5,bet365,6.0,1.13,bet365,1.08,8.0,bet365,1.44,2.63,bet365,2.35,1.57,bet365,4.33,1.2,bet365,10.0,1.06,bet365,2.0,1.75,bet365,6.0,1.13,bet365,3.75,1.25,bet365,1.36,1.36,1.57,bet365,1.22,1.8,1.36,Betano.br,1.28,1.6,1.42,bet365,1.62,2.2,Novibet,1.64,2.15,Betano.br,1.65,2.15,bet365,4.0,15.0,34.0,5.5,4.5,6.5,29.0,15.0,5.5,bet365,1.98,1.88,bet365,2.2,1.67,bet365,2.0,1.73,bet365,7.5,bet365,6.5,bet365,8.0,bet365,6.0,bet365,10.0,bet365,15.0,bet365,10.0,bet365,12.0,bet365,17.0,bet365,21.0,bet365,34.0,bet365,21.0,bet365,29.0,bet365,34.0,bet365,41.0,Superbet.br,11.0,1.03,KTO.br,11.0,1.06,bet365,4.65,1.18,bet365,3.7,1.26,bet365,2.25,1.63,bet365,1.35,3.1,bet365,1.12,6.25,bet365,1.1,7.0,,0.0,0.0,,0.0,0.0,Superbet.br,39.0,15.0,0.0,Novibet,11.5,6.4,21.0,bet365,4.75,3.75,0.0,bet365,0.0,0.0,1.57,Betano.br,1.1,9.25,1.19,BetEsporte,1.01,11.0,1.03,0.66,1.13,0.47,2.0,1.13,0.87,2.0,0.47,0.0,0.47,0.64,0.36,0.83,0.74,0.54,0.54,0.67,0.65,0.0,0.0,0.23,0.44,13.0,10.0,4.0,6.0,7.0,3.0,2.0,1.0,6.0,8.0,7.0,2.0,1.0,2.0,0.0,0.0,22.0,16.0,7.0,3.0,10.0,12.0,33.0,24.0,12.0,10.0,2.0,1.0,,,0.0,5.0,4.0,4.0,0.87,0.78,48.0,63.0,16.0,38.0,7.0,16.0,0.0,0.0,0.0,0.0,0.44,0.34,0.43,0.57,0.81,0.36,0.57,0.43,-0.43,0.43,0.58,0.42,0.85,0.73,0.65,0.6,0.75,0.67,0.0,0.0,0.19,0.4,8.0,5.0,3.0,3.0,4.0,1.0,1.0,1.0,2.0,4.0,6.0,1.0,1.0,1.0,0.0,0.0,11.0,11.0,2.0,0.0,4.0,7.0,18.0,10.0,7.0,4.0,1.0,0.0,,,0.0,4.0,2.0,3.0,0.82,0.72,20.0,43.0,9.0,20.0,4.0,7.0,0.0,0.0,0.0,0.0,0.22,0.79,0.04,1.43,0.32,0.51,1.43,0.04,0.43,0.04,0.7,0.3,0.82,0.75,0.43,0.47,0.57,0.64,0.0,0.0,0.3,0.5,5.0,5.0,1.0,3.0,3.0,2.0,1.0,0.0,4.0,4.0,1.0,1.0,0.0,1.0,0.0,0.0,11.0,5.0,5.0,3.0,6.0,5.0,15.0,14.0,5.0,6.0,1.0,1.0,,,0.0,1.0,2.0,1.0,0.92,0.89,28.0,20.0,7.0,18.0,3.0,9.0,0.0,0.0,0.0,0.0
jJC5pSWg,FINLAND,2025,FINLAND 1,FINLAND 1,05/04/2025,14:00,,VPS,8GveH5dA,AC Oulu,Y35Jer59,False,4,3,,,,,,"[57, 69, 73, 90]","[33, 41, 90]",bet365,2.4,2.2,5.0,bet365,2.1,2.5,4.33,bet365,1.75,3.7,4.5,bet365,1.4,2.75,bet365,3.0,1.36,bet365,8.0,1.08,bet365,1.25,3.75,bet365,2.1,1.67,bet365,4.5,1.18,bet365,1.05,11.0,bet365,1.3,3.4,bet365,2.03,1.83,bet365,3.5,1.29,bet365,7.0,1.1,bet365,1.95,1.8,bet365,5.5,1.14,bet365,3.5,1.29,bet365,1.18,1.29,2.0,bet365,1.14,1.62,1.53,KTO.br,1.19,1.43,1.68,bet365,1.3,3.4,Sportingbet.br,1.38,2.8,Betano.br,1.4,2.82,bet365,2.88,15.0,34.0,4.5,5.5,9.0,23.0,15.0,7.5,bet365,1.98,1.88,bet365,2.1,1.73,bet365,1.91,1.8,bet365,10.0,bet365,6.5,bet365,12.0,bet365,7.0,bet365,8.0,bet365,23.0,bet365,8.5,bet365,15.0,bet365,17.0,bet365,13.0,bet365,51.0,bet365,15.0,bet365,41.0,bet365,29.0,bet365,41.0,bet365,6.4,1.12,bet365,5.75,1.14,bet365,3.1,1.35,bet365,2.35,1.58,bet365,1.73,2.08,bet365,1.21,4.25,KTO.br,1.07,9.5,Superbet.br,1.04,9.2,,0.0,0.0,,0.0,0.0,BetEsporte,14.0,8.0,40.0,Betano.br,6.7,5.2,27.0,bet365,3.1,3.6,0.0,bet365,0.0,0.0,2.0,Betano.br,1.06,11.25,1.37,BetEsporte,1.01,11.0,1.1,3.4,1.79,3.68,1.44,0.72,1.36,1.44,3.68,-1.56,-0.32,0.61,0.39,0.78,0.71,0.51,0.37,0.64,0.55,1.0,0.0,0.17,0.33,20.0,8.0,6.0,3.0,8.0,4.0,6.0,1.0,17.0,7.0,3.0,1.0,4.0,4.0,0.0,0.0,34.0,23.0,7.0,2.0,11.0,13.0,26.0,26.0,13.0,11.0,0.0,3.0,0.0,1.0,3.0,1.0,0.0,2.0,0.57,0.36,56.0,49.0,19.0,57.0,4.0,6.0,0.0,0.0,0.0,0.0,0.43,0.98,0.0,0.72,0.18,0.78,0.72,0.0,-1.28,0.0,0.54,0.46,0.76,0.77,0.41,0.25,0.51,0.66,0.0,0.0,0.09,0.14,7.0,4.0,0.0,2.0,4.0,2.0,3.0,0.0,6.0,4.0,1.0,0.0,0.0,3.0,0.0,0.0,17.0,13.0,3.0,2.0,5.0,7.0,12.0,11.0,7.0,5.0,0.0,2.0,0.0,1.0,3.0,1.0,0.0,0.0,0.5,0.5,34.0,24.0,8.0,35.0,4.0,3.0,0.0,0.0,0.0,0.0,2.97,0.81,3.68,0.72,0.54,0.58,0.72,3.68,-0.28,-0.32,0.68,0.32,0.79,0.61,0.61,0.47,0.72,0.45,1.0,0.0,0.23,0.6,13.0,4.0,6.0,1.0,4.0,2.0,3.0,1.0,11.0,3.0,2.0,1.0,4.0,1.0,0.0,0.0,17.0,10.0,4.0,0.0,6.0,6.0,14.0,15.0,6.0,6.0,0.0,1.0,,,0.0,0.0,0.0,2.0,0.71,0.2,22.0,25.0,11.0,22.0,0.0,3.0,0.0,0.0,0.0,0.0
rg9cnl2s,FINLAND,2025,FINLAND 1,FINLAND 1,05/04/2025,14:00,,Inter Turku,QwkNUoNH,KuPS,nLBbqJDS,False,1,1,,,,,,"[72, 76]",[53],bet365,3.4,2.1,3.25,bet365,2.88,2.4,2.88,bet365,2.63,3.4,2.6,bet365,1.44,2.63,bet365,3.25,1.33,bet365,9.0,1.07,bet365,1.25,3.75,bet365,2.2,1.62,bet365,5.0,1.17,bet365,1.06,10.0,bet365,1.33,3.25,bet365,2.05,1.75,bet365,3.5,1.29,bet365,8.0,1.08,bet365,1.8,1.95,bet365,5.0,1.17,bet365,3.4,1.3,bet365,1.5,1.3,1.44,bet365,1.33,1.67,1.3,Novibet,1.36,1.53,1.36,bet365,1.83,1.83,Esportivabet,1.8,1.9,Novibet,1.83,1.9,bet365,4.33,15.0,29.0,6.0,5.0,6.0,29.0,15.0,4.33,bet365,1.98,1.88,bet365,2.1,1.73,bet365,1.91,1.8,bet365,9.5,bet365,8.5,bet365,8.0,bet365,6.5,bet365,13.0,bet365,12.0,bet365,10.0,bet365,10.0,bet365,15.0,bet365,26.0,bet365,26.0,bet365,21.0,bet365,21.0,bet365,29.0,bet365,29.0,Superbet.br,12.0,1.02,KTO.br,14.0,1.04,bet365,5.75,1.14,bet365,4.5,1.19,bet365,2.6,1.48,bet365,1.5,2.5,bet365,1.21,4.25,bet365,1.16,5.25,,0.0,0.0,Superbet.br,1.02,13.0,Superbet.br,45.0,17.0,45.0,Betano.br,14.0,7.6,13.5,bet365,5.5,4.33,5.5,bet365,1.5,4.33,1.5,Betano.br,1.16,7.4,1.15,Superbet.br,1.02,17.0,1.02,1.48,0.14,0.4,0.3,1.26,0.42,0.3,0.4,-0.7,-0.6,0.54,0.46,0.84,0.8,0.49,0.35,0.69,0.58,1.0,0.0,0.6,0.22,15.0,4.0,2.0,3.0,5.0,1.0,8.0,0.0,13.0,1.0,2.0,3.0,1.0,0.0,0.0,0.0,47.0,5.0,7.0,1.0,13.0,8.0,24.0,17.0,8.0,13.0,1.0,2.0,,,1.0,1.0,2.0,1.0,0.72,0.62,46.0,37.0,18.0,20.0,8.0,12.0,0.0,0.0,0.0,0.0,0.99,0.0,0.0,0.0,0.71,0.13,0.0,0.0,0.0,0.0,0.57,0.43,0.83,0.78,0.44,0.31,0.68,0.53,1.0,0.0,0.57,1.0,9.0,0.0,1.0,0.0,3.0,0.0,5.0,0.0,9.0,0.0,0.0,0.0,1.0,0.0,0.0,0.0,28.0,1.0,4.0,0.0,6.0,5.0,16.0,10.0,5.0,6.0,0.0,1.0,,,1.0,0.0,0.0,1.0,0.71,0.78,21.0,18.0,2.0,13.0,4.0,5.0,0.0,0.0,0.0,0.0,0.49,0.14,0.4,0.3,0.55,0.29,0.3,0.4,-0.7,-0.6,0.51,0.49,0.85,0.82,0.56,0.38,0.7,0.61,0.0,0.0,0.63,0.13,6.0,4.0,1.0,3.0,2.0,1.0,3.0,0.0,4.0,1.0,2.0,3.0,0.0,0.0,0.0,0.0,19.0,4.0,3.0,1.0,7.0,3.0,8.0,7.0,3.0,7.0,1.0,1.0,,,0.0,1.0,2.0,0.0,0.73,0.5,25.0,19.0,16.0,7.0,4.0,7.0,0.0,0.0,0.0,0.0
