Match_ID,Country,Season,Div,Sub_League,Tournament_ID,League,Date,Time,Round,Home,Home_ID,Away,Away_ID,Neutral_Location,Home_Score,Away_Score,LegMatch,First_Leg_Home_Score,First_Leg_Away_Score,Agg_Home_Score,Agg_Away_Score,Min_Goals_Home,Min_Goals_Away,Bookie_1X2_HT,Odd_1_HT,Odd_X_HT,Odd_2_HT,Bookie_1X2_2T,Odd_1_2T,Odd_X_2T,Odd_2_2T,Bookie_1X2_FT,Odd_1_FT,Odd_X_FT,Odd_2_FT,Bookie_OU_HT_0_5,Over_HT_0_5,Under_HT_0_5,Bookie_OU_HT_1_5,Over_HT_1_5,Under_HT_1_5,Bookie_OU_HT_2_5,Over_HT_2_5,Under_HT_2_5,Bookie_OU_2T_0_5,Over_2T_0_5,Under_2T_0_5,Bookie_OU_2T_1_5,Over_2T_1_5,Under_2T_1_5,Bookie_OU_2T_2_5,Over_2T_2_5,Under_2T_2_5,Bookie_OU_FT_0_5,Over_FT_0_5,Under_FT_0_5,Bookie_OU_FT_1_5,Over_FT_1_5,Under_FT_1_5,Bookie_OU_FT_2_5,Over_FT_2_5,Under_FT_2_5,Bookie_OU_FT_3_5,Over_FT_3_5,Under_FT_3_5,Bookie_OU_FT_4_5,Over_FT_4_5,Under_FT_4_5,Bookie_BTTS,BTTS_Yes,BTTS_No,Bookie_BTTS_HT,BTTS_Yes_HT,BTTS_No_HT,Bookie_BTTS_2T,BTTS_Yes_2T,BTTS_No_2T,Bookie_DC,DC_1X,DC_12,DC_X2,Bookie_DC_HT,DC_1X_HT,DC_12_HT,DC_X2_HT,Bookie_DC_2T,DC_1X_2T,DC_12_2T,DC_X2_2T,Bookie_DNB_FT,DNB_Home_FT,DNB_Away_FT,Bookie_DNB_HT,DNB_Home_HT,DNB_Away_HT,Bookie_DNB_2T,DNB_Home_2T,DNB_Away_2T,Bookie_HT_FT,HT_FT_1_1,HT_FT_1_X,HT_FT_1_2,HT_FT_X_1,HT_FT_X_X,HT_FT_X_2,HT_FT_2_1,HT_FT_2_X,HT_FT_2_2,Bookie_OE_FT,OE_Odd_FT,OE_Even_FT,Bookie_OE_HT,OE_Odd_HT,OE_Even_HT,Bookie_OE_2T,OE_Odd_2T,OE_Even_2T,Bookie_CS_0_0,CS_0_0,Bookie_CS_1_0,CS_1_0,Bookie_CS_0_1,CS_0_1,Bookie_CS_1_1,CS_1_1,Bookie_CS_2_0,CS_2_0,Bookie_CS_0_2,CS_0_2,Bookie_CS_2_1,CS_2_1,Bookie_CS_1_2,CS_1_2,Bookie_CS_2_2,CS_2_2,Bookie_CS_3_0,CS_3_0,Bookie_CS_0_3,CS_0_3,Bookie_CS_3_1,CS_3_1,Bookie_CS_1_3,CS_1_3,Bookie_CS_3_2,CS_3_2,Bookie_CS_2_3,CS_2_3,Bookie_AH_neg_2_5,AH_Home_neg_2_5,AH_Away_neg_2_5,Bookie_AH_neg_2_0,AH_Home_neg_2_0,AH_Away_neg_2_0,Bookie_AH_neg_1_5,AH_Home_neg_1_5,AH_Away_neg_1_5,Bookie_AH_neg_1_0,AH_Home_neg_1_0,AH_Away_neg_1_0,Bookie_AH_neg_0_5,AH_Home_neg_0_5,AH_Away_neg_0_5,Bookie_AH_pos_0_5,AH_Home_pos_0_5,AH_Away_pos_0_5,Bookie_AH_pos_1_0,AH_Home_pos_1_0,AH_Away_pos_1_0,Bookie_AH_pos_1_5,AH_Home_pos_1_5,AH_Away_pos_1_5,Bookie_AH_pos_2_0,AH_Home_pos_2_0,AH_Away_pos_2_0,Bookie_AH_pos_2_5,AH_Home_pos_2_5,AH_Away_pos_2_5,Bookie_EH_neg_3,EH_Home_neg_3,EH_Draw_neg_3,EH_Away_neg_3,Bookie_EH_neg_2,EH_Home_neg_2,EH_Draw_neg_2,EH_Away_neg_2,Bookie_EH_neg_1,EH_Home_neg_1,EH_Draw_neg_1,EH_Away_neg_1,Bookie_EH_pos_1,EH_Home_pos_1,EH_Draw_pos_1,EH_Away_pos_1,Bookie_EH_pos_2,EH_Home_pos_2,EH_Draw_pos_2,EH_Away_pos_2,Bookie_EH_pos_3,EH_Home_pos_3,EH_Draw_pos_3,EH_Away_pos_3,xG_Home_FT,xG_Away_FT,xGOT_Home_FT,xGOT_Away_FT,xA_Home_FT,xA_Away_FT,xGOT_Faced_Home_FT,xGOT_Faced_Away_FT,Goals_Prevented_Home_FT,Goals_Prevented_Away_FT,Possession_Home_FT,Possession_Away_FT,Passes_Pct_Home_FT,Passes_Pct_Away_FT,Long_Passes_Pct_Home_FT,Long_Passes_Pct_Away_FT,Passes_Final_Third_Pct_Home_FT,Passes_Final_Third_Pct_Away_FT,Through_Passes_Home_FT,Through_Passes_Away_FT,Crosses_Pct_Home_FT,Crosses_Pct_Away_FT,Total_Shots_Home_FT,Total_Shots_Away_FT,Shots_On_Target_Home_FT,Shots_On_Target_Away_FT,Shots_Off_Target_Home_FT,Shots_Off_Target_Away_FT,Blocked_Shots_Home_FT,Blocked_Shots_Away_FT,Shots_Inside_Box_Home_FT,Shots_Inside_Box_Away_FT,Shots_Outside_Box_Home_FT,Shots_Outside_Box_Away_FT,Big_Chances_Home_FT,Big_Chances_Away_FT,Hit_Woodwork_Home_FT,Hit_Woodwork_Away_FT,Touches_Box_Home_FT,Touches_Box_Away_FT,Corners_Home_FT,Corners_Away_FT,Free_Kicks_Home_FT,Free_Kicks_Away_FT,Throw_Ins_Home_FT,Throw_Ins_Away_FT,Fouls_Home_FT,Fouls_Away_FT,Yellow_Cards_Home_FT,Yellow_Cards_Away_FT,Red_Cards_Home_FT,Red_Cards_Away_FT,Offsides_Home_FT,Offsides_Away_FT,Goalkeeper_Saves_Home_FT,Goalkeeper_Saves_Away_FT,Tackles_Pct_Home_FT,Tackles_Pct_Away_FT,Duels_Won_Home_FT,Duels_Won_Away_FT,Clearances_Home_FT,Clearances_Away_FT,Interceptions_Home_FT,Interceptions_Away_FT,Errors_Shot_Home_FT,Errors_Shot_Away_FT,Errors_Goal_Home_FT,Errors_Goal_Away_FT,xG_Home_HT,xG_Away_HT,xGOT_Home_HT,xGOT_Away_HT,xA_Home_HT,xA_Away_HT,xGOT_Faced_Home_HT,xGOT_Faced_Away_HT,Goals_Prevented_Home_HT,Goals_Prevented_Away_HT,Possession_Home_HT,Possession_Away_HT,Passes_Pct_Home_HT,Passes_Pct_Away_HT,Long_Passes_Pct_Home_HT,Long_Passes_Pct_Away_HT,Passes_Final_Third_Pct_Home_HT,Passes_Final_Third_Pct_Away_HT,Through_Passes_Home_HT,Through_Passes_Away_HT,Crosses_Pct_Home_HT,Crosses_Pct_Away_HT,Total_Shots_Home_HT,Total_Shots_Away_HT,Shots_On_Target_Home_HT,Shots_On_Target_Away_HT,Shots_Off_Target_Home_HT,Shots_Off_Target_Away_HT,Blocked_Shots_Home_HT,Blocked_Shots_Away_HT,Shots_Inside_Box_Home_HT,Shots_Inside_Box_Away_HT,Shots_Outside_Box_Home_HT,Shots_Outside_Box_Away_HT,Big_Chances_Home_HT,Big_Chances_Away_HT,Hit_Woodwork_Home_HT,Hit_Woodwork_Away_HT,Touches_Box_Home_HT,Touches_Box_Away_HT,Corners_Home_HT,Corners_Away_HT,Free_Kicks_Home_HT,Free_Kicks_Away_HT,Throw_Ins_Home_HT,Throw_Ins_Away_HT,Fouls_Home_HT,Fouls_Away_HT,Yellow_Cards_Home_HT,Yellow_Cards_Away_HT,Red_Cards_Home_HT,Red_Cards_Away_HT,Offsides_Home_HT,Offsides_Away_HT,Goalkeeper_Saves_Home_HT,Goalkeeper_Saves_Away_HT,Tackles_Pct_Home_HT,Tackles_Pct_Away_HT,Duels_Won_Home_HT,Duels_Won_Away_HT,Clearances_Home_HT,Clearances_Away_HT,Interceptions_Home_HT,Interceptions_Away_HT,Errors_Shot_Home_HT,Errors_Shot_Away_HT,Errors_Goal_Home_HT,Errors_Goal_Away_HT,xG_Home_2T,xG_Away_2T,xGOT_Home_2T,xGOT_Away_2T,xA_Home_2T,xA_Away_2T,xGOT_Faced_Home_2T,xGOT_Faced_Away_2T,Goals_Prevented_Home_2T,Goals_Prevented_Away_2T,Possession_Home_2T,Possession_Away_2T,Passes_Pct_Home_2T,Passes_Pct_Away_2T,Long_Passes_Pct_Home_2T,Long_Passes_Pct_Away_2T,Passes_Final_Third_Pct_Home_2T,Passes_Final_Third_Pct_Away_2T,Through_Passes_Home_2T,Through_Passes_Away_2T,Crosses_Pct_Home_2T,Crosses_Pct_Away_2T,Total_Shots_Home_2T,Total_Shots_Away_2T,Shots_On_Target_Home_2T,Shots_On_Target_Away_2T,Shots_Off_Target_Home_2T,Shots_Off_Target_Away_2T,Blocked_Shots_Home_2T,Blocked_Shots_Away_2T,Shots_Inside_Box_Home_2T,Shots_Inside_Box_Away_2T,Shots_Outside_Box_Home_2T,Shots_Outside_Box_Away_2T,Big_Chances_Home_2T,Big_Chances_Away_2T,Hit_Woodwork_Home_2T,Hit_Woodwork_Away_2T,Touches_Box_Home_2T,Touches_Box_Away_2T,Corners_Home_2T,Corners_Away_2T,Free_Kicks_Home_2T,Free_Kicks_Away_2T,Throw_Ins_Home_2T,Throw_Ins_Away_2T,Fouls_Home_2T,Fouls_Away_2T,Yellow_Cards_Home_2T,Yellow_Cards_Away_2T,Red_Cards_Home_2T,Red_Cards_Away_2T,Offsides_Home_2T,Offsides_Away_2T,Goalkeeper_Saves_Home_2T,Goalkeeper_Saves_Away_2T,Tackles_Pct_Home_2T,Tackles_Pct_Away_2T,Duels_Won_Home_2T,Duels_Won_Away_2T,Clearances_Home_2T,Clearances_Away_2T,Interceptions_Home_2T,Interceptions_Away_2T,Errors_Shot_Home_2T,Errors_Shot_Away_2T,Errors_Goal_Home_2T,Errors_Goal_Away_2T
pSbrN1E3,ROMANIA,2023/2024,ROMANIA 1,Superliga,GILi6JC9,ROMANIA 1,12/05/2024,18:30,Round 9,Otelul,2H5uhNyO,FC Botosani,GjY1JjUS,False,2,0,,,,,,[],[],,0.0,0.0,0.0,,0.0,0.0,0.0,,0.0,0.0,0.0,,0.0,0.0,,0.0,0.0,,0.0,0.0,,0.0,0.0,,0.0,0.0,,0.0,0.0,,0.0,0.0,,0.0,0.0,,0.0,0.0,,0.0,0.0,,0.0,0.0,,0.0,0.0,,0.0,0.0,,0.0,0.0,,0.0,0.0,0.0,,0.0,0.0,0.0,,0.0,0.0,0.0,,0.0,0.0,,0.0,0.0,,0.0,0.0,,0.0,0.0,0.0,0.0,0.0,0.0,0.0,0.0,0.0,,0.0,0.0,,0.0,0.0,,0.0,0.0,,0.0,,0.0,,0.0,,0.0,,0.0,,0.0,,0.0,,0.0,,0.0,,0.0,,0.0,,0.0,,0.0,,0.0,,0.0,,0.0,0.0,,0.0,0.0,,0.0,0.0,,0.0,0.0,,0.0,0.0,,0.0,0.0,,0.0,0.0,,0.0,0.0,,0.0,0.0,,0.0,0.0,,0.0,0.0,0.0,,0.0,0.0,0.0,,0.0,0.0,0.0,,0.0,0.0,0.0,,0.0,0.0,0.0,,0.0,0.0,0.0,,,,,,,,,,,,,,,,,,,,,,,,,,,,,,,,,,,,,,,,,,,,,,,,,,,,,,,,,,,,,,,,,,,,,,,,,,,,,,,,,,,,,,,,,,,,,,,,,,,,,,,,,,,,,,,,,,,,,,,,,,,,,,,,,,,,,,,,,,,,,,,,,,,,,,,,,,,,,,,,,,,,,,,,,,,,,,,,,,,,,,,,,,,,,,,,,,,,,,,,,,,,
2cKgct2L,ROMANIA,2023/2024,ROMANIA 1,Superliga,GILi6JC9,ROMANIA 1,26/05/2024,17:00,Final,Univ. Craiova,bsd9fGaK,U. Cluj,Us6gkXaT,False,2,1,,,,,,[],[],,0.0,0.0,0.0,,0.0,0.0,0.0,,0.0,0.0,0.0,,0.0,0.0,,0.0,0.0,,0.0,0.0,,0.0,0.0,,0.0,0.0,,0.0,0.0,,0.0,0.0,,0.0,0.0,,0.0,0.0,,0.0,0.0,,0.0,0.0,,0.0,0.0,,0.0,0.0,,0.0,0.0,,0.0,0.0,0.0,,0.0,0.0,0.0,,0.0,0.0,0.0,,0.0,0.0,,0.0,0.0,,0.0,0.0,,0.0,0.0,0.0,0.0,0.0,0.0,0.0,0.0,0.0,,0.0,0.0,,0.0,0.0,,0.0,0.0,,0.0,,0.0,,0.0,,0.0,,0.0,,0.0,,0.0,,0.0,,0.0,,0.0,,0.0,,0.0,,0.0,,0.0,,0.0,,0.0,0.0,,0.0,0.0,,0.0,0.0,,0.0,0.0,,0.0,0.0,,0.0,0.0,,0.0,0.0,,0.0,0.0,,0.0,0.0,,0.0,0.0,,0.0,0.0,0.0,,0.0,0.0,0.0,,0.0,0.0,0.0,,0.0,0.0,0.0,,0.0,0.0,0.0,,0.0,0.0,0.0,,,,,,,,,,,,,,,,,,,,,,,,,,,,,,,,,,,,,,,,,,,,,,,,,,,,,,,,,,,,,,,,,,,,,,,,,,,,,,,,,,,,,,,,,,,,,,,,,,,,,,,,,,,,,,,,,,,,,,,,,,,,,,,,,,,,,,,,,,,,,,,,,,,,,,,,,,,,,,,,,,,,,,,,,,,,,,,,,,,,,,,,,,,,,,,,,,,,,,,,,,,,
CO3l1Kip,ROMANIA,2023/2024,ROMANIA 1,Superliga,GILi6JC9,ROMANIA 1,04/05/2024,17:00,Round 8,U. Cluj,Us6gkXaT,Dinamo Bucuresti,rBgMi3MH,False,3,3,,,,,,[],[],,0.0,0.0,0.0,,0.0,0.0,0.0,,0.0,0.0,0.0,,0.0,0.0,,0.0,0.0,,0.0,0.0,,0.0,0.0,,0.0,0.0,,0.0,0.0,,0.0,0.0,,0.0,0.0,,0.0,0.0,,0.0,0.0,,0.0,0.0,,0.0,0.0,,0.0,0.0,,0.0,0.0,,0.0,0.0,0.0,,0.0,0.0,0.0,,0.0,0.0,0.0,,0.0,0.0,,0.0,0.0,,0.0,0.0,,0.0,0.0,0.0,0.0,0.0,0.0,0.0,0.0,0.0,,0.0,0.0,,0.0,0.0,,0.0,0.0,,0.0,,0.0,,0.0,,0.0,,0.0,,0.0,,0.0,,0.0,,0.0,,0.0,,0.0,,0.0,,0.0,,0.0,,0.0,,0.0,0.0,,0.0,0.0,,0.0,0.0,,0.0,0.0,,0.0,0.0,,0.0,0.0,,0.0,0.0,,0.0,0.0,,0.0,0.0,,0.0,0.0,,0.0,0.0,0.0,,0.0,0.0,0.0,,0.0,0.0,0.0,,0.0,0.0,0.0,,0.0,0.0,0.0,,0.0,0.0,0.0,,,,,,,,,,,,,,,,,,,,,,,,,,,,,,,,,,,,,,,,,,,,,,,,,,,,,,,,,,,,,,,,,,,,,,,,,,,,,,,,,,,,,,,,,,,,,,,,,,,,,,,,,,,,,,,,,,,,,,,,,,,,,,,,,,,,,,,,,,,,,,,,,,,,,,,,,,,,,,,,,,,,,,,,,,,,,,,,,,,,,,,,,,,,,,,,,,,,,,,,,,,,
S6QZUBNP,ROMANIA,2023/2024,ROMANIA 1,Superliga,GILi6JC9,ROMANIA 1,25/04/2024,18:45,Round 6,Univ. Craiova,bsd9fGaK,CFR Cluj,4KfIhq7B,False,0,1,,,,,,[],[],,0.0,0.0,0.0,,0.0,0.0,0.0,,0.0,0.0,0.0,,0.0,0.0,,0.0,0.0,,0.0,0.0,,0.0,0.0,,0.0,0.0,,0.0,0.0,,0.0,0.0,,0.0,0.0,,0.0,0.0,,0.0,0.0,,0.0,0.0,,0.0,0.0,,0.0,0.0,,0.0,0.0,,0.0,0.0,0.0,,0.0,0.0,0.0,,0.0,0.0,0.0,,0.0,0.0,,0.0,0.0,,0.0,0.0,,0.0,0.0,0.0,0.0,0.0,0.0,0.0,0.0,0.0,,0.0,0.0,,0.0,0.0,,0.0,0.0,,0.0,,0.0,,0.0,,0.0,,0.0,,0.0,,0.0,,0.0,,0.0,,0.0,,0.0,,0.0,,0.0,,0.0,,0.0,,0.0,0.0,,0.0,0.0,,0.0,0.0,,0.0,0.0,,0.0,0.0,,0.0,0.0,,0.0,0.0,,0.0,0.0,,0.0,0.0,,0.0,0.0,,0.0,0.0,0.0,,0.0,0.0,0.0,,0.0,0.0,0.0,,0.0,0.0,0.0,,0.0,0.0,0.0,,0.0,0.0,0.0,,,,,,,,,,,,,,,,,,,,,,,,,,,,,,,,,,,,,,,,,,,,,,,,,,,,,,,,,,,,,,,,,,,,,,,,,,,,,,,,,,,,,,,,,,,,,,,,,,,,,,,,,,,,,,,,,,,,,,,,,,,,,,,,,,,,,,,,,,,,,,,,,,,,,,,,,,,,,,,,,,,,,,,,,,,,,,,,,,,,,,,,,,,,,,,,,,,,,,,,,,,,
ttDI6tUM,ROMANIA,2023/2024,ROMANIA 1,Superliga,GILi6JC9,ROMANIA 1,26/04/2024,17:00,Round 7,Dinamo Bucuresti,rBgMi3MH,FC Voluntari,WIoSeFi4,False,1,1,,,,,,[],[],,0.0,0.0,0.0,,0.0,0.0,0.0,,0.0,0.0,0.0,,0.0,0.0,,0.0,0.0,,0.0,0.0,,0.0,0.0,,0.0,0.0,,0.0,0.0,,0.0,0.0,,0.0,0.0,,0.0,0.0,,0.0,0.0,,0.0,0.0,,0.0,0.0,,0.0,0.0,,0.0,0.0,,0.0,0.0,0.0,,0.0,0.0,0.0,,0.0,0.0,0.0,,0.0,0.0,,0.0,0.0,,0.0,0.0,,0.0,0.0,0.0,0.0,0.0,0.0,0.0,0.0,0.0,,0.0,0.0,,0.0,0.0,,0.0,0.0,,0.0,,0.0,,0.0,,0.0,,0.0,,0.0,,0.0,,0.0,,0.0,,0.0,,0.0,,0.0,,0.0,,0.0,,0.0,,0.0,0.0,,0.0,0.0,,0.0,0.0,,0.0,0.0,,0.0,0.0,,0.0,0.0,,0.0,0.0,,0.0,0.0,,0.0,0.0,,0.0,0.0,,0.0,0.0,0.0,,0.0,0.0,0.0,,0.0,0.0,0.0,,0.0,0.0,0.0,,0.0,0.0,0.0,,0.0,0.0,0.0,,,,,,,,,,,,,,,,,,,,,,,,,,,,,,,,,,,,,,,,,,,,,,,,,,,,,,,,,,,,,,,,,,,,,,,,,,,,,,,,,,,,,,,,,,,,,,,,,,,,,,,,,,,,,,,,,,,,,,,,,,,,,,,,,,,,,,,,,,,,,,,,,,,,,,,,,,,,,,,,,,,,,,,,,,,,,,,,,,,,,,,,,,,,,,,,,,,,,,,,,,,,
Wl44B4Fi,ROMANIA,2023/2024,ROMANIA 1,Superliga,GILi6JC9,ROMANIA 1,25/04/2024,16:00,Round 6,FC Hermannstadt,pUUuFXvI,Petrolul,dhnNlCE9,False,2,0,,,,,,[],[],,0.0,0.0,0.0,,0.0,0.0,0.0,,0.0,0.0,0.0,,0.0,0.0,,0.0,0.0,,0.0,0.0,,0.0,0.0,,0.0,0.0,,0.0,0.0,,0.0,0.0,,0.0,0.0,,0.0,0.0,,0.0,0.0,,0.0,0.0,,0.0,0.0,,0.0,0.0,,0.0,0.0,,0.0,0.0,0.0,,0.0,0.0,0.0,,0.0,0.0,0.0,,0.0,0.0,,0.0,0.0,,0.0,0.0,,0.0,0.0,0.0,0.0,0.0,0.0,0.0,0.0,0.0,,0.0,0.0,,0.0,0.0,,0.0,0.0,,0.0,,0.0,,0.0,,0.0,,0.0,,0.0,,0.0,,0.0,,0.0,,0.0,,0.0,,0.0,,0.0,,0.0,,0.0,,0.0,0.0,,0.0,0.0,,0.0,0.0,,0.0,0.0,,0.0,0.0,,0.0,0.0,,0.0,0.0,,0.0,0.0,,0.0,0.0,,0.0,0.0,,0.0,0.0,0.0,,0.0,0.0,0.0,,0.0,0.0,0.0,,0.0,0.0,0.0,,0.0,0.0,0.0,,0.0,0.0,0.0,,,,,,,,,,,,,,,,,,,,,,,,,,,,,,,,,,,,,,,,,,,,,,,,,,,,,,,,,,,,,,,,,,,,,,,,,,,,,,,,,,,,,,,,,,,,,,,,,,,,,,,,,,,,,,,,,,,,,,,,,,,,,,,,,,,,,,,,,,,,,,,,,,,,,,,,,,,,,,,,,,,,,,,,,,,,,,,,,,,,,,,,,,,,,,,,,,,,,,,,,,,,
hb50Cp0o,ROMANIA,2023/2024,ROMANIA 1,Superliga,GILi6JC9,ROMANIA 1,25/04/2024,13:45,Round 6,UTA Arad,QDiPqBNj,Otelul,2H5uhNyO,False,3,1,,,,,,[],[],,0.0,0.0,0.0,,0.0,0.0,0.0,,0.0,0.0,0.0,,0.0,0.0,,0.0,0.0,,0.0,0.0,,0.0,0.0,,0.0,0.0,,0.0,0.0,,0.0,0.0,,0.0,0.0,,0.0,0.0,,0.0,0.0,,0.0,0.0,,0.0,0.0,,0.0,0.0,,0.0,0.0,,0.0,0.0,0.0,,0.0,0.0,0.0,,0.0,0.0,0.0,,0.0,0.0,,0.0,0.0,,0.0,0.0,,0.0,0.0,0.0,0.0,0.0,0.0,0.0,0.0,0.0,,0.0,0.0,,0.0,0.0,,0.0,0.0,,0.0,,0.0,,0.0,,0.0,,0.0,,0.0,,0.0,,0.0,,0.0,,0.0,,0.0,,0.0,,0.0,,0.0,,0.0,,0.0,0.0,,0.0,0.0,,0.0,0.0,,0.0,0.0,,0.0,0.0,,0.0,0.0,,0.0,0.0,,0.0,0.0,,0.0,0.0,,0.0,0.0,,0.0,0.0,0.0,,0.0,0.0,0.0,,0.0,0.0,0.0,,0.0,0.0,0.0,,0.0,0.0,0.0,,0.0,0.0,0.0,,,,,,,,,,,,,,,,,,,,,,,,,,,,,,,,,,,,,,,,,,,,,,,,,,,,,,,,,,,,,,,,,,,,,,,,,,,,,,,,,,,,,,,,,,,,,,,,,,,,,,,,,,,,,,,,,,,,,,,,,,,,,,,,,,,,,,,,,,,,,,,,,,,,,,,,,,,,,,,,,,,,,,,,,,,,,,,,,,,,,,,,,,,,,,,,,,,,,,,,,,,,
Cbrm78VI,ROMANIA,2023/2024,ROMANIA 1,Superliga,GILi6JC9,ROMANIA 1,24/04/2024,18:45,Round 6,Sepsi Sf. Gheorghe,IDsPIcMA,FCSB,Gv2kjDpN,False,2,2,,,,,,[],[],,0.0,0.0,0.0,,0.0,0.0,0.0,,0.0,0.0,0.0,,0.0,0.0,,0.0,0.0,,0.0,0.0,,0.0,0.0,,0.0,0.0,,0.0,0.0,,0.0,0.0,,0.0,0.0,,0.0,0.0,,0.0,0.0,,0.0,0.0,,0.0,0.0,,0.0,0.0,,0.0,0.0,,0.0,0.0,0.0,,0.0,0.0,0.0,,0.0,0.0,0.0,,0.0,0.0,,0.0,0.0,,0.0,0.0,,0.0,0.0,0.0,0.0,0.0,0.0,0.0,0.0,0.0,,0.0,0.0,,0.0,0.0,,0.0,0.0,,0.0,,0.0,,0.0,,0.0,,0.0,,0.0,,0.0,,0.0,,0.0,,0.0,,0.0,,0.0,,0.0,,0.0,,0.0,,0.0,0.0,,0.0,0.0,,0.0,0.0,,0.0,0.0,,0.0,0.0,,0.0,0.0,,0.0,0.0,,0.0,0.0,,0.0,0.0,,0.0,0.0,,0.0,0.0,0.0,,0.0,0.0,0.0,,0.0,0.0,0.0,,0.0,0.0,0.0,,0.0,0.0,0.0,,0.0,0.0,0.0,,,,,,,,,,,,,,,,,,,,,,,,,,,,,,,,,,,,,,,,,,,,,,,,,,,,,,,,,,,,,,,,,,,,,,,,,,,,,,,,,,,,,,,,,,,,,,,,,,,,,,,,,,,,,,,,,,,,,,,,,,,,,,,,,,,,,,,,,,,,,,,,,,,,,,,,,,,,,,,,,,,,,,,,,,,,,,,,,,,,,,,,,,,,,,,,,,,,,,,,,,,,
lGRVVi8J,ROMANIA,2023/2024,ROMANIA 1,Superliga,GILi6JC9,ROMANIA 1,24/04/2024,16:00,Round 6,Farul Constanta,CrJbN1Pa,FC Rapid Bucuresti,YFCpigVG,False,3,1,,,,,,[],[],,0.0,0.0,0.0,,0.0,0.0,0.0,,0.0,0.0,0.0,,0.0,0.0,,0.0,0.0,,0.0,0.0,,0.0,0.0,,0.0,0.0,,0.0,0.0,,0.0,0.0,,0.0,0.0,,0.0,0.0,,0.0,0.0,,0.0,0.0,,0.0,0.0,,0.0,0.0,,0.0,0.0,,0.0,0.0,0.0,,0.0,0.0,0.0,,0.0,0.0,0.0,,0.0,0.0,,0.0,0.0,,0.0,0.0,,0.0,0.0,0.0,0.0,0.0,0.0,0.0,0.0,0.0,,0.0,0.0,,0.0,0.0,,0.0,0.0,,0.0,,0.0,,0.0,,0.0,,0.0,,0.0,,0.0,,0.0,,0.0,,0.0,,0.0,,0.0,,0.0,,0.0,,0.0,,0.0,0.0,,0.0,0.0,,0.0,0.0,,0.0,0.0,,0.0,0.0,,0.0,0.0,,0.0,0.0,,0.0,0.0,,0.0,0.0,,0.0,0.0,,0.0,0.0,0.0,,0.0,0.0,0.0,,0.0,0.0,0.0,,0.0,0.0,0.0,,0.0,0.0,0.0,,0.0,0.0,0.0,,,,,,,,,,,,,,,,,,,,,,,,,,,,,,,,,,,,,,,,,,,,,,,,,,,,,,,,,,,,,,,,,,,,,,,,,,,,,,,,,,,,,,,,,,,,,,,,,,,,,,,,,,,,,,,,,,,,,,,,,,,,,,,,,,,,,,,,,,,,,,,,,,,,,,,,,,,,,,,,,,,,,,,,,,,,,,,,,,,,,,,,,,,,,,,,,,,,,,,,,,,,
j5avOsac,ROMANIA,2023/2024,ROMANIA 1,Superliga,GILi6JC9,ROMANIA 1,05/05/2024,12:30,Round 8,Petrolul,dhnNlCE9,Otelul,2H5uhNyO,False,2,1,,,,,,"[11, 80]",[40],bet365,3.4,1.91,3.75,bet365,3.0,2.2,3.2,bet365,2.63,2.75,3.2,bet365,1.57,2.25,bet365,3.75,1.25,bet365,13.0,1.04,bet365,1.36,3.0,bet365,2.63,1.44,bet365,7.0,1.1,bet365,1.13,6.0,bet365,1.5,2.5,bet365,2.7,1.44,bet365,5.5,1.14,bet365,13.0,1.04,bet365,2.1,1.67,bet365,6.5,1.11,bet365,4.33,1.2,bet365,1.36,1.4,1.44,bet365,1.25,1.8,1.3,Sportingbet.br,1.28,1.63,1.37,bet365,1.73,2.0,Betano.br,1.7,2.05,Betano.br,1.72,2.05,bet365,4.33,15.0,34.0,5.5,4.0,6.5,34.0,15.0,5.0,bet365,2.1,1.78,bet365,2.3,1.62,bet365,2.0,1.73,bet365,6.0,bet365,6.5,bet365,7.5,bet365,5.5,bet365,11.0,bet365,13.0,bet365,11.0,bet365,13.0,bet365,17.0,bet365,26.0,bet365,34.0,bet365,26.0,bet365,29.0,bet365,41.0,bet365,41.0,,0.0,0.0,,0.0,0.0,bet365,5.75,1.14,bet365,4.5,1.19,bet365,2.5,1.5,bet365,1.35,3.1,bet365,1.13,6.0,bet365,1.1,7.0,,0.0,0.0,,0.0,0.0,Betano.br,30.0,12.5,37.0,Betano.br,15.0,7.2,21.0,bet365,6.0,4.0,0.0,bet365,0.0,0.0,1.44,Betano.br,1.09,8.75,1.14,Betano.br,1.02,14.5,1.03,2.16,0.4,,,,,,,,,0.39,0.61,,,,,,,,,,,16.0,6.0,4.0,2.0,8.0,2.0,4.0,2.0,,,,,,,,,,,2.0,7.0,7.0,11.0,26.0,25.0,13.0,11.0,3.0,2.0,,,2.0,1.0,1.0,2.0,,,,,,,,,,,,,1.84,0.2,,,,,,,,,0.4,0.6,,,,,,,,,,,8.0,2.0,3.0,1.0,3.0,0.0,2.0,1.0,,,,,,,,,,,0.0,3.0,5.0,4.0,13.0,8.0,5.0,9.0,1.0,1.0,,,2.0,1.0,0.0,2.0,,,,,,,,,,,,,0.32,0.2,,,,,,,,,0.38,0.62,,,,,,,,,,,8.0,4.0,1.0,1.0,5.0,2.0,2.0,1.0,,,,,,,,,,,2.0,4.0,2.0,7.0,13.0,17.0,8.0,2.0,2.0,1.0,,,0.0,0.0,1.0,0.0,,,,,,,,,,,,
Ms5CrViP,ROMANIA,2023/2024,ROMANIA 1,Superliga,GILi6JC9,ROMANIA 1,10/05/2024,17:30,Round 9,Sepsi Sf. Gheorghe,IDsPIcMA,FC Rapid Bucuresti,YFCpigVG,False,3,2,,,,,,"[21, 40, 45]","[17, 54, 63]",bet365,2.63,2.4,3.4,bet365,2.38,2.75,3.1,bet365,2.1,3.75,3.1,bet365,1.29,3.5,bet365,2.25,1.57,bet365,5.5,1.14,bet365,1.14,5.5,bet365,1.73,2.0,bet365,3.4,1.3,bet365,1.03,17.0,bet365,1.17,5.0,bet365,1.53,2.4,bet365,2.25,1.57,bet365,4.0,1.22,bet365,1.5,2.5,bet365,3.75,1.25,bet365,2.63,1.44,bet365,1.36,1.25,1.7,bet365,1.3,1.53,1.44,Sportingbet.br,1.33,1.41,1.51,bet365,1.57,2.25,Betano.br,1.65,2.12,Betano.br,1.7,2.07,bet365,3.4,13.0,23.0,6.0,6.5,7.5,21.0,13.0,5.0,bet365,1.98,1.88,bet365,2.0,1.8,bet365,1.91,1.8,bet365,17.0,bet365,11.0,bet365,15.0,bet365,7.5,bet365,13.0,bet365,19.0,bet365,9.0,bet365,11.0,bet365,12.0,bet365,21.0,bet365,34.0,bet365,15.0,bet365,21.0,bet365,21.0,bet365,23.0,,0.0,0.0,bet365,6.8,1.11,bet365,3.7,1.26,bet365,3.0,1.38,bet365,2.08,1.73,bet365,1.38,3.0,bet365,1.16,5.25,bet365,1.13,5.9,,0.0,0.0,,0.0,0.0,Betano.br,17.0,10.25,26.0,Betano.br,8.5,6.2,14.0,bet365,3.75,4.33,0.0,bet365,0.0,0.0,1.7,Betano.br,1.13,8.0,1.25,Betano.br,1.04,13.0,1.08,2.66,3.45,,,,,,,,,0.51,0.49,,,,,,,,,,,18.0,16.0,8.0,6.0,7.0,6.0,3.0,4.0,,,,,,,,,,,7.0,2.0,11.0,14.0,17.0,24.0,14.0,8.0,1.0,0.0,,,3.0,1.0,4.0,5.0,,,,,,,,,,,,,2.66,1.62,,,,,,,,,0.6,0.4,,,,,,,,,,,11.0,6.0,7.0,3.0,3.0,2.0,1.0,1.0,,,,,,,,,,,5.0,1.0,5.0,3.0,11.0,10.0,3.0,3.0,,,,,1.0,0.0,2.0,4.0,,,,,,,,,,,,,0.0,1.83,,,,,,,,,0.42,0.58,,,,,,,,,,,7.0,10.0,1.0,3.0,4.0,4.0,2.0,3.0,,,,,,,,,,,2.0,1.0,6.0,11.0,6.0,14.0,11.0,5.0,1.0,0.0,,,2.0,1.0,2.0,1.0,,,,,,,,,,,,
C0L1AOUc,ROMANIA,2023/2024,ROMANIA 1,Superliga,GILi6JC9,ROMANIA 1,29/04/2024,14:30,Round 7,Petrolul,dhnNlCE9,FC Botosani,GjY1JjUS,False,1,2,,,,,,"[12, 71]","[5, 87]",bet365,3.0,2.0,4.0,bet365,2.6,2.25,3.5,bet365,2.15,3.0,3.2,bet365,1.5,2.5,bet365,3.5,1.29,bet365,11.0,1.05,bet365,1.3,3.4,bet365,2.5,1.5,bet365,6.0,1.13,bet365,1.08,8.0,bet365,1.44,2.63,bet365,2.35,1.57,bet365,4.33,1.2,bet365,10.0,1.06,bet365,2.0,1.73,bet365,6.0,1.13,bet365,4.0,1.22,bet365,1.33,1.33,1.62,bet365,1.22,1.73,1.36,Sportingbet.br,1.26,1.57,1.44,bet365,1.53,2.38,Betano.br,1.65,2.12,Betano.br,1.65,2.15,bet365,3.75,15.0,34.0,5.0,4.5,7.0,29.0,15.0,5.5,bet365,2.0,1.85,bet365,2.2,1.67,bet365,2.0,1.73,bet365,7.5,bet365,6.5,bet365,8.5,bet365,6.0,bet365,9.5,bet365,15.0,bet365,9.5,bet365,13.0,bet365,17.0,bet365,21.0,bet365,41.0,bet365,21.0,bet365,29.0,bet365,34.0,bet365,41.0,,0.0,0.0,,0.0,0.0,bet365,4.5,1.19,bet365,3.55,1.28,bet365,2.2,1.65,bet365,1.33,3.3,bet365,1.11,6.6,bet365,1.1,7.0,,0.0,0.0,,0.0,0.0,Betano.br,24.0,11.25,35.0,Betano.br,11.5,6.4,19.0,bet365,4.5,3.75,6.0,bet365,1.44,4.0,1.62,Betano.br,1.1,8.5,1.19,Betano.br,1.02,14.0,1.05,2.04,1.36,,,,,,,,,0.48,0.52,,,,,,,,,,,10.0,11.0,4.0,5.0,4.0,2.0,2.0,4.0,,,,,,,,,,,3.0,3.0,6.0,14.0,32.0,29.0,15.0,6.0,1.0,4.0,,,2.0,2.0,3.0,3.0,,,,,,,,,,,,,0.97,0.24,,,,,,,,,0.44,0.56,,,,,,,,,,,4.0,5.0,2.0,3.0,0.0,0.0,2.0,2.0,,,,,,,,,,,3.0,3.0,2.0,7.0,14.0,19.0,7.0,2.0,1.0,0.0,,,1.0,1.0,2.0,1.0,,,,,,,,,,,,,1.07,1.12,,,,,,,,,0.52,0.48,,,,,,,,,,,6.0,6.0,2.0,2.0,4.0,2.0,0.0,2.0,,,,,,,,,,,0.0,0.0,4.0,7.0,18.0,10.0,8.0,4.0,0.0,4.0,,,1.0,1.0,1.0,2.0,,,,,,,,,,,,
veHIm1Np,ROMANIA,2023/2024,ROMANIA 1,Superliga,GILi6JC9,ROMANIA 1,24/04/2024,13:45,Round 6,U. Cluj,Us6gkXaT,Poli Iasi,t84qisiU,False,1,0,,,,,,[],[],,0.0,0.0,0.0,,0.0,0.0,0.0,,0.0,0.0,0.0,,0.0,0.0,,0.0,0.0,,0.0,0.0,,0.0,0.0,,0.0,0.0,,0.0,0.0,,0.0,0.0,,0.0,0.0,,0.0,0.0,,0.0,0.0,,0.0,0.0,,0.0,0.0,,0.0,0.0,,0.0,0.0,,0.0,0.0,0.0,,0.0,0.0,0.0,,0.0,0.0,0.0,,0.0,0.0,,0.0,0.0,,0.0,0.0,,0.0,0.0,0.0,0.0,0.0,0.0,0.0,0.0,0.0,,0.0,0.0,,0.0,0.0,,0.0,0.0,,0.0,,0.0,,0.0,,0.0,,0.0,,0.0,,0.0,,0.0,,0.0,,0.0,,0.0,,0.0,,0.0,,0.0,,0.0,,0.0,0.0,,0.0,0.0,,0.0,0.0,,0.0,0.0,,0.0,0.0,,0.0,0.0,,0.0,0.0,,0.0,0.0,,0.0,0.0,,0.0,0.0,,0.0,0.0,0.0,,0.0,0.0,0.0,,0.0,0.0,0.0,,0.0,0.0,0.0,,0.0,0.0,0.0,,0.0,0.0,0.0,,,,,,,,,,,,,,,,,,,,,,,,,,,,,,,,,,,,,,,,,,,,,,,,,,,,,,,,,,,,,,,,,,,,,,,,,,,,,,,,,,,,,,,,,,,,,,,,,,,,,,,,,,,,,,,,,,,,,,,,,,,,,,,,,,,,,,,,,,,,,,,,,,,,,,,,,,,,,,,,,,,,,,,,,,,,,,,,,,,,,,,,,,,,,,,,,,,,,,,,,,,,
KAzngNaN,ROMANIA,2023/2024,ROMANIA 1,Superliga,GILi6JC9,ROMANIA 1,23/04/2024,16:30,Round 6,FC Botosani,GjY1JjUS,Dinamo Bucuresti,rBgMi3MH,False,2,1,,,,,,[],[],,0.0,0.0,0.0,,0.0,0.0,0.0,,0.0,0.0,0.0,,0.0,0.0,,0.0,0.0,,0.0,0.0,,0.0,0.0,,0.0,0.0,,0.0,0.0,,0.0,0.0,,0.0,0.0,,0.0,0.0,,0.0,0.0,,0.0,0.0,,0.0,0.0,,0.0,0.0,,0.0,0.0,,0.0,0.0,0.0,,0.0,0.0,0.0,,0.0,0.0,0.0,,0.0,0.0,,0.0,0.0,,0.0,0.0,,0.0,0.0,0.0,0.0,0.0,0.0,0.0,0.0,0.0,,0.0,0.0,,0.0,0.0,,0.0,0.0,,0.0,,0.0,,0.0,,0.0,,0.0,,0.0,,0.0,,0.0,,0.0,,0.0,,0.0,,0.0,,0.0,,0.0,,0.0,,0.0,0.0,,0.0,0.0,,0.0,0.0,,0.0,0.0,,0.0,0.0,,0.0,0.0,,0.0,0.0,,0.0,0.0,,0.0,0.0,,0.0,0.0,,0.0,0.0,0.0,,0.0,0.0,0.0,,0.0,0.0,0.0,,0.0,0.0,0.0,,0.0,0.0,0.0,,0.0,0.0,0.0,,,,,,,,,,,,,,,,,,,,,,,,,,,,,,,,,,,,,,,,,,,,,,,,,,,,,,,,,,,,,,,,,,,,,,,,,,,,,,,,,,,,,,,,,,,,,,,,,,,,,,,,,,,,,,,,,,,,,,,,,,,,,,,,,,,,,,,,,,,,,,,,,,,,,,,,,,,,,,,,,,,,,,,,,,,,,,,,,,,,,,,,,,,,,,,,,,,,,,,,,,,,
2ZPjhsFT,ROMANIA,2023/2024,ROMANIA 1,Superliga,GILi6JC9,ROMANIA 1,23/04/2024,14:00,Round 6,FC Voluntari,WIoSeFi4,U Craiova 1948,nNhLpi8p,False,0,0,,,,,,[],[],,0.0,0.0,0.0,,0.0,0.0,0.0,,0.0,0.0,0.0,,0.0,0.0,,0.0,0.0,,0.0,0.0,,0.0,0.0,,0.0,0.0,,0.0,0.0,,0.0,0.0,,0.0,0.0,,0.0,0.0,,0.0,0.0,,0.0,0.0,,0.0,0.0,,0.0,0.0,,0.0,0.0,,0.0,0.0,0.0,,0.0,0.0,0.0,,0.0,0.0,0.0,,0.0,0.0,,0.0,0.0,,0.0,0.0,,0.0,0.0,0.0,0.0,0.0,0.0,0.0,0.0,0.0,,0.0,0.0,,0.0,0.0,,0.0,0.0,,0.0,,0.0,,0.0,,0.0,,0.0,,0.0,,0.0,,0.0,,0.0,,0.0,,0.0,,0.0,,0.0,,0.0,,0.0,,0.0,0.0,,0.0,0.0,,0.0,0.0,,0.0,0.0,,0.0,0.0,,0.0,0.0,,0.0,0.0,,0.0,0.0,,0.0,0.0,,0.0,0.0,,0.0,0.0,0.0,,0.0,0.0,0.0,,0.0,0.0,0.0,,0.0,0.0,0.0,,0.0,0.0,0.0,,0.0,0.0,0.0,,,,,,,,,,,,,,,,,,,,,,,,,,,,,,,,,,,,,,,,,,,,,,,,,,,,,,,,,,,,,,,,,,,,,,,,,,,,,,,,,,,,,,,,,,,,,,,,,,,,,,,,,,,,,,,,,,,,,,,,,,,,,,,,,,,,,,,,,,,,,,,,,,,,,,,,,,,,,,,,,,,,,,,,,,,,,,,,,,,,,,,,,,,,,,,,,,,,,,,,,,,,
hSG5KBWr,ROMANIA,2023/2024,ROMANIA 1,Superliga,GILi6JC9,ROMANIA 1,24/05/2024,17:00,Final,Mioveni,WSNaPsAg,FC Botosani,GjY1JjUS,False,0,1,2.0,0.0,1.0,0.0,2.0,[],[74],bet365,2.63,2.05,4.75,bet365,2.25,2.3,4.0,bet365,1.9,3.3,3.8,bet365,1.5,2.5,bet365,3.4,1.3,bet365,10.0,1.06,bet365,1.3,3.4,bet365,2.38,1.53,bet365,5.5,1.14,bet365,1.08,8.0,bet365,1.4,2.75,bet365,2.2,1.65,bet365,4.0,1.22,bet365,9.0,1.07,bet365,2.0,1.73,bet365,5.5,1.14,bet365,4.0,1.22,bet365,1.25,1.33,1.91,bet365,1.17,1.73,1.44,Novibet,1.22,1.56,1.5,bet365,1.4,2.75,Betano.br,1.47,2.5,Betano.br,1.47,2.55,bet365,7.0,15.0,26.0,8.0,4.75,4.75,34.0,15.0,3.2,bet365,1.98,1.88,bet365,2.2,1.67,bet365,2.0,1.73,bet365,8.0,bet365,9.5,bet365,6.0,bet365,6.5,bet365,19.0,bet365,8.5,bet365,15.0,bet365,9.0,bet365,19.0,bet365,41.0,bet365,15.0,bet365,34.0,bet365,17.0,bet365,41.0,bet365,34.0,,0.0,0.0,bet365,6.8,1.11,bet365,3.55,1.28,bet365,2.75,1.43,bet365,1.93,1.88,bet365,1.25,3.8,,0.0,0.0,,0.0,0.0,,0.0,0.0,,0.0,0.0,Novibet,0.0,14.25,51.0,Novibet,8.7,9.5,26.0,bet365,3.6,0.0,0.0,bet365,0.0,3.6,1.91,Novibet,1.04,5.7,1.23,Betano.br,1.02,9.75,1.08,,,,,,,,,,,0.42,0.58,,,,,,,,,,,0.0,12.0,0.0,4.0,0.0,8.0,0.0,0.0,,,,,,,,,,,1.0,1.0,7.0,13.0,26.0,18.0,16.0,12.0,2.0,1.0,,,0.0,0.0,3.0,0.0,,,,,,,,,,,,,,,,,,,,,,,0.37,0.63,,,,,,,,,,,0.0,5.0,0.0,3.0,0.0,2.0,0.0,0.0,,,,,,,,,,,1.0,1.0,2.0,2.0,11.0,10.0,6.0,4.0,,,,,0.0,0.0,3.0,0.0,,,,,,,,,,,,,,,,,,,,,,,0.49,0.51,,,,,,,,,,,0.0,7.0,0.0,1.0,0.0,6.0,0.0,0.0,,,,,,,,,,,0.0,0.0,5.0,11.0,15.0,8.0,10.0,8.0,2.0,1.0,,,0.0,0.0,0.0,0.0,,,,,,,,,,,,
CtFO2XSl,ROMANIA,2023/2024,ROMANIA 1,Superliga,GILi6JC9,ROMANIA 1,12/05/2024,18:30,Round 9,FC Voluntari,WIoSeFi4,U. Cluj,Us6gkXaT,False,0,1,,,,,,[],[18],bet365,3.5,2.0,3.4,bet365,3.1,2.3,2.88,bet365,2.6,3.4,2.4,bet365,1.5,2.5,bet365,3.4,1.3,bet365,10.0,1.06,bet365,1.3,3.4,bet365,2.5,1.5,bet365,6.0,1.13,bet365,1.07,9.0,bet365,1.4,2.75,bet365,2.2,1.65,bet365,4.0,1.22,bet365,9.0,1.07,bet365,2.0,1.73,bet365,5.5,1.14,bet365,3.75,1.25,bet365,1.5,1.29,1.44,bet365,1.3,1.73,1.29,Novibet,1.3,1.62,1.33,bet365,1.91,1.8,Novibet,1.83,1.9,Betano.br,1.93,1.82,bet365,4.5,15.0,29.0,6.0,4.5,6.0,29.0,15.0,4.33,bet365,1.9,1.95,bet365,2.2,1.67,bet365,2.0,1.73,bet365,8.5,bet365,7.5,bet365,7.0,bet365,6.5,bet365,12.0,bet365,11.0,bet365,11.0,bet365,10.0,bet365,19.0,bet365,29.0,bet365,23.0,bet365,23.0,bet365,23.0,bet365,34.0,bet365,34.0,,0.0,0.0,,0.0,0.0,bet365,5.9,1.13,bet365,4.65,1.18,bet365,2.6,1.48,bet365,1.53,2.43,bet365,1.22,4.15,bet365,1.1,7.0,,0.0,0.0,,0.0,0.0,Betano.br,30.0,13.0,30.0,Betano.br,15.5,7.7,14.5,bet365,5.5,4.0,5.5,bet365,1.5,4.0,1.5,Novibet,1.08,7.5,1.09,Betano.br,1.03,12.5,1.03,0.75,1.36,,,,,,,,,0.44,0.56,,,,,,,,,,,7.0,10.0,1.0,2.0,4.0,6.0,2.0,2.0,,,,,,,,,,,5.0,0.0,11.0,4.0,32.0,20.0,5.0,13.0,3.0,3.0,,,1.0,2.0,1.0,1.0,,,,,,,,,,,,,0.17,0.97,,,,,,,,,0.36,0.64,,,,,,,,,,,2.0,4.0,0.0,1.0,1.0,2.0,1.0,1.0,,,,,,,,,,,1.0,0.0,6.0,0.0,16.0,13.0,1.0,6.0,,,,,1.0,0.0,0.0,0.0,,,,,,,,,,,,,0.58,0.39,,,,,,,,,0.52,0.48,,,,,,,,,,,5.0,6.0,1.0,1.0,3.0,4.0,1.0,1.0,,,,,,,,,,,4.0,0.0,5.0,4.0,16.0,7.0,4.0,7.0,3.0,3.0,,,0.0,2.0,1.0,1.0,,,,,,,,,,,,
QstyAAo0,ROMANIA,2023/2024,ROMANIA 1,Superliga,GILi6JC9,ROMANIA 1,20/04/2024,17:30,Round 5,FCSB,Gv2kjDpN,FC Rapid Bucuresti,YFCpigVG,False,2,2,,,,,,[],[],,0.0,0.0,0.0,,0.0,0.0,0.0,,0.0,0.0,0.0,,0.0,0.0,,0.0,0.0,,0.0,0.0,,0.0,0.0,,0.0,0.0,,0.0,0.0,,0.0,0.0,,0.0,0.0,,0.0,0.0,,0.0,0.0,,0.0,0.0,,0.0,0.0,,0.0,0.0,,0.0,0.0,,0.0,0.0,0.0,,0.0,0.0,0.0,,0.0,0.0,0.0,,0.0,0.0,,0.0,0.0,,0.0,0.0,,0.0,0.0,0.0,0.0,0.0,0.0,0.0,0.0,0.0,,0.0,0.0,,0.0,0.0,,0.0,0.0,,0.0,,0.0,,0.0,,0.0,,0.0,,0.0,,0.0,,0.0,,0.0,,0.0,,0.0,,0.0,,0.0,,0.0,,0.0,,0.0,0.0,,0.0,0.0,,0.0,0.0,,0.0,0.0,,0.0,0.0,,0.0,0.0,,0.0,0.0,,0.0,0.0,,0.0,0.0,,0.0,0.0,,0.0,0.0,0.0,,0.0,0.0,0.0,,0.0,0.0,0.0,,0.0,0.0,0.0,,0.0,0.0,0.0,,0.0,0.0,0.0,,,,,,,,,,,,,,,,,,,,,,,,,,,,,,,,,,,,,,,,,,,,,,,,,,,,,,,,,,,,,,,,,,,,,,,,,,,,,,,,,,,,,,,,,,,,,,,,,,,,,,,,,,,,,,,,,,,,,,,,,,,,,,,,,,,,,,,,,,,,,,,,,,,,,,,,,,,,,,,,,,,,,,,,,,,,,,,,,,,,,,,,,,,,,,,,,,,,,,,,,,,,
tfhiLuqG,ROMANIA,2023/2024,ROMANIA 1,Superliga,GILi6JC9,ROMANIA 1,12/05/2024,18:30,Round 9,U Craiova 1948,nNhLpi8p,FC Hermannstadt,pUUuFXvI,False,1,3,,,,,,[47],"[55, 59, 82]",bet365,2.88,2.1,4.0,bet365,2.4,2.4,3.5,bet365,2.05,3.5,3.0,bet365,1.44,2.63,bet365,3.25,1.33,bet365,9.0,1.07,bet365,1.25,3.75,bet365,2.2,1.62,bet365,5.0,1.17,bet365,1.06,10.0,bet365,1.33,3.25,bet365,2.05,1.75,bet365,3.75,1.25,bet365,8.0,1.08,bet365,1.83,1.83,bet365,5.0,1.17,bet365,3.75,1.25,bet365,1.33,1.25,1.67,bet365,1.22,1.67,1.4,Betano.br,1.27,1.5,1.53,bet365,1.57,2.25,Betano.br,1.55,2.3,Betano.br,1.55,2.35,bet365,3.5,15.0,34.0,5.0,5.0,7.5,26.0,15.0,5.5,bet365,1.9,1.95,bet365,2.1,1.73,bet365,1.91,1.8,bet365,10.0,bet365,7.0,bet365,9.0,bet365,7.0,bet365,9.5,bet365,15.0,bet365,9.0,bet365,11.0,bet365,17.0,bet365,19.0,bet365,34.0,bet365,19.0,bet365,29.0,bet365,29.0,bet365,34.0,,0.0,0.0,,0.0,0.0,bet365,4.0,1.23,bet365,3.1,1.35,bet365,2.08,1.73,bet365,1.35,3.1,bet365,1.13,6.0,bet365,1.1,7.0,,0.0,0.0,,0.0,0.0,Betano.br,18.5,10.0,32.0,Betano.br,8.5,5.7,19.0,bet365,4.0,3.75,0.0,bet365,0.0,0.0,1.67,Betano.br,1.09,9.0,1.27,Betano.br,1.02,14.5,1.08,1.05,1.08,,,,,,,,,0.53,0.47,,,,,,,,,,,15.0,10.0,7.0,3.0,5.0,3.0,3.0,4.0,,,,,,,,,,,6.0,6.0,8.0,9.0,25.0,13.0,10.0,11.0,0.0,2.0,,,1.0,2.0,0.0,6.0,,,,,,,,,,,,,0.54,0.09,,,,,,,,,0.56,0.44,,,,,,,,,,,8.0,3.0,4.0,0.0,3.0,0.0,1.0,3.0,,,,,,,,,,,3.0,3.0,3.0,3.0,15.0,6.0,4.0,5.0,0.0,2.0,,,0.0,1.0,0.0,4.0,,,,,,,,,,,,,0.51,0.99,,,,,,,,,0.49,0.51,,,,,,,,,,,7.0,7.0,3.0,3.0,2.0,3.0,2.0,1.0,,,,,,,,,,,3.0,3.0,5.0,6.0,10.0,7.0,6.0,6.0,,,,,1.0,1.0,0.0,2.0,,,,,,,,,,,,
tKyrf3pH,ROMANIA,2023/2024,ROMANIA 1,Superliga,GILi6JC9,ROMANIA 1,20/04/2024,14:30,Round 5,U Craiova 1948,nNhLpi8p,Dinamo Bucuresti,rBgMi3MH,False,1,1,,,,,,[],[],,0.0,0.0,0.0,,0.0,0.0,0.0,,0.0,0.0,0.0,,0.0,0.0,,0.0,0.0,,0.0,0.0,,0.0,0.0,,0.0,0.0,,0.0,0.0,,0.0,0.0,,0.0,0.0,,0.0,0.0,,0.0,0.0,,0.0,0.0,,0.0,0.0,,0.0,0.0,,0.0,0.0,,0.0,0.0,0.0,,0.0,0.0,0.0,,0.0,0.0,0.0,,0.0,0.0,,0.0,0.0,,0.0,0.0,,0.0,0.0,0.0,0.0,0.0,0.0,0.0,0.0,0.0,,0.0,0.0,,0.0,0.0,,0.0,0.0,,0.0,,0.0,,0.0,,0.0,,0.0,,0.0,,0.0,,0.0,,0.0,,0.0,,0.0,,0.0,,0.0,,0.0,,0.0,,0.0,0.0,,0.0,0.0,,0.0,0.0,,0.0,0.0,,0.0,0.0,,0.0,0.0,,0.0,0.0,,0.0,0.0,,0.0,0.0,,0.0,0.0,,0.0,0.0,0.0,,0.0,0.0,0.0,,0.0,0.0,0.0,,0.0,0.0,0.0,,0.0,0.0,0.0,,0.0,0.0,0.0,,,,,,,,,,,,,,,,,,,,,,,,,,,,,,,,,,,,,,,,,,,,,,,,,,,,,,,,,,,,,,,,,,,,,,,,,,,,,,,,,,,,,,,,,,,,,,,,,,,,,,,,,,,,,,,,,,,,,,,,,,,,,,,,,,,,,,,,,,,,,,,,,,,,,,,,,,,,,,,,,,,,,,,,,,,,,,,,,,,,,,,,,,,,,,,,,,,,,,,,,,,,
CpXweqVA,ROMANIA,2023/2024,ROMANIA 1,Superliga,GILi6JC9,ROMANIA 1,20/04/2024,12:00,Round 5,Poli Iasi,t84qisiU,FC Voluntari,WIoSeFi4,False,3,1,,,,,,[],[],,0.0,0.0,0.0,,0.0,0.0,0.0,,0.0,0.0,0.0,,0.0,0.0,,0.0,0.0,,0.0,0.0,,0.0,0.0,,0.0,0.0,,0.0,0.0,,0.0,0.0,,0.0,0.0,,0.0,0.0,,0.0,0.0,,0.0,0.0,,0.0,0.0,,0.0,0.0,,0.0,0.0,,0.0,0.0,0.0,,0.0,0.0,0.0,,0.0,0.0,0.0,,0.0,0.0,,0.0,0.0,,0.0,0.0,,0.0,0.0,0.0,0.0,0.0,0.0,0.0,0.0,0.0,,0.0,0.0,,0.0,0.0,,0.0,0.0,,0.0,,0.0,,0.0,,0.0,,0.0,,0.0,,0.0,,0.0,,0.0,,0.0,,0.0,,0.0,,0.0,,0.0,,0.0,,0.0,0.0,,0.0,0.0,,0.0,0.0,,0.0,0.0,,0.0,0.0,,0.0,0.0,,0.0,0.0,,0.0,0.0,,0.0,0.0,,0.0,0.0,,0.0,0.0,0.0,,0.0,0.0,0.0,,0.0,0.0,0.0,,0.0,0.0,0.0,,0.0,0.0,0.0,,0.0,0.0,0.0,,,,,,,,,,,,,,,,,,,,,,,,,,,,,,,,,,,,,,,,,,,,,,,,,,,,,,,,,,,,,,,,,,,,,,,,,,,,,,,,,,,,,,,,,,,,,,,,,,,,,,,,,,,,,,,,,,,,,,,,,,,,,,,,,,,,,,,,,,,,,,,,,,,,,,,,,,,,,,,,,,,,,,,,,,,,,,,,,,,,,,,,,,,,,,,,,,,,,,,,,,,,
4nKDNTFa,ROMANIA,2023/2024,ROMANIA 1,Superliga,GILi6JC9,ROMANIA 1,06/05/2024,18:00,Round 8,Univ. Craiova,bsd9fGaK,FCSB,Gv2kjDpN,False,2,0,,,,,,"[3, 71]",[77],bet365,2.75,2.3,3.6,bet365,2.5,2.6,3.1,bet365,2.15,3.4,3.25,bet365,1.33,3.25,bet365,2.63,1.44,bet365,6.5,1.11,bet365,1.18,4.5,bet365,1.83,1.83,bet365,3.75,1.25,bet365,1.04,13.0,bet365,1.2,4.33,bet365,1.7,2.1,bet365,2.63,1.44,bet365,5.0,1.17,bet365,1.57,2.25,bet365,4.0,1.22,bet365,2.75,1.4,bet365,1.33,1.3,1.67,bet365,1.29,1.57,1.4,Betano.br,1.3,1.45,1.53,bet365,1.57,2.25,Betano.br,1.62,2.15,Betano.br,1.6,2.25,bet365,3.5,13.0,26.0,5.5,6.0,7.0,23.0,13.0,5.0,bet365,2.03,1.83,bet365,2.1,1.73,bet365,1.91,1.8,bet365,13.0,bet365,9.5,bet365,13.0,bet365,6.5,bet365,12.0,bet365,19.0,bet365,9.0,bet365,12.0,bet365,12.0,bet365,21.0,bet365,34.0,bet365,17.0,bet365,23.0,bet365,23.0,bet365,29.0,bet365,7.0,1.1,bet365,7.0,1.1,bet365,3.9,1.24,bet365,3.1,1.35,bet365,2.1,1.7,bet365,1.35,3.1,bet365,1.14,5.75,bet365,1.11,6.6,,0.0,0.0,,0.0,0.0,Betano.br,19.0,10.25,29.0,Novibet,0.0,0.0,16.75,bet365,4.0,4.33,0.0,bet365,0.0,0.0,1.67,Betano.br,1.11,8.75,1.24,Betano.br,1.03,14.0,1.07,1.62,1.36,,,,,,,,,0.42,0.58,,,,,,,,,,,13.0,11.0,5.0,2.0,7.0,7.0,1.0,2.0,,,,,,,,,,,4.0,6.0,5.0,18.0,16.0,20.0,19.0,6.0,3.0,2.0,,,2.0,1.0,2.0,3.0,,,,,,,,,,,,,0.3,0.21,,,,,,,,,0.39,0.61,,,,,,,,,,,4.0,4.0,1.0,0.0,3.0,3.0,0.0,1.0,,,,,,,,,,,3.0,1.0,1.0,7.0,9.0,15.0,6.0,1.0,1.0,0.0,,,1.0,1.0,0.0,0.0,,,,,,,,,,,,,1.32,1.15,,,,,,,,,0.46,0.54,,,,,,,,,,,9.0,7.0,4.0,2.0,4.0,4.0,1.0,1.0,,,,,,,,,,,1.0,5.0,4.0,11.0,7.0,5.0,13.0,5.0,2.0,2.0,,,1.0,0.0,2.0,3.0,,,,,,,,,,,,
YLOHMmV5,ROMANIA,2023/2024,ROMANIA 1,Superliga,GILi6JC9,ROMANIA 1,05/05/2024,18:30,Round 8,CFR Cluj,4KfIhq7B,FC Rapid Bucuresti,YFCpigVG,False,3,2,,,,,,"[20, 30, 56]","[16, 60, 72]",bet365,1.91,2.75,5.5,bet365,1.67,3.1,5.0,bet365,1.44,4.75,6.0,bet365,1.22,4.0,bet365,2.05,1.75,bet365,4.33,1.2,bet365,1.11,6.5,bet365,1.57,2.25,bet365,2.75,1.4,bet365,1.02,21.0,bet365,1.11,6.5,bet365,1.4,2.88,bet365,1.91,1.8,bet365,3.25,1.33,bet365,1.53,2.38,bet365,3.5,1.29,bet365,2.63,1.44,bet365,1.13,1.18,2.63,bet365,1.14,1.4,1.8,Sportingbet.br,1.15,1.31,2.05,bet365,1.17,5.0,Betano.br,1.25,3.55,Betano.br,1.24,3.75,bet365,2.1,15.0,34.0,4.5,8.5,13.0,15.0,17.0,10.0,bet365,1.98,1.88,bet365,2.0,1.8,bet365,1.83,1.83,bet365,21.0,bet365,12.0,bet365,23.0,bet365,10.0,bet365,9.5,bet365,41.0,bet365,9.0,bet365,19.0,bet365,15.0,bet365,11.0,bet365,67.0,bet365,11.0,bet365,41.0,bet365,19.0,bet365,34.0,bet365,3.55,1.28,bet365,2.85,1.4,bet365,2.1,1.7,bet365,1.68,2.15,bet365,1.45,2.68,bet365,1.14,5.75,,0.0,0.0,,0.0,0.0,,0.0,0.0,,0.0,0.0,Betano.br,6.7,6.1,35.0,Betano.br,3.55,4.45,27.0,bet365,2.05,4.33,0.0,bet365,0.0,0.0,2.63,Betano.br,1.04,13.0,1.75,Betano.br,1.02,15.0,1.3,2.0,1.93,,,,,,,,,0.45,0.55,,,,,,,,,,,10.0,18.0,6.0,7.0,4.0,5.0,0.0,6.0,,,,,,,,,,,3.0,5.0,7.0,13.0,15.0,20.0,14.0,6.0,3.0,2.0,,,2.0,3.0,5.0,3.0,,,,,,,,,,,,,0.82,0.44,,,,,,,,,0.49,0.51,,,,,,,,,,,7.0,7.0,4.0,2.0,3.0,3.0,0.0,2.0,,,,,,,,,,,1.0,2.0,2.0,6.0,2.0,14.0,6.0,2.0,1.0,0.0,,,1.0,1.0,1.0,2.0,,,,,,,,,,,,,1.18,1.49,,,,,,,,,0.41,0.59,,,,,,,,,,,3.0,11.0,2.0,5.0,1.0,2.0,0.0,4.0,,,,,,,,,,,2.0,3.0,5.0,7.0,13.0,6.0,8.0,4.0,2.0,2.0,,,1.0,2.0,4.0,1.0,,,,,,,,,,,,
rg7uxTUh,ROMANIA,2023/2024,ROMANIA 1,Superliga,GILi6JC9,ROMANIA 1,18/05/2024,18:00,Round 10,Univ. Craiova,bsd9fGaK,Sepsi Sf. Gheorghe,IDsPIcMA,False,3,2,,,,,,"[46, 52, 79]","[21, 66]",bet365,2.0,2.63,5.0,bet365,1.73,3.0,4.5,bet365,1.5,4.75,5.0,bet365,1.22,4.0,bet365,2.1,1.67,bet365,4.5,1.18,bet365,1.13,6.0,bet365,1.62,2.2,bet365,3.0,1.36,bet365,1.02,21.0,bet365,1.11,6.5,bet365,1.4,2.88,bet365,2.0,1.73,bet365,3.4,1.3,bet365,1.53,2.38,bet365,3.5,1.29,bet365,2.63,1.44,bet365,1.17,1.18,2.5,bet365,1.14,1.44,1.73,Sportingbet.br,1.17,1.33,1.98,bet365,1.22,4.0,Betano.br,1.32,3.1,Betano.br,1.3,3.35,bet365,2.25,15.0,34.0,4.5,8.0,12.0,17.0,17.0,9.0,bet365,1.93,1.93,bet365,2.0,1.8,bet365,1.83,1.83,bet365,21.0,bet365,11.0,bet365,21.0,bet365,10.0,bet365,9.5,bet365,34.0,bet365,8.5,bet365,17.0,bet365,15.0,bet365,12.0,bet365,51.0,bet365,11.0,bet365,34.0,bet365,19.0,bet365,34.0,bet365,3.9,1.24,bet365,3.3,1.33,bet365,2.25,1.63,bet365,1.8,2.05,bet365,1.5,2.5,bet365,1.18,4.8,,0.0,0.0,,0.0,0.0,,0.0,0.0,,0.0,0.0,Betano.br,7.7,6.6,35.0,Betano.br,4.0,4.65,23.0,bet365,2.25,4.0,0.0,bet365,0.0,0.0,2.5,Betano.br,1.05,11.5,1.62,Betano.br,1.01,16.0,1.25,1.64,1.41,,,,,,,,,0.48,0.52,,,,,,,,,,,19.0,13.0,8.0,4.0,6.0,6.0,5.0,3.0,,,,,,,,,,,9.0,8.0,13.0,5.0,20.0,20.0,6.0,10.0,2.0,3.0,,,1.0,1.0,2.0,5.0,,,,,,,,,,,,,0.19,1.0,,,,,,,,,0.46,0.54,,,,,,,,,,,5.0,9.0,1.0,3.0,2.0,3.0,2.0,3.0,,,,,,,,,,,3.0,6.0,7.0,3.0,10.0,7.0,3.0,6.0,,,,,1.0,0.0,2.0,1.0,,,,,,,,,,,,,1.45,0.41,,,,,,,,,0.5,0.5,,,,,,,,,,,14.0,4.0,7.0,1.0,4.0,3.0,3.0,0.0,,,,,,,,,,,6.0,2.0,6.0,2.0,10.0,13.0,3.0,4.0,2.0,3.0,,,0.0,1.0,0.0,4.0,,,,,,,,,,,,
IJFK3DDr,ROMANIA,2023/2024,ROMANIA 1,Superliga,GILi6JC9,ROMANIA 1,12/05/2024,18:30,Round 9,Dinamo Bucuresti,rBgMi3MH,UTA Arad,QDiPqBNj,False,2,0,,,,,,"[15, 21]",[],bet365,2.05,2.5,5.5,bet365,1.8,2.88,4.75,bet365,1.5,4.33,5.0,bet365,1.29,3.5,bet365,2.38,1.53,bet365,5.5,1.14,bet365,1.17,5.0,bet365,1.8,1.91,bet365,3.5,1.29,bet365,1.03,17.0,bet365,1.18,4.5,bet365,1.6,2.3,bet365,2.5,1.5,bet365,4.33,1.2,bet365,1.73,2.0,bet365,4.33,1.2,bet365,3.25,1.33,bet365,1.14,1.18,2.38,bet365,1.14,1.5,1.73,Betano.br,1.16,1.38,1.91,bet365,1.22,4.0,Betano.br,1.28,3.4,Betano.br,1.26,3.65,bet365,2.3,15.0,41.0,4.5,7.0,12.0,19.0,17.0,9.0,bet365,1.93,1.93,bet365,2.0,1.8,bet365,1.91,1.8,bet365,15.0,bet365,8.5,bet365,17.0,bet365,8.5,bet365,8.0,bet365,29.0,bet365,8.5,bet365,17.0,bet365,17.0,bet365,11.0,bet365,51.0,bet365,12.0,bet365,41.0,bet365,21.0,bet365,41.0,bet365,4.25,1.21,bet365,3.55,1.28,bet365,2.35,1.58,bet365,1.85,2.0,bet365,1.5,2.5,bet365,1.16,5.25,,0.0,0.0,,0.0,0.0,,0.0,0.0,,0.0,0.0,Betano.br,8.5,6.6,37.0,Betano.br,4.2,4.45,29.0,bet365,2.38,3.75,0.0,bet365,0.0,0.0,2.38,Betano.br,1.04,12.5,1.62,Betano.br,1.01,15.5,1.23,0.59,0.34,,,,,,,,,0.52,0.48,,,,,,,,,,,6.0,8.0,3.0,1.0,1.0,6.0,2.0,1.0,,,,,,,,,,,3.0,4.0,14.0,10.0,8.0,14.0,15.0,22.0,7.0,5.0,1.0,1.0,0.0,1.0,1.0,1.0,,,,,,,,,,,,,0.51,0.11,,,,,,,,,0.55,0.45,,,,,,,,,,,4.0,4.0,3.0,0.0,0.0,3.0,1.0,1.0,,,,,,,,,,,2.0,0.0,5.0,4.0,5.0,11.0,7.0,9.0,2.0,2.0,,,0.0,0.0,0.0,1.0,,,,,,,,,,,,,0.08,0.23,,,,,,,,,0.49,0.51,,,,,,,,,,,2.0,4.0,0.0,1.0,1.0,3.0,1.0,0.0,,,,,,,,,,,1.0,4.0,9.0,6.0,3.0,3.0,8.0,13.0,5.0,3.0,1.0,1.0,0.0,1.0,1.0,0.0,,,,,,,,,,,,
KWBM50qT,ROMANIA,2023/2024,ROMANIA 1,Superliga,GILi6JC9,ROMANIA 1,04/05/2024,11:30,Round 8,FC Botosani,GjY1JjUS,FC Voluntari,WIoSeFi4,False,0,0,,,,,,[],[],bet365,3.2,2.05,3.6,bet365,2.75,2.38,3.0,bet365,2.45,3.2,2.88,bet365,1.44,2.63,bet365,3.25,1.33,bet365,9.0,1.07,bet365,1.25,3.75,bet365,2.2,1.62,bet365,5.0,1.17,bet365,1.07,8.5,bet365,1.33,3.25,bet365,2.1,1.7,bet365,3.75,1.25,bet365,8.0,1.08,bet365,1.83,1.83,bet365,5.0,1.17,bet365,3.5,1.29,bet365,1.4,1.36,1.53,bet365,1.29,1.73,1.36,Betano.br,1.33,1.52,1.42,bet365,1.73,2.0,Novibet,1.64,2.15,Novibet,1.65,2.15,bet365,4.0,15.0,29.0,6.0,4.75,6.5,29.0,15.0,4.75,bet365,2.0,1.85,bet365,2.1,1.73,bet365,2.0,1.73,bet365,8.5,bet365,7.5,bet365,8.5,bet365,6.0,bet365,12.0,bet365,13.0,bet365,10.0,bet365,11.0,bet365,15.0,bet365,23.0,bet365,29.0,bet365,21.0,bet365,23.0,bet365,34.0,bet365,34.0,,0.0,0.0,,0.0,0.0,bet365,5.0,1.17,bet365,4.0,1.23,bet365,2.38,1.55,bet365,1.43,2.75,bet365,1.16,5.25,bet365,1.13,6.0,,0.0,0.0,,0.0,0.0,Betano.br,23.0,11.5,32.0,Betano.br,11.25,6.7,17.0,bet365,5.0,4.33,0.0,bet365,0.0,0.0,1.53,Betano.br,1.11,8.25,1.19,Betano.br,1.03,13.5,1.05,1.46,0.56,,,,,,,,,0.48,0.52,,,,,,,,,,,16.0,6.0,6.0,1.0,6.0,4.0,4.0,1.0,,,,,,,,,,,7.0,4.0,10.0,7.0,28.0,20.0,7.0,12.0,2.0,2.0,,,3.0,5.0,1.0,6.0,,,,,,,,,,,,,0.75,0.42,,,,,,,,,0.45,0.55,,,,,,,,,,,9.0,4.0,1.0,1.0,4.0,2.0,4.0,1.0,,,,,,,,,,,3.0,3.0,6.0,5.0,13.0,10.0,4.0,5.0,1.0,0.0,,,1.0,2.0,1.0,1.0,,,,,,,,,,,,,0.71,0.14,,,,,,,,,0.51,0.49,,,,,,,,,,,7.0,2.0,5.0,0.0,2.0,2.0,0.0,0.0,,,,,,,,,,,4.0,1.0,4.0,2.0,15.0,10.0,3.0,7.0,1.0,2.0,,,2.0,3.0,0.0,5.0,,,,,,,,,,,,
xGj9vXNE,ROMANIA,2023/2024,ROMANIA 1,Superliga,GILi6JC9,ROMANIA 1,27/05/2024,17:00,Final,Csikszereda M. Ciuc,A5gTQ7pG,Dinamo Bucuresti,rBgMi3MH,False,0,0,2.0,0.0,2.0,0.0,2.0,[],[],bet365,2.4,2.2,4.75,bet365,2.1,2.5,4.33,bet365,1.75,3.6,4.1,bet365,1.4,2.75,bet365,2.75,1.4,bet365,8.0,1.08,bet365,1.22,4.0,bet365,2.1,1.67,bet365,4.5,1.18,bet365,1.05,11.0,bet365,1.29,3.5,bet365,1.9,1.9,bet365,3.25,1.33,bet365,6.5,1.11,bet365,1.83,1.83,bet365,5.0,1.17,bet365,3.5,1.29,bet365,1.22,1.29,2.0,bet365,1.17,1.62,1.53,Sportingbet.br,1.19,1.47,1.66,bet365,1.33,3.25,Novibet,1.42,2.7,Betano.br,1.4,2.8,bet365,7.0,15.0,23.0,9.0,5.5,4.75,34.0,15.0,2.88,bet365,1.98,1.88,bet365,2.1,1.73,bet365,1.91,1.8,bet365,11.0,bet365,12.0,bet365,7.0,bet365,7.0,bet365,21.0,bet365,8.5,bet365,15.0,bet365,8.5,bet365,17.0,bet365,41.0,bet365,15.0,bet365,34.0,bet365,15.0,bet365,41.0,bet365,26.0,bet365,6.4,1.12,bet365,5.5,1.15,bet365,3.1,1.35,bet365,2.38,1.55,bet365,1.75,2.05,bet365,1.23,4.1,,0.0,0.0,,0.0,0.0,,0.0,0.0,,0.0,0.0,Novibet,0.0,12.5,45.0,Novibet,6.4,9.2,24.0,bet365,3.1,0.0,0.0,bet365,0.0,3.75,2.0,Betano.br,1.06,5.1,1.36,Betano.br,1.02,8.5,1.12,,,,,,,,,,,0.63,0.37,,,,,,,,,,,14.0,5.0,6.0,2.0,6.0,2.0,2.0,1.0,,,,,,,,,,,6.0,4.0,14.0,14.0,36.0,28.0,14.0,14.0,2.0,2.0,,,3.0,3.0,2.0,6.0,,,,,,,,,,,,,,,,,,,,,,,0.6,0.4,,,,,,,,,,,4.0,3.0,1.0,1.0,2.0,1.0,1.0,1.0,,,,,,,,,,,1.0,2.0,7.0,6.0,17.0,13.0,6.0,7.0,1.0,1.0,,,3.0,2.0,1.0,1.0,,,,,,,,,,,,,,,,,,,,,,,0.7,0.3,,,,,,,,,,,10.0,2.0,5.0,1.0,4.0,1.0,1.0,0.0,,,,,,,,,,,5.0,2.0,7.0,8.0,19.0,15.0,8.0,7.0,1.0,1.0,,,0.0,1.0,1.0,5.0,,,,,,,,,,,,
QeL9O90g,ROMANIA,2023/2024,ROMANIA 1,Superliga,GILi6JC9,ROMANIA 1,28/04/2024,18:00,Round 7,CFR Cluj,4KfIhq7B,Sepsi Sf. Gheorghe,IDsPIcMA,False,2,1,,,,,,"[6, 90]",[20],bet365,2.2,2.4,4.75,bet365,1.95,2.75,4.33,bet365,1.62,3.75,4.33,bet365,1.3,3.4,bet365,2.38,1.53,bet365,5.5,1.14,bet365,1.17,5.0,bet365,1.8,1.91,bet365,3.5,1.29,bet365,1.03,15.0,bet365,1.18,4.5,bet365,1.62,2.25,bet365,2.5,1.5,bet365,4.5,1.18,bet365,1.62,2.2,bet365,4.0,1.22,bet365,3.0,1.36,bet365,1.18,1.22,2.1,bet365,1.17,1.53,1.62,Sportingbet.br,1.18,1.37,1.83,bet365,1.29,3.5,Betano.br,1.36,2.9,Betano.br,1.36,3.0,bet365,2.6,15.0,34.0,4.75,6.5,10.0,19.0,15.0,7.5,bet365,1.98,1.88,bet365,2.0,1.8,bet365,1.91,1.8,bet365,15.0,bet365,9.0,bet365,17.0,bet365,8.0,bet365,9.0,bet365,26.0,bet365,8.5,bet365,15.0,bet365,13.0,bet365,13.0,bet365,51.0,bet365,12.0,bet365,34.0,bet365,21.0,bet365,34.0,bet365,5.25,1.16,bet365,4.25,1.21,bet365,2.05,1.8,bet365,2.05,1.8,bet365,1.63,2.25,bet365,1.1,7.0,,0.0,0.0,,0.0,0.0,,0.0,0.0,,0.0,0.0,Betano.br,9.75,7.3,35.0,Betano.br,4.85,4.8,23.0,bet365,2.63,4.0,0.0,bet365,0.0,0.0,2.1,Betano.br,1.06,11.0,1.5,Betano.br,1.02,15.5,1.19,3.75,1.01,,,,,,,,,0.75,0.25,,,,,,,,,,,33.0,6.0,10.0,1.0,14.0,3.0,9.0,2.0,,,,,,,,,,,16.0,2.0,7.0,15.0,16.0,13.0,15.0,5.0,4.0,6.0,0.0,2.0,3.0,0.0,0.0,8.0,,,,,,,,,,,,,0.89,0.94,,,,,,,,,0.66,0.34,,,,,,,,,,,14.0,4.0,5.0,1.0,7.0,3.0,2.0,0.0,,,,,,,,,,,6.0,2.0,5.0,7.0,5.0,5.0,7.0,3.0,2.0,3.0,0.0,2.0,1.0,0.0,0.0,4.0,,,,,,,,,,,,,2.86,0.07,,,,,,,,,0.84,0.16,,,,,,,,,,,19.0,2.0,5.0,0.0,7.0,0.0,7.0,2.0,,,,,,,,,,,10.0,0.0,2.0,8.0,11.0,8.0,8.0,2.0,2.0,3.0,,,2.0,0.0,0.0,4.0,,,,,,,,,,,,
84lqpjvA,ROMANIA,2023/2024,ROMANIA 1,Superliga,GILi6JC9,ROMANIA 1,19/05/2024,11:30,Semi-finals,Otelul,2H5uhNyO,U. Cluj,Us6gkXaT,False,0,2,,,,,,[29],"[62, 73]",bet365,3.6,1.91,3.75,bet365,3.0,2.1,3.2,bet365,2.6,2.9,2.8,bet365,1.62,2.2,bet365,4.0,1.22,bet365,13.0,1.04,bet365,1.36,3.0,bet365,2.75,1.4,bet365,7.0,1.1,bet365,1.11,6.5,bet365,1.53,2.38,bet365,2.7,1.41,bet365,5.5,1.14,bet365,13.0,1.04,bet365,2.2,1.62,bet365,6.5,1.11,bet365,4.5,1.18,bet365,1.4,1.4,1.5,bet365,1.25,1.8,1.29,Sportingbet.br,1.3,1.66,1.34,bet365,1.8,1.91,Betano.br,1.78,1.93,Betano.br,1.82,1.93,bet365,4.5,15.0,34.0,5.5,4.0,6.0,34.0,15.0,4.75,bet365,2.0,1.85,bet365,2.3,1.62,bet365,2.0,1.73,bet365,6.0,bet365,6.5,bet365,6.5,bet365,6.0,bet365,11.0,bet365,12.0,bet365,11.0,bet365,12.0,bet365,21.0,bet365,26.0,bet365,29.0,bet365,29.0,bet365,29.0,bet365,41.0,bet365,41.0,,0.0,0.0,,0.0,0.0,bet365,6.0,1.13,bet365,4.8,1.18,bet365,2.6,1.48,bet365,1.43,2.75,bet365,1.15,5.5,bet365,1.11,6.6,,0.0,0.0,,0.0,0.0,Betano.br,30.0,13.0,32.0,Betano.br,15.0,7.3,18.0,bet365,6.0,4.0,6.5,bet365,1.4,4.0,1.5,Betano.br,1.11,7.9,1.14,Betano.br,1.03,13.5,1.03,1.78,1.01,,,,,,,,,0.5,0.5,,,,,,,,,,,16.0,6.0,5.0,3.0,10.0,2.0,1.0,1.0,,,,,,,,,,,3.0,2.0,12.0,7.0,23.0,23.0,9.0,17.0,2.0,3.0,,,1.0,1.0,1.0,5.0,,,,,,,,,,,,,1.55,0.0,,,,,,,,,0.5,0.5,,,,,,,,,,,11.0,0.0,3.0,0.0,7.0,0.0,1.0,0.0,,,,,,,,,,,2.0,1.0,5.0,2.0,8.0,13.0,4.0,9.0,1.0,2.0,,,0.0,1.0,0.0,3.0,,,,,,,,,,,,,0.23,1.01,,,,,,,,,0.5,0.5,,,,,,,,,,,5.0,6.0,2.0,3.0,3.0,2.0,0.0,1.0,,,,,,,,,,,1.0,1.0,7.0,5.0,15.0,10.0,5.0,8.0,1.0,1.0,,,1.0,0.0,1.0,2.0,,,,,,,,,,,,
bHND7MEG,ROMANIA,2023/2024,ROMANIA 1,Superliga,GILi6JC9,ROMANIA 1,27/04/2024,14:30,Round 7,U Craiova 1948,nNhLpi8p,U. Cluj,Us6gkXaT,False,3,2,,,,,,"[25, 55, 76]","[16, 74]",bet365,3.5,1.95,3.6,bet365,3.0,2.2,3.1,bet365,2.55,2.9,2.63,bet365,1.53,2.38,bet365,3.75,1.25,bet365,11.0,1.05,bet365,1.33,3.25,bet365,2.63,1.44,bet365,6.5,1.11,bet365,1.1,7.0,bet365,1.44,2.63,bet365,2.4,1.53,bet365,5.0,1.17,bet365,11.0,1.05,bet365,2.1,1.67,bet365,6.0,1.13,bet365,4.0,1.22,bet365,1.4,1.36,1.44,bet365,1.29,1.8,1.29,Sportingbet.br,1.33,1.6,1.34,bet365,1.83,1.83,Betano.br,1.87,1.83,Betano.br,1.87,1.88,bet365,4.5,15.0,34.0,6.0,4.33,6.0,34.0,15.0,4.75,bet365,2.0,1.85,bet365,2.2,1.67,bet365,2.0,1.73,bet365,7.0,bet365,7.0,bet365,7.0,bet365,6.0,bet365,12.0,bet365,12.0,bet365,11.0,bet365,11.0,bet365,19.0,bet365,26.0,bet365,29.0,bet365,26.0,bet365,26.0,bet365,41.0,bet365,41.0,,0.0,0.0,,0.0,0.0,bet365,5.9,1.13,bet365,4.65,1.18,bet365,2.6,1.48,bet365,1.45,2.68,bet365,1.17,5.0,bet365,1.12,6.25,,0.0,0.0,,0.0,0.0,Novibet,35.0,12.25,0.0,Betano.br,15.5,7.5,15.0,bet365,6.0,4.0,6.0,bet365,1.44,4.33,1.44,Betano.br,1.14,7.5,1.13,Betano.br,1.03,13.0,1.03,0.63,0.47,,,,,,,,,0.5,0.5,,,,,,,,,,,9.0,9.0,7.0,5.0,2.0,2.0,0.0,2.0,,,,,,,,,,,7.0,3.0,12.0,7.0,22.0,26.0,7.0,11.0,2.0,0.0,,,2.0,3.0,3.0,4.0,,,,,,,,,,,,,0.2,0.38,,,,,,,,,0.55,0.45,,,,,,,,,,,4.0,5.0,3.0,3.0,1.0,1.0,0.0,1.0,,,,,,,,,,,3.0,1.0,1.0,3.0,11.0,12.0,3.0,1.0,,,,,2.0,1.0,2.0,2.0,,,,,,,,,,,,,0.43,0.09,,,,,,,,,0.45,0.55,,,,,,,,,,,5.0,4.0,4.0,2.0,1.0,1.0,0.0,1.0,,,,,,,,,,,4.0,2.0,11.0,4.0,11.0,14.0,4.0,10.0,2.0,0.0,,,0.0,2.0,1.0,2.0,,,,,,,,,,,,
rJjWAjWg,ROMANIA,2023/2024,ROMANIA 1,Superliga,GILi6JC9,ROMANIA 1,15/04/2024,17:30,Round 4,FC Rapid Bucuresti,YFCpigVG,Sepsi Sf. Gheorghe,IDsPIcMA,False,0,1,,,,,,[],[],,0.0,0.0,0.0,,0.0,0.0,0.0,,0.0,0.0,0.0,,0.0,0.0,,0.0,0.0,,0.0,0.0,,0.0,0.0,,0.0,0.0,,0.0,0.0,,0.0,0.0,,0.0,0.0,,0.0,0.0,,0.0,0.0,,0.0,0.0,,0.0,0.0,,0.0,0.0,,0.0,0.0,,0.0,0.0,0.0,,0.0,0.0,0.0,,0.0,0.0,0.0,,0.0,0.0,,0.0,0.0,,0.0,0.0,,0.0,0.0,0.0,0.0,0.0,0.0,0.0,0.0,0.0,,0.0,0.0,,0.0,0.0,,0.0,0.0,,0.0,,0.0,,0.0,,0.0,,0.0,,0.0,,0.0,,0.0,,0.0,,0.0,,0.0,,0.0,,0.0,,0.0,,0.0,,0.0,0.0,,0.0,0.0,,0.0,0.0,,0.0,0.0,,0.0,0.0,,0.0,0.0,,0.0,0.0,,0.0,0.0,,0.0,0.0,,0.0,0.0,,0.0,0.0,0.0,,0.0,0.0,0.0,,0.0,0.0,0.0,,0.0,0.0,0.0,,0.0,0.0,0.0,,0.0,0.0,0.0,,,,,,,,,,,,,,,,,,,,,,,,,,,,,,,,,,,,,,,,,,,,,,,,,,,,,,,,,,,,,,,,,,,,,,,,,,,,,,,,,,,,,,,,,,,,,,,,,,,,,,,,,,,,,,,,,,,,,,,,,,,,,,,,,,,,,,,,,,,,,,,,,,,,,,,,,,,,,,,,,,,,,,,,,,,,,,,,,,,,,,,,,,,,,,,,,,,,,,,,,,,,
QmPAee4O,ROMANIA,2023/2024,ROMANIA 1,Superliga,GILi6JC9,ROMANIA 1,14/04/2024,15:15,Round 4,Dinamo Bucuresti,rBgMi3MH,Poli Iasi,t84qisiU,False,1,0,,,,,,[],[],,0.0,0.0,0.0,,0.0,0.0,0.0,,0.0,0.0,0.0,,0.0,0.0,,0.0,0.0,,0.0,0.0,,0.0,0.0,,0.0,0.0,,0.0,0.0,,0.0,0.0,,0.0,0.0,,0.0,0.0,,0.0,0.0,,0.0,0.0,,0.0,0.0,,0.0,0.0,,0.0,0.0,,0.0,0.0,0.0,,0.0,0.0,0.0,,0.0,0.0,0.0,,0.0,0.0,,0.0,0.0,,0.0,0.0,,0.0,0.0,0.0,0.0,0.0,0.0,0.0,0.0,0.0,,0.0,0.0,,0.0,0.0,,0.0,0.0,,0.0,,0.0,,0.0,,0.0,,0.0,,0.0,,0.0,,0.0,,0.0,,0.0,,0.0,,0.0,,0.0,,0.0,,0.0,,0.0,0.0,,0.0,0.0,,0.0,0.0,,0.0,0.0,,0.0,0.0,,0.0,0.0,,0.0,0.0,,0.0,0.0,,0.0,0.0,,0.0,0.0,,0.0,0.0,0.0,,0.0,0.0,0.0,,0.0,0.0,0.0,,0.0,0.0,0.0,,0.0,0.0,0.0,,0.0,0.0,0.0,,,,,,,,,,,,,,,,,,,,,,,,,,,,,,,,,,,,,,,,,,,,,,,,,,,,,,,,,,,,,,,,,,,,,,,,,,,,,,,,,,,,,,,,,,,,,,,,,,,,,,,,,,,,,,,,,,,,,,,,,,,,,,,,,,,,,,,,,,,,,,,,,,,,,,,,,,,,,,,,,,,,,,,,,,,,,,,,,,,,,,,,,,,,,,,,,,,,,,,,,,,,
WQP6dykI,ROMANIA,2023/2024,ROMANIA 1,Superliga,GILi6JC9,ROMANIA 1,14/04/2024,10:30,Round 4,FC Botosani,GjY1JjUS,U Craiova 1948,nNhLpi8p,False,4,1,,,,,,[],[],,0.0,0.0,0.0,,0.0,0.0,0.0,,0.0,0.0,0.0,,0.0,0.0,,0.0,0.0,,0.0,0.0,,0.0,0.0,,0.0,0.0,,0.0,0.0,,0.0,0.0,,0.0,0.0,,0.0,0.0,,0.0,0.0,,0.0,0.0,,0.0,0.0,,0.0,0.0,,0.0,0.0,,0.0,0.0,0.0,,0.0,0.0,0.0,,0.0,0.0,0.0,,0.0,0.0,,0.0,0.0,,0.0,0.0,,0.0,0.0,0.0,0.0,0.0,0.0,0.0,0.0,0.0,,0.0,0.0,,0.0,0.0,,0.0,0.0,,0.0,,0.0,,0.0,,0.0,,0.0,,0.0,,0.0,,0.0,,0.0,,0.0,,0.0,,0.0,,0.0,,0.0,,0.0,,0.0,0.0,,0.0,0.0,,0.0,0.0,,0.0,0.0,,0.0,0.0,,0.0,0.0,,0.0,0.0,,0.0,0.0,,0.0,0.0,,0.0,0.0,,0.0,0.0,0.0,,0.0,0.0,0.0,,0.0,0.0,0.0,,0.0,0.0,0.0,,0.0,0.0,0.0,,0.0,0.0,0.0,,,,,,,,,,,,,,,,,,,,,,,,,,,,,,,,,,,,,,,,,,,,,,,,,,,,,,,,,,,,,,,,,,,,,,,,,,,,,,,,,,,,,,,,,,,,,,,,,,,,,,,,,,,,,,,,,,,,,,,,,,,,,,,,,,,,,,,,,,,,,,,,,,,,,,,,,,,,,,,,,,,,,,,,,,,,,,,,,,,,,,,,,,,,,,,,,,,,,,,,,,,,
pnD1QVVt,ROMANIA,2023/2024,ROMANIA 1,Superliga,GILi6JC9,ROMANIA 1,27/04/2024,17:30,Round 7,FCSB,Gv2kjDpN,Farul Constanta,CrJbN1Pa,False,2,1,,,,,,"[26, 84]",[79],bet365,2.5,2.38,4.0,bet365,2.2,2.75,3.5,bet365,1.83,3.5,3.5,bet365,1.3,3.4,bet365,2.38,1.53,bet365,6.0,1.13,bet365,1.17,5.0,bet365,1.8,1.91,bet365,3.5,1.29,bet365,1.03,15.0,bet365,1.2,4.33,bet365,1.65,2.2,bet365,2.63,1.44,bet365,4.5,1.18,bet365,1.57,2.25,bet365,4.0,1.22,bet365,2.75,1.4,bet365,1.25,1.25,1.8,bet365,1.22,1.53,1.5,Betano.br,1.26,1.44,1.62,bet365,1.4,2.75,Betano.br,1.47,2.5,Betano.br,1.47,2.55,bet365,3.0,13.0,29.0,5.0,6.0,8.5,21.0,15.0,6.0,bet365,1.98,1.88,bet365,2.0,1.8,bet365,1.91,1.8,bet365,15.0,bet365,9.5,bet365,15.0,bet365,7.5,bet365,11.0,bet365,21.0,bet365,8.5,bet365,13.0,bet365,12.0,bet365,17.0,bet365,41.0,bet365,13.0,bet365,26.0,bet365,21.0,bet365,29.0,bet365,6.8,1.11,bet365,5.9,1.13,bet365,3.3,1.33,bet365,2.6,1.48,bet365,1.95,1.9,bet365,1.3,3.45,bet365,1.11,6.6,,0.0,0.0,,0.0,0.0,,0.0,0.0,Betano.br,14.0,8.75,32.0,Betano.br,6.6,5.4,19.5,bet365,3.25,4.0,0.0,bet365,0.0,0.0,1.8,Betano.br,1.08,9.75,1.35,Betano.br,1.02,15.0,1.12,3.11,0.28,,,,,,,,,0.44,0.56,,,,,,,,,,,19.0,8.0,6.0,2.0,6.0,4.0,7.0,2.0,,,,,,,,,,,7.0,7.0,14.0,12.0,29.0,20.0,13.0,15.0,5.0,2.0,,,0.0,0.0,1.0,4.0,,,,,,,,,,,,,0.56,0.09,,,,,,,,,0.46,0.54,,,,,,,,,,,8.0,3.0,2.0,1.0,2.0,2.0,4.0,0.0,,,,,,,,,,,3.0,1.0,8.0,4.0,15.0,11.0,5.0,9.0,1.0,0.0,,,0.0,0.0,1.0,1.0,,,,,,,,,,,,,2.55,0.19,,,,,,,,,0.42,0.58,,,,,,,,,,,11.0,5.0,4.0,1.0,4.0,2.0,3.0,2.0,,,,,,,,,,,4.0,6.0,6.0,8.0,14.0,9.0,8.0,6.0,4.0,2.0,,,0.0,0.0,0.0,3.0,,,,,,,,,,,,
hKtyPNqi,ROMANIA,2023/2024,ROMANIA 1,Superliga,GILi6JC9,ROMANIA 1,06/05/2024,12:00,Round 8,FC Hermannstadt,pUUuFXvI,Poli Iasi,t84qisiU,False,0,1,,,,,,[],[74],bet365,2.4,2.2,4.75,bet365,2.1,2.5,4.33,bet365,1.8,3.6,4.5,bet365,1.4,2.75,bet365,2.75,1.4,bet365,8.0,1.08,bet365,1.22,4.0,bet365,2.1,1.67,bet365,4.5,1.18,bet365,1.05,11.0,bet365,1.29,3.5,bet365,1.98,1.88,bet365,3.4,1.3,bet365,6.5,1.11,bet365,1.83,1.83,bet365,5.0,1.17,bet365,3.5,1.29,bet365,1.18,1.29,1.95,bet365,1.17,1.62,1.53,Sportingbet.br,1.2,1.47,1.65,bet365,1.33,3.25,Novibet,1.4,2.8,Novibet,1.41,2.75,bet365,2.88,15.0,34.0,4.75,5.5,9.0,23.0,15.0,7.0,bet365,1.98,1.88,bet365,2.1,1.73,bet365,1.91,1.8,bet365,10.0,bet365,7.0,bet365,12.0,bet365,7.0,bet365,8.5,bet365,23.0,bet365,8.5,bet365,15.0,bet365,15.0,bet365,15.0,bet365,51.0,bet365,15.0,bet365,34.0,bet365,26.0,bet365,41.0,bet365,6.4,1.12,bet365,5.5,1.15,bet365,3.1,1.35,bet365,2.38,1.55,bet365,1.75,2.05,bet365,1.21,4.25,,0.0,0.0,,0.0,0.0,,0.0,0.0,,0.0,0.0,Betano.br,15.5,9.0,40.0,Novibet,6.6,5.1,28.0,bet365,3.1,3.75,0.0,bet365,0.0,0.0,1.95,Betano.br,1.05,10.75,1.33,Betano.br,1.01,15.5,1.11,0.97,0.81,,,,,,,,,0.61,0.39,,,,,,,,,,,9.0,14.0,3.0,4.0,4.0,6.0,2.0,4.0,,,,,,,,,,,7.0,4.0,12.0,12.0,21.0,32.0,13.0,12.0,3.0,3.0,,,4.0,1.0,3.0,3.0,,,,,,,,,,,,,0.79,0.32,,,,,,,,,0.61,0.39,,,,,,,,,,,5.0,3.0,2.0,0.0,2.0,2.0,1.0,1.0,,,,,,,,,,,3.0,2.0,8.0,3.0,11.0,14.0,4.0,8.0,1.0,1.0,,,4.0,1.0,0.0,2.0,,,,,,,,,,,,,0.18,0.49,,,,,,,,,0.61,0.39,,,,,,,,,,,4.0,11.0,1.0,4.0,2.0,4.0,1.0,3.0,,,,,,,,,,,4.0,2.0,4.0,9.0,10.0,18.0,9.0,4.0,2.0,2.0,,,0.0,0.0,3.0,1.0,,,,,,,,,,,,
d8Xgaw5a,ROMANIA,2023/2024,ROMANIA 1,Superliga,GILi6JC9,ROMANIA 1,06/04/2024,14:30,Round 3,Petrolul,dhnNlCE9,FC Voluntari,WIoSeFi4,False,0,4,,,,,,[],[],,0.0,0.0,0.0,,0.0,0.0,0.0,,0.0,0.0,0.0,,0.0,0.0,,0.0,0.0,,0.0,0.0,,0.0,0.0,,0.0,0.0,,0.0,0.0,,0.0,0.0,,0.0,0.0,,0.0,0.0,,0.0,0.0,,0.0,0.0,,0.0,0.0,,0.0,0.0,,0.0,0.0,,0.0,0.0,0.0,,0.0,0.0,0.0,,0.0,0.0,0.0,,0.0,0.0,,0.0,0.0,,0.0,0.0,,0.0,0.0,0.0,0.0,0.0,0.0,0.0,0.0,0.0,,0.0,0.0,,0.0,0.0,,0.0,0.0,,0.0,,0.0,,0.0,,0.0,,0.0,,0.0,,0.0,,0.0,,0.0,,0.0,,0.0,,0.0,,0.0,,0.0,,0.0,,0.0,0.0,,0.0,0.0,,0.0,0.0,,0.0,0.0,,0.0,0.0,,0.0,0.0,,0.0,0.0,,0.0,0.0,,0.0,0.0,,0.0,0.0,,0.0,0.0,0.0,,0.0,0.0,0.0,,0.0,0.0,0.0,,0.0,0.0,0.0,,0.0,0.0,0.0,,0.0,0.0,0.0,,,,,,,,,,,,,,,,,,,,,,,,,,,,,,,,,,,,,,,,,,,,,,,,,,,,,,,,,,,,,,,,,,,,,,,,,,,,,,,,,,,,,,,,,,,,,,,,,,,,,,,,,,,,,,,,,,,,,,,,,,,,,,,,,,,,,,,,,,,,,,,,,,,,,,,,,,,,,,,,,,,,,,,,,,,,,,,,,,,,,,,,,,,,,,,,,,,,,,,,,,,,
428yw9Fn,ROMANIA,2023/2024,ROMANIA 1,Superliga,GILi6JC9,ROMANIA 1,18/05/2024,18:00,Round 10,CFR Cluj,4KfIhq7B,Farul Constanta,CrJbN1Pa,False,5,1,,,,,,"[9, 16, 22, 38, 89]",[65],bet365,1.83,2.63,6.0,bet365,1.67,3.0,5.5,bet365,1.4,4.75,6.5,bet365,1.25,3.75,bet365,2.1,1.67,bet365,5.0,1.17,bet365,1.14,5.5,bet365,1.67,2.1,bet365,3.25,1.33,bet365,1.02,19.0,bet365,1.14,5.5,bet365,1.5,2.5,bet365,2.2,1.62,bet365,3.75,1.25,bet365,1.73,2.0,bet365,4.0,1.22,bet365,3.0,1.36,bet365,1.1,1.18,3.0,bet365,1.11,1.44,1.83,Sportingbet.br,1.12,1.32,2.15,bet365,1.13,6.0,Betano.br,1.22,3.8,Betano.br,1.21,4.15,bet365,2.05,17.0,41.0,4.33,8.0,15.0,17.0,17.0,12.0,bet365,1.95,1.9,bet365,2.0,1.8,bet365,1.91,1.8,bet365,19.0,bet365,9.5,bet365,23.0,bet365,9.5,bet365,8.5,bet365,41.0,bet365,8.5,bet365,21.0,bet365,17.0,bet365,10.0,bet365,81.0,bet365,11.0,bet365,41.0,bet365,21.0,bet365,41.0,bet365,3.55,1.28,bet365,2.85,1.4,bet365,2.08,1.73,bet365,1.63,2.25,bet365,1.4,2.85,bet365,1.12,6.25,,0.0,0.0,,0.0,0.0,,0.0,0.0,,0.0,0.0,Betano.br,6.8,6.0,35.0,Betano.br,3.5,4.3,32.0,bet365,2.0,4.0,0.0,bet365,0.0,0.0,3.0,Betano.br,1.03,13.5,1.78,Betano.br,1.01,15.5,1.31,2.71,0.46,,,,,,,,,0.39,0.61,,,,,,,,,,,13.0,5.0,9.0,2.0,3.0,1.0,1.0,2.0,,,,,,,,,,,7.0,1.0,7.0,10.0,25.0,12.0,15.0,10.0,0.0,1.0,,,1.0,0.0,1.0,4.0,,,,,,,,,,,,,1.36,0.11,,,,,,,,,0.37,0.63,,,,,,,,,,,6.0,2.0,4.0,1.0,2.0,0.0,0.0,1.0,,,,,,,,,,,2.0,1.0,2.0,4.0,9.0,7.0,8.0,4.0,,,,,0.0,0.0,1.0,0.0,,,,,,,,,,,,,1.35,0.35,,,,,,,,,0.41,0.59,,,,,,,,,,,7.0,3.0,5.0,1.0,1.0,1.0,1.0,1.0,,,,,,,,,,,5.0,0.0,5.0,6.0,16.0,5.0,7.0,6.0,0.0,1.0,,,1.0,0.0,0.0,4.0,,,,,,,,,,,,
OtKn1azm,ROMANIA,2023/2024,ROMANIA 1,Superliga,GILi6JC9,ROMANIA 1,05/04/2024,14:30,Round 3,UTA Arad,QDiPqBNj,FC Botosani,GjY1JjUS,False,1,0,,,,,,[],[],,0.0,0.0,0.0,,0.0,0.0,0.0,,0.0,0.0,0.0,,0.0,0.0,,0.0,0.0,,0.0,0.0,,0.0,0.0,,0.0,0.0,,0.0,0.0,,0.0,0.0,,0.0,0.0,,0.0,0.0,,0.0,0.0,,0.0,0.0,,0.0,0.0,,0.0,0.0,,0.0,0.0,,0.0,0.0,0.0,,0.0,0.0,0.0,,0.0,0.0,0.0,,0.0,0.0,,0.0,0.0,,0.0,0.0,,0.0,0.0,0.0,0.0,0.0,0.0,0.0,0.0,0.0,,0.0,0.0,,0.0,0.0,,0.0,0.0,,0.0,,0.0,,0.0,,0.0,,0.0,,0.0,,0.0,,0.0,,0.0,,0.0,,0.0,,0.0,,0.0,,0.0,,0.0,,0.0,0.0,,0.0,0.0,,0.0,0.0,,0.0,0.0,,0.0,0.0,,0.0,0.0,,0.0,0.0,,0.0,0.0,,0.0,0.0,,0.0,0.0,,0.0,0.0,0.0,,0.0,0.0,0.0,,0.0,0.0,0.0,,0.0,0.0,0.0,,0.0,0.0,0.0,,0.0,0.0,0.0,,,,,,,,,,,,,,,,,,,,,,,,,,,,,,,,,,,,,,,,,,,,,,,,,,,,,,,,,,,,,,,,,,,,,,,,,,,,,,,,,,,,,,,,,,,,,,,,,,,,,,,,,,,,,,,,,,,,,,,,,,,,,,,,,,,,,,,,,,,,,,,,,,,,,,,,,,,,,,,,,,,,,,,,,,,,,,,,,,,,,,,,,,,,,,,,,,,,,,,,,,,,
fg6dHhgQ,ROMANIA,2023/2024,ROMANIA 1,Superliga,GILi6JC9,ROMANIA 1,05/04/2024,17:30,Round 3,Sepsi Sf. Gheorghe,IDsPIcMA,Farul Constanta,CrJbN1Pa,False,1,1,,,,,,[],[],,0.0,0.0,0.0,,0.0,0.0,0.0,,0.0,0.0,0.0,,0.0,0.0,,0.0,0.0,,0.0,0.0,,0.0,0.0,,0.0,0.0,,0.0,0.0,,0.0,0.0,,0.0,0.0,,0.0,0.0,,0.0,0.0,,0.0,0.0,,0.0,0.0,,0.0,0.0,,0.0,0.0,,0.0,0.0,0.0,,0.0,0.0,0.0,,0.0,0.0,0.0,,0.0,0.0,,0.0,0.0,,0.0,0.0,,0.0,0.0,0.0,0.0,0.0,0.0,0.0,0.0,0.0,,0.0,0.0,,0.0,0.0,,0.0,0.0,,0.0,,0.0,,0.0,,0.0,,0.0,,0.0,,0.0,,0.0,,0.0,,0.0,,0.0,,0.0,,0.0,,0.0,,0.0,,0.0,0.0,,0.0,0.0,,0.0,0.0,,0.0,0.0,,0.0,0.0,,0.0,0.0,,0.0,0.0,,0.0,0.0,,0.0,0.0,,0.0,0.0,,0.0,0.0,0.0,,0.0,0.0,0.0,,0.0,0.0,0.0,,0.0,0.0,0.0,,0.0,0.0,0.0,,0.0,0.0,0.0,,,,,,,,,,,,,,,,,,,,,,,,,,,,,,,,,,,,,,,,,,,,,,,,,,,,,,,,,,,,,,,,,,,,,,,,,,,,,,,,,,,,,,,,,,,,,,,,,,,,,,,,,,,,,,,,,,,,,,,,,,,,,,,,,,,,,,,,,,,,,,,,,,,,,,,,,,,,,,,,,,,,,,,,,,,,,,,,,,,,,,,,,,,,,,,,,,,,,,,,,,,,
vopu9U06,ROMANIA,2023/2024,ROMANIA 1,Superliga,GILi6JC9,ROMANIA 1,19/04/2024,17:30,Round 5,Farul Constanta,CrJbN1Pa,CFR Cluj,4KfIhq7B,False,5,1,,,,,,"[22, 41, 67, 77, 83]",[76],bet365,3.75,2.2,2.88,bet365,3.2,2.5,2.5,bet365,3.1,3.25,2.2,bet365,1.4,2.75,bet365,2.75,1.4,bet365,8.0,1.08,bet365,1.22,4.0,bet365,2.0,1.73,bet365,4.33,1.2,bet365,1.05,11.0,bet365,1.29,3.5,bet365,1.93,1.93,bet365,3.25,1.33,bet365,6.5,1.11,bet365,1.73,2.0,bet365,4.5,1.18,bet365,3.25,1.33,bet365,1.67,1.33,1.36,bet365,1.4,1.62,1.25,Betano.br,1.5,1.5,1.29,bet365,2.25,1.57,Betano.br,2.2,1.6,Betano.br,2.22,1.62,bet365,5.0,15.0,23.0,7.0,5.5,5.5,29.0,13.0,3.6,bet365,2.0,1.85,bet365,2.1,1.73,bet365,1.91,1.8,bet365,10.0,bet365,10.0,bet365,8.5,bet365,6.5,bet365,17.0,bet365,11.0,bet365,12.0,bet365,9.0,bet365,13.0,bet365,34.0,bet365,21.0,bet365,26.0,bet365,17.0,bet365,34.0,bet365,26.0,,0.0,0.0,,0.0,0.0,bet365,6.6,1.11,bet365,5.75,1.14,bet365,3.1,1.35,bet365,1.65,2.2,bet365,1.3,3.45,bet365,1.22,4.15,,0.0,0.0,,0.0,0.0,Novibet,48.0,16.75,0.0,Novibet,21.0,9.7,10.0,bet365,0.0,0.0,4.33,bet365,1.67,4.0,0.0,Novibet,1.21,6.7,1.08,Betano.br,1.07,10.75,1.02,1.84,2.07,,,,,,,,,0.5,0.5,,,,,,,,,,,20.0,17.0,8.0,6.0,5.0,6.0,7.0,5.0,,,,,,,,,,,5.0,3.0,11.0,9.0,19.0,22.0,10.0,11.0,2.0,2.0,,,0.0,3.0,5.0,3.0,,,,,,,,,,,,,1.27,0.55,,,,,,,,,0.6,0.4,,,,,,,,,,,14.0,7.0,4.0,2.0,3.0,3.0,7.0,2.0,,,,,,,,,,,4.0,0.0,7.0,2.0,12.0,11.0,2.0,7.0,,,,,0.0,2.0,2.0,2.0,,,,,,,,,,,,,0.57,1.52,,,,,,,,,0.38,0.62,,,,,,,,,,,6.0,10.0,4.0,4.0,2.0,3.0,0.0,3.0,,,,,,,,,,,1.0,3.0,4.0,7.0,7.0,11.0,8.0,4.0,2.0,2.0,,,0.0,1.0,3.0,1.0,,,,,,,,,,,,
fyDQKRaI,ROMANIA,2023/2024,ROMANIA 1,Superliga,GILi6JC9,ROMANIA 1,11/05/2024,17:00,Round 9,FCSB,Gv2kjDpN,CFR Cluj,4KfIhq7B,False,0,1,,,,,,[],[76],bet365,3.0,2.38,3.1,bet365,2.63,2.75,2.75,bet365,2.45,3.6,2.63,bet365,1.29,3.5,bet365,2.38,1.53,bet365,5.5,1.14,bet365,1.14,5.5,bet365,1.73,2.0,bet365,3.4,1.3,bet365,1.03,17.0,bet365,1.17,5.0,bet365,1.57,2.35,bet365,2.38,1.53,bet365,4.0,1.22,bet365,1.5,2.5,bet365,3.75,1.25,bet365,2.63,1.44,bet365,1.44,1.29,1.53,bet365,1.36,1.53,1.36,Sportingbet.br,1.4,1.41,1.43,bet365,1.8,1.91,Betano.br,1.82,1.88,Betano.br,1.85,1.88,bet365,4.0,13.0,23.0,6.5,6.5,6.5,23.0,13.0,4.33,bet365,2.0,1.85,bet365,2.0,1.8,bet365,1.91,1.8,bet365,17.0,bet365,12.0,bet365,13.0,bet365,7.5,bet365,15.0,bet365,15.0,bet365,10.0,bet365,10.0,bet365,11.0,bet365,23.0,bet365,26.0,bet365,17.0,bet365,19.0,bet365,21.0,bet365,23.0,,0.0,0.0,,0.0,0.0,bet365,4.4,1.2,bet365,3.7,1.26,bet365,2.38,1.55,bet365,1.48,2.6,bet365,1.23,4.1,bet365,1.17,5.0,,0.0,0.0,,0.0,0.0,Betano.br,20.0,11.25,22.0,Betano.br,10.25,6.9,11.0,bet365,4.5,4.5,4.75,bet365,1.5,4.75,1.53,Betano.br,1.18,7.1,1.19,Betano.br,1.05,11.75,1.06,0.55,0.47,,,,,,,,,0.61,0.39,,,,,,,,,,,11.0,7.0,5.0,1.0,5.0,2.0,1.0,4.0,,,,,,,,,,,5.0,3.0,8.0,4.0,9.0,7.0,8.0,16.0,1.0,1.0,,,0.0,2.0,0.0,5.0,,,,,,,,,,,,,0.21,0.33,,,,,,,,,0.49,0.51,,,,,,,,,,,8.0,4.0,3.0,0.0,4.0,2.0,1.0,2.0,,,,,,,,,,,3.0,3.0,5.0,2.0,3.0,2.0,4.0,8.0,1.0,1.0,,,0.0,2.0,0.0,3.0,,,,,,,,,,,,,0.34,0.14,,,,,,,,,0.74,0.26,,,,,,,,,,,3.0,3.0,2.0,1.0,1.0,0.0,0.0,2.0,,,,,,,,,,,2.0,0.0,3.0,2.0,6.0,5.0,4.0,8.0,,,,,0.0,0.0,0.0,2.0,,,,,,,,,,,,
jVrVd50b,ROMANIA,2023/2024,ROMANIA 1,Superliga,GILi6JC9,ROMANIA 1,22/04/2024,16:00,Round 5,Petrolul,dhnNlCE9,UTA Arad,QDiPqBNj,False,1,1,,,,,,[11],[83],bet365,2.63,2.05,4.5,bet365,2.3,2.38,4.0,bet365,1.95,3.2,3.8,bet365,1.44,2.63,bet365,3.25,1.33,bet365,10.0,1.06,bet365,1.29,3.5,bet365,2.25,1.57,bet365,5.5,1.14,bet365,1.07,9.0,bet365,1.36,3.0,bet365,2.15,1.67,bet365,4.0,1.22,bet365,9.0,1.07,bet365,1.91,1.8,bet365,5.5,1.14,bet365,3.75,1.25,bet365,1.25,1.36,1.8,bet365,1.17,1.73,1.44,Betano.br,1.28,1.57,1.45,bet365,1.4,2.75,Betano.br,1.57,2.25,Betano.br,1.62,2.22,bet365,3.25,15.0,34.0,4.75,4.75,8.0,26.0,15.0,6.5,bet365,2.0,1.85,bet365,2.2,1.67,bet365,2.0,1.73,bet365,8.0,bet365,6.5,bet365,10.0,bet365,6.5,bet365,8.5,bet365,19.0,bet365,9.0,bet365,13.0,bet365,17.0,bet365,17.0,bet365,41.0,bet365,17.0,bet365,34.0,bet365,34.0,bet365,41.0,,0.0,0.0,,0.0,0.0,bet365,3.7,1.26,bet365,2.85,1.4,bet365,2.0,1.85,bet365,1.26,3.7,bet365,1.11,6.6,,0.0,0.0,,0.0,0.0,,0.0,0.0,Betano.br,23.0,11.25,37.0,Betano.br,11.0,6.3,22.0,bet365,3.75,3.75,0.0,bet365,0.0,0.0,1.8,Betano.br,1.08,9.25,1.2,Betano.br,1.02,14.5,1.06,1.0,2.03,,,,,,,,,0.46,0.54,,,,,,,,,,,12.0,18.0,2.0,5.0,9.0,6.0,1.0,7.0,,,,,,,,,,,2.0,7.0,7.0,5.0,22.0,33.0,5.0,7.0,1.0,0.0,,,2.0,1.0,4.0,1.0,,,,,,,,,,,,,0.59,0.43,,,,,,,,,0.49,0.51,,,,,,,,,,,5.0,8.0,1.0,2.0,4.0,2.0,0.0,4.0,,,,,,,,,,,0.0,4.0,4.0,5.0,9.0,21.0,5.0,4.0,1.0,0.0,,,1.0,0.0,2.0,0.0,,,,,,,,,,,,,0.41,1.6,,,,,,,,,0.43,0.57,,,,,,,,,,,7.0,10.0,1.0,3.0,5.0,4.0,1.0,3.0,,,,,,,,,,,2.0,3.0,3.0,0.0,13.0,12.0,0.0,3.0,,,,,1.0,1.0,2.0,1.0,,,,,,,,,,,,
8vHUJoFO,ROMANIA,2023/2024,ROMANIA 1,Superliga,GILi6JC9,ROMANIA 1,13/05/2024,17:30,Round 9,Farul Constanta,CrJbN1Pa,Univ. Craiova,bsd9fGaK,False,3,3,,,,,,"[35, 52, 55]","[77, 89, 90]",bet365,3.25,2.4,2.75,bet365,2.88,2.75,2.5,bet365,2.7,3.7,2.15,bet365,1.25,3.75,bet365,2.25,1.57,bet365,5.5,1.14,bet365,1.14,5.5,bet365,1.67,2.1,bet365,3.25,1.33,bet365,1.02,19.0,bet365,1.14,5.5,bet365,1.5,2.5,bet365,2.25,1.57,bet365,3.75,1.25,bet365,1.44,2.63,bet365,3.5,1.29,bet365,2.5,1.5,bet365,1.62,1.25,1.4,bet365,1.4,1.53,1.33,Betano.br,1.45,1.42,1.4,bet365,2.1,1.67,Betano.br,1.88,1.83,Betano.br,1.93,1.82,bet365,4.5,13.0,21.0,7.0,6.5,6.0,23.0,13.0,3.6,bet365,1.98,1.88,bet365,2.0,1.8,bet365,1.91,1.8,bet365,19.0,bet365,13.0,bet365,12.0,bet365,8.0,bet365,17.0,bet365,13.0,bet365,11.0,bet365,9.5,bet365,12.0,bet365,29.0,bet365,23.0,bet365,19.0,bet365,15.0,bet365,23.0,bet365,21.0,,0.0,0.0,,0.0,0.0,bet365,5.25,1.16,bet365,4.25,1.21,bet365,2.68,1.45,bet365,1.63,2.25,bet365,1.33,3.3,bet365,1.23,4.0,,0.0,0.0,,0.0,0.0,Betano.br,21.0,11.5,19.5,Betano.br,10.5,7.1,9.75,bet365,4.5,4.5,4.0,bet365,1.62,4.33,1.5,Betano.br,1.2,6.8,1.18,Betano.br,1.07,11.0,1.06,3.65,3.22,,,,,,,,,0.47,0.53,,,,,,,,,,,23.0,17.0,9.0,5.0,6.0,6.0,8.0,6.0,,,,,,,,,,,5.0,5.0,6.0,5.0,12.0,13.0,12.0,10.0,2.0,2.0,,,1.0,1.0,2.0,6.0,,,,,,,,,,,,,0.95,0.33,,,,,,,,,0.48,0.52,,,,,,,,,,,9.0,4.0,2.0,0.0,5.0,3.0,2.0,1.0,,,,,,,,,,,0.0,1.0,2.0,1.0,4.0,8.0,4.0,4.0,1.0,1.0,,,0.0,1.0,0.0,1.0,,,,,,,,,,,,,2.7,2.89,,,,,,,,,0.46,0.54,,,,,,,,,,,14.0,13.0,7.0,5.0,1.0,3.0,6.0,5.0,,,,,,,,,,,5.0,4.0,4.0,4.0,8.0,5.0,8.0,6.0,1.0,1.0,,,1.0,0.0,2.0,5.0,,,,,,,,,,,,
rXV4Pkom,ROMANIA,2023/2024,ROMANIA 1,Superliga,GILi6JC9,ROMANIA 1,29/04/2024,17:30,Round 7,FC Rapid Bucuresti,YFCpigVG,Univ. Craiova,bsd9fGaK,False,1,2,,,,,,[77],"[30, 90]",bet365,3.4,2.5,2.63,bet365,3.0,2.88,2.38,bet365,2.8,3.6,2.05,bet365,1.25,3.75,bet365,2.1,1.67,bet365,4.5,1.18,bet365,1.13,6.0,bet365,1.62,2.2,bet365,3.0,1.36,bet365,1.02,19.0,bet365,1.13,6.0,bet365,1.44,2.7,bet365,2.1,1.67,bet365,3.5,1.29,bet365,1.4,2.75,bet365,3.4,1.3,bet365,2.38,1.53,bet365,1.67,1.25,1.36,bet365,1.44,1.5,1.3,Betano.br,1.53,1.39,1.36,bet365,2.25,1.57,Betano.br,2.1,1.65,Betano.br,2.07,1.7,bet365,4.75,13.0,19.0,7.5,7.0,6.0,23.0,13.0,3.4,bet365,1.98,1.88,bet365,2.0,1.8,bet365,1.91,1.8,bet365,21.0,bet365,17.0,bet365,13.0,bet365,8.0,bet365,21.0,bet365,15.0,bet365,12.0,bet365,9.5,bet365,11.0,bet365,34.0,bet365,21.0,bet365,21.0,bet365,15.0,bet365,21.0,bet365,19.0,,0.0,0.0,bet365,6.25,1.12,bet365,5.75,1.14,bet365,4.65,1.18,bet365,2.85,1.4,bet365,1.7,2.1,bet365,1.38,3.0,bet365,1.28,3.55,bet365,1.11,6.6,,0.0,0.0,Betano.br,23.0,12.5,15.0,Betano.br,12.0,7.8,7.6,bet365,4.5,4.75,3.6,bet365,1.67,4.33,1.47,Betano.br,1.28,6.1,1.15,Betano.br,1.1,9.75,1.05,1.09,1.52,,,,,,,,,0.55,0.45,,,,,,,,,,,14.0,13.0,3.0,4.0,8.0,8.0,3.0,1.0,,,,,,,,,,,6.0,3.0,5.0,4.0,21.0,14.0,8.0,8.0,3.0,2.0,,,2.0,3.0,2.0,2.0,,,,,,,,,,,,,0.29,0.59,,,,,,,,,0.54,0.46,,,,,,,,,,,5.0,5.0,0.0,3.0,3.0,1.0,2.0,1.0,,,,,,,,,,,4.0,1.0,3.0,2.0,10.0,12.0,4.0,5.0,1.0,1.0,,,2.0,3.0,2.0,0.0,,,,,,,,,,,,,0.8,0.93,,,,,,,,,0.56,0.44,,,,,,,,,,,9.0,8.0,3.0,1.0,5.0,7.0,1.0,0.0,,,,,,,,,,,2.0,2.0,2.0,2.0,11.0,2.0,4.0,3.0,2.0,1.0,,,0.0,0.0,0.0,2.0,,,,,,,,,,,,
C2jUrIKI,ROMANIA,2023/2024,ROMANIA 1,Superliga,GILi6JC9,ROMANIA 1,31/03/2024,11:00,Round 2,U Craiova 1948,nNhLpi8p,Otelul,2H5uhNyO,False,1,2,,,,,,[],[],,0.0,0.0,0.0,,0.0,0.0,0.0,,0.0,0.0,0.0,,0.0,0.0,,0.0,0.0,,0.0,0.0,,0.0,0.0,,0.0,0.0,,0.0,0.0,,0.0,0.0,,0.0,0.0,,0.0,0.0,,0.0,0.0,,0.0,0.0,,0.0,0.0,,0.0,0.0,,0.0,0.0,,0.0,0.0,0.0,,0.0,0.0,0.0,,0.0,0.0,0.0,,0.0,0.0,,0.0,0.0,,0.0,0.0,,0.0,0.0,0.0,0.0,0.0,0.0,0.0,0.0,0.0,,0.0,0.0,,0.0,0.0,,0.0,0.0,,0.0,,0.0,,0.0,,0.0,,0.0,,0.0,,0.0,,0.0,,0.0,,0.0,,0.0,,0.0,,0.0,,0.0,,0.0,,0.0,0.0,,0.0,0.0,,0.0,0.0,,0.0,0.0,,0.0,0.0,,0.0,0.0,,0.0,0.0,,0.0,0.0,,0.0,0.0,,0.0,0.0,,0.0,0.0,0.0,,0.0,0.0,0.0,,0.0,0.0,0.0,,0.0,0.0,0.0,,0.0,0.0,0.0,,0.0,0.0,0.0,,,,,,,,,,,,,,,,,,,,,,,,,,,,,,,,,,,,,,,,,,,,,,,,,,,,,,,,,,,,,,,,,,,,,,,,,,,,,,,,,,,,,,,,,,,,,,,,,,,,,,,,,,,,,,,,,,,,,,,,,,,,,,,,,,,,,,,,,,,,,,,,,,,,,,,,,,,,,,,,,,,,,,,,,,,,,,,,,,,,,,,,,,,,,,,,,,,,,,,,,,,,
fRePqb5C,ROMANIA,2023/2024,ROMANIA 1,Superliga,GILi6JC9,ROMANIA 1,30/03/2024,13:45,Round 2,FC Botosani,GjY1JjUS,Poli Iasi,t84qisiU,False,2,1,,,,,,[],[],,0.0,0.0,0.0,,0.0,0.0,0.0,,0.0,0.0,0.0,,0.0,0.0,,0.0,0.0,,0.0,0.0,,0.0,0.0,,0.0,0.0,,0.0,0.0,,0.0,0.0,,0.0,0.0,,0.0,0.0,,0.0,0.0,,0.0,0.0,,0.0,0.0,,0.0,0.0,,0.0,0.0,,0.0,0.0,0.0,,0.0,0.0,0.0,,0.0,0.0,0.0,,0.0,0.0,,0.0,0.0,,0.0,0.0,,0.0,0.0,0.0,0.0,0.0,0.0,0.0,0.0,0.0,,0.0,0.0,,0.0,0.0,,0.0,0.0,,0.0,,0.0,,0.0,,0.0,,0.0,,0.0,,0.0,,0.0,,0.0,,0.0,,0.0,,0.0,,0.0,,0.0,,0.0,,0.0,0.0,,0.0,0.0,,0.0,0.0,,0.0,0.0,,0.0,0.0,,0.0,0.0,,0.0,0.0,,0.0,0.0,,0.0,0.0,,0.0,0.0,,0.0,0.0,0.0,,0.0,0.0,0.0,,0.0,0.0,0.0,,0.0,0.0,0.0,,0.0,0.0,0.0,,0.0,0.0,0.0,,,,,,,,,,,,,,,,,,,,,,,,,,,,,,,,,,,,,,,,,,,,,,,,,,,,,,,,,,,,,,,,,,,,,,,,,,,,,,,,,,,,,,,,,,,,,,,,,,,,,,,,,,,,,,,,,,,,,,,,,,,,,,,,,,,,,,,,,,,,,,,,,,,,,,,,,,,,,,,,,,,,,,,,,,,,,,,,,,,,,,,,,,,,,,,,,,,,,,,,,,,,
tIUs2uLt,ROMANIA,2023/2024,ROMANIA 1,Superliga,GILi6JC9,ROMANIA 1,30/03/2024,16:00,Round 2,U. Cluj,Us6gkXaT,UTA Arad,QDiPqBNj,False,0,0,,,,,,[],[],,0.0,0.0,0.0,,0.0,0.0,0.0,,0.0,0.0,0.0,,0.0,0.0,,0.0,0.0,,0.0,0.0,,0.0,0.0,,0.0,0.0,,0.0,0.0,,0.0,0.0,,0.0,0.0,,0.0,0.0,,0.0,0.0,,0.0,0.0,,0.0,0.0,,0.0,0.0,,0.0,0.0,,0.0,0.0,0.0,,0.0,0.0,0.0,,0.0,0.0,0.0,,0.0,0.0,,0.0,0.0,,0.0,0.0,,0.0,0.0,0.0,0.0,0.0,0.0,0.0,0.0,0.0,,0.0,0.0,,0.0,0.0,,0.0,0.0,,0.0,,0.0,,0.0,,0.0,,0.0,,0.0,,0.0,,0.0,,0.0,,0.0,,0.0,,0.0,,0.0,,0.0,,0.0,,0.0,0.0,,0.0,0.0,,0.0,0.0,,0.0,0.0,,0.0,0.0,,0.0,0.0,,0.0,0.0,,0.0,0.0,,0.0,0.0,,0.0,0.0,,0.0,0.0,0.0,,0.0,0.0,0.0,,0.0,0.0,0.0,,0.0,0.0,0.0,,0.0,0.0,0.0,,0.0,0.0,0.0,,,,,,,,,,,,,,,,,,,,,,,,,,,,,,,,,,,,,,,,,,,,,,,,,,,,,,,,,,,,,,,,,,,,,,,,,,,,,,,,,,,,,,,,,,,,,,,,,,,,,,,,,,,,,,,,,,,,,,,,,,,,,,,,,,,,,,,,,,,,,,,,,,,,,,,,,,,,,,,,,,,,,,,,,,,,,,,,,,,,,,,,,,,,,,,,,,,,,,,,,,,,
pYuNbRVo,ROMANIA,2023/2024,ROMANIA 1,Superliga,GILi6JC9,ROMANIA 1,12/04/2024,14:30,Round 4,UTA Arad,QDiPqBNj,FC Hermannstadt,pUUuFXvI,False,1,3,,,,,,[62],"[19, 46, 49]",bet365,3.5,1.95,3.5,bet365,3.0,2.2,3.0,bet365,2.7,2.88,2.7,bet365,1.53,2.38,bet365,3.75,1.25,bet365,11.0,1.05,bet365,1.33,3.25,bet365,2.5,1.5,bet365,6.5,1.11,bet365,1.1,7.0,bet365,1.44,2.63,bet365,2.4,1.53,bet365,4.5,1.18,bet365,11.0,1.05,bet365,2.0,1.73,bet365,6.0,1.13,bet365,4.0,1.22,bet365,1.44,1.4,1.44,bet365,1.29,1.8,1.29,Betano.br,1.32,1.6,1.38,bet365,1.83,1.83,Betano.br,1.78,1.93,Betano.br,1.78,1.98,bet365,4.5,15.0,34.0,6.0,4.33,6.0,34.0,15.0,4.5,bet365,2.03,1.83,bet365,2.2,1.67,bet365,2.0,1.73,bet365,6.5,bet365,7.0,bet365,7.0,bet365,6.0,bet365,12.0,bet365,12.0,bet365,11.0,bet365,11.0,bet365,17.0,bet365,29.0,bet365,29.0,bet365,26.0,bet365,26.0,bet365,41.0,bet365,41.0,,0.0,0.0,,0.0,0.0,bet365,6.25,1.12,bet365,5.25,1.16,bet365,2.75,1.43,bet365,1.45,2.68,bet365,1.18,4.65,bet365,1.13,5.9,,0.0,0.0,,0.0,0.0,Betano.br,30.0,12.5,32.0,Betano.br,14.5,7.2,17.5,bet365,6.0,4.0,6.0,bet365,1.44,4.33,1.44,Betano.br,1.11,8.0,1.15,Betano.br,1.03,13.5,1.03,0.7,1.45,,,,,,,,,0.51,0.49,,,,,,,,,,,16.0,11.0,7.0,4.0,5.0,3.0,4.0,4.0,,,,,,,,,,,4.0,2.0,10.0,11.0,30.0,20.0,12.0,13.0,3.0,2.0,,,2.0,0.0,1.0,6.0,,,,,,,,,,,,,0.17,1.12,,,,,,,,,0.46,0.54,,,,,,,,,,,7.0,8.0,3.0,2.0,3.0,3.0,1.0,3.0,,,,,,,,,,,1.0,1.0,5.0,7.0,17.0,11.0,9.0,6.0,1.0,0.0,,,1.0,0.0,1.0,3.0,,,,,,,,,,,,,0.53,0.33,,,,,,,,,0.56,0.44,,,,,,,,,,,9.0,3.0,4.0,2.0,2.0,0.0,3.0,1.0,,,,,,,,,,,3.0,1.0,5.0,4.0,13.0,9.0,3.0,7.0,2.0,2.0,,,1.0,0.0,0.0,3.0,,,,,,,,,,,,
pEJ982aA,ROMANIA,2023/2024,ROMANIA 1,Superliga,GILi6JC9,ROMANIA 1,28/04/2024,15:15,Round 7,Poli Iasi,t84qisiU,UTA Arad,QDiPqBNj,False,0,2,,,,,,[],"[62, 84]",bet365,2.75,2.2,4.0,bet365,2.38,2.5,3.5,bet365,2.0,3.5,3.2,bet365,1.4,2.75,bet365,2.75,1.4,bet365,8.0,1.08,bet365,1.22,4.0,bet365,2.1,1.67,bet365,4.33,1.2,bet365,1.04,13.0,bet365,1.25,3.75,bet365,1.85,2.0,bet365,3.0,1.36,bet365,6.0,1.13,bet365,1.73,2.0,bet365,4.5,1.18,bet365,3.4,1.3,bet365,1.33,1.25,1.67,bet365,1.22,1.62,1.4,Betano.br,1.26,1.47,1.57,bet365,1.5,2.5,Betano.br,1.53,2.35,Betano.br,1.5,2.45,bet365,3.4,13.0,29.0,5.0,5.5,7.5,23.0,15.0,5.5,bet365,1.95,1.9,bet365,2.1,1.73,bet365,1.91,1.8,bet365,11.0,bet365,8.0,bet365,10.0,bet365,7.0,bet365,10.0,bet365,17.0,bet365,9.0,bet365,12.0,bet365,15.0,bet365,19.0,bet365,34.0,bet365,17.0,bet365,26.0,bet365,26.0,bet365,34.0,,0.0,0.0,,0.0,0.0,bet365,3.7,1.26,bet365,3.0,1.38,bet365,2.03,1.78,bet365,1.33,3.3,bet365,1.13,6.0,bet365,1.1,7.0,,0.0,0.0,,0.0,0.0,Betano.br,17.5,9.5,32.0,Betano.br,8.0,5.6,19.5,bet365,3.75,4.0,0.0,bet365,0.0,0.0,1.67,Betano.br,1.08,9.5,1.29,Betano.br,1.02,14.5,1.09,0.49,1.95,,,,,,,,,0.63,0.37,,,,,,,,,,,25.0,9.0,4.0,4.0,7.0,4.0,14.0,1.0,,,,,,,,,,,10.0,5.0,13.0,13.0,30.0,19.0,14.0,13.0,2.0,2.0,,,1.0,3.0,2.0,4.0,,,,,,,,,,,,,0.18,0.07,,,,,,,,,0.56,0.44,,,,,,,,,,,10.0,3.0,3.0,1.0,3.0,2.0,4.0,0.0,,,,,,,,,,,4.0,2.0,6.0,9.0,17.0,13.0,10.0,6.0,0.0,1.0,,,1.0,2.0,1.0,3.0,,,,,,,,,,,,,0.31,1.88,,,,,,,,,0.7,0.3,,,,,,,,,,,15.0,6.0,1.0,3.0,4.0,2.0,10.0,1.0,,,,,,,,,,,6.0,3.0,7.0,4.0,13.0,6.0,4.0,7.0,2.0,1.0,,,0.0,1.0,1.0,1.0,,,,,,,,,,,,
OIcnMLT9,ROMANIA,2023/2024,ROMANIA 1,Superliga,GILi6JC9,ROMANIA 1,12/05/2024,18:30,Round 9,Poli Iasi,t84qisiU,Petrolul,dhnNlCE9,False,2,0,,,,,,"[68, 70]",[],bet365,2.5,2.05,5.0,bet365,2.2,2.3,4.33,bet365,1.8,3.2,4.2,bet365,1.5,2.5,bet365,3.4,1.3,bet365,10.0,1.06,bet365,1.3,3.4,bet365,2.38,1.53,bet365,6.0,1.13,bet365,1.08,8.0,bet365,1.4,2.75,bet365,2.25,1.62,bet365,4.33,1.2,bet365,10.0,1.06,bet365,2.1,1.67,bet365,6.0,1.13,bet365,4.0,1.22,bet365,1.2,1.33,1.83,bet365,1.14,1.73,1.5,Betano.br,1.19,1.5,1.65,bet365,1.33,3.25,Betano.br,1.36,2.9,Betano.br,1.36,2.95,bet365,3.0,15.0,41.0,4.5,4.75,9.0,26.0,17.0,7.5,bet365,2.0,1.85,bet365,2.2,1.67,bet365,2.0,1.73,bet365,7.5,bet365,6.0,bet365,10.0,bet365,6.5,bet365,8.0,bet365,21.0,bet365,9.0,bet365,15.0,bet365,19.0,bet365,15.0,bet365,51.0,bet365,17.0,bet365,41.0,bet365,34.0,bet365,51.0,bet365,6.4,1.12,bet365,6.8,1.11,bet365,3.45,1.3,bet365,2.68,1.45,bet365,1.88,1.98,bet365,1.22,4.15,,0.0,0.0,,0.0,0.0,,0.0,0.0,,0.0,0.0,Betano.br,16.0,8.75,40.0,Betano.br,7.1,5.1,30.0,bet365,3.4,3.6,0.0,bet365,0.0,0.0,1.83,Betano.br,1.04,11.25,1.35,Betano.br,1.01,15.5,1.11,1.53,0.49,,,,,,,,,0.44,0.56,,,,,,,,,,,18.0,8.0,6.0,1.0,7.0,4.0,5.0,3.0,,,,,,,,,,,6.0,8.0,10.0,11.0,22.0,25.0,12.0,11.0,0.0,3.0,,,1.0,4.0,1.0,4.0,,,,,,,,,,,,,0.24,0.28,,,,,,,,,0.49,0.51,,,,,,,,,,,8.0,4.0,2.0,0.0,4.0,2.0,2.0,2.0,,,,,,,,,,,3.0,4.0,5.0,4.0,12.0,17.0,4.0,6.0,,,,,1.0,2.0,0.0,2.0,,,,,,,,,,,,,1.29,0.21,,,,,,,,,0.39,0.61,,,,,,,,,,,10.0,4.0,4.0,1.0,3.0,2.0,3.0,1.0,,,,,,,,,,,3.0,4.0,5.0,7.0,10.0,8.0,8.0,5.0,0.0,3.0,,,0.0,2.0,1.0,2.0,,,,,,,,,,,,
vHSf9qop,ROMANIA,2023/2024,ROMANIA 1,Superliga,GILi6JC9,ROMANIA 1,20/05/2024,17:00,Final,Dinamo Bucuresti,rBgMi3MH,Csikszereda M. Ciuc,A5gTQ7pG,False,2,0,1.0,,,,,"[46, 73]",[],bet365,1.73,2.5,9.5,bet365,1.5,2.88,9.5,bet365,1.27,5.0,13.0,bet365,1.33,3.25,bet365,2.63,1.44,bet365,6.5,1.11,bet365,1.2,4.33,bet365,1.91,1.8,bet365,4.0,1.22,bet365,1.05,11.0,bet365,1.22,4.0,bet365,1.73,2.08,bet365,2.75,1.4,bet365,5.5,1.14,bet365,2.25,1.57,bet365,6.0,1.13,bet365,4.33,1.2,bet365,1.04,1.17,3.75,bet365,1.04,1.5,2.0,Sportingbet.br,1.06,1.33,2.37,bet365,1.06,10.0,Betano.br,1.13,5.1,Betano.br,1.12,5.8,bet365,1.83,21.0,67.0,3.6,7.5,23.0,21.0,23.0,21.0,bet365,1.98,1.88,bet365,2.0,1.8,bet365,1.91,1.8,bet365,11.0,bet365,6.5,bet365,26.0,bet365,10.0,bet365,5.5,bet365,51.0,bet365,9.5,bet365,34.0,bet365,26.0,bet365,7.5,bet365,151.0,bet365,12.0,bet365,81.0,bet365,34.0,bet365,81.0,bet365,3.0,1.38,bet365,2.38,1.55,bet365,1.8,2.0,bet365,1.4,2.85,bet365,1.26,3.7,,0.0,0.0,,0.0,0.0,,0.0,0.0,,0.0,0.0,,0.0,0.0,Betano.br,6.0,5.4,0.0,bet365,3.0,4.0,0.0,bet365,1.91,3.75,0.0,bet365,0.0,0.0,3.4,bet365,0.0,0.0,1.95,Betano.br,0.0,0.0,1.37,,,,,,,,,,,0.6,0.4,,,,,,,,,,,12.0,8.0,3.0,0.0,8.0,5.0,1.0,3.0,,,,,,,,,,,7.0,1.0,7.0,9.0,13.0,18.0,,,1.0,2.0,,,4.0,2.0,0.0,1.0,,,,,,,,,,,,,,,,,,,,,,,0.6,0.4,,,,,,,,,,,3.0,1.0,1.0,0.0,2.0,1.0,0.0,0.0,,,,,,,,,,,6.0,0.0,2.0,4.0,4.0,2.0,,,0.0,1.0,,,2.0,0.0,0.0,1.0,,,,,,,,,,,,,,,,,,,,,,,0.6,0.4,,,,,,,,,,,9.0,7.0,2.0,0.0,6.0,4.0,1.0,3.0,,,,,,,,,,,1.0,1.0,5.0,5.0,9.0,16.0,,,1.0,1.0,,,2.0,2.0,0.0,0.0,,,,,,,,,,,,
Ojivvk0t,ROMANIA,2023/2024,ROMANIA 1,Superliga,GILi6JC9,ROMANIA 1,19/05/2024,18:00,Round 10,FC Rapid Bucuresti,YFCpigVG,FCSB,Gv2kjDpN,False,2,0,,,,,,"[12, 43]",[],bet365,2.25,2.5,4.0,bet365,2.0,2.88,3.75,bet365,1.73,4.2,4.0,bet365,1.25,3.75,bet365,2.1,1.67,bet365,4.5,1.18,bet365,1.13,6.0,bet365,1.62,2.2,bet365,3.0,1.36,bet365,1.02,19.0,bet365,1.13,6.0,bet365,1.44,2.7,bet365,2.1,1.67,bet365,3.5,1.29,bet365,1.5,2.5,bet365,3.5,1.29,bet365,2.5,1.5,bet365,1.22,1.22,2.05,bet365,1.22,1.5,1.57,Sportingbet.br,1.23,1.36,1.75,bet365,1.33,3.25,Betano.br,1.45,2.57,Betano.br,1.45,2.62,bet365,2.75,13.0,29.0,5.0,7.0,9.5,17.0,15.0,6.5,bet365,1.98,1.88,bet365,2.0,1.8,bet365,1.83,1.83,bet365,21.0,bet365,12.0,bet365,19.0,bet365,8.5,bet365,11.0,bet365,26.0,bet365,9.0,bet365,13.0,bet365,12.0,bet365,15.0,bet365,41.0,bet365,12.0,bet365,29.0,bet365,19.0,bet365,26.0,bet365,5.25,1.16,bet365,4.4,1.2,bet365,2.75,1.43,bet365,2.2,1.65,bet365,1.73,2.08,bet365,1.25,3.8,bet365,1.1,7.0,bet365,1.1,7.0,,0.0,0.0,,0.0,0.0,Betano.br,11.25,8.0,30.0,Betano.br,5.5,5.2,18.0,bet365,2.75,4.0,4.75,bet365,1.53,4.5,2.05,Betano.br,1.08,9.75,1.42,Betano.br,1.02,14.5,1.16,1.66,1.14,,,,,,,,,0.38,0.62,,,,,,,,,,,12.0,10.0,6.0,2.0,6.0,6.0,0.0,2.0,,,,,,,,,,,2.0,11.0,9.0,11.0,17.0,19.0,11.0,9.0,2.0,3.0,,,0.0,3.0,2.0,4.0,,,,,,,,,,,,,0.74,0.79,,,,,,,,,0.38,0.62,,,,,,,,,,,6.0,6.0,3.0,2.0,3.0,4.0,0.0,0.0,,,,,,,,,,,0.0,8.0,6.0,6.0,5.0,12.0,6.0,6.0,1.0,2.0,,,0.0,1.0,2.0,1.0,,,,,,,,,,,,,0.92,0.35,,,,,,,,,0.38,0.62,,,,,,,,,,,6.0,4.0,3.0,0.0,3.0,2.0,0.0,2.0,,,,,,,,,,,2.0,3.0,3.0,5.0,12.0,7.0,5.0,3.0,1.0,1.0,,,0.0,2.0,0.0,3.0,,,,,,,,,,,,
6ssJa7Gu,ROMANIA,2023/2024,ROMANIA 1,Superliga,GILi6JC9,ROMANIA 1,13/04/2024,18:30,Round 4,U. Cluj,Us6gkXaT,Petrolul,dhnNlCE9,False,1,2,,,,,,[55],"[62, 64]",bet365,2.75,1.95,5.0,bet365,2.3,2.25,4.33,bet365,1.91,3.2,4.2,bet365,1.53,2.38,bet365,3.75,1.25,bet365,11.0,1.05,bet365,1.33,3.25,bet365,2.63,1.44,bet365,6.5,1.11,bet365,1.1,7.0,bet365,1.5,2.5,bet365,2.5,1.5,bet365,5.0,1.17,bet365,13.0,1.04,bet365,2.2,1.62,bet365,6.5,1.11,bet365,4.33,1.2,bet365,1.22,1.36,1.83,bet365,1.14,1.8,1.4,Betano.br,1.21,1.57,1.55,bet365,1.36,3.0,Betano.br,1.42,2.67,Betano.br,1.44,2.67,bet365,3.2,15.0,41.0,4.5,4.33,8.5,29.0,17.0,7.5,bet365,2.0,1.85,bet365,2.2,1.67,bet365,2.0,1.73,bet365,7.0,bet365,5.5,bet365,9.0,bet365,6.5,bet365,8.0,bet365,21.0,bet365,9.5,bet365,15.0,bet365,21.0,bet365,15.0,bet365,51.0,bet365,19.0,bet365,41.0,bet365,41.0,bet365,51.0,,0.0,0.0,bet365,7.0,1.1,bet365,3.7,1.26,bet365,2.85,1.4,bet365,1.95,1.9,bet365,1.23,4.0,,0.0,0.0,,0.0,0.0,,0.0,0.0,,0.0,0.0,Betano.br,20.0,10.0,40.0,Novibet,0.0,0.0,31.0,bet365,3.75,3.5,0.0,bet365,0.0,0.0,1.83,Betano.br,1.05,11.0,1.26,Betano.br,1.01,15.5,1.07,1.12,0.6,,,,,,,,,0.67,0.33,,,,,,,,,,,20.0,8.0,5.0,3.0,10.0,3.0,5.0,2.0,,,,,,,,,,,3.0,4.0,8.0,10.0,20.0,15.0,12.0,10.0,1.0,2.0,,,1.0,1.0,1.0,4.0,,,,,,,,,,,,,0.34,0.16,,,,,,,,,0.67,0.33,,,,,,,,,,,10.0,5.0,2.0,1.0,6.0,2.0,2.0,2.0,,,,,,,,,,,1.0,1.0,7.0,5.0,13.0,8.0,7.0,7.0,1.0,1.0,,,0.0,1.0,1.0,2.0,,,,,,,,,,,,,0.78,0.44,,,,,,,,,0.67,0.33,,,,,,,,,,,10.0,3.0,3.0,2.0,4.0,1.0,3.0,0.0,,,,,,,,,,,2.0,3.0,1.0,5.0,7.0,7.0,5.0,3.0,0.0,1.0,,,1.0,0.0,0.0,2.0,,,,,,,,,,,,
CCNLL7pC,ROMANIA,2023/2024,ROMANIA 1,Superliga,GILi6JC9,ROMANIA 1,03/05/2024,17:00,Round 8,Farul Constanta,CrJbN1Pa,Sepsi Sf. Gheorghe,IDsPIcMA,False,1,4,,,,,,[90],"[2, 22, 33, 68]",bet365,2.25,2.4,4.5,bet365,1.95,2.75,4.33,bet365,1.73,3.6,4.75,bet365,1.3,3.4,bet365,2.38,1.53,bet365,6.0,1.13,bet365,1.17,5.0,bet365,1.8,1.91,bet365,3.5,1.29,bet365,1.04,13.0,bet365,1.18,4.5,bet365,1.62,2.25,bet365,2.5,1.5,bet365,4.5,1.18,bet365,1.62,2.2,bet365,4.0,1.22,bet365,3.0,1.36,bet365,1.18,1.29,2.05,bet365,1.17,1.53,1.57,Sportingbet.br,1.2,1.4,1.73,bet365,1.29,3.5,Betano.br,1.34,3.0,Betano.br,1.38,2.92,bet365,2.63,13.0,34.0,4.75,6.5,10.0,19.0,15.0,7.5,bet365,2.03,1.83,bet365,2.0,1.8,bet365,1.91,1.8,bet365,13.0,bet365,9.0,bet365,17.0,bet365,7.0,bet365,9.5,bet365,26.0,bet365,8.5,bet365,15.0,bet365,13.0,bet365,15.0,bet365,51.0,bet365,13.0,bet365,34.0,bet365,21.0,bet365,34.0,bet365,5.5,1.15,bet365,4.5,1.19,bet365,2.75,1.43,bet365,2.2,1.65,bet365,1.7,2.1,bet365,1.19,4.5,,0.0,0.0,,0.0,0.0,,0.0,0.0,,0.0,0.0,Betano.br,11.75,7.9,37.0,Novibet,5.6,5.3,29.0,bet365,2.75,4.0,0.0,bet365,0.0,0.0,2.05,Betano.br,1.05,11.5,1.42,Betano.br,1.01,16.0,1.15,1.73,2.58,,,,,,,,,0.6,0.4,,,,,,,,,,,28.0,13.0,11.0,7.0,10.0,5.0,7.0,1.0,,,,,,,,,,,4.0,0.0,14.0,9.0,28.0,20.0,9.0,15.0,2.0,3.0,,,1.0,5.0,3.0,10.0,,,,,,,,,,,,,0.76,1.53,,,,,,,,,0.57,0.43,,,,,,,,,,,8.0,7.0,2.0,5.0,4.0,1.0,2.0,1.0,,,,,,,,,,,1.0,0.0,5.0,5.0,10.0,11.0,5.0,5.0,1.0,1.0,,,0.0,1.0,2.0,2.0,,,,,,,,,,,,,0.97,1.05,,,,,,,,,0.63,0.37,,,,,,,,,,,20.0,6.0,9.0,2.0,6.0,4.0,5.0,0.0,,,,,,,,,,,3.0,0.0,9.0,4.0,18.0,9.0,4.0,10.0,1.0,2.0,,,1.0,4.0,1.0,8.0,,,,,,,,,,,,
veuRcooh,ROMANIA,2023/2024,ROMANIA 1,Superliga,GILi6JC9,ROMANIA 1,19/04/2024,14:30,Round 5,FC Hermannstadt,pUUuFXvI,FC Botosani,GjY1JjUS,False,1,1,,,,,,[90],[61],bet365,2.63,1.95,5.0,bet365,2.25,2.2,4.5,bet365,1.85,3.0,4.5,bet365,1.57,2.25,bet365,3.75,1.25,bet365,11.0,1.05,bet365,1.33,3.25,bet365,2.63,1.44,bet365,6.5,1.11,bet365,1.11,6.5,bet365,1.5,2.5,bet365,2.5,1.5,bet365,5.0,1.17,bet365,11.0,1.05,bet365,2.2,1.62,bet365,6.5,1.11,bet365,4.33,1.2,bet365,1.17,1.33,1.8,bet365,1.14,1.8,1.44,Betano.br,1.2,1.57,1.57,bet365,1.33,3.25,Betano.br,1.42,2.67,Betano.br,1.42,2.75,bet365,3.2,15.0,41.0,4.5,4.33,8.5,29.0,17.0,7.5,bet365,2.03,1.83,bet365,2.2,1.67,bet365,2.0,1.73,bet365,6.5,bet365,5.5,bet365,9.5,bet365,6.0,bet365,7.5,bet365,21.0,bet365,9.5,bet365,17.0,bet365,21.0,bet365,15.0,bet365,51.0,bet365,19.0,bet365,41.0,bet365,41.0,bet365,51.0,,0.0,0.0,bet365,7.0,1.1,bet365,3.55,1.28,bet365,2.75,1.43,bet365,1.93,1.93,bet365,1.2,4.4,,0.0,0.0,,0.0,0.0,,0.0,0.0,,0.0,0.0,Betano.br,20.0,9.75,40.0,Novibet,0.0,0.0,33.0,bet365,3.75,3.5,0.0,bet365,0.0,0.0,1.8,Betano.br,1.05,11.0,1.27,Betano.br,1.01,15.5,1.08,0.31,1.0,,,,,,,,,0.5,0.5,,,,,,,,,,,6.0,11.0,2.0,3.0,1.0,5.0,3.0,3.0,,,,,,,,,,,10.0,5.0,13.0,8.0,20.0,19.0,9.0,17.0,1.0,3.0,1.0,0.0,1.0,1.0,2.0,1.0,,,,,,,,,,,,,0.09,0.22,,,,,,,,,0.51,0.49,,,,,,,,,,,4.0,4.0,1.0,1.0,1.0,1.0,2.0,2.0,,,,,,,,,,,5.0,2.0,3.0,7.0,10.0,7.0,7.0,8.0,1.0,2.0,1.0,0.0,1.0,0.0,1.0,1.0,,,,,,,,,,,,,0.22,0.78,,,,,,,,,0.49,0.51,,,,,,,,,,,2.0,7.0,1.0,2.0,0.0,4.0,1.0,1.0,,,,,,,,,,,5.0,3.0,10.0,1.0,10.0,12.0,2.0,9.0,0.0,1.0,,,0.0,1.0,1.0,0.0,,,,,,,,,,,,
jgkYsxzP,ROMANIA,2023/2024,ROMANIA 1,Superliga,GILi6JC9,ROMANIA 1,01/04/2024,17:30,Round 2,Dinamo Bucuresti,rBgMi3MH,Petrolul,dhnNlCE9,False,1,1,,,,,,[39],[90],bet365,3.25,1.91,4.0,bet365,2.75,2.1,3.5,bet365,2.4,2.9,3.3,bet365,1.62,2.2,bet365,4.0,1.22,bet365,13.0,1.04,bet365,1.36,3.0,bet365,2.75,1.4,bet365,7.0,1.1,bet365,1.11,6.5,bet365,1.53,2.38,bet365,2.7,1.44,bet365,5.5,1.14,bet365,13.0,1.04,bet365,2.2,1.62,bet365,7.0,1.1,bet365,4.5,1.18,bet365,1.33,1.4,1.53,bet365,1.22,1.8,1.33,Novibet,1.3,1.68,1.39,bet365,1.62,2.2,Betano.br,1.65,2.1,Novibet,1.71,2.06,bet365,4.0,15.0,41.0,5.5,4.0,6.5,34.0,15.0,5.5,bet365,2.03,1.83,bet365,2.3,1.62,bet365,2.0,1.73,bet365,6.0,bet365,6.0,bet365,7.0,bet365,6.0,bet365,10.0,bet365,15.0,bet365,11.0,bet365,13.0,bet365,21.0,bet365,23.0,bet365,34.0,bet365,23.0,bet365,34.0,bet365,41.0,bet365,51.0,,0.0,0.0,,0.0,0.0,bet365,5.25,1.16,bet365,4.0,1.23,bet365,2.35,1.58,bet365,1.33,3.3,bet365,1.11,6.8,bet365,1.11,6.8,,0.0,0.0,,0.0,0.0,Novibet,40.0,14.25,0.0,Novibet,15.75,7.6,24.0,bet365,5.5,3.75,0.0,bet365,0.0,0.0,1.53,Novibet,1.08,9.5,1.14,Betano.br,1.02,14.5,1.04,0.71,1.71,,,,,,,,,0.51,0.49,,,,,,,,,,,7.0,11.0,2.0,5.0,5.0,6.0,0.0,0.0,,,,,,,,,,,0.0,2.0,12.0,16.0,20.0,22.0,17.0,12.0,3.0,2.0,,,2.0,2.0,4.0,1.0,,,,,,,,,,,,,0.56,0.13,,,,,,,,,0.61,0.39,,,,,,,,,,,5.0,2.0,2.0,1.0,3.0,1.0,0.0,0.0,,,,,,,,,,,0.0,1.0,5.0,7.0,10.0,9.0,6.0,5.0,0.0,2.0,,,0.0,2.0,1.0,1.0,,,,,,,,,,,,,0.15,1.58,,,,,,,,,0.43,0.57,,,,,,,,,,,2.0,9.0,0.0,4.0,2.0,5.0,0.0,0.0,,,,,,,,,,,0.0,1.0,7.0,9.0,10.0,13.0,11.0,7.0,3.0,0.0,,,2.0,0.0,3.0,0.0,,,,,,,,,,,,
YgYZePF4,ROMANIA,2023/2024,ROMANIA 1,Superliga,GILi6JC9,ROMANIA 1,21/04/2024,13:00,Round 5,Otelul,2H5uhNyO,U. Cluj,Us6gkXaT,False,1,0,,,,,,[40],[],bet365,3.5,1.8,4.33,bet365,2.88,2.0,3.6,bet365,2.5,2.5,3.5,bet365,1.67,2.1,bet365,4.5,1.18,bet365,15.0,1.03,bet365,1.44,2.63,bet365,3.0,1.36,bet365,9.0,1.07,bet365,1.17,5.0,bet365,1.67,2.1,bet365,3.4,1.33,bet365,6.5,1.11,bet365,17.0,1.03,bet365,2.38,1.53,bet365,8.0,1.08,bet365,5.0,1.17,bet365,1.29,1.5,1.5,bet365,1.2,1.91,1.29,Betano.br,1.29,1.72,1.32,bet365,1.62,2.2,Betano.br,1.75,1.95,Betano.br,1.8,1.95,bet365,4.33,15.0,41.0,5.5,3.6,6.5,34.0,15.0,5.5,bet365,2.13,1.75,bet365,2.3,1.62,bet365,2.1,1.67,bet365,4.75,bet365,5.5,bet365,7.0,bet365,5.5,bet365,10.0,bet365,15.0,bet365,12.0,bet365,15.0,bet365,21.0,bet365,26.0,bet365,41.0,bet365,29.0,bet365,41.0,bet365,51.0,bet365,51.0,,0.0,0.0,,0.0,0.0,bet365,5.9,1.13,bet365,4.5,1.19,bet365,2.5,1.5,bet365,1.3,3.45,bet365,1.12,6.4,bet365,1.11,6.8,,0.0,0.0,,0.0,0.0,Betano.br,32.0,13.0,37.0,Betano.br,17.0,7.6,20.0,bet365,6.0,4.0,7.0,bet365,1.4,4.5,1.5,Betano.br,1.1,8.5,1.12,Betano.br,1.02,14.0,1.03,0.37,0.73,,,,,,,,,0.42,0.58,,,,,,,,,,,7.0,11.0,2.0,1.0,4.0,6.0,1.0,4.0,,,,,,,,,,,1.0,4.0,11.0,14.0,33.0,38.0,16.0,10.0,3.0,1.0,1.0,0.0,0.0,1.0,1.0,1.0,,,,,,,,,,,,,0.13,0.11,,,,,,,,,0.43,0.57,,,,,,,,,,,3.0,3.0,1.0,0.0,2.0,1.0,0.0,2.0,,,,,,,,,,,1.0,2.0,6.0,6.0,17.0,22.0,7.0,5.0,,,,,0.0,1.0,0.0,0.0,,,,,,,,,,,,,0.24,0.62,,,,,,,,,0.41,0.59,,,,,,,,,,,4.0,8.0,1.0,1.0,2.0,5.0,1.0,2.0,,,,,,,,,,,0.0,2.0,5.0,8.0,16.0,16.0,9.0,5.0,3.0,1.0,1.0,0.0,0.0,0.0,1.0,1.0,,,,,,,,,,,,
AwfDn0Lg,ROMANIA,2023/2024,ROMANIA 1,Superliga,GILi6JC9,ROMANIA 1,17/03/2024,16:15,Round 1,FC Hermannstadt,pUUuFXvI,Dinamo Bucuresti,rBgMi3MH,False,3,0,,,,,,[],[],,0.0,0.0,0.0,,0.0,0.0,0.0,,0.0,0.0,0.0,,0.0,0.0,,0.0,0.0,,0.0,0.0,,0.0,0.0,,0.0,0.0,,0.0,0.0,,0.0,0.0,,0.0,0.0,,0.0,0.0,,0.0,0.0,,0.0,0.0,,0.0,0.0,,0.0,0.0,,0.0,0.0,,0.0,0.0,0.0,,0.0,0.0,0.0,,0.0,0.0,0.0,,0.0,0.0,,0.0,0.0,,0.0,0.0,,0.0,0.0,0.0,0.0,0.0,0.0,0.0,0.0,0.0,,0.0,0.0,,0.0,0.0,,0.0,0.0,,0.0,,0.0,,0.0,,0.0,,0.0,,0.0,,0.0,,0.0,,0.0,,0.0,,0.0,,0.0,,0.0,,0.0,,0.0,,0.0,0.0,,0.0,0.0,,0.0,0.0,,0.0,0.0,,0.0,0.0,,0.0,0.0,,0.0,0.0,,0.0,0.0,,0.0,0.0,,0.0,0.0,,0.0,0.0,0.0,,0.0,0.0,0.0,,0.0,0.0,0.0,,0.0,0.0,0.0,,0.0,0.0,0.0,,0.0,0.0,0.0,,,,,,,,,,,,,,,,,,,,,,,,,,,,,,,,,,,,,,,,,,,,,,,,,,,,,,,,,,,,,,,,,,,,,,,,,,,,,,,,,,,,,,,,,,,,,,,,,,,,,,,,,,,,,,,,,,,,,,,,,,,,,,,,,,,,,,,,,,,,,,,,,,,,,,,,,,,,,,,,,,,,,,,,,,,,,,,,,,,,,,,,,,,,,,,,,,,,,,,,,,,,
A5WhcX1f,ROMANIA,2023/2024,ROMANIA 1,Superliga,GILi6JC9,ROMANIA 1,16/03/2024,18:00,Round 1,CFR Cluj,4KfIhq7B,Univ. Craiova,bsd9fGaK,False,1,2,,,,,,[],[],,0.0,0.0,0.0,,0.0,0.0,0.0,,0.0,0.0,0.0,,0.0,0.0,,0.0,0.0,,0.0,0.0,,0.0,0.0,,0.0,0.0,,0.0,0.0,,0.0,0.0,,0.0,0.0,,0.0,0.0,,0.0,0.0,,0.0,0.0,,0.0,0.0,,0.0,0.0,,0.0,0.0,,0.0,0.0,0.0,,0.0,0.0,0.0,,0.0,0.0,0.0,,0.0,0.0,,0.0,0.0,,0.0,0.0,,0.0,0.0,0.0,0.0,0.0,0.0,0.0,0.0,0.0,,0.0,0.0,,0.0,0.0,,0.0,0.0,,0.0,,0.0,,0.0,,0.0,,0.0,,0.0,,0.0,,0.0,,0.0,,0.0,,0.0,,0.0,,0.0,,0.0,,0.0,,0.0,0.0,,0.0,0.0,,0.0,0.0,,0.0,0.0,,0.0,0.0,,0.0,0.0,,0.0,0.0,,0.0,0.0,,0.0,0.0,,0.0,0.0,,0.0,0.0,0.0,,0.0,0.0,0.0,,0.0,0.0,0.0,,0.0,0.0,0.0,,0.0,0.0,0.0,,0.0,0.0,0.0,,,,,,,,,,,,,,,,,,,,,,,,,,,,,,,,,,,,,,,,,,,,,,,,,,,,,,,,,,,,,,,,,,,,,,,,,,,,,,,,,,,,,,,,,,,,,,,,,,,,,,,,,,,,,,,,,,,,,,,,,,,,,,,,,,,,,,,,,,,,,,,,,,,,,,,,,,,,,,,,,,,,,,,,,,,,,,,,,,,,,,,,,,,,,,,,,,,,,,,,,,,,
SE48mt6m,ROMANIA,2023/2024,ROMANIA 1,Superliga,GILi6JC9,ROMANIA 1,16/03/2024,15:00,Round 1,Otelul,2H5uhNyO,Poli Iasi,t84qisiU,False,1,0,,,,,,[],[],,0.0,0.0,0.0,,0.0,0.0,0.0,,0.0,0.0,0.0,,0.0,0.0,,0.0,0.0,,0.0,0.0,,0.0,0.0,,0.0,0.0,,0.0,0.0,,0.0,0.0,,0.0,0.0,,0.0,0.0,,0.0,0.0,,0.0,0.0,,0.0,0.0,,0.0,0.0,,0.0,0.0,,0.0,0.0,0.0,,0.0,0.0,0.0,,0.0,0.0,0.0,,0.0,0.0,,0.0,0.0,,0.0,0.0,,0.0,0.0,0.0,0.0,0.0,0.0,0.0,0.0,0.0,,0.0,0.0,,0.0,0.0,,0.0,0.0,,0.0,,0.0,,0.0,,0.0,,0.0,,0.0,,0.0,,0.0,,0.0,,0.0,,0.0,,0.0,,0.0,,0.0,,0.0,,0.0,0.0,,0.0,0.0,,0.0,0.0,,0.0,0.0,,0.0,0.0,,0.0,0.0,,0.0,0.0,,0.0,0.0,,0.0,0.0,,0.0,0.0,,0.0,0.0,0.0,,0.0,0.0,0.0,,0.0,0.0,0.0,,0.0,0.0,0.0,,0.0,0.0,0.0,,0.0,0.0,0.0,,,,,,,,,,,,,,,,,,,,,,,,,,,,,,,,,,,,,,,,,,,,,,,,,,,,,,,,,,,,,,,,,,,,,,,,,,,,,,,,,,,,,,,,,,,,,,,,,,,,,,,,,,,,,,,,,,,,,,,,,,,,,,,,,,,,,,,,,,,,,,,,,,,,,,,,,,,,,,,,,,,,,,,,,,,,,,,,,,,,,,,,,,,,,,,,,,,,,,,,,,,,
zaWcbcK5,ROMANIA,2023/2024,ROMANIA 1,Superliga,GILi6JC9,ROMANIA 1,08/04/2024,17:30,Round 3,Otelul,2H5uhNyO,Dinamo Bucuresti,rBgMi3MH,False,1,0,,,,,,[90],[],bet365,3.1,1.83,4.75,bet365,2.63,2.1,4.0,bet365,2.15,2.8,3.6,bet365,1.67,2.1,bet365,4.33,1.2,bet365,15.0,1.03,bet365,1.4,2.75,bet365,3.0,1.36,bet365,8.0,1.08,bet365,1.13,6.0,bet365,1.62,2.2,bet365,2.88,1.4,bet365,6.5,1.11,bet365,15.0,1.03,bet365,2.38,1.53,bet365,7.0,1.1,bet365,5.0,1.17,bet365,1.25,1.36,1.62,bet365,1.17,1.83,1.36,Betano.br,1.24,1.65,1.44,bet365,1.5,2.5,Betano.br,1.57,2.25,Betano.br,1.57,2.3,bet365,3.75,15.0,41.0,5.0,3.75,7.0,34.0,17.0,6.5,bet365,2.03,1.83,bet365,2.3,1.62,bet365,2.1,1.67,bet365,5.5,bet365,5.5,bet365,7.5,bet365,6.0,bet365,9.0,bet365,17.0,bet365,11.0,bet365,15.0,bet365,21.0,bet365,21.0,bet365,41.0,bet365,23.0,bet365,41.0,bet365,41.0,bet365,51.0,,0.0,0.0,,0.0,0.0,bet365,4.8,1.18,bet365,3.7,1.26,bet365,2.2,1.65,bet365,1.28,3.55,bet365,1.11,6.8,,0.0,0.0,,0.0,0.0,,0.0,0.0,Betano.br,27.0,11.5,40.0,Betano.br,12.5,6.4,24.0,bet365,4.75,3.6,0.0,bet365,0.0,0.0,1.62,Betano.br,1.07,9.5,1.19,Betano.br,1.02,15.0,1.05,0.74,0.03,,,,,,,,,0.42,0.58,,,,,,,,,,,10.0,2.0,5.0,1.0,4.0,0.0,1.0,1.0,,,,,,,,,,,2.0,3.0,5.0,14.0,23.0,26.0,15.0,6.0,3.0,1.0,,,0.0,4.0,1.0,4.0,,,,,,,,,,,,,0.33,0.03,,,,,,,,,0.46,0.54,,,,,,,,,,,4.0,2.0,2.0,1.0,1.0,0.0,1.0,1.0,,,,,,,,,,,0.0,1.0,4.0,5.0,17.0,15.0,6.0,4.0,1.0,1.0,,,0.0,3.0,1.0,2.0,,,,,,,,,,,,,0.41,0.0,,,,,,,,,0.38,0.62,,,,,,,,,,,6.0,0.0,3.0,0.0,3.0,0.0,0.0,0.0,,,,,,,,,,,2.0,2.0,1.0,9.0,6.0,11.0,9.0,2.0,2.0,0.0,,,0.0,1.0,0.0,2.0,,,,,,,,,,,,
4vOEfFJU,ROMANIA,2023/2024,ROMANIA 1,Superliga,GILi6JC9,ROMANIA 1,13/04/2024,14:00,Round 4,FC Voluntari,WIoSeFi4,Otelul,2H5uhNyO,False,1,1,,,,,,[21],[90],bet365,3.5,1.83,3.75,bet365,3.0,2.1,3.25,bet365,2.55,2.8,2.9,bet365,1.62,2.2,bet365,4.0,1.22,bet365,13.0,1.04,bet365,1.4,2.75,bet365,2.75,1.4,bet365,8.0,1.08,bet365,1.13,6.0,bet365,1.57,2.25,bet365,2.88,1.4,bet365,6.0,1.13,bet365,15.0,1.03,bet365,2.2,1.62,bet365,7.0,1.1,bet365,4.5,1.18,bet365,1.4,1.4,1.5,bet365,1.25,1.83,1.29,Novibet,1.3,1.67,1.33,bet365,1.73,2.0,Novibet,1.81,1.93,Novibet,1.81,1.93,bet365,4.5,15.0,34.0,5.5,4.0,6.0,34.0,15.0,5.0,bet365,2.03,1.83,bet365,2.3,1.62,bet365,2.1,1.67,bet365,6.0,bet365,6.0,bet365,6.5,bet365,6.0,bet365,11.0,bet365,13.0,bet365,11.0,bet365,12.0,bet365,19.0,bet365,26.0,bet365,34.0,bet365,26.0,bet365,29.0,bet365,41.0,bet365,41.0,,0.0,0.0,,0.0,0.0,bet365,5.9,1.13,bet365,4.5,1.19,bet365,2.5,1.5,bet365,1.38,3.0,bet365,1.13,5.9,bet365,1.1,7.0,,0.0,0.0,,0.0,0.0,Novibet,39.0,12.5,0.0,Betano.br,18.5,8.0,21.0,bet365,6.0,4.0,6.0,bet365,1.4,4.33,1.5,Betano.br,1.09,8.5,1.11,Betano.br,1.02,14.0,1.03,0.78,1.07,,,,,,,,,0.4,0.6,,,,,,,,,,,8.0,13.0,3.0,3.0,1.0,5.0,4.0,5.0,,,,,,,,,,,4.0,7.0,8.0,5.0,18.0,27.0,10.0,13.0,0.0,4.0,,,2.0,0.0,2.0,2.0,,,,,,,,,,,,,0.5,0.06,,,,,,,,,0.42,0.58,,,,,,,,,,,5.0,2.0,3.0,0.0,0.0,1.0,2.0,1.0,,,,,,,,,,,1.0,1.0,2.0,2.0,12.0,17.0,5.0,4.0,0.0,2.0,,,1.0,0.0,0.0,2.0,,,,,,,,,,,,,0.28,1.01,,,,,,,,,0.38,0.62,,,,,,,,,,,3.0,11.0,0.0,3.0,1.0,4.0,2.0,4.0,,,,,,,,,,,3.0,6.0,6.0,3.0,6.0,10.0,5.0,9.0,0.0,2.0,,,1.0,0.0,2.0,0.0,,,,,,,,,,,,
d2hOCC1s,ROMANIA,2023/2024,ROMANIA 1,Superliga,GILi6JC9,ROMANIA 1,14/04/2024,18:00,Round 4,CFR Cluj,4KfIhq7B,FCSB,Gv2kjDpN,False,0,1,,,,,,[],[16],bet365,2.88,2.1,4.0,bet365,2.5,2.38,3.4,bet365,2.15,3.1,3.4,bet365,1.44,2.63,bet365,3.25,1.33,bet365,9.0,1.07,bet365,1.25,3.75,bet365,2.2,1.62,bet365,5.0,1.17,bet365,1.07,9.0,bet365,1.33,3.25,bet365,2.1,1.7,bet365,3.75,1.25,bet365,8.0,1.08,bet365,1.83,1.83,bet365,5.5,1.14,bet365,3.5,1.29,bet365,1.3,1.36,1.67,bet365,1.22,1.67,1.4,Novibet,1.25,1.53,1.45,bet365,1.53,2.38,Betano.br,1.57,2.27,Betano.br,1.57,2.32,bet365,3.6,13.0,34.0,5.5,4.75,7.0,26.0,15.0,5.5,bet365,2.03,1.83,bet365,2.1,1.73,bet365,2.0,1.73,bet365,8.5,bet365,7.0,bet365,9.5,bet365,6.0,bet365,10.0,bet365,17.0,bet365,9.5,bet365,13.0,bet365,15.0,bet365,21.0,bet365,41.0,bet365,19.0,bet365,29.0,bet365,29.0,bet365,41.0,,0.0,0.0,,0.0,0.0,bet365,4.25,1.21,bet365,3.45,1.3,bet365,2.15,1.68,bet365,1.3,3.45,bet365,1.11,6.6,bet365,1.1,7.0,,0.0,0.0,,0.0,0.0,Betano.br,22.0,10.75,35.0,Novibet,10.25,6.4,24.0,bet365,4.33,4.0,0.0,bet365,0.0,0.0,1.67,Novibet,1.07,9.9,1.22,Betano.br,1.02,15.0,1.06,2.07,1.17,,,,,,,,,0.53,0.47,,,,,,,,,,,22.0,15.0,5.0,5.0,12.0,6.0,5.0,4.0,,,,,,,,,,,8.0,2.0,7.0,13.0,16.0,19.0,13.0,8.0,2.0,1.0,1.0,0.0,2.0,0.0,4.0,5.0,,,,,,,,,,,,,0.33,0.33,,,,,,,,,0.46,0.54,,,,,,,,,,,6.0,7.0,2.0,2.0,4.0,2.0,0.0,3.0,,,,,,,,,,,5.0,2.0,3.0,5.0,5.0,10.0,5.0,4.0,1.0,0.0,,,1.0,0.0,1.0,2.0,,,,,,,,,,,,,1.74,0.84,,,,,,,,,0.6,0.4,,,,,,,,,,,16.0,8.0,3.0,3.0,8.0,4.0,5.0,1.0,,,,,,,,,,,3.0,0.0,4.0,8.0,11.0,9.0,8.0,4.0,1.0,1.0,1.0,0.0,1.0,0.0,3.0,3.0,,,,,,,,,,,,
CUGiIYwK,ROMANIA,2023/2024,ROMANIA 1,Superliga,GILi6JC9,ROMANIA 1,06/04/2024,17:30,Round 3,FC Rapid Bucuresti,YFCpigVG,CFR Cluj,4KfIhq7B,False,1,4,,,,,,[82],"[4, 8, 37, 45]",bet365,2.75,2.2,3.75,bet365,2.5,2.5,3.25,bet365,2.15,3.4,3.3,bet365,1.4,2.75,bet365,2.75,1.4,bet365,8.0,1.08,bet365,1.22,4.0,bet365,2.0,1.73,bet365,4.33,1.2,bet365,1.05,11.0,bet365,1.29,3.5,bet365,1.93,1.93,bet365,3.25,1.33,bet365,6.5,1.11,bet365,1.73,2.0,bet365,4.5,1.18,bet365,3.25,1.33,bet365,1.33,1.3,1.67,bet365,1.25,1.62,1.4,Novibet,1.3,1.55,1.48,bet365,1.53,2.38,Novibet,1.61,2.2,Novibet,1.62,2.2,bet365,3.5,13.0,29.0,5.5,5.5,7.0,23.0,15.0,5.5,bet365,2.0,1.85,bet365,2.1,1.73,bet365,1.91,1.8,bet365,11.0,bet365,8.0,bet365,11.0,bet365,6.5,bet365,11.0,bet365,17.0,bet365,9.0,bet365,12.0,bet365,13.0,bet365,21.0,bet365,34.0,bet365,17.0,bet365,26.0,bet365,26.0,bet365,34.0,,0.0,0.0,bet365,7.0,1.1,bet365,4.1,1.23,bet365,3.3,1.33,bet365,2.15,1.68,bet365,1.35,3.1,bet365,1.13,5.9,bet365,1.11,6.8,,0.0,0.0,,0.0,0.0,Betano.br,20.0,10.5,29.0,Novibet,10.25,6.7,21.0,bet365,4.0,4.0,5.5,bet365,1.44,4.33,1.67,Novibet,1.08,9.7,1.21,Betano.br,1.03,13.5,1.07,1.04,1.69,,,,,,,,,0.58,0.42,,,,,,,,,,,22.0,10.0,6.0,6.0,7.0,2.0,9.0,2.0,,,,,,,,,,,3.0,4.0,12.0,5.0,13.0,18.0,7.0,14.0,1.0,3.0,,,2.0,1.0,2.0,5.0,,,,,,,,,,,,,0.27,1.31,,,,,,,,,0.56,0.44,,,,,,,,,,,7.0,6.0,1.0,4.0,3.0,1.0,3.0,1.0,,,,,,,,,,,1.0,3.0,6.0,2.0,8.0,11.0,1.0,1.0,0.0,1.0,,,0.0,1.0,0.0,1.0,,,,,,,,,,,,,0.77,0.38,,,,,,,,,0.6,0.4,,,,,,,,,,,15.0,4.0,5.0,2.0,4.0,1.0,6.0,1.0,,,,,,,,,,,2.0,1.0,6.0,3.0,5.0,7.0,6.0,13.0,1.0,2.0,,,2.0,0.0,2.0,4.0,,,,,,,,,,,,
Y7qq8lGC,ROMANIA,2023/2024,ROMANIA 1,Superliga,GILi6JC9,ROMANIA 1,21/04/2024,16:00,Round 5,Sepsi Sf. Gheorghe,IDsPIcMA,Univ. Craiova,bsd9fGaK,False,1,3,,,,,,[40],"[11, 26, 68]",bet365,3.2,2.1,3.5,bet365,2.75,2.4,3.0,bet365,2.45,3.2,2.75,bet365,1.44,2.63,bet365,3.0,1.36,bet365,9.0,1.07,bet365,1.25,3.75,bet365,2.2,1.62,bet365,5.0,1.17,bet365,1.06,10.0,bet365,1.3,3.4,bet365,2.05,1.75,bet365,3.5,1.29,bet365,7.0,1.1,bet365,1.8,1.91,bet365,5.0,1.17,bet365,3.4,1.3,bet365,1.4,1.36,1.53,bet365,1.29,1.67,1.36,Betano.br,1.35,1.5,1.42,bet365,1.73,2.0,Betano.br,1.75,1.95,Betano.br,1.78,1.98,bet365,4.0,15.0,29.0,6.0,5.0,6.5,26.0,15.0,4.5,bet365,2.0,1.85,bet365,2.1,1.73,bet365,2.0,1.73,bet365,9.5,bet365,8.0,bet365,9.0,bet365,6.0,bet365,12.0,bet365,13.0,bet365,10.0,bet365,11.0,bet365,15.0,bet365,23.0,bet365,29.0,bet365,21.0,bet365,23.0,bet365,29.0,bet365,34.0,,0.0,0.0,,0.0,0.0,bet365,5.25,1.16,bet365,4.15,1.22,bet365,2.43,1.53,bet365,1.45,2.68,bet365,1.18,4.65,bet365,1.13,5.9,,0.0,0.0,,0.0,0.0,Betano.br,25.0,11.75,29.0,Betano.br,12.0,6.9,15.0,bet365,5.0,4.33,5.5,bet365,1.5,4.33,1.53,Betano.br,1.13,7.8,1.17,Betano.br,1.03,13.0,1.05,2.15,1.65,,,,,,,,,0.54,0.46,,,,,,,,,,,18.0,17.0,5.0,8.0,4.0,4.0,9.0,5.0,,,,,,,,,,,1.0,9.0,13.0,9.0,27.0,15.0,9.0,14.0,2.0,3.0,,,3.0,3.0,5.0,4.0,,,,,,,,,,,,,1.1,0.56,,,,,,,,,0.51,0.49,,,,,,,,,,,7.0,9.0,3.0,5.0,1.0,1.0,3.0,3.0,,,,,,,,,,,0.0,5.0,7.0,5.0,13.0,9.0,5.0,8.0,1.0,2.0,,,0.0,2.0,3.0,2.0,,,,,,,,,,,,,1.05,1.09,,,,,,,,,0.57,0.43,,,,,,,,,,,11.0,8.0,2.0,3.0,3.0,3.0,6.0,2.0,,,,,,,,,,,1.0,4.0,6.0,4.0,14.0,6.0,4.0,6.0,1.0,1.0,,,3.0,1.0,2.0,2.0,,,,,,,,,,,,
6XP1eBW6,ROMANIA,2023/2024,ROMANIA 1,Superliga,GILi6JC9,ROMANIA 1,30/03/2024,19:00,Round 2,Univ. Craiova,bsd9fGaK,FC Rapid Bucuresti,YFCpigVG,False,2,1,,,,,,"[60, 66, 83]",[48],bet365,3.1,2.2,3.25,bet365,2.75,2.5,2.88,bet365,2.45,3.4,2.7,bet365,1.36,3.0,bet365,2.75,1.4,bet365,7.0,1.1,bet365,1.2,4.33,bet365,2.0,1.73,bet365,4.0,1.22,bet365,1.05,11.0,bet365,1.25,3.75,bet365,1.9,1.95,bet365,3.25,1.33,bet365,6.0,1.13,bet365,1.67,2.1,bet365,4.33,1.2,bet365,3.0,1.36,bet365,1.44,1.3,1.53,bet365,1.33,1.62,1.36,Novibet,1.37,1.51,1.43,bet365,1.8,1.91,Novibet,1.78,1.96,Betano.br,1.8,1.95,bet365,4.0,13.0,26.0,6.0,5.5,6.5,26.0,13.0,4.5,bet365,2.0,1.85,bet365,2.1,1.73,bet365,1.91,1.8,bet365,12.0,bet365,9.5,bet365,10.0,bet365,6.5,bet365,13.0,bet365,15.0,bet365,10.0,bet365,10.0,bet365,13.0,bet365,23.0,bet365,29.0,bet365,19.0,bet365,21.0,bet365,26.0,bet365,29.0,,0.0,0.0,,0.0,0.0,bet365,4.8,1.18,bet365,3.9,1.24,bet365,2.38,1.55,bet365,1.45,2.68,bet365,1.19,4.5,bet365,1.14,5.75,,0.0,0.0,,0.0,0.0,Novibet,28.0,13.0,0.0,Novibet,11.75,7.3,14.75,bet365,4.75,4.33,0.0,bet365,0.0,0.0,1.53,Novibet,1.13,8.2,1.17,Betano.br,1.04,12.5,1.06,2.12,1.34,,,,,,,,,0.4,0.6,,,,,,,,,,,7.0,18.0,4.0,4.0,1.0,8.0,2.0,6.0,,,,,,,,,,,2.0,8.0,8.0,16.0,17.0,24.0,16.0,13.0,8.0,2.0,1.0,0.0,2.0,3.0,3.0,2.0,,,,,,,,,,,,,0.05,0.82,,,,,,,,,0.49,0.51,,,,,,,,,,,0.0,5.0,0.0,1.0,0.0,0.0,0.0,4.0,,,,,,,,,,,1.0,4.0,2.0,7.0,11.0,15.0,7.0,5.0,2.0,0.0,,,2.0,3.0,1.0,0.0,,,,,,,,,,,,,2.07,0.52,,,,,,,,,0.31,0.69,,,,,,,,,,,7.0,13.0,4.0,3.0,1.0,8.0,2.0,2.0,,,,,,,,,,,1.0,4.0,6.0,9.0,6.0,9.0,9.0,8.0,6.0,2.0,1.0,0.0,0.0,0.0,2.0,2.0,,,,,,,,,,,,
ClVYAV30,ROMANIA,2023/2024,ROMANIA 1,Superliga,GILi6JC9,ROMANIA 1,04/03/2024,18:00,Round 29,Univ. Craiova,bsd9fGaK,FC Rapid Bucuresti,YFCpigVG,False,1,1,,,,,,[],[],,0.0,0.0,0.0,,0.0,0.0,0.0,,0.0,0.0,0.0,,0.0,0.0,,0.0,0.0,,0.0,0.0,,0.0,0.0,,0.0,0.0,,0.0,0.0,,0.0,0.0,,0.0,0.0,,0.0,0.0,,0.0,0.0,,0.0,0.0,,0.0,0.0,,0.0,0.0,,0.0,0.0,,0.0,0.0,0.0,,0.0,0.0,0.0,,0.0,0.0,0.0,,0.0,0.0,,0.0,0.0,,0.0,0.0,,0.0,0.0,0.0,0.0,0.0,0.0,0.0,0.0,0.0,,0.0,0.0,,0.0,0.0,,0.0,0.0,,0.0,,0.0,,0.0,,0.0,,0.0,,0.0,,0.0,,0.0,,0.0,,0.0,,0.0,,0.0,,0.0,,0.0,,0.0,,0.0,0.0,,0.0,0.0,,0.0,0.0,,0.0,0.0,,0.0,0.0,,0.0,0.0,,0.0,0.0,,0.0,0.0,,0.0,0.0,,0.0,0.0,,0.0,0.0,0.0,,0.0,0.0,0.0,,0.0,0.0,0.0,,0.0,0.0,0.0,,0.0,0.0,0.0,,0.0,0.0,0.0,,,,,,,,,,,,,,,,,,,,,,,,,,,,,,,,,,,,,,,,,,,,,,,,,,,,,,,,,,,,,,,,,,,,,,,,,,,,,,,,,,,,,,,,,,,,,,,,,,,,,,,,,,,,,,,,,,,,,,,,,,,,,,,,,,,,,,,,,,,,,,,,,,,,,,,,,,,,,,,,,,,,,,,,,,,,,,,,,,,,,,,,,,,,,,,,,,,,,,,,,,,,
8GOs99YC,ROMANIA,2023/2024,ROMANIA 1,Superliga,GILi6JC9,ROMANIA 1,04/03/2024,15:00,Round 29,Sepsi Sf. Gheorghe,IDsPIcMA,FC Voluntari,WIoSeFi4,False,4,0,,,,,,[],[],,0.0,0.0,0.0,,0.0,0.0,0.0,,0.0,0.0,0.0,,0.0,0.0,,0.0,0.0,,0.0,0.0,,0.0,0.0,,0.0,0.0,,0.0,0.0,,0.0,0.0,,0.0,0.0,,0.0,0.0,,0.0,0.0,,0.0,0.0,,0.0,0.0,,0.0,0.0,,0.0,0.0,,0.0,0.0,0.0,,0.0,0.0,0.0,,0.0,0.0,0.0,,0.0,0.0,,0.0,0.0,,0.0,0.0,,0.0,0.0,0.0,0.0,0.0,0.0,0.0,0.0,0.0,,0.0,0.0,,0.0,0.0,,0.0,0.0,,0.0,,0.0,,0.0,,0.0,,0.0,,0.0,,0.0,,0.0,,0.0,,0.0,,0.0,,0.0,,0.0,,0.0,,0.0,,0.0,0.0,,0.0,0.0,,0.0,0.0,,0.0,0.0,,0.0,0.0,,0.0,0.0,,0.0,0.0,,0.0,0.0,,0.0,0.0,,0.0,0.0,,0.0,0.0,0.0,,0.0,0.0,0.0,,0.0,0.0,0.0,,0.0,0.0,0.0,,0.0,0.0,0.0,,0.0,0.0,0.0,,,,,,,,,,,,,,,,,,,,,,,,,,,,,,,,,,,,,,,,,,,,,,,,,,,,,,,,,,,,,,,,,,,,,,,,,,,,,,,,,,,,,,,,,,,,,,,,,,,,,,,,,,,,,,,,,,,,,,,,,,,,,,,,,,,,,,,,,,,,,,,,,,,,,,,,,,,,,,,,,,,,,,,,,,,,,,,,,,,,,,,,,,,,,,,,,,,,,,,,,,,,
juUxAkJ6,ROMANIA,2023/2024,ROMANIA 1,Superliga,GILi6JC9,ROMANIA 1,03/03/2024,18:30,Round 29,FCSB,Gv2kjDpN,Petrolul,dhnNlCE9,False,1,0,,,,,,[],[],,0.0,0.0,0.0,,0.0,0.0,0.0,,0.0,0.0,0.0,,0.0,0.0,,0.0,0.0,,0.0,0.0,,0.0,0.0,,0.0,0.0,,0.0,0.0,,0.0,0.0,,0.0,0.0,,0.0,0.0,,0.0,0.0,,0.0,0.0,,0.0,0.0,,0.0,0.0,,0.0,0.0,,0.0,0.0,0.0,,0.0,0.0,0.0,,0.0,0.0,0.0,,0.0,0.0,,0.0,0.0,,0.0,0.0,,0.0,0.0,0.0,0.0,0.0,0.0,0.0,0.0,0.0,,0.0,0.0,,0.0,0.0,,0.0,0.0,,0.0,,0.0,,0.0,,0.0,,0.0,,0.0,,0.0,,0.0,,0.0,,0.0,,0.0,,0.0,,0.0,,0.0,,0.0,,0.0,0.0,,0.0,0.0,,0.0,0.0,,0.0,0.0,,0.0,0.0,,0.0,0.0,,0.0,0.0,,0.0,0.0,,0.0,0.0,,0.0,0.0,,0.0,0.0,0.0,,0.0,0.0,0.0,,0.0,0.0,0.0,,0.0,0.0,0.0,,0.0,0.0,0.0,,0.0,0.0,0.0,,,,,,,,,,,,,,,,,,,,,,,,,,,,,,,,,,,,,,,,,,,,,,,,,,,,,,,,,,,,,,,,,,,,,,,,,,,,,,,,,,,,,,,,,,,,,,,,,,,,,,,,,,,,,,,,,,,,,,,,,,,,,,,,,,,,,,,,,,,,,,,,,,,,,,,,,,,,,,,,,,,,,,,,,,,,,,,,,,,,,,,,,,,,,,,,,,,,,,,,,,,,
2XIj0Jkg,ROMANIA,2023/2024,ROMANIA 1,Superliga,GILi6JC9,ROMANIA 1,07/04/2024,11:30,Round 3,FC Hermannstadt,pUUuFXvI,U. Cluj,Us6gkXaT,False,1,1,,,,,,[31],"[90, 90, 90]",bet365,3.4,1.83,4.0,bet365,2.88,2.05,3.5,bet365,2.45,2.75,3.4,bet365,1.67,2.1,bet365,4.33,1.2,bet365,15.0,1.03,bet365,1.4,2.75,bet365,3.0,1.36,bet365,8.0,1.08,bet365,1.14,5.5,bet365,1.62,2.2,bet365,3.1,1.36,bet365,6.0,1.13,bet365,15.0,1.03,bet365,2.25,1.57,bet365,7.0,1.1,bet365,5.0,1.17,bet365,1.3,1.4,1.53,bet365,1.22,1.83,1.3,Betano.br,1.26,1.65,1.4,bet365,1.62,2.2,Betano.br,1.62,2.18,Betano.br,1.65,2.15,bet365,4.33,15.0,41.0,5.5,3.75,6.5,34.0,15.0,5.5,bet365,2.05,1.8,bet365,2.3,1.62,bet365,2.1,1.67,bet365,5.5,bet365,5.5,bet365,7.0,bet365,5.5,bet365,10.0,bet365,15.0,bet365,11.0,bet365,13.0,bet365,21.0,bet365,23.0,bet365,41.0,bet365,26.0,bet365,34.0,bet365,41.0,bet365,51.0,,0.0,0.0,,0.0,0.0,bet365,5.75,1.14,bet365,4.5,1.19,bet365,2.43,1.53,bet365,1.33,3.3,bet365,1.11,6.8,,0.0,0.0,,0.0,0.0,,0.0,0.0,Betano.br,29.0,12.5,40.0,Betano.br,14.5,6.9,25.0,bet365,5.5,3.75,0.0,bet365,0.0,0.0,1.53,Betano.br,1.07,9.5,1.15,Betano.br,1.01,15.0,1.04,0.53,0.58,,,,,,,,,0.45,0.55,,,,,,,,,,,8.0,12.0,1.0,6.0,2.0,5.0,5.0,1.0,,,,,,,,,,,3.0,5.0,15.0,14.0,16.0,17.0,16.0,17.0,2.0,2.0,0.0,2.0,0.0,1.0,5.0,0.0,,,,,,,,,,,,,0.4,0.31,,,,,,,,,0.5,0.5,,,,,,,,,,,5.0,4.0,1.0,1.0,1.0,3.0,3.0,0.0,,,,,,,,,,,2.0,2.0,3.0,7.0,10.0,9.0,8.0,5.0,1.0,1.0,,,0.0,1.0,1.0,0.0,,,,,,,,,,,,,0.13,0.27,,,,,,,,,0.38,0.63,,,,,,,,,,,3.0,8.0,0.0,5.0,1.0,2.0,2.0,1.0,,,,,,,,,,,1.0,3.0,12.0,7.0,6.0,8.0,8.0,12.0,1.0,1.0,0.0,2.0,0.0,0.0,4.0,0.0,,,,,,,,,,,,
INL2cHZB,ROMANIA,2023/2024,ROMANIA 1,Superliga,GILi6JC9,ROMANIA 1,08/04/2024,14:30,Round 3,Poli Iasi,t84qisiU,U Craiova 1948,nNhLpi8p,False,0,0,,,,,,[],[],bet365,3.0,2.1,3.75,bet365,2.63,2.38,3.2,bet365,2.25,3.1,3.0,bet365,1.44,2.63,bet365,3.25,1.33,bet365,9.0,1.07,bet365,1.25,3.75,bet365,2.2,1.62,bet365,5.0,1.17,bet365,1.07,9.0,bet365,1.36,3.0,bet365,2.15,1.67,bet365,3.75,1.25,bet365,9.0,1.07,bet365,1.83,1.83,bet365,5.0,1.17,bet365,3.5,1.29,bet365,1.33,1.33,1.53,bet365,1.25,1.67,1.36,Novibet,1.31,1.53,1.43,bet365,1.62,2.2,Novibet,1.68,2.09,Novibet,1.69,2.08,bet365,4.0,15.0,29.0,5.5,5.0,6.5,26.0,15.0,5.0,bet365,2.0,1.85,bet365,2.1,1.73,bet365,2.0,1.73,bet365,9.0,bet365,7.5,bet365,9.0,bet365,6.0,bet365,11.0,bet365,15.0,bet365,9.5,bet365,12.0,bet365,15.0,bet365,21.0,bet365,34.0,bet365,19.0,bet365,26.0,bet365,29.0,bet365,34.0,,0.0,0.0,,0.0,0.0,bet365,4.65,1.18,bet365,3.7,1.26,bet365,2.3,1.6,bet365,1.38,3.0,bet365,1.14,5.75,bet365,1.11,6.8,,0.0,0.0,,0.0,0.0,Betano.br,24.0,11.75,32.0,Novibet,11.0,6.4,17.5,bet365,4.75,4.0,0.0,bet365,0.0,0.0,1.53,Betano.br,1.11,8.25,1.18,Betano.br,1.03,13.5,1.05,1.58,0.86,,,,,,,,,0.6,0.4,,,,,,,,,,,18.0,18.0,4.0,3.0,8.0,6.0,6.0,9.0,,,,,,,,,,,9.0,6.0,13.0,12.0,20.0,27.0,13.0,18.0,3.0,3.0,,,0.0,4.0,3.0,4.0,,,,,,,,,,,,,0.92,0.5,,,,,,,,,0.57,0.43,,,,,,,,,,,5.0,8.0,2.0,1.0,2.0,2.0,1.0,5.0,,,,,,,,,,,7.0,4.0,9.0,3.0,11.0,13.0,3.0,9.0,0.0,1.0,,,0.0,4.0,1.0,2.0,,,,,,,,,,,,,0.66,0.36,,,,,,,,,0.63,0.37,,,,,,,,,,,13.0,10.0,2.0,2.0,6.0,4.0,5.0,4.0,,,,,,,,,,,2.0,2.0,4.0,9.0,9.0,14.0,10.0,9.0,3.0,2.0,,,0.0,0.0,2.0,2.0,,,,,,,,,,,,
pOO5fVoD,ROMANIA,2023/2024,ROMANIA 1,Superliga,GILi6JC9,ROMANIA 1,29/03/2024,18:30,Round 2,Sepsi Sf. Gheorghe,IDsPIcMA,CFR Cluj,4KfIhq7B,False,1,1,,,,,,[9],[21],bet365,3.75,2.1,2.88,bet365,3.4,2.4,2.5,bet365,3.2,3.4,2.15,bet365,1.4,2.75,bet365,3.0,1.36,bet365,9.0,1.07,bet365,1.25,3.75,bet365,2.2,1.62,bet365,5.0,1.17,bet365,1.06,10.0,bet365,1.3,3.4,bet365,2.05,1.8,bet365,3.5,1.29,bet365,7.0,1.1,bet365,1.8,1.91,bet365,5.0,1.17,bet365,3.5,1.29,bet365,1.67,1.3,1.36,bet365,1.4,1.67,1.25,Novibet,1.5,1.54,1.3,bet365,2.25,1.57,Betano.br,2.3,1.55,Betano.br,2.35,1.55,bet365,5.5,15.0,26.0,7.0,5.0,5.5,29.0,15.0,3.6,bet365,1.98,1.88,bet365,2.1,1.73,bet365,1.91,1.8,bet365,9.5,bet365,9.5,bet365,7.5,bet365,6.5,bet365,17.0,bet365,10.0,bet365,12.0,bet365,9.0,bet365,15.0,bet365,34.0,bet365,21.0,bet365,26.0,bet365,19.0,bet365,34.0,bet365,29.0,,0.0,0.0,,0.0,0.0,bet365,7.0,1.1,bet365,5.9,1.13,bet365,3.1,1.35,bet365,1.68,2.15,bet365,1.3,3.45,bet365,1.21,4.25,bet365,1.1,7.0,,0.0,0.0,Novibet,51.0,16.75,0.0,Novibet,22.0,9.6,10.0,bet365,0.0,0.0,4.33,bet365,1.67,4.0,0.0,Novibet,1.23,6.3,1.08,Betano.br,1.08,10.0,1.02,0.73,0.88,,,,,,,,,0.46,0.54,,,,,,,,,,,10.0,16.0,1.0,8.0,8.0,6.0,1.0,2.0,,,,,,,,,,,4.0,8.0,20.0,6.0,24.0,26.0,5.0,18.0,0.0,3.0,,,2.0,1.0,7.0,0.0,,,,,,,,,,,,,0.54,0.68,,,,,,,,,0.52,0.48,,,,,,,,,,,6.0,9.0,1.0,5.0,5.0,3.0,0.0,1.0,,,,,,,,,,,1.0,5.0,8.0,3.0,10.0,10.0,2.0,8.0,,,,,0.0,1.0,4.0,0.0,,,,,,,,,,,,,0.19,0.2,,,,,,,,,0.4,0.6,,,,,,,,,,,4.0,7.0,0.0,3.0,3.0,3.0,1.0,1.0,,,,,,,,,,,3.0,3.0,12.0,3.0,14.0,16.0,3.0,10.0,0.0,3.0,,,2.0,0.0,3.0,0.0,,,,,,,,,,,,
bRCmJEOD,ROMANIA,2023/2024,ROMANIA 1,Superliga,GILi6JC9,ROMANIA 1,07/04/2024,17:30,Round 3,FCSB,Gv2kjDpN,Univ. Craiova,bsd9fGaK,False,2,0,,,,,,"[29, 32]",[],bet365,2.1,2.3,5.5,bet365,1.83,2.63,5.0,bet365,1.57,3.8,5.75,bet365,1.36,3.0,bet365,2.63,1.44,bet365,7.0,1.1,bet365,1.22,4.0,bet365,2.0,1.73,bet365,4.33,1.2,bet365,1.05,11.0,bet365,1.25,3.75,bet365,1.85,2.0,bet365,3.0,1.36,bet365,6.0,1.13,bet365,1.83,1.83,bet365,5.0,1.17,bet365,3.5,1.29,bet365,1.14,1.25,2.3,bet365,1.13,1.57,1.67,Betano.br,1.17,1.42,1.83,bet365,1.2,4.33,Novibet,1.28,3.4,Betano.br,1.28,3.45,bet365,2.4,15.0,41.0,4.33,6.0,11.0,21.0,17.0,9.5,bet365,1.98,1.88,bet365,2.1,1.73,bet365,1.91,1.8,bet365,11.0,bet365,7.0,bet365,15.0,bet365,7.5,bet365,7.5,bet365,29.0,bet365,8.5,bet365,19.0,bet365,17.0,bet365,11.0,bet365,51.0,bet365,13.0,bet365,41.0,bet365,26.0,bet365,41.0,bet365,5.0,1.17,bet365,4.0,1.23,bet365,2.5,1.5,bet365,2.0,1.85,bet365,1.55,2.38,bet365,1.15,5.5,,0.0,0.0,,0.0,0.0,,0.0,0.0,,0.0,0.0,Betano.br,10.75,7.2,37.0,Betano.br,5.0,4.6,29.0,bet365,2.5,3.75,0.0,bet365,0.0,0.0,2.3,Betano.br,1.04,12.5,1.5,Betano.br,1.01,16.0,1.18,1.57,0.84,,,,,,,,,0.4,0.6,,,,,,,,,,,12.0,15.0,5.0,3.0,5.0,8.0,2.0,4.0,,,,,,,,,,,5.0,7.0,8.0,9.0,25.0,20.0,9.0,8.0,2.0,5.0,,,1.0,1.0,3.0,3.0,,,,,,,,,,,,,1.29,0.18,,,,,,,,,0.48,0.52,,,,,,,,,,,9.0,5.0,4.0,1.0,4.0,2.0,1.0,2.0,,,,,,,,,,,4.0,3.0,3.0,5.0,14.0,8.0,6.0,3.0,2.0,3.0,,,0.0,0.0,1.0,2.0,,,,,,,,,,,,,0.28,0.66,,,,,,,,,0.32,0.68,,,,,,,,,,,3.0,10.0,1.0,2.0,1.0,6.0,1.0,2.0,,,,,,,,,,,1.0,4.0,5.0,4.0,11.0,12.0,3.0,5.0,0.0,2.0,,,1.0,1.0,2.0,1.0,,,,,,,,,,,,
4SiSBWGm,ROMANIA,2023/2024,ROMANIA 1,Superliga,GILi6JC9,ROMANIA 1,12/04/2024,17:30,Round 4,Univ. Craiova,bsd9fGaK,Farul Constanta,CrJbN1Pa,False,1,2,,,,,,[4],"[21, 45]",bet365,2.38,2.3,4.33,bet365,2.1,2.63,4.0,bet365,1.75,3.6,4.0,bet365,1.33,3.25,bet365,2.5,1.5,bet365,6.5,1.11,bet365,1.18,4.5,bet365,1.83,1.83,bet365,3.75,1.25,bet365,1.04,13.0,bet365,1.22,4.0,bet365,1.7,2.1,bet365,2.63,1.44,bet365,5.0,1.17,bet365,1.67,2.1,bet365,4.33,1.2,bet365,3.0,1.36,bet365,1.2,1.25,1.91,bet365,1.2,1.57,1.53,Betano.br,1.24,1.44,1.65,bet365,1.36,3.0,Novibet,1.46,2.6,Betano.br,1.44,2.67,bet365,2.88,13.0,29.0,4.75,6.0,9.0,21.0,15.0,6.5,bet365,1.98,1.88,bet365,2.1,1.73,bet365,1.91,1.8,bet365,13.0,bet365,8.5,bet365,13.0,bet365,7.5,bet365,9.5,bet365,23.0,bet365,8.5,bet365,13.0,bet365,13.0,bet365,15.0,bet365,41.0,bet365,13.0,bet365,29.0,bet365,23.0,bet365,34.0,bet365,6.25,1.12,bet365,5.5,1.15,bet365,3.1,1.35,bet365,2.38,1.55,bet365,1.78,2.03,bet365,1.24,3.9,,0.0,0.0,,0.0,0.0,,0.0,0.0,,0.0,0.0,Betano.br,14.5,8.75,35.0,Betano.br,6.7,5.3,22.0,bet365,3.1,4.0,0.0,bet365,0.0,0.0,1.91,Betano.br,1.07,10.25,1.35,Betano.br,1.02,15.5,1.12,0.23,0.3,,,,,,,,,0.5,0.5,,,,,,,,,,,15.0,15.0,4.0,9.0,9.0,3.0,2.0,3.0,,,,,,,,,,,7.0,2.0,13.0,9.0,16.0,25.0,9.0,13.0,4.0,4.0,,,2.0,3.0,7.0,3.0,,,,,,,,,,,,,0.23,0.3,,,,,,,,,0.44,0.56,,,,,,,,,,,5.0,9.0,3.0,6.0,1.0,1.0,1.0,2.0,,,,,,,,,,,2.0,2.0,6.0,4.0,5.0,17.0,5.0,6.0,2.0,1.0,,,0.0,2.0,4.0,2.0,,,,,,,,,,,,,0.0,0.0,,,,,,,,,0.56,0.44,,,,,,,,,,,10.0,6.0,1.0,3.0,8.0,2.0,1.0,1.0,,,,,,,,,,,5.0,0.0,7.0,5.0,11.0,8.0,4.0,7.0,2.0,3.0,,,2.0,1.0,3.0,1.0,,,,,,,,,,,,
jiK59rp4,ROMANIA,2023/2024,ROMANIA 1,Superliga,GILi6JC9,ROMANIA 1,28/04/2024,10:30,Round 7,Otelul,2H5uhNyO,FC Hermannstadt,pUUuFXvI,False,1,0,,,,,,[3],[],bet365,3.0,1.91,4.75,bet365,2.5,2.1,4.0,bet365,2.0,3.0,3.5,bet365,1.62,2.2,bet365,4.0,1.22,bet365,13.0,1.04,bet365,1.4,2.75,bet365,2.75,1.4,bet365,8.0,1.08,bet365,1.13,6.0,bet365,1.57,2.25,bet365,2.7,1.44,bet365,6.0,1.13,bet365,13.0,1.04,bet365,2.38,1.53,bet365,7.0,1.1,bet365,5.0,1.17,bet365,1.25,1.33,1.67,bet365,1.18,1.8,1.36,Sportingbet.br,1.21,1.65,1.46,bet365,1.44,2.63,Betano.br,1.5,2.42,Betano.br,1.55,2.37,bet365,3.5,15.0,41.0,4.75,4.0,7.5,29.0,17.0,6.5,bet365,1.95,1.9,bet365,2.3,1.62,bet365,2.0,1.73,bet365,6.0,bet365,5.5,bet365,7.5,bet365,6.5,bet365,8.5,bet365,17.0,bet365,10.0,bet365,15.0,bet365,23.0,bet365,19.0,bet365,41.0,bet365,21.0,bet365,41.0,bet365,41.0,bet365,51.0,,0.0,0.0,,0.0,0.0,bet365,4.25,1.21,bet365,3.3,1.33,bet365,2.08,1.73,bet365,1.28,3.55,bet365,1.1,7.0,bet365,1.1,7.0,,0.0,0.0,,0.0,0.0,Betano.br,25.0,11.25,40.0,Betano.br,11.5,6.2,28.0,bet365,4.33,3.6,0.0,bet365,0.0,0.0,1.67,Betano.br,1.06,10.25,1.2,Betano.br,1.01,15.5,1.05,0.7,0.77,,,,,,,,,0.39,0.61,,,,,,,,,,,6.0,10.0,2.0,4.0,2.0,3.0,2.0,3.0,,,,,,,,,,,3.0,6.0,12.0,8.0,22.0,25.0,18.0,13.0,2.0,4.0,1.0,0.0,0.0,3.0,4.0,1.0,,,,,,,,,,,,,0.65,0.02,,,,,,,,,0.49,0.51,,,,,,,,,,,5.0,2.0,2.0,1.0,2.0,1.0,1.0,0.0,,,,,,,,,,,3.0,1.0,5.0,4.0,11.0,11.0,10.0,6.0,2.0,0.0,,,0.0,2.0,1.0,1.0,,,,,,,,,,,,,0.05,0.75,,,,,,,,,0.29,0.71,,,,,,,,,,,1.0,8.0,0.0,3.0,0.0,2.0,1.0,3.0,,,,,,,,,,,0.0,5.0,7.0,4.0,11.0,14.0,8.0,7.0,0.0,4.0,1.0,0.0,0.0,1.0,3.0,0.0,,,,,,,,,,,,
GrXlbDnl,ROMANIA,2023/2024,ROMANIA 1,Superliga,GILi6JC9,ROMANIA 1,15/03/2024,18:30,Round 1,FC Rapid Bucuresti,YFCpigVG,Farul Constanta,CrJbN1Pa,False,1,2,,,,,,[85],"[23, 55]",bet365,2.2,2.25,5.5,bet365,1.91,2.6,4.75,bet365,1.6,3.75,5.0,bet365,1.36,3.0,bet365,2.75,1.4,bet365,8.0,1.08,bet365,1.22,4.0,bet365,2.1,1.67,bet365,4.33,1.2,bet365,1.05,11.0,bet365,1.29,3.5,bet365,1.93,1.93,bet365,3.25,1.33,bet365,6.5,1.11,bet365,1.83,1.83,bet365,5.0,1.17,bet365,3.5,1.29,bet365,1.17,1.25,2.3,bet365,1.13,1.57,1.62,Betano.br,1.18,1.45,1.75,bet365,1.25,3.75,Novibet,1.33,3.1,Betano.br,1.33,3.15,bet365,2.5,15.0,41.0,4.33,5.5,11.0,21.0,17.0,9.0,bet365,1.98,1.88,bet365,2.1,1.73,bet365,1.91,1.8,bet365,11.0,bet365,7.0,bet365,13.0,bet365,7.5,bet365,7.5,bet365,26.0,bet365,8.5,bet365,17.0,bet365,17.0,bet365,12.0,bet365,51.0,bet365,13.0,bet365,41.0,bet365,26.0,bet365,41.0,bet365,5.5,1.15,bet365,4.4,1.2,bet365,2.68,1.45,bet365,2.08,1.73,bet365,1.6,2.3,bet365,1.17,5.0,,0.0,0.0,,0.0,0.0,,0.0,0.0,,0.0,0.0,Betano.br,12.0,7.7,37.0,Betano.br,5.6,4.75,29.0,bet365,2.63,3.6,0.0,bet365,0.0,0.0,2.3,Betano.br,1.04,11.5,1.44,Betano.br,1.01,16.0,1.15,2.02,1.66,,,,,,,,,0.55,0.45,,,,,,,,,,,17.0,17.0,4.0,4.0,6.0,7.0,7.0,6.0,,,,,,,,,,,10.0,1.0,17.0,8.0,25.0,18.0,10.0,20.0,5.0,4.0,1.0,0.0,1.0,1.0,2.0,3.0,,,,,,,,,,,,,0.26,0.65,,,,,,,,,0.51,0.49,,,,,,,,,,,4.0,9.0,1.0,3.0,2.0,1.0,1.0,5.0,,,,,,,,,,,6.0,1.0,9.0,3.0,15.0,9.0,4.0,10.0,,,,,1.0,0.0,2.0,1.0,,,,,,,,,,,,,1.76,1.01,,,,,,,,,0.59,0.41,,,,,,,,,,,13.0,8.0,3.0,1.0,4.0,6.0,6.0,1.0,,,,,,,,,,,4.0,0.0,8.0,5.0,10.0,9.0,6.0,10.0,5.0,4.0,1.0,0.0,0.0,1.0,0.0,2.0,,,,,,,,,,,,
Czj0dWl7,ROMANIA,2023/2024,ROMANIA 1,Superliga,GILi6JC9,ROMANIA 1,29/02/2024,16:30,Round 28,Petrolul,dhnNlCE9,Univ. Craiova,bsd9fGaK,False,2,3,,,,,,[],[],,0.0,0.0,0.0,,0.0,0.0,0.0,,0.0,0.0,0.0,,0.0,0.0,,0.0,0.0,,0.0,0.0,,0.0,0.0,,0.0,0.0,,0.0,0.0,,0.0,0.0,,0.0,0.0,,0.0,0.0,,0.0,0.0,,0.0,0.0,,0.0,0.0,,0.0,0.0,,0.0,0.0,,0.0,0.0,0.0,,0.0,0.0,0.0,,0.0,0.0,0.0,,0.0,0.0,,0.0,0.0,,0.0,0.0,,0.0,0.0,0.0,0.0,0.0,0.0,0.0,0.0,0.0,,0.0,0.0,,0.0,0.0,,0.0,0.0,,0.0,,0.0,,0.0,,0.0,,0.0,,0.0,,0.0,,0.0,,0.0,,0.0,,0.0,,0.0,,0.0,,0.0,,0.0,,0.0,0.0,,0.0,0.0,,0.0,0.0,,0.0,0.0,,0.0,0.0,,0.0,0.0,,0.0,0.0,,0.0,0.0,,0.0,0.0,,0.0,0.0,,0.0,0.0,0.0,,0.0,0.0,0.0,,0.0,0.0,0.0,,0.0,0.0,0.0,,0.0,0.0,0.0,,0.0,0.0,0.0,,,,,,,,,,,,,,,,,,,,,,,,,,,,,,,,,,,,,,,,,,,,,,,,,,,,,,,,,,,,,,,,,,,,,,,,,,,,,,,,,,,,,,,,,,,,,,,,,,,,,,,,,,,,,,,,,,,,,,,,,,,,,,,,,,,,,,,,,,,,,,,,,,,,,,,,,,,,,,,,,,,,,,,,,,,,,,,,,,,,,,,,,,,,,,,,,,,,,,,,,,,,
SrYnKZtE,ROMANIA,2023/2024,ROMANIA 1,Superliga,GILi6JC9,ROMANIA 1,29/02/2024,14:15,Round 28,FC Botosani,GjY1JjUS,Sepsi Sf. Gheorghe,IDsPIcMA,False,1,2,,,,,,[],[],,0.0,0.0,0.0,,0.0,0.0,0.0,,0.0,0.0,0.0,,0.0,0.0,,0.0,0.0,,0.0,0.0,,0.0,0.0,,0.0,0.0,,0.0,0.0,,0.0,0.0,,0.0,0.0,,0.0,0.0,,0.0,0.0,,0.0,0.0,,0.0,0.0,,0.0,0.0,,0.0,0.0,,0.0,0.0,0.0,,0.0,0.0,0.0,,0.0,0.0,0.0,,0.0,0.0,,0.0,0.0,,0.0,0.0,,0.0,0.0,0.0,0.0,0.0,0.0,0.0,0.0,0.0,,0.0,0.0,,0.0,0.0,,0.0,0.0,,0.0,,0.0,,0.0,,0.0,,0.0,,0.0,,0.0,,0.0,,0.0,,0.0,,0.0,,0.0,,0.0,,0.0,,0.0,,0.0,0.0,,0.0,0.0,,0.0,0.0,,0.0,0.0,,0.0,0.0,,0.0,0.0,,0.0,0.0,,0.0,0.0,,0.0,0.0,,0.0,0.0,,0.0,0.0,0.0,,0.0,0.0,0.0,,0.0,0.0,0.0,,0.0,0.0,0.0,,0.0,0.0,0.0,,0.0,0.0,0.0,,,,,,,,,,,,,,,,,,,,,,,,,,,,,,,,,,,,,,,,,,,,,,,,,,,,,,,,,,,,,,,,,,,,,,,,,,,,,,,,,,,,,,,,,,,,,,,,,,,,,,,,,,,,,,,,,,,,,,,,,,,,,,,,,,,,,,,,,,,,,,,,,,,,,,,,,,,,,,,,,,,,,,,,,,,,,,,,,,,,,,,,,,,,,,,,,,,,,,,,,,,,
IDjdcCZ0,ROMANIA,2023/2024,ROMANIA 1,Superliga,GILi6JC9,ROMANIA 1,28/02/2024,19:00,Round 28,FC Rapid Bucuresti,YFCpigVG,UTA Arad,QDiPqBNj,False,4,1,,,,,,[],[],,0.0,0.0,0.0,,0.0,0.0,0.0,,0.0,0.0,0.0,,0.0,0.0,,0.0,0.0,,0.0,0.0,,0.0,0.0,,0.0,0.0,,0.0,0.0,,0.0,0.0,,0.0,0.0,,0.0,0.0,,0.0,0.0,,0.0,0.0,,0.0,0.0,,0.0,0.0,,0.0,0.0,,0.0,0.0,0.0,,0.0,0.0,0.0,,0.0,0.0,0.0,,0.0,0.0,,0.0,0.0,,0.0,0.0,,0.0,0.0,0.0,0.0,0.0,0.0,0.0,0.0,0.0,,0.0,0.0,,0.0,0.0,,0.0,0.0,,0.0,,0.0,,0.0,,0.0,,0.0,,0.0,,0.0,,0.0,,0.0,,0.0,,0.0,,0.0,,0.0,,0.0,,0.0,,0.0,0.0,,0.0,0.0,,0.0,0.0,,0.0,0.0,,0.0,0.0,,0.0,0.0,,0.0,0.0,,0.0,0.0,,0.0,0.0,,0.0,0.0,,0.0,0.0,0.0,,0.0,0.0,0.0,,0.0,0.0,0.0,,0.0,0.0,0.0,,0.0,0.0,0.0,,0.0,0.0,0.0,,,,,,,,,,,,,,,,,,,,,,,,,,,,,,,,,,,,,,,,,,,,,,,,,,,,,,,,,,,,,,,,,,,,,,,,,,,,,,,,,,,,,,,,,,,,,,,,,,,,,,,,,,,,,,,,,,,,,,,,,,,,,,,,,,,,,,,,,,,,,,,,,,,,,,,,,,,,,,,,,,,,,,,,,,,,,,,,,,,,,,,,,,,,,,,,,,,,,,,,,,,,
GzcLpvj6,ROMANIA,2023/2024,ROMANIA 1,Superliga,GILi6JC9,ROMANIA 1,18/03/2024,18:30,Round 1,Petrolul,dhnNlCE9,U Craiova 1948,nNhLpi8p,False,1,0,,,,,,[61],[],bet365,2.88,2.05,4.0,bet365,2.5,2.38,3.4,bet365,2.15,3.2,3.2,bet365,1.44,2.63,bet365,3.25,1.33,bet365,9.0,1.07,bet365,1.29,3.5,bet365,2.25,1.57,bet365,5.5,1.14,bet365,1.07,9.0,bet365,1.36,3.0,bet365,2.15,1.67,bet365,3.75,1.25,bet365,9.0,1.07,bet365,1.83,1.83,bet365,5.5,1.14,bet365,3.75,1.25,bet365,1.36,1.36,1.67,bet365,1.22,1.73,1.4,Novibet,1.3,1.58,1.46,bet365,1.57,2.25,Novibet,1.63,2.2,Betano.br,1.62,2.2,bet365,3.6,15.0,34.0,5.5,4.75,7.0,26.0,15.0,5.5,bet365,2.0,1.85,bet365,2.1,1.73,bet365,2.0,1.73,bet365,8.5,bet365,7.0,bet365,9.0,bet365,6.5,bet365,10.0,bet365,17.0,bet365,9.5,bet365,12.0,bet365,15.0,bet365,21.0,bet365,34.0,bet365,19.0,bet365,29.0,bet365,29.0,bet365,41.0,,0.0,0.0,,0.0,0.0,bet365,4.4,1.2,bet365,3.45,1.3,bet365,2.2,1.65,bet365,1.35,3.1,bet365,1.12,6.25,bet365,1.1,7.0,,0.0,0.0,,0.0,0.0,Betano.br,22.0,10.75,32.0,Novibet,11.25,6.8,22.0,bet365,4.33,4.0,0.0,bet365,0.0,0.0,1.67,Novibet,1.08,9.6,1.2,Betano.br,1.02,14.0,1.06,1.05,0.35,,,,,,,,,0.39,0.61,,,,,,,,,,,12.0,10.0,3.0,1.0,6.0,6.0,3.0,3.0,,,,,,,,,,,8.0,2.0,7.0,13.0,26.0,21.0,13.0,7.0,2.0,1.0,,,1.0,1.0,1.0,2.0,,,,,,,,,,,,,0.72,0.22,,,,,,,,,0.42,0.58,,,,,,,,,,,6.0,7.0,0.0,1.0,5.0,3.0,1.0,3.0,,,,,,,,,,,4.0,0.0,4.0,4.0,14.0,13.0,4.0,4.0,,,,,1.0,0.0,1.0,0.0,,,,,,,,,,,,,0.33,0.13,,,,,,,,,0.36,0.64,,,,,,,,,,,6.0,3.0,3.0,0.0,1.0,3.0,2.0,0.0,,,,,,,,,,,4.0,2.0,3.0,9.0,12.0,8.0,9.0,3.0,2.0,1.0,,,0.0,1.0,0.0,2.0,,,,,,,,,,,,
zirPLnII,ROMANIA,2023/2024,ROMANIA 1,Superliga,GILi6JC9,ROMANIA 1,08/03/2024,18:00,Round 30,FC Botosani,GjY1JjUS,Farul Constanta,CrJbN1Pa,False,0,0,,,,,,[],[],bet365,3.75,2.0,3.2,bet365,3.25,2.25,2.75,bet365,3.1,3.0,2.38,Novibet,1.48,2.55,Betano.br,3.45,1.31,Betano.br,8.25,1.07,bet365,1.3,3.4,bet365,2.5,1.5,bet365,6.0,1.13,bet365,1.08,8.0,bet365,1.44,2.63,bet365,2.4,1.53,bet365,4.5,1.18,bet365,11.0,1.05,bet365,2.0,1.73,bet365,6.0,1.13,bet365,3.75,1.25,bet365,1.53,1.36,1.36,bet365,1.36,1.73,1.25,Novibet,1.47,1.58,1.29,bet365,2.2,1.62,Novibet,2.25,1.6,Novibet,2.2,1.61,bet365,5.0,15.0,29.0,6.5,4.5,5.5,34.0,15.0,4.0,bet365,2.03,1.83,bet365,2.2,1.67,bet365,2.0,1.73,bet365,7.0,bet365,8.0,bet365,6.5,bet365,6.0,bet365,15.0,bet365,11.0,bet365,12.0,bet365,10.0,bet365,17.0,bet365,34.0,bet365,23.0,bet365,29.0,bet365,21.0,bet365,41.0,bet365,34.0,,0.0,0.0,,0.0,0.0,bet365,7.0,1.1,bet365,5.9,1.13,bet365,3.0,1.38,bet365,1.55,2.38,bet365,1.23,4.1,bet365,1.16,5.25,bet365,1.1,7.0,,0.0,0.0,Novibet,51.0,17.25,0.0,Novibet,24.0,9.8,11.0,bet365,0.0,0.0,5.0,bet365,1.53,4.0,0.0,Betano.br,1.17,6.7,1.1,Betano.br,1.04,12.0,1.02,0.82,0.35,,,,,,,,,0.65,0.35,,,,,,,,,,,16.0,4.0,4.0,2.0,8.0,2.0,4.0,0.0,,,,,,,,,,,4.0,3.0,7.0,8.0,34.0,24.0,8.0,8.0,0.0,3.0,0.0,1.0,1.0,1.0,2.0,4.0,,,,,,,,,,,,,0.2,0.3,,,,,,,,,0.61,0.39,,,,,,,,,,,6.0,3.0,1.0,2.0,3.0,1.0,2.0,0.0,,,,,,,,,,,1.0,1.0,4.0,7.0,17.0,11.0,7.0,4.0,,,,,,,2.0,1.0,,,,,,,,,,,,,0.62,0.05,,,,,,,,,0.69,0.31,,,,,,,,,,,10.0,1.0,3.0,0.0,5.0,1.0,2.0,0.0,,,,,,,,,,,3.0,2.0,3.0,1.0,17.0,13.0,1.0,4.0,0.0,3.0,0.0,1.0,1.0,1.0,0.0,3.0,,,,,,,,,,,,
tUrLMS2C,ROMANIA,2023/2024,ROMANIA 1,Superliga,GILi6JC9,ROMANIA 1,08/03/2024,18:00,Round 30,FC Voluntari,WIoSeFi4,U. Cluj,Us6gkXaT,False,0,0,,,,,,[],[],bet365,4.33,2.0,3.0,bet365,3.6,2.25,2.5,bet365,3.4,3.1,2.15,Novibet,1.51,2.5,Betano.br,3.5,1.31,Novibet,8.5,1.06,bet365,1.3,3.4,bet365,2.5,1.5,bet365,6.0,1.13,bet365,1.08,8.0,bet365,1.44,2.63,bet365,2.35,1.57,bet365,4.33,1.2,bet365,10.0,1.06,bet365,2.0,1.73,bet365,6.0,1.13,bet365,4.0,1.22,bet365,1.67,1.36,1.3,bet365,1.36,1.73,1.2,Novibet,1.47,1.58,1.29,bet365,2.38,1.53,Betano.br,2.27,1.57,Betano.br,2.3,1.57,bet365,6.0,15.0,29.0,7.0,4.5,5.0,34.0,15.0,3.6,bet365,2.0,1.85,bet365,2.2,1.67,bet365,2.0,1.73,bet365,7.5,bet365,8.5,bet365,6.5,bet365,6.0,bet365,17.0,bet365,9.5,bet365,13.0,bet365,9.5,bet365,17.0,bet365,41.0,bet365,21.0,bet365,34.0,bet365,21.0,bet365,41.0,bet365,34.0,,0.0,0.0,,0.0,0.0,bet365,7.0,1.1,bet365,7.0,1.1,bet365,3.45,1.3,bet365,1.7,2.1,bet365,1.3,3.45,bet365,1.21,4.25,,0.0,0.0,,0.0,0.0,Novibet,51.0,17.25,0.0,Novibet,24.0,9.6,11.5,bet365,0.0,0.0,4.5,bet365,1.67,3.75,0.0,Novibet,1.2,6.5,1.08,Betano.br,1.06,10.75,1.02,0.51,0.44,,,,,,,,,0.46,0.54,,,,,,,,,,,8.0,14.0,1.0,4.0,4.0,3.0,3.0,7.0,,,,,,,,,,,6.0,8.0,12.0,8.0,17.0,27.0,2.0,6.0,2.0,2.0,,,2.0,1.0,4.0,1.0,,,,,,,,,,,,,0.22,0.19,,,,,,,,,0.42,0.58,,,,,,,,,,,2.0,6.0,0.0,1.0,1.0,1.0,1.0,4.0,,,,,,,,,,,2.0,2.0,6.0,2.0,8.0,11.0,2.0,6.0,0.0,1.0,,,2.0,1.0,1.0,0.0,,,,,,,,,,,,,0.29,0.25,,,,,,,,,0.5,0.5,,,,,,,,,,,6.0,8.0,1.0,3.0,3.0,2.0,2.0,3.0,,,,,,,,,,,4.0,6.0,6.0,6.0,9.0,16.0,0.0,0.0,2.0,1.0,,,0.0,0.0,3.0,1.0,,,,,,,,,,,,
KKyi0Ekr,ROMANIA,2023/2024,ROMANIA 1,Superliga,GILi6JC9,ROMANIA 1,24/02/2024,15:00,Round 27,Farul Constanta,CrJbN1Pa,Otelul,2H5uhNyO,False,1,1,,,,,,[],[],,0.0,0.0,0.0,,0.0,0.0,0.0,,0.0,0.0,0.0,,0.0,0.0,,0.0,0.0,,0.0,0.0,,0.0,0.0,,0.0,0.0,,0.0,0.0,,0.0,0.0,,0.0,0.0,,0.0,0.0,,0.0,0.0,,0.0,0.0,,0.0,0.0,,0.0,0.0,,0.0,0.0,,0.0,0.0,0.0,,0.0,0.0,0.0,,0.0,0.0,0.0,,0.0,0.0,,0.0,0.0,,0.0,0.0,,0.0,0.0,0.0,0.0,0.0,0.0,0.0,0.0,0.0,,0.0,0.0,,0.0,0.0,,0.0,0.0,,0.0,,0.0,,0.0,,0.0,,0.0,,0.0,,0.0,,0.0,,0.0,,0.0,,0.0,,0.0,,0.0,,0.0,,0.0,,0.0,0.0,,0.0,0.0,,0.0,0.0,,0.0,0.0,,0.0,0.0,,0.0,0.0,,0.0,0.0,,0.0,0.0,,0.0,0.0,,0.0,0.0,,0.0,0.0,0.0,,0.0,0.0,0.0,,0.0,0.0,0.0,,0.0,0.0,0.0,,0.0,0.0,0.0,,0.0,0.0,0.0,,,,,,,,,,,,,,,,,,,,,,,,,,,,,,,,,,,,,,,,,,,,,,,,,,,,,,,,,,,,,,,,,,,,,,,,,,,,,,,,,,,,,,,,,,,,,,,,,,,,,,,,,,,,,,,,,,,,,,,,,,,,,,,,,,,,,,,,,,,,,,,,,,,,,,,,,,,,,,,,,,,,,,,,,,,,,,,,,,,,,,,,,,,,,,,,,,,,,,,,,,,,
0G4Qqg51,ROMANIA,2023/2024,ROMANIA 1,Superliga,GILi6JC9,ROMANIA 1,24/02/2024,18:00,Round 27,Poli Iasi,t84qisiU,FC Rapid Bucuresti,YFCpigVG,False,3,1,,,,,,[],[],,0.0,0.0,0.0,,0.0,0.0,0.0,,0.0,0.0,0.0,,0.0,0.0,,0.0,0.0,,0.0,0.0,,0.0,0.0,,0.0,0.0,,0.0,0.0,,0.0,0.0,,0.0,0.0,,0.0,0.0,,0.0,0.0,,0.0,0.0,,0.0,0.0,,0.0,0.0,,0.0,0.0,,0.0,0.0,0.0,,0.0,0.0,0.0,,0.0,0.0,0.0,,0.0,0.0,,0.0,0.0,,0.0,0.0,,0.0,0.0,0.0,0.0,0.0,0.0,0.0,0.0,0.0,,0.0,0.0,,0.0,0.0,,0.0,0.0,,0.0,,0.0,,0.0,,0.0,,0.0,,0.0,,0.0,,0.0,,0.0,,0.0,,0.0,,0.0,,0.0,,0.0,,0.0,,0.0,0.0,,0.0,0.0,,0.0,0.0,,0.0,0.0,,0.0,0.0,,0.0,0.0,,0.0,0.0,,0.0,0.0,,0.0,0.0,,0.0,0.0,,0.0,0.0,0.0,,0.0,0.0,0.0,,0.0,0.0,0.0,,0.0,0.0,0.0,,0.0,0.0,0.0,,0.0,0.0,0.0,,,,,,,,,,,,,,,,,,,,,,,,,,,,,,,,,,,,,,,,,,,,,,,,,,,,,,,,,,,,,,,,,,,,,,,,,,,,,,,,,,,,,,,,,,,,,,,,,,,,,,,,,,,,,,,,,,,,,,,,,,,,,,,,,,,,,,,,,,,,,,,,,,,,,,,,,,,,,,,,,,,,,,,,,,,,,,,,,,,,,,,,,,,,,,,,,,,,,,,,,,,,
v73UrDK7,ROMANIA,2023/2024,ROMANIA 1,Superliga,GILi6JC9,ROMANIA 1,24/02/2024,12:00,Round 27,UTA Arad,QDiPqBNj,Petrolul,dhnNlCE9,False,1,0,,,,,,[],[],,0.0,0.0,0.0,,0.0,0.0,0.0,,0.0,0.0,0.0,,0.0,0.0,,0.0,0.0,,0.0,0.0,,0.0,0.0,,0.0,0.0,,0.0,0.0,,0.0,0.0,,0.0,0.0,,0.0,0.0,,0.0,0.0,,0.0,0.0,,0.0,0.0,,0.0,0.0,,0.0,0.0,,0.0,0.0,0.0,,0.0,0.0,0.0,,0.0,0.0,0.0,,0.0,0.0,,0.0,0.0,,0.0,0.0,,0.0,0.0,0.0,0.0,0.0,0.0,0.0,0.0,0.0,,0.0,0.0,,0.0,0.0,,0.0,0.0,,0.0,,0.0,,0.0,,0.0,,0.0,,0.0,,0.0,,0.0,,0.0,,0.0,,0.0,,0.0,,0.0,,0.0,,0.0,,0.0,0.0,,0.0,0.0,,0.0,0.0,,0.0,0.0,,0.0,0.0,,0.0,0.0,,0.0,0.0,,0.0,0.0,,0.0,0.0,,0.0,0.0,,0.0,0.0,0.0,,0.0,0.0,0.0,,0.0,0.0,0.0,,0.0,0.0,0.0,,0.0,0.0,0.0,,0.0,0.0,0.0,,,,,,,,,,,,,,,,,,,,,,,,,,,,,,,,,,,,,,,,,,,,,,,,,,,,,,,,,,,,,,,,,,,,,,,,,,,,,,,,,,,,,,,,,,,,,,,,,,,,,,,,,,,,,,,,,,,,,,,,,,,,,,,,,,,,,,,,,,,,,,,,,,,,,,,,,,,,,,,,,,,,,,,,,,,,,,,,,,,,,,,,,,,,,,,,,,,,,,,,,,,,
KtDRCiZm,ROMANIA,2023/2024,ROMANIA 1,Superliga,GILi6JC9,ROMANIA 1,01/03/2024,18:00,Round 29,Poli Iasi,t84qisiU,Dinamo Bucuresti,rBgMi3MH,False,0,0,,,,,,[],[],bet365,3.2,2.0,3.75,bet365,2.75,2.3,3.1,bet365,2.4,3.0,2.9,Betano.br,1.55,2.45,Betano.br,3.4,1.32,Novibet,8.6,1.05,bet365,1.3,3.4,bet365,2.38,1.53,bet365,5.5,1.14,bet365,1.08,8.0,bet365,1.4,2.75,bet365,2.3,1.6,bet365,4.33,1.2,bet365,10.0,1.06,bet365,1.91,1.8,bet365,5.5,1.14,bet365,3.75,1.25,bet365,1.4,1.36,1.53,bet365,1.25,1.73,1.36,Novibet,1.31,1.61,1.42,bet365,1.73,2.0,Novibet,1.69,2.07,Betano.br,1.7,2.12,bet365,4.0,15.0,34.0,5.5,4.5,6.5,29.0,15.0,5.0,bet365,2.03,1.83,bet365,2.2,1.67,bet365,2.0,1.73,bet365,7.5,bet365,7.0,bet365,8.0,bet365,6.0,bet365,11.0,bet365,13.0,bet365,10.0,bet365,11.0,bet365,15.0,bet365,23.0,bet365,29.0,bet365,21.0,bet365,26.0,bet365,34.0,bet365,41.0,,0.0,0.0,,0.0,0.0,bet365,5.5,1.15,bet365,4.25,1.21,bet365,2.43,1.53,bet365,1.4,2.85,bet365,1.15,5.5,bet365,1.12,6.4,,0.0,0.0,,0.0,0.0,Novibet,35.0,13.5,0.0,Novibet,13.75,7.2,22.0,bet365,5.0,4.0,0.0,bet365,0.0,0.0,1.53,Novibet,1.09,9.2,1.16,Betano.br,1.03,14.0,1.04,0.35,2.18,,,,,,,,,0.54,0.46,,,,,,,,,,,4.0,5.0,2.0,1.0,2.0,2.0,0.0,2.0,,,,,,,,,,,1.0,5.0,15.0,16.0,35.0,28.0,15.0,9.0,2.0,0.0,,,1.0,6.0,1.0,2.0,,,,,,,,,,,,,0.08,0.5,,,,,,,,,0.56,0.44,,,,,,,,,,,1.0,1.0,1.0,0.0,0.0,1.0,0.0,0.0,,,,,,,,,,,1.0,1.0,4.0,10.0,23.0,12.0,9.0,3.0,2.0,0.0,,,1.0,1.0,0.0,1.0,,,,,,,,,,,,,0.27,1.68,,,,,,,,,0.52,0.48,,,,,,,,,,,3.0,4.0,1.0,1.0,2.0,1.0,0.0,2.0,,,,,,,,,,,0.0,4.0,11.0,6.0,12.0,16.0,6.0,6.0,,,,,0.0,5.0,1.0,1.0,,,,,,,,,,,,
CUQ27NFd,ROMANIA,2023/2024,ROMANIA 1,Superliga,GILi6JC9,ROMANIA 1,17/05/2024,17:00,Final,FC Botosani,GjY1JjUS,Mioveni,WSNaPsAg,False,1,0,1.0,,,,,[90],[],bet365,2.1,2.2,6.5,bet365,1.83,2.5,6.0,bet365,1.5,3.75,6.5,bet365,1.44,2.63,bet365,3.0,1.36,bet365,9.0,1.07,bet365,1.25,3.75,bet365,2.2,1.62,bet365,5.0,1.17,bet365,1.06,10.0,bet365,1.33,3.25,bet365,2.08,1.73,bet365,3.75,1.25,bet365,8.0,1.08,bet365,2.2,1.62,bet365,6.0,1.13,bet365,4.0,1.22,bet365,1.11,1.25,2.5,bet365,1.1,1.62,1.67,Betano.br,1.12,1.42,1.95,bet365,1.17,5.0,Betano.br,1.21,3.95,Betano.br,1.2,4.2,bet365,2.38,15.0,41.0,4.0,5.5,12.0,23.0,19.0,11.0,bet365,1.98,1.88,bet365,2.1,1.73,bet365,2.0,1.73,bet365,9.0,bet365,6.0,bet365,15.0,bet365,7.5,bet365,6.5,bet365,34.0,bet365,9.0,bet365,21.0,bet365,21.0,bet365,10.0,bet365,67.0,bet365,15.0,bet365,51.0,bet365,34.0,bet365,51.0,bet365,5.0,1.17,bet365,4.0,1.23,bet365,2.5,1.5,bet365,1.9,1.9,bet365,1.5,2.5,bet365,1.12,6.25,,0.0,0.0,,0.0,0.0,,0.0,0.0,,0.0,0.0,Novibet,10.25,6.6,0.0,Betano.br,4.45,4.25,40.0,bet365,2.5,3.5,0.0,bet365,0.0,0.0,2.5,Betano.br,1.02,13.5,1.62,Betano.br,0.0,0.0,1.22,,,,,,,,,,,0.59,0.41,,,,,,,,,,,13.0,8.0,4.0,2.0,6.0,4.0,3.0,2.0,,,,,,,,,,,11.0,1.0,9.0,14.0,26.0,18.0,7.0,18.0,0.0,2.0,,,0.0,2.0,2.0,3.0,,,,,,,,,,,,,,,,,,,,,,,0.72,0.28,,,,,,,,,,,5.0,2.0,0.0,0.0,5.0,2.0,,,,,,,,,,,,,6.0,0.0,,,,,,,,,,,,,0.0,0.0,,,,,,,,,,,,,,,,,,,,,,,0.46,0.54,,,,,,,,,,,8.0,6.0,4.0,2.0,1.0,2.0,3.0,2.0,,,,,,,,,,,5.0,1.0,9.0,14.0,26.0,18.0,7.0,18.0,0.0,2.0,,,0.0,2.0,2.0,3.0,,,,,,,,,,,,
boi4QA3m,ROMANIA,2023/2024,ROMANIA 1,Superliga,GILi6JC9,ROMANIA 1,08/03/2024,18:00,Round 30,Dinamo Bucuresti,rBgMi3MH,UTA Arad,QDiPqBNj,False,1,0,,,,,,[20],[],bet365,3.0,2.05,4.0,bet365,2.63,2.3,3.25,bet365,2.25,3.0,3.3,Novibet,1.47,2.6,Betano.br,3.35,1.33,Novibet,7.8,1.07,bet365,1.29,3.5,bet365,2.25,1.57,bet365,5.5,1.14,bet365,1.08,8.0,bet365,1.36,3.0,bet365,2.25,1.62,bet365,4.0,1.22,bet365,9.0,1.07,bet365,1.83,1.83,bet365,5.5,1.14,bet365,3.75,1.25,bet365,1.33,1.36,1.62,bet365,1.22,1.73,1.36,Novibet,1.32,1.57,1.45,bet365,1.57,2.25,Novibet,1.67,2.1,Betano.br,1.65,2.15,bet365,3.75,15.0,34.0,5.5,4.75,7.0,29.0,15.0,5.5,bet365,2.03,1.83,bet365,2.2,1.67,bet365,2.0,1.73,bet365,7.5,bet365,7.0,bet365,9.0,bet365,6.0,bet365,10.0,bet365,15.0,bet365,9.5,bet365,13.0,bet365,15.0,bet365,21.0,bet365,34.0,bet365,21.0,bet365,29.0,bet365,34.0,bet365,41.0,,0.0,0.0,,0.0,0.0,bet365,4.5,1.19,bet365,3.55,1.28,bet365,2.25,1.63,bet365,1.33,3.3,bet365,1.12,6.4,bet365,1.1,7.0,,0.0,0.0,,0.0,0.0,Betano.br,26.0,11.75,32.0,Novibet,12.0,6.9,21.0,bet365,4.75,4.0,0.0,bet365,0.0,0.0,1.62,Novibet,1.09,9.1,1.18,Betano.br,1.03,14.0,1.05,0.75,0.39,,,,,,,,,0.63,0.37,,,,,,,,,,,7.0,4.0,3.0,2.0,2.0,2.0,2.0,0.0,,,,,,,,,,,2.0,9.0,10.0,6.0,31.0,21.0,3.0,5.0,0.0,4.0,,,,,2.0,2.0,,,,,,,,,,,,,0.43,0.13,,,,,,,,,0.63,0.37,,,,,,,,,,,7.0,4.0,3.0,2.0,2.0,2.0,2.0,0.0,,,,,,,,,,,1.0,3.0,5.0,3.0,22.0,8.0,3.0,5.0,0.0,2.0,,,,,2.0,2.0,,,,,,,,,,,,,0.32,0.26,,,,,,,,,0.5,0.5,,,,,,,,,,,0.0,0.0,0.0,0.0,0.0,0.0,0.0,0.0,,,,,,,,,,,1.0,6.0,5.0,3.0,9.0,13.0,0.0,0.0,0.0,2.0,,,,,0.0,0.0,,,,,,,,,,,,
6Bj8PUIg,ROMANIA,2023/2024,ROMANIA 1,Superliga,GILi6JC9,ROMANIA 1,10/03/2024,18:45,Round 30,U Craiova 1948,nNhLpi8p,Univ. Craiova,bsd9fGaK,False,1,2,,,,,,[45],"[70, 77]",bet365,4.33,2.3,2.38,bet365,4.0,2.63,2.1,bet365,4.2,3.6,1.8,Betano.br,1.37,3.1,Betano.br,2.6,1.5,Novibet,6.0,1.11,bet365,1.18,4.5,bet365,1.83,1.83,bet365,3.75,1.25,bet365,1.04,13.0,bet365,1.2,4.33,bet365,1.7,2.1,bet365,2.63,1.44,bet365,5.0,1.17,bet365,1.67,2.1,bet365,4.33,1.2,bet365,3.0,1.36,bet365,1.95,1.29,1.22,bet365,1.53,1.57,1.2,Betano.br,1.7,1.42,1.23,bet365,3.25,1.33,Betano.br,2.6,1.44,Betano.br,2.75,1.42,bet365,6.5,15.0,21.0,9.0,6.0,4.75,29.0,13.0,2.88,bet365,2.0,1.85,bet365,2.1,1.73,bet365,1.91,1.8,bet365,13.0,bet365,15.0,bet365,8.5,bet365,7.0,bet365,23.0,bet365,9.5,bet365,15.0,bet365,8.5,bet365,13.0,bet365,41.0,bet365,15.0,bet365,34.0,bet365,13.0,bet365,34.0,bet365,21.0,,0.0,0.0,,0.0,0.0,bet365,7.0,1.1,bet365,7.0,1.1,bet365,4.15,1.22,bet365,2.03,1.78,bet365,1.58,2.35,bet365,1.38,3.0,bet365,1.16,5.25,bet365,1.13,6.0,Novibet,51.0,17.5,15.5,Novibet,26.0,11.0,6.8,bet365,0.0,0.0,3.1,bet365,1.95,4.0,0.0,Novibet,1.34,5.5,1.06,Novibet,1.11,9.3,1.01,1.87,1.12,,,,,,,,,0.49,0.51,,,,,,,,,,,12.0,15.0,4.0,6.0,7.0,3.0,1.0,6.0,,,,,,,,,,,2.0,6.0,15.0,6.0,16.0,16.0,8.0,18.0,2.0,2.0,,,2.0,1.0,4.0,3.0,,,,,,,,,,,,,1.5,0.15,,,,,,,,,0.49,0.51,,,,,,,,,,,7.0,4.0,3.0,1.0,3.0,2.0,1.0,1.0,,,,,,,,,,,2.0,3.0,4.0,2.0,8.0,6.0,3.0,5.0,0.0,1.0,,,1.0,1.0,1.0,2.0,,,,,,,,,,,,,0.37,0.97,,,,,,,,,0.49,0.51,,,,,,,,,,,5.0,11.0,1.0,5.0,4.0,1.0,0.0,5.0,,,,,,,,,,,0.0,3.0,11.0,4.0,8.0,10.0,5.0,13.0,2.0,1.0,,,1.0,0.0,3.0,1.0,,,,,,,,,,,,
IRVUBBlf,ROMANIA,2023/2024,ROMANIA 1,Superliga,GILi6JC9,ROMANIA 1,02/03/2024,12:00,Round 29,UTA Arad,QDiPqBNj,U Craiova 1948,nNhLpi8p,False,3,2,,,,,,"[13, 28, 63]","[22, 42]",bet365,2.6,2.25,4.33,bet365,2.2,2.5,3.75,bet365,1.91,3.6,3.6,Novibet,1.37,3.0,Betano.br,2.77,1.45,Novibet,6.4,1.1,bet365,1.22,4.0,bet365,2.0,1.73,bet365,4.33,1.2,bet365,1.05,11.0,bet365,1.25,3.75,bet365,1.88,1.98,bet365,3.25,1.33,bet365,6.0,1.13,bet365,1.73,2.0,bet365,4.5,1.18,bet365,3.25,1.33,bet365,1.29,1.29,1.83,bet365,1.2,1.57,1.5,Betano.br,1.26,1.45,1.6,bet365,1.44,2.63,Novibet,1.5,2.45,Betano.br,1.5,2.5,bet365,3.1,13.0,29.0,5.0,5.5,8.0,21.0,15.0,6.0,bet365,1.98,1.88,bet365,2.1,1.73,bet365,1.91,1.8,bet365,12.0,bet365,8.0,bet365,12.0,bet365,7.0,bet365,9.5,bet365,19.0,bet365,8.5,bet365,13.0,bet365,15.0,bet365,17.0,bet365,41.0,bet365,15.0,bet365,29.0,bet365,23.0,bet365,34.0,bet365,6.8,1.11,bet365,6.6,1.11,bet365,3.45,1.3,bet365,2.75,1.43,bet365,1.98,1.88,bet365,1.3,3.45,bet365,1.1,7.0,bet365,1.1,7.0,,0.0,0.0,,0.0,0.0,Betano.br,15.5,9.0,32.0,Novibet,7.6,5.7,23.0,bet365,3.4,3.75,0.0,bet365,0.0,0.0,1.83,Novibet,1.07,10.0,1.31,Betano.br,1.02,14.5,1.1,2.24,0.82,,,,,,,,,0.45,0.55,,,,,,,,,,,13.0,14.0,6.0,4.0,6.0,4.0,1.0,6.0,,,,,,,,,,,8.0,1.0,14.0,17.0,18.0,22.0,15.0,14.0,1.0,1.0,,,2.0,0.0,2.0,3.0,,,,,,,,,,,,,0.87,0.26,,,,,,,,,0.46,0.54,,,,,,,,,,,8.0,6.0,4.0,2.0,3.0,2.0,1.0,2.0,,,,,,,,,,,5.0,0.0,6.0,8.0,9.0,12.0,6.0,6.0,1.0,0.0,,,2.0,0.0,0.0,2.0,,,,,,,,,,,,,1.37,0.56,,,,,,,,,0.44,0.56,,,,,,,,,,,5.0,8.0,2.0,2.0,3.0,2.0,0.0,4.0,,,,,,,,,,,3.0,1.0,8.0,9.0,9.0,10.0,9.0,8.0,0.0,1.0,,,0.0,0.0,2.0,1.0,,,,,,,,,,,,
SQvHN8m6,ROMANIA,2023/2024,ROMANIA 1,Superliga,GILi6JC9,ROMANIA 1,08/03/2024,18:00,Round 30,Petrolul,dhnNlCE9,Sepsi Sf. Gheorghe,IDsPIcMA,False,1,2,,,,,,[87],"[15, 90]",bet365,3.75,2.05,3.0,bet365,3.25,2.38,2.6,bet365,3.1,3.2,2.2,Novibet,1.46,2.65,Betano.br,3.15,1.37,Novibet,7.7,1.07,bet365,1.25,3.75,bet365,2.25,1.57,bet365,5.0,1.17,bet365,1.06,10.0,bet365,1.33,3.25,bet365,2.08,1.73,bet365,3.75,1.25,bet365,8.0,1.08,bet365,1.83,1.83,bet365,5.0,1.17,bet365,3.5,1.29,bet365,1.67,1.36,1.36,bet365,1.36,1.73,1.25,Novibet,1.45,1.55,1.33,bet365,2.25,1.57,Betano.br,2.18,1.62,Betano.br,2.2,1.62,bet365,5.5,15.0,26.0,7.0,4.75,5.5,34.0,15.0,3.75,bet365,2.0,1.85,bet365,2.1,1.73,bet365,2.0,1.73,bet365,8.5,bet365,9.0,bet365,7.0,bet365,6.5,bet365,15.0,bet365,10.0,bet365,12.0,bet365,9.5,bet365,15.0,bet365,34.0,bet365,21.0,bet365,29.0,bet365,19.0,bet365,41.0,bet365,29.0,,0.0,0.0,,0.0,0.0,bet365,7.0,1.1,bet365,6.0,1.13,bet365,3.1,1.35,bet365,1.65,2.2,bet365,1.3,3.45,bet365,1.21,4.25,,0.0,0.0,,0.0,0.0,Novibet,48.0,16.0,0.0,Novibet,19.5,8.8,11.75,bet365,0.0,0.0,4.5,bet365,1.67,4.0,0.0,Novibet,1.19,6.8,1.1,Betano.br,1.07,10.75,1.03,0.82,1.02,,,,,,,,,0.58,0.42,,,,,,,,,,,12.0,10.0,4.0,4.0,5.0,3.0,3.0,3.0,,,,,,,,,,,8.0,2.0,14.0,18.0,35.0,20.0,6.0,6.0,5.0,4.0,,,0.0,3.0,2.0,3.0,,,,,,,,,,,,,0.14,0.33,,,,,,,,,0.59,0.41,,,,,,,,,,,6.0,4.0,2.0,2.0,2.0,1.0,2.0,1.0,,,,,,,,,,,3.0,1.0,6.0,7.0,18.0,8.0,6.0,6.0,1.0,0.0,,,0.0,3.0,1.0,2.0,,,,,,,,,,,,,0.68,0.69,,,,,,,,,0.57,0.43,,,,,,,,,,,6.0,6.0,2.0,2.0,3.0,2.0,1.0,2.0,,,,,,,,,,,5.0,1.0,8.0,11.0,17.0,12.0,0.0,0.0,4.0,4.0,,,0.0,0.0,1.0,1.0,,,,,,,,,,,,
ldVddiH0,ROMANIA,2023/2024,ROMANIA 1,Superliga,GILi6JC9,ROMANIA 1,31/03/2024,18:00,Round 2,Farul Constanta,CrJbN1Pa,FCSB,Gv2kjDpN,False,0,1,,,,,,[],[82],bet365,4.0,2.2,2.75,bet365,3.5,2.5,2.38,bet365,3.5,3.4,2.05,bet365,1.4,2.75,bet365,3.0,1.36,bet365,8.0,1.08,bet365,1.22,4.0,bet365,2.1,1.67,bet365,4.5,1.18,bet365,1.05,11.0,bet365,1.29,3.5,bet365,2.0,1.85,bet365,3.4,1.3,bet365,7.0,1.1,bet365,1.8,1.91,bet365,5.0,1.17,bet365,3.4,1.3,bet365,1.73,1.3,1.29,bet365,1.4,1.62,1.22,Novibet,1.53,1.53,1.28,bet365,2.5,1.5,Novibet,2.35,1.54,Betano.br,2.37,1.55,bet365,5.5,15.0,23.0,7.5,5.0,5.0,29.0,13.0,3.4,bet365,2.0,1.85,bet365,2.1,1.73,bet365,1.91,1.8,bet365,10.0,bet365,11.0,bet365,7.5,bet365,6.5,bet365,17.0,bet365,10.0,bet365,12.0,bet365,9.0,bet365,15.0,bet365,41.0,bet365,19.0,bet365,29.0,bet365,17.0,bet365,34.0,bet365,26.0,,0.0,0.0,,0.0,0.0,,0.0,0.0,bet365,6.6,1.11,bet365,3.45,1.3,bet365,1.75,2.05,bet365,1.38,3.0,bet365,1.25,3.8,,0.0,0.0,,0.0,0.0,Novibet,51.0,17.5,0.0,Novibet,24.0,10.25,9.1,bet365,0.0,0.0,4.0,bet365,1.73,4.0,0.0,Novibet,1.25,6.1,1.07,Betano.br,1.07,10.5,1.02,0.78,1.02,,,,,,,,,0.53,0.47,,,,,,,,,,,11.0,12.0,5.0,5.0,3.0,5.0,3.0,2.0,,,,,,,,,,,2.0,5.0,13.0,15.0,23.0,26.0,17.0,16.0,4.0,6.0,,,0.0,2.0,4.0,5.0,,,,,,,,,,,,,0.24,0.43,,,,,,,,,0.53,0.47,,,,,,,,,,,6.0,6.0,3.0,2.0,1.0,3.0,2.0,1.0,,,,,,,,,,,1.0,3.0,7.0,3.0,9.0,17.0,4.0,7.0,1.0,1.0,,,0.0,2.0,2.0,3.0,,,,,,,,,,,,,0.54,0.59,,,,,,,,,0.53,0.47,,,,,,,,,,,5.0,6.0,2.0,3.0,2.0,2.0,1.0,1.0,,,,,,,,,,,1.0,2.0,6.0,12.0,14.0,9.0,13.0,9.0,3.0,5.0,,,0.0,0.0,2.0,2.0,,,,,,,,,,,,
n7No8TmJ,ROMANIA,2023/2024,ROMANIA 1,Superliga,GILi6JC9,ROMANIA 1,03/03/2024,12:30,Round 29,U. Cluj,Us6gkXaT,FC Botosani,GjY1JjUS,False,1,0,,,,,,[21],[],bet365,2.2,2.2,6.5,bet365,1.83,2.5,5.5,bet365,1.53,3.8,5.75,Novibet,1.44,2.75,Betano.br,3.2,1.36,Betano.br,7.4,1.08,bet365,1.25,3.75,bet365,2.25,1.57,bet365,5.5,1.14,bet365,1.06,10.0,bet365,1.33,3.25,bet365,2.08,1.73,bet365,3.75,1.25,bet365,8.0,1.08,bet365,2.2,1.62,bet365,6.0,1.13,bet365,4.33,1.2,bet365,1.14,1.25,2.38,bet365,1.11,1.62,1.62,Novibet,1.15,1.48,1.84,bet365,1.2,4.33,Novibet,1.24,3.75,Betano.br,1.25,3.7,bet365,2.4,15.0,41.0,4.0,5.5,12.0,23.0,17.0,11.0,bet365,1.95,1.9,bet365,2.1,1.73,bet365,2.0,1.73,bet365,9.0,bet365,6.0,bet365,13.0,bet365,7.5,bet365,6.5,bet365,29.0,bet365,9.0,bet365,19.0,bet365,21.0,bet365,11.0,bet365,67.0,bet365,15.0,bet365,51.0,bet365,34.0,bet365,51.0,bet365,5.5,1.15,bet365,4.4,1.2,bet365,2.68,1.45,bet365,2.05,1.8,bet365,1.58,2.35,bet365,1.16,5.25,,0.0,0.0,,0.0,0.0,,0.0,0.0,,0.0,0.0,Betano.br,11.75,7.4,37.0,Betano.br,5.3,4.5,35.0,bet365,2.6,3.5,0.0,bet365,0.0,0.0,2.38,Betano.br,1.03,13.0,1.5,Betano.br,1.01,16.0,1.16,0.34,0.35,,,,,,,,,0.49,0.51,,,,,,,,,,,4.0,5.0,1.0,1.0,3.0,1.0,0.0,3.0,,,,,,,,,,,4.0,4.0,19.0,18.0,36.0,25.0,17.0,18.0,0.0,2.0,,,1.0,1.0,1.0,0.0,,,,,,,,,,,,,0.24,0.2,,,,,,,,,0.52,0.48,,,,,,,,,,,2.0,2.0,1.0,1.0,1.0,0.0,0.0,1.0,,,,,,,,,,,3.0,1.0,11.0,9.0,19.0,9.0,8.0,10.0,0.0,1.0,,,1.0,1.0,1.0,0.0,,,,,,,,,,,,,0.1,0.15,,,,,,,,,0.45,0.55,,,,,,,,,,,2.0,3.0,0.0,0.0,2.0,1.0,0.0,2.0,,,,,,,,,,,1.0,3.0,8.0,9.0,17.0,16.0,9.0,8.0,0.0,1.0,,,0.0,0.0,0.0,0.0,,,,,,,,,,,,
CfCDneLr,ROMANIA,2023/2024,ROMANIA 1,Superliga,GILi6JC9,ROMANIA 1,18/02/2024,18:00,Round 26,Dinamo Bucuresti,rBgMi3MH,Otelul,2H5uhNyO,False,3,1,,,,,,[],[],,0.0,0.0,0.0,,0.0,0.0,0.0,,0.0,0.0,0.0,,0.0,0.0,,0.0,0.0,,0.0,0.0,,0.0,0.0,,0.0,0.0,,0.0,0.0,,0.0,0.0,,0.0,0.0,,0.0,0.0,,0.0,0.0,,0.0,0.0,,0.0,0.0,,0.0,0.0,,0.0,0.0,,0.0,0.0,0.0,,0.0,0.0,0.0,,0.0,0.0,0.0,,0.0,0.0,,0.0,0.0,,0.0,0.0,,0.0,0.0,0.0,0.0,0.0,0.0,0.0,0.0,0.0,,0.0,0.0,,0.0,0.0,,0.0,0.0,,0.0,,0.0,,0.0,,0.0,,0.0,,0.0,,0.0,,0.0,,0.0,,0.0,,0.0,,0.0,,0.0,,0.0,,0.0,,0.0,0.0,,0.0,0.0,,0.0,0.0,,0.0,0.0,,0.0,0.0,,0.0,0.0,,0.0,0.0,,0.0,0.0,,0.0,0.0,,0.0,0.0,,0.0,0.0,0.0,,0.0,0.0,0.0,,0.0,0.0,0.0,,0.0,0.0,0.0,,0.0,0.0,0.0,,0.0,0.0,0.0,,,,,,,,,,,,,,,,,,,,,,,,,,,,,,,,,,,,,,,,,,,,,,,,,,,,,,,,,,,,,,,,,,,,,,,,,,,,,,,,,,,,,,,,,,,,,,,,,,,,,,,,,,,,,,,,,,,,,,,,,,,,,,,,,,,,,,,,,,,,,,,,,,,,,,,,,,,,,,,,,,,,,,,,,,,,,,,,,,,,,,,,,,,,,,,,,,,,,,,,,,,,
v3ey6qM3,ROMANIA,2023/2024,ROMANIA 1,Superliga,GILi6JC9,ROMANIA 1,18/02/2024,15:15,Round 26,FC Botosani,GjY1JjUS,Univ. Craiova,bsd9fGaK,False,2,2,,,,,,[],[],,0.0,0.0,0.0,,0.0,0.0,0.0,,0.0,0.0,0.0,,0.0,0.0,,0.0,0.0,,0.0,0.0,,0.0,0.0,,0.0,0.0,,0.0,0.0,,0.0,0.0,,0.0,0.0,,0.0,0.0,,0.0,0.0,,0.0,0.0,,0.0,0.0,,0.0,0.0,,0.0,0.0,,0.0,0.0,0.0,,0.0,0.0,0.0,,0.0,0.0,0.0,,0.0,0.0,,0.0,0.0,,0.0,0.0,,0.0,0.0,0.0,0.0,0.0,0.0,0.0,0.0,0.0,,0.0,0.0,,0.0,0.0,,0.0,0.0,,0.0,,0.0,,0.0,,0.0,,0.0,,0.0,,0.0,,0.0,,0.0,,0.0,,0.0,,0.0,,0.0,,0.0,,0.0,,0.0,0.0,,0.0,0.0,,0.0,0.0,,0.0,0.0,,0.0,0.0,,0.0,0.0,,0.0,0.0,,0.0,0.0,,0.0,0.0,,0.0,0.0,,0.0,0.0,0.0,,0.0,0.0,0.0,,0.0,0.0,0.0,,0.0,0.0,0.0,,0.0,0.0,0.0,,0.0,0.0,0.0,,,,,,,,,,,,,,,,,,,,,,,,,,,,,,,,,,,,,,,,,,,,,,,,,,,,,,,,,,,,,,,,,,,,,,,,,,,,,,,,,,,,,,,,,,,,,,,,,,,,,,,,,,,,,,,,,,,,,,,,,,,,,,,,,,,,,,,,,,,,,,,,,,,,,,,,,,,,,,,,,,,,,,,,,,,,,,,,,,,,,,,,,,,,,,,,,,,,,,,,,,,,
6HBHoFzk,ROMANIA,2023/2024,ROMANIA 1,Superliga,GILi6JC9,ROMANIA 1,19/02/2024,15:30,Round 26,Sepsi Sf. Gheorghe,IDsPIcMA,Farul Constanta,CrJbN1Pa,False,0,1,,,,,,[],[],,0.0,0.0,0.0,,0.0,0.0,0.0,,0.0,0.0,0.0,,0.0,0.0,,0.0,0.0,,0.0,0.0,,0.0,0.0,,0.0,0.0,,0.0,0.0,,0.0,0.0,,0.0,0.0,,0.0,0.0,,0.0,0.0,,0.0,0.0,,0.0,0.0,,0.0,0.0,,0.0,0.0,,0.0,0.0,0.0,,0.0,0.0,0.0,,0.0,0.0,0.0,,0.0,0.0,,0.0,0.0,,0.0,0.0,,0.0,0.0,0.0,0.0,0.0,0.0,0.0,0.0,0.0,,0.0,0.0,,0.0,0.0,,0.0,0.0,,0.0,,0.0,,0.0,,0.0,,0.0,,0.0,,0.0,,0.0,,0.0,,0.0,,0.0,,0.0,,0.0,,0.0,,0.0,,0.0,0.0,,0.0,0.0,,0.0,0.0,,0.0,0.0,,0.0,0.0,,0.0,0.0,,0.0,0.0,,0.0,0.0,,0.0,0.0,,0.0,0.0,,0.0,0.0,0.0,,0.0,0.0,0.0,,0.0,0.0,0.0,,0.0,0.0,0.0,,0.0,0.0,0.0,,0.0,0.0,0.0,,,,,,,,,,,,,,,,,,,,,,,,,,,,,,,,,,,,,,,,,,,,,,,,,,,,,,,,,,,,,,,,,,,,,,,,,,,,,,,,,,,,,,,,,,,,,,,,,,,,,,,,,,,,,,,,,,,,,,,,,,,,,,,,,,,,,,,,,,,,,,,,,,,,,,,,,,,,,,,,,,,,,,,,,,,,,,,,,,,,,,,,,,,,,,,,,,,,,,,,,,,,
Qwf4ej4D,ROMANIA,2023/2024,ROMANIA 1,Superliga,GILi6JC9,ROMANIA 1,29/02/2024,19:00,Round 28,FC Voluntari,WIoSeFi4,FCSB,Gv2kjDpN,False,1,2,,,,,,[16],"[48, 54]",bet365,6.0,2.2,2.25,bet365,5.0,2.5,1.95,bet365,5.0,3.75,1.6,Novibet,1.44,2.75,Betano.br,3.1,1.37,Novibet,7.4,1.08,bet365,1.25,3.75,bet365,2.2,1.62,bet365,5.0,1.17,bet365,1.06,9.5,bet365,1.33,3.25,bet365,2.05,1.75,bet365,3.5,1.29,bet365,8.0,1.08,bet365,2.0,1.73,bet365,5.5,1.14,bet365,4.0,1.22,bet365,2.3,1.25,1.17,bet365,1.57,1.62,1.13,Betano.br,1.8,1.45,1.15,bet365,3.75,1.25,Novibet,3.4,1.28,Betano.br,3.55,1.27,bet365,9.5,17.0,23.0,11.0,5.5,4.33,41.0,15.0,2.6,bet365,1.93,1.93,bet365,2.1,1.73,bet365,1.91,1.8,bet365,9.5,bet365,12.0,bet365,6.0,bet365,7.5,bet365,26.0,bet365,7.0,bet365,17.0,bet365,8.5,bet365,19.0,bet365,51.0,bet365,12.0,bet365,41.0,bet365,15.0,bet365,51.0,bet365,29.0,,0.0,0.0,,0.0,0.0,,0.0,0.0,,0.0,0.0,bet365,5.0,1.17,bet365,2.3,1.6,bet365,1.73,2.08,bet365,1.43,2.75,bet365,1.19,4.5,bet365,1.14,5.75,Betano.br,40.0,15.5,11.75,Novibet,50.0,14.0,5.45,bet365,0.0,0.0,2.75,bet365,2.3,3.5,0.0,Novibet,1.48,4.7,1.02,Novibet,1.15,7.8,0.0,0.87,0.73,,,,,,,,,0.43,0.57,,,,,,,,,,,8.0,15.0,4.0,4.0,2.0,7.0,2.0,4.0,,,,,,,,,,,3.0,5.0,19.0,13.0,22.0,27.0,12.0,16.0,4.0,3.0,,,1.0,3.0,2.0,3.0,,,,,,,,,,,,,0.87,0.29,,,,,,,,,0.38,0.62,,,,,,,,,,,6.0,8.0,3.0,1.0,1.0,5.0,2.0,2.0,,,,,,,,,,,2.0,4.0,14.0,5.0,8.0,16.0,5.0,11.0,1.0,2.0,,,0.0,3.0,1.0,2.0,,,,,,,,,,,,,0.0,0.44,,,,,,,,,0.48,0.52,,,,,,,,,,,2.0,7.0,1.0,3.0,1.0,2.0,0.0,2.0,,,,,,,,,,,1.0,1.0,5.0,8.0,14.0,11.0,7.0,5.0,3.0,1.0,,,1.0,0.0,1.0,1.0,,,,,,,,,,,,
Kfh0Rjls,ROMANIA,2023/2024,ROMANIA 1,Superliga,GILi6JC9,ROMANIA 1,11/03/2024,18:00,Round 30,Otelul,2H5uhNyO,Poli Iasi,t84qisiU,False,1,1,,,,,,[71],[9],bet365,2.88,1.95,4.5,bet365,2.4,2.2,4.0,bet365,2.05,3.0,3.8,Novibet,1.53,2.45,Betano.br,3.6,1.3,Novibet,8.7,1.05,bet365,1.33,3.25,bet365,2.63,1.44,bet365,6.5,1.11,bet365,1.1,7.0,bet365,1.5,2.5,bet365,2.5,1.5,bet365,5.0,1.17,bet365,11.0,1.05,bet365,2.1,1.67,bet365,6.5,1.11,bet365,4.33,1.2,bet365,1.25,1.36,1.73,bet365,1.17,1.8,1.4,Novibet,1.25,1.6,1.51,bet365,1.44,2.63,Novibet,1.51,2.45,Betano.br,1.53,2.4,bet365,3.5,15.0,41.0,4.75,4.33,7.5,29.0,15.0,6.5,bet365,2.03,1.83,bet365,2.2,1.67,bet365,2.0,1.73,bet365,6.5,bet365,6.0,bet365,9.0,bet365,6.0,bet365,8.5,bet365,19.0,bet365,9.5,bet365,15.0,bet365,19.0,bet365,19.0,bet365,41.0,bet365,21.0,bet365,41.0,bet365,41.0,bet365,51.0,,0.0,0.0,,0.0,0.0,bet365,4.1,1.23,bet365,3.3,1.33,bet365,2.1,1.78,bet365,1.25,3.8,bet365,1.11,6.8,,0.0,0.0,,0.0,0.0,,0.0,0.0,Betano.br,23.0,10.75,37.0,Novibet,10.25,6.2,31.0,bet365,4.33,3.6,0.0,bet365,0.0,0.0,1.73,Novibet,1.05,10.75,1.23,Betano.br,1.02,15.0,1.06,1.52,1.02,,,,,,,,,0.53,0.47,,,,,,,,,,,9.0,10.0,2.0,5.0,7.0,2.0,0.0,3.0,,,,,,,,,,,4.0,2.0,13.0,11.0,47.0,36.0,13.0,13.0,1.0,2.0,,,2.0,1.0,4.0,1.0,,,,,,,,,,,,,0.12,0.96,,,,,,,,,0.5,0.5,,,,,,,,,,,5.0,6.0,0.0,4.0,5.0,1.0,0.0,1.0,,,,,,,,,,,3.0,2.0,8.0,3.0,26.0,18.0,5.0,8.0,0.0,2.0,,,1.0,1.0,3.0,0.0,,,,,,,,,,,,,1.4,0.06,,,,,,,,,0.56,0.44,,,,,,,,,,,4.0,4.0,2.0,1.0,2.0,1.0,0.0,2.0,,,,,,,,,,,1.0,0.0,5.0,8.0,21.0,18.0,8.0,5.0,1.0,0.0,,,1.0,0.0,1.0,1.0,,,,,,,,,,,,
4dwG6LCP,ROMANIA,2023/2024,ROMANIA 1,Superliga,GILi6JC9,ROMANIA 1,29/03/2024,15:30,Round 2,FC Voluntari,WIoSeFi4,FC Hermannstadt,pUUuFXvI,False,1,0,,,,,,[70],[],bet365,4.0,1.91,3.4,bet365,3.25,2.2,2.88,bet365,3.0,3.1,2.45,bet365,1.57,2.25,bet365,3.75,1.25,bet365,13.0,1.04,bet365,1.36,3.0,bet365,2.63,1.44,bet365,7.0,1.1,bet365,1.1,7.0,bet365,1.5,2.5,bet365,2.5,1.5,bet365,5.0,1.17,bet365,13.0,1.04,bet365,2.2,1.62,bet365,6.5,1.11,bet365,4.33,1.2,bet365,1.53,1.36,1.36,bet365,1.3,1.8,1.22,Betano.br,1.38,1.6,1.31,bet365,2.0,1.73,Betano.br,1.93,1.78,Betano.br,2.0,1.75,bet365,5.0,15.0,34.0,6.5,4.0,5.5,34.0,15.0,4.33,bet365,1.98,1.88,bet365,2.3,1.62,bet365,2.0,1.73,bet365,6.5,bet365,7.0,bet365,6.0,bet365,6.0,bet365,13.0,bet365,10.0,bet365,12.0,bet365,11.0,bet365,19.0,bet365,34.0,bet365,23.0,bet365,29.0,bet365,23.0,bet365,41.0,bet365,41.0,,0.0,0.0,,0.0,0.0,bet365,7.0,1.1,bet365,5.9,1.13,bet365,3.0,1.38,bet365,1.55,2.38,bet365,1.22,4.15,bet365,1.16,5.25,,0.0,0.0,,0.0,0.0,Betano.br,32.0,13.5,30.0,Betano.br,18.0,8.25,15.0,bet365,0.0,0.0,5.5,bet365,1.53,4.0,0.0,Betano.br,1.14,7.2,1.11,Betano.br,1.03,12.5,1.03,1.49,1.03,,,,,,,,,0.46,0.54,,,,,,,,,,,11.0,15.0,5.0,4.0,1.0,7.0,5.0,4.0,,,,,,,,,,,3.0,6.0,8.0,19.0,25.0,25.0,19.0,9.0,1.0,2.0,,,3.0,0.0,4.0,4.0,,,,,,,,,,,,,0.49,0.3,,,,,,,,,0.51,0.49,,,,,,,,,,,5.0,5.0,2.0,2.0,0.0,2.0,3.0,1.0,,,,,,,,,,,2.0,2.0,4.0,12.0,19.0,14.0,12.0,4.0,0.0,1.0,,,1.0,0.0,2.0,2.0,,,,,,,,,,,,,1.0,0.73,,,,,,,,,0.41,0.59,,,,,,,,,,,6.0,10.0,3.0,2.0,1.0,5.0,2.0,3.0,,,,,,,,,,,1.0,4.0,4.0,7.0,6.0,11.0,7.0,5.0,1.0,1.0,,,2.0,0.0,2.0,2.0,,,,,,,,,,,,
p2kCOlYa,ROMANIA,2023/2024,ROMANIA 1,Superliga,GILi6JC9,ROMANIA 1,09/03/2024,18:00,Round 30,FC Rapid Bucuresti,YFCpigVG,FCSB,Gv2kjDpN,False,4,0,,,,,,"[33, 54, 74, 82]",[],bet365,4.0,2.2,2.63,bet365,3.6,2.5,2.3,bet365,3.5,3.4,1.95,Novibet,1.38,2.95,Betano.br,2.82,1.44,Novibet,6.5,1.1,bet365,1.22,4.0,bet365,2.0,1.73,bet365,4.33,1.2,bet365,1.05,11.0,bet365,1.29,3.5,bet365,1.93,1.93,bet365,3.25,1.33,bet365,6.5,1.11,bet365,1.73,2.0,bet365,4.5,1.18,bet365,3.25,1.33,bet365,1.8,1.3,1.29,bet365,1.44,1.62,1.22,Betano.br,1.52,1.47,1.29,bet365,2.63,1.44,Betano.br,2.22,1.6,Betano.br,2.27,1.6,bet365,6.0,15.0,23.0,8.0,5.5,5.0,29.0,13.0,3.25,bet365,1.98,1.88,bet365,2.1,1.73,bet365,1.91,1.8,bet365,11.0,bet365,11.0,bet365,8.0,bet365,6.5,bet365,19.0,bet365,10.0,bet365,13.0,bet365,9.0,bet365,15.0,bet365,41.0,bet365,17.0,bet365,29.0,bet365,15.0,bet365,34.0,bet365,26.0,,0.0,0.0,,0.0,0.0,bet365,7.0,1.1,bet365,6.8,1.11,bet365,3.45,1.3,bet365,1.83,2.03,bet365,1.4,2.85,bet365,1.28,3.55,bet365,1.1,7.0,,0.0,0.0,Novibet,41.0,15.5,0.0,Betano.br,17.5,8.75,8.75,bet365,0.0,0.0,3.6,bet365,1.8,4.0,0.0,Novibet,1.2,6.8,1.11,Betano.br,1.08,10.25,1.03,,,,,,,,,,,0.38,0.62,,,,,,,,,,,11.0,9.0,5.0,3.0,5.0,4.0,1.0,2.0,,,,,,,,,,,4.0,9.0,15.0,14.0,26.0,31.0,14.0,15.0,0.0,1.0,,,0.0,3.0,3.0,1.0,,,,,,,,,,,,,,,,,,,,,,,0.39,0.61,,,,,,,,,,,4.0,4.0,1.0,2.0,2.0,2.0,1.0,0.0,,,,,,,,,,,2.0,5.0,6.0,10.0,11.0,17.0,10.0,6.0,0.0,1.0,,,0.0,2.0,2.0,0.0,,,,,,,,,,,,,,,,,,,,,,,0.37,0.63,,,,,,,,,,,7.0,5.0,4.0,1.0,3.0,2.0,0.0,2.0,,,,,,,,,,,2.0,4.0,9.0,4.0,15.0,14.0,4.0,9.0,,,,,0.0,1.0,1.0,1.0,,,,,,,,,,,,
xINMDXJs,ROMANIA,2023/2024,ROMANIA 1,Superliga,GILi6JC9,ROMANIA 1,02/03/2024,15:00,Round 29,FC Hermannstadt,pUUuFXvI,Otelul,2H5uhNyO,False,4,1,,,,,,"[26, 44, 49, 86]",[12],bet365,3.0,1.91,4.75,bet365,2.5,2.1,4.0,bet365,2.05,2.88,3.6,Novibet,1.57,2.35,Betano.br,3.85,1.27,Novibet,9.4,1.04,bet365,1.36,3.0,bet365,2.75,1.4,bet365,8.0,1.08,bet365,1.11,6.5,bet365,1.53,2.38,bet365,2.7,1.44,bet365,5.5,1.14,bet365,13.0,1.04,bet365,2.25,1.57,bet365,7.0,1.1,bet365,4.5,1.18,bet365,1.25,1.36,1.67,bet365,1.18,1.8,1.36,Novibet,1.25,1.63,1.49,bet365,1.44,2.63,Novibet,1.53,2.4,Novibet,1.53,2.4,bet365,3.6,15.0,41.0,5.0,4.0,7.5,29.0,17.0,6.5,bet365,2.0,1.85,bet365,2.3,1.62,bet365,2.0,1.73,bet365,6.0,bet365,5.5,bet365,8.0,bet365,6.0,bet365,8.5,bet365,17.0,bet365,10.0,bet365,15.0,bet365,21.0,bet365,19.0,bet365,41.0,bet365,21.0,bet365,41.0,bet365,41.0,bet365,51.0,,0.0,0.0,,0.0,0.0,bet365,4.25,1.21,bet365,3.45,1.3,bet365,2.08,1.73,bet365,1.26,3.7,bet365,1.1,7.0,,0.0,0.0,,0.0,0.0,,0.0,0.0,Betano.br,24.0,11.25,40.0,Novibet,11.25,6.3,32.0,bet365,4.5,3.6,0.0,bet365,0.0,0.0,1.67,Novibet,1.05,10.75,1.21,Betano.br,1.02,15.0,1.05,3.26,0.98,,,,,,,,,0.4,0.6,,,,,,,,,,,9.0,12.0,7.0,1.0,2.0,5.0,0.0,6.0,,,,,,,,,,,2.0,2.0,14.0,18.0,26.0,31.0,14.0,13.0,3.0,3.0,,,4.0,1.0,0.0,3.0,,,,,,,,,,,,,1.1,0.41,,,,,,,,,0.39,0.61,,,,,,,,,,,4.0,7.0,4.0,1.0,0.0,3.0,0.0,3.0,,,,,,,,,,,0.0,1.0,7.0,12.0,16.0,11.0,10.0,7.0,0.0,1.0,,,2.0,0.0,0.0,2.0,,,,,,,,,,,,,2.16,0.57,,,,,,,,,0.41,0.59,,,,,,,,,,,5.0,5.0,3.0,0.0,2.0,2.0,0.0,3.0,,,,,,,,,,,2.0,1.0,7.0,6.0,10.0,20.0,4.0,6.0,3.0,2.0,,,2.0,1.0,0.0,1.0,,,,,,,,,,,,
EDFXVWuQ,ROMANIA,2023/2024,ROMANIA 1,Superliga,GILi6JC9,ROMANIA 1,08/03/2024,18:00,Round 30,CFR Cluj,4KfIhq7B,FC Hermannstadt,pUUuFXvI,False,1,0,,,,,,[90],[],bet365,2.3,2.1,5.5,bet365,2.0,2.4,5.0,bet365,1.65,3.5,5.25,Novibet,1.44,2.7,Betano.br,3.15,1.37,Novibet,7.4,1.08,bet365,1.25,3.75,bet365,2.2,1.62,bet365,5.0,1.17,bet365,1.07,9.0,bet365,1.33,3.25,bet365,2.1,1.7,bet365,3.75,1.25,bet365,8.0,1.08,bet365,2.0,1.73,bet365,5.5,1.14,bet365,4.0,1.22,bet365,1.17,1.29,2.2,bet365,1.13,1.67,1.57,Betano.br,1.18,1.47,1.72,bet365,1.25,3.75,Novibet,1.33,3.15,Betano.br,1.33,3.15,bet365,2.63,15.0,41.0,4.33,5.0,10.0,23.0,17.0,9.0,bet365,2.0,1.85,bet365,2.1,1.73,bet365,2.0,1.73,bet365,8.5,bet365,6.0,bet365,13.0,bet365,7.0,bet365,7.0,bet365,26.0,bet365,8.5,bet365,17.0,bet365,19.0,bet365,12.0,bet365,51.0,bet365,15.0,bet365,41.0,bet365,29.0,bet365,51.0,bet365,5.9,1.13,bet365,5.0,1.17,bet365,2.85,1.4,bet365,2.15,1.68,bet365,1.63,2.25,bet365,1.16,5.25,,0.0,0.0,,0.0,0.0,,0.0,0.0,,0.0,0.0,Betano.br,13.5,8.0,37.0,Betano.br,6.1,4.8,30.0,bet365,2.88,3.5,0.0,bet365,0.0,0.0,2.2,Betano.br,1.04,11.75,1.42,Betano.br,1.01,15.5,1.14,0.79,0.68,,,,,,,,,0.6,0.4,,,,,,,,,,,16.0,13.0,5.0,5.0,4.0,6.0,7.0,2.0,,,,,,,,,,,4.0,3.0,18.0,18.0,32.0,22.0,10.0,8.0,0.0,1.0,,,,,5.0,4.0,,,,,,,,,,,,,0.29,0.22,,,,,,,,,0.58,0.42,,,,,,,,,,,5.0,4.0,1.0,1.0,2.0,2.0,2.0,1.0,,,,,,,,,,,0.0,2.0,10.0,10.0,16.0,10.0,10.0,9.0,,,,,,,1.0,1.0,,,,,,,,,,,,,0.5,0.46,,,,,,,,,0.62,0.38,,,,,,,,,,,11.0,9.0,4.0,4.0,2.0,4.0,5.0,1.0,,,,,,,,,,,4.0,1.0,8.0,8.0,16.0,12.0,0.0,-1.0,0.0,1.0,,,,,4.0,3.0,,,,,,,,,,,,
0ABTWCQJ,ROMANIA,2023/2024,ROMANIA 1,Superliga,GILi6JC9,ROMANIA 1,02/03/2024,18:00,Round 29,Farul Constanta,CrJbN1Pa,CFR Cluj,4KfIhq7B,False,1,1,,,,,,[65],[82],bet365,3.75,2.1,2.88,bet365,3.25,2.4,2.5,bet365,3.0,3.4,2.2,Novibet,1.41,2.8,Betano.br,3.0,1.39,Novibet,7.0,1.08,bet365,1.25,3.75,bet365,2.1,1.67,bet365,4.5,1.18,bet365,1.05,11.0,bet365,1.3,3.4,bet365,2.0,1.85,bet365,3.4,1.3,bet365,7.0,1.1,bet365,1.8,1.91,bet365,4.5,1.18,bet365,3.4,1.3,bet365,1.67,1.3,1.36,bet365,1.4,1.67,1.25,Betano.br,1.45,1.52,1.31,bet365,2.2,1.62,Novibet,2.15,1.65,Betano.br,2.15,1.65,bet365,5.0,15.0,26.0,7.0,5.0,5.5,29.0,13.0,3.6,bet365,1.98,1.88,bet365,2.1,1.73,bet365,1.91,1.8,bet365,10.0,bet365,9.5,bet365,8.0,bet365,6.5,bet365,15.0,bet365,11.0,bet365,11.0,bet365,9.5,bet365,15.0,bet365,34.0,bet365,21.0,bet365,26.0,bet365,19.0,bet365,34.0,bet365,29.0,,0.0,0.0,,0.0,0.0,bet365,6.6,1.11,bet365,5.75,1.14,bet365,3.0,1.38,bet365,1.65,2.2,bet365,1.3,3.45,bet365,1.21,4.25,,0.0,0.0,,0.0,0.0,Novibet,46.0,16.0,0.0,Novibet,19.25,9.0,10.5,bet365,0.0,0.0,4.33,bet365,1.67,4.0,0.0,Betano.br,1.2,6.5,1.11,Betano.br,1.06,11.25,1.03,1.32,1.05,,,,,,,,,0.46,0.54,,,,,,,,,,,14.0,8.0,5.0,4.0,4.0,4.0,5.0,0.0,,,,,,,,,,,6.0,6.0,10.0,10.0,17.0,28.0,8.0,10.0,1.0,1.0,,,2.0,0.0,3.0,4.0,,,,,,,,,,,,,1.09,0.15,,,,,,,,,0.56,0.44,,,,,,,,,,,12.0,3.0,4.0,2.0,4.0,1.0,4.0,0.0,,,,,,,,,,,6.0,3.0,6.0,5.0,8.0,8.0,3.0,6.0,1.0,0.0,,,2.0,0.0,2.0,4.0,,,,,,,,,,,,,0.23,0.9,,,,,,,,,0.36,0.64,,,,,,,,,,,2.0,5.0,1.0,2.0,0.0,3.0,1.0,0.0,,,,,,,,,,,0.0,3.0,4.0,5.0,9.0,20.0,5.0,4.0,0.0,1.0,,,0.0,0.0,1.0,0.0,,,,,,,,,,,,
QHMfg6xb,ROMANIA,2023/2024,ROMANIA 1,Superliga,GILi6JC9,ROMANIA 1,10/02/2024,12:00,Round 25,Poli Iasi,t84qisiU,FC Voluntari,WIoSeFi4,False,0,0,,,,,,[],[],,0.0,0.0,0.0,,0.0,0.0,0.0,,0.0,0.0,0.0,,0.0,0.0,,0.0,0.0,,0.0,0.0,,0.0,0.0,,0.0,0.0,,0.0,0.0,,0.0,0.0,,0.0,0.0,,0.0,0.0,,0.0,0.0,,0.0,0.0,,0.0,0.0,,0.0,0.0,,0.0,0.0,,0.0,0.0,0.0,,0.0,0.0,0.0,,0.0,0.0,0.0,,0.0,0.0,,0.0,0.0,,0.0,0.0,,0.0,0.0,0.0,0.0,0.0,0.0,0.0,0.0,0.0,,0.0,0.0,,0.0,0.0,,0.0,0.0,,0.0,,0.0,,0.0,,0.0,,0.0,,0.0,,0.0,,0.0,,0.0,,0.0,,0.0,,0.0,,0.0,,0.0,,0.0,,0.0,0.0,,0.0,0.0,,0.0,0.0,,0.0,0.0,,0.0,0.0,,0.0,0.0,,0.0,0.0,,0.0,0.0,,0.0,0.0,,0.0,0.0,,0.0,0.0,0.0,,0.0,0.0,0.0,,0.0,0.0,0.0,,0.0,0.0,0.0,,0.0,0.0,0.0,,0.0,0.0,0.0,,,,,,,,,,,,,,,,,,,,,,,,,,,,,,,,,,,,,,,,,,,,,,,,,,,,,,,,,,,,,,,,,,,,,,,,,,,,,,,,,,,,,,,,,,,,,,,,,,,,,,,,,,,,,,,,,,,,,,,,,,,,,,,,,,,,,,,,,,,,,,,,,,,,,,,,,,,,,,,,,,,,,,,,,,,,,,,,,,,,,,,,,,,,,,,,,,,,,,,,,,,,
bVK2ip7A,ROMANIA,2023/2024,ROMANIA 1,Superliga,GILi6JC9,ROMANIA 1,10/02/2024,19:15,Round 25,CFR Cluj,4KfIhq7B,FC Rapid Bucuresti,YFCpigVG,False,0,1,,,,,,[],[],,0.0,0.0,0.0,,0.0,0.0,0.0,,0.0,0.0,0.0,,0.0,0.0,,0.0,0.0,,0.0,0.0,,0.0,0.0,,0.0,0.0,,0.0,0.0,,0.0,0.0,,0.0,0.0,,0.0,0.0,,0.0,0.0,,0.0,0.0,,0.0,0.0,,0.0,0.0,,0.0,0.0,,0.0,0.0,0.0,,0.0,0.0,0.0,,0.0,0.0,0.0,,0.0,0.0,,0.0,0.0,,0.0,0.0,,0.0,0.0,0.0,0.0,0.0,0.0,0.0,0.0,0.0,,0.0,0.0,,0.0,0.0,,0.0,0.0,,0.0,,0.0,,0.0,,0.0,,0.0,,0.0,,0.0,,0.0,,0.0,,0.0,,0.0,,0.0,,0.0,,0.0,,0.0,,0.0,0.0,,0.0,0.0,,0.0,0.0,,0.0,0.0,,0.0,0.0,,0.0,0.0,,0.0,0.0,,0.0,0.0,,0.0,0.0,,0.0,0.0,,0.0,0.0,0.0,,0.0,0.0,0.0,,0.0,0.0,0.0,,0.0,0.0,0.0,,0.0,0.0,0.0,,0.0,0.0,0.0,,,,,,,,,,,,,,,,,,,,,,,,,,,,,,,,,,,,,,,,,,,,,,,,,,,,,,,,,,,,,,,,,,,,,,,,,,,,,,,,,,,,,,,,,,,,,,,,,,,,,,,,,,,,,,,,,,,,,,,,,,,,,,,,,,,,,,,,,,,,,,,,,,,,,,,,,,,,,,,,,,,,,,,,,,,,,,,,,,,,,,,,,,,,,,,,,,,,,,,,,,,,
CYO6j4MG,ROMANIA,2023/2024,ROMANIA 1,Superliga,GILi6JC9,ROMANIA 1,09/02/2024,18:00,Round 25,Univ. Craiova,bsd9fGaK,U. Cluj,Us6gkXaT,False,2,2,,,,,,[],[],,0.0,0.0,0.0,,0.0,0.0,0.0,,0.0,0.0,0.0,,0.0,0.0,,0.0,0.0,,0.0,0.0,,0.0,0.0,,0.0,0.0,,0.0,0.0,,0.0,0.0,,0.0,0.0,,0.0,0.0,,0.0,0.0,,0.0,0.0,,0.0,0.0,,0.0,0.0,,0.0,0.0,,0.0,0.0,0.0,,0.0,0.0,0.0,,0.0,0.0,0.0,,0.0,0.0,,0.0,0.0,,0.0,0.0,,0.0,0.0,0.0,0.0,0.0,0.0,0.0,0.0,0.0,,0.0,0.0,,0.0,0.0,,0.0,0.0,,0.0,,0.0,,0.0,,0.0,,0.0,,0.0,,0.0,,0.0,,0.0,,0.0,,0.0,,0.0,,0.0,,0.0,,0.0,,0.0,0.0,,0.0,0.0,,0.0,0.0,,0.0,0.0,,0.0,0.0,,0.0,0.0,,0.0,0.0,,0.0,0.0,,0.0,0.0,,0.0,0.0,,0.0,0.0,0.0,,0.0,0.0,0.0,,0.0,0.0,0.0,,0.0,0.0,0.0,,0.0,0.0,0.0,,0.0,0.0,0.0,,,,,,,,,,,,,,,,,,,,,,,,,,,,,,,,,,,,,,,,,,,,,,,,,,,,,,,,,,,,,,,,,,,,,,,,,,,,,,,,,,,,,,,,,,,,,,,,,,,,,,,,,,,,,,,,,,,,,,,,,,,,,,,,,,,,,,,,,,,,,,,,,,,,,,,,,,,,,,,,,,,,,,,,,,,,,,,,,,,,,,,,,,,,,,,,,,,,,,,,,,,,
2ukP4fsR,ROMANIA,2023/2024,ROMANIA 1,Superliga,GILi6JC9,ROMANIA 1,25/02/2024,12:00,Round 27,Sepsi Sf. Gheorghe,IDsPIcMA,U. Cluj,Us6gkXaT,False,0,0,,,,,,[],[],bet365,2.88,2.05,4.0,bet365,2.5,2.38,3.4,bet365,2.15,3.2,3.5,bet365,1.44,2.63,bet365,3.25,1.33,bet365,9.0,1.07,bet365,1.29,3.5,bet365,2.25,1.57,bet365,5.5,1.14,bet365,1.07,9.0,bet365,1.36,3.0,bet365,2.1,1.7,bet365,3.75,1.25,bet365,8.0,1.08,bet365,1.83,1.83,bet365,5.5,1.14,bet365,3.75,1.25,bet365,1.29,1.36,1.67,bet365,1.22,1.73,1.4,Novibet,1.26,1.58,1.5,bet365,1.53,2.38,Novibet,1.54,2.35,Novibet,1.55,2.35,bet365,3.6,15.0,34.0,5.0,4.75,7.0,26.0,15.0,5.5,bet365,2.03,1.83,bet365,2.2,1.67,bet365,2.0,1.73,bet365,8.0,bet365,7.0,bet365,9.5,bet365,6.0,bet365,10.0,bet365,17.0,bet365,9.5,bet365,13.0,bet365,15.0,bet365,21.0,bet365,41.0,bet365,19.0,bet365,29.0,bet365,29.0,bet365,41.0,,0.0,0.0,,0.0,0.0,bet365,4.4,1.2,bet365,3.45,1.3,bet365,2.2,1.65,bet365,1.33,3.3,bet365,1.12,6.25,bet365,1.1,7.0,,0.0,0.0,,0.0,0.0,Betano.br,21.0,10.75,35.0,Novibet,10.0,6.4,27.0,bet365,4.33,4.0,0.0,bet365,0.0,0.0,1.67,Novibet,1.06,10.5,1.23,Betano.br,1.02,14.5,1.06,1.0,0.52,,,,,,,,,0.57,0.43,,,,,,,,,,,5.0,3.0,2.0,1.0,0.0,1.0,3.0,1.0,,,,,,,,,,,0.0,0.0,17.0,14.0,29.0,21.0,13.0,16.0,1.0,1.0,,,1.0,1.0,1.0,2.0,,,,,,,,,,,,,0.05,0.05,,,,,,,,,0.49,0.51,,,,,,,,,,,0.0,2.0,0.0,0.0,0.0,1.0,0.0,1.0,,,,,,,,,,,0.0,0.0,9.0,4.0,13.0,10.0,3.0,9.0,1.0,0.0,,,1.0,0.0,0.0,0.0,,,,,,,,,,,,,0.95,0.47,,,,,,,,,0.65,0.35,,,,,,,,,,,5.0,1.0,2.0,1.0,0.0,0.0,3.0,0.0,,,,,,,,,,,0.0,0.0,8.0,10.0,16.0,11.0,10.0,7.0,0.0,1.0,,,0.0,1.0,1.0,2.0,,,,,,,,,,,,
MDcHoKz0,ROMANIA,2023/2024,ROMANIA 1,Superliga,GILi6JC9,ROMANIA 1,18/03/2024,15:30,Round 1,UTA Arad,QDiPqBNj,FC Voluntari,WIoSeFi4,False,4,3,,,,,,"[38, 51, 79, 90]","[28, 45, 90]",bet365,2.5,2.05,5.0,bet365,2.1,2.38,4.5,bet365,1.75,3.2,4.75,bet365,1.5,2.5,bet365,3.4,1.3,bet365,10.0,1.06,bet365,1.29,3.5,bet365,2.38,1.53,bet365,5.5,1.14,bet365,1.05,8.0,bet365,1.33,3.0,bet365,2.25,1.62,bet365,4.0,1.19,bet365,9.0,1.05,bet365,2.0,1.73,bet365,6.0,1.13,bet365,4.0,1.22,bet365,1.18,1.36,2.0,bet365,1.14,1.73,1.5,Betano.br,1.2,1.53,1.6,bet365,1.29,3.5,Betano.br,1.38,2.82,Betano.br,1.39,2.85,bet365,2.88,15.0,41.0,4.5,4.75,9.5,26.0,17.0,8.0,bet365,2.03,1.83,bet365,2.2,1.67,bet365,2.0,1.73,bet365,7.5,bet365,6.0,bet365,11.0,bet365,6.5,bet365,7.5,bet365,23.0,bet365,9.0,bet365,17.0,bet365,19.0,bet365,13.0,bet365,51.0,bet365,17.0,bet365,41.0,bet365,34.0,bet365,51.0,,0.0,0.0,bet365,6.4,1.12,bet365,3.3,1.33,bet365,2.5,1.5,bet365,1.8,2.05,bet365,1.2,4.4,,0.0,0.0,,0.0,0.0,,0.0,0.0,,0.0,0.0,Betano.br,17.5,9.25,40.0,Betano.br,7.8,5.3,30.0,bet365,3.25,3.6,0.0,bet365,0.0,0.0,2.0,Betano.br,1.04,11.25,1.31,Betano.br,1.01,15.5,1.09,1.03,3.15,,,,,,,,,0.5,0.5,,,,,,,,,,,11.0,23.0,6.0,9.0,3.0,9.0,2.0,5.0,,,,,,,,,,,1.0,5.0,7.0,9.0,14.0,13.0,11.0,10.0,2.0,2.0,,,1.0,2.0,6.0,2.0,,,,,,,,,,,,,0.1,2.06,,,,,,,,,0.55,0.45,,,,,,,,,,,2.0,12.0,1.0,4.0,1.0,6.0,0.0,2.0,,,,,,,,,,,0.0,3.0,4.0,5.0,9.0,4.0,5.0,5.0,,,,,0.0,0.0,2.0,0.0,,,,,,,,,,,,,0.93,1.09,,,,,,,,,0.45,0.55,,,,,,,,,,,9.0,11.0,5.0,5.0,2.0,3.0,2.0,3.0,,,,,,,,,,,1.0,2.0,3.0,4.0,5.0,9.0,6.0,5.0,2.0,2.0,,,1.0,2.0,4.0,2.0,,,,,,,,,,,,
z9yeIDBQ,ROMANIA,2023/2024,ROMANIA 1,Superliga,GILi6JC9,ROMANIA 1,28/02/2024,16:30,Round 28,U. Cluj,Us6gkXaT,Farul Constanta,CrJbN1Pa,False,1,0,,,,,,[33],[],bet365,3.0,2.05,3.75,bet365,2.63,2.38,3.2,bet365,2.25,3.0,3.2,Novibet,1.46,2.65,Betano.br,3.25,1.35,Novibet,7.7,1.07,bet365,1.25,3.75,bet365,2.2,1.62,bet365,5.0,1.17,bet365,1.07,9.0,bet365,1.36,3.0,bet365,2.15,1.67,bet365,3.75,1.25,bet365,9.0,1.07,bet365,1.83,1.83,bet365,5.0,1.17,bet365,3.5,1.29,bet365,1.36,1.36,1.62,bet365,1.25,1.73,1.36,Novibet,1.3,1.57,1.47,bet365,1.62,2.2,Novibet,1.62,2.2,Novibet,1.63,2.2,bet365,3.75,13.0,29.0,5.5,4.75,7.0,26.0,15.0,5.0,bet365,2.03,1.83,bet365,2.1,1.73,bet365,2.0,1.73,bet365,8.5,bet365,7.5,bet365,9.5,bet365,6.0,bet365,11.0,bet365,15.0,bet365,9.5,bet365,12.0,bet365,15.0,bet365,21.0,bet365,34.0,bet365,19.0,bet365,26.0,bet365,29.0,bet365,41.0,,0.0,0.0,,0.0,0.0,bet365,4.65,1.18,bet365,3.7,1.26,bet365,2.3,1.6,bet365,1.35,3.1,bet365,1.13,5.9,bet365,1.1,7.0,,0.0,0.0,,0.0,0.0,Betano.br,24.0,11.5,35.0,Novibet,11.25,6.7,22.0,bet365,4.75,4.0,0.0,bet365,0.0,0.0,1.62,Novibet,1.08,9.5,1.2,Betano.br,1.02,14.5,1.05,1.3,0.64,,,,,,,,,0.44,0.56,,,,,,,,,,,6.0,7.0,5.0,2.0,1.0,2.0,0.0,3.0,,,,,,,,,,,6.0,4.0,19.0,10.0,21.0,19.0,10.0,15.0,1.0,4.0,0.0,1.0,0.0,4.0,2.0,4.0,,,,,,,,,,,,,1.0,0.26,,,,,,,,,0.44,0.56,,,,,,,,,,,4.0,2.0,4.0,0.0,0.0,1.0,0.0,1.0,,,,,,,,,,,2.0,1.0,7.0,6.0,9.0,10.0,6.0,5.0,0.0,1.0,,,0.0,2.0,0.0,3.0,,,,,,,,,,,,,0.3,0.38,,,,,,,,,0.44,0.56,,,,,,,,,,,2.0,5.0,1.0,2.0,1.0,1.0,0.0,2.0,,,,,,,,,,,4.0,3.0,12.0,4.0,12.0,9.0,4.0,10.0,1.0,3.0,0.0,1.0,0.0,2.0,2.0,1.0,,,,,,,,,,,,
lO54lMjs,ROMANIA,2023/2024,ROMANIA 1,Superliga,GILi6JC9,ROMANIA 1,15/03/2024,15:30,Round 1,U. Cluj,Us6gkXaT,FC Botosani,GjY1JjUS,False,3,0,,,,,,"[15, 76, 90]",[],bet365,2.75,1.91,5.5,bet365,2.2,2.2,5.5,bet365,1.91,2.75,5.25,bet365,1.62,2.2,bet365,4.0,1.22,bet365,13.0,1.04,bet365,1.4,2.75,bet365,2.75,1.4,bet365,7.0,1.1,bet365,1.13,6.0,bet365,1.53,2.38,bet365,2.7,1.44,bet365,5.5,1.14,bet365,13.0,1.04,bet365,2.38,1.53,bet365,7.0,1.1,bet365,5.0,1.17,bet365,1.17,1.4,1.83,bet365,1.14,1.8,1.4,Novibet,1.16,1.64,1.62,bet365,1.29,3.5,Novibet,1.31,3.2,Betano.br,1.31,3.3,bet365,3.1,15.0,41.0,4.33,4.0,9.5,29.0,17.0,8.0,bet365,2.1,1.78,bet365,2.3,1.62,bet365,2.1,1.67,bet365,5.5,bet365,5.0,bet365,10.0,bet365,6.0,bet365,7.5,bet365,23.0,bet365,10.0,bet365,19.0,bet365,21.0,bet365,15.0,bet365,51.0,bet365,21.0,bet365,51.0,bet365,41.0,bet365,67.0,bet365,7.0,1.1,bet365,7.0,1.1,bet365,3.7,1.26,bet365,2.85,1.4,bet365,1.95,1.9,bet365,1.17,5.0,,0.0,0.0,,0.0,0.0,,0.0,0.0,,0.0,0.0,Betano.br,19.0,9.25,40.0,Betano.br,8.25,5.1,37.0,bet365,3.75,3.5,0.0,bet365,0.0,0.0,1.83,Betano.br,1.03,12.5,1.31,Betano.br,1.01,15.5,1.09,1.45,1.56,,,,,,,,,0.44,0.56,,,,,,,,,,,12.0,12.0,4.0,2.0,6.0,5.0,2.0,5.0,,,,,,,,,,,4.0,3.0,9.0,15.0,22.0,28.0,14.0,12.0,1.0,1.0,,,2.0,1.0,2.0,1.0,,,,,,,,,,,,,0.98,0.19,,,,,,,,,0.38,0.62,,,,,,,,,,,3.0,4.0,2.0,0.0,1.0,1.0,0.0,3.0,,,,,,,,,,,2.0,2.0,6.0,8.0,11.0,16.0,4.0,6.0,1.0,0.0,,,0.0,0.0,0.0,1.0,,,,,,,,,,,,,0.47,1.37,,,,,,,,,0.5,0.5,,,,,,,,,,,9.0,8.0,2.0,2.0,5.0,4.0,2.0,2.0,,,,,,,,,,,2.0,1.0,3.0,7.0,11.0,12.0,10.0,6.0,0.0,1.0,,,2.0,1.0,2.0,0.0,,,,,,,,,,,,
48TpagXs,ROMANIA,2023/2024,ROMANIA 1,Superliga,GILi6JC9,ROMANIA 1,17/03/2024,19:00,Round 1,FCSB,Gv2kjDpN,Sepsi Sf. Gheorghe,IDsPIcMA,False,2,1,,,,,,"[11, 41]",[25],bet365,1.8,2.4,8.5,bet365,1.57,2.88,7.5,bet365,1.3,4.5,9.0,bet365,1.33,3.25,bet365,2.63,1.44,bet365,6.5,1.11,bet365,1.2,4.33,bet365,1.91,1.8,bet365,4.0,1.22,bet365,1.04,13.0,bet365,1.22,4.0,bet365,1.8,2.0,bet365,3.0,1.36,bet365,5.5,1.14,bet365,2.2,1.62,bet365,6.0,1.13,bet365,4.0,1.22,bet365,1.06,1.17,3.25,bet365,1.05,1.53,1.91,Betano.br,1.09,1.34,2.25,bet365,1.08,8.0,Betano.br,1.14,4.85,Betano.br,1.13,5.5,bet365,1.95,19.0,51.0,3.75,7.0,17.0,21.0,21.0,17.0,bet365,1.98,1.88,bet365,2.1,1.73,bet365,1.91,1.8,bet365,11.0,bet365,6.5,bet365,21.0,bet365,9.5,bet365,6.0,bet365,41.0,bet365,9.0,bet365,26.0,bet365,23.0,bet365,8.0,bet365,126.0,bet365,12.0,bet365,67.0,bet365,34.0,bet365,67.0,bet365,3.45,1.3,bet365,2.68,1.45,bet365,2.0,1.85,bet365,1.5,2.5,bet365,1.33,3.3,bet365,1.1,7.0,,0.0,0.0,,0.0,0.0,,0.0,0.0,,0.0,0.0,Betano.br,6.2,5.4,37.0,Betano.br,3.15,3.95,40.0,bet365,1.95,3.75,0.0,bet365,0.0,0.0,3.25,Betano.br,1.01,15.0,1.95,Betano.br,1.01,16.0,1.36,0.86,1.2,,,,,,,,,0.6,0.4,,,,,,,,,,,13.0,9.0,5.0,1.0,5.0,5.0,3.0,3.0,,,,,,,,,,,12.0,1.0,15.0,12.0,23.0,23.0,13.0,15.0,1.0,0.0,,,3.0,0.0,0.0,3.0,,,,,,,,,,,,,0.48,1.0,,,,,,,,,0.67,0.33,,,,,,,,,,,9.0,5.0,3.0,1.0,3.0,3.0,3.0,1.0,,,,,,,,,,,6.0,1.0,6.0,4.0,11.0,8.0,5.0,6.0,,,,,1.0,0.0,0.0,1.0,,,,,,,,,,,,,0.38,0.2,,,,,,,,,0.53,0.47,,,,,,,,,,,4.0,4.0,2.0,0.0,2.0,2.0,0.0,2.0,,,,,,,,,,,6.0,0.0,9.0,8.0,12.0,15.0,8.0,9.0,1.0,0.0,,,2.0,0.0,0.0,2.0,,,,,,,,,,,,
jF2h0v7j,ROMANIA,2023/2024,ROMANIA 1,Superliga,GILi6JC9,ROMANIA 1,06/05/2024,15:00,Round 8,UTA Arad,QDiPqBNj,U Craiova 1948,nNhLpi8p,False,3,1,,,,,,"[6, 31, 67]",[87],bet365,3.5,2.2,3.0,bet365,3.0,2.5,2.63,bet365,3.1,3.1,2.38,bet365,1.4,2.75,bet365,2.75,1.4,bet365,8.0,1.08,bet365,1.22,4.0,bet365,2.0,1.73,bet365,4.33,1.2,bet365,1.05,11.0,bet365,1.25,3.75,bet365,1.9,1.95,bet365,3.0,1.36,bet365,6.0,1.13,bet365,1.67,2.1,bet365,4.5,1.18,bet365,3.25,1.33,bet365,1.53,1.36,1.36,bet365,1.36,1.62,1.29,Betano.br,1.38,1.5,1.39,bet365,2.1,1.67,Betano.br,1.9,1.82,Betano.br,1.85,1.9,bet365,4.75,13.0,26.0,6.5,5.5,5.5,29.0,13.0,4.0,bet365,2.05,1.8,bet365,2.1,1.73,bet365,1.91,1.8,bet365,9.5,bet365,8.0,bet365,11.0,bet365,6.0,bet365,11.0,bet365,17.0,bet365,9.5,bet365,12.0,bet365,13.0,bet365,21.0,bet365,34.0,bet365,11.0,bet365,26.0,bet365,29.0,bet365,34.0,,0.0,0.0,,0.0,0.0,bet365,6.25,1.12,bet365,5.5,1.15,bet365,3.0,1.38,bet365,1.58,2.35,bet365,1.26,3.7,bet365,1.19,4.5,,0.0,0.0,,0.0,0.0,Betano.br,28.0,12.5,26.0,Betano.br,14.0,7.4,13.0,bet365,5.0,4.5,4.75,bet365,1.53,4.33,1.44,Betano.br,1.15,7.4,1.14,Betano.br,1.04,12.5,1.04,3.25,1.63,,,,,,,,,0.35,0.65,,,,,,,,,,,20.0,17.0,10.0,6.0,9.0,8.0,1.0,3.0,,,,,,,,,,,5.0,9.0,10.0,12.0,15.0,14.0,12.0,13.0,2.0,2.0,,,2.0,4.0,5.0,7.0,,,,,,,,,,,,,2.0,0.48,,,,,,,,,0.36,0.64,,,,,,,,,,,9.0,8.0,4.0,3.0,4.0,3.0,1.0,2.0,,,,,,,,,,,5.0,5.0,8.0,4.0,10.0,8.0,4.0,10.0,1.0,1.0,,,0.0,3.0,3.0,2.0,,,,,,,,,,,,,1.25,1.15,,,,,,,,,0.34,0.66,,,,,,,,,,,11.0,9.0,6.0,3.0,5.0,5.0,0.0,1.0,,,,,,,,,,,0.0,4.0,2.0,8.0,5.0,6.0,8.0,3.0,1.0,1.0,,,2.0,1.0,2.0,5.0,,,,,,,,,,,,
CEdLv7N4,ROMANIA,2023/2024,ROMANIA 1,Superliga,GILi6JC9,ROMANIA 1,02/02/2024,15:00,Round 24,FC Botosani,GjY1JjUS,Poli Iasi,t84qisiU,False,2,1,,,,,,[],[],,0.0,0.0,0.0,,0.0,0.0,0.0,,0.0,0.0,0.0,,0.0,0.0,,0.0,0.0,,0.0,0.0,,0.0,0.0,,0.0,0.0,,0.0,0.0,,0.0,0.0,,0.0,0.0,,0.0,0.0,,0.0,0.0,,0.0,0.0,,0.0,0.0,,0.0,0.0,,0.0,0.0,,0.0,0.0,0.0,,0.0,0.0,0.0,,0.0,0.0,0.0,,0.0,0.0,,0.0,0.0,,0.0,0.0,,0.0,0.0,0.0,0.0,0.0,0.0,0.0,0.0,0.0,,0.0,0.0,,0.0,0.0,,0.0,0.0,,0.0,,0.0,,0.0,,0.0,,0.0,,0.0,,0.0,,0.0,,0.0,,0.0,,0.0,,0.0,,0.0,,0.0,,0.0,,0.0,0.0,,0.0,0.0,,0.0,0.0,,0.0,0.0,,0.0,0.0,,0.0,0.0,,0.0,0.0,,0.0,0.0,,0.0,0.0,,0.0,0.0,,0.0,0.0,0.0,,0.0,0.0,0.0,,0.0,0.0,0.0,,0.0,0.0,0.0,,0.0,0.0,0.0,,0.0,0.0,0.0,,,,,,,,,,,,,,,,,,,,,,,,,,,,,,,,,,,,,,,,,,,,,,,,,,,,,,,,,,,,,,,,,,,,,,,,,,,,,,,,,,,,,,,,,,,,,,,,,,,,,,,,,,,,,,,,,,,,,,,,,,,,,,,,,,,,,,,,,,,,,,,,,,,,,,,,,,,,,,,,,,,,,,,,,,,,,,,,,,,,,,,,,,,,,,,,,,,,,,,,,,,,
Gnu4WrVp,ROMANIA,2023/2024,ROMANIA 1,Superliga,GILi6JC9,ROMANIA 1,02/02/2024,18:00,Round 24,U Craiova 1948,nNhLpi8p,Dinamo Bucuresti,rBgMi3MH,False,2,1,,,,,,[],[],,0.0,0.0,0.0,,0.0,0.0,0.0,,0.0,0.0,0.0,,0.0,0.0,,0.0,0.0,,0.0,0.0,,0.0,0.0,,0.0,0.0,,0.0,0.0,,0.0,0.0,,0.0,0.0,,0.0,0.0,,0.0,0.0,,0.0,0.0,,0.0,0.0,,0.0,0.0,,0.0,0.0,,0.0,0.0,0.0,,0.0,0.0,0.0,,0.0,0.0,0.0,,0.0,0.0,,0.0,0.0,,0.0,0.0,,0.0,0.0,0.0,0.0,0.0,0.0,0.0,0.0,0.0,,0.0,0.0,,0.0,0.0,,0.0,0.0,,0.0,,0.0,,0.0,,0.0,,0.0,,0.0,,0.0,,0.0,,0.0,,0.0,,0.0,,0.0,,0.0,,0.0,,0.0,,0.0,0.0,,0.0,0.0,,0.0,0.0,,0.0,0.0,,0.0,0.0,,0.0,0.0,,0.0,0.0,,0.0,0.0,,0.0,0.0,,0.0,0.0,,0.0,0.0,0.0,,0.0,0.0,0.0,,0.0,0.0,0.0,,0.0,0.0,0.0,,0.0,0.0,0.0,,0.0,0.0,0.0,,,,,,,,,,,,,,,,,,,,,,,,,,,,,,,,,,,,,,,,,,,,,,,,,,,,,,,,,,,,,,,,,,,,,,,,,,,,,,,,,,,,,,,,,,,,,,,,,,,,,,,,,,,,,,,,,,,,,,,,,,,,,,,,,,,,,,,,,,,,,,,,,,,,,,,,,,,,,,,,,,,,,,,,,,,,,,,,,,,,,,,,,,,,,,,,,,,,,,,,,,,,
tYC1OowO,ROMANIA,2023/2024,ROMANIA 1,Superliga,GILi6JC9,ROMANIA 1,29/01/2024,18:00,Round 23,CFR Cluj,4KfIhq7B,FC Voluntari,WIoSeFi4,False,4,1,,,,,,[],[],,0.0,0.0,0.0,,0.0,0.0,0.0,,0.0,0.0,0.0,,0.0,0.0,,0.0,0.0,,0.0,0.0,,0.0,0.0,,0.0,0.0,,0.0,0.0,,0.0,0.0,,0.0,0.0,,0.0,0.0,,0.0,0.0,,0.0,0.0,,0.0,0.0,,0.0,0.0,,0.0,0.0,,0.0,0.0,0.0,,0.0,0.0,0.0,,0.0,0.0,0.0,,0.0,0.0,,0.0,0.0,,0.0,0.0,,0.0,0.0,0.0,0.0,0.0,0.0,0.0,0.0,0.0,,0.0,0.0,,0.0,0.0,,0.0,0.0,,0.0,,0.0,,0.0,,0.0,,0.0,,0.0,,0.0,,0.0,,0.0,,0.0,,0.0,,0.0,,0.0,,0.0,,0.0,,0.0,0.0,,0.0,0.0,,0.0,0.0,,0.0,0.0,,0.0,0.0,,0.0,0.0,,0.0,0.0,,0.0,0.0,,0.0,0.0,,0.0,0.0,,0.0,0.0,0.0,,0.0,0.0,0.0,,0.0,0.0,0.0,,0.0,0.0,0.0,,0.0,0.0,0.0,,0.0,0.0,0.0,,,,,,,,,,,,,,,,,,,,,,,,,,,,,,,,,,,,,,,,,,,,,,,,,,,,,,,,,,,,,,,,,,,,,,,,,,,,,,,,,,,,,,,,,,,,,,,,,,,,,,,,,,,,,,,,,,,,,,,,,,,,,,,,,,,,,,,,,,,,,,,,,,,,,,,,,,,,,,,,,,,,,,,,,,,,,,,,,,,,,,,,,,,,,,,,,,,,,,,,,,,,
vNihbhKf,ROMANIA,2023/2024,ROMANIA 1,Superliga,GILi6JC9,ROMANIA 1,27/02/2024,14:15,Round 28,U Craiova 1948,nNhLpi8p,Poli Iasi,t84qisiU,False,1,1,,,,,,[19],[45],bet365,2.75,2.2,4.0,bet365,2.3,2.5,3.5,bet365,1.95,3.5,3.1,Novibet,1.4,2.9,Betano.br,2.9,1.42,Novibet,6.9,1.09,bet365,1.22,4.0,bet365,2.1,1.67,bet365,4.5,1.18,bet365,1.05,11.0,bet365,1.29,3.5,bet365,1.93,1.93,bet365,3.25,1.33,bet365,6.5,1.11,bet365,1.8,1.91,bet365,4.5,1.18,bet365,3.4,1.3,bet365,1.33,1.25,1.73,bet365,1.22,1.62,1.4,Betano.br,1.25,1.47,1.6,bet365,1.5,2.5,Betano.br,1.47,2.5,Betano.br,1.5,2.5,bet365,3.25,15.0,29.0,5.0,5.5,7.5,23.0,15.0,5.5,bet365,1.93,1.93,bet365,2.1,1.73,bet365,1.91,1.8,bet365,11.0,bet365,8.0,bet365,10.0,bet365,7.0,bet365,10.0,bet365,17.0,bet365,9.0,bet365,12.0,bet365,15.0,bet365,19.0,bet365,34.0,bet365,17.0,bet365,26.0,bet365,26.0,bet365,34.0,bet365,6.8,1.11,bet365,7.0,1.1,bet365,3.55,1.28,bet365,2.85,1.4,bet365,2.03,1.83,bet365,1.33,3.3,bet365,1.12,6.4,bet365,1.1,7.0,,0.0,0.0,,0.0,0.0,Betano.br,16.5,9.25,35.0,Betano.br,7.6,5.5,21.0,bet365,3.75,4.0,0.0,bet365,0.0,0.0,1.73,Betano.br,1.08,9.75,1.31,Betano.br,1.02,15.0,1.1,1.21,0.98,,,,,,,,,0.44,0.56,,,,,,,,,,,6.0,12.0,3.0,3.0,1.0,8.0,2.0,1.0,,,,,,,,,,,3.0,3.0,13.0,16.0,20.0,20.0,14.0,11.0,1.0,3.0,0.0,1.0,2.0,2.0,2.0,2.0,,,,,,,,,,,,,1.06,0.55,,,,,,,,,0.4,0.6,,,,,,,,,,,4.0,6.0,2.0,3.0,1.0,2.0,1.0,1.0,,,,,,,,,,,2.0,2.0,8.0,6.0,9.0,12.0,6.0,7.0,1.0,1.0,,,0.0,1.0,2.0,1.0,,,,,,,,,,,,,0.15,0.43,,,,,,,,,0.48,0.52,,,,,,,,,,,2.0,6.0,1.0,0.0,0.0,6.0,1.0,0.0,,,,,,,,,,,1.0,1.0,5.0,10.0,11.0,8.0,8.0,4.0,0.0,2.0,0.0,1.0,2.0,1.0,0.0,1.0,,,,,,,,,,,,
SMdC7dc8,ROMANIA,2023/2024,ROMANIA 1,Superliga,GILi6JC9,ROMANIA 1,26/02/2024,18:00,Round 27,Univ. Craiova,bsd9fGaK,FC Voluntari,WIoSeFi4,False,2,1,,,,,,"[7, 84]",[55],bet365,1.91,2.4,7.0,bet365,1.67,2.88,6.0,bet365,1.4,5.0,7.0,bet365,1.4,2.75,bet365,3.0,1.36,bet365,8.0,1.08,bet365,1.18,4.5,bet365,1.91,1.8,bet365,4.0,1.22,bet365,1.03,15.0,bet365,1.22,4.0,bet365,1.73,2.08,bet365,2.75,1.4,bet365,5.5,1.14,bet365,2.0,1.73,bet365,5.0,1.17,bet365,3.75,1.25,bet365,1.1,1.17,2.75,bet365,1.08,1.53,1.8,Betano.br,1.12,1.37,2.05,bet365,1.14,5.5,Novibet,1.22,4.0,Betano.br,1.19,4.4,bet365,2.1,17.0,41.0,4.0,7.0,15.0,21.0,19.0,13.0,bet365,1.9,1.95,bet365,2.0,1.8,bet365,1.91,1.8,bet365,13.0,bet365,7.0,bet365,17.0,bet365,9.5,bet365,6.5,bet365,34.0,bet365,8.5,bet365,21.0,bet365,21.0,bet365,9.0,bet365,81.0,bet365,12.0,bet365,51.0,bet365,26.0,bet365,51.0,bet365,3.7,1.26,bet365,3.1,1.35,bet365,2.1,1.7,bet365,1.63,2.25,bet365,1.4,2.85,bet365,1.12,6.4,,0.0,0.0,,0.0,0.0,,0.0,0.0,,0.0,0.0,Novibet,8.6,6.6,0.0,Betano.br,3.85,4.2,37.0,bet365,2.1,3.75,0.0,bet365,0.0,0.0,2.75,Betano.br,1.02,14.0,1.72,Betano.br,0.0,0.0,1.27,1.34,2.02,,,,,,,,,0.53,0.47,,,,,,,,,,,13.0,12.0,5.0,3.0,6.0,5.0,2.0,4.0,,,,,,,,,,,3.0,3.0,22.0,14.0,19.0,23.0,14.0,20.0,4.0,2.0,,,0.0,2.0,2.0,3.0,,,,,,,,,,,,,0.62,0.33,,,,,,,,,0.6,0.4,,,,,,,,,,,7.0,4.0,3.0,0.0,3.0,3.0,1.0,1.0,,,,,,,,,,,2.0,1.0,12.0,9.0,10.0,8.0,9.0,10.0,2.0,0.0,,,0.0,2.0,0.0,2.0,,,,,,,,,,,,,0.72,1.69,,,,,,,,,0.47,0.53,,,,,,,,,,,6.0,8.0,2.0,3.0,3.0,2.0,1.0,3.0,,,,,,,,,,,1.0,2.0,10.0,5.0,9.0,15.0,5.0,10.0,2.0,2.0,,,0.0,0.0,2.0,1.0,,,,,,,,,,,,
6ZWjJgdK,ROMANIA,2023/2024,ROMANIA 1,Superliga,GILi6JC9,ROMANIA 1,27/02/2024,19:00,Round 28,Otelul,2H5uhNyO,CFR Cluj,4KfIhq7B,False,2,2,,,,,,"[37, 90]","[45, 88]",bet365,5.5,2.2,2.25,bet365,4.75,2.5,1.95,bet365,5.0,3.6,1.62,Novibet,1.41,2.85,Betano.br,2.95,1.4,Novibet,6.9,1.09,bet365,1.25,3.75,bet365,2.2,1.62,bet365,5.0,1.17,bet365,1.06,10.0,bet365,1.3,3.4,bet365,2.05,1.8,bet365,3.5,1.29,bet365,7.0,1.1,bet365,2.0,1.73,bet365,5.5,1.14,bet365,3.75,1.25,bet365,2.1,1.25,1.14,bet365,1.57,1.62,1.13,Betano.br,1.75,1.45,1.18,bet365,3.75,1.25,Novibet,3.2,1.31,Betano.br,3.2,1.32,bet365,9.0,17.0,23.0,10.0,5.5,4.33,41.0,15.0,2.63,bet365,1.98,1.88,bet365,2.1,1.73,bet365,2.0,1.73,bet365,9.5,bet365,12.0,bet365,6.5,bet365,7.0,bet365,26.0,bet365,7.5,bet365,17.0,bet365,8.5,bet365,19.0,bet365,51.0,bet365,12.0,bet365,41.0,bet365,15.0,bet365,41.0,bet365,29.0,,0.0,0.0,,0.0,0.0,,0.0,0.0,,0.0,0.0,bet365,4.65,1.18,bet365,2.2,1.65,bet365,1.65,2.2,bet365,1.4,2.85,bet365,1.17,5.0,bet365,1.13,5.9,Novibet,51.0,14.25,0.0,Novibet,43.0,13.5,5.7,bet365,0.0,0.0,2.88,bet365,2.1,3.6,0.0,Novibet,1.43,5.0,1.02,Betano.br,1.15,7.7,1.01,1.4,1.63,,,,,,,,,0.41,0.59,,,,,,,,,,,8.0,10.0,4.0,2.0,2.0,5.0,2.0,3.0,,,,,,,,,,,1.0,3.0,17.0,22.0,22.0,27.0,20.0,15.0,2.0,2.0,,,2.0,2.0,0.0,2.0,,,,,,,,,,,,,0.3,0.69,,,,,,,,,0.39,0.61,,,,,,,,,,,4.0,3.0,3.0,1.0,0.0,1.0,1.0,1.0,,,,,,,,,,,1.0,1.0,10.0,12.0,10.0,10.0,11.0,9.0,,,,,1.0,1.0,0.0,2.0,,,,,,,,,,,,,1.1,0.94,,,,,,,,,0.43,0.57,,,,,,,,,,,4.0,7.0,1.0,1.0,2.0,4.0,1.0,2.0,,,,,,,,,,,0.0,2.0,7.0,10.0,12.0,17.0,9.0,6.0,2.0,2.0,,,1.0,1.0,0.0,0.0,,,,,,,,,,,,
zVlp4NjG,ROMANIA,2023/2024,ROMANIA 1,Superliga,GILi6JC9,ROMANIA 1,19/02/2024,18:30,Round 26,U. Cluj,Us6gkXaT,FCSB,Gv2kjDpN,False,0,0,,,,,,[16],[],bet365,4.0,2.05,3.0,bet365,3.25,2.3,2.63,bet365,3.2,3.1,2.25,bet365,1.5,2.5,bet365,3.4,1.3,bet365,10.0,1.06,bet365,1.29,3.5,bet365,2.25,1.57,bet365,5.5,1.14,bet365,1.07,9.0,bet365,1.36,3.0,bet365,2.2,1.65,bet365,4.0,1.22,bet365,9.0,1.07,bet365,1.83,1.83,bet365,5.5,1.14,bet365,3.75,1.25,bet365,1.62,1.36,1.36,bet365,1.36,1.73,1.22,Novibet,1.51,1.58,1.26,bet365,2.25,1.57,Novibet,2.4,1.53,Novibet,2.35,1.54,bet365,5.5,15.0,29.0,7.0,4.75,5.5,34.0,15.0,3.75,bet365,2.03,1.83,bet365,2.2,1.67,bet365,2.0,1.73,bet365,8.0,bet365,9.0,bet365,7.0,bet365,6.0,bet365,15.0,bet365,10.0,bet365,12.0,bet365,9.5,bet365,15.0,bet365,34.0,bet365,21.0,bet365,29.0,bet365,21.0,bet365,41.0,bet365,34.0,,0.0,0.0,,0.0,0.0,,0.0,0.0,bet365,6.4,1.12,bet365,3.3,1.33,bet365,1.65,2.2,bet365,1.3,3.45,bet365,1.2,4.4,bet365,1.1,7.0,,0.0,0.0,Novibet,51.0,18.0,0.0,Novibet,27.0,10.75,9.9,bet365,0.0,0.0,4.5,bet365,1.62,4.0,0.0,Novibet,1.23,6.4,1.06,Betano.br,1.06,11.0,1.02,1.39,0.41,,,,,,,,,0.43,0.57,,,,,,,,,,,8.0,9.0,3.0,4.0,3.0,2.0,2.0,3.0,,,,,,,,,,,6.0,4.0,16.0,17.0,19.0,19.0,15.0,12.0,3.0,3.0,,,2.0,4.0,4.0,3.0,,,,,,,,,,,,,1.0,0.26,,,,,,,,,0.48,0.52,,,,,,,,,,,2.0,5.0,1.0,4.0,1.0,1.0,0.0,0.0,,,,,,,,,,,1.0,3.0,7.0,10.0,9.0,9.0,9.0,6.0,2.0,2.0,,,1.0,1.0,4.0,1.0,,,,,,,,,,,,,0.39,0.15,,,,,,,,,0.38,0.62,,,,,,,,,,,6.0,4.0,2.0,0.0,2.0,1.0,2.0,3.0,,,,,,,,,,,5.0,1.0,9.0,7.0,10.0,10.0,6.0,6.0,1.0,1.0,,,1.0,3.0,0.0,2.0,,,,,,,,,,,,
Y79gQ78B,ROMANIA,2023/2024,ROMANIA 1,Superliga,GILi6JC9,ROMANIA 1,26/01/2024,18:00,Round 23,Farul Constanta,CrJbN1Pa,U Craiova 1948,nNhLpi8p,False,1,0,,,,,,[],[],,0.0,0.0,0.0,,0.0,0.0,0.0,,0.0,0.0,0.0,,0.0,0.0,,0.0,0.0,,0.0,0.0,,0.0,0.0,,0.0,0.0,,0.0,0.0,,0.0,0.0,,0.0,0.0,,0.0,0.0,,0.0,0.0,,0.0,0.0,,0.0,0.0,,0.0,0.0,,0.0,0.0,,0.0,0.0,0.0,,0.0,0.0,0.0,,0.0,0.0,0.0,,0.0,0.0,,0.0,0.0,,0.0,0.0,,0.0,0.0,0.0,0.0,0.0,0.0,0.0,0.0,0.0,,0.0,0.0,,0.0,0.0,,0.0,0.0,,0.0,,0.0,,0.0,,0.0,,0.0,,0.0,,0.0,,0.0,,0.0,,0.0,,0.0,,0.0,,0.0,,0.0,,0.0,,0.0,0.0,,0.0,0.0,,0.0,0.0,,0.0,0.0,,0.0,0.0,,0.0,0.0,,0.0,0.0,,0.0,0.0,,0.0,0.0,,0.0,0.0,,0.0,0.0,0.0,,0.0,0.0,0.0,,0.0,0.0,0.0,,0.0,0.0,0.0,,0.0,0.0,0.0,,0.0,0.0,0.0,,,,,,,,,,,,,,,,,,,,,,,,,,,,,,,,,,,,,,,,,,,,,,,,,,,,,,,,,,,,,,,,,,,,,,,,,,,,,,,,,,,,,,,,,,,,,,,,,,,,,,,,,,,,,,,,,,,,,,,,,,,,,,,,,,,,,,,,,,,,,,,,,,,,,,,,,,,,,,,,,,,,,,,,,,,,,,,,,,,,,,,,,,,,,,,,,,,,,,,,,,,,
4SHxUk9n,ROMANIA,2023/2024,ROMANIA 1,Superliga,GILi6JC9,ROMANIA 1,22/01/2024,18:00,Round 22,FCSB,Gv2kjDpN,UTA Arad,QDiPqBNj,False,4,0,,,,,,[],[],,0.0,0.0,0.0,,0.0,0.0,0.0,,0.0,0.0,0.0,,0.0,0.0,,0.0,0.0,,0.0,0.0,,0.0,0.0,,0.0,0.0,,0.0,0.0,,0.0,0.0,,0.0,0.0,,0.0,0.0,,0.0,0.0,,0.0,0.0,,0.0,0.0,,0.0,0.0,,0.0,0.0,,0.0,0.0,0.0,,0.0,0.0,0.0,,0.0,0.0,0.0,,0.0,0.0,,0.0,0.0,,0.0,0.0,,0.0,0.0,0.0,0.0,0.0,0.0,0.0,0.0,0.0,,0.0,0.0,,0.0,0.0,,0.0,0.0,,0.0,,0.0,,0.0,,0.0,,0.0,,0.0,,0.0,,0.0,,0.0,,0.0,,0.0,,0.0,,0.0,,0.0,,0.0,,0.0,0.0,,0.0,0.0,,0.0,0.0,,0.0,0.0,,0.0,0.0,,0.0,0.0,,0.0,0.0,,0.0,0.0,,0.0,0.0,,0.0,0.0,,0.0,0.0,0.0,,0.0,0.0,0.0,,0.0,0.0,0.0,,0.0,0.0,0.0,,0.0,0.0,0.0,,0.0,0.0,0.0,,,,,,,,,,,,,,,,,,,,,,,,,,,,,,,,,,,,,,,,,,,,,,,,,,,,,,,,,,,,,,,,,,,,,,,,,,,,,,,,,,,,,,,,,,,,,,,,,,,,,,,,,,,,,,,,,,,,,,,,,,,,,,,,,,,,,,,,,,,,,,,,,,,,,,,,,,,,,,,,,,,,,,,,,,,,,,,,,,,,,,,,,,,,,,,,,,,,,,,,,,,,
ncYOAS8O,ROMANIA,2023/2024,ROMANIA 1,Superliga,GILi6JC9,ROMANIA 1,22/01/2024,15:00,Round 22,FC Voluntari,WIoSeFi4,Otelul,2H5uhNyO,False,1,1,,,,,,[],[],,0.0,0.0,0.0,,0.0,0.0,0.0,,0.0,0.0,0.0,,0.0,0.0,,0.0,0.0,,0.0,0.0,,0.0,0.0,,0.0,0.0,,0.0,0.0,,0.0,0.0,,0.0,0.0,,0.0,0.0,,0.0,0.0,,0.0,0.0,,0.0,0.0,,0.0,0.0,,0.0,0.0,,0.0,0.0,0.0,,0.0,0.0,0.0,,0.0,0.0,0.0,,0.0,0.0,,0.0,0.0,,0.0,0.0,,0.0,0.0,0.0,0.0,0.0,0.0,0.0,0.0,0.0,,0.0,0.0,,0.0,0.0,,0.0,0.0,,0.0,,0.0,,0.0,,0.0,,0.0,,0.0,,0.0,,0.0,,0.0,,0.0,,0.0,,0.0,,0.0,,0.0,,0.0,,0.0,0.0,,0.0,0.0,,0.0,0.0,,0.0,0.0,,0.0,0.0,,0.0,0.0,,0.0,0.0,,0.0,0.0,,0.0,0.0,,0.0,0.0,,0.0,0.0,0.0,,0.0,0.0,0.0,,0.0,0.0,0.0,,0.0,0.0,0.0,,0.0,0.0,0.0,,0.0,0.0,0.0,,,,,,,,,,,,,,,,,,,,,,,,,,,,,,,,,,,,,,,,,,,,,,,,,,,,,,,,,,,,,,,,,,,,,,,,,,,,,,,,,,,,,,,,,,,,,,,,,,,,,,,,,,,,,,,,,,,,,,,,,,,,,,,,,,,,,,,,,,,,,,,,,,,,,,,,,,,,,,,,,,,,,,,,,,,,,,,,,,,,,,,,,,,,,,,,,,,,,,,,,,,,
48LbhQi4,ROMANIA,2023/2024,ROMANIA 1,Superliga,GILi6JC9,ROMANIA 1,12/02/2024,15:00,Round 25,UTA Arad,QDiPqBNj,FC Botosani,GjY1JjUS,False,2,2,,,,,,"[32, 90]","[51, 56]",bet365,2.75,2.05,4.5,bet365,2.38,2.3,3.75,bet365,1.95,3.25,3.6,bet365,1.5,2.5,bet365,3.4,1.3,bet365,10.0,1.06,bet365,1.29,3.5,bet365,2.38,1.53,bet365,5.5,1.14,bet365,1.07,9.0,bet365,1.36,3.0,bet365,2.2,1.65,bet365,4.0,1.22,bet365,9.0,1.07,bet365,2.0,1.73,bet365,5.5,1.14,bet365,3.75,1.25,bet365,1.25,1.3,1.73,bet365,1.17,1.73,1.4,Novibet,1.26,1.58,1.52,bet365,1.44,2.63,Betano.br,1.47,2.52,Betano.br,1.47,2.57,bet365,3.25,15.0,34.0,4.75,4.75,8.0,26.0,15.0,6.5,bet365,1.98,1.88,bet365,2.2,1.67,bet365,2.0,1.73,bet365,8.0,bet365,6.5,bet365,9.0,bet365,6.5,bet365,8.5,bet365,17.0,bet365,9.0,bet365,13.0,bet365,17.0,bet365,17.0,bet365,41.0,bet365,19.0,bet365,34.0,bet365,34.0,bet365,41.0,,0.0,0.0,,0.0,0.0,bet365,3.55,1.28,bet365,2.85,1.4,bet365,1.98,1.88,bet365,1.26,3.7,,0.0,0.0,,0.0,0.0,,0.0,0.0,,0.0,0.0,Betano.br,18.5,9.75,37.0,Novibet,9.7,6.2,29.0,bet365,3.75,3.75,0.0,bet365,0.0,0.0,1.73,Novibet,1.06,10.75,1.24,Betano.br,1.01,15.5,1.08,0.7,1.62,,,,,,,,,0.62,0.38,,,,,,,,,,,14.0,11.0,3.0,6.0,10.0,4.0,1.0,1.0,,,,,,,,,,,7.0,1.0,8.0,14.0,19.0,16.0,14.0,6.0,2.0,2.0,1.0,0.0,0.0,2.0,4.0,1.0,,,,,,,,,,,,,0.21,0.49,,,,,,,,,0.55,0.45,,,,,,,,,,,5.0,5.0,1.0,2.0,4.0,2.0,0.0,1.0,,,,,,,,,,,1.0,1.0,3.0,2.0,11.0,14.0,2.0,3.0,0.0,1.0,,,0.0,0.0,2.0,0.0,,,,,,,,,,,,,0.49,1.13,,,,,,,,,0.69,0.31,,,,,,,,,,,9.0,6.0,2.0,4.0,6.0,2.0,1.0,0.0,,,,,,,,,,,6.0,0.0,5.0,12.0,8.0,2.0,12.0,3.0,2.0,1.0,1.0,0.0,0.0,2.0,2.0,1.0,,,,,,,,,,,,
fcEBkOyN,ROMANIA,2023/2024,ROMANIA 1,Superliga,GILi6JC9,ROMANIA 1,09/02/2024,15:00,Round 25,Otelul,2H5uhNyO,U Craiova 1948,nNhLpi8p,False,1,0,,,,,,[64],[],bet365,2.88,2.05,4.0,bet365,2.5,2.3,3.4,bet365,2.15,3.1,3.3,bet365,1.44,2.63,bet365,3.25,1.33,bet365,10.0,1.06,bet365,1.29,3.5,bet365,2.25,1.57,bet365,5.5,1.14,bet365,1.07,9.0,bet365,1.36,3.0,bet365,2.15,1.67,bet365,4.0,1.22,bet365,9.0,1.07,bet365,1.83,1.83,bet365,5.5,1.14,bet365,3.75,1.25,bet365,1.33,1.36,1.67,bet365,1.22,1.73,1.4,Novibet,1.3,1.58,1.47,bet365,1.53,2.38,Novibet,1.62,2.2,Betano.br,1.62,2.2,bet365,3.6,15.0,34.0,5.5,4.75,7.0,26.0,15.0,5.5,bet365,2.0,1.85,bet365,2.2,1.67,bet365,2.0,1.73,bet365,8.0,bet365,7.0,bet365,9.0,bet365,6.0,bet365,10.0,bet365,17.0,bet365,9.5,bet365,12.0,bet365,15.0,bet365,21.0,bet365,34.0,bet365,19.0,bet365,29.0,bet365,34.0,bet365,41.0,,0.0,0.0,,0.0,0.0,bet365,4.15,1.22,bet365,3.3,1.33,bet365,2.1,1.7,bet365,1.3,3.45,bet365,1.11,6.8,bet365,1.1,7.0,,0.0,0.0,,0.0,0.0,Betano.br,24.0,11.25,35.0,Novibet,11.0,6.8,22.0,bet365,4.33,4.0,0.0,bet365,0.0,0.0,1.67,Novibet,1.08,9.7,1.2,Betano.br,1.02,14.5,1.05,0.66,0.68,,,,,,,,,0.44,0.56,,,,,,,,,,,9.0,6.0,3.0,1.0,6.0,4.0,0.0,1.0,,,,,,,,,,,1.0,4.0,15.0,14.0,22.0,33.0,12.0,14.0,2.0,4.0,,,2.0,1.0,1.0,2.0,,,,,,,,,,,,,0.15,0.5,,,,,,,,,0.49,0.51,,,,,,,,,,,3.0,3.0,0.0,0.0,3.0,2.0,0.0,1.0,,,,,,,,,,,1.0,3.0,9.0,5.0,15.0,15.0,5.0,8.0,,,,,0.0,1.0,0.0,0.0,,,,,,,,,,,,,0.51,0.18,,,,,,,,,0.39,0.61,,,,,,,,,,,6.0,3.0,3.0,1.0,3.0,2.0,0.0,0.0,,,,,,,,,,,0.0,1.0,6.0,9.0,7.0,18.0,7.0,6.0,2.0,4.0,,,2.0,0.0,1.0,2.0,,,,,,,,,,,,
UXDpqMEj,ROMANIA,2023/2024,ROMANIA 1,Superliga,GILi6JC9,ROMANIA 1,16/02/2024,18:00,Round 26,FC Rapid Bucuresti,YFCpigVG,FC Hermannstadt,pUUuFXvI,False,2,0,,,,,,"[53, 66]",[],bet365,2.5,2.05,5.5,bet365,2.1,2.38,4.5,bet365,1.75,3.4,4.33,bet365,1.5,2.5,bet365,3.4,1.3,bet365,10.0,1.06,bet365,1.3,3.4,bet365,2.38,1.53,bet365,6.0,1.13,bet365,1.07,9.0,bet365,1.4,2.75,bet365,2.25,1.62,bet365,4.33,1.2,bet365,10.0,1.06,bet365,2.1,1.67,bet365,6.0,1.13,bet365,4.0,1.22,bet365,1.18,1.29,1.91,bet365,1.14,1.73,1.5,Betano.br,1.17,1.5,1.7,bet365,1.3,3.4,Betano.br,1.34,3.0,Betano.br,1.32,3.2,bet365,2.88,15.0,41.0,4.5,4.75,9.0,26.0,17.0,8.0,bet365,1.98,1.88,bet365,2.2,1.67,bet365,2.0,1.73,bet365,8.0,bet365,6.0,bet365,10.0,bet365,7.0,bet365,7.5,bet365,21.0,bet365,9.0,bet365,15.0,bet365,19.0,bet365,13.0,bet365,51.0,bet365,17.0,bet365,41.0,bet365,34.0,bet365,51.0,bet365,7.0,1.1,bet365,5.9,1.13,bet365,3.1,1.35,bet365,2.38,1.55,bet365,1.75,2.05,bet365,1.2,4.4,,0.0,0.0,,0.0,0.0,,0.0,0.0,,0.0,0.0,Betano.br,15.5,8.5,40.0,Betano.br,6.8,4.9,32.0,bet365,3.25,3.5,0.0,bet365,0.0,0.0,1.91,Betano.br,1.04,11.75,1.37,Betano.br,1.01,15.5,1.11,1.43,0.22,,,,,,,,,0.55,0.45,,,,,,,,,,,15.0,7.0,7.0,1.0,4.0,5.0,4.0,1.0,,,,,,,,,,,6.0,5.0,8.0,11.0,14.0,24.0,11.0,8.0,1.0,2.0,,,0.0,0.0,1.0,5.0,,,,,,,,,,,,,0.34,0.03,,,,,,,,,0.62,0.38,,,,,,,,,,,5.0,1.0,2.0,0.0,1.0,0.0,2.0,1.0,,,,,,,,,,,3.0,1.0,5.0,6.0,11.0,12.0,6.0,5.0,1.0,1.0,,,0.0,0.0,0.0,2.0,,,,,,,,,,,,,1.09,0.19,,,,,,,,,0.48,0.52,,,,,,,,,,,10.0,6.0,5.0,1.0,3.0,5.0,2.0,0.0,,,,,,,,,,,3.0,4.0,3.0,5.0,3.0,12.0,5.0,3.0,0.0,1.0,,,0.0,0.0,1.0,3.0,,,,,,,,,,,,
8tSkfnNi,ROMANIA,2023/2024,ROMANIA 1,Superliga,GILi6JC9,ROMANIA 1,11/02/2024,16:15,Round 25,FC Hermannstadt,pUUuFXvI,Petrolul,dhnNlCE9,False,0,0,,,,,,[],[],bet365,3.1,1.83,4.75,bet365,2.6,2.1,4.0,bet365,2.1,3.0,3.6,bet365,1.67,2.1,bet365,4.33,1.2,bet365,15.0,1.03,bet365,1.4,2.75,bet365,3.0,1.36,bet365,9.0,1.07,bet365,1.13,6.0,bet365,1.67,2.1,bet365,3.1,1.36,bet365,7.0,1.1,bet365,17.0,1.03,bet365,2.5,1.5,bet365,8.0,1.08,bet365,5.0,1.17,bet365,1.29,1.36,1.7,bet365,1.17,1.83,1.36,Novibet,1.22,1.67,1.45,bet365,1.5,2.5,Betano.br,1.52,2.37,Betano.br,1.55,2.37,bet365,3.75,15.0,41.0,4.75,3.75,7.5,34.0,17.0,6.5,bet365,1.98,1.88,bet365,2.3,1.62,bet365,2.1,1.67,bet365,5.5,bet365,5.0,bet365,7.0,bet365,6.5,bet365,8.5,bet365,17.0,bet365,11.0,bet365,15.0,bet365,23.0,bet365,21.0,bet365,41.0,bet365,23.0,bet365,41.0,bet365,41.0,bet365,51.0,,0.0,0.0,,0.0,0.0,bet365,4.5,1.19,bet365,3.55,1.28,bet365,2.1,1.7,bet365,1.3,3.45,,0.0,0.0,,0.0,0.0,,0.0,0.0,,0.0,0.0,Novibet,29.0,10.25,51.0,Novibet,11.75,5.9,29.0,bet365,4.75,3.6,0.0,bet365,0.0,0.0,1.7,Betano.br,1.06,10.25,1.19,Betano.br,1.01,15.0,1.05,0.28,0.56,,,,,,,,,0.45,0.55,,,,,,,,,,,7.0,10.0,3.0,1.0,3.0,8.0,1.0,1.0,,,,,,,,,,,4.0,2.0,18.0,15.0,23.0,20.0,15.0,16.0,3.0,3.0,,,0.0,2.0,1.0,3.0,,,,,,,,,,,,,0.2,0.27,,,,,,,,,0.44,0.56,,,,,,,,,,,3.0,7.0,3.0,0.0,0.0,6.0,0.0,1.0,,,,,,,,,,,2.0,1.0,6.0,7.0,10.0,7.0,7.0,5.0,,,,,0.0,1.0,0.0,3.0,,,,,,,,,,,,,0.08,0.29,,,,,,,,,0.46,0.54,,,,,,,,,,,4.0,3.0,0.0,1.0,3.0,2.0,1.0,0.0,,,,,,,,,,,2.0,1.0,12.0,8.0,13.0,13.0,8.0,11.0,3.0,3.0,,,0.0,1.0,1.0,0.0,,,,,,,,,,,,
bBzeaY4l,ROMANIA,2023/2024,ROMANIA 1,Superliga,GILi6JC9,ROMANIA 1,27/02/2024,16:30,Round 28,Dinamo Bucuresti,rBgMi3MH,FC Hermannstadt,pUUuFXvI,False,1,0,,,,,,[25],[],bet365,4.0,1.91,3.4,bet365,3.25,2.1,2.88,bet365,3.0,2.88,2.5,Novibet,1.56,2.4,Betano.br,3.75,1.28,Novibet,9.1,1.05,bet365,1.36,3.0,bet365,2.75,1.4,bet365,7.0,1.1,bet365,1.11,6.5,bet365,1.53,2.38,bet365,2.7,1.44,bet365,5.5,1.14,bet365,13.0,1.04,bet365,2.2,1.62,bet365,6.5,1.11,bet365,4.33,1.2,bet365,1.5,1.4,1.36,bet365,1.3,1.8,1.22,Novibet,1.36,1.65,1.34,bet365,2.0,1.73,Betano.br,1.91,1.8,Betano.br,2.0,1.75,bet365,5.0,15.0,34.0,6.5,4.0,5.5,34.0,15.0,4.33,bet365,2.03,1.83,bet365,2.3,1.62,bet365,2.0,1.73,bet365,6.0,bet365,7.0,bet365,6.0,bet365,6.0,bet365,13.0,bet365,11.0,bet365,12.0,bet365,11.0,bet365,19.0,bet365,34.0,bet365,26.0,bet365,29.0,bet365,26.0,bet365,41.0,bet365,41.0,,0.0,0.0,,0.0,0.0,bet365,7.0,1.1,bet365,5.9,1.13,bet365,3.0,1.38,bet365,1.53,2.43,bet365,1.2,4.4,bet365,1.14,5.75,,0.0,0.0,,0.0,0.0,Novibet,48.0,15.75,0.0,Novibet,19.25,8.5,17.5,bet365,6.0,4.33,5.5,bet365,1.5,4.0,1.44,Novibet,1.12,8.1,1.11,Betano.br,1.03,13.0,1.02,0.43,0.47,,,,,,,,,0.38,0.62,,,,,,,,,,,6.0,11.0,2.0,5.0,2.0,4.0,2.0,2.0,,,,,,,,,,,2.0,7.0,13.0,9.0,16.0,26.0,8.0,9.0,3.0,2.0,,,1.0,4.0,5.0,1.0,,,,,,,,,,,,,0.17,0.33,,,,,,,,,0.38,0.62,,,,,,,,,,,2.0,7.0,1.0,3.0,1.0,2.0,0.0,2.0,,,,,,,,,,,1.0,3.0,7.0,3.0,11.0,12.0,2.0,4.0,2.0,0.0,,,1.0,3.0,3.0,0.0,,,,,,,,,,,,,0.26,0.14,,,,,,,,,0.38,0.62,,,,,,,,,,,4.0,4.0,1.0,2.0,1.0,2.0,2.0,0.0,,,,,,,,,,,1.0,4.0,6.0,6.0,5.0,14.0,6.0,5.0,1.0,2.0,,,0.0,1.0,2.0,1.0,,,,,,,,,,,,
rJGtT9Oh,ROMANIA,2023/2024,ROMANIA 1,Superliga,GILi6JC9,ROMANIA 1,19/01/2024,18:00,Round 22,FC Rapid Bucuresti,YFCpigVG,U Craiova 1948,nNhLpi8p,False,4,3,,,,,,[],[],,0.0,0.0,0.0,,0.0,0.0,0.0,,0.0,0.0,0.0,,0.0,0.0,,0.0,0.0,,0.0,0.0,,0.0,0.0,,0.0,0.0,,0.0,0.0,,0.0,0.0,,0.0,0.0,,0.0,0.0,,0.0,0.0,,0.0,0.0,,0.0,0.0,,0.0,0.0,,0.0,0.0,,0.0,0.0,0.0,,0.0,0.0,0.0,,0.0,0.0,0.0,,0.0,0.0,,0.0,0.0,,0.0,0.0,,0.0,0.0,0.0,0.0,0.0,0.0,0.0,0.0,0.0,,0.0,0.0,,0.0,0.0,,0.0,0.0,,0.0,,0.0,,0.0,,0.0,,0.0,,0.0,,0.0,,0.0,,0.0,,0.0,,0.0,,0.0,,0.0,,0.0,,0.0,,0.0,0.0,,0.0,0.0,,0.0,0.0,,0.0,0.0,,0.0,0.0,,0.0,0.0,,0.0,0.0,,0.0,0.0,,0.0,0.0,,0.0,0.0,,0.0,0.0,0.0,,0.0,0.0,0.0,,0.0,0.0,0.0,,0.0,0.0,0.0,,0.0,0.0,0.0,,0.0,0.0,0.0,,,,,,,,,,,,,,,,,,,,,,,,,,,,,,,,,,,,,,,,,,,,,,,,,,,,,,,,,,,,,,,,,,,,,,,,,,,,,,,,,,,,,,,,,,,,,,,,,,,,,,,,,,,,,,,,,,,,,,,,,,,,,,,,,,,,,,,,,,,,,,,,,,,,,,,,,,,,,,,,,,,,,,,,,,,,,,,,,,,,,,,,,,,,,,,,,,,,,,,,,,,,
00M6ZBoP,ROMANIA,2023/2024,ROMANIA 1,Superliga,GILi6JC9,ROMANIA 1,19/01/2024,15:00,Round 22,Sepsi Sf. Gheorghe,IDsPIcMA,Poli Iasi,t84qisiU,False,6,0,,,,,,[],[],,0.0,0.0,0.0,,0.0,0.0,0.0,,0.0,0.0,0.0,,0.0,0.0,,0.0,0.0,,0.0,0.0,,0.0,0.0,,0.0,0.0,,0.0,0.0,,0.0,0.0,,0.0,0.0,,0.0,0.0,,0.0,0.0,,0.0,0.0,,0.0,0.0,,0.0,0.0,,0.0,0.0,,0.0,0.0,0.0,,0.0,0.0,0.0,,0.0,0.0,0.0,,0.0,0.0,,0.0,0.0,,0.0,0.0,,0.0,0.0,0.0,0.0,0.0,0.0,0.0,0.0,0.0,,0.0,0.0,,0.0,0.0,,0.0,0.0,,0.0,,0.0,,0.0,,0.0,,0.0,,0.0,,0.0,,0.0,,0.0,,0.0,,0.0,,0.0,,0.0,,0.0,,0.0,,0.0,0.0,,0.0,0.0,,0.0,0.0,,0.0,0.0,,0.0,0.0,,0.0,0.0,,0.0,0.0,,0.0,0.0,,0.0,0.0,,0.0,0.0,,0.0,0.0,0.0,,0.0,0.0,0.0,,0.0,0.0,0.0,,0.0,0.0,0.0,,0.0,0.0,0.0,,0.0,0.0,0.0,,,,,,,,,,,,,,,,,,,,,,,,,,,,,,,,,,,,,,,,,,,,,,,,,,,,,,,,,,,,,,,,,,,,,,,,,,,,,,,,,,,,,,,,,,,,,,,,,,,,,,,,,,,,,,,,,,,,,,,,,,,,,,,,,,,,,,,,,,,,,,,,,,,,,,,,,,,,,,,,,,,,,,,,,,,,,,,,,,,,,,,,,,,,,,,,,,,,,,,,,,,,
raleHCPt,ROMANIA,2023/2024,ROMANIA 1,Superliga,GILi6JC9,ROMANIA 1,22/12/2023,18:30,Round 21,Dinamo Bucuresti,rBgMi3MH,FC Voluntari,WIoSeFi4,False,1,0,,,,,,[],[],,0.0,0.0,0.0,,0.0,0.0,0.0,,0.0,0.0,0.0,,0.0,0.0,,0.0,0.0,,0.0,0.0,,0.0,0.0,,0.0,0.0,,0.0,0.0,,0.0,0.0,,0.0,0.0,,0.0,0.0,,0.0,0.0,,0.0,0.0,,0.0,0.0,,0.0,0.0,,0.0,0.0,,0.0,0.0,0.0,,0.0,0.0,0.0,,0.0,0.0,0.0,,0.0,0.0,,0.0,0.0,,0.0,0.0,,0.0,0.0,0.0,0.0,0.0,0.0,0.0,0.0,0.0,,0.0,0.0,,0.0,0.0,,0.0,0.0,,0.0,,0.0,,0.0,,0.0,,0.0,,0.0,,0.0,,0.0,,0.0,,0.0,,0.0,,0.0,,0.0,,0.0,,0.0,,0.0,0.0,,0.0,0.0,,0.0,0.0,,0.0,0.0,,0.0,0.0,,0.0,0.0,,0.0,0.0,,0.0,0.0,,0.0,0.0,,0.0,0.0,,0.0,0.0,0.0,,0.0,0.0,0.0,,0.0,0.0,0.0,,0.0,0.0,0.0,,0.0,0.0,0.0,,0.0,0.0,0.0,,,,,,,,,,,,,,,,,,,,,,,,,,,,,,,,,,,,,,,,,,,,,,,,,,,,,,,,,,,,,,,,,,,,,,,,,,,,,,,,,,,,,,,,,,,,,,,,,,,,,,,,,,,,,,,,,,,,,,,,,,,,,,,,,,,,,,,,,,,,,,,,,,,,,,,,,,,,,,,,,,,,,,,,,,,,,,,,,,,,,,,,,,,,,,,,,,,,,,,,,,,,
Igfu53yA,ROMANIA,2023/2024,ROMANIA 1,Superliga,GILi6JC9,ROMANIA 1,17/02/2024,19:30,Round 26,U Craiova 1948,nNhLpi8p,CFR Cluj,4KfIhq7B,False,1,3,,,,,,"[40, 90]","[13, 45, 90]",bet365,4.0,2.2,2.63,bet365,3.6,2.5,2.25,bet365,3.5,3.4,1.95,bet365,1.36,3.0,bet365,2.75,1.4,bet365,7.0,1.1,bet365,1.22,4.0,bet365,2.0,1.73,bet365,4.33,1.2,bet365,1.04,13.0,bet365,1.25,3.75,bet365,1.83,2.03,bet365,3.0,1.36,bet365,6.0,1.13,bet365,1.73,2.0,bet365,4.5,1.18,bet365,3.25,1.33,bet365,1.8,1.3,1.29,bet365,1.44,1.62,1.22,Novibet,1.56,1.51,1.28,bet365,2.63,1.44,Novibet,2.4,1.52,Novibet,2.4,1.53,bet365,6.0,15.0,23.0,8.0,5.5,5.0,29.0,13.0,3.2,bet365,1.98,1.88,bet365,2.1,1.73,bet365,1.91,1.8,bet365,11.0,bet365,11.0,bet365,8.0,bet365,6.5,bet365,19.0,bet365,9.5,bet365,13.0,bet365,9.0,bet365,15.0,bet365,41.0,bet365,17.0,bet365,29.0,bet365,15.0,bet365,34.0,bet365,26.0,,0.0,0.0,,0.0,0.0,bet365,7.0,1.1,bet365,6.4,1.12,bet365,3.45,1.3,bet365,1.8,2.05,bet365,1.4,2.85,bet365,1.28,3.55,bet365,1.1,7.0,,0.0,0.0,Novibet,51.0,17.5,19.25,Novibet,24.0,10.5,8.1,bet365,0.0,0.0,3.6,bet365,1.8,4.0,0.0,Novibet,1.27,6.1,1.07,Betano.br,1.09,9.75,1.03,0.73,2.7,,,,,,,,,0.53,0.47,,,,,,,,,,,11.0,16.0,6.0,8.0,5.0,4.0,0.0,4.0,,,,,,,,,,,2.0,4.0,11.0,7.0,25.0,15.0,7.0,10.0,1.0,1.0,,,0.0,1.0,5.0,5.0,,,,,,,,,,,,,0.2,1.86,,,,,,,,,0.52,0.48,,,,,,,,,,,5.0,10.0,4.0,6.0,1.0,1.0,0.0,3.0,,,,,,,,,,,1.0,3.0,7.0,3.0,15.0,10.0,3.0,6.0,,,,,0.0,1.0,4.0,3.0,,,,,,,,,,,,,0.53,0.84,,,,,,,,,0.54,0.46,,,,,,,,,,,6.0,6.0,2.0,2.0,4.0,3.0,0.0,1.0,,,,,,,,,,,1.0,1.0,4.0,4.0,10.0,5.0,4.0,4.0,1.0,1.0,,,0.0,0.0,1.0,2.0,,,,,,,,,,,,
jqKlRmg5,ROMANIA,2023/2024,ROMANIA 1,Superliga,GILi6JC9,ROMANIA 1,28/01/2024,18:00,Round 23,Univ. Craiova,bsd9fGaK,FCSB,Gv2kjDpN,False,0,3,,,,,,[],"[45, 50, 83]",bet365,3.25,2.1,3.4,bet365,2.88,2.4,2.88,bet365,2.6,3.1,2.7,bet365,1.44,2.63,bet365,3.0,1.36,bet365,9.0,1.07,bet365,1.25,3.75,bet365,2.1,1.67,bet365,4.5,1.18,bet365,1.06,10.0,bet365,1.3,3.4,bet365,2.05,1.8,bet365,3.5,1.29,bet365,7.0,1.1,bet365,1.73,2.0,bet365,5.0,1.17,bet365,3.4,1.3,bet365,1.44,1.36,1.5,bet365,1.3,1.67,1.33,Novibet,1.37,1.56,1.4,bet365,1.83,1.83,Novibet,1.81,1.92,Novibet,1.82,1.91,bet365,4.33,15.0,29.0,6.0,5.0,6.0,29.0,15.0,4.5,bet365,2.03,1.83,bet365,2.1,1.73,bet365,2.0,1.73,bet365,9.5,bet365,8.5,bet365,9.0,bet365,6.0,bet365,13.0,bet365,13.0,bet365,10.0,bet365,11.0,bet365,13.0,bet365,26.0,bet365,26.0,bet365,21.0,bet365,21.0,bet365,29.0,bet365,34.0,,0.0,0.0,,0.0,0.0,bet365,5.5,1.15,bet365,4.25,1.21,bet365,2.6,1.48,bet365,1.45,2.68,bet365,1.19,4.5,bet365,1.14,5.75,,0.0,0.0,,0.0,0.0,Novibet,34.0,14.0,0.0,Novibet,13.75,7.7,15.75,bet365,5.5,4.33,5.5,bet365,1.44,4.5,1.5,Novibet,1.13,8.2,1.15,Betano.br,1.04,13.0,1.04,0.8,2.11,,,,,,,,,0.55,0.45,,,,,,,,,,,5.0,12.0,3.0,5.0,1.0,4.0,1.0,3.0,,,,,,,,,,,7.0,4.0,14.0,12.0,15.0,13.0,12.0,12.0,3.0,2.0,,,0.0,2.0,2.0,3.0,,,,,,,,,,,,,0.64,1.77,,,,,,,,,0.5,0.5,,,,,,,,,,,3.0,10.0,1.0,3.0,1.0,4.0,1.0,3.0,,,,,,,,,,,1.0,4.0,9.0,6.0,6.0,7.0,6.0,8.0,2.0,0.0,,,0.0,1.0,2.0,1.0,,,,,,,,,,,,,0.16,0.34,,,,,,,,,0.6,0.4,,,,,,,,,,,2.0,2.0,2.0,2.0,0.0,0.0,0.0,0.0,,,,,,,,,,,6.0,0.0,5.0,6.0,9.0,6.0,6.0,4.0,1.0,2.0,,,0.0,1.0,0.0,2.0,,,,,,,,,,,,
Kv0TxohH,ROMANIA,2023/2024,ROMANIA 1,Superliga,GILi6JC9,ROMANIA 1,04/02/2024,11:00,Round 24,U. Cluj,Us6gkXaT,UTA Arad,QDiPqBNj,False,1,3,,,,,,[45],"[13, 36, 55]",bet365,2.5,2.1,5.0,bet365,2.1,2.4,4.33,bet365,1.73,3.4,4.0,bet365,1.44,2.63,bet365,3.25,1.33,bet365,9.0,1.07,bet365,1.29,3.5,bet365,2.25,1.57,bet365,5.5,1.14,bet365,1.06,10.0,bet365,1.36,3.0,bet365,2.15,1.67,bet365,4.0,1.22,bet365,9.0,1.07,bet365,2.0,1.73,bet365,5.5,1.14,bet365,3.75,1.25,bet365,1.2,1.29,1.91,bet365,1.14,1.67,1.5,Betano.br,1.19,1.5,1.65,bet365,1.33,3.25,Betano.br,1.38,2.82,Betano.br,1.36,3.0,bet365,2.88,15.0,41.0,4.5,5.0,9.0,23.0,15.0,7.5,bet365,1.95,1.9,bet365,2.1,1.73,bet365,2.0,1.73,bet365,9.0,bet365,6.0,bet365,11.0,bet365,7.0,bet365,8.0,bet365,21.0,bet365,9.0,bet365,15.0,bet365,19.0,bet365,13.0,bet365,51.0,bet365,15.0,bet365,41.0,bet365,29.0,bet365,41.0,bet365,6.8,1.11,bet365,5.9,1.13,bet365,3.1,1.35,bet365,2.38,1.55,bet365,1.75,2.05,bet365,1.21,4.25,,0.0,0.0,,0.0,0.0,,0.0,0.0,,0.0,0.0,Betano.br,16.0,8.75,37.0,Betano.br,7.1,5.1,29.0,bet365,3.2,3.6,0.0,bet365,0.0,0.0,1.91,Betano.br,1.04,11.5,1.35,Betano.br,1.01,16.0,1.11,1.21,1.29,,,,,,,,,0.62,0.38,,,,,,,,,,,18.0,9.0,5.0,6.0,6.0,1.0,7.0,2.0,,,,,,,,,,,11.0,2.0,13.0,6.0,23.0,14.0,5.0,13.0,2.0,4.0,,,1.0,0.0,3.0,4.0,,,,,,,,,,,,,0.22,1.04,,,,,,,,,0.68,0.32,,,,,,,,,,,7.0,4.0,4.0,3.0,1.0,1.0,2.0,0.0,,,,,,,,,,,4.0,1.0,4.0,4.0,14.0,10.0,3.0,4.0,,,,,1.0,0.0,1.0,3.0,,,,,,,,,,,,,0.99,0.25,,,,,,,,,0.56,0.44,,,,,,,,,,,11.0,5.0,1.0,3.0,5.0,0.0,5.0,2.0,,,,,,,,,,,7.0,1.0,9.0,2.0,9.0,4.0,2.0,9.0,2.0,4.0,,,0.0,0.0,2.0,1.0,,,,,,,,,,,,
IiFLpZke,ROMANIA,2023/2024,ROMANIA 1,Superliga,GILi6JC9,ROMANIA 1,23/02/2024,15:00,Round 27,FC Hermannstadt,pUUuFXvI,U Craiova 1948,nNhLpi8p,False,1,0,,,,,,"[88, 89]",[],bet365,2.63,2.0,5.0,bet365,2.25,2.3,4.33,bet365,1.91,3.4,4.0,bet365,1.5,2.5,bet365,3.4,1.3,bet365,10.0,1.06,bet365,1.3,3.4,bet365,2.5,1.5,bet365,6.0,1.13,bet365,1.08,8.0,bet365,1.4,2.75,bet365,2.25,1.62,bet365,4.33,1.2,bet365,10.0,1.06,bet365,2.1,1.67,bet365,6.0,1.13,bet365,4.0,1.22,bet365,1.22,1.3,1.83,bet365,1.14,1.73,1.44,Novibet,1.27,1.61,1.48,bet365,1.36,3.0,Betano.br,1.42,2.65,Betano.br,1.45,2.62,bet365,3.1,15.0,41.0,4.5,4.5,8.5,26.0,15.0,7.0,bet365,1.98,1.88,bet365,2.2,1.67,bet365,2.0,1.73,bet365,7.5,bet365,6.0,bet365,9.5,bet365,6.5,bet365,8.0,bet365,19.0,bet365,9.0,bet365,15.0,bet365,19.0,bet365,15.0,bet365,41.0,bet365,19.0,bet365,41.0,bet365,34.0,bet365,41.0,,0.0,0.0,bet365,6.8,1.11,bet365,3.45,1.3,bet365,2.68,1.45,bet365,1.88,1.98,bet365,1.23,4.1,bet365,1.1,7.0,,0.0,0.0,,0.0,0.0,,0.0,0.0,Betano.br,19.0,9.75,40.0,Betano.br,8.5,5.5,28.0,bet365,3.6,3.6,0.0,bet365,0.0,0.0,1.83,Betano.br,1.05,10.5,1.28,Betano.br,1.01,15.5,1.08,1.69,0.28,,,,,,,,,0.51,0.49,,,,,,,,,,,16.0,7.0,4.0,2.0,10.0,5.0,2.0,0.0,,,,,,,,,,,7.0,3.0,9.0,11.0,24.0,24.0,10.0,9.0,1.0,2.0,,,1.0,0.0,2.0,3.0,,,,,,,,,,,,,0.24,0.05,,,,,,,,,0.47,0.53,,,,,,,,,,,7.0,2.0,0.0,1.0,5.0,1.0,2.0,0.0,,,,,,,,,,,4.0,1.0,7.0,8.0,9.0,15.0,8.0,7.0,0.0,1.0,,,0.0,0.0,1.0,0.0,,,,,,,,,,,,,1.45,0.23,,,,,,,,,0.55,0.45,,,,,,,,,,,9.0,5.0,4.0,1.0,5.0,4.0,0.0,0.0,,,,,,,,,,,3.0,2.0,2.0,3.0,15.0,9.0,2.0,2.0,1.0,1.0,,,1.0,0.0,1.0,3.0,,,,,,,,,,,,
jsFtp2ap,ROMANIA,2023/2024,ROMANIA 1,Superliga,GILi6JC9,ROMANIA 1,12/02/2024,18:00,Round 25,Farul Constanta,CrJbN1Pa,Dinamo Bucuresti,rBgMi3MH,False,0,2,,,,,,[],"[29, 48]",bet365,2.3,2.2,5.0,bet365,2.05,2.5,4.33,bet365,1.7,3.8,4.2,bet365,1.4,2.75,bet365,2.75,1.4,bet365,8.0,1.08,bet365,1.22,4.0,bet365,2.1,1.67,bet365,4.5,1.18,bet365,1.05,11.0,bet365,1.29,3.5,bet365,1.93,1.93,bet365,3.25,1.33,bet365,6.5,1.11,bet365,1.83,1.83,bet365,5.0,1.17,bet365,3.5,1.29,bet365,1.22,1.25,2.1,bet365,1.14,1.62,1.57,Novibet,1.2,1.46,1.76,bet365,1.3,3.4,Novibet,1.32,3.15,Betano.br,1.31,3.25,bet365,2.75,15.0,34.0,4.5,5.5,9.5,21.0,15.0,8.0,bet365,1.93,1.93,bet365,2.1,1.73,bet365,1.91,1.8,bet365,11.0,bet365,7.0,bet365,12.0,bet365,7.5,bet365,8.0,bet365,23.0,bet365,8.5,bet365,15.0,bet365,17.0,bet365,13.0,bet365,51.0,bet365,15.0,bet365,41.0,bet365,26.0,bet365,41.0,bet365,6.0,1.13,bet365,5.25,1.16,bet365,3.0,1.38,bet365,2.3,1.6,bet365,1.73,2.08,bet365,1.23,4.1,,0.0,0.0,,0.0,0.0,,0.0,0.0,,0.0,0.0,Novibet,12.5,7.9,0.0,Betano.br,5.5,4.7,28.0,bet365,3.0,3.6,0.0,bet365,0.0,0.0,2.1,Betano.br,1.04,11.5,1.45,Betano.br,0.0,0.0,1.16,1.54,1.49,,,,,,,,,0.5,0.5,,,,,,,,,,,15.0,5.0,6.0,3.0,6.0,2.0,3.0,0.0,,,,,,,,,,,7.0,2.0,11.0,17.0,26.0,14.0,15.0,8.0,2.0,0.0,,,2.0,3.0,1.0,6.0,,,,,,,,,,,,,0.31,0.12,,,,,,,,,0.49,0.51,,,,,,,,,,,4.0,2.0,2.0,1.0,1.0,1.0,1.0,0.0,,,,,,,,,,,4.0,2.0,4.0,9.0,15.0,5.0,8.0,3.0,,,,,1.0,1.0,0.0,2.0,,,,,,,,,,,,,1.23,1.37,,,,,,,,,0.51,0.49,,,,,,,,,,,11.0,3.0,4.0,2.0,5.0,1.0,2.0,0.0,,,,,,,,,,,3.0,0.0,7.0,8.0,11.0,9.0,7.0,5.0,2.0,0.0,,,1.0,2.0,1.0,4.0,,,,,,,,,,,,
4Ex4Fjfg,ROMANIA,2023/2024,ROMANIA 1,Superliga,GILi6JC9,ROMANIA 1,19/12/2023,15:30,Round 21,U Craiova 1948,nNhLpi8p,Petrolul,dhnNlCE9,False,2,0,,,,,,[],[],,0.0,0.0,0.0,,0.0,0.0,0.0,,0.0,0.0,0.0,,0.0,0.0,,0.0,0.0,,0.0,0.0,,0.0,0.0,,0.0,0.0,,0.0,0.0,,0.0,0.0,,0.0,0.0,,0.0,0.0,,0.0,0.0,,0.0,0.0,,0.0,0.0,,0.0,0.0,,0.0,0.0,,0.0,0.0,0.0,,0.0,0.0,0.0,,0.0,0.0,0.0,,0.0,0.0,,0.0,0.0,,0.0,0.0,,0.0,0.0,0.0,0.0,0.0,0.0,0.0,0.0,0.0,,0.0,0.0,,0.0,0.0,,0.0,0.0,,0.0,,0.0,,0.0,,0.0,,0.0,,0.0,,0.0,,0.0,,0.0,,0.0,,0.0,,0.0,,0.0,,0.0,,0.0,,0.0,0.0,,0.0,0.0,,0.0,0.0,,0.0,0.0,,0.0,0.0,,0.0,0.0,,0.0,0.0,,0.0,0.0,,0.0,0.0,,0.0,0.0,,0.0,0.0,0.0,,0.0,0.0,0.0,,0.0,0.0,0.0,,0.0,0.0,0.0,,0.0,0.0,0.0,,0.0,0.0,0.0,,,,,,,,,,,,,,,,,,,,,,,,,,,,,,,,,,,,,,,,,,,,,,,,,,,,,,,,,,,,,,,,,,,,,,,,,,,,,,,,,,,,,,,,,,,,,,,,,,,,,,,,,,,,,,,,,,,,,,,,,,,,,,,,,,,,,,,,,,,,,,,,,,,,,,,,,,,,,,,,,,,,,,,,,,,,,,,,,,,,,,,,,,,,,,,,,,,,,,,,,,,,
MkmaGWvm,ROMANIA,2023/2024,ROMANIA 1,Superliga,GILi6JC9,ROMANIA 1,19/12/2023,18:30,Round 21,Poli Iasi,t84qisiU,FCSB,Gv2kjDpN,False,1,3,,,,,,[],[],,0.0,0.0,0.0,,0.0,0.0,0.0,,0.0,0.0,0.0,,0.0,0.0,,0.0,0.0,,0.0,0.0,,0.0,0.0,,0.0,0.0,,0.0,0.0,,0.0,0.0,,0.0,0.0,,0.0,0.0,,0.0,0.0,,0.0,0.0,,0.0,0.0,,0.0,0.0,,0.0,0.0,,0.0,0.0,0.0,,0.0,0.0,0.0,,0.0,0.0,0.0,,0.0,0.0,,0.0,0.0,,0.0,0.0,,0.0,0.0,0.0,0.0,0.0,0.0,0.0,0.0,0.0,,0.0,0.0,,0.0,0.0,,0.0,0.0,,0.0,,0.0,,0.0,,0.0,,0.0,,0.0,,0.0,,0.0,,0.0,,0.0,,0.0,,0.0,,0.0,,0.0,,0.0,,0.0,0.0,,0.0,0.0,,0.0,0.0,,0.0,0.0,,0.0,0.0,,0.0,0.0,,0.0,0.0,,0.0,0.0,,0.0,0.0,,0.0,0.0,,0.0,0.0,0.0,,0.0,0.0,0.0,,0.0,0.0,0.0,,0.0,0.0,0.0,,0.0,0.0,0.0,,0.0,0.0,0.0,,,,,,,,,,,,,,,,,,,,,,,,,,,,,,,,,,,,,,,,,,,,,,,,,,,,,,,,,,,,,,,,,,,,,,,,,,,,,,,,,,,,,,,,,,,,,,,,,,,,,,,,,,,,,,,,,,,,,,,,,,,,,,,,,,,,,,,,,,,,,,,,,,,,,,,,,,,,,,,,,,,,,,,,,,,,,,,,,,,,,,,,,,,,,,,,,,,,,,,,,,,,
lzIbZjUR,ROMANIA,2023/2024,ROMANIA 1,Superliga,GILi6JC9,ROMANIA 1,18/12/2023,18:00,Round 20,FC Botosani,GjY1JjUS,Dinamo Bucuresti,rBgMi3MH,False,0,2,,,,,,[],[],,0.0,0.0,0.0,,0.0,0.0,0.0,,0.0,0.0,0.0,,0.0,0.0,,0.0,0.0,,0.0,0.0,,0.0,0.0,,0.0,0.0,,0.0,0.0,,0.0,0.0,,0.0,0.0,,0.0,0.0,,0.0,0.0,,0.0,0.0,,0.0,0.0,,0.0,0.0,,0.0,0.0,,0.0,0.0,0.0,,0.0,0.0,0.0,,0.0,0.0,0.0,,0.0,0.0,,0.0,0.0,,0.0,0.0,,0.0,0.0,0.0,0.0,0.0,0.0,0.0,0.0,0.0,,0.0,0.0,,0.0,0.0,,0.0,0.0,,0.0,,0.0,,0.0,,0.0,,0.0,,0.0,,0.0,,0.0,,0.0,,0.0,,0.0,,0.0,,0.0,,0.0,,0.0,,0.0,0.0,,0.0,0.0,,0.0,0.0,,0.0,0.0,,0.0,0.0,,0.0,0.0,,0.0,0.0,,0.0,0.0,,0.0,0.0,,0.0,0.0,,0.0,0.0,0.0,,0.0,0.0,0.0,,0.0,0.0,0.0,,0.0,0.0,0.0,,0.0,0.0,0.0,,0.0,0.0,0.0,,,,,,,,,,,,,,,,,,,,,,,,,,,,,,,,,,,,,,,,,,,,,,,,,,,,,,,,,,,,,,,,,,,,,,,,,,,,,,,,,,,,,,,,,,,,,,,,,,,,,,,,,,,,,,,,,,,,,,,,,,,,,,,,,,,,,,,,,,,,,,,,,,,,,,,,,,,,,,,,,,,,,,,,,,,,,,,,,,,,,,,,,,,,,,,,,,,,,,,,,,,,
WxhT75ii,ROMANIA,2023/2024,ROMANIA 1,Superliga,GILi6JC9,ROMANIA 1,16/02/2024,15:00,Round 26,Petrolul,dhnNlCE9,Poli Iasi,t84qisiU,False,2,1,,,,,,"[60, 90]",[30],bet365,2.63,1.95,5.5,bet365,2.25,2.25,4.5,bet365,1.83,3.2,4.2,bet365,1.57,2.25,bet365,3.75,1.25,bet365,11.0,1.05,bet365,1.33,3.25,bet365,2.63,1.44,bet365,7.0,1.1,bet365,1.1,7.0,bet365,1.5,2.5,bet365,2.5,1.5,bet365,5.0,1.17,bet365,11.0,1.05,bet365,2.25,1.57,bet365,6.5,1.11,bet365,4.5,1.18,bet365,1.2,1.33,1.8,bet365,1.13,1.8,1.44,Novibet,1.21,1.6,1.56,bet365,1.33,3.25,Betano.br,1.39,2.77,Betano.br,1.4,2.8,bet365,3.1,15.0,41.0,4.5,4.33,8.5,29.0,17.0,8.0,bet365,1.98,1.88,bet365,2.2,1.67,bet365,2.0,1.73,bet365,6.5,bet365,5.5,bet365,9.0,bet365,6.5,bet365,7.5,bet365,21.0,bet365,9.5,bet365,17.0,bet365,21.0,bet365,15.0,bet365,51.0,bet365,19.0,bet365,41.0,bet365,41.0,bet365,51.0,,0.0,0.0,bet365,7.0,1.1,bet365,3.7,1.26,bet365,2.75,1.43,bet365,1.93,1.93,bet365,1.23,4.0,,0.0,0.0,,0.0,0.0,,0.0,0.0,,0.0,0.0,Betano.br,19.0,9.75,40.0,Novibet,9.2,5.5,38.0,bet365,3.6,3.5,0.0,bet365,0.0,0.0,1.8,Novibet,1.04,11.5,1.28,Betano.br,1.01,15.5,1.08,1.16,1.67,,,,,,,,,0.46,0.54,,,,,,,,,,,11.0,14.0,8.0,5.0,3.0,7.0,0.0,2.0,,,,,,,,,,,5.0,4.0,9.0,15.0,25.0,27.0,11.0,9.0,5.0,2.0,,,4.0,0.0,4.0,6.0,,,,,,,,,,,,,0.5,1.25,,,,,,,,,0.39,0.61,,,,,,,,,,,4.0,7.0,2.0,3.0,2.0,3.0,0.0,1.0,,,,,,,,,,,1.0,2.0,2.0,6.0,13.0,13.0,3.0,2.0,2.0,0.0,,,3.0,0.0,2.0,2.0,,,,,,,,,,,,,0.66,0.42,,,,,,,,,0.54,0.46,,,,,,,,,,,7.0,7.0,6.0,2.0,1.0,4.0,0.0,1.0,,,,,,,,,,,4.0,2.0,7.0,9.0,12.0,14.0,8.0,7.0,3.0,2.0,,,1.0,0.0,2.0,4.0,,,,,,,,,,,,
tflxyPMT,ROMANIA,2023/2024,ROMANIA 1,Superliga,GILi6JC9,ROMANIA 1,04/02/2024,13:30,Round 24,Sepsi Sf. Gheorghe,IDsPIcMA,Univ. Craiova,bsd9fGaK,False,1,3,,,,,,[33],"[45, 74, 84]",bet365,3.0,2.05,4.0,bet365,2.6,2.38,3.4,bet365,2.15,3.0,3.2,bet365,1.44,2.63,bet365,3.25,1.33,bet365,10.0,1.06,bet365,1.29,3.5,bet365,2.25,1.57,bet365,5.5,1.14,bet365,1.08,8.0,bet365,1.36,3.0,bet365,2.15,1.67,bet365,3.75,1.25,bet365,9.0,1.07,bet365,1.83,1.83,bet365,5.5,1.14,bet365,3.5,1.29,bet365,1.33,1.33,1.62,bet365,1.22,1.73,1.36,Novibet,1.31,1.56,1.46,bet365,1.57,2.25,Betano.br,1.62,2.15,Betano.br,1.65,2.15,bet365,3.75,15.0,34.0,5.5,4.75,7.0,26.0,15.0,5.5,bet365,2.03,1.83,bet365,2.2,1.67,bet365,2.0,1.73,bet365,8.0,bet365,7.0,bet365,9.5,bet365,6.0,bet365,10.0,bet365,17.0,bet365,9.5,bet365,12.0,bet365,15.0,bet365,21.0,bet365,34.0,bet365,19.0,bet365,29.0,bet365,29.0,bet365,41.0,,0.0,0.0,,0.0,0.0,bet365,4.4,1.2,bet365,3.45,1.3,bet365,2.2,1.65,bet365,1.33,3.3,bet365,1.12,6.4,bet365,1.1,7.0,,0.0,0.0,,0.0,0.0,Betano.br,24.0,11.5,35.0,Betano.br,11.5,6.5,21.0,bet365,4.5,4.0,0.0,bet365,0.0,0.0,1.62,Novibet,1.09,9.3,1.2,Betano.br,1.02,14.5,1.05,1.69,1.53,,,,,,,,,0.53,0.47,,,,,,,,,,,12.0,9.0,4.0,5.0,8.0,2.0,0.0,2.0,,,,,,,,,,,5.0,6.0,17.0,18.0,24.0,28.0,16.0,15.0,2.0,3.0,,,2.0,2.0,2.0,3.0,,,,,,,,,,,,,1.3,0.39,,,,,,,,,0.54,0.46,,,,,,,,,,,6.0,4.0,3.0,2.0,3.0,1.0,0.0,1.0,,,,,,,,,,,3.0,4.0,9.0,12.0,11.0,12.0,11.0,8.0,1.0,1.0,,,1.0,1.0,1.0,2.0,,,,,,,,,,,,,0.39,1.14,,,,,,,,,0.52,0.48,,,,,,,,,,,6.0,5.0,1.0,3.0,5.0,1.0,0.0,1.0,,,,,,,,,,,2.0,2.0,8.0,6.0,13.0,16.0,5.0,7.0,1.0,2.0,,,1.0,1.0,1.0,1.0,,,,,,,,,,,,
j5ePwRxB,ROMANIA,2023/2024,ROMANIA 1,Superliga,GILi6JC9,ROMANIA 1,03/02/2024,15:00,Round 24,Petrolul,dhnNlCE9,CFR Cluj,4KfIhq7B,False,1,2,,,,,,[23],"[52, 90]",bet365,4.33,2.05,2.75,bet365,3.75,2.38,2.3,bet365,3.75,3.1,1.91,bet365,1.44,2.63,bet365,3.25,1.33,bet365,10.0,1.06,bet365,1.29,3.5,bet365,2.25,1.57,bet365,5.5,1.14,bet365,1.07,9.0,bet365,1.36,3.0,bet365,2.2,1.65,bet365,4.0,1.22,bet365,9.0,1.07,bet365,1.91,1.8,bet365,5.5,1.14,bet365,3.75,1.25,bet365,1.73,1.33,1.22,bet365,1.4,1.73,1.2,Novibet,1.54,1.56,1.26,bet365,2.63,1.44,Novibet,2.45,1.5,Novibet,2.45,1.51,bet365,6.5,15.0,26.0,8.0,4.75,5.0,34.0,15.0,3.25,bet365,2.0,1.85,bet365,2.2,1.67,bet365,2.0,1.73,bet365,8.5,bet365,10.0,bet365,6.5,bet365,6.5,bet365,19.0,bet365,9.0,bet365,13.0,bet365,9.0,bet365,17.0,bet365,41.0,bet365,17.0,bet365,34.0,bet365,17.0,bet365,41.0,bet365,29.0,,0.0,0.0,,0.0,0.0,,0.0,0.0,,0.0,0.0,bet365,3.7,1.26,bet365,1.83,2.03,bet365,1.38,3.0,bet365,1.25,3.8,,0.0,0.0,,0.0,0.0,Novibet,51.0,18.0,0.0,Novibet,29.0,10.75,9.2,bet365,0.0,0.0,3.75,bet365,1.73,3.75,0.0,Novibet,1.26,6.0,1.06,Betano.br,1.07,10.5,1.02,0.99,1.84,,,,,,,,,0.34,0.66,,,,,,,,,,,7.0,14.0,4.0,6.0,3.0,6.0,0.0,2.0,,,,,,,,,,,4.0,3.0,17.0,17.0,23.0,25.0,15.0,14.0,4.0,2.0,,,2.0,3.0,4.0,3.0,,,,,,,,,,,,,0.23,0.74,,,,,,,,,0.32,0.68,,,,,,,,,,,1.0,7.0,1.0,2.0,0.0,4.0,0.0,1.0,,,,,,,,,,,0.0,3.0,5.0,10.0,14.0,11.0,9.0,2.0,1.0,0.0,,,1.0,3.0,2.0,0.0,,,,,,,,,,,,,0.76,1.1,,,,,,,,,0.36,0.64,,,,,,,,,,,6.0,7.0,3.0,4.0,3.0,2.0,0.0,1.0,,,,,,,,,,,4.0,0.0,12.0,7.0,9.0,14.0,6.0,12.0,3.0,2.0,,,1.0,0.0,2.0,3.0,,,,,,,,,,,,
lxoL5zSK,ROMANIA,2023/2024,ROMANIA 1,Superliga,GILi6JC9,ROMANIA 1,23/02/2024,18:00,Round 27,CFR Cluj,4KfIhq7B,Dinamo Bucuresti,rBgMi3MH,False,4,0,,,,,,"[52, 68, 79, 82]",[],bet365,2.0,2.3,7.0,bet365,1.73,2.63,6.5,bet365,1.44,4.2,8.0,bet365,1.4,2.75,bet365,3.0,1.36,bet365,8.0,1.08,bet365,1.22,4.0,bet365,2.1,1.67,bet365,4.5,1.18,bet365,1.05,11.0,bet365,1.25,3.75,bet365,1.88,1.98,bet365,3.25,1.33,bet365,6.0,1.13,bet365,2.1,1.67,bet365,6.0,1.13,bet365,4.0,1.22,bet365,1.08,1.22,2.63,bet365,1.08,1.57,1.73,Betano.br,1.13,1.42,1.93,bet365,1.13,6.0,Betano.br,1.21,4.0,Betano.br,1.21,4.15,bet365,2.2,17.0,41.0,4.0,6.0,15.0,21.0,19.0,13.0,bet365,1.98,1.88,bet365,2.1,1.73,bet365,1.91,1.8,bet365,9.5,bet365,6.5,bet365,17.0,bet365,8.0,bet365,6.5,bet365,41.0,bet365,9.0,bet365,23.0,bet365,21.0,bet365,9.0,bet365,81.0,bet365,13.0,bet365,51.0,bet365,29.0,bet365,51.0,bet365,4.0,1.23,bet365,3.3,1.33,bet365,2.2,1.65,bet365,1.7,2.1,bet365,1.43,2.75,bet365,1.11,6.8,,0.0,0.0,,0.0,0.0,,0.0,0.0,,0.0,0.0,Novibet,11.25,7.5,0.0,Betano.br,4.2,4.25,37.0,bet365,2.25,3.6,0.0,bet365,0.0,0.0,2.63,Betano.br,1.02,13.5,1.65,Betano.br,0.0,0.0,1.23,1.93,0.17,,,,,,,,,0.54,0.46,,,,,,,,,,,14.0,5.0,5.0,1.0,6.0,2.0,3.0,2.0,,,,,,,,,,,10.0,6.0,11.0,19.0,18.0,14.0,18.0,9.0,,,,,1.0,2.0,1.0,1.0,,,,,,,,,,,,,0.26,0.06,,,,,,,,,0.53,0.47,,,,,,,,,,,4.0,2.0,0.0,1.0,3.0,0.0,1.0,1.0,,,,,,,,,,,7.0,0.0,4.0,8.0,9.0,7.0,7.0,3.0,,,,,1.0,1.0,1.0,0.0,,,,,,,,,,,,,1.67,0.11,,,,,,,,,0.55,0.45,,,,,,,,,,,10.0,3.0,5.0,0.0,3.0,2.0,2.0,1.0,,,,,,,,,,,3.0,6.0,7.0,11.0,9.0,7.0,11.0,6.0,,,,,0.0,1.0,0.0,1.0,,,,,,,,,,,,
6DeG6GCE,ROMANIA,2023/2024,ROMANIA 1,Superliga,GILi6JC9,ROMANIA 1,25/02/2024,18:00,Round 27,FCSB,Gv2kjDpN,FC Botosani,GjY1JjUS,False,3,2,,,,,,"[6, 71, 76]","[47, 90]",bet365,1.83,2.38,9.0,bet365,1.62,2.75,8.0,bet365,1.33,4.75,10.0,bet365,1.4,2.75,bet365,2.75,1.4,bet365,8.0,1.08,bet365,1.25,3.75,bet365,2.1,1.67,bet365,4.5,1.18,bet365,1.05,11.0,bet365,1.25,3.75,bet365,1.88,1.98,bet365,3.0,1.36,bet365,6.0,1.13,bet365,2.38,1.53,bet365,6.5,1.11,bet365,4.5,1.18,bet365,1.06,1.18,3.25,bet365,1.04,1.53,1.83,Betano.br,1.09,1.36,2.18,bet365,1.1,7.0,Novibet,1.15,4.95,Betano.br,1.14,5.2,bet365,2.0,19.0,41.0,3.75,6.5,17.0,23.0,21.0,17.0,bet365,1.95,1.9,bet365,2.1,1.73,bet365,1.91,1.8,bet365,9.5,bet365,6.0,bet365,17.0,bet365,9.5,bet365,5.5,bet365,41.0,bet365,9.5,bet365,26.0,bet365,26.0,bet365,8.0,bet365,126.0,bet365,13.0,bet365,67.0,bet365,34.0,bet365,67.0,bet365,3.45,1.3,bet365,2.75,1.43,bet365,2.0,1.85,bet365,1.5,2.5,bet365,1.33,3.3,,0.0,0.0,,0.0,0.0,,0.0,0.0,,0.0,0.0,,0.0,0.0,Novibet,7.4,6.0,0.0,Betano.br,3.45,4.0,40.0,bet365,2.0,3.6,0.0,bet365,0.0,0.0,3.25,Betano.br,1.01,15.0,1.85,Betano.br,0.0,0.0,1.32,2.31,1.4,,,,,,,,,0.5,0.5,,,,,,,,,,,13.0,9.0,8.0,3.0,4.0,2.0,1.0,4.0,,,,,,,,,,,3.0,7.0,17.0,5.0,15.0,12.0,5.0,16.0,2.0,7.0,2.0,1.0,0.0,1.0,1.0,5.0,,,,,,,,,,,,,1.02,0.29,,,,,,,,,0.5,0.5,,,,,,,,,,,7.0,3.0,4.0,0.0,3.0,2.0,0.0,1.0,,,,,,,,,,,3.0,2.0,10.0,3.0,8.0,6.0,3.0,10.0,0.0,4.0,1.0,0.0,0.0,0.0,0.0,3.0,,,,,,,,,,,,,1.29,1.11,,,,,,,,,0.5,0.5,,,,,,,,,,,6.0,6.0,4.0,3.0,1.0,0.0,1.0,3.0,,,,,,,,,,,0.0,5.0,7.0,2.0,7.0,6.0,2.0,6.0,2.0,3.0,1.0,1.0,0.0,1.0,1.0,2.0,,,,,,,,,,,,
YmDFlriT,ROMANIA,2023/2024,ROMANIA 1,Superliga,GILi6JC9,ROMANIA 1,11/02/2024,18:45,Round 25,FCSB,Gv2kjDpN,Sepsi Sf. Gheorghe,IDsPIcMA,False,1,0,,,,,,[16],[],bet365,2.25,2.25,5.0,bet365,1.95,2.6,4.5,bet365,1.65,3.8,4.75,bet365,1.36,3.0,bet365,2.63,1.44,bet365,7.0,1.1,bet365,1.22,4.0,bet365,2.0,1.73,bet365,4.33,1.2,bet365,1.04,13.0,bet365,1.25,3.75,bet365,1.85,2.0,bet365,3.0,1.36,bet365,6.0,1.13,bet365,1.83,1.83,bet365,5.0,1.17,bet365,3.5,1.29,bet365,1.18,1.25,2.2,bet365,1.14,1.57,1.57,Novibet,1.2,1.45,1.73,bet365,1.29,3.5,Novibet,1.33,3.1,Novibet,1.34,3.05,bet365,2.6,15.0,34.0,4.5,6.0,10.0,21.0,15.0,8.5,bet365,1.95,1.9,bet365,2.1,1.73,bet365,1.91,1.8,bet365,11.0,bet365,7.0,bet365,13.0,bet365,7.5,bet365,8.0,bet365,26.0,bet365,8.5,bet365,15.0,bet365,17.0,bet365,13.0,bet365,51.0,bet365,13.0,bet365,41.0,bet365,26.0,bet365,41.0,bet365,5.75,1.14,bet365,4.65,1.18,bet365,2.75,1.43,bet365,2.15,1.68,bet365,1.68,2.15,bet365,1.2,4.4,,0.0,0.0,,0.0,0.0,,0.0,0.0,,0.0,0.0,Betano.br,12.5,7.9,37.0,Novibet,5.3,4.7,31.0,bet365,2.75,3.75,0.0,bet365,0.0,0.0,2.2,Betano.br,1.04,11.5,1.42,Betano.br,1.01,16.0,1.15,1.76,0.57,,,,,,,,,0.38,0.62,,,,,,,,,,,8.0,9.0,3.0,1.0,5.0,7.0,0.0,1.0,,,,,,,,,,,3.0,7.0,7.0,11.0,17.0,30.0,9.0,7.0,0.0,1.0,,,2.0,0.0,1.0,2.0,,,,,,,,,,,,,1.32,0.31,,,,,,,,,0.42,0.58,,,,,,,,,,,6.0,6.0,2.0,1.0,4.0,4.0,0.0,1.0,,,,,,,,,,,3.0,5.0,5.0,5.0,8.0,11.0,5.0,5.0,,,,,0.0,0.0,1.0,1.0,,,,,,,,,,,,,0.44,0.26,,,,,,,,,0.34,0.66,,,,,,,,,,,2.0,3.0,1.0,0.0,1.0,3.0,0.0,0.0,,,,,,,,,,,0.0,2.0,2.0,6.0,9.0,19.0,4.0,2.0,0.0,1.0,,,2.0,0.0,0.0,1.0,,,,,,,,,,,,
M3SXUVgt,ROMANIA,2023/2024,ROMANIA 1,Superliga,GILi6JC9,ROMANIA 1,20/01/2024,18:00,Round 22,Petrolul,dhnNlCE9,Dinamo Bucuresti,rBgMi3MH,False,1,0,,,,,,[80],[],bet365,3.25,1.91,4.0,bet365,2.75,2.1,3.5,bet365,2.3,3.0,3.0,bet365,1.62,2.2,bet365,4.0,1.22,bet365,13.0,1.04,bet365,1.36,3.0,bet365,2.75,1.4,bet365,8.0,1.08,bet365,1.13,6.0,bet365,1.57,2.25,bet365,2.7,1.44,bet365,5.5,1.14,bet365,13.0,1.04,bet365,2.25,1.57,bet365,7.0,1.1,bet365,4.5,1.18,bet365,1.33,1.33,1.53,bet365,1.22,1.8,1.33,Novibet,1.28,1.62,1.45,bet365,1.67,2.1,Novibet,1.61,2.2,Novibet,1.62,2.2,bet365,4.0,15.0,41.0,5.5,4.0,6.5,34.0,15.0,5.5,bet365,1.98,1.88,bet365,2.3,1.62,bet365,2.0,1.73,bet365,6.0,bet365,6.0,bet365,7.0,bet365,6.0,bet365,10.0,bet365,13.0,bet365,11.0,bet365,13.0,bet365,21.0,bet365,23.0,bet365,34.0,bet365,23.0,bet365,34.0,bet365,41.0,bet365,41.0,,0.0,0.0,bet365,7.0,1.1,bet365,5.25,1.16,bet365,4.1,1.23,bet365,2.35,1.58,bet365,1.38,3.0,bet365,1.12,6.25,,0.0,0.0,,0.0,0.0,,0.0,0.0,Betano.br,28.0,12.0,35.0,Novibet,12.5,6.7,26.0,bet365,5.5,3.75,0.0,bet365,0.0,0.0,1.53,Novibet,1.07,9.8,1.18,Betano.br,1.02,14.0,1.04,0.39,0.44,,,,,,,,,0.5,0.5,,,,,,,,,,,9.0,6.0,3.0,2.0,5.0,1.0,1.0,3.0,,,,,,,,,,,6.0,4.0,13.0,22.0,25.0,23.0,18.0,10.0,3.0,1.0,,,4.0,3.0,2.0,2.0,,,,,,,,,,,,,0.02,0.14,,,,,,,,,0.45,0.55,,,,,,,,,,,1.0,4.0,1.0,2.0,0.0,1.0,0.0,1.0,,,,,,,,,,,2.0,2.0,10.0,13.0,11.0,13.0,10.0,8.0,,,,,3.0,2.0,2.0,1.0,,,,,,,,,,,,,0.37,0.3,,,,,,,,,0.55,0.45,,,,,,,,,,,8.0,2.0,2.0,0.0,5.0,0.0,1.0,2.0,,,,,,,,,,,4.0,2.0,3.0,9.0,14.0,10.0,8.0,2.0,3.0,1.0,,,1.0,1.0,0.0,1.0,,,,,,,,,,,,
nBcZSl7e,ROMANIA,2023/2024,ROMANIA 1,Superliga,GILi6JC9,ROMANIA 1,15/12/2023,18:00,Round 20,Petrolul,dhnNlCE9,FC Rapid Bucuresti,YFCpigVG,False,0,0,,,,,,[],[],,0.0,0.0,0.0,,0.0,0.0,0.0,,0.0,0.0,0.0,,0.0,0.0,,0.0,0.0,,0.0,0.0,,0.0,0.0,,0.0,0.0,,0.0,0.0,,0.0,0.0,,0.0,0.0,,0.0,0.0,,0.0,0.0,,0.0,0.0,,0.0,0.0,,0.0,0.0,,0.0,0.0,,0.0,0.0,0.0,,0.0,0.0,0.0,,0.0,0.0,0.0,,0.0,0.0,,0.0,0.0,,0.0,0.0,,0.0,0.0,0.0,0.0,0.0,0.0,0.0,0.0,0.0,,0.0,0.0,,0.0,0.0,,0.0,0.0,,0.0,,0.0,,0.0,,0.0,,0.0,,0.0,,0.0,,0.0,,0.0,,0.0,,0.0,,0.0,,0.0,,0.0,,0.0,,0.0,0.0,,0.0,0.0,,0.0,0.0,,0.0,0.0,,0.0,0.0,,0.0,0.0,,0.0,0.0,,0.0,0.0,,0.0,0.0,,0.0,0.0,,0.0,0.0,0.0,,0.0,0.0,0.0,,0.0,0.0,0.0,,0.0,0.0,0.0,,0.0,0.0,0.0,,0.0,0.0,0.0,,,,,,,,,,,,,,,,,,,,,,,,,,,,,,,,,,,,,,,,,,,,,,,,,,,,,,,,,,,,,,,,,,,,,,,,,,,,,,,,,,,,,,,,,,,,,,,,,,,,,,,,,,,,,,,,,,,,,,,,,,,,,,,,,,,,,,,,,,,,,,,,,,,,,,,,,,,,,,,,,,,,,,,,,,,,,,,,,,,,,,,,,,,,,,,,,,,,,,,,,,,,
jq4QUAxq,ROMANIA,2023/2024,ROMANIA 1,Superliga,GILi6JC9,ROMANIA 1,15/12/2023,15:00,Round 20,FC Voluntari,WIoSeFi4,U Craiova 1948,nNhLpi8p,False,0,1,,,,,,[],[],,0.0,0.0,0.0,,0.0,0.0,0.0,,0.0,0.0,0.0,,0.0,0.0,,0.0,0.0,,0.0,0.0,,0.0,0.0,,0.0,0.0,,0.0,0.0,,0.0,0.0,,0.0,0.0,,0.0,0.0,,0.0,0.0,,0.0,0.0,,0.0,0.0,,0.0,0.0,,0.0,0.0,,0.0,0.0,0.0,,0.0,0.0,0.0,,0.0,0.0,0.0,,0.0,0.0,,0.0,0.0,,0.0,0.0,,0.0,0.0,0.0,0.0,0.0,0.0,0.0,0.0,0.0,,0.0,0.0,,0.0,0.0,,0.0,0.0,,0.0,,0.0,,0.0,,0.0,,0.0,,0.0,,0.0,,0.0,,0.0,,0.0,,0.0,,0.0,,0.0,,0.0,,0.0,,0.0,0.0,,0.0,0.0,,0.0,0.0,,0.0,0.0,,0.0,0.0,,0.0,0.0,,0.0,0.0,,0.0,0.0,,0.0,0.0,,0.0,0.0,,0.0,0.0,0.0,,0.0,0.0,0.0,,0.0,0.0,0.0,,0.0,0.0,0.0,,0.0,0.0,0.0,,0.0,0.0,0.0,,,,,,,,,,,,,,,,,,,,,,,,,,,,,,,,,,,,,,,,,,,,,,,,,,,,,,,,,,,,,,,,,,,,,,,,,,,,,,,,,,,,,,,,,,,,,,,,,,,,,,,,,,,,,,,,,,,,,,,,,,,,,,,,,,,,,,,,,,,,,,,,,,,,,,,,,,,,,,,,,,,,,,,,,,,,,,,,,,,,,,,,,,,,,,,,,,,,,,,,,,,,
tAhLLXaS,ROMANIA,2023/2024,ROMANIA 1,Superliga,GILi6JC9,ROMANIA 1,12/12/2023,15:00,Round 19,Otelul,2H5uhNyO,Sepsi Sf. Gheorghe,IDsPIcMA,False,2,3,,,,,,[],[],,0.0,0.0,0.0,,0.0,0.0,0.0,,0.0,0.0,0.0,,0.0,0.0,,0.0,0.0,,0.0,0.0,,0.0,0.0,,0.0,0.0,,0.0,0.0,,0.0,0.0,,0.0,0.0,,0.0,0.0,,0.0,0.0,,0.0,0.0,,0.0,0.0,,0.0,0.0,,0.0,0.0,,0.0,0.0,0.0,,0.0,0.0,0.0,,0.0,0.0,0.0,,0.0,0.0,,0.0,0.0,,0.0,0.0,,0.0,0.0,0.0,0.0,0.0,0.0,0.0,0.0,0.0,,0.0,0.0,,0.0,0.0,,0.0,0.0,,0.0,,0.0,,0.0,,0.0,,0.0,,0.0,,0.0,,0.0,,0.0,,0.0,,0.0,,0.0,,0.0,,0.0,,0.0,,0.0,0.0,,0.0,0.0,,0.0,0.0,,0.0,0.0,,0.0,0.0,,0.0,0.0,,0.0,0.0,,0.0,0.0,,0.0,0.0,,0.0,0.0,,0.0,0.0,0.0,,0.0,0.0,0.0,,0.0,0.0,0.0,,0.0,0.0,0.0,,0.0,0.0,0.0,,0.0,0.0,0.0,,,,,,,,,,,,,,,,,,,,,,,,,,,,,,,,,,,,,,,,,,,,,,,,,,,,,,,,,,,,,,,,,,,,,,,,,,,,,,,,,,,,,,,,,,,,,,,,,,,,,,,,,,,,,,,,,,,,,,,,,,,,,,,,,,,,,,,,,,,,,,,,,,,,,,,,,,,,,,,,,,,,,,,,,,,,,,,,,,,,,,,,,,,,,,,,,,,,,,,,,,,,
bVbXy57N,ROMANIA,2023/2024,ROMANIA 1,Superliga,GILi6JC9,ROMANIA 1,03/02/2024,18:00,Round 24,FC Rapid Bucuresti,YFCpigVG,Otelul,2H5uhNyO,False,2,1,,,,,,"[8, 45]",[87],bet365,2.38,2.1,5.5,bet365,2.05,2.4,4.75,bet365,1.67,3.6,4.2,bet365,1.44,2.63,bet365,3.25,1.33,bet365,9.0,1.07,bet365,1.25,3.75,bet365,2.25,1.57,bet365,5.5,1.14,bet365,1.06,10.0,bet365,1.33,3.25,bet365,2.08,1.73,bet365,3.75,1.25,bet365,8.0,1.08,bet365,2.0,1.73,bet365,5.5,1.14,bet365,4.0,1.22,bet365,1.2,1.25,2.0,bet365,1.13,1.67,1.53,Betano.br,1.19,1.5,1.65,bet365,1.3,3.4,Betano.br,1.37,2.85,Betano.br,1.36,3.0,bet365,2.75,15.0,41.0,4.33,5.0,9.5,23.0,17.0,8.5,bet365,1.93,1.93,bet365,2.1,1.73,bet365,2.0,1.73,bet365,9.5,bet365,6.0,bet365,11.0,bet365,7.5,bet365,7.5,bet365,23.0,bet365,8.5,bet365,15.0,bet365,19.0,bet365,13.0,bet365,51.0,bet365,15.0,bet365,41.0,bet365,29.0,bet365,41.0,bet365,6.6,1.11,bet365,5.75,1.14,bet365,3.1,1.35,bet365,2.35,1.58,bet365,1.73,2.08,bet365,1.22,4.15,,0.0,0.0,,0.0,0.0,,0.0,0.0,,0.0,0.0,Betano.br,14.5,8.25,40.0,Betano.br,6.5,4.9,28.0,bet365,3.0,3.6,0.0,bet365,0.0,0.0,2.0,Betano.br,1.05,11.0,1.38,Betano.br,1.01,15.5,1.12,0.67,0.48,,,,,,,,,0.41,0.59,,,,,,,,,,,8.0,13.0,4.0,6.0,3.0,3.0,1.0,4.0,,,,,,,,,,,2.0,4.0,20.0,21.0,25.0,27.0,20.0,17.0,1.0,1.0,,,1.0,3.0,5.0,2.0,,,,,,,,,,,,,0.67,0.17,,,,,,,,,0.42,0.58,,,,,,,,,,,5.0,5.0,3.0,1.0,1.0,2.0,1.0,2.0,,,,,,,,,,,0.0,2.0,10.0,11.0,10.0,13.0,11.0,9.0,0.0,1.0,,,0.0,1.0,1.0,1.0,,,,,,,,,,,,,0.0,0.31,,,,,,,,,0.4,0.6,,,,,,,,,,,3.0,8.0,1.0,5.0,2.0,1.0,0.0,2.0,,,,,,,,,,,2.0,2.0,10.0,10.0,15.0,14.0,9.0,8.0,1.0,0.0,,,1.0,2.0,4.0,1.0,,,,,,,,,,,,
86ZKB8gI,ROMANIA,2023/2024,ROMANIA 1,Superliga,GILi6JC9,ROMANIA 1,21/01/2024,13:00,Round 22,FC Botosani,GjY1JjUS,CFR Cluj,4KfIhq7B,False,1,0,,,,,,[64],[],bet365,6.0,2.25,2.1,bet365,5.5,2.6,1.83,bet365,6.5,3.8,1.55,bet365,1.36,3.0,bet365,2.75,1.4,bet365,7.0,1.1,bet365,1.22,4.0,bet365,2.0,1.73,bet365,4.33,1.2,bet365,1.05,11.0,bet365,1.29,3.5,bet365,1.93,1.93,bet365,3.25,1.33,bet365,6.5,1.11,bet365,1.91,1.8,bet365,5.5,1.14,bet365,3.75,1.25,bet365,2.38,1.25,1.11,bet365,1.67,1.57,1.11,Betano.br,1.83,1.44,1.15,bet365,4.5,1.18,Betano.br,3.65,1.24,Betano.br,3.65,1.25,bet365,10.0,17.0,21.0,12.0,6.0,4.33,41.0,15.0,2.4,bet365,2.0,1.85,bet365,2.1,1.73,bet365,1.91,1.8,bet365,10.0,bet365,15.0,bet365,6.5,bet365,7.5,bet365,34.0,bet365,7.0,bet365,19.0,bet365,8.5,bet365,17.0,bet365,67.0,bet365,11.0,bet365,51.0,bet365,13.0,bet365,51.0,bet365,29.0,,0.0,0.0,,0.0,0.0,,0.0,0.0,,0.0,0.0,bet365,5.9,1.13,bet365,2.43,1.53,bet365,1.9,1.95,bet365,1.53,2.43,bet365,1.24,3.9,bet365,1.18,4.8,Novibet,0.0,0.0,11.5,Novibet,48.0,14.25,5.1,bet365,0.0,0.0,2.5,bet365,2.38,3.6,0.0,Novibet,1.51,4.7,1.02,Novibet,1.17,7.6,0.0,0.63,0.6,,,,,,,,,0.41,0.59,,,,,,,,,,,7.0,12.0,1.0,4.0,4.0,3.0,2.0,5.0,,,,,,,,,,,2.0,3.0,8.0,13.0,22.0,32.0,13.0,8.0,4.0,4.0,,,0.0,0.0,4.0,0.0,,,,,,,,,,,,,0.13,0.12,,,,,,,,,0.48,0.52,,,,,,,,,,,4.0,3.0,0.0,1.0,3.0,0.0,1.0,2.0,,,,,,,,,,,2.0,2.0,5.0,7.0,12.0,18.0,7.0,5.0,2.0,3.0,,,0.0,0.0,1.0,0.0,,,,,,,,,,,,,0.5,0.48,,,,,,,,,0.34,0.66,,,,,,,,,,,3.0,9.0,1.0,3.0,1.0,3.0,1.0,3.0,,,,,,,,,,,0.0,1.0,3.0,6.0,10.0,14.0,6.0,3.0,2.0,1.0,,,0.0,0.0,3.0,0.0,,,,,,,,,,,,
CvtCDUO5,ROMANIA,2023/2024,ROMANIA 1,Superliga,GILi6JC9,ROMANIA 1,20/12/2023,18:30,Round 21,Farul Constanta,CrJbN1Pa,FC Rapid Bucuresti,YFCpigVG,False,0,0,,,,,,[],[],bet365,2.88,2.2,3.75,bet365,2.6,2.5,3.2,bet365,2.25,3.25,3.25,bet365,1.4,2.75,bet365,2.75,1.4,bet365,8.0,1.08,bet365,1.22,4.0,bet365,2.0,1.73,bet365,4.33,1.2,bet365,1.06,10.0,bet365,1.29,3.5,bet365,2.0,1.85,bet365,3.4,1.3,bet365,7.0,1.1,bet365,1.73,2.0,bet365,4.5,1.18,bet365,3.25,1.33,bet365,1.33,1.33,1.62,bet365,1.25,1.62,1.4,Novibet,1.31,1.54,1.48,bet365,1.57,2.25,Novibet,1.62,2.2,Novibet,1.63,2.2,bet365,3.6,13.0,29.0,5.5,5.0,7.0,23.0,15.0,5.0,bet365,2.03,1.83,bet365,2.1,1.73,bet365,1.91,1.8,bet365,10.0,bet365,8.0,bet365,10.0,bet365,6.0,bet365,11.0,bet365,17.0,bet365,9.5,bet365,12.0,bet365,13.0,bet365,21.0,bet365,34.0,bet365,19.0,bet365,26.0,bet365,26.0,bet365,34.0,bet365,7.0,1.1,bet365,7.0,1.1,bet365,4.15,1.22,bet365,3.45,1.3,bet365,2.2,1.65,bet365,1.35,3.1,bet365,1.13,5.9,bet365,1.1,7.0,,0.0,0.0,,0.0,0.0,Betano.br,21.0,10.75,30.0,Novibet,10.25,6.6,21.0,bet365,4.33,4.0,0.0,bet365,0.0,0.0,1.62,Novibet,1.09,9.5,1.21,Betano.br,1.03,13.5,1.06,0.9,1.25,,,,,,,,,0.54,0.46,,,,,,,,,,,12.0,5.0,5.0,1.0,4.0,2.0,3.0,2.0,,,,,,,,,,,5.0,1.0,14.0,7.0,20.0,19.0,4.0,13.0,3.0,3.0,,,3.0,1.0,1.0,5.0,,,,,,,,,,,,,0.66,1.04,,,,,,,,,0.51,0.49,,,,,,,,,,,6.0,1.0,4.0,0.0,0.0,0.0,2.0,1.0,,,,,,,,,,,5.0,0.0,6.0,6.0,11.0,12.0,4.0,6.0,2.0,0.0,,,2.0,0.0,0.0,4.0,,,,,,,,,,,,,0.24,0.21,,,,,,,,,0.57,0.43,,,,,,,,,,,6.0,4.0,1.0,1.0,4.0,2.0,1.0,1.0,,,,,,,,,,,0.0,1.0,8.0,1.0,9.0,7.0,0.0,7.0,1.0,3.0,,,1.0,1.0,1.0,1.0,,,,,,,,,,,,
x0QRYveE,ROMANIA,2023/2024,ROMANIA 1,Superliga,GILi6JC9,ROMANIA 1,22/12/2023,15:30,Round 21,Otelul,2H5uhNyO,FC Botosani,GjY1JjUS,False,0,2,,,,,,[],"[66, 90]",bet365,2.5,2.0,5.5,bet365,2.1,2.3,4.75,bet365,1.8,3.4,5.0,bet365,1.53,2.38,bet365,3.5,1.29,bet365,11.0,1.05,bet365,1.33,3.25,bet365,2.5,1.5,bet365,6.5,1.11,bet365,1.08,8.0,bet365,1.44,2.63,bet365,2.35,1.57,bet365,4.5,1.18,bet365,11.0,1.05,bet365,2.2,1.62,bet365,6.5,1.11,bet365,4.33,1.2,bet365,1.17,1.3,1.95,bet365,1.13,1.73,1.5,Novibet,1.18,1.57,1.66,bet365,1.29,3.5,Novibet,1.32,3.15,Betano.br,1.32,3.2,bet365,2.88,15.0,41.0,4.33,4.5,9.5,26.0,17.0,8.5,bet365,2.0,1.85,bet365,2.2,1.67,bet365,2.0,1.73,bet365,7.0,bet365,5.5,bet365,10.0,bet365,6.5,bet365,7.0,bet365,23.0,bet365,9.0,bet365,17.0,bet365,21.0,bet365,13.0,bet365,51.0,bet365,17.0,bet365,41.0,bet365,41.0,bet365,51.0,bet365,7.0,1.1,bet365,6.25,1.12,bet365,3.3,1.33,bet365,2.43,1.53,bet365,1.75,2.05,bet365,1.18,4.65,,0.0,0.0,,0.0,0.0,,0.0,0.0,,0.0,0.0,Betano.br,15.0,8.25,37.0,Betano.br,6.6,4.85,32.0,bet365,3.25,3.5,0.0,bet365,0.0,0.0,1.95,Betano.br,1.04,11.75,1.39,Betano.br,1.01,15.5,1.12,0.36,1.13,,,,,,,,,0.58,0.42,,,,,,,,,,,6.0,6.0,2.0,5.0,2.0,1.0,2.0,0.0,,,,,,,,,,,3.0,6.0,18.0,15.0,28.0,22.0,14.0,16.0,1.0,2.0,1.0,0.0,1.0,2.0,3.0,2.0,,,,,,,,,,,,,0.05,0.04,,,,,,,,,0.6,0.4,,,,,,,,,,,3.0,3.0,1.0,2.0,1.0,1.0,1.0,0.0,,,,,,,,,,,1.0,4.0,13.0,6.0,11.0,15.0,6.0,11.0,1.0,1.0,,,0.0,2.0,2.0,1.0,,,,,,,,,,,,,0.31,1.09,,,,,,,,,0.56,0.44,,,,,,,,,,,3.0,3.0,1.0,3.0,1.0,0.0,1.0,0.0,,,,,,,,,,,2.0,2.0,5.0,9.0,17.0,7.0,8.0,5.0,0.0,1.0,1.0,0.0,1.0,0.0,1.0,1.0,,,,,,,,,,,,
8prM2hgj,ROMANIA,2023/2024,ROMANIA 1,Superliga,GILi6JC9,ROMANIA 1,04/12/2023,18:00,Round 18,Sepsi Sf. Gheorghe,IDsPIcMA,Dinamo Bucuresti,rBgMi3MH,False,2,1,,,,,,[],[],,0.0,0.0,0.0,,0.0,0.0,0.0,,0.0,0.0,0.0,,0.0,0.0,,0.0,0.0,,0.0,0.0,,0.0,0.0,,0.0,0.0,,0.0,0.0,,0.0,0.0,,0.0,0.0,,0.0,0.0,,0.0,0.0,,0.0,0.0,,0.0,0.0,,0.0,0.0,,0.0,0.0,,0.0,0.0,0.0,,0.0,0.0,0.0,,0.0,0.0,0.0,,0.0,0.0,,0.0,0.0,,0.0,0.0,,0.0,0.0,0.0,0.0,0.0,0.0,0.0,0.0,0.0,,0.0,0.0,,0.0,0.0,,0.0,0.0,,0.0,,0.0,,0.0,,0.0,,0.0,,0.0,,0.0,,0.0,,0.0,,0.0,,0.0,,0.0,,0.0,,0.0,,0.0,,0.0,0.0,,0.0,0.0,,0.0,0.0,,0.0,0.0,,0.0,0.0,,0.0,0.0,,0.0,0.0,,0.0,0.0,,0.0,0.0,,0.0,0.0,,0.0,0.0,0.0,,0.0,0.0,0.0,,0.0,0.0,0.0,,0.0,0.0,0.0,,0.0,0.0,0.0,,0.0,0.0,0.0,,,,,,,,,,,,,,,,,,,,,,,,,,,,,,,,,,,,,,,,,,,,,,,,,,,,,,,,,,,,,,,,,,,,,,,,,,,,,,,,,,,,,,,,,,,,,,,,,,,,,,,,,,,,,,,,,,,,,,,,,,,,,,,,,,,,,,,,,,,,,,,,,,,,,,,,,,,,,,,,,,,,,,,,,,,,,,,,,,,,,,,,,,,,,,,,,,,,,,,,,,,,
fDIfzXEL,ROMANIA,2023/2024,ROMANIA 1,Superliga,GILi6JC9,ROMANIA 1,17/12/2023,13:00,Round 20,U. Cluj,Us6gkXaT,Otelul,2H5uhNyO,False,0,1,,,,,,[],[25],bet365,2.63,2.0,5.0,bet365,2.25,2.3,4.33,bet365,1.91,3.2,4.2,bet365,1.5,2.5,bet365,3.5,1.29,bet365,11.0,1.05,bet365,1.3,3.4,bet365,2.5,1.5,bet365,6.0,1.13,bet365,1.08,7.5,bet365,1.4,2.75,bet365,2.35,1.57,bet365,4.33,1.2,bet365,10.0,1.06,bet365,2.1,1.67,bet365,6.0,1.13,bet365,4.0,1.22,bet365,1.22,1.36,1.83,bet365,1.14,1.73,1.44,Betano.br,1.21,1.55,1.57,bet365,1.36,3.0,Betano.br,1.42,2.67,Betano.br,1.44,2.67,bet365,3.1,15.0,41.0,4.5,4.5,8.5,26.0,15.0,7.0,bet365,1.95,1.9,bet365,2.2,1.67,bet365,2.0,1.73,bet365,7.5,bet365,6.0,bet365,10.0,bet365,6.5,bet365,8.0,bet365,21.0,bet365,9.0,bet365,15.0,bet365,19.0,bet365,15.0,bet365,51.0,bet365,17.0,bet365,41.0,bet365,34.0,bet365,51.0,bet365,7.0,1.1,bet365,7.0,1.1,bet365,3.55,1.28,bet365,2.75,1.43,bet365,1.9,1.95,bet365,1.23,4.1,,0.0,0.0,,0.0,0.0,,0.0,0.0,,0.0,0.0,Betano.br,19.0,9.75,40.0,Novibet,0.0,0.0,35.0,bet365,3.6,3.6,0.0,bet365,0.0,0.0,1.83,Novibet,1.04,12.0,0.0,Betano.br,1.01,15.5,1.08,1.48,0.46,,,,,,,,,0.63,0.37,,,,,,,,,,,11.0,4.0,2.0,3.0,4.0,1.0,5.0,0.0,,,,,,,,,,,9.0,1.0,16.0,11.0,12.0,3.0,10.0,15.0,5.0,5.0,,,1.0,1.0,2.0,2.0,,,,,,,,,,,,,0.14,0.37,,,,,,,,,0.58,0.42,,,,,,,,,,,4.0,3.0,0.0,3.0,2.0,0.0,2.0,0.0,,,,,,,,,,,2.0,1.0,6.0,6.0,5.0,2.0,6.0,5.0,1.0,0.0,,,0.0,1.0,2.0,0.0,,,,,,,,,,,,,1.34,0.09,,,,,,,,,0.68,0.32,,,,,,,,,,,7.0,1.0,2.0,0.0,2.0,1.0,3.0,0.0,,,,,,,,,,,7.0,0.0,10.0,5.0,7.0,1.0,4.0,10.0,4.0,5.0,,,1.0,0.0,0.0,2.0,,,,,,,,,,,,
vBwI3Ywp,ROMANIA,2023/2024,ROMANIA 1,Superliga,GILi6JC9,ROMANIA 1,03/12/2023,19:00,Round 18,FCSB,Gv2kjDpN,Otelul,2H5uhNyO,False,0,2,,,,,,[],[],,0.0,0.0,0.0,,0.0,0.0,0.0,,0.0,0.0,0.0,,0.0,0.0,,0.0,0.0,,0.0,0.0,,0.0,0.0,,0.0,0.0,,0.0,0.0,,0.0,0.0,,0.0,0.0,,0.0,0.0,,0.0,0.0,,0.0,0.0,,0.0,0.0,,0.0,0.0,,0.0,0.0,,0.0,0.0,0.0,,0.0,0.0,0.0,,0.0,0.0,0.0,,0.0,0.0,,0.0,0.0,,0.0,0.0,,0.0,0.0,0.0,0.0,0.0,0.0,0.0,0.0,0.0,,0.0,0.0,,0.0,0.0,,0.0,0.0,,0.0,,0.0,,0.0,,0.0,,0.0,,0.0,,0.0,,0.0,,0.0,,0.0,,0.0,,0.0,,0.0,,0.0,,0.0,,0.0,0.0,,0.0,0.0,,0.0,0.0,,0.0,0.0,,0.0,0.0,,0.0,0.0,,0.0,0.0,,0.0,0.0,,0.0,0.0,,0.0,0.0,,0.0,0.0,0.0,,0.0,0.0,0.0,,0.0,0.0,0.0,,0.0,0.0,0.0,,0.0,0.0,0.0,,0.0,0.0,0.0,,,,,,,,,,,,,,,,,,,,,,,,,,,,,,,,,,,,,,,,,,,,,,,,,,,,,,,,,,,,,,,,,,,,,,,,,,,,,,,,,,,,,,,,,,,,,,,,,,,,,,,,,,,,,,,,,,,,,,,,,,,,,,,,,,,,,,,,,,,,,,,,,,,,,,,,,,,,,,,,,,,,,,,,,,,,,,,,,,,,,,,,,,,,,,,,,,,,,,,,,,,,
nysQ1C8d,ROMANIA,2023/2024,ROMANIA 1,Superliga,GILi6JC9,ROMANIA 1,03/12/2023,14:00,Round 18,U. Cluj,Us6gkXaT,U Craiova 1948,nNhLpi8p,False,2,1,,,,,,[],[],,0.0,0.0,0.0,,0.0,0.0,0.0,,0.0,0.0,0.0,,0.0,0.0,,0.0,0.0,,0.0,0.0,,0.0,0.0,,0.0,0.0,,0.0,0.0,,0.0,0.0,,0.0,0.0,,0.0,0.0,,0.0,0.0,,0.0,0.0,,0.0,0.0,,0.0,0.0,,0.0,0.0,,0.0,0.0,0.0,,0.0,0.0,0.0,,0.0,0.0,0.0,,0.0,0.0,,0.0,0.0,,0.0,0.0,,0.0,0.0,0.0,0.0,0.0,0.0,0.0,0.0,0.0,,0.0,0.0,,0.0,0.0,,0.0,0.0,,0.0,,0.0,,0.0,,0.0,,0.0,,0.0,,0.0,,0.0,,0.0,,0.0,,0.0,,0.0,,0.0,,0.0,,0.0,,0.0,0.0,,0.0,0.0,,0.0,0.0,,0.0,0.0,,0.0,0.0,,0.0,0.0,,0.0,0.0,,0.0,0.0,,0.0,0.0,,0.0,0.0,,0.0,0.0,0.0,,0.0,0.0,0.0,,0.0,0.0,0.0,,0.0,0.0,0.0,,0.0,0.0,0.0,,0.0,0.0,0.0,,,,,,,,,,,,,,,,,,,,,,,,,,,,,,,,,,,,,,,,,,,,,,,,,,,,,,,,,,,,,,,,,,,,,,,,,,,,,,,,,,,,,,,,,,,,,,,,,,,,,,,,,,,,,,,,,,,,,,,,,,,,,,,,,,,,,,,,,,,,,,,,,,,,,,,,,,,,,,,,,,,,,,,,,,,,,,,,,,,,,,,,,,,,,,,,,,,,,,,,,,,,
ChLpSTwa,ROMANIA,2023/2024,ROMANIA 1,Superliga,GILi6JC9,ROMANIA 1,21/01/2024,18:00,Round 22,Univ. Craiova,bsd9fGaK,Farul Constanta,CrJbN1Pa,False,1,2,,,,,,[36],"[15, 43]",bet365,2.4,2.2,4.75,bet365,2.1,2.5,4.33,bet365,1.75,3.3,4.33,bet365,1.4,2.75,bet365,3.0,1.36,bet365,8.0,1.08,bet365,1.22,4.0,bet365,2.1,1.67,bet365,4.5,1.18,bet365,1.05,11.0,bet365,1.29,3.5,bet365,1.95,1.9,bet365,3.25,1.33,bet365,6.5,1.11,bet365,1.83,1.83,bet365,5.0,1.17,bet365,3.5,1.29,bet365,1.18,1.3,1.91,bet365,1.17,1.62,1.53,Betano.br,1.23,1.47,1.62,bet365,1.3,3.4,Novibet,1.45,2.6,Betano.br,1.44,2.67,bet365,2.88,15.0,34.0,4.75,5.5,9.0,23.0,15.0,7.5,bet365,2.0,1.85,bet365,2.1,1.73,bet365,1.91,1.8,bet365,9.5,bet365,7.0,bet365,12.0,bet365,6.5,bet365,8.5,bet365,23.0,bet365,8.5,bet365,15.0,bet365,15.0,bet365,15.0,bet365,51.0,bet365,15.0,bet365,41.0,bet365,26.0,bet365,41.0,bet365,6.8,1.11,bet365,5.9,1.13,bet365,3.3,1.33,bet365,2.5,1.5,bet365,1.85,2.0,bet365,1.23,4.0,,0.0,0.0,,0.0,0.0,,0.0,0.0,,0.0,0.0,Betano.br,15.5,8.75,35.0,Novibet,7.9,5.7,27.0,bet365,3.1,3.75,0.0,bet365,0.0,0.0,1.91,Novibet,1.06,10.75,1.3,Betano.br,1.02,15.0,1.11,1.87,1.85,,,,,,,,,0.58,0.42,,,,,,,,,,,18.0,15.0,6.0,6.0,9.0,6.0,3.0,3.0,,,,,,,,,,,9.0,4.0,11.0,16.0,29.0,18.0,15.0,9.0,1.0,1.0,,,1.0,2.0,4.0,5.0,,,,,,,,,,,,,0.69,0.96,,,,,,,,,0.52,0.48,,,,,,,,,,,4.0,7.0,2.0,4.0,2.0,2.0,0.0,1.0,,,,,,,,,,,1.0,1.0,9.0,10.0,14.0,10.0,9.0,7.0,1.0,0.0,,,1.0,2.0,2.0,1.0,,,,,,,,,,,,,1.18,0.89,,,,,,,,,0.64,0.36,,,,,,,,,,,14.0,8.0,4.0,2.0,7.0,4.0,3.0,2.0,,,,,,,,,,,8.0,3.0,2.0,6.0,15.0,8.0,6.0,2.0,0.0,1.0,,,0.0,0.0,2.0,4.0,,,,,,,,,,,,
UkToeS7o,ROMANIA,2023/2024,ROMANIA 1,Superliga,GILi6JC9,ROMANIA 1,05/02/2024,18:00,Round 24,FCSB,Gv2kjDpN,Farul Constanta,CrJbN1Pa,False,1,1,,,,,,[55],[90],bet365,2.38,2.38,4.33,bet365,2.1,2.63,3.75,bet365,1.8,3.8,4.0,bet365,1.33,3.25,bet365,2.5,1.5,bet365,6.0,1.13,bet365,1.18,4.5,bet365,1.83,1.83,bet365,3.75,1.25,bet365,1.04,13.0,bet365,1.22,4.0,bet365,1.7,2.1,bet365,2.75,1.4,bet365,5.0,1.17,bet365,1.67,2.1,bet365,4.0,1.22,bet365,3.0,1.36,bet365,1.22,1.25,1.95,bet365,1.2,1.53,1.53,Betano.br,1.24,1.44,1.65,bet365,1.36,3.0,Novibet,1.44,2.65,Betano.br,1.44,2.65,bet365,2.88,13.0,29.0,5.0,6.0,9.0,21.0,15.0,6.5,bet365,1.98,1.88,bet365,2.0,1.8,bet365,1.91,1.8,bet365,15.0,bet365,9.0,bet365,13.0,bet365,7.5,bet365,9.5,bet365,21.0,bet365,8.5,bet365,13.0,bet365,13.0,bet365,15.0,bet365,41.0,bet365,13.0,bet365,29.0,bet365,21.0,bet365,34.0,bet365,6.25,1.12,bet365,5.5,1.15,bet365,3.1,1.35,bet365,2.38,1.55,bet365,1.78,2.03,bet365,1.25,3.8,,0.0,0.0,,0.0,0.0,,0.0,0.0,,0.0,0.0,Betano.br,13.5,8.5,32.0,Betano.br,6.4,5.2,20.0,bet365,3.0,4.0,0.0,bet365,0.0,0.0,1.95,Betano.br,1.08,9.75,1.36,Betano.br,1.02,15.0,1.12,0.88,1.4,,,,,,,,,0.56,0.44,,,,,,,,,,,13.0,8.0,7.0,3.0,5.0,2.0,1.0,3.0,,,,,,,,,,,3.0,1.0,25.0,16.0,34.0,15.0,15.0,23.0,2.0,4.0,,,1.0,2.0,2.0,6.0,,,,,,,,,,,,,0.53,0.39,,,,,,,,,0.62,0.38,,,,,,,,,,,7.0,5.0,4.0,2.0,2.0,2.0,1.0,1.0,,,,,,,,,,,1.0,0.0,15.0,11.0,20.0,7.0,11.0,14.0,2.0,1.0,,,0.0,1.0,2.0,4.0,,,,,,,,,,,,,0.35,1.01,,,,,,,,,0.5,0.5,,,,,,,,,,,6.0,3.0,3.0,1.0,3.0,0.0,0.0,2.0,,,,,,,,,,,2.0,1.0,10.0,5.0,14.0,8.0,4.0,9.0,0.0,3.0,,,1.0,1.0,0.0,2.0,,,,,,,,,,,,
Uk7Gum8b,ROMANIA,2023/2024,ROMANIA 1,Superliga,GILi6JC9,ROMANIA 1,05/02/2024,15:00,Round 24,FC Voluntari,WIoSeFi4,FC Hermannstadt,pUUuFXvI,False,1,1,,,,,,[90],[31],bet365,4.0,1.83,3.5,bet365,3.25,2.1,3.0,bet365,3.2,2.63,2.63,bet365,1.67,2.1,bet365,4.0,1.22,bet365,15.0,1.03,bet365,1.4,2.75,bet365,2.75,1.4,bet365,8.0,1.08,bet365,1.14,5.5,bet365,1.57,2.25,bet365,2.88,1.4,bet365,6.0,1.13,bet365,15.0,1.03,bet365,2.25,1.57,bet365,7.0,1.1,bet365,4.5,1.18,bet365,1.44,1.44,1.36,bet365,1.29,1.83,1.22,Novibet,1.35,1.72,1.31,bet365,2.0,1.73,Novibet,1.94,1.79,Novibet,1.94,1.79,bet365,5.0,15.0,34.0,6.5,3.75,5.5,41.0,15.0,4.33,bet365,2.1,1.78,bet365,2.3,1.62,bet365,2.1,1.67,bet365,5.0,bet365,7.0,bet365,6.0,bet365,5.5,bet365,13.0,bet365,11.0,bet365,13.0,bet365,12.0,bet365,19.0,bet365,34.0,bet365,26.0,bet365,34.0,bet365,29.0,bet365,51.0,bet365,41.0,,0.0,0.0,,0.0,0.0,bet365,7.0,1.1,bet365,6.6,1.11,bet365,3.1,1.35,bet365,1.5,2.5,bet365,1.18,4.65,bet365,1.13,5.9,,0.0,0.0,,0.0,0.0,Novibet,51.0,16.75,0.0,Novibet,22.0,9.4,18.25,bet365,6.5,4.33,6.0,bet365,1.44,4.0,1.4,Novibet,1.11,8.6,1.08,Betano.br,1.03,13.5,1.02,1.27,2.15,,,,,,,,,0.7,0.31,,,,,,,,,,,11.0,13.0,5.0,5.0,5.0,4.0,1.0,4.0,,,,,,,,,,,1.0,4.0,15.0,5.0,11.0,10.0,4.0,15.0,2.0,0.0,,,1.0,0.0,4.0,4.0,,,,,,,,,,,,,0.27,0.43,,,,,,,,,0.67,0.33,,,,,,,,,,,3.0,8.0,1.0,2.0,2.0,2.0,0.0,4.0,,,,,,,,,,,0.0,1.0,10.0,2.0,7.0,7.0,2.0,10.0,1.0,0.0,,,0.0,0.0,1.0,1.0,,,,,,,,,,,,,1.0,1.72,,,,,,,,,0.72,0.28,,,,,,,,,,,8.0,5.0,4.0,3.0,3.0,2.0,1.0,0.0,,,,,,,,,,,1.0,3.0,5.0,3.0,4.0,3.0,2.0,5.0,1.0,0.0,,,1.0,0.0,3.0,3.0,,,,,,,,,,,,
fy1sRSy8,ROMANIA,2023/2024,ROMANIA 1,Superliga,GILi6JC9,ROMANIA 1,21/12/2023,15:00,Round 21,FC Hermannstadt,pUUuFXvI,Sepsi Sf. Gheorghe,IDsPIcMA,False,1,1,,,,,,[6],[80],bet365,3.4,1.91,3.75,bet365,3.0,2.2,3.2,bet365,2.55,2.7,3.1,bet365,1.57,2.25,bet365,3.75,1.25,bet365,13.0,1.04,bet365,1.36,3.0,bet365,2.63,1.44,bet365,6.5,1.11,bet365,1.11,6.5,bet365,1.5,2.5,bet365,2.6,1.48,bet365,5.0,1.17,bet365,13.0,1.04,bet365,2.1,1.67,bet365,6.5,1.11,bet365,4.0,1.22,bet365,1.36,1.44,1.5,bet365,1.25,1.8,1.3,Novibet,1.29,1.69,1.39,bet365,1.73,2.0,Novibet,1.68,2.09,Novibet,1.69,2.08,bet365,4.0,13.0,34.0,5.5,3.5,7.0,29.0,15.0,5.5,bet365,2.1,1.78,bet365,2.3,1.62,bet365,2.0,1.73,bet365,6.0,bet365,6.5,bet365,7.5,bet365,5.5,bet365,11.0,bet365,13.0,bet365,11.0,bet365,13.0,bet365,17.0,bet365,26.0,bet365,34.0,bet365,26.0,bet365,29.0,bet365,41.0,bet365,41.0,,0.0,0.0,,0.0,0.0,bet365,5.75,1.14,bet365,4.5,1.19,bet365,2.5,1.5,bet365,1.35,3.1,bet365,1.13,6.0,bet365,1.1,7.0,,0.0,0.0,,0.0,0.0,Novibet,38.0,14.25,0.0,Novibet,15.25,7.7,25.0,bet365,6.0,4.0,0.0,bet365,0.0,0.0,1.5,Novibet,1.07,9.9,1.14,Betano.br,1.02,14.0,1.04,0.62,0.97,,,,,,,,,0.32,0.68,,,,,,,,,,,7.0,6.0,2.0,3.0,4.0,3.0,1.0,0.0,,,,,,,,,,,2.0,4.0,16.0,18.0,16.0,26.0,15.0,13.0,2.0,4.0,,,3.0,3.0,2.0,1.0,,,,,,,,,,,,,0.37,0.72,,,,,,,,,0.38,0.62,,,,,,,,,,,4.0,3.0,1.0,1.0,3.0,2.0,0.0,0.0,,,,,,,,,,,1.0,1.0,8.0,10.0,9.0,12.0,9.0,6.0,1.0,2.0,,,1.0,2.0,1.0,0.0,,,,,,,,,,,,,0.25,0.25,,,,,,,,,0.26,0.74,,,,,,,,,,,3.0,3.0,1.0,2.0,1.0,1.0,1.0,0.0,,,,,,,,,,,1.0,3.0,8.0,8.0,7.0,14.0,6.0,7.0,1.0,2.0,,,2.0,1.0,1.0,1.0,,,,,,,,,,,,
2JgHMDpM,ROMANIA,2023/2024,ROMANIA 1,Superliga,GILi6JC9,ROMANIA 1,10/12/2023,18:00,Round 19,CFR Cluj,4KfIhq7B,FCSB,Gv2kjDpN,False,1,1,,,,,,[8],[26],bet365,2.75,2.1,4.0,bet365,2.38,2.4,3.5,bet365,2.05,3.3,3.6,bet365,1.4,2.75,bet365,3.0,1.36,bet365,9.0,1.07,bet365,1.25,3.75,bet365,2.1,1.67,bet365,5.0,1.17,bet365,1.06,10.0,bet365,1.3,3.4,bet365,2.05,1.8,bet365,3.5,1.29,bet365,7.0,1.1,bet365,1.8,1.91,bet365,5.0,1.17,bet365,3.5,1.29,bet365,1.29,1.33,1.73,bet365,1.22,1.67,1.4,Novibet,1.28,1.54,1.53,bet365,1.5,2.5,Novibet,1.53,2.4,Betano.br,1.55,2.35,bet365,3.4,13.0,34.0,5.0,5.0,7.5,23.0,15.0,6.0,bet365,1.95,1.9,bet365,2.1,1.73,bet365,2.0,1.73,bet365,9.0,bet365,7.0,bet365,11.0,bet365,6.5,bet365,9.0,bet365,21.0,bet365,9.0,bet365,11.0,bet365,15.0,bet365,17.0,bet365,41.0,bet365,17.0,bet365,34.0,bet365,29.0,bet365,41.0,,0.0,0.0,bet365,7.0,1.1,bet365,3.8,1.25,bet365,3.0,1.38,bet365,2.1,1.78,bet365,1.28,3.55,bet365,1.1,7.0,bet365,1.1,7.0,,0.0,0.0,,0.0,0.0,Betano.br,18.5,9.75,32.0,Novibet,9.1,6.0,25.0,bet365,4.0,3.75,0.0,bet365,0.0,0.0,1.73,Novibet,1.07,10.25,1.25,Betano.br,1.02,14.5,1.08,1.45,0.67,,,,,,,,,0.44,0.56,,,,,,,,,,,10.0,12.0,2.0,5.0,7.0,3.0,1.0,4.0,,,,,,,,,,,5.0,6.0,12.0,20.0,18.0,23.0,17.0,11.0,1.0,2.0,,,3.0,1.0,4.0,1.0,,,,,,,,,,,,,1.15,0.37,,,,,,,,,0.43,0.57,,,,,,,,,,,7.0,7.0,2.0,3.0,5.0,1.0,0.0,3.0,,,,,,,,,,,4.0,4.0,5.0,8.0,9.0,12.0,7.0,5.0,,,,,1.0,0.0,2.0,1.0,,,,,,,,,,,,,0.3,0.3,,,,,,,,,0.45,0.55,,,,,,,,,,,3.0,5.0,0.0,2.0,2.0,2.0,1.0,1.0,,,,,,,,,,,1.0,2.0,7.0,12.0,9.0,11.0,10.0,6.0,1.0,2.0,,,2.0,1.0,2.0,0.0,,,,,,,,,,,,
0EPoxgp9,ROMANIA,2023/2024,ROMANIA 1,Superliga,GILi6JC9,ROMANIA 1,16/12/2023,18:00,Round 20,FCSB,Gv2kjDpN,FC Hermannstadt,pUUuFXvI,False,3,0,,,,,,"[23, 45, 57]",[],bet365,2.25,2.1,6.0,bet365,1.95,2.4,5.0,bet365,1.62,3.6,5.5,bet365,1.44,2.63,bet365,3.25,1.33,bet365,9.0,1.07,bet365,1.29,3.5,bet365,2.25,1.57,bet365,5.5,1.14,bet365,1.07,9.0,bet365,1.36,3.0,bet365,2.1,1.7,bet365,3.75,1.25,bet365,8.0,1.08,bet365,2.1,1.67,bet365,6.0,1.13,bet365,4.0,1.22,bet365,1.14,1.29,2.25,bet365,1.11,1.67,1.57,Betano.br,1.17,1.47,1.75,bet365,1.22,4.0,Novibet,1.3,3.3,Betano.br,1.3,3.35,bet365,2.6,15.0,41.0,4.33,5.0,11.0,23.0,17.0,9.5,bet365,1.95,1.9,bet365,2.1,1.73,bet365,2.0,1.73,bet365,8.5,bet365,6.0,bet365,12.0,bet365,7.0,bet365,7.0,bet365,26.0,bet365,8.5,bet365,19.0,bet365,21.0,bet365,12.0,bet365,51.0,bet365,15.0,bet365,41.0,bet365,34.0,bet365,51.0,bet365,5.9,1.13,bet365,4.8,1.18,bet365,2.75,1.43,bet365,2.1,1.7,bet365,1.63,2.25,bet365,1.16,5.25,,0.0,0.0,,0.0,0.0,,0.0,0.0,,0.0,0.0,Novibet,14.0,8.2,0.0,Betano.br,5.8,4.7,32.0,bet365,2.75,3.5,0.0,bet365,0.0,0.0,2.25,Betano.br,1.04,12.0,1.44,Betano.br,0.0,0.0,1.14,1.49,0.44,,,,,,,,,0.59,0.41,,,,,,,,,,,13.0,8.0,11.0,7.0,2.0,0.0,0.0,1.0,,,,,,,,,,,8.0,3.0,16.0,11.0,26.0,17.0,10.0,16.0,0.0,2.0,,,1.0,0.0,7.0,8.0,,,,,,,,,,,,,0.94,0.09,,,,,,,,,0.62,0.38,,,,,,,,,,,8.0,1.0,7.0,1.0,1.0,0.0,0.0,0.0,,,,,,,,,,,5.0,3.0,8.0,7.0,14.0,4.0,6.0,8.0,0.0,2.0,,,1.0,0.0,1.0,5.0,,,,,,,,,,,,,0.55,0.35,,,,,,,,,0.56,0.44,,,,,,,,,,,5.0,7.0,4.0,6.0,1.0,0.0,0.0,1.0,,,,,,,,,,,3.0,0.0,8.0,4.0,12.0,13.0,4.0,8.0,,,,,0.0,0.0,6.0,3.0,,,,,,,,,,,,
jVvGClvC,ROMANIA,2023/2024,ROMANIA 1,Superliga,GILi6JC9,ROMANIA 1,20/01/2024,15:00,Round 22,U. Cluj,Us6gkXaT,FC Hermannstadt,pUUuFXvI,False,2,1,,,,,,"[64, 77]",[62],bet365,3.0,1.91,4.5,bet365,2.5,2.2,4.0,bet365,2.05,3.2,3.4,bet365,1.62,2.2,bet365,4.0,1.22,bet365,13.0,1.04,bet365,1.36,3.0,bet365,2.75,1.4,bet365,8.0,1.08,bet365,1.1,7.0,bet365,1.53,2.38,bet365,2.7,1.44,bet365,5.5,1.14,bet365,13.0,1.04,bet365,2.25,1.57,bet365,7.0,1.1,bet365,4.5,1.18,bet365,1.3,1.36,1.73,bet365,1.17,1.8,1.36,Novibet,1.26,1.64,1.47,bet365,1.5,2.5,Betano.br,1.5,2.42,Betano.br,1.5,2.45,bet365,3.6,15.0,41.0,4.75,4.0,7.5,29.0,17.0,6.5,bet365,1.93,1.93,bet365,2.3,1.62,bet365,2.0,1.73,bet365,6.5,bet365,5.5,bet365,7.5,bet365,6.5,bet365,8.5,bet365,17.0,bet365,10.0,bet365,13.0,bet365,21.0,bet365,19.0,bet365,41.0,bet365,21.0,bet365,41.0,bet365,41.0,bet365,51.0,,0.0,0.0,,0.0,0.0,bet365,4.25,1.21,bet365,3.3,1.33,bet365,2.05,1.75,bet365,1.3,3.45,bet365,1.11,6.8,,0.0,0.0,,0.0,0.0,,0.0,0.0,Betano.br,23.0,10.75,40.0,Novibet,12.0,6.4,31.0,bet365,4.33,3.6,0.0,bet365,0.0,0.0,1.73,Novibet,1.06,10.5,1.2,Betano.br,1.01,15.5,1.06,1.28,1.09,,,,,,,,,0.58,0.42,,,,,,,,,,,11.0,4.0,4.0,1.0,5.0,3.0,2.0,0.0,,,,,,,,,,,2.0,3.0,6.0,15.0,22.0,18.0,13.0,6.0,2.0,1.0,,,2.0,0.0,0.0,2.0,,,,,,,,,,,,,0.83,0.0,,,,,,,,,0.61,0.39,,,,,,,,,,,7.0,0.0,2.0,0.0,4.0,0.0,1.0,0.0,,,,,,,,,,,2.0,0.0,5.0,7.0,11.0,9.0,6.0,5.0,1.0,1.0,,,1.0,0.0,0.0,2.0,,,,,,,,,,,,,0.45,1.09,,,,,,,,,0.55,0.45,,,,,,,,,,,4.0,4.0,2.0,1.0,1.0,3.0,1.0,0.0,,,,,,,,,,,0.0,3.0,1.0,8.0,11.0,9.0,7.0,1.0,1.0,0.0,,,1.0,0.0,0.0,0.0,,,,,,,,,,,,
8KbVTUik,ROMANIA,2023/2024,ROMANIA 1,Superliga,GILi6JC9,ROMANIA 1,16/12/2023,15:00,Round 20,Univ. Craiova,bsd9fGaK,Poli Iasi,t84qisiU,False,2,2,,,,,,"[30, 45]","[54, 69]",bet365,2.1,2.3,6.0,bet365,1.8,2.63,5.5,bet365,1.53,4.0,6.5,bet365,1.36,3.0,bet365,2.75,1.4,bet365,7.0,1.1,bet365,1.22,4.0,bet365,2.0,1.73,bet365,4.33,1.2,bet365,1.05,11.0,bet365,1.25,3.75,bet365,1.9,1.95,bet365,3.25,1.33,bet365,6.0,1.13,bet365,1.91,1.8,bet365,5.5,1.14,bet365,3.75,1.25,bet365,1.11,1.22,2.38,bet365,1.11,1.57,1.67,Betano.br,1.15,1.42,1.87,bet365,1.18,4.5,Novibet,1.26,3.6,Betano.br,1.25,3.7,bet365,2.38,15.0,41.0,4.33,6.0,12.0,21.0,17.0,10.0,bet365,1.95,1.9,bet365,2.1,1.73,bet365,1.91,1.8,bet365,10.0,bet365,6.5,bet365,15.0,bet365,7.5,bet365,7.0,bet365,34.0,bet365,8.5,bet365,19.0,bet365,19.0,bet365,11.0,bet365,67.0,bet365,13.0,bet365,51.0,bet365,29.0,bet365,51.0,bet365,4.65,1.18,bet365,3.8,1.25,bet365,2.43,1.53,bet365,1.9,1.95,bet365,1.53,2.43,bet365,1.13,5.9,,0.0,0.0,,0.0,0.0,,0.0,0.0,,0.0,0.0,Betano.br,10.0,6.9,0.0,Betano.br,4.65,4.45,35.0,bet365,2.4,3.6,0.0,bet365,0.0,0.0,2.38,Betano.br,1.03,13.0,1.57,Betano.br,0.0,0.0,1.2,0.96,1.08,,,,,,,,,0.58,0.42,,,,,,,,,,,11.0,6.0,4.0,4.0,6.0,1.0,1.0,1.0,,,,,,,,,,,8.0,1.0,13.0,13.0,22.0,17.0,8.0,13.0,0.0,1.0,,,5.0,0.0,2.0,2.0,,,,,,,,,,,,,0.8,0.05,,,,,,,,,0.54,0.46,,,,,,,,,,,8.0,3.0,3.0,2.0,4.0,1.0,1.0,0.0,,,,,,,,,,,4.0,1.0,6.0,5.0,11.0,9.0,3.0,6.0,,,,,2.0,0.0,2.0,1.0,,,,,,,,,,,,,0.16,1.03,,,,,,,,,0.62,0.38,,,,,,,,,,,3.0,3.0,1.0,2.0,2.0,0.0,0.0,1.0,,,,,,,,,,,4.0,0.0,7.0,8.0,11.0,8.0,5.0,7.0,0.0,1.0,,,3.0,0.0,0.0,1.0,,,,,,,,,,,,
rZ44rkOu,ROMANIA,2023/2024,ROMANIA 1,Superliga,GILi6JC9,ROMANIA 1,27/01/2024,15:00,Round 23,Otelul,2H5uhNyO,Petrolul,dhnNlCE9,False,0,0,,,,,,[],[],bet365,3.4,1.83,4.0,bet365,2.88,2.1,3.4,bet365,2.4,2.8,3.2,bet365,1.62,2.2,bet365,4.0,1.22,bet365,13.0,1.04,bet365,1.4,2.75,bet365,2.75,1.4,bet365,8.0,1.08,bet365,1.13,6.0,bet365,1.62,2.2,bet365,2.88,1.4,bet365,6.5,1.11,bet365,15.0,1.03,bet365,2.25,1.57,bet365,7.0,1.1,bet365,4.5,1.18,bet365,1.36,1.4,1.53,bet365,1.22,1.83,1.3,Novibet,1.29,1.66,1.41,bet365,1.62,2.2,Novibet,1.67,2.1,Novibet,1.67,2.1,bet365,4.33,15.0,41.0,5.5,4.0,6.5,34.0,15.0,5.5,bet365,2.03,1.83,bet365,2.3,1.62,bet365,2.1,1.67,bet365,5.5,bet365,6.0,bet365,7.0,bet365,6.0,bet365,10.0,bet365,15.0,bet365,11.0,bet365,13.0,bet365,19.0,bet365,23.0,bet365,34.0,bet365,26.0,bet365,34.0,bet365,41.0,bet365,51.0,,0.0,0.0,,0.0,0.0,bet365,5.75,1.14,bet365,4.4,1.2,bet365,2.43,1.53,bet365,1.35,3.1,bet365,1.12,6.4,,0.0,0.0,,0.0,0.0,,0.0,0.0,Novibet,38.0,13.75,0.0,Novibet,14.75,7.2,26.0,bet365,5.5,4.0,0.0,bet365,0.0,0.0,1.53,Novibet,1.07,9.6,1.15,Betano.br,1.02,14.5,1.03,1.16,0.3,,,,,,,,,0.65,0.35,,,,,,,,,,,14.0,4.0,7.0,2.0,6.0,1.0,1.0,1.0,,,,,,,,,,,9.0,2.0,18.0,14.0,32.0,36.0,11.0,17.0,2.0,2.0,,,3.0,1.0,2.0,7.0,,,,,,,,,,,,,0.54,0.0,,,,,,,,,0.7,0.3,,,,,,,,,,,9.0,0.0,5.0,0.0,4.0,0.0,0.0,0.0,,,,,,,,,,,6.0,0.0,8.0,8.0,19.0,19.0,6.0,8.0,,,,,2.0,0.0,0.0,5.0,,,,,,,,,,,,,0.62,0.3,,,,,,,,,0.6,0.4,,,,,,,,,,,5.0,4.0,2.0,2.0,2.0,1.0,1.0,1.0,,,,,,,,,,,3.0,2.0,10.0,6.0,13.0,17.0,5.0,9.0,2.0,2.0,,,1.0,1.0,2.0,2.0,,,,,,,,,,,,
Y7XaEkh2,ROMANIA,2023/2024,ROMANIA 1,Superliga,GILi6JC9,ROMANIA 1,08/12/2023,17:00,Round 19,Poli Iasi,t84qisiU,UTA Arad,QDiPqBNj,False,1,0,,,,,,[78],[],bet365,3.1,2.05,3.6,bet365,2.63,2.38,3.1,bet365,2.38,3.1,3.1,bet365,1.44,2.63,bet365,3.25,1.33,bet365,9.0,1.07,bet365,1.25,3.75,bet365,2.2,1.62,bet365,5.0,1.17,bet365,1.07,9.0,bet365,1.36,3.0,bet365,2.15,1.67,bet365,4.0,1.22,bet365,9.0,1.07,bet365,1.83,1.83,bet365,5.0,1.17,bet365,3.5,1.29,bet365,1.36,1.36,1.53,bet365,1.29,1.73,1.36,Novibet,1.31,1.6,1.43,bet365,1.67,2.1,Novibet,1.68,2.1,Novibet,1.68,2.09,bet365,4.0,15.0,29.0,5.5,4.75,6.5,26.0,15.0,5.0,bet365,1.95,1.9,bet365,2.1,1.73,bet365,2.0,1.73,bet365,8.5,bet365,7.5,bet365,9.0,bet365,6.0,bet365,11.0,bet365,15.0,bet365,9.5,bet365,12.0,bet365,15.0,bet365,23.0,bet365,34.0,bet365,21.0,bet365,26.0,bet365,29.0,bet365,34.0,,0.0,0.0,,0.0,0.0,bet365,4.65,1.18,bet365,3.7,1.26,bet365,2.3,1.6,bet365,1.35,3.1,bet365,1.13,5.9,bet365,1.1,7.0,,0.0,0.0,,0.0,0.0,Betano.br,24.0,11.5,32.0,Novibet,12.5,7.3,21.0,bet365,4.75,4.0,0.0,bet365,0.0,0.0,1.53,Novibet,1.09,9.5,1.17,Betano.br,1.02,14.0,1.05,1.72,0.87,,,,,,,,,0.62,0.38,,,,,,,,,,,16.0,8.0,7.0,3.0,4.0,4.0,5.0,1.0,,,,,,,,,,,5.0,4.0,15.0,13.0,16.0,18.0,13.0,12.0,3.0,2.0,,,0.0,3.0,3.0,6.0,,,,,,,,,,,,,0.31,0.5,,,,,,,,,0.65,0.35,,,,,,,,,,,5.0,5.0,3.0,2.0,1.0,3.0,1.0,0.0,,,,,,,,,,,2.0,3.0,8.0,4.0,10.0,5.0,4.0,6.0,1.0,0.0,,,0.0,2.0,2.0,3.0,,,,,,,,,,,,,1.41,0.37,,,,,,,,,0.59,0.41,,,,,,,,,,,11.0,3.0,4.0,1.0,3.0,1.0,4.0,1.0,,,,,,,,,,,3.0,1.0,7.0,9.0,6.0,13.0,9.0,6.0,2.0,2.0,,,0.0,1.0,1.0,3.0,,,,,,,,,,,,
nBDcPRNH,ROMANIA,2023/2024,ROMANIA 1,Superliga,GILi6JC9,ROMANIA 1,28/01/2024,12:00,Round 23,FC Hermannstadt,pUUuFXvI,FC Botosani,GjY1JjUS,False,2,0,,,,,,"[10, 50]",[],bet365,2.38,2.05,6.0,bet365,2.0,2.3,5.5,bet365,1.65,3.4,5.25,bet365,1.5,2.5,bet365,3.5,1.29,bet365,11.0,1.05,bet365,1.33,3.25,bet365,2.5,1.5,bet365,6.5,1.11,bet365,1.08,8.0,bet365,1.44,2.63,bet365,2.4,1.53,bet365,4.5,1.18,bet365,11.0,1.05,bet365,2.25,1.57,bet365,6.5,1.11,bet365,4.5,1.18,bet365,1.17,1.3,2.2,bet365,1.11,1.73,1.53,Betano.br,1.17,1.53,1.65,bet365,1.22,4.0,Betano.br,1.33,3.05,Betano.br,1.33,3.15,bet365,2.63,15.0,41.0,4.0,4.75,11.0,26.0,17.0,10.0,bet365,1.98,1.88,bet365,2.2,1.67,bet365,2.0,1.73,bet365,7.0,bet365,5.0,bet365,11.0,bet365,7.0,bet365,6.5,bet365,26.0,bet365,9.0,bet365,19.0,bet365,21.0,bet365,12.0,bet365,67.0,bet365,17.0,bet365,51.0,bet365,41.0,bet365,51.0,bet365,6.4,1.12,bet365,5.5,1.15,bet365,3.0,1.38,bet365,2.2,1.65,bet365,1.65,2.2,bet365,1.15,5.5,,0.0,0.0,,0.0,0.0,,0.0,0.0,,0.0,0.0,Betano.br,16.0,8.75,0.0,Betano.br,7.1,4.9,32.0,bet365,3.0,3.4,0.0,bet365,0.0,0.0,2.2,Betano.br,1.04,11.75,1.36,Betano.br,0.0,0.0,1.11,1.08,0.58,,,,,,,,,0.52,0.48,,,,,,,,,,,13.0,10.0,7.0,1.0,5.0,4.0,1.0,5.0,,,,,,,,,,,1.0,4.0,12.0,11.0,27.0,24.0,11.0,12.0,2.0,2.0,,,0.0,0.0,1.0,5.0,,,,,,,,,,,,,0.61,0.06,,,,,,,,,0.54,0.46,,,,,,,,,,,7.0,2.0,2.0,0.0,4.0,1.0,1.0,1.0,,,,,,,,,,,0.0,0.0,7.0,5.0,12.0,12.0,5.0,7.0,0.0,1.0,,,0.0,0.0,0.0,1.0,,,,,,,,,,,,,0.47,0.52,,,,,,,,,0.5,0.5,,,,,,,,,,,6.0,8.0,5.0,1.0,1.0,3.0,0.0,4.0,,,,,,,,,,,1.0,4.0,5.0,6.0,15.0,12.0,6.0,5.0,2.0,1.0,,,0.0,0.0,1.0,4.0,,,,,,,,,,,,
b9RNZKu8,ROMANIA,2023/2024,ROMANIA 1,Superliga,GILi6JC9,ROMANIA 1,21/12/2023,17:45,Round 21,CFR Cluj,4KfIhq7B,U. Cluj,Us6gkXaT,False,4,0,,,,,,"[2, 41, 77, 86]",[],bet365,2.6,2.05,5.0,bet365,2.2,2.3,4.33,bet365,1.85,3.25,4.5,bet365,1.5,2.5,bet365,3.4,1.3,bet365,10.0,1.06,bet365,1.3,3.4,bet365,2.38,1.53,bet365,6.0,1.13,bet365,1.07,9.0,bet365,1.4,2.75,bet365,2.25,1.62,bet365,4.0,1.22,bet365,9.0,1.07,bet365,2.0,1.73,bet365,6.0,1.13,bet365,4.0,1.22,bet365,1.18,1.33,1.91,bet365,1.14,1.73,1.5,Betano.br,1.22,1.52,1.57,bet365,1.33,3.25,Betano.br,1.45,2.55,Betano.br,1.42,2.7,bet365,3.1,15.0,41.0,4.5,4.75,8.5,26.0,15.0,7.5,bet365,2.0,1.85,bet365,2.2,1.67,bet365,2.0,1.73,bet365,7.5,bet365,6.0,bet365,10.0,bet365,6.5,bet365,8.0,bet365,21.0,bet365,9.0,bet365,15.0,bet365,19.0,bet365,15.0,bet365,51.0,bet365,17.0,bet365,41.0,bet365,34.0,bet365,41.0,bet365,7.0,1.1,bet365,7.0,1.1,bet365,3.55,1.28,bet365,2.75,1.43,bet365,1.93,1.93,bet365,1.23,4.0,,0.0,0.0,,0.0,0.0,,0.0,0.0,,0.0,0.0,Betano.br,18.0,9.5,37.0,Novibet,8.6,5.9,30.0,bet365,3.5,3.6,0.0,bet365,0.0,0.0,1.91,Novibet,1.05,11.0,1.27,Betano.br,1.01,15.5,1.09,2.19,1.63,,,,,,,,,0.4,0.6,,,,,,,,,,,14.0,13.0,6.0,3.0,6.0,8.0,2.0,2.0,,,,,,,,,,,3.0,10.0,9.0,17.0,9.0,20.0,16.0,8.0,1.0,0.0,,,1.0,1.0,3.0,2.0,,,,,,,,,,,,,1.42,0.29,,,,,,,,,0.44,0.56,,,,,,,,,,,8.0,5.0,3.0,2.0,3.0,1.0,2.0,2.0,,,,,,,,,,,1.0,5.0,6.0,11.0,6.0,8.0,10.0,5.0,1.0,0.0,,,1.0,1.0,2.0,1.0,,,,,,,,,,,,,0.77,1.34,,,,,,,,,0.35,0.65,,,,,,,,,,,6.0,8.0,3.0,1.0,3.0,7.0,0.0,0.0,,,,,,,,,,,2.0,5.0,3.0,6.0,3.0,12.0,6.0,3.0,,,,,0.0,0.0,1.0,1.0,,,,,,,,,,,,
KOB5N5hU,ROMANIA,2023/2024,ROMANIA 1,Superliga,GILi6JC9,ROMANIA 1,28/01/2024,15:00,Round 23,Poli Iasi,t84qisiU,U. Cluj,Us6gkXaT,False,1,0,,,,,,[86],[],bet365,4.5,2.0,2.75,bet365,4.0,2.3,2.38,bet365,4.0,3.1,2.0,bet365,1.5,2.5,bet365,3.5,1.29,bet365,11.0,1.05,bet365,1.3,3.4,bet365,2.5,1.5,bet365,6.0,1.13,bet365,1.08,8.0,bet365,1.4,2.75,bet365,2.3,1.6,bet365,4.33,1.2,bet365,10.0,1.06,bet365,2.0,1.73,bet365,6.0,1.13,bet365,4.0,1.22,bet365,1.8,1.36,1.22,bet365,1.4,1.73,1.17,Betano.br,1.47,1.57,1.26,bet365,2.75,1.4,Betano.br,2.25,1.57,Betano.br,2.32,1.57,bet365,6.5,15.0,26.0,8.0,4.5,4.75,41.0,15.0,3.25,bet365,2.03,1.83,bet365,2.2,1.67,bet365,2.0,1.73,bet365,7.0,bet365,9.5,bet365,6.0,bet365,6.0,bet365,19.0,bet365,8.5,bet365,15.0,bet365,9.5,bet365,17.0,bet365,41.0,bet365,17.0,bet365,41.0,bet365,19.0,bet365,41.0,bet365,34.0,,0.0,0.0,,0.0,0.0,,0.0,0.0,bet365,7.0,1.1,bet365,3.8,1.25,bet365,1.8,2.05,bet365,1.35,3.1,bet365,1.24,3.9,,0.0,0.0,,0.0,0.0,Betano.br,35.0,15.0,23.0,Betano.br,22.0,9.5,10.75,bet365,0.0,0.0,4.0,bet365,1.8,3.6,0.0,Betano.br,1.21,6.1,1.08,Betano.br,1.06,11.0,1.02,0.37,0.36,,,,,,,,,0.46,0.54,,,,,,,,,,,8.0,10.0,4.0,3.0,4.0,6.0,0.0,1.0,,,,,,,,,,,4.0,3.0,16.0,15.0,30.0,25.0,14.0,15.0,2.0,3.0,,,1.0,1.0,3.0,3.0,,,,,,,,,,,,,0.26,0.13,,,,,,,,,0.48,0.52,,,,,,,,,,,5.0,5.0,2.0,1.0,3.0,3.0,0.0,1.0,,,,,,,,,,,1.0,0.0,9.0,6.0,13.0,9.0,5.0,9.0,,,,,1.0,0.0,1.0,2.0,,,,,,,,,,,,,0.11,0.23,,,,,,,,,0.44,0.56,,,,,,,,,,,3.0,5.0,2.0,2.0,1.0,3.0,0.0,0.0,,,,,,,,,,,3.0,3.0,7.0,9.0,17.0,16.0,9.0,6.0,2.0,3.0,,,0.0,1.0,2.0,1.0,,,,,,,,,,,,
2qPCPF03,ROMANIA,2023/2024,ROMANIA 1,Superliga,GILi6JC9,ROMANIA 1,01/12/2023,15:00,Round 18,FC Voluntari,WIoSeFi4,Petrolul,dhnNlCE9,False,0,0,,,,,,[],[],,0.0,0.0,0.0,,0.0,0.0,0.0,,0.0,0.0,0.0,,0.0,0.0,,0.0,0.0,,0.0,0.0,,0.0,0.0,,0.0,0.0,,0.0,0.0,,0.0,0.0,,0.0,0.0,,0.0,0.0,,0.0,0.0,,0.0,0.0,,0.0,0.0,,0.0,0.0,,0.0,0.0,,0.0,0.0,0.0,,0.0,0.0,0.0,,0.0,0.0,0.0,,0.0,0.0,,0.0,0.0,,0.0,0.0,,0.0,0.0,0.0,0.0,0.0,0.0,0.0,0.0,0.0,,0.0,0.0,,0.0,0.0,,0.0,0.0,,0.0,,0.0,,0.0,,0.0,,0.0,,0.0,,0.0,,0.0,,0.0,,0.0,,0.0,,0.0,,0.0,,0.0,,0.0,,0.0,0.0,,0.0,0.0,,0.0,0.0,,0.0,0.0,,0.0,0.0,,0.0,0.0,,0.0,0.0,,0.0,0.0,,0.0,0.0,,0.0,0.0,,0.0,0.0,0.0,,0.0,0.0,0.0,,0.0,0.0,0.0,,0.0,0.0,0.0,,0.0,0.0,0.0,,0.0,0.0,0.0,,,,,,,,,,,,,,,,,,,,,,,,,,,,,,,,,,,,,,,,,,,,,,,,,,,,,,,,,,,,,,,,,,,,,,,,,,,,,,,,,,,,,,,,,,,,,,,,,,,,,,,,,,,,,,,,,,,,,,,,,,,,,,,,,,,,,,,,,,,,,,,,,,,,,,,,,,,,,,,,,,,,,,,,,,,,,,,,,,,,,,,,,,,,,,,,,,,,,,,,,,,,
ChqiGBNk,ROMANIA,2023/2024,ROMANIA 1,Superliga,GILi6JC9,ROMANIA 1,11/12/2023,15:00,Round 19,U Craiova 1948,nNhLpi8p,FC Botosani,GjY1JjUS,False,2,0,,,,,,"[20, 76]",[],bet365,2.3,2.3,5.0,bet365,2.0,2.63,4.33,bet365,1.67,3.75,5.0,bet365,1.33,3.25,bet365,2.63,1.44,bet365,7.0,1.1,bet365,1.2,4.33,bet365,1.91,1.8,bet365,4.0,1.22,bet365,1.04,12.0,bet365,1.22,4.0,bet365,1.8,2.0,bet365,2.75,1.4,bet365,5.5,1.14,bet365,1.73,2.0,bet365,4.5,1.18,bet365,3.25,1.33,bet365,1.17,1.25,2.15,bet365,1.17,1.57,1.57,Betano.br,1.21,1.44,1.7,bet365,1.29,3.5,Novibet,1.35,3.05,Betano.br,1.37,2.95,bet365,2.63,15.0,34.0,4.5,6.0,10.0,21.0,15.0,8.0,bet365,1.95,1.9,bet365,2.1,1.73,bet365,1.91,1.8,bet365,12.0,bet365,7.5,bet365,15.0,bet365,7.0,bet365,8.5,bet365,26.0,bet365,8.5,bet365,15.0,bet365,15.0,bet365,13.0,bet365,51.0,bet365,13.0,bet365,41.0,bet365,23.0,bet365,41.0,bet365,5.75,1.14,bet365,4.5,1.19,bet365,2.75,1.43,bet365,2.15,1.68,bet365,1.68,2.15,bet365,1.19,4.5,,0.0,0.0,,0.0,0.0,,0.0,0.0,,0.0,0.0,Betano.br,12.5,8.0,37.0,Betano.br,5.9,4.9,26.0,bet365,2.88,3.75,0.0,bet365,0.0,0.0,2.15,Betano.br,1.05,11.0,1.42,Betano.br,1.01,16.0,1.14,1.05,1.27,,,,,,,,,0.54,0.46,,,,,,,,,,,9.0,14.0,6.0,4.0,2.0,5.0,1.0,5.0,,,,,,,,,,,5.0,5.0,16.0,18.0,13.0,19.0,13.0,15.0,3.0,0.0,,,5.0,1.0,4.0,4.0,,,,,,,,,,,,,0.7,0.84,,,,,,,,,0.67,0.33,,,,,,,,,,,6.0,4.0,4.0,2.0,1.0,1.0,1.0,1.0,,,,,,,,,,,5.0,1.0,10.0,10.0,9.0,12.0,6.0,10.0,2.0,0.0,,,4.0,0.0,2.0,3.0,,,,,,,,,,,,,0.35,0.43,,,,,,,,,0.42,0.58,,,,,,,,,,,3.0,10.0,2.0,2.0,1.0,4.0,0.0,4.0,,,,,,,,,,,0.0,4.0,6.0,8.0,4.0,7.0,7.0,5.0,1.0,0.0,,,1.0,1.0,2.0,1.0,,,,,,,,,,,,
hE5UCxHc,ROMANIA,2023/2024,ROMANIA 1,Superliga,GILi6JC9,ROMANIA 1,27/11/2023,15:30,Round 17,U Craiova 1948,nNhLpi8p,Sepsi Sf. Gheorghe,IDsPIcMA,False,2,1,,,,,,[],[],,0.0,0.0,0.0,,0.0,0.0,0.0,,0.0,0.0,0.0,,0.0,0.0,,0.0,0.0,,0.0,0.0,,0.0,0.0,,0.0,0.0,,0.0,0.0,,0.0,0.0,,0.0,0.0,,0.0,0.0,,0.0,0.0,,0.0,0.0,,0.0,0.0,,0.0,0.0,,0.0,0.0,,0.0,0.0,0.0,,0.0,0.0,0.0,,0.0,0.0,0.0,,0.0,0.0,,0.0,0.0,,0.0,0.0,,0.0,0.0,0.0,0.0,0.0,0.0,0.0,0.0,0.0,,0.0,0.0,,0.0,0.0,,0.0,0.0,,0.0,,0.0,,0.0,,0.0,,0.0,,0.0,,0.0,,0.0,,0.0,,0.0,,0.0,,0.0,,0.0,,0.0,,0.0,,0.0,0.0,,0.0,0.0,,0.0,0.0,,0.0,0.0,,0.0,0.0,,0.0,0.0,,0.0,0.0,,0.0,0.0,,0.0,0.0,,0.0,0.0,,0.0,0.0,0.0,,0.0,0.0,0.0,,0.0,0.0,0.0,,0.0,0.0,0.0,,0.0,0.0,0.0,,0.0,0.0,0.0,,,,,,,,,,,,,,,,,,,,,,,,,,,,,,,,,,,,,,,,,,,,,,,,,,,,,,,,,,,,,,,,,,,,,,,,,,,,,,,,,,,,,,,,,,,,,,,,,,,,,,,,,,,,,,,,,,,,,,,,,,,,,,,,,,,,,,,,,,,,,,,,,,,,,,,,,,,,,,,,,,,,,,,,,,,,,,,,,,,,,,,,,,,,,,,,,,,,,,,,,,,,
EN6QDI1i,ROMANIA,2023/2024,ROMANIA 1,Superliga,GILi6JC9,ROMANIA 1,26/11/2023,18:30,Round 17,Dinamo Bucuresti,rBgMi3MH,FCSB,Gv2kjDpN,False,0,1,,,,,,[],[],,0.0,0.0,0.0,,0.0,0.0,0.0,,0.0,0.0,0.0,,0.0,0.0,,0.0,0.0,,0.0,0.0,,0.0,0.0,,0.0,0.0,,0.0,0.0,,0.0,0.0,,0.0,0.0,,0.0,0.0,,0.0,0.0,,0.0,0.0,,0.0,0.0,,0.0,0.0,,0.0,0.0,,0.0,0.0,0.0,,0.0,0.0,0.0,,0.0,0.0,0.0,,0.0,0.0,,0.0,0.0,,0.0,0.0,,0.0,0.0,0.0,0.0,0.0,0.0,0.0,0.0,0.0,,0.0,0.0,,0.0,0.0,,0.0,0.0,,0.0,,0.0,,0.0,,0.0,,0.0,,0.0,,0.0,,0.0,,0.0,,0.0,,0.0,,0.0,,0.0,,0.0,,0.0,,0.0,0.0,,0.0,0.0,,0.0,0.0,,0.0,0.0,,0.0,0.0,,0.0,0.0,,0.0,0.0,,0.0,0.0,,0.0,0.0,,0.0,0.0,,0.0,0.0,0.0,,0.0,0.0,0.0,,0.0,0.0,0.0,,0.0,0.0,0.0,,0.0,0.0,0.0,,0.0,0.0,0.0,,,,,,,,,,,,,,,,,,,,,,,,,,,,,,,,,,,,,,,,,,,,,,,,,,,,,,,,,,,,,,,,,,,,,,,,,,,,,,,,,,,,,,,,,,,,,,,,,,,,,,,,,,,,,,,,,,,,,,,,,,,,,,,,,,,,,,,,,,,,,,,,,,,,,,,,,,,,,,,,,,,,,,,,,,,,,,,,,,,,,,,,,,,,,,,,,,,,,,,,,,,,
IHt8EA9a,ROMANIA,2023/2024,ROMANIA 1,Superliga,GILi6JC9,ROMANIA 1,20/12/2023,15:30,Round 21,UTA Arad,QDiPqBNj,Univ. Craiova,bsd9fGaK,True,2,2,,,,,,"[3, 7]","[45, 55, 76]",bet365,5.5,2.1,2.38,bet365,4.75,2.4,2.05,bet365,5.0,3.5,1.7,bet365,1.44,2.63,bet365,3.25,1.33,bet365,10.0,1.06,bet365,1.29,3.5,bet365,2.25,1.57,bet365,5.5,1.14,bet365,1.07,9.0,bet365,1.36,3.0,bet365,2.15,1.67,bet365,4.0,1.22,bet365,9.0,1.07,bet365,2.1,1.67,bet365,6.0,1.13,bet365,4.0,1.22,bet365,2.1,1.29,1.17,bet365,1.53,1.67,1.13,Betano.br,1.62,1.53,1.19,bet365,3.5,1.29,Betano.br,2.75,1.4,Betano.br,2.92,1.38,bet365,8.5,17.0,23.0,9.5,5.0,4.33,41.0,15.0,2.75,bet365,1.98,1.88,bet365,2.2,1.67,bet365,2.0,1.73,bet365,8.0,bet365,11.0,bet365,6.0,bet365,7.0,bet365,23.0,bet365,7.5,bet365,17.0,bet365,9.0,bet365,19.0,bet365,51.0,bet365,13.0,bet365,41.0,bet365,15.0,bet365,51.0,bet365,34.0,,0.0,0.0,,0.0,0.0,,0.0,0.0,,0.0,0.0,bet365,4.65,1.18,bet365,2.1,1.7,bet365,1.58,2.35,bet365,1.35,3.1,bet365,1.14,5.75,bet365,1.11,6.6,Novibet,51.0,14.25,20.0,Novibet,38.0,12.25,8.0,bet365,0.0,0.0,3.1,bet365,2.1,3.5,0.0,Novibet,1.3,5.5,1.04,Novibet,1.08,10.0,1.0,1.33,1.92,,,,,,,,,0.29,0.71,,,,,,,,,,,7.0,12.0,3.0,6.0,4.0,5.0,0.0,1.0,,,,,,,,,,,2.0,6.0,14.0,11.0,14.0,18.0,10.0,13.0,2.0,1.0,,,1.0,1.0,4.0,2.0,,,,,,,,,,,,,1.1,1.04,,,,,,,,,0.3,0.7,,,,,,,,,,,4.0,7.0,1.0,5.0,3.0,1.0,0.0,1.0,,,,,,,,,,,1.0,5.0,3.0,4.0,8.0,7.0,3.0,3.0,,,,,1.0,0.0,4.0,0.0,,,,,,,,,,,,,0.23,0.88,,,,,,,,,0.28,0.72,,,,,,,,,,,3.0,5.0,2.0,1.0,1.0,4.0,0.0,0.0,,,,,,,,,,,1.0,1.0,11.0,7.0,6.0,11.0,7.0,10.0,2.0,1.0,,,0.0,1.0,0.0,2.0,,,,,,,,,,,,
tYdwS8M1,ROMANIA,2023/2024,ROMANIA 1,Superliga,GILi6JC9,ROMANIA 1,16/12/2023,12:00,Round 20,UTA Arad,QDiPqBNj,Farul Constanta,CrJbN1Pa,False,0,0,,,,,,[],[],bet365,3.75,2.2,2.75,bet365,3.2,2.5,2.5,bet365,3.2,3.4,2.2,bet365,1.36,3.0,bet365,2.75,1.4,bet365,7.0,1.1,bet365,1.2,4.33,bet365,1.91,1.8,bet365,4.0,1.22,bet365,1.05,11.0,bet365,1.25,3.75,bet365,1.88,1.98,bet365,3.0,1.36,bet365,6.0,1.13,bet365,1.67,2.1,bet365,4.33,1.2,bet365,3.0,1.36,bet365,1.67,1.3,1.36,bet365,1.4,1.62,1.25,Novibet,1.49,1.51,1.32,bet365,2.25,1.57,Novibet,2.15,1.64,Betano.br,2.15,1.65,bet365,5.0,15.0,23.0,7.0,5.5,5.5,29.0,13.0,3.6,bet365,1.95,1.9,bet365,2.1,1.73,bet365,1.91,1.8,bet365,11.0,bet365,11.0,bet365,8.5,bet365,6.5,bet365,17.0,bet365,11.0,bet365,12.0,bet365,9.0,bet365,13.0,bet365,34.0,bet365,21.0,bet365,23.0,bet365,17.0,bet365,29.0,bet365,26.0,,0.0,0.0,,0.0,0.0,bet365,6.8,1.11,bet365,5.9,1.13,bet365,3.1,1.35,bet365,1.68,2.15,bet365,1.33,3.3,bet365,1.23,4.0,,0.0,0.0,,0.0,0.0,Novibet,44.0,16.0,0.0,Novibet,18.75,9.1,9.9,bet365,0.0,0.0,4.0,bet365,1.67,4.0,0.0,Novibet,1.22,6.5,1.1,Betano.br,1.06,10.75,1.03,0.43,0.35,,,,,,,,,0.47,0.53,,,,,,,,,,,4.0,12.0,1.0,1.0,3.0,6.0,0.0,5.0,,,,,,,,,,,1.0,7.0,7.0,6.0,16.0,17.0,5.0,6.0,1.0,1.0,,,1.0,1.0,1.0,1.0,,,,,,,,,,,,,0.33,0.2,,,,,,,,,0.46,0.54,,,,,,,,,,,3.0,7.0,1.0,0.0,2.0,3.0,0.0,4.0,,,,,,,,,,,0.0,4.0,2.0,3.0,10.0,8.0,2.0,1.0,,,,,1.0,1.0,0.0,1.0,,,,,,,,,,,,,0.1,0.15,,,,,,,,,0.48,0.52,,,,,,,,,,,1.0,5.0,0.0,1.0,1.0,3.0,0.0,1.0,,,,,,,,,,,1.0,3.0,5.0,3.0,6.0,9.0,3.0,5.0,1.0,1.0,,,0.0,0.0,1.0,0.0,,,,,,,,,,,,
rwFjyDaF,ROMANIA,2023/2024,ROMANIA 1,Superliga,GILi6JC9,ROMANIA 1,17/12/2023,19:00,Round 20,Sepsi Sf. Gheorghe,IDsPIcMA,CFR Cluj,4KfIhq7B,False,2,1,,,,,,"[70, 85]",[32],bet365,3.75,2.1,3.0,bet365,3.25,2.38,2.6,bet365,3.1,3.4,2.25,bet365,1.44,2.63,bet365,3.25,1.33,bet365,9.0,1.07,bet365,1.25,3.75,bet365,2.2,1.62,bet365,5.0,1.17,bet365,1.06,10.0,bet365,1.33,3.25,bet365,2.05,1.75,bet365,3.5,1.29,bet365,7.0,1.1,bet365,1.83,1.83,bet365,5.0,1.17,bet365,3.5,1.29,bet365,1.62,1.3,1.36,bet365,1.36,1.67,1.25,Novibet,1.45,1.55,1.33,bet365,2.2,1.62,Betano.br,2.1,1.65,Betano.br,2.15,1.65,bet365,5.0,15.0,26.0,7.0,5.0,5.5,29.0,15.0,3.75,bet365,1.95,1.9,bet365,2.1,1.73,bet365,2.0,1.73,bet365,9.0,bet365,9.0,bet365,7.5,bet365,6.5,bet365,15.0,bet365,10.0,bet365,12.0,bet365,9.5,bet365,15.0,bet365,34.0,bet365,21.0,bet365,26.0,bet365,19.0,bet365,34.0,bet365,29.0,,0.0,0.0,,0.0,0.0,bet365,6.8,1.11,bet365,5.9,1.13,bet365,3.0,1.38,bet365,1.65,2.2,bet365,1.3,3.45,bet365,1.21,4.25,bet365,1.1,7.0,,0.0,0.0,Novibet,48.0,16.0,0.0,Novibet,19.75,8.8,12.0,bet365,0.0,0.0,4.5,bet365,1.62,4.0,0.0,Novibet,1.19,6.8,1.1,Betano.br,1.06,11.0,1.03,0.71,1.31,,,,,,,,,0.57,0.43,,,,,,,,,,,13.0,9.0,7.0,4.0,4.0,3.0,2.0,2.0,,,,,,,,,,,4.0,3.0,17.0,17.0,17.0,21.0,16.0,14.0,3.0,1.0,,,1.0,3.0,3.0,5.0,,,,,,,,,,,,,0.27,0.31,,,,,,,,,0.56,0.44,,,,,,,,,,,8.0,4.0,5.0,2.0,2.0,0.0,1.0,2.0,,,,,,,,,,,2.0,1.0,8.0,6.0,4.0,19.0,6.0,6.0,2.0,0.0,,,0.0,2.0,1.0,5.0,,,,,,,,,,,,,0.44,1.0,,,,,,,,,0.58,0.42,,,,,,,,,,,5.0,5.0,2.0,2.0,2.0,3.0,1.0,0.0,,,,,,,,,,,2.0,2.0,9.0,11.0,13.0,2.0,10.0,8.0,1.0,1.0,,,1.0,1.0,2.0,0.0,,,,,,,,,,,,
bkumHi8q,ROMANIA,2023/2024,ROMANIA 1,Superliga,GILi6JC9,ROMANIA 1,11/12/2023,18:45,Round 19,Dinamo Bucuresti,rBgMi3MH,U. Cluj,Us6gkXaT,False,0,1,,,,,,[],[4],bet365,4.75,1.95,2.88,bet365,4.0,2.2,2.4,bet365,3.8,3.1,2.05,bet365,1.57,2.25,bet365,3.75,1.25,bet365,11.0,1.05,bet365,1.33,3.25,bet365,2.63,1.44,bet365,6.5,1.11,bet365,1.11,6.5,bet365,1.5,2.5,bet365,2.5,1.5,bet365,5.0,1.17,bet365,11.0,1.05,bet365,2.2,1.62,bet365,6.5,1.11,bet365,4.33,1.2,bet365,1.73,1.36,1.25,bet365,1.4,1.8,1.17,Novibet,1.48,1.62,1.26,bet365,2.63,1.44,Betano.br,2.42,1.5,Betano.br,2.42,1.52,bet365,6.5,15.0,29.0,7.5,4.33,4.75,41.0,15.0,3.5,bet365,1.95,1.9,bet365,2.2,1.67,bet365,2.0,1.73,bet365,6.5,bet365,8.5,bet365,5.5,bet365,6.0,bet365,17.0,bet365,8.5,bet365,15.0,bet365,9.5,bet365,19.0,bet365,41.0,bet365,19.0,bet365,41.0,bet365,21.0,bet365,51.0,bet365,41.0,,0.0,0.0,,0.0,0.0,bet365,7.0,1.1,bet365,7.0,1.1,bet365,3.7,1.26,bet365,1.78,2.1,bet365,1.33,3.3,bet365,1.22,4.15,,0.0,0.0,,0.0,0.0,Novibet,67.0,18.0,0.0,Novibet,29.0,10.25,11.5,bet365,0.0,0.0,4.33,bet365,1.73,3.6,0.0,Novibet,1.2,6.4,1.06,Betano.br,1.06,10.75,1.01,1.84,0.47,,,,,,,,,0.55,0.45,,,,,,,,,,,12.0,9.0,2.0,6.0,7.0,3.0,3.0,0.0,,,,,,,,,,,5.0,2.0,19.0,17.0,18.0,15.0,17.0,18.0,4.0,3.0,,,0.0,1.0,5.0,2.0,,,,,,,,,,,,,0.96,0.15,,,,,,,,,0.57,0.43,,,,,,,,,,,7.0,3.0,1.0,2.0,4.0,1.0,2.0,0.0,,,,,,,,,,,5.0,1.0,7.0,7.0,8.0,4.0,7.0,7.0,2.0,0.0,,,0.0,0.0,1.0,1.0,,,,,,,,,,,,,0.88,0.32,,,,,,,,,0.53,0.47,,,,,,,,,,,5.0,6.0,1.0,4.0,3.0,2.0,1.0,0.0,,,,,,,,,,,0.0,1.0,12.0,10.0,10.0,11.0,10.0,11.0,2.0,3.0,,,0.0,1.0,4.0,1.0,,,,,,,,,,,,
Gn3CtThh,ROMANIA,2023/2024,ROMANIA 1,Superliga,GILi6JC9,ROMANIA 1,27/01/2024,18:00,Round 23,Dinamo Bucuresti,rBgMi3MH,FC Rapid Bucuresti,YFCpigVG,False,1,2,,,,,,[45],"[44, 90]",bet365,4.33,2.0,2.88,bet365,3.6,2.3,2.5,bet365,3.6,3.0,2.1,bet365,1.5,2.5,bet365,3.4,1.3,bet365,10.0,1.06,bet365,1.3,3.4,bet365,2.38,1.53,bet365,6.0,1.13,bet365,1.08,8.0,bet365,1.4,2.75,bet365,2.3,1.6,bet365,4.33,1.2,bet365,10.0,1.06,bet365,2.0,1.73,bet365,5.5,1.14,bet365,3.75,1.25,bet365,1.7,1.36,1.29,bet365,1.4,1.73,1.2,Novibet,1.52,1.56,1.27,bet365,2.5,1.5,Novibet,2.4,1.54,Novibet,2.35,1.54,bet365,6.0,15.0,29.0,7.5,4.5,5.0,34.0,15.0,3.5,bet365,2.03,1.83,bet365,2.2,1.67,bet365,2.0,1.73,bet365,7.5,bet365,9.5,bet365,6.5,bet365,6.0,bet365,17.0,bet365,9.5,bet365,13.0,bet365,9.5,bet365,17.0,bet365,41.0,bet365,19.0,bet365,34.0,bet365,19.0,bet365,41.0,bet365,34.0,,0.0,0.0,,0.0,0.0,,0.0,0.0,bet365,7.0,1.1,bet365,3.45,1.3,bet365,1.68,2.15,bet365,1.3,3.45,bet365,1.2,4.4,bet365,1.11,6.8,,0.0,0.0,Novibet,51.0,17.75,0.0,Novibet,26.0,10.25,9.6,bet365,0.0,0.0,4.33,bet365,1.7,3.75,0.0,Novibet,1.24,6.1,1.06,Betano.br,1.07,10.5,1.02,1.45,0.93,,,,,,,,,0.49,0.51,,,,,,,,,,,12.0,10.0,2.0,4.0,7.0,5.0,3.0,1.0,,,,,,,,,,,8.0,0.0,16.0,9.0,13.0,19.0,7.0,15.0,1.0,4.0,,,2.0,1.0,2.0,1.0,,,,,,,,,,,,,0.45,0.2,,,,,,,,,0.5,0.5,,,,,,,,,,,6.0,5.0,2.0,1.0,3.0,3.0,1.0,1.0,,,,,,,,,,,4.0,0.0,9.0,5.0,9.0,10.0,3.0,8.0,0.0,1.0,,,2.0,1.0,0.0,1.0,,,,,,,,,,,,,1.0,0.73,,,,,,,,,0.48,0.52,,,,,,,,,,,6.0,5.0,0.0,3.0,4.0,2.0,2.0,0.0,,,,,,,,,,,4.0,0.0,7.0,4.0,4.0,9.0,4.0,7.0,1.0,3.0,,,0.0,0.0,2.0,0.0,,,,,,,,,,,,
ltL8Qeoc,ROMANIA,2023/2024,ROMANIA 1,Superliga,GILi6JC9,ROMANIA 1,02/12/2023,15:00,Round 18,FC Botosani,GjY1JjUS,FC Rapid Bucuresti,YFCpigVG,False,0,0,,,,,,[],[],bet365,4.33,2.2,2.5,bet365,3.75,2.5,2.2,bet365,3.75,3.5,1.85,bet365,1.4,2.75,bet365,2.75,1.4,bet365,8.0,1.08,bet365,1.22,4.0,bet365,2.1,1.67,bet365,4.5,1.18,bet365,1.05,11.0,bet365,1.29,3.5,bet365,1.93,1.93,bet365,3.25,1.33,bet365,6.5,1.11,bet365,1.8,1.91,bet365,4.5,1.18,bet365,3.4,1.3,bet365,1.91,1.29,1.25,bet365,1.5,1.62,1.2,Novibet,1.61,1.5,1.25,bet365,2.75,1.4,Novibet,2.6,1.45,Novibet,2.6,1.46,bet365,6.5,15.0,23.0,8.0,5.5,5.0,34.0,15.0,3.1,bet365,1.95,1.9,bet365,2.1,1.73,bet365,1.91,1.8,bet365,11.0,bet365,11.0,bet365,7.5,bet365,7.0,bet365,19.0,bet365,9.0,bet365,13.0,bet365,8.5,bet365,15.0,bet365,41.0,bet365,17.0,bet365,29.0,bet365,15.0,bet365,34.0,bet365,26.0,,0.0,0.0,,0.0,0.0,,0.0,0.0,bet365,7.0,1.1,bet365,3.55,1.28,bet365,1.88,1.98,bet365,1.43,2.75,bet365,1.3,3.45,bet365,1.11,6.6,bet365,1.1,7.0,Betano.br,35.0,15.0,16.0,Novibet,29.0,11.25,7.3,bet365,0.0,0.0,3.4,bet365,1.91,3.75,0.0,Betano.br,1.31,5.5,1.08,Novibet,1.1,9.6,0.0,1.01,0.36,,,,,,,,,0.36,0.64,,,,,,,,,,,11.0,6.0,5.0,3.0,5.0,2.0,1.0,1.0,,,,,,,,,,,5.0,5.0,16.0,16.0,21.0,17.0,15.0,16.0,3.0,1.0,,,1.0,0.0,3.0,5.0,,,,,,,,,,,,,0.31,0.24,,,,,,,,,0.34,0.66,,,,,,,,,,,5.0,4.0,3.0,2.0,2.0,1.0,0.0,1.0,,,,,,,,,,,3.0,2.0,8.0,9.0,12.0,10.0,8.0,8.0,2.0,0.0,,,1.0,0.0,2.0,3.0,,,,,,,,,,,,,0.7,0.12,,,,,,,,,0.38,0.62,,,,,,,,,,,6.0,2.0,2.0,1.0,3.0,1.0,1.0,0.0,,,,,,,,,,,2.0,3.0,8.0,7.0,9.0,7.0,7.0,8.0,1.0,1.0,,,0.0,0.0,1.0,2.0,,,,,,,,,,,,
d6OGOZF9,ROMANIA,2023/2024,ROMANIA 1,Superliga,GILi6JC9,ROMANIA 1,01/12/2023,18:00,Round 18,Poli Iasi,t84qisiU,Farul Constanta,CrJbN1Pa,False,2,3,,,,,,"[56, 64]","[10, 16, 45]",bet365,4.0,2.1,2.88,bet365,3.4,2.38,2.5,bet365,3.3,3.1,2.15,bet365,1.44,2.63,bet365,3.25,1.33,bet365,9.0,1.07,bet365,1.25,3.75,bet365,2.2,1.62,bet365,5.0,1.17,bet365,1.07,9.0,bet365,1.33,3.25,bet365,2.08,1.73,bet365,3.75,1.25,bet365,8.0,1.08,bet365,1.83,1.83,bet365,5.0,1.17,bet365,3.5,1.29,bet365,1.67,1.36,1.33,bet365,1.4,1.67,1.22,Novibet,1.48,1.56,1.3,bet365,2.38,1.53,Novibet,2.2,1.61,Novibet,2.2,1.62,bet365,5.5,15.0,26.0,7.0,5.0,5.5,34.0,13.0,3.6,bet365,1.95,1.9,bet365,2.1,1.73,bet365,2.0,1.73,bet365,8.5,bet365,10.0,bet365,7.5,bet365,6.0,bet365,17.0,bet365,10.0,bet365,13.0,bet365,9.5,bet365,15.0,bet365,34.0,bet365,21.0,bet365,29.0,bet365,19.0,bet365,41.0,bet365,29.0,,0.0,0.0,,0.0,0.0,bet365,6.8,1.11,bet365,6.4,1.12,bet365,3.3,1.33,bet365,1.68,2.15,bet365,1.33,3.3,bet365,1.22,4.15,,0.0,0.0,,0.0,0.0,Novibet,51.0,16.75,0.0,Novibet,22.0,9.6,10.75,bet365,0.0,0.0,4.33,bet365,1.67,4.0,0.0,Novibet,1.21,6.6,1.08,Betano.br,1.06,11.0,1.02,2.17,2.1,,,,,,,,,0.49,0.51,,,,,,,,,,,9.0,10.0,5.0,4.0,3.0,3.0,1.0,3.0,,,,,,,,,,,5.0,8.0,13.0,12.0,24.0,18.0,11.0,10.0,3.0,3.0,,,1.0,3.0,1.0,3.0,,,,,,,,,,,,,0.17,1.56,,,,,,,,,0.62,0.38,,,,,,,,,,,3.0,8.0,3.0,4.0,0.0,1.0,0.0,3.0,,,,,,,,,,,2.0,4.0,6.0,7.0,12.0,11.0,7.0,4.0,2.0,0.0,,,0.0,2.0,1.0,3.0,,,,,,,,,,,,,2.0,0.54,,,,,,,,,0.36,0.64,,,,,,,,,,,6.0,2.0,2.0,0.0,3.0,2.0,1.0,0.0,,,,,,,,,,,3.0,4.0,7.0,5.0,12.0,7.0,4.0,6.0,1.0,3.0,,,1.0,1.0,0.0,0.0,,,,,,,,,,,,
6yft48YP,ROMANIA,2023/2024,ROMANIA 1,Superliga,GILi6JC9,ROMANIA 1,06/11/2023,19:00,Round 15,FC Hermannstadt,pUUuFXvI,CFR Cluj,4KfIhq7B,False,1,0,,,,,,[],[],,0.0,0.0,0.0,,0.0,0.0,0.0,,0.0,0.0,0.0,,0.0,0.0,,0.0,0.0,,0.0,0.0,,0.0,0.0,,0.0,0.0,,0.0,0.0,,0.0,0.0,,0.0,0.0,,0.0,0.0,,0.0,0.0,,0.0,0.0,,0.0,0.0,,0.0,0.0,,0.0,0.0,,0.0,0.0,0.0,,0.0,0.0,0.0,,0.0,0.0,0.0,,0.0,0.0,,0.0,0.0,,0.0,0.0,,0.0,0.0,0.0,0.0,0.0,0.0,0.0,0.0,0.0,,0.0,0.0,,0.0,0.0,,0.0,0.0,,0.0,,0.0,,0.0,,0.0,,0.0,,0.0,,0.0,,0.0,,0.0,,0.0,,0.0,,0.0,,0.0,,0.0,,0.0,,0.0,0.0,,0.0,0.0,,0.0,0.0,,0.0,0.0,,0.0,0.0,,0.0,0.0,,0.0,0.0,,0.0,0.0,,0.0,0.0,,0.0,0.0,,0.0,0.0,0.0,,0.0,0.0,0.0,,0.0,0.0,0.0,,0.0,0.0,0.0,,0.0,0.0,0.0,,0.0,0.0,0.0,,,,,,,,,,,,,,,,,,,,,,,,,,,,,,,,,,,,,,,,,,,,,,,,,,,,,,,,,,,,,,,,,,,,,,,,,,,,,,,,,,,,,,,,,,,,,,,,,,,,,,,,,,,,,,,,,,,,,,,,,,,,,,,,,,,,,,,,,,,,,,,,,,,,,,,,,,,,,,,,,,,,,,,,,,,,,,,,,,,,,,,,,,,,,,,,,,,,,,,,,,,,
Y5tXgOAI,ROMANIA,2023/2024,ROMANIA 1,Superliga,GILi6JC9,ROMANIA 1,05/11/2023,15:30,Round 15,Farul Constanta,CrJbN1Pa,FC Botosani,GjY1JjUS,False,1,1,,,,,,[],[],,0.0,0.0,0.0,,0.0,0.0,0.0,,0.0,0.0,0.0,,0.0,0.0,,0.0,0.0,,0.0,0.0,,0.0,0.0,,0.0,0.0,,0.0,0.0,,0.0,0.0,,0.0,0.0,,0.0,0.0,,0.0,0.0,,0.0,0.0,,0.0,0.0,,0.0,0.0,,0.0,0.0,,0.0,0.0,0.0,,0.0,0.0,0.0,,0.0,0.0,0.0,,0.0,0.0,,0.0,0.0,,0.0,0.0,,0.0,0.0,0.0,0.0,0.0,0.0,0.0,0.0,0.0,,0.0,0.0,,0.0,0.0,,0.0,0.0,,0.0,,0.0,,0.0,,0.0,,0.0,,0.0,,0.0,,0.0,,0.0,,0.0,,0.0,,0.0,,0.0,,0.0,,0.0,,0.0,0.0,,0.0,0.0,,0.0,0.0,,0.0,0.0,,0.0,0.0,,0.0,0.0,,0.0,0.0,,0.0,0.0,,0.0,0.0,,0.0,0.0,,0.0,0.0,0.0,,0.0,0.0,0.0,,0.0,0.0,0.0,,0.0,0.0,0.0,,0.0,0.0,0.0,,0.0,0.0,0.0,,,,,,,,,,,,,,,,,,,,,,,,,,,,,,,,,,,,,,,,,,,,,,,,,,,,,,,,,,,,,,,,,,,,,,,,,,,,,,,,,,,,,,,,,,,,,,,,,,,,,,,,,,,,,,,,,,,,,,,,,,,,,,,,,,,,,,,,,,,,,,,,,,,,,,,,,,,,,,,,,,,,,,,,,,,,,,,,,,,,,,,,,,,,,,,,,,,,,,,,,,,,
bZYKdQQa,ROMANIA,2023/2024,ROMANIA 1,Superliga,GILi6JC9,ROMANIA 1,05/11/2023,18:30,Round 15,FCSB,Gv2kjDpN,FC Rapid Bucuresti,YFCpigVG,False,1,2,,,,,,[],[],,0.0,0.0,0.0,,0.0,0.0,0.0,,0.0,0.0,0.0,,0.0,0.0,,0.0,0.0,,0.0,0.0,,0.0,0.0,,0.0,0.0,,0.0,0.0,,0.0,0.0,,0.0,0.0,,0.0,0.0,,0.0,0.0,,0.0,0.0,,0.0,0.0,,0.0,0.0,,0.0,0.0,,0.0,0.0,0.0,,0.0,0.0,0.0,,0.0,0.0,0.0,,0.0,0.0,,0.0,0.0,,0.0,0.0,,0.0,0.0,0.0,0.0,0.0,0.0,0.0,0.0,0.0,,0.0,0.0,,0.0,0.0,,0.0,0.0,,0.0,,0.0,,0.0,,0.0,,0.0,,0.0,,0.0,,0.0,,0.0,,0.0,,0.0,,0.0,,0.0,,0.0,,0.0,,0.0,0.0,,0.0,0.0,,0.0,0.0,,0.0,0.0,,0.0,0.0,,0.0,0.0,,0.0,0.0,,0.0,0.0,,0.0,0.0,,0.0,0.0,,0.0,0.0,0.0,,0.0,0.0,0.0,,0.0,0.0,0.0,,0.0,0.0,0.0,,0.0,0.0,0.0,,0.0,0.0,0.0,,,,,,,,,,,,,,,,,,,,,,,,,,,,,,,,,,,,,,,,,,,,,,,,,,,,,,,,,,,,,,,,,,,,,,,,,,,,,,,,,,,,,,,,,,,,,,,,,,,,,,,,,,,,,,,,,,,,,,,,,,,,,,,,,,,,,,,,,,,,,,,,,,,,,,,,,,,,,,,,,,,,,,,,,,,,,,,,,,,,,,,,,,,,,,,,,,,,,,,,,,,,
fHYeFVxd,ROMANIA,2023/2024,ROMANIA 1,Superliga,GILi6JC9,ROMANIA 1,09/12/2023,18:45,Round 19,FC Rapid Bucuresti,YFCpigVG,FC Voluntari,WIoSeFi4,False,1,2,,,,,,[82],"[69, 73]",bet365,2.3,2.2,5.0,bet365,2.0,2.5,4.75,bet365,1.67,3.6,5.25,bet365,1.4,2.75,bet365,3.0,1.36,bet365,8.0,1.08,bet365,1.25,3.75,bet365,2.1,1.67,bet365,4.5,1.18,bet365,1.05,11.0,bet365,1.29,3.5,bet365,2.0,1.85,bet365,3.4,1.3,bet365,7.0,1.1,bet365,1.83,1.83,bet365,5.0,1.17,bet365,3.5,1.29,bet365,1.17,1.29,2.15,bet365,1.14,1.62,1.57,Novibet,1.21,1.5,1.68,bet365,1.25,3.75,Novibet,1.37,2.9,Betano.br,1.38,2.87,bet365,2.63,15.0,41.0,4.5,5.5,10.0,23.0,17.0,8.5,bet365,1.95,1.9,bet365,2.1,1.73,bet365,1.91,1.8,bet365,9.5,bet365,6.5,bet365,13.0,bet365,7.0,bet365,7.5,bet365,26.0,bet365,8.5,bet365,17.0,bet365,17.0,bet365,13.0,bet365,51.0,bet365,15.0,bet365,41.0,bet365,29.0,bet365,41.0,bet365,6.0,1.13,bet365,5.25,1.16,bet365,2.85,1.4,bet365,2.25,1.63,bet365,1.68,2.15,bet365,1.18,4.65,,0.0,0.0,,0.0,0.0,,0.0,0.0,,0.0,0.0,Betano.br,14.5,8.5,37.0,Betano.br,6.6,5.1,26.0,bet365,2.88,3.6,0.0,bet365,0.0,0.0,2.15,Betano.br,1.05,11.0,1.36,Betano.br,1.01,16.0,1.12,0.87,1.03,,,,,,,,,0.63,0.37,,,,,,,,,,,8.0,3.0,4.0,3.0,4.0,0.0,0.0,0.0,,,,,,,,,,,8.0,2.0,10.0,12.0,24.0,20.0,11.0,10.0,0.0,1.0,,,1.0,0.0,1.0,3.0,,,,,,,,,,,,,0.22,0.31,,,,,,,,,0.6,0.4,,,,,,,,,,,3.0,1.0,1.0,1.0,2.0,0.0,0.0,0.0,,,,,,,,,,,2.0,2.0,7.0,7.0,12.0,10.0,7.0,7.0,,,,,0.0,0.0,1.0,1.0,,,,,,,,,,,,,0.65,0.72,,,,,,,,,0.66,0.34,,,,,,,,,,,5.0,2.0,3.0,2.0,2.0,0.0,0.0,0.0,,,,,,,,,,,6.0,0.0,3.0,5.0,12.0,10.0,4.0,3.0,0.0,1.0,,,1.0,0.0,0.0,2.0,,,,,,,,,,,,
ptdX6P6c,ROMANIA,2023/2024,ROMANIA 1,Superliga,GILi6JC9,ROMANIA 1,17/02/2024,12:00,Round 26,FC Voluntari,WIoSeFi4,UTA Arad,QDiPqBNj,False,0,1,,,,,,[],[77],bet365,3.2,2.0,3.6,bet365,2.63,2.3,3.25,bet365,2.25,3.2,3.1,bet365,1.5,2.5,bet365,3.4,1.3,bet365,10.0,1.06,bet365,1.29,3.5,bet365,2.38,1.53,bet365,5.5,1.14,bet365,1.08,8.0,bet365,1.4,2.75,bet365,2.25,1.62,bet365,4.0,1.22,bet365,9.0,1.07,bet365,1.91,1.8,bet365,5.5,1.14,bet365,3.75,1.25,bet365,1.36,1.36,1.62,bet365,1.25,1.73,1.36,Novibet,1.3,1.57,1.46,bet365,1.62,2.2,Novibet,1.64,2.15,Novibet,1.64,2.15,bet365,3.75,15.0,34.0,5.5,4.75,6.5,29.0,15.0,5.0,bet365,1.98,1.88,bet365,2.2,1.67,bet365,2.0,1.73,bet365,8.0,bet365,7.0,bet365,8.5,bet365,6.0,bet365,10.0,bet365,15.0,bet365,9.5,bet365,12.0,bet365,17.0,bet365,21.0,bet365,34.0,bet365,21.0,bet365,29.0,bet365,34.0,bet365,41.0,,0.0,0.0,,0.0,0.0,bet365,4.5,1.19,bet365,3.7,1.26,bet365,2.25,1.63,bet365,1.38,3.0,bet365,1.13,5.9,bet365,1.1,7.0,,0.0,0.0,,0.0,0.0,Betano.br,25.0,11.75,35.0,Novibet,11.75,6.6,23.0,bet365,4.75,4.0,0.0,bet365,0.0,0.0,1.62,Novibet,1.08,9.3,1.2,Betano.br,1.02,14.0,1.05,0.88,1.19,,,,,,,,,0.54,0.46,,,,,,,,,,,7.0,12.0,4.0,5.0,3.0,7.0,0.0,0.0,,,,,,,,,,,7.0,5.0,11.0,14.0,18.0,25.0,11.0,9.0,1.0,0.0,,,3.0,2.0,4.0,4.0,,,,,,,,,,,,,0.2,0.6,,,,,,,,,0.55,0.45,,,,,,,,,,,2.0,6.0,2.0,2.0,0.0,4.0,0.0,0.0,,,,,,,,,,,2.0,2.0,5.0,7.0,8.0,12.0,5.0,4.0,1.0,0.0,,,2.0,1.0,2.0,2.0,,,,,,,,,,,,,0.68,0.59,,,,,,,,,0.53,0.47,,,,,,,,,,,5.0,6.0,2.0,3.0,3.0,3.0,0.0,0.0,,,,,,,,,,,5.0,3.0,6.0,7.0,10.0,13.0,6.0,5.0,,,,,1.0,1.0,2.0,2.0,,,,,,,,,,,,
x2ij8EVS,ROMANIA,2023/2024,ROMANIA 1,Superliga,GILi6JC9,ROMANIA 1,02/12/2023,18:30,Round 18,Univ. Craiova,bsd9fGaK,CFR Cluj,4KfIhq7B,False,1,0,,,,,,[90],[],bet365,2.88,2.1,3.75,bet365,2.6,2.4,3.25,bet365,2.2,3.1,3.1,bet365,1.44,2.63,bet365,3.0,1.36,bet365,9.0,1.07,bet365,1.25,3.75,bet365,2.1,1.67,bet365,5.0,1.17,bet365,1.06,10.0,bet365,1.3,3.4,bet365,2.05,1.75,bet365,3.5,1.29,bet365,7.0,1.1,bet365,1.8,1.91,bet365,5.0,1.17,bet365,3.4,1.3,bet365,1.33,1.33,1.57,bet365,1.25,1.67,1.4,Novibet,1.31,1.57,1.46,bet365,1.57,2.25,Novibet,1.65,2.15,Novibet,1.65,2.15,bet365,3.75,13.0,29.0,5.5,5.0,7.0,26.0,15.0,5.0,bet365,1.95,1.9,bet365,2.1,1.73,bet365,2.0,1.73,bet365,9.0,bet365,7.5,bet365,10.0,bet365,6.0,bet365,11.0,bet365,17.0,bet365,9.5,bet365,12.0,bet365,15.0,bet365,21.0,bet365,34.0,bet365,19.0,bet365,26.0,bet365,29.0,bet365,34.0,,0.0,0.0,,0.0,0.0,bet365,4.4,1.2,bet365,3.55,1.28,bet365,2.25,1.63,bet365,1.35,3.1,bet365,1.14,5.75,bet365,1.11,6.8,,0.0,0.0,,0.0,0.0,Betano.br,23.0,11.25,35.0,Novibet,11.25,6.8,21.0,bet365,4.33,4.0,6.0,bet365,1.4,4.33,1.57,Novibet,1.09,9.3,1.19,Betano.br,1.02,14.0,1.05,0.79,1.28,,,,,,,,,0.56,0.44,,,,,,,,,,,13.0,13.0,5.0,1.0,4.0,9.0,4.0,3.0,,,,,,,,,,,10.0,5.0,14.0,11.0,15.0,16.0,10.0,11.0,5.0,2.0,,,1.0,3.0,1.0,4.0,,,,,,,,,,,,,0.2,0.21,,,,,,,,,0.59,0.41,,,,,,,,,,,3.0,3.0,1.0,1.0,1.0,1.0,1.0,1.0,,,,,,,,,,,3.0,1.0,9.0,6.0,4.0,9.0,5.0,8.0,2.0,1.0,,,0.0,1.0,1.0,1.0,,,,,,,,,,,,,0.59,1.07,,,,,,,,,0.53,0.47,,,,,,,,,,,10.0,10.0,4.0,0.0,3.0,8.0,3.0,2.0,,,,,,,,,,,7.0,4.0,5.0,5.0,11.0,7.0,5.0,3.0,3.0,1.0,,,1.0,2.0,0.0,3.0,,,,,,,,,,,,
0KIrkZOj,ROMANIA,2023/2024,ROMANIA 1,Superliga,GILi6JC9,ROMANIA 1,26/11/2023,15:30,Round 17,Otelul,2H5uhNyO,Univ. Craiova,bsd9fGaK,False,1,3,,,,,,[20],"[53, 80, 83]",bet365,4.5,2.0,2.88,bet365,3.75,2.25,2.4,bet365,3.75,3.1,2.05,bet365,1.53,2.38,bet365,3.5,1.29,bet365,11.0,1.05,bet365,1.33,3.25,bet365,2.5,1.5,bet365,6.0,1.13,bet365,1.08,8.0,bet365,1.44,2.63,bet365,2.35,1.57,bet365,4.5,1.18,bet365,11.0,1.05,bet365,2.1,1.67,bet365,6.0,1.13,bet365,4.0,1.22,bet365,1.73,1.36,1.25,bet365,1.4,1.73,1.17,Novibet,1.45,1.62,1.28,bet365,2.63,1.44,Betano.br,2.2,1.6,Betano.br,2.27,1.6,bet365,6.5,15.0,29.0,7.5,4.5,5.0,41.0,15.0,3.4,bet365,1.95,1.9,bet365,2.2,1.67,bet365,2.0,1.73,bet365,7.0,bet365,9.0,bet365,6.0,bet365,6.0,bet365,17.0,bet365,8.5,bet365,15.0,bet365,9.5,bet365,17.0,bet365,41.0,bet365,19.0,bet365,34.0,bet365,19.0,bet365,41.0,bet365,34.0,,0.0,0.0,,0.0,0.0,,0.0,0.0,bet365,7.0,1.1,bet365,3.55,1.28,bet365,1.73,2.08,bet365,1.33,3.3,bet365,1.22,4.15,,0.0,0.0,,0.0,0.0,Novibet,51.0,17.5,0.0,Novibet,26.0,9.9,12.25,bet365,0.0,0.0,4.0,bet365,1.73,3.75,0.0,Novibet,1.19,6.7,1.07,Betano.br,1.06,11.0,1.02,1.29,2.31,,,,,,,,,0.36,0.64,,,,,,,,,,,4.0,9.0,2.0,7.0,2.0,2.0,,,,,,,,,,,,,6.0,4.0,11.0,14.0,15.0,23.0,12.0,10.0,3.0,1.0,,,2.0,1.0,4.0,1.0,,,,,,,,,,,,,0.23,0.02,,,,,,,,,0.35,0.65,,,,,,,,,,,3.0,2.0,2.0,1.0,1.0,1.0,,,,,,,,,,,,,3.0,1.0,2.0,5.0,8.0,13.0,4.0,2.0,0.0,1.0,,,1.0,0.0,1.0,1.0,,,,,,,,,,,,,1.06,2.29,,,,,,,,,0.37,0.63,,,,,,,,,,,1.0,7.0,0.0,6.0,1.0,1.0,,,,,,,,,,,,,3.0,3.0,9.0,9.0,7.0,10.0,8.0,8.0,3.0,0.0,,,1.0,1.0,3.0,0.0,,,,,,,,,,,,
KSogrRB6,ROMANIA,2023/2024,ROMANIA 1,Superliga,GILi6JC9,ROMANIA 1,28/10/2023,17:30,Round 14,Petrolul,dhnNlCE9,FCSB,Gv2kjDpN,False,2,2,,,,,,[],[],,0.0,0.0,0.0,,0.0,0.0,0.0,,0.0,0.0,0.0,,0.0,0.0,,0.0,0.0,,0.0,0.0,,0.0,0.0,,0.0,0.0,,0.0,0.0,,0.0,0.0,,0.0,0.0,,0.0,0.0,,0.0,0.0,,0.0,0.0,,0.0,0.0,,0.0,0.0,,0.0,0.0,,0.0,0.0,0.0,,0.0,0.0,0.0,,0.0,0.0,0.0,,0.0,0.0,,0.0,0.0,,0.0,0.0,,0.0,0.0,0.0,0.0,0.0,0.0,0.0,0.0,0.0,,0.0,0.0,,0.0,0.0,,0.0,0.0,,0.0,,0.0,,0.0,,0.0,,0.0,,0.0,,0.0,,0.0,,0.0,,0.0,,0.0,,0.0,,0.0,,0.0,,0.0,,0.0,0.0,,0.0,0.0,,0.0,0.0,,0.0,0.0,,0.0,0.0,,0.0,0.0,,0.0,0.0,,0.0,0.0,,0.0,0.0,,0.0,0.0,,0.0,0.0,0.0,,0.0,0.0,0.0,,0.0,0.0,0.0,,0.0,0.0,0.0,,0.0,0.0,0.0,,0.0,0.0,0.0,,,,,,,,,,,,,,,,,,,,,,,,,,,,,,,,,,,,,,,,,,,,,,,,,,,,,,,,,,,,,,,,,,,,,,,,,,,,,,,,,,,,,,,,,,,,,,,,,,,,,,,,,,,,,,,,,,,,,,,,,,,,,,,,,,,,,,,,,,,,,,,,,,,,,,,,,,,,,,,,,,,,,,,,,,,,,,,,,,,,,,,,,,,,,,,,,,,,,,,,,,,,
nFmopmsf,ROMANIA,2023/2024,ROMANIA 1,Superliga,GILi6JC9,ROMANIA 1,29/10/2023,12:00,Round 14,U Craiova 1948,nNhLpi8p,UTA Arad,QDiPqBNj,False,2,3,,,,,,[],[],,0.0,0.0,0.0,,0.0,0.0,0.0,,0.0,0.0,0.0,,0.0,0.0,,0.0,0.0,,0.0,0.0,,0.0,0.0,,0.0,0.0,,0.0,0.0,,0.0,0.0,,0.0,0.0,,0.0,0.0,,0.0,0.0,,0.0,0.0,,0.0,0.0,,0.0,0.0,,0.0,0.0,,0.0,0.0,0.0,,0.0,0.0,0.0,,0.0,0.0,0.0,,0.0,0.0,,0.0,0.0,,0.0,0.0,,0.0,0.0,0.0,0.0,0.0,0.0,0.0,0.0,0.0,,0.0,0.0,,0.0,0.0,,0.0,0.0,,0.0,,0.0,,0.0,,0.0,,0.0,,0.0,,0.0,,0.0,,0.0,,0.0,,0.0,,0.0,,0.0,,0.0,,0.0,,0.0,0.0,,0.0,0.0,,0.0,0.0,,0.0,0.0,,0.0,0.0,,0.0,0.0,,0.0,0.0,,0.0,0.0,,0.0,0.0,,0.0,0.0,,0.0,0.0,0.0,,0.0,0.0,0.0,,0.0,0.0,0.0,,0.0,0.0,0.0,,0.0,0.0,0.0,,0.0,0.0,0.0,,,,,,,,,,,,,,,,,,,,,,,,,,,,,,,,,,,,,,,,,,,,,,,,,,,,,,,,,,,,,,,,,,,,,,,,,,,,,,,,,,,,,,,,,,,,,,,,,,,,,,,,,,,,,,,,,,,,,,,,,,,,,,,,,,,,,,,,,,,,,,,,,,,,,,,,,,,,,,,,,,,,,,,,,,,,,,,,,,,,,,,,,,,,,,,,,,,,,,,,,,,,
fw2o9fGM,ROMANIA,2023/2024,ROMANIA 1,Superliga,GILi6JC9,ROMANIA 1,02/12/2023,12:00,Round 18,UTA Arad,QDiPqBNj,FC Hermannstadt,pUUuFXvI,False,2,0,,,,,,"[79, 82]",[],bet365,4.0,2.05,3.0,bet365,3.4,2.3,2.6,bet365,3.1,3.1,2.2,bet365,1.5,2.5,bet365,3.4,1.3,bet365,10.0,1.06,bet365,1.29,3.5,bet365,2.38,1.53,bet365,5.5,1.14,bet365,1.08,8.0,bet365,1.4,2.75,bet365,2.3,1.6,bet365,4.33,1.2,bet365,10.0,1.06,bet365,1.91,1.8,bet365,5.5,1.14,bet365,3.75,1.25,bet365,1.57,1.33,1.33,bet365,1.36,1.73,1.22,Novibet,1.45,1.58,1.31,bet365,2.2,1.62,Betano.br,2.18,1.62,Betano.br,2.15,1.65,bet365,5.5,15.0,29.0,7.0,4.75,5.5,34.0,15.0,3.75,bet365,1.95,1.9,bet365,2.2,1.67,bet365,2.0,1.73,bet365,8.0,bet365,8.5,bet365,7.0,bet365,6.0,bet365,15.0,bet365,10.0,bet365,12.0,bet365,9.5,bet365,17.0,bet365,34.0,bet365,21.0,bet365,29.0,bet365,21.0,bet365,41.0,bet365,34.0,,0.0,0.0,,0.0,0.0,bet365,7.0,1.1,bet365,6.0,1.13,bet365,3.1,1.35,bet365,1.63,2.25,bet365,1.26,3.7,bet365,1.18,4.65,,0.0,0.0,,0.0,0.0,Novibet,51.0,16.75,0.0,Novibet,22.0,9.3,12.0,bet365,5.5,4.33,4.5,bet365,1.57,4.0,1.44,Novibet,1.18,6.9,1.09,Betano.br,1.05,11.25,1.02,2.54,0.61,,,,,,,,,0.51,0.49,,,,,,,,,,,16.0,9.0,8.0,3.0,4.0,4.0,4.0,2.0,,,,,,,,,,,2.0,5.0,5.0,11.0,25.0,24.0,9.0,4.0,2.0,2.0,,,2.0,1.0,3.0,6.0,,,,,,,,,,,,,0.65,0.49,,,,,,,,,0.48,0.52,,,,,,,,,,,7.0,5.0,3.0,2.0,3.0,2.0,1.0,1.0,,,,,,,,,,,1.0,4.0,2.0,6.0,13.0,7.0,5.0,1.0,,,,,1.0,1.0,2.0,3.0,,,,,,,,,,,,,1.89,0.12,,,,,,,,,0.54,0.46,,,,,,,,,,,9.0,4.0,5.0,1.0,1.0,2.0,3.0,1.0,,,,,,,,,,,1.0,1.0,3.0,5.0,12.0,17.0,4.0,3.0,2.0,2.0,,,1.0,0.0,1.0,3.0,,,,,,,,,,,,
jmfxn9Cs,ROMANIA,2023/2024,ROMANIA 1,Superliga,GILi6JC9,ROMANIA 1,28/10/2023,11:00,Round 14,Otelul,2H5uhNyO,FC Hermannstadt,pUUuFXvI,False,1,1,,,,,,[],[],,0.0,0.0,0.0,,0.0,0.0,0.0,,0.0,0.0,0.0,,0.0,0.0,,0.0,0.0,,0.0,0.0,,0.0,0.0,,0.0,0.0,,0.0,0.0,,0.0,0.0,,0.0,0.0,,0.0,0.0,,0.0,0.0,,0.0,0.0,,0.0,0.0,,0.0,0.0,,0.0,0.0,,0.0,0.0,0.0,,0.0,0.0,0.0,,0.0,0.0,0.0,,0.0,0.0,,0.0,0.0,,0.0,0.0,,0.0,0.0,0.0,0.0,0.0,0.0,0.0,0.0,0.0,,0.0,0.0,,0.0,0.0,,0.0,0.0,,0.0,,0.0,,0.0,,0.0,,0.0,,0.0,,0.0,,0.0,,0.0,,0.0,,0.0,,0.0,,0.0,,0.0,,0.0,,0.0,0.0,,0.0,0.0,,0.0,0.0,,0.0,0.0,,0.0,0.0,,0.0,0.0,,0.0,0.0,,0.0,0.0,,0.0,0.0,,0.0,0.0,,0.0,0.0,0.0,,0.0,0.0,0.0,,0.0,0.0,0.0,,0.0,0.0,0.0,,0.0,0.0,0.0,,0.0,0.0,0.0,,,,,,,,,,,,,,,,,,,,,,,,,,,,,,,,,,,,,,,,,,,,,,,,,,,,,,,,,,,,,,,,,,,,,,,,,,,,,,,,,,,,,,,,,,,,,,,,,,,,,,,,,,,,,,,,,,,,,,,,,,,,,,,,,,,,,,,,,,,,,,,,,,,,,,,,,,,,,,,,,,,,,,,,,,,,,,,,,,,,,,,,,,,,,,,,,,,,,,,,,,,,
Ak0ZBdW3,ROMANIA,2023/2024,ROMANIA 1,Superliga,GILi6JC9,ROMANIA 1,27/11/2023,18:30,Round 17,FC Rapid Bucuresti,YFCpigVG,U. Cluj,Us6gkXaT,False,2,3,,,,,,"[14, 24]","[40, 55, 73]",bet365,2.5,2.1,4.75,bet365,2.2,2.4,4.0,bet365,1.83,3.3,4.2,bet365,1.44,2.63,bet365,3.25,1.33,bet365,9.0,1.07,bet365,1.25,3.75,bet365,2.2,1.62,bet365,5.0,1.17,bet365,1.06,10.0,bet365,1.33,3.25,bet365,2.08,1.73,bet365,3.75,1.25,bet365,8.0,1.08,bet365,1.91,1.8,bet365,5.5,1.14,bet365,3.75,1.25,bet365,1.22,1.33,1.91,bet365,1.17,1.67,1.5,Betano.br,1.23,1.47,1.62,bet365,1.36,3.0,Novibet,1.45,2.6,Betano.br,1.45,2.65,bet365,3.0,15.0,34.0,4.75,5.0,8.5,23.0,15.0,7.0,bet365,1.95,1.9,bet365,2.1,1.73,bet365,2.0,1.73,bet365,9.0,bet365,6.5,bet365,11.0,bet365,6.5,bet365,8.5,bet365,21.0,bet365,9.0,bet365,15.0,bet365,17.0,bet365,15.0,bet365,41.0,bet365,17.0,bet365,34.0,bet365,29.0,bet365,41.0,bet365,7.0,1.1,bet365,6.4,1.12,bet365,3.45,1.3,bet365,2.6,1.48,bet365,1.88,1.98,bet365,1.23,4.0,,0.0,0.0,,0.0,0.0,,0.0,0.0,,0.0,0.0,Betano.br,16.0,9.0,35.0,Betano.br,7.3,5.3,22.0,bet365,3.4,3.6,0.0,bet365,0.0,0.0,1.91,Betano.br,1.07,10.0,1.32,Betano.br,1.02,15.0,1.1,0.49,2.95,,,,,,,,,0.52,0.48,,,,,,,,,,,9.0,11.0,5.0,5.0,2.0,2.0,2.0,4.0,,,,,,,,,,,2.0,4.0,12.0,10.0,26.0,25.0,9.0,12.0,1.0,4.0,,,1.0,0.0,2.0,3.0,,,,,,,,,,,,,0.36,1.38,,,,,,,,,0.5,0.5,,,,,,,,,,,5.0,6.0,3.0,2.0,1.0,0.0,1.0,4.0,,,,,,,,,,,1.0,2.0,8.0,4.0,11.0,15.0,3.0,8.0,,,,,1.0,0.0,1.0,1.0,,,,,,,,,,,,,0.13,1.57,,,,,,,,,0.54,0.46,,,,,,,,,,,4.0,5.0,2.0,3.0,1.0,2.0,1.0,0.0,,,,,,,,,,,1.0,2.0,4.0,6.0,15.0,10.0,6.0,4.0,1.0,4.0,,,0.0,0.0,1.0,2.0,,,,,,,,,,,,
tzxCfe1T,ROMANIA,2023/2024,ROMANIA 1,Superliga,GILi6JC9,ROMANIA 1,24/11/2023,15:30,Round 17,FC Hermannstadt,pUUuFXvI,Poli Iasi,t84qisiU,False,0,0,,,,,,[90],[],bet365,2.5,2.05,5.0,bet365,2.1,2.38,4.5,bet365,1.75,3.4,4.5,bet365,1.5,2.5,bet365,3.4,1.3,bet365,10.0,1.06,bet365,1.3,3.4,bet365,2.38,1.53,bet365,5.5,1.14,bet365,1.07,9.0,bet365,1.4,2.75,bet365,2.25,1.62,bet365,4.33,1.2,bet365,10.0,1.06,bet365,2.1,1.67,bet365,6.0,1.13,bet365,4.0,1.22,bet365,1.18,1.3,2.0,bet365,1.14,1.73,1.5,Betano.br,1.19,1.5,1.65,bet365,1.3,3.4,Betano.br,1.35,2.92,Betano.br,1.36,3.0,bet365,2.88,15.0,41.0,4.5,4.75,9.0,26.0,17.0,8.0,bet365,1.95,1.9,bet365,2.2,1.67,bet365,2.0,1.73,bet365,8.0,bet365,6.0,bet365,11.0,bet365,6.5,bet365,7.5,bet365,23.0,bet365,9.0,bet365,17.0,bet365,19.0,bet365,13.0,bet365,51.0,bet365,17.0,bet365,41.0,bet365,34.0,bet365,51.0,bet365,7.0,1.1,bet365,6.0,1.13,bet365,3.3,1.33,bet365,2.43,1.53,bet365,1.78,2.03,bet365,1.2,4.4,,0.0,0.0,,0.0,0.0,,0.0,0.0,,0.0,0.0,Betano.br,16.0,8.75,40.0,Betano.br,7.1,5.1,30.0,bet365,3.25,3.5,0.0,bet365,0.0,0.0,2.0,Betano.br,1.04,11.75,1.35,Betano.br,1.01,15.5,1.11,2.11,0.32,,,,,,,,,0.44,0.56,,,,,,,,,,,15.0,6.0,4.0,3.0,9.0,2.0,2.0,1.0,,,,,,,,,,,2.0,2.0,14.0,10.0,29.0,31.0,9.0,14.0,2.0,2.0,,,1.0,0.0,3.0,4.0,,,,,,,,,,,,,0.86,0.15,,,,,,,,,0.45,0.55,,,,,,,,,,,6.0,2.0,2.0,1.0,2.0,1.0,2.0,0.0,,,,,,,,,,,1.0,0.0,5.0,5.0,14.0,13.0,4.0,5.0,1.0,1.0,,,1.0,0.0,1.0,2.0,,,,,,,,,,,,,1.25,0.17,,,,,,,,,0.43,0.57,,,,,,,,,,,9.0,4.0,2.0,2.0,7.0,1.0,0.0,1.0,,,,,,,,,,,1.0,2.0,9.0,5.0,15.0,18.0,5.0,9.0,1.0,1.0,,,0.0,0.0,2.0,2.0,,,,,,,,,,,,
MNQswZU2,ROMANIA,2023/2024,ROMANIA 1,Superliga,GILi6JC9,ROMANIA 1,10/12/2023,15:00,Round 19,Farul Constanta,CrJbN1Pa,Petrolul,dhnNlCE9,False,3,1,,,,,,"[30, 52, 78]",[81],bet365,2.5,2.1,5.0,bet365,2.1,2.4,4.33,bet365,1.8,3.4,4.75,bet365,1.44,2.63,bet365,3.25,1.33,bet365,9.0,1.07,bet365,1.29,3.5,bet365,2.25,1.57,bet365,5.5,1.14,bet365,1.07,9.0,bet365,1.36,3.0,bet365,2.15,1.67,bet365,3.75,1.25,bet365,9.0,1.07,bet365,1.91,1.8,bet365,5.5,1.14,bet365,3.75,1.25,bet365,1.18,1.3,1.95,bet365,1.14,1.67,1.5,Betano.br,1.2,1.5,1.65,bet365,1.3,3.4,Novibet,1.42,2.75,Betano.br,1.38,2.87,bet365,2.88,15.0,41.0,4.5,5.0,9.0,23.0,15.0,7.5,bet365,1.95,1.9,bet365,2.1,1.73,bet365,2.0,1.73,bet365,8.5,bet365,6.5,bet365,12.0,bet365,6.5,bet365,8.0,bet365,23.0,bet365,8.5,bet365,17.0,bet365,17.0,bet365,15.0,bet365,51.0,bet365,15.0,bet365,41.0,bet365,29.0,bet365,41.0,bet365,6.8,1.11,bet365,6.4,1.12,bet365,3.45,1.3,bet365,2.6,1.48,bet365,1.85,2.0,bet365,1.22,4.15,bet365,1.1,7.0,,0.0,0.0,,0.0,0.0,,0.0,0.0,Betano.br,16.5,8.75,37.0,Novibet,7.6,5.45,29.0,bet365,3.2,3.6,0.0,bet365,0.0,0.0,1.95,Betano.br,1.05,11.0,1.34,Betano.br,1.01,16.0,1.1,2.47,0.81,,,,,,,,,0.41,0.59,,,,,,,,,,,14.0,15.0,6.0,4.0,3.0,8.0,5.0,3.0,,,,,,,,,,,5.0,4.0,9.0,20.0,16.0,19.0,15.0,9.0,3.0,0.0,,,5.0,0.0,3.0,3.0,,,,,,,,,,,,,1.24,0.24,,,,,,,,,0.45,0.55,,,,,,,,,,,7.0,4.0,3.0,1.0,1.0,3.0,3.0,0.0,,,,,,,,,,,2.0,0.0,5.0,9.0,9.0,8.0,7.0,5.0,1.0,0.0,,,2.0,0.0,1.0,2.0,,,,,,,,,,,,,1.23,0.57,,,,,,,,,0.36,0.64,,,,,,,,,,,7.0,11.0,3.0,3.0,2.0,5.0,2.0,3.0,,,,,,,,,,,3.0,4.0,4.0,11.0,7.0,11.0,8.0,4.0,2.0,0.0,,,3.0,0.0,2.0,1.0,,,,,,,,,,,,
j9VCbndm,ROMANIA,2023/2024,ROMANIA 1,Superliga,GILi6JC9,ROMANIA 1,06/11/2023,16:00,Round 15,UTA Arad,QDiPqBNj,Dinamo Bucuresti,rBgMi3MH,False,2,1,,,,,,"[41, 90]",[8],bet365,2.88,2.05,4.0,bet365,2.5,2.3,3.4,bet365,2.15,3.1,3.3,bet365,1.44,2.63,bet365,3.25,1.33,bet365,10.0,1.06,bet365,1.29,3.5,bet365,2.25,1.57,bet365,5.5,1.14,bet365,1.08,8.0,bet365,1.4,2.75,bet365,2.3,1.6,bet365,4.33,1.2,bet365,10.0,1.06,bet365,1.83,1.83,bet365,5.5,1.14,bet365,3.75,1.25,bet365,1.33,1.36,1.67,bet365,1.22,1.73,1.4,Novibet,1.27,1.55,1.55,bet365,1.53,2.38,Novibet,1.51,2.45,Betano.br,1.5,2.47,bet365,3.6,15.0,34.0,5.0,4.75,7.0,26.0,15.0,5.5,bet365,1.95,1.9,bet365,2.2,1.67,bet365,2.0,1.73,bet365,8.0,bet365,7.0,bet365,9.5,bet365,6.0,bet365,10.0,bet365,17.0,bet365,9.5,bet365,13.0,bet365,15.0,bet365,21.0,bet365,41.0,bet365,19.0,bet365,29.0,bet365,34.0,bet365,41.0,,0.0,0.0,bet365,7.0,1.1,bet365,4.25,1.21,bet365,3.45,1.3,bet365,2.15,1.68,bet365,1.33,3.3,bet365,1.11,6.8,,0.0,0.0,,0.0,0.0,,0.0,0.0,Betano.br,19.5,10.0,37.0,Novibet,9.0,5.9,28.0,bet365,4.33,3.75,0.0,bet365,0.0,0.0,1.67,Novibet,1.06,10.5,1.27,Betano.br,1.02,15.0,1.08,2.08,0.58,,,,,,,,,0.58,0.42,,,,,,,,,,,7.0,9.0,2.0,4.0,5.0,5.0,,,,,,,,,,,,,8.0,5.0,21.0,6.0,17.0,18.0,6.0,19.0,2.0,2.0,,,0.0,2.0,3.0,0.0,,,,,,,,,,,,,1.08,0.4,,,,,,,,,0.61,0.39,,,,,,,,,,,2.0,5.0,1.0,1.0,1.0,4.0,,,,,,,,,,,,,3.0,4.0,11.0,4.0,13.0,5.0,4.0,10.0,1.0,1.0,,,0.0,1.0,0.0,0.0,,,,,,,,,,,,,1.0,0.18,,,,,,,,,0.55,0.45,,,,,,,,,,,5.0,4.0,1.0,3.0,4.0,1.0,,,,,,,,,,,,,5.0,1.0,10.0,2.0,4.0,13.0,2.0,9.0,1.0,1.0,,,0.0,1.0,3.0,0.0,,,,,,,,,,,,
v9QJTRdD,ROMANIA,2023/2024,ROMANIA 1,Superliga,GILi6JC9,ROMANIA 1,22/10/2023,18:00,Round 13,FCSB,Gv2kjDpN,FC Voluntari,WIoSeFi4,False,0,0,,,,,,[],[],,0.0,0.0,0.0,,0.0,0.0,0.0,,0.0,0.0,0.0,,0.0,0.0,,0.0,0.0,,0.0,0.0,,0.0,0.0,,0.0,0.0,,0.0,0.0,,0.0,0.0,,0.0,0.0,,0.0,0.0,,0.0,0.0,,0.0,0.0,,0.0,0.0,,0.0,0.0,,0.0,0.0,,0.0,0.0,0.0,,0.0,0.0,0.0,,0.0,0.0,0.0,,0.0,0.0,,0.0,0.0,,0.0,0.0,,0.0,0.0,0.0,0.0,0.0,0.0,0.0,0.0,0.0,,0.0,0.0,,0.0,0.0,,0.0,0.0,,0.0,,0.0,,0.0,,0.0,,0.0,,0.0,,0.0,,0.0,,0.0,,0.0,,0.0,,0.0,,0.0,,0.0,,0.0,,0.0,0.0,,0.0,0.0,,0.0,0.0,,0.0,0.0,,0.0,0.0,,0.0,0.0,,0.0,0.0,,0.0,0.0,,0.0,0.0,,0.0,0.0,,0.0,0.0,0.0,,0.0,0.0,0.0,,0.0,0.0,0.0,,0.0,0.0,0.0,,0.0,0.0,0.0,,0.0,0.0,0.0,,,,,,,,,,,,,,,,,,,,,,,,,,,,,,,,,,,,,,,,,,,,,,,,,,,,,,,,,,,,,,,,,,,,,,,,,,,,,,,,,,,,,,,,,,,,,,,,,,,,,,,,,,,,,,,,,,,,,,,,,,,,,,,,,,,,,,,,,,,,,,,,,,,,,,,,,,,,,,,,,,,,,,,,,,,,,,,,,,,,,,,,,,,,,,,,,,,,,,,,,,,,
tE42hBZD,ROMANIA,2023/2024,ROMANIA 1,Superliga,GILi6JC9,ROMANIA 1,23/10/2023,15:00,Round 13,Sepsi Sf. Gheorghe,IDsPIcMA,FC Botosani,GjY1JjUS,False,5,2,,,,,,[],[],,0.0,0.0,0.0,,0.0,0.0,0.0,,0.0,0.0,0.0,,0.0,0.0,,0.0,0.0,,0.0,0.0,,0.0,0.0,,0.0,0.0,,0.0,0.0,,0.0,0.0,,0.0,0.0,,0.0,0.0,,0.0,0.0,,0.0,0.0,,0.0,0.0,,0.0,0.0,,0.0,0.0,,0.0,0.0,0.0,,0.0,0.0,0.0,,0.0,0.0,0.0,,0.0,0.0,,0.0,0.0,,0.0,0.0,,0.0,0.0,0.0,0.0,0.0,0.0,0.0,0.0,0.0,,0.0,0.0,,0.0,0.0,,0.0,0.0,,0.0,,0.0,,0.0,,0.0,,0.0,,0.0,,0.0,,0.0,,0.0,,0.0,,0.0,,0.0,,0.0,,0.0,,0.0,,0.0,0.0,,0.0,0.0,,0.0,0.0,,0.0,0.0,,0.0,0.0,,0.0,0.0,,0.0,0.0,,0.0,0.0,,0.0,0.0,,0.0,0.0,,0.0,0.0,0.0,,0.0,0.0,0.0,,0.0,0.0,0.0,,0.0,0.0,0.0,,0.0,0.0,0.0,,0.0,0.0,0.0,,,,,,,,,,,,,,,,,,,,,,,,,,,,,,,,,,,,,,,,,,,,,,,,,,,,,,,,,,,,,,,,,,,,,,,,,,,,,,,,,,,,,,,,,,,,,,,,,,,,,,,,,,,,,,,,,,,,,,,,,,,,,,,,,,,,,,,,,,,,,,,,,,,,,,,,,,,,,,,,,,,,,,,,,,,,,,,,,,,,,,,,,,,,,,,,,,,,,,,,,,,,
fLO7WTCf,ROMANIA,2023/2024,ROMANIA 1,Superliga,GILi6JC9,ROMANIA 1,22/10/2023,12:30,Round 13,Poli Iasi,t84qisiU,U Craiova 1948,nNhLpi8p,False,1,1,,,,,,[],[],,0.0,0.0,0.0,,0.0,0.0,0.0,,0.0,0.0,0.0,,0.0,0.0,,0.0,0.0,,0.0,0.0,,0.0,0.0,,0.0,0.0,,0.0,0.0,,0.0,0.0,,0.0,0.0,,0.0,0.0,,0.0,0.0,,0.0,0.0,,0.0,0.0,,0.0,0.0,,0.0,0.0,,0.0,0.0,0.0,,0.0,0.0,0.0,,0.0,0.0,0.0,,0.0,0.0,,0.0,0.0,,0.0,0.0,,0.0,0.0,0.0,0.0,0.0,0.0,0.0,0.0,0.0,,0.0,0.0,,0.0,0.0,,0.0,0.0,,0.0,,0.0,,0.0,,0.0,,0.0,,0.0,,0.0,,0.0,,0.0,,0.0,,0.0,,0.0,,0.0,,0.0,,0.0,,0.0,0.0,,0.0,0.0,,0.0,0.0,,0.0,0.0,,0.0,0.0,,0.0,0.0,,0.0,0.0,,0.0,0.0,,0.0,0.0,,0.0,0.0,,0.0,0.0,0.0,,0.0,0.0,0.0,,0.0,0.0,0.0,,0.0,0.0,0.0,,0.0,0.0,0.0,,0.0,0.0,0.0,,,,,,,,,,,,,,,,,,,,,,,,,,,,,,,,,,,,,,,,,,,,,,,,,,,,,,,,,,,,,,,,,,,,,,,,,,,,,,,,,,,,,,,,,,,,,,,,,,,,,,,,,,,,,,,,,,,,,,,,,,,,,,,,,,,,,,,,,,,,,,,,,,,,,,,,,,,,,,,,,,,,,,,,,,,,,,,,,,,,,,,,,,,,,,,,,,,,,,,,,,,,
vqsTf4eC,ROMANIA,2023/2024,ROMANIA 1,Superliga,GILi6JC9,ROMANIA 1,05/11/2023,13:00,Round 15,U. Cluj,Us6gkXaT,FC Voluntari,WIoSeFi4,False,1,2,,,,,,[12],"[31, 61, 90]",bet365,2.4,2.1,5.5,bet365,2.05,2.38,4.75,bet365,1.7,3.4,4.75,bet365,1.5,2.5,bet365,3.4,1.3,bet365,10.0,1.06,bet365,1.3,3.4,bet365,2.38,1.53,bet365,5.5,1.14,bet365,1.07,9.0,bet365,1.36,3.0,bet365,2.15,1.67,bet365,3.75,1.25,bet365,9.0,1.07,bet365,2.1,1.67,bet365,6.0,1.13,bet365,4.0,1.22,bet365,1.18,1.3,2.1,bet365,1.13,1.67,1.53,Betano.br,1.19,1.5,1.65,bet365,1.25,3.75,Betano.br,1.34,3.0,Betano.br,1.35,3.05,bet365,2.75,15.0,41.0,4.33,5.0,10.0,26.0,17.0,8.5,bet365,1.95,1.9,bet365,2.2,1.67,bet365,2.0,1.73,bet365,8.0,bet365,5.5,bet365,11.0,bet365,7.0,bet365,7.0,bet365,23.0,bet365,9.0,bet365,17.0,bet365,19.0,bet365,13.0,bet365,51.0,bet365,17.0,bet365,41.0,bet365,34.0,bet365,51.0,bet365,6.4,1.12,bet365,5.5,1.15,bet365,3.0,1.38,bet365,2.3,1.6,bet365,1.7,2.1,bet365,1.18,4.8,,0.0,0.0,,0.0,0.0,,0.0,0.0,,0.0,0.0,Betano.br,15.0,8.5,40.0,Novibet,7.1,5.2,31.0,bet365,3.1,3.5,0.0,bet365,0.0,0.0,2.1,Betano.br,1.04,11.5,1.37,Betano.br,1.01,15.5,1.12,1.44,0.44,,,,,,,,,0.58,0.42,,,,,,,,,,,17.0,7.0,2.0,5.0,15.0,2.0,,,,,,,,,,,,,8.0,1.0,10.0,8.0,35.0,19.0,7.0,10.0,3.0,4.0,0.0,1.0,1.0,0.0,3.0,1.0,,,,,,,,,,,,,1.23,0.23,,,,,,,,,0.49,0.51,,,,,,,,,,,4.0,4.0,1.0,3.0,3.0,1.0,,,,,,,,,,,,,1.0,1.0,6.0,5.0,19.0,14.0,4.0,6.0,0.0,1.0,,,1.0,0.0,2.0,0.0,,,,,,,,,,,,,0.21,0.21,,,,,,,,,0.67,0.33,,,,,,,,,,,13.0,3.0,1.0,2.0,12.0,1.0,,,,,,,,,,,,,7.0,0.0,4.0,3.0,16.0,5.0,3.0,4.0,3.0,3.0,0.0,1.0,0.0,0.0,1.0,1.0,,,,,,,,,,,,
Qwnm0aXi,ROMANIA,2023/2024,ROMANIA 1,Superliga,GILi6JC9,ROMANIA 1,13/11/2023,18:30,Round 16,UTA Arad,QDiPqBNj,Otelul,2H5uhNyO,False,2,4,,,,,,"[86, 90]","[3, 5, 34, 54]",bet365,3.4,1.91,4.0,bet365,2.88,2.1,3.4,bet365,2.4,2.9,2.9,bet365,1.62,2.2,bet365,4.0,1.22,bet365,13.0,1.04,bet365,1.36,3.0,bet365,2.75,1.4,bet365,7.0,1.1,bet365,1.13,6.0,bet365,1.53,2.38,bet365,2.7,1.44,bet365,5.5,1.14,bet365,13.0,1.04,bet365,2.2,1.62,bet365,6.5,1.11,bet365,4.5,1.18,bet365,1.36,1.36,1.5,bet365,1.22,1.8,1.3,Novibet,1.29,1.71,1.39,bet365,1.67,2.1,Novibet,1.71,2.07,Novibet,1.71,2.06,bet365,4.33,15.0,34.0,5.5,4.0,6.5,34.0,15.0,5.0,bet365,1.95,1.9,bet365,2.3,1.62,bet365,2.0,1.73,bet365,6.0,bet365,6.0,bet365,7.0,bet365,6.0,bet365,10.0,bet365,13.0,bet365,11.0,bet365,12.0,bet365,21.0,bet365,23.0,bet365,34.0,bet365,26.0,bet365,29.0,bet365,41.0,bet365,41.0,,0.0,0.0,,0.0,0.0,bet365,5.5,1.15,bet365,4.25,1.21,bet365,2.38,1.55,bet365,1.38,3.0,bet365,1.13,5.9,bet365,1.1,7.0,,0.0,0.0,,0.0,0.0,Novibet,41.0,14.5,0.0,Novibet,16.25,7.8,25.0,bet365,5.5,4.0,0.0,bet365,0.0,0.0,1.5,Novibet,1.08,9.8,1.14,Betano.br,1.03,14.0,1.03,2.19,2.33,,,,,,,,,0.53,0.47,,,,,,,,,,,12.0,15.0,3.0,5.0,7.0,5.0,2.0,5.0,,,,,,,,,,,1.0,5.0,17.0,11.0,28.0,16.0,10.0,17.0,1.0,2.0,,,1.0,0.0,1.0,1.0,,,,,,,,,,,,,0.78,1.65,,,,,,,,,0.61,0.39,,,,,,,,,,,5.0,7.0,0.0,4.0,3.0,1.0,2.0,2.0,,,,,,,,,,,1.0,3.0,9.0,8.0,14.0,9.0,7.0,9.0,0.0,1.0,,,1.0,0.0,1.0,0.0,,,,,,,,,,,,,1.41,0.68,,,,,,,,,0.45,0.55,,,,,,,,,,,7.0,8.0,3.0,1.0,4.0,4.0,0.0,3.0,,,,,,,,,,,0.0,2.0,8.0,3.0,14.0,7.0,3.0,8.0,1.0,1.0,,,0.0,0.0,0.0,1.0,,,,,,,,,,,,
KrzHc6Bg,ROMANIA,2023/2024,ROMANIA 1,Superliga,GILi6JC9,ROMANIA 1,04/11/2023,19:15,Round 15,Univ. Craiova,bsd9fGaK,U Craiova 1948,nNhLpi8p,False,1,1,,,,,,[30],[63],bet365,2.1,2.4,5.5,bet365,1.83,2.75,4.75,bet365,1.53,4.0,5.0,bet365,1.3,3.4,bet365,2.5,1.5,bet365,6.0,1.13,bet365,1.18,4.5,bet365,1.83,1.83,bet365,3.75,1.25,bet365,1.03,15.0,bet365,1.2,4.33,bet365,1.7,2.1,bet365,2.63,1.44,bet365,5.0,1.17,bet365,1.73,2.0,bet365,4.33,1.2,bet365,3.25,1.33,bet365,1.14,1.2,2.25,bet365,1.13,1.53,1.67,Betano.br,1.18,1.39,1.83,bet365,1.22,4.0,Novibet,1.33,3.15,Betano.br,1.3,3.35,bet365,2.4,15.0,34.0,4.5,6.5,11.0,19.0,17.0,9.0,bet365,1.95,1.9,bet365,2.0,1.8,bet365,1.91,1.8,bet365,13.0,bet365,8.0,bet365,15.0,bet365,8.0,bet365,8.0,bet365,29.0,bet365,8.5,bet365,17.0,bet365,17.0,bet365,12.0,bet365,51.0,bet365,12.0,bet365,41.0,bet365,23.0,bet365,41.0,bet365,4.65,1.18,bet365,3.9,1.24,bet365,2.43,1.53,bet365,1.98,1.88,bet365,1.55,2.38,bet365,1.17,5.0,,0.0,0.0,,0.0,0.0,,0.0,0.0,,0.0,0.0,Betano.br,9.75,7.1,37.0,Betano.br,4.75,4.6,27.0,bet365,2.5,3.75,0.0,bet365,0.0,0.0,2.25,Betano.br,1.04,11.75,1.53,Betano.br,1.01,16.0,1.19,0.37,1.27,,,,,,,,,0.55,0.45,,,,,,,,,,,8.0,18.0,2.0,7.0,6.0,11.0,,,,,,,,,,,,,7.0,11.0,13.0,17.0,15.0,32.0,15.0,12.0,4.0,6.0,0.0,1.0,1.0,2.0,6.0,1.0,,,,,,,,,,,,,0.01,0.16,,,,,,,,,0.62,0.38,,,,,,,,,,,4.0,14.0,1.0,4.0,3.0,10.0,,,,,,,,,,,,,4.0,5.0,3.0,5.0,5.0,19.0,5.0,3.0,0.0,1.0,,,1.0,1.0,4.0,0.0,,,,,,,,,,,,,0.36,1.11,,,,,,,,,0.48,0.52,,,,,,,,,,,4.0,4.0,1.0,3.0,3.0,1.0,,,,,,,,,,,,,3.0,6.0,10.0,12.0,10.0,13.0,10.0,9.0,4.0,5.0,0.0,1.0,0.0,1.0,2.0,1.0,,,,,,,,,,,,
nHEvjF9p,ROMANIA,2023/2024,ROMANIA 1,Superliga,GILi6JC9,ROMANIA 1,25/11/2023,18:30,Round 17,CFR Cluj,4KfIhq7B,UTA Arad,QDiPqBNj,False,0,0,,,,,,[],[],bet365,1.95,2.4,6.5,bet365,1.73,2.75,6.0,bet365,1.44,4.2,7.0,bet365,1.33,3.25,bet365,2.63,1.44,bet365,6.5,1.11,bet365,1.2,4.33,bet365,1.91,1.8,bet365,4.0,1.22,bet365,1.04,13.0,bet365,1.22,4.0,bet365,1.73,2.08,bet365,2.75,1.4,bet365,5.5,1.14,bet365,1.91,1.8,bet365,5.0,1.17,bet365,3.75,1.25,bet365,1.1,1.22,2.63,bet365,1.1,1.53,1.8,Betano.br,1.14,1.38,1.98,bet365,1.14,5.5,Novibet,1.23,3.8,Betano.br,1.22,4.0,bet365,2.2,17.0,41.0,4.0,6.5,13.0,21.0,19.0,12.0,bet365,1.95,1.9,bet365,2.1,1.73,bet365,1.91,1.8,bet365,11.0,bet365,7.0,bet365,19.0,bet365,8.0,bet365,7.0,bet365,41.0,bet365,8.5,bet365,21.0,bet365,19.0,bet365,9.5,bet365,81.0,bet365,12.0,bet365,51.0,bet365,26.0,bet365,51.0,bet365,3.8,1.25,bet365,3.1,1.35,bet365,2.15,1.68,bet365,1.68,2.15,bet365,1.43,2.75,bet365,1.11,6.8,,0.0,0.0,,0.0,0.0,,0.0,0.0,,0.0,0.0,Novibet,8.9,6.7,0.0,Betano.br,4.05,4.35,32.0,bet365,2.2,3.75,0.0,bet365,0.0,0.0,2.63,Betano.br,1.03,13.0,1.65,Betano.br,0.0,0.0,1.25,0.41,0.0,,,,,,,,,0.66,0.34,,,,,,,,,,,15.0,9.0,3.0,1.0,9.0,6.0,3.0,2.0,,,,,,,,,,,11.0,1.0,9.0,11.0,24.0,15.0,10.0,7.0,2.0,0.0,,,1.0,2.0,1.0,3.0,,,,,,,,,,,,,0.41,0.0,,,,,,,,,0.61,0.39,,,,,,,,,,,5.0,2.0,1.0,1.0,3.0,0.0,1.0,1.0,,,,,,,,,,,5.0,0.0,3.0,5.0,12.0,8.0,5.0,3.0,,,,,0.0,0.0,1.0,1.0,,,,,,,,,,,,,0.0,0.0,,,,,,,,,0.71,0.29,,,,,,,,,,,10.0,7.0,2.0,0.0,6.0,6.0,2.0,1.0,,,,,,,,,,,6.0,1.0,6.0,6.0,12.0,7.0,5.0,4.0,2.0,0.0,,,1.0,2.0,0.0,2.0,,,,,,,,,,,,
2qw8eynN,ROMANIA,2023/2024,ROMANIA 1,Superliga,GILi6JC9,ROMANIA 1,12/11/2023,11:30,Round 16,FC Botosani,GjY1JjUS,FC Voluntari,WIoSeFi4,False,3,3,,,,,,"[38, 42, 71]","[6, 46, 59, 90]",bet365,3.1,2.1,3.6,bet365,2.75,2.38,3.1,bet365,2.38,3.1,2.88,bet365,1.44,2.63,bet365,3.25,1.33,bet365,9.0,1.07,bet365,1.25,3.75,bet365,2.2,1.62,bet365,5.0,1.17,bet365,1.06,10.0,bet365,1.33,3.25,bet365,2.08,1.73,bet365,3.75,1.25,bet365,8.0,1.08,bet365,1.83,1.83,bet365,5.0,1.17,bet365,3.5,1.29,bet365,1.4,1.36,1.53,bet365,1.29,1.67,1.36,Novibet,1.37,1.56,1.41,bet365,1.67,2.1,Betano.br,1.75,1.98,Betano.br,1.78,1.98,bet365,4.0,15.0,29.0,5.5,5.0,6.5,26.0,15.0,4.75,bet365,1.95,1.9,bet365,2.1,1.73,bet365,2.0,1.73,bet365,9.0,bet365,8.0,bet365,9.0,bet365,6.0,bet365,11.0,bet365,15.0,bet365,10.0,bet365,11.0,bet365,15.0,bet365,23.0,bet365,29.0,bet365,21.0,bet365,26.0,bet365,29.0,bet365,34.0,,0.0,0.0,,0.0,0.0,bet365,4.8,1.18,bet365,3.9,1.24,bet365,2.35,1.58,bet365,1.4,2.85,bet365,1.15,5.5,bet365,1.12,6.4,,0.0,0.0,,0.0,0.0,Novibet,34.0,13.5,0.0,Novibet,13.5,7.4,16.5,bet365,5.0,4.0,5.5,bet365,1.5,4.33,1.53,Novibet,1.13,8.2,1.16,Betano.br,1.03,13.5,1.04,2.14,2.05,,,,,,,,,0.48,0.52,,,,,,,,,,,20.0,12.0,10.0,5.0,10.0,7.0,,,,,,,,,,,,,2.0,2.0,13.0,15.0,27.0,16.0,14.0,12.0,6.0,3.0,1.0,1.0,1.0,1.0,2.0,7.0,,,,,,,,,,,,,0.82,0.68,,,,,,,,,0.49,0.51,,,,,,,,,,,10.0,5.0,5.0,1.0,5.0,4.0,,,,,,,,,,,,,1.0,1.0,7.0,7.0,20.0,9.0,6.0,6.0,2.0,2.0,,,1.0,1.0,0.0,3.0,,,,,,,,,,,,,1.32,1.37,,,,,,,,,0.47,0.53,,,,,,,,,,,10.0,7.0,5.0,4.0,5.0,3.0,,,,,,,,,,,,,1.0,1.0,6.0,8.0,7.0,7.0,8.0,6.0,4.0,1.0,1.0,1.0,0.0,0.0,2.0,4.0,,,,,,,,,,,,
Y3kebw24,ROMANIA,2023/2024,ROMANIA 1,Superliga,GILi6JC9,ROMANIA 1,12/11/2023,19:00,Round 16,FCSB,Gv2kjDpN,U Craiova 1948,nNhLpi8p,False,2,1,,,,,,"[9, 13]",[65],bet365,2.0,2.5,5.5,bet365,1.73,2.88,5.0,bet365,1.5,4.2,5.5,bet365,1.29,3.5,bet365,2.38,1.53,bet365,5.5,1.14,bet365,1.17,5.0,bet365,1.8,1.91,bet365,3.5,1.29,bet365,1.03,15.0,bet365,1.17,5.0,bet365,1.6,2.3,bet365,2.5,1.5,bet365,4.33,1.2,bet365,1.73,2.0,bet365,4.33,1.2,bet365,3.25,1.33,bet365,1.14,1.22,2.5,bet365,1.13,1.5,1.73,Betano.br,1.16,1.36,1.95,bet365,1.18,4.5,Novibet,1.26,3.6,Betano.br,1.25,3.75,bet365,2.3,15.0,34.0,4.33,7.0,12.0,19.0,17.0,10.0,bet365,1.95,1.9,bet365,2.0,1.8,bet365,1.91,1.8,bet365,15.0,bet365,8.5,bet365,19.0,bet365,8.5,bet365,8.0,bet365,34.0,bet365,8.5,bet365,19.0,bet365,15.0,bet365,11.0,bet365,67.0,bet365,12.0,bet365,41.0,bet365,21.0,bet365,41.0,bet365,4.0,1.23,bet365,3.3,1.33,bet365,2.25,1.63,bet365,1.78,2.03,bet365,1.5,2.5,bet365,1.14,5.75,,0.0,0.0,,0.0,0.0,,0.0,0.0,,0.0,0.0,Novibet,8.4,6.8,0.0,Betano.br,4.05,4.4,30.0,bet365,2.25,4.0,0.0,bet365,0.0,0.0,2.5,Betano.br,1.03,12.5,1.65,Betano.br,0.0,0.0,1.25,1.19,0.78,,,,,,,,,0.47,0.53,,,,,,,,,,,6.0,8.0,5.0,2.0,1.0,6.0,,,,,,,,,,,,,2.0,7.0,13.0,16.0,14.0,20.0,16.0,12.0,4.0,0.0,1.0,0.0,0.0,1.0,1.0,3.0,,,,,,,,,,,,,1.06,0.02,,,,,,,,,0.57,0.43,,,,,,,,,,,4.0,1.0,4.0,0.0,0.0,1.0,,,,,,,,,,,,,1.0,3.0,4.0,10.0,7.0,9.0,10.0,4.0,1.0,0.0,,,0.0,0.0,0.0,2.0,,,,,,,,,,,,,0.13,0.76,,,,,,,,,0.37,0.63,,,,,,,,,,,2.0,7.0,1.0,2.0,1.0,5.0,,,,,,,,,,,,,1.0,4.0,9.0,6.0,7.0,11.0,6.0,8.0,3.0,0.0,1.0,0.0,0.0,1.0,1.0,1.0,,,,,,,,,,,,
AV30xduo,ROMANIA,2023/2024,ROMANIA 1,Superliga,GILi6JC9,ROMANIA 1,11/11/2023,19:00,Round 16,Farul Constanta,CrJbN1Pa,FC Hermannstadt,pUUuFXvI,False,1,1,,,,,,"[27, 90]",[90],bet365,2.5,2.2,4.5,bet365,2.2,2.5,4.0,bet365,1.83,3.5,3.8,bet365,1.4,2.75,bet365,3.0,1.36,bet365,8.0,1.08,bet365,1.25,3.75,bet365,2.1,1.67,bet365,5.0,1.17,bet365,1.05,11.0,bet365,1.3,3.4,bet365,2.03,1.83,bet365,3.5,1.29,bet365,7.0,1.1,bet365,1.83,1.83,bet365,5.0,1.17,bet365,3.5,1.29,bet365,1.25,1.29,1.91,bet365,1.17,1.62,1.5,Betano.br,1.24,1.5,1.57,bet365,1.4,2.75,Betano.br,1.5,2.42,Betano.br,1.47,2.55,bet365,3.0,15.0,34.0,4.75,5.5,8.5,23.0,15.0,7.0,bet365,1.95,1.9,bet365,2.1,1.73,bet365,1.91,1.8,bet365,10.0,bet365,7.0,bet365,11.0,bet365,7.0,bet365,8.5,bet365,21.0,bet365,8.5,bet365,13.0,bet365,17.0,bet365,15.0,bet365,41.0,bet365,15.0,bet365,34.0,bet365,29.0,bet365,41.0,bet365,7.0,1.1,bet365,6.0,1.13,bet365,3.3,1.33,bet365,2.5,1.5,bet365,1.85,2.0,bet365,1.24,3.9,bet365,1.1,7.0,,0.0,0.0,,0.0,0.0,,0.0,0.0,Betano.br,18.0,9.5,35.0,Novibet,9.4,6.1,24.0,bet365,3.4,3.75,0.0,bet365,0.0,0.0,1.91,Novibet,1.08,9.8,1.25,Betano.br,1.02,15.0,1.09,0.62,1.01,,,,,,,,,0.52,0.48,,,,,,,,,,,10.0,6.0,4.0,1.0,6.0,5.0,,,,,,,,,,,,,4.0,3.0,9.0,17.0,18.0,16.0,15.0,8.0,4.0,2.0,,,2.0,1.0,0.0,3.0,,,,,,,,,,,,,0.57,0.47,,,,,,,,,0.58,0.42,,,,,,,,,,,8.0,2.0,4.0,0.0,4.0,2.0,,,,,,,,,,,,,3.0,2.0,4.0,8.0,12.0,8.0,7.0,4.0,1.0,0.0,,,1.0,0.0,0.0,3.0,,,,,,,,,,,,,0.05,0.54,,,,,,,,,0.46,0.54,,,,,,,,,,,2.0,4.0,0.0,1.0,2.0,3.0,,,,,,,,,,,,,1.0,1.0,5.0,9.0,6.0,8.0,8.0,4.0,3.0,2.0,,,1.0,1.0,0.0,0.0,,,,,,,,,,,,
CIW8aSts,ROMANIA,2023/2024,ROMANIA 1,Superliga,GILi6JC9,ROMANIA 1,03/11/2023,16:00,Round 15,Poli Iasi,t84qisiU,Otelul,2H5uhNyO,False,1,1,,,,,,[31],[79],bet365,3.6,1.91,3.75,bet365,3.0,2.1,3.1,bet365,2.63,3.0,2.75,bet365,1.62,2.2,bet365,4.0,1.22,bet365,13.0,1.04,bet365,1.36,3.0,bet365,2.75,1.4,bet365,7.0,1.1,bet365,1.11,6.5,bet365,1.53,2.38,bet365,2.7,1.44,bet365,5.5,1.14,bet365,13.0,1.04,bet365,2.2,1.62,bet365,6.5,1.11,bet365,4.33,1.2,bet365,1.4,1.36,1.44,bet365,1.25,1.8,1.29,Novibet,1.35,1.69,1.34,bet365,1.83,1.83,Betano.br,1.8,1.91,Betano.br,1.85,1.88,bet365,4.5,15.0,34.0,6.0,4.0,6.0,34.0,15.0,4.75,bet365,1.95,1.9,bet365,2.3,1.62,bet365,2.0,1.73,bet365,6.0,bet365,6.5,bet365,6.5,bet365,6.0,bet365,11.0,bet365,12.0,bet365,11.0,bet365,12.0,bet365,21.0,bet365,29.0,bet365,29.0,bet365,26.0,bet365,29.0,bet365,41.0,bet365,41.0,,0.0,0.0,,0.0,0.0,bet365,5.9,1.13,bet365,4.65,1.18,bet365,2.5,1.5,bet365,1.43,2.75,bet365,1.15,5.5,bet365,1.11,6.6,,0.0,0.0,,0.0,0.0,Novibet,51.0,15.75,0.0,Novibet,20.0,8.5,19.5,bet365,6.0,4.0,6.5,bet365,1.44,4.0,1.44,Novibet,1.11,8.4,1.11,Betano.br,1.03,13.5,1.03,0.49,0.6,,,,,,,,,0.49,0.51,,,,,,,,,,,13.0,3.0,4.0,1.0,9.0,2.0,,,,,,,,,,,,,4.0,2.0,25.0,16.0,34.0,36.0,15.0,22.0,1.0,6.0,,,1.0,3.0,0.0,3.0,,,,,,,,,,,,,0.1,0.0,,,,,,,,,0.48,0.52,,,,,,,,,,,4.0,0.0,1.0,0.0,3.0,0.0,,,,,,,,,,,,,2.0,0.0,14.0,6.0,20.0,18.0,6.0,13.0,1.0,3.0,,,0.0,1.0,0.0,0.0,,,,,,,,,,,,,0.39,0.6,,,,,,,,,0.5,0.5,,,,,,,,,,,9.0,3.0,3.0,1.0,6.0,2.0,,,,,,,,,,,,,2.0,2.0,11.0,10.0,14.0,18.0,9.0,9.0,0.0,3.0,,,1.0,2.0,0.0,3.0,,,,,,,,,,,,
tErXxWZQ,ROMANIA,2023/2024,ROMANIA 1,Superliga,GILi6JC9,ROMANIA 1,09/10/2023,18:00,Round 12,U. Cluj,Us6gkXaT,Sepsi Sf. Gheorghe,IDsPIcMA,False,1,0,,,,,,[],[],,0.0,0.0,0.0,,0.0,0.0,0.0,,0.0,0.0,0.0,,0.0,0.0,,0.0,0.0,,0.0,0.0,,0.0,0.0,,0.0,0.0,,0.0,0.0,,0.0,0.0,,0.0,0.0,,0.0,0.0,,0.0,0.0,,0.0,0.0,,0.0,0.0,,0.0,0.0,,0.0,0.0,,0.0,0.0,0.0,,0.0,0.0,0.0,,0.0,0.0,0.0,,0.0,0.0,,0.0,0.0,,0.0,0.0,,0.0,0.0,0.0,0.0,0.0,0.0,0.0,0.0,0.0,,0.0,0.0,,0.0,0.0,,0.0,0.0,,0.0,,0.0,,0.0,,0.0,,0.0,,0.0,,0.0,,0.0,,0.0,,0.0,,0.0,,0.0,,0.0,,0.0,,0.0,,0.0,0.0,,0.0,0.0,,0.0,0.0,,0.0,0.0,,0.0,0.0,,0.0,0.0,,0.0,0.0,,0.0,0.0,,0.0,0.0,,0.0,0.0,,0.0,0.0,0.0,,0.0,0.0,0.0,,0.0,0.0,0.0,,0.0,0.0,0.0,,0.0,0.0,0.0,,0.0,0.0,0.0,,,,,,,,,,,,,,,,,,,,,,,,,,,,,,,,,,,,,,,,,,,,,,,,,,,,,,,,,,,,,,,,,,,,,,,,,,,,,,,,,,,,,,,,,,,,,,,,,,,,,,,,,,,,,,,,,,,,,,,,,,,,,,,,,,,,,,,,,,,,,,,,,,,,,,,,,,,,,,,,,,,,,,,,,,,,,,,,,,,,,,,,,,,,,,,,,,,,,,,,,,,,
tbOPept6,ROMANIA,2023/2024,ROMANIA 1,Superliga,GILi6JC9,ROMANIA 1,04/11/2023,14:45,Round 15,Sepsi Sf. Gheorghe,IDsPIcMA,Petrolul,dhnNlCE9,False,0,0,,,,,,[],[],bet365,2.5,2.05,5.0,bet365,2.2,2.38,4.33,bet365,1.8,3.4,4.2,bet365,1.44,2.63,bet365,3.4,1.3,bet365,10.0,1.06,bet365,1.29,3.5,bet365,2.38,1.53,bet365,5.5,1.14,bet365,1.07,9.0,bet365,1.36,3.0,bet365,2.2,1.65,bet365,4.0,1.22,bet365,9.0,1.07,bet365,2.0,1.73,bet365,6.0,1.13,bet365,4.0,1.22,bet365,1.22,1.3,1.95,bet365,1.14,1.73,1.5,Novibet,1.22,1.55,1.63,bet365,1.33,3.25,Novibet,1.39,2.85,Betano.br,1.4,2.8,bet365,3.0,15.0,41.0,4.5,5.0,9.0,26.0,17.0,7.5,bet365,1.95,1.9,bet365,2.2,1.67,bet365,2.0,1.73,bet365,8.0,bet365,6.0,bet365,10.0,bet365,7.0,bet365,7.5,bet365,21.0,bet365,9.0,bet365,15.0,bet365,19.0,bet365,15.0,bet365,51.0,bet365,17.0,bet365,41.0,bet365,34.0,bet365,41.0,bet365,7.0,1.1,bet365,6.6,1.11,bet365,3.45,1.3,bet365,2.68,1.45,bet365,1.88,1.98,bet365,1.24,3.9,,0.0,0.0,,0.0,0.0,,0.0,0.0,,0.0,0.0,Betano.br,17.5,9.25,40.0,Betano.br,7.9,5.3,28.0,bet365,3.4,3.6,0.0,bet365,0.0,0.0,1.95,Betano.br,1.05,11.0,1.31,Betano.br,1.01,15.5,1.09,0.63,0.2,,,,,,,,,0.57,0.43,,,,,,,,,,,14.0,7.0,5.0,0.0,9.0,7.0,,,,,,,,,,,,,2.0,3.0,19.0,19.0,34.0,27.0,17.0,17.0,3.0,4.0,,,2.0,2.0,0.0,5.0,,,,,,,,,,,,,0.36,0.14,,,,,,,,,0.58,0.42,,,,,,,,,,,5.0,4.0,4.0,0.0,1.0,4.0,,,,,,,,,,,,,0.0,2.0,8.0,6.0,21.0,17.0,6.0,7.0,1.0,1.0,,,0.0,1.0,0.0,4.0,,,,,,,,,,,,,0.27,0.06,,,,,,,,,0.56,0.44,,,,,,,,,,,9.0,3.0,1.0,0.0,8.0,3.0,,,,,,,,,,,,,2.0,1.0,11.0,13.0,13.0,10.0,11.0,10.0,2.0,3.0,,,2.0,1.0,0.0,1.0,,,,,,,,,,,,
bgVbYkrr,ROMANIA,2023/2024,ROMANIA 1,Superliga,GILi6JC9,ROMANIA 1,08/10/2023,13:00,Round 12,Otelul,2H5uhNyO,Farul Constanta,CrJbN1Pa,False,0,1,,,,,,[],[],,0.0,0.0,0.0,,0.0,0.0,0.0,,0.0,0.0,0.0,,0.0,0.0,,0.0,0.0,,0.0,0.0,,0.0,0.0,,0.0,0.0,,0.0,0.0,,0.0,0.0,,0.0,0.0,,0.0,0.0,,0.0,0.0,,0.0,0.0,,0.0,0.0,,0.0,0.0,,0.0,0.0,,0.0,0.0,0.0,,0.0,0.0,0.0,,0.0,0.0,0.0,,0.0,0.0,,0.0,0.0,,0.0,0.0,,0.0,0.0,0.0,0.0,0.0,0.0,0.0,0.0,0.0,,0.0,0.0,,0.0,0.0,,0.0,0.0,,0.0,,0.0,,0.0,,0.0,,0.0,,0.0,,0.0,,0.0,,0.0,,0.0,,0.0,,0.0,,0.0,,0.0,,0.0,,0.0,0.0,,0.0,0.0,,0.0,0.0,,0.0,0.0,,0.0,0.0,,0.0,0.0,,0.0,0.0,,0.0,0.0,,0.0,0.0,,0.0,0.0,,0.0,0.0,0.0,,0.0,0.0,0.0,,0.0,0.0,0.0,,0.0,0.0,0.0,,0.0,0.0,0.0,,0.0,0.0,0.0,,,,,,,,,,,,,,,,,,,,,,,,,,,,,,,,,,,,,,,,,,,,,,,,,,,,,,,,,,,,,,,,,,,,,,,,,,,,,,,,,,,,,,,,,,,,,,,,,,,,,,,,,,,,,,,,,,,,,,,,,,,,,,,,,,,,,,,,,,,,,,,,,,,,,,,,,,,,,,,,,,,,,,,,,,,,,,,,,,,,,,,,,,,,,,,,,,,,,,,,,,,,
SAvTwCKK,ROMANIA,2023/2024,ROMANIA 1,Superliga,GILi6JC9,ROMANIA 1,08/10/2023,18:30,Round 12,Dinamo Bucuresti,rBgMi3MH,CFR Cluj,4KfIhq7B,False,1,1,,,,,,[],[],,0.0,0.0,0.0,,0.0,0.0,0.0,,0.0,0.0,0.0,,0.0,0.0,,0.0,0.0,,0.0,0.0,,0.0,0.0,,0.0,0.0,,0.0,0.0,,0.0,0.0,,0.0,0.0,,0.0,0.0,,0.0,0.0,,0.0,0.0,,0.0,0.0,,0.0,0.0,,0.0,0.0,,0.0,0.0,0.0,,0.0,0.0,0.0,,0.0,0.0,0.0,,0.0,0.0,,0.0,0.0,,0.0,0.0,,0.0,0.0,0.0,0.0,0.0,0.0,0.0,0.0,0.0,,0.0,0.0,,0.0,0.0,,0.0,0.0,,0.0,,0.0,,0.0,,0.0,,0.0,,0.0,,0.0,,0.0,,0.0,,0.0,,0.0,,0.0,,0.0,,0.0,,0.0,,0.0,0.0,,0.0,0.0,,0.0,0.0,,0.0,0.0,,0.0,0.0,,0.0,0.0,,0.0,0.0,,0.0,0.0,,0.0,0.0,,0.0,0.0,,0.0,0.0,0.0,,0.0,0.0,0.0,,0.0,0.0,0.0,,0.0,0.0,0.0,,0.0,0.0,0.0,,0.0,0.0,0.0,,,,,,,,,,,,,,,,,,,,,,,,,,,,,,,,,,,,,,,,,,,,,,,,,,,,,,,,,,,,,,,,,,,,,,,,,,,,,,,,,,,,,,,,,,,,,,,,,,,,,,,,,,,,,,,,,,,,,,,,,,,,,,,,,,,,,,,,,,,,,,,,,,,,,,,,,,,,,,,,,,,,,,,,,,,,,,,,,,,,,,,,,,,,,,,,,,,,,,,,,,,,
MP38s9wn,ROMANIA,2023/2024,ROMANIA 1,Superliga,GILi6JC9,ROMANIA 1,27/01/2024,12:00,Round 23,UTA Arad,QDiPqBNj,Sepsi Sf. Gheorghe,IDsPIcMA,False,2,1,,,,,,"[36, 50]",[84],bet365,4.0,2.05,3.0,bet365,3.4,2.3,2.6,bet365,3.4,3.1,2.2,bet365,1.5,2.5,bet365,3.4,1.3,bet365,10.0,1.06,bet365,1.29,3.5,bet365,2.25,1.57,bet365,5.5,1.14,bet365,1.07,9.0,bet365,1.36,3.0,bet365,2.15,1.67,bet365,4.0,1.22,bet365,9.0,1.07,bet365,1.83,1.83,bet365,5.5,1.14,bet365,3.75,1.25,bet365,1.67,1.36,1.3,bet365,1.36,1.73,1.22,Betano.br,1.47,1.53,1.29,bet365,2.38,1.53,Betano.br,2.2,1.6,Betano.br,2.22,1.62,bet365,5.5,15.0,26.0,7.0,4.75,5.5,34.0,15.0,3.6,bet365,2.03,1.83,bet365,2.2,1.67,bet365,2.0,1.73,bet365,8.0,bet365,9.5,bet365,7.0,bet365,6.0,bet365,17.0,bet365,10.0,bet365,13.0,bet365,9.5,bet365,15.0,bet365,41.0,bet365,21.0,bet365,29.0,bet365,19.0,bet365,41.0,bet365,34.0,,0.0,0.0,,0.0,0.0,bet365,7.0,1.1,bet365,7.0,1.1,bet365,3.45,1.3,bet365,1.7,2.1,bet365,1.33,3.3,bet365,1.22,4.15,,0.0,0.0,,0.0,0.0,Betano.br,35.0,14.5,22.0,Betano.br,19.5,8.75,10.25,bet365,0.0,0.0,4.5,bet365,1.67,4.0,0.0,Betano.br,1.22,6.2,1.09,Betano.br,1.06,10.75,1.02,1.47,1.6,,,,,,,,,0.37,0.63,,,,,,,,,,,14.0,13.0,6.0,5.0,5.0,7.0,3.0,1.0,,,,,,,,,,,7.0,9.0,6.0,13.0,17.0,20.0,12.0,6.0,1.0,5.0,,,1.0,0.0,4.0,4.0,,,,,,,,,,,,,0.9,0.4,,,,,,,,,0.43,0.57,,,,,,,,,,,7.0,4.0,3.0,1.0,3.0,3.0,1.0,0.0,,,,,,,,,,,2.0,7.0,3.0,6.0,11.0,8.0,6.0,3.0,1.0,2.0,,,0.0,0.0,1.0,2.0,,,,,,,,,,,,,0.57,1.2,,,,,,,,,0.31,0.69,,,,,,,,,,,7.0,9.0,3.0,4.0,2.0,4.0,2.0,1.0,,,,,,,,,,,5.0,2.0,3.0,7.0,6.0,12.0,6.0,3.0,0.0,3.0,,,1.0,0.0,3.0,2.0,,,,,,,,,,,,
txmkq7d0,ROMANIA,2023/2024,ROMANIA 1,Superliga,GILi6JC9,ROMANIA 1,29/10/2023,18:30,Round 14,FC Rapid Bucuresti,YFCpigVG,Univ. Craiova,bsd9fGaK,False,2,0,,,,,,"[36, 80]",[],bet365,2.88,2.2,3.6,bet365,2.5,2.5,3.1,bet365,2.2,3.3,3.2,bet365,1.36,3.0,bet365,2.63,1.44,bet365,7.0,1.1,bet365,1.2,4.33,bet365,1.91,1.8,bet365,4.0,1.22,bet365,1.05,11.0,bet365,1.25,3.75,bet365,1.88,1.98,bet365,3.0,1.36,bet365,6.0,1.13,bet365,1.62,2.2,bet365,4.33,1.2,bet365,3.0,1.36,bet365,1.36,1.33,1.67,bet365,1.29,1.62,1.4,Novibet,1.32,1.51,1.51,bet365,1.57,2.25,Novibet,1.62,2.2,Novibet,1.63,2.2,bet365,3.6,13.0,29.0,5.5,5.5,7.0,23.0,15.0,5.0,bet365,1.95,1.9,bet365,2.1,1.73,bet365,1.91,1.8,bet365,12.0,bet365,9.0,bet365,11.0,bet365,6.5,bet365,12.0,bet365,17.0,bet365,9.0,bet365,12.0,bet365,12.0,bet365,21.0,bet365,34.0,bet365,17.0,bet365,23.0,bet365,23.0,bet365,29.0,,0.0,0.0,,0.0,0.0,bet365,4.15,1.22,bet365,3.45,1.3,bet365,2.2,1.65,bet365,1.35,3.1,bet365,1.14,5.75,bet365,1.11,6.6,,0.0,0.0,,0.0,0.0,Betano.br,21.0,10.75,29.0,Novibet,9.3,6.5,19.25,bet365,4.33,4.0,0.0,bet365,0.0,0.0,1.67,Novibet,1.1,9.4,1.24,Betano.br,1.03,13.5,1.06,,,,,,,,,,,0.47,0.53,,,,,,,,,,,9.0,15.0,4.0,4.0,5.0,11.0,,,,,,,,,,,,,2.0,5.0,15.0,17.0,15.0,16.0,15.0,14.0,3.0,2.0,,,2.0,1.0,4.0,2.0,,,,,,,,,,,,,,,,,,,,,,,0.49,0.51,,,,,,,,,,,6.0,9.0,1.0,3.0,5.0,6.0,,,,,,,,,,,,,2.0,4.0,6.0,4.0,4.0,5.0,4.0,5.0,1.0,1.0,,,0.0,1.0,3.0,0.0,,,,,,,,,,,,,,,,,,,,,,,0.45,0.55,,,,,,,,,,,3.0,6.0,3.0,1.0,0.0,5.0,,,,,,,,,,,,,0.0,1.0,9.0,13.0,11.0,11.0,11.0,9.0,2.0,1.0,,,2.0,0.0,1.0,2.0,,,,,,,,,,,,
K436iVlK,ROMANIA,2023/2024,ROMANIA 1,Superliga,GILi6JC9,ROMANIA 1,23/10/2023,18:00,Round 13,CFR Cluj,4KfIhq7B,Otelul,2H5uhNyO,False,0,0,,,,,,[],[],bet365,1.95,2.25,8.0,bet365,1.67,2.6,7.0,bet365,1.36,4.5,7.0,bet365,1.44,2.63,bet365,3.0,1.36,bet365,9.0,1.07,bet365,1.25,3.75,bet365,2.25,1.57,bet365,5.5,1.14,bet365,1.05,11.0,bet365,1.36,3.0,bet365,2.1,1.7,bet365,3.75,1.25,bet365,8.0,1.08,bet365,2.5,1.5,bet365,6.5,1.11,bet365,5.0,1.17,bet365,1.08,1.17,2.75,bet365,1.06,1.57,1.8,Betano.br,1.11,1.42,2.0,bet365,1.14,5.5,Novibet,1.19,4.35,Betano.br,1.17,4.6,bet365,2.1,17.0,51.0,3.75,6.0,15.0,23.0,21.0,15.0,bet365,1.95,1.9,bet365,2.1,1.73,bet365,1.91,1.8,bet365,9.5,bet365,5.5,bet365,13.0,bet365,9.5,bet365,5.5,bet365,34.0,bet365,9.0,bet365,21.0,bet365,29.0,bet365,8.5,bet365,101.0,bet365,15.0,bet365,67.0,bet365,41.0,bet365,67.0,bet365,4.4,1.2,bet365,3.55,1.28,bet365,2.3,1.6,bet365,1.68,2.15,bet365,1.4,2.85,bet365,1.11,6.6,,0.0,0.0,,0.0,0.0,,0.0,0.0,,0.0,0.0,Novibet,9.5,6.6,0.0,bet365,3.25,4.0,0.0,bet365,2.2,3.5,0.0,bet365,0.0,0.0,2.75,bet365,0.0,0.0,1.91,Betano.br,0.0,0.0,1.24,,,,,,,,,,,0.56,0.44,,,,,,,,,,,16.0,15.0,4.0,3.0,12.0,12.0,,,,,,,,,,,,,8.0,3.0,18.0,19.0,24.0,24.0,17.0,17.0,1.0,4.0,,,2.0,1.0,3.0,4.0,,,,,,,,,,,,,,,,,,,,,,,0.52,0.48,,,,,,,,,,,8.0,10.0,2.0,3.0,6.0,7.0,,,,,,,,,,,,,4.0,1.0,8.0,8.0,12.0,15.0,8.0,8.0,0.0,1.0,,,0.0,0.0,3.0,2.0,,,,,,,,,,,,,,,,,,,,,,,0.6,0.4,,,,,,,,,,,8.0,5.0,2.0,0.0,6.0,5.0,,,,,,,,,,,,,4.0,2.0,10.0,11.0,12.0,9.0,9.0,9.0,1.0,3.0,,,2.0,1.0,0.0,2.0,,,,,,,,,,,,
nmmq1uIo,ROMANIA,2023/2024,ROMANIA 1,Superliga,GILi6JC9,ROMANIA 1,11/11/2023,16:45,Round 16,Poli Iasi,t84qisiU,CFR Cluj,4KfIhq7B,False,3,3,,,,,,"[11, 22, 62]","[27, 38, 44]",bet365,5.0,2.1,2.5,bet365,4.33,2.4,2.1,bet365,4.2,3.4,1.8,bet365,1.44,2.63,bet365,3.25,1.33,bet365,9.0,1.07,bet365,1.29,3.5,bet365,2.25,1.57,bet365,5.5,1.14,bet365,1.06,10.0,bet365,1.33,3.25,bet365,2.08,1.73,bet365,3.75,1.25,bet365,8.0,1.08,bet365,1.91,1.8,bet365,5.5,1.14,bet365,3.75,1.25,bet365,1.95,1.3,1.22,bet365,1.5,1.67,1.14,Betano.br,1.65,1.5,1.2,bet365,3.25,1.33,Novibet,2.75,1.42,Betano.br,2.85,1.39,bet365,7.5,15.0,23.0,9.0,5.0,4.5,41.0,15.0,3.0,bet365,1.95,1.9,bet365,2.1,1.73,bet365,2.0,1.73,bet365,8.5,bet365,11.0,bet365,6.5,bet365,6.5,bet365,21.0,bet365,8.0,bet365,15.0,bet365,9.0,bet365,17.0,bet365,51.0,bet365,15.0,bet365,41.0,bet365,15.0,bet365,41.0,bet365,29.0,,0.0,0.0,,0.0,0.0,,0.0,0.0,,0.0,0.0,bet365,4.15,1.22,bet365,2.03,1.83,bet365,1.5,2.5,bet365,1.33,3.3,bet365,1.13,6.0,bet365,1.1,7.0,Betano.br,37.0,15.5,16.0,Novibet,34.0,11.5,7.5,bet365,0.0,0.0,3.25,bet365,1.95,3.6,0.0,Novibet,1.33,5.35,1.05,Novibet,1.1,9.6,0.0,1.61,2.64,,,,,,,,,0.52,0.48,,,,,,,,,,,14.0,16.0,5.0,6.0,9.0,10.0,,,,,,,,,,,,,8.0,5.0,24.0,11.0,16.0,15.0,11.0,15.0,3.0,3.0,,,0.0,9.0,3.0,2.0,,,,,,,,,,,,,1.02,2.64,,,,,,,,,0.48,0.52,,,,,,,,,,,6.0,13.0,3.0,4.0,3.0,9.0,,,,,,,,,,,,,4.0,3.0,10.0,5.0,6.0,9.0,5.0,7.0,1.0,1.0,,,0.0,3.0,1.0,1.0,,,,,,,,,,,,,0.59,0.0,,,,,,,,,0.56,0.44,,,,,,,,,,,8.0,3.0,2.0,2.0,6.0,1.0,,,,,,,,,,,,,4.0,2.0,14.0,6.0,10.0,6.0,6.0,8.0,2.0,2.0,,,0.0,6.0,2.0,1.0,,,,,,,,,,,,
4EEkQhjL,ROMANIA,2023/2024,ROMANIA 1,Superliga,GILi6JC9,ROMANIA 1,01/10/2023,18:00,Round 11,CFR Cluj,4KfIhq7B,U Craiova 1948,nNhLpi8p,False,2,0,,,,,,[],[],,0.0,0.0,0.0,,0.0,0.0,0.0,,0.0,0.0,0.0,,0.0,0.0,,0.0,0.0,,0.0,0.0,,0.0,0.0,,0.0,0.0,,0.0,0.0,,0.0,0.0,,0.0,0.0,,0.0,0.0,,0.0,0.0,,0.0,0.0,,0.0,0.0,,0.0,0.0,,0.0,0.0,,0.0,0.0,0.0,,0.0,0.0,0.0,,0.0,0.0,0.0,,0.0,0.0,,0.0,0.0,,0.0,0.0,,0.0,0.0,0.0,0.0,0.0,0.0,0.0,0.0,0.0,,0.0,0.0,,0.0,0.0,,0.0,0.0,,0.0,,0.0,,0.0,,0.0,,0.0,,0.0,,0.0,,0.0,,0.0,,0.0,,0.0,,0.0,,0.0,,0.0,,0.0,,0.0,0.0,,0.0,0.0,,0.0,0.0,,0.0,0.0,,0.0,0.0,,0.0,0.0,,0.0,0.0,,0.0,0.0,,0.0,0.0,,0.0,0.0,,0.0,0.0,0.0,,0.0,0.0,0.0,,0.0,0.0,0.0,,0.0,0.0,0.0,,0.0,0.0,0.0,,0.0,0.0,0.0,,,,,,,,,,,,,,,,,,,,,,,,,,,,,,,,,,,,,,,,,,,,,,,,,,,,,,,,,,,,,,,,,,,,,,,,,,,,,,,,,,,,,,,,,,,,,,,,,,,,,,,,,,,,,,,,,,,,,,,,,,,,,,,,,,,,,,,,,,,,,,,,,,,,,,,,,,,,,,,,,,,,,,,,,,,,,,,,,,,,,,,,,,,,,,,,,,,,,,,,,,,,
QNFoRYzF,ROMANIA,2023/2024,ROMANIA 1,Superliga,GILi6JC9,ROMANIA 1,01/10/2023,12:00,Round 11,Univ. Craiova,bsd9fGaK,FC Botosani,GjY1JjUS,False,5,1,,,,,,[],[],,0.0,0.0,0.0,,0.0,0.0,0.0,,0.0,0.0,0.0,,0.0,0.0,,0.0,0.0,,0.0,0.0,,0.0,0.0,,0.0,0.0,,0.0,0.0,,0.0,0.0,,0.0,0.0,,0.0,0.0,,0.0,0.0,,0.0,0.0,,0.0,0.0,,0.0,0.0,,0.0,0.0,,0.0,0.0,0.0,,0.0,0.0,0.0,,0.0,0.0,0.0,,0.0,0.0,,0.0,0.0,,0.0,0.0,,0.0,0.0,0.0,0.0,0.0,0.0,0.0,0.0,0.0,,0.0,0.0,,0.0,0.0,,0.0,0.0,,0.0,,0.0,,0.0,,0.0,,0.0,,0.0,,0.0,,0.0,,0.0,,0.0,,0.0,,0.0,,0.0,,0.0,,0.0,,0.0,0.0,,0.0,0.0,,0.0,0.0,,0.0,0.0,,0.0,0.0,,0.0,0.0,,0.0,0.0,,0.0,0.0,,0.0,0.0,,0.0,0.0,,0.0,0.0,0.0,,0.0,0.0,0.0,,0.0,0.0,0.0,,0.0,0.0,0.0,,0.0,0.0,0.0,,0.0,0.0,0.0,,,,,,,,,,,,,,,,,,,,,,,,,,,,,,,,,,,,,,,,,,,,,,,,,,,,,,,,,,,,,,,,,,,,,,,,,,,,,,,,,,,,,,,,,,,,,,,,,,,,,,,,,,,,,,,,,,,,,,,,,,,,,,,,,,,,,,,,,,,,,,,,,,,,,,,,,,,,,,,,,,,,,,,,,,,,,,,,,,,,,,,,,,,,,,,,,,,,,,,,,,,,
ILfQJjTl,ROMANIA,2023/2024,ROMANIA 1,Superliga,GILi6JC9,ROMANIA 1,30/09/2023,18:30,Round 11,Farul Constanta,CrJbN1Pa,Sepsi Sf. Gheorghe,IDsPIcMA,False,2,1,,,,,,[],[],,0.0,0.0,0.0,,0.0,0.0,0.0,,0.0,0.0,0.0,,0.0,0.0,,0.0,0.0,,0.0,0.0,,0.0,0.0,,0.0,0.0,,0.0,0.0,,0.0,0.0,,0.0,0.0,,0.0,0.0,,0.0,0.0,,0.0,0.0,,0.0,0.0,,0.0,0.0,,0.0,0.0,,0.0,0.0,0.0,,0.0,0.0,0.0,,0.0,0.0,0.0,,0.0,0.0,,0.0,0.0,,0.0,0.0,,0.0,0.0,0.0,0.0,0.0,0.0,0.0,0.0,0.0,,0.0,0.0,,0.0,0.0,,0.0,0.0,,0.0,,0.0,,0.0,,0.0,,0.0,,0.0,,0.0,,0.0,,0.0,,0.0,,0.0,,0.0,,0.0,,0.0,,0.0,,0.0,0.0,,0.0,0.0,,0.0,0.0,,0.0,0.0,,0.0,0.0,,0.0,0.0,,0.0,0.0,,0.0,0.0,,0.0,0.0,,0.0,0.0,,0.0,0.0,0.0,,0.0,0.0,0.0,,0.0,0.0,0.0,,0.0,0.0,0.0,,0.0,0.0,0.0,,0.0,0.0,0.0,,,,,,,,,,,,,,,,,,,,,,,,,,,,,,,,,,,,,,,,,,,,,,,,,,,,,,,,,,,,,,,,,,,,,,,,,,,,,,,,,,,,,,,,,,,,,,,,,,,,,,,,,,,,,,,,,,,,,,,,,,,,,,,,,,,,,,,,,,,,,,,,,,,,,,,,,,,,,,,,,,,,,,,,,,,,,,,,,,,,,,,,,,,,,,,,,,,,,,,,,,,,
SYMFU7s7,ROMANIA,2023/2024,ROMANIA 1,Superliga,GILi6JC9,ROMANIA 1,22/10/2023,15:00,Round 13,Univ. Craiova,bsd9fGaK,Petrolul,dhnNlCE9,False,1,3,,,,,,[74],"[57, 70, 90]",bet365,1.95,2.38,7.0,bet365,1.73,2.75,6.0,bet365,1.4,4.2,6.5,bet365,1.36,3.0,bet365,2.63,1.44,bet365,7.0,1.1,bet365,1.22,4.0,bet365,2.0,1.73,bet365,4.33,1.2,bet365,1.05,11.0,bet365,1.25,3.75,bet365,1.85,2.0,bet365,3.0,1.36,bet365,6.0,1.13,bet365,2.0,1.73,bet365,5.5,1.14,bet365,3.75,1.25,bet365,1.1,1.2,2.63,bet365,1.08,1.53,1.8,Betano.br,1.14,1.39,1.95,bet365,1.14,5.5,Novibet,1.24,3.8,Betano.br,1.22,4.0,bet365,2.2,17.0,41.0,4.0,6.5,13.0,21.0,19.0,12.0,bet365,1.95,1.9,bet365,2.1,1.73,bet365,1.91,1.8,bet365,11.0,bet365,6.5,bet365,17.0,bet365,8.5,bet365,6.5,bet365,34.0,bet365,8.5,bet365,21.0,bet365,21.0,bet365,9.5,bet365,81.0,bet365,13.0,bet365,51.0,bet365,29.0,bet365,51.0,bet365,4.1,1.23,bet365,3.45,1.3,bet365,2.25,1.63,bet365,1.73,2.15,bet365,1.43,2.75,bet365,1.12,6.4,,0.0,0.0,,0.0,0.0,,0.0,0.0,,0.0,0.0,Betano.br,8.5,6.4,40.0,Betano.br,4.1,4.3,32.0,bet365,2.2,3.6,0.0,bet365,0.0,0.0,2.63,Betano.br,1.03,13.0,1.65,Betano.br,1.01,15.5,1.24,,,,,,,,,,,0.5,0.5,,,,,,,,,,,12.0,12.0,5.0,6.0,7.0,6.0,,,,,,,,,,,,,5.0,5.0,13.0,14.0,17.0,19.0,14.0,10.0,1.0,3.0,,,0.0,3.0,3.0,4.0,,,,,,,,,,,,,,,,,,,,,,,0.47,0.53,,,,,,,,,,,9.0,1.0,3.0,0.0,6.0,1.0,,,,,,,,,,,,,4.0,2.0,9.0,8.0,9.0,10.0,8.0,7.0,0.0,1.0,,,0.0,2.0,0.0,3.0,,,,,,,,,,,,,,,,,,,,,,,0.53,0.47,,,,,,,,,,,3.0,11.0,2.0,6.0,1.0,5.0,,,,,,,,,,,,,1.0,3.0,4.0,6.0,8.0,9.0,6.0,3.0,1.0,2.0,,,0.0,1.0,3.0,1.0,,,,,,,,,,,,
lv8Ajk4Q,ROMANIA,2023/2024,ROMANIA 1,Superliga,GILi6JC9,ROMANIA 1,21/10/2023,18:45,Round 13,Farul Constanta,CrJbN1Pa,U. Cluj,Us6gkXaT,False,1,1,,,,,,[66],[16],bet365,2.63,2.2,4.0,bet365,2.3,2.5,3.6,bet365,1.91,3.5,3.4,bet365,1.4,2.75,bet365,2.75,1.4,bet365,8.0,1.08,bet365,1.22,4.0,bet365,2.1,1.67,bet365,4.33,1.2,bet365,1.05,11.0,bet365,1.29,3.5,bet365,1.93,1.93,bet365,3.25,1.33,bet365,6.5,1.11,bet365,1.8,1.91,bet365,4.5,1.18,bet365,3.4,1.3,bet365,1.29,1.25,1.73,bet365,1.22,1.62,1.44,Betano.br,1.25,1.47,1.6,bet365,1.44,2.63,Novibet,1.5,2.5,Betano.br,1.5,2.5,bet365,3.2,13.0,29.0,5.0,5.5,8.0,23.0,15.0,6.0,bet365,1.95,1.9,bet365,2.1,1.73,bet365,1.91,1.8,bet365,11.0,bet365,7.5,bet365,11.0,bet365,7.0,bet365,9.5,bet365,19.0,bet365,9.0,bet365,12.0,bet365,15.0,bet365,17.0,bet365,41.0,bet365,15.0,bet365,29.0,bet365,26.0,bet365,34.0,bet365,7.0,1.1,bet365,6.6,1.11,bet365,3.45,1.3,bet365,2.75,1.43,bet365,1.98,1.88,bet365,1.3,3.45,bet365,1.1,7.0,,0.0,0.0,,0.0,0.0,,0.0,0.0,Betano.br,17.0,9.25,35.0,Novibet,8.1,5.8,26.0,bet365,3.6,3.75,0.0,bet365,0.0,0.0,1.73,Novibet,1.07,10.5,1.29,Betano.br,1.02,15.0,1.09,,,,,,,,,,,0.6,0.4,,,,,,,,,,,10.0,5.0,6.0,1.0,4.0,4.0,,,,,,,,,,,,,4.0,1.0,6.0,6.0,17.0,13.0,5.0,5.0,2.0,2.0,,,1.0,1.0,0.0,5.0,,,,,,,,,,,,,,,,,,,,,,,0.59,0.41,,,,,,,,,,,6.0,2.0,2.0,1.0,4.0,1.0,,,,,,,,,,,,,0.0,1.0,3.0,3.0,9.0,9.0,2.0,3.0,1.0,0.0,,,1.0,0.0,0.0,2.0,,,,,,,,,,,,,,,,,,,,,,,0.61,0.39,,,,,,,,,,,4.0,3.0,4.0,0.0,0.0,3.0,,,,,,,,,,,,,4.0,0.0,3.0,3.0,8.0,4.0,3.0,2.0,1.0,2.0,,,0.0,1.0,0.0,3.0,,,,,,,,,,,,
fJw4dHWG,ROMANIA,2023/2024,ROMANIA 1,Superliga,GILi6JC9,ROMANIA 1,11/11/2023,12:00,Round 16,U. Cluj,Us6gkXaT,Petrolul,dhnNlCE9,False,0,0,,,,,,[],[],bet365,2.75,2.05,4.33,bet365,2.38,2.38,3.75,bet365,1.95,3.2,3.6,bet365,1.44,2.63,bet365,3.25,1.33,bet365,10.0,1.06,bet365,1.29,3.5,bet365,2.25,1.57,bet365,5.5,1.14,bet365,1.07,9.0,bet365,1.36,3.0,bet365,2.15,1.67,bet365,4.0,1.22,bet365,9.0,1.07,bet365,1.91,1.8,bet365,5.5,1.14,bet365,3.75,1.25,bet365,1.25,1.33,1.73,bet365,1.2,1.73,1.4,Novibet,1.25,1.55,1.57,bet365,1.44,2.63,Betano.br,1.45,2.57,Betano.br,1.47,2.55,bet365,3.25,15.0,34.0,5.0,4.75,8.0,26.0,15.0,6.5,bet365,1.95,1.9,bet365,2.2,1.67,bet365,2.0,1.73,bet365,8.5,bet365,6.5,bet365,9.5,bet365,6.5,bet365,9.0,bet365,19.0,bet365,9.0,bet365,13.0,bet365,17.0,bet365,17.0,bet365,41.0,bet365,17.0,bet365,34.0,bet365,34.0,bet365,41.0,,0.0,0.0,bet365,7.0,1.1,bet365,3.8,1.25,bet365,3.0,1.38,bet365,2.03,1.83,bet365,1.28,3.55,bet365,1.12,6.4,,0.0,0.0,,0.0,0.0,,0.0,0.0,Betano.br,18.5,9.75,40.0,Betano.br,8.5,5.6,26.0,bet365,3.75,3.75,0.0,bet365,0.0,0.0,1.73,Betano.br,1.06,10.25,1.28,Betano.br,1.01,15.5,1.08,1.1,0.36,,,,,,,,,0.48,0.52,,,,,,,,,,,15.0,9.0,1.0,2.0,14.0,7.0,,,,,,,,,,,,,8.0,2.0,15.0,18.0,38.0,23.0,14.0,14.0,2.0,4.0,1.0,0.0,4.0,1.0,2.0,1.0,,,,,,,,,,,,,0.69,0.08,,,,,,,,,0.54,0.46,,,,,,,,,,,12.0,3.0,1.0,1.0,11.0,2.0,,,,,,,,,,,,,3.0,1.0,6.0,12.0,22.0,8.0,8.0,6.0,1.0,1.0,,,4.0,0.0,1.0,1.0,,,,,,,,,,,,,0.41,0.28,,,,,,,,,0.42,0.58,,,,,,,,,,,3.0,6.0,0.0,1.0,3.0,5.0,,,,,,,,,,,,,5.0,1.0,9.0,6.0,16.0,15.0,6.0,8.0,1.0,3.0,1.0,0.0,0.0,1.0,1.0,0.0,,,,,,,,,,,,
K0oiaJnb,ROMANIA,2023/2024,ROMANIA 1,Superliga,GILi6JC9,ROMANIA 1,12/11/2023,14:00,Round 16,Univ. Craiova,bsd9fGaK,Dinamo Bucuresti,rBgMi3MH,False,1,0,,,,,,[5],[],bet365,1.95,2.38,6.5,bet365,1.73,2.75,6.0,bet365,1.4,4.33,6.5,bet365,1.33,3.25,bet365,2.63,1.44,bet365,6.5,1.11,bet365,1.2,4.33,bet365,2.0,1.73,bet365,4.0,1.22,bet365,1.04,13.0,bet365,1.25,3.75,bet365,1.75,2.05,bet365,3.0,1.36,bet365,5.5,1.14,bet365,2.0,1.73,bet365,5.0,1.17,bet365,3.75,1.25,bet365,1.1,1.18,2.63,bet365,1.1,1.53,1.8,Novibet,1.12,1.42,2.07,bet365,1.14,5.5,Novibet,1.16,4.8,Novibet,1.17,4.6,bet365,2.2,17.0,41.0,4.0,6.5,13.0,21.0,19.0,12.0,bet365,1.95,1.9,bet365,2.1,1.73,bet365,1.91,1.8,bet365,12.0,bet365,7.0,bet365,17.0,bet365,8.5,bet365,6.5,bet365,34.0,bet365,8.5,bet365,21.0,bet365,21.0,bet365,9.5,bet365,81.0,bet365,12.0,bet365,51.0,bet365,29.0,bet365,51.0,bet365,4.15,1.22,bet365,3.45,1.3,bet365,2.3,1.6,bet365,1.73,2.08,bet365,1.45,2.68,bet365,1.13,6.0,,0.0,0.0,,0.0,0.0,,0.0,0.0,,0.0,0.0,Betano.br,7.9,6.2,0.0,bet365,3.2,4.0,0.0,bet365,2.2,3.75,0.0,bet365,0.0,0.0,2.63,bet365,0.0,0.0,1.91,Novibet,0.0,0.0,1.3,1.11,1.07,,,,,,,,,0.54,0.46,,,,,,,,,,,12.0,15.0,4.0,6.0,8.0,9.0,,,,,,,,,,,,,6.0,3.0,20.0,23.0,21.0,22.0,22.0,20.0,2.0,4.0,,,1.0,0.0,6.0,3.0,,,,,,,,,,,,,1.03,0.8,,,,,,,,,0.56,0.44,,,,,,,,,,,6.0,10.0,2.0,3.0,4.0,7.0,,,,,,,,,,,,,4.0,1.0,6.0,11.0,7.0,6.0,11.0,6.0,1.0,1.0,,,0.0,0.0,3.0,1.0,,,,,,,,,,,,,0.08,0.27,,,,,,,,,0.51,0.49,,,,,,,,,,,6.0,5.0,2.0,3.0,4.0,2.0,,,,,,,,,,,,,2.0,2.0,14.0,12.0,14.0,16.0,11.0,14.0,1.0,3.0,,,1.0,0.0,3.0,2.0,,,,,,,,,,,,
r3bsAz1G,ROMANIA,2023/2024,ROMANIA 1,Superliga,GILi6JC9,ROMANIA 1,25/11/2023,15:30,Round 17,FC Voluntari,WIoSeFi4,Farul Constanta,CrJbN1Pa,False,4,2,,,,,,"[10, 23, 37, 55]","[47, 64]",bet365,3.6,2.1,3.1,bet365,3.1,2.4,2.63,bet365,3.0,3.2,2.3,bet365,1.4,2.75,bet365,3.0,1.36,bet365,8.0,1.08,bet365,1.25,3.75,bet365,2.1,1.67,bet365,4.5,1.18,bet365,1.06,10.0,bet365,1.33,3.25,bet365,2.05,1.75,bet365,3.5,1.29,bet365,8.0,1.08,bet365,1.8,1.91,bet365,5.0,1.17,bet365,3.4,1.3,bet365,1.57,1.36,1.36,bet365,1.36,1.67,1.29,Novibet,1.47,1.54,1.32,bet365,2.1,1.67,Novibet,2.15,1.66,Novibet,2.1,1.67,bet365,4.75,15.0,26.0,6.5,5.0,5.5,29.0,13.0,4.0,bet365,1.95,1.9,bet365,2.1,1.73,bet365,2.0,1.73,bet365,9.5,bet365,9.5,bet365,8.0,bet365,6.0,bet365,15.0,bet365,11.0,bet365,11.0,bet365,9.5,bet365,13.0,bet365,29.0,bet365,23.0,bet365,23.0,bet365,19.0,bet365,34.0,bet365,29.0,,0.0,0.0,,0.0,0.0,bet365,6.4,1.12,bet365,5.5,1.15,bet365,2.85,1.4,bet365,1.58,2.35,bet365,1.26,3.7,bet365,1.18,4.65,bet365,1.11,6.8,,0.0,0.0,Novibet,46.0,16.0,0.0,Novibet,19.25,9.0,10.75,bet365,0.0,0.0,4.75,bet365,1.57,4.0,0.0,Novibet,1.2,6.7,1.1,Betano.br,1.05,11.25,1.03,1.4,1.61,,,,,,,,,0.35,0.65,,,,,,,,,,,6.0,16.0,4.0,6.0,2.0,7.0,0.0,3.0,,,,,,,,,,,1.0,10.0,13.0,12.0,15.0,24.0,11.0,13.0,0.0,1.0,,,1.0,0.0,4.0,1.0,,,,,,,,,,,,,1.13,0.25,,,,,,,,,0.36,0.64,,,,,,,,,,,4.0,6.0,4.0,1.0,0.0,3.0,0.0,2.0,,,,,,,,,,,0.0,5.0,7.0,5.0,8.0,11.0,5.0,7.0,,,,,0.0,0.0,1.0,1.0,,,,,,,,,,,,,0.27,1.36,,,,,,,,,0.34,0.66,,,,,,,,,,,2.0,10.0,0.0,5.0,2.0,4.0,0.0,1.0,,,,,,,,,,,1.0,5.0,6.0,7.0,7.0,13.0,6.0,6.0,0.0,1.0,,,1.0,0.0,3.0,0.0,,,,,,,,,,,,
ltawBGoA,ROMANIA,2023/2024,ROMANIA 1,Superliga,GILi6JC9,ROMANIA 1,24/11/2023,18:30,Round 17,Petrolul,dhnNlCE9,FC Botosani,GjY1JjUS,False,2,1,,,,,,"[52, 55]",[81],bet365,2.4,2.2,4.75,bet365,2.1,2.5,4.33,bet365,1.75,3.5,4.33,bet365,1.4,2.75,bet365,3.0,1.36,bet365,8.0,1.08,bet365,1.25,3.75,bet365,2.2,1.62,bet365,5.0,1.17,bet365,1.06,10.0,bet365,1.3,3.4,bet365,2.05,1.8,bet365,3.5,1.29,bet365,7.0,1.1,bet365,1.83,1.83,bet365,5.5,1.14,bet365,3.75,1.25,bet365,1.2,1.29,2.0,bet365,1.17,1.62,1.53,Betano.br,1.23,1.47,1.62,bet365,1.33,3.25,Betano.br,1.42,2.65,Betano.br,1.44,2.65,bet365,2.88,15.0,34.0,4.5,5.5,9.0,23.0,15.0,7.5,bet365,1.95,1.9,bet365,2.1,1.73,bet365,2.0,1.73,bet365,9.5,bet365,6.5,bet365,11.0,bet365,7.0,bet365,8.0,bet365,21.0,bet365,8.5,bet365,15.0,bet365,17.0,bet365,15.0,bet365,51.0,bet365,15.0,bet365,41.0,bet365,29.0,bet365,41.0,bet365,7.0,1.1,bet365,5.9,1.13,bet365,3.3,1.33,bet365,2.5,1.5,bet365,1.83,2.03,bet365,1.23,4.0,,0.0,0.0,,0.0,0.0,,0.0,0.0,,0.0,0.0,Betano.br,15.5,9.0,37.0,Betano.br,7.2,5.3,25.0,bet365,3.2,3.6,0.0,bet365,0.0,0.0,2.0,Betano.br,1.06,10.25,1.33,Betano.br,1.01,15.5,1.11,1.02,1.44,,,,,,,,,0.59,0.41,,,,,,,,,,,16.0,12.0,7.0,2.0,7.0,7.0,2.0,3.0,,,,,,,,,,,6.0,3.0,16.0,13.0,18.0,28.0,13.0,14.0,1.0,2.0,,,0.0,2.0,1.0,5.0,,,,,,,,,,,,,0.35,0.52,,,,,,,,,0.6,0.4,,,,,,,,,,,10.0,10.0,4.0,1.0,5.0,6.0,1.0,3.0,,,,,,,,,,,2.0,1.0,8.0,8.0,8.0,11.0,8.0,7.0,,,,,0.0,1.0,1.0,4.0,,,,,,,,,,,,,0.67,0.92,,,,,,,,,0.58,0.42,,,,,,,,,,,6.0,2.0,3.0,1.0,2.0,1.0,1.0,0.0,,,,,,,,,,,4.0,2.0,8.0,5.0,10.0,17.0,5.0,7.0,1.0,2.0,,,0.0,1.0,0.0,1.0,,,,,,,,,,,,
GSv0ccHA,ROMANIA,2023/2024,ROMANIA 1,Superliga,GILi6JC9,ROMANIA 1,10/11/2023,18:30,Round 16,Sepsi Sf. Gheorghe,IDsPIcMA,FC Rapid Bucuresti,YFCpigVG,False,0,0,,,,,,[],[],bet365,3.25,2.1,3.5,bet365,2.75,2.38,3.0,bet365,2.45,3.1,2.7,bet365,1.44,2.63,bet365,3.25,1.33,bet365,9.0,1.07,bet365,1.25,3.75,bet365,2.2,1.62,bet365,5.0,1.17,bet365,1.07,9.0,bet365,1.36,3.0,bet365,2.1,1.7,bet365,3.75,1.25,bet365,8.0,1.08,bet365,1.83,1.83,bet365,5.0,1.17,bet365,3.5,1.29,bet365,1.4,1.33,1.5,bet365,1.29,1.67,1.33,Novibet,1.35,1.57,1.42,bet365,1.8,1.91,Novibet,1.76,1.99,Novibet,1.76,1.99,bet365,4.33,15.0,29.0,6.0,5.0,6.5,29.0,15.0,4.5,bet365,1.95,1.9,bet365,2.1,1.73,bet365,2.0,1.73,bet365,9.0,bet365,8.0,bet365,8.5,bet365,6.0,bet365,12.0,bet365,13.0,bet365,10.0,bet365,11.0,bet365,15.0,bet365,23.0,bet365,29.0,bet365,21.0,bet365,23.0,bet365,34.0,bet365,34.0,,0.0,0.0,,0.0,0.0,bet365,5.5,1.15,bet365,4.25,1.21,bet365,2.5,1.5,bet365,1.45,2.68,bet365,1.18,4.65,bet365,1.13,5.9,,0.0,0.0,,0.0,0.0,Novibet,33.0,13.25,0.0,Novibet,13.25,7.2,17.75,bet365,5.0,4.33,5.5,bet365,1.44,4.33,1.5,Novibet,1.12,8.4,1.17,Betano.br,1.03,13.0,1.04,1.36,0.66,,,,,,,,,0.42,0.58,,,,,,,,,,,11.0,13.0,5.0,4.0,6.0,9.0,,,,,,,,,,,,,6.0,6.0,17.0,22.0,19.0,28.0,22.0,16.0,1.0,2.0,,,0.0,1.0,4.0,5.0,,,,,,,,,,,,,0.99,0.25,,,,,,,,,0.45,0.55,,,,,,,,,,,8.0,4.0,4.0,1.0,4.0,3.0,,,,,,,,,,,,,4.0,2.0,9.0,9.0,13.0,10.0,9.0,9.0,0.0,1.0,,,0.0,0.0,1.0,4.0,,,,,,,,,,,,,0.37,0.41,,,,,,,,,0.39,0.61,,,,,,,,,,,3.0,9.0,1.0,3.0,2.0,6.0,,,,,,,,,,,,,2.0,4.0,8.0,13.0,6.0,18.0,13.0,7.0,1.0,1.0,,,0.0,1.0,3.0,1.0,,,,,,,,,,,,
hYkx5lJJ,ROMANIA,2023/2024,ROMANIA 1,Superliga,GILi6JC9,ROMANIA 1,30/10/2023,18:30,Round 14,CFR Cluj,4KfIhq7B,Farul Constanta,CrJbN1Pa,False,3,1,,,,,,"[31, 63, 68]",[24],bet365,2.3,2.3,4.5,bet365,2.0,2.63,4.0,bet365,1.73,3.75,4.33,bet365,1.33,3.25,bet365,2.5,1.5,bet365,6.5,1.11,bet365,1.18,4.5,bet365,1.83,1.83,bet365,3.75,1.25,bet365,1.04,13.0,bet365,1.22,4.0,bet365,1.75,2.05,bet365,2.75,1.4,bet365,5.5,1.14,bet365,1.67,2.1,bet365,4.33,1.2,bet365,3.25,1.33,bet365,1.2,1.25,2.05,bet365,1.17,1.57,1.57,Novibet,1.24,1.46,1.7,bet365,1.3,3.4,Novibet,1.4,2.85,Betano.br,1.4,2.82,bet365,2.75,15.0,34.0,4.75,6.0,9.5,21.0,15.0,7.0,bet365,1.95,1.9,bet365,2.0,1.8,bet365,1.91,1.8,bet365,13.0,bet365,8.5,bet365,15.0,bet365,7.5,bet365,9.0,bet365,23.0,bet365,8.5,bet365,15.0,bet365,15.0,bet365,15.0,bet365,41.0,bet365,13.0,bet365,34.0,bet365,23.0,bet365,34.0,bet365,6.25,1.12,bet365,5.25,1.16,bet365,3.0,1.38,bet365,2.35,1.58,bet365,1.75,2.05,bet365,1.24,3.9,,0.0,0.0,,0.0,0.0,,0.0,0.0,,0.0,0.0,Betano.br,13.0,8.25,35.0,Novibet,5.8,5.2,25.0,bet365,2.88,3.75,0.0,bet365,0.0,0.0,2.05,Betano.br,1.06,10.5,1.4,Betano.br,1.02,15.5,1.14,2.57,0.22,,,,,,,,,0.58,0.42,,,,,,,,,,,16.0,5.0,4.0,5.0,12.0,0.0,,,,,,,,,,,,,5.0,3.0,9.0,22.0,20.0,22.0,20.0,7.0,1.0,2.0,,,2.0,2.0,4.0,1.0,,,,,,,,,,,,,0.98,0.16,,,,,,,,,0.7,0.3,,,,,,,,,,,12.0,4.0,1.0,4.0,11.0,0.0,,,,,,,,,,,,,2.0,1.0,4.0,7.0,11.0,10.0,6.0,3.0,1.0,1.0,,,1.0,1.0,3.0,0.0,,,,,,,,,,,,,1.59,0.06,,,,,,,,,0.46,0.54,,,,,,,,,,,4.0,1.0,3.0,1.0,1.0,0.0,,,,,,,,,,,,,3.0,2.0,5.0,15.0,9.0,12.0,14.0,4.0,0.0,1.0,,,1.0,1.0,1.0,1.0,,,,,,,,,,,,
Ova5SNFi,ROMANIA,2023/2024,ROMANIA 1,Superliga,GILi6JC9,ROMANIA 1,24/09/2023,15:15,Round 10,Petrolul,dhnNlCE9,FC Hermannstadt,pUUuFXvI,False,0,0,,,,,,[],[],,0.0,0.0,0.0,,0.0,0.0,0.0,,0.0,0.0,0.0,,0.0,0.0,,0.0,0.0,,0.0,0.0,,0.0,0.0,,0.0,0.0,,0.0,0.0,,0.0,0.0,,0.0,0.0,,0.0,0.0,,0.0,0.0,,0.0,0.0,,0.0,0.0,,0.0,0.0,,0.0,0.0,,0.0,0.0,0.0,,0.0,0.0,0.0,,0.0,0.0,0.0,,0.0,0.0,,0.0,0.0,,0.0,0.0,,0.0,0.0,0.0,0.0,0.0,0.0,0.0,0.0,0.0,,0.0,0.0,,0.0,0.0,,0.0,0.0,,0.0,,0.0,,0.0,,0.0,,0.0,,0.0,,0.0,,0.0,,0.0,,0.0,,0.0,,0.0,,0.0,,0.0,,0.0,,0.0,0.0,,0.0,0.0,,0.0,0.0,,0.0,0.0,,0.0,0.0,,0.0,0.0,,0.0,0.0,,0.0,0.0,,0.0,0.0,,0.0,0.0,,0.0,0.0,0.0,,0.0,0.0,0.0,,0.0,0.0,0.0,,0.0,0.0,0.0,,0.0,0.0,0.0,,0.0,0.0,0.0,,,,,,,,,,,,,,,,,,,,,,,,,,,,,,,,,,,,,,,,,,,,,,,,,,,,,,,,,,,,,,,,,,,,,,,,,,,,,,,,,,,,,,,,,,,,,,,,,,,,,,,,,,,,,,,,,,,,,,,,,,,,,,,,,,,,,,,,,,,,,,,,,,,,,,,,,,,,,,,,,,,,,,,,,,,,,,,,,,,,,,,,,,,,,,,,,,,,,,,,,,,,
YBqsoTRm,ROMANIA,2023/2024,ROMANIA 1,Superliga,GILi6JC9,ROMANIA 1,27/10/2023,17:30,Round 14,Dinamo Bucuresti,rBgMi3MH,Poli Iasi,t84qisiU,False,0,0,,,,,,[],[],bet365,3.25,1.95,3.75,bet365,2.75,2.25,3.25,bet365,2.38,3.1,3.0,bet365,1.53,2.38,bet365,3.5,1.29,bet365,11.0,1.05,bet365,1.33,3.25,bet365,2.5,1.5,bet365,6.0,1.13,bet365,1.08,8.0,bet365,1.44,2.63,bet365,2.35,1.57,bet365,4.5,1.18,bet365,11.0,1.05,bet365,2.0,1.73,bet365,6.0,1.13,bet365,4.0,1.22,bet365,1.36,1.36,1.53,bet365,1.25,1.8,1.33,Novibet,1.33,1.62,1.41,bet365,1.67,2.1,Novibet,1.73,2.03,Betano.br,1.7,2.07,bet365,4.0,15.0,34.0,5.5,4.33,6.5,29.0,15.0,5.0,bet365,1.95,1.9,bet365,2.2,1.67,bet365,2.0,1.73,bet365,7.5,bet365,6.5,bet365,7.5,bet365,6.0,bet365,11.0,bet365,13.0,bet365,10.0,bet365,12.0,bet365,17.0,bet365,23.0,bet365,34.0,bet365,23.0,bet365,29.0,bet365,41.0,bet365,41.0,,0.0,0.0,,0.0,0.0,bet365,5.0,1.17,bet365,3.9,1.24,bet365,2.35,1.58,bet365,1.38,3.0,bet365,1.13,5.9,bet365,1.1,7.0,,0.0,0.0,,0.0,0.0,Novibet,36.0,13.75,0.0,Novibet,14.25,7.3,21.0,bet365,5.0,4.0,6.0,bet365,1.44,4.33,1.53,Novibet,1.1,8.9,1.16,Betano.br,1.02,14.0,1.04,,,,,,,,,,,0.54,0.46,,,,,,,,,,,8.0,5.0,2.0,3.0,6.0,2.0,,,,,,,,,,,,,7.0,3.0,19.0,17.0,23.0,30.0,15.0,16.0,3.0,2.0,,,2.0,3.0,3.0,2.0,,,,,,,,,,,,,,,,,,,,,,,0.51,0.49,,,,,,,,,,,6.0,4.0,2.0,3.0,4.0,1.0,,,,,,,,,,,,,2.0,2.0,3.0,4.0,17.0,13.0,2.0,3.0,0.0,1.0,,,2.0,0.0,3.0,2.0,,,,,,,,,,,,,,,,,,,,,,,0.57,0.43,,,,,,,,,,,2.0,1.0,0.0,0.0,2.0,1.0,,,,,,,,,,,,,5.0,1.0,16.0,13.0,6.0,17.0,13.0,13.0,3.0,1.0,,,0.0,3.0,0.0,0.0,,,,,,,,,,,,
j7IEOuFG,ROMANIA,2023/2024,ROMANIA 1,Superliga,GILi6JC9,ROMANIA 1,23/09/2023,18:30,Round 10,U. Cluj,Us6gkXaT,Univ. Craiova,bsd9fGaK,False,1,1,,,,,,[],[],,0.0,0.0,0.0,,0.0,0.0,0.0,,0.0,0.0,0.0,,0.0,0.0,,0.0,0.0,,0.0,0.0,,0.0,0.0,,0.0,0.0,,0.0,0.0,,0.0,0.0,,0.0,0.0,,0.0,0.0,,0.0,0.0,,0.0,0.0,,0.0,0.0,,0.0,0.0,,0.0,0.0,,0.0,0.0,0.0,,0.0,0.0,0.0,,0.0,0.0,0.0,,0.0,0.0,,0.0,0.0,,0.0,0.0,,0.0,0.0,0.0,0.0,0.0,0.0,0.0,0.0,0.0,,0.0,0.0,,0.0,0.0,,0.0,0.0,,0.0,,0.0,,0.0,,0.0,,0.0,,0.0,,0.0,,0.0,,0.0,,0.0,,0.0,,0.0,,0.0,,0.0,,0.0,,0.0,0.0,,0.0,0.0,,0.0,0.0,,0.0,0.0,,0.0,0.0,,0.0,0.0,,0.0,0.0,,0.0,0.0,,0.0,0.0,,0.0,0.0,,0.0,0.0,0.0,,0.0,0.0,0.0,,0.0,0.0,0.0,,0.0,0.0,0.0,,0.0,0.0,0.0,,0.0,0.0,0.0,,,,,,,,,,,,,,,,,,,,,,,,,,,,,,,,,,,,,,,,,,,,,,,,,,,,,,,,,,,,,,,,,,,,,,,,,,,,,,,,,,,,,,,,,,,,,,,,,,,,,,,,,,,,,,,,,,,,,,,,,,,,,,,,,,,,,,,,,,,,,,,,,,,,,,,,,,,,,,,,,,,,,,,,,,,,,,,,,,,,,,,,,,,,,,,,,,,,,,,,,,,,
rsF6Q1p4,ROMANIA,2023/2024,ROMANIA 1,Superliga,GILi6JC9,ROMANIA 1,23/09/2023,15:45,Round 10,FC Botosani,GjY1JjUS,UTA Arad,QDiPqBNj,False,2,2,,,,,,[],[],,0.0,0.0,0.0,,0.0,0.0,0.0,,0.0,0.0,0.0,,0.0,0.0,,0.0,0.0,,0.0,0.0,,0.0,0.0,,0.0,0.0,,0.0,0.0,,0.0,0.0,,0.0,0.0,,0.0,0.0,,0.0,0.0,,0.0,0.0,,0.0,0.0,,0.0,0.0,,0.0,0.0,,0.0,0.0,0.0,,0.0,0.0,0.0,,0.0,0.0,0.0,,0.0,0.0,,0.0,0.0,,0.0,0.0,,0.0,0.0,0.0,0.0,0.0,0.0,0.0,0.0,0.0,,0.0,0.0,,0.0,0.0,,0.0,0.0,,0.0,,0.0,,0.0,,0.0,,0.0,,0.0,,0.0,,0.0,,0.0,,0.0,,0.0,,0.0,,0.0,,0.0,,0.0,,0.0,0.0,,0.0,0.0,,0.0,0.0,,0.0,0.0,,0.0,0.0,,0.0,0.0,,0.0,0.0,,0.0,0.0,,0.0,0.0,,0.0,0.0,,0.0,0.0,0.0,,0.0,0.0,0.0,,0.0,0.0,0.0,,0.0,0.0,0.0,,0.0,0.0,0.0,,0.0,0.0,0.0,,,,,,,,,,,,,,,,,,,,,,,,,,,,,,,,,,,,,,,,,,,,,,,,,,,,,,,,,,,,,,,,,,,,,,,,,,,,,,,,,,,,,,,,,,,,,,,,,,,,,,,,,,,,,,,,,,,,,,,,,,,,,,,,,,,,,,,,,,,,,,,,,,,,,,,,,,,,,,,,,,,,,,,,,,,,,,,,,,,,,,,,,,,,,,,,,,,,,,,,,,,,
hvmwHlD7,ROMANIA,2023/2024,ROMANIA 1,Superliga,GILi6JC9,ROMANIA 1,07/10/2023,11:00,Round 12,Petrolul,dhnNlCE9,UTA Arad,QDiPqBNj,False,0,0,,,,,,[],[],bet365,2.88,2.05,4.0,bet365,2.5,2.3,3.5,bet365,2.15,3.1,3.3,bet365,1.5,2.5,bet365,3.4,1.3,bet365,10.0,1.06,bet365,1.29,3.5,bet365,2.25,1.57,bet365,5.5,1.14,bet365,1.08,8.0,bet365,1.4,2.75,bet365,2.25,1.62,bet365,4.0,1.22,bet365,10.0,1.06,bet365,1.91,1.8,bet365,5.5,1.14,bet365,3.75,1.25,bet365,1.33,1.36,1.67,bet365,1.22,1.73,1.4,Novibet,1.29,1.58,1.49,bet365,1.53,2.38,Novibet,1.6,2.25,Betano.br,1.6,2.25,bet365,3.6,15.0,34.0,5.0,4.75,7.0,26.0,15.0,5.5,bet365,1.95,1.9,bet365,2.2,1.67,bet365,2.0,1.73,bet365,8.0,bet365,7.0,bet365,9.0,bet365,6.0,bet365,9.5,bet365,17.0,bet365,9.5,bet365,13.0,bet365,15.0,bet365,21.0,bet365,41.0,bet365,19.0,bet365,29.0,bet365,34.0,bet365,41.0,,0.0,0.0,,0.0,0.0,bet365,4.25,1.21,bet365,3.3,1.33,bet365,2.1,1.7,bet365,1.3,3.45,bet365,1.1,7.0,,0.0,0.0,,0.0,0.0,,0.0,0.0,Betano.br,23.0,11.0,35.0,Novibet,11.0,6.4,25.0,bet365,4.33,3.75,0.0,bet365,0.0,0.0,1.67,Novibet,1.08,9.7,1.22,Betano.br,1.02,14.5,1.06,,,,,,,,,,,0.53,0.47,,,,,,,,,,,11.0,9.0,3.0,3.0,8.0,6.0,,,,,,,,,,,,,4.0,5.0,14.0,17.0,21.0,22.0,15.0,13.0,1.0,3.0,0.0,1.0,2.0,1.0,3.0,3.0,,,,,,,,,,,,,,,,,,,,,,,0.45,0.55,,,,,,,,,,,4.0,6.0,1.0,3.0,3.0,3.0,,,,,,,,,,,,,1.0,4.0,6.0,9.0,9.0,10.0,7.0,6.0,0.0,2.0,,,2.0,0.0,3.0,1.0,,,,,,,,,,,,,,,,,,,,,,,0.61,0.39,,,,,,,,,,,7.0,3.0,2.0,0.0,5.0,3.0,,,,,,,,,,,,,3.0,1.0,8.0,8.0,12.0,12.0,8.0,7.0,1.0,1.0,0.0,1.0,0.0,1.0,0.0,2.0,,,,,,,,,,,,
vV1ft5tJ,ROMANIA,2023/2024,ROMANIA 1,Superliga,GILi6JC9,ROMANIA 1,30/10/2023,15:30,Round 14,FC Botosani,GjY1JjUS,U. Cluj,Us6gkXaT,False,0,3,,,,,,[],"[9, 21, 57]",bet365,4.0,2.05,2.88,bet365,3.6,2.38,2.5,bet365,3.5,3.2,2.1,bet365,1.44,2.63,bet365,3.25,1.33,bet365,10.0,1.06,bet365,1.29,3.5,bet365,2.25,1.57,bet365,5.5,1.14,bet365,1.07,9.0,bet365,1.36,3.0,bet365,2.15,1.67,bet365,3.75,1.25,bet365,9.0,1.07,bet365,1.83,1.83,bet365,5.5,1.14,bet365,3.75,1.25,bet365,1.7,1.36,1.29,bet365,1.4,1.73,1.22,Novibet,1.5,1.56,1.3,bet365,2.5,1.5,Betano.br,2.27,1.57,Betano.br,2.27,1.6,bet365,6.0,15.0,26.0,7.5,4.75,5.0,34.0,15.0,3.5,bet365,1.95,1.9,bet365,2.2,1.67,bet365,2.0,1.73,bet365,8.5,bet365,9.5,bet365,7.0,bet365,6.0,bet365,17.0,bet365,9.5,bet365,13.0,bet365,9.0,bet365,15.0,bet365,41.0,bet365,19.0,bet365,29.0,bet365,19.0,bet365,41.0,bet365,29.0,,0.0,0.0,,0.0,0.0,bet365,7.0,1.1,bet365,7.0,1.1,bet365,3.45,1.3,bet365,1.75,2.05,bet365,1.35,3.1,bet365,1.23,4.0,,0.0,0.0,,0.0,0.0,Novibet,51.0,17.0,0.0,Novibet,23.0,9.7,10.5,bet365,0.0,0.0,4.0,bet365,1.7,3.75,0.0,Novibet,1.22,6.4,1.08,Betano.br,1.06,10.75,1.02,1.38,1.38,,,,,,,,,0.51,0.49,,,,,,,,,,,11.0,10.0,4.0,5.0,7.0,5.0,,,,,,,,,,,,,6.0,5.0,19.0,12.0,24.0,26.0,12.0,16.0,,,,,0.0,3.0,2.0,4.0,,,,,,,,,,,,,0.55,1.01,,,,,,,,,0.5,0.5,,,,,,,,,,,3.0,2.0,2.0,2.0,1.0,0.0,,,,,,,,,,,,,3.0,0.0,11.0,6.0,7.0,10.0,6.0,9.0,,,,,0.0,2.0,0.0,2.0,,,,,,,,,,,,,0.83,0.37,,,,,,,,,0.52,0.48,,,,,,,,,,,8.0,8.0,2.0,3.0,6.0,5.0,,,,,,,,,,,,,3.0,5.0,8.0,6.0,17.0,16.0,6.0,7.0,,,,,0.0,1.0,2.0,2.0,,,,,,,,,,,,
zcNKNgVF,ROMANIA,2023/2024,ROMANIA 1,Superliga,GILi6JC9,ROMANIA 1,10/12/2023,12:00,Round 19,FC Hermannstadt,pUUuFXvI,Univ. Craiova,bsd9fGaK,False,2,1,,,,,,"[51, 62]",[52],bet365,4.0,1.95,3.2,bet365,3.25,2.25,2.75,bet365,3.1,3.1,2.38,bet365,1.53,2.38,bet365,3.5,1.29,bet365,11.0,1.05,bet365,1.33,3.25,bet365,2.5,1.5,bet365,6.5,1.11,bet365,1.08,8.0,bet365,1.44,2.63,bet365,2.35,1.57,bet365,4.5,1.18,bet365,11.0,1.05,bet365,2.0,1.73,bet365,6.0,1.13,bet365,4.0,1.22,bet365,1.53,1.36,1.36,bet365,1.36,1.8,1.22,Novibet,1.44,1.6,1.3,bet365,2.1,1.67,Novibet,2.15,1.65,Novibet,2.15,1.65,bet365,5.0,15.0,29.0,6.5,4.33,5.5,34.0,15.0,4.0,bet365,1.95,1.9,bet365,2.2,1.67,bet365,2.0,1.73,bet365,7.0,bet365,8.0,bet365,6.5,bet365,6.0,bet365,15.0,bet365,10.0,bet365,12.0,bet365,10.0,bet365,17.0,bet365,34.0,bet365,23.0,bet365,29.0,bet365,23.0,bet365,41.0,bet365,41.0,,0.0,0.0,,0.0,0.0,bet365,7.0,1.1,bet365,5.9,1.13,bet365,3.0,1.38,bet365,1.58,2.35,bet365,1.24,3.9,bet365,1.17,5.0,,0.0,0.0,,0.0,0.0,Novibet,51.0,16.75,0.0,Novibet,23.0,9.4,12.5,bet365,0.0,0.0,5.0,bet365,1.53,4.0,0.0,Novibet,1.18,6.8,1.08,Betano.br,1.04,11.75,1.02,1.54,1.2,,,,,,,,,0.5,0.5,,,,,,,,,,,10.0,10.0,6.0,5.0,3.0,3.0,1.0,2.0,,,,,,,,,,,4.0,8.0,20.0,12.0,21.0,25.0,10.0,20.0,1.0,1.0,,,2.0,0.0,4.0,4.0,,,,,,,,,,,,,0.71,0.73,,,,,,,,,0.57,0.43,,,,,,,,,,,6.0,7.0,3.0,3.0,2.0,2.0,1.0,2.0,,,,,,,,,,,2.0,5.0,11.0,6.0,14.0,10.0,6.0,11.0,1.0,0.0,,,0.0,0.0,3.0,3.0,,,,,,,,,,,,,0.83,0.47,,,,,,,,,0.43,0.57,,,,,,,,,,,4.0,3.0,3.0,2.0,1.0,1.0,0.0,0.0,,,,,,,,,,,2.0,3.0,9.0,6.0,7.0,15.0,4.0,9.0,0.0,1.0,,,2.0,0.0,1.0,1.0,,,,,,,,,,,,
fNRnmbyD,ROMANIA,2023/2024,ROMANIA 1,Superliga,GILi6JC9,ROMANIA 1,26/10/2023,17:00,Round 5,Farul Constanta,CrJbN1Pa,UTA Arad,QDiPqBNj,False,2,2,,,,,,"[24, 50]","[7, 27]",bet365,2.38,2.2,5.0,bet365,2.0,2.5,4.75,bet365,1.7,3.4,5.0,bet365,1.4,2.75,bet365,3.0,1.36,bet365,8.0,1.08,bet365,1.22,4.0,bet365,2.1,1.67,bet365,4.5,1.18,bet365,1.06,10.0,bet365,1.3,3.4,bet365,2.05,1.8,bet365,3.5,1.29,bet365,7.0,1.1,bet365,1.83,1.83,bet365,5.0,1.17,bet365,3.5,1.29,bet365,1.17,1.3,2.1,bet365,1.14,1.62,1.53,Novibet,1.21,1.48,1.65,bet365,1.25,3.75,Novibet,1.37,2.95,Betano.br,1.37,2.95,bet365,2.75,15.0,41.0,4.5,5.5,10.0,21.0,15.0,8.0,bet365,1.95,1.9,bet365,2.1,1.73,bet365,2.0,1.73,bet365,9.5,bet365,7.0,bet365,13.0,bet365,6.5,bet365,8.0,bet365,26.0,bet365,8.5,bet365,17.0,bet365,15.0,bet365,13.0,bet365,51.0,bet365,15.0,bet365,41.0,bet365,29.0,bet365,41.0,bet365,6.4,1.12,bet365,5.5,1.15,bet365,3.0,1.38,bet365,2.35,1.58,bet365,1.73,2.08,bet365,1.19,4.5,,0.0,0.0,,0.0,0.0,,0.0,0.0,,0.0,0.0,Betano.br,14.0,8.25,37.0,Betano.br,6.4,5.0,29.0,bet365,2.88,3.75,0.0,bet365,0.0,0.0,2.1,Betano.br,1.05,11.25,1.38,Betano.br,1.01,16.0,1.13,,,,,,,,,,,0.59,0.41,,,,,,,,,,,17.0,13.0,7.0,5.0,10.0,8.0,,,,,,,,,,,,,10.0,3.0,9.0,12.0,21.0,14.0,11.0,8.0,2.0,1.0,,,1.0,1.0,3.0,5.0,,,,,,,,,,,,,,,,,,,,,,,0.59,0.41,,,,,,,,,,,4.0,7.0,3.0,2.0,1.0,5.0,,,,,,,,,,,,,5.0,1.0,5.0,5.0,9.0,8.0,4.0,5.0,,,,,1.0,0.0,0.0,2.0,,,,,,,,,,,,,,,,,,,,,,,0.59,0.41,,,,,,,,,,,13.0,6.0,4.0,3.0,9.0,3.0,,,,,,,,,,,,,5.0,2.0,4.0,7.0,12.0,6.0,7.0,3.0,2.0,1.0,,,0.0,1.0,3.0,3.0,,,,,,,,,,,,
rLwWDO0b,ROMANIA,2023/2024,ROMANIA 1,Superliga,GILi6JC9,ROMANIA 1,17/09/2023,14:00,Round 9,FC Hermannstadt,pUUuFXvI,FC Voluntari,WIoSeFi4,False,3,1,,,,,,[],[],,0.0,0.0,0.0,,0.0,0.0,0.0,,0.0,0.0,0.0,,0.0,0.0,,0.0,0.0,,0.0,0.0,,0.0,0.0,,0.0,0.0,,0.0,0.0,,0.0,0.0,,0.0,0.0,,0.0,0.0,,0.0,0.0,,0.0,0.0,,0.0,0.0,,0.0,0.0,,0.0,0.0,,0.0,0.0,0.0,,0.0,0.0,0.0,,0.0,0.0,0.0,,0.0,0.0,,0.0,0.0,,0.0,0.0,,0.0,0.0,0.0,0.0,0.0,0.0,0.0,0.0,0.0,,0.0,0.0,,0.0,0.0,,0.0,0.0,,0.0,,0.0,,0.0,,0.0,,0.0,,0.0,,0.0,,0.0,,0.0,,0.0,,0.0,,0.0,,0.0,,0.0,,0.0,,0.0,0.0,,0.0,0.0,,0.0,0.0,,0.0,0.0,,0.0,0.0,,0.0,0.0,,0.0,0.0,,0.0,0.0,,0.0,0.0,,0.0,0.0,,0.0,0.0,0.0,,0.0,0.0,0.0,,0.0,0.0,0.0,,0.0,0.0,0.0,,0.0,0.0,0.0,,0.0,0.0,0.0,,,,,,,,,,,,,,,,,,,,,,,,,,,,,,,,,,,,,,,,,,,,,,,,,,,,,,,,,,,,,,,,,,,,,,,,,,,,,,,,,,,,,,,,,,,,,,,,,,,,,,,,,,,,,,,,,,,,,,,,,,,,,,,,,,,,,,,,,,,,,,,,,,,,,,,,,,,,,,,,,,,,,,,,,,,,,,,,,,,,,,,,,,,,,,,,,,,,,,,,,,,,
xpU2X9cl,ROMANIA,2023/2024,ROMANIA 1,Superliga,GILi6JC9,ROMANIA 1,21/10/2023,14:00,Round 13,FC Hermannstadt,pUUuFXvI,Dinamo Bucuresti,rBgMi3MH,False,4,0,,,,,,"[5, 19, 53, 90]",[],bet365,2.4,2.05,5.5,bet365,2.1,2.3,4.75,bet365,1.7,3.5,4.5,bet365,1.5,2.5,bet365,3.5,1.29,bet365,11.0,1.05,bet365,1.3,3.4,bet365,2.5,1.5,bet365,6.0,1.13,bet365,1.08,8.0,bet365,1.44,2.63,bet365,2.35,1.57,bet365,4.5,1.18,bet365,11.0,1.05,bet365,2.2,1.62,bet365,6.5,1.11,bet365,4.33,1.2,bet365,1.17,1.25,2.0,bet365,1.13,1.73,1.53,Betano.br,1.18,1.52,1.65,bet365,1.29,3.5,Betano.br,1.36,2.9,Betano.br,1.34,3.05,bet365,2.88,15.0,41.0,4.33,4.75,9.5,26.0,17.0,8.5,bet365,1.95,1.9,bet365,2.2,1.67,bet365,2.0,1.73,bet365,7.5,bet365,5.5,bet365,10.0,bet365,7.0,bet365,7.0,bet365,23.0,bet365,9.0,bet365,17.0,bet365,21.0,bet365,13.0,bet365,51.0,bet365,17.0,bet365,41.0,bet365,34.0,bet365,51.0,bet365,7.0,1.1,bet365,6.0,1.13,bet365,3.3,1.33,bet365,2.38,1.55,bet365,1.75,2.05,bet365,1.21,4.25,,0.0,0.0,,0.0,0.0,,0.0,0.0,,0.0,0.0,Betano.br,15.5,8.5,40.0,Betano.br,7.0,5.0,30.0,bet365,3.2,3.4,0.0,bet365,0.0,0.0,2.0,Betano.br,1.04,11.25,1.36,Betano.br,1.01,15.5,1.11,,,,,,,,,,,0.38,0.62,,,,,,,,,,,10.0,4.0,7.0,2.0,3.0,2.0,,,,,,,,,,,,,2.0,4.0,13.0,20.0,22.0,22.0,19.0,12.0,2.0,2.0,,,1.0,1.0,2.0,3.0,,,,,,,,,,,,,,,,,,,,,,,0.42,0.58,,,,,,,,,,,5.0,0.0,3.0,0.0,2.0,0.0,,,,,,,,,,,,,2.0,1.0,5.0,12.0,13.0,14.0,12.0,4.0,2.0,0.0,,,0.0,1.0,0.0,1.0,,,,,,,,,,,,,,,,,,,,,,,0.34,0.66,,,,,,,,,,,5.0,4.0,4.0,2.0,1.0,2.0,,,,,,,,,,,,,0.0,3.0,8.0,8.0,9.0,8.0,7.0,8.0,0.0,2.0,,,1.0,0.0,2.0,2.0,,,,,,,,,,,,
ILYf4BT1,ROMANIA,2023/2024,ROMANIA 1,Superliga,GILi6JC9,ROMANIA 1,01/10/2023,15:00,Round 11,FC Hermannstadt,pUUuFXvI,FC Rapid Bucuresti,YFCpigVG,False,1,1,,,,,,[55],[3],bet365,3.6,2.1,3.1,bet365,3.1,2.38,2.63,bet365,3.0,3.1,2.3,bet365,1.44,2.63,bet365,3.25,1.33,bet365,9.0,1.07,bet365,1.25,3.75,bet365,2.2,1.62,bet365,5.0,1.17,bet365,1.07,9.0,bet365,1.33,3.25,bet365,2.1,1.7,bet365,3.75,1.25,bet365,8.0,1.08,bet365,1.83,1.83,bet365,5.0,1.17,bet365,3.5,1.29,bet365,1.57,1.36,1.36,bet365,1.36,1.67,1.29,Novibet,1.44,1.57,1.34,bet365,2.1,1.67,Betano.br,2.05,1.7,Betano.br,2.07,1.7,bet365,5.0,15.0,26.0,6.5,5.0,5.5,29.0,15.0,4.0,bet365,1.95,1.9,bet365,2.1,1.73,bet365,2.0,1.73,bet365,9.0,bet365,9.0,bet365,7.5,bet365,6.0,bet365,15.0,bet365,11.0,bet365,11.0,bet365,9.5,bet365,15.0,bet365,34.0,bet365,23.0,bet365,26.0,bet365,21.0,bet365,34.0,bet365,29.0,,0.0,0.0,,0.0,0.0,bet365,6.6,1.11,bet365,5.75,1.14,bet365,3.0,1.38,bet365,1.58,2.35,bet365,1.25,3.8,bet365,1.18,4.65,,0.0,0.0,,0.0,0.0,Novibet,46.0,15.75,0.0,Novibet,19.0,8.8,12.5,bet365,0.0,0.0,4.75,bet365,1.57,4.0,0.0,Novibet,1.18,7.1,1.11,Betano.br,1.05,11.5,1.03,,,,,,,,,,,0.5,0.5,,,,,,,,,,,8.0,7.0,4.0,1.0,4.0,6.0,,,,,,,,,,,,,9.0,3.0,12.0,9.0,25.0,22.0,8.0,12.0,2.0,2.0,,,1.0,0.0,0.0,3.0,,,,,,,,,,,,,,,,,,,,,,,0.51,0.49,,,,,,,,,,,5.0,2.0,1.0,1.0,4.0,1.0,,,,,,,,,,,,,5.0,0.0,4.0,5.0,11.0,12.0,4.0,4.0,2.0,0.0,,,1.0,0.0,0.0,1.0,,,,,,,,,,,,,,,,,,,,,,,0.49,0.51,,,,,,,,,,,3.0,5.0,3.0,0.0,0.0,5.0,,,,,,,,,,,,,4.0,3.0,8.0,4.0,14.0,10.0,4.0,8.0,0.0,2.0,,,0.0,0.0,0.0,2.0,,,,,,,,,,,,
YBNBVmS0,ROMANIA,2023/2024,ROMANIA 1,Superliga,GILi6JC9,ROMANIA 1,20/10/2023,18:00,Round 13,UTA Arad,QDiPqBNj,FC Rapid Bucuresti,YFCpigVG,False,2,2,,,,,,"[19, 75]","[12, 45]",bet365,4.33,2.2,2.6,bet365,3.75,2.5,2.2,bet365,4.0,3.4,1.91,bet365,1.4,2.75,bet365,3.0,1.36,bet365,8.0,1.08,bet365,1.22,4.0,bet365,2.1,1.67,bet365,4.5,1.18,bet365,1.05,11.0,bet365,1.29,3.5,bet365,1.98,1.88,bet365,3.25,1.33,bet365,6.5,1.11,bet365,1.8,1.91,bet365,5.0,1.17,bet365,3.4,1.3,bet365,1.83,1.3,1.22,bet365,1.5,1.62,1.2,Betano.br,1.6,1.47,1.24,bet365,2.75,1.4,Novibet,2.5,1.49,Betano.br,2.57,1.47,bet365,6.5,15.0,23.0,8.5,5.5,4.75,34.0,15.0,3.1,bet365,1.95,1.9,bet365,2.1,1.73,bet365,1.91,1.8,bet365,10.0,bet365,12.0,bet365,7.5,bet365,6.5,bet365,21.0,bet365,9.0,bet365,13.0,bet365,8.5,bet365,15.0,bet365,41.0,bet365,17.0,bet365,34.0,bet365,15.0,bet365,41.0,bet365,26.0,,0.0,0.0,,0.0,0.0,,0.0,0.0,bet365,7.0,1.1,bet365,4.0,1.23,bet365,1.95,1.9,bet365,1.48,2.6,bet365,1.33,3.3,bet365,1.13,6.0,bet365,1.1,7.0,Novibet,51.0,18.25,18.75,Novibet,28.0,10.75,8.2,bet365,0.0,0.0,3.4,bet365,1.83,3.75,0.0,Novibet,1.29,5.8,1.06,Novibet,1.09,9.9,1.0,,,,,,,,,,,0.46,0.54,,,,,,,,,,,7.0,8.0,2.0,4.0,5.0,4.0,,,,,,,,,,,,,4.0,3.0,19.0,21.0,26.0,19.0,21.0,18.0,3.0,0.0,,,0.0,1.0,2.0,0.0,,,,,,,,,,,,,,,,,,,,,,,0.47,0.53,,,,,,,,,,,4.0,3.0,1.0,2.0,3.0,1.0,,,,,,,,,,,,,4.0,1.0,10.0,9.0,19.0,11.0,9.0,9.0,2.0,0.0,,,0.0,1.0,0.0,0.0,,,,,,,,,,,,,,,,,,,,,,,0.45,0.55,,,,,,,,,,,3.0,5.0,1.0,2.0,2.0,3.0,,,,,,,,,,,,,0.0,2.0,9.0,12.0,7.0,8.0,12.0,9.0,1.0,0.0,,,0.0,0.0,2.0,0.0,,,,,,,,,,,,
WpCJ4KNp,ROMANIA,2023/2024,ROMANIA 1,Superliga,GILi6JC9,ROMANIA 1,15/09/2023,18:30,Round 9,Dinamo Bucuresti,rBgMi3MH,U Craiova 1948,nNhLpi8p,False,0,1,,,,,,[],[],,0.0,0.0,0.0,,0.0,0.0,0.0,,0.0,0.0,0.0,,0.0,0.0,,0.0,0.0,,0.0,0.0,,0.0,0.0,,0.0,0.0,,0.0,0.0,,0.0,0.0,,0.0,0.0,,0.0,0.0,,0.0,0.0,,0.0,0.0,,0.0,0.0,,0.0,0.0,,0.0,0.0,,0.0,0.0,0.0,,0.0,0.0,0.0,,0.0,0.0,0.0,,0.0,0.0,,0.0,0.0,,0.0,0.0,,0.0,0.0,0.0,0.0,0.0,0.0,0.0,0.0,0.0,,0.0,0.0,,0.0,0.0,,0.0,0.0,,0.0,,0.0,,0.0,,0.0,,0.0,,0.0,,0.0,,0.0,,0.0,,0.0,,0.0,,0.0,,0.0,,0.0,,0.0,,0.0,0.0,,0.0,0.0,,0.0,0.0,,0.0,0.0,,0.0,0.0,,0.0,0.0,,0.0,0.0,,0.0,0.0,,0.0,0.0,,0.0,0.0,,0.0,0.0,0.0,,0.0,0.0,0.0,,0.0,0.0,0.0,,0.0,0.0,0.0,,0.0,0.0,0.0,,0.0,0.0,0.0,,,,,,,,,,,,,,,,,,,,,,,,,,,,,,,,,,,,,,,,,,,,,,,,,,,,,,,,,,,,,,,,,,,,,,,,,,,,,,,,,,,,,,,,,,,,,,,,,,,,,,,,,,,,,,,,,,,,,,,,,,,,,,,,,,,,,,,,,,,,,,,,,,,,,,,,,,,,,,,,,,,,,,,,,,,,,,,,,,,,,,,,,,,,,,,,,,,,,,,,,,,,
Y9WrBMpH,ROMANIA,2023/2024,ROMANIA 1,Superliga,GILi6JC9,ROMANIA 1,15/09/2023,15:30,Round 9,UTA Arad,QDiPqBNj,U. Cluj,Us6gkXaT,False,0,1,,,,,,[],[],,0.0,0.0,0.0,,0.0,0.0,0.0,,0.0,0.0,0.0,,0.0,0.0,,0.0,0.0,,0.0,0.0,,0.0,0.0,,0.0,0.0,,0.0,0.0,,0.0,0.0,,0.0,0.0,,0.0,0.0,,0.0,0.0,,0.0,0.0,,0.0,0.0,,0.0,0.0,,0.0,0.0,,0.0,0.0,0.0,,0.0,0.0,0.0,,0.0,0.0,0.0,,0.0,0.0,,0.0,0.0,,0.0,0.0,,0.0,0.0,0.0,0.0,0.0,0.0,0.0,0.0,0.0,,0.0,0.0,,0.0,0.0,,0.0,0.0,,0.0,,0.0,,0.0,,0.0,,0.0,,0.0,,0.0,,0.0,,0.0,,0.0,,0.0,,0.0,,0.0,,0.0,,0.0,,0.0,0.0,,0.0,0.0,,0.0,0.0,,0.0,0.0,,0.0,0.0,,0.0,0.0,,0.0,0.0,,0.0,0.0,,0.0,0.0,,0.0,0.0,,0.0,0.0,0.0,,0.0,0.0,0.0,,0.0,0.0,0.0,,0.0,0.0,0.0,,0.0,0.0,0.0,,0.0,0.0,0.0,,,,,,,,,,,,,,,,,,,,,,,,,,,,,,,,,,,,,,,,,,,,,,,,,,,,,,,,,,,,,,,,,,,,,,,,,,,,,,,,,,,,,,,,,,,,,,,,,,,,,,,,,,,,,,,,,,,,,,,,,,,,,,,,,,,,,,,,,,,,,,,,,,,,,,,,,,,,,,,,,,,,,,,,,,,,,,,,,,,,,,,,,,,,,,,,,,,,,,,,,,,,
EmlZHUc1,ROMANIA,2023/2024,ROMANIA 1,Superliga,GILi6JC9,ROMANIA 1,06/10/2023,18:00,Round 12,FC Rapid Bucuresti,YFCpigVG,Poli Iasi,t84qisiU,False,3,2,,,,,,"[20, 22, 45, 60]","[5, 40]",bet365,1.95,2.4,6.5,bet365,1.73,2.75,6.0,bet365,1.4,4.33,6.5,bet365,1.33,3.25,bet365,2.5,1.5,bet365,6.5,1.11,bet365,1.2,4.33,bet365,1.91,1.8,bet365,4.0,1.22,bet365,1.03,15.0,bet365,1.2,4.33,bet365,1.7,2.1,bet365,2.63,1.44,bet365,5.0,1.17,bet365,1.91,1.8,bet365,5.0,1.17,bet365,3.5,1.29,bet365,1.1,1.18,2.63,bet365,1.1,1.53,1.8,Betano.br,1.13,1.37,2.02,bet365,1.14,5.5,Betano.br,1.21,3.9,Betano.br,1.2,4.2,bet365,2.1,17.0,41.0,4.0,6.5,15.0,21.0,19.0,12.0,bet365,1.95,1.9,bet365,2.0,1.8,bet365,1.91,1.8,bet365,12.0,bet365,7.0,bet365,19.0,bet365,8.5,bet365,7.0,bet365,34.0,bet365,8.5,bet365,21.0,bet365,19.0,bet365,9.5,bet365,81.0,bet365,12.0,bet365,51.0,bet365,26.0,bet365,51.0,bet365,3.9,1.24,bet365,3.3,1.33,bet365,2.2,1.65,bet365,1.7,2.1,bet365,1.43,2.75,bet365,1.12,6.25,,0.0,0.0,,0.0,0.0,,0.0,0.0,,0.0,0.0,Novibet,8.6,6.7,0.0,Betano.br,3.85,4.25,35.0,bet365,2.2,3.75,0.0,bet365,0.0,0.0,2.63,Betano.br,1.03,13.5,1.72,Betano.br,0.0,0.0,1.27,,,,,,,,,,,0.47,0.53,,,,,,,,,,,15.0,11.0,7.0,6.0,8.0,5.0,,,,,,,,,,,,,8.0,3.0,10.0,16.0,18.0,25.0,13.0,9.0,2.0,1.0,,,3.0,1.0,4.0,4.0,,,,,,,,,,,,,,,,,,,,,,,0.51,0.49,,,,,,,,,,,8.0,5.0,5.0,3.0,3.0,2.0,,,,,,,,,,,,,3.0,3.0,5.0,5.0,7.0,13.0,4.0,4.0,,,,,1.0,1.0,1.0,3.0,,,,,,,,,,,,,,,,,,,,,,,0.43,0.57,,,,,,,,,,,7.0,6.0,2.0,3.0,5.0,3.0,,,,,,,,,,,,,5.0,0.0,5.0,11.0,11.0,12.0,9.0,5.0,2.0,1.0,,,2.0,0.0,3.0,1.0,,,,,,,,,,,,
dnYGNvDP,ROMANIA,2023/2024,ROMANIA 1,Superliga,GILi6JC9,ROMANIA 1,19/10/2023,17:00,Round 7,Poli Iasi,t84qisiU,Sepsi Sf. Gheorghe,IDsPIcMA,False,1,0,,,,,,"[48, 82]","[4, 74]",bet365,4.0,2.0,3.0,bet365,3.4,2.3,2.6,bet365,3.2,3.3,2.2,bet365,1.5,2.5,bet365,3.4,1.3,bet365,10.0,1.06,bet365,1.3,3.4,bet365,2.38,1.53,bet365,6.0,1.13,bet365,1.08,8.0,bet365,1.4,2.75,bet365,2.25,1.62,bet365,4.33,1.2,bet365,10.0,1.06,bet365,2.0,1.73,bet365,5.5,1.14,bet365,3.75,1.25,bet365,1.67,1.33,1.36,bet365,1.36,1.73,1.22,Novibet,1.44,1.58,1.33,bet365,2.25,1.57,Novibet,2.07,1.71,Betano.br,2.07,1.7,bet365,5.5,15.0,29.0,7.0,4.5,5.5,34.0,15.0,3.75,bet365,1.95,1.9,bet365,2.2,1.67,bet365,2.0,1.73,bet365,8.0,bet365,8.0,bet365,6.5,bet365,6.5,bet365,15.0,bet365,10.0,bet365,12.0,bet365,9.5,bet365,17.0,bet365,34.0,bet365,21.0,bet365,29.0,bet365,21.0,bet365,41.0,bet365,34.0,,0.0,0.0,,0.0,0.0,bet365,7.0,1.1,bet365,6.0,1.13,bet365,3.1,1.35,bet365,1.65,2.2,bet365,1.28,3.55,bet365,1.2,4.4,,0.0,0.0,,0.0,0.0,Novibet,51.0,16.0,0.0,Novibet,21.0,8.8,13.0,bet365,5.5,4.0,4.5,bet365,1.67,3.75,1.5,Novibet,1.18,6.9,1.1,Betano.br,1.05,11.5,1.03,,,,,,,,,,,0.45,0.55,,,,,,,,,,,15.0,8.0,6.0,3.0,9.0,5.0,,,,,,,,,,,,,4.0,4.0,22.0,15.0,27.0,34.0,15.0,18.0,2.0,3.0,,,0.0,4.0,3.0,5.0,,,,,,,,,,,,,,,,,,,,,,,0.44,0.56,,,,,,,,,,,7.0,2.0,4.0,0.0,3.0,2.0,,,,,,,,,,,,,2.0,2.0,10.0,9.0,13.0,14.0,9.0,8.0,0.0,1.0,,,0.0,2.0,0.0,4.0,,,,,,,,,,,,,,,,,,,,,,,0.46,0.54,,,,,,,,,,,8.0,6.0,2.0,3.0,6.0,3.0,,,,,,,,,,,,,2.0,2.0,12.0,6.0,14.0,20.0,6.0,10.0,2.0,2.0,,,0.0,2.0,3.0,1.0,,,,,,,,,,,,
KQCwTf62,ROMANIA,2023/2024,ROMANIA 1,Superliga,GILi6JC9,ROMANIA 1,02/10/2023,15:00,Round 11,Poli Iasi,t84qisiU,Petrolul,dhnNlCE9,False,0,0,,,,,,[],[],bet365,2.88,2.05,4.0,bet365,2.5,2.3,3.5,bet365,2.15,3.2,3.2,bet365,1.5,2.5,bet365,3.4,1.3,bet365,10.0,1.06,bet365,1.29,3.5,bet365,2.25,1.57,bet365,5.5,1.14,bet365,1.07,9.0,bet365,1.36,3.0,bet365,2.2,1.65,bet365,4.0,1.22,bet365,9.0,1.07,bet365,1.91,1.8,bet365,5.5,1.14,bet365,3.75,1.25,bet365,1.36,1.36,1.67,bet365,1.22,1.73,1.4,Novibet,1.29,1.6,1.46,bet365,1.57,2.25,Betano.br,1.6,2.22,Betano.br,1.6,2.25,bet365,3.6,15.0,34.0,5.0,4.75,7.0,26.0,15.0,5.5,bet365,1.95,1.9,bet365,2.2,1.67,bet365,2.0,1.73,bet365,8.0,bet365,7.0,bet365,9.0,bet365,6.5,bet365,10.0,bet365,15.0,bet365,9.5,bet365,12.0,bet365,17.0,bet365,21.0,bet365,34.0,bet365,19.0,bet365,29.0,bet365,34.0,bet365,41.0,,0.0,0.0,,0.0,0.0,bet365,4.25,1.21,bet365,3.45,1.3,bet365,2.15,1.68,bet365,1.33,3.3,bet365,1.12,6.4,bet365,1.1,7.0,,0.0,0.0,,0.0,0.0,Betano.br,22.0,11.0,35.0,Novibet,11.5,6.8,24.0,bet365,4.33,3.75,6.0,bet365,1.44,4.33,1.67,Novibet,1.08,9.8,1.2,Betano.br,1.02,14.5,1.06,,,,,,,,,,,0.67,0.33,,,,,,,,,,,11.0,4.0,4.0,1.0,5.0,3.0,2.0,0.0,,,,,,,,,,,9.0,3.0,14.0,13.0,28.0,28.0,12.0,10.0,0.0,1.0,,,1.0,4.0,1.0,4.0,,,,,,,,,,,,,,,,,,,,,,,0.66,0.34,,,,,,,,,,,7.0,0.0,3.0,0.0,4.0,0.0,,,,,,,,,,,,,6.0,0.0,8.0,8.0,15.0,17.0,7.0,5.0,,,,,1.0,3.0,0.0,3.0,,,,,,,,,,,,,,,,,,,,,,,0.68,0.32,,,,,,,,,,,4.0,4.0,1.0,1.0,1.0,3.0,2.0,0.0,,,,,,,,,,,3.0,3.0,6.0,5.0,13.0,11.0,5.0,5.0,0.0,1.0,,,0.0,1.0,1.0,1.0,,,,,,,,,,,,
jDLOFpWo,ROMANIA,2023/2024,ROMANIA 1,Superliga,GILi6JC9,ROMANIA 1,02/09/2023,18:45,Round 8,FCSB,Gv2kjDpN,Univ. Craiova,bsd9fGaK,False,3,0,,,,,,[],[],,0.0,0.0,0.0,,0.0,0.0,0.0,,0.0,0.0,0.0,,0.0,0.0,,0.0,0.0,,0.0,0.0,,0.0,0.0,,0.0,0.0,,0.0,0.0,,0.0,0.0,,0.0,0.0,,0.0,0.0,,0.0,0.0,,0.0,0.0,,0.0,0.0,,0.0,0.0,,0.0,0.0,,0.0,0.0,0.0,,0.0,0.0,0.0,,0.0,0.0,0.0,,0.0,0.0,,0.0,0.0,,0.0,0.0,,0.0,0.0,0.0,0.0,0.0,0.0,0.0,0.0,0.0,,0.0,0.0,,0.0,0.0,,0.0,0.0,,0.0,,0.0,,0.0,,0.0,,0.0,,0.0,,0.0,,0.0,,0.0,,0.0,,0.0,,0.0,,0.0,,0.0,,0.0,,0.0,0.0,,0.0,0.0,,0.0,0.0,,0.0,0.0,,0.0,0.0,,0.0,0.0,,0.0,0.0,,0.0,0.0,,0.0,0.0,,0.0,0.0,,0.0,0.0,0.0,,0.0,0.0,0.0,,0.0,0.0,0.0,,0.0,0.0,0.0,,0.0,0.0,0.0,,0.0,0.0,0.0,,,,,,,,,,,,,,,,,,,,,,,,,,,,,,,,,,,,,,,,,,,,,,,,,,,,,,,,,,,,,,,,,,,,,,,,,,,,,,,,,,,,,,,,,,,,,,,,,,,,,,,,,,,,,,,,,,,,,,,,,,,,,,,,,,,,,,,,,,,,,,,,,,,,,,,,,,,,,,,,,,,,,,,,,,,,,,,,,,,,,,,,,,,,,,,,,,,,,,,,,,,,
6ejKuYk8,ROMANIA,2023/2024,ROMANIA 1,Superliga,GILi6JC9,ROMANIA 1,07/10/2023,15:45,Round 12,FC Voluntari,WIoSeFi4,Univ. Craiova,bsd9fGaK,False,0,0,,,,,,[],[51],bet365,5.0,2.25,2.3,bet365,4.5,2.6,2.0,bet365,4.5,3.75,1.67,bet365,1.36,3.0,bet365,2.75,1.4,bet365,7.0,1.1,bet365,1.22,4.0,bet365,2.0,1.73,bet365,4.33,1.2,bet365,1.05,11.0,bet365,1.29,3.5,bet365,1.9,1.95,bet365,3.25,1.33,bet365,6.5,1.11,bet365,1.83,1.83,bet365,5.0,1.17,bet365,3.5,1.29,bet365,2.15,1.25,1.18,bet365,1.57,1.57,1.14,Betano.br,1.72,1.45,1.19,bet365,3.4,1.3,Betano.br,2.9,1.36,Betano.br,3.05,1.34,bet365,8.0,15.0,21.0,9.5,5.5,4.5,34.0,15.0,2.75,bet365,1.95,1.9,bet365,2.1,1.73,bet365,1.91,1.8,bet365,11.0,bet365,13.0,bet365,7.0,bet365,7.5,bet365,23.0,bet365,8.0,bet365,15.0,bet365,8.5,bet365,17.0,bet365,51.0,bet365,13.0,bet365,41.0,bet365,13.0,bet365,41.0,bet365,26.0,,0.0,0.0,,0.0,0.0,,0.0,0.0,,0.0,0.0,bet365,4.25,1.21,bet365,2.1,1.7,bet365,1.63,2.25,bet365,1.4,2.85,bet365,1.17,5.0,bet365,1.13,5.9,Novibet,51.0,14.25,15.75,Novibet,35.0,12.0,6.5,bet365,0.0,0.0,2.88,bet365,2.15,3.75,0.0,Novibet,1.39,5.1,1.04,Novibet,1.12,8.8,1.0,,,,,,,,,,,0.42,0.58,,,,,,,,,,,11.0,7.0,2.0,1.0,9.0,6.0,,,,,,,,,,,,,1.0,3.0,10.0,15.0,14.0,20.0,14.0,8.0,5.0,2.0,,,1.0,2.0,1.0,2.0,,,,,,,,,,,,,,,,,,,,,,,0.39,0.61,,,,,,,,,,,5.0,4.0,1.0,1.0,4.0,3.0,,,,,,,,,,,,,0.0,2.0,5.0,10.0,8.0,10.0,10.0,4.0,0.0,1.0,,,0.0,1.0,1.0,1.0,,,,,,,,,,,,,,,,,,,,,,,0.45,0.55,,,,,,,,,,,6.0,3.0,1.0,0.0,5.0,3.0,,,,,,,,,,,,,1.0,1.0,5.0,5.0,6.0,10.0,4.0,4.0,5.0,1.0,,,1.0,1.0,0.0,1.0,,,,,,,,,,,,
GWEmIIzm,ROMANIA,2023/2024,ROMANIA 1,Superliga,GILi6JC9,ROMANIA 1,28/08/2023,18:30,Round 7,UTA Arad,QDiPqBNj,FCSB,Gv2kjDpN,False,2,1,,,,,,[],[],,0.0,0.0,0.0,,0.0,0.0,0.0,,0.0,0.0,0.0,,0.0,0.0,,0.0,0.0,,0.0,0.0,,0.0,0.0,,0.0,0.0,,0.0,0.0,,0.0,0.0,,0.0,0.0,,0.0,0.0,,0.0,0.0,,0.0,0.0,,0.0,0.0,,0.0,0.0,,0.0,0.0,,0.0,0.0,0.0,,0.0,0.0,0.0,,0.0,0.0,0.0,,0.0,0.0,,0.0,0.0,,0.0,0.0,,0.0,0.0,0.0,0.0,0.0,0.0,0.0,0.0,0.0,,0.0,0.0,,0.0,0.0,,0.0,0.0,,0.0,,0.0,,0.0,,0.0,,0.0,,0.0,,0.0,,0.0,,0.0,,0.0,,0.0,,0.0,,0.0,,0.0,,0.0,,0.0,0.0,,0.0,0.0,,0.0,0.0,,0.0,0.0,,0.0,0.0,,0.0,0.0,,0.0,0.0,,0.0,0.0,,0.0,0.0,,0.0,0.0,,0.0,0.0,0.0,,0.0,0.0,0.0,,0.0,0.0,0.0,,0.0,0.0,0.0,,0.0,0.0,0.0,,0.0,0.0,0.0,,,,,,,,,,,,,,,,,,,,,,,,,,,,,,,,,,,,,,,,,,,,,,,,,,,,,,,,,,,,,,,,,,,,,,,,,,,,,,,,,,,,,,,,,,,,,,,,,,,,,,,,,,,,,,,,,,,,,,,,,,,,,,,,,,,,,,,,,,,,,,,,,,,,,,,,,,,,,,,,,,,,,,,,,,,,,,,,,,,,,,,,,,,,,,,,,,,,,,,,,,,,
nHjQ0H5C,ROMANIA,2023/2024,ROMANIA 1,Superliga,GILi6JC9,ROMANIA 1,28/08/2023,15:30,Round 7,FC Hermannstadt,pUUuFXvI,U. Cluj,Us6gkXaT,False,2,2,,,,,,[],[],,0.0,0.0,0.0,,0.0,0.0,0.0,,0.0,0.0,0.0,,0.0,0.0,,0.0,0.0,,0.0,0.0,,0.0,0.0,,0.0,0.0,,0.0,0.0,,0.0,0.0,,0.0,0.0,,0.0,0.0,,0.0,0.0,,0.0,0.0,,0.0,0.0,,0.0,0.0,,0.0,0.0,,0.0,0.0,0.0,,0.0,0.0,0.0,,0.0,0.0,0.0,,0.0,0.0,,0.0,0.0,,0.0,0.0,,0.0,0.0,0.0,0.0,0.0,0.0,0.0,0.0,0.0,,0.0,0.0,,0.0,0.0,,0.0,0.0,,0.0,,0.0,,0.0,,0.0,,0.0,,0.0,,0.0,,0.0,,0.0,,0.0,,0.0,,0.0,,0.0,,0.0,,0.0,,0.0,0.0,,0.0,0.0,,0.0,0.0,,0.0,0.0,,0.0,0.0,,0.0,0.0,,0.0,0.0,,0.0,0.0,,0.0,0.0,,0.0,0.0,,0.0,0.0,0.0,,0.0,0.0,0.0,,0.0,0.0,0.0,,0.0,0.0,0.0,,0.0,0.0,0.0,,0.0,0.0,0.0,,,,,,,,,,,,,,,,,,,,,,,,,,,,,,,,,,,,,,,,,,,,,,,,,,,,,,,,,,,,,,,,,,,,,,,,,,,,,,,,,,,,,,,,,,,,,,,,,,,,,,,,,,,,,,,,,,,,,,,,,,,,,,,,,,,,,,,,,,,,,,,,,,,,,,,,,,,,,,,,,,,,,,,,,,,,,,,,,,,,,,,,,,,,,,,,,,,,,,,,,,,,
4jG2RsVc,ROMANIA,2023/2024,ROMANIA 1,Superliga,GILi6JC9,ROMANIA 1,23/09/2023,11:30,Round 10,FC Voluntari,WIoSeFi4,Poli Iasi,t84qisiU,False,1,2,,,,,,"[27, 65]","[23, 44]",bet365,3.4,2.05,3.4,bet365,2.88,2.38,2.88,bet365,2.6,3.2,2.6,bet365,1.44,2.63,bet365,3.25,1.33,bet365,10.0,1.06,bet365,1.29,3.5,bet365,2.25,1.57,bet365,5.5,1.14,bet365,1.06,10.0,bet365,1.33,3.25,bet365,2.08,1.73,bet365,3.75,1.25,bet365,8.0,1.08,bet365,1.83,1.83,bet365,5.5,1.14,bet365,3.5,1.29,bet365,1.5,1.36,1.5,bet365,1.3,1.73,1.3,Novibet,1.32,1.58,1.45,bet365,1.83,1.83,Novibet,1.67,2.1,Novibet,1.68,2.1,bet365,4.33,15.0,29.0,6.0,4.75,6.0,29.0,15.0,4.33,bet365,1.95,1.9,bet365,2.2,1.67,bet365,2.0,1.73,bet365,8.5,bet365,8.0,bet365,8.0,bet365,6.0,bet365,12.0,bet365,12.0,bet365,10.0,bet365,10.0,bet365,15.0,bet365,26.0,bet365,26.0,bet365,23.0,bet365,23.0,bet365,34.0,bet365,34.0,,0.0,0.0,,0.0,0.0,bet365,5.75,1.14,bet365,4.5,1.19,bet365,2.6,1.48,bet365,1.5,2.5,bet365,1.2,4.4,bet365,1.15,5.5,,0.0,0.0,,0.0,0.0,Novibet,31.0,12.75,0.0,Novibet,12.0,6.8,21.0,bet365,5.5,4.33,5.5,bet365,1.5,4.33,1.5,Novibet,1.1,9.1,1.19,Betano.br,1.04,12.5,1.04,,,,,,,,,,,0.5,0.5,,,,,,,,,,,10.0,9.0,6.0,3.0,4.0,6.0,,,,,,,,,,,,,2.0,4.0,14.0,13.0,22.0,16.0,11.0,13.0,4.0,4.0,,,2.0,1.0,1.0,5.0,,,,,,,,,,,,,,,,,,,,,,,0.45,0.55,,,,,,,,,,,6.0,6.0,3.0,3.0,3.0,3.0,,,,,,,,,,,,,0.0,3.0,7.0,9.0,9.0,8.0,8.0,6.0,1.0,1.0,,,1.0,1.0,1.0,2.0,,,,,,,,,,,,,,,,,,,,,,,0.55,0.45,,,,,,,,,,,4.0,3.0,3.0,0.0,1.0,3.0,,,,,,,,,,,,,2.0,1.0,7.0,4.0,13.0,8.0,3.0,7.0,3.0,3.0,,,1.0,0.0,0.0,3.0,,,,,,,,,,,,
vVZj5iEe,ROMANIA,2023/2024,ROMANIA 1,Superliga,GILi6JC9,ROMANIA 1,22/09/2023,18:00,Round 10,Dinamo Bucuresti,rBgMi3MH,Farul Constanta,CrJbN1Pa,False,0,2,,,,,,[],"[33, 90]",bet365,4.5,2.2,2.5,bet365,4.0,2.5,2.2,bet365,4.0,3.4,1.83,bet365,1.4,2.75,bet365,2.75,1.4,bet365,8.0,1.08,bet365,1.22,4.0,bet365,2.1,1.67,bet365,4.5,1.18,bet365,1.06,10.0,bet365,1.3,3.4,bet365,2.03,1.83,bet365,3.5,1.29,bet365,7.0,1.1,bet365,1.8,1.91,bet365,5.0,1.17,bet365,3.4,1.3,bet365,1.91,1.3,1.22,bet365,1.5,1.62,1.17,Betano.br,1.6,1.47,1.24,bet365,3.0,1.36,Betano.br,2.5,1.47,Betano.br,2.57,1.47,bet365,6.5,15.0,23.0,8.5,5.5,4.75,34.0,15.0,3.0,bet365,1.95,1.9,bet365,2.1,1.73,bet365,1.91,1.8,bet365,10.0,bet365,12.0,bet365,7.5,bet365,6.5,bet365,21.0,bet365,9.0,bet365,15.0,bet365,8.5,bet365,15.0,bet365,41.0,bet365,15.0,bet365,34.0,bet365,15.0,bet365,41.0,bet365,26.0,,0.0,0.0,,0.0,0.0,,0.0,0.0,bet365,6.8,1.11,bet365,3.8,1.25,bet365,1.93,1.93,bet365,1.45,2.68,bet365,1.3,3.45,bet365,1.11,6.6,bet365,1.1,7.0,Novibet,47.0,14.0,19.5,Novibet,27.0,10.75,8.0,bet365,0.0,0.0,3.4,bet365,1.91,3.75,0.0,Novibet,1.3,5.7,1.07,Novibet,1.09,10.0,1.0,,,,,,,,,,,0.6,0.4,,,,,,,,,,,12.0,8.0,7.0,4.0,5.0,4.0,,,,,,,,,,,,,8.0,2.0,14.0,9.0,20.0,21.0,9.0,14.0,4.0,5.0,0.0,1.0,0.0,0.0,2.0,7.0,,,,,,,,,,,,,,,,,,,,,,,0.44,0.56,,,,,,,,,,,2.0,6.0,2.0,3.0,0.0,3.0,,,,,,,,,,,,,4.0,1.0,4.0,4.0,7.0,9.0,4.0,4.0,0.0,2.0,,,0.0,0.0,2.0,2.0,,,,,,,,,,,,,,,,,,,,,,,0.76,0.24,,,,,,,,,,,10.0,2.0,5.0,1.0,5.0,1.0,,,,,,,,,,,,,4.0,1.0,10.0,5.0,13.0,12.0,5.0,10.0,4.0,3.0,0.0,1.0,0.0,0.0,0.0,5.0,,,,,,,,,,,,
ObeMKWDr,ROMANIA,2023/2024,ROMANIA 1,Superliga,GILi6JC9,ROMANIA 1,29/09/2023,18:00,Round 11,Otelul,2H5uhNyO,Dinamo Bucuresti,rBgMi3MH,False,1,0,,,,,,"[37, 68]",[],bet365,2.88,1.95,4.5,bet365,2.5,2.25,3.75,bet365,2.05,3.0,3.6,bet365,1.53,2.38,bet365,3.75,1.25,bet365,11.0,1.05,bet365,1.33,3.25,bet365,2.5,1.5,bet365,6.5,1.11,bet365,1.08,8.0,bet365,1.44,2.63,bet365,2.35,1.57,bet365,4.33,1.2,bet365,10.0,1.06,bet365,2.1,1.67,bet365,6.0,1.13,bet365,4.0,1.22,bet365,1.25,1.33,1.67,bet365,1.17,1.8,1.4,Novibet,1.28,1.61,1.47,bet365,1.44,2.63,Betano.br,1.55,2.3,Betano.br,1.55,2.35,bet365,3.5,15.0,41.0,5.0,4.33,7.5,29.0,15.0,6.5,bet365,1.95,1.9,bet365,2.2,1.67,bet365,2.0,1.73,bet365,7.0,bet365,6.0,bet365,8.5,bet365,6.0,bet365,9.0,bet365,17.0,bet365,9.5,bet365,13.0,bet365,19.0,bet365,19.0,bet365,41.0,bet365,21.0,bet365,34.0,bet365,41.0,bet365,41.0,,0.0,0.0,,0.0,0.0,bet365,4.15,1.22,bet365,3.3,1.33,bet365,2.08,1.73,bet365,1.28,3.55,bet365,1.1,7.0,bet365,1.1,7.0,,0.0,0.0,,0.0,0.0,Betano.br,22.0,10.5,37.0,Novibet,11.25,6.6,26.0,bet365,4.33,3.75,0.0,bet365,0.0,0.0,1.67,Novibet,1.07,10.0,1.2,Betano.br,1.02,14.5,1.06,,,,,,,,,,,0.37,0.63,,,,,,,,,,,4.0,4.0,2.0,1.0,2.0,3.0,,,,,,,,,,,,,3.0,2.0,13.0,18.0,12.0,20.0,17.0,11.0,5.0,4.0,1.0,0.0,1.0,2.0,1.0,1.0,,,,,,,,,,,,,,,,,,,,,,,0.44,0.56,,,,,,,,,,,3.0,2.0,1.0,0.0,2.0,2.0,,,,,,,,,,,,,3.0,0.0,7.0,7.0,7.0,9.0,6.0,6.0,0.0,1.0,,,1.0,1.0,0.0,0.0,,,,,,,,,,,,,,,,,,,,,,,0.3,0.7,,,,,,,,,,,1.0,2.0,1.0,1.0,0.0,1.0,,,,,,,,,,,,,0.0,2.0,6.0,11.0,5.0,11.0,11.0,5.0,5.0,3.0,1.0,0.0,0.0,1.0,1.0,1.0,,,,,,,,,,,,
pnkOvh5E,ROMANIA,2023/2024,ROMANIA 1,Superliga,GILi6JC9,ROMANIA 1,07/10/2023,18:30,Round 12,FC Botosani,GjY1JjUS,FCSB,Gv2kjDpN,False,0,1,,,,,,[],[16],bet365,5.0,2.3,2.2,bet365,4.75,2.63,1.91,bet365,4.75,3.8,1.6,bet365,1.33,3.25,bet365,2.63,1.44,bet365,6.5,1.11,bet365,1.2,4.33,bet365,1.91,1.8,bet365,4.0,1.22,bet365,1.04,13.0,bet365,1.22,4.0,bet365,1.73,2.08,bet365,2.75,1.4,bet365,5.5,1.14,bet365,1.8,1.91,bet365,4.5,1.18,bet365,3.4,1.3,bet365,2.2,1.22,1.17,bet365,1.62,1.57,1.14,Betano.br,1.8,1.4,1.19,bet365,3.75,1.25,Novibet,3.05,1.35,Betano.br,3.2,1.32,bet365,8.5,17.0,21.0,10.0,6.0,4.5,34.0,15.0,2.5,bet365,1.95,1.9,bet365,2.1,1.73,bet365,1.91,1.8,bet365,12.0,bet365,15.0,bet365,7.5,bet365,7.5,bet365,26.0,bet365,8.0,bet365,15.0,bet365,8.5,bet365,17.0,bet365,51.0,bet365,12.0,bet365,41.0,bet365,13.0,bet365,41.0,bet365,23.0,,0.0,0.0,,0.0,0.0,,0.0,0.0,bet365,7.0,1.1,bet365,4.4,1.2,bet365,2.2,1.65,bet365,1.7,2.1,bet365,1.43,2.75,bet365,1.2,4.4,bet365,1.15,5.5,Novibet,41.0,13.75,12.25,Novibet,35.0,12.75,5.45,bet365,0.0,0.0,2.63,bet365,2.2,3.75,0.0,Novibet,1.46,4.95,1.04,Novibet,1.16,8.1,1.0,,,,,,,,,,,0.35,0.65,,,,,,,,,,,15.0,18.0,4.0,12.0,11.0,6.0,,,,,,,,,,,,,8.0,7.0,16.0,14.0,23.0,25.0,12.0,16.0,4.0,4.0,,,2.0,0.0,11.0,4.0,,,,,,,,,,,,,,,,,,,,,,,0.3,0.7,,,,,,,,,,,7.0,10.0,2.0,7.0,5.0,3.0,,,,,,,,,,,,,3.0,3.0,8.0,8.0,12.0,13.0,8.0,8.0,3.0,1.0,,,,,6.0,2.0,,,,,,,,,,,,,,,,,,,,,,,0.4,0.6,,,,,,,,,,,8.0,8.0,2.0,5.0,6.0,3.0,,,,,,,,,,,,,5.0,4.0,8.0,6.0,11.0,12.0,4.0,8.0,1.0,3.0,,,2.0,0.0,5.0,2.0,,,,,,,,,,,,
Mk9fPC5R,ROMANIA,2023/2024,ROMANIA 1,Superliga,GILi6JC9,ROMANIA 1,02/10/2023,18:00,Round 11,FCSB,Gv2kjDpN,U. Cluj,Us6gkXaT,False,2,2,,,,,,"[8, 39]","[26, 88]",bet365,2.2,2.3,5.5,bet365,1.91,2.63,4.75,bet365,1.57,4.0,4.75,bet365,1.33,3.25,bet365,2.63,1.44,bet365,7.0,1.1,bet365,1.2,4.33,bet365,2.0,1.73,bet365,4.0,1.22,bet365,1.04,13.0,bet365,1.22,4.0,bet365,1.75,2.05,bet365,2.75,1.4,bet365,5.5,1.14,bet365,1.83,1.83,bet365,4.5,1.18,bet365,3.4,1.3,bet365,1.17,1.2,2.2,bet365,1.13,1.57,1.62,Novibet,1.19,1.44,1.85,bet365,1.25,3.75,Novibet,1.28,3.45,Novibet,1.3,3.35,bet365,2.5,15.0,34.0,4.33,6.0,11.0,21.0,17.0,8.5,bet365,1.95,1.9,bet365,2.1,1.73,bet365,1.91,1.8,bet365,12.0,bet365,7.5,bet365,13.0,bet365,8.0,bet365,8.0,bet365,26.0,bet365,8.5,bet365,15.0,bet365,17.0,bet365,12.0,bet365,51.0,bet365,13.0,bet365,41.0,bet365,26.0,bet365,41.0,bet365,5.25,1.16,bet365,4.25,1.21,bet365,2.68,1.45,bet365,2.05,1.75,bet365,1.6,2.3,bet365,1.19,4.5,,0.0,0.0,,0.0,0.0,,0.0,0.0,,0.0,0.0,Betano.br,10.25,7.2,0.0,Betano.br,4.9,4.65,27.0,bet365,2.6,3.75,0.0,bet365,0.0,0.0,2.2,Betano.br,1.05,11.5,1.52,Novibet,0.0,0.0,1.2,,,,,,,,,,,0.47,0.53,,,,,,,,,,,11.0,12.0,8.0,5.0,2.0,3.0,1.0,4.0,,,,,,,,,,,4.0,2.0,16.0,13.0,19.0,16.0,13.0,15.0,4.0,4.0,,,0.0,1.0,3.0,6.0,,,,,,,,,,,,,,,,,,,,,,,0.46,0.54,,,,,,,,,,,6.0,3.0,4.0,1.0,2.0,2.0,,,,,,,,,,,,,1.0,0.0,6.0,7.0,14.0,9.0,8.0,5.0,2.0,2.0,,,0.0,0.0,0.0,2.0,,,,,,,,,,,,,,,,,,,,,,,0.48,0.52,,,,,,,,,,,5.0,9.0,4.0,4.0,0.0,1.0,1.0,4.0,,,,,,,,,,,3.0,2.0,10.0,6.0,5.0,7.0,5.0,10.0,2.0,2.0,,,0.0,1.0,3.0,4.0,,,,,,,,,,,,
AV9ZA1TJ,ROMANIA,2023/2024,ROMANIA 1,Superliga,GILi6JC9,ROMANIA 1,21/08/2023,18:30,Round 6,U. Cluj,Us6gkXaT,CFR Cluj,4KfIhq7B,False,3,4,,,,,,[],[],,0.0,0.0,0.0,,0.0,0.0,0.0,,0.0,0.0,0.0,,0.0,0.0,,0.0,0.0,,0.0,0.0,,0.0,0.0,,0.0,0.0,,0.0,0.0,,0.0,0.0,,0.0,0.0,,0.0,0.0,,0.0,0.0,,0.0,0.0,,0.0,0.0,,0.0,0.0,,0.0,0.0,,0.0,0.0,0.0,,0.0,0.0,0.0,,0.0,0.0,0.0,,0.0,0.0,,0.0,0.0,,0.0,0.0,,0.0,0.0,0.0,0.0,0.0,0.0,0.0,0.0,0.0,,0.0,0.0,,0.0,0.0,,0.0,0.0,,0.0,,0.0,,0.0,,0.0,,0.0,,0.0,,0.0,,0.0,,0.0,,0.0,,0.0,,0.0,,0.0,,0.0,,0.0,,0.0,0.0,,0.0,0.0,,0.0,0.0,,0.0,0.0,,0.0,0.0,,0.0,0.0,,0.0,0.0,,0.0,0.0,,0.0,0.0,,0.0,0.0,,0.0,0.0,0.0,,0.0,0.0,0.0,,0.0,0.0,0.0,,0.0,0.0,0.0,,0.0,0.0,0.0,,0.0,0.0,0.0,,,,,,,,,,,,,,,,,,,,,,,,,,,,,,,,,,,,,,,,,,,,,,,,,,,,,,,,,,,,,,,,,,,,,,,,,,,,,,,,,,,,,,,,,,,,,,,,,,,,,,,,,,,,,,,,,,,,,,,,,,,,,,,,,,,,,,,,,,,,,,,,,,,,,,,,,,,,,,,,,,,,,,,,,,,,,,,,,,,,,,,,,,,,,,,,,,,,,,,,,,,,
WObUIAre,ROMANIA,2023/2024,ROMANIA 1,Superliga,GILi6JC9,ROMANIA 1,06/10/2023,15:00,Round 12,U Craiova 1948,nNhLpi8p,FC Hermannstadt,pUUuFXvI,False,1,1,,,,,,[27],[59],bet365,3.5,2.1,3.2,bet365,3.0,2.4,2.75,bet365,2.75,3.1,2.45,bet365,1.44,2.63,bet365,3.0,1.36,bet365,9.0,1.07,bet365,1.25,3.75,bet365,2.1,1.67,bet365,4.5,1.18,bet365,1.06,10.0,bet365,1.3,3.4,bet365,2.05,1.8,bet365,3.5,1.29,bet365,7.0,1.1,bet365,1.8,1.91,bet365,5.0,1.17,bet365,3.4,1.3,bet365,1.53,1.36,1.4,bet365,1.36,1.67,1.29,Novibet,1.43,1.55,1.36,bet365,2.0,1.73,Novibet,2.0,1.76,Novibet,1.99,1.76,bet365,4.5,15.0,26.0,6.5,5.0,6.0,29.0,13.0,4.0,bet365,1.95,1.9,bet365,2.1,1.73,bet365,2.0,1.73,bet365,9.5,bet365,9.0,bet365,8.5,bet365,6.0,bet365,13.0,bet365,12.0,bet365,11.0,bet365,10.0,bet365,13.0,bet365,29.0,bet365,23.0,bet365,23.0,bet365,21.0,bet365,34.0,bet365,29.0,,0.0,0.0,,0.0,0.0,bet365,5.9,1.13,bet365,4.8,1.18,bet365,2.75,1.43,bet365,1.53,2.43,bet365,1.23,4.0,bet365,1.17,5.0,,0.0,0.0,,0.0,0.0,Novibet,41.0,15.25,0.0,Novibet,17.0,8.5,12.5,bet365,5.0,4.33,5.0,bet365,1.53,4.33,1.5,Novibet,1.17,7.3,1.12,Betano.br,1.04,12.0,1.03,,,,,,,,,,,0.54,0.46,,,,,,,,,,,10.0,10.0,8.0,6.0,2.0,4.0,,,,,,,,,,,,,1.0,1.0,18.0,12.0,25.0,20.0,7.0,18.0,0.0,2.0,,,5.0,0.0,5.0,7.0,,,,,,,,,,,,,,,,,,,,,,,0.56,0.44,,,,,,,,,,,4.0,2.0,3.0,1.0,1.0,1.0,,,,,,,,,,,,,0.0,0.0,10.0,5.0,12.0,15.0,1.0,10.0,0.0,1.0,,,4.0,0.0,1.0,2.0,,,,,,,,,,,,,,,,,,,,,,,0.52,0.48,,,,,,,,,,,6.0,8.0,5.0,5.0,1.0,3.0,,,,,,,,,,,,,1.0,1.0,8.0,7.0,13.0,5.0,6.0,8.0,0.0,1.0,,,1.0,0.0,4.0,5.0,,,,,,,,,,,,
fNDiHxjg,ROMANIA,2023/2024,ROMANIA 1,Superliga,GILi6JC9,ROMANIA 1,25/08/2023,18:30,Round 7,U Craiova 1948,nNhLpi8p,FC Rapid Bucuresti,YFCpigVG,False,3,5,,,,,,[],[],,0.0,0.0,0.0,,0.0,0.0,0.0,,0.0,0.0,0.0,,0.0,0.0,,0.0,0.0,,0.0,0.0,,0.0,0.0,,0.0,0.0,,0.0,0.0,,0.0,0.0,,0.0,0.0,,0.0,0.0,,0.0,0.0,,0.0,0.0,,0.0,0.0,,0.0,0.0,,0.0,0.0,,0.0,0.0,0.0,,0.0,0.0,0.0,,0.0,0.0,0.0,,0.0,0.0,,0.0,0.0,,0.0,0.0,,0.0,0.0,0.0,0.0,0.0,0.0,0.0,0.0,0.0,,0.0,0.0,,0.0,0.0,,0.0,0.0,,0.0,,0.0,,0.0,,0.0,,0.0,,0.0,,0.0,,0.0,,0.0,,0.0,,0.0,,0.0,,0.0,,0.0,,0.0,,0.0,0.0,,0.0,0.0,,0.0,0.0,,0.0,0.0,,0.0,0.0,,0.0,0.0,,0.0,0.0,,0.0,0.0,,0.0,0.0,,0.0,0.0,,0.0,0.0,0.0,,0.0,0.0,0.0,,0.0,0.0,0.0,,0.0,0.0,0.0,,0.0,0.0,0.0,,0.0,0.0,0.0,,,,,,,,,,,,,,,,,,,,,,,,,,,,,,,,,,,,,,,,,,,,,,,,,,,,,,,,,,,,,,,,,,,,,,,,,,,,,,,,,,,,,,,,,,,,,,,,,,,,,,,,,,,,,,,,,,,,,,,,,,,,,,,,,,,,,,,,,,,,,,,,,,,,,,,,,,,,,,,,,,,,,,,,,,,,,,,,,,,,,,,,,,,,,,,,,,,,,,,,,,,,
8QVjnIjJ,ROMANIA,2023/2024,ROMANIA 1,Superliga,GILi6JC9,ROMANIA 1,21/08/2023,15:30,Round 6,Sepsi Sf. Gheorghe,IDsPIcMA,FC Hermannstadt,pUUuFXvI,False,1,1,,,,,,[],[],,0.0,0.0,0.0,,0.0,0.0,0.0,,0.0,0.0,0.0,,0.0,0.0,,0.0,0.0,,0.0,0.0,,0.0,0.0,,0.0,0.0,,0.0,0.0,,0.0,0.0,,0.0,0.0,,0.0,0.0,,0.0,0.0,,0.0,0.0,,0.0,0.0,,0.0,0.0,,0.0,0.0,,0.0,0.0,0.0,,0.0,0.0,0.0,,0.0,0.0,0.0,,0.0,0.0,,0.0,0.0,,0.0,0.0,,0.0,0.0,0.0,0.0,0.0,0.0,0.0,0.0,0.0,,0.0,0.0,,0.0,0.0,,0.0,0.0,,0.0,,0.0,,0.0,,0.0,,0.0,,0.0,,0.0,,0.0,,0.0,,0.0,,0.0,,0.0,,0.0,,0.0,,0.0,,0.0,0.0,,0.0,0.0,,0.0,0.0,,0.0,0.0,,0.0,0.0,,0.0,0.0,,0.0,0.0,,0.0,0.0,,0.0,0.0,,0.0,0.0,,0.0,0.0,0.0,,0.0,0.0,0.0,,0.0,0.0,0.0,,0.0,0.0,0.0,,0.0,0.0,0.0,,0.0,0.0,0.0,,,,,,,,,,,,,,,,,,,,,,,,,,,,,,,,,,,,,,,,,,,,,,,,,,,,,,,,,,,,,,,,,,,,,,,,,,,,,,,,,,,,,,,,,,,,,,,,,,,,,,,,,,,,,,,,,,,,,,,,,,,,,,,,,,,,,,,,,,,,,,,,,,,,,,,,,,,,,,,,,,,,,,,,,,,,,,,,,,,,,,,,,,,,,,,,,,,,,,,,,,,,
AcW69lhF,ROMANIA,2023/2024,ROMANIA 1,Superliga,GILi6JC9,ROMANIA 1,05/10/2023,17:00,Round 5,CFR Cluj,4KfIhq7B,Sepsi Sf. Gheorghe,IDsPIcMA,False,3,0,,,,,,"[41, 70, 81]",[],bet365,2.3,2.2,5.5,bet365,2.0,2.5,4.75,bet365,1.65,3.6,4.75,bet365,1.4,2.75,bet365,3.0,1.36,bet365,9.0,1.07,bet365,1.25,3.75,bet365,2.2,1.62,bet365,5.0,1.17,bet365,1.06,9.5,bet365,1.33,3.25,bet365,2.05,1.75,bet365,3.5,1.29,bet365,7.0,1.1,bet365,2.0,1.73,bet365,5.5,1.14,bet365,3.75,1.25,bet365,1.18,1.29,2.2,bet365,1.13,1.62,1.57,Novibet,1.2,1.51,1.71,bet365,1.25,3.75,Novibet,1.34,3.1,Betano.br,1.34,3.1,bet365,2.63,15.0,41.0,4.33,5.5,10.0,23.0,17.0,8.5,bet365,1.95,1.9,bet365,2.1,1.73,bet365,2.0,1.73,bet365,9.5,bet365,6.5,bet365,12.0,bet365,7.0,bet365,7.5,bet365,23.0,bet365,8.5,bet365,17.0,bet365,19.0,bet365,13.0,bet365,51.0,bet365,15.0,bet365,41.0,bet365,29.0,bet365,41.0,bet365,6.0,1.13,bet365,5.25,1.16,bet365,2.85,1.4,bet365,2.2,1.65,bet365,1.68,2.15,bet365,1.19,4.5,,0.0,0.0,,0.0,0.0,,0.0,0.0,,0.0,0.0,Betano.br,13.0,8.0,37.0,Betano.br,6.1,4.85,30.0,bet365,2.88,3.6,0.0,bet365,0.0,0.0,2.2,Betano.br,1.04,11.75,1.4,Betano.br,1.01,15.5,1.14,,,,,,,,,,,0.45,0.55,,,,,,,,,,,14.0,6.0,7.0,2.0,7.0,4.0,,,,,,,,,,,,,5.0,2.0,12.0,15.0,20.0,23.0,14.0,12.0,0.0,1.0,,,1.0,0.0,2.0,4.0,,,,,,,,,,,,,,,,,,,,,,,0.52,0.48,,,,,,,,,,,3.0,4.0,2.0,2.0,1.0,2.0,,,,,,,,,,,,,2.0,1.0,7.0,5.0,5.0,9.0,5.0,7.0,,,,,0.0,0.0,2.0,1.0,,,,,,,,,,,,,,,,,,,,,,,0.38,0.62,,,,,,,,,,,11.0,2.0,5.0,0.0,6.0,2.0,,,,,,,,,,,,,3.0,1.0,5.0,10.0,15.0,14.0,9.0,5.0,0.0,1.0,,,1.0,0.0,0.0,3.0,,,,,,,,,,,,
AeVn6Xbk,ROMANIA,2023/2024,ROMANIA 1,Superliga,GILi6JC9,ROMANIA 1,24/09/2023,18:00,Round 10,Sepsi Sf. Gheorghe,IDsPIcMA,FCSB,Gv2kjDpN,False,2,5,,,,,,"[51, 60]","[6, 11, 57, 69, 75]",bet365,3.4,2.1,3.1,bet365,3.0,2.4,2.75,bet365,2.7,3.3,2.4,bet365,1.4,2.75,bet365,3.0,1.36,bet365,8.0,1.08,bet365,1.22,4.0,bet365,2.1,1.67,bet365,4.5,1.18,bet365,1.05,11.0,bet365,1.3,3.4,bet365,2.0,1.85,bet365,3.4,1.3,bet365,7.0,1.1,bet365,1.73,2.0,bet365,4.5,1.18,bet365,3.4,1.3,bet365,1.53,1.33,1.44,bet365,1.36,1.67,1.3,Novibet,1.4,1.55,1.38,bet365,2.0,1.73,Betano.br,1.95,1.75,Betano.br,1.95,1.78,bet365,4.5,15.0,26.0,6.5,5.0,6.0,29.0,13.0,4.0,bet365,1.95,1.9,bet365,2.1,1.73,bet365,1.91,1.8,bet365,10.0,bet365,9.0,bet365,8.5,bet365,6.5,bet365,13.0,bet365,12.0,bet365,11.0,bet365,10.0,bet365,15.0,bet365,29.0,bet365,23.0,bet365,23.0,bet365,21.0,bet365,29.0,bet365,29.0,,0.0,0.0,,0.0,0.0,bet365,5.9,1.13,bet365,4.8,1.18,bet365,2.75,1.43,bet365,1.58,2.35,bet365,1.25,3.8,bet365,1.18,4.65,,0.0,0.0,,0.0,0.0,Novibet,38.0,14.5,0.0,Novibet,15.25,7.9,14.25,bet365,5.5,4.33,5.0,bet365,1.53,4.33,1.53,Novibet,1.15,7.6,1.14,Betano.br,1.05,11.75,1.03,,,,,,,,,,,0.48,0.52,,,,,,,,,,,11.0,14.0,4.0,7.0,7.0,7.0,,,,,,,,,,,,,6.0,2.0,11.0,13.0,28.0,14.0,12.0,11.0,2.0,2.0,,,1.0,0.0,2.0,2.0,,,,,,,,,,,,,,,,,,,,,,,0.43,0.57,,,,,,,,,,,3.0,7.0,1.0,3.0,2.0,4.0,,,,,,,,,,,,,1.0,1.0,5.0,6.0,17.0,10.0,5.0,5.0,1.0,1.0,,,1.0,0.0,1.0,1.0,,,,,,,,,,,,,,,,,,,,,,,0.53,0.47,,,,,,,,,,,8.0,7.0,3.0,4.0,5.0,3.0,,,,,,,,,,,,,5.0,1.0,6.0,7.0,11.0,4.0,7.0,6.0,1.0,1.0,,,0.0,0.0,1.0,1.0,,,,,,,,,,,,
x4EAPLaA,ROMANIA,2023/2024,ROMANIA 1,Superliga,GILi6JC9,ROMANIA 1,25/09/2023,18:00,Round 10,FC Rapid Bucuresti,YFCpigVG,CFR Cluj,4KfIhq7B,False,3,1,,,,,,"[5, 5, 51, 71]",[10],bet365,3.2,2.1,3.4,bet365,2.75,2.4,2.88,bet365,2.45,3.3,2.63,bet365,1.4,2.75,bet365,3.0,1.36,bet365,8.0,1.08,bet365,1.22,4.0,bet365,2.1,1.67,bet365,4.5,1.18,bet365,1.05,11.0,bet365,1.25,3.75,bet365,1.9,1.95,bet365,3.25,1.33,bet365,6.0,1.13,bet365,1.73,2.0,bet365,4.5,1.18,bet365,3.4,1.3,bet365,1.44,1.33,1.53,bet365,1.3,1.67,1.36,Novibet,1.38,1.53,1.42,bet365,1.8,1.91,Novibet,1.8,1.93,Betano.br,1.78,1.98,bet365,4.0,15.0,29.0,6.0,5.0,6.5,26.0,15.0,4.5,bet365,1.95,1.9,bet365,2.1,1.73,bet365,1.91,1.8,bet365,10.0,bet365,8.5,bet365,9.0,bet365,6.5,bet365,12.0,bet365,13.0,bet365,10.0,bet365,10.0,bet365,15.0,bet365,23.0,bet365,26.0,bet365,21.0,bet365,21.0,bet365,29.0,bet365,29.0,,0.0,0.0,,0.0,0.0,bet365,4.65,1.18,bet365,3.8,1.25,bet365,2.38,1.55,bet365,1.45,2.68,bet365,1.19,4.5,bet365,1.14,5.75,,0.0,0.0,,0.0,0.0,Novibet,31.0,13.25,0.0,Novibet,12.75,7.4,15.25,bet365,5.0,4.33,5.5,bet365,1.5,4.33,1.53,Novibet,1.13,8.0,1.16,Betano.br,1.04,12.5,1.05,,,,,,,,,,,0.49,0.51,,,,,,,,,,,21.0,15.0,7.0,9.0,14.0,6.0,,,,,,,,,,,,,10.0,2.0,12.0,12.0,18.0,21.0,12.0,9.0,2.0,2.0,,,0.0,3.0,8.0,4.0,,,,,,,,,,,,,,,,,,,,,,,0.55,0.45,,,,,,,,,,,8.0,6.0,2.0,4.0,6.0,2.0,,,,,,,,,,,,,6.0,1.0,5.0,7.0,5.0,9.0,7.0,3.0,1.0,1.0,,,0.0,2.0,3.0,1.0,,,,,,,,,,,,,,,,,,,,,,,0.43,0.57,,,,,,,,,,,13.0,9.0,5.0,5.0,8.0,4.0,,,,,,,,,,,,,4.0,1.0,7.0,5.0,13.0,12.0,5.0,6.0,1.0,1.0,,,0.0,1.0,5.0,3.0,,,,,,,,,,,,
W4Wr7Dqq,ROMANIA,2023/2024,ROMANIA 1,Superliga,GILi6JC9,ROMANIA 1,22/09/2023,15:00,Round 10,U Craiova 1948,nNhLpi8p,Otelul,2H5uhNyO,False,0,2,,,,,,[],"[62, 80]",bet365,2.75,2.1,4.33,bet365,2.3,2.38,3.75,bet365,1.95,3.2,3.75,bet365,1.44,2.63,bet365,3.25,1.33,bet365,9.0,1.07,bet365,1.29,3.5,bet365,2.25,1.57,bet365,5.5,1.14,bet365,1.07,9.0,bet365,1.33,3.25,bet365,2.1,1.7,bet365,3.75,1.25,bet365,8.0,1.08,bet365,1.91,1.8,bet365,5.5,1.14,bet365,3.75,1.25,bet365,1.25,1.36,1.8,bet365,1.2,1.67,1.4,Novibet,1.29,1.55,1.52,bet365,1.44,2.63,Betano.br,1.52,2.37,Betano.br,1.52,2.45,bet365,3.25,15.0,34.0,5.0,5.0,8.0,26.0,15.0,6.5,bet365,1.95,1.9,bet365,2.1,1.73,bet365,2.0,1.73,bet365,8.5,bet365,6.5,bet365,10.0,bet365,6.5,bet365,9.0,bet365,19.0,bet365,9.0,bet365,13.0,bet365,15.0,bet365,17.0,bet365,41.0,bet365,17.0,bet365,34.0,bet365,29.0,bet365,41.0,bet365,7.0,1.1,bet365,6.8,1.11,bet365,3.7,1.26,bet365,2.85,1.4,bet365,2.0,1.85,bet365,1.26,3.7,,0.0,0.0,,0.0,0.0,,0.0,0.0,,0.0,0.0,Betano.br,19.0,10.0,35.0,Novibet,9.5,6.2,24.0,bet365,3.75,3.75,0.0,bet365,0.0,0.0,1.8,Novibet,1.08,10.0,1.25,Betano.br,1.02,15.0,1.08,,,,,,,,,,,0.62,0.38,,,,,,,,,,,17.0,14.0,4.0,5.0,13.0,9.0,,,,,,,,,,,,,10.0,7.0,14.0,10.0,19.0,25.0,8.0,14.0,1.0,2.0,,,2.0,0.0,3.0,4.0,,,,,,,,,,,,,,,,,,,,,,,0.62,0.38,,,,,,,,,,,11.0,8.0,3.0,1.0,8.0,7.0,,,,,,,,,,,,,4.0,3.0,7.0,7.0,10.0,14.0,6.0,7.0,,,,,1.0,0.0,1.0,3.0,,,,,,,,,,,,,,,,,,,,,,,0.62,0.38,,,,,,,,,,,6.0,6.0,1.0,4.0,5.0,2.0,,,,,,,,,,,,,6.0,4.0,7.0,3.0,9.0,11.0,2.0,7.0,1.0,2.0,,,1.0,0.0,2.0,1.0,,,,,,,,,,,,
AJ3GBYJU,ROMANIA,2023/2024,ROMANIA 1,Superliga,GILi6JC9,ROMANIA 1,04/09/2023,18:30,Round 8,Sepsi Sf. Gheorghe,IDsPIcMA,UTA Arad,QDiPqBNj,False,1,0,,,,,,"[83, 90]",[],bet365,2.2,2.1,6.5,bet365,1.91,2.4,6.0,bet365,1.55,3.5,6.0,bet365,1.5,2.5,bet365,3.4,1.3,bet365,10.0,1.06,bet365,1.3,3.4,bet365,2.38,1.53,bet365,5.5,1.14,bet365,1.07,9.0,bet365,1.4,2.75,bet365,2.25,1.62,bet365,4.0,1.22,bet365,9.0,1.07,bet365,2.25,1.57,bet365,6.5,1.11,bet365,4.33,1.2,bet365,1.11,1.25,2.25,bet365,1.1,1.67,1.62,Betano.br,1.15,1.5,1.75,bet365,1.18,4.5,Betano.br,1.27,3.45,Betano.br,1.27,3.55,bet365,2.5,15.0,41.0,4.0,5.0,12.0,26.0,19.0,11.0,bet365,1.95,1.9,bet365,2.2,1.67,bet365,2.0,1.73,bet365,7.5,bet365,5.5,bet365,13.0,bet365,7.5,bet365,6.5,bet365,29.0,bet365,9.0,bet365,21.0,bet365,21.0,bet365,11.0,bet365,67.0,bet365,15.0,bet365,51.0,bet365,34.0,bet365,51.0,bet365,5.75,1.14,bet365,4.5,1.19,bet365,2.68,1.45,bet365,2.05,1.8,bet365,1.55,2.38,bet365,1.13,5.9,,0.0,0.0,,0.0,0.0,,0.0,0.0,,0.0,0.0,Betano.br,13.0,7.7,40.0,Betano.br,5.8,4.6,37.0,bet365,2.63,3.4,0.0,bet365,0.0,0.0,2.25,Betano.br,1.03,12.5,1.45,Betano.br,1.01,15.5,1.15,,,,,,,,,,,0.63,0.37,,,,,,,,,,,15.0,12.0,4.0,5.0,11.0,7.0,,,,,,,,,,,,,6.0,2.0,12.0,11.0,30.0,16.0,7.0,12.0,2.0,1.0,,,4.0,0.0,5.0,3.0,,,,,,,,,,,,,,,,,,,,,,,0.65,0.35,,,,,,,,,,,8.0,7.0,1.0,2.0,7.0,5.0,,,,,,,,,,,,,3.0,1.0,6.0,3.0,15.0,9.0,2.0,6.0,,,,,1.0,0.0,2.0,1.0,,,,,,,,,,,,,,,,,,,,,,,0.61,0.39,,,,,,,,,,,7.0,5.0,3.0,3.0,4.0,2.0,,,,,,,,,,,,,3.0,1.0,6.0,8.0,15.0,7.0,5.0,6.0,2.0,1.0,,,3.0,0.0,3.0,2.0,,,,,,,,,,,,
0v3jsoRC,ROMANIA,2023/2024,ROMANIA 1,Superliga,GILi6JC9,ROMANIA 1,27/10/2023,14:30,Round 14,FC Voluntari,WIoSeFi4,Sepsi Sf. Gheorghe,IDsPIcMA,False,0,2,,,,,,[],"[5, 76]",bet365,3.75,2.0,3.1,bet365,3.25,2.3,2.63,bet365,3.1,3.1,2.25,bet365,1.5,2.5,bet365,3.4,1.3,bet365,10.0,1.06,bet365,1.3,3.4,bet365,2.38,1.53,bet365,5.5,1.14,bet365,1.08,8.0,bet365,1.4,2.75,bet365,2.25,1.62,bet365,4.0,1.22,bet365,10.0,1.06,bet365,1.91,1.8,bet365,5.5,1.14,bet365,3.75,1.25,bet365,1.62,1.36,1.36,bet365,1.36,1.73,1.25,Novibet,1.47,1.6,1.29,bet365,2.2,1.62,Novibet,2.25,1.6,Novibet,2.25,1.61,bet365,5.5,15.0,29.0,6.5,4.5,5.5,34.0,15.0,3.75,bet365,1.95,1.9,bet365,2.2,1.67,bet365,2.0,1.73,bet365,8.0,bet365,8.5,bet365,7.0,bet365,6.0,bet365,15.0,bet365,10.0,bet365,12.0,bet365,9.5,bet365,17.0,bet365,34.0,bet365,21.0,bet365,29.0,bet365,21.0,bet365,41.0,bet365,34.0,,0.0,0.0,,0.0,0.0,bet365,7.0,1.1,bet365,5.9,1.13,bet365,3.0,1.38,bet365,1.6,2.3,bet365,1.25,3.8,bet365,1.18,4.65,,0.0,0.0,,0.0,0.0,Novibet,51.0,17.5,0.0,Novibet,25.0,9.9,11.5,bet365,0.0,0.0,4.75,bet365,1.62,4.0,0.0,Novibet,1.2,6.6,1.08,Betano.br,1.05,11.5,1.02,,,,,,,,,,,0.56,0.44,,,,,,,,,,,10.0,7.0,6.0,6.0,4.0,1.0,,,,,,,,,,,,,6.0,3.0,16.0,12.0,27.0,12.0,8.0,15.0,2.0,2.0,,,4.0,1.0,4.0,6.0,,,,,,,,,,,,,,,,,,,,,,,0.52,0.48,,,,,,,,,,,8.0,3.0,4.0,3.0,4.0,0.0,,,,,,,,,,,,,3.0,1.0,7.0,6.0,7.0,6.0,5.0,7.0,0.0,1.0,,,1.0,0.0,2.0,4.0,,,,,,,,,,,,,,,,,,,,,,,0.6,0.4,,,,,,,,,,,2.0,4.0,2.0,3.0,0.0,1.0,,,,,,,,,,,,,3.0,2.0,9.0,6.0,20.0,6.0,3.0,8.0,2.0,1.0,,,3.0,1.0,2.0,2.0,,,,,,,,,,,,
QqTzDrG4,ROMANIA,2023/2024,ROMANIA 1,Superliga,GILi6JC9,ROMANIA 1,18/09/2023,15:30,Round 9,Poli Iasi,t84qisiU,FC Botosani,GjY1JjUS,False,1,1,,,,,,"[68, 89]",[48],bet365,2.88,2.05,4.0,bet365,2.5,2.38,3.5,bet365,2.15,3.0,3.4,bet365,1.44,2.63,bet365,3.25,1.33,bet365,10.0,1.06,bet365,1.29,3.5,bet365,2.25,1.57,bet365,5.5,1.14,bet365,1.07,9.0,bet365,1.36,3.0,bet365,2.15,1.67,bet365,3.75,1.25,bet365,9.0,1.07,bet365,1.83,1.83,bet365,5.5,1.14,bet365,3.5,1.29,bet365,1.3,1.36,1.67,bet365,1.22,1.73,1.4,Novibet,1.3,1.59,1.47,bet365,1.5,2.5,Betano.br,1.57,2.25,Betano.br,1.6,2.25,bet365,3.6,15.0,34.0,5.0,4.75,7.0,26.0,15.0,5.5,bet365,1.95,1.9,bet365,2.2,1.67,bet365,2.0,1.73,bet365,8.0,bet365,7.0,bet365,9.5,bet365,6.0,bet365,10.0,bet365,17.0,bet365,9.5,bet365,13.0,bet365,15.0,bet365,21.0,bet365,41.0,bet365,19.0,bet365,29.0,bet365,29.0,bet365,41.0,,0.0,0.0,,0.0,0.0,bet365,4.15,1.22,bet365,3.3,1.33,bet365,2.1,1.7,bet365,1.3,3.45,bet365,1.1,7.0,bet365,1.12,6.4,,0.0,0.0,,0.0,0.0,Betano.br,23.0,11.0,35.0,Novibet,11.5,6.8,23.0,bet365,4.33,4.0,0.0,bet365,0.0,0.0,1.67,Novibet,1.08,9.8,1.2,Betano.br,1.02,14.5,1.06,,,,,,,,,,,0.64,0.36,,,,,,,,,,,16.0,7.0,3.0,3.0,13.0,4.0,,,,,,,,,,,,,8.0,7.0,18.0,11.0,34.0,21.0,12.0,19.0,0.0,2.0,,,1.0,6.0,2.0,2.0,,,,,,,,,,,,,,,,,,,,,,,0.6,0.4,,,,,,,,,,,8.0,5.0,2.0,2.0,6.0,3.0,,,,,,,,,,,,,6.0,4.0,11.0,4.0,18.0,12.0,4.0,10.0,0.0,1.0,,,0.0,1.0,2.0,2.0,,,,,,,,,,,,,,,,,,,,,,,0.68,0.32,,,,,,,,,,,8.0,2.0,1.0,1.0,7.0,1.0,,,,,,,,,,,,,2.0,3.0,7.0,7.0,16.0,9.0,8.0,9.0,0.0,1.0,,,1.0,5.0,0.0,0.0,,,,,,,,,,,,
Y7PrJbLt,ROMANIA,2023/2024,ROMANIA 1,Superliga,GILi6JC9,ROMANIA 1,26/08/2023,18:45,Round 7,Dinamo Bucuresti,rBgMi3MH,Petrolul,dhnNlCE9,False,1,1,,,,,,[21],[37],bet365,3.5,2.05,3.25,bet365,3.0,2.3,2.75,bet365,2.75,3.1,2.4,bet365,1.44,2.63,bet365,3.4,1.3,bet365,10.0,1.06,bet365,1.29,3.5,bet365,2.25,1.57,bet365,5.5,1.14,bet365,1.07,9.0,bet365,1.36,3.0,bet365,2.15,1.67,bet365,4.0,1.22,bet365,9.0,1.07,bet365,1.83,1.83,bet365,5.5,1.14,bet365,3.75,1.25,bet365,1.5,1.33,1.36,bet365,1.33,1.73,1.29,Novibet,1.42,1.58,1.34,bet365,2.0,1.73,Novibet,2.01,1.74,Novibet,2.01,1.75,bet365,4.75,15.0,29.0,6.5,4.75,6.0,29.0,15.0,4.33,bet365,1.95,1.9,bet365,2.2,1.67,bet365,2.0,1.73,bet365,8.5,bet365,8.0,bet365,7.5,bet365,6.0,bet365,13.0,bet365,11.0,bet365,11.0,bet365,10.0,bet365,15.0,bet365,29.0,bet365,23.0,bet365,23.0,bet365,21.0,bet365,34.0,bet365,34.0,,0.0,0.0,,0.0,0.0,bet365,5.9,1.13,bet365,4.8,1.18,bet365,2.68,1.45,bet365,1.5,2.5,bet365,1.21,4.25,bet365,1.15,5.5,,0.0,0.0,,0.0,0.0,Novibet,46.0,15.75,0.0,Novibet,18.75,8.6,13.25,bet365,5.5,4.33,5.0,bet365,1.5,4.0,1.44,Novibet,1.17,7.2,1.11,Betano.br,1.04,12.0,1.03,,,,,,,,,,,0.53,0.47,,,,,,,,,,,12.0,11.0,8.0,2.0,4.0,9.0,,,,,,,,,,,,,6.0,3.0,6.0,14.0,16.0,15.0,13.0,6.0,2.0,3.0,,,1.0,0.0,1.0,7.0,,,,,,,,,,,,,,,,,,,,,,,0.57,0.43,,,,,,,,,,,8.0,3.0,7.0,1.0,1.0,2.0,,,,,,,,,,,,,3.0,0.0,4.0,6.0,7.0,10.0,5.0,4.0,1.0,1.0,,,1.0,0.0,0.0,6.0,,,,,,,,,,,,,,,,,,,,,,,0.49,0.51,,,,,,,,,,,4.0,8.0,1.0,1.0,3.0,7.0,,,,,,,,,,,,,3.0,3.0,2.0,8.0,9.0,5.0,8.0,2.0,1.0,2.0,,,0.0,0.0,1.0,1.0,,,,,,,,,,,,
O214EzzC,ROMANIA,2023/2024,ROMANIA 1,Superliga,GILi6JC9,ROMANIA 1,02/09/2023,16:00,Round 8,FC Voluntari,WIoSeFi4,CFR Cluj,4KfIhq7B,False,1,4,,,,,,[27],"[43, 45, 57, 90]",bet365,4.5,2.1,2.63,bet365,4.0,2.38,2.25,bet365,3.8,3.3,1.91,bet365,1.44,2.63,bet365,3.25,1.33,bet365,9.0,1.07,bet365,1.29,3.5,bet365,2.25,1.57,bet365,5.5,1.14,bet365,1.07,9.0,bet365,1.36,3.0,bet365,2.1,1.7,bet365,3.75,1.25,bet365,8.0,1.08,bet365,1.91,1.8,bet365,5.5,1.14,bet365,3.75,1.25,bet365,1.83,1.33,1.25,bet365,1.44,1.67,1.17,Novibet,1.6,1.52,1.25,bet365,2.75,1.4,Novibet,2.6,1.46,Novibet,2.55,1.47,bet365,6.5,15.0,26.0,8.0,5.0,4.75,34.0,15.0,3.1,bet365,1.95,1.9,bet365,2.1,1.73,bet365,2.0,1.73,bet365,8.5,bet365,10.0,bet365,6.5,bet365,6.5,bet365,19.0,bet365,8.5,bet365,15.0,bet365,9.0,bet365,17.0,bet365,41.0,bet365,17.0,bet365,34.0,bet365,17.0,bet365,41.0,bet365,29.0,,0.0,0.0,,0.0,0.0,,0.0,0.0,,0.0,0.0,bet365,3.9,1.24,bet365,1.93,1.93,bet365,1.45,2.68,bet365,1.3,3.45,bet365,1.11,6.8,bet365,1.1,7.0,Novibet,46.0,14.25,19.0,Novibet,30.0,11.0,7.8,bet365,0.0,0.0,3.6,bet365,1.83,3.75,0.0,Betano.br,1.27,5.7,1.08,Novibet,1.09,9.8,1.0,,,,,,,,,,,0.46,0.54,,,,,,,,,,,10.0,19.0,4.0,9.0,6.0,10.0,,,,,,,,,,,,,5.0,7.0,14.0,8.0,24.0,12.0,8.0,12.0,1.0,1.0,,,0.0,2.0,5.0,3.0,,,,,,,,,,,,,,,,,,,,,,,0.41,0.59,,,,,,,,,,,5.0,9.0,1.0,5.0,4.0,4.0,,,,,,,,,,,,,2.0,3.0,8.0,4.0,18.0,9.0,4.0,7.0,1.0,1.0,,,0.0,1.0,3.0,0.0,,,,,,,,,,,,,,,,,,,,,,,0.51,0.49,,,,,,,,,,,5.0,10.0,3.0,4.0,2.0,6.0,,,,,,,,,,,,,3.0,4.0,6.0,4.0,6.0,3.0,4.0,5.0,,,,,0.0,1.0,2.0,3.0,,,,,,,,,,,,
fPKi90FT,ROMANIA,2023/2024,ROMANIA 1,Superliga,GILi6JC9,ROMANIA 1,16/09/2023,18:30,Round 9,Univ. Craiova,bsd9fGaK,Sepsi Sf. Gheorghe,IDsPIcMA,False,2,1,,,,,,"[1, 28]",[42],bet365,2.75,2.1,4.0,bet365,2.38,2.4,3.6,bet365,2.05,3.3,3.4,bet365,1.44,2.63,bet365,3.25,1.33,bet365,9.0,1.07,bet365,1.25,3.75,bet365,2.2,1.62,bet365,5.0,1.17,bet365,1.06,10.0,bet365,1.33,3.25,bet365,2.1,1.7,bet365,3.75,1.25,bet365,8.0,1.08,bet365,1.83,1.83,bet365,5.0,1.17,bet365,3.5,1.29,bet365,1.3,1.33,1.73,bet365,1.22,1.67,1.4,Novibet,1.26,1.52,1.59,bet365,1.5,2.5,Novibet,1.47,2.55,Betano.br,1.5,2.5,bet365,3.4,15.0,34.0,5.0,5.0,7.5,26.0,15.0,6.0,bet365,1.95,1.9,bet365,2.1,1.73,bet365,2.0,1.73,bet365,9.0,bet365,7.0,bet365,10.0,bet365,6.5,bet365,9.5,bet365,17.0,bet365,9.0,bet365,13.0,bet365,15.0,bet365,19.0,bet365,41.0,bet365,17.0,bet365,29.0,bet365,29.0,bet365,41.0,bet365,7.0,1.1,bet365,6.8,1.11,bet365,3.9,1.24,bet365,3.1,1.35,bet365,2.1,1.78,bet365,1.3,3.45,bet365,1.1,7.0,,0.0,0.0,,0.0,0.0,,0.0,0.0,Betano.br,17.5,9.5,37.0,Novibet,7.9,5.7,24.0,bet365,4.0,3.75,0.0,bet365,0.0,0.0,1.73,Betano.br,1.07,9.75,1.29,Betano.br,1.02,15.0,1.09,,,,,,,,,,,0.54,0.46,,,,,,,,,,,19.0,10.0,7.0,6.0,12.0,4.0,,,,,,,,,,,,,6.0,6.0,17.0,18.0,23.0,15.0,17.0,14.0,3.0,3.0,1.0,0.0,1.0,3.0,5.0,5.0,,,,,,,,,,,,,,,,,,,,,,,0.61,0.39,,,,,,,,,,,8.0,3.0,3.0,2.0,5.0,1.0,,,,,,,,,,,,,2.0,2.0,8.0,9.0,13.0,5.0,9.0,7.0,1.0,0.0,,,0.0,1.0,1.0,1.0,,,,,,,,,,,,,,,,,,,,,,,0.47,0.53,,,,,,,,,,,11.0,7.0,4.0,4.0,7.0,3.0,,,,,,,,,,,,,4.0,4.0,9.0,9.0,10.0,10.0,8.0,7.0,2.0,3.0,1.0,0.0,1.0,2.0,4.0,4.0,,,,,,,,,,,,
K4a94a6m,ROMANIA,2023/2024,ROMANIA 1,Superliga,GILi6JC9,ROMANIA 1,20/08/2023,18:30,Round 6,FCSB,Gv2kjDpN,Poli Iasi,t84qisiU,False,2,1,,,,,,"[44, 69]",[79],bet365,1.83,2.5,7.5,bet365,1.62,2.88,7.0,bet365,1.36,5.0,8.0,bet365,1.33,3.25,bet365,2.5,1.5,bet365,6.5,1.11,bet365,1.2,4.33,bet365,1.91,1.8,bet365,4.0,1.22,bet365,1.04,13.0,bet365,1.22,4.0,bet365,1.73,2.08,bet365,2.75,1.4,bet365,5.5,1.14,bet365,2.1,1.67,bet365,5.5,1.14,bet365,3.75,1.25,bet365,1.08,1.17,3.0,bet365,1.07,1.5,1.83,Betano.br,1.12,1.37,2.07,bet365,1.11,6.5,Novibet,1.24,3.8,Betano.br,1.18,4.5,bet365,2.0,17.0,41.0,4.0,7.0,17.0,21.0,21.0,15.0,bet365,1.95,1.9,bet365,2.0,1.8,bet365,1.91,1.8,bet365,13.0,bet365,7.0,bet365,19.0,bet365,9.5,bet365,6.5,bet365,41.0,bet365,9.0,bet365,23.0,bet365,21.0,bet365,8.5,bet365,101.0,bet365,12.0,bet365,51.0,bet365,29.0,bet365,51.0,bet365,3.55,1.28,bet365,2.85,1.4,bet365,2.03,1.78,bet365,1.55,2.38,bet365,1.35,3.1,bet365,1.11,6.8,,0.0,0.0,,0.0,0.0,,0.0,0.0,,0.0,0.0,Novibet,9.1,6.8,0.0,Betano.br,3.65,4.15,37.0,bet365,2.0,3.75,0.0,bet365,0.0,0.0,3.0,Betano.br,1.02,14.0,1.78,Betano.br,0.0,0.0,1.29,,,,,,,,,,,0.58,0.42,,,,,,,,,,,11.0,10.0,6.0,3.0,5.0,7.0,,,,,,,,,,,,,10.0,1.0,16.0,9.0,18.0,20.0,9.0,15.0,3.0,2.0,,,0.0,1.0,2.0,4.0,,,,,,,,,,,,,,,,,,,,,,,0.68,0.32,,,,,,,,,,,7.0,3.0,4.0,0.0,3.0,3.0,,,,,,,,,,,,,7.0,0.0,7.0,4.0,9.0,11.0,4.0,7.0,1.0,2.0,,,0.0,0.0,0.0,3.0,,,,,,,,,,,,,,,,,,,,,,,0.48,0.52,,,,,,,,,,,4.0,7.0,2.0,3.0,2.0,4.0,,,,,,,,,,,,,3.0,1.0,9.0,5.0,9.0,9.0,5.0,8.0,2.0,0.0,,,0.0,1.0,2.0,1.0,,,,,,,,,,,,
pl01T30o,ROMANIA,2023/2024,ROMANIA 1,Superliga,GILi6JC9,ROMANIA 1,17/09/2023,18:45,Round 9,Farul Constanta,CrJbN1Pa,FCSB,Gv2kjDpN,False,0,1,,,,,,[],[56],bet365,3.25,2.25,3.0,bet365,2.88,2.6,2.63,bet365,2.7,3.3,2.45,bet365,1.33,3.25,bet365,2.63,1.44,bet365,6.5,1.11,bet365,1.18,4.5,bet365,1.83,1.83,bet365,3.75,1.25,bet365,1.04,13.0,bet365,1.2,4.33,bet365,1.7,2.1,bet365,2.63,1.44,bet365,5.0,1.17,bet365,1.57,2.25,bet365,4.0,1.22,bet365,2.75,1.4,bet365,1.53,1.33,1.44,bet365,1.36,1.57,1.33,Novibet,1.47,1.51,1.36,bet365,1.91,1.8,Novibet,2.04,1.72,Betano.br,2.07,1.7,bet365,4.33,13.0,23.0,6.5,6.0,6.0,23.0,13.0,4.0,bet365,1.95,1.9,bet365,2.1,1.73,bet365,1.91,1.8,bet365,13.0,bet365,11.0,bet365,11.0,bet365,6.5,bet365,15.0,bet365,13.0,bet365,11.0,bet365,10.0,bet365,12.0,bet365,29.0,bet365,23.0,bet365,21.0,bet365,19.0,bet365,26.0,bet365,23.0,,0.0,0.0,,0.0,0.0,bet365,5.5,1.15,bet365,4.5,1.19,bet365,2.68,1.45,bet365,1.55,2.38,bet365,1.25,3.8,bet365,1.19,4.5,,0.0,0.0,,0.0,0.0,Novibet,37.0,15.0,0.0,Novibet,15.75,8.6,10.5,bet365,0.0,0.0,4.75,bet365,1.53,4.5,0.0,Novibet,1.2,7.0,1.12,Betano.br,1.06,11.0,1.04,,,,,,,,,,,0.55,0.45,,,,,,,,,,,14.0,9.0,3.0,5.0,11.0,4.0,,,,,,,,,,,,,3.0,3.0,13.0,12.0,23.0,20.0,10.0,12.0,3.0,1.0,,,2.0,1.0,4.0,3.0,,,,,,,,,,,,,,,,,,,,,,,0.48,0.52,,,,,,,,,,,11.0,8.0,2.0,4.0,9.0,4.0,,,,,,,,,,,,,2.0,3.0,7.0,7.0,7.0,10.0,6.0,6.0,1.0,1.0,,,1.0,1.0,4.0,2.0,,,,,,,,,,,,,,,,,,,,,,,0.62,0.38,,,,,,,,,,,3.0,1.0,1.0,1.0,2.0,0.0,,,,,,,,,,,,,1.0,0.0,6.0,5.0,16.0,10.0,4.0,6.0,2.0,0.0,,,1.0,0.0,0.0,1.0,,,,,,,,,,,,
tvCaFGK5,ROMANIA,2023/2024,ROMANIA 1,Superliga,GILi6JC9,ROMANIA 1,04/09/2023,15:30,Round 8,FC Botosani,GjY1JjUS,FC Hermannstadt,pUUuFXvI,False,2,2,,,,,,"[22, 53]","[29, 45]",bet365,3.75,1.91,3.4,bet365,3.2,2.2,2.88,bet365,2.88,3.0,2.45,bet365,1.57,2.25,bet365,3.75,1.25,bet365,11.0,1.05,bet365,1.33,3.25,bet365,2.63,1.44,bet365,6.5,1.11,bet365,1.1,7.0,bet365,1.5,2.5,bet365,2.6,1.48,bet365,5.0,1.17,bet365,13.0,1.04,bet365,2.1,1.67,bet365,6.0,1.13,bet365,4.33,1.2,bet365,1.53,1.36,1.4,bet365,1.3,1.8,1.25,Novibet,1.4,1.63,1.33,bet365,2.0,1.73,Novibet,2.01,1.75,Betano.br,2.02,1.75,bet365,5.0,15.0,34.0,6.5,4.33,5.5,34.0,15.0,4.33,bet365,1.95,1.9,bet365,2.2,1.67,bet365,2.0,1.73,bet365,6.5,bet365,7.0,bet365,6.5,bet365,6.0,bet365,13.0,bet365,11.0,bet365,12.0,bet365,11.0,bet365,19.0,bet365,29.0,bet365,23.0,bet365,29.0,bet365,23.0,bet365,41.0,bet365,41.0,,0.0,0.0,,0.0,0.0,bet365,6.8,1.11,bet365,5.75,1.14,bet365,2.85,1.4,bet365,1.53,2.43,bet365,1.2,4.4,bet365,1.14,5.75,,0.0,0.0,,0.0,0.0,Novibet,51.0,16.25,0.0,Novibet,21.0,8.8,15.25,bet365,0.0,0.0,5.5,bet365,1.53,4.0,0.0,Novibet,1.15,7.4,1.1,Betano.br,1.04,12.5,1.03,,,,,,,,,,,0.37,0.63,,,,,,,,,,,13.0,12.0,3.0,2.0,10.0,10.0,,,,,,,,,,,,,2.0,6.0,9.0,14.0,37.0,24.0,13.0,8.0,2.0,2.0,1.0,1.0,1.0,1.0,0.0,1.0,,,,,,,,,,,,,,,,,,,,,,,0.38,0.62,,,,,,,,,,,6.0,6.0,2.0,2.0,4.0,4.0,,,,,,,,,,,,,1.0,2.0,2.0,8.0,23.0,13.0,7.0,2.0,1.0,0.0,,,1.0,0.0,0.0,1.0,,,,,,,,,,,,,,,,,,,,,,,0.36,0.64,,,,,,,,,,,7.0,6.0,1.0,0.0,6.0,6.0,,,,,,,,,,,,,1.0,4.0,7.0,6.0,14.0,11.0,6.0,6.0,1.0,2.0,1.0,1.0,0.0,1.0,0.0,0.0,,,,,,,,,,,,
WS4CCE4O,ROMANIA,2023/2024,ROMANIA 1,Superliga,GILi6JC9,ROMANIA 1,01/09/2023,15:30,Round 8,Petrolul,dhnNlCE9,Otelul,2H5uhNyO,False,2,2,,,,,,"[30, 53]","[15, 59, 65]",bet365,3.1,1.91,4.5,bet365,2.6,2.2,3.75,bet365,2.15,3.0,3.4,bet365,1.62,2.2,bet365,4.0,1.22,bet365,13.0,1.04,bet365,1.36,3.0,bet365,2.75,1.4,bet365,7.0,1.1,bet365,1.11,6.5,bet365,1.53,2.38,bet365,2.7,1.44,bet365,5.5,1.14,bet365,13.0,1.04,bet365,2.25,1.57,bet365,6.5,1.11,bet365,4.5,1.18,bet365,1.3,1.36,1.67,bet365,1.18,1.8,1.36,Betano.br,1.26,1.62,1.44,bet365,1.5,2.5,Betano.br,1.57,2.25,Betano.br,1.6,2.27,bet365,3.75,15.0,41.0,5.0,4.0,7.0,29.0,15.0,6.0,bet365,1.95,1.9,bet365,2.3,1.62,bet365,2.0,1.73,bet365,6.0,bet365,5.5,bet365,7.5,bet365,6.0,bet365,9.0,bet365,15.0,bet365,10.0,bet365,13.0,bet365,21.0,bet365,21.0,bet365,41.0,bet365,23.0,bet365,34.0,bet365,41.0,bet365,51.0,,0.0,0.0,,0.0,0.0,bet365,4.5,1.19,bet365,3.45,1.3,bet365,2.1,1.7,bet365,1.3,3.45,bet365,1.1,7.0,,0.0,0.0,,0.0,0.0,,0.0,0.0,Betano.br,26.0,11.5,37.0,Betano.br,12.0,6.4,24.0,bet365,4.75,3.6,0.0,bet365,0.0,0.0,1.67,Betano.br,1.07,9.5,1.19,Betano.br,1.02,15.0,1.05,,,,,,,,,,,0.47,0.53,,,,,,,,,,,12.0,9.0,6.0,7.0,6.0,2.0,,,,,,,,,,,,,5.0,5.0,18.0,9.0,23.0,25.0,9.0,17.0,1.0,4.0,,,0.0,1.0,5.0,4.0,,,,,,,,,,,,,,,,,,,,,,,0.42,0.58,,,,,,,,,,,9.0,4.0,4.0,3.0,5.0,1.0,,,,,,,,,,,,,2.0,3.0,10.0,4.0,11.0,10.0,4.0,9.0,,,,,0.0,1.0,3.0,3.0,,,,,,,,,,,,,,,,,,,,,,,0.53,0.47,,,,,,,,,,,3.0,5.0,2.0,4.0,1.0,1.0,,,,,,,,,,,,,3.0,2.0,8.0,5.0,12.0,15.0,5.0,8.0,1.0,4.0,,,0.0,0.0,2.0,1.0,,,,,,,,,,,,
SYt2AUx9,ROMANIA,2023/2024,ROMANIA 1,Superliga,GILi6JC9,ROMANIA 1,21/09/2023,17:00,Round 5,FC Hermannstadt,pUUuFXvI,FCSB,Gv2kjDpN,False,2,2,,,,,,"[13, 62, 63]","[31, 47]",bet365,4.33,2.05,2.75,bet365,3.6,2.38,2.4,bet365,3.6,3.2,2.0,bet365,1.44,2.63,bet365,3.25,1.33,bet365,9.0,1.07,bet365,1.29,3.5,bet365,2.25,1.57,bet365,5.5,1.14,bet365,1.07,9.0,bet365,1.36,3.0,bet365,2.1,1.7,bet365,3.75,1.25,bet365,8.0,1.08,bet365,1.83,1.83,bet365,5.5,1.14,bet365,3.75,1.25,bet365,1.8,1.36,1.29,bet365,1.4,1.73,1.2,Novibet,1.51,1.56,1.29,bet365,2.63,1.44,Novibet,2.3,1.58,Betano.br,2.37,1.55,bet365,6.0,15.0,26.0,7.5,4.75,5.0,34.0,15.0,3.4,bet365,1.95,1.9,bet365,2.2,1.67,bet365,2.0,1.73,bet365,8.5,bet365,10.0,bet365,7.0,bet365,6.5,bet365,17.0,bet365,9.0,bet365,13.0,bet365,9.0,bet365,15.0,bet365,41.0,bet365,19.0,bet365,34.0,bet365,17.0,bet365,41.0,bet365,29.0,,0.0,0.0,,0.0,0.0,,0.0,0.0,bet365,7.0,1.1,bet365,3.45,1.3,bet365,1.75,2.05,bet365,1.35,3.1,bet365,1.24,3.9,bet365,1.1,7.0,,0.0,0.0,Novibet,51.0,17.25,0.0,Novibet,24.0,9.8,10.0,bet365,0.0,0.0,4.0,bet365,1.8,3.75,0.0,Novibet,1.23,6.2,1.08,Betano.br,1.07,10.25,1.02,,,,,,,,,,,0.41,0.59,,,,,,,,,,,19.0,11.0,7.0,6.0,12.0,5.0,,,,,,,,,,,,,4.0,3.0,18.0,18.0,18.0,21.0,18.0,18.0,2.0,3.0,0.0,1.0,,,4.0,5.0,,,,,,,,,,,,,,,,,,,,,,,0.41,0.59,,,,,,,,,,,10.0,4.0,3.0,3.0,7.0,1.0,,,,,,,,,,,,,3.0,1.0,12.0,7.0,10.0,4.0,7.0,12.0,2.0,2.0,,,,,2.0,2.0,,,,,,,,,,,,,,,,,,,,,,,0.41,0.59,,,,,,,,,,,9.0,7.0,4.0,3.0,5.0,4.0,,,,,,,,,,,,,1.0,2.0,6.0,11.0,8.0,17.0,11.0,6.0,0.0,1.0,0.0,1.0,,,2.0,3.0,,,,,,,,,,,,
tE055uis,ROMANIA,2023/2024,ROMANIA 1,Superliga,GILi6JC9,ROMANIA 1,19/08/2023,18:45,Round 6,FC Voluntari,WIoSeFi4,Dinamo Bucuresti,rBgMi3MH,False,2,3,,,,,,"[34, 80, 90]","[24, 46, 87]",bet365,2.63,2.1,4.5,bet365,2.3,2.38,3.75,bet365,1.95,3.5,3.6,bet365,1.44,2.63,bet365,3.25,1.33,bet365,9.0,1.07,bet365,1.29,3.5,bet365,2.25,1.57,bet365,5.5,1.14,bet365,1.06,10.0,bet365,1.36,3.0,bet365,2.1,1.7,bet365,3.75,1.25,bet365,8.0,1.08,bet365,1.91,1.8,bet365,5.5,1.14,bet365,3.75,1.25,bet365,1.29,1.29,1.8,bet365,1.17,1.67,1.44,Novibet,1.29,1.54,1.52,bet365,1.44,2.63,Novibet,1.56,2.35,Betano.br,1.55,2.37,bet365,3.25,15.0,34.0,4.75,5.0,8.0,26.0,15.0,6.5,bet365,1.95,1.9,bet365,2.1,1.73,bet365,2.0,1.73,bet365,9.0,bet365,6.5,bet365,9.5,bet365,6.5,bet365,8.5,bet365,19.0,bet365,9.0,bet365,13.0,bet365,17.0,bet365,17.0,bet365,41.0,bet365,17.0,bet365,34.0,bet365,29.0,bet365,41.0,,0.0,0.0,bet365,7.0,1.1,bet365,3.7,1.26,bet365,2.85,1.4,bet365,2.0,1.85,bet365,1.3,3.45,bet365,1.1,7.0,,0.0,0.0,,0.0,0.0,,0.0,0.0,Betano.br,20.0,10.25,35.0,Novibet,9.7,6.0,25.0,bet365,3.75,3.75,0.0,bet365,0.0,0.0,1.8,Novibet,1.08,9.8,1.25,Betano.br,1.02,14.5,1.07,,,,,,,,,,,0.42,0.58,,,,,,,,,,,11.0,13.0,5.0,7.0,6.0,6.0,,,,,,,,,,,,,2.0,5.0,12.0,20.0,19.0,29.0,17.0,12.0,0.0,2.0,,,3.0,0.0,4.0,3.0,,,,,,,,,,,,,,,,,,,,,,,0.38,0.62,,,,,,,,,,,6.0,8.0,3.0,3.0,3.0,5.0,,,,,,,,,,,,,2.0,2.0,9.0,7.0,7.0,11.0,5.0,9.0,0.0,1.0,,,2.0,0.0,2.0,2.0,,,,,,,,,,,,,,,,,,,,,,,0.46,0.54,,,,,,,,,,,5.0,5.0,2.0,4.0,3.0,1.0,,,,,,,,,,,,,0.0,3.0,3.0,13.0,12.0,18.0,12.0,3.0,0.0,1.0,,,1.0,0.0,2.0,1.0,,,,,,,,,,,,
4zSvC2VA,ROMANIA,2023/2024,ROMANIA 1,Superliga,GILi6JC9,ROMANIA 1,18/09/2023,18:30,Round 9,CFR Cluj,4KfIhq7B,Petrolul,dhnNlCE9,False,1,0,,,,,,[12],[],bet365,1.95,2.4,7.0,bet365,1.67,2.75,6.5,bet365,1.4,4.2,7.5,bet365,1.33,3.25,bet365,2.63,1.44,bet365,6.5,1.11,bet365,1.2,4.33,bet365,1.91,1.8,bet365,4.0,1.22,bet365,1.04,13.0,bet365,1.22,4.0,bet365,1.73,2.08,bet365,2.75,1.4,bet365,5.5,1.14,bet365,2.0,1.73,bet365,5.5,1.14,bet365,3.75,1.25,bet365,1.1,1.22,2.75,bet365,1.08,1.53,1.8,Betano.br,1.11,1.36,2.12,bet365,1.13,6.0,Betano.br,1.16,4.55,Betano.br,1.17,4.7,bet365,2.1,17.0,41.0,4.0,6.5,15.0,21.0,19.0,13.0,bet365,1.95,1.9,bet365,2.1,1.73,bet365,1.91,1.8,bet365,11.0,bet365,7.0,bet365,19.0,bet365,8.5,bet365,6.5,bet365,41.0,bet365,8.5,bet365,23.0,bet365,19.0,bet365,9.0,bet365,81.0,bet365,12.0,bet365,51.0,bet365,29.0,bet365,51.0,bet365,4.0,1.23,bet365,3.3,1.33,bet365,2.2,1.65,bet365,1.7,2.1,bet365,1.43,2.75,bet365,1.11,6.8,,0.0,0.0,,0.0,0.0,,0.0,0.0,,0.0,0.0,Novibet,7.7,6.4,0.0,Betano.br,3.5,4.1,40.0,bet365,2.1,3.75,0.0,bet365,0.0,0.0,2.75,Betano.br,1.02,14.5,1.82,Betano.br,0.0,0.0,1.31,,,,,,,,,,,0.52,0.48,,,,,,,,,,,11.0,9.0,5.0,3.0,6.0,6.0,,,,,,,,,,,,,6.0,5.0,12.0,19.0,34.0,19.0,18.0,11.0,3.0,3.0,,,1.0,1.0,3.0,4.0,,,,,,,,,,,,,,,,,,,,,,,0.63,0.37,,,,,,,,,,,4.0,6.0,2.0,2.0,2.0,4.0,,,,,,,,,,,,,4.0,1.0,6.0,8.0,17.0,7.0,7.0,6.0,,,,,1.0,0.0,2.0,1.0,,,,,,,,,,,,,,,,,,,,,,,0.41,0.59,,,,,,,,,,,7.0,3.0,3.0,1.0,4.0,2.0,,,,,,,,,,,,,2.0,4.0,6.0,11.0,17.0,12.0,11.0,5.0,3.0,3.0,,,0.0,1.0,1.0,3.0,,,,,,,,,,,,
pzLSE4oh,ROMANIA,2023/2024,ROMANIA 1,Superliga,GILi6JC9,ROMANIA 1,03/09/2023,18:30,Round 8,U Craiova 1948,nNhLpi8p,Farul Constanta,CrJbN1Pa,False,4,0,,,,,,"[18, 45, 57, 80]",[],bet365,3.25,2.3,3.0,bet365,2.88,2.63,2.6,bet365,2.63,3.6,2.3,bet365,1.33,3.25,bet365,2.5,1.5,bet365,6.5,1.11,bet365,1.18,4.5,bet365,1.83,1.83,bet365,3.75,1.25,bet365,1.03,15.0,bet365,1.2,4.33,bet365,1.7,2.1,bet365,2.63,1.44,bet365,5.0,1.17,bet365,1.57,2.25,bet365,4.0,1.22,bet365,2.75,1.4,bet365,1.57,1.29,1.44,bet365,1.36,1.57,1.33,Novibet,1.48,1.49,1.36,bet365,2.0,1.73,Novibet,2.06,1.71,Novibet,2.05,1.72,bet365,4.5,13.0,23.0,6.5,6.0,6.0,26.0,13.0,3.75,bet365,1.95,1.9,bet365,2.0,1.8,bet365,1.91,1.8,bet365,15.0,bet365,11.0,bet365,10.0,bet365,7.5,bet365,15.0,bet365,13.0,bet365,10.0,bet365,9.5,bet365,13.0,bet365,29.0,bet365,23.0,bet365,21.0,bet365,17.0,bet365,26.0,bet365,23.0,,0.0,0.0,,0.0,0.0,bet365,5.5,1.15,bet365,4.4,1.2,bet365,2.6,1.48,bet365,1.6,2.3,bet365,1.28,3.55,bet365,1.2,4.4,,0.0,0.0,,0.0,0.0,Novibet,36.0,15.0,0.0,Novibet,15.5,8.5,10.0,bet365,0.0,0.0,4.5,bet365,1.57,4.33,0.0,Novibet,1.21,6.8,1.13,Betano.br,1.07,10.75,1.04,,,,,,,,,,,0.4,0.6,,,,,,,,,,,13.0,13.0,9.0,3.0,4.0,10.0,,,,,,,,,,,,,1.0,9.0,8.0,6.0,22.0,17.0,5.0,8.0,1.0,0.0,,,1.0,0.0,3.0,5.0,,,,,,,,,,,,,,,,,,,,,,,0.39,0.61,,,,,,,,,,,6.0,7.0,3.0,1.0,3.0,6.0,,,,,,,,,,,,,0.0,5.0,5.0,3.0,10.0,10.0,2.0,5.0,,,,,1.0,0.0,1.0,1.0,,,,,,,,,,,,,,,,,,,,,,,0.41,0.59,,,,,,,,,,,7.0,6.0,6.0,2.0,1.0,4.0,,,,,,,,,,,,,1.0,4.0,3.0,3.0,12.0,7.0,3.0,3.0,1.0,0.0,,,0.0,0.0,2.0,4.0,,,,,,,,,,,,
rqpZbezP,ROMANIA,2023/2024,ROMANIA 1,Superliga,GILi6JC9,ROMANIA 1,25/08/2023,15:30,Round 7,Otelul,2H5uhNyO,FC Voluntari,WIoSeFi4,False,2,2,,,,,,"[28, 41]","[77, 80]",bet365,3.6,1.91,3.6,bet365,3.1,2.2,3.0,bet365,2.7,2.9,2.63,bet365,1.57,2.25,bet365,3.75,1.25,bet365,13.0,1.04,bet365,1.36,3.0,bet365,2.63,1.44,bet365,7.0,1.1,bet365,1.1,7.0,bet365,1.5,2.5,bet365,2.6,1.48,bet365,5.0,1.17,bet365,13.0,1.04,bet365,2.2,1.62,bet365,6.5,1.11,bet365,4.33,1.2,bet365,1.4,1.36,1.4,bet365,1.29,1.8,1.29,Novibet,1.37,1.67,1.33,bet365,1.83,1.83,Novibet,1.95,1.79,Novibet,1.95,1.79,bet365,4.75,15.0,34.0,6.0,4.0,6.0,34.0,15.0,4.5,bet365,1.95,1.9,bet365,2.3,1.62,bet365,2.0,1.73,bet365,6.5,bet365,6.5,bet365,6.5,bet365,6.0,bet365,12.0,bet365,12.0,bet365,11.0,bet365,11.0,bet365,19.0,bet365,29.0,bet365,29.0,bet365,29.0,bet365,26.0,bet365,41.0,bet365,41.0,,0.0,0.0,,0.0,0.0,bet365,6.0,1.13,bet365,5.0,1.17,bet365,2.68,1.45,bet365,1.45,2.68,bet365,1.17,5.0,bet365,1.13,6.0,,0.0,0.0,,0.0,0.0,Novibet,51.0,16.25,0.0,Novibet,21.0,8.8,17.5,bet365,6.0,4.0,6.5,bet365,1.4,4.0,1.5,Novibet,1.13,7.9,1.1,Betano.br,1.03,13.0,1.03,,,,,,,,,,,0.62,0.38,,,,,,,,,,,14.0,5.0,3.0,3.0,11.0,2.0,,,,,,,,,,,,,5.0,3.0,19.0,19.0,40.0,21.0,18.0,17.0,1.0,4.0,,,1.0,2.0,1.0,1.0,,,,,,,,,,,,,,,,,,,,,,,0.7,0.3,,,,,,,,,,,9.0,0.0,2.0,0.0,7.0,0.0,,,,,,,,,,,,,3.0,1.0,8.0,6.0,17.0,10.0,6.0,7.0,0.0,2.0,,,0.0,1.0,0.0,0.0,,,,,,,,,,,,,,,,,,,,,,,0.54,0.46,,,,,,,,,,,5.0,5.0,1.0,3.0,4.0,2.0,,,,,,,,,,,,,2.0,2.0,11.0,13.0,23.0,11.0,12.0,10.0,1.0,2.0,,,1.0,1.0,1.0,1.0,,,,,,,,,,,,
CMMKGQGu,ROMANIA,2023/2024,ROMANIA 1,Superliga,GILi6JC9,ROMANIA 1,01/09/2023,18:30,Round 8,FC Rapid Bucuresti,YFCpigVG,Dinamo Bucuresti,rBgMi3MH,False,4,0,,,,,,"[35, 56, 61, 82]",[],bet365,2.0,2.4,6.0,bet365,1.73,2.75,5.5,bet365,1.45,4.2,5.75,bet365,1.33,3.25,bet365,2.5,1.5,bet365,6.5,1.11,bet365,1.2,4.33,bet365,1.91,1.8,bet365,4.0,1.22,bet365,1.04,13.0,bet365,1.22,4.0,bet365,1.73,2.08,bet365,2.75,1.4,bet365,5.5,1.14,bet365,1.83,1.83,bet365,5.0,1.17,bet365,3.5,1.29,bet365,1.13,1.2,2.5,bet365,1.11,1.53,1.73,Betano.br,1.15,1.39,1.93,bet365,1.18,4.5,Novibet,1.26,3.6,Betano.br,1.24,3.8,bet365,2.25,15.0,41.0,4.33,6.5,13.0,21.0,17.0,11.0,bet365,1.95,1.9,bet365,2.0,1.8,bet365,1.91,1.8,bet365,13.0,bet365,7.5,bet365,17.0,bet365,8.5,bet365,7.5,bet365,34.0,bet365,8.5,bet365,19.0,bet365,19.0,bet365,10.0,bet365,67.0,bet365,12.0,bet365,41.0,bet365,26.0,bet365,41.0,bet365,4.25,1.21,bet365,3.55,1.28,bet365,2.35,1.58,bet365,1.83,2.03,bet365,1.48,2.6,bet365,1.14,5.75,,0.0,0.0,,0.0,0.0,,0.0,0.0,,0.0,0.0,Betano.br,9.0,6.6,40.0,Betano.br,4.3,4.4,32.0,bet365,2.3,3.75,0.0,bet365,0.0,0.0,2.5,Betano.br,1.03,13.0,1.62,Betano.br,1.01,15.5,1.22,,,,,,,,,,,0.54,0.46,,,,,,,,,,,12.0,5.0,8.0,1.0,4.0,4.0,,,,,,,,,,,,,5.0,0.0,16.0,10.0,11.0,25.0,9.0,15.0,1.0,3.0,,,1.0,1.0,1.0,4.0,,,,,,,,,,,,,,,,,,,,,,,0.65,0.35,,,,,,,,,,,7.0,1.0,5.0,0.0,2.0,1.0,,,,,,,,,,,,,1.0,0.0,11.0,6.0,3.0,15.0,5.0,11.0,1.0,1.0,,,1.0,0.0,0.0,4.0,,,,,,,,,,,,,,,,,,,,,,,0.43,0.57,,,,,,,,,,,5.0,4.0,3.0,1.0,2.0,3.0,,,,,,,,,,,,,4.0,0.0,5.0,4.0,8.0,10.0,4.0,4.0,0.0,2.0,,,0.0,1.0,1.0,0.0,,,,,,,,,,,,
8QiM1cj6,ROMANIA,2023/2024,ROMANIA 1,Superliga,GILi6JC9,ROMANIA 1,20/08/2023,15:15,Round 6,FC Rapid Bucuresti,YFCpigVG,Farul Constanta,CrJbN1Pa,False,3,1,,,,,,"[34, 38, 88]",[79],bet365,2.75,2.2,4.0,bet365,2.38,2.5,3.5,bet365,2.05,3.4,3.4,bet365,1.4,2.75,bet365,2.75,1.4,bet365,8.0,1.08,bet365,1.22,4.0,bet365,2.1,1.67,bet365,4.5,1.18,bet365,1.06,10.0,bet365,1.29,3.5,bet365,1.98,1.88,bet365,3.4,1.3,bet365,6.5,1.11,bet365,1.73,2.0,bet365,4.5,1.18,bet365,3.4,1.3,bet365,1.3,1.3,1.73,bet365,1.22,1.62,1.4,Betano.br,1.23,1.47,1.62,bet365,1.5,2.5,Novibet,1.56,2.35,Betano.br,1.44,2.67,bet365,3.4,13.0,29.0,5.0,5.5,7.5,23.0,15.0,5.5,bet365,1.95,1.9,bet365,2.1,1.73,bet365,1.91,1.8,bet365,10.0,bet365,7.5,bet365,11.0,bet365,6.5,bet365,10.0,bet365,17.0,bet365,9.0,bet365,12.0,bet365,15.0,bet365,19.0,bet365,41.0,bet365,17.0,bet365,29.0,bet365,26.0,bet365,34.0,bet365,7.0,1.1,bet365,7.0,1.1,bet365,3.8,1.25,bet365,3.0,1.38,bet365,2.05,1.75,bet365,1.3,3.45,bet365,1.11,6.6,bet365,1.1,7.0,,0.0,0.0,,0.0,0.0,Betano.br,16.0,9.0,35.0,Novibet,9.0,6.1,23.0,bet365,3.75,4.0,0.0,bet365,0.0,0.0,1.73,Betano.br,1.07,10.0,1.32,Betano.br,1.02,15.0,1.1,,,,,,,,,,,0.46,0.54,,,,,,,,,,,9.0,15.0,4.0,6.0,5.0,9.0,,,,,,,,,,,,,7.0,4.0,9.0,14.0,19.0,20.0,14.0,8.0,1.0,3.0,,,0.0,1.0,5.0,1.0,,,,,,,,,,,,,,,,,,,,,,,0.49,0.51,,,,,,,,,,,7.0,6.0,3.0,2.0,4.0,4.0,,,,,,,,,,,,,4.0,3.0,6.0,8.0,11.0,10.0,8.0,5.0,0.0,3.0,,,0.0,1.0,2.0,1.0,,,,,,,,,,,,,,,,,,,,,,,0.43,0.57,,,,,,,,,,,2.0,9.0,1.0,4.0,1.0,5.0,,,,,,,,,,,,,3.0,1.0,3.0,6.0,8.0,10.0,6.0,3.0,1.0,0.0,,,0.0,0.0,3.0,0.0,,,,,,,,,,,,
W0GsSEL8,ROMANIA,2023/2024,ROMANIA 1,Superliga,GILi6JC9,ROMANIA 1,30/09/2023,11:30,Round 11,UTA Arad,QDiPqBNj,FC Voluntari,WIoSeFi4,False,0,0,,,,,,[],[],bet365,2.75,2.1,4.33,bet365,2.38,2.4,3.6,bet365,2.0,3.4,3.4,bet365,1.44,2.63,bet365,3.25,1.33,bet365,9.0,1.07,bet365,1.25,3.75,bet365,2.2,1.62,bet365,5.0,1.17,bet365,1.06,9.5,bet365,1.33,3.25,bet365,2.05,1.75,bet365,3.75,1.25,bet365,8.0,1.08,bet365,1.83,1.83,bet365,5.0,1.17,bet365,3.5,1.29,bet365,1.3,1.3,1.8,bet365,1.2,1.67,1.4,Novibet,1.31,1.55,1.49,bet365,1.5,2.5,Novibet,1.63,2.2,Novibet,1.64,2.2,bet365,3.4,15.0,34.0,5.0,5.0,7.5,23.0,15.0,6.0,bet365,1.95,1.9,bet365,2.1,1.73,bet365,2.0,1.73,bet365,9.5,bet365,7.0,bet365,9.5,bet365,6.5,bet365,9.5,bet365,17.0,bet365,9.0,bet365,12.0,bet365,17.0,bet365,17.0,bet365,41.0,bet365,17.0,bet365,29.0,bet365,29.0,bet365,41.0,,0.0,0.0,,0.0,0.0,bet365,3.8,1.25,bet365,3.0,1.38,bet365,2.05,1.8,bet365,1.3,3.45,bet365,1.11,6.8,bet365,1.1,7.0,,0.0,0.0,,0.0,0.0,Betano.br,22.0,10.75,32.0,Novibet,10.75,6.5,21.0,bet365,3.75,3.75,0.0,bet365,0.0,0.0,1.8,Novibet,1.09,9.3,1.22,Betano.br,1.03,14.0,1.06,,,,,,,,,,,0.62,0.38,,,,,,,,,,,11.0,5.0,1.0,0.0,10.0,5.0,,,,,,,,,,,,,9.0,7.0,11.0,8.0,35.0,10.0,4.0,11.0,1.0,3.0,,,4.0,0.0,0.0,1.0,,,,,,,,,,,,,,,,,,,,,,,0.57,0.43,,,,,,,,,,,6.0,3.0,1.0,0.0,5.0,3.0,,,,,,,,,,,,,5.0,4.0,5.0,4.0,21.0,7.0,2.0,5.0,1.0,1.0,,,2.0,0.0,0.0,1.0,,,,,,,,,,,,,,,,,,,,,,,0.67,0.33,,,,,,,,,,,5.0,2.0,0.0,0.0,5.0,2.0,,,,,,,,,,,,,4.0,3.0,6.0,4.0,14.0,3.0,2.0,6.0,0.0,2.0,,,2.0,0.0,0.0,0.0,,,,,,,,,,,,
lM8wALrQ,ROMANIA,2023/2024,ROMANIA 1,Superliga,GILi6JC9,ROMANIA 1,19/08/2023,14:00,Round 6,FC Botosani,GjY1JjUS,Otelul,2H5uhNyO,False,0,0,,,,,,[],[],bet365,3.0,1.91,4.5,bet365,2.6,2.2,3.75,bet365,2.15,3.0,3.4,bet365,1.57,2.25,bet365,3.75,1.25,bet365,13.0,1.04,bet365,1.36,3.0,bet365,2.75,1.4,bet365,7.0,1.1,bet365,1.11,6.5,bet365,1.53,2.38,bet365,2.7,1.44,bet365,5.5,1.14,bet365,13.0,1.04,bet365,2.2,1.62,bet365,6.5,1.11,bet365,4.5,1.18,bet365,1.3,1.36,1.67,bet365,1.17,1.8,1.36,Novibet,1.3,1.64,1.43,bet365,1.5,2.5,Novibet,1.67,2.15,Betano.br,1.6,2.25,bet365,3.75,15.0,41.0,5.0,4.0,7.0,29.0,15.0,6.0,bet365,1.95,1.9,bet365,2.3,1.62,bet365,2.0,1.73,bet365,6.0,bet365,5.5,bet365,7.5,bet365,6.0,bet365,9.0,bet365,17.0,bet365,10.0,bet365,13.0,bet365,21.0,bet365,21.0,bet365,41.0,bet365,21.0,bet365,34.0,bet365,41.0,bet365,51.0,,0.0,0.0,,0.0,0.0,bet365,4.5,1.19,bet365,3.55,1.28,bet365,2.15,1.68,bet365,1.3,3.45,bet365,1.12,6.25,,0.0,0.0,,0.0,0.0,,0.0,0.0,Betano.br,26.0,11.5,37.0,Novibet,13.75,7.0,24.0,bet365,4.75,3.75,0.0,bet365,0.0,0.0,1.67,Novibet,1.08,9.4,1.17,Betano.br,1.02,14.5,1.05,,,,,,,,,,,0.57,0.43,,,,,,,,,,,3.0,3.0,1.0,1.0,2.0,2.0,,,,,,,,,,,,,9.0,5.0,5.0,8.0,9.0,15.0,6.0,4.0,4.0,4.0,,,2.0,1.0,1.0,1.0,,,,,,,,,,,,,,,,,,,,,,,0.52,0.48,,,,,,,,,,,3.0,3.0,1.0,1.0,2.0,2.0,,,,,,,,,,,,,2.0,2.0,5.0,8.0,9.0,15.0,6.0,4.0,2.0,3.0,,,2.0,1.0,1.0,1.0,,,,,,,,,,,,,,,,,,,,,,,0.61,0.39,,,,,,,,,,,0.0,0.0,0.0,0.0,0.0,0.0,,,,,,,,,,,,,7.0,3.0,0.0,0.0,0.0,0.0,0.0,0.0,2.0,1.0,,,0.0,0.0,0.0,0.0,,,,,,,,,,,,
C0VnAt0N,ROMANIA,2023/2024,ROMANIA 1,Superliga,GILi6JC9,ROMANIA 1,17/09/2023,16:15,Round 9,Otelul,2H5uhNyO,FC Rapid Bucuresti,YFCpigVG,False,0,0,,,,,,[],[],bet365,5.0,2.1,2.5,bet365,4.75,2.4,2.05,bet365,4.75,3.1,1.8,bet365,1.44,2.63,bet365,3.25,1.33,bet365,9.0,1.07,bet365,1.25,3.75,bet365,2.2,1.62,bet365,5.0,1.17,bet365,1.07,9.0,bet365,1.33,3.25,bet365,2.1,1.7,bet365,3.75,1.25,bet365,8.0,1.08,bet365,1.91,1.8,bet365,5.5,1.14,bet365,3.75,1.25,bet365,1.95,1.36,1.18,bet365,1.5,1.67,1.14,Betano.br,1.62,1.5,1.21,bet365,3.5,1.29,Novibet,2.7,1.43,Betano.br,2.8,1.4,bet365,7.5,15.0,23.0,9.5,5.0,4.5,41.0,15.0,2.88,bet365,1.95,1.9,bet365,2.1,1.73,bet365,2.0,1.73,bet365,8.0,bet365,12.0,bet365,6.5,bet365,6.0,bet365,23.0,bet365,8.0,bet365,17.0,bet365,9.0,bet365,15.0,bet365,51.0,bet365,15.0,bet365,41.0,bet365,15.0,bet365,41.0,bet365,29.0,,0.0,0.0,,0.0,0.0,,0.0,0.0,,0.0,0.0,bet365,4.4,1.2,bet365,2.0,1.85,bet365,1.5,2.5,bet365,1.33,3.3,bet365,1.12,6.25,bet365,1.1,7.0,Novibet,67.0,18.5,19.25,Novibet,34.0,12.0,7.9,bet365,0.0,0.0,3.25,bet365,1.95,3.75,0.0,Novibet,1.3,5.7,1.05,Novibet,1.09,10.0,1.0,,,,,,,,,,,0.43,0.57,,,,,,,,,,,6.0,8.0,2.0,1.0,4.0,7.0,,,,,,,,,,,,,4.0,6.0,19.0,20.0,16.0,26.0,17.0,17.0,6.0,6.0,0.0,1.0,3.0,2.0,1.0,2.0,,,,,,,,,,,,,,,,,,,,,,,0.42,0.58,,,,,,,,,,,3.0,5.0,1.0,1.0,2.0,4.0,,,,,,,,,,,,,1.0,3.0,11.0,12.0,9.0,10.0,10.0,10.0,2.0,2.0,,,2.0,1.0,1.0,1.0,,,,,,,,,,,,,,,,,,,,,,,0.44,0.56,,,,,,,,,,,3.0,3.0,1.0,0.0,2.0,3.0,,,,,,,,,,,,,3.0,3.0,8.0,8.0,7.0,16.0,7.0,7.0,4.0,4.0,0.0,1.0,1.0,1.0,0.0,1.0,,,,,,,,,,,,
2mDeGd5a,ROMANIA,2023/2024,ROMANIA 1,Superliga,GILi6JC9,ROMANIA 1,27/08/2023,18:30,Round 7,Farul Constanta,CrJbN1Pa,Univ. Craiova,bsd9fGaK,False,2,0,,,,,,"[17, 35]",[],bet365,3.75,2.38,2.6,bet365,3.25,2.75,2.25,bet365,3.2,3.8,1.95,bet365,1.29,3.5,bet365,2.38,1.53,bet365,5.5,1.14,bet365,1.17,5.0,bet365,1.8,1.91,bet365,3.5,1.29,bet365,1.03,17.0,bet365,1.17,5.0,bet365,1.57,2.35,bet365,2.38,1.53,bet365,4.33,1.2,bet365,1.53,2.38,bet365,3.75,1.25,bet365,2.63,1.44,bet365,1.8,1.25,1.36,bet365,1.5,1.53,1.25,Betano.br,1.6,1.4,1.29,bet365,2.5,1.5,Betano.br,2.32,1.55,Betano.br,2.37,1.55,bet365,5.5,13.0,21.0,8.0,6.5,5.5,26.0,13.0,3.2,bet365,1.95,1.9,bet365,2.0,1.8,bet365,1.91,1.8,bet365,17.0,bet365,13.0,bet365,10.0,bet365,8.0,bet365,19.0,bet365,12.0,bet365,12.0,bet365,9.0,bet365,13.0,bet365,34.0,bet365,19.0,bet365,23.0,bet365,15.0,bet365,26.0,bet365,21.0,,0.0,0.0,,0.0,0.0,bet365,6.6,1.11,bet365,5.75,1.14,bet365,3.1,1.35,bet365,1.8,2.0,bet365,1.43,2.75,bet365,1.3,3.45,bet365,1.12,6.25,bet365,1.1,7.0,Novibet,41.0,16.25,16.75,Novibet,18.0,9.5,7.4,bet365,0.0,0.0,3.5,bet365,1.8,4.0,0.0,Novibet,1.3,6.0,1.1,Novibet,1.1,9.8,1.02,,,,,,,,,,,0.42,0.58,,,,,,,,,,,7.0,6.0,5.0,3.0,2.0,3.0,,,,,,,,,,,,,2.0,3.0,10.0,13.0,17.0,31.0,13.0,9.0,3.0,3.0,,,0.0,1.0,3.0,3.0,,,,,,,,,,,,,,,,,,,,,,,0.48,0.52,,,,,,,,,,,3.0,4.0,2.0,2.0,1.0,2.0,,,,,,,,,,,,,1.0,1.0,3.0,7.0,11.0,23.0,7.0,3.0,0.0,1.0,,,0.0,0.0,2.0,0.0,,,,,,,,,,,,,,,,,,,,,,,0.36,0.64,,,,,,,,,,,4.0,2.0,3.0,1.0,1.0,1.0,,,,,,,,,,,,,1.0,2.0,7.0,6.0,6.0,8.0,6.0,6.0,3.0,2.0,,,0.0,1.0,1.0,3.0,,,,,,,,,,,,
4hoVayLI,ROMANIA,2023/2024,ROMANIA 1,Superliga,GILi6JC9,ROMANIA 1,26/08/2023,16:00,Round 7,CFR Cluj,4KfIhq7B,FC Botosani,GjY1JjUS,False,3,1,,,,,,"[21, 36, 62]",[65],bet365,1.91,2.3,8.0,bet365,1.67,2.63,7.0,bet365,1.36,4.75,6.5,bet365,1.4,2.75,bet365,2.75,1.4,bet365,8.0,1.08,bet365,1.25,3.75,bet365,2.2,1.62,bet365,5.0,1.17,bet365,1.04,13.0,bet365,1.29,3.5,bet365,1.95,1.9,bet365,3.4,1.3,bet365,6.5,1.11,bet365,2.38,1.53,bet365,6.5,1.11,bet365,4.5,1.18,bet365,1.1,1.17,2.75,bet365,1.06,1.57,1.8,Betano.br,1.1,1.39,2.07,bet365,1.14,5.5,Betano.br,1.17,4.4,Betano.br,1.16,4.85,bet365,2.1,19.0,41.0,3.75,6.0,15.0,23.0,21.0,15.0,bet365,1.95,1.9,bet365,2.1,1.73,bet365,1.91,1.8,bet365,10.0,bet365,5.5,bet365,15.0,bet365,10.0,bet365,5.5,bet365,34.0,bet365,9.0,bet365,21.0,bet365,29.0,bet365,8.5,bet365,101.0,bet365,13.0,bet365,51.0,bet365,34.0,bet365,51.0,bet365,4.0,1.23,bet365,3.3,1.33,bet365,2.15,1.68,bet365,1.63,2.25,bet365,1.4,2.85,bet365,1.12,6.25,,0.0,0.0,,0.0,0.0,,0.0,0.0,,0.0,0.0,Novibet,8.8,6.3,0.0,Betano.br,3.75,4.1,40.0,bet365,2.1,3.5,0.0,bet365,0.0,0.0,2.75,Betano.br,1.02,14.5,1.75,Betano.br,0.0,0.0,1.28,,,,,,,,,,,0.62,0.38,,,,,,,,,,,11.0,10.0,3.0,5.0,8.0,5.0,,,,,,,,,,,,,7.0,6.0,13.0,11.0,20.0,17.0,10.0,12.0,2.0,4.0,0.0,1.0,1.0,1.0,4.0,0.0,,,,,,,,,,,,,,,,,,,,,,,0.68,0.32,,,,,,,,,,,6.0,4.0,2.0,3.0,4.0,1.0,,,,,,,,,,,,,3.0,1.0,5.0,3.0,13.0,7.0,3.0,5.0,1.0,1.0,,,0.0,0.0,3.0,0.0,,,,,,,,,,,,,,,,,,,,,,,0.56,0.44,,,,,,,,,,,5.0,6.0,1.0,2.0,4.0,4.0,,,,,,,,,,,,,4.0,5.0,8.0,8.0,7.0,10.0,7.0,7.0,1.0,3.0,0.0,1.0,1.0,1.0,1.0,0.0,,,,,,,,,,,,
Gdbvitxl,ROMANIA,2023/2024,ROMANIA 1,Superliga,GILi6JC9,ROMANIA 1,14/08/2023,17:30,Round 5,Dinamo Bucuresti,rBgMi3MH,FC Botosani,GjY1JjUS,False,1,0,,,,,,[],[],,0.0,0.0,0.0,,0.0,0.0,0.0,,0.0,0.0,0.0,,0.0,0.0,,0.0,0.0,,0.0,0.0,,0.0,0.0,,0.0,0.0,,0.0,0.0,,0.0,0.0,,0.0,0.0,,0.0,0.0,,0.0,0.0,,0.0,0.0,,0.0,0.0,,0.0,0.0,,0.0,0.0,,0.0,0.0,0.0,,0.0,0.0,0.0,,0.0,0.0,0.0,,0.0,0.0,,0.0,0.0,,0.0,0.0,,0.0,0.0,0.0,0.0,0.0,0.0,0.0,0.0,0.0,,0.0,0.0,,0.0,0.0,,0.0,0.0,,0.0,,0.0,,0.0,,0.0,,0.0,,0.0,,0.0,,0.0,,0.0,,0.0,,0.0,,0.0,,0.0,,0.0,,0.0,,0.0,0.0,,0.0,0.0,,0.0,0.0,,0.0,0.0,,0.0,0.0,,0.0,0.0,,0.0,0.0,,0.0,0.0,,0.0,0.0,,0.0,0.0,,0.0,0.0,0.0,,0.0,0.0,0.0,,0.0,0.0,0.0,,0.0,0.0,0.0,,0.0,0.0,0.0,,0.0,0.0,0.0,,,,,,,,,,,,,,,,,,,,,,,,,,,,,,,,,,,,,,,,,,,,,,,,,,,,,,,,,,,,,,,,,,,,,,,,,,,,,,,,,,,,,,,,,,,,,,,,,,,,,,,,,,,,,,,,,,,,,,,,,,,,,,,,,,,,,,,,,,,,,,,,,,,,,,,,,,,,,,,,,,,,,,,,,,,,,,,,,,,,,,,,,,,,,,,,,,,,,,,,,,,,
M9TvkK60,ROMANIA,2023/2024,ROMANIA 1,Superliga,GILi6JC9,ROMANIA 1,12/08/2023,18:30,Round 5,Poli Iasi,t84qisiU,Univ. Craiova,bsd9fGaK,False,1,4,,,,,,[],[],,0.0,0.0,0.0,,0.0,0.0,0.0,,0.0,0.0,0.0,,0.0,0.0,,0.0,0.0,,0.0,0.0,,0.0,0.0,,0.0,0.0,,0.0,0.0,,0.0,0.0,,0.0,0.0,,0.0,0.0,,0.0,0.0,,0.0,0.0,,0.0,0.0,,0.0,0.0,,0.0,0.0,,0.0,0.0,0.0,,0.0,0.0,0.0,,0.0,0.0,0.0,,0.0,0.0,,0.0,0.0,,0.0,0.0,,0.0,0.0,0.0,0.0,0.0,0.0,0.0,0.0,0.0,,0.0,0.0,,0.0,0.0,,0.0,0.0,,0.0,,0.0,,0.0,,0.0,,0.0,,0.0,,0.0,,0.0,,0.0,,0.0,,0.0,,0.0,,0.0,,0.0,,0.0,,0.0,0.0,,0.0,0.0,,0.0,0.0,,0.0,0.0,,0.0,0.0,,0.0,0.0,,0.0,0.0,,0.0,0.0,,0.0,0.0,,0.0,0.0,,0.0,0.0,0.0,,0.0,0.0,0.0,,0.0,0.0,0.0,,0.0,0.0,0.0,,0.0,0.0,0.0,,0.0,0.0,0.0,,,,,,,,,,,,,,,,,,,,,,,,,,,,,,,,,,,,,,,,,,,,,,,,,,,,,,,,,,,,,,,,,,,,,,,,,,,,,,,,,,,,,,,,,,,,,,,,,,,,,,,,,,,,,,,,,,,,,,,,,,,,,,,,,,,,,,,,,,,,,,,,,,,,,,,,,,,,,,,,,,,,,,,,,,,,,,,,,,,,,,,,,,,,,,,,,,,,,,,,,,,,
2TlE3JLg,ROMANIA,2023/2024,ROMANIA 1,Superliga,GILi6JC9,ROMANIA 1,18/08/2023,15:30,Round 6,Petrolul,dhnNlCE9,U Craiova 1948,nNhLpi8p,False,4,3,,,,,,[],[],,0.0,0.0,0.0,,0.0,0.0,0.0,,0.0,0.0,0.0,,0.0,0.0,,0.0,0.0,,0.0,0.0,,0.0,0.0,,0.0,0.0,,0.0,0.0,,0.0,0.0,,0.0,0.0,,0.0,0.0,,0.0,0.0,,0.0,0.0,,0.0,0.0,,0.0,0.0,,0.0,0.0,,0.0,0.0,0.0,,0.0,0.0,0.0,,0.0,0.0,0.0,,0.0,0.0,,0.0,0.0,,0.0,0.0,,0.0,0.0,0.0,0.0,0.0,0.0,0.0,0.0,0.0,,0.0,0.0,,0.0,0.0,,0.0,0.0,,0.0,,0.0,,0.0,,0.0,,0.0,,0.0,,0.0,,0.0,,0.0,,0.0,,0.0,,0.0,,0.0,,0.0,,0.0,,0.0,0.0,,0.0,0.0,,0.0,0.0,,0.0,0.0,,0.0,0.0,,0.0,0.0,,0.0,0.0,,0.0,0.0,,0.0,0.0,,0.0,0.0,,0.0,0.0,0.0,,0.0,0.0,0.0,,0.0,0.0,0.0,,0.0,0.0,0.0,,0.0,0.0,0.0,,0.0,0.0,0.0,,,,,,,,,,,,,,,,,,,,,,,,,,,,,,,,,,,,,,,,,,,,,,,,,,,,,,,,,,,,,,,,,,,,,,,,,,,,,,,,,,,,,,,,,,,,,,,,,,,,,,,,,,,,,,,,,,,,,,,,,,,,,,,,,,,,,,,,,,,,,,,,,,,,,,,,,,,,,,,,,,,,,,,,,,,,,,,,,,,,,,,,,,,,,,,,,,,,,,,,,,,,
jT3xoE9c,ROMANIA,2023/2024,ROMANIA 1,Superliga,GILi6JC9,ROMANIA 1,17/07/2023,15:30,Round 1,FC Voluntari,WIoSeFi4,FC Botosani,GjY1JjUS,False,2,1,,,,,,[],[],,0.0,0.0,0.0,,0.0,0.0,0.0,,0.0,0.0,0.0,,0.0,0.0,,0.0,0.0,,0.0,0.0,,0.0,0.0,,0.0,0.0,,0.0,0.0,,0.0,0.0,,0.0,0.0,,0.0,0.0,,0.0,0.0,,0.0,0.0,,0.0,0.0,,0.0,0.0,,0.0,0.0,,0.0,0.0,0.0,,0.0,0.0,0.0,,0.0,0.0,0.0,,0.0,0.0,,0.0,0.0,,0.0,0.0,,0.0,0.0,0.0,0.0,0.0,0.0,0.0,0.0,0.0,,0.0,0.0,,0.0,0.0,,0.0,0.0,,0.0,,0.0,,0.0,,0.0,,0.0,,0.0,,0.0,,0.0,,0.0,,0.0,,0.0,,0.0,,0.0,,0.0,,0.0,,0.0,0.0,,0.0,0.0,,0.0,0.0,,0.0,0.0,,0.0,0.0,,0.0,0.0,,0.0,0.0,,0.0,0.0,,0.0,0.0,,0.0,0.0,,0.0,0.0,0.0,,0.0,0.0,0.0,,0.0,0.0,0.0,,0.0,0.0,0.0,,0.0,0.0,0.0,,0.0,0.0,0.0,,,,,,,,,,,,,,,,,,,,,,,,,,,,,,,,,,,,,,,,,,,,,,,,,,,,,,,,,,,,,,,,,,,,,,,,,,,,,,,,,,,,,,,,,,,,,,,,,,,,,,,,,,,,,,,,,,,,,,,,,,,,,,,,,,,,,,,,,,,,,,,,,,,,,,,,,,,,,,,,,,,,,,,,,,,,,,,,,,,,,,,,,,,,,,,,,,,,,,,,,,,,
0lbmOj2p,ROMANIA,2023/2024,ROMANIA 1,Superliga,GILi6JC9,ROMANIA 1,16/07/2023,18:30,Round 1,U Craiova 1948,nNhLpi8p,FCSB,Gv2kjDpN,False,1,3,,,,,,[],[],,0.0,0.0,0.0,,0.0,0.0,0.0,,0.0,0.0,0.0,,0.0,0.0,,0.0,0.0,,0.0,0.0,,0.0,0.0,,0.0,0.0,,0.0,0.0,,0.0,0.0,,0.0,0.0,,0.0,0.0,,0.0,0.0,,0.0,0.0,,0.0,0.0,,0.0,0.0,,0.0,0.0,,0.0,0.0,0.0,,0.0,0.0,0.0,,0.0,0.0,0.0,,0.0,0.0,,0.0,0.0,,0.0,0.0,,0.0,0.0,0.0,0.0,0.0,0.0,0.0,0.0,0.0,,0.0,0.0,,0.0,0.0,,0.0,0.0,,0.0,,0.0,,0.0,,0.0,,0.0,,0.0,,0.0,,0.0,,0.0,,0.0,,0.0,,0.0,,0.0,,0.0,,0.0,,0.0,0.0,,0.0,0.0,,0.0,0.0,,0.0,0.0,,0.0,0.0,,0.0,0.0,,0.0,0.0,,0.0,0.0,,0.0,0.0,,0.0,0.0,,0.0,0.0,0.0,,0.0,0.0,0.0,,0.0,0.0,0.0,,0.0,0.0,0.0,,0.0,0.0,0.0,,0.0,0.0,0.0,,,,,,,,,,,,,,,,,,,,,,,,,,,,,,,,,,,,,,,,,,,,,,,,,,,,,,,,,,,,,,,,,,,,,,,,,,,,,,,,,,,,,,,,,,,,,,,,,,,,,,,,,,,,,,,,,,,,,,,,,,,,,,,,,,,,,,,,,,,,,,,,,,,,,,,,,,,,,,,,,,,,,,,,,,,,,,,,,,,,,,,,,,,,,,,,,,,,,,,,,,,,
f7LKSWgT,ROMANIA,2023/2024,ROMANIA 1,Superliga,GILi6JC9,ROMANIA 1,17/07/2023,18:30,Round 1,Dinamo Bucuresti,rBgMi3MH,Univ. Craiova,bsd9fGaK,False,0,2,,,,,,[],[],,0.0,0.0,0.0,,0.0,0.0,0.0,,0.0,0.0,0.0,,0.0,0.0,,0.0,0.0,,0.0,0.0,,0.0,0.0,,0.0,0.0,,0.0,0.0,,0.0,0.0,,0.0,0.0,,0.0,0.0,,0.0,0.0,,0.0,0.0,,0.0,0.0,,0.0,0.0,,0.0,0.0,,0.0,0.0,0.0,,0.0,0.0,0.0,,0.0,0.0,0.0,,0.0,0.0,,0.0,0.0,,0.0,0.0,,0.0,0.0,0.0,0.0,0.0,0.0,0.0,0.0,0.0,,0.0,0.0,,0.0,0.0,,0.0,0.0,,0.0,,0.0,,0.0,,0.0,,0.0,,0.0,,0.0,,0.0,,0.0,,0.0,,0.0,,0.0,,0.0,,0.0,,0.0,,0.0,0.0,,0.0,0.0,,0.0,0.0,,0.0,0.0,,0.0,0.0,,0.0,0.0,,0.0,0.0,,0.0,0.0,,0.0,0.0,,0.0,0.0,,0.0,0.0,0.0,,0.0,0.0,0.0,,0.0,0.0,0.0,,0.0,0.0,0.0,,0.0,0.0,0.0,,0.0,0.0,0.0,,,,,,,,,,,,,,,,,,,,,,,,,,,,,,,,,,,,,,,,,,,,,,,,,,,,,,,,,,,,,,,,,,,,,,,,,,,,,,,,,,,,,,,,,,,,,,,,,,,,,,,,,,,,,,,,,,,,,,,,,,,,,,,,,,,,,,,,,,,,,,,,,,,,,,,,,,,,,,,,,,,,,,,,,,,,,,,,,,,,,,,,,,,,,,,,,,,,,,,,,,,,
AcAyf9hS,ROMANIA,2023/2024,ROMANIA 1,Superliga,GILi6JC9,ROMANIA 1,04/08/2023,18:30,Round 4,Univ. Craiova,bsd9fGaK,FC Hermannstadt,pUUuFXvI,False,1,0,,,,,,"[12, 16]",[],bet365,2.25,2.1,6.0,bet365,1.95,2.4,5.5,bet365,1.6,3.75,5.25,bet365,1.5,2.5,bet365,3.4,1.3,bet365,10.0,1.06,bet365,1.3,3.4,bet365,2.38,1.53,bet365,6.0,1.13,bet365,1.07,9.0,bet365,1.36,3.0,bet365,2.2,1.65,bet365,4.0,1.22,bet365,9.0,1.07,bet365,2.25,1.57,bet365,6.5,1.11,bet365,4.33,1.2,bet365,1.17,1.25,2.3,bet365,1.11,1.67,1.57,Betano.br,1.17,1.5,1.7,bet365,1.22,4.0,Novibet,1.37,2.95,Betano.br,1.32,3.2,bet365,2.6,15.0,41.0,4.0,5.0,11.0,26.0,17.0,10.0,bet365,1.95,1.9,bet365,2.2,1.67,bet365,2.0,1.73,bet365,8.0,bet365,5.5,bet365,11.0,bet365,7.5,bet365,6.5,bet365,26.0,bet365,9.0,bet365,19.0,bet365,23.0,bet365,11.0,bet365,67.0,bet365,15.0,bet365,51.0,bet365,34.0,bet365,51.0,bet365,5.75,1.14,bet365,4.65,1.18,bet365,2.68,1.45,bet365,2.05,1.75,bet365,1.58,2.35,bet365,1.15,5.5,,0.0,0.0,,0.0,0.0,,0.0,0.0,,0.0,0.0,Novibet,17.75,9.0,0.0,Betano.br,6.6,4.85,32.0,bet365,2.75,3.4,0.0,bet365,0.0,0.0,2.3,Betano.br,1.04,11.5,1.38,Betano.br,0.0,0.0,1.12,,,,,,,,,,,0.58,0.42,,,,,,,,,,,14.0,12.0,6.0,4.0,8.0,8.0,,,,,,,,,,,,,8.0,7.0,7.0,20.0,18.0,12.0,18.0,6.0,1.0,2.0,,,2.0,1.0,4.0,5.0,,,,,,,,,,,,,,,,,,,,,,,0.58,0.42,,,,,,,,,,,4.0,3.0,2.0,1.0,2.0,2.0,,,,,,,,,,,,,2.0,3.0,3.0,12.0,11.0,4.0,11.0,3.0,0.0,1.0,,,1.0,0.0,1.0,1.0,,,,,,,,,,,,,,,,,,,,,,,0.58,0.42,,,,,,,,,,,10.0,9.0,4.0,3.0,6.0,6.0,,,,,,,,,,,,,6.0,4.0,4.0,8.0,7.0,8.0,7.0,3.0,1.0,1.0,,,1.0,1.0,3.0,4.0,,,,,,,,,,,,
vgxQyAWq,ROMANIA,2023/2024,ROMANIA 1,Superliga,GILi6JC9,ROMANIA 1,23/07/2023,18:30,Round 2,U. Cluj,Us6gkXaT,FC Rapid Bucuresti,YFCpigVG,False,0,3,,,,,,[],"[45, 62, 72]",bet365,3.5,2.0,3.4,bet365,3.0,2.3,2.88,bet365,2.63,3.2,2.55,bet365,1.5,2.5,bet365,3.4,1.3,bet365,10.0,1.06,bet365,1.29,3.5,bet365,2.38,1.53,bet365,5.5,1.14,bet365,1.08,8.0,bet365,1.4,2.75,bet365,2.3,1.6,bet365,4.33,1.2,bet365,10.0,1.06,bet365,1.91,1.8,bet365,5.5,1.14,bet365,3.75,1.25,bet365,1.5,1.36,1.44,bet365,1.3,1.73,1.29,Novibet,1.39,1.6,1.36,bet365,1.83,1.83,Novibet,1.92,1.82,Novibet,1.92,1.82,bet365,4.5,15.0,29.0,6.0,4.75,6.0,29.0,15.0,4.33,bet365,1.95,1.9,bet365,2.2,1.67,bet365,2.0,1.73,bet365,8.0,bet365,7.5,bet365,7.5,bet365,6.5,bet365,12.0,bet365,12.0,bet365,11.0,bet365,10.0,bet365,17.0,bet365,26.0,bet365,26.0,bet365,23.0,bet365,23.0,bet365,34.0,bet365,34.0,,0.0,0.0,,0.0,0.0,bet365,5.9,1.13,bet365,4.65,1.18,bet365,2.6,1.48,bet365,1.5,2.5,bet365,1.19,4.5,bet365,1.14,5.75,,0.0,0.0,,0.0,0.0,Novibet,45.0,15.25,0.0,Novibet,17.75,8.2,15.75,bet365,5.5,4.33,5.5,bet365,1.5,4.33,1.5,Novibet,1.14,7.7,1.12,Betano.br,1.04,12.5,1.03,,,,,,,,,,,0.53,0.47,,,,,,,,,,,8.0,14.0,3.0,4.0,5.0,10.0,,,,,,,,,,,,,6.0,6.0,13.0,20.0,15.0,20.0,20.0,12.0,3.0,1.0,,,0.0,1.0,1.0,3.0,,,,,,,,,,,,,,,,,,,,,,,0.43,0.57,,,,,,,,,,,4.0,8.0,0.0,2.0,4.0,6.0,,,,,,,,,,,,,3.0,4.0,7.0,8.0,5.0,7.0,8.0,6.0,3.0,1.0,,,0.0,1.0,1.0,0.0,,,,,,,,,,,,,,,,,,,,,,,0.63,0.37,,,,,,,,,,,4.0,6.0,3.0,2.0,1.0,4.0,,,,,,,,,,,,,3.0,2.0,6.0,12.0,10.0,13.0,12.0,6.0,,,,,0.0,0.0,0.0,3.0,,,,,,,,,,,,
fL0gsW8M,ROMANIA,2023/2024,ROMANIA 1,Superliga,GILi6JC9,ROMANIA 1,22/07/2023,18:30,Round 2,FCSB,Gv2kjDpN,Dinamo Bucuresti,rBgMi3MH,True,2,1,,,,,,"[30, 35]",[83],bet365,1.83,2.5,7.5,bet365,1.62,2.88,7.0,bet365,1.33,4.5,8.0,bet365,1.33,3.25,bet365,2.5,1.5,bet365,6.0,1.13,bet365,1.18,4.5,bet365,1.83,1.83,bet365,3.75,1.25,bet365,1.03,15.0,bet365,1.18,4.5,bet365,1.65,2.2,bet365,2.63,1.44,bet365,4.5,1.18,bet365,2.0,1.73,bet365,5.5,1.14,bet365,3.75,1.25,bet365,1.07,1.17,3.0,bet365,1.07,1.5,1.83,Betano.br,1.11,1.34,2.15,bet365,1.1,7.0,Novibet,1.21,4.15,Betano.br,1.17,4.7,bet365,2.0,17.0,41.0,4.0,7.0,17.0,19.0,19.0,15.0,bet365,1.95,1.9,bet365,2.0,1.8,bet365,1.91,1.8,bet365,12.0,bet365,7.0,bet365,21.0,bet365,9.0,bet365,6.5,bet365,41.0,bet365,9.0,bet365,26.0,bet365,21.0,bet365,8.5,bet365,101.0,bet365,12.0,bet365,51.0,bet365,29.0,bet365,51.0,bet365,3.45,1.3,bet365,2.68,1.45,bet365,2.0,1.85,bet365,1.53,2.43,bet365,1.35,3.1,bet365,1.1,7.0,,0.0,0.0,,0.0,0.0,,0.0,0.0,,0.0,0.0,Novibet,7.7,6.4,0.0,Betano.br,3.3,4.1,37.0,bet365,1.95,3.75,0.0,bet365,0.0,0.0,3.0,Betano.br,1.02,14.0,1.87,Betano.br,0.0,0.0,1.33,,,,,,,,,,,0.5,0.5,,,,,,,,,,,20.0,7.0,6.0,2.0,14.0,5.0,,,,,,,,,,,,,9.0,1.0,13.0,19.0,19.0,13.0,19.0,13.0,3.0,2.0,,,0.0,0.0,1.0,4.0,,,,,,,,,,,,,,,,,,,,,,,0.52,0.48,,,,,,,,,,,13.0,0.0,5.0,0.0,8.0,0.0,,,,,,,,,,,,,7.0,1.0,8.0,6.0,8.0,6.0,6.0,8.0,1.0,2.0,,,0.0,0.0,0.0,3.0,,,,,,,,,,,,,,,,,,,,,,,0.48,0.52,,,,,,,,,,,7.0,7.0,1.0,2.0,6.0,5.0,,,,,,,,,,,,,2.0,0.0,5.0,13.0,11.0,7.0,13.0,5.0,2.0,0.0,,,0.0,0.0,1.0,1.0,,,,,,,,,,,,
Cx5Yoffi,ROMANIA,2023/2024,ROMANIA 1,Superliga,GILi6JC9,ROMANIA 1,16/07/2023,15:30,Round 1,Petrolul,dhnNlCE9,U. Cluj,Us6gkXaT,False,1,1,,,,,,[],[],,0.0,0.0,0.0,,0.0,0.0,0.0,,0.0,0.0,0.0,,0.0,0.0,,0.0,0.0,,0.0,0.0,,0.0,0.0,,0.0,0.0,,0.0,0.0,,0.0,0.0,,0.0,0.0,,0.0,0.0,,0.0,0.0,,0.0,0.0,,0.0,0.0,,0.0,0.0,,0.0,0.0,,0.0,0.0,0.0,,0.0,0.0,0.0,,0.0,0.0,0.0,,0.0,0.0,,0.0,0.0,,0.0,0.0,,0.0,0.0,0.0,0.0,0.0,0.0,0.0,0.0,0.0,,0.0,0.0,,0.0,0.0,,0.0,0.0,,0.0,,0.0,,0.0,,0.0,,0.0,,0.0,,0.0,,0.0,,0.0,,0.0,,0.0,,0.0,,0.0,,0.0,,0.0,,0.0,0.0,,0.0,0.0,,0.0,0.0,,0.0,0.0,,0.0,0.0,,0.0,0.0,,0.0,0.0,,0.0,0.0,,0.0,0.0,,0.0,0.0,,0.0,0.0,0.0,,0.0,0.0,0.0,,0.0,0.0,0.0,,0.0,0.0,0.0,,0.0,0.0,0.0,,0.0,0.0,0.0,,,,,,,,,,,,,,,,,,,,,,,,,,,,,,,,,,,,,,,,,,,,,,,,,,,,,,,,,,,,,,,,,,,,,,,,,,,,,,,,,,,,,,,,,,,,,,,,,,,,,,,,,,,,,,,,,,,,,,,,,,,,,,,,,,,,,,,,,,,,,,,,,,,,,,,,,,,,,,,,,,,,,,,,,,,,,,,,,,,,,,,,,,,,,,,,,,,,,,,,,,,,
KAtPk16n,ROMANIA,2023/2024,ROMANIA 1,Superliga,GILi6JC9,ROMANIA 1,06/08/2023,18:30,Round 4,FCSB,Gv2kjDpN,CFR Cluj,4KfIhq7B,False,1,0,,,,,,[66],[],bet365,2.88,2.05,4.0,bet365,2.5,2.38,3.5,bet365,2.1,3.2,3.25,bet365,1.44,2.63,bet365,3.25,1.33,bet365,10.0,1.06,bet365,1.29,3.5,bet365,2.25,1.57,bet365,5.5,1.14,bet365,1.07,9.0,bet365,1.36,3.0,bet365,2.1,1.7,bet365,3.75,1.25,bet365,8.0,1.08,bet365,1.83,1.83,bet365,5.5,1.14,bet365,3.75,1.25,bet365,1.3,1.33,1.62,bet365,1.22,1.73,1.4,Novibet,1.32,1.57,1.46,bet365,1.53,2.38,Novibet,1.67,2.1,Betano.br,1.65,2.15,bet365,3.6,15.0,34.0,5.0,4.75,7.0,26.0,15.0,5.5,bet365,1.95,1.9,bet365,2.2,1.67,bet365,2.0,1.73,bet365,8.5,bet365,7.0,bet365,9.0,bet365,6.5,bet365,10.0,bet365,17.0,bet365,9.5,bet365,12.0,bet365,17.0,bet365,19.0,bet365,34.0,bet365,19.0,bet365,29.0,bet365,34.0,bet365,41.0,,0.0,0.0,,0.0,0.0,bet365,4.25,1.21,bet365,3.45,1.3,bet365,2.2,1.65,bet365,1.35,3.1,bet365,1.13,6.0,bet365,1.1,7.0,,0.0,0.0,,0.0,0.0,Betano.br,23.0,11.25,32.0,Novibet,11.75,6.8,20.0,bet365,4.33,3.75,0.0,bet365,0.0,0.0,1.62,Novibet,1.1,9.1,1.19,Betano.br,1.03,14.0,1.06,,,,,,,,,,,0.67,0.33,,,,,,,,,,,11.0,10.0,4.0,2.0,7.0,8.0,,,,,,,,,,,,,5.0,0.0,16.0,12.0,14.0,25.0,12.0,16.0,4.0,3.0,,,0.0,0.0,2.0,3.0,,,,,,,,,,,,,,,,,,,,,,,0.65,0.35,,,,,,,,,,,7.0,6.0,3.0,2.0,4.0,4.0,,,,,,,,,,,,,4.0,0.0,7.0,6.0,9.0,14.0,6.0,7.0,2.0,0.0,,,0.0,0.0,2.0,3.0,,,,,,,,,,,,,,,,,,,,,,,0.69,0.31,,,,,,,,,,,4.0,4.0,1.0,0.0,3.0,4.0,,,,,,,,,,,,,1.0,0.0,9.0,6.0,5.0,11.0,6.0,9.0,2.0,3.0,,,0.0,0.0,0.0,0.0,,,,,,,,,,,,
nsICUhPG,ROMANIA,2023/2024,ROMANIA 1,Superliga,GILi6JC9,ROMANIA 1,15/07/2023,18:30,Round 1,CFR Cluj,4KfIhq7B,Poli Iasi,t84qisiU,False,2,0,,,,,,[],[],,0.0,0.0,0.0,,0.0,0.0,0.0,,0.0,0.0,0.0,,0.0,0.0,,0.0,0.0,,0.0,0.0,,0.0,0.0,,0.0,0.0,,0.0,0.0,,0.0,0.0,,0.0,0.0,,0.0,0.0,,0.0,0.0,,0.0,0.0,,0.0,0.0,,0.0,0.0,,0.0,0.0,,0.0,0.0,0.0,,0.0,0.0,0.0,,0.0,0.0,0.0,,0.0,0.0,,0.0,0.0,,0.0,0.0,,0.0,0.0,0.0,0.0,0.0,0.0,0.0,0.0,0.0,,0.0,0.0,,0.0,0.0,,0.0,0.0,,0.0,,0.0,,0.0,,0.0,,0.0,,0.0,,0.0,,0.0,,0.0,,0.0,,0.0,,0.0,,0.0,,0.0,,0.0,,0.0,0.0,,0.0,0.0,,0.0,0.0,,0.0,0.0,,0.0,0.0,,0.0,0.0,,0.0,0.0,,0.0,0.0,,0.0,0.0,,0.0,0.0,,0.0,0.0,0.0,,0.0,0.0,0.0,,0.0,0.0,0.0,,0.0,0.0,0.0,,0.0,0.0,0.0,,0.0,0.0,0.0,,,,,,,,,,,,,,,,,,,,,,,,,,,,,,,,,,,,,,,,,,,,,,,,,,,,,,,,,,,,,,,,,,,,,,,,,,,,,,,,,,,,,,,,,,,,,,,,,,,,,,,,,,,,,,,,,,,,,,,,,,,,,,,,,,,,,,,,,,,,,,,,,,,,,,,,,,,,,,,,,,,,,,,,,,,,,,,,,,,,,,,,,,,,,,,,,,,,,,,,,,,,
8jJ8VY9A,ROMANIA,2023/2024,ROMANIA 1,Superliga,GILi6JC9,ROMANIA 1,15/07/2023,15:30,Round 1,FC Hermannstadt,pUUuFXvI,Farul Constanta,CrJbN1Pa,False,0,1,,,,,,[],[],,0.0,0.0,0.0,,0.0,0.0,0.0,,0.0,0.0,0.0,,0.0,0.0,,0.0,0.0,,0.0,0.0,,0.0,0.0,,0.0,0.0,,0.0,0.0,,0.0,0.0,,0.0,0.0,,0.0,0.0,,0.0,0.0,,0.0,0.0,,0.0,0.0,,0.0,0.0,,0.0,0.0,,0.0,0.0,0.0,,0.0,0.0,0.0,,0.0,0.0,0.0,,0.0,0.0,,0.0,0.0,,0.0,0.0,,0.0,0.0,0.0,0.0,0.0,0.0,0.0,0.0,0.0,,0.0,0.0,,0.0,0.0,,0.0,0.0,,0.0,,0.0,,0.0,,0.0,,0.0,,0.0,,0.0,,0.0,,0.0,,0.0,,0.0,,0.0,,0.0,,0.0,,0.0,,0.0,0.0,,0.0,0.0,,0.0,0.0,,0.0,0.0,,0.0,0.0,,0.0,0.0,,0.0,0.0,,0.0,0.0,,0.0,0.0,,0.0,0.0,,0.0,0.0,0.0,,0.0,0.0,0.0,,0.0,0.0,0.0,,0.0,0.0,0.0,,0.0,0.0,0.0,,0.0,0.0,0.0,,,,,,,,,,,,,,,,,,,,,,,,,,,,,,,,,,,,,,,,,,,,,,,,,,,,,,,,,,,,,,,,,,,,,,,,,,,,,,,,,,,,,,,,,,,,,,,,,,,,,,,,,,,,,,,,,,,,,,,,,,,,,,,,,,,,,,,,,,,,,,,,,,,,,,,,,,,,,,,,,,,,,,,,,,,,,,,,,,,,,,,,,,,,,,,,,,,,,,,,,,,,
nJyUzUoj,ROMANIA,2023/2024,ROMANIA 1,Superliga,GILi6JC9,ROMANIA 1,24/07/2023,15:30,Round 2,FC Botosani,GjY1JjUS,Petrolul,dhnNlCE9,False,1,1,,,,,,[38],"[14, 90]",bet365,2.75,2.0,4.5,bet365,2.4,2.25,4.0,bet365,2.0,3.3,3.4,bet365,1.53,2.38,bet365,3.5,1.29,bet365,11.0,1.05,bet365,1.33,3.25,bet365,2.5,1.5,bet365,6.5,1.11,bet365,1.08,7.5,bet365,1.44,2.63,bet365,2.35,1.57,bet365,4.5,1.18,bet365,11.0,1.05,bet365,2.1,1.67,bet365,6.0,1.13,bet365,4.0,1.22,bet365,1.29,1.3,1.67,bet365,1.17,1.73,1.4,Novibet,1.29,1.6,1.47,bet365,1.44,2.63,Novibet,1.61,2.25,Betano.br,1.6,2.27,bet365,3.4,15.0,34.0,4.75,4.5,7.5,29.0,15.0,6.5,bet365,1.95,1.9,bet365,2.2,1.67,bet365,2.0,1.73,bet365,7.5,bet365,6.0,bet365,8.5,bet365,6.5,bet365,8.5,bet365,17.0,bet365,9.5,bet365,13.0,bet365,19.0,bet365,17.0,bet365,41.0,bet365,19.0,bet365,34.0,bet365,34.0,bet365,41.0,,0.0,0.0,bet365,7.0,1.1,bet365,3.9,1.24,bet365,3.1,1.35,bet365,2.05,1.8,bet365,1.3,3.45,bet365,1.1,7.0,bet365,1.1,7.0,,0.0,0.0,,0.0,0.0,Betano.br,22.0,10.75,35.0,Novibet,11.75,6.5,25.0,bet365,4.0,3.6,5.5,bet365,1.44,4.33,1.67,Novibet,1.08,9.7,1.21,Betano.br,1.02,14.5,1.06,,,,,,,,,,,0.52,0.48,,,,,,,,,,,7.0,7.0,3.0,4.0,4.0,3.0,,,,,,,,,,,,,7.0,5.0,10.0,12.0,20.0,22.0,10.0,8.0,4.0,0.0,,,2.0,2.0,3.0,2.0,,,,,,,,,,,,,,,,,,,,,,,0.56,0.44,,,,,,,,,,,5.0,2.0,3.0,1.0,2.0,1.0,,,,,,,,,,,,,4.0,2.0,3.0,7.0,11.0,12.0,6.0,3.0,1.0,0.0,,,1.0,0.0,0.0,2.0,,,,,,,,,,,,,,,,,,,,,,,0.48,0.52,,,,,,,,,,,2.0,5.0,0.0,3.0,2.0,2.0,,,,,,,,,,,,,3.0,3.0,7.0,5.0,9.0,10.0,4.0,5.0,3.0,0.0,,,1.0,2.0,3.0,0.0,,,,,,,,,,,,
x658DfkI,ROMANIA,2023/2024,ROMANIA 1,Superliga,GILi6JC9,ROMANIA 1,04/09/2023,10:00,Round 8,U. Cluj,Us6gkXaT,Poli Iasi,t84qisiU,False,0,2,,,,,,[],"[55, 90]",bet365,2.4,2.1,5.0,bet365,2.05,2.4,4.5,bet365,1.7,3.6,4.5,bet365,1.44,2.63,bet365,3.25,1.33,bet365,9.0,1.07,bet365,1.25,3.75,bet365,2.25,1.57,bet365,5.5,1.14,bet365,1.06,10.0,bet365,1.33,3.25,bet365,2.05,1.75,bet365,3.75,1.25,bet365,8.0,1.08,bet365,2.0,1.73,bet365,5.5,1.14,bet365,3.75,1.25,bet365,1.18,1.29,2.1,bet365,1.14,1.67,1.53,Betano.br,1.21,1.5,1.62,bet365,1.29,3.5,Betano.br,1.42,2.67,Betano.br,1.39,2.82,bet365,2.75,15.0,41.0,4.5,5.0,9.5,23.0,17.0,8.0,bet365,1.95,1.9,bet365,2.1,1.73,bet365,2.0,1.73,bet365,9.0,bet365,6.0,bet365,11.0,bet365,7.0,bet365,7.5,bet365,23.0,bet365,8.5,bet365,15.0,bet365,19.0,bet365,13.0,bet365,51.0,bet365,15.0,bet365,41.0,bet365,29.0,bet365,41.0,bet365,6.4,1.12,bet365,5.5,1.15,bet365,3.0,1.38,bet365,2.3,1.6,bet365,1.7,2.1,bet365,1.2,4.4,,0.0,0.0,,0.0,0.0,,0.0,0.0,,0.0,0.0,Betano.br,15.5,8.75,37.0,Novibet,7.8,5.5,30.0,bet365,3.0,3.6,0.0,bet365,0.0,0.0,2.1,Betano.br,1.06,10.75,1.35,Betano.br,1.01,15.5,1.11,,,,,,,,,,,0.62,0.38,,,,,,,,,,,8.0,9.0,4.0,3.0,4.0,6.0,,,,,,,,,,,,,6.0,1.0,13.0,15.0,33.0,18.0,12.0,10.0,3.0,4.0,,,3.0,3.0,1.0,4.0,,,,,,,,,,,,,,,,,,,,,,,0.64,0.36,,,,,,,,,,,4.0,4.0,3.0,1.0,1.0,3.0,,,,,,,,,,,,,3.0,0.0,7.0,6.0,15.0,12.0,5.0,5.0,1.0,1.0,,,1.0,2.0,1.0,3.0,,,,,,,,,,,,,,,,,,,,,,,0.6,0.4,,,,,,,,,,,4.0,5.0,1.0,2.0,3.0,3.0,,,,,,,,,,,,,3.0,1.0,6.0,9.0,18.0,6.0,7.0,5.0,2.0,3.0,,,2.0,1.0,0.0,1.0,,,,,,,,,,,,
SEEGbXwc,ROMANIA,2023/2024,ROMANIA 1,Superliga,GILi6JC9,ROMANIA 1,29/07/2023,15:30,Round 3,FC Hermannstadt,pUUuFXvI,UTA Arad,QDiPqBNj,False,2,1,,,,,,"[51, 58]",[31],bet365,2.88,1.91,4.75,bet365,2.5,2.2,4.0,bet365,2.05,3.1,3.8,bet365,1.62,2.2,bet365,4.0,1.22,bet365,13.0,1.04,bet365,1.36,3.0,bet365,2.75,1.4,bet365,7.0,1.1,bet365,1.11,6.5,bet365,1.53,2.38,bet365,2.7,1.44,bet365,5.5,1.14,bet365,13.0,1.04,bet365,2.25,1.57,bet365,7.0,1.1,bet365,5.0,1.17,bet365,1.25,1.36,1.73,bet365,1.17,1.8,1.4,Novibet,1.23,1.67,1.5,bet365,1.44,2.63,Novibet,1.48,2.55,Betano.br,1.47,2.55,bet365,3.5,15.0,41.0,4.75,4.0,7.5,29.0,17.0,7.0,bet365,1.95,1.9,bet365,2.3,1.62,bet365,2.0,1.73,bet365,6.0,bet365,5.5,bet365,8.0,bet365,6.5,bet365,8.5,bet365,17.0,bet365,10.0,bet365,15.0,bet365,21.0,bet365,19.0,bet365,41.0,bet365,21.0,bet365,41.0,bet365,41.0,bet365,51.0,,0.0,0.0,bet365,7.0,1.1,bet365,4.15,1.22,bet365,3.3,1.33,bet365,2.05,1.75,bet365,1.26,3.7,,0.0,0.0,,0.0,0.0,,0.0,0.0,,0.0,0.0,Betano.br,23.0,10.75,40.0,Novibet,11.25,6.1,39.0,bet365,4.33,3.5,0.0,bet365,0.0,0.0,1.73,Novibet,1.04,11.5,1.22,Betano.br,1.01,15.5,1.06,,,,,,,,,,,0.62,0.38,,,,,,,,,,,16.0,4.0,7.0,1.0,9.0,3.0,,,,,,,,,,,,,8.0,5.0,15.0,8.0,22.0,19.0,8.0,15.0,2.0,4.0,,,0.0,0.0,0.0,5.0,,,,,,,,,,,,,,,,,,,,,,,0.65,0.35,,,,,,,,,,,11.0,2.0,4.0,1.0,7.0,1.0,,,,,,,,,,,,,3.0,2.0,9.0,4.0,13.0,13.0,4.0,9.0,0.0,2.0,,,0.0,0.0,0.0,4.0,,,,,,,,,,,,,,,,,,,,,,,0.59,0.41,,,,,,,,,,,5.0,2.0,3.0,0.0,2.0,2.0,,,,,,,,,,,,,5.0,3.0,6.0,4.0,9.0,6.0,4.0,6.0,2.0,2.0,,,0.0,0.0,0.0,1.0,,,,,,,,,,,,
fmcrj0if,ROMANIA,2023/2024,ROMANIA 1,Superliga,GILi6JC9,ROMANIA 1,11/08/2023,17:30,Round 5,U Craiova 1948,nNhLpi8p,FC Voluntari,WIoSeFi4,False,3,1,,,,,,"[4, 14, 21]",[78],bet365,2.88,2.1,3.6,bet365,2.6,2.4,3.2,bet365,2.2,3.2,3.0,bet365,1.4,2.75,bet365,3.0,1.36,bet365,8.0,1.08,bet365,1.22,4.0,bet365,2.1,1.67,bet365,4.5,1.18,bet365,1.06,10.0,bet365,1.3,3.4,bet365,2.03,1.83,bet365,3.4,1.3,bet365,7.0,1.1,bet365,1.73,2.0,bet365,4.5,1.18,bet365,3.4,1.3,bet365,1.33,1.33,1.57,bet365,1.29,1.67,1.4,Novibet,1.32,1.55,1.47,bet365,1.62,2.2,Novibet,1.65,2.15,Novibet,1.66,2.15,bet365,3.75,13.0,29.0,5.5,5.0,7.0,26.0,15.0,5.0,bet365,1.95,1.9,bet365,2.1,1.73,bet365,1.91,1.8,bet365,10.0,bet365,8.0,bet365,10.0,bet365,6.5,bet365,11.0,bet365,15.0,bet365,9.5,bet365,12.0,bet365,13.0,bet365,21.0,bet365,34.0,bet365,19.0,bet365,26.0,bet365,29.0,bet365,34.0,,0.0,0.0,,0.0,0.0,bet365,4.4,1.2,bet365,3.55,1.28,bet365,2.25,1.63,bet365,1.38,3.0,bet365,1.14,5.75,bet365,1.11,6.6,,0.0,0.0,,0.0,0.0,Betano.br,22.0,11.0,32.0,Novibet,11.0,6.7,20.0,bet365,4.33,4.0,0.0,bet365,0.0,0.0,1.57,Novibet,1.1,9.2,1.2,Betano.br,1.03,13.5,1.06,,,,,,,,,,,0.45,0.55,,,,,,,,,,,10.0,8.0,5.0,2.0,5.0,6.0,,,,,,,,,,,,,1.0,6.0,9.0,11.0,17.0,18.0,11.0,9.0,1.0,2.0,,,,,1.0,2.0,,,,,,,,,,,,,,,,,,,,,,,0.48,0.52,,,,,,,,,,,8.0,3.0,5.0,0.0,3.0,3.0,,,,,,,,,,,,,0.0,1.0,4.0,6.0,11.0,8.0,6.0,4.0,,,,,,,0.0,2.0,,,,,,,,,,,,,,,,,,,,,,,0.42,0.58,,,,,,,,,,,2.0,5.0,0.0,2.0,2.0,3.0,,,,,,,,,,,,,1.0,5.0,5.0,5.0,6.0,10.0,5.0,5.0,1.0,2.0,,,,,1.0,0.0,,,,,,,,,,,,
MZbzhMMs,ROMANIA,2023/2024,ROMANIA 1,Superliga,GILi6JC9,ROMANIA 1,12/08/2023,15:30,Round 5,Otelul,2H5uhNyO,U. Cluj,Us6gkXaT,False,1,1,,,,,,[59],[90],bet365,4.0,1.91,3.4,bet365,3.4,2.2,2.88,bet365,3.0,2.9,2.4,bet365,1.57,2.25,bet365,3.75,1.25,bet365,13.0,1.04,bet365,1.36,3.0,bet365,2.75,1.4,bet365,7.0,1.1,bet365,1.11,6.5,bet365,1.53,2.38,bet365,2.7,1.44,bet365,5.5,1.14,bet365,13.0,1.04,bet365,2.2,1.62,bet365,6.5,1.11,bet365,4.33,1.2,bet365,1.53,1.4,1.36,bet365,1.3,1.8,1.22,Novibet,1.41,1.65,1.31,bet365,2.1,1.67,Novibet,2.07,1.71,Betano.br,2.07,1.7,bet365,5.0,15.0,34.0,6.5,4.0,5.5,34.0,15.0,4.33,bet365,1.95,1.9,bet365,2.3,1.62,bet365,2.0,1.73,bet365,6.5,bet365,7.0,bet365,6.0,bet365,6.0,bet365,13.0,bet365,10.0,bet365,12.0,bet365,11.0,bet365,19.0,bet365,34.0,bet365,23.0,bet365,29.0,bet365,26.0,bet365,41.0,bet365,41.0,,0.0,0.0,,0.0,0.0,bet365,7.0,1.1,bet365,6.0,1.13,bet365,3.0,1.38,bet365,1.55,2.38,bet365,1.21,4.25,bet365,1.15,5.5,,0.0,0.0,,0.0,0.0,Novibet,51.0,16.75,0.0,Novibet,23.0,9.2,15.0,bet365,6.0,4.33,5.5,bet365,1.53,4.0,1.44,Novibet,1.15,7.3,1.09,Betano.br,1.04,12.5,1.02,,,,,,,,,,,0.35,0.65,,,,,,,,,,,11.0,7.0,3.0,1.0,8.0,6.0,,,,,,,,,,,,,2.0,1.0,15.0,14.0,24.0,23.0,14.0,12.0,2.0,2.0,,,0.0,3.0,0.0,2.0,,,,,,,,,,,,,,,,,,,,,,,0.33,0.67,,,,,,,,,,,5.0,2.0,2.0,0.0,3.0,2.0,,,,,,,,,,,,,0.0,0.0,10.0,6.0,13.0,11.0,6.0,7.0,,,,,0.0,3.0,0.0,2.0,,,,,,,,,,,,,,,,,,,,,,,0.37,0.63,,,,,,,,,,,6.0,5.0,1.0,1.0,5.0,4.0,,,,,,,,,,,,,2.0,1.0,5.0,8.0,11.0,12.0,8.0,5.0,2.0,2.0,,,0.0,0.0,0.0,0.0,,,,,,,,,,,,
tIIKcig3,ROMANIA,2023/2024,ROMANIA 1,Superliga,GILi6JC9,ROMANIA 1,28/07/2023,15:30,Round 3,U Craiova 1948,nNhLpi8p,U. Cluj,Us6gkXaT,False,3,4,,,,,,"[50, 60, 77]","[37, 69, 80, 86]",bet365,2.88,2.05,4.0,bet365,2.5,2.3,3.4,bet365,2.15,3.1,3.5,bet365,1.5,2.5,bet365,3.4,1.3,bet365,10.0,1.06,bet365,1.29,3.5,bet365,2.25,1.57,bet365,5.5,1.14,bet365,1.07,9.0,bet365,1.36,3.0,bet365,2.2,1.65,bet365,4.0,1.22,bet365,9.0,1.07,bet365,1.83,1.83,bet365,5.5,1.14,bet365,3.75,1.25,bet365,1.29,1.36,1.67,bet365,1.22,1.73,1.4,Novibet,1.29,1.57,1.47,bet365,1.53,2.38,Novibet,1.61,2.2,Betano.br,1.62,2.22,bet365,3.6,15.0,34.0,5.0,4.75,7.0,26.0,15.0,5.5,bet365,1.95,1.9,bet365,2.2,1.67,bet365,2.0,1.73,bet365,8.0,bet365,7.0,bet365,9.5,bet365,6.0,bet365,10.0,bet365,17.0,bet365,9.5,bet365,13.0,bet365,15.0,bet365,21.0,bet365,41.0,bet365,19.0,bet365,29.0,bet365,34.0,bet365,41.0,,0.0,0.0,,0.0,0.0,bet365,4.25,1.21,bet365,3.45,1.3,bet365,2.15,1.68,bet365,1.33,3.3,bet365,1.11,6.6,bet365,1.1,7.0,,0.0,0.0,,0.0,0.0,Betano.br,23.0,11.0,35.0,Novibet,11.25,6.5,23.0,bet365,4.33,3.75,0.0,bet365,0.0,0.0,1.67,Novibet,1.08,9.6,1.2,Betano.br,1.02,14.5,1.06,,,,,,,,,,,0.62,0.38,,,,,,,,,,,13.0,16.0,7.0,6.0,6.0,10.0,,,,,,,,,,,,,1.0,4.0,11.0,13.0,13.0,21.0,11.0,11.0,2.0,3.0,,,2.0,0.0,2.0,4.0,,,,,,,,,,,,,,,,,,,,,,,0.63,0.37,,,,,,,,,,,4.0,8.0,2.0,1.0,2.0,7.0,,,,,,,,,,,,,0.0,3.0,7.0,10.0,5.0,14.0,8.0,7.0,2.0,2.0,,,2.0,0.0,0.0,2.0,,,,,,,,,,,,,,,,,,,,,,,0.61,0.39,,,,,,,,,,,9.0,8.0,5.0,5.0,4.0,3.0,,,,,,,,,,,,,1.0,1.0,4.0,3.0,8.0,7.0,3.0,4.0,0.0,1.0,,,0.0,0.0,2.0,2.0,,,,,,,,,,,,
zuIOdB89,ROMANIA,2023/2024,ROMANIA 1,Superliga,GILi6JC9,ROMANIA 1,28/07/2023,18:30,Round 3,FC Rapid Bucuresti,YFCpigVG,FC Botosani,GjY1JjUS,False,2,2,,,,,,"[15, 82]","[51, 60, 90]",bet365,2.0,2.25,8.0,bet365,1.73,2.6,7.0,bet365,1.4,4.5,7.5,bet365,1.44,2.63,bet365,3.0,1.36,bet365,9.0,1.07,bet365,1.25,3.75,bet365,2.25,1.57,bet365,5.0,1.17,bet365,1.07,9.0,bet365,1.33,3.25,bet365,2.05,1.75,bet365,3.75,1.25,bet365,8.0,1.08,bet365,2.38,1.53,bet365,6.5,1.11,bet365,4.5,1.18,bet365,1.1,1.18,2.75,bet365,1.08,1.57,1.73,Betano.br,1.11,1.42,1.98,bet365,1.14,5.5,Novibet,1.22,3.95,Betano.br,1.18,4.45,bet365,2.2,17.0,51.0,3.75,6.0,15.0,23.0,21.0,15.0,bet365,1.95,1.9,bet365,2.1,1.73,bet365,1.91,1.8,bet365,9.0,bet365,5.5,bet365,15.0,bet365,9.0,bet365,6.0,bet365,34.0,bet365,9.0,bet365,23.0,bet365,26.0,bet365,8.5,bet365,81.0,bet365,13.0,bet365,51.0,bet365,34.0,bet365,67.0,bet365,4.25,1.21,bet365,3.45,1.3,bet365,2.25,1.63,bet365,1.7,2.2,bet365,1.4,2.85,bet365,1.11,6.6,,0.0,0.0,,0.0,0.0,,0.0,0.0,,0.0,0.0,Novibet,9.9,7.0,0.0,Betano.br,4.25,4.15,40.0,bet365,2.2,3.5,0.0,bet365,0.0,0.0,2.75,Betano.br,1.02,14.0,1.65,Betano.br,0.0,0.0,1.24,,,,,,,,,,,0.69,0.31,,,,,,,,,,,9.0,9.0,3.0,6.0,6.0,3.0,,,,,,,,,,,,,3.0,2.0,15.0,17.0,30.0,26.0,16.0,15.0,1.0,3.0,,,1.0,0.0,4.0,1.0,,,,,,,,,,,,,,,,,,,,,,,0.67,0.33,,,,,,,,,,,3.0,3.0,1.0,1.0,2.0,2.0,,,,,,,,,,,,,0.0,1.0,7.0,9.0,16.0,15.0,9.0,7.0,0.0,1.0,,,0.0,0.0,1.0,0.0,,,,,,,,,,,,,,,,,,,,,,,0.71,0.29,,,,,,,,,,,6.0,6.0,2.0,5.0,4.0,1.0,,,,,,,,,,,,,3.0,1.0,8.0,8.0,14.0,11.0,7.0,8.0,1.0,2.0,,,1.0,0.0,3.0,1.0,,,,,,,,,,,,
xpjbtjOS,ROMANIA,2023/2024,ROMANIA 1,Superliga,GILi6JC9,ROMANIA 1,21/07/2023,15:30,Round 2,Sepsi Sf. Gheorghe,IDsPIcMA,U Craiova 1948,nNhLpi8p,False,1,0,,,,,,[89],[],bet365,2.3,2.2,5.5,bet365,2.0,2.5,4.75,bet365,1.65,3.75,4.5,bet365,1.4,2.75,bet365,3.0,1.36,bet365,8.0,1.08,bet365,1.25,3.75,bet365,2.2,1.62,bet365,5.0,1.17,bet365,1.05,11.0,bet365,1.3,3.4,bet365,2.0,1.85,bet365,3.4,1.3,bet365,7.0,1.1,bet365,2.0,1.73,bet365,5.5,1.14,bet365,3.75,1.25,bet365,1.18,1.25,2.2,bet365,1.13,1.62,1.57,Betano.br,1.18,1.45,1.75,bet365,1.29,3.5,Novibet,1.4,2.8,Betano.br,1.31,3.25,bet365,2.63,15.0,41.0,4.33,5.5,10.0,23.0,17.0,8.5,bet365,1.95,1.9,bet365,2.1,1.73,bet365,1.91,1.8,bet365,10.0,bet365,6.5,bet365,12.0,bet365,7.5,bet365,7.5,bet365,23.0,bet365,8.5,bet365,15.0,bet365,19.0,bet365,12.0,bet365,51.0,bet365,15.0,bet365,41.0,bet365,29.0,bet365,41.0,bet365,5.9,1.13,bet365,5.0,1.17,bet365,2.85,1.4,bet365,2.2,1.65,bet365,1.65,2.2,bet365,1.2,4.4,,0.0,0.0,,0.0,0.0,,0.0,0.0,,0.0,0.0,Betano.br,12.0,7.6,40.0,Novibet,7.0,5.25,30.0,bet365,2.88,3.6,0.0,bet365,0.0,0.0,2.2,Betano.br,1.04,11.5,1.45,Betano.br,1.01,15.5,1.16,,,,,,,,,,,0.53,0.47,,,,,,,,,,,16.0,5.0,4.0,1.0,12.0,4.0,,,,,,,,,,,,,7.0,2.0,11.0,13.0,19.0,20.0,13.0,11.0,1.0,3.0,1.0,1.0,0.0,0.0,1.0,3.0,,,,,,,,,,,,,,,,,,,,,,,0.4,0.6,,,,,,,,,,,5.0,3.0,0.0,0.0,5.0,3.0,,,,,,,,,,,,,2.0,0.0,4.0,5.0,13.0,14.0,5.0,4.0,1.0,2.0,0.0,1.0,0.0,0.0,0.0,0.0,,,,,,,,,,,,,,,,,,,,,,,0.66,0.34,,,,,,,,,,,11.0,2.0,4.0,1.0,7.0,1.0,,,,,,,,,,,,,5.0,2.0,7.0,8.0,6.0,6.0,8.0,7.0,0.0,1.0,1.0,0.0,0.0,0.0,1.0,3.0,,,,,,,,,,,,
MyjCm7Ve,ROMANIA,2023/2024,ROMANIA 1,Superliga,GILi6JC9,ROMANIA 1,07/08/2023,18:30,Round 4,FC Voluntari,WIoSeFi4,FC Rapid Bucuresti,YFCpigVG,False,2,1,,,,,,"[1, 37]",[13],bet365,3.6,2.1,3.1,bet365,3.1,2.4,2.63,bet365,2.8,3.3,2.3,bet365,1.44,2.63,bet365,3.25,1.33,bet365,9.0,1.07,bet365,1.25,3.75,bet365,2.2,1.62,bet365,5.0,1.17,bet365,1.06,10.0,bet365,1.33,3.25,bet365,2.05,1.75,bet365,3.75,1.25,bet365,8.0,1.08,bet365,1.83,1.83,bet365,5.0,1.17,bet365,3.5,1.29,bet365,1.57,1.33,1.4,bet365,1.36,1.67,1.29,Novibet,1.46,1.56,1.33,bet365,2.0,1.73,Novibet,2.1,1.68,Novibet,2.1,1.68,bet365,4.75,15.0,26.0,6.5,5.0,5.5,29.0,15.0,4.0,bet365,1.95,1.9,bet365,2.1,1.73,bet365,2.0,1.73,bet365,9.5,bet365,8.5,bet365,7.5,bet365,6.5,bet365,13.0,bet365,11.0,bet365,11.0,bet365,9.5,bet365,15.0,bet365,29.0,bet365,23.0,bet365,23.0,bet365,21.0,bet365,34.0,bet365,29.0,,0.0,0.0,,0.0,0.0,bet365,6.25,1.12,bet365,5.25,1.16,bet365,2.85,1.4,bet365,1.6,2.3,bet365,1.26,3.7,bet365,1.18,4.65,,0.0,0.0,,0.0,0.0,Novibet,47.0,16.0,0.0,Novibet,19.5,9.1,11.25,bet365,0.0,0.0,4.75,bet365,1.57,4.0,0.0,Novibet,1.2,6.9,1.1,Betano.br,1.05,11.25,1.03,,,,,,,,,,,0.36,0.64,,,,,,,,,,,9.0,11.0,5.0,3.0,4.0,8.0,,,,,,,,,,,,,2.0,5.0,11.0,18.0,16.0,31.0,16.0,11.0,3.0,1.0,,,2.0,0.0,2.0,3.0,,,,,,,,,,,,,,,,,,,,,,,0.39,0.61,,,,,,,,,,,5.0,6.0,3.0,2.0,2.0,4.0,,,,,,,,,,,,,1.0,1.0,3.0,5.0,9.0,15.0,4.0,3.0,,,,,1.0,0.0,1.0,1.0,,,,,,,,,,,,,,,,,,,,,,,0.33,0.67,,,,,,,,,,,4.0,5.0,2.0,1.0,2.0,4.0,,,,,,,,,,,,,1.0,4.0,8.0,13.0,7.0,16.0,12.0,8.0,3.0,1.0,,,1.0,0.0,1.0,2.0,,,,,,,,,,,,
00SrlvM6,ROMANIA,2023/2024,ROMANIA 1,Superliga,GILi6JC9,ROMANIA 1,13/08/2023,18:30,Round 5,FC Rapid Bucuresti,YFCpigVG,Petrolul,dhnNlCE9,False,0,2,,,,,,[],"[62, 90]",bet365,2.38,2.2,4.75,bet365,2.05,2.5,4.33,bet365,1.73,3.4,4.5,bet365,1.4,2.75,bet365,2.75,1.4,bet365,8.0,1.08,bet365,1.22,4.0,bet365,2.0,1.73,bet365,4.33,1.2,bet365,1.05,11.0,bet365,1.29,3.5,bet365,1.95,1.9,bet365,3.25,1.33,bet365,6.5,1.11,bet365,1.83,1.83,bet365,5.0,1.17,bet365,3.5,1.29,bet365,1.17,1.29,1.91,bet365,1.17,1.62,1.53,Novibet,1.23,1.52,1.65,bet365,1.29,3.5,Novibet,1.4,2.8,Betano.br,1.39,2.85,bet365,2.75,15.0,34.0,4.5,5.5,9.5,21.0,15.0,7.5,bet365,1.95,1.9,bet365,2.1,1.73,bet365,1.91,1.8,bet365,10.0,bet365,7.0,bet365,13.0,bet365,6.5,bet365,8.0,bet365,23.0,bet365,8.5,bet365,15.0,bet365,15.0,bet365,13.0,bet365,51.0,bet365,15.0,bet365,41.0,bet365,26.0,bet365,41.0,bet365,6.0,1.13,bet365,5.25,1.16,bet365,3.0,1.38,bet365,2.3,1.6,bet365,1.73,2.08,bet365,1.19,4.5,,0.0,0.0,,0.0,0.0,,0.0,0.0,,0.0,0.0,Betano.br,14.0,8.5,37.0,Betano.br,6.4,5.1,24.0,bet365,3.0,3.75,0.0,bet365,0.0,0.0,1.91,Betano.br,1.06,10.5,1.38,Betano.br,1.01,15.5,1.12,,,,,,,,,,,0.6,0.4,,,,,,,,,,,14.0,11.0,6.0,4.0,8.0,7.0,,,,,,,,,,,,,7.0,7.0,13.0,14.0,28.0,22.0,12.0,12.0,1.0,0.0,,,2.0,1.0,2.0,6.0,,,,,,,,,,,,,,,,,,,,,,,0.59,0.41,,,,,,,,,,,7.0,6.0,4.0,1.0,3.0,5.0,,,,,,,,,,,,,2.0,3.0,6.0,9.0,14.0,14.0,7.0,5.0,,,,,2.0,1.0,1.0,4.0,,,,,,,,,,,,,,,,,,,,,,,0.61,0.39,,,,,,,,,,,7.0,5.0,2.0,3.0,5.0,2.0,,,,,,,,,,,,,5.0,4.0,7.0,5.0,14.0,8.0,5.0,7.0,1.0,0.0,,,0.0,0.0,1.0,2.0,,,,,,,,,,,,
Sxc3kT0q,ROMANIA,2023/2024,ROMANIA 1,Superliga,GILi6JC9,ROMANIA 1,05/08/2023,18:30,Round 4,U. Cluj,Us6gkXaT,Dinamo Bucuresti,rBgMi3MH,False,1,1,,,,,,[51],[15],bet365,2.63,2.05,4.75,bet365,2.25,2.3,4.0,bet365,1.91,3.25,4.0,bet365,1.5,2.5,bet365,3.4,1.3,bet365,10.0,1.06,bet365,1.3,3.4,bet365,2.38,1.53,bet365,6.0,1.13,bet365,1.08,8.0,bet365,1.4,2.75,bet365,2.25,1.62,bet365,4.33,1.2,bet365,10.0,1.06,bet365,2.0,1.73,bet365,6.0,1.13,bet365,4.0,1.22,bet365,1.22,1.33,1.83,bet365,1.17,1.73,1.44,Novibet,1.26,1.6,1.52,bet365,1.4,2.75,Novibet,1.51,2.45,Betano.br,1.44,2.67,bet365,3.2,15.0,41.0,4.75,4.75,8.5,26.0,15.0,7.0,bet365,1.95,1.9,bet365,2.2,1.67,bet365,2.0,1.73,bet365,8.0,bet365,6.0,bet365,9.5,bet365,6.5,bet365,8.0,bet365,19.0,bet365,9.0,bet365,15.0,bet365,19.0,bet365,15.0,bet365,41.0,bet365,17.0,bet365,41.0,bet365,34.0,bet365,41.0,,0.0,0.0,,0.0,0.0,bet365,3.55,1.28,bet365,2.75,1.43,bet365,1.95,1.9,bet365,1.24,3.9,bet365,1.11,6.6,,0.0,0.0,,0.0,0.0,,0.0,0.0,Betano.br,18.0,9.5,37.0,Novibet,9.8,6.2,30.0,bet365,3.6,3.6,0.0,bet365,0.0,0.0,1.83,Novibet,1.06,11.0,1.24,Betano.br,1.01,15.5,1.09,,,,,,,,,,,0.56,0.44,,,,,,,,,,,19.0,10.0,7.0,4.0,12.0,6.0,,,,,,,,,,,,,7.0,4.0,9.0,15.0,27.0,22.0,15.0,8.0,1.0,5.0,,,0.0,1.0,3.0,6.0,,,,,,,,,,,,,,,,,,,,,,,0.58,0.42,,,,,,,,,,,8.0,5.0,2.0,3.0,6.0,2.0,,,,,,,,,,,,,3.0,1.0,2.0,8.0,15.0,12.0,8.0,2.0,,,,,0.0,0.0,2.0,2.0,,,,,,,,,,,,,,,,,,,,,,,0.54,0.46,,,,,,,,,,,11.0,5.0,5.0,1.0,6.0,4.0,,,,,,,,,,,,,4.0,3.0,7.0,7.0,12.0,10.0,7.0,6.0,1.0,5.0,,,0.0,1.0,1.0,4.0,,,,,,,,,,,,
QmsLjsit,ROMANIA,2023/2024,ROMANIA 1,Superliga,GILi6JC9,ROMANIA 1,31/07/2023,18:30,Round 3,Dinamo Bucuresti,rBgMi3MH,Sepsi Sf. Gheorghe,IDsPIcMA,False,0,3,,,,,,[],"[41, 85, 90]",bet365,4.33,2.05,2.75,bet365,3.6,2.38,2.4,bet365,3.6,3.4,2.1,bet365,1.44,2.63,bet365,3.25,1.33,bet365,10.0,1.06,bet365,1.29,3.5,bet365,2.25,1.57,bet365,5.5,1.14,bet365,1.07,9.0,bet365,1.4,2.75,bet365,2.25,1.62,bet365,4.0,1.22,bet365,9.0,1.07,bet365,1.91,1.8,bet365,5.5,1.14,bet365,3.75,1.25,bet365,1.7,1.3,1.29,bet365,1.4,1.73,1.2,Novibet,1.49,1.58,1.29,bet365,2.5,1.5,Novibet,2.3,1.58,Betano.br,2.35,1.55,bet365,6.0,15.0,26.0,7.5,4.75,5.0,34.0,15.0,3.4,bet365,1.95,1.9,bet365,2.2,1.67,bet365,2.0,1.73,bet365,8.5,bet365,9.5,bet365,6.5,bet365,6.5,bet365,17.0,bet365,9.0,bet365,13.0,bet365,9.0,bet365,17.0,bet365,41.0,bet365,19.0,bet365,34.0,bet365,19.0,bet365,41.0,bet365,34.0,,0.0,0.0,,0.0,0.0,,0.0,0.0,bet365,7.0,1.1,bet365,3.45,1.3,bet365,1.75,2.05,bet365,1.35,3.1,bet365,1.23,4.0,bet365,1.1,7.0,,0.0,0.0,Novibet,51.0,17.25,0.0,Novibet,25.0,9.9,10.5,bet365,0.0,0.0,4.0,bet365,1.7,3.75,0.0,Novibet,1.22,6.4,1.08,Betano.br,1.07,10.25,1.02,,,,,,,,,,,0.64,0.36,,,,,,,,,,,10.0,8.0,5.0,3.0,5.0,5.0,,,,,,,,,,,,,6.0,1.0,18.0,17.0,25.0,21.0,15.0,18.0,2.0,3.0,,,2.0,0.0,0.0,5.0,,,,,,,,,,,,,,,,,,,,,,,0.55,0.45,,,,,,,,,,,5.0,5.0,2.0,1.0,3.0,4.0,,,,,,,,,,,,,2.0,0.0,9.0,10.0,9.0,13.0,9.0,9.0,1.0,0.0,,,1.0,0.0,0.0,2.0,,,,,,,,,,,,,,,,,,,,,,,0.73,0.27,,,,,,,,,,,5.0,3.0,3.0,2.0,2.0,1.0,,,,,,,,,,,,,4.0,1.0,9.0,7.0,16.0,8.0,6.0,9.0,1.0,3.0,,,1.0,0.0,0.0,3.0,,,,,,,,,,,,
84bspYO3,ROMANIA,2023/2024,ROMANIA 1,Superliga,GILi6JC9,ROMANIA 1,23/07/2023,15:30,Round 2,Poli Iasi,t84qisiU,FC Hermannstadt,pUUuFXvI,False,1,3,,,,,,[73],"[11, 58, 87]",bet365,4.0,1.91,3.25,bet365,3.4,2.2,2.75,bet365,2.88,3.1,2.38,bet365,1.57,2.25,bet365,3.75,1.25,bet365,13.0,1.04,bet365,1.36,3.0,bet365,2.63,1.44,bet365,7.0,1.1,bet365,1.1,7.0,bet365,1.53,2.38,bet365,2.7,1.44,bet365,5.5,1.14,bet365,13.0,1.04,bet365,2.2,1.62,bet365,6.5,1.11,bet365,4.33,1.2,bet365,1.53,1.36,1.4,bet365,1.33,1.8,1.22,Novibet,1.39,1.64,1.33,bet365,2.1,1.67,Novibet,1.97,1.77,Betano.br,2.02,1.75,bet365,5.5,15.0,34.0,6.5,4.0,5.5,34.0,15.0,4.0,bet365,1.95,1.9,bet365,2.3,1.62,bet365,2.0,1.73,bet365,6.5,bet365,7.0,bet365,6.0,bet365,6.5,bet365,13.0,bet365,10.0,bet365,12.0,bet365,11.0,bet365,21.0,bet365,34.0,bet365,23.0,bet365,29.0,bet365,23.0,bet365,41.0,bet365,41.0,,0.0,0.0,,0.0,0.0,bet365,7.0,1.1,bet365,6.0,1.13,bet365,3.0,1.38,bet365,1.58,2.35,bet365,1.23,4.0,bet365,1.16,5.25,,0.0,0.0,,0.0,0.0,Novibet,51.0,16.0,0.0,Novibet,21.0,8.6,16.25,bet365,6.0,4.0,5.5,bet365,1.53,3.75,1.44,Novibet,1.14,7.5,1.1,Betano.br,1.03,12.5,1.03,,,,,,,,,,,0.62,0.38,,,,,,,,,,,8.0,9.0,3.0,3.0,5.0,6.0,,,,,,,,,,,,,0.0,4.0,6.0,10.0,34.0,28.0,10.0,6.0,1.0,3.0,1.0,0.0,0.0,0.0,0.0,2.0,,,,,,,,,,,,,,,,,,,,,,,0.63,0.37,,,,,,,,,,,3.0,4.0,1.0,1.0,2.0,3.0,,,,,,,,,,,,,0.0,2.0,5.0,5.0,17.0,12.0,5.0,5.0,0.0,2.0,,,0.0,0.0,0.0,1.0,,,,,,,,,,,,,,,,,,,,,,,0.61,0.39,,,,,,,,,,,5.0,5.0,2.0,2.0,3.0,3.0,,,,,,,,,,,,,0.0,2.0,1.0,5.0,17.0,16.0,5.0,1.0,1.0,1.0,1.0,0.0,0.0,0.0,0.0,1.0,,,,,,,,,,,,
YDpTlLLh,ROMANIA,2023/2024,ROMANIA 1,Superliga,GILi6JC9,ROMANIA 1,07/08/2023,15:30,Round 4,Sepsi Sf. Gheorghe,IDsPIcMA,Otelul,2H5uhNyO,False,1,1,,,,,,[86],[5],bet365,2.1,2.1,7.5,bet365,1.83,2.4,6.5,bet365,1.5,3.8,7.5,bet365,1.5,2.5,bet365,3.4,1.3,bet365,10.0,1.06,bet365,1.3,3.4,bet365,2.5,1.5,bet365,6.0,1.13,bet365,1.07,9.0,bet365,1.4,2.75,bet365,2.25,1.62,bet365,4.33,1.2,bet365,10.0,1.06,bet365,2.5,1.5,bet365,7.0,1.1,bet365,5.0,1.17,bet365,1.1,1.25,2.5,bet365,1.07,1.67,1.67,Betano.br,1.12,1.45,1.9,bet365,1.14,5.5,Novibet,1.25,3.7,Betano.br,1.2,4.25,bet365,2.38,17.0,51.0,3.75,5.0,13.0,26.0,19.0,13.0,bet365,1.95,1.9,bet365,2.2,1.67,bet365,2.0,1.73,bet365,7.5,bet365,5.0,bet365,13.0,bet365,8.0,bet365,6.0,bet365,34.0,bet365,9.0,bet365,23.0,bet365,26.0,bet365,9.5,bet365,81.0,bet365,15.0,bet365,67.0,bet365,41.0,bet365,67.0,bet365,5.0,1.17,bet365,4.1,1.23,bet365,2.43,1.53,bet365,1.88,1.98,bet365,1.48,2.6,bet365,1.11,6.8,,0.0,0.0,,0.0,0.0,,0.0,0.0,,0.0,0.0,Novibet,12.5,7.8,0.0,Betano.br,4.75,4.25,40.0,bet365,2.5,3.4,0.0,bet365,0.0,0.0,2.5,Betano.br,1.02,13.5,1.57,Betano.br,0.0,0.0,1.19,,,,,,,,,,,0.65,0.35,,,,,,,,,,,8.0,8.0,2.0,3.0,6.0,5.0,,,,,,,,,,,,,9.0,1.0,14.0,20.0,28.0,26.0,18.0,13.0,3.0,3.0,,,2.0,1.0,2.0,1.0,,,,,,,,,,,,,,,,,,,,,,,0.6,0.4,,,,,,,,,,,2.0,4.0,0.0,3.0,2.0,1.0,,,,,,,,,,,,,3.0,0.0,5.0,10.0,15.0,14.0,9.0,4.0,1.0,0.0,,,1.0,1.0,2.0,0.0,,,,,,,,,,,,,,,,,,,,,,,0.7,0.3,,,,,,,,,,,6.0,4.0,2.0,0.0,4.0,4.0,,,,,,,,,,,,,6.0,1.0,9.0,10.0,13.0,12.0,9.0,9.0,2.0,3.0,,,1.0,0.0,0.0,1.0,,,,,,,,,,,,
0SlGnRp2,ROMANIA,2023/2024,ROMANIA 1,Superliga,GILi6JC9,ROMANIA 1,04/08/2023,15:30,Round 4,UTA Arad,QDiPqBNj,Poli Iasi,t84qisiU,False,1,0,,,,,,[8],[],bet365,3.2,2.1,3.5,bet365,2.75,2.38,3.0,bet365,2.4,3.1,2.7,bet365,1.44,2.63,bet365,3.25,1.33,bet365,9.0,1.07,bet365,1.25,3.75,bet365,2.2,1.62,bet365,5.0,1.17,bet365,1.06,10.0,bet365,1.33,3.25,bet365,2.08,1.73,bet365,3.75,1.25,bet365,8.0,1.08,bet365,1.83,1.83,bet365,5.0,1.17,bet365,3.5,1.29,bet365,1.4,1.33,1.5,bet365,1.29,1.67,1.36,Novibet,1.34,1.55,1.45,bet365,1.73,2.0,Novibet,1.72,2.05,Novibet,1.72,2.05,bet365,4.0,15.0,29.0,6.0,5.0,6.5,29.0,15.0,4.75,bet365,1.95,1.9,bet365,2.1,1.73,bet365,2.0,1.73,bet365,9.0,bet365,8.0,bet365,8.5,bet365,6.0,bet365,12.0,bet365,13.0,bet365,10.0,bet365,11.0,bet365,15.0,bet365,23.0,bet365,29.0,bet365,21.0,bet365,23.0,bet365,34.0,bet365,34.0,bet365,7.0,1.1,bet365,7.0,1.1,bet365,5.25,1.16,bet365,4.1,1.23,bet365,2.43,1.53,bet365,1.43,2.75,bet365,1.17,5.0,bet365,1.13,5.9,,0.0,0.0,,0.0,0.0,Novibet,30.0,12.75,0.0,Novibet,12.0,7.0,18.5,bet365,5.0,4.33,0.0,bet365,0.0,0.0,1.5,Novibet,1.11,8.7,1.19,Betano.br,1.03,13.0,1.05,,,,,,,,,,,0.36,0.64,,,,,,,,,,,3.0,15.0,1.0,4.0,2.0,11.0,,,,,,,,,,,,,3.0,7.0,21.0,16.0,24.0,29.0,15.0,17.0,3.0,6.0,0.0,1.0,1.0,4.0,4.0,0.0,,,,,,,,,,,,,,,,,,,,,,,0.43,0.57,,,,,,,,,,,2.0,7.0,1.0,1.0,1.0,6.0,,,,,,,,,,,,,1.0,6.0,10.0,5.0,15.0,12.0,4.0,9.0,1.0,1.0,,,1.0,1.0,1.0,0.0,,,,,,,,,,,,,,,,,,,,,,,0.29,0.71,,,,,,,,,,,1.0,8.0,0.0,3.0,1.0,5.0,,,,,,,,,,,,,2.0,1.0,11.0,11.0,9.0,17.0,11.0,8.0,2.0,5.0,0.0,1.0,0.0,3.0,3.0,0.0,,,,,,,,,,,,
W6BXfkwM,ROMANIA,2023/2024,ROMANIA 1,Superliga,GILi6JC9,ROMANIA 1,30/07/2023,15:30,Round 3,Farul Constanta,CrJbN1Pa,Poli Iasi,t84qisiU,False,1,3,,,,,,[45],"[11, 37, 51]",bet365,2.0,2.25,7.5,bet365,1.73,2.6,6.5,bet365,1.4,4.5,7.0,bet365,1.4,2.75,bet365,3.0,1.36,bet365,8.0,1.08,bet365,1.25,3.75,bet365,2.2,1.62,bet365,5.0,1.17,bet365,1.06,9.5,bet365,1.33,3.25,bet365,2.05,1.8,bet365,3.5,1.29,bet365,7.0,1.1,bet365,2.25,1.57,bet365,6.0,1.13,bet365,4.5,1.18,bet365,1.1,1.18,2.75,bet365,1.07,1.57,1.73,Betano.br,1.12,1.42,1.95,bet365,1.14,5.5,Novibet,1.24,3.8,Betano.br,1.19,4.4,bet365,2.2,17.0,41.0,3.75,6.0,15.0,23.0,19.0,13.0,bet365,1.95,1.9,bet365,2.1,1.73,bet365,1.91,1.8,bet365,9.5,bet365,5.5,bet365,13.0,bet365,9.0,bet365,6.0,bet365,34.0,bet365,9.0,bet365,21.0,bet365,26.0,bet365,9.0,bet365,81.0,bet365,13.0,bet365,51.0,bet365,34.0,bet365,51.0,bet365,4.25,1.21,bet365,3.45,1.3,bet365,2.25,1.63,bet365,1.73,2.15,bet365,1.43,2.75,bet365,1.12,6.25,,0.0,0.0,,0.0,0.0,,0.0,0.0,,0.0,0.0,Novibet,11.25,7.3,0.0,Betano.br,4.3,4.2,40.0,bet365,2.25,3.5,0.0,bet365,0.0,0.0,2.75,Betano.br,1.02,13.5,1.65,Betano.br,0.0,0.0,1.22,,,,,,,,,,,0.49,0.51,,,,,,,,,,,10.0,8.0,5.0,5.0,5.0,3.0,,,,,,,,,,,,,2.0,3.0,7.0,9.0,21.0,14.0,8.0,7.0,1.0,1.0,,,1.0,0.0,2.0,4.0,,,,,,,,,,,,,,,,,,,,,,,0.53,0.47,,,,,,,,,,,5.0,4.0,3.0,3.0,2.0,1.0,,,,,,,,,,,,,1.0,3.0,3.0,7.0,10.0,10.0,6.0,3.0,0.0,1.0,,,1.0,0.0,1.0,2.0,,,,,,,,,,,,,,,,,,,,,,,0.45,0.55,,,,,,,,,,,5.0,4.0,2.0,2.0,3.0,2.0,,,,,,,,,,,,,1.0,0.0,4.0,2.0,11.0,4.0,2.0,4.0,1.0,0.0,,,0.0,0.0,1.0,2.0,,,,,,,,,,,,
EVGSeVNF,ROMANIA,2023/2024,ROMANIA 1,Superliga,GILi6JC9,ROMANIA 1,31/07/2023,15:30,Round 3,Petrolul,dhnNlCE9,FC Voluntari,WIoSeFi4,False,0,2,,,,,,[],"[73, 78]",bet365,3.25,1.95,4.0,bet365,2.75,2.2,3.4,bet365,2.38,3.1,3.2,bet365,1.57,2.25,bet365,3.75,1.25,bet365,11.0,1.05,bet365,1.33,3.25,bet365,2.63,1.44,bet365,6.5,1.11,bet365,1.1,7.0,bet365,1.44,2.63,bet365,2.5,1.5,bet365,5.0,1.17,bet365,11.0,1.05,bet365,2.1,1.67,bet365,6.0,1.13,bet365,4.0,1.22,bet365,1.36,1.36,1.53,bet365,1.22,1.8,1.33,Novibet,1.3,1.63,1.43,bet365,1.67,2.1,Novibet,1.67,2.1,Novibet,1.67,2.1,bet365,4.0,15.0,34.0,5.5,4.33,6.5,29.0,15.0,5.5,bet365,1.95,1.9,bet365,2.2,1.67,bet365,2.0,1.73,bet365,6.5,bet365,6.5,bet365,7.5,bet365,6.0,bet365,10.0,bet365,15.0,bet365,10.0,bet365,12.0,bet365,19.0,bet365,23.0,bet365,34.0,bet365,23.0,bet365,29.0,bet365,41.0,bet365,41.0,,0.0,0.0,,0.0,0.0,bet365,5.25,1.16,bet365,4.0,1.23,bet365,2.35,1.58,bet365,1.38,3.0,bet365,1.13,6.0,bet365,1.1,7.0,,0.0,0.0,,0.0,0.0,Novibet,36.0,13.25,0.0,Novibet,13.75,7.0,24.0,bet365,5.0,4.0,0.0,bet365,0.0,0.0,1.53,Novibet,1.08,9.4,1.17,Betano.br,1.02,14.0,1.04,,,,,,,,,,,0.55,0.45,,,,,,,,,,,14.0,12.0,2.0,5.0,12.0,7.0,,,,,,,,,,,,,2.0,6.0,13.0,16.0,23.0,24.0,13.0,12.0,5.0,1.0,1.0,0.0,3.0,1.0,3.0,2.0,,,,,,,,,,,,,,,,,,,,,,,0.59,0.41,,,,,,,,,,,9.0,6.0,2.0,2.0,7.0,4.0,,,,,,,,,,,,,1.0,3.0,5.0,7.0,12.0,10.0,6.0,5.0,2.0,1.0,,,1.0,0.0,2.0,2.0,,,,,,,,,,,,,,,,,,,,,,,0.51,0.49,,,,,,,,,,,5.0,6.0,0.0,3.0,5.0,3.0,,,,,,,,,,,,,1.0,3.0,8.0,9.0,11.0,14.0,7.0,7.0,3.0,0.0,1.0,0.0,2.0,1.0,1.0,0.0,,,,,,,,,,,,
necoqhvA,ROMANIA,2023/2024,ROMANIA 1,Superliga,GILi6JC9,ROMANIA 1,21/07/2023,18:30,Round 2,UTA Arad,QDiPqBNj,CFR Cluj,4KfIhq7B,False,1,3,,,,,,[27],"[29, 39, 41, 85]",bet365,5.0,1.95,2.75,bet365,4.33,2.25,2.3,bet365,4.2,3.0,1.85,bet365,1.53,2.38,bet365,3.5,1.29,bet365,11.0,1.05,bet365,1.33,3.25,bet365,2.63,1.44,bet365,6.5,1.11,bet365,1.1,7.0,bet365,1.44,2.63,bet365,2.4,1.53,bet365,4.5,1.18,bet365,11.0,1.05,bet365,2.2,1.62,bet365,6.5,1.11,bet365,4.33,1.2,bet365,1.8,1.33,1.2,bet365,1.4,1.8,1.14,Novibet,1.5,1.62,1.26,bet365,3.0,1.36,Novibet,2.4,1.53,Betano.br,2.67,1.44,bet365,7.0,17.0,29.0,8.5,4.33,4.75,41.0,15.0,3.2,bet365,1.95,1.9,bet365,2.2,1.67,bet365,2.0,1.73,bet365,7.0,bet365,9.5,bet365,5.5,bet365,6.0,bet365,21.0,bet365,8.0,bet365,15.0,bet365,9.5,bet365,19.0,bet365,41.0,bet365,17.0,bet365,41.0,bet365,19.0,bet365,51.0,bet365,41.0,,0.0,0.0,,0.0,0.0,,0.0,0.0,bet365,6.8,1.11,bet365,4.1,1.23,bet365,1.88,1.98,bet365,1.4,2.85,bet365,1.26,3.7,,0.0,0.0,,0.0,0.0,Novibet,67.0,18.25,0.0,Novibet,31.0,10.75,10.75,bet365,0.0,0.0,3.75,bet365,1.8,3.6,0.0,Novibet,1.22,6.2,1.06,Betano.br,1.07,10.0,1.01,,,,,,,,,,,0.44,0.56,,,,,,,,,,,6.0,11.0,4.0,5.0,2.0,6.0,,,,,,,,,,,,,5.0,7.0,11.0,10.0,27.0,26.0,10.0,11.0,3.0,2.0,,,0.0,0.0,2.0,3.0,,,,,,,,,,,,,,,,,,,,,,,0.34,0.66,,,,,,,,,,,3.0,6.0,2.0,2.0,1.0,4.0,,,,,,,,,,,,,2.0,3.0,5.0,4.0,9.0,13.0,4.0,5.0,2.0,1.0,,,0.0,0.0,0.0,1.0,,,,,,,,,,,,,,,,,,,,,,,0.54,0.46,,,,,,,,,,,3.0,5.0,2.0,3.0,1.0,2.0,,,,,,,,,,,,,3.0,4.0,6.0,6.0,18.0,13.0,6.0,6.0,1.0,1.0,,,0.0,0.0,2.0,2.0,,,,,,,,,,,,
E3hI2wy0,ROMANIA,2023/2024,ROMANIA 1,Superliga,GILi6JC9,ROMANIA 1,18/08/2023,18:30,Round 6,Univ. Craiova,bsd9fGaK,UTA Arad,QDiPqBNj,False,3,0,,,,,,"[8, 60, 89]",[],bet365,1.83,2.5,7.5,bet365,1.67,2.88,6.5,bet365,1.4,4.75,8.0,bet365,1.33,3.25,bet365,2.5,1.5,bet365,6.5,1.11,bet365,1.2,4.33,bet365,1.91,1.8,bet365,4.0,1.22,bet365,1.04,12.0,bet365,1.22,4.0,bet365,1.73,2.08,bet365,2.75,1.4,bet365,5.5,1.14,bet365,2.0,1.73,bet365,5.5,1.14,bet365,3.75,1.25,bet365,1.08,1.18,2.75,bet365,1.07,1.5,1.83,Betano.br,1.11,1.37,2.07,bet365,1.13,6.0,Novibet,1.21,4.15,Betano.br,1.18,4.55,bet365,2.0,17.0,41.0,4.0,7.0,17.0,21.0,19.0,15.0,bet365,1.95,1.9,bet365,2.0,1.8,bet365,1.91,1.8,bet365,12.0,bet365,7.0,bet365,19.0,bet365,9.5,bet365,6.5,bet365,41.0,bet365,9.0,bet365,23.0,bet365,21.0,bet365,8.5,bet365,101.0,bet365,12.0,bet365,51.0,bet365,29.0,bet365,51.0,bet365,3.55,1.28,bet365,2.85,1.4,bet365,2.05,1.75,bet365,1.6,2.3,bet365,1.38,3.0,bet365,1.1,7.0,,0.0,0.0,,0.0,0.0,,0.0,0.0,,0.0,0.0,Novibet,8.2,6.5,0.0,Betano.br,3.65,4.15,37.0,bet365,2.0,3.75,0.0,bet365,0.0,0.0,3.0,Betano.br,1.02,14.0,1.78,Betano.br,0.0,0.0,1.29,,,,,,,,,,,0.68,0.32,,,,,,,,,,,10.0,9.0,6.0,2.0,4.0,7.0,,,,,,,,,,,,,4.0,4.0,8.0,10.0,27.0,16.0,7.0,6.0,1.0,2.0,,,3.0,2.0,2.0,3.0,,,,,,,,,,,,,,,,,,,,,,,0.64,0.36,,,,,,,,,,,4.0,4.0,2.0,1.0,2.0,3.0,,,,,,,,,,,,,1.0,1.0,2.0,6.0,14.0,11.0,4.0,3.0,0.0,1.0,,,1.0,0.0,1.0,1.0,,,,,,,,,,,,,,,,,,,,,,,0.72,0.28,,,,,,,,,,,6.0,5.0,4.0,1.0,2.0,4.0,,,,,,,,,,,,,3.0,3.0,6.0,4.0,13.0,5.0,3.0,3.0,1.0,1.0,,,2.0,2.0,1.0,2.0,,,,,,,,,,,,
z9mLnVvP,ROMANIA,2023/2024,ROMANIA 1,Superliga,GILi6JC9,ROMANIA 1,30/07/2023,18:30,Round 3,CFR Cluj,4KfIhq7B,Univ. Craiova,bsd9fGaK,False,1,1,,,,,,[39],[10],bet365,3.1,2.0,3.75,bet365,2.75,2.3,3.25,bet365,2.38,3.1,3.25,bet365,1.5,2.5,bet365,3.5,1.29,bet365,10.0,1.06,bet365,1.3,3.4,bet365,2.38,1.53,bet365,6.0,1.13,bet365,1.08,8.0,bet365,1.4,2.75,bet365,2.3,1.6,bet365,4.33,1.2,bet365,10.0,1.06,bet365,1.91,1.8,bet365,5.5,1.14,bet365,3.75,1.25,bet365,1.33,1.36,1.53,bet365,1.25,1.73,1.36,Novibet,1.3,1.6,1.46,bet365,1.62,2.2,Novibet,1.64,2.15,Betano.br,1.65,2.15,bet365,4.0,15.0,34.0,5.5,4.5,6.5,29.0,15.0,5.0,bet365,1.95,1.9,bet365,2.2,1.67,bet365,2.0,1.73,bet365,7.5,bet365,7.0,bet365,8.5,bet365,6.0,bet365,10.0,bet365,15.0,bet365,10.0,bet365,12.0,bet365,17.0,bet365,21.0,bet365,34.0,bet365,21.0,bet365,29.0,bet365,34.0,bet365,41.0,,0.0,0.0,,0.0,0.0,bet365,4.5,1.19,bet365,3.55,1.28,bet365,2.25,1.63,bet365,1.33,3.3,bet365,1.12,6.4,bet365,1.1,7.0,,0.0,0.0,,0.0,0.0,Betano.br,24.0,11.25,35.0,Novibet,12.0,6.8,23.0,bet365,5.0,4.0,0.0,bet365,0.0,0.0,1.53,Novibet,1.09,9.5,1.19,Betano.br,1.02,14.0,1.05,,,,,,,,,,,0.5,0.51,,,,,,,,,,,14.0,10.0,8.0,3.0,6.0,7.0,,,,,,,,,,,,,5.0,4.0,8.0,12.0,22.0,17.0,12.0,7.0,2.0,2.0,,,0.0,1.0,2.0,7.0,,,,,,,,,,,,,,,,,,,,,,,0.5,0.5,,,,,,,,,,,10.0,5.0,6.0,2.0,4.0,3.0,,,,,,,,,,,,,2.0,3.0,5.0,6.0,13.0,8.0,6.0,5.0,1.0,1.0,,,0.0,0.0,1.0,5.0,,,,,,,,,,,,,,,,,,,,,,,0.49,0.51,,,,,,,,,,,4.0,5.0,2.0,1.0,2.0,4.0,,,,,,,,,,,,,3.0,1.0,3.0,6.0,9.0,9.0,6.0,2.0,1.0,1.0,,,0.0,1.0,1.0,2.0,,,,,,,,,,,,
tIdkrCgG,ROMANIA,2023/2024,ROMANIA 1,Superliga,GILi6JC9,ROMANIA 1,24/07/2023,18:30,Round 2,Univ. Craiova,bsd9fGaK,Otelul,2H5uhNyO,False,0,0,,,,,,[],[90],bet365,1.8,2.5,8.5,bet365,1.57,2.88,7.5,bet365,1.29,5.5,6.5,bet365,1.33,3.25,bet365,2.63,1.44,bet365,6.5,1.11,bet365,1.2,4.33,bet365,2.0,1.73,bet365,4.0,1.22,bet365,1.04,13.0,bet365,1.25,3.75,bet365,1.75,2.05,bet365,3.0,1.36,bet365,5.5,1.14,bet365,2.25,1.57,bet365,6.0,1.13,bet365,4.33,1.2,bet365,1.1,1.13,3.4,bet365,1.05,1.5,1.91,Betano.br,1.09,1.34,2.22,bet365,1.13,6.0,Novibet,1.16,4.75,Betano.br,1.14,5.3,bet365,1.91,19.0,34.0,3.75,7.5,17.0,21.0,21.0,15.0,bet365,1.95,1.9,bet365,2.1,1.73,bet365,1.91,1.8,bet365,13.0,bet365,6.5,bet365,17.0,bet365,12.0,bet365,6.0,bet365,41.0,bet365,9.0,bet365,23.0,bet365,29.0,bet365,7.5,bet365,101.0,bet365,12.0,bet365,51.0,bet365,34.0,bet365,51.0,bet365,3.3,1.33,bet365,2.6,1.48,bet365,1.95,1.9,bet365,1.45,2.68,bet365,1.3,3.45,bet365,1.1,7.0,,0.0,0.0,,0.0,0.0,,0.0,0.0,,0.0,0.0,Novibet,7.2,5.9,0.0,bet365,3.2,4.0,0.0,bet365,1.91,3.75,0.0,bet365,0.0,0.0,3.4,bet365,0.0,0.0,1.91,Betano.br,0.0,0.0,1.36,,,,,,,,,,,0.71,0.29,,,,,,,,,,,10.0,3.0,4.0,0.0,6.0,3.0,,,,,,,,,,,,,9.0,0.0,3.0,2.0,11.0,15.0,10.0,16.0,3.0,4.0,,,0.0,0.0,0.0,4.0,,,,,,,,,,,,,,,,,,,,,,,0.71,0.29,,,,,,,,,,,4.0,3.0,2.0,0.0,2.0,3.0,,,,,,,,,,,,,2.0,0.0,4.0,3.0,7.0,7.0,6.0,7.0,2.0,1.0,,,0.0,0.0,0.0,2.0,,,,,,,,,,,,,,,,,,,,,,,0.71,0.29,,,,,,,,,,,6.0,0.0,2.0,0.0,4.0,0.0,,,,,,,,,,,,,7.0,0.0,-1.0,-1.0,4.0,8.0,4.0,9.0,1.0,3.0,,,0.0,0.0,0.0,2.0,,,,,,,,,,,,
vD07lmGk,ROMANIA,2023/2024,ROMANIA 1,Superliga,GILi6JC9,ROMANIA 1,05/08/2023,15:30,Round 4,FC Botosani,GjY1JjUS,U Craiova 1948,nNhLpi8p,False,0,1,,,,,,[],[45],bet365,3.4,2.05,3.4,bet365,2.88,2.3,3.0,bet365,2.6,3.0,2.63,bet365,1.5,2.5,bet365,3.4,1.3,bet365,10.0,1.06,bet365,1.29,3.5,bet365,2.25,1.57,bet365,5.5,1.14,bet365,1.07,9.0,bet365,1.36,3.0,bet365,2.15,1.67,bet365,4.0,1.22,bet365,9.0,1.07,bet365,1.83,1.83,bet365,5.5,1.14,bet365,3.75,1.25,bet365,1.4,1.33,1.44,bet365,1.3,1.73,1.3,Novibet,1.35,1.59,1.4,bet365,1.83,1.83,Novibet,1.79,1.95,Novibet,1.79,1.95,bet365,4.33,15.0,29.0,6.0,4.75,6.0,29.0,15.0,4.5,bet365,1.95,1.9,bet365,2.2,1.67,bet365,2.0,1.73,bet365,8.0,bet365,8.0,bet365,8.0,bet365,6.0,bet365,12.0,bet365,13.0,bet365,11.0,bet365,11.0,bet365,15.0,bet365,26.0,bet365,26.0,bet365,23.0,bet365,23.0,bet365,34.0,bet365,34.0,,0.0,0.0,,0.0,0.0,bet365,5.75,1.14,bet365,4.5,1.19,bet365,2.6,1.48,bet365,1.48,2.6,bet365,1.19,4.5,bet365,1.14,5.75,,0.0,0.0,,0.0,0.0,Novibet,37.0,14.0,0.0,Novibet,14.5,7.5,17.75,bet365,5.5,4.33,0.0,bet365,0.0,0.0,1.44,Novibet,1.12,8.4,1.15,Betano.br,1.03,13.0,1.03,,,,,,,,,,,0.46,0.54,,,,,,,,,,,11.0,11.0,2.0,3.0,9.0,8.0,,,,,,,,,,,,,10.0,2.0,13.0,12.0,26.0,19.0,11.0,13.0,2.0,6.0,,,1.0,0.0,2.0,2.0,,,,,,,,,,,,,,,,,,,,,,,0.35,0.65,,,,,,,,,,,6.0,6.0,1.0,1.0,5.0,5.0,,,,,,,,,,,,,6.0,2.0,6.0,9.0,9.0,10.0,9.0,6.0,1.0,1.0,,,0.0,0.0,0.0,1.0,,,,,,,,,,,,,,,,,,,,,,,0.57,0.43,,,,,,,,,,,5.0,5.0,1.0,2.0,4.0,3.0,,,,,,,,,,,,,4.0,0.0,7.0,3.0,17.0,9.0,2.0,7.0,1.0,5.0,,,1.0,0.0,2.0,1.0,,,,,,,,,,,,
OvegeNrP,ROMANIA,2023/2024,ROMANIA 1,Superliga,GILi6JC9,ROMANIA 1,29/07/2023,18:30,Round 3,Otelul,2H5uhNyO,FCSB,Gv2kjDpN,False,0,2,,,,,,[],"[40, 61, 90]",bet365,6.0,2.2,2.2,bet365,5.5,2.5,1.91,bet365,6.5,3.75,1.57,bet365,1.44,2.63,bet365,3.0,1.36,bet365,9.0,1.07,bet365,1.25,3.75,bet365,2.2,1.62,bet365,5.0,1.17,bet365,1.06,10.0,bet365,1.33,3.25,bet365,2.05,1.75,bet365,3.75,1.25,bet365,8.0,1.08,bet365,2.1,1.67,bet365,6.0,1.13,bet365,4.0,1.22,bet365,2.3,1.25,1.11,bet365,1.62,1.62,1.11,Betano.br,1.82,1.44,1.16,bet365,4.5,1.18,Novibet,3.6,1.26,Betano.br,3.55,1.27,bet365,10.0,17.0,23.0,12.0,5.5,4.0,41.0,15.0,2.5,bet365,1.95,1.9,bet365,2.1,1.73,bet365,2.0,1.73,bet365,8.5,bet365,15.0,bet365,6.0,bet365,7.0,bet365,29.0,bet365,6.5,bet365,21.0,bet365,8.5,bet365,19.0,bet365,67.0,bet365,11.0,bet365,51.0,bet365,15.0,bet365,51.0,bet365,34.0,,0.0,0.0,,0.0,0.0,,0.0,0.0,,0.0,0.0,bet365,5.75,1.14,bet365,2.35,1.58,bet365,1.8,2.05,bet365,1.45,2.68,bet365,1.2,4.4,bet365,1.15,5.5,Betano.br,40.0,15.5,11.0,Novibet,51.0,14.75,5.15,bet365,0.0,0.0,2.6,bet365,2.3,3.5,0.0,Novibet,1.51,4.65,1.02,Novibet,1.17,7.6,0.0,,,,,,,,,,,0.36,0.64,,,,,,,,,,,4.0,8.0,0.0,3.0,4.0,5.0,,,,,,,,,,,,,3.0,4.0,10.0,21.0,16.0,23.0,21.0,9.0,2.0,2.0,,,0.0,1.0,1.0,0.0,,,,,,,,,,,,,,,,,,,,,,,0.29,0.71,,,,,,,,,,,0.0,3.0,0.0,2.0,0.0,1.0,,,,,,,,,,,,,3.0,1.0,3.0,10.0,9.0,10.0,10.0,2.0,1.0,0.0,,,0.0,1.0,1.0,0.0,,,,,,,,,,,,,,,,,,,,,,,0.43,0.57,,,,,,,,,,,4.0,5.0,0.0,1.0,4.0,4.0,,,,,,,,,,,,,0.0,3.0,7.0,11.0,7.0,13.0,11.0,7.0,1.0,2.0,,,0.0,0.0,0.0,0.0,,,,,,,,,,,,
bZGjNAHj,ROMANIA,2023/2024,ROMANIA 1,Superliga,GILi6JC9,ROMANIA 1,14/07/2023,18:30,Round 1,FC Rapid Bucuresti,YFCpigVG,Sepsi Sf. Gheorghe,IDsPIcMA,False,0,0,,,,,,[],[],bet365,3.25,2.0,3.6,bet365,2.88,2.3,3.1,bet365,2.5,2.9,2.8,bet365,1.5,2.5,bet365,3.5,1.29,bet365,10.0,1.06,bet365,1.3,3.4,bet365,2.38,1.53,bet365,6.0,1.13,bet365,1.08,8.0,bet365,1.4,2.75,bet365,2.35,1.57,bet365,4.33,1.2,bet365,10.0,1.06,bet365,1.91,1.8,bet365,5.5,1.14,bet365,3.75,1.25,bet365,1.36,1.36,1.44,bet365,1.29,1.73,1.33,Novibet,1.35,1.6,1.4,bet365,1.73,2.0,Novibet,1.8,1.95,Betano.br,1.78,1.95,bet365,4.33,15.0,34.0,6.0,4.5,6.0,29.0,15.0,4.75,bet365,1.95,1.9,bet365,2.2,1.67,bet365,2.0,1.73,bet365,7.5,bet365,7.5,bet365,8.0,bet365,6.0,bet365,12.0,bet365,13.0,bet365,10.0,bet365,11.0,bet365,15.0,bet365,26.0,bet365,29.0,bet365,23.0,bet365,26.0,bet365,34.0,bet365,41.0,,0.0,0.0,bet365,7.0,1.1,bet365,5.5,1.15,bet365,4.4,1.2,bet365,2.5,1.5,bet365,1.43,2.75,bet365,1.15,5.5,bet365,1.12,6.4,,0.0,0.0,,0.0,0.0,Novibet,38.0,14.25,0.0,Novibet,15.25,7.6,18.25,bet365,5.5,4.33,6.0,bet365,1.4,4.33,1.44,Novibet,1.12,8.4,1.15,Betano.br,1.03,13.5,1.04,,,,,,,,,,,0.66,0.34,,,,,,,,,,,18.0,8.0,6.0,2.0,12.0,6.0,,,,,,,,,,,,,5.0,0.0,22.0,16.0,34.0,19.0,15.0,21.0,2.0,6.0,,,1.0,1.0,2.0,6.0,,,,,,,,,,,,,,,,,,,,,,,0.65,0.35,,,,,,,,,,,12.0,2.0,5.0,0.0,7.0,2.0,,,,,,,,,,,,,3.0,0.0,15.0,3.0,11.0,13.0,3.0,14.0,1.0,2.0,,,0.0,1.0,0.0,5.0,,,,,,,,,,,,,,,,,,,,,,,0.67,0.33,,,,,,,,,,,6.0,6.0,1.0,2.0,5.0,4.0,,,,,,,,,,,,,2.0,0.0,7.0,13.0,23.0,6.0,12.0,7.0,1.0,4.0,,,1.0,0.0,2.0,1.0,,,,,,,,,,,,
lrrbBAN2,ROMANIA,2023/2024,ROMANIA 1,Superliga,GILi6JC9,ROMANIA 1,06/08/2023,15:15,Round 4,Petrolul,dhnNlCE9,Farul Constanta,CrJbN1Pa,False,3,2,,,,,,"[48, 69, 90, 90, 90, 90]","[73, 90]",bet365,3.4,2.05,3.4,bet365,2.88,2.3,3.0,bet365,2.55,3.1,2.63,bet365,1.44,2.63,bet365,3.4,1.3,bet365,10.0,1.06,bet365,1.29,3.5,bet365,2.25,1.57,bet365,5.5,1.14,bet365,1.07,9.0,bet365,1.36,3.0,bet365,2.15,1.67,bet365,3.75,1.25,bet365,9.0,1.07,bet365,1.83,1.83,bet365,5.5,1.14,bet365,3.75,1.25,bet365,1.4,1.33,1.44,bet365,1.3,1.73,1.3,Novibet,1.38,1.58,1.39,bet365,1.83,1.83,Novibet,1.86,1.88,Novibet,1.86,1.88,bet365,4.33,15.0,29.0,6.0,4.75,6.0,29.0,15.0,4.5,bet365,1.95,1.9,bet365,2.2,1.67,bet365,2.0,1.73,bet365,8.5,bet365,7.5,bet365,8.0,bet365,6.0,bet365,12.0,bet365,13.0,bet365,10.0,bet365,11.0,bet365,15.0,bet365,26.0,bet365,26.0,bet365,23.0,bet365,23.0,bet365,34.0,bet365,34.0,,0.0,0.0,,0.0,0.0,,0.0,0.0,,0.0,0.0,,0.0,0.0,Novibet,1.53,2.45,,0.0,0.0,,0.0,0.0,,0.0,0.0,,0.0,0.0,Novibet,39.0,14.5,0.0,Novibet,15.5,7.8,15.75,bet365,5.5,4.33,5.5,bet365,1.44,4.33,1.44,Novibet,1.14,7.9,1.14,Betano.br,1.03,13.0,1.04,,,,,,,,,,,0.35,0.65,,,,,,,,,,,7.0,9.0,4.0,5.0,3.0,4.0,,,,,,,,,,,,,6.0,2.0,13.0,11.0,25.0,33.0,10.0,13.0,6.0,0.0,,,1.0,0.0,3.0,1.0,,,,,,,,,,,,,,,,,,,,,,,0.37,0.63,,,,,,,,,,,3.0,6.0,0.0,2.0,3.0,4.0,,,,,,,,,,,,,2.0,1.0,8.0,3.0,14.0,20.0,3.0,8.0,,,,,0.0,0.0,2.0,0.0,,,,,,,,,,,,,,,,,,,,,,,0.33,0.67,,,,,,,,,,,4.0,3.0,4.0,3.0,0.0,0.0,,,,,,,,,,,,,4.0,1.0,5.0,8.0,11.0,13.0,7.0,5.0,6.0,0.0,,,1.0,0.0,1.0,1.0,,,,,,,,,,,,
GGMGTCvN,ROMANIA,2023/2024,ROMANIA 1,Superliga,GILi6JC9,ROMANIA 1,14/07/2023,15:30,Round 1,Otelul,2H5uhNyO,UTA Arad,QDiPqBNj,False,1,1,,,,,,"[62, 76]",[45],bet365,3.75,1.8,4.0,bet365,3.1,2.0,3.4,bet365,2.63,2.75,2.9,bet365,1.75,2.05,bet365,5.0,1.17,bet365,17.0,1.03,bet365,1.44,2.63,bet365,3.25,1.33,bet365,10.0,1.06,bet365,1.14,5.5,bet365,1.73,2.0,bet365,3.4,1.33,bet365,7.0,1.1,bet365,19.0,1.02,bet365,2.5,1.5,bet365,8.0,1.08,bet365,5.5,1.14,bet365,1.4,1.4,1.44,bet365,1.22,1.91,1.25,Novibet,1.32,1.75,1.33,bet365,1.8,1.91,Novibet,1.84,1.9,Betano.br,1.83,1.91,bet365,4.75,17.0,41.0,5.5,3.6,6.0,41.0,17.0,5.0,bet365,1.95,1.9,bet365,2.38,1.57,bet365,2.1,1.67,bet365,5.0,bet365,5.5,bet365,6.0,bet365,6.0,bet365,11.0,bet365,12.0,bet365,12.0,bet365,13.0,bet365,23.0,bet365,29.0,bet365,34.0,bet365,34.0,bet365,34.0,bet365,51.0,bet365,51.0,,0.0,0.0,,0.0,0.0,bet365,6.8,1.11,bet365,5.5,1.15,bet365,2.68,1.45,bet365,1.43,2.75,bet365,1.13,5.9,bet365,1.1,7.0,,0.0,0.0,,0.0,0.0,Novibet,51.0,16.0,0.0,Novibet,22.0,8.5,23.0,bet365,6.5,4.0,6.5,bet365,1.44,4.0,1.44,Novibet,1.09,8.9,1.1,Betano.br,1.02,14.0,1.03,,,,,,,,,,,0.44,0.56,,,,,,,,,,,13.0,8.0,5.0,4.0,8.0,4.0,,,,,,,,,,,,,3.0,3.0,15.0,20.0,24.0,18.0,20.0,14.0,2.0,2.0,,,0.0,1.0,3.0,4.0,,,,,,,,,,,,,,,,,,,,,,,0.36,0.64,,,,,,,,,,,6.0,6.0,4.0,3.0,2.0,3.0,,,,,,,,,,,,,0.0,2.0,2.0,10.0,11.0,9.0,10.0,2.0,,,,,0.0,0.0,2.0,4.0,,,,,,,,,,,,,,,,,,,,,,,0.52,0.48,,,,,,,,,,,7.0,2.0,1.0,1.0,6.0,1.0,,,,,,,,,,,,,3.0,1.0,13.0,10.0,13.0,9.0,10.0,12.0,2.0,2.0,,,0.0,1.0,1.0,0.0,,,,,,,,,,,,
Q9zYZm1d,ROMANIA,2023/2024,ROMANIA 1,Superliga,GILi6JC9,ROMANIA 1,22/07/2023,15:15,Round 2,Farul Constanta,CrJbN1Pa,FC Voluntari,WIoSeFi4,False,4,1,,,,,,"[30, 55, 65, 90]",[9],bet365,2.75,2.05,4.33,bet365,2.38,2.38,3.75,bet365,1.95,3.2,3.75,bet365,1.44,2.63,bet365,3.25,1.33,bet365,10.0,1.06,bet365,1.29,3.5,bet365,2.25,1.57,bet365,5.5,1.14,bet365,1.07,9.0,bet365,1.36,3.0,bet365,2.15,1.67,bet365,3.75,1.25,bet365,9.0,1.07,bet365,1.91,1.8,bet365,5.5,1.14,bet365,3.75,1.25,bet365,1.25,1.36,1.8,bet365,1.2,1.73,1.4,Novibet,1.27,1.56,1.54,bet365,1.44,2.63,Novibet,1.52,2.45,Betano.br,1.52,2.45,bet365,3.25,15.0,34.0,5.0,4.75,8.0,26.0,15.0,6.5,bet365,1.95,1.9,bet365,2.2,1.67,bet365,2.0,1.73,bet365,8.0,bet365,6.5,bet365,10.0,bet365,6.5,bet365,9.0,bet365,19.0,bet365,9.0,bet365,13.0,bet365,17.0,bet365,17.0,bet365,41.0,bet365,17.0,bet365,34.0,bet365,34.0,bet365,41.0,,0.0,0.0,bet365,7.0,1.1,bet365,3.7,1.26,bet365,3.0,1.38,bet365,2.03,1.83,bet365,1.26,3.7,bet365,1.1,7.0,bet365,1.11,6.6,,0.0,0.0,,0.0,0.0,Betano.br,19.5,10.0,37.0,Novibet,9.3,5.9,28.0,bet365,3.75,3.75,0.0,bet365,0.0,0.0,1.8,Novibet,1.06,10.5,1.26,Betano.br,1.02,15.0,1.08,,,,,,,,,,,0.66,0.34,,,,,,,,,,,18.0,10.0,10.0,4.0,8.0,6.0,,,,,,,,,,,,,7.0,3.0,9.0,11.0,10.0,19.0,10.0,9.0,1.0,1.0,,,1.0,0.0,3.0,6.0,,,,,,,,,,,,,,,,,,,,,,,0.66,0.34,,,,,,,,,,,10.0,3.0,5.0,3.0,5.0,0.0,,,,,,,,,,,,,5.0,1.0,6.0,4.0,9.0,12.0,3.0,6.0,,,,,1.0,0.0,2.0,4.0,,,,,,,,,,,,,,,,,,,,,,,0.5,0.5,,,,,,,,,,,8.0,7.0,5.0,1.0,3.0,6.0,,,,,,,,,,,,,2.0,2.0,3.0,7.0,1.0,7.0,7.0,3.0,1.0,1.0,,,0.0,0.0,1.0,2.0,,,,,,,,,,,,
