Match_ID,Country,Season,Div,League,Date,Time,Round,Home,Home_ID,Away,Away_ID,Neutral_Location,Home_Score,Away_Score,LegMatch,First_Leg_Home_Score,First_Leg_Away_Score,Agg_Home_Score,Agg_Away_Score,Min_Goals_Home,Min_Goals_Away,Bookie_1X2_HT,Odd_1_HT,Odd_X_HT,Odd_2_HT,Bookie_1X2_2T,Odd_1_2T,Odd_X_2T,Odd_2_2T,Bookie_1X2_FT,Odd_1_FT,Odd_X_FT,Odd_2_FT,Bookie_OU_HT_0_5,Over_HT_0_5,Under_HT_0_5,Bookie_OU_HT_1_5,Over_HT_1_5,Under_HT_1_5,Bookie_OU_HT_2_5,Over_HT_2_5,Under_HT_2_5,Bookie_OU_2T_0_5,Over_2T_0_5,Under_2T_0_5,Bookie_OU_2T_1_5,Over_2T_1_5,Under_2T_1_5,Bookie_OU_2T_2_5,Over_2T_2_5,Under_2T_2_5,Bookie_OU_FT_0_5,Over_FT_0_5,Under_FT_0_5,Bookie_OU_FT_1_5,Over_FT_1_5,Under_FT_1_5,Bookie_OU_FT_2_5,Over_FT_2_5,Under_FT_2_5,Bookie_OU_FT_3_5,Over_FT_3_5,Under_FT_3_5,Bookie_OU_FT_4_5,Over_FT_4_5,Under_FT_4_5,Bookie_BTTS,BTTS_Yes,BTTS_No,Bookie_BTTS_HT,BTTS_Yes_HT,BTTS_No_HT,Bookie_BTTS_2T,BTTS_Yes_2T,BTTS_No_2T,Bookie_DC,DC_1X,DC_12,DC_X2,Bookie_DC_HT,DC_1X_HT,DC_12_HT,DC_X2_HT,Bookie_DC_2T,DC_1X_2T,DC_12_2T,DC_X2_2T,Bookie_DNB_FT,DNB_Home_FT,DNB_Away_FT,Bookie_DNB_HT,DNB_Home_HT,DNB_Away_HT,Bookie_DNB_2T,DNB_Home_2T,DNB_Away_2T,Bookie_HT_FT,HT_FT_1_1,HT_FT_1_X,HT_FT_1_2,HT_FT_X_1,HT_FT_X_X,HT_FT_X_2,HT_FT_2_1,HT_FT_2_X,HT_FT_2_2,Bookie_OE_FT,OE_Odd_FT,OE_Even_FT,Bookie_OE_HT,OE_Odd_HT,OE_Even_HT,Bookie_OE_2T,OE_Odd_2T,OE_Even_2T,Bookie_CS_0_0,CS_0_0,Bookie_CS_1_0,CS_1_0,Bookie_CS_0_1,CS_0_1,Bookie_CS_1_1,CS_1_1,Bookie_CS_2_0,CS_2_0,Bookie_CS_0_2,CS_0_2,Bookie_CS_2_1,CS_2_1,Bookie_CS_1_2,CS_1_2,Bookie_CS_2_2,CS_2_2,Bookie_CS_3_0,CS_3_0,Bookie_CS_0_3,CS_0_3,Bookie_CS_3_1,CS_3_1,Bookie_CS_1_3,CS_1_3,Bookie_CS_3_2,CS_3_2,Bookie_CS_2_3,CS_2_3,Bookie_AH_neg_2_5,AH_Home_neg_2_5,AH_Away_neg_2_5,Bookie_AH_neg_2_0,AH_Home_neg_2_0,AH_Away_neg_2_0,Bookie_AH_neg_1_5,AH_Home_neg_1_5,AH_Away_neg_1_5,Bookie_AH_neg_1_0,AH_Home_neg_1_0,AH_Away_neg_1_0,Bookie_AH_neg_0_5,AH_Home_neg_0_5,AH_Away_neg_0_5,Bookie_AH_pos_0_5,AH_Home_pos_0_5,AH_Away_pos_0_5,Bookie_AH_pos_1_0,AH_Home_pos_1_0,AH_Away_pos_1_0,Bookie_AH_pos_1_5,AH_Home_pos_1_5,AH_Away_pos_1_5,Bookie_AH_pos_2_0,AH_Home_pos_2_0,AH_Away_pos_2_0,Bookie_AH_pos_2_5,AH_Home_pos_2_5,AH_Away_pos_2_5,Bookie_EH_neg_3,EH_Home_neg_3,EH_Draw_neg_3,EH_Away_neg_3,Bookie_EH_neg_2,EH_Home_neg_2,EH_Draw_neg_2,EH_Away_neg_2,Bookie_EH_neg_1,EH_Home_neg_1,EH_Draw_neg_1,EH_Away_neg_1,Bookie_EH_pos_1,EH_Home_pos_1,EH_Draw_pos_1,EH_Away_pos_1,Bookie_EH_pos_2,EH_Home_pos_2,EH_Draw_pos_2,EH_Away_pos_2,Bookie_EH_pos_3,EH_Home_pos_3,EH_Draw_pos_3,EH_Away_pos_3,xG_Home_FT,xG_Away_FT,xGOT_Home_FT,xGOT_Away_FT,xA_Home_FT,xA_Away_FT,xGOT_Faced_Home_FT,xGOT_Faced_Away_FT,Goals_Prevented_Home_FT,Goals_Prevented_Away_FT,Possession_Home_FT,Possession_Away_FT,Passes_Pct_Home_FT,Passes_Pct_Away_FT,Long_Passes_Pct_Home_FT,Long_Passes_Pct_Away_FT,Passes_Final_Third_Pct_Home_FT,Passes_Final_Third_Pct_Away_FT,Through_Passes_Home_FT,Through_Passes_Away_FT,Crosses_Pct_Home_FT,Crosses_Pct_Away_FT,Total_Shots_Home_FT,Total_Shots_Away_FT,Shots_On_Target_Home_FT,Shots_On_Target_Away_FT,Shots_Off_Target_Home_FT,Shots_Off_Target_Away_FT,Blocked_Shots_Home_FT,Blocked_Shots_Away_FT,Shots_Inside_Box_Home_FT,Shots_Inside_Box_Away_FT,Shots_Outside_Box_Home_FT,Shots_Outside_Box_Away_FT,Big_Chances_Home_FT,Big_Chances_Away_FT,Hit_Woodwork_Home_FT,Hit_Woodwork_Away_FT,Touches_Box_Home_FT,Touches_Box_Away_FT,Corners_Home_FT,Corners_Away_FT,Free_Kicks_Home_FT,Free_Kicks_Away_FT,Throw_Ins_Home_FT,Throw_Ins_Away_FT,Fouls_Home_FT,Fouls_Away_FT,Yellow_Cards_Home_FT,Yellow_Cards_Away_FT,Red_Cards_Home_FT,Red_Cards_Away_FT,Offsides_Home_FT,Offsides_Away_FT,Goalkeeper_Saves_Home_FT,Goalkeeper_Saves_Away_FT,Tackles_Pct_Home_FT,Tackles_Pct_Away_FT,Duels_Won_Home_FT,Duels_Won_Away_FT,Clearances_Home_FT,Clearances_Away_FT,Interceptions_Home_FT,Interceptions_Away_FT,Errors_Shot_Home_FT,Errors_Shot_Away_FT,Errors_Goal_Home_FT,Errors_Goal_Away_FT,xG_Home_HT,xG_Away_HT,xGOT_Home_HT,xGOT_Away_HT,xA_Home_HT,xA_Away_HT,xGOT_Faced_Home_HT,xGOT_Faced_Away_HT,Goals_Prevented_Home_HT,Goals_Prevented_Away_HT,Possession_Home_HT,Possession_Away_HT,Passes_Pct_Home_HT,Passes_Pct_Away_HT,Long_Passes_Pct_Home_HT,Long_Passes_Pct_Away_HT,Passes_Final_Third_Pct_Home_HT,Passes_Final_Third_Pct_Away_HT,Through_Passes_Home_HT,Through_Passes_Away_HT,Crosses_Pct_Home_HT,Crosses_Pct_Away_HT,Total_Shots_Home_HT,Total_Shots_Away_HT,Shots_On_Target_Home_HT,Shots_On_Target_Away_HT,Shots_Off_Target_Home_HT,Shots_Off_Target_Away_HT,Blocked_Shots_Home_HT,Blocked_Shots_Away_HT,Shots_Inside_Box_Home_HT,Shots_Inside_Box_Away_HT,Shots_Outside_Box_Home_HT,Shots_Outside_Box_Away_HT,Big_Chances_Home_HT,Big_Chances_Away_HT,Hit_Woodwork_Home_HT,Hit_Woodwork_Away_HT,Touches_Box_Home_HT,Touches_Box_Away_HT,Corners_Home_HT,Corners_Away_HT,Free_Kicks_Home_HT,Free_Kicks_Away_HT,Throw_Ins_Home_HT,Throw_Ins_Away_HT,Fouls_Home_HT,Fouls_Away_HT,Yellow_Cards_Home_HT,Yellow_Cards_Away_HT,Red_Cards_Home_HT,Red_Cards_Away_HT,Offsides_Home_HT,Offsides_Away_HT,Goalkeeper_Saves_Home_HT,Goalkeeper_Saves_Away_HT,Tackles_Pct_Home_HT,Tackles_Pct_Away_HT,Duels_Won_Home_HT,Duels_Won_Away_HT,Clearances_Home_HT,Clearances_Away_HT,Interceptions_Home_HT,Interceptions_Away_HT,Errors_Shot_Home_HT,Errors_Shot_Away_HT,Errors_Goal_Home_HT,Errors_Goal_Away_HT,xG_Home_2T,xG_Away_2T,xGOT_Home_2T,xGOT_Away_2T,xA_Home_2T,xA_Away_2T,xGOT_Faced_Home_2T,xGOT_Faced_Away_2T,Goals_Prevented_Home_2T,Goals_Prevented_Away_2T,Possession_Home_2T,Possession_Away_2T,Passes_Pct_Home_2T,Passes_Pct_Away_2T,Long_Passes_Pct_Home_2T,Long_Passes_Pct_Away_2T,Passes_Final_Third_Pct_Home_2T,Passes_Final_Third_Pct_Away_2T,Through_Passes_Home_2T,Through_Passes_Away_2T,Crosses_Pct_Home_2T,Crosses_Pct_Away_2T,Total_Shots_Home_2T,Total_Shots_Away_2T,Shots_On_Target_Home_2T,Shots_On_Target_Away_2T,Shots_Off_Target_Home_2T,Shots_Off_Target_Away_2T,Blocked_Shots_Home_2T,Blocked_Shots_Away_2T,Shots_Inside_Box_Home_2T,Shots_Inside_Box_Away_2T,Shots_Outside_Box_Home_2T,Shots_Outside_Box_Away_2T,Big_Chances_Home_2T,Big_Chances_Away_2T,Hit_Woodwork_Home_2T,Hit_Woodwork_Away_2T,Touches_Box_Home_2T,Touches_Box_Away_2T,Corners_Home_2T,Corners_Away_2T,Free_Kicks_Home_2T,Free_Kicks_Away_2T,Throw_Ins_Home_2T,Throw_Ins_Away_2T,Fouls_Home_2T,Fouls_Away_2T,Yellow_Cards_Home_2T,Yellow_Cards_Away_2T,Red_Cards_Home_2T,Red_Cards_Away_2T,Offsides_Home_2T,Offsides_Away_2T,Goalkeeper_Saves_Home_2T,Goalkeeper_Saves_Away_2T,Tackles_Pct_Home_2T,Tackles_Pct_Away_2T,Duels_Won_Home_2T,Duels_Won_Away_2T,Clearances_Home_2T,Clearances_Away_2T,Interceptions_Home_2T,Interceptions_Away_2T,Errors_Shot_Home_2T,Errors_Shot_Away_2T,Errors_Goal_Home_2T,Errors_Goal_Away_2T,Sub_League,Tournament_ID
p6kJXIFK,SOUTH KOREA,2022,SOUTH KOREA 1,SOUTH KOREA 1,26/10/2022,10:30,Final,Anyang,QRK4aI4P,Suwon Bluewings,v5I5PanH,False,0,0,,,,,,[],[],,0.0,0.0,0.0,,0.0,0.0,0.0,,0.0,0.0,0.0,,0.0,0.0,,0.0,0.0,,0.0,0.0,,0.0,0.0,,0.0,0.0,,0.0,0.0,,0.0,0.0,,0.0,0.0,,0.0,0.0,,0.0,0.0,,0.0,0.0,,0.0,0.0,,0.0,0.0,,0.0,0.0,,0.0,0.0,0.0,,0.0,0.0,0.0,,0.0,0.0,0.0,,0.0,0.0,,0.0,0.0,,0.0,0.0,,0.0,0.0,0.0,0.0,0.0,0.0,0.0,0.0,0.0,,0.0,0.0,,0.0,0.0,,0.0,0.0,,0.0,,0.0,,0.0,,0.0,,0.0,,0.0,,0.0,,0.0,,0.0,,0.0,,0.0,,0.0,,0.0,,0.0,,0.0,,0.0,0.0,,0.0,0.0,,0.0,0.0,,0.0,0.0,,0.0,0.0,,0.0,0.0,,0.0,0.0,,0.0,0.0,,0.0,0.0,,0.0,0.0,,0.0,0.0,0.0,,0.0,0.0,0.0,,0.0,0.0,0.0,,0.0,0.0,0.0,,0.0,0.0,0.0,,0.0,0.0,0.0,,,,,,,,,,,,,,,,,,,,,,,,,,,,,,,,,,,,,,,,,,,,,,,,,,,,,,,,,,,,,,,,,,,,,,,,,,,,,,,,,,,,,,,,,,,,,,,,,,,,,,,,,,,,,,,,,,,,,,,,,,,,,,,,,,,,,,,,,,,,,,,,,,,,,,,,,,,,,,,,,,,,,,,,,,,,,,,,,,,,,,,,,,,,,,,,,,,,,,,,,,,,,K League 1,0IDCJLlH
0tzJ1mpq,SOUTH KOREA,2022,SOUTH KOREA 1,SOUTH KOREA 1,16/10/2022,10:00,Round 37,Incheon,prJ1QuXA,Pohang,KIIIipI5,False,1,1,,,,,,[],[],,0.0,0.0,0.0,,0.0,0.0,0.0,,0.0,0.0,0.0,,0.0,0.0,,0.0,0.0,,0.0,0.0,,0.0,0.0,,0.0,0.0,,0.0,0.0,,0.0,0.0,,0.0,0.0,,0.0,0.0,,0.0,0.0,,0.0,0.0,,0.0,0.0,,0.0,0.0,,0.0,0.0,,0.0,0.0,0.0,,0.0,0.0,0.0,,0.0,0.0,0.0,,0.0,0.0,,0.0,0.0,,0.0,0.0,,0.0,0.0,0.0,0.0,0.0,0.0,0.0,0.0,0.0,,0.0,0.0,,0.0,0.0,,0.0,0.0,,0.0,,0.0,,0.0,,0.0,,0.0,,0.0,,0.0,,0.0,,0.0,,0.0,,0.0,,0.0,,0.0,,0.0,,0.0,,0.0,0.0,,0.0,0.0,,0.0,0.0,,0.0,0.0,,0.0,0.0,,0.0,0.0,,0.0,0.0,,0.0,0.0,,0.0,0.0,,0.0,0.0,,0.0,0.0,0.0,,0.0,0.0,0.0,,0.0,0.0,0.0,,0.0,0.0,0.0,,0.0,0.0,0.0,,0.0,0.0,0.0,,,,,,,,,,,,,,,,,,,,,,,,,,,,,,,,,,,,,,,,,,,,,,,,,,,,,,,,,,,,,,,,,,,,,,,,,,,,,,,,,,,,,,,,,,,,,,,,,,,,,,,,,,,,,,,,,,,,,,,,,,,,,,,,,,,,,,,,,,,,,,,,,,,,,,,,,,,,,,,,,,,,,,,,,,,,,,,,,,,,,,,,,,,,,,,,,,,,,,,,,,,,,K League 1,0IDCJLlH
hzadF6Er,SOUTH KOREA,2022,SOUTH KOREA 1,SOUTH KOREA 1,09/10/2022,10:00,Round 35,Daegu,SrMQkOnI,Suwon FC,6sXCYRPI,False,2,1,,,,,,[],[],,0.0,0.0,0.0,,0.0,0.0,0.0,,0.0,0.0,0.0,,0.0,0.0,,0.0,0.0,,0.0,0.0,,0.0,0.0,,0.0,0.0,,0.0,0.0,,0.0,0.0,,0.0,0.0,,0.0,0.0,,0.0,0.0,,0.0,0.0,,0.0,0.0,,0.0,0.0,,0.0,0.0,,0.0,0.0,0.0,,0.0,0.0,0.0,,0.0,0.0,0.0,,0.0,0.0,,0.0,0.0,,0.0,0.0,,0.0,0.0,0.0,0.0,0.0,0.0,0.0,0.0,0.0,,0.0,0.0,,0.0,0.0,,0.0,0.0,,0.0,,0.0,,0.0,,0.0,,0.0,,0.0,,0.0,,0.0,,0.0,,0.0,,0.0,,0.0,,0.0,,0.0,,0.0,,0.0,0.0,,0.0,0.0,,0.0,0.0,,0.0,0.0,,0.0,0.0,,0.0,0.0,,0.0,0.0,,0.0,0.0,,0.0,0.0,,0.0,0.0,,0.0,0.0,0.0,,0.0,0.0,0.0,,0.0,0.0,0.0,,0.0,0.0,0.0,,0.0,0.0,0.0,,0.0,0.0,0.0,,,,,,,,,,,,,,,,,,,,,,,,,,,,,,,,,,,,,,,,,,,,,,,,,,,,,,,,,,,,,,,,,,,,,,,,,,,,,,,,,,,,,,,,,,,,,,,,,,,,,,,,,,,,,,,,,,,,,,,,,,,,,,,,,,,,,,,,,,,,,,,,,,,,,,,,,,,,,,,,,,,,,,,,,,,,,,,,,,,,,,,,,,,,,,,,,,,,,,,,,,,,,K League 1,0IDCJLlH
xpAulUFq,SOUTH KOREA,2022,SOUTH KOREA 1,SOUTH KOREA 1,02/10/2022,05:00,Round 34,Jeju SK,vFZJewv4,Gangwon,A144gewT,False,1,2,,,,,,[],[],,0.0,0.0,0.0,,0.0,0.0,0.0,,0.0,0.0,0.0,,0.0,0.0,,0.0,0.0,,0.0,0.0,,0.0,0.0,,0.0,0.0,,0.0,0.0,,0.0,0.0,,0.0,0.0,,0.0,0.0,,0.0,0.0,,0.0,0.0,,0.0,0.0,,0.0,0.0,,0.0,0.0,,0.0,0.0,0.0,,0.0,0.0,0.0,,0.0,0.0,0.0,,0.0,0.0,,0.0,0.0,,0.0,0.0,,0.0,0.0,0.0,0.0,0.0,0.0,0.0,0.0,0.0,,0.0,0.0,,0.0,0.0,,0.0,0.0,,0.0,,0.0,,0.0,,0.0,,0.0,,0.0,,0.0,,0.0,,0.0,,0.0,,0.0,,0.0,,0.0,,0.0,,0.0,,0.0,0.0,,0.0,0.0,,0.0,0.0,,0.0,0.0,,0.0,0.0,,0.0,0.0,,0.0,0.0,,0.0,0.0,,0.0,0.0,,0.0,0.0,,0.0,0.0,0.0,,0.0,0.0,0.0,,0.0,0.0,0.0,,0.0,0.0,0.0,,0.0,0.0,0.0,,0.0,0.0,0.0,,,,,,,,,,,,,,,,,,,,,,,,,,,,,,,,,,,,,,,,,,,,,,,,,,,,,,,,,,,,,,,,,,,,,,,,,,,,,,,,,,,,,,,,,,,,,,,,,,,,,,,,,,,,,,,,,,,,,,,,,,,,,,,,,,,,,,,,,,,,,,,,,,,,,,,,,,,,,,,,,,,,,,,,,,,,,,,,,,,,,,,,,,,,,,,,,,,,,,,,,,,,,K League 1,0IDCJLlH
zyODhA7S,SOUTH KOREA,2022,SOUTH KOREA 1,SOUTH KOREA 1,01/10/2022,10:00,Round 34,Jeonbuk,x0hNfcgA,Pohang,KIIIipI5,False,3,1,,,,,,[],[],,0.0,0.0,0.0,,0.0,0.0,0.0,,0.0,0.0,0.0,,0.0,0.0,,0.0,0.0,,0.0,0.0,,0.0,0.0,,0.0,0.0,,0.0,0.0,,0.0,0.0,,0.0,0.0,,0.0,0.0,,0.0,0.0,,0.0,0.0,,0.0,0.0,,0.0,0.0,,0.0,0.0,,0.0,0.0,0.0,,0.0,0.0,0.0,,0.0,0.0,0.0,,0.0,0.0,,0.0,0.0,,0.0,0.0,,0.0,0.0,0.0,0.0,0.0,0.0,0.0,0.0,0.0,,0.0,0.0,,0.0,0.0,,0.0,0.0,,0.0,,0.0,,0.0,,0.0,,0.0,,0.0,,0.0,,0.0,,0.0,,0.0,,0.0,,0.0,,0.0,,0.0,,0.0,,0.0,0.0,,0.0,0.0,,0.0,0.0,,0.0,0.0,,0.0,0.0,,0.0,0.0,,0.0,0.0,,0.0,0.0,,0.0,0.0,,0.0,0.0,,0.0,0.0,0.0,,0.0,0.0,0.0,,0.0,0.0,0.0,,0.0,0.0,0.0,,0.0,0.0,0.0,,0.0,0.0,0.0,,,,,,,,,,,,,,,,,,,,,,,,,,,,,,,,,,,,,,,,,,,,,,,,,,,,,,,,,,,,,,,,,,,,,,,,,,,,,,,,,,,,,,,,,,,,,,,,,,,,,,,,,,,,,,,,,,,,,,,,,,,,,,,,,,,,,,,,,,,,,,,,,,,,,,,,,,,,,,,,,,,,,,,,,,,,,,,,,,,,,,,,,,,,,,,,,,,,,,,,,,,,,K League 1,0IDCJLlH
tEO9gjhM,SOUTH KOREA,2022,SOUTH KOREA 1,SOUTH KOREA 1,01/10/2022,07:30,Round 34,Incheon,prJ1QuXA,Ulsan HD,EVEwgyOM,False,0,3,,,,,,[],[],,0.0,0.0,0.0,,0.0,0.0,0.0,,0.0,0.0,0.0,,0.0,0.0,,0.0,0.0,,0.0,0.0,,0.0,0.0,,0.0,0.0,,0.0,0.0,,0.0,0.0,,0.0,0.0,,0.0,0.0,,0.0,0.0,,0.0,0.0,,0.0,0.0,,0.0,0.0,,0.0,0.0,,0.0,0.0,0.0,,0.0,0.0,0.0,,0.0,0.0,0.0,,0.0,0.0,,0.0,0.0,,0.0,0.0,,0.0,0.0,0.0,0.0,0.0,0.0,0.0,0.0,0.0,,0.0,0.0,,0.0,0.0,,0.0,0.0,,0.0,,0.0,,0.0,,0.0,,0.0,,0.0,,0.0,,0.0,,0.0,,0.0,,0.0,,0.0,,0.0,,0.0,,0.0,,0.0,0.0,,0.0,0.0,,0.0,0.0,,0.0,0.0,,0.0,0.0,,0.0,0.0,,0.0,0.0,,0.0,0.0,,0.0,0.0,,0.0,0.0,,0.0,0.0,0.0,,0.0,0.0,0.0,,0.0,0.0,0.0,,0.0,0.0,0.0,,0.0,0.0,0.0,,0.0,0.0,0.0,,,,,,,,,,,,,,,,,,,,,,,,,,,,,,,,,,,,,,,,,,,,,,,,,,,,,,,,,,,,,,,,,,,,,,,,,,,,,,,,,,,,,,,,,,,,,,,,,,,,,,,,,,,,,,,,,,,,,,,,,,,,,,,,,,,,,,,,,,,,,,,,,,,,,,,,,,,,,,,,,,,,,,,,,,,,,,,,,,,,,,,,,,,,,,,,,,,,,,,,,,,,,K League 1,0IDCJLlH
OELDNU62,SOUTH KOREA,2022,SOUTH KOREA 1,SOUTH KOREA 1,01/10/2022,05:00,Round 34,Seoul,8tzeYeHp,Daegu,SrMQkOnI,False,2,3,,,,,,[],[],,0.0,0.0,0.0,,0.0,0.0,0.0,,0.0,0.0,0.0,,0.0,0.0,,0.0,0.0,,0.0,0.0,,0.0,0.0,,0.0,0.0,,0.0,0.0,,0.0,0.0,,0.0,0.0,,0.0,0.0,,0.0,0.0,,0.0,0.0,,0.0,0.0,,0.0,0.0,,0.0,0.0,,0.0,0.0,0.0,,0.0,0.0,0.0,,0.0,0.0,0.0,,0.0,0.0,,0.0,0.0,,0.0,0.0,,0.0,0.0,0.0,0.0,0.0,0.0,0.0,0.0,0.0,,0.0,0.0,,0.0,0.0,,0.0,0.0,,0.0,,0.0,,0.0,,0.0,,0.0,,0.0,,0.0,,0.0,,0.0,,0.0,,0.0,,0.0,,0.0,,0.0,,0.0,,0.0,0.0,,0.0,0.0,,0.0,0.0,,0.0,0.0,,0.0,0.0,,0.0,0.0,,0.0,0.0,,0.0,0.0,,0.0,0.0,,0.0,0.0,,0.0,0.0,0.0,,0.0,0.0,0.0,,0.0,0.0,0.0,,0.0,0.0,0.0,,0.0,0.0,0.0,,0.0,0.0,0.0,,,,,,,,,,,,,,,,,,,,,,,,,,,,,,,,,,,,,,,,,,,,,,,,,,,,,,,,,,,,,,,,,,,,,,,,,,,,,,,,,,,,,,,,,,,,,,,,,,,,,,,,,,,,,,,,,,,,,,,,,,,,,,,,,,,,,,,,,,,,,,,,,,,,,,,,,,,,,,,,,,,,,,,,,,,,,,,,,,,,,,,,,,,,,,,,,,,,,,,,,,,,,K League 1,0IDCJLlH
A1zjzmWl,SOUTH KOREA,2022,SOUTH KOREA 1,SOUTH KOREA 1,18/09/2022,06:00,Round 33,Daegu,SrMQkOnI,Seoul,8tzeYeHp,False,3,0,,,,,,[],[],,0.0,0.0,0.0,,0.0,0.0,0.0,,0.0,0.0,0.0,,0.0,0.0,,0.0,0.0,,0.0,0.0,,0.0,0.0,,0.0,0.0,,0.0,0.0,,0.0,0.0,,0.0,0.0,,0.0,0.0,,0.0,0.0,,0.0,0.0,,0.0,0.0,,0.0,0.0,,0.0,0.0,,0.0,0.0,0.0,,0.0,0.0,0.0,,0.0,0.0,0.0,,0.0,0.0,,0.0,0.0,,0.0,0.0,,0.0,0.0,0.0,0.0,0.0,0.0,0.0,0.0,0.0,,0.0,0.0,,0.0,0.0,,0.0,0.0,,0.0,,0.0,,0.0,,0.0,,0.0,,0.0,,0.0,,0.0,,0.0,,0.0,,0.0,,0.0,,0.0,,0.0,,0.0,,0.0,0.0,,0.0,0.0,,0.0,0.0,,0.0,0.0,,0.0,0.0,,0.0,0.0,,0.0,0.0,,0.0,0.0,,0.0,0.0,,0.0,0.0,,0.0,0.0,0.0,,0.0,0.0,0.0,,0.0,0.0,0.0,,0.0,0.0,0.0,,0.0,0.0,0.0,,0.0,0.0,0.0,,,,,,,,,,,,,,,,,,,,,,,,,,,,,,,,,,,,,,,,,,,,,,,,,,,,,,,,,,,,,,,,,,,,,,,,,,,,,,,,,,,,,,,,,,,,,,,,,,,,,,,,,,,,,,,,,,,,,,,,,,,,,,,,,,,,,,,,,,,,,,,,,,,,,,,,,,,,,,,,,,,,,,,,,,,,,,,,,,,,,,,,,,,,,,,,,,,,,,,,,,,,,K League 1,0IDCJLlH
dIx2XpG7,SOUTH KOREA,2022,SOUTH KOREA 1,SOUTH KOREA 1,18/09/2022,06:00,Round 33,Gangwon,A144gewT,Jeju SK,vFZJewv4,False,2,1,,,,,,[],[],,0.0,0.0,0.0,,0.0,0.0,0.0,,0.0,0.0,0.0,,0.0,0.0,,0.0,0.0,,0.0,0.0,,0.0,0.0,,0.0,0.0,,0.0,0.0,,0.0,0.0,,0.0,0.0,,0.0,0.0,,0.0,0.0,,0.0,0.0,,0.0,0.0,,0.0,0.0,,0.0,0.0,,0.0,0.0,0.0,,0.0,0.0,0.0,,0.0,0.0,0.0,,0.0,0.0,,0.0,0.0,,0.0,0.0,,0.0,0.0,0.0,0.0,0.0,0.0,0.0,0.0,0.0,,0.0,0.0,,0.0,0.0,,0.0,0.0,,0.0,,0.0,,0.0,,0.0,,0.0,,0.0,,0.0,,0.0,,0.0,,0.0,,0.0,,0.0,,0.0,,0.0,,0.0,,0.0,0.0,,0.0,0.0,,0.0,0.0,,0.0,0.0,,0.0,0.0,,0.0,0.0,,0.0,0.0,,0.0,0.0,,0.0,0.0,,0.0,0.0,,0.0,0.0,0.0,,0.0,0.0,0.0,,0.0,0.0,0.0,,0.0,0.0,0.0,,0.0,0.0,0.0,,0.0,0.0,0.0,,,,,,,,,,,,,,,,,,,,,,,,,,,,,,,,,,,,,,,,,,,,,,,,,,,,,,,,,,,,,,,,,,,,,,,,,,,,,,,,,,,,,,,,,,,,,,,,,,,,,,,,,,,,,,,,,,,,,,,,,,,,,,,,,,,,,,,,,,,,,,,,,,,,,,,,,,,,,,,,,,,,,,,,,,,,,,,,,,,,,,,,,,,,,,,,,,,,,,,,,,,,,K League 1,0IDCJLlH
EqvN07ak,SOUTH KOREA,2022,SOUTH KOREA 1,SOUTH KOREA 1,23/10/2022,06:00,Round 38,Ulsan HD,EVEwgyOM,Jeju SK,vFZJewv4,False,1,2,,,,,,[44],"[51, 90]",bet365,2.4,2.2,4.75,bet365,2.1,2.5,4.33,bet365,1.75,3.6,4.2,bet365,1.36,3.0,bet365,2.75,1.4,bet365,8.0,1.08,bet365,1.22,4.0,bet365,2.0,1.72,bet365,4.33,1.2,bet365,1.05,11.0,bet365,1.25,3.75,bet365,1.9,1.95,bet365,3.25,1.33,bet365,6.5,1.11,bet365,1.8,1.9,bet365,5.0,1.16,bet365,3.4,1.3,bet365,1.22,1.28,2.0,bet365,1.16,1.61,1.53,Betano.br,1.23,1.47,1.62,bet365,1.33,3.25,Betano.br,1.42,2.65,Betano.br,1.44,2.67,bet365,2.87,15.0,34.0,4.75,5.5,9.0,21.0,15.0,7.5,bet365,1.95,1.9,bet365,2.1,1.72,bet365,1.9,1.8,bet365,11.0,bet365,7.0,bet365,12.0,bet365,7.0,bet365,8.5,bet365,23.0,bet365,8.5,bet365,15.0,bet365,15.0,bet365,15.0,bet365,51.0,bet365,15.0,bet365,34.0,bet365,26.0,bet365,41.0,bet365,6.25,1.12,bet365,5.5,1.15,bet365,3.0,1.38,bet365,2.35,1.58,bet365,1.73,2.08,bet365,1.21,4.25,,0.0,0.0,,0.0,0.0,,0.0,0.0,,0.0,0.0,Betano.br,14.0,8.75,45.0,Betano.br,6.5,5.3,29.0,bet365,3.1,3.75,0.0,bet365,0.0,0.0,2.0,Betano.br,1.06,11.25,1.38,Betano.br,1.01,17.0,1.13,,,,,,,,,,,0.55,0.45,,,,,,,,,,,9.0,17.0,6.0,6.0,3.0,11.0,,,,,,,,,,,,,4.0,6.0,8.0,7.0,14.0,20.0,5.0,6.0,1.0,1.0,,,2.0,2.0,4.0,5.0,,,,,,,,,,,,,,,,,,,,,,,0.6,0.4,,,,,,,,,,,2.0,8.0,2.0,3.0,0.0,5.0,,,,,,,,,,,,,2.0,1.0,4.0,4.0,10.0,16.0,3.0,3.0,1.0,1.0,,,1.0,1.0,3.0,1.0,,,,,,,,,,,,,,,,,,,,,,,0.5,0.5,,,,,,,,,,,7.0,9.0,4.0,3.0,3.0,6.0,,,,,,,,,,,,,2.0,5.0,4.0,3.0,4.0,4.0,2.0,3.0,,,,,1.0,1.0,1.0,4.0,,,,,,,,,,,,,K League 1,0IDCJLlH
lhZgZ6oe,SOUTH KOREA,2022,SOUTH KOREA 1,SOUTH KOREA 1,18/09/2022,06:00,Round 33,Suwon Bluewings,v5I5PanH,Jeonbuk,x0hNfcgA,False,2,3,,,,,,[],[],,0.0,0.0,0.0,,0.0,0.0,0.0,,0.0,0.0,0.0,,0.0,0.0,,0.0,0.0,,0.0,0.0,,0.0,0.0,,0.0,0.0,,0.0,0.0,,0.0,0.0,,0.0,0.0,,0.0,0.0,,0.0,0.0,,0.0,0.0,,0.0,0.0,,0.0,0.0,,0.0,0.0,,0.0,0.0,0.0,,0.0,0.0,0.0,,0.0,0.0,0.0,,0.0,0.0,,0.0,0.0,,0.0,0.0,,0.0,0.0,0.0,0.0,0.0,0.0,0.0,0.0,0.0,,0.0,0.0,,0.0,0.0,,0.0,0.0,,0.0,,0.0,,0.0,,0.0,,0.0,,0.0,,0.0,,0.0,,0.0,,0.0,,0.0,,0.0,,0.0,,0.0,,0.0,,0.0,0.0,,0.0,0.0,,0.0,0.0,,0.0,0.0,,0.0,0.0,,0.0,0.0,,0.0,0.0,,0.0,0.0,,0.0,0.0,,0.0,0.0,,0.0,0.0,0.0,,0.0,0.0,0.0,,0.0,0.0,0.0,,0.0,0.0,0.0,,0.0,0.0,0.0,,0.0,0.0,0.0,,,,,,,,,,,,,,,,,,,,,,,,,,,,,,,,,,,,,,,,,,,,,,,,,,,,,,,,,,,,,,,,,,,,,,,,,,,,,,,,,,,,,,,,,,,,,,,,,,,,,,,,,,,,,,,,,,,,,,,,,,,,,,,,,,,,,,,,,,,,,,,,,,,,,,,,,,,,,,,,,,,,,,,,,,,,,,,,,,,,,,,,,,,,,,,,,,,,,,,,,,,,,K League 1,0IDCJLlH
bNGpdUh8,SOUTH KOREA,2022,SOUTH KOREA 1,SOUTH KOREA 1,18/09/2022,06:00,Round 33,Gimcheon Sangmu,IaoBca9i,Incheon,prJ1QuXA,False,1,0,,,,,,[],[],,0.0,0.0,0.0,,0.0,0.0,0.0,,0.0,0.0,0.0,,0.0,0.0,,0.0,0.0,,0.0,0.0,,0.0,0.0,,0.0,0.0,,0.0,0.0,,0.0,0.0,,0.0,0.0,,0.0,0.0,,0.0,0.0,,0.0,0.0,,0.0,0.0,,0.0,0.0,,0.0,0.0,,0.0,0.0,0.0,,0.0,0.0,0.0,,0.0,0.0,0.0,,0.0,0.0,,0.0,0.0,,0.0,0.0,,0.0,0.0,0.0,0.0,0.0,0.0,0.0,0.0,0.0,,0.0,0.0,,0.0,0.0,,0.0,0.0,,0.0,,0.0,,0.0,,0.0,,0.0,,0.0,,0.0,,0.0,,0.0,,0.0,,0.0,,0.0,,0.0,,0.0,,0.0,,0.0,0.0,,0.0,0.0,,0.0,0.0,,0.0,0.0,,0.0,0.0,,0.0,0.0,,0.0,0.0,,0.0,0.0,,0.0,0.0,,0.0,0.0,,0.0,0.0,0.0,,0.0,0.0,0.0,,0.0,0.0,0.0,,0.0,0.0,0.0,,0.0,0.0,0.0,,0.0,0.0,0.0,,,,,,,,,,,,,,,,,,,,,,,,,,,,,,,,,,,,,,,,,,,,,,,,,,,,,,,,,,,,,,,,,,,,,,,,,,,,,,,,,,,,,,,,,,,,,,,,,,,,,,,,,,,,,,,,,,,,,,,,,,,,,,,,,,,,,,,,,,,,,,,,,,,,,,,,,,,,,,,,,,,,,,,,,,,,,,,,,,,,,,,,,,,,,,,,,,,,,,,,,,,,,K League 1,0IDCJLlH
IRwbYQ01,SOUTH KOREA,2022,SOUTH KOREA 1,SOUTH KOREA 1,18/09/2022,06:00,Round 33,Seongnam,WMiRgH8G,Pohang,KIIIipI5,False,1,1,,,,,,[],[],,0.0,0.0,0.0,,0.0,0.0,0.0,,0.0,0.0,0.0,,0.0,0.0,,0.0,0.0,,0.0,0.0,,0.0,0.0,,0.0,0.0,,0.0,0.0,,0.0,0.0,,0.0,0.0,,0.0,0.0,,0.0,0.0,,0.0,0.0,,0.0,0.0,,0.0,0.0,,0.0,0.0,,0.0,0.0,0.0,,0.0,0.0,0.0,,0.0,0.0,0.0,,0.0,0.0,,0.0,0.0,,0.0,0.0,,0.0,0.0,0.0,0.0,0.0,0.0,0.0,0.0,0.0,,0.0,0.0,,0.0,0.0,,0.0,0.0,,0.0,,0.0,,0.0,,0.0,,0.0,,0.0,,0.0,,0.0,,0.0,,0.0,,0.0,,0.0,,0.0,,0.0,,0.0,,0.0,0.0,,0.0,0.0,,0.0,0.0,,0.0,0.0,,0.0,0.0,,0.0,0.0,,0.0,0.0,,0.0,0.0,,0.0,0.0,,0.0,0.0,,0.0,0.0,0.0,,0.0,0.0,0.0,,0.0,0.0,0.0,,0.0,0.0,0.0,,0.0,0.0,0.0,,0.0,0.0,0.0,,,,,,,,,,,,,,,,,,,,,,,,,,,,,,,,,,,,,,,,,,,,,,,,,,,,,,,,,,,,,,,,,,,,,,,,,,,,,,,,,,,,,,,,,,,,,,,,,,,,,,,,,,,,,,,,,,,,,,,,,,,,,,,,,,,,,,,,,,,,,,,,,,,,,,,,,,,,,,,,,,,,,,,,,,,,,,,,,,,,,,,,,,,,,,,,,,,,,,,,,,,,,K League 1,0IDCJLlH
Mo1TYUm6,SOUTH KOREA,2022,SOUTH KOREA 1,SOUTH KOREA 1,26/10/2022,10:30,Final,Daejeon,2NTiQXjI,Gimcheon Sangmu,IaoBca9i,False,2,1,1.0,,,,,"[36, 74]",[22],bet365,3.25,2.05,3.5,bet365,2.87,2.3,3.0,bet365,2.5,3.2,2.75,bet365,1.44,2.62,bet365,3.4,1.3,bet365,10.0,1.06,bet365,1.28,3.5,bet365,2.25,1.57,bet365,5.5,1.14,bet365,1.07,9.0,bet365,1.36,3.0,bet365,2.15,1.66,bet365,4.0,1.22,bet365,9.0,1.07,bet365,1.9,1.9,bet365,5.5,1.14,bet365,3.75,1.25,bet365,1.4,1.36,1.5,bet365,1.28,1.72,1.33,Betano.br,1.34,1.55,1.39,bet365,1.8,1.9,,0.0,0.0,Betano.br,1.78,1.95,bet365,4.75,15.0,29.0,6.0,4.75,6.0,29.0,15.0,4.33,bet365,1.95,1.9,bet365,2.2,1.66,bet365,2.0,1.72,bet365,8.5,bet365,8.0,bet365,7.5,bet365,6.0,bet365,13.0,bet365,12.0,bet365,11.0,bet365,10.0,bet365,15.0,bet365,29.0,bet365,26.0,bet365,23.0,bet365,21.0,bet365,34.0,bet365,34.0,,0.0,0.0,,0.0,0.0,bet365,5.5,1.15,bet365,4.25,1.21,bet365,2.5,1.5,bet365,1.45,2.67,bet365,1.18,4.8,bet365,1.13,5.9,,0.0,0.0,,0.0,0.0,Betano.br,32.0,14.0,30.0,Betano.br,15.0,7.9,15.0,bet365,5.5,4.33,5.5,bet365,1.44,4.0,1.5,Betano.br,1.14,7.5,1.15,Betano.br,1.04,13.5,1.04,,,,,,,,,,,0.48,0.52,,,,,,,,,,,15.0,8.0,5.0,5.0,10.0,3.0,,,,,,,,,,,,,9.0,5.0,29.0,15.0,25.0,17.0,24.0,14.0,4.0,2.0,,,5.0,1.0,4.0,3.0,,,,,,,,,,,,,,,,,,,,,,,0.53,0.47,,,,,,,,,,,8.0,4.0,1.0,2.0,7.0,2.0,,,,,,,,,,,,,4.0,2.0,7.0,12.0,14.0,8.0,10.0,6.0,1.0,1.0,,,2.0,1.0,1.0,0.0,,,,,,,,,,,,,,,,,,,,,,,0.43,0.57,,,,,,,,,,,7.0,4.0,4.0,3.0,3.0,1.0,,,,,,,,,,,,,5.0,3.0,22.0,3.0,11.0,9.0,14.0,8.0,3.0,1.0,,,3.0,0.0,3.0,3.0,,,,,,,,,,,,,K League 1,0IDCJLlH
facj6TyS,SOUTH KOREA,2022,SOUTH KOREA 1,SOUTH KOREA 1,16/10/2022,07:30,Round 37,Jeju SK,vFZJewv4,Jeonbuk,x0hNfcgA,False,1,2,,,,,,[88],"[37, 54]",bet365,2.62,2.3,3.75,bet365,2.37,2.6,3.25,bet365,2.05,3.5,3.2,bet365,1.33,3.25,bet365,2.62,1.44,bet365,6.5,1.11,bet365,1.18,4.5,bet365,1.83,1.83,bet365,3.75,1.25,bet365,1.04,13.0,bet365,1.2,4.33,bet365,1.7,2.1,bet365,2.62,1.44,bet365,5.0,1.16,bet365,1.61,2.2,bet365,4.0,1.22,bet365,3.0,1.36,bet365,1.36,1.28,1.72,bet365,1.25,1.57,1.44,Betano.br,1.31,1.45,1.53,bet365,1.53,2.37,Betano.br,1.6,2.22,Betano.br,1.6,2.25,bet365,3.4,13.0,29.0,5.5,6.0,7.5,21.0,15.0,5.5,bet365,1.95,1.9,bet365,2.1,1.72,bet365,1.9,1.8,bet365,13.0,bet365,9.0,bet365,12.0,bet365,7.0,bet365,11.0,bet365,19.0,bet365,9.0,bet365,12.0,bet365,13.0,bet365,19.0,bet365,34.0,bet365,15.0,bet365,23.0,bet365,23.0,bet365,29.0,,0.0,0.0,bet365,7.0,1.1,bet365,3.7,1.26,bet365,3.0,1.38,bet365,2.05,1.75,bet365,1.32,3.3,bet365,1.13,5.9,bet365,1.1,6.8,,0.0,0.0,,0.0,0.0,Betano.br,18.0,10.25,32.0,Betano.br,8.5,6.0,17.5,bet365,3.6,4.0,5.0,bet365,1.5,4.33,1.72,Betano.br,1.11,9.0,1.27,Betano.br,1.03,15.0,1.09,,,,,,,,,,,0.56,0.44,,,,,,,,,,,19.0,14.0,7.0,7.0,12.0,7.0,,,,,,,,,,,,,6.0,4.0,15.0,16.0,18.0,17.0,11.0,14.0,3.0,3.0,,,5.0,1.0,5.0,6.0,,,,,,,,,,,,,,,,,,,,,,,0.51,0.49,,,,,,,,,,,6.0,9.0,2.0,4.0,4.0,5.0,,,,,,,,,,,,,1.0,3.0,6.0,10.0,10.0,10.0,8.0,6.0,2.0,1.0,,,2.0,0.0,3.0,2.0,,,,,,,,,,,,,,,,,,,,,,,0.61,0.39,,,,,,,,,,,13.0,5.0,5.0,3.0,8.0,2.0,,,,,,,,,,,,,5.0,1.0,9.0,6.0,8.0,7.0,3.0,8.0,1.0,2.0,,,3.0,1.0,2.0,4.0,,,,,,,,,,,,,K League 1,0IDCJLlH
bNfFtkgL,SOUTH KOREA,2022,SOUTH KOREA 1,SOUTH KOREA 1,14/09/2022,10:00,Round 32,Incheon,prJ1QuXA,Ulsan HD,EVEwgyOM,False,0,0,,,,,,[],[],,0.0,0.0,0.0,,0.0,0.0,0.0,,0.0,0.0,0.0,,0.0,0.0,,0.0,0.0,,0.0,0.0,,0.0,0.0,,0.0,0.0,,0.0,0.0,,0.0,0.0,,0.0,0.0,,0.0,0.0,,0.0,0.0,,0.0,0.0,,0.0,0.0,,0.0,0.0,,0.0,0.0,,0.0,0.0,0.0,,0.0,0.0,0.0,,0.0,0.0,0.0,,0.0,0.0,,0.0,0.0,,0.0,0.0,,0.0,0.0,0.0,0.0,0.0,0.0,0.0,0.0,0.0,,0.0,0.0,,0.0,0.0,,0.0,0.0,,0.0,,0.0,,0.0,,0.0,,0.0,,0.0,,0.0,,0.0,,0.0,,0.0,,0.0,,0.0,,0.0,,0.0,,0.0,,0.0,0.0,,0.0,0.0,,0.0,0.0,,0.0,0.0,,0.0,0.0,,0.0,0.0,,0.0,0.0,,0.0,0.0,,0.0,0.0,,0.0,0.0,,0.0,0.0,0.0,,0.0,0.0,0.0,,0.0,0.0,0.0,,0.0,0.0,0.0,,0.0,0.0,0.0,,0.0,0.0,0.0,,,,,,,,,,,,,,,,,,,,,,,,,,,,,,,,,,,,,,,,,,,,,,,,,,,,,,,,,,,,,,,,,,,,,,,,,,,,,,,,,,,,,,,,,,,,,,,,,,,,,,,,,,,,,,,,,,,,,,,,,,,,,,,,,,,,,,,,,,,,,,,,,,,,,,,,,,,,,,,,,,,,,,,,,,,,,,,,,,,,,,,,,,,,,,,,,,,,,,,,,,,,,K League 1,0IDCJLlH
hpfJu98R,SOUTH KOREA,2022,SOUTH KOREA 1,SOUTH KOREA 1,14/09/2022,10:30,Round 32,Suwon Bluewings,v5I5PanH,Pohang,KIIIipI5,False,0,2,,,,,,[],[],,0.0,0.0,0.0,,0.0,0.0,0.0,,0.0,0.0,0.0,,0.0,0.0,,0.0,0.0,,0.0,0.0,,0.0,0.0,,0.0,0.0,,0.0,0.0,,0.0,0.0,,0.0,0.0,,0.0,0.0,,0.0,0.0,,0.0,0.0,,0.0,0.0,,0.0,0.0,,0.0,0.0,,0.0,0.0,0.0,,0.0,0.0,0.0,,0.0,0.0,0.0,,0.0,0.0,,0.0,0.0,,0.0,0.0,,0.0,0.0,0.0,0.0,0.0,0.0,0.0,0.0,0.0,,0.0,0.0,,0.0,0.0,,0.0,0.0,,0.0,,0.0,,0.0,,0.0,,0.0,,0.0,,0.0,,0.0,,0.0,,0.0,,0.0,,0.0,,0.0,,0.0,,0.0,,0.0,0.0,,0.0,0.0,,0.0,0.0,,0.0,0.0,,0.0,0.0,,0.0,0.0,,0.0,0.0,,0.0,0.0,,0.0,0.0,,0.0,0.0,,0.0,0.0,0.0,,0.0,0.0,0.0,,0.0,0.0,0.0,,0.0,0.0,0.0,,0.0,0.0,0.0,,0.0,0.0,0.0,,,,,,,,,,,,,,,,,,,,,,,,,,,,,,,,,,,,,,,,,,,,,,,,,,,,,,,,,,,,,,,,,,,,,,,,,,,,,,,,,,,,,,,,,,,,,,,,,,,,,,,,,,,,,,,,,,,,,,,,,,,,,,,,,,,,,,,,,,,,,,,,,,,,,,,,,,,,,,,,,,,,,,,,,,,,,,,,,,,,,,,,,,,,,,,,,,,,,,,,,,,,,K League 1,0IDCJLlH
2e16rBO8,SOUTH KOREA,2022,SOUTH KOREA 1,SOUTH KOREA 1,14/09/2022,10:00,Round 32,Jeonbuk,x0hNfcgA,Seongnam,WMiRgH8G,False,1,0,,,,,,[],[],,0.0,0.0,0.0,,0.0,0.0,0.0,,0.0,0.0,0.0,,0.0,0.0,,0.0,0.0,,0.0,0.0,,0.0,0.0,,0.0,0.0,,0.0,0.0,,0.0,0.0,,0.0,0.0,,0.0,0.0,,0.0,0.0,,0.0,0.0,,0.0,0.0,,0.0,0.0,,0.0,0.0,,0.0,0.0,0.0,,0.0,0.0,0.0,,0.0,0.0,0.0,,0.0,0.0,,0.0,0.0,,0.0,0.0,,0.0,0.0,0.0,0.0,0.0,0.0,0.0,0.0,0.0,,0.0,0.0,,0.0,0.0,,0.0,0.0,,0.0,,0.0,,0.0,,0.0,,0.0,,0.0,,0.0,,0.0,,0.0,,0.0,,0.0,,0.0,,0.0,,0.0,,0.0,,0.0,0.0,,0.0,0.0,,0.0,0.0,,0.0,0.0,,0.0,0.0,,0.0,0.0,,0.0,0.0,,0.0,0.0,,0.0,0.0,,0.0,0.0,,0.0,0.0,0.0,,0.0,0.0,0.0,,0.0,0.0,0.0,,0.0,0.0,0.0,,0.0,0.0,0.0,,0.0,0.0,0.0,,,,,,,,,,,,,,,,,,,,,,,,,,,,,,,,,,,,,,,,,,,,,,,,,,,,,,,,,,,,,,,,,,,,,,,,,,,,,,,,,,,,,,,,,,,,,,,,,,,,,,,,,,,,,,,,,,,,,,,,,,,,,,,,,,,,,,,,,,,,,,,,,,,,,,,,,,,,,,,,,,,,,,,,,,,,,,,,,,,,,,,,,,,,,,,,,,,,,,,,,,,,,K League 1,0IDCJLlH
rsou9Vi9,SOUTH KOREA,2022,SOUTH KOREA 1,SOUTH KOREA 1,11/10/2022,10:30,Round 36,Jeonbuk,x0hNfcgA,Gangwon,A144gewT,False,1,0,,,,,,[26],[],bet365,2.75,2.05,4.33,bet365,2.37,2.3,3.75,bet365,2.0,3.3,3.5,bet365,1.44,2.62,bet365,3.4,1.3,bet365,10.0,1.06,bet365,1.28,3.5,bet365,2.37,1.53,bet365,5.5,1.14,bet365,1.07,8.5,bet365,1.36,3.0,bet365,2.2,1.65,bet365,4.0,1.22,bet365,9.0,1.07,bet365,1.9,1.8,bet365,5.5,1.14,bet365,3.75,1.25,bet365,1.28,1.33,1.72,bet365,1.2,1.72,1.4,Betano.br,1.27,1.52,1.5,bet365,1.44,2.62,Betano.br,1.5,2.4,Betano.br,1.55,2.37,bet365,3.4,15.0,34.0,5.0,4.75,7.5,26.0,15.0,6.0,bet365,1.95,1.9,bet365,2.2,1.66,bet365,2.0,1.72,bet365,8.5,bet365,6.5,bet365,9.0,bet365,6.5,bet365,9.0,bet365,17.0,bet365,9.0,bet365,13.0,bet365,17.0,bet365,17.0,bet365,41.0,bet365,19.0,bet365,34.0,bet365,34.0,bet365,41.0,bet365,6.6,1.11,bet365,7.0,1.1,bet365,3.9,1.24,bet365,3.0,1.38,bet365,2.05,1.8,bet365,1.3,3.45,bet365,1.1,7.0,,0.0,0.0,,0.0,0.0,,0.0,0.0,Betano.br,20.0,10.5,40.0,Betano.br,8.75,5.9,23.0,bet365,3.75,3.6,0.0,bet365,0.0,0.0,1.72,Betano.br,1.08,9.75,1.27,Betano.br,1.02,16.0,1.08,,,,,,,,,,,0.49,0.51,,,,,,,,,,,11.0,11.0,4.0,3.0,7.0,8.0,,,,,,,,,,,,,3.0,7.0,9.0,9.0,19.0,16.0,9.0,9.0,1.0,1.0,,,0.0,0.0,3.0,3.0,,,,,,,,,,,,,,,,,,,,,,,0.52,0.48,,,,,,,,,,,7.0,3.0,2.0,1.0,5.0,2.0,,,,,,,,,,,,,2.0,1.0,3.0,4.0,10.0,7.0,4.0,3.0,,,,,0.0,0.0,1.0,1.0,,,,,,,,,,,,,,,,,,,,,,,0.46,0.54,,,,,,,,,,,4.0,8.0,2.0,2.0,2.0,6.0,,,,,,,,,,,,,1.0,6.0,6.0,5.0,9.0,9.0,5.0,6.0,1.0,1.0,,,0.0,0.0,2.0,2.0,,,,,,,,,,,,,K League 1,0IDCJLlH
8Ob0X5zR,SOUTH KOREA,2022,SOUTH KOREA 1,SOUTH KOREA 1,22/10/2022,06:00,Round 38,Gimcheon Sangmu,IaoBca9i,Suwon Bluewings,v5I5PanH,False,1,3,,,,,,[38],"[33, 80, 90]",bet365,4.0,2.1,2.75,bet365,3.6,2.4,2.37,bet365,3.4,3.3,2.0,bet365,1.4,2.75,bet365,3.0,1.36,bet365,9.0,1.07,bet365,1.25,3.75,bet365,2.2,1.61,bet365,5.0,1.16,bet365,1.06,9.5,bet365,1.3,3.4,bet365,2.05,1.8,bet365,3.5,1.28,bet365,7.0,1.1,bet365,1.83,1.83,bet365,5.0,1.16,bet365,3.5,1.28,bet365,1.66,1.3,1.28,bet365,1.4,1.66,1.22,Betano.br,1.5,1.5,1.29,bet365,2.5,1.5,Betano.br,1.87,1.83,Betano.br,2.27,1.6,bet365,6.0,15.0,23.0,7.5,5.0,5.0,34.0,15.0,3.4,bet365,1.95,1.9,bet365,2.1,1.72,bet365,1.9,1.8,bet365,9.5,bet365,10.0,bet365,7.0,bet365,6.5,bet365,17.0,bet365,9.5,bet365,12.0,bet365,9.0,bet365,15.0,bet365,41.0,bet365,19.0,bet365,29.0,bet365,17.0,bet365,41.0,bet365,29.0,,0.0,0.0,,0.0,0.0,bet365,7.0,1.1,bet365,7.0,1.1,bet365,3.45,1.3,bet365,1.77,2.02,bet365,1.38,3.0,bet365,1.25,3.8,,0.0,0.0,,0.0,0.0,Betano.br,40.0,16.0,19.5,Betano.br,21.0,9.5,9.0,bet365,0.0,0.0,3.75,bet365,1.66,3.75,0.0,Betano.br,1.26,6.0,1.09,Betano.br,1.08,10.5,1.02,,,,,,,,,,,0.66,0.34,,,,,,,,,,,15.0,11.0,6.0,7.0,9.0,4.0,,,,,,,,,,,,,4.0,3.0,8.0,17.0,19.0,19.0,17.0,8.0,4.0,1.0,,,0.0,0.0,4.0,5.0,,,,,,,,,,,,,,,,,,,,,,,0.66,0.34,,,,,,,,,,,11.0,7.0,5.0,4.0,6.0,3.0,,,,,,,,,,,,,2.0,1.0,2.0,12.0,5.0,8.0,11.0,2.0,2.0,0.0,,,0.0,0.0,3.0,4.0,,,,,,,,,,,,,,,,,,,,,,,0.66,0.34,,,,,,,,,,,4.0,4.0,1.0,3.0,3.0,1.0,,,,,,,,,,,,,2.0,2.0,6.0,5.0,14.0,11.0,6.0,6.0,2.0,1.0,,,0.0,0.0,1.0,1.0,,,,,,,,,,,,,K League 1,0IDCJLlH
dSJLL8yF,SOUTH KOREA,2022,SOUTH KOREA 1,SOUTH KOREA 1,03/10/2022,05:00,Round 34,Seongnam,WMiRgH8G,Suwon Bluewings,v5I5PanH,False,0,2,,,,,,[],"[30, 55]",bet365,4.0,2.2,2.75,bet365,3.5,2.5,2.37,bet365,3.75,3.5,2.0,bet365,1.4,2.75,bet365,2.75,1.4,bet365,8.0,1.08,bet365,1.22,4.0,bet365,2.1,1.66,bet365,4.5,1.18,bet365,1.05,11.0,bet365,1.28,3.5,bet365,1.98,1.88,bet365,3.4,1.3,bet365,6.5,1.11,bet365,1.72,2.0,bet365,4.5,1.18,bet365,3.4,1.3,bet365,1.72,1.28,1.25,bet365,1.4,1.61,1.22,Betano.br,1.55,1.47,1.28,bet365,2.5,1.5,Betano.br,2.25,1.57,Betano.br,2.35,1.55,bet365,5.5,15.0,23.0,7.5,5.5,5.0,29.0,13.0,3.4,bet365,1.95,1.9,bet365,2.1,1.72,bet365,1.9,1.8,bet365,10.0,bet365,11.0,bet365,7.5,bet365,6.5,bet365,17.0,bet365,10.0,bet365,12.0,bet365,9.0,bet365,15.0,bet365,41.0,bet365,19.0,bet365,29.0,bet365,17.0,bet365,34.0,bet365,26.0,,0.0,0.0,,0.0,0.0,bet365,7.0,1.1,bet365,6.6,1.11,bet365,3.45,1.3,bet365,1.75,2.05,bet365,1.38,3.0,bet365,1.25,3.8,,0.0,0.0,,0.0,0.0,Betano.br,35.0,15.5,20.0,Betano.br,19.0,9.25,9.0,bet365,0.0,0.0,3.75,bet365,1.72,3.75,0.0,Betano.br,1.27,6.0,1.1,Betano.br,1.08,10.5,1.03,,,,,,,,,,,0.58,0.42,,,,,,,,,,,17.0,8.0,7.0,3.0,10.0,5.0,,,,,,,,,,,,,3.0,2.0,19.0,10.0,24.0,14.0,9.0,16.0,1.0,2.0,,,1.0,3.0,1.0,7.0,,,,,,,,,,,,,,,,,,,,,,,0.56,0.44,,,,,,,,,,,6.0,3.0,3.0,2.0,3.0,1.0,,,,,,,,,,,,,2.0,1.0,12.0,5.0,14.0,9.0,5.0,9.0,,,,,0.0,3.0,1.0,3.0,,,,,,,,,,,,,,,,,,,,,,,0.61,0.39,,,,,,,,,,,11.0,5.0,4.0,1.0,7.0,4.0,,,,,,,,,,,,,1.0,1.0,7.0,5.0,10.0,5.0,4.0,7.0,1.0,2.0,,,1.0,0.0,0.0,4.0,,,,,,,,,,,,,K League 1,0IDCJLlH
dbAGLmHe,SOUTH KOREA,2022,SOUTH KOREA 1,SOUTH KOREA 1,13/09/2022,10:00,Round 32,Suwon FC,6sXCYRPI,Gimcheon Sangmu,IaoBca9i,False,2,1,,,,,,[],[],,0.0,0.0,0.0,,0.0,0.0,0.0,,0.0,0.0,0.0,,0.0,0.0,,0.0,0.0,,0.0,0.0,,0.0,0.0,,0.0,0.0,,0.0,0.0,,0.0,0.0,,0.0,0.0,,0.0,0.0,,0.0,0.0,,0.0,0.0,,0.0,0.0,,0.0,0.0,,0.0,0.0,,0.0,0.0,0.0,,0.0,0.0,0.0,,0.0,0.0,0.0,,0.0,0.0,,0.0,0.0,,0.0,0.0,,0.0,0.0,0.0,0.0,0.0,0.0,0.0,0.0,0.0,,0.0,0.0,,0.0,0.0,,0.0,0.0,,0.0,,0.0,,0.0,,0.0,,0.0,,0.0,,0.0,,0.0,,0.0,,0.0,,0.0,,0.0,,0.0,,0.0,,0.0,,0.0,0.0,,0.0,0.0,,0.0,0.0,,0.0,0.0,,0.0,0.0,,0.0,0.0,,0.0,0.0,,0.0,0.0,,0.0,0.0,,0.0,0.0,,0.0,0.0,0.0,,0.0,0.0,0.0,,0.0,0.0,0.0,,0.0,0.0,0.0,,0.0,0.0,0.0,,0.0,0.0,0.0,,,,,,,,,,,,,,,,,,,,,,,,,,,,,,,,,,,,,,,,,,,,,,,,,,,,,,,,,,,,,,,,,,,,,,,,,,,,,,,,,,,,,,,,,,,,,,,,,,,,,,,,,,,,,,,,,,,,,,,,,,,,,,,,,,,,,,,,,,,,,,,,,,,,,,,,,,,,,,,,,,,,,,,,,,,,,,,,,,,,,,,,,,,,,,,,,,,,,,,,,,,,,K League 1,0IDCJLlH
EZKBMT1k,SOUTH KOREA,2022,SOUTH KOREA 1,SOUTH KOREA 1,11/09/2022,10:00,Round 31,Suwon Bluewings,v5I5PanH,Incheon,prJ1QuXA,False,3,3,,,,,,[],[],,0.0,0.0,0.0,,0.0,0.0,0.0,,0.0,0.0,0.0,,0.0,0.0,,0.0,0.0,,0.0,0.0,,0.0,0.0,,0.0,0.0,,0.0,0.0,,0.0,0.0,,0.0,0.0,,0.0,0.0,,0.0,0.0,,0.0,0.0,,0.0,0.0,,0.0,0.0,,0.0,0.0,,0.0,0.0,0.0,,0.0,0.0,0.0,,0.0,0.0,0.0,,0.0,0.0,,0.0,0.0,,0.0,0.0,,0.0,0.0,0.0,0.0,0.0,0.0,0.0,0.0,0.0,,0.0,0.0,,0.0,0.0,,0.0,0.0,,0.0,,0.0,,0.0,,0.0,,0.0,,0.0,,0.0,,0.0,,0.0,,0.0,,0.0,,0.0,,0.0,,0.0,,0.0,,0.0,0.0,,0.0,0.0,,0.0,0.0,,0.0,0.0,,0.0,0.0,,0.0,0.0,,0.0,0.0,,0.0,0.0,,0.0,0.0,,0.0,0.0,,0.0,0.0,0.0,,0.0,0.0,0.0,,0.0,0.0,0.0,,0.0,0.0,0.0,,0.0,0.0,0.0,,0.0,0.0,0.0,,,,,,,,,,,,,,,,,,,,,,,,,,,,,,,,,,,,,,,,,,,,,,,,,,,,,,,,,,,,,,,,,,,,,,,,,,,,,,,,,,,,,,,,,,,,,,,,,,,,,,,,,,,,,,,,,,,,,,,,,,,,,,,,,,,,,,,,,,,,,,,,,,,,,,,,,,,,,,,,,,,,,,,,,,,,,,,,,,,,,,,,,,,,,,,,,,,,,,,,,,,,,K League 1,0IDCJLlH
0x0XXl3C,SOUTH KOREA,2022,SOUTH KOREA 1,SOUTH KOREA 1,29/10/2022,07:00,Final,Gimcheon Sangmu,IaoBca9i,Daejeon,2NTiQXjI,False,0,4,2.0,1.0,2.0,1.0,6.0,[],"[32, 54, 75, 85]",bet365,2.75,2.2,3.75,bet365,2.4,2.5,3.25,bet365,2.0,3.75,3.3,bet365,1.36,3.0,bet365,2.62,1.44,bet365,7.0,1.1,bet365,1.2,4.33,bet365,2.0,1.72,bet365,4.33,1.2,bet365,1.04,13.0,bet365,1.25,3.75,bet365,1.83,2.02,bet365,3.0,1.36,bet365,6.0,1.12,bet365,1.7,2.05,bet365,4.33,1.2,bet365,3.25,1.33,bet365,1.33,1.25,1.8,bet365,1.25,1.61,1.4,Betano.br,1.29,1.45,1.55,bet365,1.53,2.37,,0.0,0.0,Betano.br,1.55,2.35,bet365,3.4,15.0,29.0,5.0,6.0,7.5,21.0,15.0,5.5,bet365,1.95,1.9,bet365,2.1,1.72,bet365,1.9,1.8,bet365,13.0,bet365,8.0,bet365,11.0,bet365,7.0,bet365,11.0,bet365,17.0,bet365,8.0,bet365,12.0,bet365,15.0,bet365,21.0,bet365,34.0,bet365,17.0,bet365,26.0,bet365,23.0,bet365,29.0,bet365,6.25,1.12,bet365,7.0,1.1,bet365,4.1,1.23,bet365,3.1,1.35,bet365,2.1,1.77,bet365,1.35,3.1,bet365,1.14,5.75,bet365,1.1,6.8,,0.0,0.0,,0.0,0.0,Betano.br,18.5,10.25,32.0,Betano.br,8.5,5.9,17.5,bet365,4.0,3.6,0.0,bet365,0.0,0.0,1.8,Betano.br,1.11,9.25,1.28,Betano.br,1.03,15.0,1.09,,,,,,,,,,,0.63,0.37,,,,,,,,,,,19.0,13.0,10.0,9.0,9.0,4.0,,,,,,,,,,,,,7.0,4.0,15.0,8.0,16.0,14.0,7.0,13.0,1.0,2.0,,,1.0,2.0,5.0,10.0,,,,,,,,,,,,,,,,,,,,,,,0.52,0.48,,,,,,,,,,,3.0,5.0,1.0,4.0,2.0,1.0,,,,,,,,,,,,,1.0,3.0,10.0,4.0,4.0,9.0,4.0,9.0,,,,,0.0,1.0,3.0,1.0,,,,,,,,,,,,,,,,,,,,,,,0.74,0.26,,,,,,,,,,,16.0,8.0,9.0,5.0,7.0,3.0,,,,,,,,,,,,,6.0,1.0,5.0,4.0,12.0,5.0,3.0,4.0,1.0,2.0,,,1.0,1.0,2.0,9.0,,,,,,,,,,,,,K League 1,0IDCJLlH
b9gNWxVQ,SOUTH KOREA,2022,SOUTH KOREA 1,SOUTH KOREA 1,29/10/2022,05:00,Final,Suwon Bluewings,v5I5PanH,Anyang,QRK4aI4P,False,2,1,2.0,0.0,0.0,2.0,1.0,"[17, 69, 120]",[55],bet365,2.62,2.05,4.5,bet365,2.3,2.3,4.0,bet365,1.95,3.3,4.0,bet365,1.5,2.5,bet365,3.4,1.3,bet365,10.0,1.06,bet365,1.28,3.5,bet365,2.37,1.53,bet365,5.5,1.14,bet365,1.08,8.0,bet365,1.4,2.75,bet365,2.3,1.6,bet365,4.33,1.2,bet365,10.0,1.06,bet365,2.0,1.75,bet365,5.5,1.14,bet365,3.75,1.25,bet365,1.22,1.33,1.8,bet365,1.16,1.72,1.44,Betano.br,1.24,1.52,1.55,bet365,1.4,2.75,,0.0,0.0,Betano.br,1.47,2.55,bet365,3.2,15.0,34.0,4.75,4.75,8.0,26.0,15.0,7.0,bet365,1.95,1.9,bet365,2.2,1.66,bet365,2.0,1.72,bet365,8.0,bet365,6.5,bet365,9.5,bet365,6.5,bet365,8.5,bet365,19.0,bet365,9.0,bet365,13.0,bet365,17.0,bet365,17.0,bet365,41.0,bet365,17.0,bet365,34.0,bet365,34.0,bet365,41.0,bet365,7.0,1.1,bet365,7.0,1.1,bet365,3.8,1.25,bet365,3.0,1.38,bet365,2.02,1.83,bet365,1.27,3.55,,0.0,0.0,,0.0,0.0,,0.0,0.0,,0.0,0.0,Betano.br,17.0,9.5,45.0,Betano.br,7.7,5.5,28.0,bet365,3.75,3.75,0.0,bet365,0.0,0.0,1.8,Betano.br,1.06,10.5,1.32,Betano.br,1.01,17.0,1.1,,,,,,,,,,,0.51,0.49,,,,,,,,,,,19.0,8.0,9.0,3.0,10.0,5.0,,,,,,,,,,,,,7.0,5.0,13.0,5.0,31.0,25.0,5.0,12.0,3.0,2.0,,,0.0,1.0,2.0,7.0,,,,,,,,,,,,,,,,,,,,,,,0.55,0.45,,,,,,,,,,,6.0,3.0,4.0,1.0,2.0,2.0,,,,,,,,,,,,,2.0,1.0,6.0,2.0,10.0,9.0,2.0,6.0,,,,,0.0,0.0,1.0,3.0,,,,,,,,,,,,,,,,,,,,,,,0.51,0.49,,,,,,,,,,,12.0,5.0,4.0,2.0,8.0,3.0,,,,,,,,,,,,,3.0,3.0,7.0,3.0,13.0,8.0,3.0,6.0,2.0,2.0,,,0.0,1.0,1.0,4.0,,,,,,,,,,,,,K League 1,0IDCJLlH
zqM7N9nq,SOUTH KOREA,2022,SOUTH KOREA 1,SOUTH KOREA 1,11/09/2022,07:30,Round 31,Ulsan HD,EVEwgyOM,Pohang,KIIIipI5,False,1,2,,,,,,[],[],,0.0,0.0,0.0,,0.0,0.0,0.0,,0.0,0.0,0.0,,0.0,0.0,,0.0,0.0,,0.0,0.0,,0.0,0.0,,0.0,0.0,,0.0,0.0,,0.0,0.0,,0.0,0.0,,0.0,0.0,,0.0,0.0,,0.0,0.0,,0.0,0.0,,0.0,0.0,,0.0,0.0,,0.0,0.0,0.0,,0.0,0.0,0.0,,0.0,0.0,0.0,,0.0,0.0,,0.0,0.0,,0.0,0.0,,0.0,0.0,0.0,0.0,0.0,0.0,0.0,0.0,0.0,,0.0,0.0,,0.0,0.0,,0.0,0.0,,0.0,,0.0,,0.0,,0.0,,0.0,,0.0,,0.0,,0.0,,0.0,,0.0,,0.0,,0.0,,0.0,,0.0,,0.0,,0.0,0.0,,0.0,0.0,,0.0,0.0,,0.0,0.0,,0.0,0.0,,0.0,0.0,,0.0,0.0,,0.0,0.0,,0.0,0.0,,0.0,0.0,,0.0,0.0,0.0,,0.0,0.0,0.0,,0.0,0.0,0.0,,0.0,0.0,0.0,,0.0,0.0,0.0,,0.0,0.0,0.0,,,,,,,,,,,,,,,,,,,,,,,,,,,,,,,,,,,,,,,,,,,,,,,,,,,,,,,,,,,,,,,,,,,,,,,,,,,,,,,,,,,,,,,,,,,,,,,,,,,,,,,,,,,,,,,,,,,,,,,,,,,,,,,,,,,,,,,,,,,,,,,,,,,,,,,,,,,,,,,,,,,,,,,,,,,,,,,,,,,,,,,,,,,,,,,,,,,,,,,,,,,,,K League 1,0IDCJLlH
AVqez8j8,SOUTH KOREA,2022,SOUTH KOREA 1,SOUTH KOREA 1,16/10/2022,07:30,Round 37,Daegu,SrMQkOnI,Gimcheon Sangmu,IaoBca9i,False,1,1,,,,,,[66],[60],bet365,3.0,2.2,3.5,bet365,2.6,2.5,3.1,bet365,2.25,3.4,2.87,bet365,1.36,3.0,bet365,2.75,1.4,bet365,7.0,1.1,bet365,1.22,4.0,bet365,2.0,1.72,bet365,4.33,1.2,bet365,1.04,13.0,bet365,1.25,3.75,bet365,1.85,2.0,bet365,3.0,1.36,bet365,6.0,1.12,bet365,1.66,2.1,bet365,4.33,1.2,bet365,3.25,1.33,bet365,1.4,1.3,1.57,bet365,1.28,1.61,1.36,Betano.br,1.35,1.5,1.42,bet365,1.66,2.1,Betano.br,1.65,2.1,Betano.br,1.75,2.0,bet365,3.75,13.0,29.0,5.5,5.5,6.5,23.0,13.0,4.75,bet365,1.95,1.9,bet365,2.1,1.72,bet365,1.9,1.8,bet365,11.0,bet365,8.5,bet365,10.0,bet365,6.5,bet365,12.0,bet365,15.0,bet365,9.5,bet365,11.0,bet365,13.0,bet365,21.0,bet365,29.0,bet365,19.0,bet365,23.0,bet365,26.0,bet365,29.0,,0.0,0.0,,0.0,0.0,bet365,4.25,1.21,bet365,3.45,1.3,bet365,2.25,1.63,bet365,1.4,2.85,bet365,1.16,5.25,bet365,1.12,6.25,,0.0,0.0,,0.0,0.0,Betano.br,22.0,11.75,35.0,Betano.br,10.5,6.7,16.5,bet365,4.33,4.0,4.75,bet365,1.53,4.0,1.57,Betano.br,1.12,8.25,1.21,Betano.br,1.03,14.5,1.06,,,,,,,,,,,0.33,0.67,,,,,,,,,,,9.0,12.0,6.0,6.0,3.0,6.0,,,,,,,,,,,,,4.0,3.0,12.0,12.0,18.0,18.0,9.0,10.0,1.0,0.0,,,3.0,2.0,5.0,5.0,,,,,,,,,,,,,,,,,,,,,,,0.45,0.55,,,,,,,,,,,6.0,5.0,4.0,3.0,2.0,2.0,,,,,,,,,,,,,4.0,2.0,5.0,2.0,7.0,5.0,2.0,4.0,,,,,0.0,1.0,3.0,4.0,,,,,,,,,,,,,,,,,,,,,,,0.21,0.79,,,,,,,,,,,3.0,7.0,2.0,3.0,1.0,4.0,,,,,,,,,,,,,0.0,1.0,7.0,10.0,11.0,13.0,7.0,6.0,1.0,0.0,,,3.0,1.0,2.0,1.0,,,,,,,,,,,,,K League 1,0IDCJLlH
jRCUJn6R,SOUTH KOREA,2022,SOUTH KOREA 1,SOUTH KOREA 1,09/10/2022,07:30,Round 35,Gimcheon Sangmu,IaoBca9i,Seongnam,WMiRgH8G,False,1,1,,,,,,[56],[29],bet365,2.5,2.2,4.5,bet365,2.2,2.5,4.0,bet365,1.85,3.5,4.2,bet365,1.4,2.75,bet365,2.75,1.4,bet365,8.0,1.08,bet365,1.22,4.0,bet365,2.0,1.72,bet365,4.33,1.2,bet365,1.05,11.0,bet365,1.28,3.5,bet365,1.93,1.93,bet365,3.25,1.33,bet365,6.5,1.11,bet365,1.72,2.0,bet365,4.5,1.18,bet365,3.4,1.3,bet365,1.22,1.28,1.83,bet365,1.16,1.61,1.5,Betano.br,1.25,1.47,1.6,bet365,1.36,3.0,Betano.br,1.47,2.5,Betano.br,1.47,2.55,bet365,3.0,13.0,34.0,4.75,5.5,8.5,23.0,15.0,6.5,bet365,1.95,1.9,bet365,2.1,1.72,bet365,1.9,1.8,bet365,11.0,bet365,7.5,bet365,12.0,bet365,6.5,bet365,9.0,bet365,21.0,bet365,8.5,bet365,13.0,bet365,15.0,bet365,15.0,bet365,41.0,bet365,15.0,bet365,34.0,bet365,26.0,bet365,41.0,bet365,7.0,1.1,bet365,6.25,1.12,bet365,3.45,1.3,bet365,2.6,1.48,bet365,1.9,1.95,bet365,1.25,3.8,,0.0,0.0,,0.0,0.0,,0.0,0.0,,0.0,0.0,Betano.br,17.0,9.75,40.0,Betano.br,7.7,5.6,23.0,bet365,3.25,3.6,0.0,bet365,0.0,0.0,1.83,Betano.br,1.08,10.25,1.31,Betano.br,1.02,16.5,1.1,,,,,,,,,,,0.6,0.4,,,,,,,,,,,16.0,10.0,4.0,6.0,12.0,4.0,,,,,,,,,,,,,3.0,2.0,10.0,7.0,20.0,23.0,7.0,9.0,0.0,1.0,,,0.0,1.0,5.0,3.0,,,,,,,,,,,,,,,,,,,,,,,0.51,0.49,,,,,,,,,,,3.0,7.0,0.0,5.0,3.0,2.0,,,,,,,,,,,,,0.0,2.0,5.0,2.0,13.0,12.0,2.0,4.0,,,,,0.0,1.0,4.0,0.0,,,,,,,,,,,,,,,,,,,,,,,0.69,0.31,,,,,,,,,,,13.0,3.0,4.0,1.0,9.0,2.0,,,,,,,,,,,,,3.0,0.0,5.0,5.0,7.0,11.0,5.0,5.0,0.0,1.0,,,0.0,0.0,1.0,3.0,,,,,,,,,,,,,K League 1,0IDCJLlH
nFiWAiNd,SOUTH KOREA,2022,SOUTH KOREA 1,SOUTH KOREA 1,08/10/2022,10:00,Round 35,Gangwon,A144gewT,Incheon,prJ1QuXA,False,0,0,,,,,,[],[],bet365,2.87,2.0,4.33,bet365,2.5,2.3,3.6,bet365,2.1,3.2,3.5,bet365,1.5,2.5,bet365,3.4,1.3,bet365,10.0,1.06,bet365,1.3,3.4,bet365,2.37,1.53,bet365,6.0,1.12,bet365,1.08,8.0,bet365,1.4,2.75,bet365,2.3,1.6,bet365,4.33,1.2,bet365,10.0,1.06,bet365,1.9,1.8,bet365,5.5,1.14,bet365,3.75,1.25,bet365,1.28,1.36,1.66,bet365,1.22,1.72,1.4,Betano.br,1.27,1.53,1.5,bet365,1.5,2.5,Betano.br,1.55,2.3,Betano.br,1.57,2.32,bet365,3.5,15.0,34.0,5.0,4.5,7.5,26.0,15.0,6.0,bet365,1.95,1.9,bet365,2.2,1.66,bet365,2.0,1.72,bet365,8.0,bet365,6.5,bet365,9.0,bet365,6.0,bet365,9.0,bet365,17.0,bet365,9.5,bet365,13.0,bet365,17.0,bet365,19.0,bet365,41.0,bet365,19.0,bet365,34.0,bet365,34.0,bet365,41.0,,0.0,0.0,,0.0,0.0,bet365,4.15,1.22,bet365,3.3,1.32,bet365,2.08,1.73,bet365,1.3,3.45,bet365,1.11,6.4,bet365,1.1,7.0,,0.0,0.0,,0.0,0.0,Betano.br,23.0,11.25,40.0,Betano.br,10.25,6.1,23.0,bet365,4.0,3.6,0.0,bet365,0.0,0.0,1.66,Betano.br,1.08,9.75,1.24,Betano.br,1.02,16.0,1.07,,,,,,,,,,,0.52,0.48,,,,,,,,,,,11.0,10.0,7.0,3.0,4.0,7.0,,,,,,,,,,,,,3.0,6.0,16.0,12.0,25.0,30.0,11.0,13.0,0.0,1.0,,,1.0,3.0,3.0,7.0,,,,,,,,,,,,,,,,,,,,,,,0.51,0.49,,,,,,,,,,,4.0,2.0,3.0,2.0,1.0,0.0,,,,,,,,,,,,,1.0,2.0,8.0,6.0,12.0,23.0,5.0,5.0,,,,,1.0,3.0,2.0,3.0,,,,,,,,,,,,,,,,,,,,,,,0.53,0.47,,,,,,,,,,,7.0,8.0,4.0,1.0,3.0,7.0,,,,,,,,,,,,,2.0,4.0,8.0,6.0,13.0,7.0,6.0,8.0,0.0,1.0,,,0.0,0.0,1.0,4.0,,,,,,,,,,,,,K League 1,0IDCJLlH
G8bn79ML,SOUTH KOREA,2022,SOUTH KOREA 1,SOUTH KOREA 1,16/10/2022,05:00,Round 37,Gangwon,A144gewT,Ulsan HD,EVEwgyOM,False,1,2,,,,,,[66],"[75, 86]",bet365,4.5,2.05,2.62,bet365,4.0,2.37,2.3,bet365,4.0,3.2,1.95,bet365,1.44,2.62,bet365,3.25,1.33,bet365,10.0,1.06,bet365,1.28,3.5,bet365,2.25,1.57,bet365,5.5,1.14,bet365,1.07,9.0,bet365,1.36,3.0,bet365,2.15,1.66,bet365,4.0,1.22,bet365,9.0,1.07,bet365,1.9,1.8,bet365,5.5,1.14,bet365,3.75,1.25,bet365,1.8,1.36,1.22,bet365,1.44,1.72,1.16,Betano.br,1.53,1.52,1.25,bet365,2.75,1.4,Betano.br,2.5,1.47,Betano.br,2.47,1.5,bet365,6.5,15.0,26.0,8.0,4.75,4.75,34.0,15.0,3.25,bet365,1.95,1.9,bet365,2.2,1.66,bet365,2.0,1.72,bet365,8.0,bet365,10.0,bet365,6.5,bet365,6.0,bet365,19.0,bet365,8.5,bet365,15.0,bet365,9.0,bet365,15.0,bet365,41.0,bet365,17.0,bet365,34.0,bet365,17.0,bet365,41.0,bet365,29.0,,0.0,0.0,,0.0,0.0,,0.0,0.0,,0.0,0.0,bet365,3.55,1.27,bet365,1.8,2.05,bet365,1.38,3.0,bet365,1.24,3.9,bet365,1.1,7.0,,0.0,0.0,Betano.br,45.0,16.5,20.0,Betano.br,26.0,10.5,9.0,bet365,0.0,0.0,3.6,bet365,1.8,3.6,0.0,Betano.br,1.27,5.8,1.07,Betano.br,1.08,10.5,1.02,,,,,,,,,,,0.38,0.62,,,,,,,,,,,5.0,13.0,3.0,9.0,2.0,4.0,,,,,,,,,,,,,1.0,7.0,10.0,14.0,19.0,28.0,10.0,9.0,,,,,4.0,1.0,7.0,2.0,,,,,,,,,,,,,,,,,,,,,,,0.38,0.62,,,,,,,,,,,2.0,7.0,1.0,5.0,1.0,2.0,,,,,,,,,,,,,1.0,4.0,4.0,10.0,8.0,15.0,7.0,3.0,,,,,3.0,1.0,5.0,1.0,,,,,,,,,,,,,,,,,,,,,,,0.38,0.62,,,,,,,,,,,3.0,6.0,2.0,4.0,1.0,2.0,,,,,,,,,,,,,0.0,3.0,6.0,4.0,11.0,13.0,3.0,6.0,,,,,1.0,0.0,2.0,1.0,,,,,,,,,,,,,K League 1,0IDCJLlH
lMraZR5E,SOUTH KOREA,2022,SOUTH KOREA 1,SOUTH KOREA 1,16/10/2022,10:00,Round 37,Seoul,8tzeYeHp,Seongnam,WMiRgH8G,False,0,1,,,,,,[],[80],bet365,2.37,2.2,5.0,bet365,2.05,2.5,4.5,bet365,1.7,3.6,4.5,bet365,1.4,2.75,bet365,2.75,1.4,bet365,8.0,1.08,bet365,1.22,4.0,bet365,2.1,1.66,bet365,4.5,1.18,bet365,1.06,10.0,bet365,1.3,3.4,bet365,2.05,1.8,bet365,3.5,1.28,bet365,7.0,1.1,bet365,1.83,1.83,bet365,5.0,1.16,bet365,3.5,1.28,bet365,1.18,1.28,2.1,bet365,1.14,1.61,1.53,Betano.br,1.2,1.5,1.65,bet365,1.28,3.5,Betano.br,1.38,2.82,Betano.br,1.37,2.95,bet365,2.75,15.0,34.0,4.5,5.5,9.5,23.0,15.0,8.0,bet365,1.95,1.9,bet365,2.1,1.72,bet365,1.9,1.8,bet365,10.0,bet365,7.0,bet365,12.0,bet365,7.0,bet365,8.0,bet365,23.0,bet365,8.5,bet365,15.0,bet365,17.0,bet365,13.0,bet365,51.0,bet365,15.0,bet365,41.0,bet365,26.0,bet365,41.0,bet365,6.4,1.11,bet365,5.5,1.15,bet365,3.0,1.38,bet365,2.3,1.6,bet365,1.7,2.1,bet365,1.2,4.4,,0.0,0.0,,0.0,0.0,,0.0,0.0,,0.0,0.0,Betano.br,15.5,8.75,45.0,Betano.br,6.8,5.1,30.0,bet365,2.87,3.5,0.0,bet365,0.0,0.0,2.1,Betano.br,1.05,11.75,1.38,Betano.br,1.01,17.5,1.12,,,,,,,,,,,0.59,0.41,,,,,,,,,,,9.0,7.0,4.0,3.0,5.0,4.0,,,,,,,,,,,,,6.0,5.0,14.0,11.0,32.0,32.0,8.0,10.0,1.0,0.0,,,3.0,4.0,2.0,4.0,,,,,,,,,,,,,,,,,,,,,,,0.54,0.46,,,,,,,,,,,4.0,4.0,1.0,2.0,3.0,2.0,,,,,,,,,,,,,2.0,0.0,5.0,5.0,22.0,17.0,3.0,4.0,1.0,0.0,,,1.0,1.0,2.0,1.0,,,,,,,,,,,,,,,,,,,,,,,0.64,0.36,,,,,,,,,,,5.0,3.0,3.0,1.0,2.0,2.0,,,,,,,,,,,,,4.0,5.0,9.0,6.0,10.0,15.0,5.0,6.0,,,,,2.0,3.0,0.0,3.0,,,,,,,,,,,,,K League 1,0IDCJLlH
ncxVboU1,SOUTH KOREA,2022,SOUTH KOREA 1,SOUTH KOREA 1,23/10/2022,06:00,Round 38,Pohang,KIIIipI5,Gangwon,A144gewT,False,1,0,,,,,,[65],[],bet365,2.37,2.1,5.5,bet365,2.05,2.4,4.75,bet365,1.7,3.5,4.75,bet365,1.44,2.62,bet365,3.0,1.36,bet365,9.0,1.07,bet365,1.25,3.75,bet365,2.2,1.61,bet365,5.0,1.16,bet365,1.06,10.0,bet365,1.33,3.25,bet365,2.05,1.75,bet365,3.75,1.25,bet365,8.0,1.08,bet365,1.9,1.8,bet365,5.5,1.14,bet365,3.75,1.25,bet365,1.18,1.28,2.1,bet365,1.12,1.66,1.53,Betano.br,1.2,1.5,1.65,bet365,1.25,3.75,Betano.br,1.45,2.57,Betano.br,1.38,2.92,bet365,2.75,15.0,41.0,4.33,5.0,10.0,23.0,17.0,8.5,bet365,1.95,1.9,bet365,2.1,1.72,bet365,2.0,1.72,bet365,9.0,bet365,6.5,bet365,12.0,bet365,7.0,bet365,7.5,bet365,23.0,bet365,8.5,bet365,17.0,bet365,17.0,bet365,13.0,bet365,51.0,bet365,15.0,bet365,41.0,bet365,29.0,bet365,41.0,bet365,6.4,1.11,bet365,5.5,1.15,bet365,3.0,1.38,bet365,2.3,1.6,bet365,1.7,2.1,bet365,1.19,4.5,bet365,1.1,7.0,bet365,1.1,7.0,,0.0,0.0,,0.0,0.0,Betano.br,16.0,9.0,45.0,Betano.br,7.0,5.1,30.0,bet365,3.0,3.6,0.0,bet365,0.0,0.0,2.1,Betano.br,1.05,11.75,1.37,Betano.br,1.01,17.5,1.12,,,,,,,,,,,0.53,0.47,,,,,,,,,,,7.0,6.0,1.0,1.0,6.0,5.0,,,,,,,,,,,,,2.0,4.0,9.0,11.0,21.0,15.0,9.0,9.0,1.0,3.0,,,2.0,0.0,1.0,0.0,,,,,,,,,,,,,,,,,,,,,,,0.55,0.45,,,,,,,,,,,3.0,4.0,0.0,0.0,3.0,4.0,,,,,,,,,,,,,2.0,3.0,4.0,5.0,9.0,5.0,4.0,4.0,,,,,1.0,0.0,0.0,0.0,,,,,,,,,,,,,,,,,,,,,,,0.51,0.49,,,,,,,,,,,4.0,2.0,1.0,1.0,3.0,1.0,,,,,,,,,,,,,0.0,1.0,5.0,6.0,12.0,10.0,5.0,5.0,1.0,3.0,,,1.0,0.0,1.0,0.0,,,,,,,,,,,,,K League 1,0IDCJLlH
M930EQTl,SOUTH KOREA,2022,SOUTH KOREA 1,SOUTH KOREA 1,12/10/2022,10:30,Round 36,Suwon Bluewings,v5I5PanH,Daegu,SrMQkOnI,False,1,2,,,,,,[51],"[21, 81]",bet365,3.25,2.05,3.5,bet365,2.87,2.3,3.0,bet365,2.5,3.1,2.75,bet365,1.44,2.62,bet365,3.4,1.3,bet365,10.0,1.06,bet365,1.28,3.5,bet365,2.25,1.57,bet365,5.5,1.14,bet365,1.07,9.0,bet365,1.36,3.0,bet365,2.15,1.66,bet365,4.0,1.22,bet365,9.0,1.07,bet365,1.83,1.83,bet365,5.5,1.14,bet365,3.5,1.28,bet365,1.4,1.36,1.5,bet365,1.3,1.72,1.3,Betano.br,1.35,1.55,1.39,bet365,1.8,1.9,Betano.br,1.8,1.91,Betano.br,1.8,1.93,bet365,4.33,15.0,29.0,6.0,4.75,6.0,29.0,15.0,4.75,bet365,1.95,1.9,bet365,2.2,1.66,bet365,2.0,1.72,bet365,8.5,bet365,7.5,bet365,8.0,bet365,6.0,bet365,12.0,bet365,13.0,bet365,10.0,bet365,11.0,bet365,15.0,bet365,26.0,bet365,29.0,bet365,21.0,bet365,23.0,bet365,34.0,bet365,34.0,,0.0,0.0,,0.0,0.0,bet365,5.5,1.15,bet365,4.25,1.21,bet365,2.5,1.5,bet365,1.43,2.75,bet365,1.17,5.0,bet365,1.13,6.0,,0.0,0.0,,0.0,0.0,Betano.br,30.0,13.5,32.0,Betano.br,14.5,7.4,16.5,bet365,5.0,4.0,5.5,bet365,1.44,4.33,1.5,Betano.br,1.13,8.0,1.16,Betano.br,1.03,14.0,1.04,,,,,,,,,,,0.67,0.33,,,,,,,,,,,11.0,9.0,4.0,4.0,7.0,5.0,,,,,,,,,,,,,5.0,4.0,13.0,9.0,17.0,14.0,8.0,13.0,4.0,0.0,,,1.0,0.0,2.0,3.0,,,,,,,,,,,,,,,,,,,,,,,0.69,0.31,,,,,,,,,,,1.0,5.0,0.0,2.0,1.0,3.0,,,,,,,,,,,,,1.0,0.0,5.0,5.0,9.0,7.0,5.0,5.0,2.0,0.0,,,0.0,0.0,1.0,0.0,,,,,,,,,,,,,,,,,,,,,,,0.65,0.35,,,,,,,,,,,10.0,4.0,4.0,2.0,6.0,2.0,,,,,,,,,,,,,4.0,4.0,8.0,4.0,8.0,7.0,3.0,8.0,2.0,0.0,,,1.0,0.0,1.0,3.0,,,,,,,,,,,,,K League 1,0IDCJLlH
dzWXTB9F,SOUTH KOREA,2022,SOUTH KOREA 1,SOUTH KOREA 1,10/09/2022,05:00,Round 31,Gimcheon Sangmu,IaoBca9i,Jeju SK,vFZJewv4,False,1,2,,,,,,[],[],,0.0,0.0,0.0,,0.0,0.0,0.0,,0.0,0.0,0.0,,0.0,0.0,,0.0,0.0,,0.0,0.0,,0.0,0.0,,0.0,0.0,,0.0,0.0,,0.0,0.0,,0.0,0.0,,0.0,0.0,,0.0,0.0,,0.0,0.0,,0.0,0.0,,0.0,0.0,,0.0,0.0,,0.0,0.0,0.0,,0.0,0.0,0.0,,0.0,0.0,0.0,,0.0,0.0,,0.0,0.0,,0.0,0.0,,0.0,0.0,0.0,0.0,0.0,0.0,0.0,0.0,0.0,,0.0,0.0,,0.0,0.0,,0.0,0.0,,0.0,,0.0,,0.0,,0.0,,0.0,,0.0,,0.0,,0.0,,0.0,,0.0,,0.0,,0.0,,0.0,,0.0,,0.0,,0.0,0.0,,0.0,0.0,,0.0,0.0,,0.0,0.0,,0.0,0.0,,0.0,0.0,,0.0,0.0,,0.0,0.0,,0.0,0.0,,0.0,0.0,,0.0,0.0,0.0,,0.0,0.0,0.0,,0.0,0.0,0.0,,0.0,0.0,0.0,,0.0,0.0,0.0,,0.0,0.0,0.0,,,,,,,,,,,,,,,,,,,,,,,,,,,,,,,,,,,,,,,,,,,,,,,,,,,,,,,,,,,,,,,,,,,,,,,,,,,,,,,,,,,,,,,,,,,,,,,,,,,,,,,,,,,,,,,,,,,,,,,,,,,,,,,,,,,,,,,,,,,,,,,,,,,,,,,,,,,,,,,,,,,,,,,,,,,,,,,,,,,,,,,,,,,,,,,,,,,,,,,,,,,,,K League 1,0IDCJLlH
86wRaREe,SOUTH KOREA,2022,SOUTH KOREA 1,SOUTH KOREA 1,23/10/2022,06:00,Round 38,Jeonbuk,x0hNfcgA,Incheon,prJ1QuXA,False,2,1,,,,,,"[43, 58]",[69],bet365,2.87,2.2,3.75,bet365,2.5,2.5,3.2,bet365,2.15,3.4,3.0,bet365,1.36,3.0,bet365,2.75,1.4,bet365,8.0,1.08,bet365,1.22,4.0,bet365,2.0,1.72,bet365,4.33,1.2,bet365,1.05,11.0,bet365,1.25,3.75,bet365,1.9,1.95,bet365,3.25,1.33,bet365,6.5,1.11,bet365,1.72,2.0,bet365,4.5,1.18,bet365,3.25,1.33,bet365,1.36,1.3,1.66,bet365,1.25,1.61,1.4,Betano.br,1.31,1.47,1.5,bet365,1.57,2.25,Betano.br,1.32,3.1,Betano.br,1.62,2.2,bet365,3.6,13.0,29.0,5.5,5.5,7.0,23.0,15.0,5.0,bet365,1.95,1.9,bet365,2.1,1.72,bet365,1.9,1.8,bet365,11.0,bet365,8.5,bet365,10.0,bet365,6.5,bet365,11.0,bet365,17.0,bet365,9.0,bet365,11.0,bet365,13.0,bet365,21.0,bet365,34.0,bet365,17.0,bet365,23.0,bet365,26.0,bet365,29.0,bet365,6.6,1.11,bet365,7.0,1.1,bet365,4.1,1.23,bet365,3.3,1.32,bet365,2.15,1.68,bet365,1.35,3.1,bet365,1.14,5.75,bet365,1.1,6.8,,0.0,0.0,,0.0,0.0,Betano.br,20.0,11.0,35.0,Betano.br,9.5,6.3,17.5,bet365,4.33,4.0,0.0,bet365,0.0,0.0,1.66,Betano.br,1.11,8.75,1.24,Betano.br,1.03,15.0,1.08,,,,,,,,,,,0.51,0.49,,,,,,,,,,,19.0,17.0,10.0,4.0,9.0,13.0,,,,,,,,,,,,,5.0,8.0,15.0,8.0,19.0,22.0,8.0,11.0,1.0,3.0,,,0.0,4.0,3.0,8.0,,,,,,,,,,,,,,,,,,,,,,,0.55,0.45,,,,,,,,,,,9.0,10.0,5.0,1.0,4.0,9.0,,,,,,,,,,,,,3.0,4.0,8.0,3.0,9.0,13.0,3.0,5.0,0.0,1.0,,,0.0,3.0,1.0,4.0,,,,,,,,,,,,,,,,,,,,,,,0.47,0.53,,,,,,,,,,,10.0,7.0,5.0,3.0,5.0,4.0,,,,,,,,,,,,,2.0,4.0,7.0,5.0,10.0,9.0,5.0,6.0,1.0,2.0,,,0.0,1.0,2.0,4.0,,,,,,,,,,,,,K League 1,0IDCJLlH
lASPVXv3,SOUTH KOREA,2022,SOUTH KOREA 1,SOUTH KOREA 1,07/09/2022,10:30,Round 30,Daegu,SrMQkOnI,Seongnam,WMiRgH8G,False,1,0,,,,,,[],[],,0.0,0.0,0.0,,0.0,0.0,0.0,,0.0,0.0,0.0,,0.0,0.0,,0.0,0.0,,0.0,0.0,,0.0,0.0,,0.0,0.0,,0.0,0.0,,0.0,0.0,,0.0,0.0,,0.0,0.0,,0.0,0.0,,0.0,0.0,,0.0,0.0,,0.0,0.0,,0.0,0.0,,0.0,0.0,0.0,,0.0,0.0,0.0,,0.0,0.0,0.0,,0.0,0.0,,0.0,0.0,,0.0,0.0,,0.0,0.0,0.0,0.0,0.0,0.0,0.0,0.0,0.0,,0.0,0.0,,0.0,0.0,,0.0,0.0,,0.0,,0.0,,0.0,,0.0,,0.0,,0.0,,0.0,,0.0,,0.0,,0.0,,0.0,,0.0,,0.0,,0.0,,0.0,,0.0,0.0,,0.0,0.0,,0.0,0.0,,0.0,0.0,,0.0,0.0,,0.0,0.0,,0.0,0.0,,0.0,0.0,,0.0,0.0,,0.0,0.0,,0.0,0.0,0.0,,0.0,0.0,0.0,,0.0,0.0,0.0,,0.0,0.0,0.0,,0.0,0.0,0.0,,0.0,0.0,0.0,,,,,,,,,,,,,,,,,,,,,,,,,,,,,,,,,,,,,,,,,,,,,,,,,,,,,,,,,,,,,,,,,,,,,,,,,,,,,,,,,,,,,,,,,,,,,,,,,,,,,,,,,,,,,,,,,,,,,,,,,,,,,,,,,,,,,,,,,,,,,,,,,,,,,,,,,,,,,,,,,,,,,,,,,,,,,,,,,,,,,,,,,,,,,,,,,,,,,,,,,,,,,K League 1,0IDCJLlH
0lnV9jIq,SOUTH KOREA,2022,SOUTH KOREA 1,SOUTH KOREA 1,06/09/2022,10:30,Round 30,Gangwon,A144gewT,Gimcheon Sangmu,IaoBca9i,False,0,1,,,,,,[],[],,0.0,0.0,0.0,,0.0,0.0,0.0,,0.0,0.0,0.0,,0.0,0.0,,0.0,0.0,,0.0,0.0,,0.0,0.0,,0.0,0.0,,0.0,0.0,,0.0,0.0,,0.0,0.0,,0.0,0.0,,0.0,0.0,,0.0,0.0,,0.0,0.0,,0.0,0.0,,0.0,0.0,,0.0,0.0,0.0,,0.0,0.0,0.0,,0.0,0.0,0.0,,0.0,0.0,,0.0,0.0,,0.0,0.0,,0.0,0.0,0.0,0.0,0.0,0.0,0.0,0.0,0.0,,0.0,0.0,,0.0,0.0,,0.0,0.0,,0.0,,0.0,,0.0,,0.0,,0.0,,0.0,,0.0,,0.0,,0.0,,0.0,,0.0,,0.0,,0.0,,0.0,,0.0,,0.0,0.0,,0.0,0.0,,0.0,0.0,,0.0,0.0,,0.0,0.0,,0.0,0.0,,0.0,0.0,,0.0,0.0,,0.0,0.0,,0.0,0.0,,0.0,0.0,0.0,,0.0,0.0,0.0,,0.0,0.0,0.0,,0.0,0.0,0.0,,0.0,0.0,0.0,,0.0,0.0,0.0,,,,,,,,,,,,,,,,,,,,,,,,,,,,,,,,,,,,,,,,,,,,,,,,,,,,,,,,,,,,,,,,,,,,,,,,,,,,,,,,,,,,,,,,,,,,,,,,,,,,,,,,,,,,,,,,,,,,,,,,,,,,,,,,,,,,,,,,,,,,,,,,,,,,,,,,,,,,,,,,,,,,,,,,,,,,,,,,,,,,,,,,,,,,,,,,,,,,,,,,,,,,,K League 1,0IDCJLlH
A1EKK7W1,SOUTH KOREA,2022,SOUTH KOREA 1,SOUTH KOREA 1,13/09/2022,10:30,Round 32,Jeju SK,vFZJewv4,Daegu,SrMQkOnI,False,2,2,,,,,,"[22, 46]","[59, 68]",bet365,2.5,2.2,4.33,bet365,2.2,2.5,3.75,bet365,1.9,3.5,3.8,bet365,1.36,3.0,bet365,2.75,1.4,bet365,7.0,1.1,bet365,1.22,4.0,bet365,2.0,1.72,bet365,4.33,1.2,bet365,1.05,11.0,bet365,1.25,3.75,bet365,1.9,1.95,bet365,3.25,1.33,bet365,6.5,1.11,bet365,1.72,2.0,bet365,4.5,1.18,bet365,3.25,1.33,bet365,1.25,1.28,1.8,bet365,1.2,1.61,1.5,Betano.br,1.25,1.47,1.6,bet365,1.4,2.75,Betano.br,1.47,2.5,Betano.br,1.47,2.55,bet365,3.1,13.0,34.0,5.0,5.5,8.5,23.0,15.0,6.5,bet365,1.95,1.9,bet365,2.1,1.72,bet365,1.9,1.8,bet365,11.0,bet365,8.0,bet365,12.0,bet365,6.5,bet365,9.5,bet365,21.0,bet365,8.5,bet365,13.0,bet365,15.0,bet365,17.0,bet365,41.0,bet365,15.0,bet365,29.0,bet365,23.0,bet365,34.0,bet365,7.0,1.1,bet365,6.4,1.11,bet365,3.45,1.3,bet365,2.67,1.45,bet365,1.93,1.93,bet365,1.26,3.7,bet365,1.11,6.6,bet365,1.1,7.0,,0.0,0.0,,0.0,0.0,Betano.br,17.0,9.5,40.0,Betano.br,7.6,5.6,23.0,bet365,3.25,3.75,0.0,bet365,0.0,0.0,1.8,Betano.br,1.08,10.25,1.32,Betano.br,1.02,16.5,1.1,,,,,,,,,,,0.57,0.43,,,,,,,,,,,11.0,17.0,5.0,6.0,6.0,11.0,,,,,,,,,,,,,2.0,3.0,13.0,16.0,20.0,17.0,12.0,15.0,2.0,3.0,1.0,0.0,1.0,1.0,4.0,3.0,,,,,,,,,,,,,,,,,,,,,,,0.55,0.45,,,,,,,,,,,3.0,6.0,2.0,0.0,1.0,6.0,,,,,,,,,,,,,1.0,1.0,8.0,7.0,11.0,7.0,6.0,8.0,0.0,1.0,,,1.0,0.0,0.0,1.0,,,,,,,,,,,,,,,,,,,,,,,0.59,0.41,,,,,,,,,,,8.0,11.0,3.0,6.0,5.0,5.0,,,,,,,,,,,,,1.0,2.0,5.0,9.0,9.0,10.0,6.0,7.0,2.0,2.0,1.0,0.0,0.0,1.0,4.0,2.0,,,,,,,,,,,,,K League 1,0IDCJLlH
82NPKSjL,SOUTH KOREA,2022,SOUTH KOREA 1,SOUTH KOREA 1,09/10/2022,05:00,Round 35,Suwon Bluewings,v5I5PanH,Seoul,8tzeYeHp,False,0,0,,,,,,[],[],bet365,3.25,2.1,3.25,bet365,2.87,2.4,2.87,bet365,2.6,3.3,2.6,bet365,1.4,2.75,bet365,3.0,1.36,bet365,8.0,1.08,bet365,1.22,4.0,bet365,2.1,1.66,bet365,4.5,1.18,bet365,1.06,10.0,bet365,1.3,3.4,bet365,2.05,1.8,bet365,3.5,1.28,bet365,7.0,1.1,bet365,1.72,2.0,bet365,4.5,1.18,bet365,3.25,1.33,bet365,1.5,1.33,1.5,bet365,1.33,1.61,1.36,Betano.br,1.38,1.5,1.39,bet365,1.83,1.83,Betano.br,1.83,1.88,Betano.br,1.85,1.88,bet365,4.33,15.0,29.0,6.0,5.0,6.0,29.0,15.0,4.33,bet365,1.95,1.9,bet365,2.1,1.72,bet365,1.9,1.8,bet365,10.0,bet365,9.0,bet365,9.0,bet365,6.5,bet365,13.0,bet365,13.0,bet365,10.0,bet365,10.0,bet365,13.0,bet365,26.0,bet365,26.0,bet365,21.0,bet365,21.0,bet365,29.0,bet365,29.0,,0.0,0.0,,0.0,0.0,bet365,5.5,1.15,bet365,4.25,1.21,bet365,2.5,1.5,bet365,1.48,2.6,bet365,1.19,4.5,bet365,1.14,5.75,,0.0,0.0,,0.0,0.0,Betano.br,27.0,13.0,28.0,Betano.br,13.0,7.3,13.5,bet365,5.0,4.33,5.0,bet365,1.5,4.33,1.5,Betano.br,1.16,7.5,1.17,Betano.br,1.04,13.0,1.05,,,,,,,,,,,0.36,0.64,,,,,,,,,,,5.0,8.0,3.0,3.0,2.0,5.0,,,,,,,,,,,,,4.0,4.0,15.0,10.0,24.0,32.0,9.0,14.0,4.0,2.0,1.0,0.0,1.0,1.0,3.0,3.0,,,,,,,,,,,,,,,,,,,,,,,0.45,0.55,,,,,,,,,,,2.0,2.0,1.0,1.0,1.0,1.0,,,,,,,,,,,,,3.0,1.0,8.0,2.0,12.0,15.0,1.0,8.0,0.0,1.0,,,1.0,0.0,1.0,1.0,,,,,,,,,,,,,,,,,,,,,,,0.27,0.73,,,,,,,,,,,3.0,6.0,2.0,2.0,1.0,4.0,,,,,,,,,,,,,1.0,3.0,7.0,8.0,12.0,17.0,8.0,6.0,4.0,1.0,1.0,0.0,0.0,1.0,2.0,2.0,,,,,,,,,,,,,K League 1,0IDCJLlH
SxooyTGr,SOUTH KOREA,2022,SOUTH KOREA 1,SOUTH KOREA 1,18/09/2022,06:00,Round 33,Ulsan HD,EVEwgyOM,Suwon FC,6sXCYRPI,False,2,0,,,,,,"[11, 67]",[],bet365,2.25,2.3,4.75,bet365,2.0,2.62,4.33,bet365,1.65,3.75,4.33,bet365,1.33,3.25,bet365,2.62,1.44,bet365,6.5,1.11,bet365,1.18,4.5,bet365,1.83,1.83,bet365,4.0,1.22,bet365,1.04,13.0,bet365,1.22,4.0,bet365,1.72,2.07,bet365,2.75,1.4,bet365,5.5,1.14,bet365,1.72,2.0,bet365,4.33,1.2,bet365,3.25,1.33,bet365,1.18,1.22,2.1,bet365,1.16,1.57,1.57,Betano.br,1.22,1.42,1.7,bet365,1.3,3.4,Betano.br,1.38,2.82,Betano.br,1.38,2.87,bet365,2.62,15.0,34.0,4.75,6.0,10.0,21.0,15.0,7.5,bet365,1.95,1.9,bet365,2.1,1.72,bet365,1.9,1.8,bet365,13.0,bet365,8.0,bet365,15.0,bet365,7.5,bet365,8.5,bet365,23.0,bet365,8.5,bet365,15.0,bet365,15.0,bet365,13.0,bet365,51.0,bet365,13.0,bet365,34.0,bet365,23.0,bet365,34.0,bet365,5.75,1.14,bet365,4.8,1.18,bet365,2.85,1.4,bet365,2.2,1.65,bet365,1.7,2.1,bet365,1.22,4.15,,0.0,0.0,,0.0,0.0,,0.0,0.0,,0.0,0.0,Betano.br,12.5,8.25,40.0,Betano.br,5.9,5.1,27.0,bet365,2.75,3.6,0.0,bet365,0.0,0.0,2.1,Betano.br,1.06,11.5,1.42,Betano.br,1.01,17.5,1.15,,,,,,,,,,,0.55,0.45,,,,,,,,,,,16.0,7.0,11.0,3.0,5.0,4.0,,,,,,,,,,,,,7.0,4.0,16.0,19.0,15.0,15.0,14.0,14.0,3.0,2.0,,,5.0,2.0,3.0,9.0,,,,,,,,,,,,,,,,,,,,,,,0.54,0.46,,,,,,,,,,,7.0,4.0,5.0,2.0,2.0,2.0,,,,,,,,,,,,,1.0,3.0,10.0,8.0,7.0,7.0,6.0,10.0,0.0,2.0,,,2.0,0.0,2.0,4.0,,,,,,,,,,,,,,,,,,,,,,,0.56,0.44,,,,,,,,,,,9.0,3.0,6.0,1.0,3.0,2.0,,,,,,,,,,,,,6.0,1.0,6.0,11.0,8.0,8.0,8.0,4.0,3.0,0.0,,,3.0,2.0,1.0,5.0,,,,,,,,,,,,,K League 1,0IDCJLlH
0IezABx3,SOUTH KOREA,2022,SOUTH KOREA 1,SOUTH KOREA 1,11/10/2022,06:00,Round 36,Pohang,KIIIipI5,Ulsan HD,EVEwgyOM,False,1,1,,,,,,[80],[40],bet365,3.75,2.1,3.0,bet365,3.2,2.37,2.6,bet365,3.0,3.4,2.3,bet365,1.44,2.62,bet365,3.25,1.33,bet365,9.0,1.07,bet365,1.25,3.75,bet365,2.2,1.61,bet365,5.0,1.16,bet365,1.06,10.0,bet365,1.36,3.0,bet365,2.1,1.7,bet365,3.75,1.25,bet365,8.0,1.08,bet365,1.83,1.83,bet365,5.0,1.16,bet365,3.5,1.28,bet365,1.57,1.3,1.36,bet365,1.36,1.66,1.28,Betano.br,1.45,1.52,1.32,bet365,2.2,1.61,Betano.br,2.05,1.7,Betano.br,2.07,1.7,bet365,5.0,15.0,26.0,7.0,5.0,5.5,29.0,15.0,3.75,bet365,1.95,1.9,bet365,2.1,1.72,bet365,2.0,1.72,bet365,9.5,bet365,9.0,bet365,7.5,bet365,6.5,bet365,15.0,bet365,11.0,bet365,11.0,bet365,9.5,bet365,15.0,bet365,34.0,bet365,21.0,bet365,26.0,bet365,19.0,bet365,34.0,bet365,29.0,,0.0,0.0,,0.0,0.0,bet365,6.6,1.11,bet365,5.75,1.14,bet365,2.85,1.4,bet365,1.6,2.3,bet365,1.26,3.7,bet365,1.19,4.5,,0.0,0.0,,0.0,0.0,Betano.br,35.0,15.0,25.0,Betano.br,17.5,8.75,11.5,bet365,0.0,0.0,4.33,bet365,1.57,3.75,0.0,Betano.br,1.2,6.7,1.11,Betano.br,1.06,12.0,1.03,,,,,,,,,,,0.63,0.37,,,,,,,,,,,9.0,4.0,5.0,2.0,4.0,2.0,,,,,,,,,,,,,10.0,2.0,8.0,7.0,27.0,20.0,4.0,7.0,1.0,4.0,,,2.0,0.0,1.0,4.0,,,,,,,,,,,,,,,,,,,,,,,0.55,0.45,,,,,,,,,,,2.0,4.0,1.0,2.0,1.0,2.0,,,,,,,,,,,,,1.0,1.0,3.0,4.0,11.0,9.0,2.0,3.0,1.0,0.0,,,2.0,0.0,1.0,1.0,,,,,,,,,,,,,,,,,,,,,,,0.71,0.29,,,,,,,,,,,7.0,0.0,4.0,0.0,3.0,0.0,,,,,,,,,,,,,9.0,1.0,5.0,3.0,16.0,11.0,2.0,4.0,0.0,4.0,,,0.0,0.0,0.0,3.0,,,,,,,,,,,,,K League 1,0IDCJLlH
0024Dpqe,SOUTH KOREA,2022,SOUTH KOREA 1,SOUTH KOREA 1,12/10/2022,10:30,Round 36,Seoul,8tzeYeHp,Gimcheon Sangmu,IaoBca9i,False,1,1,,,,,,[2],[62],bet365,2.87,2.1,3.75,bet365,2.5,2.4,3.25,bet365,2.15,3.3,3.2,bet365,1.4,2.75,bet365,3.0,1.36,bet365,8.0,1.08,bet365,1.22,4.0,bet365,2.1,1.66,bet365,4.5,1.18,bet365,1.05,11.0,bet365,1.28,3.5,bet365,1.98,1.88,bet365,3.4,1.3,bet365,6.5,1.11,bet365,1.72,2.0,bet365,4.5,1.18,bet365,3.4,1.3,bet365,1.36,1.33,1.66,bet365,1.25,1.66,1.4,Betano.br,1.29,1.5,1.5,bet365,1.57,2.25,Betano.br,1.62,2.15,Betano.br,1.6,2.25,bet365,3.6,13.0,29.0,5.5,5.0,7.0,26.0,15.0,5.5,bet365,1.95,1.9,bet365,2.1,1.72,bet365,1.9,1.8,bet365,10.0,bet365,8.0,bet365,10.0,bet365,6.5,bet365,11.0,bet365,17.0,bet365,9.0,bet365,12.0,bet365,13.0,bet365,21.0,bet365,34.0,bet365,17.0,bet365,26.0,bet365,26.0,bet365,34.0,,0.0,0.0,bet365,7.0,1.1,bet365,4.15,1.22,bet365,3.3,1.32,bet365,2.15,1.68,bet365,1.35,3.1,bet365,1.13,5.9,bet365,1.1,7.0,,0.0,0.0,,0.0,0.0,Betano.br,22.0,11.0,35.0,Betano.br,10.0,6.3,18.5,bet365,4.0,3.75,0.0,bet365,0.0,0.0,1.66,Betano.br,1.11,9.0,1.24,Betano.br,1.03,15.0,1.07,,,,,,,,,,,0.35,0.65,,,,,,,,,,,9.0,11.0,5.0,6.0,4.0,5.0,,,,,,,,,,,,,3.0,3.0,12.0,11.0,18.0,25.0,8.0,9.0,,,,,3.0,3.0,5.0,4.0,,,,,,,,,,,,,,,,,,,,,,,0.46,0.54,,,,,,,,,,,4.0,5.0,3.0,1.0,1.0,4.0,,,,,,,,,,,,,2.0,1.0,7.0,5.0,10.0,14.0,3.0,4.0,,,,,2.0,3.0,1.0,2.0,,,,,,,,,,,,,,,,,,,,,,,0.24,0.76,,,,,,,,,,,5.0,6.0,2.0,5.0,3.0,1.0,,,,,,,,,,,,,1.0,2.0,5.0,6.0,8.0,11.0,5.0,5.0,,,,,1.0,0.0,4.0,2.0,,,,,,,,,,,,,K League 1,0IDCJLlH
0lAwKzti,SOUTH KOREA,2022,SOUTH KOREA 1,SOUTH KOREA 1,02/09/2022,10:00,Round 29,Suwon FC,6sXCYRPI,Jeju SK,vFZJewv4,False,2,2,,,,,,[],[],,0.0,0.0,0.0,,0.0,0.0,0.0,,0.0,0.0,0.0,,0.0,0.0,,0.0,0.0,,0.0,0.0,,0.0,0.0,,0.0,0.0,,0.0,0.0,,0.0,0.0,,0.0,0.0,,0.0,0.0,,0.0,0.0,,0.0,0.0,,0.0,0.0,,0.0,0.0,,0.0,0.0,,0.0,0.0,0.0,,0.0,0.0,0.0,,0.0,0.0,0.0,,0.0,0.0,,0.0,0.0,,0.0,0.0,,0.0,0.0,0.0,0.0,0.0,0.0,0.0,0.0,0.0,,0.0,0.0,,0.0,0.0,,0.0,0.0,,0.0,,0.0,,0.0,,0.0,,0.0,,0.0,,0.0,,0.0,,0.0,,0.0,,0.0,,0.0,,0.0,,0.0,,0.0,,0.0,0.0,,0.0,0.0,,0.0,0.0,,0.0,0.0,,0.0,0.0,,0.0,0.0,,0.0,0.0,,0.0,0.0,,0.0,0.0,,0.0,0.0,,0.0,0.0,0.0,,0.0,0.0,0.0,,0.0,0.0,0.0,,0.0,0.0,0.0,,0.0,0.0,0.0,,0.0,0.0,0.0,,,,,,,,,,,,,,,,,,,,,,,,,,,,,,,,,,,,,,,,,,,,,,,,,,,,,,,,,,,,,,,,,,,,,,,,,,,,,,,,,,,,,,,,,,,,,,,,,,,,,,,,,,,,,,,,,,,,,,,,,,,,,,,,,,,,,,,,,,,,,,,,,,,,,,,,,,,,,,,,,,,,,,,,,,,,,,,,,,,,,,,,,,,,,,,,,,,,,,,,,,,,,K League 1,0IDCJLlH
2iu61mEl,SOUTH KOREA,2022,SOUTH KOREA 1,SOUTH KOREA 1,28/08/2022,10:00,Round 23,Daegu,SrMQkOnI,Gimcheon Sangmu,IaoBca9i,False,0,0,,,,,,[],[],,0.0,0.0,0.0,,0.0,0.0,0.0,,0.0,0.0,0.0,,0.0,0.0,,0.0,0.0,,0.0,0.0,,0.0,0.0,,0.0,0.0,,0.0,0.0,,0.0,0.0,,0.0,0.0,,0.0,0.0,,0.0,0.0,,0.0,0.0,,0.0,0.0,,0.0,0.0,,0.0,0.0,,0.0,0.0,0.0,,0.0,0.0,0.0,,0.0,0.0,0.0,,0.0,0.0,,0.0,0.0,,0.0,0.0,,0.0,0.0,0.0,0.0,0.0,0.0,0.0,0.0,0.0,,0.0,0.0,,0.0,0.0,,0.0,0.0,,0.0,,0.0,,0.0,,0.0,,0.0,,0.0,,0.0,,0.0,,0.0,,0.0,,0.0,,0.0,,0.0,,0.0,,0.0,,0.0,0.0,,0.0,0.0,,0.0,0.0,,0.0,0.0,,0.0,0.0,,0.0,0.0,,0.0,0.0,,0.0,0.0,,0.0,0.0,,0.0,0.0,,0.0,0.0,0.0,,0.0,0.0,0.0,,0.0,0.0,0.0,,0.0,0.0,0.0,,0.0,0.0,0.0,,0.0,0.0,0.0,,,,,,,,,,,,,,,,,,,,,,,,,,,,,,,,,,,,,,,,,,,,,,,,,,,,,,,,,,,,,,,,,,,,,,,,,,,,,,,,,,,,,,,,,,,,,,,,,,,,,,,,,,,,,,,,,,,,,,,,,,,,,,,,,,,,,,,,,,,,,,,,,,,,,,,,,,,,,,,,,,,,,,,,,,,,,,,,,,,,,,,,,,,,,,,,,,,,,,,,,,,,,K League 1,0IDCJLlH
htYIbob7,SOUTH KOREA,2022,SOUTH KOREA 1,SOUTH KOREA 1,28/08/2022,10:00,Round 23,Seongnam,WMiRgH8G,Suwon FC,6sXCYRPI,False,2,1,,,,,,[],[],,0.0,0.0,0.0,,0.0,0.0,0.0,,0.0,0.0,0.0,,0.0,0.0,,0.0,0.0,,0.0,0.0,,0.0,0.0,,0.0,0.0,,0.0,0.0,,0.0,0.0,,0.0,0.0,,0.0,0.0,,0.0,0.0,,0.0,0.0,,0.0,0.0,,0.0,0.0,,0.0,0.0,,0.0,0.0,0.0,,0.0,0.0,0.0,,0.0,0.0,0.0,,0.0,0.0,,0.0,0.0,,0.0,0.0,,0.0,0.0,0.0,0.0,0.0,0.0,0.0,0.0,0.0,,0.0,0.0,,0.0,0.0,,0.0,0.0,,0.0,,0.0,,0.0,,0.0,,0.0,,0.0,,0.0,,0.0,,0.0,,0.0,,0.0,,0.0,,0.0,,0.0,,0.0,,0.0,0.0,,0.0,0.0,,0.0,0.0,,0.0,0.0,,0.0,0.0,,0.0,0.0,,0.0,0.0,,0.0,0.0,,0.0,0.0,,0.0,0.0,,0.0,0.0,0.0,,0.0,0.0,0.0,,0.0,0.0,0.0,,0.0,0.0,0.0,,0.0,0.0,0.0,,0.0,0.0,0.0,,,,,,,,,,,,,,,,,,,,,,,,,,,,,,,,,,,,,,,,,,,,,,,,,,,,,,,,,,,,,,,,,,,,,,,,,,,,,,,,,,,,,,,,,,,,,,,,,,,,,,,,,,,,,,,,,,,,,,,,,,,,,,,,,,,,,,,,,,,,,,,,,,,,,,,,,,,,,,,,,,,,,,,,,,,,,,,,,,,,,,,,,,,,,,,,,,,,,,,,,,,,,K League 1,0IDCJLlH
O422qi92,SOUTH KOREA,2022,SOUTH KOREA 1,SOUTH KOREA 1,13/09/2022,10:30,Round 32,Seoul,8tzeYeHp,Gangwon,A144gewT,False,1,0,,,,,,[74],[],bet365,2.75,2.2,3.75,bet365,2.37,2.5,3.4,bet365,2.05,3.5,3.3,bet365,1.36,3.0,bet365,2.75,1.4,bet365,7.0,1.1,bet365,1.22,4.0,bet365,2.0,1.72,bet365,4.33,1.2,bet365,1.05,11.0,bet365,1.28,3.5,bet365,1.98,1.88,bet365,3.4,1.3,bet365,6.5,1.11,bet365,1.72,2.0,bet365,4.5,1.18,bet365,3.25,1.33,bet365,1.33,1.28,1.72,bet365,1.25,1.61,1.4,Betano.br,1.31,1.5,1.47,bet365,1.53,2.37,Betano.br,1.57,2.25,Betano.br,1.62,2.2,bet365,3.4,13.0,29.0,5.5,5.5,7.5,23.0,15.0,5.5,bet365,1.95,1.9,bet365,2.1,1.72,bet365,1.9,1.8,bet365,11.0,bet365,8.0,bet365,11.0,bet365,7.0,bet365,10.0,bet365,17.0,bet365,9.0,bet365,12.0,bet365,13.0,bet365,19.0,bet365,34.0,bet365,17.0,bet365,26.0,bet365,26.0,bet365,34.0,,0.0,0.0,bet365,7.0,1.1,bet365,3.9,1.24,bet365,3.1,1.35,bet365,2.05,1.75,bet365,1.32,3.3,bet365,1.12,6.25,bet365,1.1,7.0,,0.0,0.0,,0.0,0.0,Betano.br,20.0,10.75,37.0,Betano.br,9.0,6.2,19.5,bet365,3.75,3.75,0.0,bet365,0.0,0.0,1.72,Betano.br,1.1,9.0,1.25,Betano.br,1.03,15.5,1.08,,,,,,,,,,,0.64,0.36,,,,,,,,,,,13.0,5.0,3.0,2.0,10.0,3.0,,,,,,,,,,,,,4.0,3.0,8.0,10.0,26.0,20.0,6.0,9.0,3.0,1.0,,,2.0,1.0,2.0,2.0,,,,,,,,,,,,,,,,,,,,,,,0.56,0.44,,,,,,,,,,,8.0,2.0,2.0,1.0,6.0,1.0,,,,,,,,,,,,,1.0,0.0,5.0,4.0,17.0,9.0,2.0,4.0,,,,,2.0,1.0,1.0,2.0,,,,,,,,,,,,,,,,,,,,,,,0.72,0.28,,,,,,,,,,,5.0,3.0,1.0,1.0,4.0,2.0,,,,,,,,,,,,,3.0,3.0,3.0,6.0,9.0,11.0,4.0,5.0,3.0,1.0,,,0.0,0.0,1.0,0.0,,,,,,,,,,,,,K League 1,0IDCJLlH
UXadYoLK,SOUTH KOREA,2022,SOUTH KOREA 1,SOUTH KOREA 1,22/10/2022,06:00,Round 38,Suwon FC,6sXCYRPI,Seoul,8tzeYeHp,False,0,2,,,,,,[],"[26, 89]",bet365,3.6,2.25,2.75,bet365,3.1,2.6,2.5,bet365,3.1,3.4,2.15,bet365,1.33,3.25,bet365,2.62,1.44,bet365,6.5,1.11,bet365,1.18,4.5,bet365,1.83,1.83,bet365,3.75,1.25,bet365,1.04,13.0,bet365,1.2,4.33,bet365,1.7,2.1,bet365,2.62,1.44,bet365,5.0,1.16,bet365,1.57,2.25,bet365,4.0,1.22,bet365,2.75,1.4,bet365,1.66,1.3,1.36,bet365,1.4,1.57,1.28,Betano.br,1.5,1.45,1.33,bet365,2.25,1.57,Betano.br,2.1,1.65,Betano.br,2.15,1.65,bet365,5.0,13.0,23.0,7.0,6.0,5.5,26.0,13.0,3.5,bet365,1.95,1.9,bet365,2.1,1.72,bet365,1.9,1.8,bet365,13.0,bet365,12.0,bet365,9.5,bet365,6.5,bet365,17.0,bet365,12.0,bet365,12.0,bet365,9.0,bet365,12.0,bet365,34.0,bet365,21.0,bet365,23.0,bet365,17.0,bet365,29.0,bet365,23.0,,0.0,0.0,,0.0,0.0,bet365,6.4,1.11,bet365,5.75,1.14,bet365,3.1,1.35,bet365,1.68,2.15,bet365,1.32,3.3,bet365,1.24,3.9,,0.0,0.0,,0.0,0.0,Betano.br,30.0,14.5,20.0,Betano.br,16.0,8.5,9.25,bet365,0.0,0.0,4.0,bet365,1.66,4.0,0.0,Betano.br,1.25,6.3,1.12,Betano.br,1.08,11.0,1.03,,,,,,,,,,,0.55,0.45,,,,,,,,,,,10.0,8.0,5.0,6.0,5.0,2.0,,,,,,,,,,,,,5.0,3.0,15.0,10.0,24.0,23.0,9.0,13.0,0.0,2.0,,,1.0,2.0,4.0,5.0,,,,,,,,,,,,,,,,,,,,,,,0.52,0.48,,,,,,,,,,,4.0,5.0,2.0,3.0,2.0,2.0,,,,,,,,,,,,,3.0,2.0,6.0,6.0,15.0,8.0,6.0,5.0,,,,,0.0,1.0,2.0,2.0,,,,,,,,,,,,,,,,,,,,,,,0.58,0.42,,,,,,,,,,,6.0,3.0,3.0,3.0,3.0,0.0,,,,,,,,,,,,,2.0,1.0,9.0,4.0,9.0,15.0,3.0,8.0,0.0,2.0,,,1.0,1.0,2.0,3.0,,,,,,,,,,,,,K League 1,0IDCJLlH
AJTLWDPd,SOUTH KOREA,2022,SOUTH KOREA 1,SOUTH KOREA 1,07/09/2022,10:30,Round 30,Ulsan HD,EVEwgyOM,Suwon Bluewings,v5I5PanH,False,1,0,,,,,,[25],[],bet365,2.2,2.25,5.5,bet365,1.95,2.6,4.75,bet365,1.61,3.8,5.25,bet365,1.36,3.0,bet365,2.62,1.44,bet365,7.0,1.1,bet365,1.22,4.0,bet365,2.0,1.72,bet365,4.33,1.2,bet365,1.04,13.0,bet365,1.25,3.75,bet365,1.88,1.98,bet365,3.25,1.33,bet365,6.0,1.12,bet365,1.83,1.83,bet365,5.0,1.16,bet365,3.4,1.3,bet365,1.16,1.25,2.2,bet365,1.12,1.57,1.61,Betano.br,1.2,1.42,1.75,bet365,1.25,3.75,Betano.br,1.36,2.9,Betano.br,1.34,3.1,bet365,2.6,15.0,41.0,4.5,6.0,10.0,21.0,17.0,8.5,bet365,1.95,1.9,bet365,2.1,1.72,bet365,1.9,1.8,bet365,11.0,bet365,7.0,bet365,13.0,bet365,7.5,bet365,8.0,bet365,26.0,bet365,8.5,bet365,17.0,bet365,17.0,bet365,12.0,bet365,51.0,bet365,13.0,bet365,41.0,bet365,26.0,bet365,41.0,bet365,5.75,1.14,bet365,4.65,1.18,bet365,2.75,1.43,bet365,2.15,1.68,bet365,1.65,2.2,bet365,1.19,4.5,,0.0,0.0,,0.0,0.0,,0.0,0.0,,0.0,0.0,Betano.br,12.0,7.9,0.0,Betano.br,5.5,4.9,27.0,bet365,2.62,3.6,0.0,bet365,0.0,0.0,2.2,Betano.br,1.05,11.75,1.47,Betano.br,0.0,0.0,1.16,,,,,,,,,,,0.66,0.34,,,,,,,,,,,10.0,4.0,5.0,0.0,5.0,4.0,,,,,,,,,,,,,3.0,4.0,15.0,8.0,25.0,26.0,8.0,14.0,1.0,1.0,,,0.0,1.0,0.0,4.0,,,,,,,,,,,,,,,,,,,,,,,0.63,0.37,,,,,,,,,,,6.0,0.0,5.0,0.0,1.0,0.0,,,,,,,,,,,,,2.0,0.0,6.0,3.0,14.0,11.0,3.0,6.0,1.0,0.0,,,0.0,0.0,0.0,4.0,,,,,,,,,,,,,,,,,,,,,,,0.69,0.31,,,,,,,,,,,4.0,4.0,0.0,0.0,4.0,4.0,,,,,,,,,,,,,1.0,4.0,9.0,5.0,11.0,15.0,5.0,8.0,0.0,1.0,,,0.0,1.0,0.0,0.0,,,,,,,,,,,,,K League 1,0IDCJLlH
rXRTUif9,SOUTH KOREA,2022,SOUTH KOREA 1,SOUTH KOREA 1,10/09/2022,05:00,Round 31,Daegu,SrMQkOnI,Jeonbuk,x0hNfcgA,False,0,5,,,,,,[],"[11, 43, 52, 63, 67]",bet365,3.75,2.2,2.87,bet365,3.25,2.5,2.5,bet365,3.2,3.5,2.15,bet365,1.4,2.75,bet365,2.75,1.4,bet365,8.0,1.08,bet365,1.22,4.0,bet365,2.1,1.66,bet365,4.5,1.18,bet365,1.05,11.0,bet365,1.28,3.5,bet365,1.95,1.9,bet365,3.25,1.33,bet365,6.5,1.11,bet365,1.72,2.0,bet365,4.5,1.18,bet365,3.25,1.33,bet365,1.66,1.28,1.36,bet365,1.4,1.61,1.25,Betano.br,1.55,1.47,1.28,bet365,2.25,1.57,Betano.br,2.22,1.6,Betano.br,2.32,1.57,bet365,5.5,15.0,23.0,7.0,5.5,5.5,29.0,13.0,3.6,bet365,1.95,1.9,bet365,2.1,1.72,bet365,1.9,1.8,bet365,11.0,bet365,10.0,bet365,8.0,bet365,6.5,bet365,17.0,bet365,11.0,bet365,11.0,bet365,9.0,bet365,15.0,bet365,34.0,bet365,21.0,bet365,26.0,bet365,17.0,bet365,34.0,bet365,26.0,,0.0,0.0,,0.0,0.0,bet365,6.8,1.1,bet365,5.9,1.13,bet365,3.1,1.35,bet365,1.68,2.15,bet365,1.32,3.3,bet365,1.23,4.1,bet365,1.1,6.8,,0.0,0.0,Betano.br,35.0,15.0,20.0,Betano.br,18.5,9.0,8.75,bet365,0.0,0.0,4.0,bet365,1.66,3.75,0.0,Betano.br,1.27,6.0,1.1,Betano.br,1.08,10.5,1.03,,,,,,,,,,,0.45,0.55,,,,,,,,,,,17.0,16.0,3.0,9.0,14.0,7.0,,,,,,,,,,,,,3.0,4.0,14.0,13.0,15.0,24.0,13.0,12.0,2.0,1.0,,,0.0,2.0,4.0,3.0,,,,,,,,,,,,,,,,,,,,,,,0.43,0.57,,,,,,,,,,,6.0,8.0,1.0,4.0,5.0,4.0,,,,,,,,,,,,,1.0,1.0,7.0,9.0,3.0,8.0,9.0,5.0,2.0,1.0,,,0.0,2.0,2.0,1.0,,,,,,,,,,,,,,,,,,,,,,,0.47,0.53,,,,,,,,,,,11.0,8.0,2.0,5.0,9.0,3.0,,,,,,,,,,,,,2.0,3.0,7.0,4.0,12.0,16.0,4.0,7.0,,,,,0.0,0.0,2.0,2.0,,,,,,,,,,,,,K League 1,0IDCJLlH
vaLxTVOL,SOUTH KOREA,2022,SOUTH KOREA 1,SOUTH KOREA 1,10/09/2022,07:30,Round 31,Seongnam,WMiRgH8G,Gangwon,A144gewT,False,0,4,,,,,,[],"[35, 66, 77, 85]",bet365,3.75,2.1,2.87,bet365,3.4,2.37,2.5,bet365,3.25,3.3,2.2,bet365,1.44,2.62,bet365,3.25,1.33,bet365,9.0,1.07,bet365,1.25,3.75,bet365,2.2,1.61,bet365,5.0,1.16,bet365,1.06,10.0,bet365,1.33,3.25,bet365,2.1,1.7,bet365,3.75,1.25,bet365,8.0,1.08,bet365,1.83,1.83,bet365,5.0,1.16,bet365,3.5,1.28,bet365,1.61,1.33,1.33,bet365,1.4,1.66,1.25,Betano.br,1.47,1.5,1.31,bet365,2.25,1.57,Betano.br,2.1,1.65,Betano.br,2.15,1.65,bet365,5.5,15.0,26.0,7.0,5.0,5.5,29.0,13.0,3.6,bet365,1.95,1.9,bet365,2.1,1.72,bet365,2.0,1.72,bet365,9.0,bet365,9.5,bet365,7.5,bet365,6.5,bet365,15.0,bet365,10.0,bet365,12.0,bet365,9.0,bet365,15.0,bet365,34.0,bet365,21.0,bet365,26.0,bet365,19.0,bet365,34.0,bet365,29.0,,0.0,0.0,,0.0,0.0,bet365,7.0,1.1,bet365,6.0,1.13,bet365,3.1,1.35,bet365,1.65,2.2,bet365,1.3,3.45,bet365,1.2,4.4,,0.0,0.0,,0.0,0.0,Betano.br,35.0,15.0,23.0,Betano.br,17.5,8.75,10.25,bet365,0.0,0.0,4.33,bet365,1.61,3.75,0.0,Betano.br,1.23,6.4,1.11,Betano.br,1.07,11.25,1.03,,,,,,,,,,,0.6,0.4,,,,,,,,,,,13.0,9.0,3.0,8.0,10.0,1.0,,,,,,,,,,,,,6.0,6.0,11.0,6.0,26.0,35.0,6.0,11.0,1.0,0.0,,,0.0,0.0,4.0,3.0,,,,,,,,,,,,,,,,,,,,,,,0.47,0.53,,,,,,,,,,,5.0,4.0,1.0,3.0,4.0,1.0,,,,,,,,,,,,,2.0,3.0,6.0,2.0,12.0,21.0,2.0,6.0,,,,,0.0,0.0,2.0,1.0,,,,,,,,,,,,,,,,,,,,,,,0.73,0.27,,,,,,,,,,,8.0,5.0,2.0,5.0,6.0,0.0,,,,,,,,,,,,,4.0,3.0,5.0,4.0,14.0,14.0,4.0,5.0,1.0,0.0,,,0.0,0.0,2.0,2.0,,,,,,,,,,,,,K League 1,0IDCJLlH
dSeDBOD7,SOUTH KOREA,2022,SOUTH KOREA 1,SOUTH KOREA 1,16/10/2022,05:00,Round 37,Suwon Bluewings,v5I5PanH,Suwon FC,6sXCYRPI,False,3,0,,,,,,"[26, 50, 90]",[],bet365,2.75,2.2,4.0,bet365,2.4,2.5,3.4,bet365,2.05,3.4,3.3,bet365,1.4,2.75,bet365,2.75,1.4,bet365,8.0,1.08,bet365,1.22,4.0,bet365,2.0,1.72,bet365,4.5,1.18,bet365,1.05,11.0,bet365,1.28,3.5,bet365,1.93,1.93,bet365,3.25,1.33,bet365,6.5,1.11,bet365,1.72,2.0,bet365,4.5,1.18,bet365,3.25,1.33,bet365,1.36,1.33,1.66,bet365,1.25,1.61,1.4,Betano.br,1.29,1.5,1.5,bet365,1.5,2.5,Betano.br,1.62,2.15,Betano.br,1.6,2.25,bet365,3.4,13.0,29.0,5.5,5.5,7.5,23.0,15.0,5.5,bet365,1.95,1.9,bet365,2.1,1.72,bet365,1.9,1.8,bet365,11.0,bet365,8.0,bet365,11.0,bet365,6.5,bet365,10.0,bet365,17.0,bet365,9.0,bet365,12.0,bet365,15.0,bet365,19.0,bet365,41.0,bet365,17.0,bet365,26.0,bet365,26.0,bet365,34.0,,0.0,0.0,,0.0,0.0,bet365,3.9,1.24,bet365,3.1,1.35,bet365,2.08,1.73,bet365,1.32,3.3,bet365,1.12,6.25,bet365,1.1,7.0,,0.0,0.0,,0.0,0.0,Betano.br,22.0,11.25,35.0,Betano.br,10.0,6.3,18.0,bet365,3.75,3.75,0.0,bet365,0.0,0.0,1.72,Betano.br,1.11,9.0,1.23,Betano.br,1.03,15.0,1.07,,,,,,,,,,,0.46,0.54,,,,,,,,,,,16.0,8.0,8.0,4.0,8.0,4.0,,,,,,,,,,,,,7.0,3.0,12.0,14.0,17.0,24.0,12.0,10.0,2.0,1.0,,,2.0,2.0,4.0,5.0,,,,,,,,,,,,,,,,,,,,,,,0.5,0.5,,,,,,,,,,,7.0,1.0,3.0,0.0,4.0,1.0,,,,,,,,,,,,,2.0,0.0,9.0,7.0,7.0,14.0,6.0,6.0,,,,,1.0,2.0,0.0,2.0,,,,,,,,,,,,,,,,,,,,,,,0.42,0.58,,,,,,,,,,,9.0,7.0,5.0,4.0,4.0,3.0,,,,,,,,,,,,,5.0,3.0,3.0,7.0,10.0,10.0,6.0,4.0,2.0,1.0,,,1.0,0.0,4.0,3.0,,,,,,,,,,,,,K League 1,0IDCJLlH
YyB5MljE,SOUTH KOREA,2022,SOUTH KOREA 1,SOUTH KOREA 1,20/08/2022,11:00,Round 24,Jeju SK,vFZJewv4,Suwon Bluewings,v5I5PanH,False,1,2,,,,,,[],[],,0.0,0.0,0.0,,0.0,0.0,0.0,,0.0,0.0,0.0,,0.0,0.0,,0.0,0.0,,0.0,0.0,,0.0,0.0,,0.0,0.0,,0.0,0.0,,0.0,0.0,,0.0,0.0,,0.0,0.0,,0.0,0.0,,0.0,0.0,,0.0,0.0,,0.0,0.0,,0.0,0.0,,0.0,0.0,0.0,,0.0,0.0,0.0,,0.0,0.0,0.0,,0.0,0.0,,0.0,0.0,,0.0,0.0,,0.0,0.0,0.0,0.0,0.0,0.0,0.0,0.0,0.0,,0.0,0.0,,0.0,0.0,,0.0,0.0,,0.0,,0.0,,0.0,,0.0,,0.0,,0.0,,0.0,,0.0,,0.0,,0.0,,0.0,,0.0,,0.0,,0.0,,0.0,,0.0,0.0,,0.0,0.0,,0.0,0.0,,0.0,0.0,,0.0,0.0,,0.0,0.0,,0.0,0.0,,0.0,0.0,,0.0,0.0,,0.0,0.0,,0.0,0.0,0.0,,0.0,0.0,0.0,,0.0,0.0,0.0,,0.0,0.0,0.0,,0.0,0.0,0.0,,0.0,0.0,0.0,,,,,,,,,,,,,,,,,,,,,,,,,,,,,,,,,,,,,,,,,,,,,,,,,,,,,,,,,,,,,,,,,,,,,,,,,,,,,,,,,,,,,,,,,,,,,,,,,,,,,,,,,,,,,,,,,,,,,,,,,,,,,,,,,,,,,,,,,,,,,,,,,,,,,,,,,,,,,,,,,,,,,,,,,,,,,,,,,,,,,,,,,,,,,,,,,,,,,,,,,,,,,K League 1,0IDCJLlH
xAglEQcf,SOUTH KOREA,2022,SOUTH KOREA 1,SOUTH KOREA 1,20/08/2022,09:00,Round 24,Pohang,KIIIipI5,Incheon,prJ1QuXA,False,1,1,,,,,,[],[],,0.0,0.0,0.0,,0.0,0.0,0.0,,0.0,0.0,0.0,,0.0,0.0,,0.0,0.0,,0.0,0.0,,0.0,0.0,,0.0,0.0,,0.0,0.0,,0.0,0.0,,0.0,0.0,,0.0,0.0,,0.0,0.0,,0.0,0.0,,0.0,0.0,,0.0,0.0,,0.0,0.0,,0.0,0.0,0.0,,0.0,0.0,0.0,,0.0,0.0,0.0,,0.0,0.0,,0.0,0.0,,0.0,0.0,,0.0,0.0,0.0,0.0,0.0,0.0,0.0,0.0,0.0,,0.0,0.0,,0.0,0.0,,0.0,0.0,,0.0,,0.0,,0.0,,0.0,,0.0,,0.0,,0.0,,0.0,,0.0,,0.0,,0.0,,0.0,,0.0,,0.0,,0.0,,0.0,0.0,,0.0,0.0,,0.0,0.0,,0.0,0.0,,0.0,0.0,,0.0,0.0,,0.0,0.0,,0.0,0.0,,0.0,0.0,,0.0,0.0,,0.0,0.0,0.0,,0.0,0.0,0.0,,0.0,0.0,0.0,,0.0,0.0,0.0,,0.0,0.0,0.0,,0.0,0.0,0.0,,,,,,,,,,,,,,,,,,,,,,,,,,,,,,,,,,,,,,,,,,,,,,,,,,,,,,,,,,,,,,,,,,,,,,,,,,,,,,,,,,,,,,,,,,,,,,,,,,,,,,,,,,,,,,,,,,,,,,,,,,,,,,,,,,,,,,,,,,,,,,,,,,,,,,,,,,,,,,,,,,,,,,,,,,,,,,,,,,,,,,,,,,,,,,,,,,,,,,,,,,,,,K League 1,0IDCJLlH
noMeei3j,SOUTH KOREA,2022,SOUTH KOREA 1,SOUTH KOREA 1,15/08/2022,10:00,Round 28,Gimcheon Sangmu,IaoBca9i,Seoul,8tzeYeHp,False,1,2,,,,,,[],[],,0.0,0.0,0.0,,0.0,0.0,0.0,,0.0,0.0,0.0,,0.0,0.0,,0.0,0.0,,0.0,0.0,,0.0,0.0,,0.0,0.0,,0.0,0.0,,0.0,0.0,,0.0,0.0,,0.0,0.0,,0.0,0.0,,0.0,0.0,,0.0,0.0,,0.0,0.0,,0.0,0.0,,0.0,0.0,0.0,,0.0,0.0,0.0,,0.0,0.0,0.0,,0.0,0.0,,0.0,0.0,,0.0,0.0,,0.0,0.0,0.0,0.0,0.0,0.0,0.0,0.0,0.0,,0.0,0.0,,0.0,0.0,,0.0,0.0,,0.0,,0.0,,0.0,,0.0,,0.0,,0.0,,0.0,,0.0,,0.0,,0.0,,0.0,,0.0,,0.0,,0.0,,0.0,,0.0,0.0,,0.0,0.0,,0.0,0.0,,0.0,0.0,,0.0,0.0,,0.0,0.0,,0.0,0.0,,0.0,0.0,,0.0,0.0,,0.0,0.0,,0.0,0.0,0.0,,0.0,0.0,0.0,,0.0,0.0,0.0,,0.0,0.0,0.0,,0.0,0.0,0.0,,0.0,0.0,0.0,,,,,,,,,,,,,,,,,,,,,,,,,,,,,,,,,,,,,,,,,,,,,,,,,,,,,,,,,,,,,,,,,,,,,,,,,,,,,,,,,,,,,,,,,,,,,,,,,,,,,,,,,,,,,,,,,,,,,,,,,,,,,,,,,,,,,,,,,,,,,,,,,,,,,,,,,,,,,,,,,,,,,,,,,,,,,,,,,,,,,,,,,,,,,,,,,,,,,,,,,,,,,K League 1,0IDCJLlH
MXqq8k7F,SOUTH KOREA,2022,SOUTH KOREA 1,SOUTH KOREA 1,11/10/2022,10:30,Round 36,Incheon,prJ1QuXA,Jeju SK,vFZJewv4,False,3,1,,,,,,"[27, 50, 58]",[60],bet365,4.0,2.05,2.87,bet365,3.5,2.37,2.5,bet365,3.6,3.1,2.1,bet365,1.44,2.62,bet365,3.25,1.33,bet365,9.0,1.07,bet365,1.28,3.5,bet365,2.25,1.57,bet365,5.5,1.14,bet365,1.07,8.5,bet365,1.33,3.25,bet365,2.1,1.7,bet365,3.75,1.25,bet365,8.0,1.08,bet365,1.83,1.83,bet365,5.5,1.14,bet365,3.5,1.28,bet365,1.66,1.36,1.28,bet365,1.4,1.72,1.22,Betano.br,1.5,1.53,1.27,bet365,2.5,1.5,Betano.br,2.25,1.57,Betano.br,2.3,1.57,bet365,5.5,15.0,26.0,7.5,4.75,5.0,34.0,13.0,3.5,bet365,1.95,1.9,bet365,2.1,1.72,bet365,2.0,1.72,bet365,8.5,bet365,10.0,bet365,7.0,bet365,6.0,bet365,17.0,bet365,10.0,bet365,13.0,bet365,9.0,bet365,15.0,bet365,41.0,bet365,19.0,bet365,29.0,bet365,19.0,bet365,41.0,bet365,29.0,,0.0,0.0,,0.0,0.0,bet365,7.0,1.1,bet365,6.8,1.1,bet365,3.45,1.3,bet365,1.7,2.1,bet365,1.32,3.3,bet365,1.22,4.15,,0.0,0.0,,0.0,0.0,Betano.br,40.0,16.0,24.0,Betano.br,22.0,9.5,10.5,bet365,0.0,0.0,4.0,bet365,1.66,3.75,0.0,Betano.br,1.23,6.2,1.09,Betano.br,1.06,11.25,1.02,,,,,,,,,,,0.39,0.61,,,,,,,,,,,14.0,12.0,4.0,7.0,10.0,5.0,,,,,,,,,,,,,1.0,6.0,10.0,13.0,21.0,22.0,13.0,10.0,0.0,2.0,,,0.0,0.0,6.0,1.0,,,,,,,,,,,,,,,,,,,,,,,0.48,0.52,,,,,,,,,,,6.0,3.0,2.0,2.0,4.0,1.0,,,,,,,,,,,,,1.0,1.0,5.0,5.0,13.0,11.0,5.0,5.0,0.0,1.0,,,0.0,0.0,2.0,1.0,,,,,,,,,,,,,,,,,,,,,,,0.3,0.7,,,,,,,,,,,8.0,9.0,2.0,5.0,6.0,4.0,,,,,,,,,,,,,0.0,5.0,5.0,8.0,8.0,11.0,8.0,5.0,0.0,1.0,,,0.0,0.0,4.0,0.0,,,,,,,,,,,,,K League 1,0IDCJLlH
z72jHYP9,SOUTH KOREA,2022,SOUTH KOREA 1,SOUTH KOREA 1,03/09/2022,10:00,Round 29,Gimcheon Sangmu,IaoBca9i,Jeonbuk,x0hNfcgA,False,2,2,,,,,,"[40, 89]","[51, 74]",bet365,3.75,2.37,2.62,bet365,3.25,2.62,2.3,bet365,3.3,3.75,2.0,bet365,1.3,3.4,bet365,2.5,1.5,bet365,6.0,1.12,bet365,1.16,5.0,bet365,1.8,1.9,bet365,3.5,1.28,bet365,1.03,15.0,bet365,1.18,4.5,bet365,1.65,2.2,bet365,2.5,1.5,bet365,4.5,1.18,bet365,1.57,2.25,bet365,3.75,1.25,bet365,2.75,1.4,bet365,1.72,1.25,1.33,bet365,1.44,1.53,1.25,Betano.br,1.53,1.44,1.31,bet365,2.37,1.53,Betano.br,2.25,1.57,Betano.br,2.27,1.6,bet365,5.5,13.0,21.0,7.5,6.0,5.5,26.0,13.0,3.25,bet365,1.95,1.9,bet365,2.0,1.8,bet365,1.9,1.8,bet365,15.0,bet365,13.0,bet365,10.0,bet365,7.5,bet365,19.0,bet365,11.0,bet365,12.0,bet365,9.0,bet365,12.0,bet365,34.0,bet365,19.0,bet365,23.0,bet365,15.0,bet365,26.0,bet365,21.0,,0.0,0.0,,0.0,0.0,bet365,7.0,1.1,bet365,6.25,1.12,bet365,3.3,1.32,bet365,1.85,2.0,bet365,1.43,2.75,bet365,1.3,3.45,bet365,1.12,6.25,,0.0,0.0,Betano.br,32.0,15.0,17.5,Betano.br,17.0,9.0,8.0,bet365,0.0,0.0,3.5,bet365,1.72,4.0,0.0,Betano.br,1.28,6.0,1.11,Betano.br,1.1,10.0,1.03,,,,,,,,,,,0.57,0.43,,,,,,,,,,,11.0,13.0,6.0,9.0,5.0,4.0,,,,,,,,,,,,,6.0,6.0,8.0,6.0,25.0,20.0,6.0,8.0,1.0,1.0,,,0.0,0.0,7.0,4.0,,,,,,,,,,,,,,,,,,,,,,,0.57,0.43,,,,,,,,,,,2.0,6.0,1.0,2.0,1.0,4.0,,,,,,,,,,,,,2.0,1.0,4.0,4.0,14.0,5.0,4.0,4.0,,,,,0.0,0.0,2.0,0.0,,,,,,,,,,,,,,,,,,,,,,,0.57,0.43,,,,,,,,,,,9.0,7.0,5.0,7.0,4.0,0.0,,,,,,,,,,,,,4.0,5.0,4.0,2.0,11.0,15.0,2.0,4.0,1.0,1.0,,,0.0,0.0,5.0,4.0,,,,,,,,,,,,,K League 1,0IDCJLlH
fBoZ8AXk,SOUTH KOREA,2022,SOUTH KOREA 1,SOUTH KOREA 1,06/09/2022,10:30,Round 30,Suwon FC,6sXCYRPI,Pohang,KIIIipI5,False,1,0,,,,,,[62],[],bet365,3.2,2.3,3.0,bet365,2.87,2.62,2.62,bet365,2.7,3.5,2.37,bet365,1.3,3.4,bet365,2.5,1.5,bet365,6.0,1.12,bet365,1.16,5.0,bet365,1.8,1.9,bet365,3.5,1.28,bet365,1.03,15.0,bet365,1.18,4.5,bet365,1.61,2.25,bet365,2.5,1.5,bet365,4.5,1.18,bet365,1.53,2.37,bet365,3.75,1.25,bet365,2.62,1.44,bet365,1.53,1.28,1.44,bet365,1.36,1.57,1.36,Betano.br,1.42,1.44,1.4,bet365,2.0,1.72,Betano.br,1.9,1.8,Betano.br,1.9,1.85,bet365,4.33,13.0,23.0,6.5,6.0,6.0,23.0,13.0,3.75,bet365,1.95,1.9,bet365,2.0,1.8,bet365,1.9,1.8,bet365,15.0,bet365,12.0,bet365,11.0,bet365,7.0,bet365,15.0,bet365,13.0,bet365,10.0,bet365,9.5,bet365,12.0,bet365,29.0,bet365,23.0,bet365,21.0,bet365,17.0,bet365,23.0,bet365,23.0,,0.0,0.0,,0.0,0.0,bet365,5.5,1.15,bet365,4.4,1.2,bet365,2.67,1.45,bet365,1.58,2.35,bet365,1.27,3.55,bet365,1.2,4.4,bet365,1.1,7.0,bet365,1.1,7.0,Betano.br,25.0,12.5,22.0,Betano.br,12.0,7.4,10.75,bet365,0.0,0.0,4.33,bet365,1.53,4.33,0.0,Betano.br,1.2,7.1,1.18,Betano.br,1.06,12.0,1.05,,,,,,,,,,,0.3,0.7,,,,,,,,,,,12.0,13.0,10.0,10.0,2.0,3.0,,,,,,,,,,,,,5.0,8.0,7.0,7.0,14.0,22.0,6.0,6.0,1.0,1.0,,,1.0,1.0,10.0,9.0,,,,,,,,,,,,,,,,,,,,,,,0.35,0.65,,,,,,,,,,,3.0,5.0,3.0,5.0,0.0,0.0,,,,,,,,,,,,,3.0,2.0,2.0,3.0,10.0,11.0,3.0,1.0,,,,,0.0,1.0,5.0,3.0,,,,,,,,,,,,,,,,,,,,,,,0.25,0.75,,,,,,,,,,,9.0,8.0,7.0,5.0,2.0,3.0,,,,,,,,,,,,,2.0,6.0,5.0,4.0,4.0,11.0,3.0,5.0,1.0,1.0,,,1.0,0.0,5.0,6.0,,,,,,,,,,,,,K League 1,0IDCJLlH
YB3ln8pd,SOUTH KOREA,2022,SOUTH KOREA 1,SOUTH KOREA 1,08/10/2022,07:30,Round 35,Ulsan HD,EVEwgyOM,Jeonbuk,x0hNfcgA,False,2,1,,,,,,"[90, 90]",[34],bet365,2.87,2.1,4.0,bet365,2.5,2.37,3.4,bet365,2.15,3.25,3.25,bet365,1.44,2.62,bet365,3.25,1.33,bet365,9.0,1.07,bet365,1.25,3.75,bet365,2.2,1.61,bet365,5.0,1.16,bet365,1.06,10.0,bet365,1.36,3.0,bet365,2.1,1.7,bet365,3.75,1.25,bet365,8.0,1.08,bet365,1.83,1.83,bet365,5.0,1.16,bet365,3.5,1.28,bet365,1.33,1.33,1.66,bet365,1.28,1.66,1.36,Betano.br,1.31,1.5,1.47,bet365,1.57,2.25,Betano.br,1.6,2.18,Betano.br,1.65,2.15,bet365,3.6,15.0,34.0,5.5,5.0,7.0,26.0,15.0,5.5,bet365,1.95,1.9,bet365,2.1,1.72,bet365,2.0,1.72,bet365,9.0,bet365,7.5,bet365,9.5,bet365,6.5,bet365,10.0,bet365,17.0,bet365,9.0,bet365,12.0,bet365,15.0,bet365,21.0,bet365,34.0,bet365,19.0,bet365,29.0,bet365,29.0,bet365,34.0,,0.0,0.0,,0.0,0.0,bet365,4.25,1.21,bet365,3.3,1.32,bet365,2.1,1.7,bet365,1.32,3.3,bet365,1.11,6.4,bet365,1.1,7.0,,0.0,0.0,,0.0,0.0,Betano.br,23.0,11.5,37.0,Betano.br,10.25,6.5,19.5,bet365,4.0,3.75,0.0,bet365,0.0,0.0,1.66,Betano.br,1.1,9.0,1.22,Betano.br,1.03,15.0,1.07,,,,,,,,,,,0.62,0.38,,,,,,,,,,,23.0,8.0,18.0,4.0,5.0,4.0,,,,,,,,,,,,,12.0,4.0,19.0,11.0,27.0,14.0,10.0,17.0,3.0,2.0,0.0,1.0,1.0,2.0,3.0,16.0,,,,,,,,,,,,,,,,,,,,,,,0.55,0.45,,,,,,,,,,,9.0,3.0,7.0,2.0,2.0,1.0,,,,,,,,,,,,,3.0,3.0,9.0,6.0,14.0,10.0,5.0,7.0,1.0,0.0,,,1.0,2.0,1.0,7.0,,,,,,,,,,,,,,,,,,,,,,,0.69,0.31,,,,,,,,,,,14.0,5.0,11.0,2.0,3.0,3.0,,,,,,,,,,,,,9.0,1.0,10.0,5.0,13.0,4.0,5.0,10.0,2.0,2.0,0.0,1.0,0.0,0.0,2.0,9.0,,,,,,,,,,,,,K League 1,0IDCJLlH
25KHMlM8,SOUTH KOREA,2022,SOUTH KOREA 1,SOUTH KOREA 1,02/10/2022,07:30,Round 34,Suwon FC,6sXCYRPI,Gimcheon Sangmu,IaoBca9i,False,2,2,,,,,,"[17, 45]","[32, 88]",bet365,2.75,2.25,3.6,bet365,2.4,2.6,3.2,bet365,2.15,3.6,3.1,bet365,1.33,3.25,bet365,2.62,1.44,bet365,6.5,1.11,bet365,1.2,4.33,bet365,1.9,1.8,bet365,4.0,1.22,bet365,1.03,15.0,bet365,1.2,4.33,bet365,1.66,2.15,bet365,2.62,1.44,bet365,5.0,1.16,bet365,1.61,2.2,bet365,4.0,1.22,bet365,3.0,1.36,bet365,1.36,1.28,1.66,bet365,1.28,1.57,1.4,Betano.br,1.33,1.44,1.5,bet365,1.57,2.25,Betano.br,1.65,2.12,Betano.br,1.65,2.15,bet365,3.5,13.0,29.0,5.5,6.0,7.0,23.0,13.0,5.0,bet365,1.95,1.9,bet365,2.1,1.72,bet365,1.9,1.8,bet365,13.0,bet365,9.0,bet365,11.0,bet365,7.0,bet365,11.0,bet365,17.0,bet365,9.0,bet365,11.0,bet365,13.0,bet365,21.0,bet365,34.0,bet365,17.0,bet365,23.0,bet365,23.0,bet365,29.0,,0.0,0.0,,0.0,0.0,bet365,3.9,1.24,bet365,3.3,1.32,bet365,2.15,1.68,bet365,1.38,3.0,bet365,1.16,5.25,bet365,1.12,6.25,,0.0,0.0,,0.0,0.0,Betano.br,19.0,10.75,30.0,Betano.br,9.0,6.3,15.5,bet365,3.75,4.0,0.0,bet365,0.0,0.0,1.66,Betano.br,1.13,8.5,1.25,Betano.br,1.03,14.5,1.08,,,,,,,,,,,0.47,0.53,,,,,,,,,,,14.0,12.0,6.0,5.0,8.0,7.0,,,,,,,,,,,,,5.0,7.0,15.0,10.0,23.0,20.0,10.0,13.0,0.0,5.0,,,0.0,2.0,3.0,4.0,,,,,,,,,,,,,,,,,,,,,,,0.5,0.5,,,,,,,,,,,8.0,4.0,4.0,2.0,4.0,2.0,,,,,,,,,,,,,3.0,3.0,6.0,4.0,13.0,8.0,4.0,5.0,0.0,1.0,,,0.0,1.0,1.0,2.0,,,,,,,,,,,,,,,,,,,,,,,0.44,0.56,,,,,,,,,,,6.0,8.0,2.0,3.0,4.0,5.0,,,,,,,,,,,,,2.0,4.0,9.0,6.0,10.0,12.0,6.0,8.0,0.0,4.0,,,0.0,1.0,2.0,2.0,,,,,,,,,,,,,K League 1,0IDCJLlH
EiEsJfec,SOUTH KOREA,2022,SOUTH KOREA 1,SOUTH KOREA 1,02/09/2022,10:30,Round 29,Incheon,prJ1QuXA,Gangwon,A144gewT,False,0,1,,,,,,[],[65],bet365,3.5,2.05,3.25,bet365,3.0,2.3,2.87,bet365,2.8,3.25,2.55,bet365,1.5,2.5,bet365,3.4,1.3,bet365,10.0,1.06,bet365,1.28,3.5,bet365,2.25,1.57,bet365,5.5,1.14,bet365,1.07,9.0,bet365,1.4,2.75,bet365,2.25,1.61,bet365,4.0,1.22,bet365,9.0,1.07,bet365,1.83,1.83,bet365,5.5,1.14,bet365,3.75,1.25,bet365,1.5,1.33,1.4,bet365,1.33,1.72,1.28,Betano.br,1.4,1.55,1.33,bet365,1.9,1.8,Betano.br,1.87,1.83,Betano.br,1.98,1.78,bet365,4.75,15.0,29.0,6.0,4.75,6.0,29.0,15.0,4.33,bet365,1.95,1.9,bet365,2.2,1.66,bet365,2.0,1.72,bet365,8.5,bet365,8.0,bet365,7.5,bet365,6.0,bet365,13.0,bet365,12.0,bet365,11.0,bet365,10.0,bet365,15.0,bet365,29.0,bet365,26.0,bet365,23.0,bet365,21.0,bet365,34.0,bet365,34.0,,0.0,0.0,,0.0,0.0,bet365,6.0,1.13,bet365,5.0,1.17,bet365,2.67,1.45,bet365,1.52,2.42,bet365,1.21,4.25,bet365,1.15,5.5,,0.0,0.0,,0.0,0.0,Betano.br,32.0,14.0,32.0,Betano.br,16.0,8.0,15.0,bet365,5.0,4.0,5.0,bet365,1.5,4.0,1.5,Betano.br,1.15,7.4,1.13,Betano.br,1.04,13.5,1.03,,,,,,,,,,,0.52,0.48,,,,,,,,,,,10.0,8.0,8.0,4.0,2.0,4.0,,,,,,,,,,,,,8.0,4.0,16.0,11.0,21.0,13.0,11.0,15.0,3.0,3.0,,,0.0,1.0,3.0,8.0,,,,,,,,,,,,,,,,,,,,,,,0.51,0.49,,,,,,,,,,,3.0,3.0,3.0,2.0,0.0,1.0,,,,,,,,,,,,,4.0,2.0,6.0,5.0,8.0,7.0,5.0,6.0,1.0,1.0,,,0.0,0.0,2.0,3.0,,,,,,,,,,,,,,,,,,,,,,,0.53,0.47,,,,,,,,,,,7.0,5.0,5.0,2.0,2.0,3.0,,,,,,,,,,,,,4.0,2.0,10.0,6.0,13.0,6.0,6.0,9.0,2.0,2.0,,,0.0,1.0,1.0,5.0,,,,,,,,,,,,,K League 1,0IDCJLlH
pCE9L85K,SOUTH KOREA,2022,SOUTH KOREA 1,SOUTH KOREA 1,10/08/2022,10:00,Round 24,Suwon FC,6sXCYRPI,Jeonbuk,x0hNfcgA,False,0,1,,,,,,[],[],,0.0,0.0,0.0,,0.0,0.0,0.0,,0.0,0.0,0.0,,0.0,0.0,,0.0,0.0,,0.0,0.0,,0.0,0.0,,0.0,0.0,,0.0,0.0,,0.0,0.0,,0.0,0.0,,0.0,0.0,,0.0,0.0,,0.0,0.0,,0.0,0.0,,0.0,0.0,,0.0,0.0,,0.0,0.0,0.0,,0.0,0.0,0.0,,0.0,0.0,0.0,,0.0,0.0,,0.0,0.0,,0.0,0.0,,0.0,0.0,0.0,0.0,0.0,0.0,0.0,0.0,0.0,,0.0,0.0,,0.0,0.0,,0.0,0.0,,0.0,,0.0,,0.0,,0.0,,0.0,,0.0,,0.0,,0.0,,0.0,,0.0,,0.0,,0.0,,0.0,,0.0,,0.0,,0.0,0.0,,0.0,0.0,,0.0,0.0,,0.0,0.0,,0.0,0.0,,0.0,0.0,,0.0,0.0,,0.0,0.0,,0.0,0.0,,0.0,0.0,,0.0,0.0,0.0,,0.0,0.0,0.0,,0.0,0.0,0.0,,0.0,0.0,0.0,,0.0,0.0,0.0,,0.0,0.0,0.0,,,,,,,,,,,,,,,,,,,,,,,,,,,,,,,,,,,,,,,,,,,,,,,,,,,,,,,,,,,,,,,,,,,,,,,,,,,,,,,,,,,,,,,,,,,,,,,,,,,,,,,,,,,,,,,,,,,,,,,,,,,,,,,,,,,,,,,,,,,,,,,,,,,,,,,,,,,,,,,,,,,,,,,,,,,,,,,,,,,,,,,,,,,,,,,,,,,,,,,,,,,,,K League 1,0IDCJLlH
4t7fGhuG,SOUTH KOREA,2022,SOUTH KOREA 1,SOUTH KOREA 1,04/09/2022,07:30,Round 29,Seoul,8tzeYeHp,Suwon Bluewings,v5I5PanH,False,1,3,,,,,,[90],"[28, 32, 64]",bet365,2.75,2.3,3.6,bet365,2.4,2.6,3.2,bet365,2.15,3.5,3.25,bet365,1.33,3.25,bet365,2.62,1.44,bet365,6.5,1.11,bet365,1.18,4.5,bet365,1.83,1.83,bet365,3.75,1.25,bet365,1.04,13.0,bet365,1.22,4.0,bet365,1.8,2.0,bet365,2.75,1.4,bet365,5.5,1.14,bet365,1.57,2.25,bet365,4.0,1.22,bet365,2.75,1.4,bet365,1.33,1.28,1.66,bet365,1.28,1.57,1.4,Betano.br,1.34,1.47,1.47,bet365,1.57,2.25,Betano.br,1.62,2.15,Betano.br,1.7,2.07,bet365,3.5,13.0,26.0,5.5,6.0,7.5,23.0,13.0,5.0,bet365,1.95,1.9,bet365,2.1,1.72,bet365,1.9,1.8,bet365,13.0,bet365,9.5,bet365,12.0,bet365,7.0,bet365,12.0,bet365,19.0,bet365,9.0,bet365,12.0,bet365,12.0,bet365,21.0,bet365,34.0,bet365,15.0,bet365,23.0,bet365,23.0,bet365,29.0,,0.0,0.0,bet365,7.0,1.1,bet365,3.9,1.24,bet365,3.1,1.35,bet365,2.08,1.73,bet365,1.32,3.3,bet365,1.13,5.9,bet365,1.1,6.8,,0.0,0.0,,0.0,0.0,Betano.br,20.0,11.0,32.0,Betano.br,9.25,6.5,17.0,bet365,3.75,4.0,0.0,bet365,0.0,0.0,1.66,Betano.br,1.12,8.5,1.24,Betano.br,1.03,14.5,1.08,,,,,,,,,,,0.7,0.3,,,,,,,,,,,11.0,11.0,6.0,6.0,5.0,5.0,,,,,,,,,,,,,6.0,6.0,11.0,16.0,19.0,18.0,15.0,8.0,5.0,3.0,1.0,0.0,1.0,3.0,3.0,5.0,,,,,,,,,,,,,,,,,,,,,,,0.6,0.4,,,,,,,,,,,3.0,4.0,3.0,3.0,0.0,1.0,,,,,,,,,,,,,2.0,4.0,7.0,7.0,12.0,7.0,6.0,5.0,2.0,1.0,,,1.0,2.0,1.0,3.0,,,,,,,,,,,,,,,,,,,,,,,0.8,0.2,,,,,,,,,,,8.0,7.0,3.0,3.0,5.0,4.0,,,,,,,,,,,,,4.0,2.0,4.0,9.0,7.0,11.0,9.0,3.0,3.0,2.0,1.0,0.0,0.0,1.0,2.0,2.0,,,,,,,,,,,,,K League 1,0IDCJLlH
0UkEHsKh,SOUTH KOREA,2022,SOUTH KOREA 1,SOUTH KOREA 1,07/08/2022,10:30,Round 27,Daegu,SrMQkOnI,Incheon,prJ1QuXA,False,2,3,,,,,,[],[],,0.0,0.0,0.0,,0.0,0.0,0.0,,0.0,0.0,0.0,,0.0,0.0,,0.0,0.0,,0.0,0.0,,0.0,0.0,,0.0,0.0,,0.0,0.0,,0.0,0.0,,0.0,0.0,,0.0,0.0,,0.0,0.0,,0.0,0.0,,0.0,0.0,,0.0,0.0,,0.0,0.0,,0.0,0.0,0.0,,0.0,0.0,0.0,,0.0,0.0,0.0,,0.0,0.0,,0.0,0.0,,0.0,0.0,,0.0,0.0,0.0,0.0,0.0,0.0,0.0,0.0,0.0,,0.0,0.0,,0.0,0.0,,0.0,0.0,,0.0,,0.0,,0.0,,0.0,,0.0,,0.0,,0.0,,0.0,,0.0,,0.0,,0.0,,0.0,,0.0,,0.0,,0.0,,0.0,0.0,,0.0,0.0,,0.0,0.0,,0.0,0.0,,0.0,0.0,,0.0,0.0,,0.0,0.0,,0.0,0.0,,0.0,0.0,,0.0,0.0,,0.0,0.0,0.0,,0.0,0.0,0.0,,0.0,0.0,0.0,,0.0,0.0,0.0,,0.0,0.0,0.0,,0.0,0.0,0.0,,,,,,,,,,,,,,,,,,,,,,,,,,,,,,,,,,,,,,,,,,,,,,,,,,,,,,,,,,,,,,,,,,,,,,,,,,,,,,,,,,,,,,,,,,,,,,,,,,,,,,,,,,,,,,,,,,,,,,,,,,,,,,,,,,,,,,,,,,,,,,,,,,,,,,,,,,,,,,,,,,,,,,,,,,,,,,,,,,,,,,,,,,,,,,,,,,,,,,,,,,,,,K League 1,0IDCJLlH
Y1pw8Und,SOUTH KOREA,2022,SOUTH KOREA 1,SOUTH KOREA 1,07/09/2022,10:00,Round 30,Jeonbuk,x0hNfcgA,Seoul,8tzeYeHp,False,0,0,,,,,,[],[],bet365,2.62,2.25,4.0,bet365,2.3,2.6,3.5,bet365,2.0,3.6,3.5,bet365,1.33,3.25,bet365,2.62,1.44,bet365,6.5,1.11,bet365,1.2,4.33,bet365,1.9,1.8,bet365,4.0,1.22,bet365,1.04,13.0,bet365,1.22,4.0,bet365,1.72,2.07,bet365,2.75,1.4,bet365,5.5,1.14,bet365,1.66,2.1,bet365,4.33,1.2,bet365,3.0,1.36,bet365,1.28,1.28,1.72,bet365,1.22,1.57,1.44,Betano.br,1.29,1.45,1.55,bet365,1.5,2.5,Betano.br,1.55,2.32,Betano.br,1.55,2.35,bet365,3.25,13.0,29.0,5.0,6.0,8.0,21.0,15.0,5.5,bet365,1.95,1.9,bet365,2.1,1.72,bet365,1.9,1.8,bet365,13.0,bet365,8.5,bet365,12.0,bet365,7.0,bet365,10.0,bet365,19.0,bet365,8.5,bet365,12.0,bet365,13.0,bet365,19.0,bet365,41.0,bet365,15.0,bet365,26.0,bet365,23.0,bet365,29.0,,0.0,0.0,bet365,7.0,1.1,bet365,3.55,1.27,bet365,2.85,1.4,bet365,2.05,1.8,bet365,1.32,3.3,bet365,1.12,6.25,bet365,1.1,6.8,,0.0,0.0,,0.0,0.0,Betano.br,17.0,10.0,35.0,Betano.br,7.9,5.8,19.0,bet365,3.5,3.75,0.0,bet365,0.0,0.0,1.72,Betano.br,1.1,9.5,1.29,Betano.br,1.03,15.5,1.1,,,,,,,,,,,0.54,0.46,,,,,,,,,,,10.0,5.0,4.0,1.0,6.0,4.0,,,,,,,,,,,,,3.0,2.0,19.0,18.0,23.0,23.0,12.0,18.0,,,,,6.0,1.0,1.0,4.0,,,,,,,,,,,,,,,,,,,,,,,0.42,0.58,,,,,,,,,,,2.0,2.0,2.0,0.0,0.0,2.0,,,,,,,,,,,,,0.0,2.0,7.0,10.0,10.0,17.0,9.0,6.0,,,,,1.0,1.0,0.0,2.0,,,,,,,,,,,,,,,,,,,,,,,0.66,0.34,,,,,,,,,,,8.0,3.0,2.0,1.0,6.0,2.0,,,,,,,,,,,,,3.0,0.0,12.0,8.0,13.0,6.0,3.0,12.0,,,,,5.0,0.0,1.0,2.0,,,,,,,,,,,,,K League 1,0IDCJLlH
MwiAIN4n,SOUTH KOREA,2022,SOUTH KOREA 1,SOUTH KOREA 1,07/08/2022,10:00,Round 27,Jeonbuk,x0hNfcgA,Ulsan HD,EVEwgyOM,False,1,1,,,,,,[],[],,0.0,0.0,0.0,,0.0,0.0,0.0,,0.0,0.0,0.0,,0.0,0.0,,0.0,0.0,,0.0,0.0,,0.0,0.0,,0.0,0.0,,0.0,0.0,,0.0,0.0,,0.0,0.0,,0.0,0.0,,0.0,0.0,,0.0,0.0,,0.0,0.0,,0.0,0.0,,0.0,0.0,,0.0,0.0,0.0,,0.0,0.0,0.0,,0.0,0.0,0.0,,0.0,0.0,,0.0,0.0,,0.0,0.0,,0.0,0.0,0.0,0.0,0.0,0.0,0.0,0.0,0.0,,0.0,0.0,,0.0,0.0,,0.0,0.0,,0.0,,0.0,,0.0,,0.0,,0.0,,0.0,,0.0,,0.0,,0.0,,0.0,,0.0,,0.0,,0.0,,0.0,,0.0,,0.0,0.0,,0.0,0.0,,0.0,0.0,,0.0,0.0,,0.0,0.0,,0.0,0.0,,0.0,0.0,,0.0,0.0,,0.0,0.0,,0.0,0.0,,0.0,0.0,0.0,,0.0,0.0,0.0,,0.0,0.0,0.0,,0.0,0.0,0.0,,0.0,0.0,0.0,,0.0,0.0,0.0,,,,,,,,,,,,,,,,,,,,,,,,,,,,,,,,,,,,,,,,,,,,,,,,,,,,,,,,,,,,,,,,,,,,,,,,,,,,,,,,,,,,,,,,,,,,,,,,,,,,,,,,,,,,,,,,,,,,,,,,,,,,,,,,,,,,,,,,,,,,,,,,,,,,,,,,,,,,,,,,,,,,,,,,,,,,,,,,,,,,,,,,,,,,,,,,,,,,,,,,,,,,,K League 1,0IDCJLlH
IkKtSkvS,SOUTH KOREA,2022,SOUTH KOREA 1,SOUTH KOREA 1,10/09/2022,10:00,Round 31,Seoul,8tzeYeHp,Suwon FC,6sXCYRPI,False,2,2,,,,,,"[35, 45]","[42, 90]",bet365,2.87,2.2,3.6,bet365,2.6,2.5,3.1,bet365,2.25,3.25,3.2,bet365,1.4,2.75,bet365,2.75,1.4,bet365,8.0,1.08,bet365,1.22,4.0,bet365,2.0,1.72,bet365,4.33,1.2,bet365,1.05,11.0,bet365,1.25,3.75,bet365,1.93,1.93,bet365,3.25,1.33,bet365,6.5,1.11,bet365,1.66,2.1,bet365,4.5,1.18,bet365,3.25,1.33,bet365,1.36,1.33,1.57,bet365,1.28,1.61,1.4,Betano.br,1.33,1.47,1.47,bet365,1.61,2.2,Betano.br,1.65,2.1,Betano.br,1.65,2.15,bet365,3.75,13.0,29.0,5.5,5.5,7.0,23.0,15.0,5.0,bet365,1.95,1.9,bet365,2.1,1.72,bet365,1.9,1.8,bet365,11.0,bet365,8.5,bet365,11.0,bet365,6.5,bet365,11.0,bet365,17.0,bet365,9.0,bet365,12.0,bet365,13.0,bet365,21.0,bet365,34.0,bet365,17.0,bet365,23.0,bet365,26.0,bet365,34.0,bet365,7.0,1.1,bet365,6.8,1.1,bet365,4.4,1.2,bet365,3.55,1.27,bet365,2.25,1.63,bet365,1.38,3.0,bet365,1.15,5.5,bet365,1.11,6.4,,0.0,0.0,,0.0,0.0,Betano.br,22.0,11.25,32.0,Betano.br,10.25,6.4,17.0,bet365,4.33,4.0,0.0,bet365,0.0,0.0,1.57,Betano.br,1.12,8.75,1.23,Betano.br,1.03,14.5,1.07,,,,,,,,,,,0.52,0.48,,,,,,,,,,,17.0,12.0,9.0,8.0,8.0,4.0,,,,,,,,,,,,,9.0,3.0,10.0,15.0,22.0,21.0,12.0,8.0,2.0,0.0,,,3.0,2.0,6.0,7.0,,,,,,,,,,,,,,,,,,,,,,,0.53,0.47,,,,,,,,,,,7.0,4.0,3.0,2.0,4.0,2.0,,,,,,,,,,,,,5.0,2.0,5.0,2.0,8.0,13.0,1.0,3.0,,,,,1.0,2.0,1.0,1.0,,,,,,,,,,,,,,,,,,,,,,,0.51,0.49,,,,,,,,,,,10.0,8.0,6.0,6.0,4.0,2.0,,,,,,,,,,,,,4.0,1.0,5.0,13.0,14.0,8.0,11.0,5.0,2.0,0.0,,,2.0,0.0,5.0,6.0,,,,,,,,,,,,,K League 1,0IDCJLlH
Qee3EW9S,SOUTH KOREA,2022,SOUTH KOREA 1,SOUTH KOREA 1,06/09/2022,10:00,Round 30,Jeju SK,vFZJewv4,Incheon,prJ1QuXA,False,0,1,,,,,,[],[52],bet365,2.25,2.25,5.5,bet365,1.95,2.6,4.75,bet365,1.65,3.8,5.0,bet365,1.36,3.0,bet365,2.75,1.4,bet365,8.0,1.08,bet365,1.22,4.0,bet365,2.1,1.66,bet365,4.5,1.18,bet365,1.05,11.0,bet365,1.28,3.5,bet365,1.98,1.88,bet365,3.4,1.3,bet365,6.5,1.11,bet365,1.83,1.83,bet365,5.0,1.16,bet365,3.5,1.28,bet365,1.16,1.25,2.2,bet365,1.12,1.57,1.57,Betano.br,1.19,1.45,1.72,bet365,1.25,3.75,Betano.br,1.35,2.95,Betano.br,1.34,3.05,bet365,2.6,15.0,41.0,4.5,5.5,10.0,21.0,17.0,8.5,bet365,1.95,1.9,bet365,2.1,1.72,bet365,1.9,1.8,bet365,11.0,bet365,7.0,bet365,13.0,bet365,7.5,bet365,7.5,bet365,26.0,bet365,8.5,bet365,15.0,bet365,17.0,bet365,12.0,bet365,51.0,bet365,13.0,bet365,41.0,bet365,26.0,bet365,41.0,bet365,5.75,1.14,bet365,4.8,1.18,bet365,2.75,1.43,bet365,2.15,1.68,bet365,1.65,2.2,bet365,1.18,4.65,bet365,1.1,7.0,,0.0,0.0,,0.0,0.0,,0.0,0.0,Betano.br,13.0,8.25,40.0,Betano.br,5.9,4.9,30.0,bet365,2.75,3.5,0.0,bet365,0.0,0.0,2.2,Betano.br,1.05,12.0,1.44,Betano.br,1.01,17.5,1.15,,,,,,,,,,,0.65,0.35,,,,,,,,,,,17.0,7.0,7.0,4.0,10.0,3.0,,,,,,,,,,,,,5.0,2.0,19.0,10.0,19.0,14.0,7.0,18.0,1.0,3.0,,,3.0,1.0,3.0,7.0,,,,,,,,,,,,,,,,,,,,,,,0.57,0.43,,,,,,,,,,,9.0,3.0,5.0,1.0,4.0,2.0,,,,,,,,,,,,,1.0,0.0,9.0,5.0,10.0,5.0,3.0,8.0,0.0,2.0,,,2.0,1.0,1.0,5.0,,,,,,,,,,,,,,,,,,,,,,,0.73,0.27,,,,,,,,,,,8.0,4.0,2.0,3.0,6.0,1.0,,,,,,,,,,,,,4.0,2.0,10.0,5.0,9.0,9.0,4.0,10.0,1.0,1.0,,,1.0,0.0,2.0,2.0,,,,,,,,,,,,,K League 1,0IDCJLlH
fL4pmlVk,SOUTH KOREA,2022,SOUTH KOREA 1,SOUTH KOREA 1,08/10/2022,05:00,Round 35,Pohang,KIIIipI5,Jeju SK,vFZJewv4,False,1,2,,,,,,[36],"[9, 84]",bet365,3.2,2.2,3.25,bet365,2.75,2.5,2.87,bet365,2.55,3.4,2.62,bet365,1.36,3.0,bet365,2.75,1.4,bet365,8.0,1.08,bet365,1.22,4.0,bet365,2.0,1.72,bet365,4.33,1.2,bet365,1.05,11.0,bet365,1.28,3.5,bet365,1.95,1.9,bet365,3.25,1.33,bet365,6.5,1.11,bet365,1.66,2.1,bet365,4.5,1.18,bet365,3.25,1.33,bet365,1.44,1.3,1.5,bet365,1.3,1.61,1.36,Betano.br,1.39,1.47,1.4,bet365,1.83,1.83,Betano.br,1.8,1.9,Betano.br,1.87,1.88,bet365,4.33,13.0,26.0,6.0,5.5,6.0,26.0,13.0,4.33,bet365,1.95,1.9,bet365,2.1,1.72,bet365,1.9,1.8,bet365,11.0,bet365,9.0,bet365,9.5,bet365,6.5,bet365,13.0,bet365,13.0,bet365,10.0,bet365,10.0,bet365,13.0,bet365,26.0,bet365,26.0,bet365,21.0,bet365,21.0,bet365,29.0,bet365,29.0,,0.0,0.0,,0.0,0.0,,0.0,0.0,,0.0,0.0,bet365,2.1,1.77,,0.0,0.0,,0.0,0.0,,0.0,0.0,,0.0,0.0,,0.0,0.0,Betano.br,25.0,12.5,28.0,Betano.br,12.0,7.2,13.5,bet365,5.0,4.33,0.0,bet365,0.0,0.0,1.5,Betano.br,1.16,7.5,1.18,Betano.br,1.04,13.0,1.05,,,,,,,,,,,0.55,0.45,,,,,,,,,,,6.0,10.0,2.0,4.0,4.0,6.0,,,,,,,,,,,,,8.0,1.0,12.0,13.0,14.0,12.0,12.0,10.0,1.0,1.0,,,1.0,2.0,2.0,1.0,,,,,,,,,,,,,,,,,,,,,,,0.54,0.46,,,,,,,,,,,1.0,6.0,1.0,3.0,0.0,3.0,,,,,,,,,,,,,3.0,1.0,7.0,5.0,6.0,8.0,5.0,6.0,,,,,0.0,1.0,2.0,0.0,,,,,,,,,,,,,,,,,,,,,,,0.56,0.44,,,,,,,,,,,5.0,4.0,1.0,1.0,4.0,3.0,,,,,,,,,,,,,5.0,0.0,5.0,8.0,8.0,4.0,7.0,4.0,1.0,1.0,,,1.0,1.0,0.0,1.0,,,,,,,,,,,,,K League 1,0IDCJLlH
rX5bFCfM,SOUTH KOREA,2022,SOUTH KOREA 1,SOUTH KOREA 1,04/09/2022,10:00,Round 29,Seongnam,WMiRgH8G,Ulsan HD,EVEwgyOM,False,2,0,,,,,,"[36, 46]",[],bet365,7.0,2.4,1.9,bet365,6.0,2.87,1.66,bet365,7.5,4.75,1.4,bet365,1.33,3.25,bet365,2.5,1.5,bet365,6.0,1.12,bet365,1.18,4.5,bet365,1.83,1.83,bet365,3.75,1.25,bet365,1.03,15.0,bet365,1.22,4.0,bet365,1.7,2.1,bet365,2.62,1.44,bet365,5.0,1.16,bet365,1.9,1.8,bet365,5.0,1.16,bet365,3.5,1.28,bet365,2.75,1.18,1.1,bet365,1.8,1.53,1.08,Betano.br,2.0,1.36,1.14,bet365,5.5,1.14,Betano.br,3.6,1.25,Betano.br,4.0,1.22,bet365,13.0,19.0,21.0,15.0,7.0,4.0,41.0,17.0,2.1,bet365,1.95,1.9,bet365,2.0,1.8,bet365,1.9,1.8,bet365,13.0,bet365,17.0,bet365,7.5,bet365,9.0,bet365,34.0,bet365,7.0,bet365,21.0,bet365,8.5,bet365,19.0,bet365,81.0,bet365,9.5,bet365,51.0,bet365,12.0,bet365,51.0,bet365,26.0,,0.0,0.0,,0.0,0.0,,0.0,0.0,,0.0,0.0,bet365,6.4,1.11,bet365,2.85,1.4,bet365,2.2,1.65,bet365,1.68,2.15,bet365,1.35,3.1,bet365,1.25,3.8,Betano.br,0.0,0.0,8.0,Betano.br,35.0,14.0,3.95,bet365,0.0,0.0,2.1,bet365,2.75,3.6,0.0,Betano.br,1.7,4.35,1.03,Betano.br,1.26,6.4,0.0,,,,,,,,,,,0.38,0.62,,,,,,,,,,,10.0,8.0,5.0,5.0,5.0,3.0,,,,,,,,,,,,,5.0,3.0,16.0,21.0,21.0,27.0,20.0,12.0,5.0,0.0,,,1.0,4.0,5.0,3.0,,,,,,,,,,,,,,,,,,,,,,,0.37,0.63,,,,,,,,,,,2.0,2.0,1.0,2.0,1.0,0.0,,,,,,,,,,,,,2.0,0.0,9.0,12.0,9.0,12.0,11.0,7.0,1.0,0.0,,,1.0,2.0,2.0,0.0,,,,,,,,,,,,,,,,,,,,,,,0.39,0.61,,,,,,,,,,,8.0,6.0,4.0,3.0,4.0,3.0,,,,,,,,,,,,,3.0,3.0,7.0,9.0,12.0,15.0,9.0,5.0,4.0,0.0,,,0.0,2.0,3.0,3.0,,,,,,,,,,,,,K League 1,0IDCJLlH
lly22Tbr,SOUTH KOREA,2022,SOUTH KOREA 1,SOUTH KOREA 1,27/08/2022,09:00,Round 23,Suwon Bluewings,v5I5PanH,Gangwon,A144gewT,False,2,3,,,,,,"[51, 88]","[17, 21, 54]",bet365,3.25,2.05,3.5,bet365,2.87,2.3,3.0,bet365,2.55,3.2,2.75,bet365,1.44,2.62,bet365,3.4,1.3,bet365,10.0,1.06,bet365,1.28,3.5,bet365,2.25,1.57,bet365,5.5,1.14,bet365,1.07,9.0,bet365,1.36,3.0,bet365,2.2,1.65,bet365,4.0,1.22,bet365,9.0,1.07,bet365,1.83,1.83,bet365,5.5,1.14,bet365,3.5,1.28,bet365,1.4,1.36,1.5,bet365,1.28,1.72,1.33,Betano.br,1.34,1.53,1.4,bet365,1.8,1.9,Betano.br,1.85,1.87,Betano.br,1.78,1.95,bet365,4.33,15.0,29.0,6.0,4.75,6.0,29.0,15.0,4.5,bet365,1.95,1.9,bet365,2.2,1.66,bet365,2.0,1.72,bet365,8.5,bet365,7.5,bet365,8.0,bet365,6.0,bet365,12.0,bet365,13.0,bet365,10.0,bet365,11.0,bet365,15.0,bet365,26.0,bet365,29.0,bet365,21.0,bet365,23.0,bet365,34.0,bet365,34.0,,0.0,0.0,,0.0,0.0,bet365,5.75,1.14,bet365,4.4,1.2,bet365,2.5,1.5,bet365,1.45,2.67,bet365,1.18,4.65,bet365,1.13,5.9,,0.0,0.0,,0.0,0.0,Betano.br,32.0,13.5,30.0,Betano.br,14.5,7.4,15.5,bet365,5.0,4.0,5.5,bet365,1.44,4.0,1.5,Betano.br,1.14,7.9,1.15,Betano.br,1.04,14.0,1.04,,,,,,,,,,,0.62,0.38,,,,,,,,,,,11.0,6.0,7.0,4.0,4.0,2.0,,,,,,,,,,,,,9.0,2.0,15.0,12.0,24.0,18.0,13.0,12.0,0.0,2.0,,,2.0,0.0,1.0,5.0,,,,,,,,,,,,,,,,,,,,,,,0.64,0.36,,,,,,,,,,,4.0,4.0,3.0,2.0,1.0,2.0,,,,,,,,,,,,,6.0,0.0,5.0,6.0,16.0,6.0,5.0,5.0,,,,,1.0,0.0,0.0,3.0,,,,,,,,,,,,,,,,,,,,,,,0.6,0.4,,,,,,,,,,,7.0,2.0,4.0,2.0,3.0,0.0,,,,,,,,,,,,,3.0,2.0,10.0,6.0,8.0,12.0,8.0,7.0,0.0,2.0,,,1.0,0.0,1.0,2.0,,,,,,,,,,,,,K League 1,0IDCJLlH
dG3nIEA3,SOUTH KOREA,2022,SOUTH KOREA 1,SOUTH KOREA 1,03/09/2022,07:30,Round 29,Pohang,KIIIipI5,Daegu,SrMQkOnI,False,4,1,,,,,,"[13, 25, 43, 90]",[69],bet365,2.37,2.3,4.5,bet365,2.1,2.6,4.0,bet365,1.75,3.75,4.33,bet365,1.33,3.25,bet365,2.62,1.44,bet365,6.5,1.11,bet365,1.18,4.5,bet365,1.83,1.83,bet365,3.75,1.25,bet365,1.04,13.0,bet365,1.2,4.33,bet365,1.7,2.1,bet365,2.62,1.44,bet365,5.0,1.16,bet365,1.66,2.1,bet365,4.33,1.2,bet365,3.25,1.33,bet365,1.22,1.28,1.9,bet365,1.16,1.57,1.53,Betano.br,1.24,1.45,1.62,bet365,1.33,3.25,Betano.br,1.42,2.65,Betano.br,1.44,2.65,bet365,2.75,13.0,34.0,4.75,6.0,9.0,21.0,15.0,7.0,bet365,1.95,1.9,bet365,2.0,1.8,bet365,1.9,1.8,bet365,12.0,bet365,8.0,bet365,13.0,bet365,7.0,bet365,9.5,bet365,23.0,bet365,8.5,bet365,13.0,bet365,13.0,bet365,15.0,bet365,41.0,bet365,13.0,bet365,34.0,bet365,23.0,bet365,34.0,bet365,6.0,1.13,bet365,5.25,1.16,bet365,3.0,1.38,bet365,2.35,1.58,bet365,1.77,2.1,bet365,1.23,4.1,,0.0,0.0,,0.0,0.0,,0.0,0.0,,0.0,0.0,Betano.br,14.5,9.0,40.0,Betano.br,6.6,5.3,24.0,bet365,3.0,3.75,0.0,bet365,0.0,0.0,1.9,Betano.br,1.07,10.75,1.37,Betano.br,1.02,16.5,1.13,,,,,,,,,,,0.59,0.41,,,,,,,,,,,7.0,8.0,5.0,4.0,2.0,4.0,,,,,,,,,,,,,3.0,3.0,15.0,17.0,29.0,21.0,17.0,14.0,4.0,2.0,,,0.0,1.0,3.0,1.0,,,,,,,,,,,,,,,,,,,,,,,0.67,0.33,,,,,,,,,,,4.0,3.0,4.0,2.0,0.0,1.0,,,,,,,,,,,,,3.0,3.0,7.0,3.0,14.0,8.0,3.0,7.0,1.0,2.0,,,0.0,0.0,2.0,1.0,,,,,,,,,,,,,,,,,,,,,,,0.51,0.49,,,,,,,,,,,3.0,5.0,1.0,2.0,2.0,3.0,,,,,,,,,,,,,0.0,0.0,8.0,14.0,15.0,13.0,14.0,7.0,3.0,0.0,,,0.0,1.0,1.0,0.0,,,,,,,,,,,,,K League 1,0IDCJLlH
pGUA07Tf,SOUTH KOREA,2022,SOUTH KOREA 1,SOUTH KOREA 1,27/08/2022,10:00,Round 23,Jeju SK,vFZJewv4,Ulsan HD,EVEwgyOM,False,1,1,,,,,,[61],[39],bet365,4.0,2.2,2.75,bet365,3.4,2.5,2.37,bet365,3.6,3.4,2.05,bet365,1.36,3.0,bet365,2.75,1.4,bet365,7.0,1.1,bet365,1.22,4.0,bet365,2.0,1.72,bet365,4.33,1.2,bet365,1.05,11.0,bet365,1.25,3.75,bet365,1.88,1.98,bet365,3.0,1.36,bet365,6.0,1.12,bet365,1.66,2.1,bet365,4.5,1.18,bet365,3.25,1.33,bet365,1.72,1.3,1.28,bet365,1.4,1.61,1.22,Betano.br,1.55,1.47,1.28,bet365,2.5,1.5,Betano.br,2.32,1.55,Betano.br,2.32,1.57,bet365,5.5,15.0,23.0,7.5,5.5,5.5,29.0,13.0,3.4,bet365,1.95,1.9,bet365,2.1,1.72,bet365,1.9,1.8,bet365,11.0,bet365,12.0,bet365,8.5,bet365,6.5,bet365,19.0,bet365,10.0,bet365,12.0,bet365,9.0,bet365,13.0,bet365,41.0,bet365,19.0,bet365,26.0,bet365,17.0,bet365,34.0,bet365,23.0,,0.0,0.0,,0.0,0.0,,0.0,0.0,bet365,6.6,1.11,bet365,3.45,1.3,bet365,1.77,2.1,bet365,1.38,3.0,bet365,1.25,3.8,bet365,1.1,7.0,bet365,1.1,7.0,Betano.br,37.0,15.5,19.0,Betano.br,20.0,9.5,8.75,bet365,0.0,0.0,3.75,bet365,1.72,3.75,0.0,Betano.br,1.27,6.0,1.09,Betano.br,1.08,10.5,1.02,,,,,,,,,,,0.42,0.58,,,,,,,,,,,12.0,7.0,4.0,2.0,8.0,5.0,,,,,,,,,,,,,2.0,2.0,18.0,16.0,17.0,16.0,17.0,14.0,2.0,1.0,,,1.0,2.0,1.0,3.0,,,,,,,,,,,,,,,,,,,,,,,0.45,0.55,,,,,,,,,,,2.0,3.0,1.0,1.0,1.0,2.0,,,,,,,,,,,,,1.0,0.0,9.0,12.0,10.0,9.0,12.0,8.0,2.0,1.0,,,0.0,1.0,0.0,1.0,,,,,,,,,,,,,,,,,,,,,,,0.39,0.61,,,,,,,,,,,10.0,4.0,3.0,1.0,7.0,3.0,,,,,,,,,,,,,1.0,2.0,9.0,4.0,7.0,7.0,5.0,6.0,,,,,1.0,1.0,1.0,2.0,,,,,,,,,,,,,K League 1,0IDCJLlH
6ko5ArcJ,SOUTH KOREA,2022,SOUTH KOREA 1,SOUTH KOREA 1,30/07/2022,10:30,Round 25,Pohang,KIIIipI5,Seoul,8tzeYeHp,False,1,2,,,,,,[],[],,0.0,0.0,0.0,,0.0,0.0,0.0,,0.0,0.0,0.0,,0.0,0.0,,0.0,0.0,,0.0,0.0,,0.0,0.0,,0.0,0.0,,0.0,0.0,,0.0,0.0,,0.0,0.0,,0.0,0.0,,0.0,0.0,,0.0,0.0,,0.0,0.0,,0.0,0.0,,0.0,0.0,,0.0,0.0,0.0,,0.0,0.0,0.0,,0.0,0.0,0.0,,0.0,0.0,,0.0,0.0,,0.0,0.0,,0.0,0.0,0.0,0.0,0.0,0.0,0.0,0.0,0.0,,0.0,0.0,,0.0,0.0,,0.0,0.0,,0.0,,0.0,,0.0,,0.0,,0.0,,0.0,,0.0,,0.0,,0.0,,0.0,,0.0,,0.0,,0.0,,0.0,,0.0,,0.0,0.0,,0.0,0.0,,0.0,0.0,,0.0,0.0,,0.0,0.0,,0.0,0.0,,0.0,0.0,,0.0,0.0,,0.0,0.0,,0.0,0.0,,0.0,0.0,0.0,,0.0,0.0,0.0,,0.0,0.0,0.0,,0.0,0.0,0.0,,0.0,0.0,0.0,,0.0,0.0,0.0,,,,,,,,,,,,,,,,,,,,,,,,,,,,,,,,,,,,,,,,,,,,,,,,,,,,,,,,,,,,,,,,,,,,,,,,,,,,,,,,,,,,,,,,,,,,,,,,,,,,,,,,,,,,,,,,,,,,,,,,,,,,,,,,,,,,,,,,,,,,,,,,,,,,,,,,,,,,,,,,,,,,,,,,,,,,,,,,,,,,,,,,,,,,,,,,,,,,,,,,,,,,,K League 1,0IDCJLlH
4pDVQ3s0,SOUTH KOREA,2022,SOUTH KOREA 1,SOUTH KOREA 1,03/08/2022,10:00,Round 26,Incheon,prJ1QuXA,Suwon FC,6sXCYRPI,False,1,1,,,,,,[],[],,0.0,0.0,0.0,,0.0,0.0,0.0,,0.0,0.0,0.0,,0.0,0.0,,0.0,0.0,,0.0,0.0,,0.0,0.0,,0.0,0.0,,0.0,0.0,,0.0,0.0,,0.0,0.0,,0.0,0.0,,0.0,0.0,,0.0,0.0,,0.0,0.0,,0.0,0.0,,0.0,0.0,,0.0,0.0,0.0,,0.0,0.0,0.0,,0.0,0.0,0.0,,0.0,0.0,,0.0,0.0,,0.0,0.0,,0.0,0.0,0.0,0.0,0.0,0.0,0.0,0.0,0.0,,0.0,0.0,,0.0,0.0,,0.0,0.0,,0.0,,0.0,,0.0,,0.0,,0.0,,0.0,,0.0,,0.0,,0.0,,0.0,,0.0,,0.0,,0.0,,0.0,,0.0,,0.0,0.0,,0.0,0.0,,0.0,0.0,,0.0,0.0,,0.0,0.0,,0.0,0.0,,0.0,0.0,,0.0,0.0,,0.0,0.0,,0.0,0.0,,0.0,0.0,0.0,,0.0,0.0,0.0,,0.0,0.0,0.0,,0.0,0.0,0.0,,0.0,0.0,0.0,,0.0,0.0,0.0,,,,,,,,,,,,,,,,,,,,,,,,,,,,,,,,,,,,,,,,,,,,,,,,,,,,,,,,,,,,,,,,,,,,,,,,,,,,,,,,,,,,,,,,,,,,,,,,,,,,,,,,,,,,,,,,,,,,,,,,,,,,,,,,,,,,,,,,,,,,,,,,,,,,,,,,,,,,,,,,,,,,,,,,,,,,,,,,,,,,,,,,,,,,,,,,,,,,,,,,,,,,,K League 1,0IDCJLlH
QgERRqSg,SOUTH KOREA,2022,SOUTH KOREA 1,SOUTH KOREA 1,02/08/2022,11:00,Round 26,Ulsan HD,EVEwgyOM,Seoul,8tzeYeHp,False,1,1,,,,,,[],[],,0.0,0.0,0.0,,0.0,0.0,0.0,,0.0,0.0,0.0,,0.0,0.0,,0.0,0.0,,0.0,0.0,,0.0,0.0,,0.0,0.0,,0.0,0.0,,0.0,0.0,,0.0,0.0,,0.0,0.0,,0.0,0.0,,0.0,0.0,,0.0,0.0,,0.0,0.0,,0.0,0.0,,0.0,0.0,0.0,,0.0,0.0,0.0,,0.0,0.0,0.0,,0.0,0.0,,0.0,0.0,,0.0,0.0,,0.0,0.0,0.0,0.0,0.0,0.0,0.0,0.0,0.0,,0.0,0.0,,0.0,0.0,,0.0,0.0,,0.0,,0.0,,0.0,,0.0,,0.0,,0.0,,0.0,,0.0,,0.0,,0.0,,0.0,,0.0,,0.0,,0.0,,0.0,,0.0,0.0,,0.0,0.0,,0.0,0.0,,0.0,0.0,,0.0,0.0,,0.0,0.0,,0.0,0.0,,0.0,0.0,,0.0,0.0,,0.0,0.0,,0.0,0.0,0.0,,0.0,0.0,0.0,,0.0,0.0,0.0,,0.0,0.0,0.0,,0.0,0.0,0.0,,0.0,0.0,0.0,,,,,,,,,,,,,,,,,,,,,,,,,,,,,,,,,,,,,,,,,,,,,,,,,,,,,,,,,,,,,,,,,,,,,,,,,,,,,,,,,,,,,,,,,,,,,,,,,,,,,,,,,,,,,,,,,,,,,,,,,,,,,,,,,,,,,,,,,,,,,,,,,,,,,,,,,,,,,,,,,,,,,,,,,,,,,,,,,,,,,,,,,,,,,,,,,,,,,,,,,,,,,K League 1,0IDCJLlH
rPi9C4b1,SOUTH KOREA,2022,SOUTH KOREA 1,SOUTH KOREA 1,12/10/2022,10:30,Round 36,Suwon FC,6sXCYRPI,Seongnam,WMiRgH8G,False,2,1,,,,,,"[3, 55]",[45],bet365,2.6,2.2,4.5,bet365,2.2,2.4,4.0,bet365,1.9,3.4,4.0,bet365,1.4,2.75,bet365,3.0,1.36,bet365,8.0,1.08,bet365,1.25,3.75,bet365,2.1,1.66,bet365,4.5,1.18,bet365,1.06,10.0,bet365,1.3,3.4,bet365,2.05,1.8,bet365,3.5,1.28,bet365,7.0,1.1,bet365,1.83,1.83,bet365,5.0,1.16,bet365,3.5,1.28,bet365,1.22,1.3,1.8,bet365,1.2,1.61,1.5,Betano.br,1.24,1.47,1.6,bet365,1.36,3.0,Betano.br,1.45,2.55,Betano.br,1.47,2.57,bet365,3.1,15.0,34.0,4.75,5.0,8.5,23.0,15.0,6.5,bet365,1.95,1.9,bet365,2.1,1.72,bet365,1.9,1.8,bet365,9.5,bet365,7.0,bet365,11.0,bet365,6.5,bet365,9.0,bet365,21.0,bet365,8.5,bet365,13.0,bet365,15.0,bet365,17.0,bet365,41.0,bet365,15.0,bet365,34.0,bet365,26.0,bet365,41.0,bet365,7.0,1.1,bet365,6.6,1.11,bet365,3.45,1.3,bet365,2.67,1.45,bet365,1.9,1.95,bet365,1.24,3.9,bet365,1.1,7.0,,0.0,0.0,,0.0,0.0,,0.0,0.0,Betano.br,17.0,9.5,40.0,Betano.br,7.6,5.5,25.0,bet365,3.4,3.6,0.0,bet365,0.0,0.0,1.8,Betano.br,1.07,10.5,1.32,Betano.br,1.02,17.0,1.1,,,,,,,,,,,0.38,0.62,,,,,,,,,,,11.0,12.0,9.0,8.0,2.0,4.0,,,,,,,,,,,,,6.0,7.0,13.0,10.0,20.0,17.0,9.0,10.0,3.0,2.0,,,1.0,3.0,7.0,7.0,,,,,,,,,,,,,,,,,,,,,,,0.49,0.51,,,,,,,,,,,5.0,3.0,5.0,2.0,0.0,1.0,,,,,,,,,,,,,3.0,4.0,6.0,6.0,10.0,6.0,5.0,5.0,1.0,1.0,,,1.0,1.0,1.0,4.0,,,,,,,,,,,,,,,,,,,,,,,0.27,0.73,,,,,,,,,,,6.0,9.0,4.0,6.0,2.0,3.0,,,,,,,,,,,,,3.0,3.0,7.0,4.0,10.0,11.0,4.0,5.0,2.0,1.0,,,0.0,2.0,6.0,3.0,,,,,,,,,,,,,K League 1,0IDCJLlH
tr0uGnTs,SOUTH KOREA,2022,SOUTH KOREA 1,SOUTH KOREA 1,21/08/2022,10:00,Round 24,Gimcheon Sangmu,IaoBca9i,Ulsan HD,EVEwgyOM,False,1,2,,,,,,[36],"[45, 49]",bet365,7.0,2.6,1.83,bet365,6.0,3.0,1.61,bet365,7.0,5.0,1.36,bet365,1.25,3.75,bet365,2.25,1.57,bet365,5.5,1.14,bet365,1.14,5.5,bet365,1.72,2.0,bet365,3.4,1.3,bet365,1.02,19.0,bet365,1.14,5.5,bet365,1.5,2.5,bet365,2.25,1.57,bet365,3.75,1.25,bet365,1.8,1.9,bet365,4.33,1.2,bet365,3.25,1.33,bet365,3.0,1.16,1.1,bet365,1.83,1.5,1.08,Betano.br,2.05,1.35,1.14,bet365,5.5,1.14,Betano.br,4.05,1.2,Betano.br,4.1,1.21,bet365,13.0,19.0,19.0,15.0,8.0,4.0,41.0,17.0,2.0,bet365,1.95,1.9,bet365,2.0,1.8,bet365,1.9,1.8,bet365,17.0,bet365,21.0,bet365,8.5,bet365,10.0,bet365,41.0,bet365,7.5,bet365,21.0,bet365,8.5,bet365,19.0,bet365,81.0,bet365,9.5,bet365,51.0,bet365,11.0,bet365,41.0,bet365,23.0,,0.0,0.0,,0.0,0.0,,0.0,0.0,,0.0,0.0,bet365,6.6,1.11,bet365,3.0,1.38,bet365,2.38,1.55,bet365,1.85,2.0,bet365,1.45,2.67,bet365,1.32,3.3,Betano.br,40.0,17.5,6.7,Betano.br,37.0,14.5,3.45,bet365,0.0,0.0,1.95,bet365,3.0,3.75,0.0,Betano.br,1.82,4.35,1.03,Betano.br,1.32,6.0,1.02,,,,,,,,,,,0.42,0.58,,,,,,,,,,,4.0,9.0,2.0,4.0,2.0,5.0,,,,,,,,,,,,,4.0,5.0,10.0,12.0,20.0,22.0,10.0,10.0,1.0,0.0,,,2.0,0.0,2.0,1.0,,,,,,,,,,,,,,,,,,,,,,,0.41,0.59,,,,,,,,,,,2.0,3.0,2.0,1.0,0.0,2.0,,,,,,,,,,,,,1.0,1.0,4.0,6.0,10.0,16.0,5.0,4.0,1.0,0.0,,,1.0,0.0,0.0,1.0,,,,,,,,,,,,,,,,,,,,,,,0.43,0.57,,,,,,,,,,,2.0,6.0,0.0,3.0,2.0,3.0,,,,,,,,,,,,,3.0,4.0,6.0,6.0,10.0,6.0,5.0,6.0,,,,,1.0,0.0,2.0,0.0,,,,,,,,,,,,,K League 1,0IDCJLlH
WWWMc5DD,SOUTH KOREA,2022,SOUTH KOREA 1,SOUTH KOREA 1,27/08/2022,11:00,Round 23,Incheon,prJ1QuXA,Seoul,8tzeYeHp,False,2,0,,,,,,"[27, 54]",[],bet365,4.0,2.1,2.87,bet365,3.4,2.4,2.5,bet365,3.4,3.3,2.15,bet365,1.4,2.75,bet365,3.0,1.36,bet365,9.0,1.07,bet365,1.25,3.75,bet365,2.1,1.66,bet365,5.0,1.16,bet365,1.06,10.0,bet365,1.3,3.4,bet365,2.05,1.8,bet365,3.5,1.28,bet365,7.0,1.1,bet365,1.8,1.9,bet365,5.0,1.16,bet365,3.4,1.3,bet365,1.66,1.33,1.3,bet365,1.4,1.66,1.22,Betano.br,1.5,1.5,1.29,bet365,2.37,1.53,Betano.br,2.1,1.65,Betano.br,2.27,1.6,bet365,5.5,15.0,26.0,7.0,5.0,5.5,29.0,13.0,3.6,bet365,1.95,1.9,bet365,2.1,1.72,bet365,2.0,1.72,bet365,9.5,bet365,10.0,bet365,7.5,bet365,6.5,bet365,17.0,bet365,10.0,bet365,12.0,bet365,9.0,bet365,15.0,bet365,34.0,bet365,21.0,bet365,29.0,bet365,17.0,bet365,34.0,bet365,29.0,,0.0,0.0,,0.0,0.0,bet365,7.0,1.1,bet365,6.6,1.11,bet365,3.45,1.3,bet365,1.73,2.08,bet365,1.35,3.1,bet365,1.23,4.0,,0.0,0.0,,0.0,0.0,Betano.br,35.0,15.0,23.0,Betano.br,18.0,9.0,10.5,bet365,0.0,0.0,4.0,bet365,1.66,3.75,0.0,Betano.br,1.23,6.3,1.11,Betano.br,1.07,11.25,1.03,,,,,,,,,,,0.31,0.69,,,,,,,,,,,7.0,11.0,4.0,4.0,3.0,7.0,,,,,,,,,,,,,1.0,10.0,12.0,14.0,15.0,39.0,12.0,12.0,1.0,2.0,,,2.0,0.0,4.0,2.0,,,,,,,,,,,,,,,,,,,,,,,0.41,0.59,,,,,,,,,,,2.0,5.0,1.0,1.0,1.0,4.0,,,,,,,,,,,,,0.0,2.0,4.0,5.0,8.0,14.0,5.0,4.0,1.0,0.0,,,0.0,0.0,1.0,0.0,,,,,,,,,,,,,,,,,,,,,,,0.21,0.79,,,,,,,,,,,5.0,6.0,3.0,3.0,2.0,3.0,,,,,,,,,,,,,1.0,8.0,8.0,9.0,7.0,25.0,7.0,8.0,0.0,2.0,,,2.0,0.0,3.0,2.0,,,,,,,,,,,,,K League 1,0IDCJLlH
Q3oSSPrr,SOUTH KOREA,2022,SOUTH KOREA 1,SOUTH KOREA 1,22/10/2022,06:00,Round 38,Seongnam,WMiRgH8G,Daegu,SrMQkOnI,False,4,4,,,,,,"[58, 59, 69, 79]","[37, 39, 53, 77]",bet365,3.0,2.2,3.6,bet365,2.6,2.5,3.1,bet365,2.25,3.4,2.87,bet365,1.4,2.75,bet365,2.75,1.4,bet365,8.0,1.08,bet365,1.22,4.0,bet365,2.1,1.66,bet365,4.5,1.18,bet365,1.05,11.0,bet365,1.3,3.4,bet365,2.0,1.85,bet365,3.4,1.3,bet365,7.0,1.1,bet365,1.72,2.0,bet365,4.5,1.18,bet365,3.25,1.33,bet365,1.4,1.3,1.61,bet365,1.28,1.61,1.36,Betano.br,1.34,1.5,1.44,bet365,1.66,2.1,Betano.br,2.1,1.65,Betano.br,1.72,2.05,bet365,3.75,13.0,29.0,5.5,5.0,6.5,26.0,15.0,4.75,bet365,1.95,1.9,bet365,2.1,1.72,bet365,1.9,1.8,bet365,11.0,bet365,8.0,bet365,9.5,bet365,6.5,bet365,11.0,bet365,15.0,bet365,9.5,bet365,11.0,bet365,15.0,bet365,21.0,bet365,29.0,bet365,19.0,bet365,23.0,bet365,29.0,bet365,29.0,,0.0,0.0,,0.0,0.0,bet365,4.4,1.2,bet365,3.55,1.27,bet365,2.25,1.63,bet365,1.4,2.85,bet365,1.15,5.5,bet365,1.11,6.4,,0.0,0.0,,0.0,0.0,Betano.br,25.0,12.0,32.0,Betano.br,11.5,6.8,15.5,bet365,4.5,4.0,5.0,bet365,1.5,4.33,1.61,Betano.br,1.13,8.25,1.2,Betano.br,1.03,14.0,1.06,,,,,,,,,,,0.65,0.35,,,,,,,,,,,23.0,6.0,15.0,5.0,8.0,1.0,,,,,,,,,,,,,3.0,1.0,16.0,10.0,24.0,32.0,14.0,10.0,4.0,0.0,,,2.0,0.0,1.0,11.0,,,,,,,,,,,,,,,,,,,,,,,0.55,0.45,,,,,,,,,,,10.0,2.0,4.0,2.0,6.0,0.0,,,,,,,,,,,,,1.0,0.0,2.0,7.0,8.0,17.0,7.0,2.0,2.0,0.0,,,0.0,0.0,0.0,4.0,,,,,,,,,,,,,,,,,,,,,,,0.75,0.25,,,,,,,,,,,13.0,4.0,11.0,3.0,2.0,1.0,,,,,,,,,,,,,2.0,1.0,14.0,3.0,16.0,15.0,7.0,8.0,2.0,0.0,,,2.0,0.0,1.0,7.0,,,,,,,,,,,,,K League 1,0IDCJLlH
ddqNFLl5,SOUTH KOREA,2022,SOUTH KOREA 1,SOUTH KOREA 1,13/08/2022,10:30,Round 28,Incheon,prJ1QuXA,Jeonbuk,x0hNfcgA,False,3,1,,,,,,"[30, 50, 74]",[15],bet365,4.0,2.2,2.75,bet365,3.4,2.5,2.37,bet365,3.4,3.4,2.05,bet365,1.36,3.0,bet365,2.75,1.4,bet365,7.0,1.1,bet365,1.22,4.0,bet365,2.0,1.72,bet365,4.33,1.2,bet365,1.05,11.0,bet365,1.25,3.75,bet365,1.9,1.95,bet365,3.25,1.33,bet365,6.0,1.12,bet365,1.66,2.1,bet365,4.5,1.18,bet365,3.25,1.33,bet365,1.72,1.3,1.3,bet365,1.4,1.61,1.22,Betano.br,1.55,1.47,1.27,bet365,2.5,1.5,Betano.br,2.2,1.6,Betano.br,2.4,1.53,bet365,5.5,15.0,23.0,7.5,5.5,5.5,29.0,13.0,3.4,bet365,1.95,1.9,bet365,2.1,1.72,bet365,1.9,1.8,bet365,11.0,bet365,11.0,bet365,8.0,bet365,6.5,bet365,19.0,bet365,10.0,bet365,12.0,bet365,9.0,bet365,13.0,bet365,41.0,bet365,19.0,bet365,26.0,bet365,17.0,bet365,34.0,bet365,23.0,,0.0,0.0,,0.0,0.0,,0.0,0.0,bet365,6.4,1.11,bet365,3.45,1.3,bet365,1.75,2.05,bet365,1.38,3.0,bet365,1.25,3.8,bet365,1.1,7.0,bet365,1.1,7.0,Betano.br,35.0,15.5,19.5,Betano.br,18.0,9.25,8.75,bet365,0.0,0.0,3.75,bet365,1.72,3.75,0.0,Betano.br,1.27,5.9,1.1,Betano.br,1.08,10.25,1.03,,,,,,,,,,,0.3,0.7,,,,,,,,,,,17.0,8.0,14.0,6.0,3.0,2.0,,,,,,,,,,,,,6.0,2.0,14.0,11.0,25.0,16.0,5.0,10.0,2.0,2.0,,,6.0,4.0,5.0,11.0,,,,,,,,,,,,,,,,,,,,,,,0.34,0.66,,,,,,,,,,,8.0,4.0,7.0,3.0,1.0,1.0,,,,,,,,,,,,,4.0,0.0,10.0,4.0,12.0,5.0,1.0,7.0,,,,,3.0,3.0,2.0,6.0,,,,,,,,,,,,,,,,,,,,,,,0.26,0.74,,,,,,,,,,,9.0,4.0,7.0,3.0,2.0,1.0,,,,,,,,,,,,,2.0,2.0,4.0,7.0,13.0,11.0,4.0,3.0,2.0,2.0,,,3.0,1.0,3.0,5.0,,,,,,,,,,,,,K League 1,0IDCJLlH
O6TEaRr1,SOUTH KOREA,2022,SOUTH KOREA 1,SOUTH KOREA 1,29/08/2022,10:00,Round 23,Jeonbuk,x0hNfcgA,Pohang,KIIIipI5,False,2,2,,,,,,"[55, 86]","[47, 50]",bet365,3.25,2.1,3.25,bet365,2.87,2.4,2.87,bet365,2.62,3.2,2.62,bet365,1.4,2.75,bet365,3.0,1.36,bet365,8.0,1.08,bet365,1.22,4.0,bet365,2.1,1.66,bet365,4.5,1.18,bet365,1.05,11.0,bet365,1.28,3.5,bet365,2.0,1.85,bet365,3.4,1.3,bet365,7.0,1.1,bet365,1.72,2.0,bet365,4.5,1.18,bet365,3.25,1.33,bet365,1.44,1.36,1.44,bet365,1.33,1.66,1.33,Betano.br,1.38,1.5,1.39,bet365,1.83,1.83,Betano.br,1.87,1.83,Betano.br,1.85,1.88,bet365,4.33,13.0,29.0,6.0,5.0,6.0,29.0,13.0,4.33,bet365,1.95,1.9,bet365,2.1,1.72,bet365,1.9,1.8,bet365,10.0,bet365,9.0,bet365,9.0,bet365,6.0,bet365,13.0,bet365,13.0,bet365,10.0,bet365,10.0,bet365,13.0,bet365,26.0,bet365,26.0,bet365,21.0,bet365,21.0,bet365,29.0,bet365,29.0,,0.0,0.0,,0.0,0.0,bet365,5.5,1.15,bet365,4.4,1.2,bet365,2.6,1.48,bet365,1.48,2.6,bet365,1.2,4.4,bet365,1.15,5.5,,0.0,0.0,,0.0,0.0,Betano.br,29.0,13.5,28.0,Betano.br,14.0,7.5,13.5,bet365,5.0,4.33,5.0,bet365,1.44,4.33,1.5,Betano.br,1.16,7.6,1.16,Betano.br,1.04,13.5,1.04,,,,,,,,,,,0.54,0.46,,,,,,,,,,,6.0,16.0,3.0,10.0,3.0,6.0,,,,,,,,,,,,,5.0,11.0,11.0,10.0,26.0,21.0,11.0,7.0,0.0,1.0,,,0.0,3.0,8.0,1.0,,,,,,,,,,,,,,,,,,,,,,,0.41,0.59,,,,,,,,,,,1.0,6.0,0.0,1.0,1.0,5.0,,,,,,,,,,,,,2.0,7.0,5.0,5.0,14.0,12.0,5.0,3.0,0.0,1.0,,,0.0,2.0,1.0,0.0,,,,,,,,,,,,,,,,,,,,,,,0.67,0.33,,,,,,,,,,,5.0,10.0,3.0,9.0,2.0,1.0,,,,,,,,,,,,,3.0,4.0,6.0,5.0,12.0,9.0,6.0,4.0,,,,,0.0,1.0,7.0,1.0,,,,,,,,,,,,,K League 1,0IDCJLlH
jJrREu4B,SOUTH KOREA,2022,SOUTH KOREA 1,SOUTH KOREA 1,14/08/2022,10:00,Round 28,Jeju SK,vFZJewv4,Pohang,KIIIipI5,False,5,0,,,,,,"[19, 33, 71, 87, 90]",[],bet365,3.5,2.1,3.1,bet365,3.1,2.4,2.62,bet365,2.8,3.3,2.37,bet365,1.4,2.75,bet365,3.0,1.36,bet365,8.0,1.08,bet365,1.25,3.75,bet365,2.1,1.66,bet365,4.5,1.18,bet365,1.05,11.0,bet365,1.28,3.5,bet365,2.0,1.85,bet365,3.4,1.3,bet365,7.0,1.1,bet365,1.72,2.0,bet365,5.0,1.16,bet365,3.4,1.3,bet365,1.53,1.33,1.4,bet365,1.36,1.66,1.28,Betano.br,1.44,1.5,1.33,bet365,2.0,1.72,Betano.br,2.0,1.72,Betano.br,2.05,1.72,bet365,4.75,15.0,26.0,6.5,5.0,5.5,29.0,13.0,4.0,bet365,1.95,1.9,bet365,2.1,1.72,bet365,1.9,1.8,bet365,10.0,bet365,9.0,bet365,8.0,bet365,6.5,bet365,15.0,bet365,12.0,bet365,11.0,bet365,9.5,bet365,15.0,bet365,29.0,bet365,23.0,bet365,23.0,bet365,19.0,bet365,34.0,bet365,29.0,,0.0,0.0,,0.0,0.0,bet365,6.25,1.12,bet365,5.25,1.16,bet365,2.85,1.4,bet365,1.6,2.3,bet365,1.26,3.7,bet365,1.19,4.5,,0.0,0.0,,0.0,0.0,Betano.br,32.0,14.5,26.0,Betano.br,16.5,8.25,12.0,bet365,4.75,4.0,4.5,bet365,1.53,4.0,1.53,Betano.br,1.19,6.9,1.12,Betano.br,1.05,12.5,1.03,,,,,,,,,,,0.52,0.48,,,,,,,,,,,10.0,5.0,7.0,0.0,3.0,5.0,,,,,,,,,,,,,0.0,3.0,13.0,7.0,23.0,11.0,7.0,11.0,2.0,4.0,0.0,1.0,0.0,2.0,0.0,2.0,,,,,,,,,,,,,,,,,,,,,,,0.56,0.44,,,,,,,,,,,5.0,1.0,3.0,0.0,2.0,1.0,,,,,,,,,,,,,0.0,0.0,9.0,6.0,13.0,6.0,4.0,8.0,2.0,2.0,,,0.0,1.0,0.0,1.0,,,,,,,,,,,,,,,,,,,,,,,0.48,0.52,,,,,,,,,,,5.0,4.0,4.0,0.0,1.0,4.0,,,,,,,,,,,,,0.0,3.0,4.0,1.0,10.0,5.0,3.0,3.0,0.0,2.0,0.0,1.0,0.0,1.0,0.0,1.0,,,,,,,,,,,,,K League 1,0IDCJLlH
rguJG1Zb,SOUTH KOREA,2022,SOUTH KOREA 1,SOUTH KOREA 1,13/08/2022,09:00,Round 28,Ulsan HD,EVEwgyOM,Daegu,SrMQkOnI,False,4,0,,,,,,"[28, 45, 51, 90]",[],bet365,2.1,2.3,5.5,bet365,1.9,2.62,4.75,bet365,1.57,4.0,5.0,bet365,1.33,3.25,bet365,2.62,1.44,bet365,6.5,1.11,bet365,1.2,4.33,bet365,1.9,1.8,bet365,4.0,1.22,bet365,1.04,13.0,bet365,1.22,4.0,bet365,1.75,2.05,bet365,2.75,1.4,bet365,5.5,1.14,bet365,1.8,1.9,bet365,4.5,1.18,bet365,3.4,1.3,bet365,1.16,1.22,2.25,bet365,1.12,1.57,1.66,Betano.br,1.17,1.42,1.82,bet365,1.22,4.0,Betano.br,1.3,3.2,Betano.br,1.29,3.4,bet365,2.5,15.0,41.0,4.33,6.0,11.0,21.0,17.0,9.0,bet365,1.95,1.9,bet365,2.1,1.72,bet365,1.9,1.8,bet365,13.0,bet365,7.5,bet365,15.0,bet365,8.0,bet365,8.0,bet365,29.0,bet365,8.5,bet365,17.0,bet365,17.0,bet365,12.0,bet365,51.0,bet365,13.0,bet365,41.0,bet365,23.0,bet365,41.0,bet365,5.25,1.16,bet365,4.25,1.21,bet365,2.6,1.48,bet365,2.05,1.8,bet365,1.6,2.3,bet365,1.18,4.8,,0.0,0.0,,0.0,0.0,,0.0,0.0,,0.0,0.0,Betano.br,10.75,7.4,0.0,Betano.br,5.0,4.65,32.0,bet365,2.5,3.6,0.0,bet365,0.0,0.0,2.25,Betano.br,1.04,13.0,1.52,Betano.br,0.0,0.0,1.19,,,,,,,,,,,0.68,0.32,,,,,,,,,,,20.0,13.0,15.0,6.0,5.0,7.0,,,,,,,,,,,,,7.0,5.0,6.0,9.0,14.0,12.0,7.0,5.0,,,,,2.0,1.0,6.0,11.0,,,,,,,,,,,,,,,,,,,,,,,0.61,0.39,,,,,,,,,,,8.0,6.0,8.0,0.0,0.0,6.0,,,,,,,,,,,,,4.0,3.0,2.0,5.0,9.0,5.0,3.0,2.0,,,,,2.0,0.0,0.0,6.0,,,,,,,,,,,,,,,,,,,,,,,0.75,0.25,,,,,,,,,,,12.0,7.0,7.0,6.0,5.0,1.0,,,,,,,,,,,,,3.0,2.0,4.0,4.0,5.0,7.0,4.0,3.0,,,,,0.0,1.0,6.0,5.0,,,,,,,,,,,,,K League 1,0IDCJLlH
hKOoNLtP,SOUTH KOREA,2022,SOUTH KOREA 1,SOUTH KOREA 1,05/08/2022,10:30,Round 27,Seoul,8tzeYeHp,Jeju SK,vFZJewv4,False,0,2,,,,,,[],"[51, 68]",bet365,2.62,2.25,4.0,bet365,2.3,2.5,3.5,bet365,2.0,3.75,3.3,bet365,1.36,3.0,bet365,2.62,1.44,bet365,7.0,1.1,bet365,1.2,4.33,bet365,2.0,1.72,bet365,4.33,1.2,bet365,1.04,13.0,bet365,1.25,3.75,bet365,1.83,2.02,bet365,3.0,1.36,bet365,6.0,1.12,bet365,1.72,2.0,bet365,4.33,1.2,bet365,3.25,1.33,bet365,1.33,1.25,1.72,bet365,1.22,1.57,1.44,Betano.br,1.28,1.47,1.55,bet365,1.5,2.5,Betano.br,1.57,2.25,Betano.br,1.57,2.32,bet365,3.25,13.0,29.0,5.0,5.5,7.5,23.0,15.0,5.5,bet365,1.95,1.9,bet365,2.1,1.72,bet365,1.9,1.8,bet365,12.0,bet365,8.5,bet365,11.0,bet365,7.0,bet365,10.0,bet365,17.0,bet365,9.0,bet365,12.0,bet365,15.0,bet365,19.0,bet365,41.0,bet365,15.0,bet365,26.0,bet365,23.0,bet365,29.0,,0.0,0.0,bet365,7.0,1.1,bet365,3.55,1.27,bet365,2.85,1.4,bet365,2.0,1.8,bet365,1.32,3.3,bet365,1.12,6.25,bet365,1.1,7.0,,0.0,0.0,,0.0,0.0,Betano.br,19.0,10.25,35.0,Betano.br,8.75,5.9,19.0,bet365,3.5,3.75,0.0,bet365,0.0,0.0,1.72,Betano.br,1.1,9.25,1.27,Betano.br,1.03,15.5,1.09,,,,,,,,,,,0.64,0.36,,,,,,,,,,,11.0,6.0,5.0,4.0,6.0,2.0,,,,,,,,,,,,,6.0,3.0,10.0,13.0,35.0,20.0,12.0,9.0,2.0,1.0,1.0,1.0,1.0,1.0,2.0,5.0,,,,,,,,,,,,,,,,,,,,,,,0.49,0.51,,,,,,,,,,,5.0,2.0,3.0,1.0,2.0,1.0,,,,,,,,,,,,,1.0,1.0,3.0,6.0,12.0,8.0,5.0,2.0,1.0,0.0,,,1.0,1.0,1.0,3.0,,,,,,,,,,,,,,,,,,,,,,,0.79,0.21,,,,,,,,,,,6.0,4.0,2.0,3.0,4.0,1.0,,,,,,,,,,,,,5.0,2.0,7.0,7.0,23.0,12.0,7.0,7.0,1.0,1.0,1.0,1.0,0.0,0.0,1.0,2.0,,,,,,,,,,,,,K League 1,0IDCJLlH
je0vOqsP,SOUTH KOREA,2022,SOUTH KOREA 1,SOUTH KOREA 1,06/08/2022,10:00,Round 27,Pohang,KIIIipI5,Gangwon,A144gewT,False,2,1,,,,,,"[19, 63]",[51],bet365,2.6,2.2,4.5,bet365,2.2,2.4,4.0,bet365,1.9,3.4,4.0,bet365,1.4,2.75,bet365,3.0,1.36,bet365,8.0,1.08,bet365,1.25,3.75,bet365,2.1,1.66,bet365,4.5,1.18,bet365,1.06,10.0,bet365,1.3,3.4,bet365,2.02,1.83,bet365,3.5,1.28,bet365,7.0,1.1,bet365,1.83,1.83,bet365,5.0,1.16,bet365,3.5,1.28,bet365,1.22,1.3,1.8,bet365,1.18,1.61,1.5,Betano.br,1.25,1.5,1.55,bet365,1.36,3.0,Betano.br,1.45,2.57,Betano.br,1.5,2.5,bet365,3.1,15.0,34.0,4.75,5.0,8.5,23.0,15.0,6.5,bet365,1.95,1.9,bet365,2.1,1.72,bet365,1.9,1.8,bet365,9.5,bet365,7.0,bet365,11.0,bet365,6.5,bet365,9.0,bet365,21.0,bet365,8.5,bet365,13.0,bet365,15.0,bet365,17.0,bet365,41.0,bet365,15.0,bet365,34.0,bet365,26.0,bet365,41.0,bet365,7.0,1.1,bet365,6.6,1.11,bet365,3.45,1.3,bet365,2.67,1.45,bet365,1.93,1.93,bet365,1.25,3.8,,0.0,0.0,,0.0,0.0,,0.0,0.0,,0.0,0.0,Betano.br,17.5,9.75,45.0,Betano.br,7.8,5.6,26.0,bet365,3.4,3.6,0.0,bet365,0.0,0.0,1.8,Betano.br,1.07,10.5,1.31,Betano.br,1.02,17.0,1.1,,,,,,,,,,,0.53,0.47,,,,,,,,,,,4.0,8.0,3.0,6.0,1.0,2.0,,,,,,,,,,,,,6.0,2.0,9.0,6.0,10.0,24.0,3.0,8.0,2.0,0.0,,,3.0,1.0,5.0,1.0,,,,,,,,,,,,,,,,,,,,,,,0.44,0.56,,,,,,,,,,,1.0,2.0,1.0,2.0,0.0,0.0,,,,,,,,,,,,,5.0,1.0,3.0,0.0,5.0,13.0,0.0,3.0,,,,,0.0,0.0,2.0,0.0,,,,,,,,,,,,,,,,,,,,,,,0.62,0.38,,,,,,,,,,,3.0,6.0,2.0,4.0,1.0,2.0,,,,,,,,,,,,,1.0,1.0,6.0,6.0,5.0,11.0,3.0,5.0,2.0,0.0,,,3.0,1.0,3.0,1.0,,,,,,,,,,,,,K League 1,0IDCJLlH
QeJZ8VLE,SOUTH KOREA,2022,SOUTH KOREA 1,SOUTH KOREA 1,16/07/2022,10:00,Round 22,Suwon FC,6sXCYRPI,Gangwon,A144gewT,False,2,4,,,,,,[],[],,0.0,0.0,0.0,,0.0,0.0,0.0,,0.0,0.0,0.0,,0.0,0.0,,0.0,0.0,,0.0,0.0,,0.0,0.0,,0.0,0.0,,0.0,0.0,,0.0,0.0,,0.0,0.0,,0.0,0.0,,0.0,0.0,,0.0,0.0,,0.0,0.0,,0.0,0.0,,0.0,0.0,,0.0,0.0,0.0,,0.0,0.0,0.0,,0.0,0.0,0.0,,0.0,0.0,,0.0,0.0,,0.0,0.0,,0.0,0.0,0.0,0.0,0.0,0.0,0.0,0.0,0.0,,0.0,0.0,,0.0,0.0,,0.0,0.0,,0.0,,0.0,,0.0,,0.0,,0.0,,0.0,,0.0,,0.0,,0.0,,0.0,,0.0,,0.0,,0.0,,0.0,,0.0,,0.0,0.0,,0.0,0.0,,0.0,0.0,,0.0,0.0,,0.0,0.0,,0.0,0.0,,0.0,0.0,,0.0,0.0,,0.0,0.0,,0.0,0.0,,0.0,0.0,0.0,,0.0,0.0,0.0,,0.0,0.0,0.0,,0.0,0.0,0.0,,0.0,0.0,0.0,,0.0,0.0,0.0,,,,,,,,,,,,,,,,,,,,,,,,,,,,,,,,,,,,,,,,,,,,,,,,,,,,,,,,,,,,,,,,,,,,,,,,,,,,,,,,,,,,,,,,,,,,,,,,,,,,,,,,,,,,,,,,,,,,,,,,,,,,,,,,,,,,,,,,,,,,,,,,,,,,,,,,,,,,,,,,,,,,,,,,,,,,,,,,,,,,,,,,,,,,,,,,,,,,,,,,,,,,,K League 1,0IDCJLlH
n5KV9B68,SOUTH KOREA,2022,SOUTH KOREA 1,SOUTH KOREA 1,16/07/2022,09:00,Round 22,Gimcheon Sangmu,IaoBca9i,Incheon,prJ1QuXA,False,0,1,,,,,,[],[],,0.0,0.0,0.0,,0.0,0.0,0.0,,0.0,0.0,0.0,,0.0,0.0,,0.0,0.0,,0.0,0.0,,0.0,0.0,,0.0,0.0,,0.0,0.0,,0.0,0.0,,0.0,0.0,,0.0,0.0,,0.0,0.0,,0.0,0.0,,0.0,0.0,,0.0,0.0,,0.0,0.0,,0.0,0.0,0.0,,0.0,0.0,0.0,,0.0,0.0,0.0,,0.0,0.0,,0.0,0.0,,0.0,0.0,,0.0,0.0,0.0,0.0,0.0,0.0,0.0,0.0,0.0,,0.0,0.0,,0.0,0.0,,0.0,0.0,,0.0,,0.0,,0.0,,0.0,,0.0,,0.0,,0.0,,0.0,,0.0,,0.0,,0.0,,0.0,,0.0,,0.0,,0.0,,0.0,0.0,,0.0,0.0,,0.0,0.0,,0.0,0.0,,0.0,0.0,,0.0,0.0,,0.0,0.0,,0.0,0.0,,0.0,0.0,,0.0,0.0,,0.0,0.0,0.0,,0.0,0.0,0.0,,0.0,0.0,0.0,,0.0,0.0,0.0,,0.0,0.0,0.0,,0.0,0.0,0.0,,,,,,,,,,,,,,,,,,,,,,,,,,,,,,,,,,,,,,,,,,,,,,,,,,,,,,,,,,,,,,,,,,,,,,,,,,,,,,,,,,,,,,,,,,,,,,,,,,,,,,,,,,,,,,,,,,,,,,,,,,,,,,,,,,,,,,,,,,,,,,,,,,,,,,,,,,,,,,,,,,,,,,,,,,,,,,,,,,,,,,,,,,,,,,,,,,,,,,,,,,,,,K League 1,0IDCJLlH
KbSqn8E1,SOUTH KOREA,2022,SOUTH KOREA 1,SOUTH KOREA 1,16/07/2022,09:00,Round 22,Jeonbuk,x0hNfcgA,Seongnam,WMiRgH8G,False,3,2,,,,,,[],[],,0.0,0.0,0.0,,0.0,0.0,0.0,,0.0,0.0,0.0,,0.0,0.0,,0.0,0.0,,0.0,0.0,,0.0,0.0,,0.0,0.0,,0.0,0.0,,0.0,0.0,,0.0,0.0,,0.0,0.0,,0.0,0.0,,0.0,0.0,,0.0,0.0,,0.0,0.0,,0.0,0.0,,0.0,0.0,0.0,,0.0,0.0,0.0,,0.0,0.0,0.0,,0.0,0.0,,0.0,0.0,,0.0,0.0,,0.0,0.0,0.0,0.0,0.0,0.0,0.0,0.0,0.0,,0.0,0.0,,0.0,0.0,,0.0,0.0,,0.0,,0.0,,0.0,,0.0,,0.0,,0.0,,0.0,,0.0,,0.0,,0.0,,0.0,,0.0,,0.0,,0.0,,0.0,,0.0,0.0,,0.0,0.0,,0.0,0.0,,0.0,0.0,,0.0,0.0,,0.0,0.0,,0.0,0.0,,0.0,0.0,,0.0,0.0,,0.0,0.0,,0.0,0.0,0.0,,0.0,0.0,0.0,,0.0,0.0,0.0,,0.0,0.0,0.0,,0.0,0.0,0.0,,0.0,0.0,0.0,,,,,,,,,,,,,,,,,,,,,,,,,,,,,,,,,,,,,,,,,,,,,,,,,,,,,,,,,,,,,,,,,,,,,,,,,,,,,,,,,,,,,,,,,,,,,,,,,,,,,,,,,,,,,,,,,,,,,,,,,,,,,,,,,,,,,,,,,,,,,,,,,,,,,,,,,,,,,,,,,,,,,,,,,,,,,,,,,,,,,,,,,,,,,,,,,,,,,,,,,,,,,K League 1,0IDCJLlH
vZDDKSKQ,SOUTH KOREA,2022,SOUTH KOREA 1,SOUTH KOREA 1,10/08/2022,10:30,Round 24,Gangwon,A144gewT,Daegu,SrMQkOnI,False,1,0,,,,,,[87],[],bet365,2.87,2.1,4.0,bet365,2.5,2.37,3.4,bet365,2.1,3.1,3.3,bet365,1.44,2.62,bet365,3.25,1.33,bet365,9.0,1.07,bet365,1.25,3.75,bet365,2.2,1.61,bet365,5.0,1.16,bet365,1.06,10.0,bet365,1.33,3.25,bet365,2.05,1.75,bet365,3.5,1.28,bet365,8.0,1.08,bet365,1.8,1.9,bet365,5.0,1.16,bet365,3.5,1.28,bet365,1.3,1.33,1.61,bet365,1.22,1.66,1.4,Betano.br,1.29,1.5,1.5,bet365,1.53,2.37,Betano.br,1.57,2.25,Betano.br,1.6,2.25,bet365,3.6,13.0,34.0,5.5,5.0,7.0,26.0,15.0,5.5,bet365,1.95,1.9,bet365,2.1,1.72,bet365,2.0,1.72,bet365,9.0,bet365,7.5,bet365,10.0,bet365,6.0,bet365,10.0,bet365,17.0,bet365,9.0,bet365,12.0,bet365,15.0,bet365,21.0,bet365,34.0,bet365,19.0,bet365,29.0,bet365,29.0,bet365,41.0,,0.0,0.0,,0.0,0.0,bet365,4.1,1.23,bet365,3.3,1.32,bet365,2.1,1.7,bet365,1.3,3.45,bet365,1.11,6.6,bet365,1.1,7.0,,0.0,0.0,,0.0,0.0,Betano.br,21.0,10.75,37.0,Betano.br,9.25,6.2,19.5,bet365,4.0,3.75,5.0,bet365,1.5,4.33,1.61,Betano.br,1.1,9.25,1.25,Betano.br,1.03,15.5,1.08,,,,,,,,,,,0.53,0.47,,,,,,,,,,,5.0,15.0,1.0,3.0,4.0,12.0,,,,,,,,,,,,,5.0,3.0,18.0,20.0,28.0,25.0,16.0,16.0,1.0,6.0,,,4.0,2.0,3.0,0.0,,,,,,,,,,,,,,,,,,,,,,,0.54,0.46,,,,,,,,,,,2.0,9.0,0.0,2.0,2.0,7.0,,,,,,,,,,,,,1.0,2.0,8.0,9.0,13.0,12.0,7.0,7.0,0.0,3.0,,,2.0,1.0,2.0,0.0,,,,,,,,,,,,,,,,,,,,,,,0.52,0.48,,,,,,,,,,,3.0,6.0,1.0,1.0,2.0,5.0,,,,,,,,,,,,,4.0,1.0,10.0,11.0,15.0,13.0,9.0,9.0,1.0,3.0,,,2.0,1.0,1.0,0.0,,,,,,,,,,,,,K League 1,0IDCJLlH
0C6vPsCC,SOUTH KOREA,2022,SOUTH KOREA 1,SOUTH KOREA 1,03/08/2022,10:30,Round 26,Gangwon,A144gewT,Jeonbuk,x0hNfcgA,False,2,1,,,,,,"[54, 89]",[90],bet365,3.0,2.2,3.5,bet365,2.62,2.5,3.1,bet365,2.3,3.3,2.87,bet365,1.4,2.75,bet365,2.75,1.4,bet365,8.0,1.08,bet365,1.22,4.0,bet365,2.0,1.72,bet365,4.33,1.2,bet365,1.05,11.0,bet365,1.28,3.5,bet365,1.93,1.93,bet365,3.25,1.33,bet365,6.5,1.11,bet365,1.72,2.0,bet365,4.5,1.18,bet365,3.25,1.33,bet365,1.4,1.33,1.57,bet365,1.28,1.61,1.36,Betano.br,1.36,1.5,1.42,bet365,1.66,2.1,Betano.br,1.7,2.05,Betano.br,1.78,1.98,bet365,3.75,13.0,29.0,5.5,5.5,6.5,26.0,15.0,4.75,bet365,1.95,1.9,bet365,2.1,1.72,bet365,1.9,1.8,bet365,11.0,bet365,8.5,bet365,9.5,bet365,6.5,bet365,12.0,bet365,15.0,bet365,9.5,bet365,11.0,bet365,13.0,bet365,23.0,bet365,29.0,bet365,19.0,bet365,23.0,bet365,26.0,bet365,29.0,,0.0,0.0,,0.0,0.0,bet365,4.4,1.2,bet365,3.55,1.27,bet365,2.3,1.6,bet365,1.4,2.85,bet365,1.16,5.25,bet365,1.12,6.25,,0.0,0.0,,0.0,0.0,Betano.br,24.0,12.0,32.0,Betano.br,11.25,6.9,16.5,bet365,4.5,4.0,5.0,bet365,1.5,4.33,1.57,Betano.br,1.13,8.25,1.19,Betano.br,1.03,14.5,1.06,,,,,,,,,,,0.34,0.66,,,,,,,,,,,9.0,7.0,5.0,2.0,4.0,5.0,,,,,,,,,,,,,4.0,6.0,12.0,14.0,16.0,27.0,11.0,10.0,0.0,2.0,,,1.0,4.0,1.0,3.0,,,,,,,,,,,,,,,,,,,,,,,0.43,0.57,,,,,,,,,,,3.0,2.0,2.0,0.0,1.0,2.0,,,,,,,,,,,,,0.0,2.0,7.0,4.0,7.0,11.0,4.0,5.0,0.0,1.0,,,0.0,2.0,0.0,2.0,,,,,,,,,,,,,,,,,,,,,,,0.25,0.75,,,,,,,,,,,6.0,5.0,3.0,2.0,3.0,3.0,,,,,,,,,,,,,4.0,4.0,5.0,10.0,9.0,16.0,7.0,5.0,0.0,1.0,,,1.0,2.0,1.0,1.0,,,,,,,,,,,,,K League 1,0IDCJLlH
APx0nH8p,SOUTH KOREA,2022,SOUTH KOREA 1,SOUTH KOREA 1,05/07/2022,10:30,Round 20,Ulsan HD,EVEwgyOM,Gangwon,A144gewT,False,2,1,,,,,,[],[],,0.0,0.0,0.0,,0.0,0.0,0.0,,0.0,0.0,0.0,,0.0,0.0,,0.0,0.0,,0.0,0.0,,0.0,0.0,,0.0,0.0,,0.0,0.0,,0.0,0.0,,0.0,0.0,,0.0,0.0,,0.0,0.0,,0.0,0.0,,0.0,0.0,,0.0,0.0,,0.0,0.0,,0.0,0.0,0.0,,0.0,0.0,0.0,,0.0,0.0,0.0,,0.0,0.0,,0.0,0.0,,0.0,0.0,,0.0,0.0,0.0,0.0,0.0,0.0,0.0,0.0,0.0,,0.0,0.0,,0.0,0.0,,0.0,0.0,,0.0,,0.0,,0.0,,0.0,,0.0,,0.0,,0.0,,0.0,,0.0,,0.0,,0.0,,0.0,,0.0,,0.0,,0.0,,0.0,0.0,,0.0,0.0,,0.0,0.0,,0.0,0.0,,0.0,0.0,,0.0,0.0,,0.0,0.0,,0.0,0.0,,0.0,0.0,,0.0,0.0,,0.0,0.0,0.0,,0.0,0.0,0.0,,0.0,0.0,0.0,,0.0,0.0,0.0,,0.0,0.0,0.0,,0.0,0.0,0.0,,,,,,,,,,,,,,,,,,,,,,,,,,,,,,,,,,,,,,,,,,,,,,,,,,,,,,,,,,,,,,,,,,,,,,,,,,,,,,,,,,,,,,,,,,,,,,,,,,,,,,,,,,,,,,,,,,,,,,,,,,,,,,,,,,,,,,,,,,,,,,,,,,,,,,,,,,,,,,,,,,,,,,,,,,,,,,,,,,,,,,,,,,,,,,,,,,,,,,,,,,,,,K League 1,0IDCJLlH
hpjYjc0T,SOUTH KOREA,2022,SOUTH KOREA 1,SOUTH KOREA 1,05/07/2022,10:00,Round 20,Gimcheon Sangmu,IaoBca9i,Jeju SK,vFZJewv4,False,4,0,,,,,,[],[],,0.0,0.0,0.0,,0.0,0.0,0.0,,0.0,0.0,0.0,,0.0,0.0,,0.0,0.0,,0.0,0.0,,0.0,0.0,,0.0,0.0,,0.0,0.0,,0.0,0.0,,0.0,0.0,,0.0,0.0,,0.0,0.0,,0.0,0.0,,0.0,0.0,,0.0,0.0,,0.0,0.0,,0.0,0.0,0.0,,0.0,0.0,0.0,,0.0,0.0,0.0,,0.0,0.0,,0.0,0.0,,0.0,0.0,,0.0,0.0,0.0,0.0,0.0,0.0,0.0,0.0,0.0,,0.0,0.0,,0.0,0.0,,0.0,0.0,,0.0,,0.0,,0.0,,0.0,,0.0,,0.0,,0.0,,0.0,,0.0,,0.0,,0.0,,0.0,,0.0,,0.0,,0.0,,0.0,0.0,,0.0,0.0,,0.0,0.0,,0.0,0.0,,0.0,0.0,,0.0,0.0,,0.0,0.0,,0.0,0.0,,0.0,0.0,,0.0,0.0,,0.0,0.0,0.0,,0.0,0.0,0.0,,0.0,0.0,0.0,,0.0,0.0,0.0,,0.0,0.0,0.0,,0.0,0.0,0.0,,,,,,,,,,,,,,,,,,,,,,,,,,,,,,,,,,,,,,,,,,,,,,,,,,,,,,,,,,,,,,,,,,,,,,,,,,,,,,,,,,,,,,,,,,,,,,,,,,,,,,,,,,,,,,,,,,,,,,,,,,,,,,,,,,,,,,,,,,,,,,,,,,,,,,,,,,,,,,,,,,,,,,,,,,,,,,,,,,,,,,,,,,,,,,,,,,,,,,,,,,,,,K League 1,0IDCJLlH
vsnUiwoN,SOUTH KOREA,2022,SOUTH KOREA 1,SOUTH KOREA 1,05/07/2022,10:00,Round 20,Seongnam,WMiRgH8G,Pohang,KIIIipI5,False,1,4,,,,,,[],[],,0.0,0.0,0.0,,0.0,0.0,0.0,,0.0,0.0,0.0,,0.0,0.0,,0.0,0.0,,0.0,0.0,,0.0,0.0,,0.0,0.0,,0.0,0.0,,0.0,0.0,,0.0,0.0,,0.0,0.0,,0.0,0.0,,0.0,0.0,,0.0,0.0,,0.0,0.0,,0.0,0.0,,0.0,0.0,0.0,,0.0,0.0,0.0,,0.0,0.0,0.0,,0.0,0.0,,0.0,0.0,,0.0,0.0,,0.0,0.0,0.0,0.0,0.0,0.0,0.0,0.0,0.0,,0.0,0.0,,0.0,0.0,,0.0,0.0,,0.0,,0.0,,0.0,,0.0,,0.0,,0.0,,0.0,,0.0,,0.0,,0.0,,0.0,,0.0,,0.0,,0.0,,0.0,,0.0,0.0,,0.0,0.0,,0.0,0.0,,0.0,0.0,,0.0,0.0,,0.0,0.0,,0.0,0.0,,0.0,0.0,,0.0,0.0,,0.0,0.0,,0.0,0.0,0.0,,0.0,0.0,0.0,,0.0,0.0,0.0,,0.0,0.0,0.0,,0.0,0.0,0.0,,0.0,0.0,0.0,,,,,,,,,,,,,,,,,,,,,,,,,,,,,,,,,,,,,,,,,,,,,,,,,,,,,,,,,,,,,,,,,,,,,,,,,,,,,,,,,,,,,,,,,,,,,,,,,,,,,,,,,,,,,,,,,,,,,,,,,,,,,,,,,,,,,,,,,,,,,,,,,,,,,,,,,,,,,,,,,,,,,,,,,,,,,,,,,,,,,,,,,,,,,,,,,,,,,,,,,,,,,K League 1,0IDCJLlH
8fNidXmp,SOUTH KOREA,2022,SOUTH KOREA 1,SOUTH KOREA 1,15/08/2022,09:00,Round 28,Gangwon,A144gewT,Suwon FC,6sXCYRPI,False,2,3,,,,,,"[26, 81]","[12, 49, 68]",bet365,2.75,2.2,3.75,bet365,2.5,2.5,3.2,bet365,2.15,3.4,3.2,bet365,1.36,3.0,bet365,2.75,1.4,bet365,7.0,1.1,bet365,1.2,4.33,bet365,2.0,1.72,bet365,4.0,1.22,bet365,1.05,11.0,bet365,1.25,3.75,bet365,1.88,1.98,bet365,3.25,1.33,bet365,6.0,1.12,bet365,1.66,2.1,bet365,4.33,1.2,bet365,3.0,1.36,bet365,1.36,1.3,1.66,bet365,1.25,1.61,1.4,Betano.br,1.3,1.47,1.52,bet365,1.57,2.25,Betano.br,1.62,2.18,Betano.br,1.62,2.22,bet365,3.5,13.0,29.0,5.5,5.5,7.0,23.0,15.0,5.0,bet365,1.95,1.9,bet365,2.1,1.72,bet365,1.9,1.8,bet365,11.0,bet365,8.5,bet365,11.0,bet365,6.5,bet365,11.0,bet365,17.0,bet365,9.0,bet365,12.0,bet365,13.0,bet365,21.0,bet365,34.0,bet365,17.0,bet365,23.0,bet365,23.0,bet365,29.0,,0.0,0.0,bet365,7.0,1.1,bet365,4.1,1.23,bet365,3.3,1.32,bet365,2.15,1.68,bet365,1.35,3.1,bet365,1.13,5.9,bet365,1.1,6.8,,0.0,0.0,,0.0,0.0,Betano.br,20.0,11.0,35.0,Betano.br,9.5,6.2,18.0,bet365,4.0,4.0,0.0,bet365,0.0,0.0,1.66,Betano.br,1.11,9.0,1.25,Betano.br,1.03,15.0,1.08,,,,,,,,,,,0.6,0.4,,,,,,,,,,,16.0,8.0,7.0,4.0,9.0,4.0,,,,,,,,,,,,,6.0,2.0,12.0,10.0,26.0,21.0,10.0,9.0,2.0,5.0,,,2.0,1.0,1.0,5.0,,,,,,,,,,,,,,,,,,,,,,,0.55,0.45,,,,,,,,,,,6.0,5.0,2.0,1.0,4.0,4.0,,,,,,,,,,,,,3.0,0.0,5.0,6.0,8.0,13.0,4.0,4.0,1.0,1.0,,,2.0,1.0,0.0,1.0,,,,,,,,,,,,,,,,,,,,,,,0.65,0.35,,,,,,,,,,,10.0,3.0,5.0,3.0,5.0,0.0,,,,,,,,,,,,,3.0,2.0,7.0,4.0,18.0,8.0,6.0,5.0,1.0,4.0,,,0.0,0.0,1.0,4.0,,,,,,,,,,,,,K League 1,0IDCJLlH
U9sVDaJH,SOUTH KOREA,2022,SOUTH KOREA 1,SOUTH KOREA 1,14/08/2022,10:30,Round 28,Suwon Bluewings,v5I5PanH,Seongnam,WMiRgH8G,False,4,1,,,,,,"[28, 57, 65, 81]",[62],bet365,3.0,2.1,3.75,bet365,2.6,2.4,3.2,bet365,2.2,3.1,3.0,bet365,1.4,2.75,bet365,3.0,1.36,bet365,9.0,1.07,bet365,1.25,3.75,bet365,2.1,1.66,bet365,5.0,1.16,bet365,1.06,10.0,bet365,1.3,3.4,bet365,2.05,1.8,bet365,3.5,1.28,bet365,7.0,1.1,bet365,1.8,1.9,bet365,5.0,1.16,bet365,3.4,1.3,bet365,1.33,1.33,1.57,bet365,1.25,1.66,1.36,Betano.br,1.32,1.55,1.42,bet365,1.61,2.2,Betano.br,1.65,2.12,Betano.br,1.7,2.07,bet365,3.75,13.0,29.0,5.5,5.0,7.0,26.0,15.0,5.0,bet365,1.95,1.9,bet365,2.1,1.72,bet365,2.0,1.72,bet365,9.5,bet365,8.0,bet365,9.5,bet365,6.0,bet365,11.0,bet365,15.0,bet365,9.5,bet365,12.0,bet365,13.0,bet365,21.0,bet365,34.0,bet365,19.0,bet365,26.0,bet365,29.0,bet365,34.0,,0.0,0.0,,0.0,0.0,bet365,4.25,1.21,bet365,3.45,1.3,bet365,2.2,1.65,bet365,1.35,3.1,bet365,1.13,5.9,bet365,1.1,7.0,,0.0,0.0,,0.0,0.0,Betano.br,25.0,12.0,37.0,Betano.br,11.25,6.7,19.5,bet365,4.33,4.0,0.0,bet365,0.0,0.0,1.57,Betano.br,1.11,8.75,1.2,Betano.br,1.03,15.0,1.06,,,,,,,,,,,0.42,0.58,,,,,,,,,,,19.0,11.0,15.0,9.0,4.0,2.0,,,,,,,,,,,,,5.0,4.0,8.0,11.0,11.0,18.0,11.0,7.0,2.0,1.0,,,0.0,1.0,8.0,11.0,,,,,,,,,,,,,,,,,,,,,,,0.44,0.56,,,,,,,,,,,7.0,5.0,5.0,5.0,2.0,0.0,,,,,,,,,,,,,2.0,1.0,5.0,8.0,7.0,11.0,8.0,5.0,1.0,1.0,,,0.0,0.0,5.0,4.0,,,,,,,,,,,,,,,,,,,,,,,0.4,0.6,,,,,,,,,,,12.0,6.0,10.0,4.0,2.0,2.0,,,,,,,,,,,,,3.0,3.0,3.0,3.0,4.0,7.0,3.0,2.0,1.0,0.0,,,0.0,1.0,3.0,7.0,,,,,,,,,,,,,K League 1,0IDCJLlH
A1bHfu14,SOUTH KOREA,2022,SOUTH KOREA 1,SOUTH KOREA 1,02/07/2022,11:00,Round 19,Seongnam,WMiRgH8G,Gangwon,A144gewT,False,0,2,,,,,,[],[],,0.0,0.0,0.0,,0.0,0.0,0.0,,0.0,0.0,0.0,,0.0,0.0,,0.0,0.0,,0.0,0.0,,0.0,0.0,,0.0,0.0,,0.0,0.0,,0.0,0.0,,0.0,0.0,,0.0,0.0,,0.0,0.0,,0.0,0.0,,0.0,0.0,,0.0,0.0,,0.0,0.0,,0.0,0.0,0.0,,0.0,0.0,0.0,,0.0,0.0,0.0,,0.0,0.0,,0.0,0.0,,0.0,0.0,,0.0,0.0,0.0,0.0,0.0,0.0,0.0,0.0,0.0,,0.0,0.0,,0.0,0.0,,0.0,0.0,,0.0,,0.0,,0.0,,0.0,,0.0,,0.0,,0.0,,0.0,,0.0,,0.0,,0.0,,0.0,,0.0,,0.0,,0.0,,0.0,0.0,,0.0,0.0,,0.0,0.0,,0.0,0.0,,0.0,0.0,,0.0,0.0,,0.0,0.0,,0.0,0.0,,0.0,0.0,,0.0,0.0,,0.0,0.0,0.0,,0.0,0.0,0.0,,0.0,0.0,0.0,,0.0,0.0,0.0,,0.0,0.0,0.0,,0.0,0.0,0.0,,,,,,,,,,,,,,,,,,,,,,,,,,,,,,,,,,,,,,,,,,,,,,,,,,,,,,,,,,,,,,,,,,,,,,,,,,,,,,,,,,,,,,,,,,,,,,,,,,,,,,,,,,,,,,,,,,,,,,,,,,,,,,,,,,,,,,,,,,,,,,,,,,,,,,,,,,,,,,,,,,,,,,,,,,,,,,,,,,,,,,,,,,,,,,,,,,,,,,,,,,,,,K League 1,0IDCJLlH
lnA8d1Wi,SOUTH KOREA,2022,SOUTH KOREA 1,SOUTH KOREA 1,02/07/2022,10:00,Round 19,Pohang,KIIIipI5,Ulsan HD,EVEwgyOM,False,2,0,,,,,,[],[],,0.0,0.0,0.0,,0.0,0.0,0.0,,0.0,0.0,0.0,,0.0,0.0,,0.0,0.0,,0.0,0.0,,0.0,0.0,,0.0,0.0,,0.0,0.0,,0.0,0.0,,0.0,0.0,,0.0,0.0,,0.0,0.0,,0.0,0.0,,0.0,0.0,,0.0,0.0,,0.0,0.0,,0.0,0.0,0.0,,0.0,0.0,0.0,,0.0,0.0,0.0,,0.0,0.0,,0.0,0.0,,0.0,0.0,,0.0,0.0,0.0,0.0,0.0,0.0,0.0,0.0,0.0,,0.0,0.0,,0.0,0.0,,0.0,0.0,,0.0,,0.0,,0.0,,0.0,,0.0,,0.0,,0.0,,0.0,,0.0,,0.0,,0.0,,0.0,,0.0,,0.0,,0.0,,0.0,0.0,,0.0,0.0,,0.0,0.0,,0.0,0.0,,0.0,0.0,,0.0,0.0,,0.0,0.0,,0.0,0.0,,0.0,0.0,,0.0,0.0,,0.0,0.0,0.0,,0.0,0.0,0.0,,0.0,0.0,0.0,,0.0,0.0,0.0,,0.0,0.0,0.0,,0.0,0.0,0.0,,,,,,,,,,,,,,,,,,,,,,,,,,,,,,,,,,,,,,,,,,,,,,,,,,,,,,,,,,,,,,,,,,,,,,,,,,,,,,,,,,,,,,,,,,,,,,,,,,,,,,,,,,,,,,,,,,,,,,,,,,,,,,,,,,,,,,,,,,,,,,,,,,,,,,,,,,,,,,,,,,,,,,,,,,,,,,,,,,,,,,,,,,,,,,,,,,,,,,,,,,,,,K League 1,0IDCJLlH
WAaDeLob,SOUTH KOREA,2022,SOUTH KOREA 1,SOUTH KOREA 1,02/07/2022,10:00,Round 19,Gimcheon Sangmu,IaoBca9i,Jeonbuk,x0hNfcgA,False,1,2,,,,,,[],[],,0.0,0.0,0.0,,0.0,0.0,0.0,,0.0,0.0,0.0,,0.0,0.0,,0.0,0.0,,0.0,0.0,,0.0,0.0,,0.0,0.0,,0.0,0.0,,0.0,0.0,,0.0,0.0,,0.0,0.0,,0.0,0.0,,0.0,0.0,,0.0,0.0,,0.0,0.0,,0.0,0.0,,0.0,0.0,0.0,,0.0,0.0,0.0,,0.0,0.0,0.0,,0.0,0.0,,0.0,0.0,,0.0,0.0,,0.0,0.0,0.0,0.0,0.0,0.0,0.0,0.0,0.0,,0.0,0.0,,0.0,0.0,,0.0,0.0,,0.0,,0.0,,0.0,,0.0,,0.0,,0.0,,0.0,,0.0,,0.0,,0.0,,0.0,,0.0,,0.0,,0.0,,0.0,,0.0,0.0,,0.0,0.0,,0.0,0.0,,0.0,0.0,,0.0,0.0,,0.0,0.0,,0.0,0.0,,0.0,0.0,,0.0,0.0,,0.0,0.0,,0.0,0.0,0.0,,0.0,0.0,0.0,,0.0,0.0,0.0,,0.0,0.0,0.0,,0.0,0.0,0.0,,0.0,0.0,0.0,,,,,,,,,,,,,,,,,,,,,,,,,,,,,,,,,,,,,,,,,,,,,,,,,,,,,,,,,,,,,,,,,,,,,,,,,,,,,,,,,,,,,,,,,,,,,,,,,,,,,,,,,,,,,,,,,,,,,,,,,,,,,,,,,,,,,,,,,,,,,,,,,,,,,,,,,,,,,,,,,,,,,,,,,,,,,,,,,,,,,,,,,,,,,,,,,,,,,,,,,,,,,K League 1,0IDCJLlH
Sbn1BOsD,SOUTH KOREA,2022,SOUTH KOREA 1,SOUTH KOREA 1,30/07/2022,10:00,Round 25,Suwon Bluewings,v5I5PanH,Gimcheon Sangmu,IaoBca9i,False,0,0,,,,,,[88],[],bet365,3.1,2.05,3.6,bet365,2.75,2.3,3.1,bet365,2.37,3.2,2.9,bet365,1.44,2.62,bet365,3.25,1.33,bet365,10.0,1.06,bet365,1.28,3.5,bet365,2.25,1.57,bet365,5.5,1.14,bet365,1.07,9.0,bet365,1.36,3.0,bet365,2.15,1.66,bet365,3.75,1.25,bet365,9.0,1.07,bet365,1.83,1.83,bet365,5.5,1.14,bet365,3.5,1.28,bet365,1.4,1.36,1.53,bet365,1.28,1.72,1.36,Betano.br,1.32,1.55,1.42,bet365,1.66,2.1,Betano.br,1.78,1.93,Betano.br,1.72,2.05,bet365,4.0,15.0,29.0,5.5,4.75,6.5,29.0,15.0,5.0,bet365,1.95,1.9,bet365,2.2,1.66,bet365,2.0,1.72,bet365,8.5,bet365,7.5,bet365,8.5,bet365,6.0,bet365,11.0,bet365,15.0,bet365,10.0,bet365,11.0,bet365,15.0,bet365,23.0,bet365,29.0,bet365,21.0,bet365,26.0,bet365,34.0,bet365,34.0,,0.0,0.0,,0.0,0.0,bet365,4.8,1.18,bet365,3.8,1.25,bet365,2.35,1.58,bet365,1.4,2.85,bet365,1.14,5.75,bet365,1.11,6.6,,0.0,0.0,,0.0,0.0,Betano.br,29.0,13.0,32.0,Betano.br,13.5,7.1,16.5,bet365,4.75,4.0,5.5,bet365,1.44,4.0,1.53,Betano.br,1.12,8.25,1.17,Betano.br,1.03,14.5,1.04,,,,,,,,,,,0.6,0.4,,,,,,,,,,,17.0,11.0,9.0,5.0,8.0,6.0,,,,,,,,,,,,,6.0,5.0,8.0,10.0,21.0,14.0,7.0,10.0,0.0,2.0,,,1.0,0.0,5.0,9.0,,,,,,,,,,,,,,,,,,,,,,,0.59,0.41,,,,,,,,,,,7.0,7.0,3.0,3.0,4.0,4.0,,,,,,,,,,,,,3.0,2.0,3.0,6.0,10.0,7.0,3.0,6.0,,,,,0.0,0.0,3.0,3.0,,,,,,,,,,,,,,,,,,,,,,,0.61,0.39,,,,,,,,,,,10.0,4.0,6.0,2.0,4.0,2.0,,,,,,,,,,,,,3.0,3.0,5.0,4.0,11.0,7.0,4.0,4.0,0.0,2.0,,,1.0,0.0,2.0,6.0,,,,,,,,,,,,,K League 1,0IDCJLlH
ML7zQNd6,SOUTH KOREA,2022,SOUTH KOREA 1,SOUTH KOREA 1,03/08/2022,10:30,Round 26,Daegu,SrMQkOnI,Suwon Bluewings,v5I5PanH,False,1,2,,,,,,[33],"[12, 53]",bet365,2.6,2.1,4.75,bet365,2.2,2.37,4.33,bet365,1.9,3.1,4.5,bet365,1.44,2.62,bet365,3.25,1.33,bet365,10.0,1.06,bet365,1.28,3.5,bet365,2.25,1.57,bet365,5.5,1.14,bet365,1.07,9.0,bet365,1.36,3.0,bet365,2.2,1.65,bet365,3.75,1.25,bet365,9.0,1.07,bet365,1.9,1.8,bet365,5.5,1.14,bet365,3.75,1.25,bet365,1.18,1.36,1.8,bet365,1.16,1.66,1.5,Betano.br,1.23,1.52,1.57,bet365,1.33,3.25,Betano.br,1.42,2.65,Betano.br,1.45,2.62,bet365,3.1,15.0,41.0,4.75,4.75,8.5,23.0,15.0,7.0,bet365,1.95,1.9,bet365,2.2,1.66,bet365,2.0,1.72,bet365,8.0,bet365,6.5,bet365,11.0,bet365,6.0,bet365,8.5,bet365,21.0,bet365,9.0,bet365,15.0,bet365,15.0,bet365,15.0,bet365,51.0,bet365,17.0,bet365,41.0,bet365,29.0,bet365,41.0,bet365,7.0,1.1,bet365,7.0,1.1,bet365,3.55,1.27,bet365,2.75,1.43,bet365,1.95,1.9,bet365,1.22,4.15,bet365,1.1,7.0,,0.0,0.0,,0.0,0.0,,0.0,0.0,Betano.br,18.0,9.75,45.0,Betano.br,8.0,5.5,28.0,bet365,3.4,3.6,0.0,bet365,0.0,0.0,1.8,Betano.br,1.06,11.0,1.31,Betano.br,1.01,17.0,1.1,,,,,,,,,,,0.45,0.55,,,,,,,,,,,12.0,12.0,5.0,4.0,7.0,8.0,,,,,,,,,,,,,5.0,2.0,19.0,11.0,22.0,11.0,18.0,9.0,5.0,3.0,,,1.0,2.0,2.0,4.0,,,,,,,,,,,,,,,,,,,,,,,0.5,0.5,,,,,,,,,,,6.0,8.0,2.0,3.0,4.0,5.0,,,,,,,,,,,,,1.0,1.0,6.0,11.0,8.0,5.0,10.0,5.0,1.0,0.0,,,1.0,1.0,2.0,1.0,,,,,,,,,,,,,,,,,,,,,,,0.4,0.6,,,,,,,,,,,6.0,4.0,3.0,1.0,3.0,3.0,,,,,,,,,,,,,4.0,1.0,13.0,0.0,14.0,6.0,8.0,4.0,4.0,3.0,,,0.0,1.0,0.0,3.0,,,,,,,,,,,,,K League 1,0IDCJLlH
YeZnZRZJ,SOUTH KOREA,2022,SOUTH KOREA 1,SOUTH KOREA 1,30/07/2022,11:00,Round 25,Seongnam,WMiRgH8G,Incheon,prJ1QuXA,False,3,1,,,,,,"[52, 69, 75]",[65],bet365,3.25,2.05,3.4,bet365,2.87,2.37,3.0,bet365,2.55,3.3,2.62,bet365,1.44,2.62,bet365,3.25,1.33,bet365,9.0,1.07,bet365,1.25,3.75,bet365,2.25,1.57,bet365,5.5,1.14,bet365,1.06,10.0,bet365,1.33,3.25,bet365,2.1,1.7,bet365,3.75,1.25,bet365,8.0,1.08,bet365,1.83,1.83,bet365,5.0,1.16,bet365,3.5,1.28,bet365,1.44,1.33,1.5,bet365,1.3,1.72,1.33,Betano.br,1.37,1.53,1.38,bet365,1.83,1.83,Betano.br,1.82,1.88,Betano.br,1.85,1.88,bet365,4.33,15.0,29.0,6.0,4.75,6.0,29.0,15.0,4.5,bet365,1.95,1.9,bet365,2.1,1.72,bet365,2.0,1.72,bet365,9.0,bet365,8.0,bet365,8.0,bet365,6.5,bet365,12.0,bet365,13.0,bet365,10.0,bet365,10.0,bet365,15.0,bet365,26.0,bet365,26.0,bet365,21.0,bet365,23.0,bet365,34.0,bet365,34.0,,0.0,0.0,,0.0,0.0,bet365,5.75,1.14,bet365,4.4,1.2,bet365,2.5,1.5,bet365,1.5,2.5,bet365,1.2,4.4,bet365,1.14,5.75,,0.0,0.0,,0.0,0.0,Betano.br,30.0,13.5,30.0,Betano.br,14.0,7.5,15.5,bet365,5.0,4.0,5.0,bet365,1.5,4.0,1.5,Betano.br,1.14,7.8,1.15,Betano.br,1.04,14.0,1.04,,,,,,,,,,,0.57,0.43,,,,,,,,,,,25.0,9.0,14.0,2.0,11.0,7.0,,,,,,,,,,,,,9.0,4.0,9.0,10.0,15.0,15.0,7.0,10.0,0.0,1.0,,,2.0,0.0,1.0,11.0,,,,,,,,,,,,,,,,,,,,,,,0.5,0.5,,,,,,,,,,,7.0,5.0,2.0,1.0,5.0,4.0,,,,,,,,,,,,,4.0,4.0,4.0,5.0,7.0,10.0,4.0,4.0,,,,,1.0,0.0,1.0,2.0,,,,,,,,,,,,,,,,,,,,,,,0.64,0.36,,,,,,,,,,,18.0,4.0,12.0,1.0,6.0,3.0,,,,,,,,,,,,,5.0,0.0,5.0,5.0,8.0,5.0,3.0,6.0,0.0,1.0,,,1.0,0.0,0.0,9.0,,,,,,,,,,,,,K League 1,0IDCJLlH
WWENSPCm,SOUTH KOREA,2022,SOUTH KOREA 1,SOUTH KOREA 1,02/08/2022,10:30,Round 26,Jeju SK,vFZJewv4,Seongnam,WMiRgH8G,False,1,2,,,,,,[85],"[26, 48]",bet365,2.3,2.25,4.75,bet365,2.0,2.6,4.33,bet365,1.7,3.6,4.33,bet365,1.36,3.0,bet365,2.62,1.44,bet365,7.0,1.1,bet365,1.22,4.0,bet365,2.0,1.72,bet365,4.33,1.2,bet365,1.05,11.0,bet365,1.25,3.75,bet365,1.9,1.95,bet365,3.25,1.33,bet365,6.5,1.11,bet365,1.8,1.9,bet365,4.5,1.18,bet365,3.4,1.3,bet365,1.18,1.25,2.0,bet365,1.16,1.57,1.57,Betano.br,1.2,1.44,1.72,bet365,1.3,3.4,Betano.br,1.4,2.72,Betano.br,1.36,2.95,bet365,2.75,15.0,34.0,4.5,6.0,9.5,21.0,15.0,7.5,bet365,1.95,1.9,bet365,2.1,1.72,bet365,1.9,1.8,bet365,11.0,bet365,7.5,bet365,13.0,bet365,7.0,bet365,8.5,bet365,23.0,bet365,8.5,bet365,15.0,bet365,15.0,bet365,13.0,bet365,51.0,bet365,13.0,bet365,34.0,bet365,23.0,bet365,41.0,bet365,6.0,1.13,bet365,5.25,1.16,bet365,2.85,1.4,bet365,2.25,1.63,bet365,1.7,2.1,bet365,1.2,4.4,,0.0,0.0,,0.0,0.0,,0.0,0.0,,0.0,0.0,Betano.br,14.0,8.5,40.0,Betano.br,6.3,5.0,26.0,bet365,2.87,3.6,0.0,bet365,0.0,0.0,2.0,Betano.br,1.06,11.5,1.4,Betano.br,1.02,17.0,1.14,,,,,,,,,,,0.59,0.41,,,,,,,,,,,12.0,14.0,3.0,6.0,9.0,8.0,,,,,,,,,,,,,8.0,2.0,10.0,12.0,22.0,13.0,10.0,9.0,3.0,3.0,,,2.0,1.0,4.0,2.0,,,,,,,,,,,,,,,,,,,,,,,0.58,0.42,,,,,,,,,,,4.0,5.0,2.0,2.0,2.0,3.0,,,,,,,,,,,,,6.0,0.0,7.0,6.0,13.0,7.0,4.0,7.0,1.0,1.0,,,2.0,0.0,1.0,2.0,,,,,,,,,,,,,,,,,,,,,,,0.6,0.4,,,,,,,,,,,8.0,9.0,1.0,4.0,7.0,5.0,,,,,,,,,,,,,2.0,2.0,3.0,6.0,9.0,6.0,6.0,2.0,2.0,2.0,,,0.0,1.0,3.0,0.0,,,,,,,,,,,,,K League 1,0IDCJLlH
CnYjYokQ,SOUTH KOREA,2022,SOUTH KOREA 1,SOUTH KOREA 1,31/07/2022,10:30,Round 25,Suwon FC,6sXCYRPI,Daegu,SrMQkOnI,False,2,2,,,,,,"[15, 90]","[45, 87]",bet365,3.2,2.2,3.25,bet365,2.75,2.5,2.87,bet365,2.55,3.3,2.62,bet365,1.36,3.0,bet365,2.75,1.4,bet365,7.0,1.1,bet365,1.2,4.33,bet365,1.9,1.8,bet365,4.0,1.22,bet365,1.05,11.0,bet365,1.25,3.75,bet365,1.85,2.0,bet365,3.0,1.36,bet365,6.0,1.12,bet365,1.66,2.1,bet365,4.33,1.2,bet365,3.0,1.36,bet365,1.44,1.33,1.5,bet365,1.33,1.61,1.36,Betano.br,1.38,1.47,1.42,bet365,1.83,1.83,Betano.br,1.78,1.93,Betano.br,1.82,1.93,bet365,4.0,13.0,26.0,6.0,5.5,6.5,26.0,13.0,4.33,bet365,1.95,1.9,bet365,2.1,1.72,bet365,1.9,1.8,bet365,11.0,bet365,9.5,bet365,10.0,bet365,6.5,bet365,13.0,bet365,13.0,bet365,10.0,bet365,10.0,bet365,13.0,bet365,26.0,bet365,26.0,bet365,19.0,bet365,21.0,bet365,26.0,bet365,26.0,,0.0,0.0,,0.0,0.0,bet365,5.0,1.17,bet365,4.1,1.23,bet365,2.5,1.5,bet365,1.48,2.6,bet365,1.2,4.4,bet365,1.15,5.5,,0.0,0.0,,0.0,0.0,Betano.br,25.0,12.5,29.0,Betano.br,11.75,7.1,14.0,bet365,4.75,4.33,0.0,bet365,0.0,0.0,1.5,Betano.br,1.15,7.8,1.18,Betano.br,1.04,13.5,1.05,,,,,,,,,,,0.39,0.61,,,,,,,,,,,7.0,23.0,2.0,11.0,5.0,12.0,,,,,,,,,,,,,7.0,9.0,11.0,13.0,23.0,27.0,12.0,9.0,1.0,0.0,1.0,1.0,1.0,2.0,9.0,0.0,,,,,,,,,,,,,,,,,,,,,,,0.51,0.49,,,,,,,,,,,4.0,9.0,1.0,3.0,3.0,6.0,,,,,,,,,,,,,3.0,5.0,7.0,8.0,17.0,10.0,7.0,7.0,,,,,1.0,0.0,2.0,0.0,,,,,,,,,,,,,,,,,,,,,,,0.27,0.73,,,,,,,,,,,3.0,14.0,1.0,8.0,2.0,6.0,,,,,,,,,,,,,4.0,4.0,4.0,5.0,6.0,17.0,5.0,2.0,1.0,0.0,1.0,1.0,0.0,2.0,7.0,0.0,,,,,,,,,,,,,K League 1,0IDCJLlH
2eyjvKGN,SOUTH KOREA,2022,SOUTH KOREA 1,SOUTH KOREA 1,26/06/2022,09:00,Round 18,Ulsan HD,EVEwgyOM,Seongnam,WMiRgH8G,False,0,0,,,,,,[],[],,0.0,0.0,0.0,,0.0,0.0,0.0,,0.0,0.0,0.0,,0.0,0.0,,0.0,0.0,,0.0,0.0,,0.0,0.0,,0.0,0.0,,0.0,0.0,,0.0,0.0,,0.0,0.0,,0.0,0.0,,0.0,0.0,,0.0,0.0,,0.0,0.0,,0.0,0.0,,0.0,0.0,,0.0,0.0,0.0,,0.0,0.0,0.0,,0.0,0.0,0.0,,0.0,0.0,,0.0,0.0,,0.0,0.0,,0.0,0.0,0.0,0.0,0.0,0.0,0.0,0.0,0.0,,0.0,0.0,,0.0,0.0,,0.0,0.0,,0.0,,0.0,,0.0,,0.0,,0.0,,0.0,,0.0,,0.0,,0.0,,0.0,,0.0,,0.0,,0.0,,0.0,,0.0,,0.0,0.0,,0.0,0.0,,0.0,0.0,,0.0,0.0,,0.0,0.0,,0.0,0.0,,0.0,0.0,,0.0,0.0,,0.0,0.0,,0.0,0.0,,0.0,0.0,0.0,,0.0,0.0,0.0,,0.0,0.0,0.0,,0.0,0.0,0.0,,0.0,0.0,0.0,,0.0,0.0,0.0,,,,,,,,,,,,,,,,,,,,,,,,,,,,,,,,,,,,,,,,,,,,,,,,,,,,,,,,,,,,,,,,,,,,,,,,,,,,,,,,,,,,,,,,,,,,,,,,,,,,,,,,,,,,,,,,,,,,,,,,,,,,,,,,,,,,,,,,,,,,,,,,,,,,,,,,,,,,,,,,,,,,,,,,,,,,,,,,,,,,,,,,,,,,,,,,,,,,,,,,,,,,,K League 1,0IDCJLlH
KWVfwvWT,SOUTH KOREA,2022,SOUTH KOREA 1,SOUTH KOREA 1,26/06/2022,10:00,Round 18,Pohang,KIIIipI5,Gimcheon Sangmu,IaoBca9i,False,1,1,,,,,,[],[],,0.0,0.0,0.0,,0.0,0.0,0.0,,0.0,0.0,0.0,,0.0,0.0,,0.0,0.0,,0.0,0.0,,0.0,0.0,,0.0,0.0,,0.0,0.0,,0.0,0.0,,0.0,0.0,,0.0,0.0,,0.0,0.0,,0.0,0.0,,0.0,0.0,,0.0,0.0,,0.0,0.0,,0.0,0.0,0.0,,0.0,0.0,0.0,,0.0,0.0,0.0,,0.0,0.0,,0.0,0.0,,0.0,0.0,,0.0,0.0,0.0,0.0,0.0,0.0,0.0,0.0,0.0,,0.0,0.0,,0.0,0.0,,0.0,0.0,,0.0,,0.0,,0.0,,0.0,,0.0,,0.0,,0.0,,0.0,,0.0,,0.0,,0.0,,0.0,,0.0,,0.0,,0.0,,0.0,0.0,,0.0,0.0,,0.0,0.0,,0.0,0.0,,0.0,0.0,,0.0,0.0,,0.0,0.0,,0.0,0.0,,0.0,0.0,,0.0,0.0,,0.0,0.0,0.0,,0.0,0.0,0.0,,0.0,0.0,0.0,,0.0,0.0,0.0,,0.0,0.0,0.0,,0.0,0.0,0.0,,,,,,,,,,,,,,,,,,,,,,,,,,,,,,,,,,,,,,,,,,,,,,,,,,,,,,,,,,,,,,,,,,,,,,,,,,,,,,,,,,,,,,,,,,,,,,,,,,,,,,,,,,,,,,,,,,,,,,,,,,,,,,,,,,,,,,,,,,,,,,,,,,,,,,,,,,,,,,,,,,,,,,,,,,,,,,,,,,,,,,,,,,,,,,,,,,,,,,,,,,,,,K League 1,0IDCJLlH
O4xnu01H,SOUTH KOREA,2022,SOUTH KOREA 1,SOUTH KOREA 1,25/06/2022,11:00,Round 18,Seoul,8tzeYeHp,Incheon,prJ1QuXA,False,1,1,,,,,,[],[],,0.0,0.0,0.0,,0.0,0.0,0.0,,0.0,0.0,0.0,,0.0,0.0,,0.0,0.0,,0.0,0.0,,0.0,0.0,,0.0,0.0,,0.0,0.0,,0.0,0.0,,0.0,0.0,,0.0,0.0,,0.0,0.0,,0.0,0.0,,0.0,0.0,,0.0,0.0,,0.0,0.0,,0.0,0.0,0.0,,0.0,0.0,0.0,,0.0,0.0,0.0,,0.0,0.0,,0.0,0.0,,0.0,0.0,,0.0,0.0,0.0,0.0,0.0,0.0,0.0,0.0,0.0,,0.0,0.0,,0.0,0.0,,0.0,0.0,,0.0,,0.0,,0.0,,0.0,,0.0,,0.0,,0.0,,0.0,,0.0,,0.0,,0.0,,0.0,,0.0,,0.0,,0.0,,0.0,0.0,,0.0,0.0,,0.0,0.0,,0.0,0.0,,0.0,0.0,,0.0,0.0,,0.0,0.0,,0.0,0.0,,0.0,0.0,,0.0,0.0,,0.0,0.0,0.0,,0.0,0.0,0.0,,0.0,0.0,0.0,,0.0,0.0,0.0,,0.0,0.0,0.0,,0.0,0.0,0.0,,,,,,,,,,,,,,,,,,,,,,,,,,,,,,,,,,,,,,,,,,,,,,,,,,,,,,,,,,,,,,,,,,,,,,,,,,,,,,,,,,,,,,,,,,,,,,,,,,,,,,,,,,,,,,,,,,,,,,,,,,,,,,,,,,,,,,,,,,,,,,,,,,,,,,,,,,,,,,,,,,,,,,,,,,,,,,,,,,,,,,,,,,,,,,,,,,,,,,,,,,,,,K League 1,0IDCJLlH
bJfpF6rl,SOUTH KOREA,2022,SOUTH KOREA 1,SOUTH KOREA 1,21/08/2022,09:00,Round 24,Seoul,8tzeYeHp,Seongnam,WMiRgH8G,False,2,0,,,,,,"[74, 83]",[],bet365,2.05,2.4,5.5,bet365,1.8,2.75,5.0,bet365,1.53,4.2,5.5,bet365,1.3,3.4,bet365,2.5,1.5,bet365,6.0,1.12,bet365,1.18,4.5,bet365,1.83,1.83,bet365,3.75,1.25,bet365,1.03,15.0,bet365,1.2,4.33,bet365,1.66,2.15,bet365,2.62,1.44,bet365,5.0,1.16,bet365,1.72,2.0,bet365,4.33,1.2,bet365,3.25,1.33,bet365,1.14,1.22,2.37,bet365,1.12,1.53,1.72,Betano.br,1.16,1.39,1.88,bet365,1.2,4.33,Betano.br,1.27,3.45,Betano.br,1.27,3.55,bet365,2.37,15.0,41.0,4.33,6.5,12.0,19.0,17.0,9.5,bet365,1.95,1.9,bet365,2.0,1.8,bet365,1.9,1.8,bet365,13.0,bet365,8.0,bet365,17.0,bet365,8.0,bet365,8.0,bet365,29.0,bet365,8.5,bet365,17.0,bet365,15.0,bet365,11.0,bet365,51.0,bet365,12.0,bet365,41.0,bet365,23.0,bet365,41.0,bet365,4.4,1.2,bet365,3.55,1.27,bet365,2.38,1.55,bet365,1.88,1.98,bet365,1.52,2.42,bet365,1.15,5.5,,0.0,0.0,,0.0,0.0,,0.0,0.0,,0.0,0.0,Betano.br,9.25,6.9,45.0,Betano.br,4.45,4.55,32.0,bet365,2.37,3.6,0.0,bet365,0.0,0.0,2.37,Betano.br,1.04,13.5,1.6,Betano.br,1.01,17.5,1.22,,,,,,,,,,,0.76,0.24,,,,,,,,,,,12.0,6.0,5.0,3.0,7.0,3.0,,,,,,,,,,,,,7.0,2.0,11.0,9.0,29.0,14.0,10.0,7.0,3.0,1.0,,,1.0,2.0,3.0,3.0,,,,,,,,,,,,,,,,,,,,,,,0.61,0.39,,,,,,,,,,,7.0,2.0,3.0,1.0,4.0,1.0,,,,,,,,,,,,,2.0,1.0,5.0,4.0,17.0,7.0,4.0,3.0,,,,,0.0,2.0,1.0,3.0,,,,,,,,,,,,,,,,,,,,,,,0.91,0.09,,,,,,,,,,,5.0,4.0,2.0,2.0,3.0,2.0,,,,,,,,,,,,,5.0,1.0,6.0,5.0,12.0,7.0,6.0,4.0,3.0,1.0,,,1.0,0.0,2.0,0.0,,,,,,,,,,,,,K League 1,0IDCJLlH
bqvylUqk,SOUTH KOREA,2022,SOUTH KOREA 1,SOUTH KOREA 1,10/07/2022,10:00,Round 21,Suwon FC,6sXCYRPI,Seoul,8tzeYeHp,False,4,3,,,,,,"[53, 71, 74, 90]","[3, 50, 90]",bet365,3.2,2.1,3.4,bet365,2.75,2.4,2.87,bet365,2.5,3.25,2.7,bet365,1.44,2.62,bet365,3.0,1.36,bet365,9.0,1.07,bet365,1.25,3.75,bet365,2.1,1.66,bet365,5.0,1.16,bet365,1.06,10.0,bet365,1.3,3.4,bet365,2.05,1.8,bet365,3.5,1.28,bet365,7.0,1.1,bet365,1.8,1.9,bet365,5.0,1.16,bet365,3.4,1.3,bet365,1.44,1.33,1.5,bet365,1.3,1.66,1.36,Betano.br,1.37,1.52,1.39,bet365,1.8,1.9,Betano.br,1.8,1.91,Betano.br,1.85,1.9,bet365,4.33,15.0,29.0,6.0,5.0,6.0,29.0,15.0,4.5,bet365,1.95,1.9,bet365,2.1,1.72,bet365,1.9,1.8,bet365,9.5,bet365,8.5,bet365,8.5,bet365,6.5,bet365,12.0,bet365,13.0,bet365,10.0,bet365,10.0,bet365,15.0,bet365,26.0,bet365,29.0,bet365,21.0,bet365,21.0,bet365,29.0,bet365,29.0,,0.0,0.0,,0.0,0.0,bet365,5.25,1.16,bet365,4.1,1.23,bet365,2.42,1.52,bet365,1.45,2.67,bet365,1.18,4.65,bet365,1.13,5.9,,0.0,0.0,,0.0,0.0,Betano.br,29.0,13.5,32.0,Betano.br,14.0,7.5,15.5,bet365,5.0,4.0,5.5,bet365,1.44,4.33,1.5,Betano.br,1.14,8.0,1.16,Betano.br,1.03,14.0,1.04,,,,,,,,,,,0.37,0.63,,,,,,,,,,,13.0,16.0,12.0,10.0,1.0,6.0,,,,,,,,,,,,,5.0,2.0,12.0,10.0,19.0,21.0,10.0,10.0,0.0,1.0,,,0.0,2.0,7.0,8.0,,,,,,,,,,,,,,,,,,,,,,,0.39,0.61,,,,,,,,,,,6.0,6.0,5.0,5.0,1.0,1.0,,,,,,,,,,,,,3.0,0.0,8.0,7.0,9.0,6.0,7.0,8.0,0.0,1.0,,,0.0,0.0,4.0,5.0,,,,,,,,,,,,,,,,,,,,,,,0.35,0.65,,,,,,,,,,,7.0,10.0,7.0,5.0,0.0,5.0,,,,,,,,,,,,,2.0,2.0,4.0,3.0,10.0,15.0,3.0,2.0,,,,,0.0,2.0,3.0,3.0,,,,,,,,,,,,,K League 1,0IDCJLlH
fZ5rO1RI,SOUTH KOREA,2022,SOUTH KOREA 1,SOUTH KOREA 1,05/08/2022,10:00,Round 27,Seongnam,WMiRgH8G,Gimcheon Sangmu,IaoBca9i,False,1,4,,,,,,[66],"[7, 57, 90, 90]",bet365,3.1,2.2,3.25,bet365,2.75,2.5,2.87,bet365,2.5,3.25,2.55,bet365,1.36,3.0,bet365,2.62,1.44,bet365,7.0,1.1,bet365,1.2,4.33,bet365,1.9,1.8,bet365,4.0,1.22,bet365,1.05,11.0,bet365,1.25,3.75,bet365,1.85,2.0,bet365,3.0,1.36,bet365,6.0,1.12,bet365,1.61,2.2,bet365,4.33,1.2,bet365,3.0,1.36,bet365,1.44,1.3,1.44,bet365,1.33,1.61,1.36,Betano.br,1.38,1.5,1.4,bet365,1.8,1.9,Betano.br,1.8,1.91,Betano.br,1.83,1.9,bet365,4.0,13.0,26.0,6.0,5.5,6.5,26.0,13.0,4.33,bet365,1.95,1.9,bet365,2.1,1.72,bet365,1.9,1.8,bet365,12.0,bet365,9.5,bet365,10.0,bet365,6.5,bet365,13.0,bet365,15.0,bet365,10.0,bet365,10.0,bet365,13.0,bet365,26.0,bet365,26.0,bet365,19.0,bet365,21.0,bet365,26.0,bet365,26.0,,0.0,0.0,,0.0,0.0,bet365,5.25,1.16,bet365,4.15,1.22,bet365,2.5,1.5,bet365,1.5,2.5,bet365,1.22,4.15,bet365,1.16,5.25,,0.0,0.0,,0.0,0.0,Betano.br,26.0,12.5,29.0,Betano.br,12.0,7.3,14.0,bet365,4.75,4.33,5.0,bet365,1.44,4.33,1.44,Betano.br,1.15,7.7,1.18,Betano.br,1.04,13.5,1.05,,,,,,,,,,,0.42,0.58,,,,,,,,,,,15.0,15.0,5.0,11.0,10.0,4.0,,,,,,,,,,,,,5.0,1.0,14.0,7.0,21.0,15.0,6.0,13.0,1.0,4.0,,,1.0,1.0,7.0,4.0,,,,,,,,,,,,,,,,,,,,,,,0.44,0.56,,,,,,,,,,,6.0,6.0,1.0,4.0,5.0,2.0,,,,,,,,,,,,,0.0,0.0,6.0,2.0,13.0,8.0,2.0,5.0,0.0,1.0,,,0.0,0.0,3.0,1.0,,,,,,,,,,,,,,,,,,,,,,,0.4,0.6,,,,,,,,,,,9.0,9.0,4.0,7.0,5.0,2.0,,,,,,,,,,,,,5.0,1.0,8.0,5.0,8.0,7.0,4.0,8.0,1.0,3.0,,,1.0,1.0,4.0,3.0,,,,,,,,,,,,,K League 1,0IDCJLlH
ITAJT5cs,SOUTH KOREA,2022,SOUTH KOREA 1,SOUTH KOREA 1,02/08/2022,10:00,Round 26,Gimcheon Sangmu,IaoBca9i,Pohang,KIIIipI5,False,0,1,,,,,,[],[45],bet365,4.0,2.2,2.6,bet365,3.6,2.5,2.25,bet365,3.6,3.4,1.95,bet365,1.36,3.0,bet365,2.75,1.4,bet365,7.0,1.1,bet365,1.22,4.0,bet365,2.0,1.72,bet365,4.33,1.2,bet365,1.05,11.0,bet365,1.25,3.75,bet365,1.88,1.98,bet365,3.25,1.33,bet365,6.0,1.12,bet365,1.72,2.0,bet365,4.5,1.18,bet365,3.25,1.33,bet365,1.8,1.3,1.28,bet365,1.5,1.61,1.22,Betano.br,1.55,1.45,1.29,bet365,2.62,1.44,Betano.br,2.27,1.57,Betano.br,2.35,1.55,bet365,6.0,15.0,23.0,8.0,5.5,5.0,29.0,13.0,3.2,bet365,1.95,1.9,bet365,2.1,1.72,bet365,1.9,1.8,bet365,11.0,bet365,12.0,bet365,8.0,bet365,6.5,bet365,19.0,bet365,10.0,bet365,13.0,bet365,8.5,bet365,13.0,bet365,41.0,bet365,17.0,bet365,29.0,bet365,15.0,bet365,34.0,bet365,23.0,,0.0,0.0,,0.0,0.0,bet365,6.4,1.11,bet365,7.0,1.1,bet365,3.55,1.27,bet365,1.88,1.98,bet365,1.43,2.75,bet365,1.3,3.45,bet365,1.11,6.6,bet365,1.1,7.0,Betano.br,35.0,15.5,18.0,Betano.br,18.5,9.5,8.25,bet365,0.0,0.0,3.5,bet365,1.8,3.75,0.0,Betano.br,1.28,5.9,1.1,Betano.br,1.09,10.25,1.03,,,,,,,,,,,0.41,0.59,,,,,,,,,,,12.0,13.0,7.0,3.0,5.0,10.0,,,,,,,,,,,,,2.0,10.0,7.0,10.0,18.0,27.0,9.0,6.0,1.0,3.0,,,1.0,1.0,2.0,7.0,,,,,,,,,,,,,,,,,,,,,,,0.4,0.6,,,,,,,,,,,5.0,6.0,4.0,2.0,1.0,4.0,,,,,,,,,,,,,1.0,8.0,2.0,5.0,8.0,11.0,5.0,2.0,0.0,1.0,,,0.0,0.0,1.0,4.0,,,,,,,,,,,,,,,,,,,,,,,0.42,0.58,,,,,,,,,,,7.0,7.0,3.0,1.0,4.0,6.0,,,,,,,,,,,,,1.0,2.0,5.0,5.0,10.0,16.0,4.0,4.0,1.0,2.0,,,1.0,1.0,1.0,3.0,,,,,,,,,,,,,K League 1,0IDCJLlH
lGy4oyOj,SOUTH KOREA,2022,SOUTH KOREA 1,SOUTH KOREA 1,06/07/2022,10:00,Round 20,Suwon Bluewings,v5I5PanH,Daegu,SrMQkOnI,False,1,1,,,,,,[68],[30],bet365,3.6,2.0,3.4,bet365,3.1,2.25,2.87,bet365,2.75,3.1,2.55,bet365,1.5,2.5,bet365,3.5,1.28,bet365,11.0,1.05,bet365,1.3,3.4,bet365,2.5,1.5,bet365,6.0,1.12,bet365,1.08,8.0,bet365,1.4,2.75,bet365,2.3,1.6,bet365,4.33,1.2,bet365,10.0,1.06,bet365,2.0,1.72,bet365,5.5,1.14,bet365,3.75,1.25,bet365,1.5,1.36,1.4,bet365,1.3,1.72,1.28,Betano.br,1.38,1.57,1.34,bet365,1.9,1.8,Betano.br,1.88,1.82,Betano.br,1.93,1.82,bet365,4.75,15.0,29.0,6.0,4.5,6.0,34.0,15.0,4.33,bet365,1.95,1.9,bet365,2.2,1.66,bet365,2.0,1.72,bet365,7.5,bet365,7.5,bet365,7.0,bet365,6.0,bet365,13.0,bet365,12.0,bet365,11.0,bet365,10.0,bet365,17.0,bet365,29.0,bet365,26.0,bet365,26.0,bet365,23.0,bet365,41.0,bet365,41.0,,0.0,0.0,,0.0,0.0,bet365,6.0,1.13,bet365,5.0,1.17,bet365,2.67,1.45,bet365,1.5,2.5,bet365,1.2,4.4,bet365,1.14,5.75,,0.0,0.0,,0.0,0.0,Betano.br,32.0,14.0,32.0,Betano.br,16.5,8.0,15.0,bet365,5.0,4.0,5.5,bet365,1.5,4.0,1.5,Betano.br,1.15,7.5,1.13,Betano.br,1.04,13.5,1.03,,,,,,,,,,,0.44,0.56,,,,,,,,,,,10.0,9.0,8.0,5.0,2.0,4.0,,,,,,,,,,,,,3.0,5.0,7.0,11.0,29.0,17.0,10.0,7.0,3.0,0.0,1.0,0.0,1.0,0.0,4.0,7.0,,,,,,,,,,,,,,,,,,,,,,,0.42,0.58,,,,,,,,,,,4.0,5.0,3.0,3.0,1.0,2.0,,,,,,,,,,,,,0.0,3.0,2.0,6.0,14.0,11.0,6.0,2.0,2.0,0.0,1.0,0.0,0.0,0.0,2.0,3.0,,,,,,,,,,,,,,,,,,,,,,,0.46,0.54,,,,,,,,,,,6.0,4.0,5.0,2.0,1.0,2.0,,,,,,,,,,,,,3.0,2.0,5.0,5.0,15.0,6.0,4.0,5.0,1.0,0.0,,,1.0,0.0,2.0,4.0,,,,,,,,,,,,,K League 1,0IDCJLlH
QXKnAK0i,SOUTH KOREA,2022,SOUTH KOREA 1,SOUTH KOREA 1,06/07/2022,10:00,Round 20,Incheon,prJ1QuXA,Suwon FC,6sXCYRPI,False,0,1,,,,,,[],[90],bet365,3.4,2.1,3.2,bet365,2.87,2.4,2.75,bet365,2.8,3.2,2.55,bet365,1.4,2.75,bet365,3.0,1.36,bet365,8.0,1.08,bet365,1.22,4.0,bet365,2.1,1.66,bet365,4.5,1.18,bet365,1.06,10.0,bet365,1.3,3.4,bet365,2.02,1.83,bet365,3.4,1.3,bet365,7.0,1.1,bet365,1.72,2.0,bet365,5.0,1.16,bet365,3.25,1.33,bet365,1.5,1.36,1.4,bet365,1.36,1.66,1.3,Betano.br,1.4,1.52,1.36,bet365,1.9,1.8,Betano.br,2.02,1.7,Betano.br,1.95,1.8,bet365,4.5,15.0,26.0,6.5,5.0,6.0,29.0,13.0,4.0,bet365,1.95,1.9,bet365,2.1,1.72,bet365,1.9,1.8,bet365,9.5,bet365,9.0,bet365,8.5,bet365,6.0,bet365,13.0,bet365,12.0,bet365,11.0,bet365,10.0,bet365,13.0,bet365,29.0,bet365,26.0,bet365,23.0,bet365,21.0,bet365,29.0,bet365,29.0,,0.0,0.0,,0.0,0.0,bet365,5.9,1.13,bet365,5.0,1.17,bet365,2.75,1.43,bet365,1.52,2.42,bet365,1.23,4.1,bet365,1.17,5.0,,0.0,0.0,,0.0,0.0,Betano.br,35.0,14.5,25.0,Betano.br,17.0,8.25,12.0,bet365,5.0,4.0,5.0,bet365,1.5,4.0,1.5,Betano.br,1.18,7.1,1.12,Betano.br,1.05,12.5,1.03,,,,,,,,,,,0.55,0.45,,,,,,,,,,,10.0,12.0,5.0,5.0,5.0,7.0,,,,,,,,,,,,,6.0,4.0,12.0,8.0,22.0,25.0,4.0,12.0,1.0,0.0,,,4.0,0.0,4.0,5.0,,,,,,,,,,,,,,,,,,,,,,,0.51,0.49,,,,,,,,,,,3.0,7.0,1.0,4.0,2.0,3.0,,,,,,,,,,,,,1.0,2.0,6.0,1.0,10.0,18.0,0.0,6.0,,,,,1.0,0.0,4.0,1.0,,,,,,,,,,,,,,,,,,,,,,,0.59,0.41,,,,,,,,,,,7.0,5.0,4.0,1.0,3.0,4.0,,,,,,,,,,,,,5.0,2.0,6.0,7.0,12.0,7.0,4.0,6.0,1.0,0.0,,,3.0,0.0,0.0,4.0,,,,,,,,,,,,,K League 1,0IDCJLlH
xf1HPK1U,SOUTH KOREA,2022,SOUTH KOREA 1,SOUTH KOREA 1,21/06/2022,10:30,Round 17,Daegu,SrMQkOnI,Jeju SK,vFZJewv4,False,1,0,,,,,,[],[],,0.0,0.0,0.0,,0.0,0.0,0.0,,0.0,0.0,0.0,,0.0,0.0,,0.0,0.0,,0.0,0.0,,0.0,0.0,,0.0,0.0,,0.0,0.0,,0.0,0.0,,0.0,0.0,,0.0,0.0,,0.0,0.0,,0.0,0.0,,0.0,0.0,,0.0,0.0,,0.0,0.0,,0.0,0.0,0.0,,0.0,0.0,0.0,,0.0,0.0,0.0,,0.0,0.0,,0.0,0.0,,0.0,0.0,,0.0,0.0,0.0,0.0,0.0,0.0,0.0,0.0,0.0,,0.0,0.0,,0.0,0.0,,0.0,0.0,,0.0,,0.0,,0.0,,0.0,,0.0,,0.0,,0.0,,0.0,,0.0,,0.0,,0.0,,0.0,,0.0,,0.0,,0.0,,0.0,0.0,,0.0,0.0,,0.0,0.0,,0.0,0.0,,0.0,0.0,,0.0,0.0,,0.0,0.0,,0.0,0.0,,0.0,0.0,,0.0,0.0,,0.0,0.0,0.0,,0.0,0.0,0.0,,0.0,0.0,0.0,,0.0,0.0,0.0,,0.0,0.0,0.0,,0.0,0.0,0.0,,,,,,,,,,,,,,,,,,,,,,,,,,,,,,,,,,,,,,,,,,,,,,,,,,,,,,,,,,,,,,,,,,,,,,,,,,,,,,,,,,,,,,,,,,,,,,,,,,,,,,,,,,,,,,,,,,,,,,,,,,,,,,,,,,,,,,,,,,,,,,,,,,,,,,,,,,,,,,,,,,,,,,,,,,,,,,,,,,,,,,,,,,,,,,,,,,,,,,,,,,,,,K League 1,0IDCJLlH
OjcDQ0nO,SOUTH KOREA,2022,SOUTH KOREA 1,SOUTH KOREA 1,21/06/2022,10:00,Round 17,Gimcheon Sangmu,IaoBca9i,Seongnam,WMiRgH8G,False,1,1,,,,,,[],[],,0.0,0.0,0.0,,0.0,0.0,0.0,,0.0,0.0,0.0,,0.0,0.0,,0.0,0.0,,0.0,0.0,,0.0,0.0,,0.0,0.0,,0.0,0.0,,0.0,0.0,,0.0,0.0,,0.0,0.0,,0.0,0.0,,0.0,0.0,,0.0,0.0,,0.0,0.0,,0.0,0.0,,0.0,0.0,0.0,,0.0,0.0,0.0,,0.0,0.0,0.0,,0.0,0.0,,0.0,0.0,,0.0,0.0,,0.0,0.0,0.0,0.0,0.0,0.0,0.0,0.0,0.0,,0.0,0.0,,0.0,0.0,,0.0,0.0,,0.0,,0.0,,0.0,,0.0,,0.0,,0.0,,0.0,,0.0,,0.0,,0.0,,0.0,,0.0,,0.0,,0.0,,0.0,,0.0,0.0,,0.0,0.0,,0.0,0.0,,0.0,0.0,,0.0,0.0,,0.0,0.0,,0.0,0.0,,0.0,0.0,,0.0,0.0,,0.0,0.0,,0.0,0.0,0.0,,0.0,0.0,0.0,,0.0,0.0,0.0,,0.0,0.0,0.0,,0.0,0.0,0.0,,0.0,0.0,0.0,,,,,,,,,,,,,,,,,,,,,,,,,,,,,,,,,,,,,,,,,,,,,,,,,,,,,,,,,,,,,,,,,,,,,,,,,,,,,,,,,,,,,,,,,,,,,,,,,,,,,,,,,,,,,,,,,,,,,,,,,,,,,,,,,,,,,,,,,,,,,,,,,,,,,,,,,,,,,,,,,,,,,,,,,,,,,,,,,,,,,,,,,,,,,,,,,,,,,,,,,,,,,K League 1,0IDCJLlH
2HSNp4Xu,SOUTH KOREA,2022,SOUTH KOREA 1,SOUTH KOREA 1,21/06/2022,10:30,Round 17,Suwon FC,6sXCYRPI,Pohang,KIIIipI5,False,2,1,,,,,,[],[],,0.0,0.0,0.0,,0.0,0.0,0.0,,0.0,0.0,0.0,,0.0,0.0,,0.0,0.0,,0.0,0.0,,0.0,0.0,,0.0,0.0,,0.0,0.0,,0.0,0.0,,0.0,0.0,,0.0,0.0,,0.0,0.0,,0.0,0.0,,0.0,0.0,,0.0,0.0,,0.0,0.0,,0.0,0.0,0.0,,0.0,0.0,0.0,,0.0,0.0,0.0,,0.0,0.0,,0.0,0.0,,0.0,0.0,,0.0,0.0,0.0,0.0,0.0,0.0,0.0,0.0,0.0,,0.0,0.0,,0.0,0.0,,0.0,0.0,,0.0,,0.0,,0.0,,0.0,,0.0,,0.0,,0.0,,0.0,,0.0,,0.0,,0.0,,0.0,,0.0,,0.0,,0.0,,0.0,0.0,,0.0,0.0,,0.0,0.0,,0.0,0.0,,0.0,0.0,,0.0,0.0,,0.0,0.0,,0.0,0.0,,0.0,0.0,,0.0,0.0,,0.0,0.0,0.0,,0.0,0.0,0.0,,0.0,0.0,0.0,,0.0,0.0,0.0,,0.0,0.0,0.0,,0.0,0.0,0.0,,,,,,,,,,,,,,,,,,,,,,,,,,,,,,,,,,,,,,,,,,,,,,,,,,,,,,,,,,,,,,,,,,,,,,,,,,,,,,,,,,,,,,,,,,,,,,,,,,,,,,,,,,,,,,,,,,,,,,,,,,,,,,,,,,,,,,,,,,,,,,,,,,,,,,,,,,,,,,,,,,,,,,,,,,,,,,,,,,,,,,,,,,,,,,,,,,,,,,,,,,,,,K League 1,0IDCJLlH
hIkW7kyL,SOUTH KOREA,2022,SOUTH KOREA 1,SOUTH KOREA 1,16/07/2022,11:00,Round 22,Seoul,8tzeYeHp,Daegu,SrMQkOnI,False,2,1,,,,,,"[62, 64, 90]",[54],bet365,2.87,2.2,3.75,bet365,2.5,2.5,3.25,bet365,2.2,3.4,3.1,bet365,1.4,2.75,bet365,2.75,1.4,bet365,8.0,1.08,bet365,1.22,4.0,bet365,2.0,1.72,bet365,4.33,1.2,bet365,1.05,11.0,bet365,1.28,3.5,bet365,1.98,1.88,bet365,3.4,1.3,bet365,6.5,1.11,bet365,1.72,2.0,bet365,4.5,1.18,bet365,3.25,1.33,bet365,1.36,1.3,1.61,bet365,1.25,1.61,1.4,Betano.br,1.35,1.5,1.42,bet365,1.57,2.25,Betano.br,1.65,2.12,Betano.br,1.78,1.98,bet365,3.6,13.0,29.0,5.5,5.5,7.0,23.0,15.0,5.0,bet365,1.95,1.9,bet365,2.1,1.72,bet365,1.9,1.8,bet365,11.0,bet365,8.0,bet365,10.0,bet365,6.5,bet365,11.0,bet365,17.0,bet365,9.0,bet365,11.0,bet365,13.0,bet365,21.0,bet365,34.0,bet365,17.0,bet365,26.0,bet365,26.0,bet365,34.0,,0.0,0.0,,0.0,0.0,bet365,4.25,1.21,bet365,3.45,1.3,bet365,2.2,1.65,bet365,1.38,3.0,bet365,1.14,5.75,bet365,1.11,6.6,,0.0,0.0,,0.0,0.0,Betano.br,24.0,12.0,37.0,Betano.br,11.25,6.9,18.5,bet365,4.0,4.0,0.0,bet365,0.0,0.0,1.61,Betano.br,1.11,8.5,1.2,Betano.br,1.03,15.0,1.06,,,,,,,,,,,0.64,0.36,,,,,,,,,,,18.0,4.0,8.0,3.0,10.0,1.0,,,,,,,,,,,,,6.0,3.0,11.0,13.0,24.0,12.0,12.0,11.0,2.0,4.0,,,1.0,1.0,2.0,6.0,,,,,,,,,,,,,,,,,,,,,,,0.56,0.44,,,,,,,,,,,8.0,3.0,3.0,2.0,5.0,1.0,,,,,,,,,,,,,2.0,0.0,4.0,7.0,13.0,6.0,6.0,4.0,1.0,1.0,,,1.0,0.0,2.0,3.0,,,,,,,,,,,,,,,,,,,,,,,0.72,0.28,,,,,,,,,,,10.0,1.0,5.0,1.0,5.0,0.0,,,,,,,,,,,,,4.0,3.0,7.0,6.0,11.0,6.0,6.0,7.0,1.0,3.0,,,0.0,1.0,0.0,3.0,,,,,,,,,,,,,K League 1,0IDCJLlH
4OJj9vGc,SOUTH KOREA,2022,SOUTH KOREA 1,SOUTH KOREA 1,06/07/2022,10:30,Round 20,Seoul,8tzeYeHp,Jeonbuk,x0hNfcgA,False,0,1,,,,,,[],[54],bet365,4.0,2.2,2.75,bet365,3.5,2.5,2.37,bet365,3.5,3.2,2.0,bet365,1.4,2.75,bet365,2.75,1.4,bet365,8.0,1.08,bet365,1.22,4.0,bet365,2.0,1.72,bet365,4.33,1.2,bet365,1.05,11.0,bet365,1.25,3.75,bet365,1.93,1.93,bet365,3.25,1.33,bet365,6.5,1.11,bet365,1.72,2.0,bet365,4.5,1.18,bet365,3.25,1.33,bet365,1.66,1.33,1.25,bet365,1.4,1.61,1.22,Betano.br,1.52,1.5,1.28,bet365,2.5,1.5,Betano.br,2.25,1.57,Betano.br,2.32,1.57,bet365,5.5,15.0,23.0,7.5,5.5,5.0,29.0,13.0,3.4,bet365,1.95,1.9,bet365,2.1,1.72,bet365,1.9,1.8,bet365,10.0,bet365,11.0,bet365,8.0,bet365,6.5,bet365,19.0,bet365,10.0,bet365,13.0,bet365,9.0,bet365,13.0,bet365,41.0,bet365,19.0,bet365,29.0,bet365,17.0,bet365,34.0,bet365,26.0,,0.0,0.0,,0.0,0.0,bet365,7.0,1.1,bet365,7.0,1.1,bet365,3.55,1.27,bet365,1.77,2.1,bet365,1.38,3.0,bet365,1.26,3.7,bet365,1.1,7.0,,0.0,0.0,Betano.br,37.0,15.5,20.0,Betano.br,19.5,9.25,9.0,bet365,0.0,0.0,3.75,bet365,1.66,3.75,0.0,Betano.br,1.26,6.0,1.1,Betano.br,1.08,10.5,1.03,,,,,,,,,,,0.61,0.39,,,,,,,,,,,13.0,9.0,6.0,5.0,7.0,4.0,,,,,,,,,,,,,7.0,4.0,17.0,11.0,13.0,24.0,11.0,12.0,2.0,0.0,,,0.0,5.0,4.0,6.0,,,,,,,,,,,,,,,,,,,,,,,0.52,0.48,,,,,,,,,,,6.0,5.0,3.0,2.0,3.0,3.0,,,,,,,,,,,,,3.0,1.0,9.0,4.0,6.0,11.0,4.0,6.0,,,,,0.0,3.0,2.0,3.0,,,,,,,,,,,,,,,,,,,,,,,0.7,0.3,,,,,,,,,,,7.0,4.0,3.0,3.0,4.0,1.0,,,,,,,,,,,,,4.0,3.0,8.0,7.0,7.0,13.0,7.0,6.0,2.0,0.0,,,0.0,2.0,2.0,3.0,,,,,,,,,,,,,K League 1,0IDCJLlH
xzwumlae,SOUTH KOREA,2022,SOUTH KOREA 1,SOUTH KOREA 1,10/07/2022,10:00,Round 21,Pohang,KIIIipI5,Suwon Bluewings,v5I5PanH,False,1,0,,,,,,[20],[],bet365,2.6,2.1,4.75,bet365,2.2,2.4,4.0,bet365,1.83,3.3,4.2,bet365,1.44,2.62,bet365,3.25,1.33,bet365,9.0,1.07,bet365,1.28,3.5,bet365,2.25,1.57,bet365,5.5,1.14,bet365,1.06,10.0,bet365,1.33,3.25,bet365,2.1,1.7,bet365,3.75,1.25,bet365,8.0,1.08,bet365,1.9,1.8,bet365,5.5,1.14,bet365,3.75,1.25,bet365,1.22,1.33,1.83,bet365,1.16,1.66,1.5,Betano.br,1.22,1.5,1.6,bet365,1.36,3.0,Betano.br,1.45,2.57,Betano.br,1.44,2.67,bet365,3.0,15.0,41.0,4.75,5.0,8.5,23.0,15.0,7.0,bet365,1.95,1.9,bet365,2.1,1.72,bet365,2.0,1.72,bet365,8.5,bet365,6.5,bet365,11.0,bet365,6.5,bet365,8.5,bet365,21.0,bet365,8.5,bet365,15.0,bet365,17.0,bet365,15.0,bet365,41.0,bet365,17.0,bet365,41.0,bet365,29.0,bet365,41.0,bet365,7.0,1.1,bet365,6.8,1.1,bet365,3.55,1.27,bet365,2.67,1.45,bet365,1.93,1.93,bet365,1.24,3.9,,0.0,0.0,,0.0,0.0,,0.0,0.0,,0.0,0.0,Betano.br,18.0,9.75,40.0,Betano.br,7.9,5.4,26.0,bet365,3.4,3.5,0.0,bet365,0.0,0.0,1.83,Betano.br,1.06,10.75,1.32,Betano.br,1.02,17.0,1.1,,,,,,,,,,,0.56,0.44,,,,,,,,,,,14.0,6.0,9.0,5.0,5.0,1.0,,,,,,,,,,,,,6.0,4.0,7.0,11.0,16.0,22.0,9.0,7.0,1.0,2.0,,,2.0,0.0,5.0,8.0,,,,,,,,,,,,,,,,,,,,,,,0.59,0.41,,,,,,,,,,,9.0,3.0,4.0,3.0,5.0,0.0,,,,,,,,,,,,,3.0,1.0,5.0,4.0,6.0,4.0,4.0,5.0,1.0,1.0,,,0.0,0.0,3.0,3.0,,,,,,,,,,,,,,,,,,,,,,,0.53,0.47,,,,,,,,,,,5.0,3.0,5.0,2.0,0.0,1.0,,,,,,,,,,,,,3.0,3.0,2.0,7.0,10.0,18.0,5.0,2.0,0.0,1.0,,,2.0,0.0,2.0,5.0,,,,,,,,,,,,,K League 1,0IDCJLlH
pzcdC4S6,SOUTH KOREA,2022,SOUTH KOREA 1,SOUTH KOREA 1,30/07/2022,10:00,Round 25,Ulsan HD,EVEwgyOM,Gangwon,A144gewT,False,2,1,,,,,,"[10, 62]",[44],bet365,2.2,2.25,5.5,bet365,1.9,2.6,5.0,bet365,1.57,4.0,5.25,bet365,1.36,3.0,bet365,2.75,1.4,bet365,7.0,1.1,bet365,1.22,4.0,bet365,2.0,1.72,bet365,4.33,1.2,bet365,1.04,13.0,bet365,1.25,3.75,bet365,1.85,2.0,bet365,3.0,1.36,bet365,6.0,1.12,bet365,1.83,1.83,bet365,5.0,1.16,bet365,3.5,1.28,bet365,1.16,1.22,2.25,bet365,1.12,1.57,1.61,Betano.br,1.18,1.42,1.78,bet365,1.22,4.0,Betano.br,1.32,3.1,Betano.br,1.31,3.25,bet365,2.5,15.0,41.0,4.33,6.0,11.0,21.0,17.0,9.0,bet365,1.95,1.9,bet365,2.1,1.72,bet365,1.9,1.8,bet365,11.0,bet365,7.0,bet365,13.0,bet365,8.0,bet365,7.5,bet365,26.0,bet365,8.5,bet365,17.0,bet365,17.0,bet365,12.0,bet365,51.0,bet365,13.0,bet365,41.0,bet365,26.0,bet365,41.0,bet365,5.25,1.16,bet365,4.15,1.22,bet365,2.6,1.48,bet365,2.02,1.83,bet365,1.58,2.35,bet365,1.17,5.0,,0.0,0.0,,0.0,0.0,,0.0,0.0,,0.0,0.0,Betano.br,11.5,7.7,45.0,Betano.br,5.3,4.75,32.0,bet365,2.6,3.5,0.0,bet365,0.0,0.0,2.25,Betano.br,1.04,12.5,1.5,Betano.br,1.01,17.5,1.17,,,,,,,,,,,0.49,0.51,,,,,,,,,,,5.0,15.0,5.0,11.0,0.0,4.0,,,,,,,,,,,,,1.0,7.0,10.0,12.0,13.0,24.0,7.0,11.0,1.0,2.0,,,3.0,1.0,10.0,3.0,,,,,,,,,,,,,,,,,,,,,,,0.49,0.51,,,,,,,,,,,1.0,10.0,1.0,8.0,0.0,2.0,,,,,,,,,,,,,0.0,5.0,1.0,6.0,7.0,13.0,1.0,5.0,0.0,1.0,,,0.0,1.0,7.0,0.0,,,,,,,,,,,,,,,,,,,,,,,0.49,0.51,,,,,,,,,,,4.0,5.0,4.0,3.0,0.0,2.0,,,,,,,,,,,,,1.0,2.0,9.0,6.0,6.0,11.0,6.0,6.0,1.0,1.0,,,3.0,0.0,3.0,3.0,,,,,,,,,,,,,K League 1,0IDCJLlH
hpC36x0G,SOUTH KOREA,2022,SOUTH KOREA 1,SOUTH KOREA 1,09/07/2022,10:00,Round 21,Jeonbuk,x0hNfcgA,Incheon,prJ1QuXA,False,2,2,,,,,,"[21, 31, 61]","[74, 80]",bet365,2.1,2.37,5.5,bet365,1.83,2.75,5.0,bet365,1.55,4.2,5.75,bet365,1.33,3.25,bet365,2.62,1.44,bet365,6.5,1.11,bet365,1.2,4.33,bet365,1.9,1.8,bet365,4.0,1.22,bet365,1.04,13.0,bet365,1.22,4.0,bet365,1.72,2.07,bet365,2.75,1.4,bet365,5.5,1.14,bet365,1.8,1.9,bet365,4.5,1.18,bet365,3.4,1.3,bet365,1.14,1.22,2.37,bet365,1.12,1.53,1.66,Betano.br,1.17,1.4,1.85,bet365,1.2,4.33,Betano.br,1.29,3.3,Betano.br,1.29,3.4,bet365,2.4,15.0,41.0,4.33,6.5,12.0,21.0,17.0,9.5,bet365,1.95,1.9,bet365,2.1,1.72,bet365,1.9,1.8,bet365,13.0,bet365,7.5,bet365,15.0,bet365,8.0,bet365,7.5,bet365,29.0,bet365,8.5,bet365,17.0,bet365,17.0,bet365,11.0,bet365,51.0,bet365,12.0,bet365,41.0,bet365,23.0,bet365,41.0,bet365,4.65,1.18,bet365,3.9,1.24,bet365,2.5,1.5,bet365,1.98,1.88,bet365,1.55,2.38,bet365,1.16,5.25,,0.0,0.0,,0.0,0.0,,0.0,0.0,,0.0,0.0,Betano.br,10.0,7.2,45.0,Betano.br,4.7,4.65,32.0,bet365,2.4,3.6,0.0,bet365,0.0,0.0,2.37,Betano.br,1.04,13.0,1.55,Betano.br,1.01,17.5,1.2,,,,,,,,,,,0.53,0.47,,,,,,,,,,,20.0,17.0,13.0,7.0,7.0,10.0,,,,,,,,,,,,,5.0,4.0,11.0,8.0,12.0,19.0,7.0,9.0,0.0,1.0,,,1.0,2.0,5.0,11.0,,,,,,,,,,,,,,,,,,,,,,,0.57,0.43,,,,,,,,,,,12.0,6.0,10.0,3.0,2.0,3.0,,,,,,,,,,,,,2.0,1.0,7.0,5.0,9.0,9.0,4.0,7.0,0.0,1.0,,,1.0,0.0,3.0,8.0,,,,,,,,,,,,,,,,,,,,,,,0.49,0.51,,,,,,,,,,,8.0,11.0,3.0,4.0,5.0,7.0,,,,,,,,,,,,,3.0,3.0,4.0,3.0,3.0,10.0,3.0,2.0,,,,,0.0,2.0,2.0,3.0,,,,,,,,,,,,,K League 1,0IDCJLlH
boJf8bV3,SOUTH KOREA,2022,SOUTH KOREA 1,SOUTH KOREA 1,08/07/2022,10:30,Round 21,Jeju SK,vFZJewv4,Seongnam,WMiRgH8G,False,3,2,,,,,,"[29, 77, 81]","[57, 90]",bet365,2.2,2.25,5.5,bet365,1.9,2.6,5.0,bet365,1.6,3.8,5.5,bet365,1.36,3.0,bet365,2.75,1.4,bet365,8.0,1.08,bet365,1.22,4.0,bet365,2.0,1.72,bet365,4.33,1.2,bet365,1.05,11.0,bet365,1.28,3.5,bet365,1.93,1.93,bet365,3.25,1.33,bet365,6.5,1.11,bet365,1.83,1.83,bet365,5.0,1.16,bet365,3.5,1.28,bet365,1.14,1.25,2.25,bet365,1.12,1.57,1.61,Betano.br,1.18,1.44,1.75,bet365,1.22,4.0,Betano.br,1.32,3.1,Betano.br,1.31,3.3,bet365,2.5,15.0,41.0,4.33,5.5,11.0,21.0,17.0,9.0,bet365,1.95,1.9,bet365,2.1,1.72,bet365,1.9,1.8,bet365,11.0,bet365,7.0,bet365,13.0,bet365,7.5,bet365,7.5,bet365,29.0,bet365,8.5,bet365,17.0,bet365,17.0,bet365,12.0,bet365,51.0,bet365,13.0,bet365,41.0,bet365,26.0,bet365,41.0,bet365,5.5,1.15,bet365,4.4,1.2,bet365,2.67,1.45,bet365,2.1,1.77,bet365,1.6,2.3,bet365,1.16,5.25,,0.0,0.0,,0.0,0.0,,0.0,0.0,,0.0,0.0,Betano.br,12.0,7.8,0.0,Betano.br,5.5,4.75,32.0,bet365,2.6,3.5,0.0,bet365,0.0,0.0,2.25,Betano.br,1.04,12.5,1.47,Betano.br,0.0,0.0,1.16,,,,,,,,,,,0.6,0.4,,,,,,,,,,,14.0,12.0,5.0,8.0,9.0,4.0,,,,,,,,,,,,,6.0,3.0,8.0,8.0,8.0,13.0,7.0,7.0,,,,,1.0,1.0,6.0,2.0,,,,,,,,,,,,,,,,,,,,,,,0.58,0.42,,,,,,,,,,,1.0,0.0,1.0,0.0,0.0,0.0,,,,,,,,,,,,,3.0,0.0,2.0,2.0,2.0,9.0,5.0,4.0,,,,,0.0,0.0,0.0,0.0,,,,,,,,,,,,,,,,,,,,,,,0.62,0.38,,,,,,,,,,,13.0,12.0,4.0,8.0,9.0,4.0,,,,,,,,,,,,,3.0,3.0,6.0,6.0,6.0,4.0,2.0,3.0,,,,,1.0,1.0,6.0,2.0,,,,,,,,,,,,,K League 1,0IDCJLlH
IRcLgaGA,SOUTH KOREA,2022,SOUTH KOREA 1,SOUTH KOREA 1,03/07/2022,10:00,Round 19,Daegu,SrMQkOnI,Suwon FC,6sXCYRPI,False,0,0,,,,,,[],[],bet365,2.5,2.3,4.0,bet365,2.2,2.6,3.6,bet365,1.9,3.6,3.75,bet365,1.33,3.25,bet365,2.62,1.44,bet365,6.5,1.11,bet365,1.18,4.5,bet365,1.83,1.83,bet365,3.75,1.25,bet365,1.04,13.0,bet365,1.22,4.0,bet365,1.72,2.07,bet365,2.75,1.4,bet365,5.5,1.14,bet365,1.61,2.2,bet365,4.0,1.22,bet365,3.0,1.36,bet365,1.25,1.28,1.8,bet365,1.22,1.57,1.5,Betano.br,1.28,1.44,1.57,bet365,1.4,2.75,Betano.br,1.5,2.42,Betano.br,1.53,2.4,bet365,3.1,13.0,29.0,5.0,6.0,8.0,21.0,15.0,6.0,bet365,1.95,1.9,bet365,2.1,1.72,bet365,1.9,1.8,bet365,13.0,bet365,9.0,bet365,13.0,bet365,7.0,bet365,10.0,bet365,21.0,bet365,8.5,bet365,13.0,bet365,13.0,bet365,17.0,bet365,41.0,bet365,15.0,bet365,29.0,bet365,23.0,bet365,34.0,bet365,7.0,1.1,bet365,6.25,1.12,bet365,3.45,1.3,bet365,2.67,1.45,bet365,1.95,1.9,bet365,1.27,3.55,bet365,1.1,7.0,bet365,1.1,6.8,,0.0,0.0,,0.0,0.0,Betano.br,16.0,9.5,37.0,Betano.br,7.3,5.7,20.0,bet365,3.25,3.75,0.0,bet365,0.0,0.0,1.8,Betano.br,1.09,9.75,1.32,Betano.br,1.02,16.0,1.11,,,,,,,,,,,0.54,0.46,,,,,,,,,,,13.0,12.0,3.0,4.0,10.0,8.0,,,,,,,,,,,,,3.0,3.0,9.0,15.0,20.0,11.0,13.0,9.0,3.0,1.0,,,2.0,0.0,4.0,3.0,,,,,,,,,,,,,,,,,,,,,,,0.53,0.47,,,,,,,,,,,5.0,6.0,2.0,3.0,3.0,3.0,,,,,,,,,,,,,2.0,1.0,4.0,7.0,10.0,6.0,7.0,4.0,2.0,1.0,,,0.0,0.0,3.0,2.0,,,,,,,,,,,,,,,,,,,,,,,0.55,0.45,,,,,,,,,,,8.0,6.0,1.0,1.0,7.0,5.0,,,,,,,,,,,,,1.0,2.0,5.0,8.0,10.0,5.0,6.0,5.0,1.0,0.0,,,2.0,0.0,1.0,1.0,,,,,,,,,,,,,K League 1,0IDCJLlH
ALMb7IpA,SOUTH KOREA,2022,SOUTH KOREA 1,SOUTH KOREA 1,08/07/2022,10:30,Round 21,Gangwon,A144gewT,Gimcheon Sangmu,IaoBca9i,False,3,2,,,,,,"[17, 24, 47]","[52, 86]",bet365,3.2,2.1,3.25,bet365,2.75,2.4,2.87,bet365,2.55,3.3,2.7,bet365,1.4,2.75,bet365,3.0,1.36,bet365,8.0,1.08,bet365,1.22,4.0,bet365,2.1,1.66,bet365,4.5,1.18,bet365,1.05,11.0,bet365,1.3,3.4,bet365,2.02,1.83,bet365,3.5,1.28,bet365,7.0,1.1,bet365,1.72,2.0,bet365,4.5,1.18,bet365,3.25,1.33,bet365,1.44,1.33,1.5,bet365,1.33,1.66,1.36,Betano.br,1.38,1.5,1.39,bet365,1.83,1.83,Betano.br,1.8,1.91,Betano.br,1.85,1.9,bet365,4.33,13.0,29.0,6.0,5.0,6.0,26.0,15.0,4.33,bet365,1.95,1.9,bet365,2.1,1.72,bet365,1.9,1.8,bet365,10.0,bet365,8.5,bet365,9.0,bet365,6.5,bet365,13.0,bet365,13.0,bet365,10.0,bet365,10.0,bet365,13.0,bet365,26.0,bet365,26.0,bet365,21.0,bet365,21.0,bet365,29.0,bet365,29.0,,0.0,0.0,,0.0,0.0,bet365,5.5,1.15,bet365,4.4,1.2,bet365,2.5,1.5,bet365,1.5,2.5,bet365,1.2,4.4,bet365,1.15,5.5,,0.0,0.0,,0.0,0.0,Betano.br,28.0,13.0,30.0,Betano.br,13.0,7.4,15.0,bet365,5.0,4.33,5.0,bet365,1.44,4.33,1.5,Betano.br,1.14,7.8,1.16,Betano.br,1.04,13.5,1.04,,,,,,,,,,,0.41,0.59,,,,,,,,,,,12.0,13.0,6.0,8.0,6.0,5.0,,,,,,,,,,,,,1.0,11.0,9.0,7.0,26.0,18.0,8.0,7.0,1.0,1.0,,,1.0,0.0,6.0,3.0,,,,,,,,,,,,,,,,,,,,,,,0.45,0.55,,,,,,,,,,,4.0,3.0,2.0,2.0,2.0,1.0,,,,,,,,,,,,,1.0,8.0,2.0,5.0,12.0,8.0,7.0,2.0,,,,,0.0,0.0,2.0,0.0,,,,,,,,,,,,,,,,,,,,,,,0.37,0.63,,,,,,,,,,,8.0,10.0,4.0,6.0,4.0,4.0,,,,,,,,,,,,,0.0,3.0,7.0,2.0,14.0,10.0,1.0,5.0,1.0,1.0,,,1.0,0.0,4.0,3.0,,,,,,,,,,,,,K League 1,0IDCJLlH
tnjiXp3t,SOUTH KOREA,2022,SOUTH KOREA 1,SOUTH KOREA 1,29/05/2022,10:00,Round 15,Gangwon,A144gewT,Suwon Bluewings,v5I5PanH,False,1,1,,,,,,[],[],,0.0,0.0,0.0,,0.0,0.0,0.0,,0.0,0.0,0.0,,0.0,0.0,,0.0,0.0,,0.0,0.0,,0.0,0.0,,0.0,0.0,,0.0,0.0,,0.0,0.0,,0.0,0.0,,0.0,0.0,,0.0,0.0,,0.0,0.0,,0.0,0.0,,0.0,0.0,,0.0,0.0,,0.0,0.0,0.0,,0.0,0.0,0.0,,0.0,0.0,0.0,,0.0,0.0,,0.0,0.0,,0.0,0.0,,0.0,0.0,0.0,0.0,0.0,0.0,0.0,0.0,0.0,,0.0,0.0,,0.0,0.0,,0.0,0.0,,0.0,,0.0,,0.0,,0.0,,0.0,,0.0,,0.0,,0.0,,0.0,,0.0,,0.0,,0.0,,0.0,,0.0,,0.0,,0.0,0.0,,0.0,0.0,,0.0,0.0,,0.0,0.0,,0.0,0.0,,0.0,0.0,,0.0,0.0,,0.0,0.0,,0.0,0.0,,0.0,0.0,,0.0,0.0,0.0,,0.0,0.0,0.0,,0.0,0.0,0.0,,0.0,0.0,0.0,,0.0,0.0,0.0,,0.0,0.0,0.0,,,,,,,,,,,,,,,,,,,,,,,,,,,,,,,,,,,,,,,,,,,,,,,,,,,,,,,,,,,,,,,,,,,,,,,,,,,,,,,,,,,,,,,,,,,,,,,,,,,,,,,,,,,,,,,,,,,,,,,,,,,,,,,,,,,,,,,,,,,,,,,,,,,,,,,,,,,,,,,,,,,,,,,,,,,,,,,,,,,,,,,,,,,,,,,,,,,,,,,,,,,,,K League 1,0IDCJLlH
vw4PyRfP,SOUTH KOREA,2022,SOUTH KOREA 1,SOUTH KOREA 1,29/05/2022,10:00,Round 15,Daegu,SrMQkOnI,Pohang,KIIIipI5,False,2,2,,,,,,[],[],,0.0,0.0,0.0,,0.0,0.0,0.0,,0.0,0.0,0.0,,0.0,0.0,,0.0,0.0,,0.0,0.0,,0.0,0.0,,0.0,0.0,,0.0,0.0,,0.0,0.0,,0.0,0.0,,0.0,0.0,,0.0,0.0,,0.0,0.0,,0.0,0.0,,0.0,0.0,,0.0,0.0,,0.0,0.0,0.0,,0.0,0.0,0.0,,0.0,0.0,0.0,,0.0,0.0,,0.0,0.0,,0.0,0.0,,0.0,0.0,0.0,0.0,0.0,0.0,0.0,0.0,0.0,,0.0,0.0,,0.0,0.0,,0.0,0.0,,0.0,,0.0,,0.0,,0.0,,0.0,,0.0,,0.0,,0.0,,0.0,,0.0,,0.0,,0.0,,0.0,,0.0,,0.0,,0.0,0.0,,0.0,0.0,,0.0,0.0,,0.0,0.0,,0.0,0.0,,0.0,0.0,,0.0,0.0,,0.0,0.0,,0.0,0.0,,0.0,0.0,,0.0,0.0,0.0,,0.0,0.0,0.0,,0.0,0.0,0.0,,0.0,0.0,0.0,,0.0,0.0,0.0,,0.0,0.0,0.0,,,,,,,,,,,,,,,,,,,,,,,,,,,,,,,,,,,,,,,,,,,,,,,,,,,,,,,,,,,,,,,,,,,,,,,,,,,,,,,,,,,,,,,,,,,,,,,,,,,,,,,,,,,,,,,,,,,,,,,,,,,,,,,,,,,,,,,,,,,,,,,,,,,,,,,,,,,,,,,,,,,,,,,,,,,,,,,,,,,,,,,,,,,,,,,,,,,,,,,,,,,,,K League 1,0IDCJLlH
jNAsDsIO,SOUTH KOREA,2022,SOUTH KOREA 1,SOUTH KOREA 1,29/05/2022,07:30,Round 15,Incheon,prJ1QuXA,Seongnam,WMiRgH8G,False,1,0,,,,,,[],[],,0.0,0.0,0.0,,0.0,0.0,0.0,,0.0,0.0,0.0,,0.0,0.0,,0.0,0.0,,0.0,0.0,,0.0,0.0,,0.0,0.0,,0.0,0.0,,0.0,0.0,,0.0,0.0,,0.0,0.0,,0.0,0.0,,0.0,0.0,,0.0,0.0,,0.0,0.0,,0.0,0.0,,0.0,0.0,0.0,,0.0,0.0,0.0,,0.0,0.0,0.0,,0.0,0.0,,0.0,0.0,,0.0,0.0,,0.0,0.0,0.0,0.0,0.0,0.0,0.0,0.0,0.0,,0.0,0.0,,0.0,0.0,,0.0,0.0,,0.0,,0.0,,0.0,,0.0,,0.0,,0.0,,0.0,,0.0,,0.0,,0.0,,0.0,,0.0,,0.0,,0.0,,0.0,,0.0,0.0,,0.0,0.0,,0.0,0.0,,0.0,0.0,,0.0,0.0,,0.0,0.0,,0.0,0.0,,0.0,0.0,,0.0,0.0,,0.0,0.0,,0.0,0.0,0.0,,0.0,0.0,0.0,,0.0,0.0,0.0,,0.0,0.0,0.0,,0.0,0.0,0.0,,0.0,0.0,0.0,,,,,,,,,,,,,,,,,,,,,,,,,,,,,,,,,,,,,,,,,,,,,,,,,,,,,,,,,,,,,,,,,,,,,,,,,,,,,,,,,,,,,,,,,,,,,,,,,,,,,,,,,,,,,,,,,,,,,,,,,,,,,,,,,,,,,,,,,,,,,,,,,,,,,,,,,,,,,,,,,,,,,,,,,,,,,,,,,,,,,,,,,,,,,,,,,,,,,,,,,,,,,K League 1,0IDCJLlH
h4n6J3kt,SOUTH KOREA,2022,SOUTH KOREA 1,SOUTH KOREA 1,06/08/2022,10:30,Round 27,Suwon FC,6sXCYRPI,Suwon Bluewings,v5I5PanH,False,4,2,,,,,,"[14, 49, 69, 90]","[27, 86]",bet365,3.4,2.05,3.4,bet365,2.87,2.37,2.87,bet365,2.6,3.1,2.55,bet365,1.44,2.62,bet365,3.25,1.33,bet365,10.0,1.06,bet365,1.28,3.5,bet365,2.25,1.57,bet365,5.5,1.14,bet365,1.07,9.0,bet365,1.36,3.0,bet365,2.1,1.7,bet365,3.75,1.25,bet365,8.0,1.08,bet365,1.83,1.83,bet365,5.5,1.14,bet365,3.5,1.28,bet365,1.44,1.33,1.44,bet365,1.3,1.72,1.3,Betano.br,1.38,1.53,1.37,bet365,1.83,1.83,Betano.br,1.87,1.83,Betano.br,1.87,1.87,bet365,4.5,15.0,29.0,6.0,4.75,6.0,29.0,15.0,4.33,bet365,1.95,1.9,bet365,2.2,1.66,bet365,2.0,1.72,bet365,8.5,bet365,8.0,bet365,8.0,bet365,6.0,bet365,13.0,bet365,12.0,bet365,10.0,bet365,10.0,bet365,15.0,bet365,26.0,bet365,26.0,bet365,23.0,bet365,23.0,bet365,34.0,bet365,34.0,,0.0,0.0,,0.0,0.0,bet365,5.9,1.13,bet365,4.8,1.18,bet365,2.67,1.45,bet365,1.5,2.5,bet365,1.21,4.25,bet365,1.15,5.5,,0.0,0.0,,0.0,0.0,Betano.br,30.0,13.5,30.0,Betano.br,15.0,7.7,14.5,bet365,5.0,4.0,5.5,bet365,1.44,4.0,1.5,Betano.br,1.15,7.6,1.15,Betano.br,1.04,13.5,1.04,,,,,,,,,,,0.42,0.58,,,,,,,,,,,12.0,13.0,8.0,8.0,4.0,5.0,,,,,,,,,,,,,3.0,2.0,5.0,10.0,4.0,9.0,8.0,4.0,1.0,0.0,,,2.0,1.0,6.0,4.0,,,,,,,,,,,,,,,,,,,,,,,0.5,0.5,,,,,,,,,,,7.0,4.0,4.0,2.0,3.0,2.0,,,,,,,,,,,,,1.0,0.0,4.0,4.0,1.0,4.0,4.0,3.0,,,,,0.0,1.0,1.0,3.0,,,,,,,,,,,,,,,,,,,,,,,0.34,0.66,,,,,,,,,,,5.0,9.0,4.0,6.0,1.0,3.0,,,,,,,,,,,,,2.0,2.0,1.0,6.0,3.0,5.0,4.0,1.0,1.0,0.0,,,2.0,0.0,5.0,1.0,,,,,,,,,,,,,K League 1,0IDCJLlH
W8lz79jR,SOUTH KOREA,2022,SOUTH KOREA 1,SOUTH KOREA 1,16/07/2022,11:00,Round 22,Pohang,KIIIipI5,Jeju SK,vFZJewv4,False,1,1,,,,,,[78],[48],bet365,2.4,2.3,4.33,bet365,2.1,2.62,4.0,bet365,1.8,3.6,4.2,bet365,1.33,3.25,bet365,2.62,1.44,bet365,6.5,1.11,bet365,1.18,4.5,bet365,1.83,1.83,bet365,3.75,1.25,bet365,1.04,13.0,bet365,1.22,4.0,bet365,1.72,2.07,bet365,2.75,1.4,bet365,5.5,1.14,bet365,1.66,2.1,bet365,4.33,1.2,bet365,3.0,1.36,bet365,1.22,1.28,1.9,bet365,1.2,1.57,1.53,Betano.br,1.25,1.44,1.62,bet365,1.33,3.25,Betano.br,1.47,2.5,Betano.br,1.45,2.6,bet365,2.87,13.0,34.0,5.0,6.0,9.0,21.0,15.0,6.5,bet365,1.95,1.9,bet365,2.1,1.72,bet365,1.9,1.8,bet365,13.0,bet365,8.5,bet365,15.0,bet365,7.0,bet365,9.5,bet365,23.0,bet365,8.5,bet365,13.0,bet365,13.0,bet365,15.0,bet365,41.0,bet365,13.0,bet365,34.0,bet365,23.0,bet365,34.0,bet365,6.4,1.11,bet365,5.5,1.15,bet365,3.1,1.35,bet365,2.42,1.52,bet365,1.83,2.02,bet365,1.23,4.0,bet365,1.1,6.8,bet365,1.1,7.0,,0.0,0.0,,0.0,0.0,Betano.br,14.5,9.0,37.0,Betano.br,6.7,5.4,21.0,bet365,3.0,3.75,0.0,bet365,0.0,0.0,1.9,Betano.br,1.08,10.25,1.36,Betano.br,1.02,16.0,1.12,,,,,,,,,,,0.5,0.5,,,,,,,,,,,6.0,6.0,4.0,3.0,2.0,3.0,,,,,,,,,,,,,3.0,4.0,9.0,11.0,26.0,13.0,10.0,9.0,1.0,1.0,,,1.0,0.0,2.0,3.0,,,,,,,,,,,,,,,,,,,,,,,0.48,0.52,,,,,,,,,,,2.0,3.0,2.0,1.0,0.0,2.0,,,,,,,,,,,,,0.0,3.0,4.0,4.0,12.0,9.0,4.0,4.0,,,,,0.0,0.0,1.0,2.0,,,,,,,,,,,,,,,,,,,,,,,0.52,0.48,,,,,,,,,,,4.0,3.0,2.0,2.0,2.0,1.0,,,,,,,,,,,,,3.0,1.0,5.0,7.0,14.0,4.0,6.0,5.0,1.0,1.0,,,1.0,0.0,1.0,1.0,,,,,,,,,,,,,K League 1,0IDCJLlH
dIdPhJVG,SOUTH KOREA,2022,SOUTH KOREA 1,SOUTH KOREA 1,03/07/2022,10:30,Round 19,Suwon Bluewings,v5I5PanH,Incheon,prJ1QuXA,False,0,0,,,,,,[],[],bet365,2.62,2.05,4.75,bet365,2.25,2.3,4.0,bet365,1.9,3.25,4.0,bet365,1.5,2.5,bet365,3.4,1.3,bet365,10.0,1.06,bet365,1.3,3.4,bet365,2.37,1.53,bet365,6.0,1.12,bet365,1.07,9.0,bet365,1.4,2.75,bet365,2.25,1.61,bet365,4.0,1.22,bet365,9.0,1.07,bet365,2.0,1.72,bet365,6.0,1.12,bet365,4.0,1.22,bet365,1.22,1.33,1.8,bet365,1.16,1.72,1.44,Betano.br,1.23,1.53,1.55,bet365,1.36,3.0,Betano.br,1.5,2.42,Betano.br,1.47,2.55,bet365,3.2,15.0,41.0,4.75,4.75,8.5,26.0,15.0,7.0,bet365,1.95,1.9,bet365,2.2,1.66,bet365,2.0,1.72,bet365,8.0,bet365,6.0,bet365,9.5,bet365,6.5,bet365,8.0,bet365,19.0,bet365,9.0,bet365,15.0,bet365,17.0,bet365,17.0,bet365,41.0,bet365,17.0,bet365,41.0,bet365,34.0,bet365,41.0,,0.0,0.0,bet365,7.0,1.1,bet365,3.55,1.27,bet365,2.75,1.43,bet365,1.93,1.93,bet365,1.23,4.0,bet365,1.1,6.8,bet365,1.1,7.0,,0.0,0.0,,0.0,0.0,Betano.br,21.0,10.5,45.0,Betano.br,9.25,5.7,26.0,bet365,3.6,3.5,0.0,bet365,0.0,0.0,1.8,Betano.br,1.07,10.5,1.27,Betano.br,1.02,16.5,1.08,,,,,,,,,,,0.49,0.51,,,,,,,,,,,13.0,14.0,5.0,4.0,8.0,10.0,,,,,,,,,,,,,6.0,6.0,7.0,11.0,22.0,23.0,5.0,11.0,0.0,2.0,,,2.0,0.0,4.0,5.0,,,,,,,,,,,,,,,,,,,,,,,0.51,0.49,,,,,,,,,,,5.0,2.0,2.0,0.0,3.0,2.0,,,,,,,,,,,,,4.0,1.0,5.0,3.0,7.0,14.0,2.0,5.0,0.0,1.0,,,1.0,0.0,0.0,2.0,,,,,,,,,,,,,,,,,,,,,,,0.47,0.53,,,,,,,,,,,8.0,12.0,3.0,4.0,5.0,8.0,,,,,,,,,,,,,2.0,5.0,2.0,8.0,15.0,9.0,3.0,6.0,0.0,1.0,,,1.0,0.0,4.0,3.0,,,,,,,,,,,,,K League 1,0IDCJLlH
WWhhDpD0,SOUTH KOREA,2022,SOUTH KOREA 1,SOUTH KOREA 1,30/07/2022,10:00,Round 25,Jeonbuk,x0hNfcgA,Jeju SK,vFZJewv4,False,1,0,,,,,,[64],[],bet365,2.87,2.3,3.4,bet365,2.5,2.62,3.0,bet365,2.3,3.5,2.87,bet365,1.3,3.4,bet365,2.5,1.5,bet365,6.0,1.12,bet365,1.16,5.0,bet365,1.83,1.83,bet365,3.75,1.25,bet365,1.03,15.0,bet365,1.2,4.33,bet365,1.66,2.15,bet365,2.62,1.44,bet365,5.0,1.16,bet365,1.53,2.37,bet365,4.0,1.22,bet365,2.75,1.4,bet365,1.4,1.28,1.57,bet365,1.3,1.57,1.4,Betano.br,1.35,1.45,1.47,bet365,1.66,2.1,Betano.br,1.72,2.0,Betano.br,1.7,2.07,bet365,3.75,13.0,26.0,6.0,6.0,7.0,23.0,13.0,4.5,bet365,1.95,1.9,bet365,2.0,1.8,bet365,1.9,1.8,bet365,15.0,bet365,10.0,bet365,12.0,bet365,7.0,bet365,13.0,bet365,17.0,bet365,9.5,bet365,11.0,bet365,12.0,bet365,23.0,bet365,29.0,bet365,17.0,bet365,21.0,bet365,23.0,bet365,26.0,bet365,7.0,1.1,bet365,7.0,1.1,bet365,4.25,1.21,bet365,3.55,1.27,bet365,2.3,1.6,bet365,1.43,2.75,bet365,1.18,4.65,bet365,1.14,5.75,,0.0,0.0,,0.0,0.0,Betano.br,21.0,11.25,27.0,Betano.br,9.75,6.5,13.5,bet365,4.0,4.0,0.0,bet365,0.0,0.0,1.57,Betano.br,1.15,8.0,1.23,Betano.br,1.04,13.5,1.07,,,,,,,,,,,0.41,0.59,,,,,,,,,,,7.0,13.0,5.0,4.0,2.0,9.0,,,,,,,,,,,,,2.0,5.0,13.0,15.0,20.0,15.0,14.0,12.0,3.0,1.0,,,1.0,1.0,4.0,4.0,,,,,,,,,,,,,,,,,,,,,,,0.48,0.52,,,,,,,,,,,3.0,3.0,2.0,1.0,1.0,2.0,,,,,,,,,,,,,1.0,1.0,8.0,6.0,9.0,10.0,7.0,6.0,1.0,0.0,,,1.0,0.0,1.0,2.0,,,,,,,,,,,,,,,,,,,,,,,0.34,0.66,,,,,,,,,,,4.0,10.0,3.0,3.0,1.0,7.0,,,,,,,,,,,,,1.0,4.0,5.0,9.0,11.0,5.0,7.0,6.0,2.0,1.0,,,0.0,1.0,3.0,2.0,,,,,,,,,,,,,K League 1,0IDCJLlH
tlLcDjC7,SOUTH KOREA,2022,SOUTH KOREA 1,SOUTH KOREA 1,18/05/2022,10:30,Round 13,Gangwon,A144gewT,Seoul,8tzeYeHp,False,1,0,,,,,,[],[],,0.0,0.0,0.0,,0.0,0.0,0.0,,0.0,0.0,0.0,,0.0,0.0,,0.0,0.0,,0.0,0.0,,0.0,0.0,,0.0,0.0,,0.0,0.0,,0.0,0.0,,0.0,0.0,,0.0,0.0,,0.0,0.0,,0.0,0.0,,0.0,0.0,,0.0,0.0,,0.0,0.0,,0.0,0.0,0.0,,0.0,0.0,0.0,,0.0,0.0,0.0,,0.0,0.0,,0.0,0.0,,0.0,0.0,,0.0,0.0,0.0,0.0,0.0,0.0,0.0,0.0,0.0,,0.0,0.0,,0.0,0.0,,0.0,0.0,,0.0,,0.0,,0.0,,0.0,,0.0,,0.0,,0.0,,0.0,,0.0,,0.0,,0.0,,0.0,,0.0,,0.0,,0.0,,0.0,0.0,,0.0,0.0,,0.0,0.0,,0.0,0.0,,0.0,0.0,,0.0,0.0,,0.0,0.0,,0.0,0.0,,0.0,0.0,,0.0,0.0,,0.0,0.0,0.0,,0.0,0.0,0.0,,0.0,0.0,0.0,,0.0,0.0,0.0,,0.0,0.0,0.0,,0.0,0.0,0.0,,,,,,,,,,,,,,,,,,,,,,,,,,,,,,,,,,,,,,,,,,,,,,,,,,,,,,,,,,,,,,,,,,,,,,,,,,,,,,,,,,,,,,,,,,,,,,,,,,,,,,,,,,,,,,,,,,,,,,,,,,,,,,,,,,,,,,,,,,,,,,,,,,,,,,,,,,,,,,,,,,,,,,,,,,,,,,,,,,,,,,,,,,,,,,,,,,,,,,,,,,,,,K League 1,0IDCJLlH
rgatxzk8,SOUTH KOREA,2022,SOUTH KOREA 1,SOUTH KOREA 1,21/05/2022,07:30,Round 14,Seoul,8tzeYeHp,Seongnam,WMiRgH8G,False,0,1,,,,,,[],[],,0.0,0.0,0.0,,0.0,0.0,0.0,,0.0,0.0,0.0,,0.0,0.0,,0.0,0.0,,0.0,0.0,,0.0,0.0,,0.0,0.0,,0.0,0.0,,0.0,0.0,,0.0,0.0,,0.0,0.0,,0.0,0.0,,0.0,0.0,,0.0,0.0,,0.0,0.0,,0.0,0.0,,0.0,0.0,0.0,,0.0,0.0,0.0,,0.0,0.0,0.0,,0.0,0.0,,0.0,0.0,,0.0,0.0,,0.0,0.0,0.0,0.0,0.0,0.0,0.0,0.0,0.0,,0.0,0.0,,0.0,0.0,,0.0,0.0,,0.0,,0.0,,0.0,,0.0,,0.0,,0.0,,0.0,,0.0,,0.0,,0.0,,0.0,,0.0,,0.0,,0.0,,0.0,,0.0,0.0,,0.0,0.0,,0.0,0.0,,0.0,0.0,,0.0,0.0,,0.0,0.0,,0.0,0.0,,0.0,0.0,,0.0,0.0,,0.0,0.0,,0.0,0.0,0.0,,0.0,0.0,0.0,,0.0,0.0,0.0,,0.0,0.0,0.0,,0.0,0.0,0.0,,0.0,0.0,0.0,,,,,,,,,,,,,,,,,,,,,,,,,,,,,,,,,,,,,,,,,,,,,,,,,,,,,,,,,,,,,,,,,,,,,,,,,,,,,,,,,,,,,,,,,,,,,,,,,,,,,,,,,,,,,,,,,,,,,,,,,,,,,,,,,,,,,,,,,,,,,,,,,,,,,,,,,,,,,,,,,,,,,,,,,,,,,,,,,,,,,,,,,,,,,,,,,,,,,,,,,,,,,K League 1,0IDCJLlH
2cMgEWd1,SOUTH KOREA,2022,SOUTH KOREA 1,SOUTH KOREA 1,18/05/2022,10:30,Round 13,Seongnam,WMiRgH8G,Suwon FC,6sXCYRPI,False,2,2,,,,,,[],[],,0.0,0.0,0.0,,0.0,0.0,0.0,,0.0,0.0,0.0,,0.0,0.0,,0.0,0.0,,0.0,0.0,,0.0,0.0,,0.0,0.0,,0.0,0.0,,0.0,0.0,,0.0,0.0,,0.0,0.0,,0.0,0.0,,0.0,0.0,,0.0,0.0,,0.0,0.0,,0.0,0.0,,0.0,0.0,0.0,,0.0,0.0,0.0,,0.0,0.0,0.0,,0.0,0.0,,0.0,0.0,,0.0,0.0,,0.0,0.0,0.0,0.0,0.0,0.0,0.0,0.0,0.0,,0.0,0.0,,0.0,0.0,,0.0,0.0,,0.0,,0.0,,0.0,,0.0,,0.0,,0.0,,0.0,,0.0,,0.0,,0.0,,0.0,,0.0,,0.0,,0.0,,0.0,,0.0,0.0,,0.0,0.0,,0.0,0.0,,0.0,0.0,,0.0,0.0,,0.0,0.0,,0.0,0.0,,0.0,0.0,,0.0,0.0,,0.0,0.0,,0.0,0.0,0.0,,0.0,0.0,0.0,,0.0,0.0,0.0,,0.0,0.0,0.0,,0.0,0.0,0.0,,0.0,0.0,0.0,,,,,,,,,,,,,,,,,,,,,,,,,,,,,,,,,,,,,,,,,,,,,,,,,,,,,,,,,,,,,,,,,,,,,,,,,,,,,,,,,,,,,,,,,,,,,,,,,,,,,,,,,,,,,,,,,,,,,,,,,,,,,,,,,,,,,,,,,,,,,,,,,,,,,,,,,,,,,,,,,,,,,,,,,,,,,,,,,,,,,,,,,,,,,,,,,,,,,,,,,,,,,K League 1,0IDCJLlH
lYUZs2Hb,SOUTH KOREA,2022,SOUTH KOREA 1,SOUTH KOREA 1,22/06/2022,10:30,Round 17,Incheon,prJ1QuXA,Gangwon,A144gewT,False,4,1,,,,,,"[14, 51, 70, 90]",[69],bet365,3.4,2.0,3.5,bet365,2.87,2.25,3.0,bet365,2.6,3.0,2.7,bet365,1.5,2.5,bet365,3.5,1.28,bet365,10.0,1.06,bet365,1.3,3.4,bet365,2.37,1.53,bet365,6.0,1.12,bet365,1.08,8.0,bet365,1.4,2.75,bet365,2.35,1.57,bet365,4.33,1.2,bet365,10.0,1.06,bet365,1.9,1.8,bet365,5.5,1.14,bet365,3.75,1.25,bet365,1.44,1.36,1.5,bet365,1.28,1.72,1.3,Betano.br,1.34,1.57,1.38,bet365,1.83,1.83,Betano.br,1.88,1.83,Betano.br,1.82,1.93,bet365,4.33,15.0,29.0,6.0,4.5,6.0,29.0,15.0,4.5,bet365,1.95,1.9,bet365,2.2,1.66,bet365,2.0,1.72,bet365,7.5,bet365,7.5,bet365,7.5,bet365,6.0,bet365,12.0,bet365,13.0,bet365,11.0,bet365,11.0,bet365,15.0,bet365,26.0,bet365,29.0,bet365,23.0,bet365,23.0,bet365,34.0,bet365,41.0,,0.0,0.0,,0.0,0.0,bet365,5.75,1.14,bet365,4.5,1.19,bet365,2.6,1.48,bet365,1.45,2.67,bet365,1.17,5.0,bet365,1.13,6.0,,0.0,0.0,,0.0,0.0,Betano.br,35.0,14.0,32.0,Betano.br,16.5,7.7,15.5,bet365,5.5,4.0,5.5,bet365,1.4,4.33,1.5,Betano.br,1.14,7.9,1.14,Betano.br,1.03,14.0,1.03,,,,,,,,,,,0.48,0.52,,,,,,,,,,,7.0,21.0,4.0,15.0,3.0,6.0,,,,,,,,,,,,,1.0,6.0,10.0,16.0,16.0,20.0,15.0,9.0,2.0,1.0,,,1.0,1.0,14.0,0.0,,,,,,,,,,,,,,,,,,,,,,,0.5,0.5,,,,,,,,,,,3.0,6.0,1.0,4.0,2.0,2.0,,,,,,,,,,,,,1.0,2.0,4.0,10.0,9.0,10.0,9.0,4.0,2.0,0.0,,,1.0,0.0,4.0,0.0,,,,,,,,,,,,,,,,,,,,,,,0.46,0.54,,,,,,,,,,,4.0,15.0,3.0,11.0,1.0,4.0,,,,,,,,,,,,,0.0,4.0,6.0,6.0,7.0,10.0,6.0,5.0,0.0,1.0,,,0.0,1.0,10.0,0.0,,,,,,,,,,,,,K League 1,0IDCJLlH
t8RRqOnn,SOUTH KOREA,2022,SOUTH KOREA 1,SOUTH KOREA 1,22/06/2022,10:00,Round 17,Jeonbuk,x0hNfcgA,Suwon Bluewings,v5I5PanH,False,2,1,,,,,,"[49, 72]",[56],bet365,2.5,2.0,5.0,bet365,2.2,2.3,4.5,bet365,1.8,3.2,4.75,bet365,1.5,2.5,bet365,3.5,1.28,bet365,11.0,1.05,bet365,1.3,3.4,bet365,2.5,1.5,bet365,6.0,1.12,bet365,1.08,8.0,bet365,1.4,2.75,bet365,2.35,1.57,bet365,4.33,1.2,bet365,10.0,1.06,bet365,2.1,1.66,bet365,6.0,1.12,bet365,4.0,1.22,bet365,1.18,1.36,1.9,bet365,1.14,1.72,1.5,Betano.br,1.19,1.53,1.62,bet365,1.3,3.4,Betano.br,1.42,2.65,Betano.br,1.38,2.9,bet365,3.0,15.0,41.0,4.5,4.75,9.0,26.0,17.0,8.0,bet365,1.95,1.9,bet365,2.2,1.66,bet365,2.0,1.72,bet365,7.0,bet365,5.5,bet365,11.0,bet365,6.5,bet365,7.5,bet365,23.0,bet365,9.0,bet365,17.0,bet365,19.0,bet365,15.0,bet365,51.0,bet365,17.0,bet365,41.0,bet365,34.0,bet365,51.0,bet365,7.0,1.1,bet365,6.6,1.11,bet365,3.45,1.3,bet365,2.5,1.5,bet365,1.83,2.02,bet365,1.19,4.5,,0.0,0.0,,0.0,0.0,,0.0,0.0,,0.0,0.0,Betano.br,19.0,9.75,45.0,Betano.br,8.25,5.3,30.0,bet365,3.25,3.4,0.0,bet365,0.0,0.0,1.9,Betano.br,1.05,11.5,1.32,Betano.br,1.01,17.5,1.09,,,,,,,,,,,0.56,0.44,,,,,,,,,,,15.0,12.0,9.0,6.0,6.0,6.0,,,,,,,,,,,,,6.0,3.0,10.0,9.0,19.0,10.0,8.0,10.0,1.0,1.0,,,1.0,0.0,5.0,7.0,,,,,,,,,,,,,,,,,,,,,,,0.59,0.41,,,,,,,,,,,7.0,6.0,3.0,3.0,4.0,3.0,,,,,,,,,,,,,4.0,2.0,5.0,2.0,11.0,5.0,2.0,5.0,1.0,0.0,,,0.0,0.0,3.0,3.0,,,,,,,,,,,,,,,,,,,,,,,0.53,0.47,,,,,,,,,,,8.0,6.0,6.0,3.0,2.0,3.0,,,,,,,,,,,,,2.0,1.0,5.0,7.0,8.0,5.0,6.0,5.0,0.0,1.0,,,1.0,0.0,2.0,4.0,,,,,,,,,,,,,K League 1,0IDCJLlH
OAudW4In,SOUTH KOREA,2022,SOUTH KOREA 1,SOUTH KOREA 1,17/06/2022,10:00,Round 16,Gimcheon Sangmu,IaoBca9i,Suwon FC,6sXCYRPI,False,0,1,,,,,,[],"[60, 82]",bet365,2.5,2.37,4.0,bet365,2.2,2.75,3.6,bet365,1.85,3.8,3.4,bet365,1.3,3.4,bet365,2.37,1.53,bet365,6.0,1.12,bet365,1.16,5.0,bet365,1.83,1.83,bet365,3.75,1.25,bet365,1.03,15.0,bet365,1.2,4.33,bet365,1.66,2.15,bet365,2.62,1.44,bet365,5.0,1.16,bet365,1.57,2.25,bet365,4.0,1.22,bet365,2.75,1.4,bet365,1.28,1.22,1.8,bet365,1.22,1.53,1.5,Betano.br,1.28,1.44,1.57,bet365,1.44,2.62,Betano.br,1.52,2.37,Betano.br,1.53,2.4,bet365,3.0,13.0,29.0,5.0,6.5,8.5,21.0,15.0,6.0,bet365,1.95,1.9,bet365,2.0,1.8,bet365,1.9,1.8,bet365,15.0,bet365,9.5,bet365,13.0,bet365,8.0,bet365,10.0,bet365,21.0,bet365,8.5,bet365,12.0,bet365,13.0,bet365,17.0,bet365,41.0,bet365,13.0,bet365,26.0,bet365,21.0,bet365,29.0,bet365,6.8,1.1,bet365,5.9,1.13,bet365,3.3,1.32,bet365,2.5,1.5,bet365,1.9,1.95,bet365,1.3,3.45,bet365,1.11,6.6,bet365,1.1,7.0,,0.0,0.0,,0.0,0.0,Betano.br,16.0,9.5,35.0,Betano.br,7.3,5.7,19.0,bet365,3.1,3.75,0.0,bet365,0.0,0.0,1.8,Betano.br,1.1,9.5,1.32,Betano.br,1.03,15.5,1.11,,,,,,,,,,,0.64,0.36,,,,,,,,,,,9.0,14.0,3.0,7.0,6.0,7.0,,,,,,,,,,,,,3.0,3.0,13.0,16.0,17.0,20.0,16.0,11.0,3.0,4.0,,,0.0,2.0,6.0,3.0,,,,,,,,,,,,,,,,,,,,,,,0.65,0.35,,,,,,,,,,,0.0,5.0,0.0,0.0,0.0,5.0,,,,,,,,,,,,,1.0,1.0,7.0,7.0,7.0,8.0,7.0,5.0,2.0,2.0,,,0.0,0.0,0.0,0.0,,,,,,,,,,,,,,,,,,,,,,,0.63,0.37,,,,,,,,,,,9.0,9.0,3.0,7.0,6.0,2.0,,,,,,,,,,,,,2.0,2.0,6.0,9.0,10.0,12.0,9.0,6.0,1.0,2.0,,,0.0,2.0,6.0,3.0,,,,,,,,,,,,,K League 1,0IDCJLlH
GOSBMfkL,SOUTH KOREA,2022,SOUTH KOREA 1,SOUTH KOREA 1,15/05/2022,10:00,Round 12,Seoul,8tzeYeHp,Pohang,KIIIipI5,False,1,0,,,,,,[],[],,0.0,0.0,0.0,,0.0,0.0,0.0,,0.0,0.0,0.0,,0.0,0.0,,0.0,0.0,,0.0,0.0,,0.0,0.0,,0.0,0.0,,0.0,0.0,,0.0,0.0,,0.0,0.0,,0.0,0.0,,0.0,0.0,,0.0,0.0,,0.0,0.0,,0.0,0.0,,0.0,0.0,,0.0,0.0,0.0,,0.0,0.0,0.0,,0.0,0.0,0.0,,0.0,0.0,,0.0,0.0,,0.0,0.0,,0.0,0.0,0.0,0.0,0.0,0.0,0.0,0.0,0.0,,0.0,0.0,,0.0,0.0,,0.0,0.0,,0.0,,0.0,,0.0,,0.0,,0.0,,0.0,,0.0,,0.0,,0.0,,0.0,,0.0,,0.0,,0.0,,0.0,,0.0,,0.0,0.0,,0.0,0.0,,0.0,0.0,,0.0,0.0,,0.0,0.0,,0.0,0.0,,0.0,0.0,,0.0,0.0,,0.0,0.0,,0.0,0.0,,0.0,0.0,0.0,,0.0,0.0,0.0,,0.0,0.0,0.0,,0.0,0.0,0.0,,0.0,0.0,0.0,,0.0,0.0,0.0,,,,,,,,,,,,,,,,,,,,,,,,,,,,,,,,,,,,,,,,,,,,,,,,,,,,,,,,,,,,,,,,,,,,,,,,,,,,,,,,,,,,,,,,,,,,,,,,,,,,,,,,,,,,,,,,,,,,,,,,,,,,,,,,,,,,,,,,,,,,,,,,,,,,,,,,,,,,,,,,,,,,,,,,,,,,,,,,,,,,,,,,,,,,,,,,,,,,,,,,,,,,,K League 1,0IDCJLlH
xYT7NzzF,SOUTH KOREA,2022,SOUTH KOREA 1,SOUTH KOREA 1,15/05/2022,07:30,Round 12,Jeonbuk,x0hNfcgA,Gangwon,A144gewT,False,1,1,,,,,,[],[],,0.0,0.0,0.0,,0.0,0.0,0.0,,0.0,0.0,0.0,,0.0,0.0,,0.0,0.0,,0.0,0.0,,0.0,0.0,,0.0,0.0,,0.0,0.0,,0.0,0.0,,0.0,0.0,,0.0,0.0,,0.0,0.0,,0.0,0.0,,0.0,0.0,,0.0,0.0,,0.0,0.0,,0.0,0.0,0.0,,0.0,0.0,0.0,,0.0,0.0,0.0,,0.0,0.0,,0.0,0.0,,0.0,0.0,,0.0,0.0,0.0,0.0,0.0,0.0,0.0,0.0,0.0,,0.0,0.0,,0.0,0.0,,0.0,0.0,,0.0,,0.0,,0.0,,0.0,,0.0,,0.0,,0.0,,0.0,,0.0,,0.0,,0.0,,0.0,,0.0,,0.0,,0.0,,0.0,0.0,,0.0,0.0,,0.0,0.0,,0.0,0.0,,0.0,0.0,,0.0,0.0,,0.0,0.0,,0.0,0.0,,0.0,0.0,,0.0,0.0,,0.0,0.0,0.0,,0.0,0.0,0.0,,0.0,0.0,0.0,,0.0,0.0,0.0,,0.0,0.0,0.0,,0.0,0.0,0.0,,,,,,,,,,,,,,,,,,,,,,,,,,,,,,,,,,,,,,,,,,,,,,,,,,,,,,,,,,,,,,,,,,,,,,,,,,,,,,,,,,,,,,,,,,,,,,,,,,,,,,,,,,,,,,,,,,,,,,,,,,,,,,,,,,,,,,,,,,,,,,,,,,,,,,,,,,,,,,,,,,,,,,,,,,,,,,,,,,,,,,,,,,,,,,,,,,,,,,,,,,,,,K League 1,0IDCJLlH
KdZ2OGK8,SOUTH KOREA,2022,SOUTH KOREA 1,SOUTH KOREA 1,15/05/2022,05:20,Round 12,Suwon FC,6sXCYRPI,Jeju SK,vFZJewv4,False,1,3,,,,,,[],[],,0.0,0.0,0.0,,0.0,0.0,0.0,,0.0,0.0,0.0,,0.0,0.0,,0.0,0.0,,0.0,0.0,,0.0,0.0,,0.0,0.0,,0.0,0.0,,0.0,0.0,,0.0,0.0,,0.0,0.0,,0.0,0.0,,0.0,0.0,,0.0,0.0,,0.0,0.0,,0.0,0.0,,0.0,0.0,0.0,,0.0,0.0,0.0,,0.0,0.0,0.0,,0.0,0.0,,0.0,0.0,,0.0,0.0,,0.0,0.0,0.0,0.0,0.0,0.0,0.0,0.0,0.0,,0.0,0.0,,0.0,0.0,,0.0,0.0,,0.0,,0.0,,0.0,,0.0,,0.0,,0.0,,0.0,,0.0,,0.0,,0.0,,0.0,,0.0,,0.0,,0.0,,0.0,,0.0,0.0,,0.0,0.0,,0.0,0.0,,0.0,0.0,,0.0,0.0,,0.0,0.0,,0.0,0.0,,0.0,0.0,,0.0,0.0,,0.0,0.0,,0.0,0.0,0.0,,0.0,0.0,0.0,,0.0,0.0,0.0,,0.0,0.0,0.0,,0.0,0.0,0.0,,0.0,0.0,0.0,,,,,,,,,,,,,,,,,,,,,,,,,,,,,,,,,,,,,,,,,,,,,,,,,,,,,,,,,,,,,,,,,,,,,,,,,,,,,,,,,,,,,,,,,,,,,,,,,,,,,,,,,,,,,,,,,,,,,,,,,,,,,,,,,,,,,,,,,,,,,,,,,,,,,,,,,,,,,,,,,,,,,,,,,,,,,,,,,,,,,,,,,,,,,,,,,,,,,,,,,,,,,K League 1,0IDCJLlH
zq64csHo,SOUTH KOREA,2022,SOUTH KOREA 1,SOUTH KOREA 1,02/07/2022,09:00,Round 19,Jeju SK,vFZJewv4,Seoul,8tzeYeHp,False,2,2,,,,,,"[6, 26]","[37, 64]",bet365,2.87,2.05,4.0,bet365,2.5,2.3,3.5,bet365,2.1,3.2,3.25,bet365,1.5,2.5,bet365,3.4,1.3,bet365,10.0,1.06,bet365,1.28,3.5,bet365,2.37,1.53,bet365,5.5,1.14,bet365,1.07,9.0,bet365,1.36,3.0,bet365,2.15,1.66,bet365,4.0,1.22,bet365,9.0,1.07,bet365,1.9,1.8,bet365,5.5,1.14,bet365,3.75,1.25,bet365,1.3,1.33,1.61,bet365,1.22,1.72,1.4,Betano.br,1.28,1.55,1.47,bet365,1.53,2.37,Betano.br,1.52,2.37,Betano.br,1.62,2.22,bet365,3.6,15.0,34.0,5.0,4.75,7.0,26.0,15.0,5.5,bet365,1.95,1.9,bet365,2.2,1.66,bet365,2.0,1.72,bet365,8.5,bet365,6.5,bet365,9.0,bet365,6.5,bet365,9.5,bet365,17.0,bet365,9.5,bet365,12.0,bet365,17.0,bet365,21.0,bet365,41.0,bet365,19.0,bet365,29.0,bet365,34.0,bet365,41.0,,0.0,0.0,bet365,7.0,1.1,bet365,4.15,1.22,bet365,3.3,1.32,bet365,2.1,1.7,bet365,1.32,3.3,bet365,1.11,6.6,bet365,1.1,7.0,,0.0,0.0,,0.0,0.0,Betano.br,22.0,11.25,45.0,Betano.br,10.0,6.3,25.0,bet365,4.33,3.75,0.0,bet365,0.0,0.0,1.61,Betano.br,1.08,9.75,1.23,Betano.br,1.02,16.5,1.07,,,,,,,,,,,0.38,0.62,,,,,,,,,,,10.0,17.0,5.0,9.0,5.0,8.0,,,,,,,,,,,,,1.0,4.0,10.0,12.0,17.0,21.0,11.0,10.0,1.0,3.0,,,1.0,0.0,7.0,3.0,,,,,,,,,,,,,,,,,,,,,,,0.38,0.62,,,,,,,,,,,5.0,7.0,3.0,5.0,2.0,2.0,,,,,,,,,,,,,0.0,1.0,8.0,4.0,8.0,9.0,8.0,4.0,0.0,1.0,,,0.0,0.0,4.0,1.0,,,,,,,,,,,,,,,,,,,,,,,0.38,0.62,,,,,,,,,,,5.0,10.0,2.0,4.0,3.0,6.0,,,,,,,,,,,,,1.0,3.0,2.0,8.0,9.0,12.0,3.0,6.0,1.0,2.0,,,1.0,0.0,3.0,2.0,,,,,,,,,,,,,K League 1,0IDCJLlH
Y1WmoST7,SOUTH KOREA,2022,SOUTH KOREA 1,SOUTH KOREA 1,16/07/2022,09:00,Round 22,Ulsan HD,EVEwgyOM,Suwon Bluewings,v5I5PanH,False,2,1,,,,,,"[52, 64]",[68],bet365,2.25,2.2,5.5,bet365,1.95,2.5,5.0,bet365,1.61,3.8,5.25,bet365,1.4,2.75,bet365,3.0,1.36,bet365,8.0,1.08,bet365,1.25,3.75,bet365,2.1,1.66,bet365,4.5,1.18,bet365,1.05,11.0,bet365,1.3,3.4,bet365,2.0,1.85,bet365,3.4,1.3,bet365,7.0,1.1,bet365,1.9,1.8,bet365,5.5,1.14,bet365,3.75,1.25,bet365,1.16,1.25,2.2,bet365,1.12,1.61,1.57,Betano.br,1.18,1.45,1.75,bet365,1.25,3.75,Betano.br,1.31,3.15,Betano.br,1.32,3.2,bet365,2.6,15.0,41.0,4.33,5.5,10.0,23.0,17.0,9.0,bet365,1.95,1.9,bet365,2.1,1.72,bet365,1.9,1.8,bet365,10.0,bet365,6.5,bet365,13.0,bet365,7.5,bet365,7.5,bet365,26.0,bet365,8.5,bet365,17.0,bet365,19.0,bet365,12.0,bet365,51.0,bet365,13.0,bet365,41.0,bet365,29.0,bet365,41.0,bet365,5.75,1.14,bet365,4.65,1.18,bet365,2.75,1.43,bet365,2.1,1.7,bet365,1.63,2.25,bet365,1.18,4.8,,0.0,0.0,,0.0,0.0,,0.0,0.0,,0.0,0.0,Betano.br,12.5,8.0,0.0,Betano.br,5.7,4.85,35.0,bet365,2.75,3.5,0.0,bet365,0.0,0.0,2.2,Betano.br,1.04,12.5,1.45,Betano.br,0.0,0.0,1.16,,,,,,,,,,,0.54,0.46,,,,,,,,,,,20.0,5.0,12.0,1.0,8.0,4.0,,,,,,,,,,,,,6.0,2.0,8.0,11.0,21.0,13.0,10.0,8.0,3.0,2.0,,,1.0,0.0,0.0,10.0,,,,,,,,,,,,,,,,,,,,,,,0.57,0.43,,,,,,,,,,,12.0,3.0,6.0,0.0,6.0,3.0,,,,,,,,,,,,,4.0,1.0,6.0,5.0,14.0,3.0,5.0,6.0,2.0,1.0,,,0.0,0.0,0.0,6.0,,,,,,,,,,,,,,,,,,,,,,,0.51,0.49,,,,,,,,,,,8.0,2.0,6.0,1.0,2.0,1.0,,,,,,,,,,,,,2.0,1.0,2.0,6.0,7.0,10.0,5.0,2.0,1.0,1.0,,,1.0,0.0,0.0,4.0,,,,,,,,,,,,,K League 1,0IDCJLlH
jwa5SMHB,SOUTH KOREA,2022,SOUTH KOREA 1,SOUTH KOREA 1,19/06/2022,09:00,Round 16,Ulsan HD,EVEwgyOM,Jeonbuk,x0hNfcgA,False,1,3,,,,,,[40],"[17, 20, 29]",bet365,2.75,2.05,4.33,bet365,2.37,2.37,3.75,bet365,2.0,3.25,3.5,bet365,1.44,2.62,bet365,3.25,1.33,bet365,10.0,1.06,bet365,1.28,3.5,bet365,2.25,1.57,bet365,5.5,1.14,bet365,1.06,10.0,bet365,1.36,3.0,bet365,2.1,1.7,bet365,3.75,1.25,bet365,8.0,1.08,bet365,1.9,1.8,bet365,5.5,1.14,bet365,3.75,1.25,bet365,1.28,1.33,1.72,bet365,1.2,1.72,1.4,Betano.br,1.27,1.53,1.5,bet365,1.44,2.62,Betano.br,1.57,2.27,Betano.br,1.55,2.35,bet365,3.4,15.0,34.0,5.0,4.75,7.5,26.0,15.0,6.0,bet365,1.95,1.9,bet365,2.2,1.66,bet365,2.0,1.72,bet365,8.5,bet365,6.5,bet365,9.5,bet365,6.5,bet365,9.0,bet365,17.0,bet365,9.0,bet365,13.0,bet365,17.0,bet365,19.0,bet365,41.0,bet365,17.0,bet365,34.0,bet365,29.0,bet365,41.0,,0.0,0.0,,0.0,0.0,bet365,3.9,1.24,bet365,3.1,1.35,bet365,2.05,1.75,bet365,1.3,3.45,bet365,1.1,6.8,,0.0,0.0,,0.0,0.0,,0.0,0.0,Betano.br,22.0,11.0,40.0,Betano.br,10.0,6.1,22.0,bet365,3.75,3.6,0.0,bet365,0.0,0.0,1.72,Betano.br,1.09,9.75,1.24,Betano.br,1.02,16.0,1.07,,,,,,,,,,,0.64,0.36,,,,,,,,,,,18.0,9.0,13.0,7.0,5.0,2.0,,,,,,,,,,,,,5.0,3.0,10.0,3.0,19.0,14.0,3.0,9.0,0.0,2.0,,,0.0,1.0,4.0,12.0,,,,,,,,,,,,,,,,,,,,,,,0.57,0.43,,,,,,,,,,,8.0,4.0,6.0,4.0,2.0,0.0,,,,,,,,,,,,,2.0,1.0,4.0,2.0,6.0,10.0,2.0,4.0,0.0,1.0,,,0.0,0.0,1.0,5.0,,,,,,,,,,,,,,,,,,,,,,,0.71,0.29,,,,,,,,,,,10.0,5.0,7.0,3.0,3.0,2.0,,,,,,,,,,,,,3.0,2.0,6.0,1.0,13.0,4.0,1.0,5.0,0.0,1.0,,,0.0,1.0,3.0,7.0,,,,,,,,,,,,,K League 1,0IDCJLlH
AsWVrr2h,SOUTH KOREA,2022,SOUTH KOREA 1,SOUTH KOREA 1,22/06/2022,10:30,Round 17,Seoul,8tzeYeHp,Ulsan HD,EVEwgyOM,False,1,2,,,,,,[6],"[76, 89]",bet365,4.0,2.1,2.75,bet365,3.5,2.4,2.4,bet365,3.5,3.2,2.05,bet365,1.44,2.62,bet365,3.0,1.36,bet365,9.0,1.07,bet365,1.25,3.75,bet365,2.2,1.61,bet365,5.0,1.16,bet365,1.06,10.0,bet365,1.3,3.4,bet365,2.05,1.8,bet365,3.5,1.28,bet365,7.0,1.1,bet365,1.8,1.9,bet365,5.0,1.16,bet365,3.5,1.28,bet365,1.72,1.36,1.28,bet365,1.4,1.66,1.22,Betano.br,1.53,1.5,1.27,bet365,2.5,1.5,Betano.br,2.25,1.57,Betano.br,2.4,1.53,bet365,6.0,15.0,26.0,7.5,5.0,5.0,34.0,13.0,3.4,bet365,1.95,1.9,bet365,2.1,1.72,bet365,2.0,1.72,bet365,9.0,bet365,10.0,bet365,7.5,bet365,6.0,bet365,19.0,bet365,9.5,bet365,13.0,bet365,9.0,bet365,15.0,bet365,41.0,bet365,19.0,bet365,29.0,bet365,17.0,bet365,41.0,bet365,29.0,,0.0,0.0,,0.0,0.0,bet365,7.0,1.1,bet365,7.0,1.1,bet365,3.45,1.3,bet365,1.75,2.05,bet365,1.35,3.1,bet365,1.24,3.9,bet365,1.1,7.0,,0.0,0.0,Betano.br,37.0,16.0,21.0,Betano.br,20.0,9.5,9.25,bet365,0.0,0.0,3.75,bet365,1.72,3.75,0.0,Betano.br,1.26,6.0,1.09,Betano.br,1.08,10.75,1.02,,,,,,,,,,,0.42,0.58,,,,,,,,,,,6.0,13.0,3.0,6.0,3.0,7.0,,,,,,,,,,,,,1.0,4.0,9.0,8.0,19.0,28.0,7.0,7.0,2.0,3.0,,,1.0,2.0,4.0,2.0,,,,,,,,,,,,,,,,,,,,,,,0.43,0.57,,,,,,,,,,,2.0,5.0,1.0,1.0,1.0,4.0,,,,,,,,,,,,,0.0,1.0,3.0,3.0,9.0,12.0,3.0,3.0,0.0,1.0,,,0.0,0.0,1.0,0.0,,,,,,,,,,,,,,,,,,,,,,,0.41,0.59,,,,,,,,,,,4.0,8.0,2.0,5.0,2.0,3.0,,,,,,,,,,,,,1.0,3.0,6.0,5.0,10.0,16.0,4.0,4.0,2.0,2.0,,,1.0,2.0,3.0,2.0,,,,,,,,,,,,,K League 1,0IDCJLlH
UswrttnB,SOUTH KOREA,2022,SOUTH KOREA 1,SOUTH KOREA 1,25/06/2022,10:00,Round 18,Suwon FC,6sXCYRPI,Suwon Bluewings,v5I5PanH,False,3,0,,,,,,"[2, 6, 28]",[],bet365,3.5,2.05,3.25,bet365,3.0,2.37,2.75,bet365,2.62,3.25,2.45,bet365,1.44,2.62,bet365,3.25,1.33,bet365,10.0,1.06,bet365,1.28,3.5,bet365,2.25,1.57,bet365,5.5,1.14,bet365,1.06,10.0,bet365,1.36,3.0,bet365,2.1,1.7,bet365,3.75,1.25,bet365,8.0,1.08,bet365,1.83,1.83,bet365,5.5,1.14,bet365,3.5,1.28,bet365,1.5,1.3,1.4,bet365,1.33,1.72,1.28,Betano.br,1.4,1.55,1.34,bet365,1.9,1.8,Betano.br,1.95,1.75,Betano.br,1.95,1.78,bet365,4.5,15.0,29.0,6.5,4.75,6.0,29.0,15.0,4.33,bet365,1.95,1.9,bet365,2.2,1.66,bet365,2.0,1.72,bet365,9.0,bet365,8.0,bet365,7.5,bet365,6.5,bet365,13.0,bet365,12.0,bet365,11.0,bet365,10.0,bet365,15.0,bet365,29.0,bet365,23.0,bet365,23.0,bet365,21.0,bet365,34.0,bet365,34.0,,0.0,0.0,,0.0,0.0,bet365,5.75,1.14,bet365,4.65,1.18,bet365,2.6,1.48,bet365,1.52,2.42,bet365,1.22,4.15,bet365,1.16,5.25,,0.0,0.0,,0.0,0.0,Betano.br,35.0,14.5,29.0,Betano.br,16.5,8.25,13.5,bet365,5.5,4.0,5.0,bet365,1.5,4.0,1.5,Betano.br,1.17,7.3,1.13,Betano.br,1.04,13.0,1.03,,,,,,,,,,,0.32,0.68,,,,,,,,,,,12.0,12.0,9.0,5.0,3.0,7.0,,,,,,,,,,,,,4.0,9.0,12.0,10.0,17.0,23.0,9.0,11.0,0.0,1.0,,,1.0,1.0,5.0,6.0,,,,,,,,,,,,,,,,,,,,,,,0.4,0.6,,,,,,,,,,,5.0,2.0,5.0,0.0,0.0,2.0,,,,,,,,,,,,,3.0,1.0,2.0,6.0,9.0,10.0,5.0,2.0,,,,,1.0,0.0,0.0,2.0,,,,,,,,,,,,,,,,,,,,,,,0.24,0.76,,,,,,,,,,,7.0,10.0,4.0,5.0,3.0,5.0,,,,,,,,,,,,,1.0,8.0,10.0,4.0,8.0,13.0,4.0,9.0,0.0,1.0,,,0.0,1.0,5.0,4.0,,,,,,,,,,,,,K League 1,0IDCJLlH
Wzq4Urma,SOUTH KOREA,2022,SOUTH KOREA 1,SOUTH KOREA 1,18/06/2022,09:00,Round 16,Jeju SK,vFZJewv4,Incheon,prJ1QuXA,False,2,1,,,,,,"[33, 88]",[53],bet365,2.3,2.1,5.5,bet365,2.0,2.4,5.0,bet365,1.65,3.6,5.0,bet365,1.44,2.62,bet365,3.25,1.33,bet365,9.0,1.07,bet365,1.25,3.75,bet365,2.25,1.57,bet365,5.5,1.14,bet365,1.06,10.0,bet365,1.33,3.25,bet365,2.07,1.72,bet365,3.75,1.25,bet365,8.0,1.08,bet365,2.0,1.72,bet365,5.5,1.14,bet365,4.0,1.22,bet365,1.16,1.28,2.2,bet365,1.12,1.66,1.57,Betano.br,1.2,1.5,1.65,bet365,1.25,3.75,Betano.br,1.34,3.0,Betano.br,1.39,2.85,bet365,2.62,15.0,41.0,4.33,5.0,10.0,23.0,17.0,9.0,bet365,1.95,1.9,bet365,2.1,1.72,bet365,2.0,1.72,bet365,9.0,bet365,6.0,bet365,12.0,bet365,7.0,bet365,7.0,bet365,26.0,bet365,8.5,bet365,17.0,bet365,19.0,bet365,12.0,bet365,51.0,bet365,15.0,bet365,41.0,bet365,29.0,bet365,51.0,bet365,6.25,1.12,bet365,5.25,1.16,bet365,2.85,1.4,bet365,2.25,1.63,bet365,1.68,2.15,bet365,1.18,4.65,,0.0,0.0,,0.0,0.0,,0.0,0.0,,0.0,0.0,Betano.br,14.5,8.75,45.0,Betano.br,6.6,5.1,32.0,bet365,2.87,3.4,0.0,bet365,0.0,0.0,2.2,Betano.br,1.05,11.75,1.38,Betano.br,1.01,17.5,1.13,,,,,,,,,,,0.52,0.48,,,,,,,,,,,22.0,9.0,5.0,6.0,17.0,3.0,,,,,,,,,,,,,11.0,1.0,12.0,8.0,12.0,21.0,8.0,12.0,2.0,2.0,,,0.0,0.0,5.0,3.0,,,,,,,,,,,,,,,,,,,,,,,0.52,0.48,,,,,,,,,,,13.0,4.0,4.0,3.0,9.0,1.0,,,,,,,,,,,,,6.0,0.0,4.0,6.0,4.0,8.0,6.0,4.0,2.0,0.0,,,0.0,0.0,3.0,3.0,,,,,,,,,,,,,,,,,,,,,,,0.52,0.48,,,,,,,,,,,9.0,5.0,1.0,3.0,8.0,2.0,,,,,,,,,,,,,5.0,1.0,8.0,2.0,8.0,13.0,2.0,8.0,0.0,2.0,,,0.0,0.0,2.0,0.0,,,,,,,,,,,,,K League 1,0IDCJLlH
U9ZWlAUr,SOUTH KOREA,2022,SOUTH KOREA 1,SOUTH KOREA 1,09/07/2022,11:00,Round 21,Daegu,SrMQkOnI,Ulsan HD,EVEwgyOM,False,1,1,,,,,,[88],[73],bet365,4.75,2.1,2.6,bet365,4.0,2.37,2.2,bet365,4.2,3.4,1.9,bet365,1.44,2.62,bet365,3.25,1.33,bet365,9.0,1.07,bet365,1.28,3.5,bet365,2.25,1.57,bet365,5.5,1.14,bet365,1.07,9.0,bet365,1.33,3.25,bet365,2.1,1.7,bet365,3.75,1.25,bet365,8.0,1.08,bet365,1.9,1.8,bet365,5.5,1.14,bet365,3.75,1.25,bet365,1.8,1.3,1.22,bet365,1.5,1.66,1.16,Betano.br,1.6,1.5,1.22,bet365,3.0,1.36,Betano.br,2.65,1.42,Betano.br,2.65,1.45,bet365,7.0,15.0,23.0,8.5,5.0,4.75,34.0,15.0,3.1,bet365,1.95,1.9,bet365,2.1,1.72,bet365,2.0,1.72,bet365,8.5,bet365,11.0,bet365,6.5,bet365,6.5,bet365,21.0,bet365,8.5,bet365,15.0,bet365,9.0,bet365,17.0,bet365,41.0,bet365,15.0,bet365,34.0,bet365,17.0,bet365,41.0,bet365,29.0,,0.0,0.0,,0.0,0.0,,0.0,0.0,bet365,6.8,1.1,bet365,4.0,1.23,bet365,1.95,1.9,bet365,1.45,2.67,bet365,1.3,3.45,bet365,1.1,6.8,bet365,1.1,7.0,Betano.br,45.0,17.0,17.5,Betano.br,28.0,11.0,7.7,bet365,0.0,0.0,3.4,bet365,1.8,3.5,0.0,Betano.br,1.32,5.5,1.06,Betano.br,1.1,9.5,1.01,,,,,,,,,,,0.38,0.62,,,,,,,,,,,10.0,13.0,5.0,5.0,5.0,8.0,,,,,,,,,,,,,1.0,4.0,6.0,13.0,25.0,17.0,11.0,5.0,1.0,2.0,,,2.0,1.0,4.0,4.0,,,,,,,,,,,,,,,,,,,,,,,0.45,0.55,,,,,,,,,,,5.0,5.0,2.0,2.0,3.0,3.0,,,,,,,,,,,,,0.0,0.0,3.0,7.0,12.0,5.0,6.0,2.0,,,,,1.0,1.0,2.0,2.0,,,,,,,,,,,,,,,,,,,,,,,0.31,0.69,,,,,,,,,,,5.0,8.0,3.0,3.0,2.0,5.0,,,,,,,,,,,,,1.0,4.0,3.0,6.0,13.0,12.0,5.0,3.0,1.0,2.0,,,1.0,0.0,2.0,2.0,,,,,,,,,,,,,K League 1,0IDCJLlH
pKKMH53g,SOUTH KOREA,2022,SOUTH KOREA 1,SOUTH KOREA 1,22/05/2022,07:30,Round 14,Jeju SK,vFZJewv4,Suwon Bluewings,v5I5PanH,False,0,0,,,,,,[],[],bet365,2.62,2.1,4.5,bet365,2.25,2.37,4.0,bet365,1.9,3.3,3.8,bet365,1.44,2.62,bet365,3.25,1.33,bet365,9.0,1.07,bet365,1.28,3.5,bet365,2.25,1.57,bet365,5.5,1.14,bet365,1.06,10.0,bet365,1.33,3.25,bet365,2.1,1.7,bet365,3.75,1.25,bet365,8.0,1.08,bet365,1.9,1.8,bet365,5.5,1.14,bet365,3.75,1.25,bet365,1.25,1.33,1.8,bet365,1.16,1.66,1.44,Betano.br,1.22,1.5,1.6,bet365,1.4,2.75,Betano.br,1.42,2.67,Betano.br,1.42,2.72,bet365,3.1,15.0,34.0,4.75,5.0,8.0,26.0,15.0,6.5,bet365,1.95,1.9,bet365,2.1,1.72,bet365,2.0,1.72,bet365,8.5,bet365,6.5,bet365,10.0,bet365,6.5,bet365,8.5,bet365,19.0,bet365,9.0,bet365,13.0,bet365,17.0,bet365,17.0,bet365,41.0,bet365,17.0,bet365,34.0,bet365,29.0,bet365,41.0,bet365,7.0,1.1,bet365,7.0,1.1,bet365,3.55,1.27,bet365,2.75,1.43,bet365,1.98,1.88,bet365,1.26,3.7,,0.0,0.0,,0.0,0.0,,0.0,0.0,,0.0,0.0,Betano.br,16.5,9.5,45.0,Betano.br,7.5,5.4,28.0,bet365,3.5,3.6,0.0,bet365,0.0,0.0,1.8,Betano.br,1.06,11.25,1.33,Betano.br,1.01,17.0,1.11,,,,,,,,,,,0.52,0.48,,,,,,,,,,,2.0,9.0,0.0,2.0,2.0,7.0,,,,,,,,,,,,,4.0,4.0,18.0,8.0,32.0,27.0,7.0,18.0,2.0,3.0,,,1.0,0.0,2.0,0.0,,,,,,,,,,,,,,,,,,,,,,,0.48,0.52,,,,,,,,,,,1.0,4.0,0.0,1.0,1.0,3.0,,,,,,,,,,,,,1.0,2.0,9.0,6.0,11.0,15.0,6.0,9.0,2.0,1.0,,,0.0,0.0,1.0,0.0,,,,,,,,,,,,,,,,,,,,,,,0.56,0.44,,,,,,,,,,,1.0,5.0,0.0,1.0,1.0,4.0,,,,,,,,,,,,,3.0,2.0,9.0,2.0,21.0,12.0,1.0,9.0,0.0,2.0,,,1.0,0.0,1.0,0.0,,,,,,,,,,,,,K League 1,0IDCJLlH
xEq0VOXh,SOUTH KOREA,2022,SOUTH KOREA 1,SOUTH KOREA 1,17/06/2022,10:30,Round 16,Pohang,KIIIipI5,Gangwon,A144gewT,False,3,1,,,,,,"[10, 33, 68]",[44],bet365,2.6,2.0,5.0,bet365,2.25,2.3,4.33,bet365,1.85,3.2,4.2,bet365,1.5,2.5,bet365,3.5,1.28,bet365,11.0,1.05,bet365,1.3,3.4,bet365,2.5,1.5,bet365,6.0,1.12,bet365,1.08,8.0,bet365,1.44,2.62,bet365,2.35,1.57,bet365,4.5,1.18,bet365,11.0,1.05,bet365,2.1,1.66,bet365,6.0,1.12,bet365,4.0,1.22,bet365,1.22,1.36,1.83,bet365,1.14,1.72,1.5,Betano.br,1.22,1.55,1.55,bet365,1.33,3.25,Betano.br,1.44,2.6,Betano.br,1.45,2.6,bet365,3.1,15.0,41.0,4.5,4.75,8.5,26.0,15.0,7.5,bet365,1.95,1.9,bet365,2.2,1.66,bet365,2.0,1.72,bet365,7.5,bet365,6.0,bet365,10.0,bet365,6.5,bet365,8.0,bet365,21.0,bet365,9.0,bet365,15.0,bet365,19.0,bet365,15.0,bet365,51.0,bet365,17.0,bet365,41.0,bet365,34.0,bet365,51.0,bet365,7.0,1.1,bet365,7.0,1.1,bet365,3.55,1.27,bet365,2.75,1.43,bet365,1.93,1.93,bet365,1.23,4.0,bet365,1.1,7.0,,0.0,0.0,,0.0,0.0,,0.0,0.0,Betano.br,20.0,10.25,45.0,Betano.br,8.75,5.7,30.0,bet365,3.5,3.4,0.0,bet365,0.0,0.0,1.83,Betano.br,1.06,11.0,1.28,Betano.br,1.01,17.0,1.08,,,,,,,,,,,0.44,0.56,,,,,,,,,,,11.0,10.0,9.0,5.0,2.0,5.0,,,,,,,,,,,,,2.0,10.0,6.0,19.0,18.0,20.0,18.0,5.0,3.0,0.0,,,1.0,1.0,5.0,6.0,,,,,,,,,,,,,,,,,,,,,,,0.5,0.5,,,,,,,,,,,2.0,0.0,2.0,0.0,0.0,0.0,,,,,,,,,,,,,0.0,0.0,0.0,0.0,0.0,0.0,0.0,0.0,,,,,0.0,0.0,0.0,0.0,,,,,,,,,,,,,,,,,,,,,,,0.38,0.62,,,,,,,,,,,9.0,10.0,7.0,5.0,2.0,5.0,,,,,,,,,,,,,2.0,10.0,6.0,19.0,18.0,20.0,18.0,5.0,3.0,0.0,,,1.0,1.0,5.0,6.0,,,,,,,,,,,,,K League 1,0IDCJLlH
2L2x8ezS,SOUTH KOREA,2022,SOUTH KOREA 1,SOUTH KOREA 1,08/05/2022,07:30,Round 11,Incheon,prJ1QuXA,Jeonbuk,x0hNfcgA,False,0,1,,,,,,[],[],,0.0,0.0,0.0,,0.0,0.0,0.0,,0.0,0.0,0.0,,0.0,0.0,,0.0,0.0,,0.0,0.0,,0.0,0.0,,0.0,0.0,,0.0,0.0,,0.0,0.0,,0.0,0.0,,0.0,0.0,,0.0,0.0,,0.0,0.0,,0.0,0.0,,0.0,0.0,,0.0,0.0,,0.0,0.0,0.0,,0.0,0.0,0.0,,0.0,0.0,0.0,,0.0,0.0,,0.0,0.0,,0.0,0.0,,0.0,0.0,0.0,0.0,0.0,0.0,0.0,0.0,0.0,,0.0,0.0,,0.0,0.0,,0.0,0.0,,0.0,,0.0,,0.0,,0.0,,0.0,,0.0,,0.0,,0.0,,0.0,,0.0,,0.0,,0.0,,0.0,,0.0,,0.0,,0.0,0.0,,0.0,0.0,,0.0,0.0,,0.0,0.0,,0.0,0.0,,0.0,0.0,,0.0,0.0,,0.0,0.0,,0.0,0.0,,0.0,0.0,,0.0,0.0,0.0,,0.0,0.0,0.0,,0.0,0.0,0.0,,0.0,0.0,0.0,,0.0,0.0,0.0,,0.0,0.0,0.0,,,,,,,,,,,,,,,,,,,,,,,,,,,,,,,,,,,,,,,,,,,,,,,,,,,,,,,,,,,,,,,,,,,,,,,,,,,,,,,,,,,,,,,,,,,,,,,,,,,,,,,,,,,,,,,,,,,,,,,,,,,,,,,,,,,,,,,,,,,,,,,,,,,,,,,,,,,,,,,,,,,,,,,,,,,,,,,,,,,,,,,,,,,,,,,,,,,,,,,,,,,,,K League 1,0IDCJLlH
Y3g82Zck,SOUTH KOREA,2022,SOUTH KOREA 1,SOUTH KOREA 1,08/05/2022,10:00,Round 11,Pohang,KIIIipI5,Seongnam,WMiRgH8G,False,1,0,,,,,,[],[],,0.0,0.0,0.0,,0.0,0.0,0.0,,0.0,0.0,0.0,,0.0,0.0,,0.0,0.0,,0.0,0.0,,0.0,0.0,,0.0,0.0,,0.0,0.0,,0.0,0.0,,0.0,0.0,,0.0,0.0,,0.0,0.0,,0.0,0.0,,0.0,0.0,,0.0,0.0,,0.0,0.0,,0.0,0.0,0.0,,0.0,0.0,0.0,,0.0,0.0,0.0,,0.0,0.0,,0.0,0.0,,0.0,0.0,,0.0,0.0,0.0,0.0,0.0,0.0,0.0,0.0,0.0,,0.0,0.0,,0.0,0.0,,0.0,0.0,,0.0,,0.0,,0.0,,0.0,,0.0,,0.0,,0.0,,0.0,,0.0,,0.0,,0.0,,0.0,,0.0,,0.0,,0.0,,0.0,0.0,,0.0,0.0,,0.0,0.0,,0.0,0.0,,0.0,0.0,,0.0,0.0,,0.0,0.0,,0.0,0.0,,0.0,0.0,,0.0,0.0,,0.0,0.0,0.0,,0.0,0.0,0.0,,0.0,0.0,0.0,,0.0,0.0,0.0,,0.0,0.0,0.0,,0.0,0.0,0.0,,,,,,,,,,,,,,,,,,,,,,,,,,,,,,,,,,,,,,,,,,,,,,,,,,,,,,,,,,,,,,,,,,,,,,,,,,,,,,,,,,,,,,,,,,,,,,,,,,,,,,,,,,,,,,,,,,,,,,,,,,,,,,,,,,,,,,,,,,,,,,,,,,,,,,,,,,,,,,,,,,,,,,,,,,,,,,,,,,,,,,,,,,,,,,,,,,,,,,,,,,,,,K League 1,0IDCJLlH
fDf43Frq,SOUTH KOREA,2022,SOUTH KOREA 1,SOUTH KOREA 1,08/05/2022,10:00,Round 11,Jeju SK,vFZJewv4,Gimcheon Sangmu,IaoBca9i,False,3,1,,,,,,[],[],,0.0,0.0,0.0,,0.0,0.0,0.0,,0.0,0.0,0.0,,0.0,0.0,,0.0,0.0,,0.0,0.0,,0.0,0.0,,0.0,0.0,,0.0,0.0,,0.0,0.0,,0.0,0.0,,0.0,0.0,,0.0,0.0,,0.0,0.0,,0.0,0.0,,0.0,0.0,,0.0,0.0,,0.0,0.0,0.0,,0.0,0.0,0.0,,0.0,0.0,0.0,,0.0,0.0,,0.0,0.0,,0.0,0.0,,0.0,0.0,0.0,0.0,0.0,0.0,0.0,0.0,0.0,,0.0,0.0,,0.0,0.0,,0.0,0.0,,0.0,,0.0,,0.0,,0.0,,0.0,,0.0,,0.0,,0.0,,0.0,,0.0,,0.0,,0.0,,0.0,,0.0,,0.0,,0.0,0.0,,0.0,0.0,,0.0,0.0,,0.0,0.0,,0.0,0.0,,0.0,0.0,,0.0,0.0,,0.0,0.0,,0.0,0.0,,0.0,0.0,,0.0,0.0,0.0,,0.0,0.0,0.0,,0.0,0.0,0.0,,0.0,0.0,0.0,,0.0,0.0,0.0,,0.0,0.0,0.0,,,,,,,,,,,,,,,,,,,,,,,,,,,,,,,,,,,,,,,,,,,,,,,,,,,,,,,,,,,,,,,,,,,,,,,,,,,,,,,,,,,,,,,,,,,,,,,,,,,,,,,,,,,,,,,,,,,,,,,,,,,,,,,,,,,,,,,,,,,,,,,,,,,,,,,,,,,,,,,,,,,,,,,,,,,,,,,,,,,,,,,,,,,,,,,,,,,,,,,,,,,,,K League 1,0IDCJLlH
SrQHIolm,SOUTH KOREA,2022,SOUTH KOREA 1,SOUTH KOREA 1,22/05/2022,07:30,Round 14,Daegu,SrMQkOnI,Gangwon,A144gewT,False,3,0,,,,,,"[44, 57, 74]",[],bet365,2.87,2.1,4.0,bet365,2.5,2.37,3.5,bet365,2.1,3.2,3.4,bet365,1.44,2.62,bet365,3.25,1.33,bet365,9.0,1.07,bet365,1.25,3.75,bet365,2.2,1.61,bet365,5.5,1.14,bet365,1.07,9.0,bet365,1.36,3.0,bet365,2.2,1.65,bet365,4.0,1.22,bet365,9.0,1.07,bet365,1.83,1.83,bet365,5.5,1.14,bet365,3.5,1.28,bet365,1.3,1.36,1.66,bet365,1.22,1.66,1.4,Betano.br,1.28,1.52,1.5,bet365,1.5,2.5,Betano.br,1.55,2.3,Betano.br,1.6,2.25,bet365,3.5,15.0,34.0,5.0,4.75,7.5,26.0,15.0,5.5,bet365,1.95,1.9,bet365,2.1,1.72,bet365,2.0,1.72,bet365,8.5,bet365,7.0,bet365,9.5,bet365,6.0,bet365,10.0,bet365,17.0,bet365,9.0,bet365,12.0,bet365,15.0,bet365,19.0,bet365,41.0,bet365,19.0,bet365,29.0,bet365,29.0,bet365,41.0,,0.0,0.0,,0.0,0.0,bet365,4.1,1.23,bet365,3.3,1.32,bet365,2.08,1.73,bet365,1.3,3.45,bet365,1.1,7.0,,0.0,0.0,,0.0,0.0,,0.0,0.0,Betano.br,22.0,11.0,40.0,Betano.br,9.75,6.2,22.0,bet365,4.0,3.75,0.0,bet365,0.0,0.0,1.66,Betano.br,1.09,9.5,1.24,Betano.br,1.02,16.0,1.07,,,,,,,,,,,0.46,0.54,,,,,,,,,,,5.0,7.0,4.0,3.0,1.0,4.0,,,,,,,,,,,,,1.0,4.0,13.0,24.0,12.0,13.0,22.0,11.0,2.0,1.0,,,2.0,2.0,3.0,1.0,,,,,,,,,,,,,,,,,,,,,,,0.58,0.42,,,,,,,,,,,3.0,5.0,2.0,2.0,1.0,3.0,,,,,,,,,,,,,1.0,0.0,6.0,9.0,4.0,5.0,9.0,6.0,,,,,0.0,0.0,2.0,1.0,,,,,,,,,,,,,,,,,,,,,,,0.34,0.66,,,,,,,,,,,2.0,2.0,2.0,1.0,0.0,1.0,,,,,,,,,,,,,0.0,4.0,7.0,15.0,8.0,8.0,13.0,5.0,2.0,1.0,,,2.0,2.0,1.0,0.0,,,,,,,,,,,,,K League 1,0IDCJLlH
ARs8T225,SOUTH KOREA,2022,SOUTH KOREA 1,SOUTH KOREA 1,18/06/2022,10:30,Round 16,Seongnam,WMiRgH8G,Daegu,SrMQkOnI,False,1,1,,,,,,[68],[64],bet365,5.0,2.1,2.5,bet365,4.33,2.4,2.1,bet365,4.5,3.3,1.75,bet365,1.44,2.62,bet365,3.25,1.33,bet365,9.0,1.07,bet365,1.28,3.5,bet365,2.25,1.57,bet365,5.5,1.14,bet365,1.07,9.0,bet365,1.33,3.25,bet365,2.1,1.7,bet365,3.75,1.25,bet365,8.0,1.08,bet365,1.9,1.8,bet365,5.5,1.14,bet365,3.75,1.25,bet365,1.9,1.3,1.16,bet365,1.5,1.66,1.14,Betano.br,1.6,1.5,1.22,bet365,3.4,1.3,Betano.br,2.65,1.42,Betano.br,2.75,1.42,bet365,7.5,15.0,23.0,9.0,5.0,4.5,41.0,15.0,2.87,bet365,1.95,1.9,bet365,2.1,1.72,bet365,2.0,1.72,bet365,8.5,bet365,11.0,bet365,6.5,bet365,6.5,bet365,23.0,bet365,8.0,bet365,15.0,bet365,8.5,bet365,17.0,bet365,51.0,bet365,15.0,bet365,41.0,bet365,15.0,bet365,41.0,bet365,29.0,,0.0,0.0,,0.0,0.0,bet365,7.0,1.1,bet365,6.4,1.11,bet365,4.5,1.19,bet365,2.1,1.77,bet365,1.55,2.38,bet365,1.35,3.1,bet365,1.13,5.9,bet365,1.1,6.8,Betano.br,45.0,17.0,17.5,Betano.br,27.0,11.0,7.6,bet365,0.0,0.0,3.1,bet365,1.9,3.5,0.0,Betano.br,1.33,5.4,1.06,Betano.br,1.1,9.5,1.01,,,,,,,,,,,0.46,0.54,,,,,,,,,,,10.0,15.0,8.0,2.0,2.0,13.0,,,,,,,,,,,,,5.0,7.0,15.0,11.0,12.0,13.0,10.0,12.0,1.0,2.0,,,1.0,3.0,1.0,7.0,,,,,,,,,,,,,,,,,,,,,,,0.48,0.52,,,,,,,,,,,5.0,7.0,4.0,1.0,1.0,6.0,,,,,,,,,,,,,4.0,4.0,6.0,4.0,7.0,8.0,4.0,3.0,,,,,0.0,3.0,1.0,4.0,,,,,,,,,,,,,,,,,,,,,,,0.44,0.56,,,,,,,,,,,5.0,8.0,4.0,1.0,1.0,7.0,,,,,,,,,,,,,1.0,3.0,9.0,7.0,5.0,5.0,6.0,9.0,1.0,2.0,,,1.0,0.0,0.0,3.0,,,,,,,,,,,,,K League 1,0IDCJLlH
CWBwEN2I,SOUTH KOREA,2022,SOUTH KOREA 1,SOUTH KOREA 1,28/05/2022,10:00,Round 15,Suwon FC,6sXCYRPI,Ulsan HD,EVEwgyOM,False,1,2,,,,,,[42],"[55, 60]",bet365,4.75,2.3,2.3,bet365,4.33,2.62,2.0,bet365,4.75,3.8,1.72,bet365,1.33,3.25,bet365,2.62,1.44,bet365,6.5,1.11,bet365,1.2,4.33,bet365,1.9,1.8,bet365,4.0,1.22,bet365,1.04,13.0,bet365,1.22,4.0,bet365,1.75,2.05,bet365,2.75,1.4,bet365,5.5,1.14,bet365,1.72,2.0,bet365,4.33,1.2,bet365,3.25,1.33,bet365,2.0,1.25,1.18,bet365,1.57,1.57,1.16,Betano.br,1.72,1.42,1.21,bet365,3.4,1.3,Betano.br,2.85,1.37,Betano.br,2.95,1.37,bet365,7.5,15.0,21.0,9.5,6.0,4.75,34.0,15.0,2.75,bet365,1.95,1.9,bet365,2.1,1.72,bet365,1.9,1.8,bet365,12.0,bet365,15.0,bet365,8.0,bet365,7.5,bet365,23.0,bet365,8.5,bet365,15.0,bet365,8.5,bet365,15.0,bet365,51.0,bet365,13.0,bet365,34.0,bet365,13.0,bet365,41.0,bet365,23.0,,0.0,0.0,,0.0,0.0,,0.0,0.0,,0.0,0.0,bet365,4.4,1.2,bet365,2.1,1.7,bet365,1.65,2.2,bet365,1.4,2.85,bet365,1.18,4.8,bet365,1.14,5.75,Betano.br,40.0,17.5,12.5,Betano.br,27.0,11.75,5.9,bet365,0.0,0.0,2.87,bet365,2.0,3.6,0.0,Betano.br,1.42,5.0,1.06,Betano.br,1.15,8.25,1.01,,,,,,,,,,,0.36,0.64,,,,,,,,,,,10.0,6.0,4.0,4.0,6.0,2.0,,,,,,,,,,,,,2.0,8.0,14.0,11.0,17.0,10.0,9.0,13.0,2.0,4.0,,,2.0,1.0,2.0,3.0,,,,,,,,,,,,,,,,,,,,,,,0.29,0.71,,,,,,,,,,,5.0,3.0,2.0,2.0,3.0,1.0,,,,,,,,,,,,,1.0,3.0,6.0,6.0,10.0,4.0,5.0,5.0,1.0,1.0,,,1.0,0.0,2.0,1.0,,,,,,,,,,,,,,,,,,,,,,,0.43,0.57,,,,,,,,,,,5.0,3.0,2.0,2.0,3.0,1.0,,,,,,,,,,,,,1.0,5.0,8.0,5.0,7.0,6.0,4.0,8.0,1.0,3.0,,,1.0,1.0,0.0,2.0,,,,,,,,,,,,,K League 1,0IDCJLlH
lhRDJRYt,SOUTH KOREA,2022,SOUTH KOREA 1,SOUTH KOREA 1,21/05/2022,10:00,Round 14,Gimcheon Sangmu,IaoBca9i,Ulsan HD,EVEwgyOM,False,0,2,,,,,,[],"[16, 37]",bet365,3.6,2.3,2.75,bet365,3.2,2.62,2.37,bet365,3.0,3.6,2.05,bet365,1.3,3.4,bet365,2.5,1.5,bet365,6.0,1.12,bet365,1.16,5.0,bet365,1.83,1.83,bet365,3.75,1.25,bet365,1.03,15.0,bet365,1.2,4.33,bet365,1.66,2.15,bet365,2.62,1.44,bet365,5.0,1.16,bet365,1.57,2.25,bet365,4.0,1.22,bet365,2.75,1.4,bet365,1.66,1.25,1.33,bet365,1.4,1.57,1.28,Betano.br,1.55,1.44,1.3,bet365,2.25,1.57,Betano.br,2.18,1.62,Betano.br,2.32,1.57,bet365,5.0,13.0,21.0,7.5,6.0,5.5,26.0,13.0,3.4,bet365,1.95,1.9,bet365,2.0,1.8,bet365,1.9,1.8,bet365,15.0,bet365,13.0,bet365,10.0,bet365,7.5,bet365,19.0,bet365,12.0,bet365,11.0,bet365,9.0,bet365,12.0,bet365,34.0,bet365,21.0,bet365,23.0,bet365,15.0,bet365,26.0,bet365,21.0,,0.0,0.0,,0.0,0.0,bet365,6.25,1.12,bet365,5.25,1.16,bet365,3.0,1.38,bet365,1.9,1.95,bet365,1.35,3.1,bet365,1.25,3.8,bet365,1.1,6.8,,0.0,0.0,Betano.br,30.0,14.5,18.0,Betano.br,16.0,9.0,8.25,bet365,0.0,0.0,3.6,bet365,1.66,4.0,0.0,Betano.br,1.28,5.9,1.12,Betano.br,1.09,10.25,1.03,,,,,,,,,,,0.55,0.45,,,,,,,,,,,14.0,7.0,7.0,5.0,7.0,2.0,,,,,,,,,,,,,3.0,1.0,14.0,9.0,17.0,21.0,8.0,12.0,0.0,2.0,,,1.0,2.0,3.0,7.0,,,,,,,,,,,,,,,,,,,,,,,0.54,0.46,,,,,,,,,,,5.0,6.0,3.0,4.0,2.0,2.0,,,,,,,,,,,,,1.0,1.0,8.0,4.0,9.0,14.0,3.0,7.0,,,,,0.0,1.0,2.0,3.0,,,,,,,,,,,,,,,,,,,,,,,0.56,0.44,,,,,,,,,,,9.0,1.0,4.0,1.0,5.0,0.0,,,,,,,,,,,,,2.0,0.0,6.0,5.0,8.0,7.0,5.0,5.0,0.0,2.0,,,1.0,1.0,1.0,4.0,,,,,,,,,,,,,K League 1,0IDCJLlH
UTc9RtXH,SOUTH KOREA,2022,SOUTH KOREA 1,SOUTH KOREA 1,19/06/2022,10:30,Round 16,Suwon Bluewings,v5I5PanH,Seoul,8tzeYeHp,False,0,1,,,,,,[],[57],bet365,3.6,1.95,3.25,bet365,3.1,2.2,2.6,bet365,2.8,3.1,2.4,bet365,1.53,2.37,bet365,3.75,1.25,bet365,11.0,1.05,bet365,1.33,3.25,bet365,2.62,1.44,bet365,6.5,1.11,bet365,1.1,7.0,bet365,1.44,2.62,bet365,2.3,1.6,bet365,5.0,1.16,bet365,11.0,1.05,bet365,2.1,1.66,bet365,6.0,1.12,bet365,4.0,1.22,bet365,1.5,1.33,1.36,bet365,1.33,1.8,1.28,Betano.br,1.45,1.57,1.27,bet365,2.0,1.72,Betano.br,2.1,1.65,Betano.br,2.25,1.6,bet365,4.75,15.0,29.0,7.0,4.33,5.0,41.0,15.0,4.33,bet365,1.95,1.9,bet365,2.2,1.66,bet365,2.0,1.72,bet365,8.0,bet365,7.5,bet365,6.0,bet365,6.0,bet365,15.0,bet365,9.0,bet365,13.0,bet365,9.5,bet365,19.0,bet365,29.0,bet365,21.0,bet365,34.0,bet365,23.0,bet365,41.0,bet365,41.0,,0.0,0.0,,0.0,0.0,bet365,6.4,1.11,bet365,5.5,1.15,bet365,2.75,1.43,bet365,1.55,2.38,bet365,1.22,4.15,bet365,1.2,4.4,,0.0,0.0,,0.0,0.0,Betano.br,40.0,16.0,29.0,Betano.br,22.0,9.5,13.0,bet365,5.5,4.0,4.33,bet365,1.5,4.0,1.5,Betano.br,1.19,6.7,1.09,Betano.br,1.05,12.5,1.02,,,,,,,,,,,0.42,0.58,,,,,,,,,,,9.0,4.0,3.0,1.0,6.0,3.0,,,,,,,,,,,,,6.0,7.0,7.0,10.0,22.0,27.0,8.0,7.0,3.0,0.0,,,2.0,0.0,0.0,3.0,,,,,,,,,,,,,,,,,,,,,,,0.39,0.61,,,,,,,,,,,4.0,1.0,2.0,0.0,2.0,1.0,,,,,,,,,,,,,2.0,5.0,2.0,4.0,12.0,14.0,3.0,2.0,1.0,0.0,,,1.0,0.0,0.0,2.0,,,,,,,,,,,,,,,,,,,,,,,0.45,0.55,,,,,,,,,,,5.0,3.0,1.0,1.0,4.0,2.0,,,,,,,,,,,,,4.0,2.0,5.0,6.0,10.0,13.0,5.0,5.0,2.0,0.0,,,1.0,0.0,0.0,1.0,,,,,,,,,,,,,K League 1,0IDCJLlH
MuIMYcvo,SOUTH KOREA,2022,SOUTH KOREA 1,SOUTH KOREA 1,26/06/2022,10:30,Round 18,Gangwon,A144gewT,Jeju SK,vFZJewv4,False,4,2,,,,,,"[22, 42, 47, 78]","[53, 64]",bet365,3.6,2.05,3.2,bet365,3.1,2.37,2.75,bet365,2.75,3.25,2.37,bet365,1.44,2.62,bet365,3.25,1.33,bet365,10.0,1.06,bet365,1.28,3.5,bet365,2.25,1.57,bet365,5.5,1.14,bet365,1.06,10.0,bet365,1.36,3.0,bet365,2.1,1.7,bet365,3.75,1.25,bet365,8.0,1.08,bet365,1.83,1.83,bet365,5.5,1.14,bet365,3.5,1.28,bet365,1.53,1.33,1.4,bet365,1.33,1.72,1.28,Betano.br,1.42,1.55,1.32,bet365,1.9,1.8,Betano.br,2.05,1.7,Betano.br,2.05,1.72,bet365,4.75,15.0,29.0,6.5,4.75,5.5,29.0,15.0,4.0,bet365,1.95,1.9,bet365,2.2,1.66,bet365,2.0,1.72,bet365,9.0,bet365,8.0,bet365,7.5,bet365,6.5,bet365,13.0,bet365,11.0,bet365,11.0,bet365,10.0,bet365,15.0,bet365,29.0,bet365,23.0,bet365,23.0,bet365,21.0,bet365,34.0,bet365,34.0,,0.0,0.0,,0.0,0.0,bet365,6.0,1.13,bet365,5.0,1.17,bet365,2.67,1.45,bet365,1.55,2.38,bet365,1.23,4.0,bet365,1.16,5.25,,0.0,0.0,,0.0,0.0,Betano.br,35.0,15.0,26.0,Betano.br,18.5,8.5,12.0,bet365,0.0,0.0,4.75,bet365,1.53,4.0,0.0,Betano.br,1.19,6.9,1.11,Betano.br,1.05,12.5,1.03,,,,,,,,,,,0.38,0.62,,,,,,,,,,,9.0,9.0,7.0,5.0,2.0,4.0,,,,,,,,,,,,,4.0,3.0,15.0,14.0,15.0,22.0,13.0,12.0,3.0,1.0,,,1.0,3.0,3.0,3.0,,,,,,,,,,,,,,,,,,,,,,,0.46,0.54,,,,,,,,,,,6.0,2.0,5.0,1.0,1.0,1.0,,,,,,,,,,,,,3.0,1.0,6.0,9.0,9.0,10.0,9.0,6.0,2.0,0.0,,,0.0,0.0,1.0,3.0,,,,,,,,,,,,,,,,,,,,,,,0.3,0.7,,,,,,,,,,,3.0,7.0,2.0,4.0,1.0,3.0,,,,,,,,,,,,,1.0,2.0,9.0,5.0,6.0,12.0,4.0,6.0,1.0,1.0,,,1.0,3.0,2.0,0.0,,,,,,,,,,,,,K League 1,0IDCJLlH
U7MYE3mC,SOUTH KOREA,2022,SOUTH KOREA 1,SOUTH KOREA 1,28/05/2022,10:00,Round 15,Jeonbuk,x0hNfcgA,Jeju SK,vFZJewv4,False,0,2,,,,,,[],"[61, 78]",bet365,3.0,2.0,4.0,bet365,2.6,2.25,3.5,bet365,2.25,3.0,3.6,bet365,1.5,2.5,bet365,3.5,1.28,bet365,10.0,1.06,bet365,1.3,3.4,bet365,2.37,1.53,bet365,6.0,1.12,bet365,1.08,8.0,bet365,1.4,2.75,bet365,2.25,1.61,bet365,4.0,1.22,bet365,10.0,1.06,bet365,1.9,1.8,bet365,5.5,1.14,bet365,3.75,1.25,bet365,1.28,1.36,1.57,bet365,1.22,1.72,1.36,Betano.br,1.27,1.55,1.47,bet365,1.53,2.37,Betano.br,1.6,2.22,Betano.br,1.6,2.27,bet365,3.75,15.0,34.0,5.0,4.5,7.0,29.0,15.0,5.5,bet365,1.95,1.9,bet365,2.2,1.66,bet365,2.0,1.72,bet365,7.5,bet365,6.5,bet365,9.0,bet365,5.5,bet365,10.0,bet365,17.0,bet365,9.5,bet365,13.0,bet365,15.0,bet365,21.0,bet365,41.0,bet365,21.0,bet365,34.0,bet365,34.0,bet365,41.0,,0.0,0.0,,0.0,0.0,bet365,4.25,1.21,bet365,3.45,1.3,bet365,2.15,1.68,bet365,1.27,3.55,bet365,1.1,7.0,,0.0,0.0,,0.0,0.0,,0.0,0.0,Betano.br,24.0,11.5,40.0,Betano.br,11.0,6.3,22.0,bet365,4.33,3.75,0.0,bet365,0.0,0.0,1.57,Betano.br,1.09,9.5,1.22,Betano.br,1.02,16.0,1.06,,,,,,,,,,,0.49,0.51,,,,,,,,,,,7.0,6.0,1.0,2.0,6.0,4.0,,,,,,,,,,,,,5.0,2.0,11.0,11.0,19.0,27.0,9.0,9.0,1.0,1.0,,,2.0,2.0,0.0,1.0,,,,,,,,,,,,,,,,,,,,,,,0.43,0.57,,,,,,,,,,,4.0,1.0,1.0,0.0,3.0,1.0,,,,,,,,,,,,,5.0,1.0,5.0,6.0,8.0,13.0,4.0,4.0,1.0,1.0,,,1.0,1.0,0.0,1.0,,,,,,,,,,,,,,,,,,,,,,,0.55,0.45,,,,,,,,,,,3.0,5.0,0.0,2.0,3.0,3.0,,,,,,,,,,,,,0.0,1.0,6.0,5.0,11.0,14.0,5.0,5.0,,,,,1.0,1.0,0.0,0.0,,,,,,,,,,,,,K League 1,0IDCJLlH
dd3pyf4E,SOUTH KOREA,2022,SOUTH KOREA 1,SOUTH KOREA 1,21/05/2022,09:00,Round 14,Pohang,KIIIipI5,Incheon,prJ1QuXA,False,2,0,,,,,,"[15, 17]",[],bet365,2.5,2.1,5.0,bet365,2.1,2.4,4.33,bet365,1.8,3.4,4.2,bet365,1.44,2.62,bet365,3.25,1.33,bet365,9.0,1.07,bet365,1.28,3.5,bet365,2.25,1.57,bet365,5.5,1.14,bet365,1.06,10.0,bet365,1.36,3.0,bet365,2.1,1.7,bet365,3.75,1.25,bet365,8.0,1.08,bet365,1.9,1.8,bet365,5.5,1.14,bet365,3.75,1.25,bet365,1.22,1.3,1.9,bet365,1.14,1.66,1.5,Betano.br,1.22,1.52,1.57,bet365,1.33,3.25,Betano.br,1.4,2.75,Betano.br,1.44,2.67,bet365,3.0,15.0,41.0,4.5,5.0,9.0,23.0,15.0,7.5,bet365,1.95,1.9,bet365,2.1,1.72,bet365,2.0,1.72,bet365,8.5,bet365,6.5,bet365,11.0,bet365,6.5,bet365,8.0,bet365,21.0,bet365,8.5,bet365,15.0,bet365,17.0,bet365,15.0,bet365,51.0,bet365,15.0,bet365,41.0,bet365,29.0,bet365,41.0,,0.0,0.0,bet365,6.4,1.11,bet365,3.45,1.3,bet365,2.6,1.48,bet365,1.85,2.0,bet365,1.23,4.1,,0.0,0.0,,0.0,0.0,,0.0,0.0,,0.0,0.0,Betano.br,16.5,9.5,45.0,Betano.br,7.5,5.4,30.0,bet365,3.2,3.5,0.0,bet365,0.0,0.0,1.9,Betano.br,1.06,11.25,1.33,Betano.br,1.01,17.5,1.11,,,,,,,,,,,0.46,0.54,,,,,,,,,,,13.0,7.0,9.0,2.0,4.0,5.0,,,,,,,,,,,,,8.0,5.0,9.0,15.0,7.0,8.0,15.0,8.0,2.0,0.0,,,0.0,1.0,2.0,7.0,,,,,,,,,,,,,,,,,,,,,,,0.57,0.43,,,,,,,,,,,6.0,4.0,5.0,1.0,1.0,3.0,,,,,,,,,,,,,5.0,3.0,3.0,6.0,5.0,1.0,6.0,3.0,1.0,0.0,,,0.0,0.0,1.0,3.0,,,,,,,,,,,,,,,,,,,,,,,0.35,0.65,,,,,,,,,,,7.0,3.0,4.0,1.0,3.0,2.0,,,,,,,,,,,,,3.0,2.0,6.0,9.0,2.0,7.0,9.0,5.0,1.0,0.0,,,0.0,1.0,1.0,4.0,,,,,,,,,,,,,K League 1,0IDCJLlH
WdKvsMW4,SOUTH KOREA,2022,SOUTH KOREA 1,SOUTH KOREA 1,25/06/2022,09:00,Round 18,Jeonbuk,x0hNfcgA,Daegu,SrMQkOnI,False,1,1,,,,,,[80],[62],bet365,2.6,2.2,4.33,bet365,2.2,2.5,3.75,bet365,1.85,3.4,3.8,bet365,1.4,2.75,bet365,2.75,1.4,bet365,8.0,1.08,bet365,1.22,4.0,bet365,2.1,1.66,bet365,4.5,1.18,bet365,1.05,11.0,bet365,1.28,3.5,bet365,1.98,1.88,bet365,3.4,1.3,bet365,6.5,1.11,bet365,1.8,1.9,bet365,5.0,1.16,bet365,3.4,1.3,bet365,1.22,1.28,1.8,bet365,1.2,1.61,1.5,Betano.br,1.25,1.47,1.6,bet365,1.4,2.75,Betano.br,1.5,2.42,Betano.br,1.47,2.55,bet365,3.1,15.0,34.0,5.0,5.5,8.5,23.0,15.0,6.5,bet365,1.95,1.9,bet365,2.1,1.72,bet365,1.9,1.8,bet365,10.0,bet365,7.5,bet365,11.0,bet365,6.5,bet365,9.0,bet365,21.0,bet365,8.5,bet365,13.0,bet365,15.0,bet365,17.0,bet365,41.0,bet365,15.0,bet365,34.0,bet365,26.0,bet365,41.0,bet365,7.0,1.1,bet365,6.6,1.11,bet365,3.45,1.3,bet365,2.67,1.45,bet365,1.93,1.93,bet365,1.26,3.7,bet365,1.1,7.0,,0.0,0.0,,0.0,0.0,,0.0,0.0,Betano.br,18.0,9.75,37.0,Betano.br,7.9,5.6,22.0,bet365,3.4,3.6,0.0,bet365,0.0,0.0,1.8,Betano.br,1.08,10.25,1.31,Betano.br,1.02,16.5,1.1,,,,,,,,,,,0.66,0.34,,,,,,,,,,,15.0,12.0,6.0,3.0,9.0,9.0,,,,,,,,,,,,,5.0,1.0,9.0,13.0,16.0,4.0,9.0,7.0,2.0,2.0,,,4.0,2.0,2.0,5.0,,,,,,,,,,,,,,,,,,,,,,,0.6,0.4,,,,,,,,,,,8.0,6.0,4.0,0.0,4.0,6.0,,,,,,,,,,,,,2.0,1.0,3.0,8.0,11.0,3.0,5.0,3.0,,,,,3.0,0.0,0.0,4.0,,,,,,,,,,,,,,,,,,,,,,,0.72,0.28,,,,,,,,,,,7.0,6.0,2.0,3.0,5.0,3.0,,,,,,,,,,,,,3.0,0.0,6.0,5.0,5.0,1.0,4.0,4.0,2.0,2.0,,,1.0,2.0,2.0,1.0,,,,,,,,,,,,,K League 1,0IDCJLlH
OAJQGPIa,SOUTH KOREA,2022,SOUTH KOREA 1,SOUTH KOREA 1,22/05/2022,10:00,Round 14,Suwon FC,6sXCYRPI,Jeonbuk,x0hNfcgA,False,0,1,,,,,,[],[72],bet365,4.5,2.2,2.5,bet365,4.0,2.5,2.2,bet365,4.0,3.4,1.83,bet365,1.4,2.75,bet365,2.75,1.4,bet365,8.0,1.08,bet365,1.22,4.0,bet365,2.1,1.66,bet365,4.5,1.18,bet365,1.05,11.0,bet365,1.28,3.5,bet365,1.98,1.88,bet365,3.4,1.3,bet365,6.5,1.11,bet365,1.8,1.9,bet365,5.0,1.16,bet365,3.4,1.3,bet365,1.83,1.3,1.22,bet365,1.5,1.61,1.16,Betano.br,1.6,1.47,1.24,bet365,3.0,1.36,Betano.br,2.5,1.47,Betano.br,2.62,1.45,bet365,6.5,15.0,23.0,8.5,5.5,4.75,34.0,15.0,3.0,bet365,1.95,1.9,bet365,2.1,1.72,bet365,1.9,1.8,bet365,10.0,bet365,12.0,bet365,7.5,bet365,6.5,bet365,21.0,bet365,9.0,bet365,13.0,bet365,8.5,bet365,15.0,bet365,41.0,bet365,15.0,bet365,34.0,bet365,15.0,bet365,41.0,bet365,26.0,,0.0,0.0,,0.0,0.0,,0.0,0.0,bet365,7.0,1.1,bet365,3.9,1.24,bet365,1.98,1.88,bet365,1.48,2.6,bet365,1.32,3.3,bet365,1.12,6.25,bet365,1.1,7.0,Betano.br,40.0,16.5,16.5,Betano.br,23.0,10.5,7.5,bet365,0.0,0.0,3.25,bet365,1.83,3.6,0.0,Betano.br,1.33,5.5,1.07,Betano.br,1.11,9.5,1.02,,,,,,,,,,,0.34,0.66,,,,,,,,,,,12.0,12.0,8.0,2.0,4.0,10.0,,,,,,,,,,,,,1.0,4.0,11.0,7.0,10.0,17.0,6.0,10.0,1.0,1.0,,,1.0,1.0,1.0,8.0,,,,,,,,,,,,,,,,,,,,,,,0.38,0.62,,,,,,,,,,,6.0,5.0,4.0,1.0,2.0,4.0,,,,,,,,,,,,,0.0,1.0,7.0,2.0,7.0,7.0,2.0,6.0,1.0,1.0,,,0.0,1.0,1.0,4.0,,,,,,,,,,,,,,,,,,,,,,,0.3,0.7,,,,,,,,,,,6.0,7.0,4.0,1.0,2.0,6.0,,,,,,,,,,,,,1.0,3.0,4.0,5.0,3.0,10.0,4.0,4.0,,,,,1.0,0.0,0.0,4.0,,,,,,,,,,,,,K League 1,0IDCJLlH
t6zaPd52,SOUTH KOREA,2022,SOUTH KOREA 1,SOUTH KOREA 1,14/05/2022,10:00,Round 12,Suwon Bluewings,v5I5PanH,Seongnam,WMiRgH8G,False,1,0,,,,,,[90],[],bet365,3.25,1.83,4.33,bet365,2.75,2.1,3.6,bet365,2.37,2.87,3.4,bet365,1.66,2.1,bet365,4.33,1.2,bet365,15.0,1.03,bet365,1.4,2.75,bet365,3.0,1.36,bet365,8.0,1.08,bet365,1.14,5.5,bet365,1.61,2.2,bet365,3.1,1.36,bet365,6.5,1.11,bet365,17.0,1.02,bet365,2.37,1.53,bet365,7.0,1.1,bet365,5.0,1.16,bet365,1.3,1.4,1.53,bet365,1.2,1.83,1.33,,0.0,0.0,0.0,bet365,1.57,2.25,,0.0,0.0,,0.0,0.0,bet365,4.0,15.0,41.0,5.0,3.75,7.0,34.0,15.0,6.0,bet365,1.95,1.9,bet365,2.3,1.61,bet365,2.1,1.66,bet365,5.5,bet365,5.5,bet365,7.0,bet365,6.0,bet365,9.5,bet365,15.0,bet365,11.0,bet365,13.0,bet365,21.0,bet365,23.0,bet365,41.0,bet365,26.0,bet365,41.0,bet365,41.0,bet365,51.0,,0.0,0.0,,0.0,0.0,bet365,5.5,1.15,bet365,4.1,1.23,bet365,2.3,1.6,bet365,1.3,3.45,bet365,1.1,7.0,,0.0,0.0,,0.0,0.0,,0.0,0.0,,0.0,0.0,0.0,,0.0,0.0,0.0,bet365,5.0,3.6,0.0,bet365,0.0,0.0,1.53,,0.0,0.0,0.0,,0.0,0.0,0.0,,,,,,,,,,,0.53,0.47,,,,,,,,,,,10.0,10.0,5.0,5.0,5.0,5.0,,,,,,,,,,,,,8.0,3.0,14.0,16.0,25.0,26.0,15.0,14.0,2.0,1.0,,,1.0,0.0,5.0,4.0,,,,,,,,,,,,,,,,,,,,,,,0.61,0.39,,,,,,,,,,,4.0,3.0,2.0,1.0,2.0,2.0,,,,,,,,,,,,,6.0,0.0,8.0,10.0,17.0,14.0,9.0,8.0,1.0,0.0,,,1.0,0.0,1.0,2.0,,,,,,,,,,,,,,,,,,,,,,,0.45,0.55,,,,,,,,,,,6.0,7.0,3.0,4.0,3.0,3.0,,,,,,,,,,,,,2.0,3.0,6.0,6.0,8.0,12.0,6.0,6.0,1.0,1.0,,,0.0,0.0,4.0,2.0,,,,,,,,,,,,,K League 1,0IDCJLlH
Mut0CkAG,SOUTH KOREA,2022,SOUTH KOREA 1,SOUTH KOREA 1,10/04/2022,07:30,Round 9,Incheon,prJ1QuXA,Jeju SK,vFZJewv4,False,2,2,,,,,,[],[],,0.0,0.0,0.0,,0.0,0.0,0.0,,0.0,0.0,0.0,,0.0,0.0,,0.0,0.0,,0.0,0.0,,0.0,0.0,,0.0,0.0,,0.0,0.0,,0.0,0.0,,0.0,0.0,,0.0,0.0,,0.0,0.0,,0.0,0.0,,0.0,0.0,,0.0,0.0,,0.0,0.0,,0.0,0.0,0.0,,0.0,0.0,0.0,,0.0,0.0,0.0,,0.0,0.0,,0.0,0.0,,0.0,0.0,,0.0,0.0,0.0,0.0,0.0,0.0,0.0,0.0,0.0,,0.0,0.0,,0.0,0.0,,0.0,0.0,,0.0,,0.0,,0.0,,0.0,,0.0,,0.0,,0.0,,0.0,,0.0,,0.0,,0.0,,0.0,,0.0,,0.0,,0.0,,0.0,0.0,,0.0,0.0,,0.0,0.0,,0.0,0.0,,0.0,0.0,,0.0,0.0,,0.0,0.0,,0.0,0.0,,0.0,0.0,,0.0,0.0,,0.0,0.0,0.0,,0.0,0.0,0.0,,0.0,0.0,0.0,,0.0,0.0,0.0,,0.0,0.0,0.0,,0.0,0.0,0.0,,,,,,,,,,,,,,,,,,,,,,,,,,,,,,,,,,,,,,,,,,,,,,,,,,,,,,,,,,,,,,,,,,,,,,,,,,,,,,,,,,,,,,,,,,,,,,,,,,,,,,,,,,,,,,,,,,,,,,,,,,,,,,,,,,,,,,,,,,,,,,,,,,,,,,,,,,,,,,,,,,,,,,,,,,,,,,,,,,,,,,,,,,,,,,,,,,,,,,,,,,,,,K League 1,0IDCJLlH
n7JsHYCr,SOUTH KOREA,2022,SOUTH KOREA 1,SOUTH KOREA 1,17/05/2022,10:30,Round 13,Incheon,prJ1QuXA,Daegu,SrMQkOnI,False,2,2,,,,,,"[45, 90]","[16, 80]",bet365,4.0,2.0,2.87,bet365,3.5,2.3,2.5,bet365,3.3,3.1,2.15,bet365,1.5,2.5,bet365,3.4,1.3,bet365,10.0,1.06,bet365,1.3,3.4,bet365,2.37,1.53,bet365,6.0,1.12,bet365,1.08,8.0,bet365,1.4,2.75,bet365,2.25,1.61,bet365,4.0,1.22,bet365,10.0,1.06,bet365,1.9,1.8,bet365,5.5,1.14,bet365,3.75,1.25,bet365,1.66,1.36,1.33,bet365,1.4,1.72,1.22,,0.0,0.0,0.0,bet365,2.37,1.53,,0.0,0.0,,0.0,0.0,bet365,5.5,15.0,29.0,7.0,4.5,5.0,34.0,15.0,3.6,bet365,1.95,1.9,bet365,2.2,1.66,bet365,2.0,1.72,bet365,8.0,bet365,9.0,bet365,6.5,bet365,6.0,bet365,17.0,bet365,9.5,bet365,13.0,bet365,9.5,bet365,17.0,bet365,41.0,bet365,21.0,bet365,29.0,bet365,19.0,bet365,41.0,bet365,34.0,,0.0,0.0,,0.0,0.0,bet365,6.8,1.1,bet365,7.0,1.1,bet365,3.45,1.3,bet365,1.73,2.08,bet365,1.32,3.3,bet365,1.22,4.15,,0.0,0.0,,0.0,0.0,,0.0,0.0,0.0,,0.0,0.0,0.0,bet365,5.0,4.0,4.33,bet365,1.66,3.75,1.5,,0.0,0.0,0.0,,0.0,0.0,0.0,,,,,,,,,,,0.61,0.39,,,,,,,,,,,9.0,12.0,4.0,7.0,5.0,5.0,,,,,,,,,,,,,5.0,2.0,17.0,10.0,40.0,23.0,9.0,17.0,0.0,4.0,,,1.0,0.0,5.0,2.0,,,,,,,,,,,,,,,,,,,,,,,0.57,0.43,,,,,,,,,,,4.0,7.0,1.0,4.0,3.0,3.0,,,,,,,,,,,,,1.0,2.0,9.0,6.0,21.0,12.0,5.0,9.0,0.0,2.0,,,1.0,0.0,3.0,0.0,,,,,,,,,,,,,,,,,,,,,,,0.65,0.35,,,,,,,,,,,5.0,5.0,3.0,3.0,2.0,2.0,,,,,,,,,,,,,4.0,0.0,8.0,4.0,19.0,11.0,4.0,8.0,0.0,2.0,,,0.0,0.0,2.0,2.0,,,,,,,,,,,,,K League 1,0IDCJLlH
Y5UqGXAi,SOUTH KOREA,2022,SOUTH KOREA 1,SOUTH KOREA 1,09/04/2022,05:00,Round 9,Seongnam,WMiRgH8G,Jeonbuk,x0hNfcgA,False,0,4,,,,,,[],[],,0.0,0.0,0.0,,0.0,0.0,0.0,,0.0,0.0,0.0,,0.0,0.0,,0.0,0.0,,0.0,0.0,,0.0,0.0,,0.0,0.0,,0.0,0.0,,0.0,0.0,,0.0,0.0,,0.0,0.0,,0.0,0.0,,0.0,0.0,,0.0,0.0,,0.0,0.0,,0.0,0.0,,0.0,0.0,0.0,,0.0,0.0,0.0,,0.0,0.0,0.0,,0.0,0.0,,0.0,0.0,,0.0,0.0,,0.0,0.0,0.0,0.0,0.0,0.0,0.0,0.0,0.0,,0.0,0.0,,0.0,0.0,,0.0,0.0,,0.0,,0.0,,0.0,,0.0,,0.0,,0.0,,0.0,,0.0,,0.0,,0.0,,0.0,,0.0,,0.0,,0.0,,0.0,,0.0,0.0,,0.0,0.0,,0.0,0.0,,0.0,0.0,,0.0,0.0,,0.0,0.0,,0.0,0.0,,0.0,0.0,,0.0,0.0,,0.0,0.0,,0.0,0.0,0.0,,0.0,0.0,0.0,,0.0,0.0,0.0,,0.0,0.0,0.0,,0.0,0.0,0.0,,0.0,0.0,0.0,,,,,,,,,,,,,,,,,,,,,,,,,,,,,,,,,,,,,,,,,,,,,,,,,,,,,,,,,,,,,,,,,,,,,,,,,,,,,,,,,,,,,,,,,,,,,,,,,,,,,,,,,,,,,,,,,,,,,,,,,,,,,,,,,,,,,,,,,,,,,,,,,,,,,,,,,,,,,,,,,,,,,,,,,,,,,,,,,,,,,,,,,,,,,,,,,,,,,,,,,,,,,K League 1,0IDCJLlH
0Wv4B9PM,SOUTH KOREA,2022,SOUTH KOREA 1,SOUTH KOREA 1,10/04/2022,10:00,Round 9,Seoul,8tzeYeHp,Suwon Bluewings,v5I5PanH,False,2,0,,,,,,[],[],,0.0,0.0,0.0,,0.0,0.0,0.0,,0.0,0.0,0.0,,0.0,0.0,,0.0,0.0,,0.0,0.0,,0.0,0.0,,0.0,0.0,,0.0,0.0,,0.0,0.0,,0.0,0.0,,0.0,0.0,,0.0,0.0,,0.0,0.0,,0.0,0.0,,0.0,0.0,,0.0,0.0,,0.0,0.0,0.0,,0.0,0.0,0.0,,0.0,0.0,0.0,,0.0,0.0,,0.0,0.0,,0.0,0.0,,0.0,0.0,0.0,0.0,0.0,0.0,0.0,0.0,0.0,,0.0,0.0,,0.0,0.0,,0.0,0.0,,0.0,,0.0,,0.0,,0.0,,0.0,,0.0,,0.0,,0.0,,0.0,,0.0,,0.0,,0.0,,0.0,,0.0,,0.0,,0.0,0.0,,0.0,0.0,,0.0,0.0,,0.0,0.0,,0.0,0.0,,0.0,0.0,,0.0,0.0,,0.0,0.0,,0.0,0.0,,0.0,0.0,,0.0,0.0,0.0,,0.0,0.0,0.0,,0.0,0.0,0.0,,0.0,0.0,0.0,,0.0,0.0,0.0,,0.0,0.0,0.0,,,,,,,,,,,,,,,,,,,,,,,,,,,,,,,,,,,,,,,,,,,,,,,,,,,,,,,,,,,,,,,,,,,,,,,,,,,,,,,,,,,,,,,,,,,,,,,,,,,,,,,,,,,,,,,,,,,,,,,,,,,,,,,,,,,,,,,,,,,,,,,,,,,,,,,,,,,,,,,,,,,,,,,,,,,,,,,,,,,,,,,,,,,,,,,,,,,,,,,,,,,,,K League 1,0IDCJLlH
GSrD1gDe,SOUTH KOREA,2022,SOUTH KOREA 1,SOUTH KOREA 1,14/05/2022,07:30,Round 12,Gimcheon Sangmu,IaoBca9i,Daegu,SrMQkOnI,False,1,1,,,,,,[22],[90],bet365,3.0,2.1,3.6,bet365,2.62,2.4,3.1,bet365,2.37,3.2,3.2,bet365,1.44,2.62,bet365,3.0,1.36,bet365,9.0,1.07,bet365,1.25,3.75,bet365,2.1,1.66,bet365,5.0,1.16,bet365,1.06,10.0,bet365,1.3,3.4,bet365,2.0,1.8,bet365,3.5,1.28,bet365,7.0,1.1,bet365,1.8,1.9,bet365,5.0,1.16,bet365,3.4,1.3,bet365,1.36,1.36,1.53,bet365,1.28,1.66,1.36,,0.0,0.0,0.0,bet365,1.61,2.2,,0.0,0.0,,0.0,0.0,bet365,3.75,13.0,29.0,5.5,5.0,6.5,26.0,15.0,5.0,bet365,1.95,1.9,bet365,2.1,1.72,bet365,2.0,1.72,bet365,9.0,bet365,8.0,bet365,9.5,bet365,6.0,bet365,11.0,bet365,15.0,bet365,9.5,bet365,12.0,bet365,13.0,bet365,21.0,bet365,34.0,bet365,19.0,bet365,26.0,bet365,29.0,bet365,34.0,,0.0,0.0,,0.0,0.0,bet365,4.4,1.2,bet365,3.55,1.27,bet365,2.25,1.63,bet365,1.35,3.1,bet365,1.13,5.9,bet365,1.1,7.0,,0.0,0.0,,0.0,0.0,,0.0,0.0,0.0,,0.0,0.0,0.0,bet365,4.5,4.0,5.5,bet365,1.4,4.33,1.53,,0.0,0.0,0.0,,0.0,0.0,0.0,,,,,,,,,,,0.5,0.5,,,,,,,,,,,16.0,13.0,7.0,5.0,9.0,8.0,,,,,,,,,,,,,5.0,6.0,13.0,10.0,22.0,25.0,9.0,11.0,2.0,4.0,,,1.0,2.0,4.0,6.0,,,,,,,,,,,,,,,,,,,,,,,0.58,0.42,,,,,,,,,,,10.0,2.0,4.0,2.0,6.0,0.0,,,,,,,,,,,,,4.0,2.0,7.0,3.0,8.0,11.0,2.0,6.0,0.0,2.0,,,1.0,1.0,2.0,3.0,,,,,,,,,,,,,,,,,,,,,,,0.42,0.58,,,,,,,,,,,6.0,11.0,3.0,3.0,3.0,8.0,,,,,,,,,,,,,1.0,4.0,6.0,7.0,14.0,14.0,7.0,5.0,2.0,2.0,,,0.0,1.0,2.0,3.0,,,,,,,,,,,,,K League 1,0IDCJLlH
IXIUFqY5,SOUTH KOREA,2022,SOUTH KOREA 1,SOUTH KOREA 1,28/05/2022,07:30,Round 15,Seoul,8tzeYeHp,Gimcheon Sangmu,IaoBca9i,False,2,2,,,,,,"[23, 83]","[54, 90]",bet365,3.2,2.1,3.4,bet365,2.75,2.4,3.0,bet365,2.55,3.2,2.87,bet365,1.44,2.62,bet365,3.0,1.36,bet365,9.0,1.07,bet365,1.25,3.75,bet365,2.1,1.66,bet365,5.0,1.16,bet365,1.06,10.0,bet365,1.3,3.4,bet365,2.05,1.75,bet365,3.5,1.28,bet365,7.0,1.1,bet365,1.8,1.9,bet365,5.0,1.16,bet365,3.4,1.3,bet365,1.4,1.36,1.5,bet365,1.3,1.66,1.36,Betano.br,1.35,1.52,1.4,bet365,1.8,1.9,Betano.br,1.78,1.93,Betano.br,1.78,1.98,bet365,4.0,13.0,29.0,6.0,5.0,6.5,29.0,15.0,4.5,bet365,1.95,1.9,bet365,2.1,1.72,bet365,2.0,1.72,bet365,9.0,bet365,8.5,bet365,9.0,bet365,6.0,bet365,12.0,bet365,13.0,bet365,10.0,bet365,11.0,bet365,13.0,bet365,26.0,bet365,29.0,bet365,21.0,bet365,23.0,bet365,29.0,bet365,34.0,,0.0,0.0,,0.0,0.0,bet365,5.25,1.16,bet365,4.15,1.22,bet365,2.5,1.5,bet365,1.43,2.75,bet365,1.18,4.8,bet365,1.13,5.9,,0.0,0.0,,0.0,0.0,Betano.br,28.0,13.0,32.0,Betano.br,13.0,7.2,16.0,bet365,5.0,4.0,0.0,bet365,0.0,0.0,1.5,Betano.br,1.13,8.0,1.17,Betano.br,1.03,14.0,1.05,,,,,,,,,,,0.53,0.47,,,,,,,,,,,17.0,7.0,5.0,3.0,12.0,4.0,,,,,,,,,,,,,10.0,5.0,14.0,10.0,23.0,14.0,7.0,13.0,1.0,1.0,,,3.0,1.0,1.0,3.0,,,,,,,,,,,,,,,,,,,,,,,0.56,0.44,,,,,,,,,,,9.0,3.0,2.0,1.0,7.0,2.0,,,,,,,,,,,,,5.0,3.0,9.0,3.0,14.0,6.0,3.0,8.0,1.0,0.0,,,0.0,1.0,1.0,1.0,,,,,,,,,,,,,,,,,,,,,,,0.5,0.5,,,,,,,,,,,8.0,4.0,3.0,2.0,5.0,2.0,,,,,,,,,,,,,5.0,2.0,5.0,7.0,9.0,8.0,4.0,5.0,0.0,1.0,,,3.0,0.0,0.0,2.0,,,,,,,,,,,,,K League 1,0IDCJLlH
S2nH0DS1,SOUTH KOREA,2022,SOUTH KOREA 1,SOUTH KOREA 1,14/05/2022,10:00,Round 12,Ulsan HD,EVEwgyOM,Incheon,prJ1QuXA,False,2,2,,,,,,"[57, 70]","[7, 11]",bet365,2.2,2.1,6.0,bet365,1.9,2.4,5.5,bet365,1.6,3.75,6.5,bet365,1.44,2.62,bet365,3.25,1.33,bet365,9.0,1.07,bet365,1.28,3.5,bet365,2.25,1.57,bet365,5.5,1.14,bet365,1.06,10.0,bet365,1.33,3.25,bet365,2.1,1.7,bet365,3.75,1.25,bet365,8.0,1.08,bet365,2.1,1.66,bet365,6.0,1.12,bet365,4.0,1.22,bet365,1.11,1.25,2.25,bet365,1.11,1.66,1.61,,0.0,0.0,0.0,bet365,1.2,4.33,,0.0,0.0,,0.0,0.0,bet365,2.5,15.0,41.0,4.0,5.0,11.0,23.0,17.0,10.0,bet365,1.95,1.9,bet365,2.1,1.72,bet365,2.0,1.72,bet365,8.5,bet365,5.5,bet365,13.0,bet365,7.0,bet365,6.5,bet365,29.0,bet365,8.5,bet365,19.0,bet365,21.0,bet365,11.0,bet365,67.0,bet365,15.0,bet365,51.0,bet365,34.0,bet365,51.0,bet365,5.75,1.14,bet365,4.5,1.19,bet365,2.67,1.45,bet365,2.05,1.75,bet365,1.58,2.35,bet365,1.14,5.75,,0.0,0.0,,0.0,0.0,,0.0,0.0,,0.0,0.0,,0.0,0.0,0.0,,0.0,0.0,0.0,bet365,2.62,3.4,0.0,bet365,0.0,0.0,2.25,,0.0,0.0,0.0,,0.0,0.0,0.0,,,,,,,,,,,0.73,0.27,,,,,,,,,,,18.0,6.0,12.0,4.0,6.0,2.0,,,,,,,,,,,,,8.0,1.0,14.0,4.0,20.0,18.0,4.0,13.0,1.0,1.0,,,0.0,2.0,2.0,10.0,,,,,,,,,,,,,,,,,,,,,,,0.65,0.35,,,,,,,,,,,7.0,2.0,4.0,2.0,3.0,0.0,,,,,,,,,,,,,4.0,1.0,9.0,1.0,7.0,10.0,1.0,8.0,1.0,1.0,,,0.0,1.0,0.0,4.0,,,,,,,,,,,,,,,,,,,,,,,0.81,0.19,,,,,,,,,,,11.0,4.0,8.0,2.0,3.0,2.0,,,,,,,,,,,,,4.0,0.0,5.0,3.0,13.0,8.0,3.0,5.0,,,,,0.0,1.0,2.0,6.0,,,,,,,,,,,,,K League 1,0IDCJLlH
t6ET9H5F,SOUTH KOREA,2022,SOUTH KOREA 1,SOUTH KOREA 1,08/05/2022,04:30,Round 11,Gangwon,A144gewT,Ulsan HD,EVEwgyOM,False,1,3,,,,,,[18],"[15, 28, 35, 45]",bet365,5.0,2.2,2.4,bet365,4.75,2.4,2.05,bet365,5.25,3.4,1.75,bet365,1.4,2.75,bet365,3.0,1.36,bet365,9.0,1.07,bet365,1.25,3.75,bet365,2.2,1.61,bet365,5.0,1.16,bet365,1.07,9.0,bet365,1.33,3.25,bet365,2.1,1.7,bet365,3.75,1.25,bet365,8.0,1.08,bet365,1.83,1.83,bet365,5.5,1.14,bet365,3.75,1.25,bet365,2.0,1.3,1.16,bet365,1.53,1.61,1.14,,0.0,0.0,0.0,bet365,3.75,1.25,,0.0,0.0,,0.0,0.0,bet365,8.0,15.0,23.0,9.5,5.0,4.5,41.0,15.0,2.75,bet365,1.95,1.9,bet365,2.1,1.72,bet365,2.0,1.72,bet365,9.0,bet365,13.0,bet365,6.5,bet365,6.5,bet365,26.0,bet365,8.0,bet365,17.0,bet365,8.5,bet365,15.0,bet365,51.0,bet365,13.0,bet365,41.0,bet365,15.0,bet365,41.0,bet365,29.0,,0.0,0.0,,0.0,0.0,,0.0,0.0,,0.0,0.0,bet365,4.8,1.18,bet365,2.08,1.73,bet365,1.58,2.35,bet365,1.35,3.1,bet365,1.14,5.75,bet365,1.11,6.6,,0.0,0.0,0.0,,0.0,0.0,0.0,bet365,0.0,0.0,3.0,bet365,2.0,3.5,0.0,,0.0,0.0,0.0,,0.0,0.0,0.0,,,,,,,,,,,0.41,0.59,,,,,,,,,,,13.0,10.0,4.0,9.0,9.0,1.0,,,,,,,,,,,,,1.0,5.0,11.0,14.0,13.0,19.0,14.0,8.0,2.0,0.0,,,0.0,3.0,6.0,3.0,,,,,,,,,,,,,,,,,,,,,,,0.34,0.66,,,,,,,,,,,5.0,4.0,1.0,4.0,4.0,0.0,,,,,,,,,,,,,0.0,3.0,6.0,5.0,5.0,11.0,5.0,6.0,2.0,0.0,,,0.0,0.0,1.0,0.0,,,,,,,,,,,,,,,,,,,,,,,0.48,0.52,,,,,,,,,,,8.0,6.0,3.0,5.0,5.0,1.0,,,,,,,,,,,,,1.0,2.0,5.0,9.0,8.0,8.0,9.0,2.0,,,,,0.0,3.0,5.0,3.0,,,,,,,,,,,,,K League 1,0IDCJLlH
UV8nGhSl,SOUTH KOREA,2022,SOUTH KOREA 1,SOUTH KOREA 1,18/05/2022,10:00,Round 13,Ulsan HD,EVEwgyOM,Jeju SK,vFZJewv4,False,1,0,,,,,,[90],[],bet365,2.5,2.2,4.33,bet365,2.2,2.5,3.75,bet365,1.85,3.5,3.75,bet365,1.36,3.0,bet365,2.75,1.4,bet365,7.0,1.1,bet365,1.22,4.0,bet365,2.0,1.72,bet365,4.33,1.2,bet365,1.05,11.0,bet365,1.25,3.75,bet365,1.88,1.98,bet365,3.25,1.33,bet365,6.0,1.12,bet365,1.72,2.0,bet365,4.5,1.18,bet365,3.25,1.33,bet365,1.25,1.28,1.83,bet365,1.2,1.61,1.5,,0.0,0.0,0.0,bet365,1.4,2.75,,0.0,0.0,,0.0,0.0,bet365,3.0,13.0,34.0,5.0,5.5,8.5,23.0,15.0,6.5,bet365,1.95,1.9,bet365,2.1,1.72,bet365,1.9,1.8,bet365,11.0,bet365,7.5,bet365,12.0,bet365,7.0,bet365,9.0,bet365,21.0,bet365,8.5,bet365,13.0,bet365,15.0,bet365,17.0,bet365,41.0,bet365,15.0,bet365,29.0,bet365,26.0,bet365,34.0,bet365,7.0,1.1,bet365,6.25,1.12,bet365,3.45,1.3,bet365,2.6,1.48,bet365,1.9,1.95,bet365,1.26,3.7,bet365,1.1,7.0,,0.0,0.0,,0.0,0.0,,0.0,0.0,,0.0,0.0,0.0,,0.0,0.0,0.0,bet365,3.25,3.75,0.0,bet365,0.0,0.0,1.83,,0.0,0.0,0.0,,0.0,0.0,0.0,,,,,,,,,,,0.67,0.33,,,,,,,,,,,26.0,7.0,17.0,4.0,9.0,3.0,,,,,,,,,,,,,7.0,3.0,8.0,11.0,16.0,13.0,10.0,6.0,0.0,1.0,,,1.0,2.0,4.0,16.0,,,,,,,,,,,,,,,,,,,,,,,0.64,0.36,,,,,,,,,,,9.0,4.0,5.0,2.0,4.0,2.0,,,,,,,,,,,,,1.0,3.0,5.0,8.0,5.0,7.0,8.0,4.0,0.0,1.0,,,0.0,1.0,2.0,5.0,,,,,,,,,,,,,,,,,,,,,,,0.7,0.3,,,,,,,,,,,17.0,3.0,12.0,2.0,5.0,1.0,,,,,,,,,,,,,6.0,0.0,3.0,3.0,11.0,6.0,2.0,2.0,,,,,1.0,1.0,2.0,11.0,,,,,,,,,,,,,K League 1,0IDCJLlH
YuBLBwy3,SOUTH KOREA,2022,SOUTH KOREA 1,SOUTH KOREA 1,05/05/2022,10:00,Round 10,Gimcheon Sangmu,IaoBca9i,Gangwon,A144gewT,False,1,0,,,,,,[63],[],bet365,2.75,2.2,3.75,bet365,2.5,2.5,3.25,bet365,2.05,3.2,3.1,bet365,1.4,2.75,bet365,2.75,1.4,bet365,8.0,1.08,bet365,1.22,4.0,bet365,2.0,1.72,bet365,4.33,1.2,bet365,1.05,11.0,bet365,1.25,3.75,bet365,1.9,1.95,bet365,3.0,1.36,bet365,6.0,1.12,bet365,1.72,2.0,bet365,4.5,1.18,bet365,3.25,1.33,bet365,1.33,1.33,1.66,bet365,1.25,1.61,1.4,,0.0,0.0,0.0,bet365,1.53,2.37,,0.0,0.0,,0.0,0.0,bet365,3.5,13.0,29.0,5.5,5.5,7.0,23.0,15.0,5.5,bet365,1.95,1.9,bet365,2.1,1.72,bet365,1.9,1.8,bet365,11.0,bet365,8.0,bet365,11.0,bet365,6.5,bet365,11.0,bet365,17.0,bet365,9.0,bet365,12.0,bet365,13.0,bet365,21.0,bet365,34.0,bet365,17.0,bet365,26.0,bet365,26.0,bet365,34.0,,0.0,0.0,,0.0,0.0,bet365,3.9,1.24,bet365,3.1,1.35,bet365,2.08,1.73,bet365,1.32,3.3,bet365,1.13,6.0,bet365,1.1,7.0,,0.0,0.0,,0.0,0.0,,0.0,0.0,0.0,,0.0,0.0,0.0,bet365,4.0,3.75,5.5,bet365,1.44,4.33,1.66,,0.0,0.0,0.0,,0.0,0.0,0.0,,,,,,,,,,,0.6,0.4,,,,,,,,,,,9.0,7.0,4.0,1.0,5.0,6.0,,,,,,,,,,,,,4.0,4.0,10.0,17.0,19.0,18.0,8.0,15.0,2.0,2.0,,,2.0,2.0,1.0,3.0,,,,,,,,,,,,,,,,,,,,,,,0.6,0.4,,,,,,,,,,,2.0,3.0,0.0,0.0,2.0,3.0,,,,,,,,,,,,,3.0,1.0,10.0,5.0,10.0,7.0,4.0,10.0,1.0,1.0,,,1.0,0.0,0.0,0.0,,,,,,,,,,,,,,,,,,,,,,,0.6,0.4,,,,,,,,,,,7.0,4.0,4.0,1.0,3.0,3.0,,,,,,,,,,,,,1.0,3.0,0.0,12.0,9.0,11.0,4.0,5.0,1.0,1.0,,,1.0,2.0,1.0,3.0,,,,,,,,,,,,,K League 1,0IDCJLlH
pM962Eth,SOUTH KOREA,2022,SOUTH KOREA 1,SOUTH KOREA 1,02/04/2022,10:00,Round 7,Gangwon,A144gewT,Jeonbuk,x0hNfcgA,False,1,2,,,,,,[],[],,0.0,0.0,0.0,,0.0,0.0,0.0,,0.0,0.0,0.0,,0.0,0.0,,0.0,0.0,,0.0,0.0,,0.0,0.0,,0.0,0.0,,0.0,0.0,,0.0,0.0,,0.0,0.0,,0.0,0.0,,0.0,0.0,,0.0,0.0,,0.0,0.0,,0.0,0.0,,0.0,0.0,,0.0,0.0,0.0,,0.0,0.0,0.0,,0.0,0.0,0.0,,0.0,0.0,,0.0,0.0,,0.0,0.0,,0.0,0.0,0.0,0.0,0.0,0.0,0.0,0.0,0.0,,0.0,0.0,,0.0,0.0,,0.0,0.0,,0.0,,0.0,,0.0,,0.0,,0.0,,0.0,,0.0,,0.0,,0.0,,0.0,,0.0,,0.0,,0.0,,0.0,,0.0,,0.0,0.0,,0.0,0.0,,0.0,0.0,,0.0,0.0,,0.0,0.0,,0.0,0.0,,0.0,0.0,,0.0,0.0,,0.0,0.0,,0.0,0.0,,0.0,0.0,0.0,,0.0,0.0,0.0,,0.0,0.0,0.0,,0.0,0.0,0.0,,0.0,0.0,0.0,,0.0,0.0,0.0,,,,,,,,,,,,,,,,,,,,,,,,,,,,,,,,,,,,,,,,,,,,,,,,,,,,,,,,,,,,,,,,,,,,,,,,,,,,,,,,,,,,,,,,,,,,,,,,,,,,,,,,,,,,,,,,,,,,,,,,,,,,,,,,,,,,,,,,,,,,,,,,,,,,,,,,,,,,,,,,,,,,,,,,,,,,,,,,,,,,,,,,,,,,,,,,,,,,,,,,,,,,,K League 1,0IDCJLlH
hl4jdwKI,SOUTH KOREA,2022,SOUTH KOREA 1,SOUTH KOREA 1,02/04/2022,05:00,Round 7,Jeju SK,vFZJewv4,Daegu,SrMQkOnI,False,0,0,,,,,,[],[],,0.0,0.0,0.0,,0.0,0.0,0.0,,0.0,0.0,0.0,,0.0,0.0,,0.0,0.0,,0.0,0.0,,0.0,0.0,,0.0,0.0,,0.0,0.0,,0.0,0.0,,0.0,0.0,,0.0,0.0,,0.0,0.0,,0.0,0.0,,0.0,0.0,,0.0,0.0,,0.0,0.0,,0.0,0.0,0.0,,0.0,0.0,0.0,,0.0,0.0,0.0,,0.0,0.0,,0.0,0.0,,0.0,0.0,,0.0,0.0,0.0,0.0,0.0,0.0,0.0,0.0,0.0,,0.0,0.0,,0.0,0.0,,0.0,0.0,,0.0,,0.0,,0.0,,0.0,,0.0,,0.0,,0.0,,0.0,,0.0,,0.0,,0.0,,0.0,,0.0,,0.0,,0.0,,0.0,0.0,,0.0,0.0,,0.0,0.0,,0.0,0.0,,0.0,0.0,,0.0,0.0,,0.0,0.0,,0.0,0.0,,0.0,0.0,,0.0,0.0,,0.0,0.0,0.0,,0.0,0.0,0.0,,0.0,0.0,0.0,,0.0,0.0,0.0,,0.0,0.0,0.0,,0.0,0.0,0.0,,,,,,,,,,,,,,,,,,,,,,,,,,,,,,,,,,,,,,,,,,,,,,,,,,,,,,,,,,,,,,,,,,,,,,,,,,,,,,,,,,,,,,,,,,,,,,,,,,,,,,,,,,,,,,,,,,,,,,,,,,,,,,,,,,,,,,,,,,,,,,,,,,,,,,,,,,,,,,,,,,,,,,,,,,,,,,,,,,,,,,,,,,,,,,,,,,,,,,,,,,,,,K League 1,0IDCJLlH
4QWJvBlo,SOUTH KOREA,2022,SOUTH KOREA 1,SOUTH KOREA 1,02/04/2022,05:00,Round 7,Incheon,prJ1QuXA,Ulsan HD,EVEwgyOM,False,1,1,,,,,,[],[],,0.0,0.0,0.0,,0.0,0.0,0.0,,0.0,0.0,0.0,,0.0,0.0,,0.0,0.0,,0.0,0.0,,0.0,0.0,,0.0,0.0,,0.0,0.0,,0.0,0.0,,0.0,0.0,,0.0,0.0,,0.0,0.0,,0.0,0.0,,0.0,0.0,,0.0,0.0,,0.0,0.0,,0.0,0.0,0.0,,0.0,0.0,0.0,,0.0,0.0,0.0,,0.0,0.0,,0.0,0.0,,0.0,0.0,,0.0,0.0,0.0,0.0,0.0,0.0,0.0,0.0,0.0,,0.0,0.0,,0.0,0.0,,0.0,0.0,,0.0,,0.0,,0.0,,0.0,,0.0,,0.0,,0.0,,0.0,,0.0,,0.0,,0.0,,0.0,,0.0,,0.0,,0.0,,0.0,0.0,,0.0,0.0,,0.0,0.0,,0.0,0.0,,0.0,0.0,,0.0,0.0,,0.0,0.0,,0.0,0.0,,0.0,0.0,,0.0,0.0,,0.0,0.0,0.0,,0.0,0.0,0.0,,0.0,0.0,0.0,,0.0,0.0,0.0,,0.0,0.0,0.0,,0.0,0.0,0.0,,,,,,,,,,,,,,,,,,,,,,,,,,,,,,,,,,,,,,,,,,,,,,,,,,,,,,,,,,,,,,,,,,,,,,,,,,,,,,,,,,,,,,,,,,,,,,,,,,,,,,,,,,,,,,,,,,,,,,,,,,,,,,,,,,,,,,,,,,,,,,,,,,,,,,,,,,,,,,,,,,,,,,,,,,,,,,,,,,,,,,,,,,,,,,,,,,,,,,,,,,,,,K League 1,0IDCJLlH
KGLz6mmp,SOUTH KOREA,2022,SOUTH KOREA 1,SOUTH KOREA 1,05/05/2022,05:00,Round 10,Seongnam,WMiRgH8G,Jeju SK,vFZJewv4,False,1,2,,,,,,[40],"[19, 28]",bet365,5.0,1.95,2.62,bet365,4.5,2.25,2.25,bet365,4.5,3.3,1.9,bet365,1.53,2.37,bet365,3.75,1.25,bet365,11.0,1.05,bet365,1.33,3.25,bet365,2.62,1.44,bet365,6.5,1.11,bet365,1.1,7.0,bet365,1.44,2.62,bet365,2.5,1.5,bet365,5.0,1.16,bet365,11.0,1.05,bet365,2.2,1.61,bet365,6.5,1.11,bet365,4.33,1.2,bet365,1.8,1.33,1.18,bet365,1.44,1.8,1.14,,0.0,0.0,0.0,bet365,3.25,1.33,,0.0,0.0,,0.0,0.0,bet365,7.5,17.0,29.0,8.5,4.33,4.5,41.0,15.0,3.1,bet365,1.95,1.9,bet365,2.2,1.66,bet365,2.0,1.72,bet365,7.0,bet365,9.5,bet365,5.5,bet365,6.5,bet365,21.0,bet365,7.5,bet365,15.0,bet365,9.5,bet365,21.0,bet365,51.0,bet365,15.0,bet365,41.0,bet365,19.0,bet365,51.0,bet365,41.0,,0.0,0.0,,0.0,0.0,,0.0,0.0,bet365,7.0,1.1,bet365,4.25,1.21,bet365,1.95,1.9,bet365,1.43,2.75,bet365,1.27,3.55,,0.0,0.0,,0.0,0.0,,0.0,0.0,0.0,,0.0,0.0,0.0,bet365,0.0,0.0,3.5,bet365,1.8,3.4,0.0,,0.0,0.0,0.0,,0.0,0.0,0.0,,,,,,,,,,,0.51,0.49,,,,,,,,,,,10.0,14.0,3.0,6.0,7.0,8.0,,,,,,,,,,,,,3.0,3.0,14.0,14.0,16.0,19.0,12.0,13.0,3.0,2.0,,,2.0,1.0,4.0,2.0,,,,,,,,,,,,,,,,,,,,,,,0.49,0.51,,,,,,,,,,,5.0,8.0,1.0,4.0,4.0,4.0,,,,,,,,,,,,,2.0,0.0,5.0,3.0,9.0,11.0,2.0,4.0,1.0,1.0,,,1.0,1.0,2.0,0.0,,,,,,,,,,,,,,,,,,,,,,,0.53,0.47,,,,,,,,,,,5.0,6.0,2.0,2.0,3.0,4.0,,,,,,,,,,,,,1.0,3.0,9.0,11.0,7.0,8.0,10.0,9.0,2.0,1.0,,,1.0,0.0,2.0,2.0,,,,,,,,,,,,,K League 1,0IDCJLlH
CUWb6NsQ,SOUTH KOREA,2022,SOUTH KOREA 1,SOUTH KOREA 1,13/03/2022,07:30,Round 5,Gangwon,A144gewT,Suwon FC,6sXCYRPI,False,0,2,,,,,,[],[],,0.0,0.0,0.0,,0.0,0.0,0.0,,0.0,0.0,0.0,,0.0,0.0,,0.0,0.0,,0.0,0.0,,0.0,0.0,,0.0,0.0,,0.0,0.0,,0.0,0.0,,0.0,0.0,,0.0,0.0,,0.0,0.0,,0.0,0.0,,0.0,0.0,,0.0,0.0,,0.0,0.0,,0.0,0.0,0.0,,0.0,0.0,0.0,,0.0,0.0,0.0,,0.0,0.0,,0.0,0.0,,0.0,0.0,,0.0,0.0,0.0,0.0,0.0,0.0,0.0,0.0,0.0,,0.0,0.0,,0.0,0.0,,0.0,0.0,,0.0,,0.0,,0.0,,0.0,,0.0,,0.0,,0.0,,0.0,,0.0,,0.0,,0.0,,0.0,,0.0,,0.0,,0.0,,0.0,0.0,,0.0,0.0,,0.0,0.0,,0.0,0.0,,0.0,0.0,,0.0,0.0,,0.0,0.0,,0.0,0.0,,0.0,0.0,,0.0,0.0,,0.0,0.0,0.0,,0.0,0.0,0.0,,0.0,0.0,0.0,,0.0,0.0,0.0,,0.0,0.0,0.0,,0.0,0.0,0.0,,,,,,,,,,,,,,,,,,,,,,,,,,,,,,,,,,,,,,,,,,,,,,,,,,,,,,,,,,,,,,,,,,,,,,,,,,,,,,,,,,,,,,,,,,,,,,,,,,,,,,,,,,,,,,,,,,,,,,,,,,,,,,,,,,,,,,,,,,,,,,,,,,,,,,,,,,,,,,,,,,,,,,,,,,,,,,,,,,,,,,,,,,,,,,,,,,,,,,,,,,,,,K League 1,0IDCJLlH
YwYf73SJ,SOUTH KOREA,2022,SOUTH KOREA 1,SOUTH KOREA 1,13/03/2022,05:00,Round 5,Incheon,prJ1QuXA,Gimcheon Sangmu,IaoBca9i,False,1,0,,,,,,[],[],,0.0,0.0,0.0,,0.0,0.0,0.0,,0.0,0.0,0.0,,0.0,0.0,,0.0,0.0,,0.0,0.0,,0.0,0.0,,0.0,0.0,,0.0,0.0,,0.0,0.0,,0.0,0.0,,0.0,0.0,,0.0,0.0,,0.0,0.0,,0.0,0.0,,0.0,0.0,,0.0,0.0,,0.0,0.0,0.0,,0.0,0.0,0.0,,0.0,0.0,0.0,,0.0,0.0,,0.0,0.0,,0.0,0.0,,0.0,0.0,0.0,0.0,0.0,0.0,0.0,0.0,0.0,,0.0,0.0,,0.0,0.0,,0.0,0.0,,0.0,,0.0,,0.0,,0.0,,0.0,,0.0,,0.0,,0.0,,0.0,,0.0,,0.0,,0.0,,0.0,,0.0,,0.0,,0.0,0.0,,0.0,0.0,,0.0,0.0,,0.0,0.0,,0.0,0.0,,0.0,0.0,,0.0,0.0,,0.0,0.0,,0.0,0.0,,0.0,0.0,,0.0,0.0,0.0,,0.0,0.0,0.0,,0.0,0.0,0.0,,0.0,0.0,0.0,,0.0,0.0,0.0,,0.0,0.0,0.0,,,,,,,,,,,,,,,,,,,,,,,,,,,,,,,,,,,,,,,,,,,,,,,,,,,,,,,,,,,,,,,,,,,,,,,,,,,,,,,,,,,,,,,,,,,,,,,,,,,,,,,,,,,,,,,,,,,,,,,,,,,,,,,,,,,,,,,,,,,,,,,,,,,,,,,,,,,,,,,,,,,,,,,,,,,,,,,,,,,,,,,,,,,,,,,,,,,,,,,,,,,,,K League 1,0IDCJLlH
pOvDrKkJ,SOUTH KOREA,2022,SOUTH KOREA 1,SOUTH KOREA 1,12/03/2022,07:30,Round 5,Suwon Bluewings,v5I5PanH,Pohang,KIIIipI5,False,1,1,,,,,,[],[],,0.0,0.0,0.0,,0.0,0.0,0.0,,0.0,0.0,0.0,,0.0,0.0,,0.0,0.0,,0.0,0.0,,0.0,0.0,,0.0,0.0,,0.0,0.0,,0.0,0.0,,0.0,0.0,,0.0,0.0,,0.0,0.0,,0.0,0.0,,0.0,0.0,,0.0,0.0,,0.0,0.0,,0.0,0.0,0.0,,0.0,0.0,0.0,,0.0,0.0,0.0,,0.0,0.0,,0.0,0.0,,0.0,0.0,,0.0,0.0,0.0,0.0,0.0,0.0,0.0,0.0,0.0,,0.0,0.0,,0.0,0.0,,0.0,0.0,,0.0,,0.0,,0.0,,0.0,,0.0,,0.0,,0.0,,0.0,,0.0,,0.0,,0.0,,0.0,,0.0,,0.0,,0.0,,0.0,0.0,,0.0,0.0,,0.0,0.0,,0.0,0.0,,0.0,0.0,,0.0,0.0,,0.0,0.0,,0.0,0.0,,0.0,0.0,,0.0,0.0,,0.0,0.0,0.0,,0.0,0.0,0.0,,0.0,0.0,0.0,,0.0,0.0,0.0,,0.0,0.0,0.0,,0.0,0.0,0.0,,,,,,,,,,,,,,,,,,,,,,,,,,,,,,,,,,,,,,,,,,,,,,,,,,,,,,,,,,,,,,,,,,,,,,,,,,,,,,,,,,,,,,,,,,,,,,,,,,,,,,,,,,,,,,,,,,,,,,,,,,,,,,,,,,,,,,,,,,,,,,,,,,,,,,,,,,,,,,,,,,,,,,,,,,,,,,,,,,,,,,,,,,,,,,,,,,,,,,,,,,,,,K League 1,0IDCJLlH
fkCHCJLd,SOUTH KOREA,2022,SOUTH KOREA 1,SOUTH KOREA 1,05/05/2022,10:00,Round 10,Suwon FC,6sXCYRPI,Incheon,prJ1QuXA,False,2,2,,,,,,"[44, 58]","[41, 90]",bet365,3.0,2.05,4.0,bet365,2.6,2.37,3.4,bet365,2.15,3.2,3.0,bet365,1.44,2.62,bet365,3.25,1.33,bet365,10.0,1.06,bet365,1.28,3.5,bet365,2.25,1.57,bet365,5.5,1.14,bet365,1.06,10.0,bet365,1.33,3.25,bet365,2.07,1.72,bet365,3.75,1.25,bet365,8.0,1.08,bet365,1.83,1.83,bet365,5.5,1.14,bet365,3.75,1.25,bet365,1.33,1.33,1.61,bet365,1.22,1.72,1.36,,0.0,0.0,0.0,bet365,1.57,2.25,,0.0,0.0,,0.0,0.0,bet365,3.75,15.0,34.0,5.5,4.75,7.0,26.0,15.0,5.5,bet365,1.95,1.9,bet365,2.2,1.66,bet365,2.0,1.72,bet365,8.5,bet365,7.0,bet365,8.5,bet365,6.5,bet365,10.0,bet365,15.0,bet365,9.5,bet365,12.0,bet365,17.0,bet365,21.0,bet365,34.0,bet365,19.0,bet365,29.0,bet365,34.0,bet365,41.0,,0.0,0.0,,0.0,0.0,bet365,4.25,1.21,bet365,3.45,1.3,bet365,2.15,1.68,bet365,1.35,3.1,bet365,1.13,6.0,bet365,1.1,7.0,,0.0,0.0,,0.0,0.0,,0.0,0.0,0.0,,0.0,0.0,0.0,bet365,4.33,3.75,0.0,bet365,0.0,0.0,1.61,,0.0,0.0,0.0,,0.0,0.0,0.0,,,,,,,,,,,0.46,0.54,,,,,,,,,,,14.0,10.0,7.0,6.0,7.0,4.0,,,,,,,,,,,,,5.0,7.0,6.0,17.0,22.0,26.0,6.0,11.0,2.0,0.0,,,0.0,5.0,4.0,5.0,,,,,,,,,,,,,,,,,,,,,,,0.5,0.5,,,,,,,,,,,7.0,6.0,3.0,3.0,4.0,3.0,,,,,,,,,,,,,1.0,3.0,8.0,4.0,11.0,15.0,4.0,6.0,,,,,0.0,2.0,2.0,2.0,,,,,,,,,,,,,,,,,,,,,,,0.42,0.58,,,,,,,,,,,7.0,4.0,4.0,3.0,3.0,1.0,,,,,,,,,,,,,4.0,4.0,-2.0,13.0,11.0,11.0,2.0,5.0,2.0,0.0,,,0.0,3.0,2.0,3.0,,,,,,,,,,,,,K League 1,0IDCJLlH
OU3Y8yLL,SOUTH KOREA,2022,SOUTH KOREA 1,SOUTH KOREA 1,08/05/2022,07:30,Round 11,Seoul,8tzeYeHp,Suwon FC,6sXCYRPI,False,3,1,,,,,,"[63, 78, 82]",[67],bet365,2.62,2.2,4.0,bet365,2.3,2.5,3.6,bet365,2.0,3.4,3.8,bet365,1.36,3.0,bet365,2.75,1.4,bet365,8.0,1.08,bet365,1.22,4.0,bet365,2.0,1.72,bet365,4.33,1.2,bet365,1.05,11.0,bet365,1.25,3.75,bet365,1.85,2.0,bet365,3.0,1.36,bet365,6.0,1.12,bet365,1.72,2.0,bet365,4.5,1.18,bet365,3.25,1.33,bet365,1.25,1.3,1.72,bet365,1.22,1.61,1.44,,0.0,0.0,0.0,bet365,1.44,2.62,,0.0,0.0,,0.0,0.0,bet365,3.25,13.0,29.0,5.0,5.5,8.0,23.0,15.0,6.0,bet365,1.95,1.9,bet365,2.1,1.72,bet365,1.9,1.8,bet365,11.0,bet365,8.0,bet365,12.0,bet365,6.5,bet365,10.0,bet365,19.0,bet365,8.5,bet365,13.0,bet365,13.0,bet365,17.0,bet365,41.0,bet365,15.0,bet365,29.0,bet365,26.0,bet365,34.0,,0.0,0.0,bet365,7.0,1.1,bet365,3.7,1.26,bet365,2.85,1.4,bet365,2.05,1.8,bet365,1.3,3.45,bet365,1.1,6.8,bet365,1.1,7.0,,0.0,0.0,,0.0,0.0,,0.0,0.0,0.0,,0.0,0.0,0.0,bet365,3.6,3.75,0.0,bet365,0.0,0.0,1.72,,0.0,0.0,0.0,,0.0,0.0,0.0,,,,,,,,,,,0.76,0.24,,,,,,,,,,,13.0,5.0,5.0,3.0,8.0,2.0,,,,,,,,,,,,,9.0,1.0,11.0,15.0,28.0,12.0,12.0,11.0,2.0,3.0,0.0,1.0,3.0,0.0,2.0,2.0,,,,,,,,,,,,,,,,,,,,,,,0.72,0.28,,,,,,,,,,,7.0,1.0,1.0,0.0,6.0,1.0,,,,,,,,,,,,,2.0,0.0,8.0,8.0,14.0,10.0,6.0,8.0,1.0,2.0,0.0,1.0,2.0,0.0,0.0,1.0,,,,,,,,,,,,,,,,,,,,,,,0.8,0.2,,,,,,,,,,,6.0,4.0,4.0,3.0,2.0,1.0,,,,,,,,,,,,,7.0,1.0,3.0,7.0,14.0,2.0,6.0,3.0,1.0,1.0,,,1.0,0.0,2.0,1.0,,,,,,,,,,,,,K League 1,0IDCJLlH
K2t2ilYj,SOUTH KOREA,2022,SOUTH KOREA 1,SOUTH KOREA 1,06/04/2022,10:30,Round 8,Pohang,KIIIipI5,Suwon FC,6sXCYRPI,False,2,0,,,,,,"[24, 78]",[],bet365,2.87,2.0,4.0,bet365,2.6,2.3,3.5,bet365,2.2,3.1,3.6,bet365,1.5,2.5,bet365,3.4,1.3,bet365,10.0,1.06,bet365,1.28,3.5,bet365,2.37,1.53,bet365,5.5,1.14,bet365,1.08,8.0,bet365,1.4,2.75,bet365,2.35,1.57,bet365,4.33,1.2,bet365,10.0,1.06,bet365,1.9,1.8,bet365,5.5,1.14,bet365,3.75,1.25,bet365,1.28,1.36,1.61,bet365,1.22,1.72,1.4,,0.0,0.0,0.0,bet365,1.5,2.5,,0.0,0.0,,0.0,0.0,bet365,3.6,15.0,34.0,5.0,4.5,7.0,29.0,15.0,5.5,bet365,1.95,1.9,bet365,2.2,1.66,bet365,2.0,1.72,bet365,7.5,bet365,6.5,bet365,9.0,bet365,6.0,bet365,9.5,bet365,17.0,bet365,9.5,bet365,13.0,bet365,15.0,bet365,21.0,bet365,41.0,bet365,19.0,bet365,34.0,bet365,34.0,bet365,41.0,,0.0,0.0,bet365,7.0,1.1,bet365,4.25,1.21,bet365,3.3,1.32,bet365,2.1,1.7,bet365,1.27,3.55,bet365,1.1,7.0,bet365,1.1,7.0,,0.0,0.0,,0.0,0.0,,0.0,0.0,0.0,,0.0,0.0,0.0,bet365,4.33,3.75,0.0,bet365,0.0,0.0,1.61,,0.0,0.0,0.0,,0.0,0.0,0.0,,,,,,,,,,,0.53,0.47,,,,,,,,,,,15.0,5.0,9.0,0.0,6.0,5.0,,,,,,,,,,,,,7.0,5.0,20.0,7.0,20.0,24.0,18.0,7.0,5.0,1.0,,,2.0,0.0,0.0,7.0,,,,,,,,,,,,,,,,,,,,,,,0.57,0.43,,,,,,,,,,,9.0,0.0,5.0,0.0,4.0,0.0,,,,,,,,,,,,,3.0,1.0,2.0,14.0,3.0,4.0,12.0,2.0,1.0,1.0,,,2.0,0.0,0.0,4.0,,,,,,,,,,,,,,,,,,,,,,,0.49,0.51,,,,,,,,,,,6.0,5.0,4.0,0.0,2.0,5.0,,,,,,,,,,,,,4.0,4.0,18.0,-7.0,17.0,20.0,6.0,5.0,4.0,0.0,,,0.0,0.0,0.0,3.0,,,,,,,,,,,,,K League 1,0IDCJLlH
8M7jFCse,SOUTH KOREA,2022,SOUTH KOREA 1,SOUTH KOREA 1,18/05/2022,10:00,Round 13,Pohang,KIIIipI5,Jeonbuk,x0hNfcgA,False,0,1,,,,,,[],[15],bet365,3.4,2.05,3.4,bet365,2.87,2.37,2.87,bet365,2.6,3.1,2.6,bet365,1.44,2.62,bet365,3.25,1.33,bet365,10.0,1.06,bet365,1.28,3.5,bet365,2.25,1.57,bet365,5.5,1.14,bet365,1.07,9.0,bet365,1.33,3.25,bet365,2.1,1.7,bet365,3.75,1.25,bet365,8.0,1.08,bet365,1.83,1.83,bet365,5.5,1.14,bet365,3.5,1.28,bet365,1.5,1.36,1.5,bet365,1.3,1.72,1.3,,0.0,0.0,0.0,bet365,1.83,1.83,,0.0,0.0,,0.0,0.0,bet365,4.33,15.0,29.0,6.0,4.75,6.0,29.0,15.0,4.33,bet365,1.95,1.9,bet365,2.2,1.66,bet365,2.0,1.72,bet365,8.5,bet365,8.0,bet365,8.0,bet365,6.0,bet365,13.0,bet365,13.0,bet365,10.0,bet365,10.0,bet365,15.0,bet365,26.0,bet365,26.0,bet365,23.0,bet365,23.0,bet365,34.0,bet365,34.0,,0.0,0.0,,0.0,0.0,bet365,5.75,1.14,bet365,4.5,1.19,bet365,2.6,1.48,bet365,1.48,2.6,bet365,1.2,4.4,bet365,1.14,5.75,,0.0,0.0,,0.0,0.0,,0.0,0.0,0.0,,0.0,0.0,0.0,bet365,5.5,4.0,5.5,bet365,1.5,4.0,1.44,,0.0,0.0,0.0,,0.0,0.0,0.0,,,,,,,,,,,0.59,0.41,,,,,,,,,,,11.0,3.0,4.0,1.0,7.0,2.0,,,,,,,,,,,,,9.0,3.0,10.0,12.0,8.0,11.0,11.0,10.0,2.0,2.0,,,1.0,0.0,0.0,4.0,,,,,,,,,,,,,,,,,,,,,,,0.53,0.47,,,,,,,,,,,4.0,2.0,1.0,1.0,3.0,1.0,,,,,,,,,,,,,3.0,1.0,5.0,9.0,4.0,6.0,8.0,5.0,1.0,1.0,,,1.0,0.0,0.0,1.0,,,,,,,,,,,,,,,,,,,,,,,0.65,0.35,,,,,,,,,,,7.0,1.0,3.0,0.0,4.0,1.0,,,,,,,,,,,,,6.0,2.0,5.0,3.0,4.0,5.0,3.0,5.0,1.0,1.0,,,0.0,0.0,0.0,3.0,,,,,,,,,,,,,K League 1,0IDCJLlH
A5n0oM50,SOUTH KOREA,2022,SOUTH KOREA 1,SOUTH KOREA 1,11/03/2022,10:00,Round 5,Ulsan HD,EVEwgyOM,Seoul,8tzeYeHp,False,2,1,,,,,,[],[],,0.0,0.0,0.0,,0.0,0.0,0.0,,0.0,0.0,0.0,,0.0,0.0,,0.0,0.0,,0.0,0.0,,0.0,0.0,,0.0,0.0,,0.0,0.0,,0.0,0.0,,0.0,0.0,,0.0,0.0,,0.0,0.0,,0.0,0.0,,0.0,0.0,,0.0,0.0,,0.0,0.0,,0.0,0.0,0.0,,0.0,0.0,0.0,,0.0,0.0,0.0,,0.0,0.0,,0.0,0.0,,0.0,0.0,,0.0,0.0,0.0,0.0,0.0,0.0,0.0,0.0,0.0,,0.0,0.0,,0.0,0.0,,0.0,0.0,,0.0,,0.0,,0.0,,0.0,,0.0,,0.0,,0.0,,0.0,,0.0,,0.0,,0.0,,0.0,,0.0,,0.0,,0.0,,0.0,0.0,,0.0,0.0,,0.0,0.0,,0.0,0.0,,0.0,0.0,,0.0,0.0,,0.0,0.0,,0.0,0.0,,0.0,0.0,,0.0,0.0,,0.0,0.0,0.0,,0.0,0.0,0.0,,0.0,0.0,0.0,,0.0,0.0,0.0,,0.0,0.0,0.0,,0.0,0.0,0.0,,,,,,,,,,,,,,,,,,,,,,,,,,,,,,,,,,,,,,,,,,,,,,,,,,,,,,,,,,,,,,,,,,,,,,,,,,,,,,,,,,,,,,,,,,,,,,,,,,,,,,,,,,,,,,,,,,,,,,,,,,,,,,,,,,,,,,,,,,,,,,,,,,,,,,,,,,,,,,,,,,,,,,,,,,,,,,,,,,,,,,,,,,,,,,,,,,,,,,,,,,,,,K League 1,0IDCJLlH
O8j4ptL6,SOUTH KOREA,2022,SOUTH KOREA 1,SOUTH KOREA 1,11/03/2022,10:00,Round 5,Daegu,SrMQkOnI,Seongnam,WMiRgH8G,False,3,1,,,,,,[],[],,0.0,0.0,0.0,,0.0,0.0,0.0,,0.0,0.0,0.0,,0.0,0.0,,0.0,0.0,,0.0,0.0,,0.0,0.0,,0.0,0.0,,0.0,0.0,,0.0,0.0,,0.0,0.0,,0.0,0.0,,0.0,0.0,,0.0,0.0,,0.0,0.0,,0.0,0.0,,0.0,0.0,,0.0,0.0,0.0,,0.0,0.0,0.0,,0.0,0.0,0.0,,0.0,0.0,,0.0,0.0,,0.0,0.0,,0.0,0.0,0.0,0.0,0.0,0.0,0.0,0.0,0.0,,0.0,0.0,,0.0,0.0,,0.0,0.0,,0.0,,0.0,,0.0,,0.0,,0.0,,0.0,,0.0,,0.0,,0.0,,0.0,,0.0,,0.0,,0.0,,0.0,,0.0,,0.0,0.0,,0.0,0.0,,0.0,0.0,,0.0,0.0,,0.0,0.0,,0.0,0.0,,0.0,0.0,,0.0,0.0,,0.0,0.0,,0.0,0.0,,0.0,0.0,0.0,,0.0,0.0,0.0,,0.0,0.0,0.0,,0.0,0.0,0.0,,0.0,0.0,0.0,,0.0,0.0,0.0,,,,,,,,,,,,,,,,,,,,,,,,,,,,,,,,,,,,,,,,,,,,,,,,,,,,,,,,,,,,,,,,,,,,,,,,,,,,,,,,,,,,,,,,,,,,,,,,,,,,,,,,,,,,,,,,,,,,,,,,,,,,,,,,,,,,,,,,,,,,,,,,,,,,,,,,,,,,,,,,,,,,,,,,,,,,,,,,,,,,,,,,,,,,,,,,,,,,,,,,,,,,,K League 1,0IDCJLlH
AoSFLE4R,SOUTH KOREA,2022,SOUTH KOREA 1,SOUTH KOREA 1,17/05/2022,10:00,Round 13,Suwon Bluewings,v5I5PanH,Gimcheon Sangmu,IaoBca9i,False,2,1,,,,,,"[29, 70]",[90],bet365,3.75,1.9,3.5,bet365,3.2,2.2,3.0,bet365,2.8,2.87,2.55,bet365,1.57,2.25,bet365,3.75,1.25,bet365,13.0,1.04,bet365,1.36,3.0,bet365,2.62,1.44,bet365,7.0,1.1,bet365,1.11,6.5,bet365,1.5,2.5,bet365,2.6,1.47,bet365,5.5,1.14,bet365,13.0,1.04,bet365,2.1,1.66,bet365,6.5,1.11,bet365,4.33,1.2,bet365,1.44,1.36,1.36,bet365,1.28,1.8,1.25,,0.0,0.0,0.0,bet365,1.9,1.8,,0.0,0.0,,0.0,0.0,bet365,4.75,15.0,34.0,6.0,4.0,5.5,34.0,15.0,4.5,bet365,1.95,1.9,bet365,2.3,1.61,bet365,2.0,1.72,bet365,6.5,bet365,7.0,bet365,6.5,bet365,6.0,bet365,13.0,bet365,11.0,bet365,12.0,bet365,11.0,bet365,19.0,bet365,29.0,bet365,26.0,bet365,29.0,bet365,26.0,bet365,41.0,bet365,41.0,,0.0,0.0,,0.0,0.0,bet365,6.4,1.11,bet365,5.5,1.15,bet365,2.75,1.43,bet365,1.48,2.6,bet365,1.17,5.0,bet365,1.13,6.0,,0.0,0.0,,0.0,0.0,,0.0,0.0,0.0,,0.0,0.0,0.0,bet365,0.0,0.0,5.5,bet365,1.44,4.0,0.0,,0.0,0.0,0.0,,0.0,0.0,0.0,,,,,,,,,,,0.4,0.6,,,,,,,,,,,10.0,15.0,4.0,7.0,6.0,8.0,,,,,,,,,,,,,2.0,6.0,15.0,15.0,17.0,19.0,14.0,12.0,2.0,5.0,,,1.0,3.0,6.0,2.0,,,,,,,,,,,,,,,,,,,,,,,0.47,0.53,,,,,,,,,,,6.0,4.0,2.0,0.0,4.0,4.0,,,,,,,,,,,,,1.0,3.0,4.0,7.0,8.0,12.0,7.0,4.0,1.0,1.0,,,0.0,0.0,0.0,1.0,,,,,,,,,,,,,,,,,,,,,,,0.33,0.67,,,,,,,,,,,4.0,11.0,2.0,7.0,2.0,4.0,,,,,,,,,,,,,1.0,3.0,11.0,8.0,9.0,7.0,7.0,8.0,1.0,4.0,,,1.0,3.0,6.0,1.0,,,,,,,,,,,,,K League 1,0IDCJLlH
Grmdn2jf,SOUTH KOREA,2022,SOUTH KOREA 1,SOUTH KOREA 1,06/03/2022,07:30,Round 4,Jeju SK,vFZJewv4,Suwon FC,6sXCYRPI,False,0,0,,,,,,[],[],,0.0,0.0,0.0,,0.0,0.0,0.0,,0.0,0.0,0.0,,0.0,0.0,,0.0,0.0,,0.0,0.0,,0.0,0.0,,0.0,0.0,,0.0,0.0,,0.0,0.0,,0.0,0.0,,0.0,0.0,,0.0,0.0,,0.0,0.0,,0.0,0.0,,0.0,0.0,,0.0,0.0,,0.0,0.0,0.0,,0.0,0.0,0.0,,0.0,0.0,0.0,,0.0,0.0,,0.0,0.0,,0.0,0.0,,0.0,0.0,0.0,0.0,0.0,0.0,0.0,0.0,0.0,,0.0,0.0,,0.0,0.0,,0.0,0.0,,0.0,,0.0,,0.0,,0.0,,0.0,,0.0,,0.0,,0.0,,0.0,,0.0,,0.0,,0.0,,0.0,,0.0,,0.0,,0.0,0.0,,0.0,0.0,,0.0,0.0,,0.0,0.0,,0.0,0.0,,0.0,0.0,,0.0,0.0,,0.0,0.0,,0.0,0.0,,0.0,0.0,,0.0,0.0,0.0,,0.0,0.0,0.0,,0.0,0.0,0.0,,0.0,0.0,0.0,,0.0,0.0,0.0,,0.0,0.0,0.0,,,,,,,,,,,,,,,,,,,,,,,,,,,,,,,,,,,,,,,,,,,,,,,,,,,,,,,,,,,,,,,,,,,,,,,,,,,,,,,,,,,,,,,,,,,,,,,,,,,,,,,,,,,,,,,,,,,,,,,,,,,,,,,,,,,,,,,,,,,,,,,,,,,,,,,,,,,,,,,,,,,,,,,,,,,,,,,,,,,,,,,,,,,,,,,,,,,,,,,,,,,,,K League 1,0IDCJLlH
reU8ATvT,SOUTH KOREA,2022,SOUTH KOREA 1,SOUTH KOREA 1,05/05/2022,05:00,Round 10,Jeonbuk,x0hNfcgA,Seoul,8tzeYeHp,False,1,1,,,,,,[62],[89],bet365,2.6,2.1,4.5,bet365,2.25,2.4,4.0,bet365,1.9,3.4,3.8,bet365,1.44,2.62,bet365,3.25,1.33,bet365,9.0,1.07,bet365,1.25,3.75,bet365,2.2,1.61,bet365,5.0,1.16,bet365,1.06,10.0,bet365,1.3,3.4,bet365,2.0,1.8,bet365,3.5,1.28,bet365,7.0,1.1,bet365,1.83,1.83,bet365,5.5,1.14,bet365,3.75,1.25,bet365,1.25,1.3,1.8,bet365,1.16,1.66,1.5,,0.0,0.0,0.0,bet365,1.4,2.75,,0.0,0.0,,0.0,0.0,bet365,3.1,15.0,34.0,4.75,5.0,8.0,23.0,15.0,6.5,bet365,1.95,1.9,bet365,2.1,1.72,bet365,2.0,1.72,bet365,9.0,bet365,6.5,bet365,10.0,bet365,6.5,bet365,8.5,bet365,19.0,bet365,9.0,bet365,13.0,bet365,17.0,bet365,17.0,bet365,41.0,bet365,17.0,bet365,34.0,bet365,29.0,bet365,41.0,bet365,6.8,1.1,bet365,7.0,1.1,bet365,3.55,1.27,bet365,2.75,1.43,bet365,1.98,1.88,bet365,1.26,3.7,,0.0,0.0,,0.0,0.0,,0.0,0.0,,0.0,0.0,,0.0,0.0,0.0,,0.0,0.0,0.0,bet365,3.5,3.6,0.0,bet365,0.0,0.0,1.8,,0.0,0.0,0.0,,0.0,0.0,0.0,,,,,,,,,,,0.41,0.59,,,,,,,,,,,8.0,8.0,4.0,4.0,4.0,4.0,,,,,,,,,,,,,5.0,5.0,7.0,15.0,6.0,7.0,11.0,7.0,2.0,2.0,,,4.0,0.0,3.0,3.0,,,,,,,,,,,,,,,,,,,,,,,0.34,0.66,,,,,,,,,,,2.0,4.0,1.0,1.0,1.0,3.0,,,,,,,,,,,,,1.0,3.0,2.0,8.0,3.0,2.0,6.0,2.0,,,,,2.0,0.0,1.0,1.0,,,,,,,,,,,,,,,,,,,,,,,0.48,0.52,,,,,,,,,,,6.0,4.0,3.0,3.0,3.0,1.0,,,,,,,,,,,,,4.0,2.0,5.0,7.0,3.0,5.0,5.0,5.0,2.0,2.0,,,2.0,0.0,2.0,2.0,,,,,,,,,,,,,K League 1,0IDCJLlH
S2APAcj9,SOUTH KOREA,2022,SOUTH KOREA 1,SOUTH KOREA 1,08/05/2022,05:00,Round 11,Daegu,SrMQkOnI,Suwon Bluewings,v5I5PanH,False,3,0,,,,,,"[5, 60, 66]",[],bet365,2.87,2.0,4.33,bet365,2.4,2.3,3.75,bet365,2.1,3.3,3.6,bet365,1.5,2.5,bet365,3.4,1.3,bet365,10.0,1.06,bet365,1.3,3.4,bet365,2.5,1.5,bet365,6.0,1.12,bet365,1.07,9.0,bet365,1.4,2.75,bet365,2.25,1.61,bet365,4.33,1.2,bet365,10.0,1.06,bet365,2.0,1.72,bet365,6.0,1.12,bet365,4.0,1.22,bet365,1.28,1.33,1.66,bet365,1.2,1.72,1.4,,0.0,0.0,0.0,bet365,1.5,2.5,,0.0,0.0,,0.0,0.0,bet365,3.5,15.0,34.0,5.0,4.5,7.5,29.0,15.0,6.0,bet365,1.95,1.9,bet365,2.2,1.66,bet365,2.0,1.72,bet365,7.5,bet365,6.5,bet365,9.0,bet365,6.5,bet365,9.0,bet365,17.0,bet365,9.5,bet365,13.0,bet365,17.0,bet365,19.0,bet365,41.0,bet365,19.0,bet365,34.0,bet365,34.0,bet365,41.0,,0.0,0.0,,0.0,0.0,bet365,4.0,1.23,bet365,3.1,1.35,bet365,2.02,1.77,bet365,1.27,3.55,bet365,1.1,7.0,bet365,1.1,7.0,,0.0,0.0,,0.0,0.0,,0.0,0.0,0.0,,0.0,0.0,0.0,bet365,4.0,3.6,0.0,bet365,0.0,0.0,1.66,,0.0,0.0,0.0,,0.0,0.0,0.0,,,,,,,,,,,0.34,0.66,,,,,,,,,,,7.0,10.0,4.0,2.0,3.0,8.0,,,,,,,,,,,,,5.0,6.0,25.0,10.0,12.0,25.0,24.0,8.0,3.0,2.0,,,1.0,2.0,2.0,1.0,,,,,,,,,,,,,,,,,,,,,,,0.43,0.57,,,,,,,,,,,4.0,3.0,2.0,0.0,2.0,3.0,,,,,,,,,,,,,5.0,2.0,4.0,9.0,5.0,11.0,9.0,4.0,1.0,0.0,,,0.0,0.0,0.0,1.0,,,,,,,,,,,,,,,,,,,,,,,0.25,0.75,,,,,,,,,,,3.0,7.0,2.0,2.0,1.0,5.0,,,,,,,,,,,,,0.0,4.0,21.0,1.0,7.0,14.0,15.0,4.0,2.0,2.0,,,1.0,2.0,2.0,0.0,,,,,,,,,,,,,K League 1,0IDCJLlH
h6ydDVfA,SOUTH KOREA,2022,SOUTH KOREA 1,SOUTH KOREA 1,10/04/2022,06:00,Round 9,Suwon FC,6sXCYRPI,Gimcheon Sangmu,IaoBca9i,False,3,2,,,,,,"[29, 45, 55]","[50, 65]",bet365,3.5,2.1,3.1,bet365,3.0,2.4,2.75,bet365,2.9,3.1,2.5,bet365,1.44,2.62,bet365,3.0,1.36,bet365,9.0,1.07,bet365,1.25,3.75,bet365,2.1,1.66,bet365,5.0,1.16,bet365,1.06,10.0,bet365,1.3,3.4,bet365,2.05,1.75,bet365,3.5,1.28,bet365,7.0,1.1,bet365,1.72,2.0,bet365,5.0,1.16,bet365,3.4,1.3,bet365,1.5,1.36,1.4,bet365,1.36,1.66,1.28,,0.0,0.0,0.0,bet365,2.0,1.72,,0.0,0.0,,0.0,0.0,bet365,4.75,15.0,26.0,6.5,5.0,6.0,29.0,13.0,4.0,bet365,1.95,1.9,bet365,2.1,1.72,bet365,2.0,1.72,bet365,9.0,bet365,9.0,bet365,8.5,bet365,6.0,bet365,15.0,bet365,12.0,bet365,11.0,bet365,10.0,bet365,13.0,bet365,29.0,bet365,23.0,bet365,23.0,bet365,21.0,bet365,34.0,bet365,29.0,,0.0,0.0,,0.0,0.0,bet365,6.0,1.13,bet365,5.25,1.16,bet365,2.85,1.4,bet365,1.52,2.42,bet365,1.23,4.0,bet365,1.17,5.0,,0.0,0.0,,0.0,0.0,,0.0,0.0,0.0,,0.0,0.0,0.0,bet365,0.0,0.0,4.75,bet365,1.5,4.0,0.0,,0.0,0.0,0.0,,0.0,0.0,0.0,,,,,,,,,,,0.4,0.6,,,,,,,,,,,12.0,11.0,4.0,6.0,8.0,5.0,,,,,,,,,,,,,6.0,3.0,9.0,12.0,13.0,23.0,9.0,12.0,3.0,1.0,,,0.0,0.0,4.0,1.0,,,,,,,,,,,,,,,,,,,,,,,0.49,0.51,,,,,,,,,,,9.0,2.0,3.0,1.0,6.0,1.0,,,,,,,,,,,,,1.0,0.0,6.0,4.0,5.0,13.0,4.0,6.0,1.0,1.0,,,0.0,0.0,1.0,1.0,,,,,,,,,,,,,,,,,,,,,,,0.31,0.69,,,,,,,,,,,3.0,9.0,1.0,5.0,2.0,4.0,,,,,,,,,,,,,5.0,3.0,3.0,8.0,8.0,10.0,5.0,6.0,2.0,0.0,,,0.0,0.0,3.0,0.0,,,,,,,,,,,,,K League 1,0IDCJLlH
Wx8E0hB4,SOUTH KOREA,2022,SOUTH KOREA 1,SOUTH KOREA 1,03/04/2022,07:30,Round 7,Pohang,KIIIipI5,Seoul,8tzeYeHp,False,1,1,,,,,,[18],[81],bet365,3.25,1.95,4.0,bet365,2.75,2.2,3.4,bet365,2.37,2.9,3.1,bet365,1.57,2.25,bet365,3.75,1.25,bet365,11.0,1.05,bet365,1.33,3.25,bet365,2.62,1.44,bet365,6.5,1.11,bet365,1.11,6.5,bet365,1.5,2.5,bet365,2.5,1.5,bet365,5.0,1.16,bet365,11.0,1.05,bet365,2.1,1.66,bet365,6.0,1.12,bet365,4.0,1.22,bet365,1.36,1.4,1.53,bet365,1.22,1.8,1.33,,0.0,0.0,0.0,bet365,1.61,2.2,,0.0,0.0,,0.0,0.0,bet365,4.0,15.0,34.0,5.5,4.33,6.5,29.0,15.0,5.5,bet365,1.95,1.9,bet365,2.2,1.66,bet365,2.0,1.72,bet365,6.5,bet365,6.5,bet365,7.5,bet365,6.0,bet365,10.0,bet365,15.0,bet365,10.0,bet365,12.0,bet365,17.0,bet365,23.0,bet365,34.0,bet365,23.0,bet365,29.0,bet365,41.0,bet365,41.0,,0.0,0.0,,0.0,0.0,bet365,5.25,1.16,bet365,4.0,1.23,bet365,2.35,1.58,bet365,1.35,3.1,bet365,1.12,6.25,bet365,1.1,7.0,,0.0,0.0,,0.0,0.0,,0.0,0.0,0.0,,0.0,0.0,0.0,bet365,5.0,3.75,0.0,bet365,0.0,0.0,1.53,,0.0,0.0,0.0,,0.0,0.0,0.0,,,,,,,,,,,0.33,0.67,,,,,,,,,,,10.0,5.0,6.0,3.0,4.0,2.0,,,,,,,,,,,,,3.0,2.0,17.0,14.0,19.0,23.0,17.0,13.0,0.0,3.0,,,0.0,1.0,2.0,5.0,,,,,,,,,,,,,,,,,,,,,,,0.31,0.69,,,,,,,,,,,3.0,1.0,3.0,0.0,0.0,1.0,,,,,,,,,,,,,2.0,1.0,8.0,10.0,9.0,11.0,10.0,8.0,0.0,2.0,,,0.0,0.0,0.0,2.0,,,,,,,,,,,,,,,,,,,,,,,0.35,0.65,,,,,,,,,,,7.0,4.0,3.0,3.0,4.0,1.0,,,,,,,,,,,,,1.0,1.0,9.0,4.0,10.0,12.0,7.0,5.0,0.0,1.0,,,0.0,1.0,2.0,3.0,,,,,,,,,,,,,K League 1,0IDCJLlH
EFxhEBu4,SOUTH KOREA,2022,SOUTH KOREA 1,SOUTH KOREA 1,10/04/2022,05:00,Round 9,Gangwon,A144gewT,Pohang,KIIIipI5,False,1,1,,,,,,[74],[50],bet365,3.75,2.0,3.1,bet365,3.2,2.3,2.75,bet365,3.1,3.2,2.37,bet365,1.5,2.5,bet365,3.4,1.3,bet365,10.0,1.06,bet365,1.28,3.5,bet365,2.37,1.53,bet365,5.5,1.14,bet365,1.07,9.0,bet365,1.36,3.0,bet365,2.2,1.65,bet365,4.0,1.22,bet365,9.0,1.07,bet365,1.9,1.8,bet365,5.5,1.14,bet365,3.75,1.25,bet365,1.53,1.36,1.36,bet365,1.36,1.72,1.25,,0.0,0.0,0.0,bet365,2.1,1.66,,0.0,0.0,,0.0,0.0,bet365,5.0,15.0,29.0,6.5,4.5,5.5,34.0,15.0,4.0,bet365,1.95,1.9,bet365,2.2,1.66,bet365,2.0,1.72,bet365,8.0,bet365,8.5,bet365,7.0,bet365,6.0,bet365,15.0,bet365,11.0,bet365,12.0,bet365,10.0,bet365,15.0,bet365,34.0,bet365,23.0,bet365,26.0,bet365,21.0,bet365,41.0,bet365,34.0,,0.0,0.0,,0.0,0.0,bet365,7.0,1.1,bet365,5.9,1.13,bet365,3.0,1.38,bet365,1.6,2.3,bet365,1.26,3.7,bet365,1.18,4.65,,0.0,0.0,,0.0,0.0,,0.0,0.0,0.0,,0.0,0.0,0.0,bet365,0.0,0.0,4.75,bet365,1.53,3.75,0.0,,0.0,0.0,0.0,,0.0,0.0,0.0,,,,,,,,,,,0.4,0.6,,,,,,,,,,,8.0,9.0,2.0,5.0,6.0,4.0,,,,,,,,,,,,,2.0,2.0,10.0,16.0,21.0,33.0,11.0,10.0,2.0,1.0,,,5.0,0.0,4.0,1.0,,,,,,,,,,,,,,,,,,,,,,,0.31,0.69,,,,,,,,,,,3.0,3.0,0.0,0.0,3.0,3.0,,,,,,,,,,,,,1.0,0.0,4.0,9.0,9.0,19.0,7.0,4.0,1.0,0.0,,,2.0,0.0,0.0,0.0,,,,,,,,,,,,,,,,,,,,,,,0.49,0.51,,,,,,,,,,,5.0,6.0,2.0,5.0,3.0,1.0,,,,,,,,,,,,,1.0,2.0,6.0,7.0,12.0,14.0,4.0,6.0,1.0,1.0,,,3.0,0.0,4.0,1.0,,,,,,,,,,,,,K League 1,0IDCJLlH
0dSLfQrE,SOUTH KOREA,2022,SOUTH KOREA 1,SOUTH KOREA 1,05/03/2022,05:00,Round 4,Seongnam,WMiRgH8G,Suwon Bluewings,v5I5PanH,False,2,2,,,,,,[],[],,0.0,0.0,0.0,,0.0,0.0,0.0,,0.0,0.0,0.0,,0.0,0.0,,0.0,0.0,,0.0,0.0,,0.0,0.0,,0.0,0.0,,0.0,0.0,,0.0,0.0,,0.0,0.0,,0.0,0.0,,0.0,0.0,,0.0,0.0,,0.0,0.0,,0.0,0.0,,0.0,0.0,,0.0,0.0,0.0,,0.0,0.0,0.0,,0.0,0.0,0.0,,0.0,0.0,,0.0,0.0,,0.0,0.0,,0.0,0.0,0.0,0.0,0.0,0.0,0.0,0.0,0.0,,0.0,0.0,,0.0,0.0,,0.0,0.0,,0.0,,0.0,,0.0,,0.0,,0.0,,0.0,,0.0,,0.0,,0.0,,0.0,,0.0,,0.0,,0.0,,0.0,,0.0,,0.0,0.0,,0.0,0.0,,0.0,0.0,,0.0,0.0,,0.0,0.0,,0.0,0.0,,0.0,0.0,,0.0,0.0,,0.0,0.0,,0.0,0.0,,0.0,0.0,0.0,,0.0,0.0,0.0,,0.0,0.0,0.0,,0.0,0.0,0.0,,0.0,0.0,0.0,,0.0,0.0,0.0,,,,,,,,,,,,,,,,,,,,,,,,,,,,,,,,,,,,,,,,,,,,,,,,,,,,,,,,,,,,,,,,,,,,,,,,,,,,,,,,,,,,,,,,,,,,,,,,,,,,,,,,,,,,,,,,,,,,,,,,,,,,,,,,,,,,,,,,,,,,,,,,,,,,,,,,,,,,,,,,,,,,,,,,,,,,,,,,,,,,,,,,,,,,,,,,,,,,,,,,,,,,,K League 1,0IDCJLlH
bilwWt6D,SOUTH KOREA,2022,SOUTH KOREA 1,SOUTH KOREA 1,02/03/2022,10:30,Round 3,Daegu,SrMQkOnI,Gimcheon Sangmu,IaoBca9i,False,1,0,,,,,,[],[],,0.0,0.0,0.0,,0.0,0.0,0.0,,0.0,0.0,0.0,,0.0,0.0,,0.0,0.0,,0.0,0.0,,0.0,0.0,,0.0,0.0,,0.0,0.0,,0.0,0.0,,0.0,0.0,,0.0,0.0,,0.0,0.0,,0.0,0.0,,0.0,0.0,,0.0,0.0,,0.0,0.0,,0.0,0.0,0.0,,0.0,0.0,0.0,,0.0,0.0,0.0,,0.0,0.0,,0.0,0.0,,0.0,0.0,,0.0,0.0,0.0,0.0,0.0,0.0,0.0,0.0,0.0,,0.0,0.0,,0.0,0.0,,0.0,0.0,,0.0,,0.0,,0.0,,0.0,,0.0,,0.0,,0.0,,0.0,,0.0,,0.0,,0.0,,0.0,,0.0,,0.0,,0.0,,0.0,0.0,,0.0,0.0,,0.0,0.0,,0.0,0.0,,0.0,0.0,,0.0,0.0,,0.0,0.0,,0.0,0.0,,0.0,0.0,,0.0,0.0,,0.0,0.0,0.0,,0.0,0.0,0.0,,0.0,0.0,0.0,,0.0,0.0,0.0,,0.0,0.0,0.0,,0.0,0.0,0.0,,,,,,,,,,,,,,,,,,,,,,,,,,,,,,,,,,,,,,,,,,,,,,,,,,,,,,,,,,,,,,,,,,,,,,,,,,,,,,,,,,,,,,,,,,,,,,,,,,,,,,,,,,,,,,,,,,,,,,,,,,,,,,,,,,,,,,,,,,,,,,,,,,,,,,,,,,,,,,,,,,,,,,,,,,,,,,,,,,,,,,,,,,,,,,,,,,,,,,,,,,,,,K League 1,0IDCJLlH
jRpVX2y1,SOUTH KOREA,2022,SOUTH KOREA 1,SOUTH KOREA 1,01/03/2022,07:30,Round 3,Gangwon,A144gewT,Incheon,prJ1QuXA,False,0,1,,,,,,[],[],,0.0,0.0,0.0,,0.0,0.0,0.0,,0.0,0.0,0.0,,0.0,0.0,,0.0,0.0,,0.0,0.0,,0.0,0.0,,0.0,0.0,,0.0,0.0,,0.0,0.0,,0.0,0.0,,0.0,0.0,,0.0,0.0,,0.0,0.0,,0.0,0.0,,0.0,0.0,,0.0,0.0,,0.0,0.0,0.0,,0.0,0.0,0.0,,0.0,0.0,0.0,,0.0,0.0,,0.0,0.0,,0.0,0.0,,0.0,0.0,0.0,0.0,0.0,0.0,0.0,0.0,0.0,,0.0,0.0,,0.0,0.0,,0.0,0.0,,0.0,,0.0,,0.0,,0.0,,0.0,,0.0,,0.0,,0.0,,0.0,,0.0,,0.0,,0.0,,0.0,,0.0,,0.0,,0.0,0.0,,0.0,0.0,,0.0,0.0,,0.0,0.0,,0.0,0.0,,0.0,0.0,,0.0,0.0,,0.0,0.0,,0.0,0.0,,0.0,0.0,,0.0,0.0,0.0,,0.0,0.0,0.0,,0.0,0.0,0.0,,0.0,0.0,0.0,,0.0,0.0,0.0,,0.0,0.0,0.0,,,,,,,,,,,,,,,,,,,,,,,,,,,,,,,,,,,,,,,,,,,,,,,,,,,,,,,,,,,,,,,,,,,,,,,,,,,,,,,,,,,,,,,,,,,,,,,,,,,,,,,,,,,,,,,,,,,,,,,,,,,,,,,,,,,,,,,,,,,,,,,,,,,,,,,,,,,,,,,,,,,,,,,,,,,,,,,,,,,,,,,,,,,,,,,,,,,,,,,,,,,,,K League 1,0IDCJLlH
S41NbWuH,SOUTH KOREA,2022,SOUTH KOREA 1,SOUTH KOREA 1,05/04/2022,10:30,Round 8,Daegu,SrMQkOnI,Incheon,prJ1QuXA,False,1,2,,,,,,[86],"[45, 90]",bet365,3.4,1.95,3.75,bet365,2.87,2.2,3.2,bet365,2.55,3.0,3.0,bet365,1.57,2.25,bet365,3.75,1.25,bet365,11.0,1.05,bet365,1.33,3.25,bet365,2.62,1.44,bet365,6.5,1.11,bet365,1.1,7.0,bet365,1.5,2.5,bet365,2.5,1.5,bet365,5.0,1.16,bet365,11.0,1.05,bet365,2.1,1.66,bet365,6.0,1.12,bet365,4.0,1.22,bet365,1.36,1.36,1.5,bet365,1.25,1.8,1.3,,0.0,0.0,0.0,bet365,1.72,2.0,,0.0,0.0,,0.0,0.0,bet365,4.33,15.0,34.0,5.5,4.33,6.5,34.0,15.0,5.0,bet365,1.95,1.9,bet365,2.2,1.66,bet365,2.0,1.72,bet365,6.5,bet365,6.5,bet365,7.5,bet365,6.0,bet365,11.0,bet365,13.0,bet365,11.0,bet365,12.0,bet365,17.0,bet365,26.0,bet365,34.0,bet365,23.0,bet365,29.0,bet365,41.0,bet365,41.0,,0.0,0.0,,0.0,0.0,bet365,5.75,1.14,bet365,4.4,1.2,bet365,2.5,1.5,bet365,1.4,2.85,bet365,1.14,5.75,bet365,1.1,6.8,,0.0,0.0,,0.0,0.0,,0.0,0.0,0.0,,0.0,0.0,0.0,bet365,5.5,4.0,0.0,bet365,0.0,0.0,1.5,,0.0,0.0,0.0,,0.0,0.0,0.0,,,,,,,,,,,0.53,0.47,,,,,,,,,,,10.0,7.0,3.0,3.0,7.0,4.0,,,,,,,,,,,,,3.0,6.0,18.0,11.0,31.0,21.0,17.0,10.0,2.0,1.0,0.0,1.0,1.0,1.0,1.0,2.0,,,,,,,,,,,,,,,,,,,,,,,0.5,0.5,,,,,,,,,,,1.0,4.0,1.0,1.0,0.0,3.0,,,,,,,,,,,,,2.0,2.0,5.0,9.0,14.0,13.0,9.0,5.0,1.0,0.0,0.0,1.0,0.0,0.0,0.0,1.0,,,,,,,,,,,,,,,,,,,,,,,0.56,0.44,,,,,,,,,,,9.0,3.0,2.0,2.0,7.0,1.0,,,,,,,,,,,,,1.0,4.0,13.0,2.0,17.0,8.0,8.0,5.0,1.0,1.0,,,1.0,1.0,1.0,1.0,,,,,,,,,,,,,K League 1,0IDCJLlH
E1cJaCQA,SOUTH KOREA,2022,SOUTH KOREA 1,SOUTH KOREA 1,05/04/2022,10:00,Round 8,Suwon Bluewings,v5I5PanH,Jeonbuk,x0hNfcgA,False,0,1,,,,,,[],[77],bet365,4.0,1.95,3.0,bet365,3.6,2.25,2.6,bet365,3.3,3.2,2.2,bet365,1.53,2.37,bet365,3.5,1.28,bet365,11.0,1.05,bet365,1.33,3.25,bet365,2.5,1.5,bet365,6.5,1.11,bet365,1.08,8.0,bet365,1.44,2.62,bet365,2.4,1.53,bet365,4.5,1.18,bet365,11.0,1.05,bet365,2.1,1.66,bet365,6.0,1.12,bet365,4.0,1.22,bet365,1.61,1.36,1.33,bet365,1.36,1.8,1.22,,0.0,0.0,0.0,bet365,2.25,1.57,,0.0,0.0,,0.0,0.0,bet365,5.5,15.0,29.0,7.0,4.33,5.0,34.0,15.0,3.75,bet365,1.95,1.9,bet365,2.2,1.66,bet365,2.0,1.72,bet365,7.0,bet365,8.0,bet365,6.0,bet365,6.0,bet365,15.0,bet365,9.5,bet365,12.0,bet365,9.5,bet365,19.0,bet365,41.0,bet365,21.0,bet365,34.0,bet365,21.0,bet365,41.0,bet365,34.0,,0.0,0.0,,0.0,0.0,bet365,7.0,1.1,bet365,6.6,1.11,bet365,3.3,1.32,bet365,1.65,2.2,bet365,1.27,3.55,bet365,1.19,4.5,,0.0,0.0,,0.0,0.0,,0.0,0.0,0.0,,0.0,0.0,0.0,bet365,0.0,0.0,4.5,bet365,1.61,3.6,0.0,,0.0,0.0,0.0,,0.0,0.0,0.0,,,,,,,,,,,0.36,0.64,,,,,,,,,,,7.0,7.0,0.0,3.0,7.0,4.0,,,,,,,,,,,,,2.0,5.0,17.0,16.0,11.0,22.0,15.0,13.0,2.0,2.0,,,2.0,3.0,2.0,0.0,,,,,,,,,,,,,,,,,,,,,,,0.33,0.67,,,,,,,,,,,3.0,3.0,0.0,1.0,3.0,2.0,,,,,,,,,,,,,1.0,2.0,9.0,9.0,4.0,7.0,7.0,8.0,0.0,1.0,,,2.0,1.0,1.0,0.0,,,,,,,,,,,,,,,,,,,,,,,0.39,0.61,,,,,,,,,,,4.0,4.0,0.0,2.0,4.0,2.0,,,,,,,,,,,,,1.0,3.0,8.0,7.0,7.0,15.0,8.0,5.0,2.0,1.0,,,0.0,2.0,1.0,0.0,,,,,,,,,,,,,K League 1,0IDCJLlH
hn9A1Yeb,SOUTH KOREA,2022,SOUTH KOREA 1,SOUTH KOREA 1,03/04/2022,05:00,Round 7,Suwon FC,6sXCYRPI,Seongnam,WMiRgH8G,False,3,4,,,,,,"[39, 54, 74]","[4, 45, 60, 87]",bet365,3.5,1.9,3.75,bet365,3.0,2.1,3.2,bet365,2.6,2.9,2.87,bet365,1.61,2.2,bet365,4.0,1.22,bet365,13.0,1.04,bet365,1.36,3.0,bet365,2.75,1.4,bet365,7.0,1.1,bet365,1.12,6.0,bet365,1.53,2.37,bet365,2.7,1.44,bet365,5.5,1.14,bet365,13.0,1.04,bet365,2.2,1.61,bet365,6.5,1.11,bet365,4.33,1.2,bet365,1.4,1.4,1.5,bet365,1.25,1.8,1.28,,0.0,0.0,0.0,bet365,1.8,1.9,,0.0,0.0,,0.0,0.0,bet365,4.5,15.0,34.0,5.5,4.0,6.0,34.0,15.0,5.0,bet365,1.95,1.9,bet365,2.3,1.61,bet365,2.0,1.72,bet365,6.0,bet365,6.5,bet365,6.5,bet365,6.0,bet365,11.0,bet365,12.0,bet365,11.0,bet365,12.0,bet365,19.0,bet365,26.0,bet365,29.0,bet365,26.0,bet365,29.0,bet365,41.0,bet365,41.0,,0.0,0.0,,0.0,0.0,bet365,6.25,1.12,bet365,5.0,1.17,bet365,2.6,1.48,bet365,1.43,2.75,bet365,1.15,5.5,bet365,1.11,6.6,,0.0,0.0,,0.0,0.0,,0.0,0.0,0.0,,0.0,0.0,0.0,bet365,6.0,4.0,0.0,bet365,0.0,0.0,1.5,,0.0,0.0,0.0,,0.0,0.0,0.0,,,,,,,,,,,0.53,0.47,,,,,,,,,,,13.0,14.0,8.0,10.0,5.0,4.0,,,,,,,,,,,,,2.0,4.0,14.0,14.0,23.0,16.0,14.0,12.0,1.0,2.0,,,0.0,2.0,6.0,5.0,,,,,,,,,,,,,,,,,,,,,,,0.45,0.55,,,,,,,,,,,5.0,6.0,3.0,5.0,2.0,1.0,,,,,,,,,,,,,0.0,1.0,7.0,7.0,4.0,1.0,7.0,6.0,0.0,1.0,,,0.0,1.0,3.0,2.0,,,,,,,,,,,,,,,,,,,,,,,0.61,0.39,,,,,,,,,,,8.0,8.0,5.0,5.0,3.0,3.0,,,,,,,,,,,,,2.0,3.0,7.0,7.0,19.0,15.0,7.0,6.0,1.0,1.0,,,0.0,1.0,3.0,3.0,,,,,,,,,,,,,K League 1,0IDCJLlH
0IaVdAAT,SOUTH KOREA,2022,SOUTH KOREA 1,SOUTH KOREA 1,06/04/2022,10:00,Round 8,Seongnam,WMiRgH8G,Gimcheon Sangmu,IaoBca9i,False,0,3,,,,,,[],"[9, 45, 57]",bet365,4.0,1.9,3.5,bet365,3.25,2.1,3.0,bet365,3.0,2.9,2.55,bet365,1.61,2.2,bet365,4.0,1.22,bet365,13.0,1.04,bet365,1.36,3.0,bet365,2.75,1.4,bet365,8.0,1.08,bet365,1.11,6.5,bet365,1.53,2.37,bet365,2.7,1.44,bet365,5.5,1.14,bet365,13.0,1.04,bet365,2.2,1.61,bet365,6.5,1.11,bet365,4.33,1.2,bet365,1.5,1.4,1.36,bet365,1.28,1.8,1.22,,0.0,0.0,0.0,bet365,2.0,1.72,,0.0,0.0,,0.0,0.0,bet365,5.0,15.0,34.0,6.0,4.0,5.5,34.0,15.0,4.33,bet365,1.95,1.9,bet365,2.3,1.61,bet365,2.0,1.72,bet365,6.0,bet365,7.0,bet365,6.0,bet365,6.0,bet365,13.0,bet365,11.0,bet365,12.0,bet365,11.0,bet365,19.0,bet365,34.0,bet365,26.0,bet365,29.0,bet365,26.0,bet365,41.0,bet365,41.0,,0.0,0.0,,0.0,0.0,bet365,7.0,1.1,bet365,5.9,1.13,bet365,2.85,1.4,bet365,1.5,2.5,bet365,1.19,4.5,bet365,1.13,5.9,,0.0,0.0,,0.0,0.0,,0.0,0.0,0.0,,0.0,0.0,0.0,bet365,0.0,0.0,5.5,bet365,1.5,3.75,0.0,,0.0,0.0,0.0,,0.0,0.0,0.0,,,,,,,,,,,0.53,0.47,,,,,,,,,,,15.0,10.0,4.0,4.0,11.0,6.0,,,,,,,,,,,,,10.0,3.0,8.0,14.0,24.0,17.0,7.0,12.0,1.0,3.0,,,1.0,2.0,1.0,4.0,,,,,,,,,,,,,,,,,,,,,,,0.53,0.47,,,,,,,,,,,6.0,6.0,1.0,2.0,5.0,4.0,,,,,,,,,,,,,5.0,0.0,6.0,3.0,12.0,7.0,3.0,5.0,0.0,1.0,,,0.0,1.0,0.0,1.0,,,,,,,,,,,,,,,,,,,,,,,0.53,0.47,,,,,,,,,,,9.0,4.0,3.0,2.0,6.0,2.0,,,,,,,,,,,,,5.0,3.0,2.0,11.0,12.0,10.0,4.0,7.0,1.0,2.0,,,1.0,1.0,1.0,3.0,,,,,,,,,,,,,K League 1,0IDCJLlH
O8CZaLKg,SOUTH KOREA,2022,SOUTH KOREA 1,SOUTH KOREA 1,19/03/2022,10:00,Round 6,Jeonbuk,x0hNfcgA,Gimcheon Sangmu,IaoBca9i,False,1,1,,,,,,[70],[32],bet365,2.6,2.1,4.75,bet365,2.2,2.4,4.0,bet365,1.85,3.4,4.0,bet365,1.44,2.62,bet365,3.25,1.33,bet365,9.0,1.07,bet365,1.25,3.75,bet365,2.2,1.61,bet365,5.0,1.16,bet365,1.07,9.0,bet365,1.33,3.25,bet365,2.07,1.72,bet365,3.75,1.25,bet365,8.0,1.08,bet365,1.9,1.8,bet365,5.5,1.14,bet365,3.75,1.25,bet365,1.22,1.3,1.83,bet365,1.16,1.66,1.5,,0.0,0.0,0.0,bet365,1.36,3.0,,0.0,0.0,,0.0,0.0,bet365,3.1,15.0,34.0,4.75,5.0,8.5,23.0,15.0,7.0,bet365,1.95,1.9,bet365,2.1,1.72,bet365,2.0,1.72,bet365,9.0,bet365,6.5,bet365,11.0,bet365,6.5,bet365,8.5,bet365,21.0,bet365,8.5,bet365,13.0,bet365,17.0,bet365,15.0,bet365,41.0,bet365,17.0,bet365,34.0,bet365,29.0,bet365,41.0,,0.0,0.0,bet365,6.6,1.11,bet365,3.45,1.3,bet365,2.67,1.45,bet365,1.9,1.95,bet365,1.24,3.9,,0.0,0.0,,0.0,0.0,,0.0,0.0,,0.0,0.0,,0.0,0.0,0.0,,0.0,0.0,0.0,bet365,3.4,3.6,0.0,bet365,0.0,0.0,1.83,,0.0,0.0,0.0,,0.0,0.0,0.0,,,,,,,,,,,0.58,0.42,,,,,,,,,,,18.0,8.0,14.0,4.0,4.0,4.0,,,,,,,,,,,,,7.0,1.0,21.0,6.0,24.0,8.0,20.0,5.0,0.0,2.0,,,1.0,1.0,3.0,13.0,,,,,,,,,,,,,,,,,,,,,,,0.5,0.5,,,,,,,,,,,5.0,3.0,4.0,2.0,1.0,1.0,,,,,,,,,,,,,4.0,1.0,3.0,10.0,6.0,3.0,10.0,2.0,0.0,1.0,,,0.0,1.0,1.0,4.0,,,,,,,,,,,,,,,,,,,,,,,0.66,0.34,,,,,,,,,,,13.0,5.0,10.0,2.0,3.0,3.0,,,,,,,,,,,,,3.0,0.0,18.0,-4.0,18.0,5.0,10.0,3.0,0.0,1.0,,,1.0,0.0,2.0,9.0,,,,,,,,,,,,,K League 1,0IDCJLlH
2aBwauz0,SOUTH KOREA,2022,SOUTH KOREA 1,SOUTH KOREA 1,20/03/2022,05:00,Round 6,Suwon FC,6sXCYRPI,Daegu,SrMQkOnI,False,4,3,,,,,,"[12, 33, 47, 84]","[4, 26, 54]",bet365,3.1,1.95,4.0,bet365,2.62,2.25,3.5,bet365,2.2,3.2,3.1,bet365,1.53,2.37,bet365,3.5,1.28,bet365,11.0,1.05,bet365,1.33,3.25,bet365,2.5,1.5,bet365,6.5,1.11,bet365,1.08,7.5,bet365,1.44,2.62,bet365,2.4,1.53,bet365,4.5,1.18,bet365,11.0,1.05,bet365,2.1,1.66,bet365,6.0,1.12,bet365,4.0,1.22,bet365,1.36,1.36,1.61,bet365,1.22,1.8,1.36,,0.0,0.0,0.0,bet365,1.61,2.2,,0.0,0.0,,0.0,0.0,bet365,3.75,15.0,34.0,5.0,4.33,7.0,29.0,15.0,5.5,bet365,1.95,1.9,bet365,2.2,1.66,bet365,2.0,1.72,bet365,7.5,bet365,6.5,bet365,7.5,bet365,6.5,bet365,9.5,bet365,15.0,bet365,10.0,bet365,12.0,bet365,19.0,bet365,21.0,bet365,34.0,bet365,21.0,bet365,29.0,bet365,41.0,bet365,41.0,,0.0,0.0,,0.0,0.0,bet365,4.65,1.18,bet365,3.7,1.26,bet365,2.25,1.63,bet365,1.38,3.0,bet365,1.12,6.25,bet365,1.1,7.0,,0.0,0.0,,0.0,0.0,,0.0,0.0,0.0,,0.0,0.0,0.0,bet365,4.5,3.6,0.0,bet365,0.0,0.0,1.61,,0.0,0.0,0.0,,0.0,0.0,0.0,,,,,,,,,,,0.54,0.46,,,,,,,,,,,13.0,12.0,8.0,6.0,5.0,6.0,,,,,,,,,,,,,3.0,3.0,12.0,19.0,,,11.0,18.0,1.0,2.0,,,1.0,1.0,3.0,4.0,,,,,,,,,,,,,,,,,,,,,,,0.53,0.47,,,,,,,,,,,5.0,4.0,3.0,3.0,2.0,1.0,,,,,,,,,,,,,3.0,0.0,8.0,6.0,,,5.0,8.0,0.0,1.0,,,1.0,0.0,1.0,1.0,,,,,,,,,,,,,,,,,,,,,,,0.55,0.45,,,,,,,,,,,8.0,8.0,5.0,3.0,3.0,5.0,,,,,,,,,,,,,0.0,3.0,4.0,13.0,,,6.0,10.0,1.0,1.0,,,0.0,1.0,2.0,3.0,,,,,,,,,,,,,K League 1,0IDCJLlH
Kz6rbak6,SOUTH KOREA,2022,SOUTH KOREA 1,SOUTH KOREA 1,27/03/2022,05:00,Round 6,Ulsan HD,EVEwgyOM,Pohang,KIIIipI5,False,2,0,,,,,,"[71, 87]",[],bet365,3.4,2.0,3.4,bet365,3.0,2.3,3.0,bet365,2.7,3.1,2.7,bet365,1.5,2.5,bet365,3.4,1.3,bet365,10.0,1.06,bet365,1.28,3.5,bet365,2.25,1.57,bet365,5.5,1.14,bet365,1.08,8.0,bet365,1.36,3.0,bet365,2.25,1.61,bet365,4.0,1.22,bet365,9.0,1.07,bet365,1.83,1.83,bet365,5.5,1.14,bet365,3.75,1.25,bet365,1.44,1.36,1.44,bet365,1.3,1.72,1.3,,0.0,0.0,0.0,bet365,1.83,1.83,,0.0,0.0,,0.0,0.0,bet365,4.5,15.0,29.0,6.0,4.5,6.0,29.0,15.0,4.5,bet365,1.95,1.9,bet365,2.2,1.66,bet365,2.0,1.72,bet365,8.0,bet365,7.5,bet365,7.5,bet365,6.0,bet365,12.0,bet365,12.0,bet365,11.0,bet365,11.0,bet365,15.0,bet365,26.0,bet365,26.0,bet365,23.0,bet365,23.0,bet365,34.0,bet365,34.0,,0.0,0.0,,0.0,0.0,bet365,5.9,1.13,bet365,4.65,1.18,bet365,2.6,1.48,bet365,1.48,2.6,bet365,1.18,4.65,bet365,1.13,5.9,,0.0,0.0,,0.0,0.0,,0.0,0.0,0.0,,0.0,0.0,0.0,bet365,5.5,4.0,5.5,bet365,1.44,4.0,1.5,,0.0,0.0,0.0,,0.0,0.0,0.0,,,,,,,,,,,0.52,0.48,,,,,,,,,,,11.0,5.0,8.0,3.0,3.0,2.0,,,,,,,,,,,,,4.0,5.0,13.0,12.0,13.0,9.0,12.0,13.0,3.0,3.0,,,0.0,0.0,3.0,6.0,,,,,,,,,,,,,,,,,,,,,,,0.48,0.52,,,,,,,,,,,6.0,2.0,4.0,1.0,2.0,1.0,,,,,,,,,,,,,3.0,1.0,6.0,8.0,5.0,5.0,8.0,6.0,1.0,0.0,,,0.0,0.0,1.0,4.0,,,,,,,,,,,,,,,,,,,,,,,0.56,0.44,,,,,,,,,,,5.0,3.0,4.0,2.0,1.0,1.0,,,,,,,,,,,,,1.0,4.0,7.0,4.0,8.0,4.0,4.0,7.0,2.0,3.0,,,0.0,0.0,2.0,2.0,,,,,,,,,,,,,K League 1,0IDCJLlH
4UCss7EE,SOUTH KOREA,2022,SOUTH KOREA 1,SOUTH KOREA 1,26/02/2022,07:30,Round 2,Seongnam,WMiRgH8G,Ulsan HD,EVEwgyOM,False,0,2,,,,,,[],[],,0.0,0.0,0.0,,0.0,0.0,0.0,,0.0,0.0,0.0,,0.0,0.0,,0.0,0.0,,0.0,0.0,,0.0,0.0,,0.0,0.0,,0.0,0.0,,0.0,0.0,,0.0,0.0,,0.0,0.0,,0.0,0.0,,0.0,0.0,,0.0,0.0,,0.0,0.0,,0.0,0.0,,0.0,0.0,0.0,,0.0,0.0,0.0,,0.0,0.0,0.0,,0.0,0.0,,0.0,0.0,,0.0,0.0,,0.0,0.0,0.0,0.0,0.0,0.0,0.0,0.0,0.0,,0.0,0.0,,0.0,0.0,,0.0,0.0,,0.0,,0.0,,0.0,,0.0,,0.0,,0.0,,0.0,,0.0,,0.0,,0.0,,0.0,,0.0,,0.0,,0.0,,0.0,,0.0,0.0,,0.0,0.0,,0.0,0.0,,0.0,0.0,,0.0,0.0,,0.0,0.0,,0.0,0.0,,0.0,0.0,,0.0,0.0,,0.0,0.0,,0.0,0.0,0.0,,0.0,0.0,0.0,,0.0,0.0,0.0,,0.0,0.0,0.0,,0.0,0.0,0.0,,0.0,0.0,0.0,,,,,,,,,,,,,,,,,,,,,,,,,,,,,,,,,,,,,,,,,,,,,,,,,,,,,,,,,,,,,,,,,,,,,,,,,,,,,,,,,,,,,,,,,,,,,,,,,,,,,,,,,,,,,,,,,,,,,,,,,,,,,,,,,,,,,,,,,,,,,,,,,,,,,,,,,,,,,,,,,,,,,,,,,,,,,,,,,,,,,,,,,,,,,,,,,,,,,,,,,,,,,K League 1,0IDCJLlH
QwEwrma8,SOUTH KOREA,2022,SOUTH KOREA 1,SOUTH KOREA 1,26/02/2022,07:30,Round 2,Jeju SK,vFZJewv4,Gangwon,A144gewT,False,0,0,,,,,,[],[],,0.0,0.0,0.0,,0.0,0.0,0.0,,0.0,0.0,0.0,,0.0,0.0,,0.0,0.0,,0.0,0.0,,0.0,0.0,,0.0,0.0,,0.0,0.0,,0.0,0.0,,0.0,0.0,,0.0,0.0,,0.0,0.0,,0.0,0.0,,0.0,0.0,,0.0,0.0,,0.0,0.0,,0.0,0.0,0.0,,0.0,0.0,0.0,,0.0,0.0,0.0,,0.0,0.0,,0.0,0.0,,0.0,0.0,,0.0,0.0,0.0,0.0,0.0,0.0,0.0,0.0,0.0,,0.0,0.0,,0.0,0.0,,0.0,0.0,,0.0,,0.0,,0.0,,0.0,,0.0,,0.0,,0.0,,0.0,,0.0,,0.0,,0.0,,0.0,,0.0,,0.0,,0.0,,0.0,0.0,,0.0,0.0,,0.0,0.0,,0.0,0.0,,0.0,0.0,,0.0,0.0,,0.0,0.0,,0.0,0.0,,0.0,0.0,,0.0,0.0,,0.0,0.0,0.0,,0.0,0.0,0.0,,0.0,0.0,0.0,,0.0,0.0,0.0,,0.0,0.0,0.0,,0.0,0.0,0.0,,,,,,,,,,,,,,,,,,,,,,,,,,,,,,,,,,,,,,,,,,,,,,,,,,,,,,,,,,,,,,,,,,,,,,,,,,,,,,,,,,,,,,,,,,,,,,,,,,,,,,,,,,,,,,,,,,,,,,,,,,,,,,,,,,,,,,,,,,,,,,,,,,,,,,,,,,,,,,,,,,,,,,,,,,,,,,,,,,,,,,,,,,,,,,,,,,,,,,,,,,,,,K League 1,0IDCJLlH
hUJr4RHd,SOUTH KOREA,2022,SOUTH KOREA 1,SOUTH KOREA 1,05/05/2022,07:30,Round 10,Pohang,KIIIipI5,Daegu,SrMQkOnI,False,1,1,,,,,,[71],[90],bet365,2.75,2.05,4.33,bet365,2.4,2.3,3.75,bet365,2.0,3.25,3.3,bet365,1.44,2.62,bet365,3.4,1.3,bet365,10.0,1.06,bet365,1.28,3.5,bet365,2.37,1.53,bet365,5.5,1.14,bet365,1.07,9.0,bet365,1.4,2.75,bet365,2.2,1.65,bet365,4.0,1.22,bet365,9.0,1.07,bet365,1.9,1.8,bet365,5.5,1.14,bet365,3.75,1.25,bet365,1.3,1.3,1.66,bet365,1.2,1.72,1.4,,0.0,0.0,0.0,bet365,1.5,2.5,,0.0,0.0,,0.0,0.0,bet365,3.4,15.0,34.0,5.0,4.75,7.5,26.0,15.0,6.0,bet365,1.95,1.9,bet365,2.2,1.66,bet365,2.0,1.72,bet365,8.5,bet365,6.5,bet365,9.0,bet365,6.5,bet365,9.0,bet365,17.0,bet365,9.0,bet365,12.0,bet365,17.0,bet365,19.0,bet365,41.0,bet365,19.0,bet365,34.0,bet365,34.0,bet365,41.0,,0.0,0.0,bet365,7.0,1.1,bet365,3.9,1.24,bet365,3.1,1.35,bet365,2.05,1.8,bet365,1.3,3.45,bet365,1.1,7.0,,0.0,0.0,,0.0,0.0,,0.0,0.0,,0.0,0.0,0.0,,0.0,0.0,0.0,bet365,4.0,3.6,0.0,bet365,0.0,0.0,1.66,,0.0,0.0,0.0,,0.0,0.0,0.0,,,,,,,,,,,0.55,0.45,,,,,,,,,,,7.0,5.0,5.0,1.0,2.0,4.0,,,,,,,,,,,,,4.0,5.0,17.0,16.0,12.0,15.0,15.0,13.0,3.0,3.0,,,2.0,3.0,0.0,4.0,,,,,,,,,,,,,,,,,,,,,,,0.48,0.52,,,,,,,,,,,1.0,2.0,1.0,0.0,0.0,2.0,,,,,,,,,,,,,1.0,2.0,7.0,7.0,5.0,10.0,6.0,6.0,0.0,1.0,,,1.0,1.0,0.0,1.0,,,,,,,,,,,,,,,,,,,,,,,0.62,0.38,,,,,,,,,,,6.0,3.0,4.0,1.0,2.0,2.0,,,,,,,,,,,,,3.0,3.0,10.0,9.0,7.0,5.0,9.0,7.0,3.0,2.0,,,1.0,2.0,0.0,3.0,,,,,,,,,,,,,K League 1,0IDCJLlH
CzQeJ3M7,SOUTH KOREA,2022,SOUTH KOREA 1,SOUTH KOREA 1,26/02/2022,05:00,Round 2,Incheon,prJ1QuXA,Seoul,8tzeYeHp,False,1,1,,,,,,[],[],,0.0,0.0,0.0,,0.0,0.0,0.0,,0.0,0.0,0.0,,0.0,0.0,,0.0,0.0,,0.0,0.0,,0.0,0.0,,0.0,0.0,,0.0,0.0,,0.0,0.0,,0.0,0.0,,0.0,0.0,,0.0,0.0,,0.0,0.0,,0.0,0.0,,0.0,0.0,,0.0,0.0,,0.0,0.0,0.0,,0.0,0.0,0.0,,0.0,0.0,0.0,,0.0,0.0,,0.0,0.0,,0.0,0.0,,0.0,0.0,0.0,0.0,0.0,0.0,0.0,0.0,0.0,,0.0,0.0,,0.0,0.0,,0.0,0.0,,0.0,,0.0,,0.0,,0.0,,0.0,,0.0,,0.0,,0.0,,0.0,,0.0,,0.0,,0.0,,0.0,,0.0,,0.0,,0.0,0.0,,0.0,0.0,,0.0,0.0,,0.0,0.0,,0.0,0.0,,0.0,0.0,,0.0,0.0,,0.0,0.0,,0.0,0.0,,0.0,0.0,,0.0,0.0,0.0,,0.0,0.0,0.0,,0.0,0.0,0.0,,0.0,0.0,0.0,,0.0,0.0,0.0,,0.0,0.0,0.0,,,,,,,,,,,,,,,,,,,,,,,,,,,,,,,,,,,,,,,,,,,,,,,,,,,,,,,,,,,,,,,,,,,,,,,,,,,,,,,,,,,,,,,,,,,,,,,,,,,,,,,,,,,,,,,,,,,,,,,,,,,,,,,,,,,,,,,,,,,,,,,,,,,,,,,,,,,,,,,,,,,,,,,,,,,,,,,,,,,,,,,,,,,,,,,,,,,,,,,,,,,,,K League 1,0IDCJLlH
6VA23fRo,SOUTH KOREA,2022,SOUTH KOREA 1,SOUTH KOREA 1,02/04/2022,07:30,Round 7,Gimcheon Sangmu,IaoBca9i,Suwon Bluewings,v5I5PanH,False,1,1,,,,,,[15],[63],bet365,3.6,1.95,3.5,bet365,3.1,2.2,3.0,bet365,2.75,3.0,2.62,bet365,1.57,2.25,bet365,3.75,1.25,bet365,11.0,1.05,bet365,1.33,3.25,bet365,2.62,1.44,bet365,6.5,1.11,bet365,1.11,6.5,bet365,1.5,2.5,bet365,2.4,1.53,bet365,5.0,1.16,bet365,11.0,1.05,bet365,2.1,1.66,bet365,6.0,1.12,bet365,4.0,1.22,bet365,1.44,1.36,1.4,bet365,1.28,1.8,1.28,,0.0,0.0,0.0,bet365,1.83,1.83,,0.0,0.0,,0.0,0.0,bet365,4.75,15.0,34.0,6.0,4.33,6.0,34.0,15.0,4.5,bet365,1.95,1.9,bet365,2.2,1.66,bet365,2.0,1.72,bet365,6.5,bet365,7.0,bet365,7.0,bet365,6.0,bet365,12.0,bet365,12.0,bet365,11.0,bet365,11.0,bet365,17.0,bet365,29.0,bet365,26.0,bet365,26.0,bet365,26.0,bet365,41.0,bet365,41.0,,0.0,0.0,,0.0,0.0,bet365,6.4,1.11,bet365,5.5,1.15,bet365,2.75,1.43,bet365,1.5,2.5,bet365,1.19,4.5,bet365,1.14,5.75,,0.0,0.0,,0.0,0.0,,0.0,0.0,0.0,,0.0,0.0,0.0,bet365,5.5,4.0,6.0,bet365,1.44,4.0,1.5,,0.0,0.0,0.0,,0.0,0.0,0.0,,,,,,,,,,,0.57,0.43,,,,,,,,,,,14.0,9.0,4.0,4.0,10.0,5.0,,,,,,,,,,,,,3.0,2.0,10.0,18.0,19.0,18.0,10.0,14.0,,,,,0.0,4.0,3.0,3.0,,,,,,,,,,,,,,,,,,,,,,,0.56,0.44,,,,,,,,,,,2.0,0.0,2.0,0.0,0.0,0.0,,,,,,,,,,,,,1.0,0.0,7.0,7.0,5.0,1.0,7.0,6.0,,,,,0.0,0.0,0.0,1.0,,,,,,,,,,,,,,,,,,,,,,,0.58,0.42,,,,,,,,,,,12.0,9.0,2.0,4.0,10.0,5.0,,,,,,,,,,,,,2.0,2.0,3.0,11.0,14.0,17.0,3.0,8.0,,,,,0.0,4.0,3.0,2.0,,,,,,,,,,,,,K League 1,0IDCJLlH
6Xu9q0zD,SOUTH KOREA,2022,SOUTH KOREA 1,SOUTH KOREA 1,12/03/2022,05:00,Round 5,Jeju SK,vFZJewv4,Jeonbuk,x0hNfcgA,False,2,0,,,,,,"[11, 86]",[],bet365,3.5,1.95,3.6,bet365,3.0,2.25,3.0,bet365,2.62,3.1,2.75,bet365,1.53,2.37,bet365,3.5,1.28,bet365,11.0,1.05,bet365,1.33,3.25,bet365,2.5,1.5,bet365,6.5,1.11,bet365,1.1,7.0,bet365,1.44,2.62,bet365,2.4,1.53,bet365,4.5,1.18,bet365,11.0,1.05,bet365,2.0,1.72,bet365,6.0,1.12,bet365,4.0,1.22,bet365,1.4,1.36,1.44,bet365,1.28,1.8,1.28,,0.0,0.0,0.0,bet365,1.83,1.83,,0.0,0.0,,0.0,0.0,bet365,4.5,15.0,34.0,6.0,4.33,6.0,34.0,15.0,4.75,bet365,1.95,1.9,bet365,2.2,1.66,bet365,2.0,1.72,bet365,7.0,bet365,7.0,bet365,7.0,bet365,6.0,bet365,12.0,bet365,12.0,bet365,11.0,bet365,11.0,bet365,17.0,bet365,26.0,bet365,29.0,bet365,23.0,bet365,26.0,bet365,41.0,bet365,41.0,,0.0,0.0,,0.0,0.0,bet365,5.9,1.13,bet365,4.65,1.18,bet365,2.6,1.48,bet365,1.45,2.67,bet365,1.17,5.0,bet365,1.12,6.25,,0.0,0.0,,0.0,0.0,,0.0,0.0,0.0,,0.0,0.0,0.0,bet365,5.5,4.0,6.0,bet365,1.44,4.0,1.44,,0.0,0.0,0.0,,0.0,0.0,0.0,,,,,,,,,,,0.37,0.63,,,,,,,,,,,7.0,8.0,2.0,2.0,5.0,6.0,,,,,,,,,,,,,4.0,1.0,13.0,16.0,16.0,18.0,15.0,11.0,2.0,1.0,,,1.0,2.0,2.0,0.0,,,,,,,,,,,,,,,,,,,,,,,0.39,0.61,,,,,,,,,,,4.0,4.0,1.0,0.0,3.0,4.0,,,,,,,,,,,,,2.0,0.0,5.0,5.0,8.0,11.0,5.0,5.0,,,,,0.0,0.0,0.0,0.0,,,,,,,,,,,,,,,,,,,,,,,0.35,0.65,,,,,,,,,,,3.0,4.0,1.0,2.0,2.0,2.0,,,,,,,,,,,,,2.0,1.0,8.0,11.0,8.0,7.0,10.0,6.0,2.0,1.0,,,1.0,2.0,2.0,0.0,,,,,,,,,,,,,K League 1,0IDCJLlH
AVHelOLs,SOUTH KOREA,2022,SOUTH KOREA 1,SOUTH KOREA 1,06/03/2022,05:00,Round 4,Gimcheon Sangmu,IaoBca9i,Seoul,8tzeYeHp,False,2,0,,,,,,"[59, 71]",[],bet365,3.4,2.05,3.4,bet365,2.87,2.37,2.87,bet365,2.55,3.25,2.55,bet365,1.44,2.62,bet365,3.25,1.33,bet365,9.0,1.07,bet365,1.25,3.75,bet365,2.25,1.57,bet365,5.5,1.14,bet365,1.07,9.0,bet365,1.33,3.25,bet365,2.05,1.75,bet365,3.75,1.25,bet365,8.0,1.08,bet365,1.83,1.83,bet365,5.0,1.16,bet365,3.5,1.28,bet365,1.5,1.33,1.5,bet365,1.3,1.72,1.3,,0.0,0.0,0.0,bet365,1.83,1.83,,0.0,0.0,,0.0,0.0,bet365,4.33,15.0,29.0,6.0,4.75,6.0,29.0,15.0,4.33,bet365,1.95,1.9,bet365,2.1,1.72,bet365,2.0,1.72,bet365,9.0,bet365,8.0,bet365,8.0,bet365,6.5,bet365,12.0,bet365,12.0,bet365,10.0,bet365,10.0,bet365,15.0,bet365,26.0,bet365,26.0,bet365,21.0,bet365,21.0,bet365,34.0,bet365,34.0,,0.0,0.0,,0.0,0.0,bet365,5.5,1.15,bet365,4.4,1.2,bet365,2.5,1.5,bet365,1.5,2.5,bet365,1.2,4.4,bet365,1.15,5.5,,0.0,0.0,,0.0,0.0,,0.0,0.0,0.0,,0.0,0.0,0.0,bet365,5.5,4.0,5.5,bet365,1.5,4.0,1.5,,0.0,0.0,0.0,,0.0,0.0,0.0,,,,,,,,,,,0.42,0.58,,,,,,,,,,,10.0,13.0,6.0,5.0,4.0,8.0,,,,,,,,,,,,,5.0,5.0,14.0,11.0,7.0,16.0,10.0,11.0,1.0,1.0,,,1.0,3.0,5.0,4.0,,,,,,,,,,,,,,,,,,,,,,,0.45,0.55,,,,,,,,,,,3.0,8.0,2.0,4.0,1.0,4.0,,,,,,,,,,,,,3.0,2.0,6.0,7.0,5.0,5.0,7.0,4.0,1.0,1.0,,,0.0,2.0,4.0,2.0,,,,,,,,,,,,,,,,,,,,,,,0.39,0.61,,,,,,,,,,,7.0,5.0,4.0,1.0,3.0,4.0,,,,,,,,,,,,,2.0,3.0,8.0,4.0,2.0,11.0,3.0,7.0,,,,,1.0,1.0,1.0,2.0,,,,,,,,,,,,,K League 1,0IDCJLlH
IB9R1sjs,SOUTH KOREA,2022,SOUTH KOREA 1,SOUTH KOREA 1,19/03/2022,05:00,Round 6,Suwon Bluewings,v5I5PanH,Gangwon,A144gewT,False,2,2,,,,,,"[47, 90]","[24, 51]",bet365,3.1,1.9,4.33,bet365,2.6,2.1,3.75,bet365,2.2,3.1,3.6,bet365,1.61,2.2,bet365,4.0,1.22,bet365,13.0,1.04,bet365,1.36,3.0,bet365,2.75,1.4,bet365,7.0,1.1,bet365,1.12,6.0,bet365,1.53,2.37,bet365,2.7,1.44,bet365,5.5,1.14,bet365,13.0,1.04,bet365,2.25,1.57,bet365,6.5,1.11,bet365,4.5,1.18,bet365,1.28,1.36,1.61,bet365,1.2,1.8,1.36,,0.0,0.0,0.0,bet365,1.53,2.37,,0.0,0.0,,0.0,0.0,bet365,3.75,15.0,41.0,5.0,4.0,7.0,34.0,15.0,6.0,bet365,1.95,1.9,bet365,2.3,1.61,bet365,2.0,1.72,bet365,6.0,bet365,5.5,bet365,7.5,bet365,6.0,bet365,9.0,bet365,15.0,bet365,10.0,bet365,13.0,bet365,21.0,bet365,21.0,bet365,41.0,bet365,23.0,bet365,34.0,bet365,41.0,bet365,51.0,,0.0,0.0,,0.0,0.0,bet365,4.8,1.18,bet365,3.7,1.26,bet365,2.25,1.63,bet365,1.32,3.3,bet365,1.13,7.0,bet365,1.1,7.0,,0.0,0.0,,0.0,0.0,,0.0,0.0,0.0,,0.0,0.0,0.0,bet365,4.5,3.6,0.0,bet365,0.0,0.0,1.61,,0.0,0.0,0.0,,0.0,0.0,0.0,,,,,,,,,,,0.65,0.35,,,,,,,,,,,11.0,12.0,6.0,8.0,5.0,4.0,,,,,,,,,,,,,4.0,2.0,21.0,17.0,15.0,17.0,19.0,17.0,2.0,1.0,,,2.0,0.0,6.0,4.0,,,,,,,,,,,,,,,,,,,,,,,0.5,0.5,,,,,,,,,,,3.0,5.0,1.0,3.0,2.0,2.0,,,,,,,,,,,,,1.0,1.0,10.0,7.0,5.0,10.0,11.0,10.0,1.0,0.0,,,2.0,0.0,2.0,1.0,,,,,,,,,,,,,,,,,,,,,,,0.8,0.2,,,,,,,,,,,8.0,7.0,5.0,5.0,3.0,2.0,,,,,,,,,,,,,3.0,1.0,11.0,10.0,10.0,7.0,8.0,7.0,1.0,1.0,,,0.0,0.0,4.0,3.0,,,,,,,,,,,,,K League 1,0IDCJLlH
xhlhmryl,SOUTH KOREA,2022,SOUTH KOREA 1,SOUTH KOREA 1,06/03/2022,07:30,Round 4,Jeonbuk,x0hNfcgA,Ulsan HD,EVEwgyOM,False,0,1,,,,,,[],[40],bet365,4.0,1.95,3.1,bet365,3.4,2.25,2.62,bet365,3.1,3.0,2.25,bet365,1.53,2.37,bet365,3.5,1.28,bet365,11.0,1.05,bet365,1.33,3.25,bet365,2.5,1.5,bet365,6.0,1.12,bet365,1.1,7.0,bet365,1.44,2.62,bet365,2.35,1.57,bet365,4.5,1.18,bet365,11.0,1.05,bet365,2.0,1.72,bet365,6.0,1.12,bet365,4.0,1.22,bet365,1.53,1.33,1.33,bet365,1.36,1.8,1.22,,0.0,0.0,0.0,bet365,2.2,1.61,,0.0,0.0,,0.0,0.0,bet365,5.5,15.0,29.0,7.0,4.33,5.5,34.0,15.0,4.0,bet365,1.95,1.9,bet365,2.2,1.66,bet365,2.0,1.72,bet365,7.0,bet365,8.0,bet365,6.5,bet365,6.0,bet365,15.0,bet365,10.0,bet365,12.0,bet365,10.0,bet365,17.0,bet365,34.0,bet365,21.0,bet365,29.0,bet365,21.0,bet365,41.0,bet365,34.0,,0.0,0.0,,0.0,0.0,bet365,7.0,1.1,bet365,6.25,1.12,bet365,3.1,1.35,bet365,1.6,2.3,bet365,1.25,3.8,bet365,1.18,4.8,,0.0,0.0,,0.0,0.0,,0.0,0.0,0.0,,0.0,0.0,0.0,bet365,5.5,4.0,4.75,bet365,1.53,3.75,1.5,,0.0,0.0,0.0,,0.0,0.0,0.0,,,,,,,,,,,0.45,0.55,,,,,,,,,,,8.0,9.0,3.0,3.0,5.0,6.0,,,,,,,,,,,,,5.0,1.0,6.0,21.0,14.0,13.0,17.0,5.0,2.0,2.0,,,4.0,1.0,2.0,3.0,,,,,,,,,,,,,,,,,,,,,,,0.53,0.47,,,,,,,,,,,5.0,4.0,2.0,2.0,3.0,2.0,,,,,,,,,,,,,2.0,1.0,2.0,7.0,7.0,5.0,6.0,2.0,,,,,1.0,0.0,1.0,2.0,,,,,,,,,,,,,,,,,,,,,,,0.37,0.63,,,,,,,,,,,3.0,5.0,1.0,1.0,2.0,4.0,,,,,,,,,,,,,3.0,0.0,4.0,14.0,7.0,8.0,11.0,3.0,2.0,2.0,,,3.0,1.0,1.0,1.0,,,,,,,,,,,,,K League 1,0IDCJLlH
bR4ncJ4C,SOUTH KOREA,2022,SOUTH KOREA 1,SOUTH KOREA 1,20/03/2022,10:00,Round 6,Seongnam,WMiRgH8G,Incheon,prJ1QuXA,False,0,1,,,,,,[],[58],bet365,4.0,1.8,3.6,bet365,3.4,2.05,3.0,bet365,2.9,2.75,2.5,bet365,1.66,2.1,bet365,4.33,1.2,bet365,15.0,1.03,bet365,1.44,2.62,bet365,3.25,1.33,bet365,9.0,1.07,bet365,1.14,5.5,bet365,1.66,2.1,bet365,3.1,1.36,bet365,7.0,1.1,bet365,17.0,1.02,bet365,2.37,1.53,bet365,8.0,1.08,bet365,5.0,1.16,bet365,1.44,1.36,1.36,bet365,1.28,1.9,1.22,,0.0,0.0,0.0,bet365,2.0,1.72,,0.0,0.0,,0.0,0.0,bet365,5.0,15.0,41.0,6.0,3.75,5.5,41.0,15.0,4.5,bet365,1.95,1.9,bet365,2.3,1.61,bet365,2.1,1.66,bet365,5.5,bet365,6.5,bet365,5.5,bet365,6.0,bet365,13.0,bet365,11.0,bet365,13.0,bet365,12.0,bet365,21.0,bet365,34.0,bet365,26.0,bet365,34.0,bet365,29.0,bet365,51.0,bet365,51.0,,0.0,0.0,,0.0,0.0,bet365,7.0,1.1,bet365,6.25,1.12,bet365,3.0,1.38,bet365,1.5,2.5,bet365,1.17,5.0,bet365,1.12,6.25,,0.0,0.0,,0.0,0.0,,0.0,0.0,0.0,,0.0,0.0,0.0,bet365,0.0,0.0,6.0,bet365,1.44,3.75,0.0,,0.0,0.0,0.0,,0.0,0.0,0.0,,,,,,,,,,,0.58,0.42,,,,,,,,,,,9.0,4.0,3.0,2.0,6.0,2.0,,,,,,,,,,,,,1.0,2.0,18.0,19.0,19.0,16.0,17.0,19.0,4.0,3.0,1.0,1.0,1.0,0.0,1.0,3.0,,,,,,,,,,,,,,,,,,,,,,,0.59,0.41,,,,,,,,,,,2.0,1.0,0.0,1.0,2.0,0.0,,,,,,,,,,,,,0.0,0.0,6.0,10.0,11.0,5.0,9.0,6.0,3.0,0.0,,,1.0,0.0,1.0,0.0,,,,,,,,,,,,,,,,,,,,,,,0.57,0.43,,,,,,,,,,,7.0,3.0,3.0,1.0,4.0,2.0,,,,,,,,,,,,,1.0,2.0,12.0,9.0,8.0,11.0,8.0,13.0,1.0,3.0,1.0,1.0,0.0,0.0,0.0,3.0,,,,,,,,,,,,,K League 1,0IDCJLlH
EwLv572j,SOUTH KOREA,2022,SOUTH KOREA 1,SOUTH KOREA 1,05/05/2022,07:30,Round 10,Suwon Bluewings,v5I5PanH,Ulsan HD,EVEwgyOM,False,1,0,,,,,,[64],[],bet365,4.5,2.05,2.75,bet365,3.75,2.3,2.37,bet365,3.5,3.25,1.95,bet365,1.5,2.5,bet365,3.4,1.3,bet365,10.0,1.06,bet365,1.28,3.5,bet365,2.37,1.53,bet365,6.0,1.12,bet365,1.07,9.0,bet365,1.4,2.75,bet365,2.3,1.6,bet365,4.33,1.2,bet365,10.0,1.06,bet365,2.0,1.72,bet365,5.5,1.14,bet365,3.75,1.25,bet365,1.72,1.3,1.25,bet365,1.4,1.72,1.16,,0.0,0.0,0.0,bet365,2.62,1.44,,0.0,0.0,,0.0,0.0,bet365,6.5,15.0,26.0,8.0,4.75,4.75,34.0,15.0,3.25,bet365,1.95,1.9,bet365,2.2,1.66,bet365,2.0,1.72,bet365,8.5,bet365,9.0,bet365,6.5,bet365,6.5,bet365,17.0,bet365,8.5,bet365,13.0,bet365,9.0,bet365,17.0,bet365,41.0,bet365,17.0,bet365,34.0,bet365,19.0,bet365,41.0,bet365,34.0,,0.0,0.0,,0.0,0.0,,0.0,0.0,bet365,7.0,1.1,bet365,3.45,1.3,bet365,1.83,2.02,bet365,1.38,3.0,bet365,1.25,3.8,bet365,1.1,7.0,,0.0,0.0,,0.0,0.0,0.0,,0.0,0.0,0.0,bet365,0.0,0.0,3.75,bet365,1.72,3.6,0.0,,0.0,0.0,0.0,,0.0,0.0,0.0,,,,,,,,,,,0.43,0.57,,,,,,,,,,,15.0,6.0,11.0,3.0,4.0,3.0,,,,,,,,,,,,,4.0,5.0,10.0,9.0,12.0,18.0,10.0,8.0,2.0,2.0,0.0,1.0,0.0,1.0,3.0,10.0,,,,,,,,,,,,,,,,,,,,,,,0.43,0.57,,,,,,,,,,,6.0,2.0,4.0,2.0,2.0,0.0,,,,,,,,,,,,,2.0,2.0,5.0,8.0,4.0,5.0,5.0,7.0,1.0,1.0,0.0,1.0,0.0,1.0,2.0,4.0,,,,,,,,,,,,,,,,,,,,,,,0.43,0.57,,,,,,,,,,,9.0,4.0,7.0,1.0,2.0,3.0,,,,,,,,,,,,,2.0,3.0,5.0,1.0,8.0,13.0,5.0,1.0,1.0,1.0,,,0.0,0.0,1.0,6.0,,,,,,,,,,,,,K League 1,0IDCJLlH
WjmmFiQc,SOUTH KOREA,2022,SOUTH KOREA 1,SOUTH KOREA 1,09/04/2022,07:30,Round 9,Ulsan HD,EVEwgyOM,Daegu,SrMQkOnI,False,3,1,,,,,,"[54, 77, 90]",[8],bet365,2.2,2.2,6.0,bet365,1.9,2.5,5.5,bet365,1.6,3.75,6.0,bet365,1.44,2.62,bet365,3.25,1.33,bet365,9.0,1.07,bet365,1.25,3.75,bet365,2.2,1.61,bet365,5.5,1.14,bet365,1.06,10.0,bet365,1.33,3.25,bet365,2.07,1.72,bet365,3.75,1.25,bet365,8.0,1.08,bet365,2.1,1.66,bet365,6.0,1.12,bet365,4.0,1.22,bet365,1.12,1.25,2.25,bet365,1.11,1.61,1.61,,0.0,0.0,0.0,bet365,1.2,4.33,,0.0,0.0,,0.0,0.0,bet365,2.5,15.0,41.0,4.33,5.5,11.0,23.0,17.0,10.0,bet365,1.95,1.9,bet365,2.1,1.72,bet365,2.0,1.72,bet365,8.5,bet365,6.0,bet365,13.0,bet365,7.0,bet365,7.0,bet365,29.0,bet365,8.5,bet365,19.0,bet365,19.0,bet365,11.0,bet365,67.0,bet365,15.0,bet365,51.0,bet365,34.0,bet365,51.0,bet365,5.75,1.14,bet365,4.65,1.18,bet365,2.75,1.43,bet365,2.08,1.73,bet365,1.6,2.3,bet365,1.15,5.5,,0.0,0.0,,0.0,0.0,,0.0,0.0,,0.0,0.0,,0.0,0.0,0.0,,0.0,0.0,0.0,bet365,2.62,3.4,0.0,bet365,0.0,0.0,2.25,,0.0,0.0,0.0,,0.0,0.0,0.0,,,,,,,,,,,0.67,0.33,,,,,,,,,,,11.0,8.0,9.0,4.0,2.0,4.0,,,,,,,,,,,,,9.0,1.0,8.0,18.0,15.0,13.0,7.0,18.0,0.0,3.0,,,1.0,3.0,3.0,6.0,,,,,,,,,,,,,,,,,,,,,,,0.65,0.35,,,,,,,,,,,3.0,2.0,1.0,2.0,2.0,0.0,,,,,,,,,,,,,5.0,0.0,12.0,3.0,6.0,6.0,3.0,12.0,0.0,1.0,,,0.0,0.0,1.0,1.0,,,,,,,,,,,,,,,,,,,,,,,0.69,0.31,,,,,,,,,,,8.0,6.0,8.0,2.0,0.0,4.0,,,,,,,,,,,,,4.0,1.0,-4.0,15.0,9.0,7.0,4.0,6.0,0.0,2.0,,,1.0,3.0,2.0,5.0,,,,,,,,,,,,,K League 1,0IDCJLlH
8MVTh4DQ,SOUTH KOREA,2022,SOUTH KOREA 1,SOUTH KOREA 1,05/03/2022,10:00,Round 4,Incheon,prJ1QuXA,Pohang,KIIIipI5,False,0,1,,,,,,[],[37],bet365,4.0,1.9,3.25,bet365,3.5,2.1,2.75,bet365,3.2,2.9,2.37,bet365,1.61,2.2,bet365,4.0,1.22,bet365,13.0,1.04,bet365,1.36,3.0,bet365,2.75,1.4,bet365,7.0,1.1,bet365,1.12,6.0,bet365,1.53,2.37,bet365,2.7,1.44,bet365,5.5,1.14,bet365,13.0,1.04,bet365,2.2,1.61,bet365,6.5,1.11,bet365,4.33,1.2,bet365,1.53,1.4,1.36,bet365,1.33,1.8,1.22,,0.0,0.0,0.0,bet365,2.2,1.61,,0.0,0.0,,0.0,0.0,bet365,5.5,15.0,34.0,6.5,4.0,5.5,41.0,15.0,4.0,bet365,1.95,1.9,bet365,2.3,1.61,bet365,2.0,1.72,bet365,6.0,bet365,7.0,bet365,6.0,bet365,6.0,bet365,15.0,bet365,10.0,bet365,13.0,bet365,10.0,bet365,19.0,bet365,34.0,bet365,23.0,bet365,34.0,bet365,23.0,bet365,41.0,bet365,41.0,,0.0,0.0,,0.0,0.0,bet365,7.0,1.1,bet365,6.6,1.11,bet365,3.1,1.35,bet365,1.58,2.35,bet365,1.22,4.15,bet365,1.15,5.5,,0.0,0.0,,0.0,0.0,,0.0,0.0,0.0,,0.0,0.0,0.0,bet365,0.0,0.0,5.0,bet365,1.53,3.75,0.0,,0.0,0.0,0.0,,0.0,0.0,0.0,,,,,,,,,,,0.57,0.43,,,,,,,,,,,4.0,10.0,4.0,4.0,0.0,6.0,,,,,,,,,,,,,7.0,5.0,10.0,12.0,22.0,14.0,10.0,10.0,2.0,2.0,,,2.0,0.0,3.0,4.0,,,,,,,,,,,,,,,,,,,,,,,0.59,0.41,,,,,,,,,,,0.0,4.0,0.0,2.0,0.0,2.0,,,,,,,,,,,,,3.0,2.0,6.0,7.0,8.0,6.0,6.0,6.0,,,,,1.0,0.0,1.0,0.0,,,,,,,,,,,,,,,,,,,,,,,0.55,0.45,,,,,,,,,,,4.0,6.0,4.0,2.0,0.0,4.0,,,,,,,,,,,,,4.0,3.0,4.0,5.0,14.0,8.0,4.0,4.0,2.0,2.0,,,1.0,0.0,2.0,4.0,,,,,,,,,,,,,K League 1,0IDCJLlH
UoDV015m,SOUTH KOREA,2022,SOUTH KOREA 1,SOUTH KOREA 1,19/03/2022,07:30,Round 6,Seoul,8tzeYeHp,Jeju SK,vFZJewv4,False,1,2,,,,,,[89],"[11, 27]",bet365,5.0,1.95,2.75,bet365,4.33,2.2,2.37,bet365,3.75,3.25,1.95,bet365,1.57,2.25,bet365,3.75,1.25,bet365,11.0,1.05,bet365,1.36,3.0,bet365,2.62,1.44,bet365,7.0,1.1,bet365,1.1,7.0,bet365,1.5,2.5,bet365,2.5,1.5,bet365,5.0,1.16,bet365,13.0,1.04,bet365,2.25,1.57,bet365,6.5,1.11,bet365,4.5,1.18,bet365,1.8,1.33,1.25,bet365,1.4,1.8,1.14,,0.0,0.0,0.0,bet365,2.75,1.4,,0.0,0.0,,0.0,0.0,bet365,7.0,17.0,29.0,8.0,4.33,4.75,41.0,15.0,3.25,bet365,1.95,1.9,bet365,2.2,1.66,bet365,2.0,1.72,bet365,7.0,bet365,8.0,bet365,5.5,bet365,6.5,bet365,19.0,bet365,8.0,bet365,15.0,bet365,9.5,bet365,21.0,bet365,41.0,bet365,17.0,bet365,41.0,bet365,21.0,bet365,51.0,bet365,41.0,,0.0,0.0,,0.0,0.0,bet365,7.0,1.1,bet365,7.0,1.1,bet365,3.7,1.26,bet365,1.85,2.0,bet365,1.38,3.0,bet365,1.24,3.9,,0.0,0.0,,0.0,0.0,,0.0,0.0,0.0,,0.0,0.0,0.0,bet365,5.5,4.0,3.75,bet365,1.8,3.4,1.44,,0.0,0.0,0.0,,0.0,0.0,0.0,,,,,,,,,,,0.67,0.33,,,,,,,,,,,7.0,8.0,3.0,6.0,4.0,2.0,,,,,,,,,,,,,4.0,5.0,11.0,20.0,22.0,17.0,9.0,10.0,2.0,2.0,,,2.0,10.0,4.0,2.0,,,,,,,,,,,,,,,,,,,,,,,0.59,0.41,,,,,,,,,,,4.0,2.0,1.0,2.0,3.0,0.0,,,,,,,,,,,,,1.0,1.0,9.0,6.0,7.0,4.0,6.0,5.0,1.0,0.0,,,0.0,4.0,0.0,1.0,,,,,,,,,,,,,,,,,,,,,,,0.75,0.25,,,,,,,,,,,3.0,6.0,2.0,4.0,1.0,2.0,,,,,,,,,,,,,3.0,4.0,2.0,14.0,15.0,13.0,3.0,5.0,1.0,2.0,,,2.0,6.0,4.0,1.0,,,,,,,,,,,,,K League 1,0IDCJLlH
IygIz5ir,SOUTH KOREA,2022,SOUTH KOREA 1,SOUTH KOREA 1,01/03/2022,05:00,Round 3,Ulsan HD,EVEwgyOM,Suwon FC,6sXCYRPI,False,2,1,,,,,,"[43, 52, 67]",[11],bet365,2.25,2.2,6.0,bet365,1.95,2.5,5.0,bet365,1.6,3.6,5.25,bet365,1.44,2.62,bet365,3.25,1.33,bet365,9.0,1.07,bet365,1.25,3.75,bet365,2.25,1.57,bet365,5.5,1.14,bet365,1.07,9.0,bet365,1.33,3.25,bet365,2.1,1.7,bet365,3.75,1.25,bet365,8.0,1.08,bet365,2.0,1.72,bet365,5.5,1.14,bet365,4.0,1.22,bet365,1.16,1.28,2.25,bet365,1.12,1.61,1.57,,0.0,0.0,0.0,bet365,1.22,4.0,,0.0,0.0,,0.0,0.0,bet365,2.6,15.0,41.0,4.33,5.5,11.0,23.0,17.0,9.5,bet365,1.95,1.9,bet365,2.1,1.72,bet365,2.0,1.72,bet365,9.0,bet365,6.0,bet365,12.0,bet365,7.0,bet365,7.0,bet365,26.0,bet365,8.5,bet365,17.0,bet365,19.0,bet365,12.0,bet365,51.0,bet365,15.0,bet365,41.0,bet365,29.0,bet365,51.0,bet365,6.0,1.13,bet365,5.0,1.17,bet365,2.85,1.4,bet365,2.15,1.68,bet365,1.63,2.25,bet365,1.17,5.0,,0.0,0.0,,0.0,0.0,,0.0,0.0,,0.0,0.0,,0.0,0.0,0.0,,0.0,0.0,0.0,bet365,2.75,3.4,0.0,bet365,0.0,0.0,2.25,,0.0,0.0,0.0,,0.0,0.0,0.0,,,,,,,,,,,0.7,0.3,,,,,,,,,,,12.0,5.0,11.0,5.0,1.0,0.0,,,,,,,,,,,,,7.0,2.0,11.0,18.0,7.0,6.0,9.0,17.0,1.0,2.0,,,2.0,1.0,4.0,9.0,,,,,,,,,,,,,,,,,,,,,,,0.72,0.28,,,,,,,,,,,8.0,3.0,7.0,3.0,1.0,0.0,,,,,,,,,,,,,5.0,1.0,3.0,6.0,2.0,2.0,5.0,3.0,,,,,1.0,0.0,2.0,6.0,,,,,,,,,,,,,,,,,,,,,,,0.68,0.32,,,,,,,,,,,4.0,2.0,4.0,2.0,0.0,0.0,,,,,,,,,,,,,2.0,1.0,8.0,12.0,5.0,4.0,4.0,14.0,1.0,2.0,,,1.0,1.0,2.0,3.0,,,,,,,,,,,,,K League 1,0IDCJLlH
tCsbhUIp,SOUTH KOREA,2022,SOUTH KOREA 1,SOUTH KOREA 1,06/04/2022,10:30,Round 8,Seoul,8tzeYeHp,Gangwon,A144gewT,False,2,2,,,,,,"[68, 76]","[26, 57]",bet365,3.0,2.0,4.0,bet365,2.6,2.25,3.6,bet365,2.2,3.2,3.4,bet365,1.5,2.5,bet365,3.5,1.28,bet365,11.0,1.05,bet365,1.3,3.4,bet365,2.5,1.5,bet365,6.0,1.12,bet365,1.08,7.5,bet365,1.44,2.62,bet365,2.35,1.57,bet365,4.33,1.2,bet365,10.0,1.06,bet365,2.0,1.72,bet365,6.0,1.12,bet365,4.0,1.22,bet365,1.3,1.36,1.61,bet365,1.22,1.72,1.36,,0.0,0.0,0.0,bet365,1.53,2.37,,0.0,0.0,,0.0,0.0,bet365,3.75,15.0,34.0,5.0,4.5,7.0,29.0,15.0,5.5,bet365,1.95,1.9,bet365,2.2,1.66,bet365,2.0,1.72,bet365,7.5,bet365,6.5,bet365,8.5,bet365,6.0,bet365,9.5,bet365,15.0,bet365,9.5,bet365,12.0,bet365,17.0,bet365,21.0,bet365,41.0,bet365,21.0,bet365,29.0,bet365,34.0,bet365,41.0,,0.0,0.0,,0.0,0.0,,0.0,0.0,,0.0,0.0,bet365,2.15,1.73,,0.0,0.0,,0.0,0.0,,0.0,0.0,,0.0,0.0,,0.0,0.0,,0.0,0.0,0.0,,0.0,0.0,0.0,bet365,4.33,3.6,0.0,bet365,0.0,0.0,1.61,,0.0,0.0,0.0,,0.0,0.0,0.0,,,,,,,,,,,0.7,0.3,,,,,,,,,,,13.0,11.0,6.0,6.0,7.0,5.0,,,,,,,,,,,,,9.0,4.0,10.0,10.0,23.0,15.0,7.0,8.0,1.0,1.0,,,3.0,2.0,4.0,4.0,,,,,,,,,,,,,,,,,,,,,,,0.73,0.27,,,,,,,,,,,8.0,5.0,2.0,3.0,6.0,2.0,,,,,,,,,,,,,6.0,1.0,5.0,3.0,10.0,7.0,2.0,4.0,,,,,1.0,1.0,2.0,2.0,,,,,,,,,,,,,,,,,,,,,,,0.67,0.33,,,,,,,,,,,5.0,6.0,4.0,3.0,1.0,3.0,,,,,,,,,,,,,3.0,3.0,5.0,7.0,13.0,8.0,5.0,4.0,1.0,1.0,,,2.0,1.0,2.0,2.0,,,,,,,,,,,,,K League 1,0IDCJLlH
CznRYrMf,SOUTH KOREA,2022,SOUTH KOREA 1,SOUTH KOREA 1,01/03/2022,07:30,Round 3,Seongnam,WMiRgH8G,Seoul,8tzeYeHp,False,0,0,,,,,,[],[],bet365,4.5,1.9,3.0,bet365,4.0,2.1,2.6,bet365,3.75,2.87,2.1,bet365,1.61,2.2,bet365,4.0,1.22,bet365,13.0,1.04,bet365,1.36,3.0,bet365,2.75,1.4,bet365,7.0,1.1,bet365,1.12,6.0,bet365,1.53,2.37,bet365,2.7,1.44,bet365,5.5,1.14,bet365,13.0,1.04,bet365,2.2,1.61,bet365,6.5,1.11,bet365,4.5,1.18,bet365,1.66,1.4,1.25,bet365,1.36,1.8,1.16,,0.0,0.0,0.0,bet365,2.62,1.44,,0.0,0.0,,0.0,0.0,bet365,6.5,15.0,29.0,7.5,4.0,5.0,41.0,15.0,3.6,bet365,1.95,1.9,bet365,2.3,1.61,bet365,2.0,1.72,bet365,6.0,bet365,8.0,bet365,5.5,bet365,6.0,bet365,17.0,bet365,8.5,bet365,15.0,bet365,10.0,bet365,19.0,bet365,41.0,bet365,19.0,bet365,41.0,bet365,21.0,bet365,51.0,bet365,41.0,,0.0,0.0,,0.0,0.0,bet365,6.8,1.1,bet365,5.75,1.14,bet365,3.55,1.27,bet365,1.68,2.15,bet365,1.27,3.55,bet365,1.18,4.65,,0.0,0.0,,0.0,0.0,,0.0,0.0,0.0,,0.0,0.0,0.0,bet365,0.0,0.0,4.33,bet365,1.66,3.5,0.0,,0.0,0.0,0.0,,0.0,0.0,0.0,,,,,,,,,,,0.23,0.77,,,,,,,,,,,3.0,12.0,3.0,5.0,0.0,7.0,,,,,,,,,,,,,2.0,6.0,11.0,8.0,11.0,28.0,9.0,7.0,1.0,3.0,,,2.0,1.0,5.0,3.0,,,,,,,,,,,,,,,,,,,,,,,0.23,0.77,,,,,,,,,,,3.0,7.0,3.0,4.0,0.0,3.0,,,,,,,,,,,,,1.0,3.0,6.0,6.0,3.0,12.0,4.0,5.0,1.0,1.0,,,2.0,1.0,4.0,3.0,,,,,,,,,,,,,,,,,,,,,,,0.23,0.77,,,,,,,,,,,0.0,5.0,0.0,1.0,0.0,4.0,,,,,,,,,,,,,1.0,3.0,5.0,2.0,8.0,16.0,5.0,2.0,0.0,2.0,,,0.0,0.0,1.0,0.0,,,,,,,,,,,,,K League 1,0IDCJLlH
xIXrM5xk,SOUTH KOREA,2022,SOUTH KOREA 1,SOUTH KOREA 1,20/02/2022,05:00,Round 1,Gangwon,A144gewT,Seongnam,WMiRgH8G,False,2,0,,,,,,"[81, 88]",[],bet365,3.4,1.83,4.33,bet365,2.87,2.1,3.5,bet365,2.4,2.8,3.3,bet365,1.61,2.2,bet365,4.0,1.22,bet365,15.0,1.03,bet365,1.4,2.75,bet365,3.0,1.36,bet365,8.0,1.08,bet365,1.14,5.5,bet365,1.57,2.25,bet365,3.1,1.36,bet365,6.0,1.12,bet365,15.0,1.03,bet365,2.25,1.57,bet365,7.0,1.1,bet365,4.5,1.18,bet365,1.33,1.4,1.53,bet365,1.2,1.83,1.3,,0.0,0.0,0.0,bet365,1.61,2.2,,0.0,0.0,,0.0,0.0,bet365,4.0,15.0,41.0,5.5,3.75,6.5,34.0,15.0,5.5,bet365,1.95,1.9,bet365,2.3,1.61,bet365,2.1,1.66,bet365,5.5,bet365,5.5,bet365,7.0,bet365,6.0,bet365,10.0,bet365,15.0,bet365,11.0,bet365,13.0,bet365,21.0,bet365,23.0,bet365,41.0,bet365,26.0,bet365,34.0,bet365,41.0,bet365,51.0,,0.0,0.0,,0.0,0.0,bet365,5.5,1.15,bet365,4.25,1.21,bet365,2.38,1.55,bet365,1.32,3.3,bet365,1.1,7.0,,0.0,0.0,,0.0,0.0,,0.0,0.0,,0.0,0.0,0.0,,0.0,0.0,0.0,bet365,5.5,3.6,0.0,bet365,0.0,0.0,1.53,,0.0,0.0,0.0,,0.0,0.0,0.0,,,,,,,,,,,0.44,0.56,,,,,,,,,,,9.0,15.0,3.0,7.0,6.0,8.0,,,,,,,,,,,,,1.0,6.0,14.0,13.0,18.0,19.0,12.0,13.0,1.0,3.0,,,1.0,1.0,7.0,1.0,,,,,,,,,,,,,,,,,,,,,,,0.46,0.54,,,,,,,,,,,5.0,3.0,0.0,2.0,5.0,1.0,,,,,,,,,,,,,1.0,1.0,8.0,5.0,10.0,9.0,5.0,8.0,0.0,2.0,,,0.0,0.0,2.0,0.0,,,,,,,,,,,,,,,,,,,,,,,0.42,0.58,,,,,,,,,,,4.0,12.0,3.0,5.0,1.0,7.0,,,,,,,,,,,,,0.0,5.0,6.0,8.0,8.0,10.0,7.0,5.0,1.0,1.0,,,1.0,1.0,5.0,1.0,,,,,,,,,,,,,K League 1,0IDCJLlH
MR0RcjeN,SOUTH KOREA,2022,SOUTH KOREA 1,SOUTH KOREA 1,05/04/2022,10:30,Round 8,Jeju SK,vFZJewv4,Ulsan HD,EVEwgyOM,False,1,2,,,,,,[45],"[4, 53]",bet365,4.33,1.95,3.1,bet365,3.6,2.2,2.6,bet365,3.4,3.1,2.2,bet365,1.57,2.25,bet365,3.75,1.25,bet365,11.0,1.05,bet365,1.33,3.25,bet365,2.62,1.44,bet365,7.0,1.1,bet365,1.1,7.0,bet365,1.5,2.5,bet365,2.5,1.5,bet365,5.0,1.16,bet365,11.0,1.05,bet365,2.1,1.66,bet365,6.5,1.11,bet365,4.33,1.2,bet365,1.61,1.36,1.3,bet365,1.36,1.8,1.2,,0.0,0.0,0.0,bet365,2.37,1.53,,0.0,0.0,,0.0,0.0,bet365,6.0,15.0,29.0,7.0,4.33,5.0,41.0,15.0,3.75,bet365,1.95,1.9,bet365,2.2,1.66,bet365,2.0,1.72,bet365,6.5,bet365,8.0,bet365,6.0,bet365,6.0,bet365,15.0,bet365,9.5,bet365,13.0,bet365,10.0,bet365,19.0,bet365,41.0,bet365,21.0,bet365,34.0,bet365,21.0,bet365,41.0,bet365,41.0,,0.0,0.0,,0.0,0.0,bet365,7.0,1.1,bet365,7.0,1.1,bet365,3.3,1.32,bet365,1.65,2.2,bet365,1.27,3.55,bet365,1.19,4.5,,0.0,0.0,,0.0,0.0,,0.0,0.0,0.0,,0.0,0.0,0.0,bet365,0.0,0.0,4.5,bet365,1.61,3.6,0.0,,0.0,0.0,0.0,,0.0,0.0,0.0,,,,,,,,,,,0.49,0.51,,,,,,,,,,,16.0,5.0,7.0,3.0,9.0,2.0,,,,,,,,,,,,,7.0,2.0,10.0,11.0,25.0,13.0,9.0,11.0,3.0,1.0,0.0,1.0,1.0,0.0,1.0,6.0,,,,,,,,,,,,,,,,,,,,,,,0.44,0.56,,,,,,,,,,,3.0,2.0,3.0,1.0,0.0,1.0,,,,,,,,,,,,,3.0,2.0,2.0,3.0,11.0,7.0,3.0,2.0,2.0,1.0,0.0,1.0,0.0,0.0,0.0,2.0,,,,,,,,,,,,,,,,,,,,,,,0.54,0.46,,,,,,,,,,,13.0,3.0,4.0,2.0,9.0,1.0,,,,,,,,,,,,,4.0,0.0,8.0,8.0,14.0,6.0,6.0,9.0,1.0,0.0,,,1.0,0.0,1.0,4.0,,,,,,,,,,,,,K League 1,0IDCJLlH
M57ntRTK,SOUTH KOREA,2022,SOUTH KOREA 1,SOUTH KOREA 1,27/02/2022,05:00,Round 2,Gimcheon Sangmu,IaoBca9i,Pohang,KIIIipI5,False,3,2,,,,,,"[21, 27, 71]","[42, 62]",bet365,3.2,2.0,3.75,bet365,2.75,2.3,3.2,bet365,2.37,3.1,3.0,bet365,1.5,2.5,bet365,3.4,1.3,bet365,10.0,1.06,bet365,1.28,3.5,bet365,2.37,1.53,bet365,5.5,1.14,bet365,1.08,8.0,bet365,1.4,2.75,bet365,2.15,1.66,bet365,4.0,1.22,bet365,9.0,1.07,bet365,1.9,1.8,bet365,5.5,1.14,bet365,3.75,1.25,bet365,1.36,1.36,1.53,bet365,1.25,1.72,1.36,,0.0,0.0,0.0,bet365,1.66,2.1,,0.0,0.0,,0.0,0.0,bet365,4.0,15.0,34.0,5.5,4.5,6.5,29.0,15.0,5.0,bet365,1.95,1.9,bet365,2.2,1.66,bet365,2.0,1.72,bet365,8.0,bet365,7.0,bet365,8.5,bet365,6.0,bet365,11.0,bet365,15.0,bet365,10.0,bet365,11.0,bet365,15.0,bet365,23.0,bet365,34.0,bet365,21.0,bet365,26.0,bet365,34.0,bet365,41.0,,0.0,0.0,,0.0,0.0,bet365,5.25,1.16,bet365,4.0,1.23,bet365,2.38,1.55,bet365,1.4,2.85,bet365,1.15,5.5,bet365,1.11,6.4,,0.0,0.0,,0.0,0.0,,0.0,0.0,0.0,,0.0,0.0,0.0,bet365,4.75,4.0,5.5,bet365,1.44,4.0,1.53,,0.0,0.0,0.0,,0.0,0.0,0.0,,,,,,,,,,,0.51,0.49,,,,,,,,,,,7.0,12.0,5.0,8.0,2.0,4.0,,,,,,,,,,,,,4.0,5.0,16.0,9.0,22.0,20.0,8.0,14.0,2.0,3.0,,,1.0,2.0,6.0,2.0,,,,,,,,,,,,,,,,,,,,,,,0.49,0.51,,,,,,,,,,,4.0,5.0,3.0,3.0,1.0,2.0,,,,,,,,,,,,,4.0,3.0,6.0,4.0,10.0,9.0,3.0,5.0,0.0,1.0,,,1.0,1.0,2.0,1.0,,,,,,,,,,,,,,,,,,,,,,,0.53,0.47,,,,,,,,,,,3.0,7.0,2.0,5.0,1.0,2.0,,,,,,,,,,,,,0.0,2.0,10.0,5.0,12.0,11.0,5.0,9.0,2.0,2.0,,,0.0,1.0,4.0,1.0,,,,,,,,,,,,,K League 1,0IDCJLlH
WGh4TmpF,SOUTH KOREA,2022,SOUTH KOREA 1,SOUTH KOREA 1,19/02/2022,05:00,Round 1,Jeonbuk,x0hNfcgA,Suwon FC,6sXCYRPI,False,1,0,,,,,,[80],[],bet365,2.37,2.25,4.75,bet365,2.05,2.5,4.33,bet365,1.8,3.5,4.5,bet365,1.36,3.0,bet365,2.75,1.4,bet365,7.0,1.1,bet365,1.22,4.0,bet365,2.0,1.72,bet365,4.33,1.2,bet365,1.05,11.0,bet365,1.25,3.75,bet365,1.85,2.0,bet365,3.0,1.36,bet365,6.0,1.12,bet365,1.72,2.0,bet365,4.5,1.18,bet365,3.4,1.3,bet365,1.18,1.28,1.9,bet365,1.16,1.57,1.53,,0.0,0.0,0.0,bet365,1.3,3.4,,0.0,0.0,,0.0,0.0,bet365,2.87,15.0,34.0,4.75,5.5,9.5,21.0,15.0,7.5,bet365,1.95,1.9,bet365,2.1,1.72,bet365,1.9,1.8,bet365,11.0,bet365,7.5,bet365,13.0,bet365,6.5,bet365,8.5,bet365,23.0,bet365,8.5,bet365,15.0,bet365,15.0,bet365,15.0,bet365,51.0,bet365,15.0,bet365,34.0,bet365,23.0,bet365,41.0,bet365,6.6,1.11,bet365,5.75,1.14,bet365,3.1,1.35,bet365,2.42,1.52,bet365,1.8,2.0,bet365,1.22,4.15,,0.0,0.0,,0.0,0.0,,0.0,0.0,,0.0,0.0,,0.0,0.0,0.0,,0.0,0.0,0.0,bet365,3.0,3.6,0.0,bet365,0.0,0.0,1.9,,0.0,0.0,0.0,,0.0,0.0,0.0,,,,,,,,,,,0.56,0.44,,,,,,,,,,,9.0,9.0,4.0,2.0,5.0,7.0,,,,,,,,,,,,,2.0,6.0,12.0,23.0,20.0,22.0,21.0,11.0,4.0,2.0,,,2.0,1.0,2.0,3.0,,,,,,,,,,,,,,,,,,,,,,,0.47,0.53,,,,,,,,,,,4.0,1.0,3.0,0.0,1.0,1.0,,,,,,,,,,,,,1.0,2.0,7.0,9.0,13.0,17.0,8.0,6.0,0.0,1.0,,,1.0,1.0,0.0,3.0,,,,,,,,,,,,,,,,,,,,,,,0.65,0.35,,,,,,,,,,,5.0,8.0,1.0,2.0,4.0,6.0,,,,,,,,,,,,,1.0,4.0,5.0,14.0,7.0,5.0,13.0,5.0,4.0,1.0,,,1.0,0.0,2.0,0.0,,,,,,,,,,,,,K League 1,0IDCJLlH
0d6juoqR,SOUTH KOREA,2022,SOUTH KOREA 1,SOUTH KOREA 1,27/02/2022,07:30,Round 2,Daegu,SrMQkOnI,Jeonbuk,x0hNfcgA,False,1,1,,,,,,[80],[72],bet365,4.33,2.0,2.87,bet365,3.6,2.3,2.5,bet365,3.6,3.1,2.1,bet365,1.5,2.5,bet365,3.4,1.3,bet365,10.0,1.06,bet365,1.3,3.4,bet365,2.37,1.53,bet365,6.0,1.12,bet365,1.08,7.5,bet365,1.4,2.75,bet365,2.3,1.6,bet365,4.33,1.2,bet365,10.0,1.06,bet365,2.0,1.72,bet365,5.5,1.14,bet365,3.75,1.25,bet365,1.66,1.36,1.28,bet365,1.4,1.72,1.2,,0.0,0.0,0.0,bet365,2.5,1.5,,0.0,0.0,,0.0,0.0,bet365,6.0,15.0,29.0,7.5,4.5,5.0,34.0,15.0,3.5,bet365,1.95,1.9,bet365,2.2,1.66,bet365,2.0,1.72,bet365,7.5,bet365,9.0,bet365,6.5,bet365,6.0,bet365,17.0,bet365,9.0,bet365,13.0,bet365,9.5,bet365,17.0,bet365,41.0,bet365,19.0,bet365,34.0,bet365,19.0,bet365,41.0,bet365,34.0,,0.0,0.0,,0.0,0.0,bet365,7.0,1.1,bet365,7.0,1.1,bet365,3.45,1.3,bet365,1.7,2.1,bet365,1.3,3.45,bet365,1.21,4.25,bet365,1.1,7.0,,0.0,0.0,,0.0,0.0,0.0,,0.0,0.0,0.0,bet365,0.0,0.0,4.0,bet365,1.66,3.6,0.0,,0.0,0.0,0.0,,0.0,0.0,0.0,,,,,,,,,,,0.41,0.59,,,,,,,,,,,10.0,8.0,6.0,4.0,4.0,4.0,,,,,,,,,,,,,7.0,3.0,11.0,23.0,20.0,23.0,23.0,10.0,3.0,3.0,,,0.0,1.0,3.0,5.0,,,,,,,,,,,,,,,,,,,,,,,0.34,0.66,,,,,,,,,,,3.0,3.0,2.0,2.0,1.0,1.0,,,,,,,,,,,,,2.0,0.0,6.0,10.0,7.0,13.0,10.0,6.0,2.0,2.0,,,0.0,0.0,2.0,2.0,,,,,,,,,,,,,,,,,,,,,,,0.48,0.52,,,,,,,,,,,7.0,5.0,4.0,2.0,3.0,3.0,,,,,,,,,,,,,5.0,3.0,5.0,13.0,13.0,10.0,13.0,4.0,1.0,1.0,,,0.0,1.0,1.0,3.0,,,,,,,,,,,,,K League 1,0IDCJLlH
pKd8S7aL,SOUTH KOREA,2022,SOUTH KOREA 1,SOUTH KOREA 1,19/02/2022,07:30,Round 1,Daegu,SrMQkOnI,Seoul,8tzeYeHp,False,0,2,,,,,,[],"[24, 81]",bet365,3.4,2.05,3.4,bet365,2.87,2.3,2.87,bet365,2.62,3.1,2.7,bet365,1.44,2.62,bet365,3.25,1.33,bet365,10.0,1.06,bet365,1.28,3.5,bet365,2.25,1.57,bet365,5.5,1.14,bet365,1.07,8.5,bet365,1.36,3.0,bet365,2.15,1.66,bet365,3.75,1.25,bet365,9.0,1.07,bet365,1.83,1.83,bet365,5.5,1.14,bet365,3.5,1.28,bet365,1.44,1.36,1.44,bet365,1.3,1.72,1.3,,0.0,0.0,0.0,bet365,1.83,1.83,,0.0,0.0,,0.0,0.0,bet365,4.33,15.0,29.0,6.0,4.75,6.0,29.0,15.0,4.5,bet365,1.95,1.9,bet365,2.2,1.66,bet365,2.0,1.72,bet365,8.5,bet365,8.0,bet365,8.0,bet365,6.0,bet365,12.0,bet365,13.0,bet365,10.0,bet365,11.0,bet365,15.0,bet365,26.0,bet365,26.0,bet365,23.0,bet365,23.0,bet365,34.0,bet365,34.0,,0.0,0.0,,0.0,0.0,bet365,5.75,1.14,bet365,4.5,1.19,bet365,2.6,1.48,bet365,1.45,2.67,bet365,1.18,4.8,bet365,1.13,5.9,,0.0,0.0,,0.0,0.0,,0.0,0.0,0.0,,0.0,0.0,0.0,bet365,5.0,4.0,5.5,bet365,1.44,4.33,1.5,,0.0,0.0,0.0,,0.0,0.0,0.0,,,,,,,,,,,0.43,0.57,,,,,,,,,,,8.0,11.0,2.0,4.0,6.0,7.0,,,,,,,,,,,,,3.0,3.0,14.0,22.0,16.0,27.0,17.0,11.0,4.0,2.0,,,5.0,3.0,2.0,2.0,,,,,,,,,,,,,,,,,,,,,,,0.41,0.59,,,,,,,,,,,3.0,5.0,0.0,1.0,3.0,4.0,,,,,,,,,,,,,0.0,1.0,8.0,10.0,10.0,12.0,6.0,7.0,1.0,2.0,,,4.0,1.0,0.0,0.0,,,,,,,,,,,,,,,,,,,,,,,0.45,0.55,,,,,,,,,,,5.0,6.0,2.0,3.0,3.0,3.0,,,,,,,,,,,,,3.0,2.0,6.0,12.0,6.0,15.0,11.0,4.0,3.0,0.0,,,1.0,2.0,2.0,2.0,,,,,,,,,,,,,K League 1,0IDCJLlH
SrnDRRER,SOUTH KOREA,2022,SOUTH KOREA 1,SOUTH KOREA 1,19/02/2022,07:30,Round 1,Incheon,prJ1QuXA,Suwon Bluewings,v5I5PanH,False,1,0,,,,,,[90],[],bet365,4.5,1.83,3.25,bet365,3.75,2.05,2.75,bet365,3.6,2.8,2.3,bet365,1.66,2.1,bet365,4.33,1.2,bet365,15.0,1.03,bet365,1.4,2.75,bet365,3.0,1.36,bet365,8.0,1.08,bet365,1.14,5.5,bet365,1.61,2.2,bet365,3.1,1.36,bet365,6.5,1.11,bet365,15.0,1.03,bet365,2.37,1.53,bet365,7.0,1.1,bet365,5.0,1.16,bet365,1.57,1.4,1.28,bet365,1.33,1.83,1.16,,0.0,0.0,0.0,bet365,2.37,1.53,,0.0,0.0,,0.0,0.0,bet365,6.0,17.0,34.0,7.0,3.75,5.0,41.0,15.0,4.0,bet365,1.95,1.9,bet365,2.3,1.61,bet365,2.1,1.66,bet365,5.5,bet365,7.5,bet365,5.5,bet365,6.0,bet365,15.0,bet365,9.5,bet365,15.0,bet365,11.0,bet365,21.0,bet365,41.0,bet365,23.0,bet365,41.0,bet365,26.0,bet365,51.0,bet365,41.0,,0.0,0.0,,0.0,0.0,,0.0,0.0,bet365,7.0,1.1,bet365,3.45,1.3,bet365,1.6,2.3,bet365,1.23,4.1,bet365,1.15,5.5,,0.0,0.0,,0.0,0.0,,0.0,0.0,0.0,,0.0,0.0,0.0,bet365,0.0,0.0,5.0,bet365,1.57,3.6,0.0,,0.0,0.0,0.0,,0.0,0.0,0.0,,,,,,,,,,,0.54,0.46,,,,,,,,,,,17.0,5.0,10.0,2.0,7.0,3.0,,,,,,,,,,,,,5.0,5.0,9.0,16.0,8.0,15.0,15.0,9.0,1.0,2.0,0.0,1.0,1.0,0.0,2.0,9.0,,,,,,,,,,,,,,,,,,,,,,,0.49,0.51,,,,,,,,,,,8.0,2.0,2.0,1.0,6.0,1.0,,,,,,,,,,,,,0.0,2.0,4.0,9.0,8.0,8.0,8.0,4.0,0.0,2.0,0.0,1.0,1.0,0.0,1.0,2.0,,,,,,,,,,,,,,,,,,,,,,,0.59,0.41,,,,,,,,,,,9.0,3.0,8.0,1.0,1.0,2.0,,,,,,,,,,,,,5.0,3.0,5.0,7.0,0.0,7.0,7.0,5.0,1.0,0.0,,,0.0,0.0,1.0,7.0,,,,,,,,,,,,,K League 1,0IDCJLlH
G8WnLPie,SOUTH KOREA,2022,SOUTH KOREA 1,SOUTH KOREA 1,20/02/2022,07:30,Round 1,Ulsan HD,EVEwgyOM,Gimcheon Sangmu,IaoBca9i,False,0,0,,,,,,[],[],bet365,2.75,2.1,4.33,bet365,2.25,2.37,4.0,bet365,2.05,3.0,4.2,bet365,1.44,2.62,bet365,3.25,1.33,bet365,9.0,1.07,bet365,1.25,3.75,bet365,2.2,1.61,bet365,5.0,1.16,bet365,1.08,8.0,bet365,1.33,3.25,bet365,2.15,1.66,bet365,3.75,1.25,bet365,8.0,1.08,bet365,1.83,1.83,bet365,5.5,1.14,bet365,3.5,1.28,bet365,1.22,1.36,1.72,bet365,1.2,1.66,1.4,,0.0,0.0,0.0,bet365,1.4,2.75,,0.0,0.0,,0.0,0.0,bet365,3.4,15.0,41.0,4.75,4.75,8.0,23.0,15.0,6.5,bet365,1.95,1.9,bet365,2.1,1.72,bet365,2.0,1.72,bet365,8.0,bet365,7.0,bet365,11.0,bet365,6.0,bet365,9.0,bet365,21.0,bet365,9.0,bet365,15.0,bet365,15.0,bet365,17.0,bet365,41.0,bet365,17.0,bet365,34.0,bet365,29.0,bet365,41.0,bet365,7.0,1.1,bet365,7.0,1.1,bet365,3.8,1.25,bet365,3.0,1.38,bet365,2.05,1.8,bet365,1.24,3.9,,0.0,0.0,,0.0,0.0,,0.0,0.0,,0.0,0.0,,0.0,0.0,0.0,,0.0,0.0,0.0,bet365,3.75,3.75,0.0,bet365,0.0,0.0,1.72,,0.0,0.0,0.0,,0.0,0.0,0.0,,,,,,,,,,,0.6,0.4,,,,,,,,,,,20.0,6.0,10.0,2.0,10.0,4.0,,,,,,,,,,,,,5.0,1.0,14.0,13.0,8.0,12.0,11.0,13.0,2.0,2.0,0.0,1.0,2.0,1.0,2.0,10.0,,,,,,,,,,,,,,,,,,,,,,,0.53,0.47,,,,,,,,,,,9.0,3.0,4.0,1.0,5.0,2.0,,,,,,,,,,,,,2.0,0.0,8.0,5.0,5.0,8.0,4.0,7.0,0.0,1.0,,,1.0,1.0,1.0,4.0,,,,,,,,,,,,,,,,,,,,,,,0.67,0.33,,,,,,,,,,,11.0,3.0,6.0,1.0,5.0,2.0,,,,,,,,,,,,,3.0,1.0,6.0,8.0,3.0,4.0,7.0,6.0,2.0,1.0,0.0,1.0,1.0,0.0,1.0,6.0,,,,,,,,,,,,,K League 1,0IDCJLlH
bXLiKq71,SOUTH KOREA,2022,SOUTH KOREA 1,SOUTH KOREA 1,26/02/2022,05:00,Round 2,Suwon Bluewings,v5I5PanH,Suwon FC,6sXCYRPI,False,1,0,,,,,,[22],[15],bet365,4.0,1.83,3.4,bet365,3.4,2.1,2.87,bet365,3.25,2.8,2.45,bet365,1.61,2.2,bet365,4.0,1.22,bet365,13.0,1.04,bet365,1.4,2.75,bet365,2.75,1.4,bet365,8.0,1.08,bet365,1.14,5.5,bet365,1.57,2.25,bet365,2.87,1.4,bet365,6.0,1.12,bet365,15.0,1.03,bet365,2.2,1.61,bet365,7.0,1.1,bet365,4.5,1.18,bet365,1.53,1.4,1.33,bet365,1.3,1.83,1.22,,0.0,0.0,0.0,bet365,2.2,1.61,,0.0,0.0,,0.0,0.0,bet365,5.5,15.0,34.0,6.5,4.0,5.5,41.0,15.0,4.33,bet365,1.95,1.9,bet365,2.3,1.61,bet365,2.1,1.66,bet365,5.5,bet365,7.0,bet365,6.0,bet365,5.5,bet365,15.0,bet365,10.0,bet365,13.0,bet365,11.0,bet365,19.0,bet365,34.0,bet365,23.0,bet365,34.0,bet365,26.0,bet365,51.0,bet365,41.0,,0.0,0.0,,0.0,0.0,bet365,7.0,1.1,bet365,6.6,1.11,bet365,3.1,1.35,bet365,1.55,2.38,bet365,1.21,4.25,bet365,1.15,5.5,,0.0,0.0,,0.0,0.0,,0.0,0.0,0.0,,0.0,0.0,0.0,bet365,5.5,4.0,5.5,bet365,1.53,3.75,1.44,,0.0,0.0,0.0,,0.0,0.0,0.0,,,,,,,,,,,0.42,0.59,,,,,,,,,,,7.0,13.0,4.0,4.0,3.0,9.0,,,,,,,,,,,,,4.0,3.0,16.0,24.0,13.0,13.0,22.0,15.0,1.0,1.0,,,2.0,1.0,4.0,3.0,,,,,,,,,,,,,,,,,,,,,,,0.5,0.5,,,,,,,,,,,3.0,6.0,3.0,3.0,0.0,3.0,,,,,,,,,,,,,2.0,1.0,7.0,11.0,8.0,5.0,10.0,6.0,1.0,1.0,,,1.0,1.0,3.0,2.0,,,,,,,,,,,,,,,,,,,,,,,0.33,0.67,,,,,,,,,,,4.0,7.0,1.0,1.0,3.0,6.0,,,,,,,,,,,,,2.0,2.0,9.0,13.0,5.0,8.0,12.0,9.0,,,,,1.0,0.0,1.0,1.0,,,,,,,,,,,,,K League 1,0IDCJLlH
UBdMZO6l,SOUTH KOREA,2022,SOUTH KOREA 1,SOUTH KOREA 1,01/03/2022,05:00,Round 3,Suwon Bluewings,v5I5PanH,Jeju SK,vFZJewv4,False,0,1,,,,,,[],[64],bet365,4.33,1.9,3.1,bet365,3.75,2.2,2.62,bet365,3.5,3.0,2.2,bet365,1.57,2.25,bet365,3.75,1.25,bet365,13.0,1.04,bet365,1.36,3.0,bet365,2.62,1.44,bet365,7.0,1.1,bet365,1.11,6.5,bet365,1.5,2.5,bet365,2.7,1.44,bet365,5.5,1.14,bet365,13.0,1.04,bet365,2.2,1.61,bet365,6.5,1.11,bet365,4.33,1.2,bet365,1.61,1.36,1.28,bet365,1.36,1.8,1.2,,0.0,0.0,0.0,bet365,2.37,1.53,,0.0,0.0,,0.0,0.0,bet365,6.0,15.0,29.0,7.0,4.0,5.0,41.0,15.0,3.75,bet365,1.95,1.9,bet365,2.3,1.61,bet365,2.0,1.72,bet365,6.5,bet365,8.0,bet365,6.0,bet365,6.0,bet365,17.0,bet365,9.0,bet365,13.0,bet365,10.0,bet365,19.0,bet365,41.0,bet365,21.0,bet365,34.0,bet365,21.0,bet365,51.0,bet365,41.0,,0.0,0.0,,0.0,0.0,bet365,6.8,1.1,bet365,7.0,1.1,bet365,3.3,1.32,bet365,1.63,2.25,bet365,1.26,3.7,bet365,1.18,4.8,,0.0,0.0,,0.0,0.0,,0.0,0.0,0.0,,0.0,0.0,0.0,bet365,5.5,4.0,4.5,bet365,1.61,3.6,1.5,,0.0,0.0,0.0,,0.0,0.0,0.0,,,,,,,,,,,0.46,0.54,,,,,,,,,,,9.0,11.0,5.0,9.0,4.0,2.0,,,,,,,,,,,,,5.0,6.0,12.0,14.0,11.0,15.0,9.0,13.0,2.0,3.0,,,3.0,1.0,8.0,5.0,,,,,,,,,,,,,,,,,,,,,,,0.45,0.55,,,,,,,,,,,5.0,5.0,3.0,4.0,2.0,1.0,,,,,,,,,,,,,4.0,3.0,6.0,4.0,5.0,7.0,3.0,6.0,2.0,2.0,,,1.0,0.0,4.0,3.0,,,,,,,,,,,,,,,,,,,,,,,0.47,0.53,,,,,,,,,,,4.0,6.0,2.0,5.0,2.0,1.0,,,,,,,,,,,,,1.0,3.0,6.0,10.0,6.0,8.0,6.0,7.0,0.0,1.0,,,2.0,1.0,4.0,2.0,,,,,,,,,,,,,K League 1,0IDCJLlH
EaWPgpbK,SOUTH KOREA,2022,SOUTH KOREA 1,SOUTH KOREA 1,05/03/2022,07:30,Round 4,Gangwon,A144gewT,Daegu,SrMQkOnI,False,2,0,,,,,,"[54, 82]",[],bet365,3.6,2.05,3.2,bet365,3.1,2.3,2.75,bet365,2.8,3.2,2.4,bet365,1.5,2.5,bet365,3.4,1.3,bet365,10.0,1.06,bet365,1.28,3.5,bet365,2.25,1.57,bet365,5.5,1.14,bet365,1.07,8.5,bet365,1.36,3.0,bet365,2.15,1.66,bet365,4.0,1.22,bet365,9.0,1.07,bet365,1.83,1.83,bet365,5.5,1.14,bet365,3.75,1.25,bet365,1.53,1.36,1.4,bet365,1.36,1.72,1.28,,0.0,0.0,0.0,bet365,2.0,1.72,,0.0,0.0,,0.0,0.0,bet365,4.75,15.0,29.0,6.5,4.75,5.5,29.0,15.0,4.0,bet365,1.95,1.9,bet365,2.2,1.66,bet365,2.0,1.72,bet365,8.5,bet365,8.0,bet365,7.5,bet365,6.0,bet365,13.0,bet365,11.0,bet365,11.0,bet365,10.0,bet365,15.0,bet365,29.0,bet365,23.0,bet365,26.0,bet365,21.0,bet365,34.0,bet365,34.0,,0.0,0.0,,0.0,0.0,bet365,6.25,1.12,bet365,5.25,1.16,bet365,2.75,1.43,bet365,1.55,2.38,bet365,1.23,4.0,bet365,1.16,5.25,,0.0,0.0,,0.0,0.0,,0.0,0.0,0.0,,0.0,0.0,0.0,bet365,5.5,4.0,5.0,bet365,1.53,4.0,1.5,,0.0,0.0,0.0,,0.0,0.0,0.0,,,,,,,,,,,0.43,0.57,,,,,,,,,,,7.0,9.0,4.0,3.0,3.0,6.0,,,,,,,,,,,,,4.0,3.0,16.0,18.0,19.0,20.0,16.0,15.0,3.0,2.0,,,2.0,1.0,3.0,2.0,,,,,,,,,,,,,,,,,,,,,,,0.44,0.56,,,,,,,,,,,1.0,6.0,1.0,2.0,0.0,4.0,,,,,,,,,,,,,3.0,3.0,8.0,8.0,8.0,13.0,7.0,8.0,1.0,0.0,,,1.0,0.0,2.0,1.0,,,,,,,,,,,,,,,,,,,,,,,0.42,0.58,,,,,,,,,,,6.0,3.0,3.0,1.0,3.0,2.0,,,,,,,,,,,,,1.0,0.0,8.0,10.0,11.0,7.0,9.0,7.0,2.0,2.0,,,1.0,1.0,1.0,1.0,,,,,,,,,,,,,K League 1,0IDCJLlH
K0kZWMj7,SOUTH KOREA,2022,SOUTH KOREA 1,SOUTH KOREA 1,02/03/2022,10:00,Round 3,Jeonbuk,x0hNfcgA,Pohang,KIIIipI5,False,0,1,,,,,,[],[74],bet365,2.75,2.05,4.33,bet365,2.4,2.37,3.75,bet365,2.05,3.2,3.8,bet365,1.44,2.62,bet365,3.25,1.33,bet365,9.0,1.07,bet365,1.28,3.5,bet365,2.25,1.57,bet365,5.5,1.14,bet365,1.07,8.5,bet365,1.33,3.25,bet365,2.1,1.7,bet365,3.75,1.25,bet365,8.0,1.08,bet365,1.83,1.83,bet365,5.5,1.14,bet365,3.5,1.28,bet365,1.25,1.36,1.72,bet365,1.2,1.72,1.4,,0.0,0.0,0.0,bet365,1.44,2.62,,0.0,0.0,,0.0,0.0,bet365,3.4,15.0,34.0,5.0,4.75,7.5,26.0,15.0,6.0,bet365,1.95,1.9,bet365,2.1,1.72,bet365,2.0,1.72,bet365,8.5,bet365,7.0,bet365,10.0,bet365,6.0,bet365,9.5,bet365,19.0,bet365,9.0,bet365,13.0,bet365,15.0,bet365,19.0,bet365,41.0,bet365,17.0,bet365,34.0,bet365,29.0,bet365,41.0,bet365,7.0,1.1,bet365,6.8,1.1,bet365,3.9,1.24,bet365,3.1,1.35,bet365,2.1,1.77,bet365,1.27,3.55,,0.0,0.0,,0.0,0.0,,0.0,0.0,,0.0,0.0,,0.0,0.0,0.0,,0.0,0.0,0.0,bet365,3.75,3.6,0.0,bet365,0.0,0.0,1.72,,0.0,0.0,0.0,,0.0,0.0,0.0,,,,,,,,,,,0.62,0.38,,,,,,,,,,,8.0,15.0,4.0,8.0,4.0,7.0,,,,,,,,,,,,,6.0,5.0,19.0,18.0,18.0,17.0,15.0,18.0,4.0,2.0,,,4.0,0.0,7.0,4.0,,,,,,,,,,,,,,,,,,,,,,,0.59,0.41,,,,,,,,,,,2.0,9.0,0.0,4.0,2.0,5.0,,,,,,,,,,,,,3.0,4.0,8.0,9.0,12.0,11.0,7.0,8.0,2.0,0.0,,,2.0,0.0,4.0,0.0,,,,,,,,,,,,,,,,,,,,,,,0.65,0.35,,,,,,,,,,,6.0,6.0,4.0,4.0,2.0,2.0,,,,,,,,,,,,,3.0,1.0,11.0,9.0,6.0,6.0,8.0,10.0,2.0,2.0,,,2.0,0.0,3.0,4.0,,,,,,,,,,,,,K League 1,0IDCJLlH
UiYvNoNr,SOUTH KOREA,2022,SOUTH KOREA 1,SOUTH KOREA 1,20/02/2022,05:00,Round 1,Jeju SK,vFZJewv4,Pohang,KIIIipI5,False,0,3,,,,,,[],"[19, 74, 90]",bet365,3.0,1.95,4.33,bet365,2.6,2.25,3.5,bet365,2.2,3.0,3.6,bet365,1.53,2.37,bet365,3.5,1.28,bet365,11.0,1.05,bet365,1.33,3.25,bet365,2.5,1.5,bet365,6.5,1.11,bet365,1.1,7.0,bet365,1.44,2.62,bet365,2.4,1.53,bet365,4.5,1.18,bet365,11.0,1.05,bet365,2.0,1.72,bet365,6.0,1.12,bet365,4.0,1.22,bet365,1.28,1.36,1.61,bet365,1.2,1.8,1.36,,0.0,0.0,0.0,bet365,1.53,2.37,,0.0,0.0,,0.0,0.0,bet365,3.75,15.0,34.0,5.0,4.33,7.0,29.0,15.0,6.0,bet365,1.95,1.9,bet365,2.2,1.66,bet365,2.0,1.72,bet365,7.0,bet365,6.5,bet365,8.5,bet365,6.0,bet365,9.5,bet365,17.0,bet365,9.5,bet365,13.0,bet365,17.0,bet365,21.0,bet365,41.0,bet365,21.0,bet365,34.0,bet365,34.0,bet365,41.0,,0.0,0.0,,0.0,0.0,bet365,4.5,1.19,bet365,3.55,1.27,bet365,2.2,1.65,bet365,1.3,3.45,bet365,1.1,7.0,bet365,1.1,7.0,,0.0,0.0,,0.0,0.0,,0.0,0.0,0.0,,0.0,0.0,0.0,bet365,4.5,3.6,5.5,bet365,1.4,4.33,1.61,,0.0,0.0,0.0,,0.0,0.0,0.0,,,,,,,,,,,0.62,0.38,,,,,,,,,,,9.0,7.0,1.0,6.0,8.0,1.0,,,,,,,,,,,,,6.0,1.0,17.0,17.0,15.0,18.0,16.0,17.0,2.0,4.0,,,1.0,0.0,3.0,1.0,,,,,,,,,,,,,,,,,,,,,,,0.48,0.52,,,,,,,,,,,4.0,4.0,1.0,3.0,3.0,1.0,,,,,,,,,,,,,1.0,0.0,10.0,11.0,5.0,13.0,11.0,10.0,1.0,2.0,,,0.0,0.0,2.0,1.0,,,,,,,,,,,,,,,,,,,,,,,0.76,0.24,,,,,,,,,,,5.0,3.0,0.0,3.0,5.0,0.0,,,,,,,,,,,,,5.0,1.0,7.0,6.0,10.0,5.0,5.0,7.0,1.0,2.0,,,1.0,0.0,1.0,0.0,,,,,,,,,,,,,K League 1,0IDCJLlH
