Match_ID,Country,Season,Div,League,Date,Time,Round,Home,Home_ID,Away,Away_ID,Neutral_Location,Home_Score,Away_Score,LegMatch,First_Leg_Home_Score,First_Leg_Away_Score,Agg_Home_Score,Agg_Away_Score,Min_Goals_Home,Min_Goals_Away,Bookie_1X2_HT,Odd_1_HT,Odd_X_HT,Odd_2_HT,Bookie_1X2_2T,Odd_1_2T,Odd_X_2T,Odd_2_2T,Bookie_1X2_FT,Odd_1_FT,Odd_X_FT,Odd_2_FT,Bookie_OU_HT_0_5,Over_HT_0_5,Under_HT_0_5,Bookie_OU_HT_1_5,Over_HT_1_5,Under_HT_1_5,Bookie_OU_HT_2_5,Over_HT_2_5,Under_HT_2_5,Bookie_OU_2T_0_5,Over_2T_0_5,Under_2T_0_5,Bookie_OU_2T_1_5,Over_2T_1_5,Under_2T_1_5,Bookie_OU_2T_2_5,Over_2T_2_5,Under_2T_2_5,Bookie_OU_FT_0_5,Over_FT_0_5,Under_FT_0_5,Bookie_OU_FT_1_5,Over_FT_1_5,Under_FT_1_5,Bookie_OU_FT_2_5,Over_FT_2_5,Under_FT_2_5,Bookie_OU_FT_3_5,Over_FT_3_5,Under_FT_3_5,Bookie_OU_FT_4_5,Over_FT_4_5,Under_FT_4_5,Bookie_BTTS,BTTS_Yes,BTTS_No,Bookie_BTTS_HT,BTTS_Yes_HT,BTTS_No_HT,Bookie_BTTS_2T,BTTS_Yes_2T,BTTS_No_2T,Bookie_DC,DC_1X,DC_12,DC_X2,Bookie_DC_HT,DC_1X_HT,DC_12_HT,DC_X2_HT,Bookie_DC_2T,DC_1X_2T,DC_12_2T,DC_X2_2T,Bookie_DNB_FT,DNB_Home_FT,DNB_Away_FT,Bookie_DNB_HT,DNB_Home_HT,DNB_Away_HT,Bookie_DNB_2T,DNB_Home_2T,DNB_Away_2T,Bookie_HT_FT,HT_FT_1_1,HT_FT_1_X,HT_FT_1_2,HT_FT_X_1,HT_FT_X_X,HT_FT_X_2,HT_FT_2_1,HT_FT_2_X,HT_FT_2_2,Bookie_OE_FT,OE_Odd_FT,OE_Even_FT,Bookie_OE_HT,OE_Odd_HT,OE_Even_HT,Bookie_OE_2T,OE_Odd_2T,OE_Even_2T,Bookie_CS_0_0,CS_0_0,Bookie_CS_1_0,CS_1_0,Bookie_CS_0_1,CS_0_1,Bookie_CS_1_1,CS_1_1,Bookie_CS_2_0,CS_2_0,Bookie_CS_0_2,CS_0_2,Bookie_CS_2_1,CS_2_1,Bookie_CS_1_2,CS_1_2,Bookie_CS_2_2,CS_2_2,Bookie_CS_3_0,CS_3_0,Bookie_CS_0_3,CS_0_3,Bookie_CS_3_1,CS_3_1,Bookie_CS_1_3,CS_1_3,Bookie_CS_3_2,CS_3_2,Bookie_CS_2_3,CS_2_3,Bookie_AH_neg_2_5,AH_Home_neg_2_5,AH_Away_neg_2_5,Bookie_AH_neg_2_0,AH_Home_neg_2_0,AH_Away_neg_2_0,Bookie_AH_neg_1_5,AH_Home_neg_1_5,AH_Away_neg_1_5,Bookie_AH_neg_1_0,AH_Home_neg_1_0,AH_Away_neg_1_0,Bookie_AH_neg_0_5,AH_Home_neg_0_5,AH_Away_neg_0_5,Bookie_AH_pos_0_5,AH_Home_pos_0_5,AH_Away_pos_0_5,Bookie_AH_pos_1_0,AH_Home_pos_1_0,AH_Away_pos_1_0,Bookie_AH_pos_1_5,AH_Home_pos_1_5,AH_Away_pos_1_5,Bookie_AH_pos_2_0,AH_Home_pos_2_0,AH_Away_pos_2_0,Bookie_AH_pos_2_5,AH_Home_pos_2_5,AH_Away_pos_2_5,Bookie_EH_neg_3,EH_Home_neg_3,EH_Draw_neg_3,EH_Away_neg_3,Bookie_EH_neg_2,EH_Home_neg_2,EH_Draw_neg_2,EH_Away_neg_2,Bookie_EH_neg_1,EH_Home_neg_1,EH_Draw_neg_1,EH_Away_neg_1,Bookie_EH_pos_1,EH_Home_pos_1,EH_Draw_pos_1,EH_Away_pos_1,Bookie_EH_pos_2,EH_Home_pos_2,EH_Draw_pos_2,EH_Away_pos_2,Bookie_EH_pos_3,EH_Home_pos_3,EH_Draw_pos_3,EH_Away_pos_3,xG_Home_FT,xG_Away_FT,xGOT_Home_FT,xGOT_Away_FT,xA_Home_FT,xA_Away_FT,xGOT_Faced_Home_FT,xGOT_Faced_Away_FT,Goals_Prevented_Home_FT,Goals_Prevented_Away_FT,Possession_Home_FT,Possession_Away_FT,Passes_Pct_Home_FT,Passes_Pct_Away_FT,Long_Passes_Pct_Home_FT,Long_Passes_Pct_Away_FT,Passes_Final_Third_Pct_Home_FT,Passes_Final_Third_Pct_Away_FT,Through_Passes_Home_FT,Through_Passes_Away_FT,Crosses_Pct_Home_FT,Crosses_Pct_Away_FT,Total_Shots_Home_FT,Total_Shots_Away_FT,Shots_On_Target_Home_FT,Shots_On_Target_Away_FT,Shots_Off_Target_Home_FT,Shots_Off_Target_Away_FT,Blocked_Shots_Home_FT,Blocked_Shots_Away_FT,Shots_Inside_Box_Home_FT,Shots_Inside_Box_Away_FT,Shots_Outside_Box_Home_FT,Shots_Outside_Box_Away_FT,Big_Chances_Home_FT,Big_Chances_Away_FT,Hit_Woodwork_Home_FT,Hit_Woodwork_Away_FT,Touches_Box_Home_FT,Touches_Box_Away_FT,Corners_Home_FT,Corners_Away_FT,Free_Kicks_Home_FT,Free_Kicks_Away_FT,Throw_Ins_Home_FT,Throw_Ins_Away_FT,Fouls_Home_FT,Fouls_Away_FT,Yellow_Cards_Home_FT,Yellow_Cards_Away_FT,Red_Cards_Home_FT,Red_Cards_Away_FT,Offsides_Home_FT,Offsides_Away_FT,Goalkeeper_Saves_Home_FT,Goalkeeper_Saves_Away_FT,Tackles_Pct_Home_FT,Tackles_Pct_Away_FT,Duels_Won_Home_FT,Duels_Won_Away_FT,Clearances_Home_FT,Clearances_Away_FT,Interceptions_Home_FT,Interceptions_Away_FT,Errors_Shot_Home_FT,Errors_Shot_Away_FT,Errors_Goal_Home_FT,Errors_Goal_Away_FT,xG_Home_HT,xG_Away_HT,xGOT_Home_HT,xGOT_Away_HT,xA_Home_HT,xA_Away_HT,xGOT_Faced_Home_HT,xGOT_Faced_Away_HT,Goals_Prevented_Home_HT,Goals_Prevented_Away_HT,Possession_Home_HT,Possession_Away_HT,Passes_Pct_Home_HT,Passes_Pct_Away_HT,Long_Passes_Pct_Home_HT,Long_Passes_Pct_Away_HT,Passes_Final_Third_Pct_Home_HT,Passes_Final_Third_Pct_Away_HT,Through_Passes_Home_HT,Through_Passes_Away_HT,Crosses_Pct_Home_HT,Crosses_Pct_Away_HT,Total_Shots_Home_HT,Total_Shots_Away_HT,Shots_On_Target_Home_HT,Shots_On_Target_Away_HT,Shots_Off_Target_Home_HT,Shots_Off_Target_Away_HT,Blocked_Shots_Home_HT,Blocked_Shots_Away_HT,Shots_Inside_Box_Home_HT,Shots_Inside_Box_Away_HT,Shots_Outside_Box_Home_HT,Shots_Outside_Box_Away_HT,Big_Chances_Home_HT,Big_Chances_Away_HT,Hit_Woodwork_Home_HT,Hit_Woodwork_Away_HT,Touches_Box_Home_HT,Touches_Box_Away_HT,Corners_Home_HT,Corners_Away_HT,Free_Kicks_Home_HT,Free_Kicks_Away_HT,Throw_Ins_Home_HT,Throw_Ins_Away_HT,Fouls_Home_HT,Fouls_Away_HT,Yellow_Cards_Home_HT,Yellow_Cards_Away_HT,Red_Cards_Home_HT,Red_Cards_Away_HT,Offsides_Home_HT,Offsides_Away_HT,Goalkeeper_Saves_Home_HT,Goalkeeper_Saves_Away_HT,Tackles_Pct_Home_HT,Tackles_Pct_Away_HT,Duels_Won_Home_HT,Duels_Won_Away_HT,Clearances_Home_HT,Clearances_Away_HT,Interceptions_Home_HT,Interceptions_Away_HT,Errors_Shot_Home_HT,Errors_Shot_Away_HT,Errors_Goal_Home_HT,Errors_Goal_Away_HT,xG_Home_2T,xG_Away_2T,xGOT_Home_2T,xGOT_Away_2T,xA_Home_2T,xA_Away_2T,xGOT_Faced_Home_2T,xGOT_Faced_Away_2T,Goals_Prevented_Home_2T,Goals_Prevented_Away_2T,Possession_Home_2T,Possession_Away_2T,Passes_Pct_Home_2T,Passes_Pct_Away_2T,Long_Passes_Pct_Home_2T,Long_Passes_Pct_Away_2T,Passes_Final_Third_Pct_Home_2T,Passes_Final_Third_Pct_Away_2T,Through_Passes_Home_2T,Through_Passes_Away_2T,Crosses_Pct_Home_2T,Crosses_Pct_Away_2T,Total_Shots_Home_2T,Total_Shots_Away_2T,Shots_On_Target_Home_2T,Shots_On_Target_Away_2T,Shots_Off_Target_Home_2T,Shots_Off_Target_Away_2T,Blocked_Shots_Home_2T,Blocked_Shots_Away_2T,Shots_Inside_Box_Home_2T,Shots_Inside_Box_Away_2T,Shots_Outside_Box_Home_2T,Shots_Outside_Box_Away_2T,Big_Chances_Home_2T,Big_Chances_Away_2T,Hit_Woodwork_Home_2T,Hit_Woodwork_Away_2T,Touches_Box_Home_2T,Touches_Box_Away_2T,Corners_Home_2T,Corners_Away_2T,Free_Kicks_Home_2T,Free_Kicks_Away_2T,Throw_Ins_Home_2T,Throw_Ins_Away_2T,Fouls_Home_2T,Fouls_Away_2T,Yellow_Cards_Home_2T,Yellow_Cards_Away_2T,Red_Cards_Home_2T,Red_Cards_Away_2T,Offsides_Home_2T,Offsides_Away_2T,Goalkeeper_Saves_Home_2T,Goalkeeper_Saves_Away_2T,Tackles_Pct_Home_2T,Tackles_Pct_Away_2T,Duels_Won_Home_2T,Duels_Won_Away_2T,Clearances_Home_2T,Clearances_Away_2T,Interceptions_Home_2T,Interceptions_Away_2T,Errors_Shot_Home_2T,Errors_Shot_Away_2T,Errors_Goal_Home_2T,Errors_Goal_Away_2T
dQtDvYqG,UZBEKISTAN,2021,UZBEKISTAN 1,UZBEKISTAN 1,21/11/2021,11:15,Round 25,Metallurg Bekabad,ptMIc8Vo,Turon,nZLTSNfr,False,1,0,,,,,,[22],[],,0.0,0.0,0.0,,0.0,0.0,0.0,,0.0,0.0,0.0,,0.0,0.0,,0.0,0.0,,0,0,,0,0,,0.0,0.0,,0,0,,0.0,0.0,,0.0,0.0,,0.0,0.0,,0.0,0.0,,0.0,0.0,,0.0,0.0,,0,0,,0,0,,0.0,0.0,0.0,,0.0,0.0,0.0,,0,0,0,,0.0,0.0,,0.0,0.0,,0.0,0.0,,0.0,0.0,0.0,0.0,0.0,0.0,0.0,0.0,0.0,,0.0,0.0,,0,0,,0,0,,0.0,,0.0,,0.0,,0.0,,0.0,,0.0,,0.0,,0.0,,0.0,,0.0,,0.0,,0.0,,0.0,,0.0,,0.0,,0,0,,0,0,,0,0,,0,0,,0,0,,0,0,,0,0,,0,0,,0,0,,0,0,,0,0,0,,0.0,0.0,0.0,,0.0,0.0,0.0,,0.0,0.0,0.0,,0.0,0.0,0.0,,0,0,0,,,,,,,,,,,0.51,0.49,,,,,,,,,,,5.0,13.0,3.0,5.0,2.0,8.0,,,,,,,,,,,,,3.0,8.0,11.0,17.0,25.0,23.0,,,3.0,2.0,,,,,5.0,2.0,,,,,,,,,,,,,,,,,,,,,,,0.52,0.48,,,,,,,,,,,4.0,1.0,2.0,1.0,2.0,0.0,,,,,,,,,,,,,1.0,4.0,8.0,10.0,12.0,8.0,,,1.0,0.0,,,,,1.0,1.0,,,,,,,,,,,,,,,,,,,,,,,0.5,0.5,,,,,,,,,,,1.0,12.0,1.0,4.0,0.0,8.0,,,,,,,,,,,,,2.0,4.0,3.0,7.0,13.0,15.0,,,2.0,2.0,,,,,4.0,1.0,,,,,,,,,,,,
QFkVfgUd,UZBEKISTAN,2021,UZBEKISTAN 1,UZBEKISTAN 1,27/11/2021,10:00,Round 26,Navbahor Namangan,AiFncn0b,Kokand 1912,6DWZyFY4,False,2,3,,,,,,"[12, 90]","[5, 54, 60]",,0.0,0.0,0.0,,0.0,0.0,0.0,,0.0,0.0,0.0,,0.0,0.0,,0.0,0.0,,0,0,,0,0,,0.0,0.0,,0,0,,0.0,0.0,,0.0,0.0,,0.0,0.0,,0.0,0.0,,0.0,0.0,,0.0,0.0,,0,0,,0,0,,0.0,0.0,0.0,,0.0,0.0,0.0,,0,0,0,,0.0,0.0,,0.0,0.0,,0.0,0.0,,0.0,0.0,0.0,0.0,0.0,0.0,0.0,0.0,0.0,,0.0,0.0,,0,0,,0,0,,0.0,,0.0,,0.0,,0.0,,0.0,,0.0,,0.0,,0.0,,0.0,,0.0,,0.0,,0.0,,0.0,,0.0,,0.0,,0,0,,0,0,,0,0,,0,0,,0,0,,0,0,,0,0,,0,0,,0,0,,0,0,,0,0,0,,0.0,0.0,0.0,,0.0,0.0,0.0,,0.0,0.0,0.0,,0.0,0.0,0.0,,0,0,0,,,,,,,,,,,0.48,0.52,,,,,,,,,,,13.0,4.0,4.0,3.0,9.0,1.0,,,,,,,,,,,,,5.0,2.0,18.0,19.0,18.0,21.0,,,1.0,1.0,,,,,0.0,2.0,,,,,,,,,,,,,,,,,,,,,,,0.48,0.52,,,,,,,,,,,6.0,2.0,2.0,1.0,4.0,1.0,,,,,,,,,,,,,2.0,1.0,10.0,9.0,9.0,13.0,,,1.0,1.0,,,,,0.0,1.0,,,,,,,,,,,,,,,,,,,,,,,0.48,0.52,,,,,,,,,,,7.0,2.0,2.0,2.0,5.0,0.0,,,,,,,,,,,,,3.0,1.0,8.0,10.0,9.0,8.0,,,,,,,,,0.0,1.0,,,,,,,,,,,,
dQKsPhpT,UZBEKISTAN,2021,UZBEKISTAN 1,UZBEKISTAN 1,04/11/2021,13:15,Round 24,Bunyodkor,lI4EpIdE,Qizilqum,rkVBg4aN,False,1,0,,,,,,[90],[],,0.0,0.0,0.0,,0.0,0.0,0.0,,0.0,0.0,0.0,,0.0,0.0,,0.0,0.0,,0,0,,0,0,,0.0,0.0,,0,0,,0.0,0.0,,0.0,0.0,,0.0,0.0,,0.0,0.0,,0.0,0.0,,0.0,0.0,,0,0,,0,0,,0.0,0.0,0.0,,0.0,0.0,0.0,,0,0,0,,0.0,0.0,,0.0,0.0,,0.0,0.0,,0.0,0.0,0.0,0.0,0.0,0.0,0.0,0.0,0.0,,0.0,0.0,,0,0,,0,0,,0.0,,0.0,,0.0,,0.0,,0.0,,0.0,,0.0,,0.0,,0.0,,0.0,,0.0,,0.0,,0.0,,0.0,,0.0,,0,0,,0,0,,0,0,,0,0,,0,0,,0,0,,0,0,,0,0,,0,0,,0,0,,0,0,0,,0.0,0.0,0.0,,0.0,0.0,0.0,,0.0,0.0,0.0,,0.0,0.0,0.0,,0,0,0,,,,,,,,,,,0.47,0.53,,,,,,,,,,,11.0,5.0,3.0,3.0,8.0,2.0,,,,,,,,,,,,,5.0,3.0,17.0,23.0,16.0,26.0,,,5.0,2.0,,,,,3.0,2.0,,,,,,,,,,,,,,,,,,,,,,,0.49,0.51,,,,,,,,,,,5.0,1.0,1.0,0.0,4.0,1.0,,,,,,,,,,,,,2.0,1.0,6.0,8.0,3.0,10.0,,,1.0,2.0,,,,,0.0,1.0,,,,,,,,,,,,,,,,,,,,,,,0.45,0.55,,,,,,,,,,,6.0,4.0,2.0,3.0,4.0,1.0,,,,,,,,,,,,,3.0,2.0,11.0,15.0,13.0,16.0,,,4.0,0.0,,,,,3.0,1.0,,,,,,,,,,,,
8bojjVrS,UZBEKISTAN,2021,UZBEKISTAN 1,UZBEKISTAN 1,27/11/2021,10:00,Round 26,Nasaf Qarshi,W0GrbSph,Lok. Tashkent,6NblEC0J,False,1,3,,,,,,[7],"[70, 76, 82]",,0.0,0.0,0.0,,0.0,0.0,0.0,,0.0,0.0,0.0,,0.0,0.0,,0.0,0.0,,0,0,,0,0,,0.0,0.0,,0,0,,0.0,0.0,,0.0,0.0,,0.0,0.0,,0.0,0.0,,0.0,0.0,,0.0,0.0,,0,0,,0,0,,0.0,0.0,0.0,,0.0,0.0,0.0,,0,0,0,,0.0,0.0,,0.0,0.0,,0.0,0.0,,0.0,0.0,0.0,0.0,0.0,0.0,0.0,0.0,0.0,,0.0,0.0,,0,0,,0,0,,0.0,,0.0,,0.0,,0.0,,0.0,,0.0,,0.0,,0.0,,0.0,,0.0,,0.0,,0.0,,0.0,,0.0,,0.0,,0,0,,0,0,,0,0,,0,0,,0,0,,0,0,,0,0,,0,0,,0,0,,0,0,,0,0,0,,0.0,0.0,0.0,,0.0,0.0,0.0,,0.0,0.0,0.0,,0.0,0.0,0.0,,0,0,0,,,,,,,,,,,0.51,0.49,,,,,,,,,,,6.0,7.0,1.0,3.0,5.0,4.0,,,,,,,,,,,,,2.0,6.0,8.0,5.0,24.0,16.0,,,0.0,4.0,1.0,0.0,,,0.0,0.0,,,,,,,,,,,,,,,,,,,,,,,0.51,0.49,,,,,,,,,,,2.0,1.0,1.0,0.0,1.0,1.0,,,,,,,,,,,,,2.0,3.0,4.0,4.0,9.0,9.0,,,,,,,,,0.0,0.0,,,,,,,,,,,,,,,,,,,,,,,0.51,0.49,,,,,,,,,,,4.0,6.0,0.0,3.0,4.0,3.0,,,,,,,,,,,,,0.0,3.0,4.0,1.0,15.0,7.0,,,0.0,4.0,1.0,0.0,,,0.0,0.0,,,,,,,,,,,,
6aWnYVMq,UZBEKISTAN,2021,UZBEKISTAN 1,UZBEKISTAN 1,21/11/2021,09:00,Round 25,Andijan,K6dxHEG0,Navbahor Namangan,AiFncn0b,False,1,2,,,,,,[88],"[67, 87]",,0.0,0.0,0.0,,0.0,0.0,0.0,,0.0,0.0,0.0,,0.0,0.0,,0.0,0.0,,0,0,,0,0,,0.0,0.0,,0,0,,0.0,0.0,,0.0,0.0,,0.0,0.0,,0.0,0.0,,0.0,0.0,,0.0,0.0,,0,0,,0,0,,0.0,0.0,0.0,,0.0,0.0,0.0,,0,0,0,,0.0,0.0,,0.0,0.0,,0.0,0.0,,0.0,0.0,0.0,0.0,0.0,0.0,0.0,0.0,0.0,,0.0,0.0,,0,0,,0,0,,0.0,,0.0,,0.0,,0.0,,0.0,,0.0,,0.0,,0.0,,0.0,,0.0,,0.0,,0.0,,0.0,,0.0,,0.0,,0,0,,0,0,,0,0,,0,0,,0,0,,0,0,,0,0,,0,0,,0,0,,0,0,,0,0,0,,0.0,0.0,0.0,,0.0,0.0,0.0,,0.0,0.0,0.0,,0.0,0.0,0.0,,0,0,0,,,,,,,,,,,0.52,0.48,,,,,,,,,,,7.0,6.0,2.0,3.0,5.0,3.0,,,,,,,,,,,,,4.0,6.0,29.0,17.0,23.0,18.0,,,6.0,3.0,1.0,0.0,,,1.0,1.0,,,,,,,,,,,,,,,,,,,,,,,0.52,0.48,,,,,,,,,,,2.0,3.0,1.0,1.0,1.0,2.0,,,,,,,,,,,,,3.0,4.0,14.0,9.0,11.0,10.0,,,3.0,3.0,,,,,1.0,1.0,,,,,,,,,,,,,,,,,,,,,,,0.52,0.48,,,,,,,,,,,5.0,3.0,1.0,2.0,4.0,1.0,,,,,,,,,,,,,1.0,2.0,15.0,8.0,12.0,8.0,,,3.0,0.0,1.0,0.0,,,0.0,0.0,,,,,,,,,,,,
d4TrGxp1,UZBEKISTAN,2021,UZBEKISTAN 1,UZBEKISTAN 1,11/11/2021,10:00,Round 19,Termez Surkhon,nNSkKzpB,Nasaf Qarshi,W0GrbSph,False,2,2,,,,,,"[58, 64]","[38, 51]",,0.0,0.0,0.0,,0.0,0.0,0.0,,0.0,0.0,0.0,,0.0,0.0,,0.0,0.0,,0,0,,0,0,,0.0,0.0,,0,0,,0.0,0.0,,0.0,0.0,,0.0,0.0,,0.0,0.0,,0.0,0.0,,0.0,0.0,,0,0,,0,0,,0.0,0.0,0.0,,0.0,0.0,0.0,,0,0,0,,0.0,0.0,,0.0,0.0,,0.0,0.0,,0.0,0.0,0.0,0.0,0.0,0.0,0.0,0.0,0.0,,0.0,0.0,,0,0,,0,0,,0.0,,0.0,,0.0,,0.0,,0.0,,0.0,,0.0,,0.0,,0.0,,0.0,,0.0,,0.0,,0.0,,0.0,,0.0,,0,0,,0,0,,0,0,,0,0,,0,0,,0,0,,0,0,,0,0,,0,0,,0,0,,0,0,0,,0.0,0.0,0.0,,0.0,0.0,0.0,,0.0,0.0,0.0,,0.0,0.0,0.0,,0,0,0,,,,,,,,,,,0.51,0.49,,,,,,,,,,,6.0,11.0,4.0,5.0,2.0,6.0,,,,,,,,,,,,,3.0,7.0,16.0,13.0,28.0,28.0,,,2.0,4.0,,,,,3.0,2.0,,,,,,,,,,,,,,,,,,,,,,,0.55,0.45,,,,,,,,,,,1.0,7.0,0.0,3.0,1.0,4.0,,,,,,,,,,,,,1.0,4.0,7.0,6.0,19.0,13.0,,,1.0,1.0,,,,,2.0,0.0,,,,,,,,,,,,,,,,,,,,,,,0.47,0.53,,,,,,,,,,,5.0,4.0,4.0,2.0,1.0,2.0,,,,,,,,,,,,,2.0,3.0,9.0,7.0,9.0,15.0,,,1.0,3.0,,,,,1.0,2.0,,,,,,,,,,,,
8tWHZWI5,UZBEKISTAN,2021,UZBEKISTAN 1,UZBEKISTAN 1,02/12/2021,11:00,Final,Olympic,hxrhiGqt,Mashal Muborak,6kNEblGu,False,3,1,,,,,,"[63, 75, 77]",[57],,0.0,0.0,0.0,,0.0,0.0,0.0,,0.0,0.0,0.0,,0.0,0.0,,0.0,0.0,,0,0,,0,0,,0.0,0.0,,0,0,,0.0,0.0,,0.0,0.0,,0.0,0.0,,0.0,0.0,,0.0,0.0,,0.0,0.0,,0,0,,0,0,,0.0,0.0,0.0,,0.0,0.0,0.0,,0,0,0,,0.0,0.0,,0.0,0.0,,0.0,0.0,,0.0,0.0,0.0,0.0,0.0,0.0,0.0,0.0,0.0,,0.0,0.0,,0,0,,0,0,,0.0,,0.0,,0.0,,0.0,,0.0,,0.0,,0.0,,0.0,,0.0,,0.0,,0.0,,0.0,,0.0,,0.0,,0.0,,0,0,,0,0,,0,0,,0,0,,0,0,,0,0,,0,0,,0,0,,0,0,,0,0,,0,0,0,,0.0,0.0,0.0,,0.0,0.0,0.0,,0.0,0.0,0.0,,0.0,0.0,0.0,,0,0,0,,,,,,,,,,,0.59,0.41,,,,,,,,,,,9.0,5.0,6.0,2.0,3.0,3.0,,,,,,,,,,,,,2.0,2.0,22.0,14.0,28.0,23.0,,,2.0,4.0,,,,,1.0,3.0,,,,,,,,,,,,,,,,,,,,,,,0.65,0.35,,,,,,,,,,,2.0,2.0,0.0,0.0,2.0,2.0,,,,,,,,,,,,,0.0,1.0,11.0,4.0,18.0,11.0,,,,,,,,,0.0,0.0,,,,,,,,,,,,,,,,,,,,,,,0.52,0.48,,,,,,,,,,,7.0,3.0,6.0,2.0,1.0,1.0,,,,,,,,,,,,,2.0,1.0,11.0,10.0,10.0,12.0,,,2.0,4.0,,,,,1.0,3.0,,,,,,,,,,,,
E1i8uEU9,UZBEKISTAN,2021,UZBEKISTAN 1,UZBEKISTAN 1,21/11/2021,09:00,Round 25,Mashal Muborak,6kNEblGu,Qizilqum,rkVBg4aN,False,2,1,,,,,,"[56, 73]",[33],,0.0,0.0,0.0,,0.0,0.0,0.0,,0.0,0.0,0.0,,0.0,0.0,,0.0,0.0,,0,0,,0,0,,0.0,0.0,,0,0,,0.0,0.0,,0.0,0.0,,0.0,0.0,,0.0,0.0,,0.0,0.0,,0.0,0.0,,0,0,,0,0,,0.0,0.0,0.0,,0.0,0.0,0.0,,0,0,0,,0.0,0.0,,0.0,0.0,,0.0,0.0,,0.0,0.0,0.0,0.0,0.0,0.0,0.0,0.0,0.0,,0.0,0.0,,0,0,,0,0,,0.0,,0.0,,0.0,,0.0,,0.0,,0.0,,0.0,,0.0,,0.0,,0.0,,0.0,,0.0,,0.0,,0.0,,0.0,,0,0,,0,0,,0,0,,0,0,,0,0,,0,0,,0,0,,0,0,,0,0,,0,0,,0,0,0,,0.0,0.0,0.0,,0.0,0.0,0.0,,0.0,0.0,0.0,,0.0,0.0,0.0,,0,0,0,,,,,,,,,,,0.46,0.54,,,,,,,,,,,8.0,6.0,3.0,3.0,5.0,3.0,,,,,,,,,,,,,3.0,2.0,16.0,17.0,19.0,22.0,,,1.0,1.0,,,,,2.0,1.0,,,,,,,,,,,,,,,,,,,,,,,0.47,0.53,,,,,,,,,,,3.0,3.0,1.0,2.0,2.0,1.0,,,,,,,,,,,,,0.0,1.0,10.0,9.0,11.0,9.0,,,1.0,0.0,,,,,1.0,1.0,,,,,,,,,,,,,,,,,,,,,,,0.45,0.55,,,,,,,,,,,5.0,3.0,2.0,1.0,3.0,2.0,,,,,,,,,,,,,3.0,1.0,6.0,8.0,8.0,13.0,,,0.0,1.0,,,,,1.0,0.0,,,,,,,,,,,,
YL2qXkxj,UZBEKISTAN,2021,UZBEKISTAN 1,UZBEKISTAN 1,20/11/2021,11:15,Round 25,Lok. Tashkent,6NblEC0J,Pakhtakor,nXW1x6nG,False,0,3,,,,,,[],"[36, 84, 86]",,0.0,0.0,0.0,,0.0,0.0,0.0,,0.0,0.0,0.0,,0.0,0.0,,0.0,0.0,,0,0,,0,0,,0.0,0.0,,0,0,,0.0,0.0,,0.0,0.0,,0.0,0.0,,0.0,0.0,,0.0,0.0,,0.0,0.0,,0,0,,0,0,,0.0,0.0,0.0,,0.0,0.0,0.0,,0,0,0,,0.0,0.0,,0.0,0.0,,0.0,0.0,,0.0,0.0,0.0,0.0,0.0,0.0,0.0,0.0,0.0,,0.0,0.0,,0,0,,0,0,,0.0,,0.0,,0.0,,0.0,,0.0,,0.0,,0.0,,0.0,,0.0,,0.0,,0.0,,0.0,,0.0,,0.0,,0.0,,0,0,,0,0,,0,0,,0,0,,0,0,,0,0,,0,0,,0,0,,0,0,,0,0,,0,0,0,,0.0,0.0,0.0,,0.0,0.0,0.0,,0.0,0.0,0.0,,0.0,0.0,0.0,,0,0,0,,,,,,,,,,,0.49,0.51,,,,,,,,,,,6.0,11.0,1.0,5.0,5.0,6.0,,,,,,,,,,,,,3.0,4.0,15.0,26.0,19.0,11.0,,,4.0,3.0,,,,,2.0,1.0,,,,,,,,,,,,,,,,,,,,,,,0.48,0.52,,,,,,,,,,,2.0,6.0,1.0,2.0,1.0,4.0,,,,,,,,,,,,,0.0,3.0,10.0,16.0,10.0,5.0,,,1.0,0.0,,,,,1.0,1.0,,,,,,,,,,,,,,,,,,,,,,,0.5,0.5,,,,,,,,,,,4.0,5.0,0.0,3.0,4.0,2.0,,,,,,,,,,,,,3.0,1.0,5.0,10.0,9.0,6.0,,,3.0,3.0,,,,,1.0,0.0,,,,,,,,,,,,
vJgZgDq3,UZBEKISTAN,2021,UZBEKISTAN 1,UZBEKISTAN 1,27/11/2021,10:00,Round 26,Turon,nZLTSNfr,Andijan,K6dxHEG0,False,1,0,,,,,,[47],[],,0.0,0.0,0.0,,0.0,0.0,0.0,,0.0,0.0,0.0,,0.0,0.0,,0.0,0.0,,0,0,,0,0,,0.0,0.0,,0,0,,0.0,0.0,,0.0,0.0,,0.0,0.0,,0.0,0.0,,0.0,0.0,,0.0,0.0,,0,0,,0,0,,0.0,0.0,0.0,,0.0,0.0,0.0,,0,0,0,,0.0,0.0,,0.0,0.0,,0.0,0.0,,0.0,0.0,0.0,0.0,0.0,0.0,0.0,0.0,0.0,,0.0,0.0,,0,0,,0,0,,0.0,,0.0,,0.0,,0.0,,0.0,,0.0,,0.0,,0.0,,0.0,,0.0,,0.0,,0.0,,0.0,,0.0,,0.0,,0,0,,0,0,,0,0,,0,0,,0,0,,0,0,,0,0,,0,0,,0,0,,0,0,,0,0,0,,0.0,0.0,0.0,,0.0,0.0,0.0,,0.0,0.0,0.0,,0.0,0.0,0.0,,0,0,0,,,,,,,,,,,0.47,0.53,,,,,,,,,,,8.0,7.0,2.0,5.0,6.0,2.0,,,,,,,,,,,,,4.0,5.0,11.0,12.0,19.0,20.0,,,2.0,1.0,,,,,5.0,2.0,,,,,,,,,,,,,,,,,,,,,,,0.45,0.55,,,,,,,,,,,5.0,0.0,2.0,0.0,3.0,0.0,,,,,,,,,,,,,2.0,3.0,8.0,8.0,11.0,10.0,,,0.0,1.0,,,,,0.0,2.0,,,,,,,,,,,,,,,,,,,,,,,0.49,0.51,,,,,,,,,,,3.0,7.0,0.0,5.0,3.0,2.0,,,,,,,,,,,,,2.0,2.0,3.0,4.0,8.0,10.0,,,2.0,0.0,,,,,5.0,0.0,,,,,,,,,,,,
0YsrhiEF,UZBEKISTAN,2021,UZBEKISTAN 1,UZBEKISTAN 1,27/11/2021,10:00,Round 26,Termez Surkhon,nNSkKzpB,Mashal Muborak,6kNEblGu,False,1,0,,,,,,[37],[31],,0.0,0.0,0.0,,0.0,0.0,0.0,,0.0,0.0,0.0,,0.0,0.0,,0.0,0.0,,0,0,,0,0,,0.0,0.0,,0,0,,0.0,0.0,,0.0,0.0,,0.0,0.0,,0.0,0.0,,0.0,0.0,,0.0,0.0,,0,0,,0,0,,0.0,0.0,0.0,,0.0,0.0,0.0,,0,0,0,,0.0,0.0,,0.0,0.0,,0.0,0.0,,0.0,0.0,0.0,0.0,0.0,0.0,0.0,0.0,0.0,,0.0,0.0,,0,0,,0,0,,0.0,,0.0,,0.0,,0.0,,0.0,,0.0,,0.0,,0.0,,0.0,,0.0,,0.0,,0.0,,0.0,,0.0,,0.0,,0,0,,0,0,,0,0,,0,0,,0,0,,0,0,,0,0,,0,0,,0,0,,0,0,,0,0,0,,0.0,0.0,0.0,,0.0,0.0,0.0,,0.0,0.0,0.0,,0.0,0.0,0.0,,0,0,0,,,,,,,,,,,0.5,0.5,,,,,,,,,,,0.0,0.0,0.0,0.0,0.0,0.0,,,,,,,,,,,,,0.0,0.0,0.0,0.0,0.0,0.0,,,,,,,,,0.0,0.0,,,,,,,,,,,,,,,,,,,,,,,0.5,0.5,,,,,,,,,,,0.0,0.0,0.0,0.0,0.0,0.0,,,,,,,,,,,,,0.0,0.0,0.0,0.0,0.0,0.0,,,,,,,,,0.0,0.0,,,,,,,,,,,,,,,,,,,,,,,,,,,,,,,,,,,,,,,,,,,,,,,,,,,,,,,,,,,,,,,,,,,,,,,,,,,,,,,,
E579KChp,UZBEKISTAN,2021,UZBEKISTAN 1,UZBEKISTAN 1,05/11/2021,13:15,Round 24,Navbahor Namangan,AiFncn0b,Metallurg Bekabad,ptMIc8Vo,False,1,0,,,,,,[86],[],,0.0,0.0,0.0,,0.0,0.0,0.0,,0.0,0.0,0.0,,0.0,0.0,,0.0,0.0,,0,0,,0,0,,0.0,0.0,,0,0,,0.0,0.0,,0.0,0.0,,0.0,0.0,,0.0,0.0,,0.0,0.0,,0.0,0.0,,0,0,,0,0,,0.0,0.0,0.0,,0.0,0.0,0.0,,0,0,0,,0.0,0.0,,0.0,0.0,,0.0,0.0,,0.0,0.0,0.0,0.0,0.0,0.0,0.0,0.0,0.0,,0.0,0.0,,0,0,,0,0,,0.0,,0.0,,0.0,,0.0,,0.0,,0.0,,0.0,,0.0,,0.0,,0.0,,0.0,,0.0,,0.0,,0.0,,0.0,,0,0,,0,0,,0,0,,0,0,,0,0,,0,0,,0,0,,0,0,,0,0,,0,0,,0,0,0,,0.0,0.0,0.0,,0.0,0.0,0.0,,0.0,0.0,0.0,,0.0,0.0,0.0,,0,0,0,,,,,,,,,,,0.53,0.47,,,,,,,,,,,11.0,7.0,6.0,1.0,5.0,6.0,,,,,,,,,,,,,4.0,2.0,18.0,20.0,19.0,14.0,,,2.0,2.0,,,,,1.0,5.0,,,,,,,,,,,,,,,,,,,,,,,0.52,0.48,,,,,,,,,,,6.0,4.0,4.0,1.0,2.0,3.0,,,,,,,,,,,,,2.0,0.0,6.0,9.0,6.0,7.0,,,,,,,,,1.0,4.0,,,,,,,,,,,,,,,,,,,,,,,0.54,0.46,,,,,,,,,,,5.0,3.0,2.0,0.0,3.0,3.0,,,,,,,,,,,,,2.0,2.0,12.0,11.0,13.0,7.0,,,2.0,2.0,,,,,0.0,1.0,,,,,,,,,,,,
6yl0sz0c,UZBEKISTAN,2021,UZBEKISTAN 1,UZBEKISTAN 1,06/11/2021,09:45,Round 24,Mashal Muborak,6kNEblGu,Turon,nZLTSNfr,False,0,0,,,,,,[],[],,0.0,0.0,0.0,,0.0,0.0,0.0,,0.0,0.0,0.0,,0.0,0.0,,0.0,0.0,,0,0,,0,0,,0.0,0.0,,0,0,,0.0,0.0,,0.0,0.0,,0.0,0.0,,0.0,0.0,,0.0,0.0,,0.0,0.0,,0,0,,0,0,,0.0,0.0,0.0,,0.0,0.0,0.0,,0,0,0,,0.0,0.0,,0.0,0.0,,0.0,0.0,,0.0,0.0,0.0,0.0,0.0,0.0,0.0,0.0,0.0,,0.0,0.0,,0,0,,0,0,,0.0,,0.0,,0.0,,0.0,,0.0,,0.0,,0.0,,0.0,,0.0,,0.0,,0.0,,0.0,,0.0,,0.0,,0.0,,0,0,,0,0,,0,0,,0,0,,0,0,,0,0,,0,0,,0,0,,0,0,,0,0,,0,0,0,,0.0,0.0,0.0,,0.0,0.0,0.0,,0.0,0.0,0.0,,0.0,0.0,0.0,,0,0,0,,,,,,,,,,,0.52,0.48,,,,,,,,,,,5.0,6.0,2.0,0.0,3.0,6.0,,,,,,,,,,,,,5.0,1.0,13.0,15.0,31.0,22.0,,,2.0,1.0,,,,,0.0,2.0,,,,,,,,,,,,,,,,,,,,,,,0.5,0.5,,,,,,,,,,,1.0,3.0,0.0,0.0,1.0,3.0,,,,,,,,,,,,,1.0,1.0,6.0,10.0,14.0,11.0,,,,,,,,,0.0,0.0,,,,,,,,,,,,,,,,,,,,,,,0.54,0.46,,,,,,,,,,,4.0,3.0,2.0,0.0,2.0,3.0,,,,,,,,,,,,,4.0,0.0,7.0,5.0,17.0,11.0,,,2.0,1.0,,,,,0.0,2.0,,,,,,,,,,,,
4jpLxCES,UZBEKISTAN,2021,UZBEKISTAN 1,UZBEKISTAN 1,20/11/2021,11:15,Round 25,Bunyodkor,lI4EpIdE,Termez Surkhon,nNSkKzpB,False,3,1,,,,,,"[25, 42, 68]",[34],,0.0,0.0,0.0,,0.0,0.0,0.0,,0.0,0.0,0.0,,0.0,0.0,,0.0,0.0,,0,0,,0,0,,0.0,0.0,,0,0,,0.0,0.0,,0.0,0.0,,0.0,0.0,,0.0,0.0,,0.0,0.0,,0.0,0.0,,0,0,,0,0,,0.0,0.0,0.0,,0.0,0.0,0.0,,0,0,0,,0.0,0.0,,0.0,0.0,,0.0,0.0,,0.0,0.0,0.0,0.0,0.0,0.0,0.0,0.0,0.0,,0.0,0.0,,0,0,,0,0,,0.0,,0.0,,0.0,,0.0,,0.0,,0.0,,0.0,,0.0,,0.0,,0.0,,0.0,,0.0,,0.0,,0.0,,0.0,,0,0,,0,0,,0,0,,0,0,,0,0,,0,0,,0,0,,0,0,,0,0,,0,0,,0,0,0,,0.0,0.0,0.0,,0.0,0.0,0.0,,0.0,0.0,0.0,,0.0,0.0,0.0,,0,0,0,,,,,,,,,,,0.43,0.57,,,,,,,,,,,7.0,7.0,3.0,1.0,4.0,6.0,,,,,,,,,,,,,5.0,1.0,6.0,10.0,12.0,25.0,,,4.0,1.0,,,,,0.0,0.0,,,,,,,,,,,,,,,,,,,,,,,0.45,0.55,,,,,,,,,,,4.0,3.0,2.0,1.0,2.0,2.0,,,,,,,,,,,,,3.0,1.0,3.0,3.0,5.0,12.0,,,2.0,0.0,,,,,0.0,0.0,,,,,,,,,,,,,,,,,,,,,,,0.41,0.59,,,,,,,,,,,3.0,4.0,1.0,0.0,2.0,4.0,,,,,,,,,,,,,2.0,0.0,3.0,7.0,7.0,13.0,,,2.0,1.0,,,,,0.0,0.0,,,,,,,,,,,,
U7nniBTL,UZBEKISTAN,2021,UZBEKISTAN 1,UZBEKISTAN 1,27/11/2021,10:00,Round 26,Bunyodkor,lI4EpIdE,Pakhtakor,nXW1x6nG,False,3,2,,,,,,"[1, 77, 85]","[26, 37]",,0.0,0.0,0.0,,0.0,0.0,0.0,,0.0,0.0,0.0,,0.0,0.0,,0.0,0.0,,0,0,,0,0,,0.0,0.0,,0,0,,0.0,0.0,,0.0,0.0,,0.0,0.0,,0.0,0.0,,0.0,0.0,,0.0,0.0,,0,0,,0,0,,0.0,0.0,0.0,,0.0,0.0,0.0,,0,0,0,,0.0,0.0,,0.0,0.0,,0.0,0.0,,0.0,0.0,0.0,0.0,0.0,0.0,0.0,0.0,0.0,,0.0,0.0,,0,0,,0,0,,0.0,,0.0,,0.0,,0.0,,0.0,,0.0,,0.0,,0.0,,0.0,,0.0,,0.0,,0.0,,0.0,,0.0,,0.0,,0,0,,0,0,,0,0,,0,0,,0,0,,0,0,,0,0,,0,0,,0,0,,0,0,,0,0,0,,0.0,0.0,0.0,,0.0,0.0,0.0,,0.0,0.0,0.0,,0.0,0.0,0.0,,0,0,0,,,,,,,,,,,0.49,0.51,,,,,,,,,,,7.0,10.0,4.0,5.0,3.0,5.0,,,,,,,,,,,,,3.0,8.0,16.0,19.0,25.0,16.0,,,2.0,0.0,,,,,3.0,1.0,,,,,,,,,,,,,,,,,,,,,,,0.5,0.5,,,,,,,,,,,3.0,5.0,2.0,2.0,1.0,3.0,,,,,,,,,,,,,2.0,2.0,7.0,12.0,11.0,6.0,,,,,,,,,0.0,1.0,,,,,,,,,,,,,,,,,,,,,,,0.48,0.52,,,,,,,,,,,4.0,5.0,2.0,3.0,2.0,2.0,,,,,,,,,,,,,1.0,6.0,9.0,7.0,14.0,10.0,,,2.0,0.0,,,,,3.0,0.0,,,,,,,,,,,,
ATpHwhaM,UZBEKISTAN,2021,UZBEKISTAN 1,UZBEKISTAN 1,20/11/2021,09:00,Round 25,Kokand 1912,6DWZyFY4,OKMK,4bW7fppH,False,2,2,,,,,,"[72, 83]","[15, 82]",,0.0,0.0,0.0,,0.0,0.0,0.0,,0.0,0.0,0.0,,0.0,0.0,,0.0,0.0,,0,0,,0,0,,0.0,0.0,,0,0,,0.0,0.0,,0.0,0.0,,0.0,0.0,,0.0,0.0,,0.0,0.0,,0.0,0.0,,0,0,,0,0,,0.0,0.0,0.0,,0.0,0.0,0.0,,0,0,0,,0.0,0.0,,0.0,0.0,,0.0,0.0,,0.0,0.0,0.0,0.0,0.0,0.0,0.0,0.0,0.0,,0.0,0.0,,0,0,,0,0,,0.0,,0.0,,0.0,,0.0,,0.0,,0.0,,0.0,,0.0,,0.0,,0.0,,0.0,,0.0,,0.0,,0.0,,0.0,,0,0,,0,0,,0,0,,0,0,,0,0,,0,0,,0,0,,0,0,,0,0,,0,0,,0,0,0,,0.0,0.0,0.0,,0.0,0.0,0.0,,0.0,0.0,0.0,,0.0,0.0,0.0,,0,0,0,,,,,,,,,,,0.54,0.46,,,,,,,,,,,8.0,10.0,4.0,6.0,4.0,4.0,,,,,,,,,,,,,9.0,4.0,9.0,18.0,33.0,18.0,,,4.0,1.0,,,,,4.0,2.0,,,,,,,,,,,,,,,,,,,,,,,0.52,0.48,,,,,,,,,,,2.0,4.0,1.0,3.0,1.0,1.0,,,,,,,,,,,,,5.0,3.0,4.0,7.0,16.0,13.0,,,1.0,1.0,,,,,2.0,1.0,,,,,,,,,,,,,,,,,,,,,,,0.56,0.44,,,,,,,,,,,6.0,6.0,3.0,3.0,3.0,3.0,,,,,,,,,,,,,4.0,1.0,5.0,11.0,17.0,5.0,,,3.0,0.0,,,,,2.0,1.0,,,,,,,,,,,,
CC1mW9id,UZBEKISTAN,2021,UZBEKISTAN 1,UZBEKISTAN 1,27/11/2021,10:00,Round 26,OKMK,4bW7fppH,Sogdiana,tU64krNp,False,0,1,,,,,,[],[90],,0.0,0.0,0.0,,0.0,0.0,0.0,,0.0,0.0,0.0,,0.0,0.0,,0.0,0.0,,0,0,,0,0,,0.0,0.0,,0,0,,0.0,0.0,,0.0,0.0,,0.0,0.0,,0.0,0.0,,0.0,0.0,,0.0,0.0,,0,0,,0,0,,0.0,0.0,0.0,,0.0,0.0,0.0,,0,0,0,,0.0,0.0,,0.0,0.0,,0.0,0.0,,0.0,0.0,0.0,0.0,0.0,0.0,0.0,0.0,0.0,,0.0,0.0,,0,0,,0,0,,0.0,,0.0,,0.0,,0.0,,0.0,,0.0,,0.0,,0.0,,0.0,,0.0,,0.0,,0.0,,0.0,,0.0,,0.0,,0,0,,0,0,,0,0,,0,0,,0,0,,0,0,,0,0,,0,0,,0,0,,0,0,,0,0,0,,0.0,0.0,0.0,,0.0,0.0,0.0,,0.0,0.0,0.0,,0.0,0.0,0.0,,0,0,0,,,,,,,,,,,0.51,0.49,,,,,,,,,,,11.0,12.0,5.0,4.0,6.0,8.0,,,,,,,,,,,,,0.0,1.0,23.0,19.0,20.0,21.0,,,3.0,4.0,,,,,3.0,5.0,,,,,,,,,,,,,,,,,,,,,,,0.52,0.48,,,,,,,,,,,6.0,7.0,1.0,2.0,5.0,5.0,,,,,,,,,,,,,0.0,1.0,12.0,13.0,12.0,8.0,,,0.0,1.0,,,,,2.0,1.0,,,,,,,,,,,,,,,,,,,,,,,0.5,0.5,,,,,,,,,,,5.0,5.0,4.0,2.0,1.0,3.0,,,,,,,,,,,,,0.0,0.0,11.0,6.0,8.0,13.0,,,3.0,3.0,,,,,1.0,4.0,,,,,,,,,,,,
zBh4tfF3,UZBEKISTAN,2021,UZBEKISTAN 1,UZBEKISTAN 1,15/11/2021,09:00,Round 24,Nasaf Qarshi,W0GrbSph,Kokand 1912,6DWZyFY4,False,3,1,,,,,,"[10, 57, 68]",[76],,0.0,0.0,0.0,,0.0,0.0,0.0,,0.0,0.0,0.0,,0.0,0.0,,0.0,0.0,,0,0,,0,0,,0.0,0.0,,0,0,,0.0,0.0,,0.0,0.0,,0.0,0.0,,0.0,0.0,,0.0,0.0,,0.0,0.0,,0,0,,0,0,,0.0,0.0,0.0,,0.0,0.0,0.0,,0,0,0,,0.0,0.0,,0.0,0.0,,0.0,0.0,,0.0,0.0,0.0,0.0,0.0,0.0,0.0,0.0,0.0,,0.0,0.0,,0,0,,0,0,,0.0,,0.0,,0.0,,0.0,,0.0,,0.0,,0.0,,0.0,,0.0,,0.0,,0.0,,0.0,,0.0,,0.0,,0.0,,0,0,,0,0,,0,0,,0,0,,0,0,,0,0,,0,0,,0,0,,0,0,,0,0,,0,0,0,,0.0,0.0,0.0,,0.0,0.0,0.0,,0.0,0.0,0.0,,0.0,0.0,0.0,,0,0,0,,,,,,,,,,,0.54,0.46,,,,,,,,,,,16.0,5.0,8.0,3.0,8.0,2.0,,,,,,,,,,,,,9.0,4.0,15.0,13.0,22.0,15.0,,,0.0,1.0,,,,,2.0,5.0,,,,,,,,,,,,,,,,,,,,,,,0.55,0.45,,,,,,,,,,,6.0,3.0,3.0,2.0,3.0,1.0,,,,,,,,,,,,,5.0,2.0,7.0,7.0,12.0,9.0,,,0.0,1.0,,,,,2.0,2.0,,,,,,,,,,,,,,,,,,,,,,,0.53,0.47,,,,,,,,,,,10.0,2.0,5.0,1.0,5.0,1.0,,,,,,,,,,,,,4.0,2.0,8.0,6.0,10.0,6.0,,,,,,,,,0.0,3.0,,,,,,,,,,,,
MsqvgXb9,UZBEKISTAN,2021,UZBEKISTAN 1,UZBEKISTAN 1,27/11/2021,10:00,Round 26,Qizilqum,rkVBg4aN,Metallurg Bekabad,ptMIc8Vo,False,1,3,,,,,,[63],"[16, 36, 62]",,0.0,0.0,0.0,,0.0,0.0,0.0,,0.0,0.0,0.0,,0.0,0.0,,0.0,0.0,,0,0,,0,0,,0.0,0.0,,0,0,,0.0,0.0,,0.0,0.0,,0.0,0.0,,0.0,0.0,,0.0,0.0,,0.0,0.0,,0,0,,0,0,,0.0,0.0,0.0,,0.0,0.0,0.0,,0,0,0,,0.0,0.0,,0.0,0.0,,0.0,0.0,,0.0,0.0,0.0,0.0,0.0,0.0,0.0,0.0,0.0,,0.0,0.0,,0,0,,0,0,,0.0,,0.0,,0.0,,0.0,,0.0,,0.0,,0.0,,0.0,,0.0,,0.0,,0.0,,0.0,,0.0,,0.0,,0.0,,0,0,,0,0,,0,0,,0,0,,0,0,,0,0,,0,0,,0,0,,0,0,,0,0,,0,0,0,,0.0,0.0,0.0,,0.0,0.0,0.0,,0.0,0.0,0.0,,0.0,0.0,0.0,,0,0,0,,,,,,,,,,,0.52,0.48,,,,,,,,,,,6.0,6.0,1.0,4.0,5.0,2.0,,,,,,,,,,,,,8.0,0.0,22.0,20.0,14.0,10.0,,,5.0,2.0,,,,,1.0,0.0,,,,,,,,,,,,,,,,,,,,,,,0.54,0.46,,,,,,,,,,,1.0,4.0,0.0,2.0,1.0,2.0,,,,,,,,,,,,,5.0,0.0,10.0,9.0,7.0,6.0,,,4.0,0.0,,,,,0.0,0.0,,,,,,,,,,,,,,,,,,,,,,,0.5,0.5,,,,,,,,,,,5.0,2.0,1.0,2.0,4.0,0.0,,,,,,,,,,,,,3.0,0.0,12.0,11.0,7.0,4.0,,,1.0,2.0,,,,,1.0,0.0,,,,,,,,,,,,
8fk1Qz96,UZBEKISTAN,2021,UZBEKISTAN 1,UZBEKISTAN 1,20/11/2021,09:00,Round 25,Sogdiana,tU64krNp,Nasaf Qarshi,W0GrbSph,False,1,1,,,,,,[50],[79],,0.0,0.0,0.0,,0.0,0.0,0.0,,0.0,0.0,0.0,,0.0,0.0,,0.0,0.0,,0,0,,0,0,,0.0,0.0,,0,0,,0.0,0.0,,0.0,0.0,,0.0,0.0,,0.0,0.0,,0.0,0.0,,0.0,0.0,,0,0,,0,0,,0.0,0.0,0.0,,0.0,0.0,0.0,,0,0,0,,0.0,0.0,,0.0,0.0,,0.0,0.0,,0.0,0.0,0.0,0.0,0.0,0.0,0.0,0.0,0.0,,0.0,0.0,,0,0,,0,0,,0.0,,0.0,,0.0,,0.0,,0.0,,0.0,,0.0,,0.0,,0.0,,0.0,,0.0,,0.0,,0.0,,0.0,,0.0,,0,0,,0,0,,0,0,,0,0,,0,0,,0,0,,0,0,,0,0,,0,0,,0,0,,0,0,0,,0.0,0.0,0.0,,0.0,0.0,0.0,,0.0,0.0,0.0,,0.0,0.0,0.0,,0,0,0,,,,,,,,,,,0.49,0.51,,,,,,,,,,,3.0,7.0,1.0,1.0,2.0,6.0,,,,,,,,,,,,,5.0,1.0,15.0,13.0,34.0,36.0,,,2.0,2.0,,,,,0.0,0.0,,,,,,,,,,,,,,,,,,,,,,,0.52,0.48,,,,,,,,,,,2.0,3.0,0.0,0.0,2.0,3.0,,,,,,,,,,,,,2.0,0.0,8.0,2.0,20.0,18.0,,,0.0,1.0,,,,,0.0,0.0,,,,,,,,,,,,,,,,,,,,,,,0.46,0.54,,,,,,,,,,,1.0,4.0,1.0,1.0,0.0,3.0,,,,,,,,,,,,,3.0,1.0,7.0,11.0,14.0,18.0,,,2.0,1.0,,,,,0.0,0.0,,,,,,,,,,,,
QuBDJW7j,UZBEKISTAN,2021,UZBEKISTAN 1,UZBEKISTAN 1,05/11/2021,11:00,Round 24,Lok. Tashkent,6NblEC0J,Sogdiana,tU64krNp,False,1,0,,,,,,[45],[45],,0.0,0.0,0.0,,0.0,0.0,0.0,,0.0,0.0,0.0,,0.0,0.0,,0.0,0.0,,0,0,,0,0,,0.0,0.0,,0,0,,0.0,0.0,,0.0,0.0,,0.0,0.0,,0.0,0.0,,0.0,0.0,,0.0,0.0,,0,0,,0,0,,0.0,0.0,0.0,,0.0,0.0,0.0,,0,0,0,,0.0,0.0,,0.0,0.0,,0.0,0.0,,0.0,0.0,0.0,0.0,0.0,0.0,0.0,0.0,0.0,,0.0,0.0,,0,0,,0,0,,0.0,,0.0,,0.0,,0.0,,0.0,,0.0,,0.0,,0.0,,0.0,,0.0,,0.0,,0.0,,0.0,,0.0,,0.0,,0,0,,0,0,,0,0,,0,0,,0,0,,0,0,,0,0,,0,0,,0,0,,0,0,,0,0,0,,0.0,0.0,0.0,,0.0,0.0,0.0,,0.0,0.0,0.0,,0.0,0.0,0.0,,0,0,0,,,,,,,,,,,0.51,0.49,,,,,,,,,,,5.0,8.0,2.0,3.0,3.0,5.0,,,,,,,,,,,,,4.0,4.0,17.0,13.0,17.0,21.0,,,2.0,1.0,,,,,3.0,1.0,,,,,,,,,,,,,,,,,,,,,,,0.51,0.49,,,,,,,,,,,4.0,3.0,2.0,1.0,2.0,2.0,,,,,,,,,,,,,2.0,2.0,6.0,4.0,8.0,12.0,,,1.0,0.0,,,,,1.0,1.0,,,,,,,,,,,,,,,,,,,,,,,0.51,0.49,,,,,,,,,,,1.0,5.0,0.0,2.0,1.0,3.0,,,,,,,,,,,,,2.0,2.0,11.0,9.0,9.0,9.0,,,1.0,1.0,,,,,2.0,0.0,,,,,,,,,,,,
SpkdrGpi,UZBEKISTAN,2021,UZBEKISTAN 1,UZBEKISTAN 1,06/11/2021,12:00,Round 24,Pakhtakor,nXW1x6nG,Termez Surkhon,nNSkKzpB,False,5,0,,,,,,"[36, 62, 68, 78, 82]",[],,0.0,0.0,0.0,,0.0,0.0,0.0,,0.0,0.0,0.0,,0.0,0.0,,0.0,0.0,,0,0,,0,0,,0.0,0.0,,0,0,,0.0,0.0,,0.0,0.0,,0.0,0.0,,0.0,0.0,,0.0,0.0,,0.0,0.0,,0,0,,0,0,,0.0,0.0,0.0,,0.0,0.0,0.0,,0,0,0,,0.0,0.0,,0.0,0.0,,0.0,0.0,,0.0,0.0,0.0,0.0,0.0,0.0,0.0,0.0,0.0,,0.0,0.0,,0,0,,0,0,,0.0,,0.0,,0.0,,0.0,,0.0,,0.0,,0.0,,0.0,,0.0,,0.0,,0.0,,0.0,,0.0,,0.0,,0.0,,0,0,,0,0,,0,0,,0,0,,0,0,,0,0,,0,0,,0,0,,0,0,,0,0,,0,0,0,,0.0,0.0,0.0,,0.0,0.0,0.0,,0.0,0.0,0.0,,0.0,0.0,0.0,,0,0,0,,,,,,,,,,,0.63,0.37,,,,,,,,,,,15.0,1.0,8.0,0.0,7.0,1.0,,,,,,,,,,,,,4.0,4.0,10.0,21.0,23.0,14.0,,,2.0,3.0,,,,,0.0,3.0,,,,,,,,,,,,,,,,,,,,,,,0.53,0.47,,,,,,,,,,,6.0,1.0,2.0,0.0,4.0,1.0,,,,,,,,,,,,,2.0,2.0,6.0,10.0,12.0,8.0,,,1.0,2.0,,,,,0.0,1.0,,,,,,,,,,,,,,,,,,,,,,,0.73,0.27,,,,,,,,,,,9.0,0.0,6.0,0.0,3.0,0.0,,,,,,,,,,,,,2.0,2.0,4.0,11.0,11.0,6.0,,,1.0,1.0,,,,,0.0,2.0,,,,,,,,,,,,
tlBaCF0N,UZBEKISTAN,2021,UZBEKISTAN 1,UZBEKISTAN 1,17/10/2021,12:00,Round 22,Lok. Tashkent,6NblEC0J,Andijan,K6dxHEG0,False,2,2,,,,,,"[46, 82]","[78, 90]",,0.0,0.0,0.0,,0.0,0.0,0.0,,0.0,0.0,0.0,,0.0,0.0,,0.0,0.0,,0,0,,0,0,,0.0,0.0,,0,0,,0.0,0.0,,0.0,0.0,,0.0,0.0,,0.0,0.0,,0.0,0.0,,0.0,0.0,,0,0,,0,0,,0.0,0.0,0.0,,0.0,0.0,0.0,,0,0,0,,0.0,0.0,,0.0,0.0,,0.0,0.0,,0.0,0.0,0.0,0.0,0.0,0.0,0.0,0.0,0.0,,0.0,0.0,,0,0,,0,0,,0.0,,0.0,,0.0,,0.0,,0.0,,0.0,,0.0,,0.0,,0.0,,0.0,,0.0,,0.0,,0.0,,0.0,,0.0,,0,0,,0,0,,0,0,,0,0,,0,0,,0,0,,0,0,,0,0,,0,0,,0,0,,0,0,0,,0.0,0.0,0.0,,0.0,0.0,0.0,,0.0,0.0,0.0,,0.0,0.0,0.0,,0,0,0,,,,,,,,,,,0.55,0.45,,,,,,,,,,,13.0,6.0,8.0,3.0,5.0,3.0,,,,,,,,,,,,,11.0,0.0,7.0,15.0,27.0,20.0,,,3.0,2.0,,,,,1.0,6.0,,,,,,,,,,,,,,,,,,,,,,,0.55,0.45,,,,,,,,,,,4.0,2.0,1.0,1.0,3.0,1.0,,,,,,,,,,,,,5.0,0.0,4.0,7.0,16.0,11.0,,,1.0,0.0,,,,,1.0,1.0,,,,,,,,,,,,,,,,,,,,,,,0.55,0.45,,,,,,,,,,,9.0,4.0,7.0,2.0,2.0,2.0,,,,,,,,,,,,,6.0,0.0,3.0,8.0,11.0,9.0,,,2.0,2.0,,,,,0.0,5.0,,,,,,,,,,,,
IZLwQYUM,UZBEKISTAN,2021,UZBEKISTAN 1,UZBEKISTAN 1,04/11/2021,11:00,Round 24,OKMK,4bW7fppH,Andijan,K6dxHEG0,False,3,2,,,,,,"[72, 76, 90]","[43, 57]",,0.0,0.0,0.0,,0.0,0.0,0.0,,0.0,0.0,0.0,,0.0,0.0,,0.0,0.0,,0,0,,0,0,,0.0,0.0,,0,0,,0.0,0.0,,0.0,0.0,,0.0,0.0,,0.0,0.0,,0.0,0.0,,0.0,0.0,,0,0,,0,0,,0.0,0.0,0.0,,0.0,0.0,0.0,,0,0,0,,0.0,0.0,,0.0,0.0,,0.0,0.0,,0.0,0.0,0.0,0.0,0.0,0.0,0.0,0.0,0.0,,0.0,0.0,,0,0,,0,0,,0.0,,0.0,,0.0,,0.0,,0.0,,0.0,,0.0,,0.0,,0.0,,0.0,,0.0,,0.0,,0.0,,0.0,,0.0,,0,0,,0,0,,0,0,,0,0,,0,0,,0,0,,0,0,,0,0,,0,0,,0,0,,0,0,0,,0.0,0.0,0.0,,0.0,0.0,0.0,,0.0,0.0,0.0,,0.0,0.0,0.0,,0,0,0,,,,,,,,,,,0.59,0.41,,,,,,,,,,,9.0,6.0,5.0,2.0,4.0,4.0,,,,,,,,,,,,,11.0,2.0,11.0,13.0,25.0,16.0,,,3.0,0.0,,,,,0.0,2.0,,,,,,,,,,,,,,,,,,,,,,,0.58,0.42,,,,,,,,,,,2.0,3.0,1.0,1.0,1.0,2.0,,,,,,,,,,,,,4.0,1.0,8.0,6.0,5.0,11.0,,,1.0,0.0,,,,,0.0,1.0,,,,,,,,,,,,,,,,,,,,,,,0.6,0.4,,,,,,,,,,,7.0,3.0,4.0,1.0,3.0,2.0,,,,,,,,,,,,,7.0,1.0,3.0,7.0,20.0,5.0,,,2.0,0.0,,,,,0.0,1.0,,,,,,,,,,,,
SpTQSzo4,UZBEKISTAN,2021,UZBEKISTAN 1,UZBEKISTAN 1,23/10/2021,10:15,Round 23,Kokand 1912,6DWZyFY4,Lok. Tashkent,6NblEC0J,False,2,1,,,,,,"[37, 75]",[68],,0.0,0.0,0.0,,0.0,0.0,0.0,,0.0,0.0,0.0,,0.0,0.0,,0.0,0.0,,0,0,,0,0,,0.0,0.0,,0,0,,0.0,0.0,,0.0,0.0,,0.0,0.0,,0.0,0.0,,0.0,0.0,,0.0,0.0,,0,0,,0,0,,0.0,0.0,0.0,,0.0,0.0,0.0,,0,0,0,,0.0,0.0,,0.0,0.0,,0.0,0.0,,0.0,0.0,0.0,0.0,0.0,0.0,0.0,0.0,0.0,,0.0,0.0,,0,0,,0,0,,0.0,,0.0,,0.0,,0.0,,0.0,,0.0,,0.0,,0.0,,0.0,,0.0,,0.0,,0.0,,0.0,,0.0,,0.0,,0,0,,0,0,,0,0,,0,0,,0,0,,0,0,,0,0,,0,0,,0,0,,0,0,,0,0,0,,0.0,0.0,0.0,,0.0,0.0,0.0,,0.0,0.0,0.0,,0.0,0.0,0.0,,0,0,0,,,,,,,,,,,0.45,0.55,,,,,,,,,,,9.0,6.0,4.0,1.0,5.0,5.0,,,,,,,,,,,,,3.0,3.0,11.0,13.0,18.0,21.0,,,4.0,1.0,,,,,0.0,2.0,,,,,,,,,,,,,,,,,,,,,,,0.5,0.5,,,,,,,,,,,5.0,0.0,3.0,0.0,2.0,0.0,,,,,,,,,,,,,2.0,1.0,6.0,8.0,10.0,8.0,,,3.0,0.0,,,,,0.0,2.0,,,,,,,,,,,,,,,,,,,,,,,0.4,0.6,,,,,,,,,,,4.0,6.0,1.0,1.0,3.0,5.0,,,,,,,,,,,,,1.0,2.0,5.0,5.0,8.0,13.0,,,1.0,1.0,,,,,0.0,0.0,,,,,,,,,,,,
QLnW6gOp,UZBEKISTAN,2021,UZBEKISTAN 1,UZBEKISTAN 1,21/10/2021,13:15,Round 23,Metallurg Bekabad,ptMIc8Vo,OKMK,4bW7fppH,False,0,1,,,,,,[],[18],,0.0,0.0,0.0,,0.0,0.0,0.0,,0.0,0.0,0.0,,0.0,0.0,,0.0,0.0,,0,0,,0,0,,0.0,0.0,,0,0,,0.0,0.0,,0.0,0.0,,0.0,0.0,,0.0,0.0,,0.0,0.0,,0.0,0.0,,0,0,,0,0,,0.0,0.0,0.0,,0.0,0.0,0.0,,0,0,0,,0.0,0.0,,0.0,0.0,,0.0,0.0,,0.0,0.0,0.0,0.0,0.0,0.0,0.0,0.0,0.0,,0.0,0.0,,0,0,,0,0,,0.0,,0.0,,0.0,,0.0,,0.0,,0.0,,0.0,,0.0,,0.0,,0.0,,0.0,,0.0,,0.0,,0.0,,0.0,,0,0,,0,0,,0,0,,0,0,,0,0,,0,0,,0,0,,0,0,,0,0,,0,0,,0,0,0,,0.0,0.0,0.0,,0.0,0.0,0.0,,0.0,0.0,0.0,,0.0,0.0,0.0,,0,0,0,,,,,,,,,,,0.51,0.49,,,,,,,,,,,3.0,5.0,2.0,3.0,1.0,2.0,,,,,,,,,,,,,3.0,5.0,21.0,20.0,22.0,24.0,,,4.0,4.0,,,,,2.0,2.0,,,,,,,,,,,,,,,,,,,,,,,0.5,0.5,,,,,,,,,,,2.0,3.0,2.0,3.0,0.0,0.0,,,,,,,,,,,,,1.0,1.0,10.0,10.0,8.0,11.0,,,2.0,1.0,,,,,2.0,2.0,,,,,,,,,,,,,,,,,,,,,,,0.52,0.48,,,,,,,,,,,1.0,2.0,0.0,0.0,1.0,2.0,,,,,,,,,,,,,2.0,4.0,11.0,10.0,14.0,13.0,,,2.0,3.0,,,,,0.0,0.0,,,,,,,,,,,,
YN7iEyWA,UZBEKISTAN,2021,UZBEKISTAN 1,UZBEKISTAN 1,16/10/2021,12:00,Round 22,Turon,nZLTSNfr,Termez Surkhon,nNSkKzpB,False,1,1,,,,,,[68],[47],,0.0,0.0,0.0,,0.0,0.0,0.0,,0.0,0.0,0.0,,0.0,0.0,,0.0,0.0,,0,0,,0,0,,0.0,0.0,,0,0,,0.0,0.0,,0.0,0.0,,0.0,0.0,,0.0,0.0,,0.0,0.0,,0.0,0.0,,0,0,,0,0,,0.0,0.0,0.0,,0.0,0.0,0.0,,0,0,0,,0.0,0.0,,0.0,0.0,,0.0,0.0,,0.0,0.0,0.0,0.0,0.0,0.0,0.0,0.0,0.0,,0.0,0.0,,0,0,,0,0,,0.0,,0.0,,0.0,,0.0,,0.0,,0.0,,0.0,,0.0,,0.0,,0.0,,0.0,,0.0,,0.0,,0.0,,0.0,,0,0,,0,0,,0,0,,0,0,,0,0,,0,0,,0,0,,0,0,,0,0,,0,0,,0,0,0,,0.0,0.0,0.0,,0.0,0.0,0.0,,0.0,0.0,0.0,,0.0,0.0,0.0,,0,0,0,,,,,,,,,,,0.5,0.5,,,,,,,,,,,10.0,5.0,2.0,2.0,8.0,3.0,,,,,,,,,,,,,6.0,3.0,19.0,22.0,26.0,27.0,,,3.0,2.0,,,,,1.0,1.0,,,,,,,,,,,,,,,,,,,,,,,0.48,0.52,,,,,,,,,,,4.0,3.0,0.0,1.0,4.0,2.0,,,,,,,,,,,,,4.0,1.0,8.0,10.0,17.0,16.0,,,1.0,1.0,,,,,1.0,0.0,,,,,,,,,,,,,,,,,,,,,,,0.52,0.48,,,,,,,,,,,6.0,2.0,2.0,1.0,4.0,1.0,,,,,,,,,,,,,2.0,2.0,11.0,12.0,9.0,11.0,,,2.0,1.0,,,,,0.0,1.0,,,,,,,,,,,,
hSzEVx1o,UZBEKISTAN,2021,UZBEKISTAN 1,UZBEKISTAN 1,24/10/2021,11:00,Round 23,Sogdiana,tU64krNp,Pakhtakor,nXW1x6nG,False,1,0,,,,,,[53],[],,0.0,0.0,0.0,,0.0,0.0,0.0,,0.0,0.0,0.0,,0.0,0.0,,0.0,0.0,,0,0,,0,0,,0.0,0.0,,0,0,,0.0,0.0,,0.0,0.0,,0.0,0.0,,0.0,0.0,,0.0,0.0,,0.0,0.0,,0,0,,0,0,,0.0,0.0,0.0,,0.0,0.0,0.0,,0,0,0,,0.0,0.0,,0.0,0.0,,0.0,0.0,,0.0,0.0,0.0,0.0,0.0,0.0,0.0,0.0,0.0,,0.0,0.0,,0,0,,0,0,,0.0,,0.0,,0.0,,0.0,,0.0,,0.0,,0.0,,0.0,,0.0,,0.0,,0.0,,0.0,,0.0,,0.0,,0.0,,0,0,,0,0,,0,0,,0,0,,0,0,,0,0,,0,0,,0,0,,0,0,,0,0,,0,0,0,,0.0,0.0,0.0,,0.0,0.0,0.0,,0.0,0.0,0.0,,0.0,0.0,0.0,,0,0,0,,,,,,,,,,,0.46,0.54,,,,,,,,,,,8.0,4.0,2.0,1.0,6.0,3.0,,,,,,,,,,,,,2.0,3.0,21.0,8.0,29.0,29.0,,,2.0,6.0,0.0,1.0,,,1.0,1.0,,,,,,,,,,,,,,,,,,,,,,,0.51,0.49,,,,,,,,,,,4.0,2.0,1.0,1.0,3.0,1.0,,,,,,,,,,,,,2.0,2.0,9.0,5.0,19.0,12.0,,,2.0,2.0,,,,,1.0,1.0,,,,,,,,,,,,,,,,,,,,,,,0.4,0.6,,,,,,,,,,,4.0,2.0,1.0,0.0,3.0,2.0,,,,,,,,,,,,,0.0,1.0,12.0,3.0,10.0,17.0,,,0.0,4.0,0.0,1.0,,,0.0,0.0,,,,,,,,,,,,
WIZHUdGi,UZBEKISTAN,2021,UZBEKISTAN 1,UZBEKISTAN 1,22/10/2021,13:15,Round 23,Bunyodkor,lI4EpIdE,Turon,nZLTSNfr,False,3,1,,,,,,"[35, 90, 90]",[77],,0.0,0.0,0.0,,0.0,0.0,0.0,,0.0,0.0,0.0,,0.0,0.0,,0.0,0.0,,0,0,,0,0,,0.0,0.0,,0,0,,0.0,0.0,,0.0,0.0,,0.0,0.0,,0.0,0.0,,0.0,0.0,,0.0,0.0,,0,0,,0,0,,0.0,0.0,0.0,,0.0,0.0,0.0,,0,0,0,,0.0,0.0,,0.0,0.0,,0.0,0.0,,0.0,0.0,0.0,0.0,0.0,0.0,0.0,0.0,0.0,,0.0,0.0,,0,0,,0,0,,0.0,,0.0,,0.0,,0.0,,0.0,,0.0,,0.0,,0.0,,0.0,,0.0,,0.0,,0.0,,0.0,,0.0,,0.0,,0,0,,0,0,,0,0,,0,0,,0,0,,0,0,,0,0,,0,0,,0,0,,0,0,,0,0,0,,0.0,0.0,0.0,,0.0,0.0,0.0,,0.0,0.0,0.0,,0.0,0.0,0.0,,0,0,0,,,,,,,,,,,0.51,0.49,,,,,,,,,,,5.0,9.0,5.0,4.0,0.0,5.0,,,,,,,,,,,,,3.0,8.0,13.0,15.0,17.0,18.0,,,2.0,2.0,1.0,1.0,,,3.0,2.0,,,,,,,,,,,,,,,,,,,,,,,0.55,0.45,,,,,,,,,,,2.0,6.0,2.0,3.0,0.0,3.0,,,,,,,,,,,,,1.0,2.0,6.0,7.0,10.0,9.0,,,0.0,1.0,,,,,3.0,1.0,,,,,,,,,,,,,,,,,,,,,,,0.47,0.53,,,,,,,,,,,3.0,3.0,3.0,1.0,0.0,2.0,,,,,,,,,,,,,2.0,6.0,7.0,8.0,7.0,9.0,,,2.0,1.0,1.0,1.0,,,0.0,1.0,,,,,,,,,,,,
EsPMTGVc,UZBEKISTAN,2021,UZBEKISTAN 1,UZBEKISTAN 1,22/10/2021,10:30,Round 23,Termez Surkhon,nNSkKzpB,Qizilqum,rkVBg4aN,False,1,0,,,,,,[55],[],,0.0,0.0,0.0,,0.0,0.0,0.0,,0.0,0.0,0.0,,0.0,0.0,,0.0,0.0,,0,0,,0,0,,0.0,0.0,,0,0,,0.0,0.0,,0.0,0.0,,0.0,0.0,,0.0,0.0,,0.0,0.0,,0.0,0.0,,0,0,,0,0,,0.0,0.0,0.0,,0.0,0.0,0.0,,0,0,0,,0.0,0.0,,0.0,0.0,,0.0,0.0,,0.0,0.0,0.0,0.0,0.0,0.0,0.0,0.0,0.0,,0.0,0.0,,0,0,,0,0,,0.0,,0.0,,0.0,,0.0,,0.0,,0.0,,0.0,,0.0,,0.0,,0.0,,0.0,,0.0,,0.0,,0.0,,0.0,,0,0,,0,0,,0,0,,0,0,,0,0,,0,0,,0,0,,0,0,,0,0,,0,0,,0,0,0,,0.0,0.0,0.0,,0.0,0.0,0.0,,0.0,0.0,0.0,,0.0,0.0,0.0,,0,0,0,,,,,,,,,,,0.45,0.55,,,,,,,,,,,6.0,9.0,2.0,3.0,4.0,6.0,,,,,,,,,,,,,3.0,6.0,10.0,19.0,18.0,33.0,,,0.0,1.0,,,,,3.0,1.0,,,,,,,,,,,,,,,,,,,,,,,0.45,0.55,,,,,,,,,,,3.0,2.0,1.0,1.0,2.0,1.0,,,,,,,,,,,,,3.0,1.0,5.0,11.0,11.0,16.0,,,,,,,,,1.0,1.0,,,,,,,,,,,,,,,,,,,,,,,0.45,0.55,,,,,,,,,,,3.0,7.0,1.0,2.0,2.0,5.0,,,,,,,,,,,,,0.0,5.0,5.0,8.0,7.0,17.0,,,0.0,1.0,,,,,2.0,0.0,,,,,,,,,,,,
4j8RQgbJ,UZBEKISTAN,2021,UZBEKISTAN 1,UZBEKISTAN 1,02/10/2021,10:45,Round 21,Andijan,K6dxHEG0,Sogdiana,tU64krNp,False,0,0,,,,,,[],[],,0.0,0.0,0.0,,0.0,0.0,0.0,,0.0,0.0,0.0,,0.0,0.0,,0.0,0.0,,0,0,,0,0,,0.0,0.0,,0,0,,0.0,0.0,,0.0,0.0,,0.0,0.0,,0.0,0.0,,0.0,0.0,,0.0,0.0,,0,0,,0,0,,0.0,0.0,0.0,,0.0,0.0,0.0,,0,0,0,,0.0,0.0,,0.0,0.0,,0.0,0.0,,0.0,0.0,0.0,0.0,0.0,0.0,0.0,0.0,0.0,,0.0,0.0,,0,0,,0,0,,0.0,,0.0,,0.0,,0.0,,0.0,,0.0,,0.0,,0.0,,0.0,,0.0,,0.0,,0.0,,0.0,,0.0,,0.0,,0,0,,0,0,,0,0,,0,0,,0,0,,0,0,,0,0,,0,0,,0,0,,0,0,,0,0,0,,0.0,0.0,0.0,,0.0,0.0,0.0,,0.0,0.0,0.0,,0.0,0.0,0.0,,0,0,0,,,,,,,,,,,0.46,0.54,,,,,,,,,,,7.0,10.0,0.0,3.0,7.0,7.0,,,,,,,,,,,,,2.0,2.0,17.0,17.0,18.0,24.0,,,2.0,3.0,,,,,3.0,0.0,,,,,,,,,,,,,,,,,,,,,,,0.46,0.54,,,,,,,,,,,2.0,4.0,0.0,2.0,2.0,2.0,,,,,,,,,,,,,0.0,0.0,8.0,11.0,10.0,10.0,,,,,,,,,2.0,0.0,,,,,,,,,,,,,,,,,,,,,,,0.46,0.54,,,,,,,,,,,5.0,6.0,0.0,1.0,5.0,5.0,,,,,,,,,,,,,2.0,2.0,9.0,6.0,8.0,14.0,,,2.0,3.0,,,,,1.0,0.0,,,,,,,,,,,,
b5FvHwnh,UZBEKISTAN,2021,UZBEKISTAN 1,UZBEKISTAN 1,15/10/2021,13:30,Round 22,Nasaf Qarshi,W0GrbSph,Metallurg Bekabad,ptMIc8Vo,False,1,0,,,,,,[12],[],,0.0,0.0,0.0,,0.0,0.0,0.0,,0.0,0.0,0.0,,0.0,0.0,,0.0,0.0,,0,0,,0,0,,0.0,0.0,,0,0,,0.0,0.0,,0.0,0.0,,0.0,0.0,,0.0,0.0,,0.0,0.0,,0.0,0.0,,0,0,,0,0,,0.0,0.0,0.0,,0.0,0.0,0.0,,0,0,0,,0.0,0.0,,0.0,0.0,,0.0,0.0,,0.0,0.0,0.0,0.0,0.0,0.0,0.0,0.0,0.0,,0.0,0.0,,0,0,,0,0,,0.0,,0.0,,0.0,,0.0,,0.0,,0.0,,0.0,,0.0,,0.0,,0.0,,0.0,,0.0,,0.0,,0.0,,0.0,,0,0,,0,0,,0,0,,0,0,,0,0,,0,0,,0,0,,0,0,,0,0,,0,0,,0,0,0,,0.0,0.0,0.0,,0.0,0.0,0.0,,0.0,0.0,0.0,,0.0,0.0,0.0,,0,0,0,,,,,,,,,,,0.52,0.48,,,,,,,,,,,11.0,1.0,5.0,1.0,6.0,0.0,,,,,,,,,,,,,10.0,1.0,13.0,20.0,25.0,20.0,,,2.0,3.0,0.0,1.0,,,1.0,4.0,,,,,,,,,,,,,,,,,,,,,,,0.56,0.44,,,,,,,,,,,5.0,1.0,2.0,1.0,3.0,0.0,,,,,,,,,,,,,7.0,0.0,6.0,12.0,14.0,5.0,,,0.0,1.0,,,,,1.0,1.0,,,,,,,,,,,,,,,,,,,,,,,0.48,0.52,,,,,,,,,,,6.0,0.0,3.0,0.0,3.0,0.0,,,,,,,,,,,,,3.0,1.0,7.0,8.0,11.0,15.0,,,2.0,2.0,0.0,1.0,,,0.0,3.0,,,,,,,,,,,,
0bRYQEFG,UZBEKISTAN,2021,UZBEKISTAN 1,UZBEKISTAN 1,25/10/2021,10:15,Round 23,Andijan,K6dxHEG0,Nasaf Qarshi,W0GrbSph,False,1,1,,,,,,"[26, 89]",[57],,0.0,0.0,0.0,,0.0,0.0,0.0,,0.0,0.0,0.0,,0.0,0.0,,0.0,0.0,,0,0,,0,0,,0.0,0.0,,0,0,,0.0,0.0,,0.0,0.0,,0.0,0.0,,0.0,0.0,,0.0,0.0,,0.0,0.0,,0,0,,0,0,,0.0,0.0,0.0,,0.0,0.0,0.0,,0,0,0,,0.0,0.0,,0.0,0.0,,0.0,0.0,,0.0,0.0,0.0,0.0,0.0,0.0,0.0,0.0,0.0,,0.0,0.0,,0,0,,0,0,,0.0,,0.0,,0.0,,0.0,,0.0,,0.0,,0.0,,0.0,,0.0,,0.0,,0.0,,0.0,,0.0,,0.0,,0.0,,0,0,,0,0,,0,0,,0,0,,0,0,,0,0,,0,0,,0,0,,0,0,,0,0,,0,0,0,,0.0,0.0,0.0,,0.0,0.0,0.0,,0.0,0.0,0.0,,0.0,0.0,0.0,,0,0,0,,,,,,,,,,,0.55,0.45,,,,,,,,,,,8.0,12.0,3.0,6.0,5.0,6.0,,,,,,,,,,,,,2.0,3.0,17.0,17.0,29.0,17.0,,,1.0,3.0,,,,,5.0,2.0,,,,,,,,,,,,,,,,,,,,,,,0.53,0.47,,,,,,,,,,,3.0,8.0,1.0,3.0,2.0,5.0,,,,,,,,,,,,,2.0,1.0,5.0,11.0,18.0,10.0,,,,,,,,,3.0,0.0,,,,,,,,,,,,,,,,,,,,,,,0.57,0.43,,,,,,,,,,,5.0,4.0,2.0,3.0,3.0,1.0,,,,,,,,,,,,,0.0,2.0,12.0,6.0,11.0,7.0,,,1.0,3.0,,,,,2.0,2.0,,,,,,,,,,,,
M7SURf0A,UZBEKISTAN,2021,UZBEKISTAN 1,UZBEKISTAN 1,23/10/2021,10:45,Round 23,Mashal Muborak,6kNEblGu,Navbahor Namangan,AiFncn0b,False,0,0,,,,,,[],[],,0.0,0.0,0.0,,0.0,0.0,0.0,,0.0,0.0,0.0,,0.0,0.0,,0.0,0.0,,0,0,,0,0,,0.0,0.0,,0,0,,0.0,0.0,,0.0,0.0,,0.0,0.0,,0.0,0.0,,0.0,0.0,,0.0,0.0,,0,0,,0,0,,0.0,0.0,0.0,,0.0,0.0,0.0,,0,0,0,,0.0,0.0,,0.0,0.0,,0.0,0.0,,0.0,0.0,0.0,0.0,0.0,0.0,0.0,0.0,0.0,,0.0,0.0,,0,0,,0,0,,0.0,,0.0,,0.0,,0.0,,0.0,,0.0,,0.0,,0.0,,0.0,,0.0,,0.0,,0.0,,0.0,,0.0,,0.0,,0,0,,0,0,,0,0,,0,0,,0,0,,0,0,,0,0,,0,0,,0,0,,0,0,,0,0,0,,0.0,0.0,0.0,,0.0,0.0,0.0,,0.0,0.0,0.0,,0.0,0.0,0.0,,0,0,0,,,,,,,,,,,0.49,0.51,,,,,,,,,,,9.0,4.0,1.0,2.0,8.0,2.0,,,,,,,,,,,,,6.0,7.0,15.0,17.0,26.0,24.0,,,3.0,2.0,0.0,1.0,,,2.0,1.0,,,,,,,,,,,,,,,,,,,,,,,0.46,0.54,,,,,,,,,,,8.0,1.0,1.0,1.0,7.0,0.0,,,,,,,,,,,,,2.0,4.0,6.0,10.0,13.0,11.0,,,2.0,0.0,,,,,1.0,1.0,,,,,,,,,,,,,,,,,,,,,,,0.52,0.48,,,,,,,,,,,1.0,3.0,0.0,1.0,1.0,2.0,,,,,,,,,,,,,4.0,3.0,9.0,7.0,13.0,13.0,,,1.0,2.0,0.0,1.0,,,1.0,0.0,,,,,,,,,,,,
fX8mFHG4,UZBEKISTAN,2021,UZBEKISTAN 1,UZBEKISTAN 1,16/10/2021,13:30,Round 22,Sogdiana,tU64krNp,Kokand 1912,6DWZyFY4,False,1,1,,,,,,[38],[5],,0.0,0.0,0.0,,0.0,0.0,0.0,,0.0,0.0,0.0,,0.0,0.0,,0.0,0.0,,0,0,,0,0,,0.0,0.0,,0,0,,0.0,0.0,,0.0,0.0,,0.0,0.0,,0.0,0.0,,0.0,0.0,,0.0,0.0,,0,0,,0,0,,0.0,0.0,0.0,,0.0,0.0,0.0,,0,0,0,,0.0,0.0,,0.0,0.0,,0.0,0.0,,0.0,0.0,0.0,0.0,0.0,0.0,0.0,0.0,0.0,,0.0,0.0,,0,0,,0,0,,0.0,,0.0,,0.0,,0.0,,0.0,,0.0,,0.0,,0.0,,0.0,,0.0,,0.0,,0.0,,0.0,,0.0,,0.0,,0,0,,0,0,,0,0,,0,0,,0,0,,0,0,,0,0,,0,0,,0,0,,0,0,,0,0,0,,0.0,0.0,0.0,,0.0,0.0,0.0,,0.0,0.0,0.0,,0.0,0.0,0.0,,0,0,0,,,,,,,,,,,0.56,0.44,,,,,,,,,,,6.0,5.0,3.0,1.0,3.0,4.0,,,,,,,,,,,,,4.0,4.0,16.0,18.0,27.0,16.0,,,1.0,5.0,,,,,0.0,2.0,,,,,,,,,,,,,,,,,,,,,,,0.58,0.42,,,,,,,,,,,4.0,3.0,2.0,1.0,2.0,2.0,,,,,,,,,,,,,3.0,0.0,5.0,9.0,11.0,6.0,,,1.0,3.0,,,,,0.0,1.0,,,,,,,,,,,,,,,,,,,,,,,0.54,0.46,,,,,,,,,,,2.0,2.0,1.0,0.0,1.0,2.0,,,,,,,,,,,,,1.0,4.0,11.0,9.0,16.0,10.0,,,0.0,2.0,,,,,0.0,1.0,,,,,,,,,,,,
4rGzIJWo,UZBEKISTAN,2021,UZBEKISTAN 1,UZBEKISTAN 1,03/10/2021,11:00,Round 21,Termez Surkhon,nNSkKzpB,Navbahor Namangan,AiFncn0b,False,1,0,,,,,,[52],[],,0.0,0.0,0.0,,0.0,0.0,0.0,,0.0,0.0,0.0,,0.0,0.0,,0.0,0.0,,0,0,,0,0,,0.0,0.0,,0,0,,0.0,0.0,,0.0,0.0,,0.0,0.0,,0.0,0.0,,0.0,0.0,,0.0,0.0,,0,0,,0,0,,0.0,0.0,0.0,,0.0,0.0,0.0,,0,0,0,,0.0,0.0,,0.0,0.0,,0.0,0.0,,0.0,0.0,0.0,0.0,0.0,0.0,0.0,0.0,0.0,,0.0,0.0,,0,0,,0,0,,0.0,,0.0,,0.0,,0.0,,0.0,,0.0,,0.0,,0.0,,0.0,,0.0,,0.0,,0.0,,0.0,,0.0,,0.0,,0,0,,0,0,,0,0,,0,0,,0,0,,0,0,,0,0,,0,0,,0,0,,0,0,,0,0,0,,0.0,0.0,0.0,,0.0,0.0,0.0,,0.0,0.0,0.0,,0.0,0.0,0.0,,0,0,0,,,,,,,,,,,0.5,0.5,,,,,,,,,,,4.0,9.0,2.0,1.0,2.0,8.0,,,,,,,,,,,,,2.0,4.0,14.0,20.0,14.0,24.0,,,1.0,4.0,,,,,1.0,1.0,,,,,,,,,,,,,,,,,,,,,,,0.51,0.49,,,,,,,,,,,2.0,4.0,1.0,0.0,1.0,4.0,,,,,,,,,,,,,2.0,1.0,5.0,6.0,7.0,11.0,,,0.0,1.0,,,,,0.0,1.0,,,,,,,,,,,,,,,,,,,,,,,0.49,0.51,,,,,,,,,,,2.0,5.0,1.0,1.0,1.0,4.0,,,,,,,,,,,,,0.0,3.0,9.0,14.0,7.0,13.0,,,1.0,3.0,,,,,1.0,0.0,,,,,,,,,,,,
6ccXIaHu,UZBEKISTAN,2021,UZBEKISTAN 1,UZBEKISTAN 1,03/10/2021,13:15,Round 21,Qizilqum,rkVBg4aN,Turon,nZLTSNfr,False,2,1,,,,,,"[38, 71]",[61],,0.0,0.0,0.0,,0.0,0.0,0.0,,0.0,0.0,0.0,,0.0,0.0,,0.0,0.0,,0,0,,0,0,,0.0,0.0,,0,0,,0.0,0.0,,0.0,0.0,,0.0,0.0,,0.0,0.0,,0.0,0.0,,0.0,0.0,,0,0,,0,0,,0.0,0.0,0.0,,0.0,0.0,0.0,,0,0,0,,0.0,0.0,,0.0,0.0,,0.0,0.0,,0.0,0.0,0.0,0.0,0.0,0.0,0.0,0.0,0.0,,0.0,0.0,,0,0,,0,0,,0.0,,0.0,,0.0,,0.0,,0.0,,0.0,,0.0,,0.0,,0.0,,0.0,,0.0,,0.0,,0.0,,0.0,,0.0,,0,0,,0,0,,0,0,,0,0,,0,0,,0,0,,0,0,,0,0,,0,0,,0,0,,0,0,0,,0.0,0.0,0.0,,0.0,0.0,0.0,,0.0,0.0,0.0,,0.0,0.0,0.0,,0,0,0,,,,,,,,,,,0.49,0.51,,,,,,,,,,,7.0,6.0,3.0,1.0,4.0,5.0,,,,,,,,,,,,,2.0,8.0,28.0,22.0,19.0,22.0,,,1.0,2.0,,,,,0.0,1.0,,,,,,,,,,,,,,,,,,,,,,,0.53,0.47,,,,,,,,,,,2.0,3.0,1.0,0.0,1.0,3.0,,,,,,,,,,,,,1.0,2.0,11.0,9.0,12.0,6.0,,,0.0,1.0,,,,,0.0,0.0,,,,,,,,,,,,,,,,,,,,,,,0.45,0.55,,,,,,,,,,,5.0,3.0,2.0,1.0,3.0,2.0,,,,,,,,,,,,,1.0,6.0,17.0,13.0,7.0,16.0,,,1.0,1.0,,,,,0.0,1.0,,,,,,,,,,,,
Qa9NRZrD,UZBEKISTAN,2021,UZBEKISTAN 1,UZBEKISTAN 1,02/10/2021,10:30,Round 21,Mashal Muborak,6kNEblGu,Nasaf Qarshi,W0GrbSph,False,0,1,,,,,,[],[25],,0.0,0.0,0.0,,0.0,0.0,0.0,,0.0,0.0,0.0,,0.0,0.0,,0.0,0.0,,0,0,,0,0,,0.0,0.0,,0,0,,0.0,0.0,,0.0,0.0,,0.0,0.0,,0.0,0.0,,0.0,0.0,,0.0,0.0,,0,0,,0,0,,0.0,0.0,0.0,,0.0,0.0,0.0,,0,0,0,,0.0,0.0,,0.0,0.0,,0.0,0.0,,0.0,0.0,0.0,0.0,0.0,0.0,0.0,0.0,0.0,,0.0,0.0,,0,0,,0,0,,0.0,,0.0,,0.0,,0.0,,0.0,,0.0,,0.0,,0.0,,0.0,,0.0,,0.0,,0.0,,0.0,,0.0,,0.0,,0,0,,0,0,,0,0,,0,0,,0,0,,0,0,,0,0,,0,0,,0,0,,0,0,,0,0,0,,0.0,0.0,0.0,,0.0,0.0,0.0,,0.0,0.0,0.0,,0.0,0.0,0.0,,0,0,0,,,,,,,,,,,0.46,0.54,,,,,,,,,,,6.0,7.0,0.0,2.0,6.0,5.0,,,,,,,,,,,,,1.0,4.0,7.0,13.0,22.0,23.0,,,4.0,1.0,,,,,1.0,0.0,,,,,,,,,,,,,,,,,,,,,,,0.43,0.57,,,,,,,,,,,1.0,4.0,0.0,2.0,1.0,2.0,,,,,,,,,,,,,0.0,1.0,4.0,9.0,10.0,13.0,,,2.0,0.0,,,,,1.0,0.0,,,,,,,,,,,,,,,,,,,,,,,0.49,0.51,,,,,,,,,,,5.0,3.0,0.0,0.0,5.0,3.0,,,,,,,,,,,,,1.0,3.0,3.0,4.0,12.0,10.0,,,2.0,1.0,,,,,0.0,0.0,,,,,,,,,,,,
OC04BZFT,UZBEKISTAN,2021,UZBEKISTAN 1,UZBEKISTAN 1,17/10/2021,12:00,Round 22,Navbahor Namangan,AiFncn0b,Bunyodkor,lI4EpIdE,False,2,1,,,,,,"[58, 60]",[49],,0.0,0.0,0.0,,0.0,0.0,0.0,,0.0,0.0,0.0,,0.0,0.0,,0.0,0.0,,0,0,,0,0,,0.0,0.0,,0,0,,0.0,0.0,,0.0,0.0,,0.0,0.0,,0.0,0.0,,0.0,0.0,,0.0,0.0,,0,0,,0,0,,0.0,0.0,0.0,,0.0,0.0,0.0,,0,0,0,,0.0,0.0,,0.0,0.0,,0.0,0.0,,0.0,0.0,0.0,0.0,0.0,0.0,0.0,0.0,0.0,,0.0,0.0,,0,0,,0,0,,0.0,,0.0,,0.0,,0.0,,0.0,,0.0,,0.0,,0.0,,0.0,,0.0,,0.0,,0.0,,0.0,,0.0,,0.0,,0,0,,0,0,,0,0,,0,0,,0,0,,0,0,,0,0,,0,0,,0,0,,0,0,,0,0,0,,0.0,0.0,0.0,,0.0,0.0,0.0,,0.0,0.0,0.0,,0.0,0.0,0.0,,0,0,0,,,,,,,,,,,0.5,0.5,,,,,,,,,,,9.0,7.0,4.0,3.0,5.0,4.0,,,,,,,,,,,,,8.0,3.0,17.0,18.0,21.0,21.0,,,2.0,2.0,,,,,2.0,2.0,,,,,,,,,,,,,,,,,,,,,,,0.51,0.49,,,,,,,,,,,4.0,3.0,2.0,1.0,2.0,2.0,,,,,,,,,,,,,4.0,3.0,7.0,11.0,10.0,7.0,,,1.0,1.0,,,,,1.0,2.0,,,,,,,,,,,,,,,,,,,,,,,0.49,0.51,,,,,,,,,,,5.0,4.0,2.0,2.0,3.0,2.0,,,,,,,,,,,,,4.0,0.0,10.0,7.0,11.0,14.0,,,1.0,1.0,,,,,1.0,0.0,,,,,,,,,,,,
xdErGc1b,UZBEKISTAN,2021,UZBEKISTAN 1,UZBEKISTAN 1,15/10/2021,12:00,Round 22,OKMK,4bW7fppH,Mashal Muborak,6kNEblGu,False,3,2,,,,,,"[12, 17, 51]","[8, 86]",,0.0,0.0,0.0,,0.0,0.0,0.0,,0.0,0.0,0.0,,0.0,0.0,,0.0,0.0,,0,0,,0,0,,0.0,0.0,,0,0,,0.0,0.0,,0.0,0.0,,0.0,0.0,,0.0,0.0,,0.0,0.0,,0.0,0.0,,0,0,,0,0,,0.0,0.0,0.0,,0.0,0.0,0.0,,0,0,0,,0.0,0.0,,0.0,0.0,,0.0,0.0,,0.0,0.0,0.0,0.0,0.0,0.0,0.0,0.0,0.0,,0.0,0.0,,0,0,,0,0,,0.0,,0.0,,0.0,,0.0,,0.0,,0.0,,0.0,,0.0,,0.0,,0.0,,0.0,,0.0,,0.0,,0.0,,0.0,,0,0,,0,0,,0,0,,0,0,,0,0,,0,0,,0,0,,0,0,,0,0,,0,0,,0,0,0,,0.0,0.0,0.0,,0.0,0.0,0.0,,0.0,0.0,0.0,,0.0,0.0,0.0,,0,0,0,,,,,,,,,,,0.56,0.44,,,,,,,,,,,11.0,6.0,9.0,3.0,2.0,3.0,,,,,,,,,,,,,6.0,6.0,14.0,16.0,29.0,17.0,,,1.0,5.0,,,,,1.0,6.0,,,,,,,,,,,,,,,,,,,,,,,0.56,0.44,,,,,,,,,,,4.0,3.0,3.0,2.0,1.0,1.0,,,,,,,,,,,,,2.0,3.0,6.0,9.0,19.0,9.0,,,0.0,3.0,,,,,1.0,1.0,,,,,,,,,,,,,,,,,,,,,,,0.56,0.44,,,,,,,,,,,7.0,3.0,6.0,1.0,1.0,2.0,,,,,,,,,,,,,4.0,3.0,8.0,7.0,10.0,8.0,,,1.0,2.0,,,,,0.0,5.0,,,,,,,,,,,,
Sp7eDeoH,UZBEKISTAN,2021,UZBEKISTAN 1,UZBEKISTAN 1,16/10/2021,11:15,Round 22,Pakhtakor,nXW1x6nG,Qizilqum,rkVBg4aN,False,4,2,,,,,,"[3, 38, 61, 66]","[13, 45]",,0.0,0.0,0.0,,0.0,0.0,0.0,,0.0,0.0,0.0,,0.0,0.0,,0.0,0.0,,0,0,,0,0,,0.0,0.0,,0,0,,0.0,0.0,,0.0,0.0,,0.0,0.0,,0.0,0.0,,0.0,0.0,,0.0,0.0,,0,0,,0,0,,0.0,0.0,0.0,,0.0,0.0,0.0,,0,0,0,,0.0,0.0,,0.0,0.0,,0.0,0.0,,0.0,0.0,0.0,0.0,0.0,0.0,0.0,0.0,0.0,,0.0,0.0,,0,0,,0,0,,0.0,,0.0,,0.0,,0.0,,0.0,,0.0,,0.0,,0.0,,0.0,,0.0,,0.0,,0.0,,0.0,,0.0,,0.0,,0,0,,0,0,,0,0,,0,0,,0,0,,0,0,,0,0,,0,0,,0,0,,0,0,,0,0,0,,0.0,0.0,0.0,,0.0,0.0,0.0,,0.0,0.0,0.0,,0.0,0.0,0.0,,0,0,0,,,,,,,,,,,0.45,0.55,,,,,,,,,,,10.0,5.0,5.0,2.0,5.0,3.0,,,,,,,,,,,,,1.0,5.0,19.0,37.0,15.0,21.0,,,3.0,4.0,,,,,0.0,1.0,,,,,,,,,,,,,,,,,,,,,,,0.48,0.52,,,,,,,,,,,7.0,3.0,3.0,2.0,4.0,1.0,,,,,,,,,,,,,1.0,3.0,9.0,13.0,8.0,11.0,,,1.0,1.0,,,,,0.0,1.0,,,,,,,,,,,,,,,,,,,,,,,0.42,0.58,,,,,,,,,,,3.0,2.0,2.0,0.0,1.0,2.0,,,,,,,,,,,,,0.0,2.0,10.0,24.0,7.0,10.0,,,2.0,3.0,,,,,0.0,0.0,,,,,,,,,,,,
dQ4JSFT6,UZBEKISTAN,2021,UZBEKISTAN 1,UZBEKISTAN 1,02/10/2021,13:00,Round 21,Bunyodkor,lI4EpIdE,OKMK,4bW7fppH,False,1,1,,,,,,[63],[74],,0.0,0.0,0.0,,0.0,0.0,0.0,,0.0,0.0,0.0,,0.0,0.0,,0.0,0.0,,0,0,,0,0,,0.0,0.0,,0,0,,0.0,0.0,,0.0,0.0,,0.0,0.0,,0.0,0.0,,0.0,0.0,,0.0,0.0,,0,0,,0,0,,0.0,0.0,0.0,,0.0,0.0,0.0,,0,0,0,,0.0,0.0,,0.0,0.0,,0.0,0.0,,0.0,0.0,0.0,0.0,0.0,0.0,0.0,0.0,0.0,,0.0,0.0,,0,0,,0,0,,0.0,,0.0,,0.0,,0.0,,0.0,,0.0,,0.0,,0.0,,0.0,,0.0,,0.0,,0.0,,0.0,,0.0,,0.0,,0,0,,0,0,,0,0,,0,0,,0,0,,0,0,,0,0,,0,0,,0,0,,0,0,,0,0,0,,0.0,0.0,0.0,,0.0,0.0,0.0,,0.0,0.0,0.0,,0.0,0.0,0.0,,0,0,0,,,,,,,,,,,0.49,0.51,,,,,,,,,,,8.0,7.0,5.0,2.0,3.0,5.0,,,,,,,,,,,,,2.0,5.0,19.0,10.0,24.0,24.0,,,1.0,2.0,,,,,1.0,4.0,,,,,,,,,,,,,,,,,,,,,,,0.55,0.45,,,,,,,,,,,5.0,2.0,3.0,0.0,2.0,2.0,,,,,,,,,,,,,2.0,0.0,10.0,6.0,14.0,8.0,,,0.0,1.0,,,,,0.0,3.0,,,,,,,,,,,,,,,,,,,,,,,0.43,0.57,,,,,,,,,,,3.0,5.0,2.0,2.0,1.0,3.0,,,,,,,,,,,,,0.0,5.0,9.0,4.0,10.0,16.0,,,1.0,1.0,,,,,1.0,1.0,,,,,,,,,,,,
IZ5FTeE0,UZBEKISTAN,2021,UZBEKISTAN 1,UZBEKISTAN 1,01/10/2021,13:15,Round 21,Metallurg Bekabad,ptMIc8Vo,Lok. Tashkent,6NblEC0J,False,1,2,,,,,,[42],"[59, 90]",,0.0,0.0,0.0,,0.0,0.0,0.0,,0.0,0.0,0.0,,0.0,0.0,,0.0,0.0,,0,0,,0,0,,0.0,0.0,,0,0,,0.0,0.0,,0.0,0.0,,0.0,0.0,,0.0,0.0,,0.0,0.0,,0.0,0.0,,0,0,,0,0,,0.0,0.0,0.0,,0.0,0.0,0.0,,0,0,0,,0.0,0.0,,0.0,0.0,,0.0,0.0,,0.0,0.0,0.0,0.0,0.0,0.0,0.0,0.0,0.0,,0.0,0.0,,0,0,,0,0,,0.0,,0.0,,0.0,,0.0,,0.0,,0.0,,0.0,,0.0,,0.0,,0.0,,0.0,,0.0,,0.0,,0.0,,0.0,,0,0,,0,0,,0,0,,0,0,,0,0,,0,0,,0,0,,0,0,,0,0,,0,0,,0,0,0,,0.0,0.0,0.0,,0.0,0.0,0.0,,0.0,0.0,0.0,,0.0,0.0,0.0,,0,0,0,,,,,,,,,,,0.49,0.51,,,,,,,,,,,7.0,8.0,3.0,4.0,4.0,4.0,,,,,,,,,,,,,5.0,6.0,11.0,14.0,17.0,17.0,,,1.0,2.0,0.0,1.0,,,2.0,2.0,,,,,,,,,,,,,,,,,,,,,,,0.43,0.57,,,,,,,,,,,2.0,4.0,2.0,2.0,0.0,2.0,,,,,,,,,,,,,3.0,4.0,7.0,8.0,7.0,13.0,,,0.0,1.0,0.0,1.0,,,2.0,1.0,,,,,,,,,,,,,,,,,,,,,,,0.54,0.46,,,,,,,,,,,5.0,4.0,1.0,2.0,4.0,2.0,,,,,,,,,,,,,2.0,2.0,4.0,6.0,10.0,4.0,,,1.0,1.0,,,,,0.0,1.0,,,,,,,,,,,,
zBGAUyaf,UZBEKISTAN,2021,UZBEKISTAN 1,UZBEKISTAN 1,01/10/2021,11:00,Round 21,Kokand 1912,6DWZyFY4,Pakhtakor,nXW1x6nG,False,4,2,,,,,,"[9, 40, 71, 76]","[47, 71]",,0.0,0.0,0.0,,0.0,0.0,0.0,,0.0,0.0,0.0,,0.0,0.0,,0.0,0.0,,0,0,,0,0,,0.0,0.0,,0,0,,0.0,0.0,,0.0,0.0,,0.0,0.0,,0.0,0.0,,0.0,0.0,,0.0,0.0,,0,0,,0,0,,0.0,0.0,0.0,,0.0,0.0,0.0,,0,0,0,,0.0,0.0,,0.0,0.0,,0.0,0.0,,0.0,0.0,0.0,0.0,0.0,0.0,0.0,0.0,0.0,,0.0,0.0,,0,0,,0,0,,0.0,,0.0,,0.0,,0.0,,0.0,,0.0,,0.0,,0.0,,0.0,,0.0,,0.0,,0.0,,0.0,,0.0,,0.0,,0,0,,0,0,,0,0,,0,0,,0,0,,0,0,,0,0,,0,0,,0,0,,0,0,,0,0,0,,0.0,0.0,0.0,,0.0,0.0,0.0,,0.0,0.0,0.0,,0.0,0.0,0.0,,0,0,0,,,,,,,,,,,0.45,0.55,,,,,,,,,,,14.0,8.0,9.0,3.0,5.0,5.0,,,,,,,,,,,,,5.0,10.0,13.0,18.0,21.0,26.0,,,3.0,2.0,,,,,1.0,5.0,,,,,,,,,,,,,,,,,,,,,,,0.47,0.53,,,,,,,,,,,9.0,2.0,5.0,1.0,4.0,1.0,,,,,,,,,,,,,4.0,3.0,5.0,6.0,13.0,13.0,,,2.0,1.0,,,,,1.0,3.0,,,,,,,,,,,,,,,,,,,,,,,0.43,0.57,,,,,,,,,,,5.0,6.0,4.0,2.0,1.0,4.0,,,,,,,,,,,,,1.0,7.0,8.0,12.0,8.0,13.0,,,1.0,1.0,,,,,0.0,2.0,,,,,,,,,,,,
AmRWIv0r,UZBEKISTAN,2021,UZBEKISTAN 1,UZBEKISTAN 1,20/09/2021,14:00,Round 19,Qizilqum,rkVBg4aN,OKMK,4bW7fppH,False,0,0,,,,,,[],[],Betano.br,3.65,1.91,3.1,Betano.br,3.3,2.3,2.77,Betano.br,2.92,3.05,2.37,Betano.br,1.5,2.25,,0.0,0.0,,0,0,,0,0,Betano.br,2.35,1.5,,0,0,,0.0,0.0,Betano.br,1.42,2.47,Betano.br,2.2,1.53,Betano.br,3.7,1.19,,0.0,0.0,Betano.br,1.91,1.7,,0,0,,0,0,Betano.br,1.55,1.36,1.38,Betano.br,1.33,1.7,1.25,,0,0,0,Betano.br,2.0,1.65,Betano.br,1.98,1.7,Betano.br,2.05,1.72,,0.0,0.0,0.0,0.0,0.0,0.0,0.0,0.0,0.0,Betano.br,1.88,1.82,,0,0,,0,0,Betano.br,7.3,Betano.br,7.5,Betano.br,6.6,Betano.br,5.9,Betano.br,14.0,Betano.br,10.5,Betano.br,11.0,Betano.br,9.75,Betano.br,16.5,Betano.br,37.0,Betano.br,25.0,Betano.br,29.0,Betano.br,22.0,Betano.br,45.0,Betano.br,40.0,,0,0,,0,0,,0,0,,0,0,,0,0,,0,0,,0,0,,0,0,,0,0,,0,0,,0,0,0,,0.0,0.0,0.0,Betano.br,0.0,0.0,5.0,Betano.br,1.55,3.75,0.0,,0.0,0.0,0.0,,0,0,0,,,,,,,,,,,0.48,0.52,,,,,,,,,,,9.0,3.0,3.0,1.0,6.0,2.0,,,,,,,,,,,,,6.0,4.0,23.0,29.0,15.0,21.0,,,2.0,3.0,,,,,1.0,3.0,,,,,,,,,,,,,,,,,,,,,,,0.43,0.57,,,,,,,,,,,5.0,1.0,1.0,1.0,4.0,0.0,,,,,,,,,,,,,2.0,2.0,9.0,15.0,7.0,13.0,,,,,,,,,1.0,1.0,,,,,,,,,,,,,,,,,,,,,,,0.53,0.47,,,,,,,,,,,4.0,2.0,2.0,0.0,2.0,2.0,,,,,,,,,,,,,4.0,2.0,14.0,14.0,8.0,8.0,,,2.0,3.0,,,,,0.0,2.0,,,,,,,,,,,,
SpD2WcUs,UZBEKISTAN,2021,UZBEKISTAN 1,UZBEKISTAN 1,27/09/2021,14:00,Round 20,Nasaf Qarshi,W0GrbSph,Bunyodkor,lI4EpIdE,False,5,0,,,,,,"[9, 19, 81, 87, 90]",[],Betano.br,2.57,2.02,4.2,Betano.br,2.3,2.45,3.9,Betano.br,1.93,3.35,3.65,Betano.br,1.44,2.42,,0.0,0.0,,0,0,,0,0,Betano.br,2.15,1.6,,0,0,,0.0,0.0,Betano.br,1.33,2.8,Betano.br,1.98,1.65,Betano.br,3.25,1.25,,0.0,0.0,Betano.br,1.82,1.78,,0,0,,0,0,Betano.br,1.27,1.31,1.82,Betano.br,1.2,1.62,1.45,,0,0,0,Betano.br,1.4,2.52,Betano.br,1.5,2.37,Betano.br,1.5,2.5,,0.0,0.0,0.0,0.0,0.0,0.0,0.0,0.0,0.0,Betano.br,1.88,1.83,,0,0,,0,0,Betano.br,8.75,Betano.br,6.6,Betano.br,10.0,Betano.br,6.5,Betano.br,8.75,Betano.br,19.0,Betano.br,8.5,Betano.br,12.5,Betano.br,16.0,Betano.br,16.5,Betano.br,55.0,Betano.br,16.5,Betano.br,35.0,Betano.br,30.0,Betano.br,45.0,,0,0,,0,0,,0,0,,0,0,,0,0,,0,0,,0,0,,0,0,,0,0,,0,0,,0,0,0,,0.0,0.0,0.0,Betano.br,3.6,3.55,0.0,Betano.br,0.0,0.0,1.82,,0.0,0.0,0.0,,0,0,0,,,,,,,,,,,0.51,0.49,,,,,,,,,,,12.0,3.0,6.0,1.0,6.0,2.0,,,,,,,,,,,,,2.0,3.0,16.0,17.0,25.0,22.0,,,2.0,1.0,,,,,1.0,1.0,,,,,,,,,,,,,,,,,,,,,,,0.49,0.51,,,,,,,,,,,5.0,0.0,2.0,0.0,3.0,0.0,,,,,,,,,,,,,1.0,2.0,8.0,9.0,13.0,10.0,,,1.0,1.0,,,,,0.0,0.0,,,,,,,,,,,,,,,,,,,,,,,0.53,0.47,,,,,,,,,,,7.0,3.0,4.0,1.0,3.0,2.0,,,,,,,,,,,,,1.0,1.0,8.0,8.0,12.0,12.0,,,1.0,0.0,,,,,1.0,1.0,,,,,,,,,,,,
pQ9wxK6K,UZBEKISTAN,2021,UZBEKISTAN 1,UZBEKISTAN 1,26/09/2021,11:15,Round 20,Sogdiana,tU64krNp,Metallurg Bekabad,ptMIc8Vo,False,2,0,,,,,,"[1, 50]",[],Betano.br,2.42,2.1,4.3,Betano.br,2.15,2.55,4.1,Betano.br,1.8,3.5,4.0,Betano.br,1.39,2.57,,0.0,0.0,,0,0,,0,0,Betano.br,2.0,1.7,,0,0,,0.0,0.0,Betano.br,1.27,3.1,Betano.br,1.82,1.8,Betano.br,2.9,1.31,,0.0,0.0,Betano.br,1.72,1.88,,0,0,,0,0,Betano.br,1.24,1.29,1.95,Betano.br,1.19,1.6,1.52,,0,0,0,Betano.br,1.34,2.75,Betano.br,1.44,2.52,Betano.br,1.42,2.72,,0.0,0.0,0.0,0.0,0.0,0.0,0.0,0.0,0.0,Betano.br,1.87,1.83,,0,0,,0,0,Betano.br,10.25,Betano.br,7.0,Betano.br,12.0,Betano.br,6.8,Betano.br,8.5,Betano.br,23.0,Betano.br,8.25,Betano.br,13.0,Betano.br,14.5,Betano.br,15.0,Betano.br,65.0,Betano.br,14.5,Betano.br,37.0,Betano.br,26.0,Betano.br,40.0,,0,0,,0,0,,0,0,,0,0,,0,0,,0,0,,0,0,,0,0,,0,0,,0,0,,0,0,0,,0.0,0.0,0.0,Betano.br,3.2,3.55,0.0,Betano.br,0.0,0.0,1.95,,0.0,0.0,0.0,,0,0,0,,,,,,,,,,,0.45,0.55,,,,,,,,,,,10.0,6.0,5.0,1.0,5.0,5.0,,,,,,,,,,,,,8.0,5.0,8.0,7.0,22.0,29.0,,,1.0,1.0,,,,,1.0,3.0,,,,,,,,,,,,,,,,,,,,,,,0.46,0.54,,,,,,,,,,,7.0,5.0,3.0,1.0,4.0,4.0,,,,,,,,,,,,,5.0,2.0,5.0,5.0,9.0,11.0,,,0.0,1.0,,,,,1.0,2.0,,,,,,,,,,,,,,,,,,,,,,,0.44,0.56,,,,,,,,,,,3.0,1.0,2.0,0.0,1.0,1.0,,,,,,,,,,,,,3.0,3.0,3.0,2.0,13.0,18.0,,,1.0,0.0,,,,,0.0,1.0,,,,,,,,,,,,
Am513a0e,UZBEKISTAN,2021,UZBEKISTAN 1,UZBEKISTAN 1,15/09/2021,11:15,Round 18,Andijan,K6dxHEG0,Metallurg Bekabad,ptMIc8Vo,False,1,2,,,,,,[73],"[87, 89]",Betano.br,3.75,1.9,3.05,Betano.br,3.45,2.27,2.72,Betano.br,3.1,3.0,2.3,Betano.br,1.52,2.22,,0.0,0.0,,0,0,,0,0,Betano.br,2.37,1.5,,0,0,,0.0,0.0,Betano.br,1.44,2.42,Betano.br,2.25,1.5,Betano.br,3.8,1.18,,0.0,0.0,Betano.br,1.93,1.7,,0,0,,0,0,Betano.br,1.57,1.36,1.36,Betano.br,1.34,1.72,1.23,,0,0,0,Betano.br,2.07,1.6,Betano.br,2.05,1.65,Betano.br,2.12,1.7,,0.0,0.0,0.0,0.0,0.0,0.0,0.0,0.0,0.0,Betano.br,1.88,1.82,,0,0,,0,0,Betano.br,7.1,Betano.br,7.6,Betano.br,6.3,Betano.br,5.9,Betano.br,14.5,Betano.br,10.0,Betano.br,11.5,Betano.br,9.5,Betano.br,17.0,Betano.br,40.0,Betano.br,23.0,Betano.br,32.0,Betano.br,22.0,Betano.br,45.0,Betano.br,40.0,,0,0,,0,0,,0,0,,0,0,,0,0,,0,0,,0,0,,0,0,,0,0,,0,0,,0,0,0,,0.0,0.0,0.0,Betano.br,0.0,0.0,4.85,Betano.br,1.57,3.7,0.0,,0.0,0.0,0.0,,0,0,0,,,,,,,,,,,0.41,0.59,,,,,,,,,,,11.0,9.0,7.0,5.0,4.0,4.0,,,,,,,,,,,,,3.0,4.0,16.0,24.0,21.0,34.0,,,2.0,1.0,,,,,3.0,6.0,,,,,,,,,,,,,,,,,,,,,,,0.44,0.56,,,,,,,,,,,2.0,3.0,2.0,2.0,0.0,1.0,,,,,,,,,,,,,1.0,3.0,5.0,14.0,13.0,12.0,,,,,,,,,2.0,2.0,,,,,,,,,,,,,,,,,,,,,,,0.38,0.62,,,,,,,,,,,9.0,6.0,5.0,3.0,4.0,3.0,,,,,,,,,,,,,2.0,1.0,11.0,10.0,8.0,22.0,,,2.0,1.0,,,,,1.0,4.0,,,,,,,,,,,,
QyRzyvMQ,UZBEKISTAN,2021,UZBEKISTAN 1,UZBEKISTAN 1,26/09/2021,13:30,Round 20,Navbahor Namangan,AiFncn0b,Qizilqum,rkVBg4aN,False,0,0,,,,,,[],[],Betano.br,3.15,1.85,3.8,Betano.br,2.77,2.22,3.45,Betano.br,2.37,2.92,3.05,Betano.br,1.55,2.15,,0.0,0.0,,0,0,,0,0,Betano.br,2.47,1.45,,0,0,,0.0,0.0,Betano.br,1.47,2.32,Betano.br,2.35,1.47,Betano.br,4.0,1.16,,0.0,0.0,Betano.br,1.98,1.65,,0,0,,0,0,Betano.br,1.36,1.39,1.55,Betano.br,1.23,1.75,1.32,,0,0,0,Betano.br,1.62,2.05,Betano.br,1.7,2.0,Betano.br,1.7,2.07,,0.0,0.0,0.0,0.0,0.0,0.0,0.0,0.0,0.0,Betano.br,1.9,1.8,,0,0,,0,0,Betano.br,6.6,Betano.br,6.1,Betano.br,7.4,Betano.br,5.8,Betano.br,10.25,Betano.br,14.5,Betano.br,9.75,Betano.br,11.5,Betano.br,17.5,Betano.br,25.0,Betano.br,40.0,Betano.br,24.0,Betano.br,32.0,Betano.br,45.0,Betano.br,50.0,,0,0,,0,0,,0,0,,0,0,,0,0,,0,0,,0,0,,0,0,,0,0,,0,0,,0,0,0,,0.0,0.0,0.0,Betano.br,5.1,3.7,0.0,Betano.br,0.0,0.0,1.55,,0.0,0.0,0.0,,0,0,0,,,,,,,,,,,0.52,0.48,,,,,,,,,,,7.0,6.0,2.0,1.0,5.0,5.0,,,,,,,,,,,,,4.0,6.0,25.0,17.0,29.0,21.0,,,2.0,4.0,,,,,1.0,2.0,,,,,,,,,,,,,,,,,,,,,,,0.51,0.49,,,,,,,,,,,3.0,2.0,1.0,0.0,2.0,2.0,,,,,,,,,,,,,1.0,3.0,15.0,8.0,16.0,13.0,,,1.0,0.0,,,,,0.0,1.0,,,,,,,,,,,,,,,,,,,,,,,0.53,0.47,,,,,,,,,,,4.0,4.0,1.0,1.0,3.0,3.0,,,,,,,,,,,,,3.0,3.0,10.0,9.0,13.0,8.0,,,1.0,4.0,,,,,1.0,1.0,,,,,,,,,,,,
M7C6VHql,UZBEKISTAN,2021,UZBEKISTAN 1,UZBEKISTAN 1,27/09/2021,14:00,Round 20,Lok. Tashkent,6NblEC0J,Mashal Muborak,6kNEblGu,False,2,1,,,,,,"[51, 90]",[34],Betano.br,2.07,2.12,5.9,Betano.br,1.82,2.62,5.9,Betano.br,1.5,3.85,6.1,Betano.br,1.4,2.5,,0.0,0.0,,0,0,,0,0,Betano.br,2.1,1.62,,0,0,,0.0,0.0,Betano.br,1.3,2.9,Betano.br,1.91,1.7,Betano.br,3.1,1.27,,0.0,0.0,Betano.br,2.02,1.62,,0,0,,0,0,Betano.br,1.13,1.24,2.5,Betano.br,1.13,1.57,1.65,,0,0,0,Betano.br,1.17,3.95,Betano.br,1.26,3.35,Betano.br,1.23,3.85,,0.0,0.0,0.0,0.0,0.0,0.0,0.0,0.0,0.0,Betano.br,1.87,1.83,,0,0,,0,0,Betano.br,9.5,Betano.br,5.7,Betano.br,15.0,Betano.br,7.6,Betano.br,6.2,Betano.br,37.0,Betano.br,8.5,Betano.br,19.5,Betano.br,20.0,Betano.br,10.0,Betano.br,120.0,Betano.br,13.5,Betano.br,70.0,Betano.br,32.0,Betano.br,70.0,,0,0,,0,0,,0,0,,0,0,,0,0,,0,0,,0,0,,0,0,,0,0,,0,0,,0,0,0,,0.0,0.0,0.0,Betano.br,2.45,3.3,0.0,Betano.br,0.0,0.0,2.5,,0.0,0.0,0.0,,0,0,0,,,,,,,,,,,0.58,0.42,,,,,,,,,,,12.0,6.0,6.0,4.0,6.0,2.0,,,,,,,,,,,,,5.0,1.0,18.0,10.0,19.0,14.0,,,1.0,4.0,,,,,3.0,4.0,,,,,,,,,,,,,,,,,,,,,,,0.62,0.38,,,,,,,,,,,3.0,3.0,2.0,2.0,1.0,1.0,,,,,,,,,,,,,2.0,1.0,13.0,4.0,10.0,7.0,,,,,,,,,1.0,2.0,,,,,,,,,,,,,,,,,,,,,,,0.52,0.48,,,,,,,,,,,9.0,3.0,4.0,2.0,5.0,1.0,,,,,,,,,,,,,3.0,0.0,5.0,6.0,9.0,7.0,,,1.0,4.0,,,,,2.0,2.0,,,,,,,,,,,,
vTImFda7,UZBEKISTAN,2021,UZBEKISTAN 1,UZBEKISTAN 1,25/09/2021,13:30,Round 20,Pakhtakor,nXW1x6nG,Turon,nZLTSNfr,False,3,1,,,,,,"[26, 62, 90]",[49],Betano.br,1.53,2.65,10.75,Betano.br,1.39,3.5,10.25,Betano.br,1.17,6.1,14.0,,0.0,0.0,Betano.br,2.18,1.53,,0,0,,0,0,Betano.br,1.7,2.0,,0,0,,0.0,0.0,,0.0,0.0,Betano.br,1.5,2.27,Betano.br,2.18,1.53,Betano.br,3.4,1.22,Betano.br,2.25,1.5,,0,0,,0,0,Betano.br,1.04,1.11,4.1,Betano.br,1.06,1.37,2.35,,0,0,0,Betano.br,1.04,6.9,Betano.br,1.08,6.1,Betano.br,1.08,6.9,,0.0,0.0,0.0,0.0,0.0,0.0,0.0,0.0,0.0,Betano.br,1.85,1.85,,0,0,,0,0,Betano.br,14.0,Betano.br,7.4,Betano.br,35.0,Betano.br,13.5,Betano.br,5.7,Betano.br,120.0,Betano.br,10.25,Betano.br,50.0,Betano.br,35.0,Betano.br,6.4,,0.0,Betano.br,11.25,Betano.br,250.0,Betano.br,37.0,Betano.br,200.0,,0,0,,0,0,,0,0,,0,0,,0,0,,0,0,,0,0,,0,0,,0,0,,0,0,,0,0,0,Betano.br,2.3,3.8,0.0,,0.0,0.0,0.0,,0.0,0.0,0.0,Betano.br,0.0,0.0,2.42,,0,0,0,,,,,,,,,,,0.49,0.51,,,,,,,,,,,13.0,5.0,3.0,3.0,10.0,2.0,,,,,,,,,,,,,4.0,2.0,16.0,21.0,16.0,14.0,,,4.0,2.0,0.0,1.0,,,2.0,0.0,,,,,,,,,,,,,,,,,,,,,,,0.52,0.48,,,,,,,,,,,5.0,2.0,1.0,1.0,4.0,1.0,,,,,,,,,,,,,3.0,1.0,9.0,10.0,9.0,6.0,,,0.0,1.0,,,,,1.0,0.0,,,,,,,,,,,,,,,,,,,,,,,0.46,0.54,,,,,,,,,,,8.0,3.0,2.0,2.0,6.0,1.0,,,,,,,,,,,,,1.0,1.0,7.0,11.0,7.0,8.0,,,4.0,1.0,0.0,1.0,,,1.0,0.0,,,,,,,,,,,,
KInhQM78,UZBEKISTAN,2021,UZBEKISTAN 1,UZBEKISTAN 1,16/09/2021,14:00,Round 18,Sogdiana,tU64krNp,Bunyodkor,lI4EpIdE,False,0,0,,,,,,[],[],Betano.br,3.0,2.15,3.15,Betano.br,2.82,2.57,2.8,Betano.br,2.5,3.35,2.55,Betano.br,1.4,2.5,Betano.br,2.45,1.42,,0,0,,0,0,Betano.br,1.88,1.8,,0,0,,0.0,0.0,Betano.br,1.23,3.35,Betano.br,1.7,1.93,Betano.br,2.6,1.38,Betano.br,3.65,1.2,Betano.br,1.57,2.12,,0,0,,0,0,Betano.br,1.5,1.31,1.5,Betano.br,1.33,1.57,1.35,,0,0,0,Betano.br,1.78,1.82,Betano.br,1.8,1.87,Betano.br,1.88,1.87,,0.0,0.0,0.0,0.0,0.0,0.0,0.0,0.0,0.0,Betano.br,1.88,1.83,,0,0,,0,0,Betano.br,11.75,Betano.br,10.25,Betano.br,9.5,Betano.br,6.7,Betano.br,14.0,Betano.br,13.5,Betano.br,9.5,Betano.br,9.5,Betano.br,12.0,Betano.br,28.0,Betano.br,28.0,Betano.br,19.0,Betano.br,20.0,Betano.br,24.0,Betano.br,26.0,,0,0,,0,0,,0,0,,0,0,,0,0,,0,0,,0,0,,0,0,,0,0,,0,0,,0,0,0,,0.0,0.0,0.0,Betano.br,4.85,4.15,5.2,Betano.br,1.5,4.05,1.5,,0.0,0.0,0.0,,0,0,0,,,,,,,,,,,0.45,0.55,,,,,,,,,,,7.0,5.0,2.0,1.0,5.0,4.0,,,,,,,,,,,,,4.0,5.0,15.0,15.0,26.0,32.0,,,2.0,4.0,,,,,1.0,2.0,,,,,,,,,,,,,,,,,,,,,,,0.38,0.62,,,,,,,,,,,4.0,1.0,1.0,0.0,3.0,1.0,,,,,,,,,,,,,3.0,2.0,8.0,6.0,13.0,18.0,,,1.0,1.0,,,,,0.0,1.0,,,,,,,,,,,,,,,,,,,,,,,0.52,0.48,,,,,,,,,,,3.0,4.0,1.0,1.0,2.0,3.0,,,,,,,,,,,,,1.0,3.0,7.0,9.0,13.0,14.0,,,1.0,3.0,,,,,1.0,1.0,,,,,,,,,,,,
46l4NKiR,UZBEKISTAN,2021,UZBEKISTAN 1,UZBEKISTAN 1,20/09/2021,14:00,Round 19,Turon,nZLTSNfr,Navbahor Namangan,AiFncn0b,False,0,1,,,,,,[],[37],Betano.br,3.95,1.88,2.95,Betano.br,3.6,2.25,2.65,Betano.br,3.25,3.0,2.22,Betano.br,1.53,2.18,,0.0,0.0,,0,0,,0,0,Betano.br,2.45,1.47,,0,0,,0.0,0.0,Betano.br,1.45,2.37,Betano.br,2.32,1.47,Betano.br,3.95,1.17,,0.0,0.0,Betano.br,1.98,1.65,,0,0,,0,0,Betano.br,1.62,1.37,1.32,Betano.br,1.36,1.72,1.22,,0,0,0,Betano.br,2.18,1.53,Betano.br,2.15,1.6,Betano.br,2.22,1.62,,0.0,0.0,0.0,0.0,0.0,0.0,0.0,0.0,0.0,Betano.br,1.9,1.82,,0,0,,0,0,Betano.br,6.8,Betano.br,7.7,Betano.br,6.0,Betano.br,5.9,Betano.br,15.5,Betano.br,9.5,Betano.br,12.0,Betano.br,9.5,Betano.br,17.5,Betano.br,45.0,Betano.br,22.0,Betano.br,35.0,Betano.br,22.0,Betano.br,50.0,Betano.br,40.0,,0,0,,0,0,,0,0,,0,0,,0,0,,0,0,,0,0,,0,0,,0,0,,0,0,,0,0,0,,0.0,0.0,0.0,Betano.br,0.0,0.0,4.6,Betano.br,1.62,3.6,0.0,,0.0,0.0,0.0,,0,0,0,,,,,,,,,,,0.49,0.51,,,,,,,,,,,8.0,3.0,3.0,2.0,5.0,1.0,,,,,,,,,,,,,4.0,3.0,20.0,21.0,24.0,17.0,,,4.0,4.0,,,,,1.0,3.0,,,,,,,,,,,,,,,,,,,,,,,0.42,0.58,,,,,,,,,,,3.0,3.0,1.0,2.0,2.0,1.0,,,,,,,,,,,,,1.0,3.0,5.0,10.0,8.0,9.0,,,1.0,0.0,,,,,1.0,1.0,,,,,,,,,,,,,,,,,,,,,,,0.56,0.44,,,,,,,,,,,5.0,0.0,2.0,0.0,3.0,0.0,,,,,,,,,,,,,3.0,0.0,15.0,11.0,16.0,8.0,,,3.0,4.0,,,,,0.0,2.0,,,,,,,,,,,,
6ZAZx0iE,UZBEKISTAN,2021,UZBEKISTAN 1,UZBEKISTAN 1,26/09/2021,13:30,Round 20,OKMK,4bW7fppH,Termez Surkhon,nNSkKzpB,False,1,0,,,,,,[75],[],Betano.br,1.7,2.52,7.6,Betano.br,1.52,3.2,8.0,Betano.br,1.26,5.3,9.25,Betano.br,1.39,2.57,Betano.br,2.27,1.5,,0,0,,0,0,Betano.br,1.78,1.9,,0,0,,0.0,0.0,Betano.br,1.19,3.75,Betano.br,1.57,2.12,Betano.br,2.37,1.45,Betano.br,3.75,1.19,Betano.br,2.07,1.6,,0,0,,0,0,Betano.br,1.07,1.15,3.7,Betano.br,1.09,1.42,2.07,,0,0,0,Betano.br,1.07,5.6,Betano.br,1.14,4.65,Betano.br,1.13,5.5,,0.0,0.0,0.0,0.0,0.0,0.0,0.0,0.0,0.0,Betano.br,1.85,1.85,,0,0,,0,0,Betano.br,13.5,Betano.br,7.1,Betano.br,24.0,Betano.br,10.75,Betano.br,6.0,Betano.br,65.0,Betano.br,9.0,Betano.br,30.0,Betano.br,26.0,Betano.br,7.3,Betano.br,250.0,Betano.br,11.0,Betano.br,120.0,Betano.br,32.0,Betano.br,110.0,,0,0,,0,0,,0,0,,0,0,,0,0,,0,0,,0,0,,0,0,,0,0,,0,0,,0,0,0,Betano.br,2.82,3.85,0.0,Betano.br,1.9,3.65,0.0,Betano.br,0.0,0.0,3.25,Betano.br,0.0,0.0,2.02,,0,0,0,,,,,,,,,,,0.5,0.5,,,,,,,,,,,14.0,8.0,5.0,3.0,9.0,5.0,,,,,,,,,,,,,4.0,3.0,18.0,15.0,16.0,18.0,,,1.0,0.0,,,,,3.0,4.0,,,,,,,,,,,,,,,,,,,,,,,0.53,0.47,,,,,,,,,,,8.0,1.0,3.0,0.0,5.0,1.0,,,,,,,,,,,,,3.0,2.0,8.0,6.0,6.0,8.0,,,,,,,,,0.0,3.0,,,,,,,,,,,,,,,,,,,,,,,0.47,0.53,,,,,,,,,,,6.0,7.0,2.0,3.0,4.0,4.0,,,,,,,,,,,,,1.0,1.0,10.0,9.0,10.0,10.0,,,1.0,0.0,,,,,3.0,1.0,,,,,,,,,,,,
hWMiEGED,UZBEKISTAN,2021,UZBEKISTAN 1,UZBEKISTAN 1,25/09/2021,11:00,Round 20,Kokand 1912,6DWZyFY4,Andijan,K6dxHEG0,False,1,1,,,,,,[90],[55],Betano.br,2.18,2.07,5.6,Betano.br,1.98,2.52,5.1,Betano.br,1.6,3.7,5.2,Betano.br,1.44,2.4,,0.0,0.0,,0,0,,0,0,Betano.br,2.2,1.57,,0,0,,0.0,0.0,Betano.br,1.35,2.72,Betano.br,2.0,1.65,Betano.br,3.3,1.24,,0.0,0.0,Betano.br,2.02,1.62,,0,0,,0,0,Betano.br,1.16,1.26,2.27,Betano.br,1.13,1.62,1.62,,0,0,0,Betano.br,1.22,3.45,Betano.br,1.29,3.2,Betano.br,1.3,3.3,,0.0,0.0,0.0,0.0,0.0,0.0,0.0,0.0,0.0,Betano.br,1.87,1.83,,0,0,,0,0,Betano.br,8.5,Betano.br,5.8,Betano.br,11.0,Betano.br,7.3,Betano.br,6.8,Betano.br,28.0,Betano.br,8.5,Betano.br,18.5,Betano.br,21.0,Betano.br,11.25,Betano.br,100.0,Betano.br,14.0,Betano.br,70.0,Betano.br,35.0,Betano.br,80.0,,0,0,,0,0,,0,0,,0,0,,0,0,,0,0,,0,0,,0,0,,0,0,,0,0,,0,0,0,,0.0,0.0,0.0,Betano.br,2.67,3.35,0.0,Betano.br,0.0,0.0,2.27,,0.0,0.0,0.0,,0,0,0,,,,,,,,,,,0.56,0.44,,,,,,,,,,,13.0,5.0,5.0,5.0,8.0,0.0,,,,,,,,,,,,,5.0,2.0,24.0,18.0,20.0,9.0,,,3.0,7.0,,,,,4.0,4.0,,,,,,,,,,,,,,,,,,,,,,,0.54,0.46,,,,,,,,,,,8.0,2.0,3.0,2.0,5.0,0.0,,,,,,,,,,,,,3.0,0.0,9.0,9.0,7.0,5.0,,,1.0,1.0,,,,,2.0,3.0,,,,,,,,,,,,,,,,,,,,,,,0.58,0.42,,,,,,,,,,,5.0,3.0,2.0,3.0,3.0,0.0,,,,,,,,,,,,,2.0,2.0,15.0,9.0,13.0,4.0,,,2.0,6.0,,,,,2.0,1.0,,,,,,,,,,,,
hWp0O0xL,UZBEKISTAN,2021,UZBEKISTAN 1,UZBEKISTAN 1,19/09/2021,13:30,Round 19,Metallurg Bekabad,ptMIc8Vo,Kokand 1912,6DWZyFY4,False,0,1,,,,,,[],[70],Betano.br,2.92,1.91,3.9,Betano.br,2.62,2.3,3.55,Betano.br,2.22,3.05,3.25,Betano.br,1.5,2.25,,0.0,0.0,,0,0,,0,0,Betano.br,2.37,1.5,,0,0,,0.0,0.0,Betano.br,1.42,2.47,Betano.br,2.22,1.52,Betano.br,3.75,1.19,,0.0,0.0,Betano.br,1.93,1.7,,0,0,,0,0,Betano.br,1.33,1.36,1.62,Betano.br,1.22,1.72,1.36,,0,0,0,Betano.br,1.53,2.18,Betano.br,1.62,2.12,Betano.br,1.62,2.2,,0.0,0.0,0.0,0.0,0.0,0.0,0.0,0.0,0.0,Betano.br,1.88,1.82,,0,0,,0,0,Betano.br,7.2,Betano.br,6.2,Betano.br,8.25,Betano.br,6.0,Betano.br,9.5,Betano.br,15.5,Betano.br,9.25,Betano.br,11.75,Betano.br,16.5,Betano.br,21.0,Betano.br,45.0,Betano.br,21.0,Betano.br,32.0,Betano.br,37.0,Betano.br,45.0,,0,0,,0,0,,0,0,,0,0,,0,0,,0,0,,0,0,,0,0,,0,0,,0,0,,0,0,0,,0.0,0.0,0.0,Betano.br,4.55,3.6,0.0,Betano.br,0.0,0.0,1.62,,0.0,0.0,0.0,,0,0,0,,,,,,,,,,,0.55,0.45,,,,,,,,,,,8.0,2.0,4.0,1.0,4.0,1.0,,,,,,,,,,,,,2.0,3.0,15.0,13.0,27.0,14.0,,,1.0,2.0,,,,,0.0,4.0,,,,,,,,,,,,,,,,,,,,,,,0.51,0.49,,,,,,,,,,,4.0,1.0,2.0,0.0,2.0,1.0,,,,,,,,,,,,,2.0,3.0,11.0,7.0,8.0,7.0,,,,,,,,,0.0,2.0,,,,,,,,,,,,,,,,,,,,,,,0.59,0.41,,,,,,,,,,,4.0,1.0,2.0,1.0,2.0,0.0,,,,,,,,,,,,,0.0,0.0,4.0,6.0,19.0,7.0,,,1.0,2.0,,,,,0.0,2.0,,,,,,,,,,,,
dp1c4uok,UZBEKISTAN,2021,UZBEKISTAN 1,UZBEKISTAN 1,15/09/2021,14:00,Round 18,Pakhtakor,nXW1x6nG,Navbahor Namangan,AiFncn0b,False,0,0,,,,,,[],[],Betano.br,1.9,2.27,6.6,Betano.br,1.7,2.85,6.2,Betano.br,1.4,4.2,7.3,,0.0,0.0,Betano.br,2.45,1.42,,0,0,,0,0,Betano.br,1.88,1.8,,0,0,,0.0,0.0,Betano.br,1.23,3.35,Betano.br,1.7,1.93,Betano.br,2.6,1.38,,0.0,0.0,Betano.br,1.9,1.72,,0,0,,0,0,Betano.br,1.1,1.21,2.87,Betano.br,1.11,1.5,1.82,,0,0,0,Betano.br,1.12,4.6,Betano.br,1.2,3.9,Betano.br,1.2,4.25,,0.0,0.0,0.0,0.0,0.0,0.0,0.0,0.0,0.0,Betano.br,1.87,1.83,,0,0,,0,0,Betano.br,11.25,Betano.br,6.7,Betano.br,18.5,Betano.br,8.5,Betano.br,6.6,Betano.br,50.0,Betano.br,8.25,Betano.br,23.0,Betano.br,19.5,Betano.br,9.25,Betano.br,175.0,Betano.br,11.5,Betano.br,80.0,Betano.br,27.0,Betano.br,80.0,,0,0,,0,0,,0,0,,0,0,,0,0,,0,0,,0,0,,0,0,,0,0,,0,0,,0,0,0,Betano.br,3.05,3.85,0.0,Betano.br,2.12,3.5,0.0,Betano.br,0.0,0.0,2.87,Betano.br,0.0,0.0,1.91,,0,0,0,,,,,,,,,,,0.72,0.28,,,,,,,,,,,7.0,2.0,2.0,1.0,5.0,1.0,,,,,,,,,,,,,8.0,1.0,22.0,18.0,22.0,13.0,,,1.0,2.0,,,,,1.0,2.0,,,,,,,,,,,,,,,,,,,,,,,0.72,0.28,,,,,,,,,,,4.0,1.0,1.0,0.0,3.0,1.0,,,,,,,,,,,,,5.0,0.0,9.0,10.0,8.0,6.0,,,0.0,1.0,,,,,0.0,1.0,,,,,,,,,,,,,,,,,,,,,,,0.72,0.28,,,,,,,,,,,3.0,1.0,1.0,1.0,2.0,0.0,,,,,,,,,,,,,3.0,1.0,13.0,8.0,14.0,7.0,,,1.0,1.0,,,,,1.0,1.0,,,,,,,,,,,,
ELBh5LVr,UZBEKISTAN,2021,UZBEKISTAN 1,UZBEKISTAN 1,15/09/2021,14:00,Round 18,OKMK,4bW7fppH,Turon,nZLTSNfr,False,2,0,,,,,,"[51, 77]",[],Betano.br,2.1,2.07,6.2,Betano.br,1.82,2.62,6.0,Betano.br,1.5,3.6,6.9,Betano.br,1.4,2.5,Betano.br,2.5,1.4,,0,0,,0,0,Betano.br,2.0,1.7,,0,0,,0.0,0.0,Betano.br,1.28,3.05,Betano.br,1.85,1.75,Betano.br,2.92,1.3,,0.0,0.0,Betano.br,1.88,1.72,,0,0,,0,0,Betano.br,1.11,1.27,2.5,Betano.br,1.12,1.57,1.65,,0,0,0,Betano.br,1.14,4.25,Betano.br,1.24,3.5,Betano.br,1.23,3.9,,0.0,0.0,0.0,0.0,0.0,0.0,0.0,0.0,0.0,Betano.br,1.9,1.8,,0,0,,0,0,Betano.br,9.5,Betano.br,5.9,Betano.br,18.0,Betano.br,7.2,Betano.br,6.6,Betano.br,50.0,Betano.br,7.9,Betano.br,20.0,Betano.br,17.0,Betano.br,10.5,Betano.br,175.0,Betano.br,13.0,Betano.br,75.0,Betano.br,28.0,Betano.br,65.0,,0,0,,0,0,,0,0,,0,0,,0,0,,0,0,,0,0,,0,0,,0,0,,0,0,,0,0,0,,0.0,0.0,0.0,Betano.br,2.47,3.25,0.0,Betano.br,0.0,0.0,2.5,,0.0,0.0,0.0,,0,0,0,,,,,,,,,,,0.53,0.47,,,,,,,,,,,14.0,7.0,9.0,3.0,5.0,4.0,,,,,,,,,,,,,3.0,4.0,22.0,22.0,22.0,22.0,,,2.0,4.0,,,,,3.0,7.0,,,,,,,,,,,,,,,,,,,,,,,0.6,0.4,,,,,,,,,,,7.0,4.0,4.0,2.0,3.0,2.0,,,,,,,,,,,,,1.0,1.0,13.0,8.0,11.0,10.0,,,1.0,3.0,,,,,2.0,4.0,,,,,,,,,,,,,,,,,,,,,,,0.46,0.54,,,,,,,,,,,7.0,3.0,5.0,1.0,2.0,2.0,,,,,,,,,,,,,2.0,3.0,9.0,14.0,11.0,12.0,,,1.0,1.0,,,,,1.0,3.0,,,,,,,,,,,,
b9odPtNE,UZBEKISTAN,2021,UZBEKISTAN 1,UZBEKISTAN 1,19/09/2021,11:00,Round 19,Andijan,K6dxHEG0,Pakhtakor,nXW1x6nG,False,1,0,,,,,,[25],[],Betano.br,8.75,2.62,1.6,Betano.br,9.25,3.4,1.44,Betano.br,11.25,5.8,1.21,,0.0,0.0,Betano.br,2.18,1.53,,0,0,,0,0,Betano.br,1.7,2.0,,0,0,,0.0,0.0,Betano.br,1.19,3.7,Betano.br,1.5,2.25,Betano.br,2.2,1.53,Betano.br,3.45,1.22,Betano.br,2.12,1.57,,0,0,,0,0,Betano.br,3.75,1.12,1.05,Betano.br,2.22,1.38,1.07,,0,0,0,Betano.br,6.3,1.05,Betano.br,5.3,1.11,Betano.br,6.3,1.1,,0.0,0.0,0.0,0.0,0.0,0.0,0.0,0.0,0.0,Betano.br,1.85,1.85,,0,0,,0,0,Betano.br,15.0,Betano.br,30.0,Betano.br,7.6,Betano.br,12.5,Betano.br,90.0,Betano.br,5.9,Betano.br,37.0,Betano.br,9.75,Betano.br,29.0,Betano.br,400.0,Betano.br,6.8,Betano.br,175.0,Betano.br,11.0,Betano.br,120.0,Betano.br,35.0,,0,0,,0,0,,0,0,,0,0,,0,0,,0,0,,0,0,,0,0,,0,0,,0,0,,0,0,0,Betano.br,0.0,0.0,2.47,,0.0,0.0,0.0,,0.0,0.0,0.0,Betano.br,2.25,3.8,0.0,,0,0,0,,,,,,,,,,,0.43,0.57,,,,,,,,,,,3.0,8.0,2.0,3.0,1.0,5.0,,,,,,,,,,,,,1.0,8.0,14.0,13.0,14.0,25.0,,,2.0,1.0,,,,,3.0,1.0,,,,,,,,,,,,,,,,,,,,,,,0.46,0.54,,,,,,,,,,,1.0,3.0,1.0,0.0,0.0,3.0,,,,,,,,,,,,,0.0,2.0,6.0,6.0,12.0,9.0,,,,,,,,,0.0,0.0,,,,,,,,,,,,,,,,,,,,,,,0.4,0.6,,,,,,,,,,,2.0,5.0,1.0,3.0,1.0,2.0,,,,,,,,,,,,,1.0,6.0,8.0,7.0,2.0,16.0,,,2.0,1.0,,,,,3.0,1.0,,,,,,,,,,,,
CCPQ91NR,UZBEKISTAN,2021,UZBEKISTAN 1,UZBEKISTAN 1,14/09/2021,11:15,Round 18,Kokand 1912,6DWZyFY4,Mashal Muborak,6kNEblGu,False,2,2,,,,,,"[13, 36]","[20, 90]",Betano.br,2.18,2.02,5.9,Betano.br,1.93,2.47,5.6,Betano.br,1.57,3.55,5.8,Betano.br,1.47,2.35,,0.0,0.0,,0,0,,0,0,Betano.br,2.25,1.55,,0,0,,0.0,0.0,Betano.br,1.37,2.65,Betano.br,2.07,1.6,Betano.br,3.45,1.22,,0.0,0.0,Betano.br,2.1,1.57,,0,0,,0,0,Betano.br,1.14,1.28,2.32,Betano.br,1.13,1.62,1.62,,0,0,0,Betano.br,1.19,3.75,Betano.br,1.27,3.3,Betano.br,1.27,3.55,,0.0,0.0,0.0,0.0,0.0,0.0,0.0,0.0,0.0,Betano.br,1.88,1.82,,0,0,,0,0,Betano.br,7.9,Betano.br,5.4,Betano.br,12.5,Betano.br,7.1,Betano.br,6.4,Betano.br,32.0,Betano.br,8.5,Betano.br,19.5,Betano.br,21.0,Betano.br,11.0,Betano.br,120.0,Betano.br,14.5,Betano.br,75.0,Betano.br,37.0,Betano.br,80.0,,0,0,,0,0,,0,0,,0,0,,0,0,,0,0,,0,0,,0,0,,0,0,,0,0,,0,0,0,,0.0,0.0,0.0,Betano.br,2.67,3.25,0.0,Betano.br,0.0,0.0,2.32,,0.0,0.0,0.0,,0,0,0,,,,,,,,,,,0.51,0.49,,,,,,,,,,,11.0,9.0,3.0,4.0,8.0,5.0,,,,,,,,,,,,,8.0,4.0,21.0,10.0,21.0,23.0,,,1.0,1.0,,,,,2.0,1.0,,,,,,,,,,,,,,,,,,,,,,,0.56,0.44,,,,,,,,,,,5.0,5.0,2.0,3.0,3.0,2.0,,,,,,,,,,,,,4.0,2.0,9.0,6.0,13.0,12.0,,,0.0,1.0,,,,,2.0,0.0,,,,,,,,,,,,,,,,,,,,,,,0.46,0.54,,,,,,,,,,,6.0,4.0,1.0,1.0,5.0,3.0,,,,,,,,,,,,,4.0,2.0,12.0,4.0,8.0,11.0,,,1.0,0.0,,,,,0.0,1.0,,,,,,,,,,,,
IDUvHIUf,UZBEKISTAN,2021,UZBEKISTAN 1,UZBEKISTAN 1,21/09/2021,14:00,Round 19,Bunyodkor,lI4EpIdE,Lok. Tashkent,6NblEC0J,False,3,2,,,,,,"[34, 90, 90]","[24, 58]",Betano.br,2.7,2.02,3.95,Betano.br,2.4,2.47,3.65,Betano.br,2.05,3.2,3.45,Betano.br,1.42,2.47,,0.0,0.0,,0,0,,0,0,Betano.br,2.05,1.65,,0,0,,0.0,0.0,Betano.br,1.3,2.95,Betano.br,1.88,1.72,Betano.br,3.0,1.29,,0.0,0.0,Betano.br,1.7,1.91,,0,0,,0,0,Betano.br,1.3,1.33,1.75,Betano.br,1.22,1.65,1.42,,0,0,0,Betano.br,1.45,2.37,Betano.br,1.55,2.25,Betano.br,1.55,2.35,,0.0,0.0,0.0,0.0,0.0,0.0,0.0,0.0,0.0,Betano.br,1.9,1.82,,0,0,,0,0,Betano.br,9.25,Betano.br,7.2,Betano.br,10.5,Betano.br,6.2,Betano.br,9.75,Betano.br,19.0,Betano.br,8.5,Betano.br,11.75,Betano.br,13.5,Betano.br,19.0,Betano.br,50.0,Betano.br,16.5,Betano.br,30.0,Betano.br,27.0,Betano.br,37.0,,0,0,,0,0,,0,0,,0,0,,0,0,,0,0,,0,0,,0,0,,0,0,,0,0,,0,0,0,,0.0,0.0,0.0,Betano.br,3.9,3.6,0.0,Betano.br,0.0,0.0,1.75,,0.0,0.0,0.0,,0,0,0,,,,,,,,,,,0.51,0.49,,,,,,,,,,,12.0,9.0,6.0,5.0,6.0,4.0,,,,,,,,,,,,,3.0,0.0,16.0,18.0,18.0,13.0,,,4.0,3.0,,,,,3.0,3.0,,,,,,,,,,,,,,,,,,,,,,,0.49,0.51,,,,,,,,,,,2.0,3.0,2.0,2.0,0.0,1.0,,,,,,,,,,,,,2.0,0.0,9.0,12.0,6.0,10.0,,,1.0,0.0,,,,,1.0,1.0,,,,,,,,,,,,,,,,,,,,,,,0.53,0.47,,,,,,,,,,,10.0,6.0,4.0,3.0,6.0,3.0,,,,,,,,,,,,,1.0,0.0,7.0,6.0,12.0,3.0,,,3.0,3.0,,,,,2.0,2.0,,,,,,,,,,,,
lvQzIbFl,UZBEKISTAN,2021,UZBEKISTAN 1,UZBEKISTAN 1,21/09/2021,11:30,Round 19,Mashal Muborak,6kNEblGu,Sogdiana,tU64krNp,False,0,0,,,,,,[],[],Betano.br,3.65,1.91,3.1,Betano.br,3.35,2.27,2.77,Betano.br,2.95,3.05,2.37,Betano.br,1.5,2.25,,0.0,0.0,,0,0,,0,0,Betano.br,2.37,1.5,,0,0,,0.0,0.0,Betano.br,1.42,2.45,Betano.br,2.22,1.52,Betano.br,3.75,1.19,,0.0,0.0,Betano.br,1.91,1.7,,0,0,,0,0,Betano.br,1.55,1.36,1.38,Betano.br,1.33,1.72,1.24,,0,0,0,Betano.br,2.02,1.62,Betano.br,2.0,1.7,Betano.br,2.05,1.72,,0.0,0.0,0.0,0.0,0.0,0.0,0.0,0.0,0.0,Betano.br,1.88,1.82,,0,0,,0,0,Betano.br,7.2,Betano.br,7.5,Betano.br,6.5,Betano.br,5.9,Betano.br,14.0,Betano.br,10.5,Betano.br,11.0,Betano.br,9.75,Betano.br,16.5,Betano.br,37.0,Betano.br,24.0,Betano.br,30.0,Betano.br,22.0,Betano.br,45.0,Betano.br,40.0,,0,0,,0,0,,0,0,,0,0,,0,0,,0,0,,0,0,,0,0,,0,0,,0,0,,0,0,0,,0.0,0.0,0.0,Betano.br,0.0,0.0,5.0,Betano.br,1.55,3.75,0.0,,0.0,0.0,0.0,,0,0,0,,,,,,,,,,,0.48,0.52,,,,,,,,,,,8.0,4.0,4.0,0.0,4.0,4.0,,,,,,,,,,,,,2.0,3.0,17.0,18.0,22.0,30.0,,,2.0,2.0,,,,,0.0,4.0,,,,,,,,,,,,,,,,,,,,,,,0.46,0.54,,,,,,,,,,,5.0,1.0,3.0,0.0,2.0,1.0,,,,,,,,,,,,,1.0,2.0,10.0,9.0,12.0,19.0,,,0.0,1.0,,,,,0.0,3.0,,,,,,,,,,,,,,,,,,,,,,,0.5,0.5,,,,,,,,,,,3.0,3.0,1.0,0.0,2.0,3.0,,,,,,,,,,,,,1.0,1.0,7.0,9.0,10.0,11.0,,,2.0,1.0,,,,,0.0,1.0,,,,,,,,,,,,
voCJBNhF,UZBEKISTAN,2021,UZBEKISTAN 1,UZBEKISTAN 1,11/09/2021,14:00,Round 17,Qizilqum,rkVBg4aN,Lok. Tashkent,6NblEC0J,False,0,0,,,,,,[],[],Betano.br,3.2,1.9,3.6,Betano.br,2.8,2.27,3.3,Betano.br,2.45,2.92,2.95,Betano.br,1.5,2.25,,0.0,0.0,,0,0,,0,0,Betano.br,2.32,1.52,,0,0,,0.0,0.0,Betano.br,1.4,2.52,Betano.br,2.15,1.55,Betano.br,3.65,1.2,,0.0,0.0,Betano.br,1.85,1.75,,0,0,,0,0,Betano.br,1.38,1.38,1.53,Betano.br,1.25,1.72,1.32,,0,0,0,Betano.br,1.65,1.98,Betano.br,1.72,1.95,Betano.br,1.72,2.05,,0.0,0.0,0.0,0.0,0.0,0.0,0.0,0.0,0.0,Betano.br,1.91,1.8,,0,0,,0,0,Betano.br,7.2,Betano.br,6.7,Betano.br,7.9,Betano.br,5.7,Betano.br,11.0,Betano.br,14.5,Betano.br,9.5,Betano.br,10.75,Betano.br,15.0,Betano.br,26.0,Betano.br,37.0,Betano.br,23.0,Betano.br,28.0,Betano.br,37.0,Betano.br,40.0,,0,0,,0,0,,0,0,,0,0,,0,0,,0,0,,0,0,,0,0,,0,0,,0,0,,0,0,0,,0.0,0.0,0.0,Betano.br,5.2,3.75,0.0,Betano.br,0.0,0.0,1.53,,0.0,0.0,0.0,,0,0,0,,,,,,,,,,,0.55,0.45,,,,,,,,,,,3.0,4.0,0.0,3.0,3.0,1.0,,,,,,,,,,,,,4.0,4.0,18.0,23.0,18.0,20.0,,,2.0,2.0,,,,,3.0,0.0,,,,,,,,,,,,,,,,,,,,,,,0.53,0.47,,,,,,,,,,,2.0,1.0,0.0,1.0,2.0,0.0,,,,,,,,,,,,,4.0,3.0,8.0,13.0,12.0,8.0,,,2.0,0.0,,,,,1.0,0.0,,,,,,,,,,,,,,,,,,,,,,,0.57,0.43,,,,,,,,,,,1.0,3.0,0.0,2.0,1.0,1.0,,,,,,,,,,,,,0.0,1.0,10.0,10.0,6.0,12.0,,,0.0,2.0,,,,,2.0,0.0,,,,,,,,,,,,
dMMEC3w9,UZBEKISTAN,2021,UZBEKISTAN 1,UZBEKISTAN 1,11/09/2021,14:00,Round 17,Turon,nZLTSNfr,Nasaf Qarshi,W0GrbSph,False,0,2,,,,,,[],"[22, 83]",Betano.br,5.0,2.25,2.1,Betano.br,4.75,2.75,1.9,Betano.br,5.1,3.85,1.57,,0.0,0.0,Betano.br,2.4,1.44,,0,0,,0,0,Betano.br,1.85,1.83,,0,0,,0.0,0.0,Betano.br,1.21,3.5,Betano.br,1.65,1.98,Betano.br,2.52,1.4,Betano.br,3.55,1.21,Betano.br,1.7,1.93,,0,0,,0,0,Betano.br,2.3,1.24,1.17,Betano.br,1.65,1.5,1.16,,0,0,0,Betano.br,3.4,1.22,Betano.br,3.0,1.32,Betano.br,3.25,1.31,,0.0,0.0,0.0,0.0,0.0,0.0,0.0,0.0,0.0,Betano.br,1.87,1.83,,0,0,,0,0,Betano.br,12.5,Betano.br,15.5,Betano.br,7.7,Betano.br,7.7,Betano.br,32.0,Betano.br,8.0,Betano.br,16.0,Betano.br,8.0,Betano.br,15.0,Betano.br,90.0,Betano.br,12.0,Betano.br,45.0,Betano.br,12.0,Betano.br,45.0,Betano.br,23.0,,0,0,,0,0,,0,0,,0,0,,0,0,,0,0,,0,0,,0,0,,0,0,,0,0,,0,0,0,,0.0,0.0,0.0,Betano.br,0.0,0.0,2.55,Betano.br,2.3,3.55,0.0,,0.0,0.0,0.0,,0,0,0,,,,,,,,,,,0.46,0.54,,,,,,,,,,,7.0,8.0,3.0,5.0,4.0,3.0,,,,,,,,,,,,,3.0,4.0,14.0,14.0,30.0,16.0,,,0.0,1.0,,,,,3.0,3.0,,,,,,,,,,,,,,,,,,,,,,,0.41,0.59,,,,,,,,,,,2.0,3.0,1.0,1.0,1.0,2.0,,,,,,,,,,,,,1.0,4.0,5.0,5.0,16.0,9.0,,,,,,,,,0.0,1.0,,,,,,,,,,,,,,,,,,,,,,,0.51,0.49,,,,,,,,,,,5.0,5.0,2.0,4.0,3.0,1.0,,,,,,,,,,,,,2.0,0.0,9.0,9.0,14.0,7.0,,,0.0,1.0,,,,,3.0,2.0,,,,,,,,,,,,
r1391wV7,UZBEKISTAN,2021,UZBEKISTAN 1,UZBEKISTAN 1,16/09/2021,14:00,Round 18,Nasaf Qarshi,W0GrbSph,Qizilqum,rkVBg4aN,False,2,1,,,,,,"[13, 23]",[49],Betano.br,2.15,2.15,5.3,Betano.br,1.91,2.65,5.1,Betano.br,1.57,3.75,5.3,Betano.br,1.38,2.57,Betano.br,2.57,1.38,,0,0,,0,0,Betano.br,2.0,1.7,,0,0,,0.0,0.0,Betano.br,1.27,3.1,Betano.br,1.8,1.8,Betano.br,2.87,1.31,,0.0,0.0,Betano.br,1.85,1.75,,0,0,,0,0,Betano.br,1.16,1.26,2.32,Betano.br,1.14,1.57,1.65,,0,0,0,Betano.br,1.21,3.55,Betano.br,1.3,3.15,Betano.br,1.3,3.35,,0.0,0.0,0.0,0.0,0.0,0.0,0.0,0.0,0.0,Betano.br,1.87,1.83,,0,0,,0,0,Betano.br,10.0,Betano.br,6.5,Betano.br,14.0,Betano.br,7.3,Betano.br,7.2,Betano.br,32.0,Betano.br,8.0,Betano.br,17.0,Betano.br,17.0,Betano.br,11.5,Betano.br,100.0,Betano.br,13.0,Betano.br,55.0,Betano.br,27.0,Betano.br,55.0,,0,0,,0,0,,0,0,,0,0,,0,0,,0,0,,0,0,,0,0,,0,0,,0,0,,0,0,0,,0.0,0.0,0.0,Betano.br,2.6,3.4,0.0,Betano.br,0.0,0.0,2.32,,0.0,0.0,0.0,,0,0,0,,,,,,,,,,,0.44,0.56,,,,,,,,,,,7.0,4.0,5.0,1.0,2.0,3.0,,,,,,,,,,,,,6.0,3.0,26.0,13.0,20.0,24.0,,,2.0,2.0,,,,,0.0,3.0,,,,,,,,,,,,,,,,,,,,,,,0.41,0.59,,,,,,,,,,,5.0,2.0,4.0,0.0,1.0,2.0,,,,,,,,,,,,,3.0,2.0,13.0,5.0,13.0,16.0,,,0.0,1.0,,,,,0.0,2.0,,,,,,,,,,,,,,,,,,,,,,,0.47,0.53,,,,,,,,,,,2.0,2.0,1.0,1.0,1.0,1.0,,,,,,,,,,,,,3.0,1.0,13.0,8.0,7.0,8.0,,,2.0,1.0,,,,,0.0,1.0,,,,,,,,,,,,
4A452JF1,UZBEKISTAN,2021,UZBEKISTAN 1,UZBEKISTAN 1,16/09/2021,14:00,Round 18,Lok. Tashkent,6NblEC0J,Termez Surkhon,nNSkKzpB,False,2,0,,,,,,"[49, 56]",[],Betano.br,1.98,2.18,6.4,Betano.br,1.75,2.7,6.2,Betano.br,1.45,4.0,6.8,Betano.br,1.39,2.55,Betano.br,2.57,1.39,,0,0,,0,0,Betano.br,2.0,1.7,,0,0,,0.0,0.0,Betano.br,1.28,3.0,Betano.br,1.83,1.78,Betano.br,2.95,1.3,,0.0,0.0,Betano.br,2.02,1.62,,0,0,,0,0,Betano.br,1.11,1.23,2.67,Betano.br,1.11,1.55,1.75,,0,0,0,Betano.br,1.14,4.35,Betano.br,1.22,3.7,Betano.br,1.21,4.05,,0.0,0.0,0.0,0.0,0.0,0.0,0.0,0.0,0.0,Betano.br,1.87,1.83,,0,0,,0,0,Betano.br,9.75,Betano.br,5.9,Betano.br,16.0,Betano.br,7.9,Betano.br,6.2,Betano.br,45.0,Betano.br,8.25,Betano.br,22.0,Betano.br,21.0,Betano.br,9.25,Betano.br,175.0,Betano.br,12.5,Betano.br,90.0,Betano.br,32.0,Betano.br,80.0,,0,0,,0,0,,0,0,,0,0,,0,0,,0,0,,0,0,,0,0,,0,0,,0,0,,0,0,0,,0.0,0.0,0.0,Betano.br,2.27,3.35,0.0,Betano.br,0.0,0.0,2.67,,0.0,0.0,0.0,,0,0,0,,,,,,,,,,,0.52,0.48,,,,,,,,,,,15.0,5.0,10.0,3.0,5.0,2.0,,,,,,,,,,,,,5.0,3.0,23.0,16.0,18.0,15.0,,,1.0,3.0,,,,,3.0,8.0,,,,,,,,,,,,,,,,,,,,,,,0.62,0.38,,,,,,,,,,,8.0,2.0,5.0,1.0,3.0,1.0,,,,,,,,,,,,,2.0,1.0,9.0,6.0,10.0,8.0,,,0.0,1.0,,,,,1.0,5.0,,,,,,,,,,,,,,,,,,,,,,,0.42,0.58,,,,,,,,,,,7.0,3.0,5.0,2.0,2.0,1.0,,,,,,,,,,,,,3.0,2.0,14.0,10.0,8.0,7.0,,,1.0,2.0,,,,,2.0,3.0,,,,,,,,,,,,
IyBNAs8L,UZBEKISTAN,2021,UZBEKISTAN 1,UZBEKISTAN 1,11/09/2021,11:45,Round 17,Termez Surkhon,nNSkKzpB,Sogdiana,tU64krNp,False,0,1,,,,,,[],[38],Betano.br,4.25,1.93,2.72,Betano.br,3.95,2.37,2.35,Betano.br,3.85,3.0,2.02,Betano.br,1.47,2.32,,0.0,0.0,,0,0,,0,0,Betano.br,2.15,1.6,,0,0,,0.0,0.0,Betano.br,1.35,2.72,Betano.br,2.02,1.62,Betano.br,3.3,1.24,,0.0,0.0,Betano.br,1.78,1.83,,0,0,,0,0,Betano.br,1.75,1.37,1.26,Betano.br,1.42,1.7,1.2,,0,0,0,Betano.br,2.52,1.4,Betano.br,2.32,1.52,Betano.br,2.5,1.5,,0.0,0.0,0.0,0.0,0.0,0.0,0.0,0.0,0.0,Betano.br,1.91,1.8,,0,0,,0,0,Betano.br,8.0,Betano.br,10.5,Betano.br,6.3,Betano.br,5.9,Betano.br,22.0,Betano.br,9.0,Betano.br,12.5,Betano.br,8.5,Betano.br,14.0,Betano.br,65.0,Betano.br,19.0,Betano.br,37.0,Betano.br,18.0,Betano.br,40.0,Betano.br,30.0,,0,0,,0,0,,0,0,,0,0,,0,0,,0,0,,0,0,,0,0,,0,0,,0,0,,0,0,0,,0.0,0.0,0.0,Betano.br,0.0,0.0,3.95,Betano.br,1.75,3.45,0.0,,0.0,0.0,0.0,,0,0,0,,,,,,,,,,,0.5,0.5,,,,,,,,,,,7.0,5.0,2.0,3.0,5.0,2.0,,,,,,,,,,,,,4.0,4.0,14.0,19.0,30.0,23.0,,,2.0,1.0,,,,,2.0,2.0,,,,,,,,,,,,,,,,,,,,,,,0.48,0.52,,,,,,,,,,,3.0,3.0,1.0,1.0,2.0,2.0,,,,,,,,,,,,,3.0,2.0,4.0,9.0,11.0,14.0,,,1.0,1.0,,,,,0.0,1.0,,,,,,,,,,,,,,,,,,,,,,,0.52,0.48,,,,,,,,,,,4.0,2.0,1.0,2.0,3.0,0.0,,,,,,,,,,,,,1.0,2.0,10.0,10.0,19.0,9.0,,,1.0,0.0,,,,,2.0,1.0,,,,,,,,,,,,
Y7FQVgFo,UZBEKISTAN,2021,UZBEKISTAN 1,UZBEKISTAN 1,27/08/2021,14:00,Round 16,Lok. Tashkent,6NblEC0J,Turon,nZLTSNfr,False,3,1,,,,,,"[41, 48, 70, 76]",[30],Betano.br,2.6,1.98,4.3,Betano.br,2.22,2.4,4.25,Betano.br,1.9,3.2,4.05,Betano.br,1.45,2.37,Betano.br,2.57,1.39,,0,0,,0,0,Betano.br,2.2,1.57,,0,0,,0.0,0.0,Betano.br,1.34,2.72,Betano.br,2.02,1.62,Betano.br,3.3,1.24,,0.0,0.0,Betano.br,1.83,1.78,,0,0,,0,0,Betano.br,1.24,1.33,1.87,Betano.br,1.19,1.65,1.44,,0,0,0,Betano.br,1.35,2.7,Betano.br,1.47,2.42,Betano.br,1.42,2.72,,0.0,0.0,0.0,0.0,0.0,0.0,0.0,0.0,0.0,Betano.br,1.9,1.82,,0,0,,0,0,Betano.br,8.5,Betano.br,6.0,Betano.br,11.25,Betano.br,6.3,Betano.br,8.0,Betano.br,23.0,Betano.br,8.5,Betano.br,13.0,Betano.br,15.0,Betano.br,16.0,Betano.br,65.0,Betano.br,17.5,Betano.br,37.0,Betano.br,32.0,Betano.br,40.0,,0,0,,0,0,,0,0,,0,0,,0,0,,0,0,,0,0,,0,0,,0,0,,0,0,,0,0,0,,0.0,0.0,0.0,Betano.br,3.6,3.4,0.0,Betano.br,0.0,0.0,1.87,,0.0,0.0,0.0,,0,0,0,,,,,,,,,,,0.59,0.41,,,,,,,,,,,7.0,9.0,3.0,2.0,4.0,7.0,,,,,,,,,,,,,5.0,3.0,13.0,15.0,11.0,17.0,,,3.0,3.0,,,,,1.0,0.0,,,,,,,,,,,,,,,,,,,,,,,0.66,0.34,,,,,,,,,,,1.0,3.0,1.0,2.0,0.0,1.0,,,,,,,,,,,,,2.0,2.0,5.0,6.0,6.0,10.0,,,0.0,1.0,,,,,1.0,0.0,,,,,,,,,,,,,,,,,,,,,,,0.52,0.48,,,,,,,,,,,6.0,6.0,2.0,0.0,4.0,6.0,,,,,,,,,,,,,3.0,1.0,8.0,9.0,5.0,7.0,,,3.0,2.0,,,,,0.0,0.0,,,,,,,,,,,,
UFUSl0o2,UZBEKISTAN,2021,UZBEKISTAN 1,UZBEKISTAN 1,10/09/2021,14:00,Round 17,Bunyodkor,lI4EpIdE,Kokand 1912,6DWZyFY4,False,2,1,,,,,,"[26, 29]",[43],Betano.br,2.22,2.02,5.8,Betano.br,2.02,2.42,5.2,Betano.br,1.62,3.5,5.3,Betano.br,1.47,2.32,Betano.br,2.55,1.4,,0,0,,0,0,Betano.br,2.27,1.53,,0,0,,0.0,0.0,Betano.br,1.39,2.55,Betano.br,2.12,1.57,Betano.br,3.55,1.21,,0.0,0.0,Betano.br,2.1,1.57,,0,0,,0,0,Betano.br,1.16,1.28,2.22,Betano.br,1.13,1.65,1.6,,0,0,0,Betano.br,1.22,3.45,Betano.br,1.28,3.2,Betano.br,1.31,3.3,,0.0,0.0,0.0,0.0,0.0,0.0,0.0,0.0,0.0,Betano.br,1.87,1.83,,0,0,,0,0,Betano.br,7.6,Betano.br,5.5,Betano.br,10.5,Betano.br,7.1,Betano.br,6.7,Betano.br,28.0,Betano.br,8.5,Betano.br,19.0,Betano.br,22.0,Betano.br,11.5,Betano.br,110.0,Betano.br,14.5,Betano.br,75.0,Betano.br,37.0,Betano.br,90.0,,0,0,,0,0,,0,0,,0,0,,0,0,,0,0,,0,0,,0,0,,0,0,,0,0,,0,0,0,,0.0,0.0,0.0,Betano.br,2.8,3.3,0.0,Betano.br,0.0,0.0,2.22,,0.0,0.0,0.0,,0,0,0,,,,,,,,,,,0.59,0.41,,,,,,,,,,,11.0,6.0,3.0,3.0,8.0,3.0,,,,,,,,,,,,,8.0,3.0,18.0,19.0,21.0,28.0,,,0.0,3.0,,,,,2.0,1.0,,,,,,,,,,,,,,,,,,,,,,,0.63,0.37,,,,,,,,,,,6.0,5.0,2.0,2.0,4.0,3.0,,,,,,,,,,,,,4.0,1.0,10.0,8.0,10.0,13.0,,,0.0,2.0,,,,,1.0,0.0,,,,,,,,,,,,,,,,,,,,,,,0.55,0.45,,,,,,,,,,,5.0,1.0,1.0,1.0,4.0,0.0,,,,,,,,,,,,,4.0,2.0,8.0,11.0,11.0,15.0,,,0.0,1.0,,,,,1.0,1.0,,,,,,,,,,,,
rqzHBjUT,UZBEKISTAN,2021,UZBEKISTAN 1,UZBEKISTAN 1,26/08/2021,12:00,Round 16,Andijan,K6dxHEG0,Bunyodkor,lI4EpIdE,False,1,4,,,,,,[33],"[30, 52, 63, 65, 67]",,0.0,0.0,0.0,,0.0,0.0,0.0,Betano.br,7.4,3.95,1.42,,0.0,0.0,,0.0,0.0,,0,0,,0,0,,0.0,0.0,,0,0,,0.0,0.0,Betano.br,1.22,3.45,Betano.br,1.65,1.98,Betano.br,2.57,1.39,,0.0,0.0,Betano.br,1.82,1.78,,0,0,,0,0,,0.0,0.0,0.0,,0.0,0.0,0.0,,0,0,0,,0.0,0.0,,0.0,0.0,,0.0,0.0,,0.0,0.0,0.0,0.0,0.0,0.0,0.0,0.0,0.0,,0.0,0.0,,0,0,,0,0,,0.0,,0.0,,0.0,,0.0,,0.0,,0.0,,0.0,,0.0,,0.0,,0.0,,0.0,,0.0,,0.0,,0.0,,0.0,,0,0,,0,0,,0,0,,0,0,,0,0,,0,0,,0,0,,0,0,,0,0,,0,0,,0,0,0,,0.0,0.0,0.0,,0.0,0.0,0.0,,0.0,0.0,0.0,,0.0,0.0,0.0,,0,0,0,,,,,,,,,,,0.39,0.61,,,,,,,,,,,8.0,16.0,4.0,7.0,4.0,9.0,,,,,,,,,,,,,4.0,1.0,8.0,13.0,21.0,18.0,,,2.0,0.0,,,,,3.0,3.0,,,,,,,,,,,,,,,,,,,,,,,0.33,0.67,,,,,,,,,,,5.0,7.0,3.0,3.0,2.0,4.0,,,,,,,,,,,,,1.0,1.0,5.0,7.0,12.0,8.0,,,,,,,,,2.0,2.0,,,,,,,,,,,,,,,,,,,,,,,0.46,0.54,,,,,,,,,,,3.0,9.0,1.0,4.0,2.0,5.0,,,,,,,,,,,,,3.0,0.0,3.0,6.0,9.0,10.0,,,2.0,0.0,,,,,1.0,1.0,,,,,,,,,,,,
ULT0FYU4,UZBEKISTAN,2021,UZBEKISTAN 1,UZBEKISTAN 1,15/08/2021,15:00,Round 15,Navbahor Namangan,AiFncn0b,Lok. Tashkent,6NblEC0J,False,1,0,,,,,,[90],[],,0.0,0.0,0.0,,0.0,0.0,0.0,Betano.br,2.18,3.1,3.25,,0.0,0.0,,0.0,0.0,,0,0,,0,0,,0.0,0.0,,0,0,,0.0,0.0,Betano.br,1.42,2.45,Betano.br,2.25,1.5,Betano.br,3.8,1.18,,0.0,0.0,Betano.br,1.98,1.65,,0,0,,0,0,,0.0,0.0,0.0,,0.0,0.0,0.0,,0,0,0,,0.0,0.0,,0.0,0.0,,0.0,0.0,,0.0,0.0,0.0,0.0,0.0,0.0,0.0,0.0,0.0,,0.0,0.0,,0,0,,0,0,,0.0,,0.0,,0.0,,0.0,,0.0,,0.0,,0.0,,0.0,,0.0,,0.0,,0.0,,0.0,,0.0,,0.0,,0.0,,0,0,,0,0,,0,0,,0,0,,0,0,,0,0,,0,0,,0,0,,0,0,,0,0,,0,0,0,,0.0,0.0,0.0,,0.0,0.0,0.0,,0.0,0.0,0.0,,0.0,0.0,0.0,,0,0,0,,,,,,,,,,,0.5,0.5,,,,,,,,,,,6.0,6.0,3.0,1.0,3.0,5.0,,,,,,,,,,,,,0.0,6.0,26.0,21.0,15.0,15.0,,,1.0,2.0,,,,,1.0,2.0,,,,,,,,,,,,,,,,,,,,,,,0.51,0.49,,,,,,,,,,,3.0,3.0,2.0,1.0,1.0,2.0,,,,,,,,,,,,,0.0,3.0,9.0,8.0,9.0,10.0,,,1.0,1.0,,,,,1.0,2.0,,,,,,,,,,,,,,,,,,,,,,,0.49,0.51,,,,,,,,,,,3.0,3.0,1.0,0.0,2.0,3.0,,,,,,,,,,,,,0.0,3.0,17.0,13.0,6.0,5.0,,,0.0,1.0,,,,,0.0,0.0,,,,,,,,,,,,
rJIADqO2,UZBEKISTAN,2021,UZBEKISTAN 1,UZBEKISTAN 1,10/09/2021,14:00,Round 17,Metallurg Bekabad,ptMIc8Vo,Pakhtakor,nXW1x6nG,False,0,3,,,,,,[],"[29, 31, 71]",Betano.br,6.6,2.45,1.78,Betano.br,7.2,3.05,1.57,Betano.br,7.7,4.9,1.32,,0.0,0.0,Betano.br,2.32,1.47,,0,0,,0,0,Betano.br,1.82,1.85,,0,0,,0.0,0.0,Betano.br,1.2,3.65,Betano.br,1.62,2.05,Betano.br,2.47,1.42,,0.0,0.0,Betano.br,1.98,1.65,,0,0,,0,0,Betano.br,3.25,1.17,1.09,Betano.br,1.93,1.44,1.11,,0,0,0,Betano.br,4.9,1.1,Betano.br,4.05,1.19,Betano.br,4.85,1.16,,0.0,0.0,0.0,0.0,0.0,0.0,0.0,0.0,0.0,Betano.br,1.85,1.85,,0,0,,0,0,Betano.br,13.5,Betano.br,21.0,Betano.br,7.0,Betano.br,10.0,Betano.br,55.0,Betano.br,6.1,Betano.br,24.0,Betano.br,8.75,Betano.br,22.0,Betano.br,175.0,Betano.br,7.9,Betano.br,90.0,Betano.br,11.5,Betano.br,75.0,Betano.br,30.0,,0,0,,0,0,,0,0,,0,0,,0,0,,0,0,,0,0,,0,0,,0,0,,0,0,,0,0,0,Betano.br,0.0,0.0,3.1,Betano.br,0.0,0.0,1.88,Betano.br,3.25,3.65,0.0,Betano.br,1.88,3.85,0.0,,0,0,0,,,,,,,,,,,0.37,0.63,,,,,,,,,,,8.0,11.0,3.0,8.0,5.0,3.0,,,,,,,,,,,,,5.0,5.0,8.0,15.0,20.0,24.0,,,2.0,2.0,,,,,5.0,3.0,,,,,,,,,,,,,,,,,,,,,,,0.27,0.73,,,,,,,,,,,3.0,4.0,1.0,3.0,2.0,1.0,,,,,,,,,,,,,2.0,1.0,3.0,7.0,11.0,15.0,,,,,,,,,1.0,1.0,,,,,,,,,,,,,,,,,,,,,,,0.47,0.53,,,,,,,,,,,5.0,7.0,2.0,5.0,3.0,2.0,,,,,,,,,,,,,3.0,4.0,5.0,8.0,9.0,9.0,,,2.0,2.0,,,,,4.0,2.0,,,,,,,,,,,,
YmyKjMGk,UZBEKISTAN,2021,UZBEKISTAN 1,UZBEKISTAN 1,09/09/2021,11:45,Round 17,Mashal Muborak,6kNEblGu,Andijan,K6dxHEG0,False,0,1,,,,,,[],[31],Betano.br,1.95,2.07,8.25,Betano.br,1.72,2.55,8.0,Betano.br,1.38,4.05,8.5,Betano.br,1.5,2.27,,0.0,0.0,,0,0,,0,0,Betano.br,2.37,1.5,,0,0,,0.0,0.0,Betano.br,1.42,2.47,Betano.br,2.2,1.53,Betano.br,3.75,1.19,,0.0,0.0,Betano.br,2.65,1.37,,0,0,,0,0,Betano.br,1.08,1.22,2.95,Betano.br,1.08,1.62,1.78,,0,0,0,Betano.br,1.1,5.1,Betano.br,1.16,4.45,Betano.br,1.15,5.1,,0.0,0.0,0.0,0.0,0.0,0.0,0.0,0.0,0.0,Betano.br,1.87,1.83,,0,0,,0,0,Betano.br,7.3,Betano.br,4.5,Betano.br,15.0,Betano.br,8.75,Betano.br,5.0,Betano.br,55.0,Betano.br,9.75,Betano.br,32.0,Betano.br,35.0,Betano.br,7.9,Betano.br,300.0,Betano.br,15.5,Betano.br,175.0,Betano.br,55.0,Betano.br,200.0,,0,0,,0,0,,0,0,,0,0,,0,0,,0,0,,0,0,,0,0,,0,0,,0,0,,0,0,0,,0.0,0.0,0.0,Betano.br,2.18,3.2,0.0,Betano.br,0.0,0.0,2.95,,0.0,0.0,0.0,,0,0,0,,,,,,,,,,,0.59,0.41,,,,,,,,,,,9.0,6.0,2.0,3.0,7.0,3.0,,,,,,,,,,,,,3.0,10.0,24.0,12.0,20.0,9.0,,,1.0,4.0,,,,,2.0,2.0,,,,,,,,,,,,,,,,,,,,,,,0.52,0.48,,,,,,,,,,,2.0,3.0,0.0,2.0,2.0,1.0,,,,,,,,,,,,,1.0,8.0,10.0,8.0,6.0,6.0,,,1.0,1.0,,,,,1.0,0.0,,,,,,,,,,,,,,,,,,,,,,,0.65,0.35,,,,,,,,,,,7.0,3.0,2.0,1.0,5.0,2.0,,,,,,,,,,,,,2.0,2.0,14.0,4.0,14.0,3.0,,,0.0,3.0,,,,,1.0,2.0,,,,,,,,,,,,
YgzhHf0h,UZBEKISTAN,2021,UZBEKISTAN 1,UZBEKISTAN 1,14/08/2021,15:00,Round 15,Qizilqum,rkVBg4aN,Kokand 1912,6DWZyFY4,False,2,2,,,,,,"[9, 75]","[40, 83]",,0.0,0.0,0.0,,0.0,0.0,0.0,Betano.br,2.22,3.05,3.25,,0.0,0.0,,0.0,0.0,,0,0,,0,0,,0.0,0.0,,0,0,,0.0,0.0,Betano.br,1.45,2.37,Betano.br,2.32,1.47,Betano.br,3.95,1.17,,0.0,0.0,Betano.br,2.0,1.65,,0,0,,0,0,,0.0,0.0,0.0,,0.0,0.0,0.0,,0,0,0,,0.0,0.0,,0.0,0.0,,0.0,0.0,,0.0,0.0,0.0,0.0,0.0,0.0,0.0,0.0,0.0,,0.0,0.0,,0,0,,0,0,,0.0,,0.0,,0.0,,0.0,,0.0,,0.0,,0.0,,0.0,,0.0,,0.0,,0.0,,0.0,,0.0,,0.0,,0.0,,0,0,,0,0,,0,0,,0,0,,0,0,,0,0,,0,0,,0,0,,0,0,,0,0,,0,0,0,,0.0,0.0,0.0,,0.0,0.0,0.0,,0.0,0.0,0.0,,0.0,0.0,0.0,,0,0,0,,,,,,,,,,,0.57,0.43,,,,,,,,,,,6.0,8.0,4.0,5.0,2.0,3.0,,,,,,,,,,,,,5.0,4.0,24.0,26.0,18.0,18.0,,,4.0,0.0,,,,,3.0,2.0,,,,,,,,,,,,,,,,,,,,,,,0.64,0.36,,,,,,,,,,,3.0,6.0,2.0,3.0,1.0,3.0,,,,,,,,,,,,,3.0,2.0,10.0,11.0,11.0,11.0,,,1.0,0.0,,,,,2.0,1.0,,,,,,,,,,,,,,,,,,,,,,,0.5,0.5,,,,,,,,,,,3.0,2.0,2.0,2.0,1.0,0.0,,,,,,,,,,,,,2.0,2.0,14.0,15.0,7.0,7.0,,,3.0,0.0,,,,,1.0,1.0,,,,,,,,,,,,
phMr7Axo,UZBEKISTAN,2021,UZBEKISTAN 1,UZBEKISTAN 1,26/08/2021,14:00,Round 16,Pakhtakor,nXW1x6nG,OKMK,4bW7fppH,False,1,0,,,,,,[5],[],,0.0,0.0,0.0,,0.0,0.0,0.0,Betano.br,1.26,5.2,9.5,,0.0,0.0,,0.0,0.0,,0,0,,0,0,,0.0,0.0,,0,0,,0.0,0.0,Betano.br,1.18,3.75,Betano.br,1.47,2.32,Betano.br,2.15,1.55,Betano.br,3.35,1.23,Betano.br,1.87,1.75,,0,0,,0,0,,0.0,0.0,0.0,,0.0,0.0,0.0,,0,0,0,,0.0,0.0,,0.0,0.0,,0.0,0.0,,0.0,0.0,0.0,0.0,0.0,0.0,0.0,0.0,0.0,,0.0,0.0,,0,0,,0,0,,0.0,,0.0,,0.0,,0.0,,0.0,,0.0,,0.0,,0.0,,0.0,,0.0,,0.0,,0.0,,0.0,,0.0,,0.0,,0,0,,0,0,,0,0,,0,0,,0,0,,0,0,,0,0,,0,0,,0,0,,0,0,,0,0,0,,0.0,0.0,0.0,,0.0,0.0,0.0,,0.0,0.0,0.0,,0.0,0.0,0.0,,0,0,0,,,,,,,,,,,0.58,0.42,,,,,,,,,,,6.0,4.0,2.0,0.0,4.0,4.0,,,,,,,,,,,,,5.0,6.0,11.0,23.0,26.0,23.0,,,3.0,0.0,0.0,1.0,,,0.0,1.0,,,,,,,,,,,,,,,,,,,,,,,0.66,0.34,,,,,,,,,,,3.0,2.0,2.0,0.0,1.0,2.0,,,,,,,,,,,,,4.0,2.0,1.0,9.0,12.0,8.0,,,1.0,0.0,,,,,0.0,1.0,,,,,,,,,,,,,,,,,,,,,,,0.5,0.5,,,,,,,,,,,3.0,2.0,0.0,0.0,3.0,2.0,,,,,,,,,,,,,1.0,4.0,10.0,14.0,14.0,15.0,,,2.0,0.0,0.0,1.0,,,0.0,0.0,,,,,,,,,,,,
CbEUUDUi,UZBEKISTAN,2021,UZBEKISTAN 1,UZBEKISTAN 1,29/08/2021,14:00,Round 16,Nasaf Qarshi,W0GrbSph,Navbahor Namangan,AiFncn0b,False,0,1,,,,,,[],[83],Betano.br,2.37,2.0,5.0,Betano.br,2.12,2.45,4.55,Betano.br,1.75,3.35,4.55,Betano.br,1.45,2.37,,0.0,0.0,,0,0,,0,0,Betano.br,2.2,1.57,,0,0,,0.0,0.0,Betano.br,1.35,2.7,Betano.br,2.02,1.62,Betano.br,3.35,1.23,,0.0,0.0,Betano.br,1.91,1.7,,0,0,,0,0,Betano.br,1.2,1.31,2.02,Betano.br,1.16,1.65,1.53,,0,0,0,Betano.br,1.28,3.05,Betano.br,1.36,2.82,Betano.br,1.38,2.92,,0.0,0.0,0.0,0.0,0.0,0.0,0.0,0.0,0.0,Betano.br,1.88,1.82,,0,0,,0,0,Betano.br,8.25,Betano.br,6.0,Betano.br,10.75,Betano.br,6.6,Betano.br,7.6,Betano.br,25.0,Betano.br,8.25,Betano.br,15.5,Betano.br,17.5,Betano.br,13.5,Betano.br,80.0,Betano.br,15.0,Betano.br,50.0,Betano.br,32.0,Betano.br,60.0,,0,0,,0,0,,0,0,,0,0,,0,0,,0,0,,0,0,,0,0,,0,0,,0,0,,0,0,0,,0.0,0.0,0.0,Betano.br,3.1,3.4,0.0,Betano.br,0.0,0.0,2.02,,0.0,0.0,0.0,,0,0,0,,,,,,,,,,,0.57,0.43,,,,,,,,,,,8.0,5.0,1.0,1.0,7.0,4.0,,,,,,,,,,,,,2.0,2.0,13.0,10.0,27.0,18.0,,,1.0,4.0,1.0,0.0,,,0.0,1.0,,,,,,,,,,,,,,,,,,,,,,,0.65,0.35,,,,,,,,,,,4.0,3.0,1.0,0.0,3.0,3.0,,,,,,,,,,,,,1.0,1.0,6.0,5.0,12.0,14.0,,,,,,,,,0.0,1.0,,,,,,,,,,,,,,,,,,,,,,,0.49,0.51,,,,,,,,,,,4.0,2.0,0.0,1.0,4.0,1.0,,,,,,,,,,,,,1.0,1.0,7.0,5.0,15.0,4.0,,,1.0,4.0,1.0,0.0,,,0.0,0.0,,,,,,,,,,,,
jPVOktWe,UZBEKISTAN,2021,UZBEKISTAN 1,UZBEKISTAN 1,10/09/2021,14:00,Round 17,Navbahor Namangan,AiFncn0b,OKMK,4bW7fppH,False,0,0,,,,,,[],[76],Betano.br,3.4,1.83,3.6,Betano.br,3.0,2.18,3.25,Betano.br,2.57,2.85,2.85,Betano.br,1.57,2.1,,0.0,0.0,,0,0,,0,0,Betano.br,2.57,1.42,,0,0,,0.0,0.0,Betano.br,1.5,2.25,Betano.br,2.45,1.42,Betano.br,4.2,1.15,,0.0,0.0,Betano.br,2.02,1.62,,0,0,,0,0,Betano.br,1.4,1.4,1.47,Betano.br,1.26,1.78,1.29,,0,0,0,Betano.br,1.72,1.88,Betano.br,1.78,1.9,Betano.br,1.8,1.95,,0.0,0.0,0.0,0.0,0.0,0.0,0.0,0.0,0.0,Betano.br,1.91,1.8,,0,0,,0,0,Betano.br,6.2,Betano.br,6.2,Betano.br,6.7,Betano.br,5.7,Betano.br,11.25,Betano.br,13.0,Betano.br,10.5,Betano.br,11.0,Betano.br,18.0,Betano.br,29.0,Betano.br,35.0,Betano.br,28.0,Betano.br,30.0,Betano.br,50.0,Betano.br,50.0,,0,0,,0,0,,0,0,,0,0,,0,0,,0,0,,0,0,,0,0,,0,0,,0,0,,0,0,0,,0.0,0.0,0.0,Betano.br,5.9,3.8,6.1,Betano.br,1.45,3.95,1.47,,0.0,0.0,0.0,,0,0,0,,,,,,,,,,,0.42,0.58,,,,,,,,,,,7.0,7.0,3.0,3.0,4.0,4.0,,,,,,,,,,,,,1.0,5.0,19.0,18.0,27.0,23.0,,,3.0,1.0,,,,,3.0,3.0,,,,,,,,,,,,,,,,,,,,,,,0.42,0.58,,,,,,,,,,,6.0,3.0,3.0,1.0,3.0,2.0,,,,,,,,,,,,,0.0,5.0,11.0,7.0,17.0,12.0,,,1.0,1.0,,,,,1.0,3.0,,,,,,,,,,,,,,,,,,,,,,,0.42,0.58,,,,,,,,,,,1.0,4.0,0.0,2.0,1.0,2.0,,,,,,,,,,,,,1.0,0.0,8.0,11.0,10.0,11.0,,,2.0,0.0,,,,,2.0,0.0,,,,,,,,,,,,
0KpCCWEN,UZBEKISTAN,2021,UZBEKISTAN 1,UZBEKISTAN 1,25/08/2021,14:00,Round 16,Metallurg Bekabad,ptMIc8Vo,Mashal Muborak,6kNEblGu,False,1,2,,,,,,[56],"[6, 78]",,0.0,0.0,0.0,,0.0,0.0,0.0,Betano.br,1.72,3.0,5.7,,0.0,0.0,,0.0,0.0,,0,0,,0,0,,0.0,0.0,,0,0,,0.0,0.0,Betano.br,1.5,2.25,Betano.br,2.47,1.42,Betano.br,4.25,1.14,,0.0,0.0,Betano.br,2.25,1.5,,0,0,,0,0,,0.0,0.0,0.0,,0.0,0.0,0.0,,0,0,0,,0.0,0.0,,0.0,0.0,,0.0,0.0,,0.0,0.0,0.0,0.0,0.0,0.0,0.0,0.0,0.0,,0.0,0.0,,0,0,,0,0,,0.0,,0.0,,0.0,,0.0,,0.0,,0.0,,0.0,,0.0,,0.0,,0.0,,0.0,,0.0,,0.0,,0.0,,0.0,,0,0,,0,0,,0,0,,0,0,,0,0,,0,0,,0,0,,0,0,,0,0,,0,0,,0,0,0,,0.0,0.0,0.0,,0.0,0.0,0.0,,0.0,0.0,0.0,,0.0,0.0,0.0,,0,0,0,,,,,,,,,,,0.61,0.39,,,,,,,,,,,6.0,6.0,4.0,5.0,2.0,1.0,,,,,,,,,,,,,11.0,3.0,27.0,13.0,33.0,16.0,,,3.0,3.0,,,,,3.0,3.0,,,,,,,,,,,,,,,,,,,,,,,0.6,0.4,,,,,,,,,,,1.0,4.0,1.0,4.0,0.0,0.0,,,,,,,,,,,,,4.0,1.0,12.0,8.0,15.0,7.0,,,3.0,2.0,,,,,3.0,1.0,,,,,,,,,,,,,,,,,,,,,,,0.62,0.38,,,,,,,,,,,5.0,2.0,3.0,1.0,2.0,1.0,,,,,,,,,,,,,7.0,2.0,15.0,5.0,18.0,9.0,,,0.0,1.0,,,,,0.0,2.0,,,,,,,,,,,,
8CS4EhpB,UZBEKISTAN,2021,UZBEKISTAN 1,UZBEKISTAN 1,25/08/2021,12:00,Round 16,Kokand 1912,6DWZyFY4,Termez Surkhon,nNSkKzpB,False,2,0,,,,,,"[15, 42]",[],,0.0,0.0,0.0,,0.0,0.0,0.0,Betano.br,1.91,2.95,4.45,,0.0,0.0,,0.0,0.0,,0,0,,0,0,,0.0,0.0,,0,0,,0.0,0.0,Betano.br,1.5,2.25,Betano.br,2.42,1.44,Betano.br,4.2,1.15,,0.0,0.0,Betano.br,2.12,1.57,,0,0,,0,0,,0.0,0.0,0.0,,0.0,0.0,0.0,,0,0,0,,0.0,0.0,,0.0,0.0,,0.0,0.0,,0.0,0.0,0.0,0.0,0.0,0.0,0.0,0.0,0.0,,0.0,0.0,,0,0,,0,0,,0.0,,0.0,,0.0,,0.0,,0.0,,0.0,,0.0,,0.0,,0.0,,0.0,,0.0,,0.0,,0.0,,0.0,,0.0,,0,0,,0,0,,0,0,,0,0,,0,0,,0,0,,0,0,,0,0,,0,0,,0,0,,0,0,0,,0.0,0.0,0.0,,0.0,0.0,0.0,,0.0,0.0,0.0,,0.0,0.0,0.0,,0,0,0,,,,,,,,,,,0.5,0.5,,,,,,,,,,,13.0,6.0,6.0,3.0,7.0,3.0,,,,,,,,,,,,,2.0,4.0,18.0,22.0,16.0,12.0,,,2.0,1.0,,,,,3.0,4.0,,,,,,,,,,,,,,,,,,,,,,,0.47,0.53,,,,,,,,,,,4.0,2.0,3.0,1.0,1.0,1.0,,,,,,,,,,,,,1.0,2.0,8.0,10.0,9.0,2.0,,,1.0,1.0,,,,,1.0,1.0,,,,,,,,,,,,,,,,,,,,,,,0.53,0.47,,,,,,,,,,,9.0,4.0,3.0,2.0,6.0,2.0,,,,,,,,,,,,,1.0,2.0,10.0,12.0,7.0,10.0,,,1.0,0.0,,,,,2.0,3.0,,,,,,,,,,,,
2ZR8DCaH,UZBEKISTAN,2021,UZBEKISTAN 1,UZBEKISTAN 1,25/08/2021,14:00,Round 16,Sogdiana,tU64krNp,Qizilqum,rkVBg4aN,False,2,1,,,,,,"[38, 64]","[90, 90]",,0.0,0.0,0.0,,0.0,0.0,0.0,Betano.br,1.91,3.25,3.85,,0.0,0.0,,0.0,0.0,,0,0,,0,0,,0.0,0.0,,0,0,,0.0,0.0,Betano.br,1.28,3.05,Betano.br,1.83,1.78,Betano.br,2.9,1.31,,0.0,0.0,Betano.br,1.7,1.93,,0,0,,0,0,,0.0,0.0,0.0,,0.0,0.0,0.0,,0,0,0,,0.0,0.0,,0.0,0.0,,0.0,0.0,,0.0,0.0,0.0,0.0,0.0,0.0,0.0,0.0,0.0,,0.0,0.0,,0,0,,0,0,,0.0,,0.0,,0.0,,0.0,,0.0,,0.0,,0.0,,0.0,,0.0,,0.0,,0.0,,0.0,,0.0,,0.0,,0.0,,0,0,,0,0,,0,0,,0,0,,0,0,,0,0,,0,0,,0,0,,0,0,,0,0,,0,0,0,,0.0,0.0,0.0,,0.0,0.0,0.0,,0.0,0.0,0.0,,0.0,0.0,0.0,,0,0,0,,,,,,,,,,,0.52,0.48,,,,,,,,,,,12.0,7.0,3.0,3.0,9.0,4.0,,,,,,,,,,,,,5.0,9.0,11.0,20.0,27.0,20.0,,,4.0,1.0,,,,,2.0,1.0,,,,,,,,,,,,,,,,,,,,,,,0.54,0.46,,,,,,,,,,,6.0,3.0,1.0,1.0,5.0,2.0,,,,,,,,,,,,,2.0,2.0,5.0,9.0,17.0,10.0,,,1.0,0.0,,,,,1.0,0.0,,,,,,,,,,,,,,,,,,,,,,,0.5,0.5,,,,,,,,,,,6.0,4.0,2.0,2.0,4.0,2.0,,,,,,,,,,,,,3.0,7.0,6.0,11.0,10.0,10.0,,,3.0,1.0,,,,,1.0,1.0,,,,,,,,,,,,
QTWqJGVu,UZBEKISTAN,2021,UZBEKISTAN 1,UZBEKISTAN 1,14/08/2021,15:00,Round 15,Turon,nZLTSNfr,Sogdiana,tU64krNp,False,1,0,,,,,,[23],[],,0.0,0.0,0.0,,0.0,0.0,0.0,Betano.br,2.77,2.85,2.62,,0.0,0.0,,0.0,0.0,,0,0,,0,0,,0.0,0.0,,0,0,,0.0,0.0,Betano.br,1.5,2.27,Betano.br,2.4,1.44,Betano.br,4.1,1.15,,0.0,0.0,Betano.br,2.0,1.65,,0,0,,0,0,,0.0,0.0,0.0,,0.0,0.0,0.0,,0,0,0,,0.0,0.0,,0.0,0.0,,0.0,0.0,,0.0,0.0,0.0,0.0,0.0,0.0,0.0,0.0,0.0,,0.0,0.0,,0,0,,0,0,,0.0,,0.0,,0.0,,0.0,,0.0,,0.0,,0.0,,0.0,,0.0,,0.0,,0.0,,0.0,,0.0,,0.0,,0.0,,0,0,,0,0,,0,0,,0,0,,0,0,,0,0,,0,0,,0,0,,0,0,,0,0,,0,0,0,,0.0,0.0,0.0,,0.0,0.0,0.0,,0.0,0.0,0.0,,0.0,0.0,0.0,,0,0,0,,,,,,,,,,,0.45,0.55,,,,,,,,,,,5.0,6.0,4.0,2.0,1.0,4.0,,,,,,,,,,,,,2.0,0.0,14.0,17.0,26.0,34.0,,,1.0,2.0,,,,,2.0,3.0,,,,,,,,,,,,,,,,,,,,,,,0.46,0.54,,,,,,,,,,,3.0,2.0,3.0,0.0,0.0,2.0,,,,,,,,,,,,,1.0,0.0,7.0,6.0,13.0,14.0,,,1.0,1.0,,,,,0.0,2.0,,,,,,,,,,,,,,,,,,,,,,,0.44,0.56,,,,,,,,,,,2.0,4.0,1.0,2.0,1.0,2.0,,,,,,,,,,,,,1.0,0.0,7.0,11.0,13.0,20.0,,,0.0,1.0,,,,,2.0,1.0,,,,,,,,,,,,
CpZeGEFb,UZBEKISTAN,2021,UZBEKISTAN 1,UZBEKISTAN 1,15/08/2021,15:00,Round 15,OKMK,4bW7fppH,Nasaf Qarshi,W0GrbSph,False,1,1,,,,,,[28],[90],,0.0,0.0,0.0,,0.0,0.0,0.0,Betano.br,2.5,3.2,2.67,,0.0,0.0,,0.0,0.0,,0,0,,0,0,,0.0,0.0,,0,0,,0.0,0.0,Betano.br,1.34,2.77,Betano.br,1.98,1.65,Betano.br,3.25,1.25,,0.0,0.0,Betano.br,1.78,1.83,,0,0,,0,0,,0.0,0.0,0.0,,0.0,0.0,0.0,,0,0,0,,0.0,0.0,,0.0,0.0,,0.0,0.0,,0.0,0.0,0.0,0.0,0.0,0.0,0.0,0.0,0.0,,0.0,0.0,,0,0,,0,0,,0.0,,0.0,,0.0,,0.0,,0.0,,0.0,,0.0,,0.0,,0.0,,0.0,,0.0,,0.0,,0.0,,0.0,,0.0,,0,0,,0,0,,0,0,,0,0,,0,0,,0,0,,0,0,,0,0,,0,0,,0,0,,0,0,0,,0.0,0.0,0.0,,0.0,0.0,0.0,,0.0,0.0,0.0,,0.0,0.0,0.0,,0,0,0,,,,,,,,,,,0.47,0.53,,,,,,,,,,,9.0,7.0,2.0,2.0,7.0,5.0,,,,,,,,,,,,,0.0,6.0,15.0,22.0,16.0,28.0,,,2.0,0.0,,,,,1.0,1.0,,,,,,,,,,,,,,,,,,,,,,,0.51,0.49,,,,,,,,,,,3.0,2.0,1.0,1.0,2.0,1.0,,,,,,,,,,,,,0.0,0.0,7.0,12.0,10.0,17.0,,,1.0,0.0,,,,,1.0,0.0,,,,,,,,,,,,,,,,,,,,,,,0.42,0.58,,,,,,,,,,,6.0,5.0,1.0,1.0,5.0,4.0,,,,,,,,,,,,,0.0,6.0,8.0,10.0,6.0,11.0,,,1.0,0.0,,,,,0.0,1.0,,,,,,,,,,,,
hzJM1F05,UZBEKISTAN,2021,UZBEKISTAN 1,UZBEKISTAN 1,08/08/2021,15:00,Round 14,Sogdiana,tU64krNp,Navbahor Namangan,AiFncn0b,False,1,0,,,,,,[21],[],,0.0,0.0,0.0,,0.0,0.0,0.0,Betano.br,2.12,3.1,3.4,,0.0,0.0,,0.0,0.0,,0,0,,0,0,,0.0,0.0,,0,0,,0.0,0.0,Betano.br,1.44,2.4,Betano.br,2.27,1.5,Betano.br,3.9,1.17,,0.0,0.0,Betano.br,2.0,1.65,,0,0,,0,0,,0.0,0.0,0.0,,0.0,0.0,0.0,,0,0,0,,0.0,0.0,,0.0,0.0,,0.0,0.0,,0.0,0.0,0.0,0.0,0.0,0.0,0.0,0.0,0.0,,0.0,0.0,,0,0,,0,0,,0.0,,0.0,,0.0,,0.0,,0.0,,0.0,,0.0,,0.0,,0.0,,0.0,,0.0,,0.0,,0.0,,0.0,,0.0,,0,0,,0,0,,0,0,,0,0,,0,0,,0,0,,0,0,,0,0,,0,0,,0,0,,0,0,0,,0.0,0.0,0.0,,0.0,0.0,0.0,,0.0,0.0,0.0,,0.0,0.0,0.0,,0,0,0,,,,,,,,,,,0.37,0.63,,,,,,,,,,,5.0,9.0,3.0,3.0,2.0,6.0,,,,,,,,,,,,,2.0,5.0,13.0,23.0,22.0,40.0,,,4.0,1.0,,,,,3.0,2.0,,,,,,,,,,,,,,,,,,,,,,,0.4,0.6,,,,,,,,,,,3.0,4.0,2.0,1.0,1.0,3.0,,,,,,,,,,,,,2.0,3.0,6.0,9.0,11.0,17.0,,,2.0,1.0,,,,,1.0,1.0,,,,,,,,,,,,,,,,,,,,,,,0.33,0.67,,,,,,,,,,,2.0,5.0,1.0,2.0,1.0,3.0,,,,,,,,,,,,,0.0,2.0,7.0,14.0,11.0,23.0,,,2.0,0.0,,,,,2.0,1.0,,,,,,,,,,,,
za8R0ZFB,UZBEKISTAN,2021,UZBEKISTAN 1,UZBEKISTAN 1,08/08/2021,15:00,Round 14,Kokand 1912,6DWZyFY4,Turon,nZLTSNfr,False,2,2,,,,,,"[71, 85]","[73, 79]",,0.0,0.0,0.0,,0.0,0.0,0.0,Betano.br,2.0,3.25,3.55,,0.0,0.0,,0.0,0.0,,0,0,,0,0,,0.0,0.0,,0,0,,0.0,0.0,Betano.br,1.37,2.62,Betano.br,2.07,1.6,Betano.br,3.45,1.22,,0.0,0.0,Betano.br,1.88,1.72,,0,0,,0,0,,0.0,0.0,0.0,,0.0,0.0,0.0,,0,0,0,,0.0,0.0,,0.0,0.0,,0.0,0.0,,0.0,0.0,0.0,0.0,0.0,0.0,0.0,0.0,0.0,,0.0,0.0,,0,0,,0,0,,0.0,,0.0,,0.0,,0.0,,0.0,,0.0,,0.0,,0.0,,0.0,,0.0,,0.0,,0.0,,0.0,,0.0,,0.0,,0,0,,0,0,,0,0,,0,0,,0,0,,0,0,,0,0,,0,0,,0,0,,0,0,,0,0,0,,0.0,0.0,0.0,,0.0,0.0,0.0,,0.0,0.0,0.0,,0.0,0.0,0.0,,0,0,0,,,,,,,,,,,0.51,0.49,,,,,,,,,,,7.0,5.0,7.0,3.0,0.0,2.0,,,,,,,,,,,,,3.0,1.0,17.0,22.0,26.0,14.0,,,3.0,2.0,,,,,1.0,5.0,,,,,,,,,,,,,,,,,,,,,,,0.52,0.48,,,,,,,,,,,2.0,0.0,2.0,0.0,0.0,0.0,,,,,,,,,,,,,2.0,0.0,9.0,8.0,14.0,9.0,,,1.0,2.0,,,,,0.0,2.0,,,,,,,,,,,,,,,,,,,,,,,0.5,0.5,,,,,,,,,,,5.0,5.0,5.0,3.0,0.0,2.0,,,,,,,,,,,,,1.0,1.0,8.0,14.0,12.0,5.0,,,2.0,0.0,,,,,1.0,3.0,,,,,,,,,,,,
065wbXaU,UZBEKISTAN,2021,UZBEKISTAN 1,UZBEKISTAN 1,13/08/2021,15:00,Round 15,Termez Surkhon,nNSkKzpB,Andijan,K6dxHEG0,False,2,0,,,,,,"[45, 76]",[],,0.0,0.0,0.0,,0.0,0.0,0.0,Betano.br,2.52,2.9,2.85,,0.0,0.0,,0.0,0.0,,0,0,,0,0,,0.0,0.0,,0,0,,0.0,0.0,Betano.br,1.42,2.47,Betano.br,2.2,1.53,Betano.br,3.65,1.19,,0.0,0.0,Betano.br,1.85,1.75,,0,0,,0,0,,0.0,0.0,0.0,,0.0,0.0,0.0,,0,0,0,,0.0,0.0,,0.0,0.0,,0.0,0.0,,0.0,0.0,0.0,0.0,0.0,0.0,0.0,0.0,0.0,,0.0,0.0,,0,0,,0,0,,0.0,,0.0,,0.0,,0.0,,0.0,,0.0,,0.0,,0.0,,0.0,,0.0,,0.0,,0.0,,0.0,,0.0,,0.0,,0,0,,0,0,,0,0,,0,0,,0,0,,0,0,,0,0,,0,0,,0,0,,0,0,,0,0,0,,0.0,0.0,0.0,,0.0,0.0,0.0,,0.0,0.0,0.0,,0.0,0.0,0.0,,0,0,0,,,,,,,,,,,0.54,0.46,,,,,,,,,,,12.0,9.0,4.0,1.0,8.0,8.0,,,,,,,,,,,,,3.0,4.0,19.0,10.0,19.0,11.0,,,0.0,3.0,,,,,1.0,2.0,,,,,,,,,,,,,,,,,,,,,,,0.57,0.43,,,,,,,,,,,6.0,3.0,2.0,0.0,4.0,3.0,,,,,,,,,,,,,2.0,0.0,11.0,3.0,12.0,4.0,,,0.0,1.0,,,,,0.0,1.0,,,,,,,,,,,,,,,,,,,,,,,0.51,0.49,,,,,,,,,,,6.0,6.0,2.0,1.0,4.0,5.0,,,,,,,,,,,,,1.0,4.0,8.0,7.0,7.0,7.0,,,0.0,2.0,,,,,1.0,1.0,,,,,,,,,,,,
MF6ZbDpO,UZBEKISTAN,2021,UZBEKISTAN 1,UZBEKISTAN 1,13/08/2021,15:00,Round 15,Mashal Muborak,6kNEblGu,Pakhtakor,nXW1x6nG,False,0,1,,,,,,[86],[33],,0.0,0.0,0.0,,0.0,0.0,0.0,Betano.br,25.0,8.0,1.08,,0.0,0.0,,0.0,0.0,,0,0,,0,0,,0.0,0.0,,0,0,,0.0,0.0,Betano.br,1.19,3.75,Betano.br,1.39,2.57,Betano.br,1.93,1.7,Betano.br,2.95,1.3,Betano.br,2.92,1.3,,0,0,,0,0,,0.0,0.0,0.0,,0.0,0.0,0.0,,0,0,0,,0.0,0.0,,0.0,0.0,,0.0,0.0,,0.0,0.0,0.0,0.0,0.0,0.0,0.0,0.0,0.0,,0.0,0.0,,0,0,,0,0,,0.0,,0.0,,0.0,,0.0,,0.0,,0.0,,0.0,,0.0,,0.0,,0.0,,0.0,,0.0,,0.0,,0.0,,0.0,,0,0,,0,0,,0,0,,0,0,,0,0,,0,0,,0,0,,0,0,,0,0,,0,0,,0,0,0,,0.0,0.0,0.0,,0.0,0.0,0.0,,0.0,0.0,0.0,,0.0,0.0,0.0,,0,0,0,,,,,,,,,,,0.4,0.6,,,,,,,,,,,4.0,11.0,1.0,7.0,3.0,4.0,,,,,,,,,,,,,2.0,4.0,11.0,22.0,19.0,18.0,,,5.0,2.0,,,,,6.0,1.0,,,,,,,,,,,,,,,,,,,,,,,0.32,0.68,,,,,,,,,,,3.0,5.0,1.0,3.0,2.0,2.0,,,,,,,,,,,,,0.0,3.0,5.0,11.0,10.0,12.0,,,2.0,1.0,,,,,2.0,1.0,,,,,,,,,,,,,,,,,,,,,,,0.48,0.52,,,,,,,,,,,1.0,6.0,0.0,4.0,1.0,2.0,,,,,,,,,,,,,2.0,1.0,6.0,11.0,9.0,6.0,,,3.0,1.0,,,,,4.0,0.0,,,,,,,,,,,,
vXzlIzon,UZBEKISTAN,2021,UZBEKISTAN 1,UZBEKISTAN 1,13/08/2021,15:00,Round 15,Bunyodkor,lI4EpIdE,Metallurg Bekabad,ptMIc8Vo,False,2,0,,,,,,"[51, 72]",[44],,0.0,0.0,0.0,,0.0,0.0,0.0,Betano.br,1.57,3.5,5.9,,0.0,0.0,,0.0,0.0,,0,0,,0,0,,0.0,0.0,,0,0,,0.0,0.0,Betano.br,1.4,2.52,Betano.br,2.15,1.55,Betano.br,3.6,1.2,,0.0,0.0,Betano.br,2.18,1.53,,0,0,,0,0,,0.0,0.0,0.0,,0.0,0.0,0.0,,0,0,0,,0.0,0.0,,0.0,0.0,,0.0,0.0,,0.0,0.0,0.0,0.0,0.0,0.0,0.0,0.0,0.0,,0.0,0.0,,0,0,,0,0,,0.0,,0.0,,0.0,,0.0,,0.0,,0.0,,0.0,,0.0,,0.0,,0.0,,0.0,,0.0,,0.0,,0.0,,0.0,,0,0,,0,0,,0,0,,0,0,,0,0,,0,0,,0,0,,0,0,,0,0,,0,0,,0,0,0,,0.0,0.0,0.0,,0.0,0.0,0.0,,0.0,0.0,0.0,,0.0,0.0,0.0,,0,0,0,,,,,,,,,,,0.5,0.5,,,,,,,,,,,11.0,5.0,5.0,4.0,6.0,1.0,,,,,,,,,,,,,2.0,5.0,13.0,21.0,13.0,21.0,,,1.0,0.0,0.0,1.0,,,4.0,3.0,,,,,,,,,,,,,,,,,,,,,,,0.48,0.52,,,,,,,,,,,3.0,5.0,2.0,4.0,1.0,1.0,,,,,,,,,,,,,2.0,3.0,3.0,11.0,6.0,9.0,,,,,0.0,1.0,,,4.0,2.0,,,,,,,,,,,,,,,,,,,,,,,0.52,0.48,,,,,,,,,,,8.0,0.0,3.0,0.0,5.0,0.0,,,,,,,,,,,,,0.0,2.0,10.0,10.0,7.0,12.0,,,1.0,0.0,,,,,0.0,1.0,,,,,,,,,,,,
6JGA4HGn,UZBEKISTAN,2021,UZBEKISTAN 1,UZBEKISTAN 1,07/08/2021,15:00,Round 14,Lok. Tashkent,6NblEC0J,OKMK,4bW7fppH,False,1,1,,,,,,[84],[90],,0.0,0.0,0.0,,0.0,0.0,0.0,Betano.br,2.15,3.25,3.2,,0.0,0.0,,0.0,0.0,,0,0,,0,0,,0.0,0.0,,0,0,,0.0,0.0,Betano.br,1.34,2.75,Betano.br,2.0,1.65,Betano.br,3.3,1.24,,0.0,0.0,Betano.br,1.8,1.8,,0,0,,0,0,,0.0,0.0,0.0,,0.0,0.0,0.0,,0,0,0,,0.0,0.0,,0.0,0.0,,0.0,0.0,,0.0,0.0,0.0,0.0,0.0,0.0,0.0,0.0,0.0,,0.0,0.0,,0,0,,0,0,,0.0,,0.0,,0.0,,0.0,,0.0,,0.0,,0.0,,0.0,,0.0,,0.0,,0.0,,0.0,,0.0,,0.0,,0.0,,0,0,,0,0,,0,0,,0,0,,0,0,,0,0,,0,0,,0,0,,0,0,,0,0,,0,0,0,,0.0,0.0,0.0,,0.0,0.0,0.0,,0.0,0.0,0.0,,0.0,0.0,0.0,,0,0,0,,,,,,,,,,,0.46,0.54,,,,,,,,,,,7.0,8.0,3.0,4.0,4.0,4.0,,,,,,,,,,,,,3.0,3.0,21.0,29.0,26.0,23.0,,,4.0,2.0,,,,,3.0,2.0,,,,,,,,,,,,,,,,,,,,,,,0.46,0.54,,,,,,,,,,,2.0,3.0,1.0,1.0,1.0,2.0,,,,,,,,,,,,,1.0,3.0,13.0,14.0,13.0,10.0,,,3.0,1.0,,,,,1.0,1.0,,,,,,,,,,,,,,,,,,,,,,,0.46,0.54,,,,,,,,,,,5.0,5.0,2.0,3.0,3.0,2.0,,,,,,,,,,,,,2.0,0.0,8.0,15.0,13.0,13.0,,,1.0,1.0,,,,,2.0,1.0,,,,,,,,,,,,
vXEI2eoa,UZBEKISTAN,2021,UZBEKISTAN 1,UZBEKISTAN 1,07/08/2021,15:00,Round 14,Andijan,K6dxHEG0,Qizilqum,rkVBg4aN,False,1,1,,,,,,[42],[55],,0.0,0.0,0.0,,0.0,0.0,0.0,Betano.br,3.1,2.95,2.35,,0.0,0.0,,0.0,0.0,,0,0,,0,0,,0.0,0.0,,0,0,Betano.br,1.13,4.4,Betano.br,1.52,2.22,Betano.br,2.47,1.42,Betano.br,4.3,1.14,,0.0,0.0,Betano.br,2.1,1.57,,0,0,,0,0,,0.0,0.0,0.0,,0.0,0.0,0.0,,0,0,0,,0.0,0.0,,0.0,0.0,,0.0,0.0,,0.0,0.0,0.0,0.0,0.0,0.0,0.0,0.0,0.0,,0.0,0.0,,0,0,,0,0,,0.0,,0.0,,0.0,,0.0,,0.0,,0.0,,0.0,,0.0,,0.0,,0.0,,0.0,,0.0,,0.0,,0.0,,0.0,,0,0,,0,0,,0,0,,0,0,,0,0,,0,0,,0,0,,0,0,,0,0,,0,0,,0,0,0,,0.0,0.0,0.0,,0.0,0.0,0.0,,0.0,0.0,0.0,,0.0,0.0,0.0,,0,0,0,,,,,,,,,,,0.44,0.56,,,,,,,,,,,11.0,4.0,5.0,2.0,6.0,2.0,,,,,,,,,,,,,6.0,3.0,13.0,29.0,25.0,21.0,,,2.0,0.0,,,,,1.0,4.0,,,,,,,,,,,,,,,,,,,,,,,0.43,0.57,,,,,,,,,,,7.0,1.0,4.0,0.0,3.0,1.0,,,,,,,,,,,,,3.0,0.0,3.0,11.0,13.0,11.0,,,1.0,0.0,,,,,0.0,3.0,,,,,,,,,,,,,,,,,,,,,,,0.45,0.55,,,,,,,,,,,4.0,3.0,1.0,2.0,3.0,1.0,,,,,,,,,,,,,3.0,3.0,10.0,18.0,12.0,10.0,,,1.0,0.0,,,,,1.0,1.0,,,,,,,,,,,,
pAFE3yWh,UZBEKISTAN,2021,UZBEKISTAN 1,UZBEKISTAN 1,07/08/2021,15:00,Round 14,Metallurg Bekabad,ptMIc8Vo,Termez Surkhon,nNSkKzpB,False,0,1,,,,,,[],[90],,0.0,0.0,0.0,,0.0,0.0,0.0,Betano.br,1.62,3.45,5.4,,0.0,0.0,,0.0,0.0,,0,0,,0,0,,0.0,0.0,,0,0,,0.0,0.0,Betano.br,1.45,2.37,Betano.br,2.32,1.47,Betano.br,4.0,1.16,,0.0,0.0,Betano.br,2.32,1.47,,0,0,,0,0,,0.0,0.0,0.0,,0.0,0.0,0.0,,0,0,0,,0.0,0.0,,0.0,0.0,,0.0,0.0,,0.0,0.0,0.0,0.0,0.0,0.0,0.0,0.0,0.0,,0.0,0.0,,0,0,,0,0,,0.0,,0.0,,0.0,,0.0,,0.0,,0.0,,0.0,,0.0,,0.0,,0.0,,0.0,,0.0,,0.0,,0.0,,0.0,,0,0,,0,0,,0,0,,0,0,,0,0,,0,0,,0,0,,0,0,,0,0,,0,0,,0,0,0,,0.0,0.0,0.0,,0.0,0.0,0.0,,0.0,0.0,0.0,,0.0,0.0,0.0,,0,0,0,,,,,,,,,,,0.53,0.47,,,,,,,,,,,8.0,6.0,3.0,3.0,5.0,3.0,,,,,,,,,,,,,7.0,4.0,20.0,18.0,23.0,23.0,,,3.0,2.0,0.0,1.0,,,2.0,3.0,,,,,,,,,,,,,,,,,,,,,,,0.56,0.44,,,,,,,,,,,5.0,4.0,3.0,1.0,2.0,3.0,,,,,,,,,,,,,3.0,3.0,12.0,10.0,14.0,14.0,,,1.0,1.0,,,,,1.0,3.0,,,,,,,,,,,,,,,,,,,,,,,0.5,0.5,,,,,,,,,,,3.0,2.0,0.0,2.0,3.0,0.0,,,,,,,,,,,,,4.0,1.0,8.0,8.0,9.0,9.0,,,2.0,1.0,0.0,1.0,,,1.0,0.0,,,,,,,,,,,,
lrM55c1t,UZBEKISTAN,2021,UZBEKISTAN 1,UZBEKISTAN 1,06/08/2021,15:00,Round 14,Mashal Muborak,6kNEblGu,Bunyodkor,lI4EpIdE,False,1,1,,,,,,[24],[77],,0.0,0.0,0.0,,0.0,0.0,0.0,Betano.br,4.5,3.3,1.78,,0.0,0.0,,0.0,0.0,,0,0,,0,0,,0.0,0.0,,0,0,,0.0,0.0,Betano.br,1.42,2.47,Betano.br,2.18,1.53,Betano.br,3.7,1.19,,0.0,0.0,Betano.br,2.05,1.62,,0,0,,0,0,,0.0,0.0,0.0,,0.0,0.0,0.0,,0,0,0,,0.0,0.0,,0.0,0.0,,0.0,0.0,,0.0,0.0,0.0,0.0,0.0,0.0,0.0,0.0,0.0,,0.0,0.0,,0,0,,0,0,,0.0,,0.0,,0.0,,0.0,,0.0,,0.0,,0.0,,0.0,,0.0,,0.0,,0.0,,0.0,,0.0,,0.0,,0.0,,0,0,,0,0,,0,0,,0,0,,0,0,,0,0,,0,0,,0,0,,0,0,,0,0,,0,0,0,,0.0,0.0,0.0,,0.0,0.0,0.0,,0.0,0.0,0.0,,0.0,0.0,0.0,,0,0,0,,,,,,,,,,,0.44,0.56,,,,,,,,,,,5.0,7.0,3.0,2.0,2.0,5.0,,,,,,,,,,,,,1.0,9.0,10.0,14.0,19.0,25.0,,,1.0,2.0,0.0,1.0,,,1.0,2.0,,,,,,,,,,,,,,,,,,,,,,,0.46,0.54,,,,,,,,,,,2.0,4.0,2.0,1.0,0.0,3.0,,,,,,,,,,,,,1.0,4.0,4.0,9.0,12.0,14.0,,,0.0,1.0,,,,,1.0,1.0,,,,,,,,,,,,,,,,,,,,,,,0.42,0.58,,,,,,,,,,,3.0,3.0,1.0,1.0,2.0,2.0,,,,,,,,,,,,,0.0,5.0,6.0,5.0,7.0,11.0,,,1.0,1.0,0.0,1.0,,,0.0,1.0,,,,,,,,,,,,
zqE6BmHc,UZBEKISTAN,2021,UZBEKISTAN 1,UZBEKISTAN 1,31/07/2021,15:00,Round 13,Andijan,K6dxHEG0,Turon,nZLTSNfr,False,1,1,,,,,,[51],[38],,0.0,0.0,0.0,,0.0,0.0,0.0,Betano.br,2.6,3.05,2.67,,0.0,0.0,,0.0,0.0,,0,0,,0,0,,0.0,0.0,,0,0,,0.0,0.0,Betano.br,1.39,2.57,Betano.br,2.12,1.57,Betano.br,3.55,1.21,,0.0,0.0,Betano.br,1.83,1.78,,0,0,,0,0,,0.0,0.0,0.0,,0.0,0.0,0.0,,0,0,0,,0.0,0.0,,0.0,0.0,,0.0,0.0,,0.0,0.0,0.0,0.0,0.0,0.0,0.0,0.0,0.0,,0.0,0.0,,0,0,,0,0,,0.0,,0.0,,0.0,,0.0,,0.0,,0.0,,0.0,,0.0,,0.0,,0.0,,0.0,,0.0,,0.0,,0.0,,0.0,,0,0,,0,0,,0,0,,0,0,,0,0,,0,0,,0,0,,0,0,,0,0,,0,0,,0,0,0,,0.0,0.0,0.0,,0.0,0.0,0.0,,0.0,0.0,0.0,,0.0,0.0,0.0,,0,0,0,,,,,,,,,,,0.51,0.49,,,,,,,,,,,2.0,8.0,1.0,1.0,1.0,7.0,,,,,,,,,,,,,1.0,0.0,24.0,25.0,19.0,23.0,,,2.0,1.0,,,,,0.0,0.0,,,,,,,,,,,,,,,,,,,,,,,0.51,0.49,,,,,,,,,,,0.0,5.0,0.0,1.0,0.0,4.0,,,,,,,,,,,,,1.0,0.0,10.0,8.0,4.0,13.0,,,,,,,,,0.0,0.0,,,,,,,,,,,,,,,,,,,,,,,0.51,0.49,,,,,,,,,,,2.0,3.0,1.0,0.0,1.0,3.0,,,,,,,,,,,,,0.0,0.0,14.0,17.0,15.0,10.0,,,2.0,1.0,,,,,0.0,0.0,,,,,,,,,,,,
db2F9RoA,UZBEKISTAN,2021,UZBEKISTAN 1,UZBEKISTAN 1,31/07/2021,15:00,Round 13,Pakhtakor,nXW1x6nG,Bunyodkor,lI4EpIdE,False,1,0,,,,,,[45],[],,0.0,0.0,0.0,,0.0,0.0,0.0,Betano.br,6.4,3.7,1.5,,0.0,0.0,,0.0,0.0,,0,0,,0,0,,0.0,0.0,,0,0,,0.0,0.0,Betano.br,1.28,3.0,Betano.br,1.83,1.78,Betano.br,2.92,1.3,,0.0,0.0,Betano.br,1.91,1.7,,0,0,,0,0,,0.0,0.0,0.0,,0.0,0.0,0.0,,0,0,0,,0.0,0.0,,0.0,0.0,,0.0,0.0,,0.0,0.0,0.0,0.0,0.0,0.0,0.0,0.0,0.0,,0.0,0.0,,0,0,,0,0,,0.0,,0.0,,0.0,,0.0,,0.0,,0.0,,0.0,,0.0,,0.0,,0.0,,0.0,,0.0,,0.0,,0.0,,0.0,,0,0,,0,0,,0,0,,0,0,,0,0,,0,0,,0,0,,0,0,,0,0,,0,0,,0,0,0,,0.0,0.0,0.0,,0.0,0.0,0.0,,0.0,0.0,0.0,,0.0,0.0,0.0,,0,0,0,,,,,,,,,,,0.55,0.45,,,,,,,,,,,10.0,5.0,3.0,3.0,7.0,2.0,,,,,,,,,,,,,3.0,2.0,22.0,10.0,13.0,27.0,,,3.0,1.0,,,,,3.0,2.0,,,,,,,,,,,,,,,,,,,,,,,0.49,0.51,,,,,,,,,,,7.0,0.0,2.0,0.0,5.0,0.0,,,,,,,,,,,,,2.0,2.0,8.0,6.0,6.0,13.0,,,2.0,1.0,,,,,0.0,1.0,,,,,,,,,,,,,,,,,,,,,,,0.61,0.39,,,,,,,,,,,3.0,5.0,1.0,3.0,2.0,2.0,,,,,,,,,,,,,1.0,0.0,14.0,4.0,7.0,14.0,,,1.0,0.0,,,,,3.0,1.0,,,,,,,,,,,,
MuA2CT1i,UZBEKISTAN,2021,UZBEKISTAN 1,UZBEKISTAN 1,01/08/2021,15:00,Round 13,Kokand 1912,6DWZyFY4,Navbahor Namangan,AiFncn0b,False,1,2,,,,,,[90],"[13, 82]",,0.0,0.0,0.0,,0.0,0.0,0.0,Betano.br,2.7,2.7,2.87,,0.0,0.0,,0.0,0.0,,0,0,,0,0,,0.0,0.0,,0,0,Betano.br,1.16,4.05,Betano.br,1.7,1.93,Betano.br,2.95,1.3,Betano.br,4.15,1.15,,0.0,0.0,Betano.br,2.35,1.47,,0,0,,0,0,,0.0,0.0,0.0,,0.0,0.0,0.0,,0,0,0,,0.0,0.0,,0.0,0.0,,0.0,0.0,,0.0,0.0,0.0,0.0,0.0,0.0,0.0,0.0,0.0,,0.0,0.0,,0,0,,0,0,,0.0,,0.0,,0.0,,0.0,,0.0,,0.0,,0.0,,0.0,,0.0,,0.0,,0.0,,0.0,,0.0,,0.0,,0.0,,0,0,,0,0,,0,0,,0,0,,0,0,,0,0,,0,0,,0,0,,0,0,,0,0,,0,0,0,,0.0,0.0,0.0,,0.0,0.0,0.0,,0.0,0.0,0.0,,0.0,0.0,0.0,,0,0,0,,,,,,,,,,,0.57,0.43,,,,,,,,,,,15.0,4.0,2.0,3.0,13.0,1.0,,,,,,,,,,,,,6.0,3.0,27.0,12.0,20.0,8.0,,,2.0,5.0,,,,,1.0,1.0,,,,,,,,,,,,,,,,,,,,,,,0.56,0.44,,,,,,,,,,,3.0,1.0,0.0,1.0,3.0,0.0,,,,,,,,,,,,,1.0,1.0,12.0,9.0,,,,,1.0,2.0,,,,,0.0,0.0,,,,,,,,,,,,,,,,,,,,,,,0.58,0.42,,,,,,,,,,,12.0,3.0,2.0,2.0,10.0,1.0,,,,,,,,,,,,,5.0,2.0,15.0,3.0,20.0,8.0,,,1.0,3.0,,,,,1.0,1.0,,,,,,,,,,,,
IoSzbUnb,UZBEKISTAN,2021,UZBEKISTAN 1,UZBEKISTAN 1,04/07/2021,15:00,Round 12,Nasaf Qarshi,W0GrbSph,Sogdiana,tU64krNp,False,1,0,,,,,,[53],[],,0.0,0.0,0.0,,0.0,0.0,0.0,Betano.br,1.52,4.2,5.1,,0.0,0.0,,0.0,0.0,,0,0,,0,0,,0.0,0.0,,0,0,,0.0,0.0,Betano.br,1.19,3.75,Betano.br,1.5,2.27,Betano.br,2.15,1.55,Betano.br,3.4,1.22,Betano.br,1.57,2.1,,0,0,,0,0,,0.0,0.0,0.0,,0.0,0.0,0.0,,0,0,0,,0.0,0.0,,0.0,0.0,,0.0,0.0,,0.0,0.0,0.0,0.0,0.0,0.0,0.0,0.0,0.0,,0.0,0.0,,0,0,,0,0,,0.0,,0.0,,0.0,,0.0,,0.0,,0.0,,0.0,,0.0,,0.0,,0.0,,0.0,,0.0,,0.0,,0.0,,0.0,,0,0,,0,0,,0,0,,0,0,,0,0,,0,0,,0,0,,0,0,,0,0,,0,0,,0,0,0,,0.0,0.0,0.0,,0.0,0.0,0.0,,0.0,0.0,0.0,,0.0,0.0,0.0,,0,0,0,,,,,,,,,,,0.57,0.43,,,,,,,,,,,7.0,8.0,2.0,4.0,5.0,4.0,,,,,,,,,,,,,7.0,2.0,12.0,16.0,20.0,21.0,,,3.0,3.0,2.0,1.0,,,4.0,1.0,,,,,,,,,,,,,,,,,,,,,,,0.62,0.38,,,,,,,,,,,4.0,5.0,1.0,2.0,3.0,3.0,,,,,,,,,,,,,5.0,1.0,6.0,7.0,11.0,8.0,,,1.0,0.0,,,,,2.0,1.0,,,,,,,,,,,,,,,,,,,,,,,0.53,0.47,,,,,,,,,,,3.0,3.0,1.0,2.0,2.0,1.0,,,,,,,,,,,,,2.0,1.0,6.0,9.0,9.0,13.0,,,2.0,3.0,2.0,1.0,,,2.0,0.0,,,,,,,,,,,,
h4KmeSWG,UZBEKISTAN,2021,UZBEKISTAN 1,UZBEKISTAN 1,03/07/2021,15:00,Round 12,Navbahor Namangan,AiFncn0b,Andijan,K6dxHEG0,False,0,1,,,,,,[],[90],,0.0,0.0,0.0,,0.0,0.0,0.0,Betano.br,1.53,3.45,6.7,,0.0,0.0,,0.0,0.0,,0,0,,0,0,,0.0,0.0,,0,0,,0.0,0.0,Betano.br,1.45,2.37,Betano.br,2.27,1.5,Betano.br,3.9,1.17,,0.0,0.0,Betano.br,2.35,1.47,,0,0,,0,0,,0.0,0.0,0.0,,0.0,0.0,0.0,,0,0,0,,0.0,0.0,,0.0,0.0,,0.0,0.0,,0.0,0.0,0.0,0.0,0.0,0.0,0.0,0.0,0.0,,0.0,0.0,,0,0,,0,0,,0.0,,0.0,,0.0,,0.0,,0.0,,0.0,,0.0,,0.0,,0.0,,0.0,,0.0,,0.0,,0.0,,0.0,,0.0,,0,0,,0,0,,0,0,,0,0,,0,0,,0,0,,0,0,,0,0,,0,0,,0,0,,0,0,0,,0.0,0.0,0.0,,0.0,0.0,0.0,,0.0,0.0,0.0,,0.0,0.0,0.0,,0,0,0,,,,,,,,,,,0.54,0.46,,,,,,,,,,,13.0,8.0,5.0,2.0,8.0,6.0,,,,,,,,,,,,,4.0,2.0,24.0,17.0,24.0,18.0,,,4.0,7.0,,,,,1.0,5.0,,,,,,,,,,,,,,,,,,,,,,,0.59,0.41,,,,,,,,,,,5.0,0.0,1.0,0.0,4.0,0.0,,,,,,,,,,,,,1.0,2.0,12.0,7.0,14.0,7.0,,,3.0,5.0,,,,,0.0,1.0,,,,,,,,,,,,,,,,,,,,,,,0.49,0.51,,,,,,,,,,,8.0,8.0,4.0,2.0,4.0,6.0,,,,,,,,,,,,,3.0,0.0,12.0,10.0,10.0,11.0,,,1.0,2.0,,,,,1.0,4.0,,,,,,,,,,,,
nZZwAwgP,UZBEKISTAN,2021,UZBEKISTAN 1,UZBEKISTAN 1,06/08/2021,15:00,Round 14,Pakhtakor,nXW1x6nG,Nasaf Qarshi,W0GrbSph,False,1,0,,,,,,[20],[],,0.0,0.0,0.0,,0.0,0.0,0.0,Betano.br,1.47,4.15,6.0,,0.0,0.0,,0.0,0.0,,0,0,,0,0,,0.0,0.0,,0,0,,0.0,0.0,Betano.br,1.23,3.35,Betano.br,1.7,1.93,Betano.br,2.62,1.37,,0.0,0.0,Betano.br,1.85,1.75,,0,0,,0,0,,0.0,0.0,0.0,,0.0,0.0,0.0,,0,0,0,,0.0,0.0,,0.0,0.0,,0.0,0.0,,0.0,0.0,0.0,0.0,0.0,0.0,0.0,0.0,0.0,,0.0,0.0,,0,0,,0,0,,0.0,,0.0,,0.0,,0.0,,0.0,,0.0,,0.0,,0.0,,0.0,,0.0,,0.0,,0.0,,0.0,,0.0,,0.0,,0,0,,0,0,,0,0,,0,0,,0,0,,0,0,,0,0,,0,0,,0,0,,0,0,,0,0,0,,0.0,0.0,0.0,,0.0,0.0,0.0,,0.0,0.0,0.0,,0.0,0.0,0.0,,0,0,0,,,,,,,,,,,0.58,0.42,,,,,,,,,,,7.0,8.0,2.0,2.0,5.0,6.0,,,,,,,,,,,,,3.0,2.0,13.0,12.0,22.0,21.0,,,0.0,2.0,,,,,2.0,1.0,,,,,,,,,,,,,,,,,,,,,,,0.56,0.44,,,,,,,,,,,3.0,5.0,1.0,0.0,2.0,5.0,,,,,,,,,,,,,1.0,1.0,5.0,7.0,11.0,10.0,,,,,,,,,0.0,0.0,,,,,,,,,,,,,,,,,,,,,,,0.6,0.4,,,,,,,,,,,4.0,3.0,1.0,2.0,3.0,1.0,,,,,,,,,,,,,2.0,1.0,8.0,5.0,11.0,11.0,,,0.0,2.0,,,,,2.0,1.0,,,,,,,,,,,,
QX6J8o1G,UZBEKISTAN,2021,UZBEKISTAN 1,UZBEKISTAN 1,01/08/2021,15:00,Round 13,Metallurg Bekabad,ptMIc8Vo,Qizilqum,rkVBg4aN,False,1,2,,,,,,[67],"[56, 64]",,0.0,0.0,0.0,,0.0,0.0,0.0,Betano.br,2.25,2.72,3.55,,0.0,0.0,,0.0,0.0,,0,0,,0,0,,0.0,0.0,,0,0,Betano.br,1.15,4.1,Betano.br,1.7,1.93,Betano.br,2.92,1.3,Betano.br,4.25,1.14,,0.0,0.0,Betano.br,2.37,1.45,,0,0,,0,0,,0.0,0.0,0.0,,0.0,0.0,0.0,,0,0,0,,0.0,0.0,,0.0,0.0,,0.0,0.0,,0.0,0.0,0.0,0.0,0.0,0.0,0.0,0.0,0.0,,0.0,0.0,,0,0,,0,0,,0.0,,0.0,,0.0,,0.0,,0.0,,0.0,,0.0,,0.0,,0.0,,0.0,,0.0,,0.0,,0.0,,0.0,,0.0,,0,0,,0,0,,0,0,,0,0,,0,0,,0,0,,0,0,,0,0,,0,0,,0,0,,0,0,0,,0.0,0.0,0.0,,0.0,0.0,0.0,,0.0,0.0,0.0,,0.0,0.0,0.0,,0,0,0,,,,,,,,,,,0.52,0.48,,,,,,,,,,,10.0,5.0,4.0,2.0,6.0,3.0,,,,,,,,,,,,,10.0,1.0,24.0,20.0,31.0,16.0,,,4.0,2.0,,,,,0.0,3.0,,,,,,,,,,,,,,,,,,,,,,,0.51,0.49,,,,,,,,,,,5.0,0.0,2.0,0.0,3.0,0.0,,,,,,,,,,,,,2.0,0.0,11.0,10.0,16.0,7.0,,,,,,,,,0.0,2.0,,,,,,,,,,,,,,,,,,,,,,,0.53,0.47,,,,,,,,,,,5.0,5.0,2.0,2.0,3.0,3.0,,,,,,,,,,,,,8.0,1.0,13.0,10.0,15.0,9.0,,,4.0,2.0,,,,,0.0,1.0,,,,,,,,,,,,
I73BA7W3,UZBEKISTAN,2021,UZBEKISTAN 1,UZBEKISTAN 1,30/07/2021,15:00,Round 13,Mashal Muborak,6kNEblGu,Termez Surkhon,nNSkKzpB,False,2,1,,,,,,"[47, 81]",[75],,0.0,0.0,0.0,,0.0,0.0,0.0,Betano.br,1.7,3.2,5.4,,0.0,0.0,,0.0,0.0,,0,0,,0,0,,0.0,0.0,,0,0,,0.0,0.0,Betano.br,1.37,2.62,Betano.br,2.07,1.6,Betano.br,3.45,1.22,,0.0,0.0,Betano.br,1.93,1.7,,0,0,,0,0,,0.0,0.0,0.0,,0.0,0.0,0.0,,0,0,0,,0.0,0.0,,0.0,0.0,,0.0,0.0,,0.0,0.0,0.0,0.0,0.0,0.0,0.0,0.0,0.0,,0.0,0.0,,0,0,,0,0,,0.0,,0.0,,0.0,,0.0,,0.0,,0.0,,0.0,,0.0,,0.0,,0.0,,0.0,,0.0,,0.0,,0.0,,0.0,,0,0,,0,0,,0,0,,0,0,,0,0,,0,0,,0,0,,0,0,,0,0,,0,0,,0,0,0,,0.0,0.0,0.0,,0.0,0.0,0.0,,0.0,0.0,0.0,,0.0,0.0,0.0,,0,0,0,,,,,,,,,,,0.44,0.56,,,,,,,,,,,5.0,11.0,4.0,4.0,1.0,7.0,,,,,,,,,,,,,5.0,6.0,17.0,26.0,21.0,18.0,,,3.0,1.0,,,,,3.0,2.0,,,,,,,,,,,,,,,,,,,,,,,0.41,0.59,,,,,,,,,,,2.0,4.0,2.0,2.0,0.0,2.0,,,,,,,,,,,,,3.0,4.0,10.0,16.0,8.0,8.0,,,1.0,0.0,,,,,2.0,2.0,,,,,,,,,,,,,,,,,,,,,,,0.47,0.53,,,,,,,,,,,3.0,7.0,2.0,2.0,1.0,5.0,,,,,,,,,,,,,2.0,2.0,7.0,10.0,13.0,10.0,,,2.0,1.0,,,,,1.0,0.0,,,,,,,,,,,,
8xMKmpPj,UZBEKISTAN,2021,UZBEKISTAN 1,UZBEKISTAN 1,31/07/2021,15:00,Round 13,Sogdiana,tU64krNp,OKMK,4bW7fppH,False,0,0,,,,,,[],[],,0.0,0.0,0.0,,0.0,0.0,0.0,Betano.br,2.5,3.4,2.55,,0.0,0.0,,0.0,0.0,,0,0,,0,0,,0.0,0.0,,0,0,,0.0,0.0,Betano.br,1.25,3.25,Betano.br,1.75,1.87,Betano.br,2.72,1.35,,0.0,0.0,Betano.br,1.6,2.05,,0,0,,0,0,,0.0,0.0,0.0,,0.0,0.0,0.0,,0,0,0,,0.0,0.0,,0.0,0.0,,0.0,0.0,,0.0,0.0,0.0,0.0,0.0,0.0,0.0,0.0,0.0,,0.0,0.0,,0,0,,0,0,,0.0,,0.0,,0.0,,0.0,,0.0,,0.0,,0.0,,0.0,,0.0,,0.0,,0.0,,0.0,,0.0,,0.0,,0.0,,0,0,,0,0,,0,0,,0,0,,0,0,,0,0,,0,0,,0,0,,0,0,,0,0,,0,0,0,,0.0,0.0,0.0,,0.0,0.0,0.0,,0.0,0.0,0.0,,0.0,0.0,0.0,,0,0,0,,,,,,,,,,,0.45,0.55,,,,,,,,,,,11.0,6.0,4.0,2.0,7.0,4.0,,,,,,,,,,,,,6.0,4.0,15.0,23.0,27.0,28.0,,,2.0,0.0,,,,,2.0,4.0,,,,,,,,,,,,,,,,,,,,,,,0.35,0.65,,,,,,,,,,,7.0,3.0,2.0,0.0,5.0,3.0,,,,,,,,,,,,,2.0,3.0,7.0,12.0,7.0,15.0,,,1.0,0.0,,,,,0.0,2.0,,,,,,,,,,,,,,,,,,,,,,,0.55,0.45,,,,,,,,,,,4.0,3.0,2.0,2.0,2.0,1.0,,,,,,,,,,,,,4.0,1.0,8.0,11.0,20.0,13.0,,,1.0,0.0,,,,,2.0,2.0,,,,,,,,,,,,
nRJifnnN,UZBEKISTAN,2021,UZBEKISTAN 1,UZBEKISTAN 1,04/07/2021,15:00,Round 12,Termez Surkhon,nNSkKzpB,Bunyodkor,lI4EpIdE,False,1,5,,,,,,[90],"[9, 39, 62, 85, 87]",,0.0,0.0,0.0,,0.0,0.0,0.0,Betano.br,4.75,3.7,1.65,,0.0,0.0,,0.0,0.0,,0,0,,0,0,,0.0,0.0,,0,0,,0.0,0.0,Betano.br,1.3,2.95,Betano.br,1.88,1.72,Betano.br,3.05,1.28,,0.0,0.0,Betano.br,1.88,1.72,,0,0,,0,0,,0.0,0.0,0.0,,0.0,0.0,0.0,,0,0,0,,0.0,0.0,,0.0,0.0,,0.0,0.0,,0.0,0.0,0.0,0.0,0.0,0.0,0.0,0.0,0.0,,0.0,0.0,,0,0,,0,0,,0.0,,0.0,,0.0,,0.0,,0.0,,0.0,,0.0,,0.0,,0.0,,0.0,,0.0,,0.0,,0.0,,0.0,,0.0,,0,0,,0,0,,0,0,,0,0,,0,0,,0,0,,0,0,,0,0,,0,0,,0,0,,0,0,0,,0.0,0.0,0.0,,0.0,0.0,0.0,,0.0,0.0,0.0,,0.0,0.0,0.0,,0,0,0,,,,,,,,,,,0.45,0.55,,,,,,,,,,,9.0,10.0,3.0,8.0,6.0,2.0,,,,,,,,,,,,,2.0,4.0,0.0,0.0,0.0,0.0,,,3.0,3.0,,,,,3.0,2.0,,,,,,,,,,,,,,,,,,,,,,,0.48,0.52,,,,,,,,,,,5.0,6.0,1.0,4.0,4.0,2.0,,,,,,,,,,,,,2.0,2.0,0.0,0.0,0.0,0.0,,,0.0,1.0,,,,,2.0,1.0,,,,,,,,,,,,,,,,,,,,,,,0.42,0.58,,,,,,,,,,,4.0,4.0,2.0,4.0,2.0,0.0,,,,,,,,,,,,,0.0,2.0,0.0,0.0,0.0,0.0,,,3.0,2.0,,,,,1.0,1.0,,,,,,,,,,,,
UoNGlQ9p,UZBEKISTAN,2021,UZBEKISTAN 1,UZBEKISTAN 1,30/07/2021,15:00,Round 13,Lok. Tashkent,6NblEC0J,Nasaf Qarshi,W0GrbSph,False,2,0,,,,,,"[13, 37]",[],,0.0,0.0,0.0,,0.0,0.0,0.0,Betano.br,2.6,3.2,2.55,,0.0,0.0,,0.0,0.0,,0,0,,0,0,,0.0,0.0,,0,0,,0.0,0.0,Betano.br,1.31,2.87,Betano.br,1.91,1.7,Betano.br,3.1,1.27,,0.0,0.0,Betano.br,1.72,1.88,,0,0,,0,0,,0.0,0.0,0.0,,0.0,0.0,0.0,,0,0,0,,0.0,0.0,,0.0,0.0,,0.0,0.0,,0.0,0.0,0.0,0.0,0.0,0.0,0.0,0.0,0.0,,0.0,0.0,,0,0,,0,0,,0.0,,0.0,,0.0,,0.0,,0.0,,0.0,,0.0,,0.0,,0.0,,0.0,,0.0,,0.0,,0.0,,0.0,,0.0,,0,0,,0,0,,0,0,,0,0,,0,0,,0,0,,0,0,,0,0,,0,0,,0,0,,0,0,0,,0.0,0.0,0.0,,0.0,0.0,0.0,,0.0,0.0,0.0,,0.0,0.0,0.0,,0,0,0,,,,,,,,,,,0.42,0.58,,,,,,,,,,,4.0,5.0,2.0,0.0,2.0,5.0,,,,,,,,,,,,,3.0,7.0,17.0,21.0,11.0,26.0,,,3.0,2.0,0.0,1.0,,,0.0,0.0,,,,,,,,,,,,,,,,,,,,,,,0.4,0.6,,,,,,,,,,,3.0,2.0,2.0,0.0,1.0,2.0,,,,,,,,,,,,,2.0,5.0,8.0,8.0,6.0,16.0,,,1.0,1.0,,,,,0.0,0.0,,,,,,,,,,,,,,,,,,,,,,,0.44,0.56,,,,,,,,,,,1.0,3.0,0.0,0.0,1.0,3.0,,,,,,,,,,,,,1.0,2.0,9.0,13.0,5.0,10.0,,,2.0,1.0,0.0,1.0,,,0.0,0.0,,,,,,,,,,,,
ALOSajIo,UZBEKISTAN,2021,UZBEKISTAN 1,UZBEKISTAN 1,28/06/2021,15:00,Round 11,Kokand 1912,6DWZyFY4,Nasaf Qarshi,W0GrbSph,False,1,2,,,,,,[75],"[1, 38]",,0.0,0.0,0.0,,0.0,0.0,0.0,Betano.br,2.95,3.15,2.3,,0.0,0.0,,0.0,0.0,,0,0,,0,0,,0.0,0.0,,0,0,,0.0,0.0,Betano.br,1.35,2.72,Betano.br,2.0,1.65,Betano.br,3.3,1.24,,0.0,0.0,Betano.br,1.78,1.82,,0,0,,0,0,,0.0,0.0,0.0,,0.0,0.0,0.0,,0,0,0,,0.0,0.0,,0.0,0.0,,0.0,0.0,,0.0,0.0,0.0,0.0,0.0,0.0,0.0,0.0,0.0,,0.0,0.0,,0,0,,0,0,,0.0,,0.0,,0.0,,0.0,,0.0,,0.0,,0.0,,0.0,,0.0,,0.0,,0.0,,0.0,,0.0,,0.0,,0.0,,0,0,,0,0,,0,0,,0,0,,0,0,,0,0,,0,0,,0,0,,0,0,,0,0,,0,0,0,,0.0,0.0,0.0,,0.0,0.0,0.0,,0.0,0.0,0.0,,0.0,0.0,0.0,,0,0,0,,,,,,,,,,,0.46,0.54,,,,,,,,,,,10.0,7.0,6.0,3.0,4.0,4.0,,,,,,,,,,,,,9.0,5.0,15.0,17.0,13.0,17.0,,,2.0,2.0,,,,,1.0,5.0,,,,,,,,,,,,,,,,,,,,,,,0.46,0.54,,,,,,,,,,,3.0,3.0,2.0,3.0,1.0,0.0,,,,,,,,,,,,,4.0,2.0,8.0,7.0,4.0,12.0,,,2.0,0.0,,,,,1.0,2.0,,,,,,,,,,,,,,,,,,,,,,,0.46,0.54,,,,,,,,,,,7.0,4.0,4.0,0.0,3.0,4.0,,,,,,,,,,,,,5.0,3.0,7.0,10.0,9.0,5.0,,,0.0,2.0,,,,,0.0,3.0,,,,,,,,,,,,
QHIeg61T,UZBEKISTAN,2021,UZBEKISTAN 1,UZBEKISTAN 1,03/07/2021,15:00,Round 12,OKMK,4bW7fppH,Kokand 1912,6DWZyFY4,False,2,1,,,,,,"[62, 70]",[67],,0.0,0.0,0.0,,0.0,0.0,0.0,Betano.br,1.83,3.25,4.25,,0.0,0.0,,0.0,0.0,,0,0,,0,0,,0.0,0.0,,0,0,,0.0,0.0,Betano.br,1.42,2.47,Betano.br,2.22,1.52,Betano.br,3.75,1.18,,0.0,0.0,Betano.br,2.05,1.62,,0,0,,0,0,,0.0,0.0,0.0,,0.0,0.0,0.0,,0,0,0,,0.0,0.0,,0.0,0.0,,0.0,0.0,,0.0,0.0,0.0,0.0,0.0,0.0,0.0,0.0,0.0,,0.0,0.0,,0,0,,0,0,,0.0,,0.0,,0.0,,0.0,,0.0,,0.0,,0.0,,0.0,,0.0,,0.0,,0.0,,0.0,,0.0,,0.0,,0.0,,0,0,,0,0,,0,0,,0,0,,0,0,,0,0,,0,0,,0,0,,0,0,,0,0,,0,0,0,,0.0,0.0,0.0,,0.0,0.0,0.0,,0.0,0.0,0.0,,0.0,0.0,0.0,,0,0,0,,,,,,,,,,,0.57,0.43,,,,,,,,,,,6.0,13.0,4.0,5.0,2.0,8.0,,,,,,,,,,,,,3.0,5.0,22.0,12.0,21.0,23.0,,,1.0,2.0,0.0,1.0,,,4.0,2.0,,,,,,,,,,,,,,,,,,,,,,,0.54,0.46,,,,,,,,,,,4.0,7.0,2.0,3.0,2.0,4.0,,,,,,,,,,,,,1.0,2.0,14.0,5.0,9.0,10.0,,,0.0,1.0,,,,,3.0,2.0,,,,,,,,,,,,,,,,,,,,,,,0.6,0.4,,,,,,,,,,,2.0,6.0,2.0,2.0,0.0,4.0,,,,,,,,,,,,,2.0,3.0,8.0,7.0,12.0,13.0,,,1.0,1.0,0.0,1.0,,,1.0,0.0,,,,,,,,,,,,
v1Gqd8HA,UZBEKISTAN,2021,UZBEKISTAN 1,UZBEKISTAN 1,02/07/2021,15:00,Round 12,Turon,nZLTSNfr,Metallurg Bekabad,ptMIc8Vo,False,2,0,,,,,,"[18, 58]",[],,0.0,0.0,0.0,,0.0,0.0,0.0,Betano.br,2.37,3.05,2.95,,0.0,0.0,,0.0,0.0,,0,0,,0,0,,0.0,0.0,,0,0,,0.0,0.0,Betano.br,1.45,2.37,Betano.br,2.32,1.47,Betano.br,3.95,1.17,,0.0,0.0,Betano.br,1.98,1.65,,0,0,,0,0,,0.0,0.0,0.0,,0.0,0.0,0.0,,0,0,0,,0.0,0.0,,0.0,0.0,,0.0,0.0,,0.0,0.0,0.0,0.0,0.0,0.0,0.0,0.0,0.0,,0.0,0.0,,0,0,,0,0,,0.0,,0.0,,0.0,,0.0,,0.0,,0.0,,0.0,,0.0,,0.0,,0.0,,0.0,,0.0,,0.0,,0.0,,0.0,,0,0,,0,0,,0,0,,0,0,,0,0,,0,0,,0,0,,0,0,,0,0,,0,0,,0,0,0,,0.0,0.0,0.0,,0.0,0.0,0.0,,0.0,0.0,0.0,,0.0,0.0,0.0,,0,0,0,,,,,,,,,,,0.51,0.49,,,,,,,,,,,8.0,5.0,5.0,0.0,3.0,5.0,,,,,,,,,,,,,5.0,3.0,15.0,16.0,19.0,30.0,,,1.0,5.0,,,,,0.0,3.0,,,,,,,,,,,,,,,,,,,,,,,0.5,0.5,,,,,,,,,,,2.0,4.0,1.0,0.0,1.0,4.0,,,,,,,,,,,,,3.0,2.0,4.0,6.0,10.0,11.0,,,0.0,1.0,,,,,0.0,0.0,,,,,,,,,,,,,,,,,,,,,,,0.52,0.48,,,,,,,,,,,6.0,1.0,4.0,0.0,2.0,1.0,,,,,,,,,,,,,2.0,1.0,11.0,10.0,9.0,19.0,,,1.0,4.0,,,,,0.0,3.0,,,,,,,,,,,,
n5AYKfkm,UZBEKISTAN,2021,UZBEKISTAN 1,UZBEKISTAN 1,09/07/2021,15:00,Round 8,Nasaf Qarshi,W0GrbSph,Mashal Muborak,6kNEblGu,False,1,0,,,,,,[16],[],,0.0,0.0,0.0,,0.0,0.0,0.0,Betano.br,1.19,5.8,12.5,,0.0,0.0,,0.0,0.0,,0,0,,0,0,,0.0,0.0,,0,0,,0.0,0.0,Betano.br,1.19,3.75,Betano.br,1.4,2.55,Betano.br,1.98,1.65,Betano.br,3.0,1.29,Betano.br,1.9,1.7,,0,0,,0,0,,0.0,0.0,0.0,,0.0,0.0,0.0,,0,0,0,,0.0,0.0,,0.0,0.0,,0.0,0.0,,0.0,0.0,0.0,0.0,0.0,0.0,0.0,0.0,0.0,,0.0,0.0,,0,0,,0,0,,0.0,,0.0,,0.0,,0.0,,0.0,,0.0,,0.0,,0.0,,0.0,,0.0,,0.0,,0.0,,0.0,,0.0,,0.0,,0,0,,0,0,,0,0,,0,0,,0,0,,0,0,,0,0,,0,0,,0,0,,0,0,,0,0,0,,0.0,0.0,0.0,,0.0,0.0,0.0,,0.0,0.0,0.0,,0.0,0.0,0.0,,0,0,0,,,,,,,,,,,0.58,0.42,,,,,,,,,,,11.0,6.0,5.0,3.0,6.0,3.0,,,,,,,,,,,,,7.0,3.0,20.0,12.0,15.0,11.0,,,1.0,0.0,,,,,3.0,4.0,,,,,,,,,,,,,,,,,,,,,,,0.62,0.38,,,,,,,,,,,5.0,3.0,2.0,2.0,3.0,1.0,,,,,,,,,,,,,4.0,0.0,10.0,7.0,10.0,5.0,,,,,,,,,2.0,1.0,,,,,,,,,,,,,,,,,,,,,,,0.54,0.46,,,,,,,,,,,6.0,3.0,3.0,1.0,3.0,2.0,,,,,,,,,,,,,3.0,3.0,10.0,5.0,5.0,6.0,,,1.0,0.0,,,,,1.0,3.0,,,,,,,,,,,,
lCNWbAXi,UZBEKISTAN,2021,UZBEKISTAN 1,UZBEKISTAN 1,04/07/2021,15:00,Round 12,Pakhtakor,nXW1x6nG,Lok. Tashkent,6NblEC0J,False,2,1,,,,,,"[44, 70]",[90],,0.0,0.0,0.0,,0.0,0.0,0.0,Betano.br,1.29,4.85,9.25,,0.0,0.0,,0.0,0.0,,0,0,,0,0,,0.0,0.0,,0,0,,0.0,0.0,Betano.br,1.21,3.55,Betano.br,1.62,2.02,Betano.br,2.47,1.42,Betano.br,3.7,1.19,Betano.br,2.05,1.62,,0,0,,0,0,,0.0,0.0,0.0,,0.0,0.0,0.0,,0,0,0,,0.0,0.0,,0.0,0.0,,0.0,0.0,,0.0,0.0,0.0,0.0,0.0,0.0,0.0,0.0,0.0,,0.0,0.0,,0,0,,0,0,,0.0,,0.0,,0.0,,0.0,,0.0,,0.0,,0.0,,0.0,,0.0,,0.0,,0.0,,0.0,,0.0,,0.0,,0.0,,0,0,,0,0,,0,0,,0,0,,0,0,,0,0,,0,0,,0,0,,0,0,,0,0,,0,0,0,,0.0,0.0,0.0,,0.0,0.0,0.0,,0.0,0.0,0.0,,0.0,0.0,0.0,,0,0,0,,,,,,,,,,,0.58,0.42,,,,,,,,,,,12.0,7.0,5.0,5.0,7.0,2.0,,,,,,,,,,,,,2.0,5.0,24.0,14.0,23.0,18.0,,,3.0,1.0,,,,,4.0,3.0,,,,,,,,,,,,,,,,,,,,,,,0.55,0.45,,,,,,,,,,,6.0,4.0,3.0,2.0,3.0,2.0,,,,,,,,,,,,,0.0,1.0,7.0,8.0,14.0,6.0,,,2.0,1.0,,,,,2.0,2.0,,,,,,,,,,,,,,,,,,,,,,,0.61,0.39,,,,,,,,,,,6.0,3.0,2.0,3.0,4.0,0.0,,,,,,,,,,,,,2.0,4.0,17.0,6.0,9.0,12.0,,,1.0,0.0,,,,,2.0,1.0,,,,,,,,,,,,
EatBs92H,UZBEKISTAN,2021,UZBEKISTAN 1,UZBEKISTAN 1,26/06/2021,15:00,Round 11,Qizilqum,rkVBg4aN,Bunyodkor,lI4EpIdE,False,2,1,,,,,,"[19, 38]",[76],,0.0,0.0,0.0,,0.0,0.0,0.0,Betano.br,2.42,2.9,3.0,,0.0,0.0,,0.0,0.0,,0,0,,0,0,,0.0,0.0,,0,0,,0.0,0.0,Betano.br,1.44,2.42,Betano.br,2.25,1.5,Betano.br,3.8,1.18,,0.0,0.0,Betano.br,1.9,1.72,,0,0,,0,0,,0.0,0.0,0.0,,0.0,0.0,0.0,,0,0,0,,0.0,0.0,,0.0,0.0,,0.0,0.0,,0.0,0.0,0.0,0.0,0.0,0.0,0.0,0.0,0.0,,0.0,0.0,,0,0,,0,0,,0.0,,0.0,,0.0,,0.0,,0.0,,0.0,,0.0,,0.0,,0.0,,0.0,,0.0,,0.0,,0.0,,0.0,,0.0,,0,0,,0,0,,0,0,,0,0,,0,0,,0,0,,0,0,,0,0,,0,0,,0,0,,0,0,0,,0.0,0.0,0.0,,0.0,0.0,0.0,,0.0,0.0,0.0,,0.0,0.0,0.0,,0,0,0,,,,,,,,,,,0.51,0.49,,,,,,,,,,,8.0,8.0,5.0,5.0,3.0,3.0,,,,,,,,,,,,,5.0,5.0,19.0,16.0,21.0,25.0,,,1.0,3.0,1.0,1.0,,,4.0,3.0,,,,,,,,,,,,,,,,,,,,,,,0.61,0.39,,,,,,,,,,,6.0,4.0,4.0,1.0,2.0,3.0,,,,,,,,,,,,,4.0,1.0,9.0,9.0,12.0,7.0,,,1.0,3.0,,,,,1.0,2.0,,,,,,,,,,,,,,,,,,,,,,,0.41,0.59,,,,,,,,,,,2.0,4.0,1.0,4.0,1.0,0.0,,,,,,,,,,,,,1.0,4.0,10.0,7.0,9.0,18.0,,,,,1.0,1.0,,,3.0,1.0,,,,,,,,,,,,
IXn2qVX4,UZBEKISTAN,2021,UZBEKISTAN 1,UZBEKISTAN 1,25/06/2021,15:00,Round 11,Sogdiana,tU64krNp,Lok. Tashkent,6NblEC0J,False,0,0,,,,,,[90],[],,0.0,0.0,0.0,,0.0,0.0,0.0,Betano.br,2.35,3.25,2.8,,0.0,0.0,,0.0,0.0,,0,0,,0,0,,0.0,0.0,,0,0,,0.0,0.0,Betano.br,1.28,3.0,Betano.br,1.83,1.78,Betano.br,2.92,1.3,,0.0,0.0,Betano.br,1.65,1.98,,0,0,,0,0,,0.0,0.0,0.0,,0.0,0.0,0.0,,0,0,0,,0.0,0.0,,0.0,0.0,,0.0,0.0,,0.0,0.0,0.0,0.0,0.0,0.0,0.0,0.0,0.0,,0.0,0.0,,0,0,,0,0,,0.0,,0.0,,0.0,,0.0,,0.0,,0.0,,0.0,,0.0,,0.0,,0.0,,0.0,,0.0,,0.0,,0.0,,0.0,,0,0,,0,0,,0,0,,0,0,,0,0,,0,0,,0,0,,0,0,,0,0,,0,0,,0,0,0,,0.0,0.0,0.0,,0.0,0.0,0.0,,0.0,0.0,0.0,,0.0,0.0,0.0,,0,0,0,,,,,,,,,,,0.44,0.56,,,,,,,,,,,14.0,5.0,6.0,2.0,8.0,3.0,,,,,,,,,,,,,6.0,5.0,18.0,18.0,22.0,24.0,,,5.0,2.0,,,,,2.0,6.0,,,,,,,,,,,,,,,,,,,,,,,0.47,0.53,,,,,,,,,,,9.0,3.0,3.0,1.0,6.0,2.0,,,,,,,,,,,,,4.0,3.0,10.0,8.0,9.0,13.0,,,0.0,1.0,,,,,1.0,3.0,,,,,,,,,,,,,,,,,,,,,,,0.41,0.59,,,,,,,,,,,5.0,2.0,3.0,1.0,2.0,1.0,,,,,,,,,,,,,2.0,2.0,8.0,10.0,13.0,11.0,,,5.0,1.0,,,,,1.0,3.0,,,,,,,,,,,,
dxRvcl24,UZBEKISTAN,2021,UZBEKISTAN 1,UZBEKISTAN 1,02/07/2021,15:00,Round 12,Qizilqum,rkVBg4aN,Mashal Muborak,6kNEblGu,False,2,0,,,,,,"[18, 29]",[],,0.0,0.0,0.0,,0.0,0.0,0.0,Betano.br,1.6,3.35,6.1,,0.0,0.0,,0.0,0.0,,0,0,,0,0,,0.0,0.0,,0,0,,0.0,0.0,Betano.br,1.42,2.47,Betano.br,2.2,1.52,Betano.br,3.75,1.19,,0.0,0.0,Betano.br,2.18,1.53,,0,0,,0,0,,0.0,0.0,0.0,,0.0,0.0,0.0,,0,0,0,,0.0,0.0,,0.0,0.0,,0.0,0.0,,0.0,0.0,0.0,0.0,0.0,0.0,0.0,0.0,0.0,,0.0,0.0,,0,0,,0,0,,0.0,,0.0,,0.0,,0.0,,0.0,,0.0,,0.0,,0.0,,0.0,,0.0,,0.0,,0.0,,0.0,,0.0,,0.0,,0,0,,0,0,,0,0,,0,0,,0,0,,0,0,,0,0,,0,0,,0,0,,0,0,,0,0,0,,0.0,0.0,0.0,,0.0,0.0,0.0,,0.0,0.0,0.0,,0.0,0.0,0.0,,0,0,0,,,,,,,,,,,0.53,0.47,,,,,,,,,,,5.0,6.0,4.0,2.0,1.0,4.0,,,,,,,,,,,,,3.0,4.0,16.0,17.0,14.0,21.0,,,2.0,0.0,0.0,1.0,,,2.0,2.0,,,,,,,,,,,,,,,,,,,,,,,0.52,0.48,,,,,,,,,,,3.0,2.0,3.0,0.0,0.0,2.0,,,,,,,,,,,,,1.0,2.0,11.0,6.0,5.0,12.0,,,,,,,,,0.0,1.0,,,,,,,,,,,,,,,,,,,,,,,0.54,0.46,,,,,,,,,,,2.0,4.0,1.0,2.0,1.0,2.0,,,,,,,,,,,,,2.0,2.0,5.0,11.0,9.0,9.0,,,2.0,0.0,0.0,1.0,,,2.0,1.0,,,,,,,,,,,,
nDvJumXT,UZBEKISTAN,2021,UZBEKISTAN 1,UZBEKISTAN 1,27/06/2021,15:00,Round 11,Andijan,K6dxHEG0,OKMK,4bW7fppH,False,2,3,,,,,,"[38, 54]","[32, 36, 43]",,0.0,0.0,0.0,,0.0,0.0,0.0,Betano.br,6.1,3.7,1.52,,0.0,0.0,,0.0,0.0,,0,0,,0,0,,0.0,0.0,,0,0,,0.0,0.0,Betano.br,1.29,3.0,Betano.br,1.87,1.75,Betano.br,3.0,1.29,,0.0,0.0,Betano.br,1.93,1.7,,0,0,,0,0,,0.0,0.0,0.0,,0.0,0.0,0.0,,0,0,0,,0.0,0.0,,0.0,0.0,,0.0,0.0,,0.0,0.0,0.0,0.0,0.0,0.0,0.0,0.0,0.0,,0.0,0.0,,0,0,,0,0,,0.0,,0.0,,0.0,,0.0,,0.0,,0.0,,0.0,,0.0,,0.0,,0.0,,0.0,,0.0,,0.0,,0.0,,0.0,,0,0,,0,0,,0,0,,0,0,,0,0,,0,0,,0,0,,0,0,,0,0,,0,0,,0,0,0,,0.0,0.0,0.0,,0.0,0.0,0.0,,0.0,0.0,0.0,,0.0,0.0,0.0,,0,0,0,,,,,,,,,,,0.48,0.52,,,,,,,,,,,8.0,6.0,4.0,3.0,4.0,3.0,,,,,,,,,,,,,6.0,10.0,18.0,18.0,25.0,21.0,,,5.0,3.0,,,,,0.0,2.0,,,,,,,,,,,,,,,,,,,,,,,0.44,0.56,,,,,,,,,,,2.0,3.0,1.0,3.0,1.0,0.0,,,,,,,,,,,,,3.0,8.0,7.0,9.0,13.0,11.0,,,2.0,1.0,,,,,0.0,0.0,,,,,,,,,,,,,,,,,,,,,,,0.52,0.48,,,,,,,,,,,6.0,3.0,3.0,0.0,3.0,3.0,,,,,,,,,,,,,3.0,2.0,11.0,9.0,12.0,10.0,,,3.0,2.0,,,,,0.0,2.0,,,,,,,,,,,,
hjuFtTHN,UZBEKISTAN,2021,UZBEKISTAN 1,UZBEKISTAN 1,26/06/2021,15:00,Round 11,Metallurg Bekabad,ptMIc8Vo,Navbahor Namangan,AiFncn0b,False,2,2,,,,,,"[25, 54]","[58, 73]",,0.0,0.0,0.0,,0.0,0.0,0.0,Betano.br,3.35,2.72,2.37,,0.0,0.0,,0.0,0.0,,0,0,,0,0,,0.0,0.0,,0,0,Betano.br,1.15,4.1,Betano.br,1.7,1.93,Betano.br,2.92,1.3,Betano.br,4.4,1.13,,0.0,0.0,Betano.br,2.37,1.45,,0,0,,0,0,,0.0,0.0,0.0,,0.0,0.0,0.0,,0,0,0,,0.0,0.0,,0.0,0.0,,0.0,0.0,,0.0,0.0,0.0,0.0,0.0,0.0,0.0,0.0,0.0,,0.0,0.0,,0,0,,0,0,,0.0,,0.0,,0.0,,0.0,,0.0,,0.0,,0.0,,0.0,,0.0,,0.0,,0.0,,0.0,,0.0,,0.0,,0.0,,0,0,,0,0,,0,0,,0,0,,0,0,,0,0,,0,0,,0,0,,0,0,,0,0,,0,0,0,,0.0,0.0,0.0,,0.0,0.0,0.0,,0.0,0.0,0.0,,0.0,0.0,0.0,,0,0,0,,,,,,,,,,,0.47,0.53,,,,,,,,,,,6.0,9.0,3.0,4.0,3.0,5.0,,,,,,,,,,,,,3.0,6.0,11.0,19.0,20.0,24.0,,,2.0,1.0,,,,,2.0,1.0,,,,,,,,,,,,,,,,,,,,,,,0.45,0.55,,,,,,,,,,,3.0,6.0,1.0,2.0,2.0,4.0,,,,,,,,,,,,,1.0,3.0,5.0,11.0,8.0,14.0,,,0.0,1.0,,,,,2.0,0.0,,,,,,,,,,,,,,,,,,,,,,,0.49,0.51,,,,,,,,,,,3.0,3.0,2.0,2.0,1.0,1.0,,,,,,,,,,,,,2.0,3.0,6.0,8.0,12.0,10.0,,,2.0,0.0,,,,,0.0,1.0,,,,,,,,,,,,
8Gppy7uo,UZBEKISTAN,2021,UZBEKISTAN 1,UZBEKISTAN 1,27/06/2021,15:00,Round 11,Termez Surkhon,nNSkKzpB,Pakhtakor,nXW1x6nG,False,0,4,,,,,,[],"[2, 22, 57, 58]",,0.0,0.0,0.0,,0.0,0.0,0.0,Betano.br,14.5,5.4,1.19,,0.0,0.0,,0.0,0.0,,0,0,,0,0,,0.0,0.0,,0,0,,0.0,0.0,Betano.br,1.2,3.65,Betano.br,1.6,2.05,Betano.br,2.42,1.44,Betano.br,3.75,1.19,Betano.br,2.32,1.47,,0,0,,0,0,,0.0,0.0,0.0,,0.0,0.0,0.0,,0,0,0,,0.0,0.0,,0.0,0.0,,0.0,0.0,,0.0,0.0,0.0,0.0,0.0,0.0,0.0,0.0,0.0,,0.0,0.0,,0,0,,0,0,,0.0,,0.0,,0.0,,0.0,,0.0,,0.0,,0.0,,0.0,,0.0,,0.0,,0.0,,0.0,,0.0,,0.0,,0.0,,0,0,,0,0,,0,0,,0,0,,0,0,,0,0,,0,0,,0,0,,0,0,,0,0,,0,0,0,,0.0,0.0,0.0,,0.0,0.0,0.0,,0.0,0.0,0.0,,0.0,0.0,0.0,,0,0,0,,,,,,,,,,,0.38,0.62,,,,,,,,,,,8.0,13.0,5.0,10.0,3.0,3.0,,,,,,,,,,,,,1.0,9.0,17.0,17.0,15.0,22.0,,,1.0,0.0,,,,,6.0,5.0,,,,,,,,,,,,,,,,,,,,,,,0.4,0.6,,,,,,,,,,,3.0,9.0,3.0,7.0,0.0,2.0,,,,,,,,,,,,,0.0,4.0,11.0,9.0,9.0,12.0,,,,,,,,,5.0,3.0,,,,,,,,,,,,,,,,,,,,,,,0.36,0.64,,,,,,,,,,,5.0,4.0,2.0,3.0,3.0,1.0,,,,,,,,,,,,,1.0,5.0,6.0,8.0,6.0,10.0,,,1.0,0.0,,,,,1.0,2.0,,,,,,,,,,,,
dOo6rkmB,UZBEKISTAN,2021,UZBEKISTAN 1,UZBEKISTAN 1,25/06/2021,15:00,Round 11,Turon,nZLTSNfr,Mashal Muborak,6kNEblGu,False,0,0,,,,,,[],[],,0.0,0.0,0.0,,0.0,0.0,0.0,Betano.br,3.05,3.05,2.3,,0.0,0.0,,0.0,0.0,,0,0,,0,0,,0.0,0.0,,0,0,,0.0,0.0,Betano.br,1.39,2.57,Betano.br,2.12,1.57,Betano.br,3.55,1.21,,0.0,0.0,Betano.br,1.85,1.75,,0,0,,0,0,,0.0,0.0,0.0,,0.0,0.0,0.0,,0,0,0,,0.0,0.0,,0.0,0.0,,0.0,0.0,,0.0,0.0,0.0,0.0,0.0,0.0,0.0,0.0,0.0,,0.0,0.0,,0,0,,0,0,,0.0,,0.0,,0.0,,0.0,,0.0,,0.0,,0.0,,0.0,,0.0,,0.0,,0.0,,0.0,,0.0,,0.0,,0.0,,0,0,,0,0,,0,0,,0,0,,0,0,,0,0,,0,0,,0,0,,0,0,,0,0,,0,0,0,,0.0,0.0,0.0,,0.0,0.0,0.0,,0.0,0.0,0.0,,0.0,0.0,0.0,,0,0,0,,,,,,,,,,,0.51,0.49,,,,,,,,,,,7.0,5.0,2.0,0.0,5.0,5.0,,,,,,,,,,,,,7.0,1.0,17.0,18.0,21.0,28.0,,,0.0,5.0,0.0,1.0,,,0.0,2.0,,,,,,,,,,,,,,,,,,,,,,,0.53,0.47,,,,,,,,,,,3.0,3.0,0.0,0.0,3.0,3.0,,,,,,,,,,,,,3.0,0.0,6.0,11.0,8.0,11.0,,,0.0,2.0,,,,,0.0,0.0,,,,,,,,,,,,,,,,,,,,,,,0.49,0.51,,,,,,,,,,,4.0,2.0,2.0,0.0,2.0,2.0,,,,,,,,,,,,,4.0,1.0,11.0,7.0,13.0,17.0,,,0.0,3.0,0.0,1.0,,,0.0,2.0,,,,,,,,,,,,
jcTKWila,UZBEKISTAN,2021,UZBEKISTAN 1,UZBEKISTAN 1,19/05/2021,14:45,Round 9,Qizilqum,rkVBg4aN,Pakhtakor,nXW1x6nG,False,0,1,,,,,,[],[62],,0.0,0.0,0.0,,0.0,0.0,0.0,Betano.br,7.3,4.2,1.4,,0.0,0.0,,0.0,0.0,,0,0,,0,0,,0.0,0.0,,0,0,,0.0,0.0,Betano.br,1.23,3.4,Betano.br,1.7,1.93,Betano.br,2.62,1.38,,0.0,0.0,,0.0,0.0,,0,0,,0,0,,0.0,0.0,0.0,,0.0,0.0,0.0,,0,0,0,,0.0,0.0,,0.0,0.0,,0.0,0.0,,0.0,0.0,0.0,0.0,0.0,0.0,0.0,0.0,0.0,,0.0,0.0,,0,0,,0,0,,0.0,,0.0,,0.0,,0.0,,0.0,,0.0,,0.0,,0.0,,0.0,,0.0,,0.0,,0.0,,0.0,,0.0,,0.0,,0,0,,0,0,,0,0,,0,0,,0,0,,0,0,,0,0,,0,0,,0,0,,0,0,,0,0,0,,0.0,0.0,0.0,,0.0,0.0,0.0,,0.0,0.0,0.0,,0.0,0.0,0.0,,0,0,0,,,,,,,,,,,0.42,0.58,,,,,,,,,,,9.0,11.0,6.0,6.0,3.0,5.0,,,,,,,,,,,,,4.0,6.0,14.0,20.0,21.0,22.0,,,3.0,3.0,,,,,5.0,6.0,,,,,,,,,,,,,,,,,,,,,,,0.42,0.58,,,,,,,,,,,2.0,5.0,2.0,3.0,0.0,2.0,,,,,,,,,,,,,0.0,1.0,4.0,10.0,10.0,15.0,,,,,,,,,3.0,2.0,,,,,,,,,,,,,,,,,,,,,,,0.42,0.58,,,,,,,,,,,7.0,6.0,4.0,3.0,3.0,3.0,,,,,,,,,,,,,4.0,5.0,10.0,10.0,11.0,7.0,,,3.0,3.0,,,,,2.0,4.0,,,,,,,,,,,,
OARSUVIB,UZBEKISTAN,2021,UZBEKISTAN 1,UZBEKISTAN 1,23/06/2021,15:00,Round 9,Metallurg Bekabad,ptMIc8Vo,Nasaf Qarshi,W0GrbSph,False,2,1,,,,,,"[45, 87]",[63],,0.0,0.0,0.0,,0.0,0.0,0.0,Betano.br,3.7,3.15,1.98,,0.0,0.0,,0.0,0.0,,0,0,,0,0,,0.0,0.0,,0,0,,0.0,0.0,Betano.br,1.29,2.95,Betano.br,1.87,1.75,Betano.br,3.0,1.29,,0.0,0.0,Betano.br,1.7,1.93,,0,0,,0,0,,0.0,0.0,0.0,,0.0,0.0,0.0,,0,0,0,,0.0,0.0,,0.0,0.0,,0.0,0.0,,0.0,0.0,0.0,0.0,0.0,0.0,0.0,0.0,0.0,,0.0,0.0,,0,0,,0,0,,0.0,,0.0,,0.0,,0.0,,0.0,,0.0,,0.0,,0.0,,0.0,,0.0,,0.0,,0.0,,0.0,,0.0,,0.0,,0,0,,0,0,,0,0,,0,0,,0,0,,0,0,,0,0,,0,0,,0,0,,0,0,,0,0,0,,0.0,0.0,0.0,,0.0,0.0,0.0,,0.0,0.0,0.0,,0.0,0.0,0.0,,0,0,0,,,,,,,,,,,0.49,0.51,,,,,,,,,,,10.0,13.0,5.0,5.0,5.0,8.0,,,,,,,,,,,,,7.0,4.0,11.0,16.0,28.0,18.0,,,1.0,2.0,,,,,4.0,3.0,,,,,,,,,,,,,,,,,,,,,,,0.46,0.54,,,,,,,,,,,4.0,5.0,1.0,1.0,3.0,4.0,,,,,,,,,,,,,3.0,4.0,4.0,11.0,14.0,6.0,,,,,,,,,1.0,0.0,,,,,,,,,,,,,,,,,,,,,,,0.52,0.48,,,,,,,,,,,6.0,8.0,4.0,4.0,2.0,4.0,,,,,,,,,,,,,4.0,0.0,7.0,5.0,14.0,12.0,,,1.0,2.0,,,,,3.0,3.0,,,,,,,,,,,,
pMJijwok,UZBEKISTAN,2021,UZBEKISTAN 1,UZBEKISTAN 1,23/06/2021,15:00,Round 6,Pakhtakor,nXW1x6nG,Andijan,K6dxHEG0,False,1,0,,,,,,[14],[],,0.0,0.0,0.0,,0.0,0.0,0.0,Betano.br,1.12,7.0,19.0,,0.0,0.0,,0.0,0.0,,0,0,,0,0,,0.0,0.0,,0,0,,0.0,0.0,,0.0,0.0,Betano.br,1.38,2.6,Betano.br,1.93,1.7,Betano.br,2.92,1.3,Betano.br,2.27,1.5,,0,0,,0,0,,0.0,0.0,0.0,,0.0,0.0,0.0,,0,0,0,,0.0,0.0,,0.0,0.0,,0.0,0.0,,0.0,0.0,0.0,0.0,0.0,0.0,0.0,0.0,0.0,,0.0,0.0,,0,0,,0,0,,0.0,,0.0,,0.0,,0.0,,0.0,,0.0,,0.0,,0.0,,0.0,,0.0,,0.0,,0.0,,0.0,,0.0,,0.0,,0,0,,0,0,,0,0,,0,0,,0,0,,0,0,,0,0,,0,0,,0,0,,0,0,,0,0,0,,0.0,0.0,0.0,,0.0,0.0,0.0,,0.0,0.0,0.0,,0.0,0.0,0.0,,0,0,0,,,,,,,,,,,0.59,0.41,,,,,,,,,,,8.0,8.0,5.0,1.0,3.0,7.0,,,,,,,,,,,,,3.0,4.0,20.0,18.0,22.0,28.0,,,3.0,0.0,,,,,1.0,4.0,,,,,,,,,,,,,,,,,,,,,,,0.64,0.36,,,,,,,,,,,5.0,2.0,3.0,0.0,2.0,2.0,,,,,,,,,,,,,3.0,1.0,7.0,9.0,15.0,6.0,,,2.0,0.0,,,,,0.0,2.0,,,,,,,,,,,,,,,,,,,,,,,0.54,0.46,,,,,,,,,,,3.0,6.0,2.0,1.0,1.0,5.0,,,,,,,,,,,,,0.0,3.0,13.0,9.0,7.0,22.0,,,1.0,0.0,,,,,1.0,2.0,,,,,,,,,,,,
A7qfoi3h,UZBEKISTAN,2021,UZBEKISTAN 1,UZBEKISTAN 1,20/06/2021,15:00,Round 10,Navbahor Namangan,AiFncn0b,Mashal Muborak,6kNEblGu,False,2,1,,,,,,"[45, 61]",[65],,0.0,0.0,0.0,,0.0,0.0,0.0,Betano.br,1.75,3.4,4.5,,0.0,0.0,,0.0,0.0,,0,0,,0,0,,0.0,0.0,,0,0,,0.0,0.0,Betano.br,1.36,2.67,Betano.br,2.05,1.62,Betano.br,3.4,1.23,,0.0,0.0,Betano.br,1.98,1.65,,0,0,,0,0,,0.0,0.0,0.0,,0.0,0.0,0.0,,0,0,0,,0.0,0.0,,0.0,0.0,,0.0,0.0,,0.0,0.0,0.0,0.0,0.0,0.0,0.0,0.0,0.0,,0.0,0.0,,0,0,,0,0,,0.0,,0.0,,0.0,,0.0,,0.0,,0.0,,0.0,,0.0,,0.0,,0.0,,0.0,,0.0,,0.0,,0.0,,0.0,,0,0,,0,0,,0,0,,0,0,,0,0,,0,0,,0,0,,0,0,,0,0,,0,0,,0,0,0,,0.0,0.0,0.0,,0.0,0.0,0.0,,0.0,0.0,0.0,,0.0,0.0,0.0,,0,0,0,,,,,,,,,,,0.47,0.53,,,,,,,,,,,11.0,3.0,2.0,2.0,9.0,1.0,,,,,,,,,,,,,2.0,3.0,20.0,11.0,9.0,26.0,,,2.0,3.0,,,,,1.0,0.0,,,,,,,,,,,,,,,,,,,,,,,0.46,0.54,,,,,,,,,,,8.0,1.0,1.0,1.0,7.0,0.0,,,,,,,,,,,,,2.0,0.0,8.0,7.0,5.0,11.0,,,2.0,1.0,,,,,1.0,0.0,,,,,,,,,,,,,,,,,,,,,,,0.48,0.52,,,,,,,,,,,3.0,2.0,1.0,1.0,2.0,1.0,,,,,,,,,,,,,0.0,3.0,12.0,4.0,4.0,15.0,,,0.0,2.0,,,,,0.0,0.0,,,,,,,,,,,,
bTJuST2U,UZBEKISTAN,2021,UZBEKISTAN 1,UZBEKISTAN 1,19/06/2021,15:00,Round 10,OKMK,4bW7fppH,Metallurg Bekabad,ptMIc8Vo,False,2,0,,,,,,"[29, 32]",[],,0.0,0.0,0.0,,0.0,0.0,0.0,Betano.br,1.75,3.5,4.25,,0.0,0.0,,0.0,0.0,,0,0,,0,0,,0.0,0.0,,0,0,,0.0,0.0,Betano.br,1.25,3.2,Betano.br,1.75,1.85,Betano.br,2.72,1.34,,0.0,0.0,Betano.br,1.7,1.93,,0,0,,0,0,,0.0,0.0,0.0,,0.0,0.0,0.0,,0,0,0,,0.0,0.0,,0.0,0.0,,0.0,0.0,,0.0,0.0,0.0,0.0,0.0,0.0,0.0,0.0,0.0,,0.0,0.0,,0,0,,0,0,,0.0,,0.0,,0.0,,0.0,,0.0,,0.0,,0.0,,0.0,,0.0,,0.0,,0.0,,0.0,,0.0,,0.0,,0.0,,0,0,,0,0,,0,0,,0,0,,0,0,,0,0,,0,0,,0,0,,0,0,,0,0,,0,0,0,,0.0,0.0,0.0,,0.0,0.0,0.0,,0.0,0.0,0.0,,0.0,0.0,0.0,,0,0,0,,,,,,,,,,,0.46,0.54,,,,,,,,,,,10.0,7.0,5.0,2.0,5.0,5.0,,,,,,,,,,,,,2.0,10.0,17.0,16.0,15.0,34.0,,,3.0,1.0,,,,,2.0,3.0,,,,,,,,,,,,,,,,,,,,,,,0.52,0.48,,,,,,,,,,,5.0,5.0,2.0,2.0,3.0,3.0,,,,,,,,,,,,,2.0,4.0,9.0,7.0,7.0,12.0,,,,,,,,,2.0,0.0,,,,,,,,,,,,,,,,,,,,,,,0.4,0.6,,,,,,,,,,,5.0,2.0,3.0,0.0,2.0,2.0,,,,,,,,,,,,,0.0,6.0,8.0,9.0,8.0,22.0,,,3.0,1.0,,,,,0.0,3.0,,,,,,,,,,,,
OAmbpBIb,UZBEKISTAN,2021,UZBEKISTAN 1,UZBEKISTAN 1,20/06/2021,15:00,Round 10,Nasaf Qarshi,W0GrbSph,Andijan,K6dxHEG0,False,2,0,,,,,,"[22, 55]",[],,0.0,0.0,0.0,,0.0,0.0,0.0,Betano.br,1.26,5.1,10.0,,0.0,0.0,,0.0,0.0,,0,0,,0,0,,0.0,0.0,,0,0,,0.0,0.0,Betano.br,1.2,3.6,Betano.br,1.62,2.05,Betano.br,2.45,1.42,Betano.br,3.7,1.19,Betano.br,2.12,1.57,,0,0,,0,0,,0.0,0.0,0.0,,0.0,0.0,0.0,,0,0,0,,0.0,0.0,,0.0,0.0,,0.0,0.0,,0.0,0.0,0.0,0.0,0.0,0.0,0.0,0.0,0.0,,0.0,0.0,,0,0,,0,0,,0.0,,0.0,,0.0,,0.0,,0.0,,0.0,,0.0,,0.0,,0.0,,0.0,,0.0,,0.0,,0.0,,0.0,,0.0,,0,0,,0,0,,0,0,,0,0,,0,0,,0,0,,0,0,,0,0,,0,0,,0,0,,0,0,0,,0.0,0.0,0.0,,0.0,0.0,0.0,,0.0,0.0,0.0,,0.0,0.0,0.0,,0,0,0,,,,,,,,,,,0.56,0.44,,,,,,,,,,,10.0,10.0,3.0,4.0,7.0,6.0,,,,,,,,,,,,,2.0,7.0,17.0,15.0,30.0,10.0,,,0.0,3.0,1.0,0.0,,,4.0,1.0,,,,,,,,,,,,,,,,,,,,,,,0.55,0.45,,,,,,,,,,,7.0,3.0,2.0,0.0,5.0,3.0,,,,,,,,,,,,,1.0,1.0,8.0,10.0,14.0,5.0,,,,,1.0,0.0,,,0.0,1.0,,,,,,,,,,,,,,,,,,,,,,,0.57,0.43,,,,,,,,,,,3.0,7.0,1.0,4.0,2.0,3.0,,,,,,,,,,,,,1.0,6.0,9.0,5.0,16.0,5.0,,,0.0,3.0,,,,,4.0,0.0,,,,,,,,,,,,
KxLyT9mO,UZBEKISTAN,2021,UZBEKISTAN 1,UZBEKISTAN 1,19/06/2021,15:00,Round 10,Pakhtakor,nXW1x6nG,Sogdiana,tU64krNp,False,0,0,,,,,,[],[],,0.0,0.0,0.0,,0.0,0.0,0.0,Betano.br,1.34,4.65,7.7,,0.0,0.0,,0.0,0.0,,0,0,,0,0,,0.0,0.0,,0,0,,0.0,0.0,Betano.br,1.19,3.7,Betano.br,1.6,2.07,Betano.br,2.4,1.45,Betano.br,3.7,1.19,Betano.br,1.88,1.72,,0,0,,0,0,,0.0,0.0,0.0,,0.0,0.0,0.0,,0,0,0,,0.0,0.0,,0.0,0.0,,0.0,0.0,,0.0,0.0,0.0,0.0,0.0,0.0,0.0,0.0,0.0,,0.0,0.0,,0,0,,0,0,,0.0,,0.0,,0.0,,0.0,,0.0,,0.0,,0.0,,0.0,,0.0,,0.0,,0.0,,0.0,,0.0,,0.0,,0.0,,0,0,,0,0,,0,0,,0,0,,0,0,,0,0,,0,0,,0,0,,0,0,,0,0,,0,0,0,,0.0,0.0,0.0,,0.0,0.0,0.0,,0.0,0.0,0.0,,0.0,0.0,0.0,,0,0,0,,,,,,,,,,,0.6,0.4,,,,,,,,,,,3.0,6.0,0.0,2.0,3.0,4.0,,,,,,,,,,,,,4.0,1.0,18.0,18.0,29.0,25.0,,,3.0,4.0,,,,,2.0,0.0,,,,,,,,,,,,,,,,,,,,,,,0.6,0.4,,,,,,,,,,,1.0,3.0,0.0,1.0,1.0,2.0,,,,,,,,,,,,,1.0,1.0,9.0,7.0,13.0,14.0,,,3.0,3.0,,,,,1.0,0.0,,,,,,,,,,,,,,,,,,,,,,,0.6,0.4,,,,,,,,,,,2.0,3.0,0.0,1.0,2.0,2.0,,,,,,,,,,,,,3.0,0.0,9.0,11.0,16.0,11.0,,,0.0,1.0,,,,,1.0,0.0,,,,,,,,,,,,
lheomDYu,UZBEKISTAN,2021,UZBEKISTAN 1,UZBEKISTAN 1,19/06/2021,15:00,Round 10,Turon,nZLTSNfr,Bunyodkor,lI4EpIdE,False,0,3,,,,,,[],"[33, 39, 90]",,0.0,0.0,0.0,,0.0,0.0,0.0,Betano.br,3.75,3.35,1.91,,0.0,0.0,,0.0,0.0,,0,0,,0,0,,0.0,0.0,,0,0,,0.0,0.0,Betano.br,1.32,2.82,Betano.br,1.93,1.7,Betano.br,3.15,1.26,,0.0,0.0,Betano.br,1.8,1.8,,0,0,,0,0,,0.0,0.0,0.0,,0.0,0.0,0.0,,0,0,0,,0.0,0.0,,0.0,0.0,,0.0,0.0,,0.0,0.0,0.0,0.0,0.0,0.0,0.0,0.0,0.0,,0.0,0.0,,0,0,,0,0,,0.0,,0.0,,0.0,,0.0,,0.0,,0.0,,0.0,,0.0,,0.0,,0.0,,0.0,,0.0,,0.0,,0.0,,0.0,,0,0,,0,0,,0,0,,0,0,,0,0,,0,0,,0,0,,0,0,,0,0,,0,0,,0,0,0,,0.0,0.0,0.0,,0.0,0.0,0.0,,0.0,0.0,0.0,,0.0,0.0,0.0,,0,0,0,,,,,,,,,,,0.55,0.45,,,,,,,,,,,10.0,7.0,5.0,4.0,5.0,3.0,,,,,,,,,,,,,6.0,4.0,17.0,20.0,14.0,9.0,,,6.0,3.0,1.0,0.0,,,1.0,5.0,,,,,,,,,,,,,,,,,,,,,,,0.51,0.49,,,,,,,,,,,2.0,5.0,1.0,2.0,1.0,3.0,,,,,,,,,,,,,4.0,3.0,6.0,14.0,5.0,6.0,,,5.0,0.0,,,,,0.0,1.0,,,,,,,,,,,,,,,,,,,,,,,0.59,0.41,,,,,,,,,,,8.0,2.0,4.0,2.0,4.0,0.0,,,,,,,,,,,,,2.0,1.0,11.0,6.0,9.0,3.0,,,1.0,3.0,1.0,0.0,,,1.0,4.0,,,,,,,,,,,,
nRJqeaXQ,UZBEKISTAN,2021,UZBEKISTAN 1,UZBEKISTAN 1,22/06/2021,15:00,Round 6,OKMK,4bW7fppH,Qizilqum,rkVBg4aN,False,1,2,,,,,,[34],"[29, 36]",,0.0,0.0,0.0,,0.0,0.0,0.0,Betano.br,1.37,3.85,10.0,,0.0,0.0,,0.0,0.0,,0,0,,0,0,,0.0,0.0,,0,0,,0.0,0.0,Betano.br,1.44,2.42,Betano.br,2.27,1.5,Betano.br,3.9,1.17,,0.0,0.0,Betano.br,2.7,1.35,,0,0,,0,0,,0.0,0.0,0.0,,0.0,0.0,0.0,,0,0,0,,0.0,0.0,,0.0,0.0,,0.0,0.0,,0.0,0.0,0.0,0.0,0.0,0.0,0.0,0.0,0.0,,0.0,0.0,,0,0,,0,0,,0.0,,0.0,,0.0,,0.0,,0.0,,0.0,,0.0,,0.0,,0.0,,0.0,,0.0,,0.0,,0.0,,0.0,,0.0,,0,0,,0,0,,0,0,,0,0,,0,0,,0,0,,0,0,,0,0,,0,0,,0,0,,0,0,0,,0.0,0.0,0.0,,0.0,0.0,0.0,,0.0,0.0,0.0,,0.0,0.0,0.0,,0,0,0,,,,,,,,,,,0.53,0.47,,,,,,,,,,,9.0,7.0,2.0,4.0,7.0,3.0,,,,,,,,,,,,,6.0,1.0,21.0,13.0,30.0,30.0,,,1.0,2.0,1.0,0.0,,,2.0,1.0,,,,,,,,,,,,,,,,,,,,,,,0.5,0.5,,,,,,,,,,,4.0,5.0,2.0,3.0,2.0,2.0,,,,,,,,,,,,,3.0,0.0,9.0,7.0,12.0,20.0,,,1.0,0.0,,,,,1.0,1.0,,,,,,,,,,,,,,,,,,,,,,,0.56,0.44,,,,,,,,,,,5.0,2.0,0.0,1.0,5.0,1.0,,,,,,,,,,,,,3.0,1.0,12.0,6.0,18.0,10.0,,,0.0,2.0,1.0,0.0,,,1.0,0.0,,,,,,,,,,,,
08z8Zg4t,UZBEKISTAN,2021,UZBEKISTAN 1,UZBEKISTAN 1,18/05/2021,12:30,Round 9,Kokand 1912,6DWZyFY4,Sogdiana,tU64krNp,False,2,3,,,,,,"[1, 45]","[32, 35, 36]",,0.0,0.0,0.0,,0.0,0.0,0.0,Betano.br,2.67,2.95,2.65,,0.0,0.0,,0.0,0.0,,0,0,,0,0,,0.0,0.0,,0,0,,0.0,0.0,Betano.br,1.36,2.67,Betano.br,2.05,1.6,Betano.br,3.35,1.23,,0.0,0.0,,0.0,0.0,,0,0,,0,0,,0.0,0.0,0.0,,0.0,0.0,0.0,,0,0,0,,0.0,0.0,,0.0,0.0,,0.0,0.0,,0.0,0.0,0.0,0.0,0.0,0.0,0.0,0.0,0.0,,0.0,0.0,,0,0,,0,0,,0.0,,0.0,,0.0,,0.0,,0.0,,0.0,,0.0,,0.0,,0.0,,0.0,,0.0,,0.0,,0.0,,0.0,,0.0,,0,0,,0,0,,0,0,,0,0,,0,0,,0,0,,0,0,,0,0,,0,0,,0,0,,0,0,0,,0.0,0.0,0.0,,0.0,0.0,0.0,,0.0,0.0,0.0,,0.0,0.0,0.0,,0,0,0,,,,,,,,,,,0.5,0.5,,,,,,,,,,,10.0,14.0,7.0,9.0,3.0,5.0,,,,,,,,,,,,,4.0,2.0,13.0,16.0,30.0,21.0,,,2.0,5.0,,,,,6.0,5.0,,,,,,,,,,,,,,,,,,,,,,,0.59,0.41,,,,,,,,,,,4.0,8.0,4.0,6.0,0.0,2.0,,,,,,,,,,,,,4.0,1.0,6.0,4.0,16.0,14.0,,,1.0,1.0,,,,,3.0,2.0,,,,,,,,,,,,,,,,,,,,,,,0.42,0.58,,,,,,,,,,,6.0,6.0,3.0,3.0,3.0,3.0,,,,,,,,,,,,,0.0,1.0,7.0,12.0,14.0,7.0,,,1.0,4.0,,,,,3.0,3.0,,,,,,,,,,,,
SrfknXmn,UZBEKISTAN,2021,UZBEKISTAN 1,UZBEKISTAN 1,20/06/2021,15:00,Round 10,Lok. Tashkent,6NblEC0J,Kokand 1912,6DWZyFY4,False,0,1,,,,,,[],[44],,0.0,0.0,0.0,,0.0,0.0,0.0,Betano.br,1.62,3.6,5.2,,0.0,0.0,,0.0,0.0,,0,0,,0,0,,0.0,0.0,,0,0,,0.0,0.0,Betano.br,1.26,3.15,Betano.br,1.78,1.82,Betano.br,2.82,1.32,,0.0,0.0,Betano.br,1.78,1.82,,0,0,,0,0,,0.0,0.0,0.0,,0.0,0.0,0.0,,0,0,0,,0.0,0.0,,0.0,0.0,,0.0,0.0,,0.0,0.0,0.0,0.0,0.0,0.0,0.0,0.0,0.0,,0.0,0.0,,0,0,,0,0,,0.0,,0.0,,0.0,,0.0,,0.0,,0.0,,0.0,,0.0,,0.0,,0.0,,0.0,,0.0,,0.0,,0.0,,0.0,,0,0,,0,0,,0,0,,0,0,,0,0,,0,0,,0,0,,0,0,,0,0,,0,0,,0,0,0,,0.0,0.0,0.0,,0.0,0.0,0.0,,0.0,0.0,0.0,,0.0,0.0,0.0,,0,0,0,,,,,,,,,,,0.55,0.45,,,,,,,,,,,10.0,5.0,3.0,3.0,7.0,2.0,,,,,,,,,,,,,8.0,3.0,15.0,16.0,22.0,15.0,,,1.0,2.0,,,,,2.0,3.0,,,,,,,,,,,,,,,,,,,,,,,0.56,0.44,,,,,,,,,,,6.0,4.0,1.0,2.0,5.0,2.0,,,,,,,,,,,,,5.0,2.0,6.0,6.0,9.0,8.0,,,,,,,,,1.0,1.0,,,,,,,,,,,,,,,,,,,,,,,0.54,0.46,,,,,,,,,,,4.0,1.0,2.0,1.0,2.0,0.0,,,,,,,,,,,,,3.0,1.0,9.0,10.0,13.0,7.0,,,1.0,2.0,,,,,1.0,2.0,,,,,,,,,,,,
YLYFXXYh,UZBEKISTAN,2021,UZBEKISTAN 1,UZBEKISTAN 1,19/05/2021,12:30,Round 9,Mashal Muborak,6kNEblGu,OKMK,4bW7fppH,False,2,1,,,,,,"[4, 45]",[90],,0.0,0.0,0.0,,0.0,0.0,0.0,Betano.br,4.5,3.3,1.78,,0.0,0.0,,0.0,0.0,,0,0,,0,0,,0.0,0.0,,0,0,,0.0,0.0,Betano.br,1.34,2.75,Betano.br,2.0,1.65,Betano.br,3.3,1.24,,0.0,0.0,,0.0,0.0,,0,0,,0,0,,0.0,0.0,0.0,,0.0,0.0,0.0,,0,0,0,,0.0,0.0,,0.0,0.0,,0.0,0.0,,0.0,0.0,0.0,0.0,0.0,0.0,0.0,0.0,0.0,,0.0,0.0,,0,0,,0,0,,0.0,,0.0,,0.0,,0.0,,0.0,,0.0,,0.0,,0.0,,0.0,,0.0,,0.0,,0.0,,0.0,,0.0,,0.0,,0,0,,0,0,,0,0,,0,0,,0,0,,0,0,,0,0,,0,0,,0,0,,0,0,,0,0,0,,0.0,0.0,0.0,,0.0,0.0,0.0,,0.0,0.0,0.0,,0.0,0.0,0.0,,0,0,0,,,,,,,,,,,0.43,0.57,,,,,,,,,,,13.0,10.0,6.0,4.0,7.0,6.0,,,,,,,,,,,,,2.0,9.0,9.0,16.0,13.0,18.0,,,2.0,1.0,,,,,3.0,4.0,,,,,,,,,,,,,,,,,,,,,,,0.46,0.54,,,,,,,,,,,7.0,4.0,3.0,1.0,4.0,3.0,,,,,,,,,,,,,2.0,3.0,5.0,5.0,6.0,9.0,,,1.0,1.0,,,,,1.0,1.0,,,,,,,,,,,,,,,,,,,,,,,0.4,0.6,,,,,,,,,,,6.0,6.0,3.0,3.0,3.0,3.0,,,,,,,,,,,,,0.0,6.0,4.0,11.0,7.0,9.0,,,1.0,0.0,,,,,2.0,3.0,,,,,,,,,,,,
xEVWTkYH,UZBEKISTAN,2021,UZBEKISTAN 1,UZBEKISTAN 1,18/06/2021,15:00,Round 10,Qizilqum,rkVBg4aN,Termez Surkhon,nNSkKzpB,False,1,1,,,,,,"[12, 57]",[34],,0.0,0.0,0.0,,0.0,0.0,0.0,Betano.br,1.75,3.35,4.55,,0.0,0.0,,0.0,0.0,,0,0,,0,0,,0.0,0.0,,0,0,,0.0,0.0,Betano.br,1.4,2.55,Betano.br,2.15,1.55,Betano.br,3.65,1.2,,0.0,0.0,Betano.br,2.02,1.62,,0,0,,0,0,,0.0,0.0,0.0,,0.0,0.0,0.0,,0,0,0,,0.0,0.0,,0.0,0.0,,0.0,0.0,,0.0,0.0,0.0,0.0,0.0,0.0,0.0,0.0,0.0,,0.0,0.0,,0,0,,0,0,,0.0,,0.0,,0.0,,0.0,,0.0,,0.0,,0.0,,0.0,,0.0,,0.0,,0.0,,0.0,,0.0,,0.0,,0.0,,0,0,,0,0,,0,0,,0,0,,0,0,,0,0,,0,0,,0,0,,0,0,,0,0,,0,0,0,,0.0,0.0,0.0,,0.0,0.0,0.0,,0.0,0.0,0.0,,0.0,0.0,0.0,,0,0,0,,,,,,,,,,,0.58,0.42,,,,,,,,,,,12.0,7.0,7.0,2.0,5.0,5.0,,,,,,,,,,,,,10.0,4.0,20.0,12.0,20.0,20.0,,,1.0,1.0,,,,,1.0,6.0,,,,,,,,,,,,,,,,,,,,,,,0.54,0.46,,,,,,,,,,,7.0,2.0,3.0,1.0,4.0,1.0,,,,,,,,,,,,,4.0,2.0,7.0,8.0,10.0,10.0,,,,,,,,,0.0,3.0,,,,,,,,,,,,,,,,,,,,,,,0.62,0.38,,,,,,,,,,,5.0,5.0,4.0,1.0,1.0,4.0,,,,,,,,,,,,,6.0,2.0,13.0,4.0,10.0,10.0,,,1.0,1.0,,,,,1.0,3.0,,,,,,,,,,,,
fVZBYDJn,UZBEKISTAN,2021,UZBEKISTAN 1,UZBEKISTAN 1,18/05/2021,14:45,Round 9,Bunyodkor,lI4EpIdE,Navbahor Namangan,AiFncn0b,False,0,0,,,,,,[],[],,0.0,0.0,0.0,,0.0,0.0,0.0,Betano.br,1.9,3.5,3.6,,0.0,0.0,,0.0,0.0,,0,0,,0,0,,0.0,0.0,,0,0,,0.0,0.0,Betano.br,1.27,3.1,Betano.br,1.8,1.82,Betano.br,2.85,1.32,Betano.br,1.65,1.98,,0.0,0.0,,0,0,,0,0,,0.0,0.0,0.0,,0.0,0.0,0.0,,0,0,0,,0.0,0.0,,0.0,0.0,,0.0,0.0,,0.0,0.0,0.0,0.0,0.0,0.0,0.0,0.0,0.0,,0.0,0.0,,0,0,,0,0,,0.0,,0.0,,0.0,,0.0,,0.0,,0.0,,0.0,,0.0,,0.0,,0.0,,0.0,,0.0,,0.0,,0.0,,0.0,,0,0,,0,0,,0,0,,0,0,,0,0,,0,0,,0,0,,0,0,,0,0,,0,0,,0,0,0,,0.0,0.0,0.0,,0.0,0.0,0.0,,0.0,0.0,0.0,,0.0,0.0,0.0,,0,0,0,,,,,,,,,,,0.57,0.43,,,,,,,,,,,17.0,6.0,3.0,1.0,14.0,5.0,,,,,,,,,,,,,6.0,4.0,20.0,12.0,24.0,16.0,,,1.0,3.0,,,,,1.0,3.0,,,,,,,,,,,,,,,,,,,,,,,0.58,0.42,,,,,,,,,,,6.0,3.0,0.0,1.0,6.0,2.0,,,,,,,,,,,,,1.0,3.0,9.0,6.0,15.0,11.0,,,0.0,2.0,,,,,1.0,0.0,,,,,,,,,,,,,,,,,,,,,,,0.56,0.44,,,,,,,,,,,11.0,3.0,3.0,0.0,8.0,3.0,,,,,,,,,,,,,5.0,1.0,11.0,6.0,9.0,5.0,,,1.0,1.0,,,,,0.0,3.0,,,,,,,,,,,,
QFqtvzdP,UZBEKISTAN,2021,UZBEKISTAN 1,UZBEKISTAN 1,17/05/2021,12:00,Round 9,Andijan,K6dxHEG0,Lok. Tashkent,6NblEC0J,False,1,2,,,,,,[10],"[36, 86]",,0.0,0.0,0.0,,0.0,0.0,0.0,Betano.br,5.1,3.7,1.6,,0.0,0.0,,0.0,0.0,,0,0,,0,0,,0.0,0.0,,0,0,,0.0,0.0,Betano.br,1.28,3.05,Betano.br,1.83,1.78,Betano.br,2.92,1.3,,0.0,0.0,,0.0,0.0,,0,0,,0,0,,0.0,0.0,0.0,,0.0,0.0,0.0,,0,0,0,,0.0,0.0,,0.0,0.0,,0.0,0.0,,0.0,0.0,0.0,0.0,0.0,0.0,0.0,0.0,0.0,,0.0,0.0,,0,0,,0,0,,0.0,,0.0,,0.0,,0.0,,0.0,,0.0,,0.0,,0.0,,0.0,,0.0,,0.0,,0.0,,0.0,,0.0,,0.0,,0,0,,0,0,,0,0,,0,0,,0,0,,0,0,,0,0,,0,0,,0,0,,0,0,,0,0,0,,0.0,0.0,0.0,,0.0,0.0,0.0,,0.0,0.0,0.0,,0.0,0.0,0.0,,0,0,0,,,,,,,,,,,0.47,0.53,,,,,,,,,,,8.0,10.0,4.0,7.0,4.0,3.0,,,,,,,,,,,,,1.0,3.0,21.0,15.0,19.0,16.0,,,2.0,4.0,1.0,0.0,,,5.0,3.0,,,,,,,,,,,,,,,,,,,,,,,0.45,0.55,,,,,,,,,,,5.0,3.0,3.0,3.0,2.0,0.0,,,,,,,,,,,,,0.0,2.0,11.0,6.0,7.0,10.0,,,0.0,1.0,,,,,2.0,2.0,,,,,,,,,,,,,,,,,,,,,,,0.49,0.51,,,,,,,,,,,3.0,7.0,1.0,4.0,2.0,3.0,,,,,,,,,,,,,1.0,1.0,10.0,9.0,12.0,6.0,,,2.0,3.0,1.0,0.0,,,3.0,1.0,,,,,,,,,,,,
UmSOVB35,UZBEKISTAN,2021,UZBEKISTAN 1,UZBEKISTAN 1,19/05/2021,12:30,Round 9,Termez Surkhon,nNSkKzpB,Turon,nZLTSNfr,False,1,0,,,,,,[68],[],,0.0,0.0,0.0,,0.0,0.0,0.0,Betano.br,2.25,3.25,3.0,,0.0,0.0,,0.0,0.0,,0,0,,0,0,,0.0,0.0,,0,0,,0.0,0.0,Betano.br,1.3,2.95,Betano.br,1.87,1.75,Betano.br,3.0,1.29,,0.0,0.0,,0.0,0.0,,0,0,,0,0,,0.0,0.0,0.0,,0.0,0.0,0.0,,0,0,0,,0.0,0.0,,0.0,0.0,,0.0,0.0,,0.0,0.0,0.0,0.0,0.0,0.0,0.0,0.0,0.0,,0.0,0.0,,0,0,,0,0,,0.0,,0.0,,0.0,,0.0,,0.0,,0.0,,0.0,,0.0,,0.0,,0.0,,0.0,,0.0,,0.0,,0.0,,0.0,,0,0,,0,0,,0,0,,0,0,,0,0,,0,0,,0,0,,0,0,,0,0,,0,0,,0,0,0,,0.0,0.0,0.0,,0.0,0.0,0.0,,0.0,0.0,0.0,,0.0,0.0,0.0,,0,0,0,,,,,,,,,,,0.56,0.44,,,,,,,,,,,9.0,5.0,4.0,1.0,5.0,4.0,,,,,,,,,,,,,6.0,4.0,21.0,19.0,37.0,24.0,,,3.0,3.0,,,,,1.0,3.0,,,,,,,,,,,,,,,,,,,,,,,0.52,0.48,,,,,,,,,,,5.0,1.0,1.0,0.0,4.0,1.0,,,,,,,,,,,,,0.0,0.0,15.0,12.0,23.0,7.0,,,1.0,1.0,,,,,0.0,1.0,,,,,,,,,,,,,,,,,,,,,,,0.6,0.4,,,,,,,,,,,4.0,4.0,3.0,1.0,1.0,3.0,,,,,,,,,,,,,6.0,4.0,6.0,7.0,14.0,17.0,,,2.0,2.0,,,,,1.0,2.0,,,,,,,,,,,,
OA5cFjJO,UZBEKISTAN,2021,UZBEKISTAN 1,UZBEKISTAN 1,14/05/2021,13:55,Round 8,OKMK,4bW7fppH,Bunyodkor,lI4EpIdE,False,3,1,,,,,,"[58, 74, 77]",[38],,0.0,0.0,0.0,,0.0,0.0,0.0,Betano.br,2.1,3.25,3.25,,0.0,0.0,,0.0,0.0,,0,0,,0,0,,0.0,0.0,,0,0,,0.0,0.0,Betano.br,1.32,2.82,Betano.br,1.93,1.7,Betano.br,3.2,1.26,,0.0,0.0,,0.0,0.0,,0,0,,0,0,,0.0,0.0,0.0,,0.0,0.0,0.0,,0,0,0,,0.0,0.0,,0.0,0.0,,0.0,0.0,,0.0,0.0,0.0,0.0,0.0,0.0,0.0,0.0,0.0,,0.0,0.0,,0,0,,0,0,,0.0,,0.0,,0.0,,0.0,,0.0,,0.0,,0.0,,0.0,,0.0,,0.0,,0.0,,0.0,,0.0,,0.0,,0.0,,0,0,,0,0,,0,0,,0,0,,0,0,,0,0,,0,0,,0,0,,0,0,,0,0,,0,0,0,,0.0,0.0,0.0,,0.0,0.0,0.0,,0.0,0.0,0.0,,0.0,0.0,0.0,,0,0,0,,,,,,,,,,,0.42,0.58,,,,,,,,,,,6.0,7.0,4.0,3.0,2.0,4.0,,,,,,,,,,,,,3.0,5.0,16.0,17.0,21.0,24.0,,,3.0,4.0,1.0,0.0,,,2.0,1.0,,,,,,,,,,,,,,,,,,,,,,,0.48,0.52,,,,,,,,,,,1.0,4.0,0.0,1.0,1.0,3.0,,,,,,,,,,,,,1.0,2.0,8.0,9.0,15.0,12.0,,,0.0,3.0,1.0,0.0,,,0.0,0.0,,,,,,,,,,,,,,,,,,,,,,,0.36,0.64,,,,,,,,,,,5.0,3.0,4.0,2.0,1.0,1.0,,,,,,,,,,,,,2.0,3.0,8.0,8.0,6.0,12.0,,,3.0,1.0,,,,,2.0,1.0,,,,,,,,,,,,
tS9xKE4g,UZBEKISTAN,2021,UZBEKISTAN 1,UZBEKISTAN 1,11/05/2021,13:55,Round 8,Sogdiana,tU64krNp,Andijan,K6dxHEG0,False,4,1,,,,,,"[14, 44, 53, 90]",[90],,0.0,0.0,0.0,,0.0,0.0,0.0,Betano.br,1.53,3.75,5.8,,0.0,0.0,,0.0,0.0,,0,0,,0,0,,0.0,0.0,,0,0,,0.0,0.0,Betano.br,1.3,2.95,Betano.br,1.87,1.75,Betano.br,3.0,1.28,,0.0,0.0,,0.0,0.0,,0,0,,0,0,,0.0,0.0,0.0,,0.0,0.0,0.0,,0,0,0,,0.0,0.0,,0.0,0.0,,0.0,0.0,,0.0,0.0,0.0,0.0,0.0,0.0,0.0,0.0,0.0,,0.0,0.0,,0,0,,0,0,,0.0,,0.0,,0.0,,0.0,,0.0,,0.0,,0.0,,0.0,,0.0,,0.0,,0.0,,0.0,,0.0,,0.0,,0.0,,0,0,,0,0,,0,0,,0,0,,0,0,,0,0,,0,0,,0,0,,0,0,,0,0,,0,0,0,,0.0,0.0,0.0,,0.0,0.0,0.0,,0.0,0.0,0.0,,0.0,0.0,0.0,,0,0,0,,,,,,,,,,,0.55,0.45,,,,,,,,,,,15.0,9.0,7.0,4.0,8.0,5.0,,,,,,,,,,,,,2.0,4.0,15.0,24.0,23.0,19.0,,,1.0,3.0,,,,,3.0,3.0,,,,,,,,,,,,,,,,,,,,,,,0.61,0.39,,,,,,,,,,,8.0,2.0,4.0,1.0,4.0,1.0,,,,,,,,,,,,,1.0,1.0,7.0,8.0,15.0,12.0,,,0.0,2.0,,,,,1.0,2.0,,,,,,,,,,,,,,,,,,,,,,,0.49,0.51,,,,,,,,,,,7.0,7.0,3.0,3.0,4.0,4.0,,,,,,,,,,,,,1.0,3.0,8.0,16.0,8.0,7.0,,,1.0,1.0,,,,,2.0,1.0,,,,,,,,,,,,
pK6gGW3I,UZBEKISTAN,2021,UZBEKISTAN 1,UZBEKISTAN 1,13/05/2021,13:45,Round 8,Turon,nZLTSNfr,Qizilqum,rkVBg4aN,False,0,1,,,,,,[],[90],,0.0,0.0,0.0,,0.0,0.0,0.0,Betano.br,2.2,3.05,3.25,,0.0,0.0,,0.0,0.0,,0,0,,0,0,,0.0,0.0,,0,0,,0.0,0.0,Betano.br,1.42,2.47,Betano.br,2.22,1.52,Betano.br,3.75,1.19,,0.0,0.0,,0.0,0.0,,0,0,,0,0,,0.0,0.0,0.0,,0.0,0.0,0.0,,0,0,0,,0.0,0.0,,0.0,0.0,,0.0,0.0,,0.0,0.0,0.0,0.0,0.0,0.0,0.0,0.0,0.0,,0.0,0.0,,0,0,,0,0,,0.0,,0.0,,0.0,,0.0,,0.0,,0.0,,0.0,,0.0,,0.0,,0.0,,0.0,,0.0,,0.0,,0.0,,0.0,,0,0,,0,0,,0,0,,0,0,,0,0,,0,0,,0,0,,0,0,,0,0,,0,0,,0,0,0,,0.0,0.0,0.0,,0.0,0.0,0.0,,0.0,0.0,0.0,,0.0,0.0,0.0,,0,0,0,,,,,,,,,,,0.52,0.48,,,,,,,,,,,10.0,8.0,6.0,5.0,4.0,3.0,,,,,,,,,,,,,3.0,5.0,27.0,19.0,22.0,14.0,,,3.0,1.0,,,,,4.0,6.0,,,,,,,,,,,,,,,,,,,,,,,0.53,0.47,,,,,,,,,,,9.0,3.0,5.0,1.0,4.0,2.0,,,,,,,,,,,,,2.0,2.0,14.0,7.0,9.0,7.0,,,1.0,0.0,,,,,1.0,5.0,,,,,,,,,,,,,,,,,,,,,,,0.51,0.49,,,,,,,,,,,1.0,5.0,1.0,4.0,0.0,1.0,,,,,,,,,,,,,1.0,3.0,13.0,12.0,13.0,7.0,,,2.0,1.0,,,,,3.0,1.0,,,,,,,,,,,,
xf3oIhZ5,UZBEKISTAN,2021,UZBEKISTAN 1,UZBEKISTAN 1,12/05/2021,13:50,Round 8,Pakhtakor,nXW1x6nG,Kokand 1912,6DWZyFY4,False,3,0,,,,,,"[39, 45, 62]",[],,0.0,0.0,0.0,,0.0,0.0,0.0,Betano.br,1.21,5.4,13.0,,0.0,0.0,,0.0,0.0,,0,0,,0,0,,0.0,0.0,,0,0,,0.0,0.0,Betano.br,1.19,3.7,Betano.br,1.53,2.18,Betano.br,2.27,1.5,Betano.br,3.6,1.2,,0.0,0.0,,0,0,,0,0,,0.0,0.0,0.0,,0.0,0.0,0.0,,0,0,0,,0.0,0.0,,0.0,0.0,,0.0,0.0,,0.0,0.0,0.0,0.0,0.0,0.0,0.0,0.0,0.0,,0.0,0.0,,0,0,,0,0,,0.0,,0.0,,0.0,,0.0,,0.0,,0.0,,0.0,,0.0,,0.0,,0.0,,0.0,,0.0,,0.0,,0.0,,0.0,,0,0,,0,0,,0,0,,0,0,,0,0,,0,0,,0,0,,0,0,,0,0,,0,0,,0,0,0,,0.0,0.0,0.0,,0.0,0.0,0.0,,0.0,0.0,0.0,,0.0,0.0,0.0,,0,0,0,,,,,,,,,,,0.56,0.44,,,,,,,,,,,12.0,10.0,7.0,7.0,5.0,3.0,,,,,,,,,,,,,3.0,1.0,19.0,23.0,17.0,15.0,,,1.0,1.0,,,,,7.0,4.0,,,,,,,,,,,,,,,,,,,,,,,0.5,0.5,,,,,,,,,,,9.0,7.0,4.0,4.0,5.0,3.0,,,,,,,,,,,,,1.0,1.0,9.0,9.0,7.0,9.0,,,,,,,,,4.0,2.0,,,,,,,,,,,,,,,,,,,,,,,0.62,0.38,,,,,,,,,,,3.0,3.0,3.0,3.0,0.0,0.0,,,,,,,,,,,,,2.0,0.0,10.0,14.0,10.0,6.0,,,1.0,1.0,,,,,3.0,2.0,,,,,,,,,,,,
Gp2kHClC,UZBEKISTAN,2021,UZBEKISTAN 1,UZBEKISTAN 1,12/05/2021,13:40,Round 8,Navbahor Namangan,AiFncn0b,Termez Surkhon,nNSkKzpB,False,2,0,,,,,,"[56, 89]",[],,0.0,0.0,0.0,,0.0,0.0,0.0,Betano.br,1.47,3.85,6.6,,0.0,0.0,,0.0,0.0,,0,0,,0,0,,0.0,0.0,,0,0,,0.0,0.0,Betano.br,1.3,2.92,Betano.br,1.9,1.72,Betano.br,3.05,1.28,,0.0,0.0,,0.0,0.0,,0,0,,0,0,,0.0,0.0,0.0,,0.0,0.0,0.0,,0,0,0,,0.0,0.0,,0.0,0.0,,0.0,0.0,,0.0,0.0,0.0,0.0,0.0,0.0,0.0,0.0,0.0,,0.0,0.0,,0,0,,0,0,,0.0,,0.0,,0.0,,0.0,,0.0,,0.0,,0.0,,0.0,,0.0,,0.0,,0.0,,0.0,,0.0,,0.0,,0.0,,0,0,,0,0,,0,0,,0,0,,0,0,,0,0,,0,0,,0,0,,0,0,,0,0,,0,0,0,,0.0,0.0,0.0,,0.0,0.0,0.0,,0.0,0.0,0.0,,0.0,0.0,0.0,,0,0,0,,,,,,,,,,,0.56,0.44,,,,,,,,,,,12.0,3.0,7.0,1.0,5.0,2.0,,,,,,,,,,,,,8.0,4.0,23.0,19.0,22.0,27.0,,,4.0,2.0,,,,,1.0,5.0,,,,,,,,,,,,,,,,,,,,,,,0.53,0.47,,,,,,,,,,,6.0,0.0,3.0,0.0,3.0,0.0,,,,,,,,,,,,,4.0,2.0,9.0,9.0,14.0,16.0,,,2.0,0.0,,,,,0.0,3.0,,,,,,,,,,,,,,,,,,,,,,,0.59,0.41,,,,,,,,,,,6.0,3.0,4.0,1.0,2.0,2.0,,,,,,,,,,,,,4.0,2.0,14.0,10.0,8.0,11.0,,,2.0,2.0,,,,,1.0,2.0,,,,,,,,,,,,
rJG8w35E,UZBEKISTAN,2021,UZBEKISTAN 1,UZBEKISTAN 1,06/05/2021,12:00,Round 7,Termez Surkhon,nNSkKzpB,OKMK,4bW7fppH,False,0,1,,,,,,[],[45],,0.0,0.0,0.0,,0.0,0.0,0.0,,0.0,0.0,0.0,,0.0,0.0,,0.0,0.0,,0,0,,0,0,,0.0,0.0,,0,0,,0.0,0.0,,0.0,0.0,,0.0,0.0,,0.0,0.0,,0.0,0.0,,0.0,0.0,,0,0,,0,0,,0.0,0.0,0.0,,0.0,0.0,0.0,,0,0,0,,0.0,0.0,,0.0,0.0,,0.0,0.0,,0.0,0.0,0.0,0.0,0.0,0.0,0.0,0.0,0.0,,0.0,0.0,,0,0,,0,0,,0.0,,0.0,,0.0,,0.0,,0.0,,0.0,,0.0,,0.0,,0.0,,0.0,,0.0,,0.0,,0.0,,0.0,,0.0,,0,0,,0,0,,0,0,,0,0,,0,0,,0,0,,0,0,,0,0,,0,0,,0,0,,0,0,0,,0.0,0.0,0.0,,0.0,0.0,0.0,,0.0,0.0,0.0,,0.0,0.0,0.0,,0,0,0,,,,,,,,,,,0.45,0.55,,,,,,,,,,,6.0,7.0,4.0,2.0,2.0,5.0,,,,,,,,,,,,,2.0,7.0,19.0,16.0,26.0,29.0,,,2.0,3.0,,,,,1.0,4.0,,,,,,,,,,,,,,,,,,,,,,,0.42,0.58,,,,,,,,,,,4.0,5.0,3.0,2.0,1.0,3.0,,,,,,,,,,,,,1.0,3.0,11.0,7.0,11.0,20.0,,,0.0,1.0,,,,,1.0,3.0,,,,,,,,,,,,,,,,,,,,,,,0.48,0.52,,,,,,,,,,,2.0,2.0,1.0,0.0,1.0,2.0,,,,,,,,,,,,,1.0,4.0,8.0,9.0,15.0,9.0,,,2.0,2.0,,,,,0.0,1.0,,,,,,,,,,,,
xMPIGub1,UZBEKISTAN,2021,UZBEKISTAN 1,UZBEKISTAN 1,05/05/2021,12:00,Round 7,Andijan,K6dxHEG0,Kokand 1912,6DWZyFY4,False,1,2,,,,,,"[75, 87]","[3, 45]",,0.0,0.0,0.0,,0.0,0.0,0.0,Betano.br,3.65,3.05,2.05,,0.0,0.0,,0.0,0.0,,0,0,,0,0,,0.0,0.0,,0,0,,0.0,0.0,Betano.br,1.45,2.37,Betano.br,2.32,1.47,Betano.br,3.95,1.17,,0.0,0.0,,0.0,0.0,,0,0,,0,0,,0.0,0.0,0.0,,0.0,0.0,0.0,,0,0,0,,0.0,0.0,,0.0,0.0,,0.0,0.0,,0.0,0.0,0.0,0.0,0.0,0.0,0.0,0.0,0.0,,0.0,0.0,,0,0,,0,0,,0.0,,0.0,,0.0,,0.0,,0.0,,0.0,,0.0,,0.0,,0.0,,0.0,,0.0,,0.0,,0.0,,0.0,,0.0,,0,0,,0,0,,0,0,,0,0,,0,0,,0,0,,0,0,,0,0,,0,0,,0,0,,0,0,0,,0.0,0.0,0.0,,0.0,0.0,0.0,,0.0,0.0,0.0,,0.0,0.0,0.0,,0,0,0,,,,,,,,,,,0.48,0.52,,,,,,,,,,,14.0,5.0,7.0,4.0,7.0,1.0,,,,,,,,,,,,,7.0,4.0,15.0,14.0,22.0,22.0,,,3.0,6.0,,,,,2.0,6.0,,,,,,,,,,,,,,,,,,,,,,,0.54,0.46,,,,,,,,,,,6.0,4.0,3.0,3.0,3.0,1.0,,,,,,,,,,,,,5.0,3.0,9.0,6.0,10.0,14.0,,,1.0,2.0,,,,,1.0,3.0,,,,,,,,,,,,,,,,,,,,,,,0.42,0.58,,,,,,,,,,,8.0,1.0,4.0,1.0,4.0,0.0,,,,,,,,,,,,,2.0,1.0,6.0,8.0,12.0,8.0,,,2.0,4.0,,,,,1.0,3.0,,,,,,,,,,,,
EDLycL2E,UZBEKISTAN,2021,UZBEKISTAN 1,UZBEKISTAN 1,16/04/2021,13:05,Round 6,Navbahor Namangan,AiFncn0b,Turon,nZLTSNfr,False,0,0,,,,,,[],[],,0.0,0.0,0.0,,0.0,0.0,0.0,Betano.br,1.5,3.55,6.9,,0.0,0.0,,0.0,0.0,,0,0,,0,0,,0.0,0.0,,0,0,,0.0,0.0,Betano.br,1.39,2.55,Betano.br,2.15,1.55,Betano.br,3.6,1.2,,0.0,0.0,,0.0,0.0,,0,0,,0,0,,0.0,0.0,0.0,,0.0,0.0,0.0,,0,0,0,,0.0,0.0,,0.0,0.0,,0.0,0.0,,0.0,0.0,0.0,0.0,0.0,0.0,0.0,0.0,0.0,,0.0,0.0,,0,0,,0,0,,0.0,,0.0,,0.0,,0.0,,0.0,,0.0,,0.0,,0.0,,0.0,,0.0,,0.0,,0.0,,0.0,,0.0,,0.0,,0,0,,0,0,,0,0,,0,0,,0,0,,0,0,,0,0,,0,0,,0,0,,0,0,,0,0,0,,0.0,0.0,0.0,,0.0,0.0,0.0,,0.0,0.0,0.0,,0.0,0.0,0.0,,0,0,0,,,,,,,,,,,0.52,0.48,,,,,,,,,,,5.0,11.0,1.0,3.0,4.0,8.0,,,,,,,,,,,,,3.0,4.0,,,,,,,2.0,4.0,,,,,3.0,1.0,,,,,,,,,,,,,,,,,,,,,,,0.52,0.48,,,,,,,,,,,1.0,4.0,0.0,1.0,1.0,3.0,,,,,,,,,,,,,0.0,2.0,,,,,,,1.0,2.0,,,,,1.0,0.0,,,,,,,,,,,,,,,,,,,,,,,0.52,0.48,,,,,,,,,,,4.0,7.0,1.0,2.0,3.0,5.0,,,,,,,,,,,,,3.0,2.0,,,,,,,1.0,2.0,,,,,2.0,1.0,,,,,,,,,,,,
fVDtJYJa,UZBEKISTAN,2021,UZBEKISTAN 1,UZBEKISTAN 1,11/05/2021,13:50,Round 8,Lok. Tashkent,6NblEC0J,Metallurg Bekabad,ptMIc8Vo,False,1,3,,,,,,[39],"[18, 77, 80]",,0.0,0.0,0.0,,0.0,0.0,0.0,Betano.br,1.53,3.75,5.8,,0.0,0.0,,0.0,0.0,,0,0,,0,0,,0.0,0.0,,0,0,,0.0,0.0,Betano.br,1.32,2.82,Betano.br,1.93,1.7,Betano.br,3.2,1.26,,0.0,0.0,,0.0,0.0,,0,0,,0,0,,0.0,0.0,0.0,,0.0,0.0,0.0,,0,0,0,,0.0,0.0,,0.0,0.0,,0.0,0.0,,0.0,0.0,0.0,0.0,0.0,0.0,0.0,0.0,0.0,,0.0,0.0,,0,0,,0,0,,0.0,,0.0,,0.0,,0.0,,0.0,,0.0,,0.0,,0.0,,0.0,,0.0,,0.0,,0.0,,0.0,,0.0,,0.0,,0,0,,0,0,,0,0,,0,0,,0,0,,0,0,,0,0,,0,0,,0,0,,0,0,,0,0,0,,0.0,0.0,0.0,,0.0,0.0,0.0,,0.0,0.0,0.0,,0.0,0.0,0.0,,0,0,0,,,,,,,,,,,0.56,0.44,,,,,,,,,,,11.0,10.0,5.0,8.0,6.0,2.0,,,,,,,,,,,,,9.0,3.0,15.0,11.0,23.0,20.0,,,3.0,2.0,,,,,5.0,4.0,,,,,,,,,,,,,,,,,,,,,,,0.59,0.41,,,,,,,,,,,6.0,5.0,2.0,4.0,4.0,1.0,,,,,,,,,,,,,4.0,2.0,6.0,7.0,8.0,5.0,,,0.0,1.0,,,,,3.0,1.0,,,,,,,,,,,,,,,,,,,,,,,0.53,0.47,,,,,,,,,,,5.0,5.0,3.0,4.0,2.0,1.0,,,,,,,,,,,,,5.0,1.0,9.0,4.0,15.0,15.0,,,3.0,1.0,,,,,2.0,3.0,,,,,,,,,,,,
4SH4vqj8,UZBEKISTAN,2021,UZBEKISTAN 1,UZBEKISTAN 1,05/05/2021,12:00,Round 7,Mashal Muborak,6kNEblGu,Lok. Tashkent,6NblEC0J,False,1,4,,,,,,[86],"[11, 21, 35, 64, 83]",,0.0,0.0,0.0,,0.0,0.0,0.0,Betano.br,3.25,3.15,2.15,,0.0,0.0,,0.0,0.0,,0,0,,0,0,,0.0,0.0,,0,0,,0.0,0.0,Betano.br,1.38,2.6,Betano.br,2.1,1.57,Betano.br,3.5,1.21,,0.0,0.0,,0.0,0.0,,0,0,,0,0,,0.0,0.0,0.0,,0.0,0.0,0.0,,0,0,0,,0.0,0.0,,0.0,0.0,,0.0,0.0,,0.0,0.0,0.0,0.0,0.0,0.0,0.0,0.0,0.0,,0.0,0.0,,0,0,,0,0,,0.0,,0.0,,0.0,,0.0,,0.0,,0.0,,0.0,,0.0,,0.0,,0.0,,0.0,,0.0,,0.0,,0.0,,0.0,,0,0,,0,0,,0,0,,0,0,,0,0,,0,0,,0,0,,0,0,,0,0,,0,0,,0,0,0,,0.0,0.0,0.0,,0.0,0.0,0.0,,0.0,0.0,0.0,,0.0,0.0,0.0,,0,0,0,,,,,,,,,,,0.44,0.56,,,,,,,,,,,3.0,6.0,1.0,4.0,2.0,2.0,,,,,,,,,,,,,2.0,6.0,13.0,20.0,28.0,21.0,,,2.0,1.0,,,,,0.0,0.0,,,,,,,,,,,,,,,,,,,,,,,0.45,0.55,,,,,,,,,,,1.0,3.0,0.0,2.0,1.0,1.0,,,,,,,,,,,,,2.0,3.0,8.0,9.0,16.0,6.0,,,2.0,1.0,,,,,0.0,0.0,,,,,,,,,,,,,,,,,,,,,,,0.43,0.57,,,,,,,,,,,2.0,3.0,1.0,2.0,1.0,1.0,,,,,,,,,,,,,0.0,3.0,5.0,11.0,12.0,15.0,,,,,,,,,0.0,0.0,,,,,,,,,,,,
8EBULzzs,UZBEKISTAN,2021,UZBEKISTAN 1,UZBEKISTAN 1,06/05/2021,12:00,Round 7,Turon,nZLTSNfr,Pakhtakor,nXW1x6nG,False,1,1,,,,,,[48],[37],,0.0,0.0,0.0,,0.0,0.0,0.0,,0.0,0.0,0.0,,0.0,0.0,,0.0,0.0,,0,0,,0,0,,0.0,0.0,,0,0,,0.0,0.0,,0.0,0.0,,0.0,0.0,,0.0,0.0,,0.0,0.0,,0.0,0.0,,0,0,,0,0,,0.0,0.0,0.0,,0.0,0.0,0.0,,0,0,0,,0.0,0.0,,0.0,0.0,,0.0,0.0,,0.0,0.0,0.0,0.0,0.0,0.0,0.0,0.0,0.0,,0.0,0.0,,0,0,,0,0,,0.0,,0.0,,0.0,,0.0,,0.0,,0.0,,0.0,,0.0,,0.0,,0.0,,0.0,,0.0,,0.0,,0.0,,0.0,,0,0,,0,0,,0,0,,0,0,,0,0,,0,0,,0,0,,0,0,,0,0,,0,0,,0,0,0,,0.0,0.0,0.0,,0.0,0.0,0.0,,0.0,0.0,0.0,,0.0,0.0,0.0,,0,0,0,,,,,,,,,,,0.39,0.61,,,,,,,,,,,11.0,9.0,5.0,6.0,6.0,3.0,,,,,,,,,,,,,1.0,9.0,13.0,18.0,14.0,20.0,,,4.0,2.0,,,,,5.0,4.0,,,,,,,,,,,,,,,,,,,,,,,0.4,0.6,,,,,,,,,,,6.0,4.0,2.0,3.0,4.0,1.0,,,,,,,,,,,,,1.0,3.0,6.0,9.0,7.0,6.0,,,1.0,1.0,,,,,2.0,2.0,,,,,,,,,,,,,,,,,,,,,,,0.38,0.62,,,,,,,,,,,5.0,5.0,3.0,3.0,2.0,2.0,,,,,,,,,,,,,0.0,6.0,7.0,9.0,7.0,14.0,,,3.0,1.0,,,,,3.0,2.0,,,,,,,,,,,,
G6yAI1Tl,UZBEKISTAN,2021,UZBEKISTAN 1,UZBEKISTAN 1,04/05/2021,12:00,Round 7,Qizilqum,rkVBg4aN,Navbahor Namangan,AiFncn0b,False,1,1,,,,,,[9],[37],,0.0,0.0,0.0,,0.0,0.0,0.0,Betano.br,3.05,2.85,2.42,,0.0,0.0,,0.0,0.0,,0,0,,0,0,,0.0,0.0,,0,0,,0.0,0.0,Betano.br,1.52,2.22,Betano.br,2.47,1.42,Betano.br,4.3,1.14,,0.0,0.0,,0.0,0.0,,0,0,,0,0,,0.0,0.0,0.0,,0.0,0.0,0.0,,0,0,0,,0.0,0.0,,0.0,0.0,,0.0,0.0,,0.0,0.0,0.0,0.0,0.0,0.0,0.0,0.0,0.0,,0.0,0.0,,0,0,,0,0,,0.0,,0.0,,0.0,,0.0,,0.0,,0.0,,0.0,,0.0,,0.0,,0.0,,0.0,,0.0,,0.0,,0.0,,0.0,,0,0,,0,0,,0,0,,0,0,,0,0,,0,0,,0,0,,0,0,,0,0,,0,0,,0,0,0,,0.0,0.0,0.0,,0.0,0.0,0.0,,0.0,0.0,0.0,,0.0,0.0,0.0,,0,0,0,,,,,,,,,,,0.56,0.44,,,,,,,,,,,4.0,9.0,2.0,3.0,2.0,6.0,,,,,,,,,,,,,4.0,6.0,20.0,23.0,19.0,17.0,,,2.0,2.0,,,,,2.0,1.0,,,,,,,,,,,,,,,,,,,,,,,0.6,0.4,,,,,,,,,,,2.0,5.0,1.0,1.0,1.0,4.0,,,,,,,,,,,,,1.0,3.0,12.0,9.0,11.0,10.0,,,0.0,2.0,,,,,0.0,0.0,,,,,,,,,,,,,,,,,,,,,,,0.52,0.48,,,,,,,,,,,2.0,4.0,1.0,2.0,1.0,2.0,,,,,,,,,,,,,3.0,3.0,8.0,14.0,8.0,7.0,,,2.0,0.0,,,,,2.0,1.0,,,,,,,,,,,,
jPTMFaD7,UZBEKISTAN,2021,UZBEKISTAN 1,UZBEKISTAN 1,05/05/2021,14:00,Round 7,Metallurg Bekabad,ptMIc8Vo,Sogdiana,tU64krNp,False,0,2,,,,,,[],"[42, 86]",,0.0,0.0,0.0,,0.0,0.0,0.0,Betano.br,2.37,3.0,3.0,,0.0,0.0,,0.0,0.0,,0,0,,0,0,,0.0,0.0,,0,0,,0.0,0.0,Betano.br,1.4,2.55,Betano.br,2.15,1.55,Betano.br,3.6,1.2,,0.0,0.0,,0.0,0.0,,0,0,,0,0,,0.0,0.0,0.0,,0.0,0.0,0.0,,0,0,0,,0.0,0.0,,0.0,0.0,,0.0,0.0,,0.0,0.0,0.0,0.0,0.0,0.0,0.0,0.0,0.0,,0.0,0.0,,0,0,,0,0,,0.0,,0.0,,0.0,,0.0,,0.0,,0.0,,0.0,,0.0,,0.0,,0.0,,0.0,,0.0,,0.0,,0.0,,0.0,,0,0,,0,0,,0,0,,0,0,,0,0,,0,0,,0,0,,0,0,,0,0,,0,0,,0,0,0,,0.0,0.0,0.0,,0.0,0.0,0.0,,0.0,0.0,0.0,,0.0,0.0,0.0,,0,0,0,,,,,,,,,,,0.53,0.47,,,,,,,,,,,6.0,10.0,2.0,4.0,4.0,6.0,,,,,,,,,,,,,4.0,3.0,17.0,15.0,20.0,14.0,,,3.0,4.0,,,,,2.0,2.0,,,,,,,,,,,,,,,,,,,,,,,0.55,0.45,,,,,,,,,,,4.0,3.0,1.0,2.0,3.0,1.0,,,,,,,,,,,,,2.0,1.0,5.0,6.0,11.0,7.0,,,2.0,2.0,,,,,1.0,1.0,,,,,,,,,,,,,,,,,,,,,,,0.51,0.49,,,,,,,,,,,2.0,7.0,1.0,2.0,1.0,5.0,,,,,,,,,,,,,2.0,2.0,12.0,9.0,9.0,7.0,,,1.0,2.0,,,,,1.0,1.0,,,,,,,,,,,,
Clusyvte,UZBEKISTAN,2021,UZBEKISTAN 1,UZBEKISTAN 1,10/05/2021,13:40,Round 5,Turon,nZLTSNfr,OKMK,4bW7fppH,False,0,1,,,,,,[],[68],,0.0,0.0,0.0,,0.0,0.0,0.0,Betano.br,3.45,3.1,2.1,,0.0,0.0,,0.0,0.0,,0,0,,0,0,,0.0,0.0,,0,0,,0.0,0.0,Betano.br,1.37,2.65,Betano.br,2.07,1.6,Betano.br,3.4,1.22,,0.0,0.0,,0.0,0.0,,0,0,,0,0,,0.0,0.0,0.0,,0.0,0.0,0.0,,0,0,0,,0.0,0.0,,0.0,0.0,,0.0,0.0,,0.0,0.0,0.0,0.0,0.0,0.0,0.0,0.0,0.0,,0.0,0.0,,0,0,,0,0,,0.0,,0.0,,0.0,,0.0,,0.0,,0.0,,0.0,,0.0,,0.0,,0.0,,0.0,,0.0,,0.0,,0.0,,0.0,,0,0,,0,0,,0,0,,0,0,,0,0,,0,0,,0,0,,0,0,,0,0,,0,0,,0,0,0,,0.0,0.0,0.0,,0.0,0.0,0.0,,0.0,0.0,0.0,,0.0,0.0,0.0,,0,0,0,,,,,,,,,,,0.58,0.42,,,,,,,,,,,4.0,3.0,2.0,1.0,2.0,2.0,,,,,,,,,,,,,3.0,1.0,22.0,13.0,26.0,15.0,,,3.0,4.0,,,,,0.0,2.0,,,,,,,,,,,,,,,,,,,,,,,0.66,0.34,,,,,,,,,,,4.0,0.0,2.0,0.0,2.0,0.0,,,,,,,,,,,,,0.0,1.0,7.0,3.0,12.0,5.0,,,1.0,1.0,,,,,0.0,2.0,,,,,,,,,,,,,,,,,,,,,,,0.5,0.5,,,,,,,,,,,0.0,3.0,0.0,1.0,0.0,2.0,,,,,,,,,,,,,3.0,0.0,15.0,10.0,14.0,10.0,,,2.0,3.0,,,,,0.0,0.0,,,,,,,,,,,,
fczEHLre,UZBEKISTAN,2021,UZBEKISTAN 1,UZBEKISTAN 1,04/05/2021,14:00,Round 7,Bunyodkor,lI4EpIdE,Nasaf Qarshi,W0GrbSph,False,2,0,,,,,,"[5, 56]",[],,0.0,0.0,0.0,,0.0,0.0,0.0,Betano.br,2.3,3.2,2.92,,0.0,0.0,,0.0,0.0,,0,0,,0,0,,0.0,0.0,,0,0,,0.0,0.0,Betano.br,1.33,2.77,Betano.br,1.98,1.65,Betano.br,3.25,1.25,,0.0,0.0,,0.0,0.0,,0,0,,0,0,,0.0,0.0,0.0,,0.0,0.0,0.0,,0,0,0,,0.0,0.0,,0.0,0.0,,0.0,0.0,,0.0,0.0,0.0,0.0,0.0,0.0,0.0,0.0,0.0,,0.0,0.0,,0,0,,0,0,,0.0,,0.0,,0.0,,0.0,,0.0,,0.0,,0.0,,0.0,,0.0,,0.0,,0.0,,0.0,,0.0,,0.0,,0.0,,0,0,,0,0,,0,0,,0,0,,0,0,,0,0,,0,0,,0,0,,0,0,,0,0,,0,0,0,,0.0,0.0,0.0,,0.0,0.0,0.0,,0.0,0.0,0.0,,0.0,0.0,0.0,,0,0,0,,,,,,,,,,,0.53,0.47,,,,,,,,,,,10.0,9.0,7.0,1.0,3.0,8.0,,,,,,,,,,,,,5.0,3.0,11.0,14.0,16.0,24.0,,,3.0,0.0,,,,,1.0,5.0,,,,,,,,,,,,,,,,,,,,,,,0.59,0.41,,,,,,,,,,,4.0,7.0,2.0,1.0,2.0,6.0,,,,,,,,,,,,,3.0,0.0,6.0,9.0,8.0,11.0,,,1.0,0.0,,,,,1.0,1.0,,,,,,,,,,,,,,,,,,,,,,,0.48,0.52,,,,,,,,,,,6.0,2.0,5.0,0.0,1.0,2.0,,,,,,,,,,,,,2.0,3.0,5.0,5.0,8.0,13.0,,,2.0,0.0,,,,,0.0,4.0,,,,,,,,,,,,
8zLuduIK,UZBEKISTAN,2021,UZBEKISTAN 1,UZBEKISTAN 1,16/04/2021,13:15,Round 6,Lok. Tashkent,6NblEC0J,Bunyodkor,lI4EpIdE,False,2,1,,,,,,"[48, 68]",[77],,0.0,0.0,0.0,,0.0,0.0,0.0,Betano.br,2.12,3.15,3.3,,0.0,0.0,,0.0,0.0,,0,0,,0,0,,0.0,0.0,,0,0,,0.0,0.0,Betano.br,1.38,2.6,Betano.br,2.1,1.57,Betano.br,3.55,1.21,,0.0,0.0,,0.0,0.0,,0,0,,0,0,,0.0,0.0,0.0,,0.0,0.0,0.0,,0,0,0,,0.0,0.0,,0.0,0.0,,0.0,0.0,,0.0,0.0,0.0,0.0,0.0,0.0,0.0,0.0,0.0,,0.0,0.0,,0,0,,0,0,,0.0,,0.0,,0.0,,0.0,,0.0,,0.0,,0.0,,0.0,,0.0,,0.0,,0.0,,0.0,,0.0,,0.0,,0.0,,0,0,,0,0,,0,0,,0,0,,0,0,,0,0,,0,0,,0,0,,0,0,,0,0,,0,0,0,,0.0,0.0,0.0,,0.0,0.0,0.0,,0.0,0.0,0.0,,0.0,0.0,0.0,,0,0,0,,,,,,,,,,,0.47,0.53,,,,,,,,,,,9.0,8.0,5.0,3.0,4.0,5.0,,,,,,,,,,,,,4.0,10.0,,,,,,,2.0,0.0,,,,,2.0,3.0,,,,,,,,,,,,,,,,,,,,,,,0.52,0.48,,,,,,,,,,,5.0,2.0,3.0,0.0,2.0,2.0,,,,,,,,,,,,,2.0,3.0,,,,,,,1.0,0.0,,,,,0.0,3.0,,,,,,,,,,,,,,,,,,,,,,,0.42,0.58,,,,,,,,,,,4.0,6.0,2.0,3.0,2.0,3.0,,,,,,,,,,,,,2.0,7.0,,,,,,,1.0,0.0,,,,,2.0,0.0,,,,,,,,,,,,
KEvozbe1,UZBEKISTAN,2021,UZBEKISTAN 1,UZBEKISTAN 1,15/04/2021,11:15,Round 6,Kokand 1912,6DWZyFY4,Metallurg Bekabad,ptMIc8Vo,False,0,1,,,,,,[],[90],,0.0,0.0,0.0,,0.0,0.0,0.0,,0.0,0.0,0.0,,0.0,0.0,,0.0,0.0,,0,0,,0,0,,0.0,0.0,,0,0,,0.0,0.0,,0.0,0.0,,0.0,0.0,,0.0,0.0,,0.0,0.0,,0.0,0.0,,0,0,,0,0,,0.0,0.0,0.0,,0.0,0.0,0.0,,0,0,0,,0.0,0.0,,0.0,0.0,,0.0,0.0,,0.0,0.0,0.0,0.0,0.0,0.0,0.0,0.0,0.0,,0.0,0.0,,0,0,,0,0,,0.0,,0.0,,0.0,,0.0,,0.0,,0.0,,0.0,,0.0,,0.0,,0.0,,0.0,,0.0,,0.0,,0.0,,0.0,,0,0,,0,0,,0,0,,0,0,,0,0,,0,0,,0,0,,0,0,,0,0,,0,0,,0,0,0,,0.0,0.0,0.0,,0.0,0.0,0.0,,0.0,0.0,0.0,,0.0,0.0,0.0,,0,0,0,,,,,,,,,,,0.54,0.46,,,,,,,,,,,16.0,11.0,5.0,2.0,11.0,9.0,,,,,,,,,,,,,8.0,2.0,,,,,,,2.0,4.0,,,,,1.0,5.0,,,,,,,,,,,,,,,,,,,,,,,,,,,,,,,,,,,,,,,,,,,,,,,,,,,,,,,,,,,,,1.0,1.0,,,,,,,,,,,,,,,,,,,,,,,,,,,,,0.54,0.46,,,,,,,,,,,16.0,11.0,5.0,2.0,11.0,9.0,,,,,,,,,,,,,8.0,2.0,,,,,,,1.0,3.0,,,,,1.0,5.0,,,,,,,,,,,,
b5wkZHA7,UZBEKISTAN,2021,UZBEKISTAN 1,UZBEKISTAN 1,15/04/2021,13:20,Round 6,Nasaf Qarshi,W0GrbSph,Termez Surkhon,nNSkKzpB,False,6,0,,,,,,"[38, 49, 52, 61, 80, 87]",[],,0.0,0.0,0.0,,0.0,0.0,0.0,Betano.br,1.15,6.2,16.5,,0.0,0.0,,0.0,0.0,,0,0,,0,0,,0.0,0.0,,0,0,,0.0,0.0,Betano.br,1.19,3.75,Betano.br,1.57,2.12,Betano.br,2.32,1.47,Betano.br,3.75,1.19,,0.0,0.0,,0,0,,0,0,,0.0,0.0,0.0,,0.0,0.0,0.0,,0,0,0,,0.0,0.0,,0.0,0.0,,0.0,0.0,,0.0,0.0,0.0,0.0,0.0,0.0,0.0,0.0,0.0,,0.0,0.0,,0,0,,0,0,,0.0,,0.0,,0.0,,0.0,,0.0,,0.0,,0.0,,0.0,,0.0,,0.0,,0.0,,0.0,,0.0,,0.0,,0.0,,0,0,,0,0,,0,0,,0,0,,0,0,,0,0,,0,0,,0,0,,0,0,,0,0,,0,0,0,,0.0,0.0,0.0,,0.0,0.0,0.0,,0.0,0.0,0.0,,0.0,0.0,0.0,,0,0,0,,,,,,,,,,,0.59,0.41,,,,,,,,,,,18.0,5.0,10.0,0.0,8.0,5.0,,,,,,,,,,,,,7.0,1.0,,,,,,,,,,,,,0.0,5.0,,,,,,,,,,,,,,,,,,,,,,,,,,,,,,,,,,,,,,,,,,,,,,,,,,,,,,,,,,,,,,,,,,,,,,,,,,,,,,,,,,,,,,,,,,,0.59,0.41,,,,,,,,,,,18.0,5.0,10.0,0.0,8.0,5.0,,,,,,,,,,,,,7.0,1.0,,,,,,,,,,,,,0.0,5.0,,,,,,,,,,,,
0AHXc1m8,UZBEKISTAN,2021,UZBEKISTAN 1,UZBEKISTAN 1,15/04/2021,13:20,Round 6,Sogdiana,tU64krNp,Mashal Muborak,6kNEblGu,False,2,2,,,,,,"[19, 24]","[37, 90]",,0.0,0.0,0.0,,0.0,0.0,0.0,,0.0,0.0,0.0,,0.0,0.0,,0.0,0.0,,0,0,,0,0,,0.0,0.0,,0,0,,0.0,0.0,,0.0,0.0,,0.0,0.0,,0.0,0.0,,0.0,0.0,,0.0,0.0,,0,0,,0,0,,0.0,0.0,0.0,,0.0,0.0,0.0,,0,0,0,,0.0,0.0,,0.0,0.0,,0.0,0.0,,0.0,0.0,0.0,0.0,0.0,0.0,0.0,0.0,0.0,,0.0,0.0,,0,0,,0,0,,0.0,,0.0,,0.0,,0.0,,0.0,,0.0,,0.0,,0.0,,0.0,,0.0,,0.0,,0.0,,0.0,,0.0,,0.0,,0,0,,0,0,,0,0,,0,0,,0,0,,0,0,,0,0,,0,0,,0,0,,0,0,,0,0,0,,0.0,0.0,0.0,,0.0,0.0,0.0,,0.0,0.0,0.0,,0.0,0.0,0.0,,0,0,0,,,,,,,,,,,0.47,0.53,,,,,,,,,,,8.0,5.0,4.0,2.0,4.0,3.0,,,,,,,,,,,,,1.0,1.0,,,,,,,1.0,3.0,,,,,1.0,4.0,,,,,,,,,,,,,,,,,,,,,,,,,,,,,,,,,,,,,,,,,,,,,,,,,,,,,,,,,,,,,0.0,2.0,,,,,,,,,,,,,,,,,,,,,,,,,,,,,0.47,0.53,,,,,,,,,,,8.0,5.0,4.0,2.0,4.0,3.0,,,,,,,,,,,,,1.0,1.0,,,,,,,1.0,1.0,,,,,1.0,4.0,,,,,,,,,,,,
vcO4fStG,UZBEKISTAN,2021,UZBEKISTAN 1,UZBEKISTAN 1,09/04/2021,12:00,Round 5,Mashal Muborak,6kNEblGu,Kokand 1912,6DWZyFY4,False,0,2,,,,,,[],"[52, 78]",,0.0,0.0,0.0,,0.0,0.0,0.0,Betano.br,2.6,3.0,2.7,,0.0,0.0,,0.0,0.0,,0,0,,0,0,,0.0,0.0,,0,0,,0.0,0.0,Betano.br,1.44,2.4,Betano.br,2.27,1.5,Betano.br,3.9,1.17,,0.0,0.0,,0.0,0.0,,0,0,,0,0,,0.0,0.0,0.0,,0.0,0.0,0.0,,0,0,0,,0.0,0.0,,0.0,0.0,,0.0,0.0,,0.0,0.0,0.0,0.0,0.0,0.0,0.0,0.0,0.0,,0.0,0.0,,0,0,,0,0,,0.0,,0.0,,0.0,,0.0,,0.0,,0.0,,0.0,,0.0,,0.0,,0.0,,0.0,,0.0,,0.0,,0.0,,0.0,,0,0,,0,0,,0,0,,0,0,,0,0,,0,0,,0,0,,0,0,,0,0,,0,0,,0,0,0,,0.0,0.0,0.0,,0.0,0.0,0.0,,0.0,0.0,0.0,,0.0,0.0,0.0,,0,0,0,,,,,,,,,,,0.46,0.54,,,,,,,,,,,5.0,11.0,2.0,5.0,3.0,6.0,,,,,,,,,,,,,5.0,4.0,,,,,,,1.0,0.0,,,,,3.0,2.0,,,,,,,,,,,,,,,,,,,,,,,,,,,,,,,,,,,,,,,,,,,,,,,,,,,,,,,,,,,,,1.0,0.0,,,,,,,,,,,,,,,,,,,,,,,,,,,,,0.46,0.54,,,,,,,,,,,5.0,11.0,2.0,5.0,3.0,6.0,,,,,,,,,,,,,5.0,4.0,,,,,,,,,,,,,3.0,2.0,,,,,,,,,,,,
YctwxKQl,UZBEKISTAN,2021,UZBEKISTAN 1,UZBEKISTAN 1,10/04/2021,13:30,Round 5,Qizilqum,rkVBg4aN,Nasaf Qarshi,W0GrbSph,False,1,2,,,,,,[15],"[2, 82]",,0.0,0.0,0.0,,0.0,0.0,0.0,Betano.br,3.65,3.15,2.02,,0.0,0.0,,0.0,0.0,,0,0,,0,0,,0.0,0.0,,0,0,,0.0,0.0,Betano.br,1.42,2.45,Betano.br,2.25,1.5,Betano.br,3.8,1.18,,0.0,0.0,,0.0,0.0,,0,0,,0,0,,0.0,0.0,0.0,,0.0,0.0,0.0,,0,0,0,,0.0,0.0,,0.0,0.0,,0.0,0.0,,0.0,0.0,0.0,0.0,0.0,0.0,0.0,0.0,0.0,,0.0,0.0,,0,0,,0,0,,0.0,,0.0,,0.0,,0.0,,0.0,,0.0,,0.0,,0.0,,0.0,,0.0,,0.0,,0.0,,0.0,,0.0,,0.0,,0,0,,0,0,,0,0,,0,0,,0,0,,0,0,,0,0,,0,0,,0,0,,0,0,,0,0,0,,0.0,0.0,0.0,,0.0,0.0,0.0,,0.0,0.0,0.0,,0.0,0.0,0.0,,0,0,0,,,,,,,,,,,0.51,0.49,,,,,,,,,,,5.0,15.0,3.0,6.0,2.0,9.0,,,,,,,,,,,,,7.0,4.0,,,,,,,1.0,3.0,,,,,5.0,3.0,,,,,,,,,,,,,,,,,,,,,,,,,,,,,,,,,,,,,,,,,,,,,,,,,,,,,,,,,,,,,0.0,3.0,,,,,,,,,,,,,,,,,,,,,,,,,,,,,0.51,0.49,,,,,,,,,,,5.0,15.0,3.0,6.0,2.0,9.0,,,,,,,,,,,,,7.0,4.0,,,,,,,1.0,0.0,,,,,5.0,3.0,,,,,,,,,,,,
dEr6ZQ4j,UZBEKISTAN,2021,UZBEKISTAN 1,UZBEKISTAN 1,03/04/2021,11:15,Round 4,Lok. Tashkent,6NblEC0J,Qizilqum,rkVBg4aN,False,1,1,,,,,,[57],[36],,0.0,0.0,0.0,,0.0,0.0,0.0,,0.0,0.0,0.0,,0.0,0.0,,0.0,0.0,,0,0,,0,0,,0.0,0.0,,0,0,,0.0,0.0,,0.0,0.0,,0.0,0.0,,0.0,0.0,,0.0,0.0,,0.0,0.0,,0,0,,0,0,,0.0,0.0,0.0,,0.0,0.0,0.0,,0,0,0,,0.0,0.0,,0.0,0.0,,0.0,0.0,,0.0,0.0,0.0,0.0,0.0,0.0,0.0,0.0,0.0,,0.0,0.0,,0,0,,0,0,,0.0,,0.0,,0.0,,0.0,,0.0,,0.0,,0.0,,0.0,,0.0,,0.0,,0.0,,0.0,,0.0,,0.0,,0.0,,0,0,,0,0,,0,0,,0,0,,0,0,,0,0,,0,0,,0,0,,0,0,,0,0,,0,0,0,,0.0,0.0,0.0,,0.0,0.0,0.0,,0.0,0.0,0.0,,0.0,0.0,0.0,,0,0,0,,,,,,,,,,,0.6,0.4,,,,,,,,,,,12.0,2.0,6.0,2.0,6.0,0.0,,,,,,,,,,,,,3.0,0.0,,,,,,,2.0,2.0,,,,,2.0,5.0,,,,,,,,,,,,,,,,,,,,,,,,,,,,,,,,,,,,,,,,,,,,,,,,,,,,,,,,,,,,,0.0,1.0,,,,,,,,,,,,,,,,,,,,,,,,,,,,,0.6,0.4,,,,,,,,,,,12.0,2.0,6.0,2.0,6.0,0.0,,,,,,,,,,,,,3.0,0.0,,,,,,,2.0,1.0,,,,,2.0,5.0,,,,,,,,,,,,
pvu2z7kp,UZBEKISTAN,2021,UZBEKISTAN 1,UZBEKISTAN 1,02/04/2021,13:30,Round 4,OKMK,4bW7fppH,Navbahor Namangan,AiFncn0b,False,2,1,,,,,,"[26, 71]",[44],,0.0,0.0,0.0,,0.0,0.0,0.0,Betano.br,1.98,2.95,4.1,,0.0,0.0,,0.0,0.0,,0,0,,0,0,,0.0,0.0,,0,0,,0.0,0.0,Betano.br,1.47,2.35,Betano.br,2.32,1.47,Betano.br,4.0,1.16,,0.0,0.0,,0.0,0.0,,0,0,,0,0,,0.0,0.0,0.0,,0.0,0.0,0.0,,0,0,0,,0.0,0.0,,0.0,0.0,,0.0,0.0,,0.0,0.0,0.0,0.0,0.0,0.0,0.0,0.0,0.0,,0.0,0.0,,0,0,,0,0,,0.0,,0.0,,0.0,,0.0,,0.0,,0.0,,0.0,,0.0,,0.0,,0.0,,0.0,,0.0,,0.0,,0.0,,0.0,,0,0,,0,0,,0,0,,0,0,,0,0,,0,0,,0,0,,0,0,,0,0,,0,0,,0,0,0,,0.0,0.0,0.0,,0.0,0.0,0.0,,0.0,0.0,0.0,,0.0,0.0,0.0,,0,0,0,,,,,,,,,,,0.51,0.49,,,,,,,,,,,10.0,9.0,5.0,4.0,5.0,5.0,,,,,,,,,,,,,3.0,12.0,,,,,,,3.0,3.0,,,,,4.0,4.0,,,,,,,,,,,,,,,,,,,,,,,,,,,,,,,,,,,,,,,,,,,,,,,,,,,,,,,,,,,,,,,,,,,,,,,,,,,,,,,,,,,,,,,,,,,0.51,0.49,,,,,,,,,,,10.0,9.0,5.0,4.0,5.0,5.0,,,,,,,,,,,,,3.0,12.0,,,,,,,3.0,3.0,,,,,4.0,4.0,,,,,,,,,,,,
063VuTRM,UZBEKISTAN,2021,UZBEKISTAN 1,UZBEKISTAN 1,02/04/2021,13:30,Round 4,Pakhtakor,nXW1x6nG,Metallurg Bekabad,ptMIc8Vo,False,2,1,,,,,,"[23, 36]",[45],,0.0,0.0,0.0,,0.0,0.0,0.0,Betano.br,1.28,4.5,11.5,,0.0,0.0,,0.0,0.0,,0,0,,0,0,,0.0,0.0,,0,0,,0.0,0.0,Betano.br,1.34,2.77,Betano.br,1.98,1.65,Betano.br,3.25,1.24,,0.0,0.0,,0.0,0.0,,0,0,,0,0,,0.0,0.0,0.0,,0.0,0.0,0.0,,0,0,0,,0.0,0.0,,0.0,0.0,,0.0,0.0,,0.0,0.0,0.0,0.0,0.0,0.0,0.0,0.0,0.0,,0.0,0.0,,0,0,,0,0,,0.0,,0.0,,0.0,,0.0,,0.0,,0.0,,0.0,,0.0,,0.0,,0.0,,0.0,,0.0,,0.0,,0.0,,0.0,,0,0,,0,0,,0,0,,0,0,,0,0,,0,0,,0,0,,0,0,,0,0,,0,0,,0,0,0,,0.0,0.0,0.0,,0.0,0.0,0.0,,0.0,0.0,0.0,,0.0,0.0,0.0,,0,0,0,,,,,,,,,,,0.52,0.48,,,,,,,,,,,16.0,9.0,8.0,3.0,8.0,6.0,,,,,,,,,,,,,3.0,4.0,,,,,,,2.0,3.0,1.0,0.0,,,3.0,8.0,,,,,,,,,,,,,,,,,,,,,,,,,,,,,,,,,,,,,,,,,,,,,,,,,,,,,,,,,,,,,0.0,2.0,,,,,,,,,,,,,,,,,,,,,,,,,,,,,0.52,0.48,,,,,,,,,,,16.0,9.0,8.0,3.0,8.0,6.0,,,,,,,,,,,,,3.0,4.0,,,,,,,2.0,1.0,1.0,0.0,,,3.0,8.0,,,,,,,,,,,,
jZjYx0Br,UZBEKISTAN,2021,UZBEKISTAN 1,UZBEKISTAN 1,09/04/2021,11:15,Round 5,Termez Surkhon,nNSkKzpB,Lok. Tashkent,6NblEC0J,False,0,1,,,,,,[],[10],,0.0,0.0,0.0,,0.0,0.0,0.0,Betano.br,3.55,3.15,2.05,,0.0,0.0,,0.0,0.0,,0,0,,0,0,,0.0,0.0,,0,0,,0.0,0.0,Betano.br,1.4,2.52,Betano.br,2.15,1.55,Betano.br,3.65,1.2,,0.0,0.0,,0.0,0.0,,0,0,,0,0,,0.0,0.0,0.0,,0.0,0.0,0.0,,0,0,0,,0.0,0.0,,0.0,0.0,,0.0,0.0,,0.0,0.0,0.0,0.0,0.0,0.0,0.0,0.0,0.0,,0.0,0.0,,0,0,,0,0,,0.0,,0.0,,0.0,,0.0,,0.0,,0.0,,0.0,,0.0,,0.0,,0.0,,0.0,,0.0,,0.0,,0.0,,0.0,,0,0,,0,0,,0,0,,0,0,,0,0,,0,0,,0,0,,0,0,,0,0,,0,0,,0,0,0,,0.0,0.0,0.0,,0.0,0.0,0.0,,0.0,0.0,0.0,,0.0,0.0,0.0,,0,0,0,,,,,,,,,,,0.47,0.53,,,,,,,,,,,6.0,8.0,2.0,2.0,4.0,6.0,,,,,,,,,,,,,1.0,5.0,,,,,,,1.0,2.0,,,,,2.0,2.0,,,,,,,,,,,,,,,,,,,,,,,,,,,,,,,,,,,,,,,,,,,,,,,,,,,,,,,,,,,,,1.0,0.0,,,,,,,,,,,,,,,,,,,,,,,,,,,,,0.47,0.53,,,,,,,,,,,6.0,8.0,2.0,2.0,4.0,6.0,,,,,,,,,,,,,1.0,5.0,,,,,,,0.0,2.0,,,,,2.0,2.0,,,,,,,,,,,,
6qQddlC3,UZBEKISTAN,2021,UZBEKISTAN 1,UZBEKISTAN 1,08/04/2021,13:30,Round 5,Metallurg Bekabad,ptMIc8Vo,Andijan,K6dxHEG0,False,2,0,,,,,,"[66, 71]",[],,0.0,0.0,0.0,,0.0,0.0,0.0,Betfair,1.57,3.5,5.5,,0.0,0.0,,0.0,0.0,,0,0,,0,0,,0.0,0.0,,0,0,Betfair,1.05,8.0,Betfair,1.36,2.88,Betfair,2.25,1.57,Betfair,4.5,1.17,Betfair,9.0,1.03,Betfair,2.2,1.6,,0,0,,0,0,Betfair,1.11,1.25,2.25,,0.0,0.0,0.0,,0,0,0,Betfair,1.17,4.5,,0.0,0.0,,0.0,0.0,Betfair,2.5,14.0,61.0,4.2,4.5,11.0,23.0,15.0,10.0,Betfair,1.91,1.8,,0,0,,0,0,Betfair,7.0,Betfair,5.0,Betfair,11.0,Betfair,6.5,Betfair,6.0,Betfair,23.0,Betfair,7.0,Betfair,17.0,Betfair,17.0,Betfair,11.0,Betfair,76.0,Betfair,13.0,Betfair,67.0,Betfair,31.0,Betfair,76.0,,0,0,,0,0,,0,0,,0,0,,0,0,,0,0,,0,0,,0,0,,0,0,,0,0,,0,0,0,,0.0,0.0,0.0,,0.0,0.0,0.0,,0.0,0.0,0.0,,0.0,0.0,0.0,,0,0,0,,,,,,,,,,,0.55,0.45,,,,,,,,,,,9.0,6.0,4.0,2.0,5.0,4.0,,,,,,,,,,,,,5.0,6.0,,,,,,,1.0,2.0,1.0,0.0,,,2.0,2.0,,,,,,,,,,,,,,,,,,,,,,,,,,,,,,,,,,,,,,,,,,,,,,,,,,,,,,,,,,,,,0.0,1.0,,,,,,,,,,,,,,,,,,,,,,,,,,,,,0.55,0.45,,,,,,,,,,,9.0,6.0,4.0,2.0,5.0,4.0,,,,,,,,,,,,,5.0,6.0,,,,,,,1.0,1.0,1.0,0.0,,,2.0,2.0,,,,,,,,,,,,
AHWmbAsi,UZBEKISTAN,2021,UZBEKISTAN 1,UZBEKISTAN 1,03/04/2021,13:30,Round 4,Nasaf Qarshi,W0GrbSph,Turon,nZLTSNfr,False,4,0,,,,,,"[35, 51, 80, 86]",[],,0.0,0.0,0.0,,0.0,0.0,0.0,,0.0,0.0,0.0,,0.0,0.0,,0.0,0.0,,0,0,,0,0,,0.0,0.0,,0,0,,0.0,0.0,,0.0,0.0,,0.0,0.0,,0.0,0.0,,0.0,0.0,,0.0,0.0,,0,0,,0,0,,0.0,0.0,0.0,,0.0,0.0,0.0,,0,0,0,,0.0,0.0,,0.0,0.0,,0.0,0.0,,0.0,0.0,0.0,0.0,0.0,0.0,0.0,0.0,0.0,,0.0,0.0,,0,0,,0,0,,0.0,,0.0,,0.0,,0.0,,0.0,,0.0,,0.0,,0.0,,0.0,,0.0,,0.0,,0.0,,0.0,,0.0,,0.0,,0,0,,0,0,,0,0,,0,0,,0,0,,0,0,,0,0,,0,0,,0,0,,0,0,,0,0,0,,0.0,0.0,0.0,,0.0,0.0,0.0,,0.0,0.0,0.0,,0.0,0.0,0.0,,0,0,0,,,,,,,,,,,0.64,0.36,,,,,,,,,,,12.0,4.0,7.0,1.0,5.0,3.0,,,,,,,,,,,,,11.0,3.0,,,,,,,2.0,2.0,,,,,1.0,4.0,,,,,,,,,,,,,,,,,,,,,,,,,,,,,,,,,,,,,,,,,,,,,,,,,,,,,,,,,,,,,,,,,,,,,,,,,,,,,,,,,,,,,,,,,,,0.64,0.36,,,,,,,,,,,12.0,4.0,7.0,1.0,5.0,3.0,,,,,,,,,,,,,11.0,3.0,,,,,,,2.0,2.0,,,,,1.0,4.0,,,,,,,,,,,,
2i7ApiDi,UZBEKISTAN,2021,UZBEKISTAN 1,UZBEKISTAN 1,20/03/2021,13:30,Round 3,Bunyodkor,lI4EpIdE,Andijan,K6dxHEG0,False,3,1,,,,,,"[13, 62, 85]",[76],,0.0,0.0,0.0,,0.0,0.0,0.0,Betfair,1.36,3.9,7.5,,0.0,0.0,,0.0,0.0,,0,0,,0,0,,0.0,0.0,,0,0,Betfair,1.05,8.0,Betfair,1.33,3.0,Betfair,2.1,1.65,Betfair,4.0,1.2,Betfair,8.0,1.05,Betfair,2.25,1.57,,0,0,,0,0,,0.0,0.0,0.0,,0.0,0.0,0.0,,0,0,0,Betfair,1.08,6.5,,0.0,0.0,,0.0,0.0,Betfair,2.2,15.0,67.0,3.75,5.5,13.0,21.0,17.0,12.0,Betfair,1.85,1.85,,0,0,,0,0,Betfair,8.0,Betfair,5.0,Betfair,15.0,Betfair,7.0,Betfair,5.5,Betfair,36.0,Betfair,7.0,Betfair,19.0,Betfair,19.0,Betfair,8.5,Betfair,81.0,Betfair,11.0,Betfair,76.0,Betfair,31.0,Betfair,76.0,,0,0,,0,0,,0,0,,0,0,,0,0,,0,0,,0,0,,0,0,,0,0,,0,0,,0,0,0,,0.0,0.0,0.0,,0.0,0.0,0.0,,0.0,0.0,0.0,,0.0,0.0,0.0,,0,0,0,,,,,,,,,,,0.47,0.53,,,,,,,,,,,7.0,3.0,7.0,1.0,0.0,2.0,,,,,,,,,,,,,6.0,5.0,,,,,,,3.0,2.0,1.0,0.0,,,0.0,5.0,,,,,,,,,,,,,,,,,,,,,,,,,,,,,,,,,,,,,,,,,,,,,,,,,,,,,,,,,,,,,2.0,1.0,1.0,0.0,,,,,,,,,,,,,,,,,,,,,,,,,,,0.47,0.53,,,,,,,,,,,7.0,3.0,7.0,1.0,0.0,2.0,,,,,,,,,,,,,6.0,5.0,,,,,,,1.0,1.0,,,,,0.0,5.0,,,,,,,,,,,,
vc2ZvmsT,UZBEKISTAN,2021,UZBEKISTAN 1,UZBEKISTAN 1,02/04/2021,11:15,Round 4,Kokand 1912,6DWZyFY4,Bunyodkor,lI4EpIdE,False,0,0,,,,,,[],[],,0.0,0.0,0.0,,0.0,0.0,0.0,Betfair,2.5,2.75,2.8,,0.0,0.0,,0.0,0.0,,0,0,,0,0,,0.0,0.0,,0,0,Betfair,1.06,7.5,Betfair,1.36,2.88,Betfair,2.25,1.57,Betfair,4.5,1.17,Betfair,9.0,1.03,,0.0,0.0,,0,0,,0,0,Betfair,1.36,1.4,1.44,,0.0,0.0,0.0,,0,0,0,Betfair,1.75,1.95,,0.0,0.0,,0.0,0.0,Betfair,4.33,13.0,26.0,6.0,4.2,6.5,26.0,13.0,4.5,Betfair,1.95,1.75,,0,0,,0,0,Betfair,6.5,Betfair,6.5,Betfair,7.0,Betfair,5.5,Betfair,11.0,Betfair,11.0,Betfair,9.0,Betfair,9.0,Betfair,13.0,Betfair,23.0,Betfair,23.0,Betfair,19.0,Betfair,21.0,Betfair,31.0,Betfair,36.0,,0,0,,0,0,,0,0,,0,0,,0,0,,0,0,,0,0,,0,0,,0,0,,0,0,,0,0,0,,0.0,0.0,0.0,,0.0,0.0,0.0,,0.0,0.0,0.0,,0.0,0.0,0.0,,0,0,0,,,,,,,,,,,0.55,0.45,,,,,,,,,,,19.0,6.0,4.0,3.0,15.0,3.0,,,,,,,,,,,,,5.0,2.0,,,,,,,2.0,1.0,,,,,3.0,4.0,,,,,,,,,,,,,,,,,,,,,,,,,,,,,,,,,,,,,,,,,,,,,,,,,,,,,,,,,,,,,1.0,0.0,,,,,,,,,,,,,,,,,,,,,,,,,,,,,0.55,0.45,,,,,,,,,,,19.0,6.0,4.0,3.0,15.0,3.0,,,,,,,,,,,,,5.0,2.0,,,,,,,1.0,1.0,,,,,3.0,4.0,,,,,,,,,,,,
l8VicUdc,UZBEKISTAN,2021,UZBEKISTAN 1,UZBEKISTAN 1,08/04/2021,13:30,Round 5,Bunyodkor,lI4EpIdE,Sogdiana,tU64krNp,False,2,2,,,,,,"[42, 45]","[17, 44]",,0.0,0.0,0.0,,0.0,0.0,0.0,Betfair,1.7,3.3,4.75,,0.0,0.0,,0.0,0.0,,0,0,,0,0,,0.0,0.0,,0,0,Betfair,1.05,8.0,Betfair,1.33,3.0,Betfair,2.1,1.65,Betfair,4.0,1.2,Betfair,8.0,1.05,Betfair,2.0,1.73,,0,0,,0,0,Betfair,1.14,1.3,2.0,,0.0,0.0,0.0,,0,0,0,Betfair,1.25,3.6,,0.0,0.0,,0.0,0.0,Betfair,2.8,13.0,46.0,4.5,4.5,10.0,21.0,13.0,8.5,Betfair,1.91,1.8,,0,0,,0,0,Betfair,7.5,Betfair,5.5,Betfair,11.0,Betfair,6.0,Betfair,7.0,Betfair,21.0,Betfair,7.0,Betfair,13.0,Betfair,13.0,Betfair,12.0,Betfair,67.0,Betfair,13.0,Betfair,46.0,Betfair,26.0,Betfair,61.0,,0,0,,0,0,,0,0,,0,0,,0,0,,0,0,,0,0,,0,0,,0,0,,0,0,,0,0,0,,0.0,0.0,0.0,,0.0,0.0,0.0,,0.0,0.0,0.0,,0.0,0.0,0.0,,0,0,0,,,,,,,,,,,,,,,,,,,,,,,,,,,,,,,,,,,,,,,,,,,,,,,,,2.0,5.0,,,,,,,,,,,,,,,,,,,,,,,,,,,,,,,,,,,,,,,,,,,,,,,,,,,,,,,,,,,,,,,,,,,1.0,0.0,,,,,,,,,,,,,,,,,,,,,,,,,,,,,,,,,,,,,,,,,,,,,,,,,,,,,,,,,,,,,,,,,,,1.0,5.0,,,,,,,,,,,,,,,,,,
zV0Yxufo,UZBEKISTAN,2021,UZBEKISTAN 1,UZBEKISTAN 1,19/03/2021,13:30,Round 3,Navbahor Namangan,AiFncn0b,Nasaf Qarshi,W0GrbSph,False,0,0,,,,,,[],[],,0.0,0.0,0.0,,0.0,0.0,0.0,Betano.br,2.6,3.05,2.67,,0.0,0.0,,0.0,0.0,,0,0,,0,0,,0.0,0.0,,0,0,,0.0,0.0,Betano.br,1.47,2.35,Betano.br,2.35,1.47,Betano.br,4.0,1.16,,0.0,0.0,,0.0,0.0,,0,0,,0,0,,0.0,0.0,0.0,,0.0,0.0,0.0,,0,0,0,,0.0,0.0,,0.0,0.0,,0.0,0.0,,0.0,0.0,0.0,0.0,0.0,0.0,0.0,0.0,0.0,,0.0,0.0,,0,0,,0,0,,0.0,,0.0,,0.0,,0.0,,0.0,,0.0,,0.0,,0.0,,0.0,,0.0,,0.0,,0.0,,0.0,,0.0,,0.0,,0,0,,0,0,,0,0,,0,0,,0,0,,0,0,,0,0,,0,0,,0,0,,0,0,,0,0,0,,0.0,0.0,0.0,,0.0,0.0,0.0,,0.0,0.0,0.0,,0.0,0.0,0.0,,0,0,0,,,,,,,,,,,0.49,0.51,,,,,,,,,,,9.0,6.0,2.0,1.0,7.0,5.0,,,,,,,,,,,,,7.0,4.0,,,,,,,3.0,2.0,,,,,1.0,2.0,,,,,,,,,,,,,,,,,,,,,,,,,,,,,,,,,,,,,,,,,,,,,,,,,,,,,,,,,,,,,2.0,2.0,,,,,,,,,,,,,,,,,,,,,,,,,,,,,0.49,0.51,,,,,,,,,,,9.0,6.0,2.0,1.0,7.0,5.0,,,,,,,,,,,,,7.0,4.0,,,,,,,1.0,0.0,,,,,1.0,2.0,,,,,,,,,,,,
pzP0e8R9,UZBEKISTAN,2021,UZBEKISTAN 1,UZBEKISTAN 1,07/04/2021,13:30,Round 5,Navbahor Namangan,AiFncn0b,Pakhtakor,nXW1x6nG,False,1,2,,,,,,[71],"[40, 90]",,0.0,0.0,0.0,,0.0,0.0,0.0,Betano.br,5.9,3.85,1.52,,0.0,0.0,,0.0,0.0,,0,0,,0,0,,0.0,0.0,,0,0,,0.0,0.0,Betano.br,1.25,3.2,Betano.br,1.75,1.85,Betano.br,2.75,1.34,,0.0,0.0,,0.0,0.0,,0,0,,0,0,,0.0,0.0,0.0,,0.0,0.0,0.0,,0,0,0,,0.0,0.0,,0.0,0.0,,0.0,0.0,,0.0,0.0,0.0,0.0,0.0,0.0,0.0,0.0,0.0,,0.0,0.0,,0,0,,0,0,,0.0,,0.0,,0.0,,0.0,,0.0,,0.0,,0.0,,0.0,,0.0,,0.0,,0.0,,0.0,,0.0,,0.0,,0.0,,0,0,,0,0,,0,0,,0,0,,0,0,,0,0,,0,0,,0,0,,0,0,,0,0,,0,0,0,,0.0,0.0,0.0,,0.0,0.0,0.0,,0.0,0.0,0.0,,0.0,0.0,0.0,,0,0,0,,,,,,,,,,,0.41,0.59,,,,,,,,,,,13.0,6.0,3.0,2.0,10.0,4.0,,,,,,,,,,,,,6.0,3.0,,,,,,,3.0,4.0,,,,,1.0,2.0,,,,,,,,,,,,,,,,,,,,,,,,,,,,,,,,,,,,,,,,,,,,,,,,,,,,,,,,,,,,,1.0,1.0,,,,,,,,,,,,,,,,,,,,,,,,,,,,,0.41,0.59,,,,,,,,,,,13.0,6.0,3.0,2.0,10.0,4.0,,,,,,,,,,,,,6.0,3.0,,,,,,,2.0,3.0,,,,,1.0,2.0,,,,,,,,,,,,
ht0NskcA,UZBEKISTAN,2021,UZBEKISTAN 1,UZBEKISTAN 1,01/04/2021,11:15,Round 4,Andijan,K6dxHEG0,Mashal Muborak,6kNEblGu,False,1,1,,,,,,[35],[21],,0.0,0.0,0.0,,0.0,0.0,0.0,Betano.br,2.3,2.9,3.2,,0.0,0.0,,0.0,0.0,,0,0,,0,0,,0.0,0.0,,0,0,,0.0,0.0,Betano.br,1.44,2.4,Betano.br,2.27,1.5,Betano.br,3.85,1.18,,0.0,0.0,,0.0,0.0,,0,0,,0,0,,0.0,0.0,0.0,,0.0,0.0,0.0,,0,0,0,,0.0,0.0,,0.0,0.0,,0.0,0.0,,0.0,0.0,0.0,0.0,0.0,0.0,0.0,0.0,0.0,,0.0,0.0,,0,0,,0,0,,0.0,,0.0,,0.0,,0.0,,0.0,,0.0,,0.0,,0.0,,0.0,,0.0,,0.0,,0.0,,0.0,,0.0,,0.0,,0,0,,0,0,,0,0,,0,0,,0,0,,0,0,,0,0,,0,0,,0,0,,0,0,,0,0,0,,0.0,0.0,0.0,,0.0,0.0,0.0,,0.0,0.0,0.0,,0.0,0.0,0.0,,0,0,0,,,,,,,,,,,,,,,,,,,,,,,,,,,,,,,,,,,,,,,,,,,,,,,,,4.0,1.0,,,,,,,,,,,,,,,,,,,,,,,,,,,,,,,,,,,,,,,,,,,,,,,,,,,,,,,,,,,,,,,,,,,1.0,0.0,,,,,,,,,,,,,,,,,,,,,,,,,,,,,,,,,,,,,,,,,,,,,,,,,,,,,,,,,,,,,,,,,,,3.0,1.0,,,,,,,,,,,,,,,,,,
AHAIrVs4,UZBEKISTAN,2021,UZBEKISTAN 1,UZBEKISTAN 1,20/03/2021,12:00,Round 3,Mashal Muborak,6kNEblGu,Metallurg Bekabad,ptMIc8Vo,False,2,1,,,,,,"[29, 85]",[87],,0.0,0.0,0.0,,0.0,0.0,0.0,Betano.br,2.2,3.0,3.3,,0.0,0.0,,0.0,0.0,,0,0,,0,0,,0.0,0.0,,0,0,,0.0,0.0,Betano.br,1.45,2.37,Betano.br,2.32,1.47,Betano.br,3.9,1.17,,0.0,0.0,,0.0,0.0,,0,0,,0,0,,0.0,0.0,0.0,,0.0,0.0,0.0,,0,0,0,,0.0,0.0,,0.0,0.0,,0.0,0.0,,0.0,0.0,0.0,0.0,0.0,0.0,0.0,0.0,0.0,,0.0,0.0,,0,0,,0,0,,0.0,,0.0,,0.0,,0.0,,0.0,,0.0,,0.0,,0.0,,0.0,,0.0,,0.0,,0.0,,0.0,,0.0,,0.0,,0,0,,0,0,,0,0,,0,0,,0,0,,0,0,,0,0,,0,0,,0,0,,0,0,,0,0,0,,0.0,0.0,0.0,,0.0,0.0,0.0,,0.0,0.0,0.0,,0.0,0.0,0.0,,0,0,0,,,,,,,,,,,0.34,0.66,,,,,,,,,,,6.0,7.0,3.0,3.0,3.0,4.0,,,,,,,,,,,,,4.0,5.0,,,,,,,2.0,0.0,,,,,2.0,2.0,,,,,,,,,,,,,,,,,,,,,,,,,,,,,,,,,,,,,,,,,,,,,,,,,,,,,,,,,,,,,,,,,,,,,,,,,,,,,,,,,,,,,,,,,,,0.34,0.66,,,,,,,,,,,6.0,7.0,3.0,3.0,3.0,4.0,,,,,,,,,,,,,4.0,5.0,,,,,,,2.0,0.0,,,,,2.0,2.0,,,,,,,,,,,,
WWbRt9CG,UZBEKISTAN,2021,UZBEKISTAN 1,UZBEKISTAN 1,01/04/2021,13:30,Round 4,Sogdiana,tU64krNp,Termez Surkhon,nNSkKzpB,False,2,1,,,,,,"[59, 90]","[45, 88]",,0.0,0.0,0.0,,0.0,0.0,0.0,Betfair,1.57,3.5,5.0,,0.0,0.0,,0.0,0.0,,0,0,,0,0,,0.0,0.0,,0,0,Betfair,1.05,8.0,Betfair,1.33,3.0,Betfair,2.1,1.65,Betfair,4.0,1.2,Betfair,8.0,1.05,Betfair,2.0,1.73,,0,0,,0,0,Betfair,1.13,1.25,2.2,,0.0,0.0,0.0,,0,0,0,Betfair,1.2,4.0,,0.0,0.0,,0.0,0.0,Betfair,2.5,13.0,56.0,4.2,5.0,11.0,21.0,14.0,9.5,Betfair,1.91,1.8,,0,0,,0,0,Betfair,8.0,Betfair,5.0,Betfair,12.0,Betfair,6.5,Betfair,6.5,Betfair,23.0,Betfair,7.0,Betfair,15.0,Betfair,15.0,Betfair,11.0,Betfair,76.0,Betfair,12.0,Betfair,56.0,Betfair,26.0,Betfair,67.0,,0,0,,0,0,,0,0,,0,0,,0,0,,0,0,,0,0,,0,0,,0,0,,0,0,,0,0,0,,0.0,0.0,0.0,,0.0,0.0,0.0,,0.0,0.0,0.0,,0.0,0.0,0.0,,0,0,0,,,,,,,,,,,,,,,,,,,,,,,,,,,,,,,,,,,,,,,,,,,,,,,,,4.0,1.0,,,,,,,,,,,,,,,,,,,,,,,,,,,,,,,,,,,,,,,,,,,,,,,,,,,,,,,,,,,,,,,,,,,3.0,0.0,,,,,,,,,,,,,,,,,,,,,,,,,,,,,,,,,,,,,,,,,,,,,,,,,,,,,,,,,,,,,,,,,,,1.0,1.0,,,,,,,,,,,,,,,,,,
dE6EqBSc,UZBEKISTAN,2021,UZBEKISTAN 1,UZBEKISTAN 1,20/03/2021,11:15,Round 3,Termez Surkhon,nNSkKzpB,Kokand 1912,6DWZyFY4,False,1,1,,,,,,[77],[52],,0.0,0.0,0.0,,0.0,0.0,0.0,Betano.br,2.75,2.92,2.6,,0.0,0.0,,0.0,0.0,,0,0,,0,0,,0.0,0.0,,0,0,,0.0,0.0,Betano.br,1.5,2.27,Betano.br,2.42,1.44,Betano.br,4.2,1.15,,0.0,0.0,,0.0,0.0,,0,0,,0,0,,0.0,0.0,0.0,,0.0,0.0,0.0,,0,0,0,,0.0,0.0,,0.0,0.0,,0.0,0.0,,0.0,0.0,0.0,0.0,0.0,0.0,0.0,0.0,0.0,,0.0,0.0,,0,0,,0,0,,0.0,,0.0,,0.0,,0.0,,0.0,,0.0,,0.0,,0.0,,0.0,,0.0,,0.0,,0.0,,0.0,,0.0,,0.0,,0,0,,0,0,,0,0,,0,0,,0,0,,0,0,,0,0,,0,0,,0,0,,0,0,,0,0,0,,0.0,0.0,0.0,,0.0,0.0,0.0,,0.0,0.0,0.0,,0.0,0.0,0.0,,0,0,0,,,,,,,,,,,0.49,0.51,,,,,,,,,,,8.0,9.0,2.0,3.0,6.0,6.0,,,,,,,,,,,,,3.0,7.0,,,,,,,2.0,4.0,,,,,2.0,1.0,,,,,,,,,,,,,,,,,,,,,,,,,,,,,,,,,,,,,,,,,,,,,,,,,,,,,,,,,,,,,0.0,1.0,,,,,,,,,,,,,,,,,,,,,,,,,,,,,0.49,0.51,,,,,,,,,,,8.0,9.0,2.0,3.0,6.0,6.0,,,,,,,,,,,,,3.0,7.0,,,,,,,2.0,3.0,,,,,2.0,1.0,,,,,,,,,,,,
vaF2r1WN,UZBEKISTAN,2021,UZBEKISTAN 1,UZBEKISTAN 1,18/03/2021,11:15,Round 3,Turon,nZLTSNfr,Lok. Tashkent,6NblEC0J,False,2,2,,,,,,"[4, 11]","[16, 69]",,0.0,0.0,0.0,,0.0,0.0,0.0,Betano.br,3.0,3.15,2.27,,0.0,0.0,,0.0,0.0,,0,0,,0,0,,0.0,0.0,,0,0,,0.0,0.0,Betano.br,1.4,2.55,Betano.br,2.15,1.55,Betano.br,3.6,1.2,,0.0,0.0,,0.0,0.0,,0,0,,0,0,,0.0,0.0,0.0,,0.0,0.0,0.0,,0,0,0,,0.0,0.0,,0.0,0.0,,0.0,0.0,,0.0,0.0,0.0,0.0,0.0,0.0,0.0,0.0,0.0,,0.0,0.0,,0,0,,0,0,,0.0,,0.0,,0.0,,0.0,,0.0,,0.0,,0.0,,0.0,,0.0,,0.0,,0.0,,0.0,,0.0,,0.0,,0.0,,0,0,,0,0,,0,0,,0,0,,0,0,,0,0,,0,0,,0,0,,0,0,,0,0,,0,0,0,,0.0,0.0,0.0,,0.0,0.0,0.0,,0.0,0.0,0.0,,0.0,0.0,0.0,,0,0,0,,,,,,,,,,,0.36,0.64,,,,,,,,,,,9.0,8.0,4.0,2.0,5.0,6.0,,,,,,,,,,,,,5.0,4.0,,,,,,,4.0,2.0,1.0,0.0,,,1.0,4.0,,,,,,,,,,,,,,,,,,,,,,,,,,,,,,,,,,,,,,,,,,,,,,,,,,,,,,,,,,,,,1.0,0.0,,,,,,,,,,,,,,,,,,,,,,,,,,,,,0.36,0.64,,,,,,,,,,,9.0,8.0,4.0,2.0,5.0,6.0,,,,,,,,,,,,,5.0,4.0,,,,,,,3.0,2.0,1.0,0.0,,,1.0,4.0,,,,,,,,,,,,
dGJsmPHh,UZBEKISTAN,2021,UZBEKISTAN 1,UZBEKISTAN 1,14/03/2021,13:30,Round 2,Nasaf Qarshi,W0GrbSph,OKMK,4bW7fppH,False,1,1,,,,,,[7],[84],,0.0,0.0,0.0,,0.0,0.0,0.0,Betano.br,2.05,3.25,3.4,,0.0,0.0,,0.0,0.0,,0,0,,0,0,,0.0,0.0,,0,0,,0.0,0.0,Betano.br,1.29,2.95,Betano.br,1.87,1.75,Betano.br,3.0,1.29,,0.0,0.0,,0.0,0.0,,0,0,,0,0,,0.0,0.0,0.0,,0.0,0.0,0.0,,0,0,0,,0.0,0.0,,0.0,0.0,,0.0,0.0,,0.0,0.0,0.0,0.0,0.0,0.0,0.0,0.0,0.0,,0.0,0.0,,0,0,,0,0,,0.0,,0.0,,0.0,,0.0,,0.0,,0.0,,0.0,,0.0,,0.0,,0.0,,0.0,,0.0,,0.0,,0.0,,0.0,,0,0,,0,0,,0,0,,0,0,,0,0,,0,0,,0,0,,0,0,,0,0,,0,0,,0,0,0,,0.0,0.0,0.0,,0.0,0.0,0.0,,0.0,0.0,0.0,,0.0,0.0,0.0,,0,0,0,,,,,,,,,,,0.47,0.53,,,,,,,,,,,8.0,10.0,3.0,2.0,5.0,8.0,,,,,,,,,,,,,7.0,7.0,,,,,,,1.0,5.0,,,,,1.0,3.0,,,,,,,,,,,,,,,,,,,,,,,,,,,,,,,,,,,,,,,,,,,,,,,,,,,,,,,,,,,,,1.0,3.0,,,,,,,,,,,,,,,,,,,,,,,,,,,,,0.47,0.53,,,,,,,,,,,8.0,10.0,3.0,2.0,5.0,8.0,,,,,,,,,,,,,7.0,7.0,,,,,,,0.0,2.0,,,,,1.0,3.0,,,,,,,,,,,,
4tNko3n5,UZBEKISTAN,2021,UZBEKISTAN 1,UZBEKISTAN 1,15/03/2021,13:30,Round 2,Pakhtakor,nXW1x6nG,Mashal Muborak,6kNEblGu,False,3,0,,,,,,"[9, 36, 59]",[],,0.0,0.0,0.0,,0.0,0.0,0.0,Betano.br,1.17,6.2,13.5,,0.0,0.0,,0.0,0.0,,0,0,,0,0,,0.0,0.0,,0,0,,0.0,0.0,Betano.br,1.19,3.7,Betano.br,1.44,2.4,Betano.br,2.07,1.6,Betano.br,3.2,1.25,,0.0,0.0,,0,0,,0,0,,0.0,0.0,0.0,,0.0,0.0,0.0,,0,0,0,,0.0,0.0,,0.0,0.0,,0.0,0.0,,0.0,0.0,0.0,0.0,0.0,0.0,0.0,0.0,0.0,,0.0,0.0,,0,0,,0,0,,0.0,,0.0,,0.0,,0.0,,0.0,,0.0,,0.0,,0.0,,0.0,,0.0,,0.0,,0.0,,0.0,,0.0,,0.0,,0,0,,0,0,,0,0,,0,0,,0,0,,0,0,,0,0,,0,0,,0,0,,0,0,,0,0,0,,0.0,0.0,0.0,,0.0,0.0,0.0,,0.0,0.0,0.0,,0.0,0.0,0.0,,0,0,0,,,,,,,,,,,0.6,0.4,,,,,,,,,,,18.0,11.0,7.0,5.0,11.0,6.0,,,,,,,,,,,,,,,,,,,,,0.0,1.0,,,,,5.0,6.0,,,,,,,,,,,,,,,,,,,,,,,,,,,,,,,,,,,,,,,,,,,,,,,,,,,,,,,,,,,,,0.0,1.0,,,,,,,,,,,,,,,,,,,,,,,,,,,,,0.6,0.4,,,,,,,,,,,18.0,11.0,7.0,5.0,11.0,6.0,,,,,,,,,,,,,,,,,,,,,,,,,,,5.0,6.0,,,,,,,,,,,,
O086oXco,UZBEKISTAN,2021,UZBEKISTAN 1,UZBEKISTAN 1,19/03/2021,13:30,Round 3,Qizilqum,rkVBg4aN,Sogdiana,tU64krNp,False,1,1,,,,,,[72],[53],,0.0,0.0,0.0,,0.0,0.0,0.0,Betano.br,2.35,2.82,3.2,,0.0,0.0,,0.0,0.0,,0,0,,0,0,,0.0,0.0,,0,0,,0.0,0.0,Betano.br,1.53,2.2,Betano.br,2.5,1.4,Betano.br,4.35,1.14,,0.0,0.0,,0.0,0.0,,0,0,,0,0,,0.0,0.0,0.0,,0.0,0.0,0.0,,0,0,0,,0.0,0.0,,0.0,0.0,,0.0,0.0,,0.0,0.0,0.0,0.0,0.0,0.0,0.0,0.0,0.0,,0.0,0.0,,0,0,,0,0,,0.0,,0.0,,0.0,,0.0,,0.0,,0.0,,0.0,,0.0,,0.0,,0.0,,0.0,,0.0,,0.0,,0.0,,0.0,,0,0,,0,0,,0,0,,0,0,,0,0,,0,0,,0,0,,0,0,,0,0,,0,0,,0,0,0,,0.0,0.0,0.0,,0.0,0.0,0.0,,0.0,0.0,0.0,,0.0,0.0,0.0,,0,0,0,,,,,,,,,,,0.61,0.39,,,,,,,,,,,1.0,2.0,1.0,1.0,0.0,1.0,,,,,,,,,,,,,4.0,3.0,,,,,,,2.0,1.0,,,,,0.0,0.0,,,,,,,,,,,,,,,,,,,,,,,,,,,,,,,,,,,,,,,,,,,,,,,,,,,,,,,,,,,,,,,,,,,,,,,,,,,,,,,,,,,,,,,,,,,0.61,0.39,,,,,,,,,,,1.0,2.0,1.0,1.0,0.0,1.0,,,,,,,,,,,,,4.0,3.0,,,,,,,2.0,1.0,,,,,0.0,0.0,,,,,,,,,,,,
YLE6sLoU,UZBEKISTAN,2021,UZBEKISTAN 1,UZBEKISTAN 1,18/03/2021,13:30,Round 3,OKMK,4bW7fppH,Pakhtakor,nXW1x6nG,False,0,3,,,,,,[],"[27, 33, 90]",,0.0,0.0,0.0,,0.0,0.0,0.0,Betano.br,5.8,4.2,1.47,,0.0,0.0,,0.0,0.0,,0,0,,0,0,,0.0,0.0,,0,0,,0.0,0.0,Betano.br,1.2,3.65,Betano.br,1.6,2.07,Betano.br,2.42,1.44,,0.0,0.0,,0.0,0.0,,0,0,,0,0,,0.0,0.0,0.0,,0.0,0.0,0.0,,0,0,0,,0.0,0.0,,0.0,0.0,,0.0,0.0,,0.0,0.0,0.0,0.0,0.0,0.0,0.0,0.0,0.0,,0.0,0.0,,0,0,,0,0,,0.0,,0.0,,0.0,,0.0,,0.0,,0.0,,0.0,,0.0,,0.0,,0.0,,0.0,,0.0,,0.0,,0.0,,0.0,,0,0,,0,0,,0,0,,0,0,,0,0,,0,0,,0,0,,0,0,,0,0,,0,0,,0,0,0,,0.0,0.0,0.0,,0.0,0.0,0.0,,0.0,0.0,0.0,,0.0,0.0,0.0,,0,0,0,,,,,,,,,,,0.46,0.54,,,,,,,,,,,7.0,5.0,3.0,3.0,4.0,2.0,,,,,,,,,,,,,3.0,1.0,,,,,,,0.0,1.0,,,,,2.0,3.0,,,,,,,,,,,,,,,,,,,,,,,,,,,,,,,,,,,,,,,,,,,,,,,,,,,,,,,,,,,,,,,,,,,,,,,,,,,,,,,,,,,,,,,,,,,0.46,0.54,,,,,,,,,,,7.0,5.0,3.0,3.0,4.0,2.0,,,,,,,,,,,,,3.0,1.0,,,,,,,0.0,1.0,,,,,2.0,3.0,,,,,,,,,,,,
QeBbqsHH,UZBEKISTAN,2021,UZBEKISTAN 1,UZBEKISTAN 1,16/03/2021,11:15,Round 2,Andijan,K6dxHEG0,Termez Surkhon,nNSkKzpB,False,1,0,,,,,,[14],[],,0.0,0.0,0.0,,0.0,0.0,0.0,Betano.br,2.02,3.0,3.8,,0.0,0.0,,0.0,0.0,,0,0,,0,0,,0.0,0.0,,0,0,,0.0,0.0,Betano.br,1.45,2.4,Betano.br,2.27,1.5,Betano.br,3.85,1.17,,0.0,0.0,,0.0,0.0,,0,0,,0,0,,0.0,0.0,0.0,,0.0,0.0,0.0,,0,0,0,,0.0,0.0,,0.0,0.0,,0.0,0.0,,0.0,0.0,0.0,0.0,0.0,0.0,0.0,0.0,0.0,,0.0,0.0,,0,0,,0,0,,0.0,,0.0,,0.0,,0.0,,0.0,,0.0,,0.0,,0.0,,0.0,,0.0,,0.0,,0.0,,0.0,,0.0,,0.0,,0,0,,0,0,,0,0,,0,0,,0,0,,0,0,,0,0,,0,0,,0,0,,0,0,,0,0,0,,0.0,0.0,0.0,,0.0,0.0,0.0,,0.0,0.0,0.0,,0.0,0.0,0.0,,0,0,0,,,,,,,,,,,0.46,0.54,,,,,,,,,,,4.0,2.0,1.0,0.0,3.0,2.0,,,,,,,,,,,,,3.0,5.0,,,,,,,2.0,4.0,,,,,0.0,1.0,,,,,,,,,,,,,,,,,,,,,,,,,,,,,,,,,,,,,,,,,,,,,,,,,,,,,,,,,,,,,1.0,0.0,,,,,,,,,,,,,,,,,,,,,,,,,,,,,0.46,0.54,,,,,,,,,,,4.0,2.0,1.0,0.0,3.0,2.0,,,,,,,,,,,,,3.0,5.0,,,,,,,1.0,4.0,,,,,0.0,1.0,,,,,,,,,,,,
EiUxl52n,UZBEKISTAN,2021,UZBEKISTAN 1,UZBEKISTAN 1,14/03/2021,12:00,Round 2,Sogdiana,tU64krNp,Turon,nZLTSNfr,False,1,0,,,,,,[53],[],,0.0,0.0,0.0,,0.0,0.0,0.0,Betano.br,1.72,3.5,4.55,,0.0,0.0,,0.0,0.0,,0,0,,0,0,,0.0,0.0,,0,0,,0.0,0.0,Betano.br,1.37,2.65,Betano.br,2.07,1.6,Betano.br,3.45,1.22,,0.0,0.0,,0.0,0.0,,0,0,,0,0,,0.0,0.0,0.0,,0.0,0.0,0.0,,0,0,0,,0.0,0.0,,0.0,0.0,,0.0,0.0,,0.0,0.0,0.0,0.0,0.0,0.0,0.0,0.0,0.0,,0.0,0.0,,0,0,,0,0,,0.0,,0.0,,0.0,,0.0,,0.0,,0.0,,0.0,,0.0,,0.0,,0.0,,0.0,,0.0,,0.0,,0.0,,0.0,,0,0,,0,0,,0,0,,0,0,,0,0,,0,0,,0,0,,0,0,,0,0,,0,0,,0,0,0,,0.0,0.0,0.0,,0.0,0.0,0.0,,0.0,0.0,0.0,,0.0,0.0,0.0,,0,0,0,,,,,,,,,,,0.46,0.54,,,,,,,,,,,3.0,0.0,1.0,0.0,2.0,0.0,,,,,,,,,,,,,1.0,4.0,,,,,,,1.0,5.0,,,,,0.0,0.0,,,,,,,,,,,,,,,,,,,,,,,,,,,,,,,,,,,,,,,,,,,,,,,,,,,,,,,,,,,,,0.0,4.0,,,,,,,,,,,,,,,,,,,,,,,,,,,,,0.46,0.54,,,,,,,,,,,3.0,0.0,1.0,0.0,2.0,0.0,,,,,,,,,,,,,1.0,4.0,,,,,,,1.0,1.0,,,,,0.0,0.0,,,,,,,,,,,,
xU3zaK1K,UZBEKISTAN,2021,UZBEKISTAN 1,UZBEKISTAN 1,10/03/2021,13:30,Round 1,Bunyodkor,lI4EpIdE,Mashal Muborak,6kNEblGu,False,1,0,,,,,,[49],[],,0.0,0.0,0.0,,0.0,0.0,0.0,Betano.br,1.62,3.65,5.1,,0.0,0.0,,0.0,0.0,,0,0,,0,0,,0.0,0.0,,0,0,,0.0,0.0,Betano.br,1.27,3.1,Betano.br,1.8,1.82,Betano.br,2.82,1.32,,0.0,0.0,,0.0,0.0,,0,0,,0,0,,0.0,0.0,0.0,,0.0,0.0,0.0,,0,0,0,,0.0,0.0,,0.0,0.0,,0.0,0.0,,0.0,0.0,0.0,0.0,0.0,0.0,0.0,0.0,0.0,,0.0,0.0,,0,0,,0,0,,0.0,,0.0,,0.0,,0.0,,0.0,,0.0,,0.0,,0.0,,0.0,,0.0,,0.0,,0.0,,0.0,,0.0,,0.0,,0,0,,0,0,,0,0,,0,0,,0,0,,0,0,,0,0,,0,0,,0,0,,0,0,,0,0,0,,0.0,0.0,0.0,,0.0,0.0,0.0,,0.0,0.0,0.0,,0.0,0.0,0.0,,0,0,0,,,,,,,,,,,0.6,0.4,,,,,,,,,,,5.0,9.0,4.0,3.0,1.0,6.0,,,,,,,,,,,,,1.0,4.0,,,,,,,2.0,1.0,0.0,1.0,,,3.0,3.0,,,,,,,,,,,,,,,,,,,,,,,,,,,,,,,,,,,,,,,,,,,,,,,,,,,,,,,,,,,,,,,,,,,,,,,,,,,,,,,,,,,,,,,,,,,0.6,0.4,,,,,,,,,,,5.0,9.0,4.0,3.0,1.0,6.0,,,,,,,,,,,,,1.0,4.0,,,,,,,2.0,1.0,0.0,1.0,,,3.0,3.0,,,,,,,,,,,,
rXLgpN1B,UZBEKISTAN,2021,UZBEKISTAN 1,UZBEKISTAN 1,16/03/2021,13:30,Round 2,Metallurg Bekabad,ptMIc8Vo,Bunyodkor,lI4EpIdE,False,1,0,,,,,,"[5, 15]",[],,0.0,0.0,0.0,,0.0,0.0,0.0,Betano.br,3.0,3.1,2.3,,0.0,0.0,,0.0,0.0,,0,0,,0,0,,0.0,0.0,,0,0,,0.0,0.0,Betano.br,1.35,2.72,Betano.br,2.02,1.62,Betano.br,3.3,1.24,,0.0,0.0,,0.0,0.0,,0,0,,0,0,,0.0,0.0,0.0,,0.0,0.0,0.0,,0,0,0,,0.0,0.0,,0.0,0.0,,0.0,0.0,,0.0,0.0,0.0,0.0,0.0,0.0,0.0,0.0,0.0,,0.0,0.0,,0,0,,0,0,,0.0,,0.0,,0.0,,0.0,,0.0,,0.0,,0.0,,0.0,,0.0,,0.0,,0.0,,0.0,,0.0,,0.0,,0.0,,0,0,,0,0,,0,0,,0,0,,0,0,,0,0,,0,0,,0,0,,0,0,,0,0,,0,0,0,,0.0,0.0,0.0,,0.0,0.0,0.0,,0.0,0.0,0.0,,0.0,0.0,0.0,,0,0,0,,,,,,,,,,,0.32,0.68,,,,,,,,,,,9.0,8.0,5.0,2.0,4.0,6.0,,,,,,,,,,,,,5.0,3.0,,,,,,,4.0,0.0,,,,,2.0,5.0,,,,,,,,,,,,,,,,,,,,,,,,,,,,,,,,,,,,,,,,,,,,,,,,,,,,,,,,,,,,,2.0,0.0,,,,,,,,,,,,,,,,,,,,,,,,,,,,,0.32,0.68,,,,,,,,,,,9.0,8.0,5.0,2.0,4.0,6.0,,,,,,,,,,,,,5.0,3.0,,,,,,,2.0,0.0,,,,,2.0,5.0,,,,,,,,,,,,
WWCpxcf7,UZBEKISTAN,2021,UZBEKISTAN 1,UZBEKISTAN 1,10/03/2021,11:15,Round 1,Turon,nZLTSNfr,Kokand 1912,6DWZyFY4,False,1,2,,,,,,[50],"[39, 64]",,0.0,0.0,0.0,,0.0,0.0,0.0,Betano.br,3.05,2.65,2.6,,0.0,0.0,,0.0,0.0,,0,0,,0,0,,0.0,0.0,,0,0,,0.0,0.0,Betano.br,1.38,2.6,Betano.br,2.1,1.57,Betano.br,3.4,1.22,,0.0,0.0,,0.0,0.0,,0,0,,0,0,,0.0,0.0,0.0,,0.0,0.0,0.0,,0,0,0,,0.0,0.0,,0.0,0.0,,0.0,0.0,,0.0,0.0,0.0,0.0,0.0,0.0,0.0,0.0,0.0,,0.0,0.0,,0,0,,0,0,,0.0,,0.0,,0.0,,0.0,,0.0,,0.0,,0.0,,0.0,,0.0,,0.0,,0.0,,0.0,,0.0,,0.0,,0.0,,0,0,,0,0,,0,0,,0,0,,0,0,,0,0,,0,0,,0,0,,0,0,,0,0,,0,0,0,,0.0,0.0,0.0,,0.0,0.0,0.0,,0.0,0.0,0.0,,0.0,0.0,0.0,,0,0,0,,,,,,,,,,,0.47,0.53,,,,,,,,,,,6.0,10.0,3.0,5.0,3.0,5.0,,,,,,,,,,,,,2.0,6.0,,,,,,,1.0,1.0,,,,,4.0,2.0,,,,,,,,,,,,,,,,,,,,,,,,,,,,,,,,,,,,,,,,,,,,,,,,,,,,,,,,,,,,,1.0,1.0,,,,,,,,,,,,,,,,,,,,,,,,,,,,,0.47,0.53,,,,,,,,,,,6.0,10.0,3.0,5.0,3.0,5.0,,,,,,,,,,,,,2.0,6.0,,,,,,,,,,,,,4.0,2.0,,,,,,,,,,,,
z7IonqXb,UZBEKISTAN,2021,UZBEKISTAN 1,UZBEKISTAN 1,15/03/2021,11:15,Round 2,Kokand 1912,6DWZyFY4,Qizilqum,rkVBg4aN,False,0,0,,,,,,[],[],,0.0,0.0,0.0,,0.0,0.0,0.0,Betano.br,1.7,3.45,4.8,,0.0,0.0,,0.0,0.0,,0,0,,0,0,,0.0,0.0,,0,0,,0.0,0.0,Betano.br,1.32,2.85,Betano.br,1.93,1.7,Betano.br,3.1,1.27,,0.0,0.0,,0.0,0.0,,0,0,,0,0,,0.0,0.0,0.0,,0.0,0.0,0.0,,0,0,0,,0.0,0.0,,0.0,0.0,,0.0,0.0,,0.0,0.0,0.0,0.0,0.0,0.0,0.0,0.0,0.0,,0.0,0.0,,0,0,,0,0,,0.0,,0.0,,0.0,,0.0,,0.0,,0.0,,0.0,,0.0,,0.0,,0.0,,0.0,,0.0,,0.0,,0.0,,0.0,,0,0,,0,0,,0,0,,0,0,,0,0,,0,0,,0,0,,0,0,,0,0,,0,0,,0,0,0,,0.0,0.0,0.0,,0.0,0.0,0.0,,0.0,0.0,0.0,,0.0,0.0,0.0,,0,0,0,,,,,,,,,,,0.46,0.54,,,,,,,,,,,10.0,7.0,3.0,2.0,7.0,5.0,,,,,,,,,,,,,5.0,2.0,,,,,,,1.0,2.0,,,,,2.0,3.0,,,,,,,,,,,,,,,,,,,,,,,,,,,,,,,,,,,,,,,,,,,,,,,,,,,,,,,,,,,,,0.0,1.0,,,,,,,,,,,,,,,,,,,,,,,,,,,,,0.46,0.54,,,,,,,,,,,10.0,7.0,3.0,2.0,7.0,5.0,,,,,,,,,,,,,5.0,2.0,,,,,,,1.0,1.0,,,,,2.0,3.0,,,,,,,,,,,,
trKXvaAl,UZBEKISTAN,2021,UZBEKISTAN 1,UZBEKISTAN 1,10/03/2021,13:30,Round 1,Nasaf Qarshi,W0GrbSph,Pakhtakor,nXW1x6nG,False,2,3,,,,,,"[35, 61]","[72, 81, 87]",,0.0,0.0,0.0,,0.0,0.0,0.0,Betano.br,3.5,3.15,2.05,,0.0,0.0,,0.0,0.0,,0,0,,0,0,,0.0,0.0,,0,0,,0.0,0.0,Betano.br,1.35,2.72,Betano.br,2.02,1.62,Betano.br,3.3,1.24,,0.0,0.0,,0.0,0.0,,0,0,,0,0,,0.0,0.0,0.0,,0.0,0.0,0.0,,0,0,0,,0.0,0.0,,0.0,0.0,,0.0,0.0,,0.0,0.0,0.0,0.0,0.0,0.0,0.0,0.0,0.0,,0.0,0.0,,0,0,,0,0,,0.0,,0.0,,0.0,,0.0,,0.0,,0.0,,0.0,,0.0,,0.0,,0.0,,0.0,,0.0,,0.0,,0.0,,0.0,,0,0,,0,0,,0,0,,0,0,,0,0,,0,0,,0,0,,0,0,,0,0,,0,0,,0,0,0,,0.0,0.0,0.0,,0.0,0.0,0.0,,0.0,0.0,0.0,,0.0,0.0,0.0,,0,0,0,,,,,,,,,,,0.48,0.52,,,,,,,,,,,11.0,5.0,8.0,5.0,3.0,0.0,,,,,,,,,,,,,8.0,7.0,,,,,,,2.0,3.0,,,,,2.0,7.0,,,,,,,,,,,,,,,,,,,,,,,,,,,,,,,,,,,,,,,,,,,,,,,,,,,,,,,,,,,,,0.0,2.0,,,,,,,,,,,,,,,,,,,,,,,,,,,,,0.48,0.52,,,,,,,,,,,11.0,5.0,8.0,5.0,3.0,0.0,,,,,,,,,,,,,8.0,7.0,,,,,,,2.0,1.0,,,,,2.0,7.0,,,,,,,,,,,,
pzHlyH9D,UZBEKISTAN,2021,UZBEKISTAN 1,UZBEKISTAN 1,11/03/2021,13:30,Round 1,Qizilqum,rkVBg4aN,Andijan,K6dxHEG0,False,1,0,,,,,,[31],[],,0.0,0.0,0.0,,0.0,0.0,0.0,Betano.br,1.91,3.3,3.8,,0.0,0.0,,0.0,0.0,,0,0,,0,0,,0.0,0.0,,0,0,,0.0,0.0,Betano.br,1.32,2.85,Betano.br,1.93,1.7,Betano.br,3.15,1.26,,0.0,0.0,,0.0,0.0,,0,0,,0,0,,0.0,0.0,0.0,,0.0,0.0,0.0,,0,0,0,,0.0,0.0,,0.0,0.0,,0.0,0.0,,0.0,0.0,0.0,0.0,0.0,0.0,0.0,0.0,0.0,,0.0,0.0,,0,0,,0,0,,0.0,,0.0,,0.0,,0.0,,0.0,,0.0,,0.0,,0.0,,0.0,,0.0,,0.0,,0.0,,0.0,,0.0,,0.0,,0,0,,0,0,,0,0,,0,0,,0,0,,0,0,,0,0,,0,0,,0,0,,0,0,,0,0,0,,0.0,0.0,0.0,,0.0,0.0,0.0,,0.0,0.0,0.0,,0.0,0.0,0.0,,0,0,0,,,,,,,,,,,0.42,0.58,,,,,,,,,,,4.0,2.0,2.0,1.0,2.0,1.0,,,,,,,,,,,,,3.0,1.0,,,,,,,2.0,1.0,,,,,1.0,2.0,,,,,,,,,,,,,,,,,,,,,,,,,,,,,,,,,,,,,,,,,,,,,,,,,,,,,,,,,,,,,2.0,0.0,,,,,,,,,,,,,,,,,,,,,,,,,,,,,0.42,0.58,,,,,,,,,,,4.0,2.0,2.0,1.0,2.0,1.0,,,,,,,,,,,,,3.0,1.0,,,,,,,0.0,1.0,,,,,1.0,2.0,,,,,,,,,,,,
l8Nuwwu1,UZBEKISTAN,2021,UZBEKISTAN 1,UZBEKISTAN 1,09/03/2021,13:30,Round 1,Navbahor Namangan,AiFncn0b,Sogdiana,tU64krNp,False,0,1,,,,,,[],[35],,0.0,0.0,0.0,,0.0,0.0,0.0,Betano.br,1.72,3.35,4.8,,0.0,0.0,,0.0,0.0,,0,0,,0,0,,0.0,0.0,,0,0,,0.0,0.0,Betano.br,1.35,2.72,Betano.br,2.02,1.62,Betano.br,3.3,1.24,,0.0,0.0,,0.0,0.0,,0,0,,0,0,,0.0,0.0,0.0,,0.0,0.0,0.0,,0,0,0,,0.0,0.0,,0.0,0.0,,0.0,0.0,,0.0,0.0,0.0,0.0,0.0,0.0,0.0,0.0,0.0,,0.0,0.0,,0,0,,0,0,,0.0,,0.0,,0.0,,0.0,,0.0,,0.0,,0.0,,0.0,,0.0,,0.0,,0.0,,0.0,,0.0,,0.0,,0.0,,0,0,,0,0,,0,0,,0,0,,0,0,,0,0,,0,0,,0,0,,0,0,,0,0,,0,0,0,,0.0,0.0,0.0,,0.0,0.0,0.0,,0.0,0.0,0.0,,0.0,0.0,0.0,,0,0,0,,,,,,,,,,,0.67,0.33,,,,,,,,,,,6.0,5.0,1.0,3.0,5.0,2.0,,,,,,,,,,,,,6.0,6.0,,,,,,,1.0,3.0,,,,,2.0,1.0,,,,,,,,,,,,,,,,,,,,,,,0.66,0.34,,,,,,,,,,,0.0,3.0,0.0,2.0,0.0,1.0,,,,,,,,,,,,,2.0,4.0,,,,,,,,,,,,,1.0,0.0,,,,,,,,,,,,,,,,,,,,,,,0.68,0.32,,,,,,,,,,,6.0,2.0,1.0,1.0,5.0,1.0,,,,,,,,,,,,,4.0,2.0,,,,,,,1.0,3.0,,,,,1.0,1.0,,,,,,,,,,,,
bw5Wa0nE,UZBEKISTAN,2021,UZBEKISTAN 1,UZBEKISTAN 1,11/03/2021,11:15,Round 1,Termez Surkhon,nNSkKzpB,Metallurg Bekabad,ptMIc8Vo,False,1,0,,,,,,[90],[],,0.0,0.0,0.0,,0.0,0.0,0.0,Betano.br,4.1,3.0,1.95,,0.0,0.0,,0.0,0.0,,0,0,,0,0,,0.0,0.0,,0,0,,0.0,0.0,Betano.br,1.44,2.4,Betano.br,2.27,1.5,Betano.br,3.85,1.18,,0.0,0.0,,0.0,0.0,,0,0,,0,0,,0.0,0.0,0.0,,0.0,0.0,0.0,,0,0,0,,0.0,0.0,,0.0,0.0,,0.0,0.0,,0.0,0.0,0.0,0.0,0.0,0.0,0.0,0.0,0.0,,0.0,0.0,,0,0,,0,0,,0.0,,0.0,,0.0,,0.0,,0.0,,0.0,,0.0,,0.0,,0.0,,0.0,,0.0,,0.0,,0.0,,0.0,,0.0,,0,0,,0,0,,0,0,,0,0,,0,0,,0,0,,0,0,,0,0,,0,0,,0,0,,0,0,0,,0.0,0.0,0.0,,0.0,0.0,0.0,,0.0,0.0,0.0,,0.0,0.0,0.0,,0,0,0,,,,,,,,,,,0.5,0.5,,,,,,,,,,,5.0,1.0,2.0,1.0,3.0,0.0,,,,,,,,,,,,,5.0,0.0,,,,,,,0.0,2.0,,,,,1.0,1.0,,,,,,,,,,,,,,,,,,,,,,,,,,,,,,,,,,,,,,,,,,,,,,,,,,,,,,,,,,,,,0.0,2.0,,,,,,,,,,,,,,,,,,,,,,,,,,,,,0.5,0.5,,,,,,,,,,,5.0,1.0,2.0,1.0,3.0,0.0,,,,,,,,,,,,,5.0,0.0,,,,,,,,,,,,,1.0,1.0,,,,,,,,,,,,
2HQYlomt,UZBEKISTAN,2021,UZBEKISTAN 1,UZBEKISTAN 1,14/03/2021,11:15,Round 2,Lok. Tashkent,6NblEC0J,Navbahor Namangan,AiFncn0b,False,1,2,,,,,,[36],"[13, 75]",,0.0,0.0,0.0,,0.0,0.0,0.0,Betano.br,1.9,3.2,4.1,,0.0,0.0,,0.0,0.0,,0,0,,0,0,,0.0,0.0,,0,0,,0.0,0.0,Betano.br,1.36,2.67,Betano.br,2.05,1.6,Betano.br,3.4,1.23,,0.0,0.0,,0.0,0.0,,0,0,,0,0,,0.0,0.0,0.0,,0.0,0.0,0.0,,0,0,0,,0.0,0.0,,0.0,0.0,,0.0,0.0,,0.0,0.0,0.0,0.0,0.0,0.0,0.0,0.0,0.0,,0.0,0.0,,0,0,,0,0,,0.0,,0.0,,0.0,,0.0,,0.0,,0.0,,0.0,,0.0,,0.0,,0.0,,0.0,,0.0,,0.0,,0.0,,0.0,,0,0,,0,0,,0,0,,0,0,,0,0,,0,0,,0,0,,0,0,,0,0,,0,0,,0,0,0,,0.0,0.0,0.0,,0.0,0.0,0.0,,0.0,0.0,0.0,,0.0,0.0,0.0,,0,0,0,,,,,,,,,,,0.56,0.44,,,,,,,,,,,11.0,10.0,3.0,3.0,8.0,7.0,,,,,,,,,,,,,3.0,5.0,,,,,,,3.0,1.0,,,,,2.0,3.0,,,,,,,,,,,,,,,,,,,,,,,,,,,,,,,,,,,,,,,,,,,,,,,,,,,,,,,,,,,,,2.0,1.0,,,,,,,,,,,,,,,,,,,,,,,,,,,,,0.56,0.44,,,,,,,,,,,11.0,10.0,3.0,3.0,8.0,7.0,,,,,,,,,,,,,3.0,5.0,,,,,,,1.0,0.0,,,,,2.0,3.0,,,,,,,,,,,,
AHOyvJPf,UZBEKISTAN,2021,UZBEKISTAN 1,UZBEKISTAN 1,09/03/2021,13:30,Round 1,OKMK,4bW7fppH,Lok. Tashkent,6NblEC0J,False,2,1,,,,,,"[3, 75]",[35],,0.0,0.0,0.0,,0.0,0.0,0.0,Betano.br,2.22,3.3,2.95,,0.0,0.0,,0.0,0.0,,0,0,,0,0,,0.0,0.0,,0,0,,0.0,0.0,Betano.br,1.31,2.9,Betano.br,1.91,1.7,Betano.br,3.1,1.27,,0.0,0.0,,0.0,0.0,,0,0,,0,0,,0.0,0.0,0.0,,0.0,0.0,0.0,,0,0,0,,0.0,0.0,,0.0,0.0,,0.0,0.0,,0.0,0.0,0.0,0.0,0.0,0.0,0.0,0.0,0.0,,0.0,0.0,,0,0,,0,0,,0.0,,0.0,,0.0,,0.0,,0.0,,0.0,,0.0,,0.0,,0.0,,0.0,,0.0,,0.0,,0.0,,0.0,,0.0,,0,0,,0,0,,0,0,,0,0,,0,0,,0,0,,0,0,,0,0,,0,0,,0,0,,0,0,0,,0.0,0.0,0.0,,0.0,0.0,0.0,,0.0,0.0,0.0,,0.0,0.0,0.0,,0,0,0,,,,,,,,,,,0.44,0.56,,,,,,,,,,,10.0,5.0,5.0,3.0,5.0,2.0,,,,,,,,,,,,,6.0,2.0,,,,,,,2.0,2.0,,,,,2.0,3.0,,,,,,,,,,,,,,,,,,,,,,,,,,,,,,,,,,,,,,,,,,,,,,,,,,,,,,,,,,,,,1.0,0.0,,,,,,,,,,,,,,,,,,,,,,,,,,,,,0.44,0.56,,,,,,,,,,,,,,,,,,,,,,,,,,,,,,,,,,,,,1.0,2.0,,,,,,,,,,,,,,,,,,
