Match_ID,Country,Season,Div,League,Date,Time,Round,Home,Home_ID,Away,Away_ID,Neutral_Location,Home_Score,Away_Score,LegMatch,First_Leg_Home_Score,First_Leg_Away_Score,Agg_Home_Score,Agg_Away_Score,Min_Goals_Home,Min_Goals_Away,Bookie_1X2_HT,Odd_1_HT,Odd_X_HT,Odd_2_HT,Bookie_1X2_2T,Odd_1_2T,Odd_X_2T,Odd_2_2T,Bookie_1X2_FT,Odd_1_FT,Odd_X_FT,Odd_2_FT,Bookie_OU_HT_0_5,Over_HT_0_5,Under_HT_0_5,Bookie_OU_HT_1_5,Over_HT_1_5,Under_HT_1_5,Bookie_OU_HT_2_5,Over_HT_2_5,Under_HT_2_5,Bookie_OU_2T_0_5,Over_2T_0_5,Under_2T_0_5,Bookie_OU_2T_1_5,Over_2T_1_5,Under_2T_1_5,Bookie_OU_2T_2_5,Over_2T_2_5,Under_2T_2_5,Bookie_OU_FT_0_5,Over_FT_0_5,Under_FT_0_5,Bookie_OU_FT_1_5,Over_FT_1_5,Under_FT_1_5,Bookie_OU_FT_2_5,Over_FT_2_5,Under_FT_2_5,Bookie_OU_FT_3_5,Over_FT_3_5,Under_FT_3_5,Bookie_OU_FT_4_5,Over_FT_4_5,Under_FT_4_5,Bookie_BTTS,BTTS_Yes,BTTS_No,Bookie_BTTS_HT,BTTS_Yes_HT,BTTS_No_HT,Bookie_BTTS_2T,BTTS_Yes_2T,BTTS_No_2T,Bookie_DC,DC_1X,DC_12,DC_X2,Bookie_DC_HT,DC_1X_HT,DC_12_HT,DC_X2_HT,Bookie_DC_2T,DC_1X_2T,DC_12_2T,DC_X2_2T,Bookie_DNB_FT,DNB_Home_FT,DNB_Away_FT,Bookie_DNB_HT,DNB_Home_HT,DNB_Away_HT,Bookie_DNB_2T,DNB_Home_2T,DNB_Away_2T,Bookie_HT_FT,HT_FT_1_1,HT_FT_1_X,HT_FT_1_2,HT_FT_X_1,HT_FT_X_X,HT_FT_X_2,HT_FT_2_1,HT_FT_2_X,HT_FT_2_2,Bookie_OE_FT,OE_Odd_FT,OE_Even_FT,Bookie_OE_HT,OE_Odd_HT,OE_Even_HT,Bookie_OE_2T,OE_Odd_2T,OE_Even_2T,Bookie_CS_0_0,CS_0_0,Bookie_CS_1_0,CS_1_0,Bookie_CS_0_1,CS_0_1,Bookie_CS_1_1,CS_1_1,Bookie_CS_2_0,CS_2_0,Bookie_CS_0_2,CS_0_2,Bookie_CS_2_1,CS_2_1,Bookie_CS_1_2,CS_1_2,Bookie_CS_2_2,CS_2_2,Bookie_CS_3_0,CS_3_0,Bookie_CS_0_3,CS_0_3,Bookie_CS_3_1,CS_3_1,Bookie_CS_1_3,CS_1_3,Bookie_CS_3_2,CS_3_2,Bookie_CS_2_3,CS_2_3,Bookie_AH_neg_2_5,AH_Home_neg_2_5,AH_Away_neg_2_5,Bookie_AH_neg_2_0,AH_Home_neg_2_0,AH_Away_neg_2_0,Bookie_AH_neg_1_5,AH_Home_neg_1_5,AH_Away_neg_1_5,Bookie_AH_neg_1_0,AH_Home_neg_1_0,AH_Away_neg_1_0,Bookie_AH_neg_0_5,AH_Home_neg_0_5,AH_Away_neg_0_5,Bookie_AH_pos_0_5,AH_Home_pos_0_5,AH_Away_pos_0_5,Bookie_AH_pos_1_0,AH_Home_pos_1_0,AH_Away_pos_1_0,Bookie_AH_pos_1_5,AH_Home_pos_1_5,AH_Away_pos_1_5,Bookie_AH_pos_2_0,AH_Home_pos_2_0,AH_Away_pos_2_0,Bookie_AH_pos_2_5,AH_Home_pos_2_5,AH_Away_pos_2_5,Bookie_EH_neg_3,EH_Home_neg_3,EH_Draw_neg_3,EH_Away_neg_3,Bookie_EH_neg_2,EH_Home_neg_2,EH_Draw_neg_2,EH_Away_neg_2,Bookie_EH_neg_1,EH_Home_neg_1,EH_Draw_neg_1,EH_Away_neg_1,Bookie_EH_pos_1,EH_Home_pos_1,EH_Draw_pos_1,EH_Away_pos_1,Bookie_EH_pos_2,EH_Home_pos_2,EH_Draw_pos_2,EH_Away_pos_2,Bookie_EH_pos_3,EH_Home_pos_3,EH_Draw_pos_3,EH_Away_pos_3,xG_Home_FT,xG_Away_FT,xGOT_Home_FT,xGOT_Away_FT,xA_Home_FT,xA_Away_FT,xGOT_Faced_Home_FT,xGOT_Faced_Away_FT,Goals_Prevented_Home_FT,Goals_Prevented_Away_FT,Possession_Home_FT,Possession_Away_FT,Passes_Pct_Home_FT,Passes_Pct_Away_FT,Long_Passes_Pct_Home_FT,Long_Passes_Pct_Away_FT,Passes_Final_Third_Pct_Home_FT,Passes_Final_Third_Pct_Away_FT,Through_Passes_Home_FT,Through_Passes_Away_FT,Crosses_Pct_Home_FT,Crosses_Pct_Away_FT,Total_Shots_Home_FT,Total_Shots_Away_FT,Shots_On_Target_Home_FT,Shots_On_Target_Away_FT,Shots_Off_Target_Home_FT,Shots_Off_Target_Away_FT,Blocked_Shots_Home_FT,Blocked_Shots_Away_FT,Shots_Inside_Box_Home_FT,Shots_Inside_Box_Away_FT,Shots_Outside_Box_Home_FT,Shots_Outside_Box_Away_FT,Big_Chances_Home_FT,Big_Chances_Away_FT,Hit_Woodwork_Home_FT,Hit_Woodwork_Away_FT,Touches_Box_Home_FT,Touches_Box_Away_FT,Corners_Home_FT,Corners_Away_FT,Free_Kicks_Home_FT,Free_Kicks_Away_FT,Throw_Ins_Home_FT,Throw_Ins_Away_FT,Fouls_Home_FT,Fouls_Away_FT,Yellow_Cards_Home_FT,Yellow_Cards_Away_FT,Red_Cards_Home_FT,Red_Cards_Away_FT,Offsides_Home_FT,Offsides_Away_FT,Goalkeeper_Saves_Home_FT,Goalkeeper_Saves_Away_FT,Tackles_Pct_Home_FT,Tackles_Pct_Away_FT,Duels_Won_Home_FT,Duels_Won_Away_FT,Clearances_Home_FT,Clearances_Away_FT,Interceptions_Home_FT,Interceptions_Away_FT,Errors_Shot_Home_FT,Errors_Shot_Away_FT,Errors_Goal_Home_FT,Errors_Goal_Away_FT,xG_Home_HT,xG_Away_HT,xGOT_Home_HT,xGOT_Away_HT,xA_Home_HT,xA_Away_HT,xGOT_Faced_Home_HT,xGOT_Faced_Away_HT,Goals_Prevented_Home_HT,Goals_Prevented_Away_HT,Possession_Home_HT,Possession_Away_HT,Passes_Pct_Home_HT,Passes_Pct_Away_HT,Long_Passes_Pct_Home_HT,Long_Passes_Pct_Away_HT,Passes_Final_Third_Pct_Home_HT,Passes_Final_Third_Pct_Away_HT,Through_Passes_Home_HT,Through_Passes_Away_HT,Crosses_Pct_Home_HT,Crosses_Pct_Away_HT,Total_Shots_Home_HT,Total_Shots_Away_HT,Shots_On_Target_Home_HT,Shots_On_Target_Away_HT,Shots_Off_Target_Home_HT,Shots_Off_Target_Away_HT,Blocked_Shots_Home_HT,Blocked_Shots_Away_HT,Shots_Inside_Box_Home_HT,Shots_Inside_Box_Away_HT,Shots_Outside_Box_Home_HT,Shots_Outside_Box_Away_HT,Big_Chances_Home_HT,Big_Chances_Away_HT,Hit_Woodwork_Home_HT,Hit_Woodwork_Away_HT,Touches_Box_Home_HT,Touches_Box_Away_HT,Corners_Home_HT,Corners_Away_HT,Free_Kicks_Home_HT,Free_Kicks_Away_HT,Throw_Ins_Home_HT,Throw_Ins_Away_HT,Fouls_Home_HT,Fouls_Away_HT,Yellow_Cards_Home_HT,Yellow_Cards_Away_HT,Red_Cards_Home_HT,Red_Cards_Away_HT,Offsides_Home_HT,Offsides_Away_HT,Goalkeeper_Saves_Home_HT,Goalkeeper_Saves_Away_HT,Tackles_Pct_Home_HT,Tackles_Pct_Away_HT,Duels_Won_Home_HT,Duels_Won_Away_HT,Clearances_Home_HT,Clearances_Away_HT,Interceptions_Home_HT,Interceptions_Away_HT,Errors_Shot_Home_HT,Errors_Shot_Away_HT,Errors_Goal_Home_HT,Errors_Goal_Away_HT,xG_Home_2T,xG_Away_2T,xGOT_Home_2T,xGOT_Away_2T,xA_Home_2T,xA_Away_2T,xGOT_Faced_Home_2T,xGOT_Faced_Away_2T,Goals_Prevented_Home_2T,Goals_Prevented_Away_2T,Possession_Home_2T,Possession_Away_2T,Passes_Pct_Home_2T,Passes_Pct_Away_2T,Long_Passes_Pct_Home_2T,Long_Passes_Pct_Away_2T,Passes_Final_Third_Pct_Home_2T,Passes_Final_Third_Pct_Away_2T,Through_Passes_Home_2T,Through_Passes_Away_2T,Crosses_Pct_Home_2T,Crosses_Pct_Away_2T,Total_Shots_Home_2T,Total_Shots_Away_2T,Shots_On_Target_Home_2T,Shots_On_Target_Away_2T,Shots_Off_Target_Home_2T,Shots_Off_Target_Away_2T,Blocked_Shots_Home_2T,Blocked_Shots_Away_2T,Shots_Inside_Box_Home_2T,Shots_Inside_Box_Away_2T,Shots_Outside_Box_Home_2T,Shots_Outside_Box_Away_2T,Big_Chances_Home_2T,Big_Chances_Away_2T,Hit_Woodwork_Home_2T,Hit_Woodwork_Away_2T,Touches_Box_Home_2T,Touches_Box_Away_2T,Corners_Home_2T,Corners_Away_2T,Free_Kicks_Home_2T,Free_Kicks_Away_2T,Throw_Ins_Home_2T,Throw_Ins_Away_2T,Fouls_Home_2T,Fouls_Away_2T,Yellow_Cards_Home_2T,Yellow_Cards_Away_2T,Red_Cards_Home_2T,Red_Cards_Away_2T,Offsides_Home_2T,Offsides_Away_2T,Goalkeeper_Saves_Home_2T,Goalkeeper_Saves_Away_2T,Tackles_Pct_Home_2T,Tackles_Pct_Away_2T,Duels_Won_Home_2T,Duels_Won_Away_2T,Clearances_Home_2T,Clearances_Away_2T,Interceptions_Home_2T,Interceptions_Away_2T,Errors_Shot_Home_2T,Errors_Shot_Away_2T,Errors_Goal_Home_2T,Errors_Goal_Away_2T,Sub_League,Tournament_ID
ruz8Qnyt,UZBEKISTAN,2024,UZBEKISTAN 2,UZBEKISTAN 2,24/10/2024,11:00,Round 24,Kokand 1912,6DWZyFY4,Aral,W8MfStER,False,2,1,,,,,,"[37, 72]",[80],,0.0,0.0,0.0,,0.0,0.0,0.0,Estrelabet,1.69,3.25,4.75,,0.0,0.0,,0.0,0.0,,0,0,,0,0,,0,0,,0,0,,0.0,0.0,,0.0,0.0,Estrelabet,2.2,1.6,,0.0,0.0,,0.0,0.0,,0.0,0.0,,0,0,,0,0,,0.0,0.0,0.0,,0.0,0.0,0.0,,0,0,0,,0.0,0.0,,0.0,0.0,,0.0,0.0,,0.0,0.0,0.0,0.0,0.0,0.0,0.0,0.0,0.0,,0.0,0.0,,0,0,,0,0,,0.0,,0.0,,0.0,,0.0,,0.0,,0.0,,0.0,,0.0,,0.0,,0.0,,0.0,,0.0,,0.0,,0.0,,0.0,,0,0,,0,0,,0.0,0.0,,0.0,0.0,,0.0,0.0,,0.0,0.0,,0.0,0.0,,0.0,0.0,,0,0,,0,0,,0,0,0,,0.0,0.0,0,,0.0,0.0,0.0,,0.0,0.0,0.0,,0,0,0.0,,0,0,0,,,,,,,,,,,,,,,,,,,,,,,,,,,,,,,,,,,,,,,,,,,,,,,,,,,,,,,,,,,,,,,,,,,,,,,,,,,,,,,,,,,,,,,,,,,,,,,,,,,,,,,,,,,,,,,,,,,,,,,,,,,,,,,,,,,,,,,,,,,,,,,,,,,,,,,,,,,,,,,,,,,,,,,,,,,,,,,,,,,,,,,,,,,,,,,,,,,,,,,,,,,,,Pro Liga,25ICmKzF
YoSethI7,UZBEKISTAN,2024,UZBEKISTAN 2,UZBEKISTAN 2,22/11/2024,10:00,Round 27,Shortan Guzor,vLKxfOET,Olimpik-Mobiuz,IDKbUznL,False,1,0,,,,,,[89],[],,0.0,0.0,0.0,,0.0,0.0,0.0,BetEsporte,1.43,4.6,7.6,,0.0,0.0,,0.0,0.0,,0,0,,0,0,,0,0,,0,0,,0.0,0.0,,0.0,0.0,Estrelabet,1.8,1.9,,0.0,0.0,,0.0,0.0,,0.0,0.0,,0,0,,0,0,,0.0,0.0,0.0,,0.0,0.0,0.0,,0,0,0,,0.0,0.0,,0.0,0.0,,0.0,0.0,,0.0,0.0,0.0,0.0,0.0,0.0,0.0,0.0,0.0,,0.0,0.0,,0,0,,0,0,,0.0,,0.0,,0.0,,0.0,,0.0,,0.0,,0.0,,0.0,,0.0,,0.0,,0.0,,0.0,,0.0,,0.0,,0.0,,0,0,,0,0,,0.0,0.0,,0.0,0.0,,0.0,0.0,,0.0,0.0,,0.0,0.0,,0.0,0.0,,0,0,,0,0,,0,0,0,,0.0,0.0,0,,0.0,0.0,0.0,,0.0,0.0,0.0,,0,0,0.0,,0,0,0,,,,,,,,,,,,,,,,,,,,,,,,,,,,,,,,,,,,,,,,,,,,,,,,,,,,,,,,,,,,,,,,,,,,,,,,,,,,,,,,,,,,,,,,,,,,,,,,,,,,,,,,,,,,,,,,,,,,,,,,,,,,,,,,,,,,,,,,,,,,,,,,,,,,,,,,,,,,,,,,,,,,,,,,,,,,,,,,,,,,,,,,,,,,,,,,,,,,,,,,,,,,,Pro Liga,25ICmKzF
fgxGomfm,UZBEKISTAN,2024,UZBEKISTAN 2,UZBEKISTAN 2,28/11/2024,09:00,Round 28,Aral,W8MfStER,Xorazm Urganch,bkJfERao,False,3,1,,,,,,"[37, 58, 70]",[68],,0.0,0.0,0.0,,0.0,0.0,0.0,,0.0,0.0,0.0,,0.0,0.0,,0.0,0.0,,0,0,,0,0,,0,0,,0,0,,0.0,0.0,,0.0,0.0,,0.0,0.0,,0.0,0.0,,0.0,0.0,,0.0,0.0,,0,0,,0,0,,0.0,0.0,0.0,,0.0,0.0,0.0,,0,0,0,,0.0,0.0,,0.0,0.0,,0.0,0.0,,0.0,0.0,0.0,0.0,0.0,0.0,0.0,0.0,0.0,,0.0,0.0,,0,0,,0,0,,0.0,,0.0,,0.0,,0.0,,0.0,,0.0,,0.0,,0.0,,0.0,,0.0,,0.0,,0.0,,0.0,,0.0,,0.0,,0,0,,0,0,,0.0,0.0,,0.0,0.0,,0.0,0.0,,0.0,0.0,,0.0,0.0,,0.0,0.0,,0,0,,0,0,,0,0,0,,0.0,0.0,0,,0.0,0.0,0.0,,0.0,0.0,0.0,,0,0,0.0,,0,0,0,,,,,,,,,,,,,,,,,,,,,,,,,,,,,,,,,,,,,,,,,,,,,,,,,,,,,,,,,,,,,,,,,,,,,,,,,,,,,,,,,,,,,,,,,,,,,,,,,,,,,,,,,,,,,,,,,,,,,,,,,,,,,,,,,,,,,,,,,,,,,,,,,,,,,,,,,,,,,,,,,,,,,,,,,,,,,,,,,,,,,,,,,,,,,,,,,,,,,,,,,,,,,Pro Liga,25ICmKzF
2POWs5gC,UZBEKISTAN,2024,UZBEKISTAN 2,UZBEKISTAN 2,28/11/2024,09:00,Round 28,Olimpik-Mobiuz,IDKbUznL,Buxoro,bcetGYV6,False,4,2,,,,,,"[21, 26, 55, 81]","[44, 62]",,0.0,0.0,0.0,,0.0,0.0,0.0,,0.0,0.0,0.0,,0.0,0.0,,0.0,0.0,,0,0,,0,0,,0,0,,0,0,,0.0,0.0,,0.0,0.0,,0.0,0.0,,0.0,0.0,,0.0,0.0,,0.0,0.0,,0,0,,0,0,,0.0,0.0,0.0,,0.0,0.0,0.0,,0,0,0,,0.0,0.0,,0.0,0.0,,0.0,0.0,,0.0,0.0,0.0,0.0,0.0,0.0,0.0,0.0,0.0,,0.0,0.0,,0,0,,0,0,,0.0,,0.0,,0.0,,0.0,,0.0,,0.0,,0.0,,0.0,,0.0,,0.0,,0.0,,0.0,,0.0,,0.0,,0.0,,0,0,,0,0,,0.0,0.0,,0.0,0.0,,0.0,0.0,,0.0,0.0,,0.0,0.0,,0.0,0.0,,0,0,,0,0,,0,0,0,,0.0,0.0,0,,0.0,0.0,0.0,,0.0,0.0,0.0,,0,0,0.0,,0,0,0,,,,,,,,,,,,,,,,,,,,,,,,,,,,,,,,,,,,,,,,,,,,,,,,,,,0.0,1.0,,,,,,,,,,,,,,,,,,,,,,,,,,,,,,,,,,,,,,,,,,,,,,,,,,,,,,,,,,,,,,,,,,,0.0,1.0,,,,,,,,,,,,,,,,,,,,,,,,,,,,,,,,,,,,,,,,,,,,,,,,,,,,,,,,,,,,,,,,,,,,,,,,,,,,,,,,,,,,,Pro Liga,25ICmKzF
UyAYBmMn,UZBEKISTAN,2024,UZBEKISTAN 2,UZBEKISTAN 2,11/11/2024,10:00,Round 23,Olimpik-Mobiuz,IDKbUznL,Dostlik Tashkent,YPInXx22,False,1,1,,,,,,[48],[63],Betano.br,3.1,2.07,3.1,Betano.br,2.82,2.6,2.8,Betano.br,2.57,3.05,2.55,,0.0,0.0,Betano.br,2.27,1.45,,0,0,,0,0,,0,0,,0,0,,0.0,0.0,,0.0,0.0,Estrelabet,1.6,2.2,,0.0,0.0,,0.0,0.0,,0.0,0.0,,0,0,,0,0,Betano.br,1.47,1.32,1.4,Betano.br,1.31,1.62,1.3,,0,0,0,Betano.br,1.82,1.78,Betano.br,1.87,1.85,Betano.br,1.88,1.87,Betano.br,4.45,11.75,25.0,5.9,4.85,5.8,25.0,11.75,4.35,Betano.br,1.88,1.75,,0,0,,0,0,Betano.br,11.75,Betano.br,9.5,Betano.br,9.25,Betano.br,5.5,Betano.br,13.5,Betano.br,13.0,Betano.br,8.0,Betano.br,8.0,Betano.br,8.5,Betano.br,26.0,Betano.br,25.0,Betano.br,16.0,Betano.br,15.5,Betano.br,17.5,Betano.br,17.0,,0,0,,0,0,,0.0,0.0,,0.0,0.0,,0.0,0.0,,0.0,0.0,,0.0,0.0,,0.0,0.0,,0,0,,0,0,,0,0,0,,0.0,0.0,0,,0.0,0.0,0.0,,0.0,0.0,0.0,,0,0,0.0,,0,0,0,,,,,,,,,,,,,,,,,,,,,,,,,,,,,,,,,,,,,,,,,,,,,,,,,,,,,,,,,,,,,,,,,,,,,,,,,,,,,,,,,,,,,,,,,,,,,,,,,,,,,,,,,,,,,,,,,,,,,,,,,,,,,,,,,,,,,,,,,,,,,,,,,,,,,,,,,,,,,,,,,,,,,,,,,,,,,,,,,,,,,,,,,,,,,,,,,,,,,,,,,,,,,Pro Liga,25ICmKzF
lfAr4eAE,UZBEKISTAN,2024,UZBEKISTAN 2,UZBEKISTAN 2,22/11/2024,09:45,Round 27,Buxoro,bcetGYV6,Aral,W8MfStER,False,3,2,,,,,,"[48, 62, 83]","[69, 75]",,0.0,0.0,0.0,,0.0,0.0,0.0,BetEsporte,1.43,4.4,8.2,,0.0,0.0,,0.0,0.0,,0,0,,0,0,,0,0,,0,0,,0.0,0.0,,0.0,0.0,Estrelabet,2.1,1.66,,0.0,0.0,,0.0,0.0,,0.0,0.0,,0,0,,0,0,,0.0,0.0,0.0,,0.0,0.0,0.0,,0,0,0,,0.0,0.0,,0.0,0.0,,0.0,0.0,,0.0,0.0,0.0,0.0,0.0,0.0,0.0,0.0,0.0,,0.0,0.0,,0,0,,0,0,,0.0,,0.0,,0.0,,0.0,,0.0,,0.0,,0.0,,0.0,,0.0,,0.0,,0.0,,0.0,,0.0,,0.0,,0.0,,0,0,,0,0,,0.0,0.0,,0.0,0.0,,0.0,0.0,,0.0,0.0,,0.0,0.0,,0.0,0.0,,0,0,,0,0,,0,0,0,,0.0,0.0,0,,0.0,0.0,0.0,,0.0,0.0,0.0,,0,0,0.0,,0,0,0,,,,,,,,,,,,,,,,,,,,,,,,,,,,,,,,,,,,,,,,,,,,,,,,,,,,,,,,,,,,,,,,,,,,,,,,,,,,,,,,,,,,,,,,,,,,,,,,,,,,,,,,,,,,,,,,,,,,,,,,,,,,,,,,,,,,,,,,,,,,,,,,,,,,,,,,,,,,,,,,,,,,,,,,,,,,,,,,,,,,,,,,,,,,,,,,,,,,,,,,,,,,,Pro Liga,25ICmKzF
2sj9OQ5h,UZBEKISTAN,2024,UZBEKISTAN 2,UZBEKISTAN 2,24/10/2024,10:30,Round 24,Xorazm Urganch,bkJfERao,Buxoro,bcetGYV6,False,1,0,,,,,,[47],[],,0.0,0.0,0.0,,0.0,0.0,0.0,Estrelabet,4.0,3.25,1.81,,0.0,0.0,,0.0,0.0,,0,0,,0,0,,0,0,,0,0,,0.0,0.0,,0.0,0.0,Estrelabet,2.28,1.55,,0.0,0.0,,0.0,0.0,,0.0,0.0,,0,0,,0,0,,0.0,0.0,0.0,,0.0,0.0,0.0,,0,0,0,,0.0,0.0,,0.0,0.0,,0.0,0.0,,0.0,0.0,0.0,0.0,0.0,0.0,0.0,0.0,0.0,,0.0,0.0,,0,0,,0,0,,0.0,,0.0,,0.0,,0.0,,0.0,,0.0,,0.0,,0.0,,0.0,,0.0,,0.0,,0.0,,0.0,,0.0,,0.0,,0,0,,0,0,,0.0,0.0,,0.0,0.0,,0.0,0.0,,0.0,0.0,,0.0,0.0,,0.0,0.0,,0,0,,0,0,,0,0,0,,0.0,0.0,0,,0.0,0.0,0.0,,0.0,0.0,0.0,,0,0,0.0,,0,0,0,,,,,,,,,,,,,,,,,,,,,,,,,,,,,,,,,,,,,,,,,,,,,,,,,,,,,,,,,,,,,,,,,,,,,,,,,,,,,,,,,,,,,,,,,,,,,,,,,,,,,,,,,,,,,,,,,,,,,,,,,,,,,,,,,,,,,,,,,,,,,,,,,,,,,,,,,,,,,,,,,,,,,,,,,,,,,,,,,,,,,,,,,,,,,,,,,,,,,,,,,,,,,Pro Liga,25ICmKzF
z9Tky4kb,UZBEKISTAN,2024,UZBEKISTAN 2,UZBEKISTAN 2,29/10/2024,10:00,Round 25,Shortan Guzor,vLKxfOET,Mashal Muborak,6kNEblGu,False,0,1,,,,,,[],[61],Betano.br,3.7,1.93,2.92,Betano.br,3.4,2.32,2.67,Estrelabet,3.2,3.1,2.1,Betano.br,1.47,2.22,,0.0,0.0,,0,0,,0,0,,0,0,,0,0,,0.0,0.0,,0.0,0.0,Estrelabet,2.2,1.6,,0.0,0.0,,0.0,0.0,,0.0,0.0,,0,0,,0,0,Betano.br,1.6,1.31,1.32,Betano.br,1.33,1.7,1.24,,0,0,0,Betano.br,2.1,1.57,Betano.br,2.1,1.65,Betano.br,2.15,1.65,Betano.br,5.1,14.5,32.0,6.4,4.35,5.0,37.0,14.0,3.65,Betano.br,1.85,1.8,,0,0,,0,0,Betano.br,7.5,Betano.br,6.7,Betano.br,5.7,Betano.br,5.3,Betano.br,11.75,Betano.br,8.5,Betano.br,9.25,Betano.br,7.8,Betano.br,13.0,Betano.br,29.0,Betano.br,17.5,Betano.br,23.0,Betano.br,16.0,Betano.br,32.0,Betano.br,27.0,,0,0,,0,0,,0.0,0.0,,0.0,0.0,,0.0,0.0,,0.0,0.0,,0.0,0.0,,0.0,0.0,,0,0,,0,0,,0,0,0,,0.0,0.0,0,,0.0,0.0,0.0,,0.0,0.0,0.0,,0,0,0.0,,0,0,0,,,,,,,,,,,,,,,,,,,,,,,,,,,,,,,,,,,,,,,,,,,,,,,,,0.0,1.0,1.0,1.0,,,,,,,,,,,,,,,,,,,,,,,,,,,,,,,,,,,,,,,,,,,,,,,,,,,,,,,,,,,,,,,,,,,,,,,,,,,,,,,,,,,,,,,,,,,,,,,,,,,,,,,,,,,,,,,,,,,,,,,,,,,,,,,,,,,,,0.0,1.0,1.0,1.0,,,,,,,,,,,,,,,,,Pro Liga,25ICmKzF
hGfb6qjO,UZBEKISTAN,2024,UZBEKISTAN 2,UZBEKISTAN 2,18/10/2024,10:00,Round 23,Buxoro,bcetGYV6,Kokand 1912,6DWZyFY4,False,0,1,,,,,,[],[87],,0.0,0.0,0.0,,0.0,0.0,0.0,,0.0,0.0,0.0,,0.0,0.0,,0.0,0.0,,0,0,,0,0,,0,0,,0,0,,0.0,0.0,,0.0,0.0,,0.0,0.0,,0.0,0.0,,0.0,0.0,,0.0,0.0,,0,0,,0,0,,0.0,0.0,0.0,,0.0,0.0,0.0,,0,0,0,,0.0,0.0,,0.0,0.0,,0.0,0.0,,0.0,0.0,0.0,0.0,0.0,0.0,0.0,0.0,0.0,,0.0,0.0,,0,0,,0,0,,0.0,,0.0,,0.0,,0.0,,0.0,,0.0,,0.0,,0.0,,0.0,,0.0,,0.0,,0.0,,0.0,,0.0,,0.0,,0,0,,0,0,,0.0,0.0,,0.0,0.0,,0.0,0.0,,0.0,0.0,,0.0,0.0,,0.0,0.0,,0,0,,0,0,,0,0,0,,0.0,0.0,0,,0.0,0.0,0.0,,0.0,0.0,0.0,,0,0,0.0,,0,0,0,,,,,,,,,,,,,,,,,,,,,,,,,,,,,,,,,,,,,,,,,,,,,,,,,,,,,,,,,,,,,,,,,,,,,,,,,,,,,,,,,,,,,,,,,,,,,,,,,,,,,,,,,,,,,,,,,,,,,,,,,,,,,,,,,,,,,,,,,,,,,,,,,,,,,,,,,,,,,,,,,,,,,,,,,,,,,,,,,,,,,,,,,,,,,,,,,,,,,,,,,,,,,Pro Liga,25ICmKzF
biIutqOO,UZBEKISTAN,2024,UZBEKISTAN 2,UZBEKISTAN 2,28/11/2024,09:00,Round 28,Mashal Muborak,6kNEblGu,Dostlik Tashkent,YPInXx22,False,3,0,,,,,,"[31, 35, 90]",[],,0.0,0.0,0.0,,0.0,0.0,0.0,,0.0,0.0,0.0,,0.0,0.0,,0.0,0.0,,0,0,,0,0,,0,0,,0,0,,0.0,0.0,,0.0,0.0,,0.0,0.0,,0.0,0.0,,0.0,0.0,,0.0,0.0,,0,0,,0,0,,0.0,0.0,0.0,,0.0,0.0,0.0,,0,0,0,,0.0,0.0,,0.0,0.0,,0.0,0.0,,0.0,0.0,0.0,0.0,0.0,0.0,0.0,0.0,0.0,,0.0,0.0,,0,0,,0,0,,0.0,,0.0,,0.0,,0.0,,0.0,,0.0,,0.0,,0.0,,0.0,,0.0,,0.0,,0.0,,0.0,,0.0,,0.0,,0,0,,0,0,,0.0,0.0,,0.0,0.0,,0.0,0.0,,0.0,0.0,,0.0,0.0,,0.0,0.0,,0,0,,0,0,,0,0,0,,0.0,0.0,0,,0.0,0.0,0.0,,0.0,0.0,0.0,,0,0,0.0,,0,0,0,,,,,,,,,,,,,,,,,,,,,,,,,,,,,,,,,,,,,,,,,,,,,,,,,,,,,,,,,,,,,,,,,,,,,,,,,,,,,,,,,,,,,,,,,,,,,,,,,,,,,,,,,,,,,,,,,,,,,,,,,,,,,,,,,,,,,,,,,,,,,,,,,,,,,,,,,,,,,,,,,,,,,,,,,,,,,,,,,,,,,,,,,,,,,,,,,,,,,,,,,,,,,Pro Liga,25ICmKzF
4nQQxHQ2,UZBEKISTAN,2024,UZBEKISTAN 2,UZBEKISTAN 2,06/11/2024,11:00,Round 26,Kokand 1912,6DWZyFY4,Olimpik-Mobiuz,IDKbUznL,False,1,0,,,,,,[37],[],Novibet,2.06,2.15,5.9,Novibet,1.93,2.45,5.35,Estrelabet,1.44,4.0,6.0,Novibet,1.39,2.6,,0.0,0.0,,0,0,,0,0,,0,0,,0,0,,0.0,0.0,,0.0,0.0,Estrelabet,1.95,1.75,,0.0,0.0,,0.0,0.0,Novibet,2.03,1.67,,0,0,,0,0,Novibet,1.13,1.22,2.25,Novibet,1.12,1.57,1.62,,0,0,0,Estrelabet,1.15,4.5,Novibet,1.26,3.45,Novibet,1.27,3.35,Novibet,2.38,13.0,29.0,4.0,5.5,11.0,17.0,13.0,9.5,Novibet,1.87,1.83,,0,0,,0,0,Estrelabet,8.5,Estrelabet,5.0,Estrelabet,12.0,Estrelabet,6.66,Estrelabet,5.33,Estrelabet,36.0,Estrelabet,7.5,Estrelabet,19.0,Estrelabet,20.0,Estrelabet,8.5,Estrelabet,151.0,Estrelabet,12.0,Estrelabet,81.0,Estrelabet,31.0,Estrelabet,91.0,,0,0,,0,0,,0.0,0.0,,0.0,0.0,,0.0,0.0,,0.0,0.0,,0.0,0.0,,0.0,0.0,,0,0,,0,0,,0,0,0,Novibet,4.85,4.4,0,Novibet,2.5,3.35,0.0,Novibet,0.0,0.0,2.3,Novibet,0,0,1.43,,0,0,0,,,,,,,,,,,,,,,,,,,,,,,,,,,,,,,,,,,,,,,,,,,,,,,,,,,,,,,,,,,,,,,,,,,,,,,,,,,,,,,,,,,,,,,,,,,,,,,,,,,,,,,,,,,,,,,,,,,,,,,,,,,,,,,,,,,,,,,,,,,,,,,,,,,,,,,,,,,,,,,,,,,,,,,,,,,,,,,,,,,,,,,,,,,,,,,,,,,,,,,,,,,,,Pro Liga,25ICmKzF
bkwuFDYe,UZBEKISTAN,2024,UZBEKISTAN 2,UZBEKISTAN 2,05/11/2024,10:00,Round 26,Aral,W8MfStER,Shortan Guzor,vLKxfOET,False,2,1,,,,,,"[55, 71]",[32],Betano.br,2.55,1.9,4.75,Betano.br,2.3,2.27,4.5,Betano.br,1.85,3.1,4.05,Novibet,1.43,2.45,,0.0,0.0,,0,0,,0,0,,0,0,,0,0,,0.0,0.0,Betano.br,1.5,2.27,Estrelabet,2.2,1.6,,0.0,0.0,,0.0,0.0,Novibet,1.81,1.85,,0,0,,0,0,Betano.br,1.2,1.29,1.9,Betano.br,1.16,1.72,1.42,,0,0,0,Betano.br,1.34,2.77,Betano.br,1.42,2.65,Betano.br,1.42,2.75,Novibet,3.0,16.5,60.0,4.5,4.5,8.25,32.0,16.5,7.0,Novibet,1.88,1.82,,0,0,,0,0,Betano.br,6.5,Betano.br,4.45,Betano.br,7.1,Betano.br,5.6,Betano.br,6.1,Betano.br,16.0,Betano.br,7.7,Betano.br,12.5,Betano.br,17.0,Betano.br,12.0,Betano.br,50.0,Betano.br,15.0,Betano.br,40.0,Betano.br,32.0,Betano.br,55.0,,0,0,,0,0,,0.0,0.0,,0.0,0.0,Betano.br,1.78,1.82,,0.0,0.0,,0.0,0.0,,0.0,0.0,,0,0,,0,0,,0,0,0,,0.0,0.0,0,Novibet,3.55,3.45,9.5,Novibet,1.21,4.9,1.78,,0,0,0.0,,0,0,0,,,,,,,,,,,,,,,,,,,,,,,,,,,,,,,,,,,,,,,,,,,,,,,,,,,0.0,1.0,,,,,,,,,,,,,,,,,,,,,,,,,,,,,,,,,,,,,,,,,,,,,,,,,,,,,,,,,,,,,,,,,,,,,,,,,,,,,,,,,,,,,,,,,,,,,,,,,,,,,,,,,,,,,,,,,,,,,,,,,,,,,,,,,,,,,,,0.0,1.0,,,,,,,,,,,,,,,,,Pro Liga,25ICmKzF
G8QOqROa,UZBEKISTAN,2024,UZBEKISTAN 2,UZBEKISTAN 2,28/11/2024,09:00,Round 28,Kokand 1912,6DWZyFY4,Shortan Guzor,vLKxfOET,False,1,1,,,,,,[49],[14],,0.0,0.0,0.0,,0.0,0.0,0.0,,0.0,0.0,0.0,,0.0,0.0,,0.0,0.0,,0,0,,0,0,,0,0,,0,0,,0.0,0.0,,0.0,0.0,,0.0,0.0,,0.0,0.0,,0.0,0.0,,0.0,0.0,,0,0,,0,0,,0.0,0.0,0.0,,0.0,0.0,0.0,,0,0,0,,0.0,0.0,,0.0,0.0,,0.0,0.0,,0.0,0.0,0.0,0.0,0.0,0.0,0.0,0.0,0.0,,0.0,0.0,,0,0,,0,0,,0.0,,0.0,,0.0,,0.0,,0.0,,0.0,,0.0,,0.0,,0.0,,0.0,,0.0,,0.0,,0.0,,0.0,,0.0,,0,0,,0,0,,0.0,0.0,,0.0,0.0,,0.0,0.0,,0.0,0.0,,0.0,0.0,,0.0,0.0,,0,0,,0,0,,0,0,0,,0.0,0.0,0,,0.0,0.0,0.0,,0.0,0.0,0.0,,0,0,0.0,,0,0,0,,,,,,,,,,,,,,,,,,,,,,,,,,,,,,,,,,,,,,,,,,,,,,,,,,,,,,,,,,,,,,,,,,,,,,,,,,,,,,,,,,,,,,,,,,,,,,,,,,,,,,,,,,,,,,,,,,,,,,,,,,,,,,,,,,,,,,,,,,,,,,,,,,,,,,,,,,,,,,,,,,,,,,,,,,,,,,,,,,,,,,,,,,,,,,,,,,,,,,,,,,,,,Pro Liga,25ICmKzF
WMsQKr5H,UZBEKISTAN,2024,UZBEKISTAN 2,UZBEKISTAN 2,23/10/2024,10:00,Round 24,Dostlik Tashkent,YPInXx22,Shortan Guzor,vLKxfOET,False,0,1,,,,,,[],[3],,0.0,0.0,0.0,,0.0,0.0,0.0,,0.0,0.0,0.0,,0.0,0.0,,0.0,0.0,,0,0,,0,0,,0,0,,0,0,,0.0,0.0,,0.0,0.0,,0.0,0.0,,0.0,0.0,,0.0,0.0,,0.0,0.0,,0,0,,0,0,,0.0,0.0,0.0,,0.0,0.0,0.0,,0,0,0,,0.0,0.0,,0.0,0.0,,0.0,0.0,,0.0,0.0,0.0,0.0,0.0,0.0,0.0,0.0,0.0,,0.0,0.0,,0,0,,0,0,,0.0,,0.0,,0.0,,0.0,,0.0,,0.0,,0.0,,0.0,,0.0,,0.0,,0.0,,0.0,,0.0,,0.0,,0.0,,0,0,,0,0,,0.0,0.0,,0.0,0.0,,0.0,0.0,,0.0,0.0,,0.0,0.0,,0.0,0.0,,0,0,,0,0,,0,0,0,,0.0,0.0,0,,0.0,0.0,0.0,,0.0,0.0,0.0,,0,0,0.0,,0,0,0,,,,,,,,,,,,,,,,,,,,,,,,,,,,,,,,,,,,,,,,,,,,,,,,,,,,,,,,,,,,,,,,,,,,,,,,,,,,,,,,,,,,,,,,,,,,,,,,,,,,,,,,,,,,,,,,,,,,,,,,,,,,,,,,,,,,,,,,,,,,,,,,,,,,,,,,,,,,,,,,,,,,,,,,,,,,,,,,,,,,,,,,,,,,,,,,,,,,,,,,,,,,,Pro Liga,25ICmKzF
r1BrwQKo,UZBEKISTAN,2024,UZBEKISTAN 2,UZBEKISTAN 2,30/10/2024,10:30,Round 25,Xorazm Urganch,bkJfERao,Kokand 1912,6DWZyFY4,False,1,1,,,,,,[24],[45],Betano.br,4.55,1.91,2.57,Betano.br,4.2,2.32,2.32,Estrelabet,4.0,3.2,1.83,Betano.br,1.5,2.18,,0.0,0.0,,0,0,,0,0,,0,0,,0,0,,0.0,0.0,,0.0,0.0,Estrelabet,2.28,1.55,,0.0,0.0,,0.0,0.0,,0.0,0.0,,0,0,,0,0,Betano.br,1.83,1.31,1.21,Betano.br,1.4,1.72,1.17,,0,0,0,Betano.br,2.67,1.36,Betano.br,2.57,1.45,Betano.br,2.62,1.45,Betano.br,7.1,15.0,29.0,8.0,4.2,4.35,50.0,14.0,3.1,Betano.br,1.87,1.78,,0,0,,0,0,Betano.br,7.1,Betano.br,7.8,Betano.br,5.0,Betano.br,5.2,Betano.br,16.5,Betano.br,6.9,Betano.br,11.25,Betano.br,7.2,Betano.br,13.5,Betano.br,50.0,Betano.br,13.0,Betano.br,32.0,Betano.br,14.0,Betano.br,40.0,Betano.br,26.0,,0,0,,0,0,,0.0,0.0,,0.0,0.0,,0.0,0.0,Betano.br,1.78,1.83,,0.0,0.0,,0.0,0.0,,0,0,,0,0,,0,0,0,,0.0,0.0,0,,0.0,0.0,0.0,,0.0,0.0,0.0,,0,0,0.0,,0,0,0,,,,,,,,,,,,,,,,,,,,,,,,,,,,,,,,,,,,,,,,,,,,,,,,,1.0,0.0,1.0,0.0,,,,,,,,,,,,,,,,,,,,,,,,,,,,,,,,,,,,,,,,,,,,,,,,,,,,,,,,,,,,,,,,,,,,,,,,,,,,,,,,,,,,,,,,,,,,,,,,,,,,,,,,,,,,,,,,,,,,,,,,,,,,,,,,,,,,,1.0,0.0,1.0,0.0,,,,,,,,,,,,,,,,,Pro Liga,25ICmKzF
0YTmrEme,UZBEKISTAN,2024,UZBEKISTAN 2,UZBEKISTAN 2,21/11/2024,09:30,Round 27,Xorazm Urganch,bkJfERao,Mashal Muborak,6kNEblGu,False,0,0,,,,,,[],[],Betano.br,5.1,1.95,2.35,Betano.br,5.0,2.37,2.1,Betano.br,4.6,3.3,1.7,Betano.br,1.47,2.2,,0.0,0.0,,0,0,,0,0,,0,0,,0,0,,0.0,0.0,,0.0,0.0,Estrelabet,2.4,1.5,,0.0,0.0,,0.0,0.0,,0.0,0.0,,0,0,,0,0,Betano.br,2.07,1.27,1.17,Betano.br,1.47,1.65,1.16,,0,0,0,Betano.br,3.15,1.26,Betano.br,2.95,1.35,Betano.br,3.1,1.34,Betano.br,8.0,16.5,29.0,9.25,4.5,4.0,60.0,16.5,2.67,Betano.br,1.83,1.8,,0,0,,0,0,Betano.br,7.1,Betano.br,8.25,Betano.br,4.55,Betano.br,5.8,Betano.br,19.0,Betano.br,5.8,Betano.br,13.5,Betano.br,7.4,Betano.br,17.0,Betano.br,55.0,Betano.br,10.25,Betano.br,45.0,Betano.br,13.0,Betano.br,55.0,Betano.br,30.0,,0,0,,0,0,,0.0,0.0,,0.0,0.0,,0.0,0.0,,0.0,0.0,,0.0,0.0,,0.0,0.0,,0,0,,0,0,,0,0,0,,0.0,0.0,0,,0.0,0.0,0.0,,0.0,0.0,0.0,,0,0,0.0,,0,0,0,,,,,,,,,,,,,,,,,,,,,,,,,,,,,,,,,,,,,,,,,,,,,,,,,,,1.0,0.0,,,,,,,,,,,,,,,,,,,,,,,,,,,,,,,,,,,,,,,,,,,,,,,,,,,,,,,,,,,,,,,,,,,,,,,,,,,,,,,,,,,,,,,,,,,,,,,,,,,,,,,,,,,,,,,,,,,,,,,,,,,,,,,,,,,,,,,1.0,0.0,,,,,,,,,,,,,,,,,Pro Liga,25ICmKzF
KOLupzJr,UZBEKISTAN,2024,UZBEKISTAN 2,UZBEKISTAN 2,21/11/2024,09:00,Round 27,Dostlik Tashkent,YPInXx22,Kokand 1912,6DWZyFY4,False,0,1,,,,,,[],[48],Estrelabet,5.0,1.96,2.37,Betano.br,4.5,2.32,2.25,Estrelabet,4.33,3.1,1.8,Estrelabet,1.5,2.4,,0.0,0.0,,0,0,,0,0,,0,0,,0,0,,0.0,0.0,Estrelabet,1.45,2.54,Estrelabet,2.4,1.5,,0.0,0.0,,0.0,0.0,,0.0,0.0,,0,0,,0,0,Betano.br,1.93,1.29,1.2,Betano.br,1.42,1.7,1.17,,0,0,0,Estrelabet,3.2,1.3,Betano.br,2.67,1.42,Betano.br,2.8,1.4,Betano.br,7.1,17.0,36.0,9.0,4.35,4.2,71.0,17.0,2.9,Estrelabet,1.9,1.8,,0,0,,0,0,Betano.br,7.0,Estrelabet,8.0,Betano.br,4.65,Estrelabet,5.66,Estrelabet,21.0,Estrelabet,6.33,Estrelabet,14.0,Estrelabet,8.0,Estrelabet,20.0,Estrelabet,81.0,Estrelabet,13.0,Estrelabet,51.0,Estrelabet,16.0,Estrelabet,81.0,Estrelabet,41.0,,0,0,,0,0,,0.0,0.0,,0.0,0.0,,0.0,0.0,Estrelabet,1.9,1.75,,0.0,0.0,,0.0,0.0,,0,0,,0,0,,0,0,0,,0.0,0.0,0,,0.0,0.0,0.0,,0.0,0.0,0.0,,0,0,0.0,,0,0,0,,,,,,,,,,,,,,,,,,,,,,,,,,,,,,,,,,,,,,,,,,,,,,,,,,,1.0,0.0,,,,,,,,,,,,,,,,,,,,,,,,,,,,,,,,,,,,,,,,,,,,,,,,,,,,,,,,,,,,,,,,,,,,,,,,,,,,,,,,,,,,,,,,,,,,,,,,,,,,,,,,,,,,,,,,,,,,,,,,,,,,,,,,,,,,,,,1.0,0.0,,,,,,,,,,,,,,,,,Pro Liga,25ICmKzF
vmoYIMZT,UZBEKISTAN,2024,UZBEKISTAN 2,UZBEKISTAN 2,30/10/2024,10:00,Round 25,Buxoro,bcetGYV6,Dostlik Tashkent,YPInXx22,False,1,1,,,,,,[52],[18],Estrelabet,1.61,2.54,8.5,Betano.br,1.47,3.25,9.0,Estrelabet,1.22,5.0,11.0,,0.0,0.0,Estrelabet,2.28,1.55,,0,0,,0,0,,0,0,,0,0,,0.0,0.0,,0.0,0.0,Estrelabet,1.6,2.2,,0.0,0.0,,0.0,0.0,,0.0,0.0,,0,0,,0,0,Betano.br,1.05,1.12,3.0,Betano.br,1.07,1.4,1.98,,0,0,0,Estrelabet,1.06,7.0,Betano.br,1.12,5.4,Betano.br,1.1,6.1,Betano.br,1.7,26.0,151.0,3.55,7.6,21.0,26.0,26.0,19.0,Estrelabet,1.83,1.83,,0,0,,0,0,Estrelabet,14.0,Estrelabet,6.0,Estrelabet,21.0,Estrelabet,9.5,Estrelabet,5.0,Estrelabet,71.0,Estrelabet,8.0,Estrelabet,31.0,Estrelabet,26.0,Estrelabet,6.33,Estrelabet,251.0,Estrelabet,9.5,Estrelabet,151.0,Estrelabet,31.0,Estrelabet,101.0,,0,0,,0,0,Estrelabet,1.7,1.95,,0.0,0.0,,0.0,0.0,,0.0,0.0,,0.0,0.0,,0.0,0.0,,0,0,,0,0,,0,0,0,,0.0,0.0,0,,0.0,0.0,0.0,,0.0,0.0,0.0,,0,0,0.0,,0,0,0,,,,,,,,,,,,,,,,,,,,,,,,,,,,,,,,,,,,,,,,,,,,,,,,,,,,,,,,,,,,,,,,,,,,,,,,,,,,,,,,,,,,,,,,,,,,,,,,,,,,,,,,,,,,,,,,,,,,,,,,,,,,,,,,,,,,,,,,,,,,,,,,,,,,,,,,,,,,,,,,,,,,,,,,,,,,,,,,,,,,,,,,,,,,,,,,,,,,,,,,,,,,,Pro Liga,25ICmKzF
2NqWGZ3q,UZBEKISTAN,2024,UZBEKISTAN 2,UZBEKISTAN 2,05/11/2024,10:00,Round 26,Mashal Muborak,6kNEblGu,Buxoro,bcetGYV6,False,0,1,,,,,,[],[48],Betano.br,2.52,1.9,4.85,Betano.br,2.25,2.27,4.65,Betano.br,1.8,3.15,4.2,Novibet,1.53,2.25,,0.0,0.0,,0,0,,0,0,,0,0,,0,0,,0.0,0.0,Estrelabet,1.45,2.54,Estrelabet,2.4,1.5,,0.0,0.0,,0.0,0.0,Novibet,2.25,1.55,,0,0,,0,0,Betano.br,1.19,1.29,1.93,Novibet,1.17,1.73,1.42,,0,0,0,Novibet,1.36,2.9,Betano.br,1.4,2.72,Betano.br,1.39,2.85,Novibet,3.0,16.5,60.0,4.5,4.33,8.5,32.0,16.5,7.5,Novibet,1.86,1.83,,0,0,,0,0,Betano.br,6.4,Betano.br,4.4,Betano.br,7.3,Betano.br,5.6,Betano.br,6.0,Betano.br,16.5,Betano.br,7.7,Betano.br,12.5,Betano.br,17.5,Betano.br,11.5,Betano.br,50.0,Betano.br,14.5,Betano.br,40.0,Betano.br,35.0,Betano.br,55.0,,0,0,,0,0,,0.0,0.0,,0.0,0.0,Betano.br,1.75,1.85,,0.0,0.0,,0.0,0.0,,0.0,0.0,,0,0,,0,0,,0,0,0,Novibet,8.3,5.0,0,Novibet,3.55,3.3,0.0,Novibet,0.0,0.0,1.83,Novibet,0,0,1.23,,0,0,0,,,,,,,,,,,,,,,,,,,,,,,,,,,,,,,,,,,,,,,,,,,,,,,,,,,,,,,,,,,,,,,,,,,,,,,,,,,,,,,,,,,,,,,,,,,,,,,,,,,,,,,,,,,,,,,,,,,,,,,,,,,,,,,,,,,,,,,,,,,,,,,,,,,,,,,,,,,,,,,,,,,,,,,,,,,,,,,,,,,,,,,,,,,,,,,,,,,,,,,,,,,,,Pro Liga,25ICmKzF
zelHM4z5,UZBEKISTAN,2024,UZBEKISTAN 2,UZBEKISTAN 2,23/10/2024,11:00,Round 24,Mashal Muborak,6kNEblGu,Olimpik-Mobiuz,IDKbUznL,False,3,1,,,,,,"[14, 79, 81]",[5],Betano.br,1.6,2.52,9.25,Betano.br,1.44,3.25,10.0,Betano.br,1.2,5.4,11.25,,0.0,0.0,Betano.br,2.27,1.45,,0,0,,0,0,,0,0,,0,0,,0.0,0.0,,0.0,0.0,Estrelabet,1.66,2.1,,0.0,0.0,,0.0,0.0,,0.0,0.0,,0,0,,0,0,Betano.br,1.04,1.11,3.15,Betano.br,1.07,1.4,2.0,,0,0,0,Betano.br,1.05,6.4,Betano.br,1.1,5.7,Betano.br,1.09,6.5,Betano.br,1.65,24.0,120.0,3.5,7.6,22.0,23.0,25.0,21.0,Betano.br,1.82,1.82,,0,0,,0,0,Betano.br,12.0,Betano.br,5.6,Betano.br,21.0,Betano.br,10.0,Betano.br,4.7,Betano.br,65.0,Betano.br,8.25,Betano.br,30.0,Betano.br,26.0,Betano.br,5.5,Betano.br,300.0,Betano.br,9.75,Betano.br,150.0,Betano.br,30.0,Betano.br,110.0,,0,0,,0,0,,0.0,0.0,,0.0,0.0,,0.0,0.0,,0.0,0.0,,0.0,0.0,,0.0,0.0,,0,0,,0,0,,0,0,0,,0.0,0.0,0,,0.0,0.0,0.0,,0.0,0.0,0.0,,0,0,0.0,,0,0,0,,,,,,,,,,,,,,,,,,,,,,,,,,,,,,,,,,,,,,,,,,,,,,,,,,,,,,,,,,,,,,,,,,,,,,,,,,,,,,,,,,,,,,,,,,,,,,,,,,,,,,,,,,,,,,,,,,,,,,,,,,,,,,,,,,,,,,,,,,,,,,,,,,,,,,,,,,,,,,,,,,,,,,,,,,,,,,,,,,,,,,,,,,,,,,,,,,,,,,,,,,,,,Pro Liga,25ICmKzF
WzNbZsKA,UZBEKISTAN,2024,UZBEKISTAN 2,UZBEKISTAN 2,28/10/2024,10:00,Round 25,Olimpik-Mobiuz,IDKbUznL,Aral,W8MfStER,False,1,0,,,,,,[48],[],Estrelabet,4.33,2.12,2.33,Betano.br,4.1,2.5,2.18,Estrelabet,4.0,3.25,1.81,Estrelabet,1.4,2.71,Estrelabet,2.71,1.4,,0,0,,0,0,,0,0,,0,0,,0.0,0.0,Estrelabet,1.45,2.4,Estrelabet,1.95,1.75,,0.0,0.0,,0.0,0.0,,0.0,0.0,,0,0,,0,0,Betano.br,1.9,1.28,1.21,Betano.br,1.44,1.62,1.19,,0,0,0,Estrelabet,3.0,1.33,Betano.br,2.55,1.45,Betano.br,2.67,1.44,Betano.br,7.0,16.0,31.0,8.5,4.8,4.45,51.0,16.0,2.92,Estrelabet,1.9,1.8,,0,0,,0,0,Betano.br,9.25,Estrelabet,10.0,Estrelabet,6.0,Estrelabet,5.66,Estrelabet,20.0,Estrelabet,7.5,Estrelabet,12.0,Estrelabet,7.5,Estrelabet,14.0,Estrelabet,61.0,Estrelabet,13.0,Estrelabet,36.0,Estrelabet,13.0,Estrelabet,46.0,Estrelabet,26.0,,0,0,,0,0,,0.0,0.0,,0.0,0.0,,0.0,0.0,Estrelabet,1.9,1.75,,0.0,0.0,,0.0,0.0,,0,0,,0,0,,0,0,0,,0.0,0.0,0,,0.0,0.0,0.0,,0.0,0.0,0.0,,0,0,0.0,,0,0,0,,,,,,,,,,,,,,,,,,,,,,,,,,,,,,,,,,,,,,,,,,,,,,,,,,,,,,,,,,,,,,,,,,,,,,,,,,,,,,,,,,,,,,,,,,,,,,,,,,,,,,,,,,,,,,,,,,,,,,,,,,,,,,,,,,,,,,,,,,,,,,,,,,,,,,,,,,,,,,,,,,,,,,,,,,,,,,,,,,,,,,,,,,,,,,,,,,,,,,,,,,,,,Pro Liga,25ICmKzF
Q1EZzeeF,UZBEKISTAN,2024,UZBEKISTAN 2,UZBEKISTAN 2,06/11/2024,10:00,Round 26,Dostlik Tashkent,YPInXx22,Xorazm Urganch,bkJfERao,False,0,0,,,,,,[],[],Estrelabet,4.33,2.12,2.33,,0.0,0.0,0.0,Estrelabet,4.2,3.4,1.73,Estrelabet,1.4,2.71,,0.0,0.0,,0,0,,0,0,,0,0,,0,0,,0.0,0.0,,0.0,0.0,Estrelabet,1.95,1.75,,0.0,0.0,,0.0,0.0,,0.0,0.0,,0,0,,0,0,Estrelabet,1.8,1.23,1.2,,0.0,0.0,0.0,,0,0,0,Estrelabet,3.0,1.33,,0.0,0.0,,0.0,0.0,Estrelabet,6.33,16.0,31.0,8.5,4.75,4.25,61.0,16.0,2.45,Estrelabet,1.9,1.8,,0,0,,0,0,Estrelabet,8.5,Estrelabet,9.5,Estrelabet,5.66,Estrelabet,5.75,Estrelabet,21.0,Estrelabet,6.66,Estrelabet,13.0,Estrelabet,7.5,Estrelabet,15.0,Estrelabet,71.0,Estrelabet,12.0,Estrelabet,41.0,Estrelabet,13.0,Estrelabet,51.0,Estrelabet,26.0,,0,0,,0,0,,0.0,0.0,,0.0,0.0,,0.0,0.0,Estrelabet,1.9,1.75,,0.0,0.0,,0.0,0.0,,0,0,,0,0,,0,0,0,,0.0,0.0,0,,0.0,0.0,0.0,,0.0,0.0,0.0,,0,0,0.0,,0,0,0,,,,,,,,,,,,,,,,,,,,,,,,,,,,,,,,,,,,,,,,,,,,,,,,,,,,,,,,,,,,,,,,,,,,,,,,,,,,,,,,,,,,,,,,,,,,,,,,,,,,,,,,,,,,,,,,,,,,,,,,,,,,,,,,,,,,,,,,,,,,,,,,,,,,,,,,,,,,,,,,,,,,,,,,,,,,,,,,,,,,,,,,,,,,,,,,,,,,,,,,,,,,,Pro Liga,25ICmKzF
W06k85LB,UZBEKISTAN,2024,UZBEKISTAN 2,UZBEKISTAN 2,17/10/2024,11:00,Round 23,Shortan Guzor,vLKxfOET,Xorazm Urganch,bkJfERao,False,1,1,,,,,,[75],[12],,0.0,0.0,0.0,,0.0,0.0,0.0,,0.0,0.0,0.0,,0.0,0.0,,0.0,0.0,,0,0,,0,0,,0,0,,0,0,,0.0,0.0,,0.0,0.0,,0.0,0.0,,0.0,0.0,,0.0,0.0,,0.0,0.0,,0,0,,0,0,,0.0,0.0,0.0,,0.0,0.0,0.0,,0,0,0,,0.0,0.0,,0.0,0.0,,0.0,0.0,,0.0,0.0,0.0,0.0,0.0,0.0,0.0,0.0,0.0,,0.0,0.0,,0,0,,0,0,,0.0,,0.0,,0.0,,0.0,,0.0,,0.0,,0.0,,0.0,,0.0,,0.0,,0.0,,0.0,,0.0,,0.0,,0.0,,0,0,,0,0,,0.0,0.0,,0.0,0.0,,0.0,0.0,,0.0,0.0,,0.0,0.0,,0.0,0.0,,0,0,,0,0,,0,0,0,,0.0,0.0,0,,0.0,0.0,0.0,,0.0,0.0,0.0,,0,0,0.0,,0,0,0,,,,,,,,,,,,,,,,,,,,,,,,,,,,,,,,,,,,,,,,,,,,,,,,,,,,,,,,,,,,,,,,,,,,,,,,,,,,,,,,,,,,,,,,,,,,,,,,,,,,,,,,,,,,,,,,,,,,,,,,,,,,,,,,,,,,,,,,,,,,,,,,,,,,,,,,,,,,,,,,,,,,,,,,,,,,,,,,,,,,,,,,,,,,,,,,,,,,,,,,,,,,,Pro Liga,25ICmKzF
x6iTZvzJ,UZBEKISTAN,2024,UZBEKISTAN 2,UZBEKISTAN 2,06/10/2024,10:45,Round 20,Olimpik-Mobiuz,IDKbUznL,Shortan Guzor,vLKxfOET,False,1,1,,,,,,[52],[54],,0.0,0.0,0.0,,0.0,0.0,0.0,,0.0,0.0,0.0,,0.0,0.0,,0.0,0.0,,0,0,,0,0,,0,0,,0,0,,0.0,0.0,,0.0,0.0,,0.0,0.0,,0.0,0.0,,0.0,0.0,,0.0,0.0,,0,0,,0,0,,0.0,0.0,0.0,,0.0,0.0,0.0,,0,0,0,,0.0,0.0,,0.0,0.0,,0.0,0.0,,0.0,0.0,0.0,0.0,0.0,0.0,0.0,0.0,0.0,,0.0,0.0,,0,0,,0,0,,0.0,,0.0,,0.0,,0.0,,0.0,,0.0,,0.0,,0.0,,0.0,,0.0,,0.0,,0.0,,0.0,,0.0,,0.0,,0,0,,0,0,,0.0,0.0,,0.0,0.0,,0.0,0.0,,0.0,0.0,,0.0,0.0,,0.0,0.0,,0,0,,0,0,,0,0,0,,0.0,0.0,0,,0.0,0.0,0.0,,0.0,0.0,0.0,,0,0,0.0,,0,0,0,,,,,,,,,,,,,,,,,,,,,,,,,,,,,,,,,,,,,,,,,,,,,,,,,,,,,,,,,,,,,,,,,,,,,,,,,,,,,,,,,,,,,,,,,,,,,,,,,,,,,,,,,,,,,,,,,,,,,,,,,,,,,,,,,,,,,,,,,,,,,,,,,,,,,,,,,,,,,,,,,,,,,,,,,,,,,,,,,,,,,,,,,,,,,,,,,,,,,,,,,,,,,Pro Liga,25ICmKzF
Oz3sARja,UZBEKISTAN,2024,UZBEKISTAN 2,UZBEKISTAN 2,16/10/2024,10:45,Round 23,Aral,W8MfStER,Mashal Muborak,6kNEblGu,False,0,0,,,,,,[],[],Betano.br,3.6,1.95,2.92,Novibet,3.3,2.25,2.75,Estrelabet,3.1,3.25,2.08,Novibet,1.43,2.5,,0.0,0.0,,0,0,,0,0,,0,0,,0,0,Novibet,1.06,6.8,Novibet,1.34,2.85,Estrelabet,2.1,1.66,,0.0,0.0,,0.0,0.0,Novibet,1.79,1.87,,0,0,,0,0,Betano.br,1.6,1.31,1.33,Novibet,1.33,1.67,1.25,,0,0,0,Novibet,2.09,1.65,Betano.br,2.1,1.65,Betano.br,2.07,1.7,Betano.br,5.0,14.5,30.0,6.5,4.5,5.5,35.0,13.0,3.75,Novibet,1.89,1.81,,0,0,,0,0,Betano.br,8.0,Betano.br,6.9,Betano.br,6.2,Betano.br,5.3,Betano.br,11.75,Betano.br,9.0,Betano.br,9.0,Betano.br,7.7,Betano.br,12.0,Betano.br,28.0,Betano.br,18.5,Betano.br,22.0,Betano.br,15.5,Betano.br,30.0,Betano.br,24.0,,0,0,,0,0,,0.0,0.0,,0.0,0.0,,0.0,0.0,,0.0,0.0,,0.0,0.0,,0.0,0.0,,0,0,,0,0,,0,0,0,,0.0,0.0,0,,0.0,0.0,0.0,,0.0,0.0,0.0,,0,0,0.0,,0,0,0,,,,,,,,,,,,,,,,,,,,,,,,,,,,,,,,,,,,,,,,,,,,,,,,,,,,,,,,,,,,,,,,,,,,,,,,,,,,,,,,,,,,,,,,,,,,,,,,,,,,,,,,,,,,,,,,,,,,,,,,,,,,,,,,,,,,,,,,,,,,,,,,,,,,,,,,,,,,,,,,,,,,,,,,,,,,,,,,,,,,,,,,,,,,,,,,,,,,,,,,,,,,,Pro Liga,25ICmKzF
lb0K6L4t,UZBEKISTAN,2024,UZBEKISTAN 2,UZBEKISTAN 2,24/09/2024,11:00,Round 21,Buxoro,bcetGYV6,Olimpik-Mobiuz,IDKbUznL,False,5,0,,,,,,"[7, 12, 32, 82, 83]",[],Estrelabet,1.68,2.4,8.5,,0.0,0.0,0.0,Estrelabet,1.25,4.75,10.0,,0.0,0.0,Estrelabet,2.4,1.5,,0,0,,0,0,,0,0,,0,0,,0.0,0.0,,0.0,0.0,Estrelabet,1.7,2.05,,0.0,0.0,,0.0,0.0,,0.0,0.0,,0,0,,0,0,Estrelabet,1.05,1.12,2.75,,0.0,0.0,0.0,,0,0,0,Estrelabet,1.06,7.0,,0.0,0.0,,0.0,0.0,Estrelabet,1.64,21.0,151.0,3.4,6.5,19.0,26.0,21.0,16.0,Estrelabet,1.83,1.83,,0,0,,0,0,Estrelabet,12.0,Estrelabet,5.33,Estrelabet,19.0,Estrelabet,9.0,Estrelabet,4.75,Estrelabet,61.0,Estrelabet,8.0,Estrelabet,31.0,Estrelabet,26.0,Estrelabet,6.33,Estrelabet,251.0,Estrelabet,10.0,Estrelabet,151.0,Estrelabet,36.0,Estrelabet,151.0,,0,0,,0,0,Estrelabet,1.8,1.85,,0.0,0.0,,0.0,0.0,,0.0,0.0,,0.0,0.0,,0.0,0.0,,0,0,,0,0,,0,0,0,,0.0,0.0,0,,0.0,0.0,0.0,,0.0,0.0,0.0,,0,0,0.0,,0,0,0,,,,,,,,,,,,,,,,,,,,,,,,,,,,,,,,,,,,,,,,,,,,,,,,,,,,,,,,,,,,,,,,,,,,,,,,,,,,,,,,,,,,,,,,,,,,,,,,,,,,,,,,,,,,,,,,,,,,,,,,,,,,,,,,,,,,,,,,,,,,,,,,,,,,,,,,,,,,,,,,,,,,,,,,,,,,,,,,,,,,,,,,,,,,,,,,,,,,,,,,,,,,,Pro Liga,25ICmKzF
Iwhy3w45,UZBEKISTAN,2024,UZBEKISTAN 2,UZBEKISTAN 2,03/10/2024,11:00,Round 22,Buxoro,bcetGYV6,Shortan Guzor,vLKxfOET,False,3,0,,,,,,"[34, 51, 90]",[],,0.0,0.0,0.0,,0.0,0.0,0.0,Estrelabet,1.81,3.4,3.75,,0.0,0.0,,0.0,0.0,,0,0,,0,0,,0,0,,0,0,,0.0,0.0,,0.0,0.0,Estrelabet,1.83,1.83,,0.0,0.0,,0.0,0.0,,0.0,0.0,,0,0,,0,0,,0.0,0.0,0.0,,0.0,0.0,0.0,,0,0,0,,0.0,0.0,,0.0,0.0,,0.0,0.0,,0.0,0.0,0.0,0.0,0.0,0.0,0.0,0.0,0.0,,0.0,0.0,,0,0,,0,0,,0.0,,0.0,,0.0,,0.0,,0.0,,0.0,,0.0,,0.0,,0.0,,0.0,,0.0,,0.0,,0.0,,0.0,,0.0,,0,0,,0,0,,0.0,0.0,,0.0,0.0,,0.0,0.0,,0.0,0.0,,0.0,0.0,,0.0,0.0,,0,0,,0,0,,0,0,0,,0.0,0.0,0,,0.0,0.0,0.0,,0.0,0.0,0.0,,0,0,0.0,,0,0,0,,,,,,,,,,,,,,,,,,,,,,,,,,,,,,,,,,,,,,,,,,,,,,,,,,,,,,,,,,,,,,,,,,,,,,,,,,,,,,,,,,,,,,,,,,,,,,,,,,,,,,,,,,,,,,,,,,,,,,,,,,,,,,,,,,,,,,,,,,,,,,,,,,,,,,,,,,,,,,,,,,,,,,,,,,,,,,,,,,,,,,,,,,,,,,,,,,,,,,,,,,,,,Pro Liga,25ICmKzF
I3ySy156,UZBEKISTAN,2024,UZBEKISTAN 2,UZBEKISTAN 2,12/10/2024,11:30,Round 20,Kokand 1912,6DWZyFY4,Dostlik Tashkent,YPInXx22,False,1,0,,,,,,[45],[],,0.0,0.0,0.0,,0.0,0.0,0.0,Estrelabet,1.35,4.5,6.66,,0.0,0.0,,0.0,0.0,,0,0,,0,0,,0,0,,0,0,,0.0,0.0,,0.0,0.0,Estrelabet,1.95,1.75,,0.0,0.0,,0.0,0.0,,0.0,0.0,,0,0,,0,0,,0.0,0.0,0.0,,0.0,0.0,0.0,,0,0,0,,0.0,0.0,,0.0,0.0,,0.0,0.0,,0.0,0.0,0.0,0.0,0.0,0.0,0.0,0.0,0.0,,0.0,0.0,,0,0,,0,0,,0.0,,0.0,,0.0,,0.0,,0.0,,0.0,,0.0,,0.0,,0.0,,0.0,,0.0,,0.0,,0.0,,0.0,,0.0,,0,0,,0,0,,0.0,0.0,,0.0,0.0,,0.0,0.0,,0.0,0.0,,0.0,0.0,,0.0,0.0,,0,0,,0,0,,0,0,0,,0.0,0.0,0,,0.0,0.0,0.0,,0.0,0.0,0.0,,0,0,0.0,,0,0,0,,,,,,,,,,,,,,,,,,,,,,,,,,,,,,,,,,,,,,,,,,,,,,,,,,,,,,,,,,,,,,,,,,,,,,,,,,,,,,,,,,,,,,,,,,,,,,,,,,,,,,,,,,,,,,,,,,,,,,,,,,,,,,,,,,,,,,,,,,,,,,,,,,,,,,,,,,,,,,,,,,,,,,,,,,,,,,,,,,,,,,,,,,,,,,,,,,,,,,,,,,,,,Pro Liga,25ICmKzF
2TvizlU1,UZBEKISTAN,2024,UZBEKISTAN 2,UZBEKISTAN 2,09/09/2024,11:30,Round 19,Olimpik-Mobiuz,IDKbUznL,Kokand 1912,6DWZyFY4,False,2,2,,,,,,"[10, 70]","[37, 46]",Betano.br,4.8,2.02,2.35,Betano.br,4.6,2.45,2.12,Estrelabet,4.5,3.4,1.68,Betano.br,1.44,2.3,,0.0,0.0,,0,0,,0,0,,0,0,,0,0,,0.0,0.0,,0.0,0.0,Estrelabet,2.2,1.6,,0.0,0.0,,0.0,0.0,,0.0,0.0,,0,0,,0,0,Betano.br,2.05,1.26,1.18,Betano.br,1.47,1.65,1.16,,0,0,0,Betano.br,3.0,1.29,Betano.br,2.82,1.38,Betano.br,2.95,1.37,Betano.br,7.6,16.0,27.0,9.0,4.75,4.15,55.0,15.5,2.7,Betano.br,1.83,1.8,,0,0,,0,0,Betano.br,8.0,Betano.br,8.5,Betano.br,5.0,Betano.br,5.8,Betano.br,18.0,Betano.br,6.2,Betano.br,12.5,Betano.br,7.2,Betano.br,15.0,Betano.br,55.0,Betano.br,10.75,Betano.br,37.0,Betano.br,12.5,Betano.br,45.0,Betano.br,26.0,,0,0,,0,0,,0.0,0.0,,0.0,0.0,,0.0,0.0,,0.0,0.0,,0.0,0.0,,0.0,0.0,,0,0,,0,0,,0,0,0,,0.0,0.0,0,,0.0,0.0,0.0,,0.0,0.0,0.0,,0,0,0.0,,0,0,0,,,,,,,,,,,,,,,,,,,,,,,,,,,,,,,,,,,,,,,,,,,,,,,,,,,,,,,,,,,,,,,,,,,,,,,,,,,,,,,,,,,,,,,,,,,,,,,,,,,,,,,,,,,,,,,,,,,,,,,,,,,,,,,,,,,,,,,,,,,,,,,,,,,,,,,,,,,,,,,,,,,,,,,,,,,,,,,,,,,,,,,,,,,,,,,,,,,,,,,,,,,,,Pro Liga,25ICmKzF
4fjq1HYH,UZBEKISTAN,2024,UZBEKISTAN 2,UZBEKISTAN 2,08/10/2024,11:30,Round 22,Kokand 1912,6DWZyFY4,Mashal Muborak,6kNEblGu,False,1,1,,,,,,[45],[84],Betano.br,3.6,2.2,2.52,Betano.br,3.45,2.7,2.3,Betano.br,3.2,3.5,1.95,Novibet,1.38,2.65,Estrelabet,2.4,1.5,,0,0,,0,0,,0,0,,0,0,Novibet,1.03,8.0,Novibet,1.26,3.3,Betano.br,1.6,2.05,,0.0,0.0,,0.0,0.0,Novibet,1.69,2.0,,0,0,,0,0,Betano.br,1.78,1.25,1.29,Novibet,1.36,1.57,1.25,,0,0,0,Betano.br,2.32,1.47,Betano.br,2.25,1.57,Betano.br,2.32,1.57,Betano.br,5.4,14.0,31.0,7.3,5.6,6.33,32.0,14.0,3.75,Estrelabet,1.9,1.8,,0,0,,0,0,Betano.br,13.0,Betano.br,10.75,Betano.br,7.8,Betano.br,6.2,Betano.br,16.0,Estrelabet,11.0,Betano.br,9.5,Estrelabet,8.5,Estrelabet,12.0,Betano.br,35.0,Estrelabet,21.0,Betano.br,20.0,Estrelabet,17.0,Estrelabet,26.0,Estrelabet,26.0,,0,0,,0,0,,0.0,0.0,,0.0,0.0,Estrelabet,2.3,1.5,Estrelabet,1.45,2.4,,0.0,0.0,,0.0,0.0,,0,0,,0,0,,0,0,0,,0.0,0.0,0,,0.0,0.0,0.0,,0.0,0.0,0.0,,0,0,0.0,,0,0,0,,,,,,,,,,,,,,,,,,,,,,,,,,,,,,,,,,,,,,,,,,,,,,,,,,,,,,,,,,,,,,,,,,,,,,,,,,,,,,,,,,,,,,,,,,,,,,,,,,,,,,,,,,,,,,,,,,,,,,,,,,,,,,,,,,,,,,,,,,,,,,,,,,,,,,,,,,,,,,,,,,,,,,,,,,,,,,,,,,,,,,,,,,,,,,,,,,,,,,,,,,,,,Pro Liga,25ICmKzF
xKW1lvkC,UZBEKISTAN,2024,UZBEKISTAN 2,UZBEKISTAN 2,24/09/2024,12:00,Round 21,Shortan Guzor,vLKxfOET,Kokand 1912,6DWZyFY4,False,1,1,,,,,,[54],[12],,0.0,0.0,0.0,,0.0,0.0,0.0,,0.0,0.0,0.0,,0.0,0.0,,0.0,0.0,,0,0,,0,0,,0,0,,0,0,,0.0,0.0,,0.0,0.0,,0.0,0.0,,0.0,0.0,,0.0,0.0,,0.0,0.0,,0,0,,0,0,,0.0,0.0,0.0,,0.0,0.0,0.0,,0,0,0,,0.0,0.0,,0.0,0.0,,0.0,0.0,,0.0,0.0,0.0,0.0,0.0,0.0,0.0,0.0,0.0,,0.0,0.0,,0,0,,0,0,,0.0,,0.0,,0.0,,0.0,,0.0,,0.0,,0.0,,0.0,,0.0,,0.0,,0.0,,0.0,,0.0,,0.0,,0.0,,0,0,,0,0,,0.0,0.0,,0.0,0.0,,0.0,0.0,,0.0,0.0,,0.0,0.0,,0.0,0.0,,0,0,,0,0,,0,0,0,,0.0,0.0,0,,0.0,0.0,0.0,,0.0,0.0,0.0,,0,0,0.0,,0,0,0,,,,,,,,,,,,,,,,,,,,,,,,,,,,,,,,,,,,,,,,,,,,,,,,,,,,,,,,,,,,,,,,,,,,,,,,,,,,,,,,,,,,,,,,,,,,,,,,,,,,,,,,,,,,,,,,,,,,,,,,,,,,,,,,,,,,,,,,,,,,,,,,,,,,,,,,,,,,,,,,,,,,,,,,,,,,,,,,,,,,,,,,,,,,,,,,,,,,,,,,,,,,,Pro Liga,25ICmKzF
dO3S4aZh,UZBEKISTAN,2024,UZBEKISTAN 2,UZBEKISTAN 2,03/10/2024,11:00,Round 22,Dostlik Tashkent,YPInXx22,Aral,W8MfStER,False,2,1,,,,,,"[63, 90]",[71],,0.0,0.0,0.0,,0.0,0.0,0.0,Estrelabet,5.33,4.0,1.48,,0.0,0.0,,0.0,0.0,,0,0,,0,0,,0,0,,0,0,,0.0,0.0,,0.0,0.0,Estrelabet,1.7,2.05,,0.0,0.0,,0.0,0.0,,0.0,0.0,,0,0,,0,0,,0.0,0.0,0.0,,0.0,0.0,0.0,,0,0,0,,0.0,0.0,,0.0,0.0,,0.0,0.0,,0.0,0.0,0.0,0.0,0.0,0.0,0.0,0.0,0.0,,0.0,0.0,,0,0,,0,0,,0.0,,0.0,,0.0,,0.0,,0.0,,0.0,,0.0,,0.0,,0.0,,0.0,,0.0,,0.0,,0.0,,0.0,,0.0,,0,0,,0,0,,0.0,0.0,,0.0,0.0,,0.0,0.0,,0.0,0.0,,0.0,0.0,,0.0,0.0,,0,0,,0,0,,0,0,0,,0.0,0.0,0,,0.0,0.0,0.0,,0.0,0.0,0.0,,0,0,0.0,,0,0,0,,,,,,,,,,,,,,,,,,,,,,,,,,,,,,,,,,,,,,,,,,,,,,,,,,,0.0,1.0,,,,,,,,,,,,,,,,,,,,,,,,,,,,,,,,,,,,,,,,,,,,,,,,,,,,,,,,,,,,,,,,,,,,,,,,,,,,,,,,,,,,,,,,,,,,,,,,,,,,,,,,,,,,,,,,,,,,,,,,,,,,,,,,,,,,,,,0.0,1.0,,,,,,,,,,,,,,,,,Pro Liga,25ICmKzF
lpLohMkm,UZBEKISTAN,2024,UZBEKISTAN 2,UZBEKISTAN 2,18/09/2024,11:30,Round 20,Aral,W8MfStER,Buxoro,bcetGYV6,False,1,0,,,,,,[81],[],Novibet,3.9,1.93,2.9,Betano.br,3.6,2.3,2.6,Estrelabet,3.2,3.1,2.1,Novibet,1.49,2.35,,0.0,0.0,,0,0,,0,0,,0,0,,0,0,Novibet,1.07,6.2,Novibet,1.43,2.55,Novibet,2.3,1.52,,0.0,0.0,,0.0,0.0,Novibet,2.03,1.7,,0,0,,0,0,Betano.br,1.65,1.31,1.3,Novibet,1.33,1.73,1.22,,0,0,0,Novibet,2.25,1.57,Betano.br,2.18,1.6,Betano.br,2.25,1.6,Novibet,5.5,15.0,32.0,7.0,4.33,5.0,45.0,15.0,3.6,Novibet,1.87,1.82,,0,0,,0,0,Betano.br,7.0,Betano.br,6.5,Betano.br,5.2,Betano.br,5.3,Betano.br,12.0,Betano.br,7.6,Betano.br,10.0,Betano.br,7.9,Betano.br,14.5,Betano.br,32.0,Betano.br,16.0,Betano.br,26.0,Betano.br,16.5,Betano.br,37.0,Betano.br,30.0,,0,0,,0,0,,0.0,0.0,,0.0,0.0,,0.0,0.0,,0.0,0.0,,0.0,0.0,,0.0,0.0,,0,0,,0,0,,0,0,0,,0.0,0.0,0,,0.0,0.0,0.0,,0.0,0.0,0.0,,0,0,0.0,,0,0,0,,,,,,,,,,,,,,,,,,,,,,,,,,,,,,,,,,,,,,,,,,,,,,,,,,,,,,,,,,,,,,,,,,,,,,,,,,,,,,,,,,,,,,,,,,,,,,,,,,,,,,,,,,,,,,,,,,,,,,,,,,,,,,,,,,,,,,,,,,,,,,,,,,,,,,,,,,,,,,,,,,,,,,,,,,,,,,,,,,,,,,,,,,,,,,,,,,,,,,,,,,,,,Pro Liga,25ICmKzF
dAOgj0Ka,UZBEKISTAN,2024,UZBEKISTAN 2,UZBEKISTAN 2,24/09/2024,11:30,Round 21,Xorazm Urganch,bkJfERao,Aral,W8MfStER,False,3,1,,,,,,"[46, 55, 72]",[75],,0.0,0.0,0.0,,0.0,0.0,0.0,Estrelabet,2.62,3.1,2.45,,0.0,0.0,,0.0,0.0,,0,0,,0,0,,0,0,,0,0,,0.0,0.0,,0.0,0.0,Estrelabet,2.54,1.45,,0.0,0.0,,0.0,0.0,,0.0,0.0,,0,0,,0,0,,0.0,0.0,0.0,,0.0,0.0,0.0,,0,0,0,,0.0,0.0,,0.0,0.0,,0.0,0.0,,0.0,0.0,0.0,0.0,0.0,0.0,0.0,0.0,0.0,,0.0,0.0,,0,0,,0,0,,0.0,,0.0,,0.0,,0.0,,0.0,,0.0,,0.0,,0.0,,0.0,,0.0,,0.0,,0.0,,0.0,,0.0,,0.0,,0,0,,0,0,,0.0,0.0,,0.0,0.0,,0.0,0.0,,0.0,0.0,,0.0,0.0,,0.0,0.0,,0,0,,0,0,,0,0,0,,0.0,0.0,0,,0.0,0.0,0.0,,0.0,0.0,0.0,,0,0,0.0,,0,0,0,,,,,,,,,,,,,,,,,,,,,,,,,,,,,,,,,,,,,,,,,,,,,,,,,,,,,,,,,,,,,,,,,,,,,,,,,,,,,,,,,,,,,,,,,,,,,,,,,,,,,,,,,,,,,,,,,,,,,,,,,,,,,,,,,,,,,,,,,,,,,,,,,,,,,,,,,,,,,,,,,,,,,,,,,,,,,,,,,,,,,,,,,,,,,,,,,,,,,,,,,,,,,Pro Liga,25ICmKzF
UsaUirIG,UZBEKISTAN,2024,UZBEKISTAN 2,UZBEKISTAN 2,28/08/2024,14:30,Round 18,Mashal Muborak,6kNEblGu,Shortan Guzor,vLKxfOET,False,3,1,,,,,,"[11, 44, 53]",[45],Novibet,2.7,2.02,3.9,Novibet,2.5,2.35,3.55,Estrelabet,2.05,3.2,3.25,Novibet,1.42,2.5,,0.0,0.0,,0,0,,0,0,,0,0,,0,0,Novibet,1.05,6.9,Novibet,1.34,2.85,Estrelabet,2.1,1.66,,0.0,0.0,,0.0,0.0,Novibet,1.86,1.83,,0,0,,0,0,Betano.br,1.3,1.3,1.65,Novibet,1.22,1.67,1.38,,0,0,0,Novibet,1.52,2.35,Novibet,1.58,2.25,Betano.br,1.6,2.25,Betano.br,3.5,14.0,45.0,5.0,4.5,7.0,28.0,13.5,5.5,Novibet,1.87,1.82,,0,0,,0,0,Betano.br,8.25,Betano.br,5.8,Betano.br,7.6,Betano.br,5.3,Betano.br,8.25,Betano.br,13.0,Betano.br,7.6,Betano.br,9.5,Betano.br,12.0,Betano.br,16.5,Betano.br,32.0,Betano.br,15.0,Betano.br,23.0,Betano.br,25.0,Betano.br,29.0,,0,0,,0,0,,0.0,0.0,,0.0,0.0,,0.0,0.0,,0.0,0.0,,0.0,0.0,,0.0,0.0,,0,0,,0,0,,0,0,0,,0.0,0.0,0,,0.0,0.0,0.0,,0.0,0.0,0.0,,0,0,0.0,,0,0,0,,,,,,,,,,,,,,,,,,,,,,,,,,,,,,,,,,,,,,,,,,,,,,,,,,,,,,,,,,,,,,,,,,,,,,,,,,,,,,,,,,,,,,,,,,,,,,,,,,,,,,,,,,,,,,,,,,,,,,,,,,,,,,,,,,,,,,,,,,,,,,,,,,,,,,,,,,,,,,,,,,,,,,,,,,,,,,,,,,,,,,,,,,,,,,,,,,,,,,,,,,,,,Pro Liga,25ICmKzF
0Mqhae3U,UZBEKISTAN,2024,UZBEKISTAN 2,UZBEKISTAN 2,03/10/2024,10:00,Round 22,Xorazm Urganch,bkJfERao,Olimpik-Mobiuz,IDKbUznL,False,1,1,,,,,,[44],[12],,0.0,0.0,0.0,,0.0,0.0,0.0,Estrelabet,1.96,3.33,3.33,,0.0,0.0,,0.0,0.0,,0,0,,0,0,,0,0,,0,0,,0.0,0.0,,0.0,0.0,Estrelabet,2.2,1.6,,0.0,0.0,,0.0,0.0,,0.0,0.0,,0,0,,0,0,,0.0,0.0,0.0,,0.0,0.0,0.0,,0,0,0,,0.0,0.0,,0.0,0.0,,0.0,0.0,,0.0,0.0,0.0,0.0,0.0,0.0,0.0,0.0,0.0,,0.0,0.0,,0,0,,0,0,,0.0,,0.0,,0.0,,0.0,,0.0,,0.0,,0.0,,0.0,,0.0,,0.0,,0.0,,0.0,,0.0,,0.0,,0.0,,0,0,,0,0,,0.0,0.0,,0.0,0.0,,0.0,0.0,,0.0,0.0,,0.0,0.0,,0.0,0.0,,0,0,,0,0,,0,0,0,,0.0,0.0,0,,0.0,0.0,0.0,,0.0,0.0,0.0,,0,0,0.0,,0,0,0,,,,,,,,,,,,,,,,,,,,,,,,,,,,,,,,,,,,,,,,,,,,,,,,,,,,,,,,,,,,,,,,,,,,,,,,,,,,,,,,,,,,,,,,,,,,,,,,,,,,,,,,,,,,,,,,,,,,,,,,,,,,,,,,,,,,,,,,,,,,,,,,,,,,,,,,,,,,,,,,,,,,,,,,,,,,,,,,,,,,,,,,,,,,,,,,,,,,,,,,,,,,,Pro Liga,25ICmKzF
rPHwbiM8,UZBEKISTAN,2024,UZBEKISTAN 2,UZBEKISTAN 2,11/09/2024,12:30,Round 19,Shortan Guzor,vLKxfOET,Aral,W8MfStER,False,4,0,,,,,,"[50, 70, 85, 89]",[],Betano.br,3.05,2.0,3.3,Betano.br,2.75,2.42,3.1,Betano.br,2.4,3.1,2.72,Betano.br,1.4,2.4,,0.0,0.0,,0,0,,0,0,,0,0,,0,0,,0.0,0.0,,0.0,0.0,Estrelabet,1.97,1.72,,0.0,0.0,,0.0,0.0,,0.0,0.0,,0,0,,0,0,Estrelabet,1.33,1.3,1.7,Betano.br,1.28,1.65,1.31,,0,0,0,Estrelabet,1.52,2.3,Betano.br,1.78,1.93,Betano.br,1.75,2.0,Betano.br,4.0,14.0,32.0,5.5,4.6,6.0,28.0,12.5,4.65,Betano.br,1.85,1.78,,0,0,,0,0,Betano.br,8.75,Betano.br,6.6,Betano.br,7.5,Estrelabet,5.33,Betano.br,9.75,Estrelabet,13.0,Estrelabet,8.0,Estrelabet,9.5,Estrelabet,13.0,Betano.br,20.0,Estrelabet,36.0,Estrelabet,18.0,Estrelabet,26.0,Estrelabet,31.0,Estrelabet,36.0,,0,0,,0,0,,0.0,0.0,,0.0,0.0,,0.0,0.0,,0.0,0.0,,0.0,0.0,,0.0,0.0,,0,0,,0,0,,0,0,0,,0.0,0.0,0,,0.0,0.0,0.0,,0.0,0.0,0.0,,0,0,0.0,,0,0,0,,,,,,,,,,,,,,,,,,,,,,,,,,,,,,,,,,,,,,,,,,,,,,,,,,,0.0,1.0,,,,,,,,,,,,,,,,,,,,,,,,,,,,,,,,,,,,,,,,,,,,,,,,,,,,,,,,,,,,,,,,,,,,,,,,,,,,,,,,,,,,,,,,,,,,,,,,,,,,,,,,,,,,,,,,,,,,,,,,,,,,,,,,,,,,,,,0.0,1.0,,,,,,,,,,,,,,,,,Pro Liga,25ICmKzF
YF5Lg4m4,UZBEKISTAN,2024,UZBEKISTAN 2,UZBEKISTAN 2,27/08/2024,13:00,Round 18,Kokand 1912,6DWZyFY4,Xorazm Urganch,bkJfERao,False,1,0,,,,,,[35],[],,0.0,0.0,0.0,,0.0,0.0,0.0,Estrelabet,1.48,3.8,5.75,,0.0,0.0,,0.0,0.0,,0,0,,0,0,,0,0,,0,0,,0.0,0.0,,0.0,0.0,Estrelabet,1.9,1.8,,0.0,0.0,,0.0,0.0,,0.0,0.0,,0,0,,0,0,,0.0,0.0,0.0,,0.0,0.0,0.0,,0,0,0,,0.0,0.0,,0.0,0.0,,0.0,0.0,,0.0,0.0,0.0,0.0,0.0,0.0,0.0,0.0,0.0,,0.0,0.0,,0,0,,0,0,,0.0,,0.0,,0.0,,0.0,,0.0,,0.0,,0.0,,0.0,,0.0,,0.0,,0.0,,0.0,,0.0,,0.0,,0.0,,0,0,,0,0,,0.0,0.0,,0.0,0.0,,0.0,0.0,,0.0,0.0,,0.0,0.0,,0.0,0.0,,0,0,,0,0,,0,0,0,,0.0,0.0,0,,0.0,0.0,0.0,,0.0,0.0,0.0,,0,0,0.0,,0,0,0,,,,,,,,,,,,,,,,,,,,,,,,,,,,,,,,,,,,,,,,,,,,,,,,,,,,,,,,,,,,,,,,,,,,,,,,,,,,,,,,,,,,,,,,,,,,,,,,,,,,,,,,,,,,,,,,,,,,,,,,,,,,,,,,,,,,,,,,,,,,,,,,,,,,,,,,,,,,,,,,,,,,,,,,,,,,,,,,,,,,,,,,,,,,,,,,,,,,,,,,,,,,,Pro Liga,25ICmKzF
027DeQIi,UZBEKISTAN,2024,UZBEKISTAN 2,UZBEKISTAN 2,27/08/2024,12:30,Round 18,Dostlik Tashkent,YPInXx22,Buxoro,bcetGYV6,False,1,2,,,,,,[43],"[65, 89]",Estrelabet,6.0,2.05,2.05,,0.0,0.0,0.0,Estrelabet,5.75,4.0,1.42,Estrelabet,1.4,2.54,Estrelabet,2.4,1.45,,0,0,,0,0,,0,0,,0,0,,0.0,0.0,,0.0,0.0,Estrelabet,1.8,1.85,Estrelabet,2.83,1.33,,0.0,0.0,,0.0,0.0,,0,0,,0,0,Estrelabet,2.37,1.15,1.05,,0.0,0.0,0.0,,0,0,0,Estrelabet,4.25,1.15,Estrelabet,3.5,1.22,,0.0,0.0,Estrelabet,11.0,20.0,21.0,12.0,5.75,3.5,51.0,20.0,2.2,Estrelabet,1.83,1.83,,0,0,,0,0,Estrelabet,8.0,Estrelabet,13.0,Estrelabet,5.5,Estrelabet,7.0,Estrelabet,31.0,Estrelabet,5.66,Estrelabet,17.0,Estrelabet,7.0,Estrelabet,18.0,Estrelabet,41.0,Estrelabet,8.5,Estrelabet,41.0,Estrelabet,11.0,Estrelabet,41.0,Estrelabet,26.0,,0,0,,0,0,,0.0,0.0,,0.0,0.0,,0.0,0.0,,0.0,0.0,,0.0,0.0,Estrelabet,1.55,2.2,,0,0,,0,0,,0,0,0,,0.0,0.0,0,Estrelabet,0.0,0.0,2.2,Estrelabet,2.37,3.66,0.0,,0,0,0.0,,0,0,0,,,,,,,,,,,,,,,,,,,,,,,,,,,,,,,,,,,,,,,,,,,,,,,,,,,0.0,1.0,,,,,,,,,,,,,,,,,,,,,,,,,,,,,,,,,,,,,,,,,,,,,,,,,,,,,,,,,,,,,,,,,,,,,,,,,,,,,,,,,,,,,,,,,,,,,,,,,,,,,,,,,,,,,,,,,,,,,,,,,,,,,,,,,,,,,,,0.0,1.0,,,,,,,,,,,,,,,,,Pro Liga,25ICmKzF
AXU9nIJO,UZBEKISTAN,2024,UZBEKISTAN 2,UZBEKISTAN 2,24/09/2024,11:00,Round 21,Dostlik Tashkent,YPInXx22,Mashal Muborak,6kNEblGu,False,1,2,,,,,,[84],"[79, 90]",Estrelabet,8.5,2.4,1.68,,0.0,0.0,0.0,Estrelabet,11.0,5.0,1.22,,0.0,0.0,Estrelabet,2.4,1.5,,0,0,,0,0,,0,0,,0,0,,0.0,0.0,,0.0,0.0,Estrelabet,1.66,2.1,,0.0,0.0,,0.0,0.0,,0.0,0.0,,0,0,,0,0,Estrelabet,2.75,1.12,1.05,,0.0,0.0,0.0,,0,0,0,Estrelabet,7.0,1.06,,0.0,0.0,,0.0,0.0,Estrelabet,16.0,21.0,26.0,19.0,6.5,3.4,151.0,21.0,1.64,Estrelabet,1.83,1.83,,0,0,,0,0,Estrelabet,12.0,Estrelabet,19.0,Estrelabet,5.33,Estrelabet,8.5,Estrelabet,61.0,Estrelabet,4.75,Estrelabet,26.0,Estrelabet,8.0,Estrelabet,26.0,Estrelabet,251.0,Estrelabet,6.33,Estrelabet,151.0,Estrelabet,10.0,Estrelabet,101.0,Estrelabet,36.0,,0,0,,0,0,,0.0,0.0,,0.0,0.0,,0.0,0.0,,0.0,0.0,,0.0,0.0,Estrelabet,1.85,1.8,,0,0,,0,0,,0,0,0,,0.0,0.0,0,,0.0,0.0,0.0,,0.0,0.0,0.0,,0,0,0.0,,0,0,0,,,,,,,,,,,,,,,,,,,,,,,,,,,,,,,,,,,,,,,,,,,,,,,,,,,,,,,,,,,,,,,,,,,,,,,,,,,,,,,,,,,,,,,,,,,,,,,,,,,,,,,,,,,,,,,,,,,,,,,,,,,,,,,,,,,,,,,,,,,,,,,,,,,,,,,,,,,,,,,,,,,,,,,,,,,,,,,,,,,,,,,,,,,,,,,,,,,,,,,,,,,,,Pro Liga,25ICmKzF
zu2xjMnT,UZBEKISTAN,2024,UZBEKISTAN 2,UZBEKISTAN 2,28/08/2024,13:00,Round 18,Aral,W8MfStER,Olimpik-Mobiuz,IDKbUznL,False,1,1,,,,,,[13],[87],Novibet,2.05,2.15,5.9,Betano.br,1.82,2.65,5.7,Estrelabet,1.45,3.8,6.33,Novibet,1.37,2.65,,0.0,0.0,,0,0,,0,0,,0,0,,0,0,Novibet,1.04,7.5,Novibet,1.29,3.15,Estrelabet,1.9,1.8,,0.0,0.0,,0.0,0.0,Novibet,1.97,1.74,,0,0,,0,0,Betano.br,1.12,1.21,2.52,Betano.br,1.13,1.55,1.62,,0,0,0,Novibet,1.19,4.15,Betano.br,1.26,3.5,Betano.br,1.24,3.8,Betano.br,2.25,17.0,65.0,4.0,5.5,11.75,23.0,17.0,10.5,Novibet,1.87,1.82,,0,0,,0,0,Betano.br,9.5,Betano.br,5.2,Betano.br,11.75,Betano.br,6.6,Betano.br,5.5,Betano.br,27.0,Betano.br,7.0,Betano.br,15.5,Betano.br,15.5,Betano.br,8.25,Betano.br,90.0,Betano.br,10.5,Betano.br,50.0,Betano.br,24.0,Betano.br,50.0,,0,0,,0,0,,0.0,0.0,Betano.br,1.75,1.85,,0.0,0.0,,0.0,0.0,,0.0,0.0,,0.0,0.0,,0,0,,0,0,,0,0,0,,0.0,0.0,0,Novibet,2.5,3.4,0.0,Novibet,0.0,0.0,2.3,,0,0,0.0,,0,0,0,,,,,,,,,,,,,,,,,,,,,,,,,,,,,,,,,,,,,,,,,,,,,,,,,,,,,,,,,,,,,,,,,,,,,,,,,,,,,,,,,,,,,,,,,,,,,,,,,,,,,,,,,,,,,,,,,,,,,,,,,,,,,,,,,,,,,,,,,,,,,,,,,,,,,,,,,,,,,,,,,,,,,,,,,,,,,,,,,,,,,,,,,,,,,,,,,,,,,,,,,,,,,Pro Liga,25ICmKzF
4CqFcrSP,UZBEKISTAN,2024,UZBEKISTAN 2,UZBEKISTAN 2,18/09/2024,13:00,Round 20,Mashal Muborak,6kNEblGu,Xorazm Urganch,bkJfERao,False,2,1,,,,,,"[32, 38]",[62],Betano.br,1.75,2.15,11.0,Betano.br,1.55,2.75,11.5,Betano.br,1.25,4.45,12.0,Betano.br,1.44,2.3,,0.0,0.0,,0,0,,0,0,,0,0,,0,0,,0.0,0.0,,0.0,0.0,Betano.br,2.07,1.6,,0.0,0.0,,0.0,0.0,,0.0,0.0,,0,0,,0,0,Betano.br,1.04,1.15,2.9,Betano.br,1.05,1.53,1.83,,0,0,0,Betano.br,1.05,6.4,Betano.br,1.09,6.0,Betano.br,1.08,6.8,Betano.br,1.78,27.0,200.0,3.2,5.6,22.0,32.0,27.0,23.0,Betano.br,1.83,1.8,,0,0,,0,0,Betano.br,7.5,Betano.br,3.9,Betano.br,16.0,Betano.br,9.0,Betano.br,3.85,Betano.br,65.0,Betano.br,9.0,Betano.br,37.0,Betano.br,37.0,Betano.br,5.3,Betano.br,400.0,Betano.br,12.5,Betano.br,200.0,Betano.br,55.0,Betano.br,200.0,,0,0,,0,0,Betano.br,1.78,1.83,,0.0,0.0,,0.0,0.0,,0.0,0.0,,0.0,0.0,,0.0,0.0,,0,0,,0,0,,0,0,0,,0.0,0.0,0,,0.0,0.0,0.0,,0.0,0.0,0.0,,0,0,0.0,,0,0,0,,,,,,,,,,,,,,,,,,,,,,,,,,,,,,,,,,,,,,,,,,,,,,,,,,,,,,,,,,,,,,,,,,,,,,,,,,,,,,,,,,,,,,,,,,,,,,,,,,,,,,,,,,,,,,,,,,,,,,,,,,,,,,,,,,,,,,,,,,,,,,,,,,,,,,,,,,,,,,,,,,,,,,,,,,,,,,,,,,,,,,,,,,,,,,,,,,,,,,,,,,,,,Pro Liga,25ICmKzF
lOqBuq6s,UZBEKISTAN,2024,UZBEKISTAN 2,UZBEKISTAN 2,11/09/2024,12:00,Round 19,Xorazm Urganch,bkJfERao,Dostlik Tashkent,YPInXx22,False,0,2,,,,,,[],"[29, 90]",Betano.br,2.1,2.15,5.2,Betano.br,1.91,2.67,5.0,Estrelabet,1.47,3.8,6.0,,0.0,0.0,Betano.br,2.5,1.37,,0,0,,0,0,,0,0,,0,0,,0.0,0.0,,0.0,0.0,Estrelabet,1.9,1.8,,0.0,0.0,,0.0,0.0,,0.0,0.0,,0,0,,0,0,Betano.br,1.15,1.22,2.32,Betano.br,1.15,1.55,1.57,,0,0,0,Estrelabet,1.16,4.33,Betano.br,1.3,3.2,Betano.br,1.3,3.35,Betano.br,2.37,15.5,50.0,4.0,5.5,10.5,23.0,16.5,8.75,Betano.br,1.83,1.8,,0,0,,0,0,Betano.br,10.25,Betano.br,5.8,Estrelabet,13.0,Estrelabet,6.66,Betano.br,6.2,Estrelabet,31.0,Estrelabet,7.5,Estrelabet,17.0,Estrelabet,18.0,Betano.br,9.5,Estrelabet,101.0,Estrelabet,11.0,Estrelabet,71.0,Estrelabet,31.0,Estrelabet,71.0,,0,0,,0,0,,0.0,0.0,Betano.br,1.88,1.72,,0.0,0.0,,0.0,0.0,,0.0,0.0,,0.0,0.0,,0,0,,0,0,,0,0,0,,0.0,0.0,0,,0.0,0.0,0.0,,0.0,0.0,0.0,,0,0,0.0,,0,0,0,,,,,,,,,,,,,,,,,,,,,,,,,,,,,,,,,,,,,,,,,,,,,,,,,,,,,,,,,,,,,,,,,,,,,,,,,,,,,,,,,,,,,,,,,,,,,,,,,,,,,,,,,,,,,,,,,,,,,,,,,,,,,,,,,,,,,,,,,,,,,,,,,,,,,,,,,,,,,,,,,,,,,,,,,,,,,,,,,,,,,,,,,,,,,,,,,,,,,,,,,,,,,Pro Liga,25ICmKzF
pjwKwNzf,UZBEKISTAN,2024,UZBEKISTAN 2,UZBEKISTAN 2,12/09/2024,12:00,Round 19,Buxoro,bcetGYV6,Mashal Muborak,6kNEblGu,False,0,1,,,,,,[],[7],Estrelabet,2.71,1.96,4.0,,0.0,0.0,0.0,Estrelabet,2.1,3.1,3.2,Estrelabet,1.45,2.54,,0.0,0.0,,0,0,,0,0,,0,0,,0,0,,0.0,0.0,,0.0,0.0,Estrelabet,2.4,1.5,,0.0,0.0,,0.0,0.0,,0.0,0.0,,0,0,,0,0,Estrelabet,1.28,1.28,1.55,,0.0,0.0,0.0,,0,0,0,Estrelabet,1.55,2.28,,0.0,0.0,,0.0,0.0,Estrelabet,3.1,16.0,51.0,4.75,4.0,7.0,36.0,16.0,5.0,Estrelabet,1.83,1.83,,0,0,,0,0,Estrelabet,6.33,Estrelabet,5.0,Estrelabet,6.66,Estrelabet,5.33,Estrelabet,8.0,Estrelabet,13.0,Estrelabet,8.5,Estrelabet,11.0,Estrelabet,17.0,Estrelabet,19.0,Estrelabet,41.0,Estrelabet,20.0,Estrelabet,36.0,Estrelabet,41.0,Estrelabet,51.0,,0,0,,0,0,,0.0,0.0,,0.0,0.0,Estrelabet,2.1,1.6,,0.0,0.0,,0.0,0.0,,0.0,0.0,,0,0,,0,0,,0,0,0,,0.0,0.0,0,,0.0,0.0,0.0,,0.0,0.0,0.0,,0,0,0.0,,0,0,0,,,,,,,,,,,,,,,,,,,,,,,,,,,,,,,,,,,,,,,,,,,,,,,,,1.0,2.0,,,,,,,,,,,,,,,,,,,,,,,,,,,,,,,,,,,,,,,,,,,,,,,,,,,,,,,,,,,,,,,,,,,1.0,0.0,,,,,,,,,,,,,,,,,,,,,,,,,,,,,,,,,,,,,,,,,,,,,,,,,,,,,,,,,,,,,,,,,,,0.0,2.0,,,,,,,,,,,,,,,,,,,Pro Liga,25ICmKzF
pfPQXMQp,UZBEKISTAN,2024,UZBEKISTAN 2,UZBEKISTAN 2,22/08/2024,12:30,Round 17,Olimpik-Mobiuz,IDKbUznL,Mashal Muborak,6kNEblGu,False,0,1,,,,,,[],[50],,0.0,0.0,0.0,,0.0,0.0,0.0,,0.0,0.0,0.0,,0.0,0.0,,0.0,0.0,,0,0,,0,0,,0,0,,0,0,,0.0,0.0,,0.0,0.0,,0.0,0.0,,0.0,0.0,,0.0,0.0,,0.0,0.0,,0,0,,0,0,,0.0,0.0,0.0,,0.0,0.0,0.0,,0,0,0,,0.0,0.0,,0.0,0.0,,0.0,0.0,,0.0,0.0,0.0,0.0,0.0,0.0,0.0,0.0,0.0,,0.0,0.0,,0,0,,0,0,,0.0,,0.0,,0.0,,0.0,,0.0,,0.0,,0.0,,0.0,,0.0,,0.0,,0.0,,0.0,,0.0,,0.0,,0.0,,0,0,,0,0,,0.0,0.0,,0.0,0.0,,0.0,0.0,,0.0,0.0,,0.0,0.0,,0.0,0.0,,0,0,,0,0,,0,0,0,,0.0,0.0,0,,0.0,0.0,0.0,,0.0,0.0,0.0,,0,0,0.0,,0,0,0,,,,,,,,,,,,,,,,,,,,,,,,,,,,,,,,,,,,,,,,,,,,,,,,,,,,,,,,,,,,,,,,,,,,,,,,,,,,,,,,,,,,,,,,,,,,,,,,,,,,,,,,,,,,,,,,,,,,,,,,,,,,,,,,,,,,,,,,,,,,,,,,,,,,,,,,,,,,,,,,,,,,,,,,,,,,,,,,,,,,,,,,,,,,,,,,,,,,,,,,,,,,,Pro Liga,25ICmKzF
zLwewq3N,UZBEKISTAN,2024,UZBEKISTAN 2,UZBEKISTAN 2,21/08/2024,13:30,Round 17,Shortan Guzor,vLKxfOET,Dostlik Tashkent,YPInXx22,False,3,1,,,,,,"[29, 45, 45]",[13],,0.0,0.0,0.0,,0.0,0.0,0.0,,0.0,0.0,0.0,,0.0,0.0,,0.0,0.0,,0,0,,0,0,,0,0,,0,0,,0.0,0.0,,0.0,0.0,,0.0,0.0,,0.0,0.0,,0.0,0.0,,0.0,0.0,,0,0,,0,0,,0.0,0.0,0.0,,0.0,0.0,0.0,,0,0,0,,0.0,0.0,,0.0,0.0,,0.0,0.0,,0.0,0.0,0.0,0.0,0.0,0.0,0.0,0.0,0.0,,0.0,0.0,,0,0,,0,0,,0.0,,0.0,,0.0,,0.0,,0.0,,0.0,,0.0,,0.0,,0.0,,0.0,,0.0,,0.0,,0.0,,0.0,,0.0,,0,0,,0,0,,0.0,0.0,,0.0,0.0,,0.0,0.0,,0.0,0.0,,0.0,0.0,,0.0,0.0,,0,0,,0,0,,0,0,0,,0.0,0.0,0,,0.0,0.0,0.0,,0.0,0.0,0.0,,0,0,0.0,,0,0,0,,,,,,,,,,,,,,,,,,,,,,,,,,,,,,,,,,,,,,,,,,,,,,,,,0.0,1.0,1.0,1.0,,,,,,,,,,,,,,,,,,,,,,,,,,,,,,,,,,,,,,,,,,,,,,,,,,,,,,,,,,,,,,,,,0.0,1.0,0.0,1.0,,,,,,,,,,,,,,,,,,,,,,,,,,,,,,,,,,,,,,,,,,,,,,,,,,,,,,,,,,,,,,,,,,,1.0,0.0,,,,,,,,,,,,,,,,,Pro Liga,25ICmKzF
E5knu5YA,UZBEKISTAN,2024,UZBEKISTAN 2,UZBEKISTAN 2,21/08/2024,13:00,Round 17,Aral,W8MfStER,Kokand 1912,6DWZyFY4,False,0,0,,,,,,[],[],Betano.br,2.45,1.98,4.6,Betano.br,2.2,2.37,4.4,Betano.br,1.8,3.3,4.0,Betano.br,1.47,2.22,,0.0,0.0,,0,0,,0,0,,0,0,,0,0,,0.0,0.0,,0.0,0.0,Betano.br,2.15,1.55,,0.0,0.0,,0.0,0.0,,0.0,0.0,,0,0,,0,0,Betano.br,1.2,1.27,1.95,Betano.br,1.17,1.65,1.45,,0,0,0,Betano.br,1.33,2.8,Betano.br,1.42,2.67,Betano.br,1.4,2.8,Betano.br,2.85,16.0,55.0,4.25,4.6,8.25,28.0,16.0,6.9,Betano.br,1.83,1.8,,0,0,,0,0,Betano.br,7.6,Betano.br,4.9,Betano.br,7.9,Betano.br,5.7,Betano.br,6.3,Betano.br,16.5,Betano.br,7.4,Betano.br,11.75,Betano.br,15.5,Betano.br,11.5,Betano.br,45.0,Betano.br,13.5,Betano.br,35.0,Betano.br,28.0,Betano.br,45.0,,0,0,,0,0,,0.0,0.0,,0.0,0.0,Betano.br,1.75,1.87,,0.0,0.0,,0.0,0.0,,0.0,0.0,,0,0,,0,0,,0,0,0,,0.0,0.0,0,,0.0,0.0,0.0,,0.0,0.0,0.0,,0,0,0.0,,0,0,0,,,,,,,,,,,,,,,,,,,,,,,,,,,,,,,,,,,,,,,,,,,,,,,,,,,,,,,,,,,,,,,,,,,,,,,,,,,,,,,,,,,,,,,,,,,,,,,,,,,,,,,,,,,,,,,,,,,,,,,,,,,,,,,,,,,,,,,,,,,,,,,,,,,,,,,,,,,,,,,,,,,,,,,,,,,,,,,,,,,,,,,,,,,,,,,,,,,,,,,,,,,,,Pro Liga,25ICmKzF
StHNF0RP,UZBEKISTAN,2024,UZBEKISTAN 2,UZBEKISTAN 2,15/08/2024,14:00,Round 16,Kokand 1912,6DWZyFY4,Buxoro,bcetGYV6,False,0,1,,,,,,[],[33],,0.0,0.0,0.0,,0.0,0.0,0.0,,0.0,0.0,0.0,,0.0,0.0,,0.0,0.0,,0,0,,0,0,,0,0,,0,0,,0.0,0.0,,0.0,0.0,Estrelabet,2.71,1.4,,0.0,0.0,,0.0,0.0,,0.0,0.0,,0,0,,0,0,,0.0,0.0,0.0,,0.0,0.0,0.0,,0,0,0,,0.0,0.0,,0.0,0.0,,0.0,0.0,,0.0,0.0,0.0,0.0,0.0,0.0,0.0,0.0,0.0,,0.0,0.0,,0,0,,0,0,,0.0,,0.0,,0.0,,0.0,,0.0,,0.0,,0.0,,0.0,,0.0,,0.0,,0.0,,0.0,,0.0,,0.0,,0.0,,0,0,,0,0,,0.0,0.0,,0.0,0.0,,0.0,0.0,,0.0,0.0,,0.0,0.0,,0.0,0.0,,0,0,,0,0,,0,0,0,,0.0,0.0,0,,0.0,0.0,0.0,,0.0,0.0,0.0,,0,0,0.0,,0,0,0,,,,,,,,,,,,,,,,,,,,,,,,,,,,,,,,,,,,,,,,,,,,,,,,,,,,,,,,,,,,,,,,,,,,,,,,,,,,,,,,,,,,,,,,,,,,,,,,,,,,,,,,,,,,,,,,,,,,,,,,,,,,,,,,,,,,,,,,,,,,,,,,,,,,,,,,,,,,,,,,,,,,,,,,,,,,,,,,,,,,,,,,,,,,,,,,,,,,,,,,,,,,,Pro Liga,25ICmKzF
6unvsR3b,UZBEKISTAN,2024,UZBEKISTAN 2,UZBEKISTAN 2,20/08/2024,12:00,Round 17,Buxoro,bcetGYV6,Xorazm Urganch,bkJfERao,False,3,1,,,,,,"[52, 85, 90]",[23],Betfair,2.4,2.2,4.2,,0.0,0.0,0.0,Betfair,1.75,3.3,3.8,,0.0,0.0,,0.0,0.0,,0,0,,0,0,,0,0,,0,0,Betfair,1.02,10.0,Betfair,1.22,3.8,Betfair,1.8,1.91,Betfair,3.0,1.33,Betfair,6.5,1.08,Betfair,1.67,2.05,,0,0,,0,0,,0.0,0.0,0.0,,0.0,0.0,0.0,,0,0,0,,0.0,0.0,,0.0,0.0,,0.0,0.0,Betfair,3.0,12.0,31.0,4.5,5.5,8.5,20.0,13.0,6.5,,0.0,0.0,,0,0,,0,0,Betfair,10.0,Betfair,7.0,Betfair,11.0,Betfair,6.0,Betfair,8.5,Betfair,17.0,Betfair,7.0,Betfair,11.0,Betfair,11.0,Betfair,13.0,Betfair,46.0,Betfair,12.0,Betfair,23.0,Betfair,19.0,Betfair,31.0,,0,0,,0,0,,0.0,0.0,,0.0,0.0,,0.0,0.0,,0.0,0.0,,0.0,0.0,,0.0,0.0,,0,0,,0,0,,0,0,0,,0.0,0.0,0,,0.0,0.0,0.0,,0.0,0.0,0.0,,0,0,0.0,,0,0,0,,,,,,,,,,,,,,,,,,,,,,,,,,,,,,,,,,,,,,,,,,,,,,,,,,,0.0,1.0,,,,,,,,,,,,,,,,,,,,,,,,,,,,,,,,,,,,,,,,,,,,,,,,,,,,,,,,,,,,,,,,,,,0.0,1.0,,,,,,,,,,,,,,,,,,,,,,,,,,,,,,,,,,,,,,,,,,,,,,,,,,,,,,,,,,,,,,,,,,,,,,,,,,,,,,,,,,,,,Pro Liga,25ICmKzF
ChHJc15s,UZBEKISTAN,2024,UZBEKISTAN 2,UZBEKISTAN 2,09/08/2024,15:00,Round 15,Mashal Muborak,6kNEblGu,Kokand 1912,6DWZyFY4,False,0,1,,,,,,[],[68],,0.0,0.0,0.0,,0.0,0.0,0.0,,0.0,0.0,0.0,,0.0,0.0,,0.0,0.0,,0,0,,0,0,,0,0,,0,0,,0.0,0.0,,0.0,0.0,Estrelabet,2.54,1.45,,0.0,0.0,,0.0,0.0,,0.0,0.0,,0,0,,0,0,,0.0,0.0,0.0,,0.0,0.0,0.0,,0,0,0,,0.0,0.0,,0.0,0.0,,0.0,0.0,,0.0,0.0,0.0,0.0,0.0,0.0,0.0,0.0,0.0,,0.0,0.0,,0,0,,0,0,,0.0,,0.0,,0.0,,0.0,,0.0,,0.0,,0.0,,0.0,,0.0,,0.0,,0.0,,0.0,,0.0,,0.0,,0.0,,0,0,,0,0,,0.0,0.0,,0.0,0.0,,0.0,0.0,,0.0,0.0,,0.0,0.0,,0.0,0.0,,0,0,,0,0,,0,0,0,,0.0,0.0,0,,0.0,0.0,0.0,,0.0,0.0,0.0,,0,0,0.0,,0,0,0,,,,,,,,,,,,,,,,,,,,,,,,,,,,,,,,,,,,,,,,,,,,,,,,,,,,,,,,,,,,,,,,,,,,,,,,,,,,,,,,,,,,,,,,,,,,,,,,,,,,,,,,,,,,,,,,,,,,,,,,,,,,,,,,,,,,,,,,,,,,,,,,,,,,,,,,,,,,,,,,,,,,,,,,,,,,,,,,,,,,,,,,,,,,,,,,,,,,,,,,,,,,,Pro Liga,25ICmKzF
0zPyhcZI,UZBEKISTAN,2024,UZBEKISTAN 2,UZBEKISTAN 2,15/08/2024,15:00,Round 16,Mashal Muborak,6kNEblGu,Aral,W8MfStER,False,3,0,,,,,,"[58, 76, 85]",[],Betano.br,2.62,1.93,4.3,Betano.br,2.37,2.32,4.05,Betano.br,1.93,3.15,3.65,Betano.br,1.5,2.18,,0.0,0.0,,0,0,,0,0,,0,0,,0,0,,0.0,0.0,,0.0,0.0,Betano.br,2.25,1.5,,0.0,0.0,,0.0,0.0,,0.0,0.0,,0,0,,0,0,Betano.br,1.24,1.3,1.8,Betano.br,1.19,1.7,1.39,,0,0,0,Betano.br,1.4,2.52,Betano.br,1.5,2.42,Betano.br,1.47,2.55,Betano.br,3.1,15.5,50.0,4.45,4.35,7.6,30.0,15.5,6.2,Betano.br,1.83,1.8,,0,0,,0,0,Betano.br,7.1,Betano.br,4.9,Betano.br,7.1,Betano.br,5.5,Betano.br,6.7,Betano.br,14.0,Betano.br,7.6,Betano.br,11.0,Betano.br,15.0,Betano.br,13.0,Betano.br,40.0,Betano.br,14.5,Betano.br,30.0,Betano.br,30.0,Betano.br,45.0,,0,0,,0,0,,0.0,0.0,,0.0,0.0,Betano.br,1.85,1.75,,0.0,0.0,,0.0,0.0,,0.0,0.0,,0,0,,0,0,,0,0,0,,0.0,0.0,0,,0.0,0.0,0.0,,0.0,0.0,0.0,,0,0,0.0,,0,0,0,,,,,,,,,,,,,,,,,,,,,,,,,,,,,,,,,,,,,,,,,,,,,,,,,,,,,,,,,,,,,,,,,,,,,,,,,,,,,,,,,,,,,,,,,,,,,,,,,,,,,,,,,,,,,,,,,,,,,,,,,,,,,,,,,,,,,,,,,,,,,,,,,,,,,,,,,,,,,,,,,,,,,,,,,,,,,,,,,,,,,,,,,,,,,,,,,,,,,,,,,,,,,Pro Liga,25ICmKzF
WfXKeuzf,UZBEKISTAN,2024,UZBEKISTAN 2,UZBEKISTAN 2,14/08/2024,13:30,Round 16,Xorazm Urganch,bkJfERao,Shortan Guzor,vLKxfOET,False,0,0,,,,,,[],[],,0.0,0.0,0.0,,0.0,0.0,0.0,,0.0,0.0,0.0,,0.0,0.0,,0.0,0.0,,0,0,,0,0,,0,0,,0,0,,0.0,0.0,Estrelabet,1.55,2.28,Estrelabet,2.54,1.45,,0.0,0.0,,0.0,0.0,,0.0,0.0,,0,0,,0,0,,0.0,0.0,0.0,,0.0,0.0,0.0,,0,0,0,,0.0,0.0,,0.0,0.0,,0.0,0.0,,0.0,0.0,0.0,0.0,0.0,0.0,0.0,0.0,0.0,,0.0,0.0,,0,0,,0,0,,0.0,,0.0,,0.0,,0.0,,0.0,,0.0,,0.0,,0.0,,0.0,,0.0,,0.0,,0.0,,0.0,,0.0,,0.0,,0,0,,0,0,,0.0,0.0,,0.0,0.0,,0.0,0.0,,0.0,0.0,,0.0,0.0,,0.0,0.0,,0,0,,0,0,,0,0,0,,0.0,0.0,0,,0.0,0.0,0.0,,0.0,0.0,0.0,,0,0,0.0,,0,0,0,,,,,,,,,,,,,,,,,,,,,,,,,,,,,,,,,,,,,,,,,,,,,,,,,,,,,,,,,,,,,,,,,,,,,,,,,,,,,,,,,,,,,,,,,,,,,,,,,,,,,,,,,,,,,,,,,,,,,,,,,,,,,,,,,,,,,,,,,,,,,,,,,,,,,,,,,,,,,,,,,,,,,,,,,,,,,,,,,,,,,,,,,,,,,,,,,,,,,,,,,,,,,Pro Liga,25ICmKzF
GMVm3NsK,UZBEKISTAN,2024,UZBEKISTAN 2,UZBEKISTAN 2,08/08/2024,13:30,Round 15,Shortan Guzor,vLKxfOET,Buxoro,bcetGYV6,False,1,2,,,,,,[57],"[10, 82]",,0.0,0.0,0.0,,0.0,0.0,0.0,,0.0,0.0,0.0,,0.0,0.0,,0.0,0.0,,0,0,,0,0,,0,0,,0,0,,0.0,0.0,Estrelabet,1.5,2.4,Estrelabet,2.71,1.4,,0.0,0.0,,0.0,0.0,,0.0,0.0,,0,0,,0,0,,0.0,0.0,0.0,,0.0,0.0,0.0,,0,0,0,,0.0,0.0,,0.0,0.0,,0.0,0.0,,0.0,0.0,0.0,0.0,0.0,0.0,0.0,0.0,0.0,,0.0,0.0,,0,0,,0,0,,0.0,,0.0,,0.0,,0.0,,0.0,,0.0,,0.0,,0.0,,0.0,,0.0,,0.0,,0.0,,0.0,,0.0,,0.0,,0,0,,0,0,,0.0,0.0,,0.0,0.0,,0.0,0.0,,0.0,0.0,,0.0,0.0,,0.0,0.0,,0,0,,0,0,,0,0,0,,0.0,0.0,0,,0.0,0.0,0.0,,0.0,0.0,0.0,,0,0,0.0,,0,0,0,,,,,,,,,,,,,,,,,,,,,,,,,,,,,,,,,,,,,,,,,,,,,,,,,,,,,,,,,,,,,,,,,,,,,,,,,,,,,,,,,,,,,,,,,,,,,,,,,,,,,,,,,,,,,,,,,,,,,,,,,,,,,,,,,,,,,,,,,,,,,,,,,,,,,,,,,,,,,,,,,,,,,,,,,,,,,,,,,,,,,,,,,,,,,,,,,,,,,,,,,,,,,Pro Liga,25ICmKzF
hlpgstL0,UZBEKISTAN,2024,UZBEKISTAN 2,UZBEKISTAN 2,03/08/2024,14:00,Round 15,Olimpik-Mobiuz,IDKbUznL,Xorazm Urganch,bkJfERao,False,1,1,,,,,,[25],[45],,0.0,0.0,0.0,,0.0,0.0,0.0,,0.0,0.0,0.0,,0.0,0.0,,0.0,0.0,,0,0,,0,0,,0,0,,0,0,,0.0,0.0,,0.0,0.0,,0.0,0.0,,0.0,0.0,,0.0,0.0,,0.0,0.0,,0,0,,0,0,,0.0,0.0,0.0,,0.0,0.0,0.0,,0,0,0,,0.0,0.0,,0.0,0.0,,0.0,0.0,,0.0,0.0,0.0,0.0,0.0,0.0,0.0,0.0,0.0,,0.0,0.0,,0,0,,0,0,,0.0,,0.0,,0.0,,0.0,,0.0,,0.0,,0.0,,0.0,,0.0,,0.0,,0.0,,0.0,,0.0,,0.0,,0.0,,0,0,,0,0,,0.0,0.0,,0.0,0.0,,0.0,0.0,,0.0,0.0,,0.0,0.0,,0.0,0.0,,0,0,,0,0,,0,0,0,,0.0,0.0,0,,0.0,0.0,0.0,,0.0,0.0,0.0,,0,0,0.0,,0,0,0,,,,,,,,,,,,,,,,,,,,,,,,,,,,,,,,,,,,,,,,,,,,,,,,,,,,,,,,,,,,,,,,,,,,,,,,,,,,,,,,,,,,,,,,,,,,,,,,,,,,,,,,,,,,,,,,,,,,,,,,,,,,,,,,,,,,,,,,,,,,,,,,,,,,,,,,,,,,,,,,,,,,,,,,,,,,,,,,,,,,,,,,,,,,,,,,,,,,,,,,,,,,,Pro Liga,25ICmKzF
0Em1uKkD,UZBEKISTAN,2024,UZBEKISTAN 2,UZBEKISTAN 2,08/08/2024,13:30,Round 15,Aral,W8MfStER,Dostlik Tashkent,YPInXx22,False,2,1,,,,,,"[38, 45]",[59],Betano.br,1.7,2.37,8.5,Betano.br,1.52,3.05,9.0,Betano.br,1.25,4.85,9.75,,0.0,0.0,Betano.br,2.4,1.4,,0,0,,0,0,,0,0,,0,0,,0.0,0.0,,0.0,0.0,Betano.br,1.72,1.9,,0.0,0.0,,0.0,0.0,,0.0,0.0,,0,0,,0,0,Betano.br,1.05,1.13,2.9,Betano.br,1.07,1.45,1.9,,0,0,0,Betano.br,1.06,5.9,Betano.br,1.13,5.2,Betano.br,1.11,5.9,Betano.br,1.75,23.0,110.0,3.45,6.8,19.0,24.0,23.0,18.0,Betano.br,1.82,1.82,,0,0,,0,0,Betano.br,10.75,Betano.br,5.2,Betano.br,17.5,Betano.br,8.75,Betano.br,4.65,Betano.br,55.0,Betano.br,7.9,Betano.br,27.0,Betano.br,24.0,Betano.br,5.8,Betano.br,250.0,Betano.br,10.0,Betano.br,110.0,Betano.br,30.0,Betano.br,100.0,,0,0,,0,0,,0.0,0.0,,0.0,0.0,,0.0,0.0,,0.0,0.0,,0.0,0.0,,0.0,0.0,,0,0,,0,0,,0,0,0,,0.0,0.0,0,,0.0,0.0,0.0,,0.0,0.0,0.0,,0,0,0.0,,0,0,0,,,,,,,,,,,,,,,,,,,,,,,,,,,,,,,,,,,,,,,,,,,,,,,,,,,,,,,,,,,,,,,,,,,,,,,,,,,,,,,,,,,,,,,,,,,,,,,,,,,,,,,,,,,,,,,,,,,,,,,,,,,,,,,,,,,,,,,,,,,,,,,,,,,,,,,,,,,,,,,,,,,,,,,,,,,,,,,,,,,,,,,,,,,,,,,,,,,,,,,,,,,,,Pro Liga,25ICmKzF
vLzTgJ46,UZBEKISTAN,2024,UZBEKISTAN 2,UZBEKISTAN 2,14/08/2024,13:00,Round 16,Dostlik Tashkent,YPInXx22,Olimpik-Mobiuz,IDKbUznL,False,2,1,,,,,,"[3, 57]",[41],Betano.br,3.25,2.05,2.95,Betano.br,2.92,2.55,2.75,Betano.br,2.67,3.1,2.4,,0.0,0.0,Betano.br,2.42,1.4,,0,0,,0,0,,0,0,,0,0,,0.0,0.0,,0.0,0.0,Betano.br,1.72,1.9,,0.0,0.0,,0.0,0.0,,0.0,0.0,,0,0,,0,0,Betano.br,1.53,1.3,1.38,Betano.br,1.33,1.62,1.28,,0,0,0,Betano.br,1.9,1.72,Betano.br,1.95,1.75,Betano.br,1.93,1.82,Betano.br,4.55,13.0,27.0,6.2,4.9,5.5,27.0,12.0,4.0,Betano.br,1.85,1.78,,0,0,,0,0,Betano.br,10.75,Betano.br,8.25,Betano.br,8.25,Betano.br,5.5,Betano.br,12.0,Betano.br,11.5,Betano.br,8.25,Betano.br,7.7,Betano.br,9.75,Betano.br,25.0,Betano.br,22.0,Betano.br,17.5,Betano.br,15.0,Betano.br,21.0,Betano.br,18.5,,0,0,,0,0,,0.0,0.0,,0.0,0.0,,0.0,0.0,,0.0,0.0,,0.0,0.0,,0.0,0.0,,0,0,,0,0,,0,0,0,,0.0,0.0,0,,0.0,0.0,0.0,,0.0,0.0,0.0,,0,0,0.0,,0,0,0,,,,,,,,,,,,,,,,,,,,,,,,,,,,,,,,,,,,,,,,,,,,,,,,,,,,,,,,,,,,,,,,,,,,,,,,,,,,,,,,,,,,,,,,,,,,,,,,,,,,,,,,,,,,,,,,,,,,,,,,,,,,,,,,,,,,,,,,,,,,,,,,,,,,,,,,,,,,,,,,,,,,,,,,,,,,,,,,,,,,,,,,,,,,,,,,,,,,,,,,,,,,,Pro Liga,25ICmKzF
fBFvcjZ7,UZBEKISTAN,2024,UZBEKISTAN 2,UZBEKISTAN 2,26/06/2024,13:00,Round 14,Aral,W8MfStER,Xorazm Urganch,bkJfERao,False,0,0,,,,,,[],[],Betano.br,2.32,1.93,5.6,Betano.br,2.07,2.32,5.4,Betano.br,1.65,3.3,5.0,Betano.br,1.52,2.12,,0.0,0.0,,0,0,,0,0,,0,0,,0,0,,0.0,0.0,Betano.br,1.47,2.32,,0.0,0.0,,0.0,0.0,,0.0,0.0,,0.0,0.0,,0,0,,0,0,Betano.br,1.15,1.27,2.15,Betano.br,1.13,1.7,1.47,,0,0,0,Betano.br,1.23,3.4,Betano.br,1.31,3.15,Betano.br,1.3,3.35,Betano.br,2.57,17.5,75.0,3.85,4.35,9.75,30.0,17.5,9.0,Betano.br,1.85,1.8,,0,0,,0,0,Betano.br,6.5,Betano.br,4.15,Betano.br,8.25,Betano.br,5.9,Betano.br,5.3,Betano.br,21.0,Betano.br,7.6,Betano.br,15.0,Betano.br,19.0,Betano.br,9.5,Betano.br,75.0,Betano.br,13.5,Betano.br,55.0,Betano.br,35.0,Betano.br,70.0,,0,0,,0,0,,0.0,0.0,,0.0,0.0,,0.0,0.0,,0.0,0.0,,0.0,0.0,,0.0,0.0,,0,0,,0,0,,0,0,0,,0.0,0.0,0,,0.0,0.0,0.0,,0.0,0.0,0.0,,0,0,0.0,,0,0,0,,,,,,,,,,,,,,,,,,,,,,,,,,,,,,,,,,,,,,,,,,,,,,,,,,,,,,,,,,,,,,,,,,,,,,,,,,,,,,,,,,,,,,,,,,,,,,,,,,,,,,,,,,,,,,,,,,,,,,,,,,,,,,,,,,,,,,,,,,,,,,,,,,,,,,,,,,,,,,,,,,,,,,,,,,,,,,,,,,,,,,,,,,,,,,,,,,,,,,,,,,,,,Pro Liga,25ICmKzF
Kl7QKgRE,UZBEKISTAN,2024,UZBEKISTAN 2,UZBEKISTAN 2,26/06/2024,14:30,Round 14,Mashal Muborak,6kNEblGu,Dostlik Tashkent,YPInXx22,False,2,0,,,,,,"[28, 79]",[],,0.0,0.0,0.0,,0.0,0.0,0.0,,0.0,0.0,0.0,,0.0,0.0,,0.0,0.0,,0,0,,0,0,,0,0,,0,0,,0.0,0.0,,0.0,0.0,,0.0,0.0,,0.0,0.0,,0.0,0.0,,0.0,0.0,,0,0,,0,0,,0.0,0.0,0.0,,0.0,0.0,0.0,,0,0,0,,0.0,0.0,,0.0,0.0,,0.0,0.0,,0.0,0.0,0.0,0.0,0.0,0.0,0.0,0.0,0.0,,0.0,0.0,,0,0,,0,0,,0.0,,0.0,,0.0,,0.0,,0.0,,0.0,,0.0,,0.0,,0.0,,0.0,,0.0,,0.0,,0.0,,0.0,,0.0,,0,0,,0,0,,0.0,0.0,,0.0,0.0,,0.0,0.0,,0.0,0.0,,0.0,0.0,,0.0,0.0,,0,0,,0,0,,0,0,0,,0.0,0.0,0,,0.0,0.0,0.0,,0.0,0.0,0.0,,0,0,0.0,,0,0,0,,,,,,,,,,,,,,,,,,,,,,,,,,,,,,,,,,,,,,,,,,,,,,,,,,,,,,,,,,,,,,,,,,,,,,,,,,,,,,,,,,,,,,,,,,,,,,,,,,,,,,,,,,,,,,,,,,,,,,,,,,,,,,,,,,,,,,,,,,,,,,,,,,,,,,,,,,,,,,,,,,,,,,,,,,,,,,,,,,,,,,,,,,,,,,,,,,,,,,,,,,,,,Pro Liga,25ICmKzF
QVNN0YZr,UZBEKISTAN,2024,UZBEKISTAN 2,UZBEKISTAN 2,25/06/2024,14:30,Round 14,Kokand 1912,6DWZyFY4,Shortan Guzor,vLKxfOET,False,0,3,,,,,,[],"[45, 47, 82]",,0.0,0.0,0.0,,0.0,0.0,0.0,,0.0,0.0,0.0,,0.0,0.0,,0.0,0.0,,0,0,,0,0,,0,0,,0,0,,0.0,0.0,,0.0,0.0,,0.0,0.0,,0.0,0.0,,0.0,0.0,,0.0,0.0,,0,0,,0,0,,0.0,0.0,0.0,,0.0,0.0,0.0,,0,0,0,,0.0,0.0,,0.0,0.0,,0.0,0.0,,0.0,0.0,0.0,0.0,0.0,0.0,0.0,0.0,0.0,,0.0,0.0,,0,0,,0,0,,0.0,,0.0,,0.0,,0.0,,0.0,,0.0,,0.0,,0.0,,0.0,,0.0,,0.0,,0.0,,0.0,,0.0,,0.0,,0,0,,0,0,,0.0,0.0,,0.0,0.0,,0.0,0.0,,0.0,0.0,,0.0,0.0,,0.0,0.0,,0,0,,0,0,,0,0,0,,0.0,0.0,0,,0.0,0.0,0.0,,0.0,0.0,0.0,,0,0,0.0,,0,0,0,,,,,,,,,,,,,,,,,,,,,,,,,,,,,,,,,,,,,,,,,,,,,,,,,,,,,,,,,,,,,,,,,,,,,,,,,,,,,,,,,,,,,,,,,,,,,,,,,,,,,,,,,,,,,,,,,,,,,,,,,,,,,,,,,,,,,,,,,,,,,,,,,,,,,,,,,,,,,,,,,,,,,,,,,,,,,,,,,,,,,,,,,,,,,,,,,,,,,,,,,,,,,Pro Liga,25ICmKzF
bqMVbC4e,UZBEKISTAN,2024,UZBEKISTAN 2,UZBEKISTAN 2,23/06/2024,14:00,Round 14,Olimpik-Mobiuz,IDKbUznL,Buxoro,bcetGYV6,False,0,1,,,,,,[],[42],,0.0,0.0,0.0,,0.0,0.0,0.0,,0.0,0.0,0.0,,0.0,0.0,,0.0,0.0,,0,0,,0,0,,0,0,,0,0,,0.0,0.0,,0.0,0.0,,0.0,0.0,,0.0,0.0,,0.0,0.0,,0.0,0.0,,0,0,,0,0,,0.0,0.0,0.0,,0.0,0.0,0.0,,0,0,0,,0.0,0.0,,0.0,0.0,,0.0,0.0,,0.0,0.0,0.0,0.0,0.0,0.0,0.0,0.0,0.0,,0.0,0.0,,0,0,,0,0,,0.0,,0.0,,0.0,,0.0,,0.0,,0.0,,0.0,,0.0,,0.0,,0.0,,0.0,,0.0,,0.0,,0.0,,0.0,,0,0,,0,0,,0.0,0.0,,0.0,0.0,,0.0,0.0,,0.0,0.0,,0.0,0.0,,0.0,0.0,,0,0,,0,0,,0,0,0,,0.0,0.0,0,,0.0,0.0,0.0,,0.0,0.0,0.0,,0,0,0.0,,0,0,0,,,,,,,,,,,,,,,,,,,,,,,,,,,,,,,,,,,,,,,,,,,,,,,,,,,1.0,0.0,,,,,,,,,,,,,,,,,,,,,,,,,,,,,,,,,,,,,,,,,,,,,,,,,,,,,,,,,,,,,,,,,,,,,,,,,,,,,,,,,,,,,,,,,,,,,,,,,,,,,,,,,,,,,,,,,,,,,,,,,,,,,,,,,,,,,,,1.0,0.0,,,,,,,,,,,,,,,,,Pro Liga,25ICmKzF
6osi6fCL,UZBEKISTAN,2024,UZBEKISTAN 2,UZBEKISTAN 2,19/06/2024,14:00,Round 13,Buxoro,bcetGYV6,Aral,W8MfStER,False,3,0,,,,,,"[58, 69, 79]",[],,0.0,0.0,0.0,,0.0,0.0,0.0,,0.0,0.0,0.0,,0.0,0.0,,0.0,0.0,,0,0,,0,0,,0,0,,0,0,,0.0,0.0,,0.0,0.0,,0.0,0.0,,0.0,0.0,,0.0,0.0,,0.0,0.0,,0,0,,0,0,,0.0,0.0,0.0,,0.0,0.0,0.0,,0,0,0,,0.0,0.0,,0.0,0.0,,0.0,0.0,,0.0,0.0,0.0,0.0,0.0,0.0,0.0,0.0,0.0,,0.0,0.0,,0,0,,0,0,,0.0,,0.0,,0.0,,0.0,,0.0,,0.0,,0.0,,0.0,,0.0,,0.0,,0.0,,0.0,,0.0,,0.0,,0.0,,0,0,,0,0,,0.0,0.0,,0.0,0.0,,0.0,0.0,,0.0,0.0,,0.0,0.0,,0.0,0.0,,0,0,,0,0,,0,0,0,,0.0,0.0,0,,0.0,0.0,0.0,,0.0,0.0,0.0,,0,0,0.0,,0,0,0,,,,,,,,,,,,,,,,,,,,,,,,,,,,,,,,,,,,,,,,,,,,,,,,,,,,,,,,,,,,,,,,,,,,,,,,,,,,,,,,,,,,,,,,,,,,,,,,,,,,,,,,,,,,,,,,,,,,,,,,,,,,,,,,,,,,,,,,,,,,,,,,,,,,,,,,,,,,,,,,,,,,,,,,,,,,,,,,,,,,,,,,,,,,,,,,,,,,,,,,,,,,,Pro Liga,25ICmKzF
pbmknZKk,UZBEKISTAN,2024,UZBEKISTAN 2,UZBEKISTAN 2,18/06/2024,13:00,Round 13,Dostlik Tashkent,YPInXx22,Kokand 1912,6DWZyFY4,False,1,1,,,,,,[48],[46],,0.0,0.0,0.0,,0.0,0.0,0.0,,0.0,0.0,0.0,,0.0,0.0,,0.0,0.0,,0,0,,0,0,,0,0,,0,0,,0.0,0.0,,0.0,0.0,,0.0,0.0,,0.0,0.0,,0.0,0.0,,0.0,0.0,,0,0,,0,0,,0.0,0.0,0.0,,0.0,0.0,0.0,,0,0,0,,0.0,0.0,,0.0,0.0,,0.0,0.0,,0.0,0.0,0.0,0.0,0.0,0.0,0.0,0.0,0.0,,0.0,0.0,,0,0,,0,0,,0.0,,0.0,,0.0,,0.0,,0.0,,0.0,,0.0,,0.0,,0.0,,0.0,,0.0,,0.0,,0.0,,0.0,,0.0,,0,0,,0,0,,0.0,0.0,,0.0,0.0,,0.0,0.0,,0.0,0.0,,0.0,0.0,,0.0,0.0,,0,0,,0,0,,0,0,0,,0.0,0.0,0,,0.0,0.0,0.0,,0.0,0.0,0.0,,0,0,0.0,,0,0,0,,,,,,,,,,,,,,,,,,,,,,,,,,,,,,,,,,,,,,,,,,,,,,,,,,,,,,,,,,,,,,,,,,,,,,,,,,,,,,,,,,,,,,,,,,,,,,,,,,,,,,,,,,,,,,,,,,,,,,,,,,,,,,,,,,,,,,,,,,,,,,,,,,,,,,,,,,,,,,,,,,,,,,,,,,,,,,,,,,,,,,,,,,,,,,,,,,,,,,,,,,,,,Pro Liga,25ICmKzF
hOjcpDk2,UZBEKISTAN,2024,UZBEKISTAN 2,UZBEKISTAN 2,18/06/2024,13:00,Round 13,Shortan Guzor,vLKxfOET,Olimpik-Mobiuz,IDKbUznL,False,3,0,,,,,,"[15, 43, 57]",[],,0.0,0.0,0.0,,0.0,0.0,0.0,,0.0,0.0,0.0,,0.0,0.0,,0.0,0.0,,0,0,,0,0,,0,0,,0,0,,0.0,0.0,,0.0,0.0,,0.0,0.0,,0.0,0.0,,0.0,0.0,,0.0,0.0,,0,0,,0,0,,0.0,0.0,0.0,,0.0,0.0,0.0,,0,0,0,,0.0,0.0,,0.0,0.0,,0.0,0.0,,0.0,0.0,0.0,0.0,0.0,0.0,0.0,0.0,0.0,,0.0,0.0,,0,0,,0,0,,0.0,,0.0,,0.0,,0.0,,0.0,,0.0,,0.0,,0.0,,0.0,,0.0,,0.0,,0.0,,0.0,,0.0,,0.0,,0,0,,0,0,,0.0,0.0,,0.0,0.0,,0.0,0.0,,0.0,0.0,,0.0,0.0,,0.0,0.0,,0,0,,0,0,,0,0,0,,0.0,0.0,0,,0.0,0.0,0.0,,0.0,0.0,0.0,,0,0,0.0,,0,0,0,,,,,,,,,,,,,,,,,,,,,,,,,,,,,,,,,,,,,,,,,,,,,,,,,,,0.0,1.0,,,,,,,,,,,,,,,,,,,,,,,,,,,,,,,,,,,,,,,,,,,,,,,,,,,,,,,,,,,,,,,,,,,,,,,,,,,,,,,,,,,,,,,,,,,,,,,,,,,,,,,,,,,,,,,,,,,,,,,,,,,,,,,,,,,,,,,0.0,1.0,,,,,,,,,,,,,,,,,Pro Liga,25ICmKzF
YJTq8Gs9,UZBEKISTAN,2024,UZBEKISTAN 2,UZBEKISTAN 2,19/06/2024,13:30,Round 13,Xorazm Urganch,bkJfERao,Mashal Muborak,6kNEblGu,False,0,0,,,,,,[],[],,0.0,0.0,0.0,,0.0,0.0,0.0,,0.0,0.0,0.0,,0.0,0.0,,0.0,0.0,,0,0,,0,0,,0,0,,0,0,,0.0,0.0,,0.0,0.0,,0.0,0.0,,0.0,0.0,,0.0,0.0,,0.0,0.0,,0,0,,0,0,,0.0,0.0,0.0,,0.0,0.0,0.0,,0,0,0,,0.0,0.0,,0.0,0.0,,0.0,0.0,,0.0,0.0,0.0,0.0,0.0,0.0,0.0,0.0,0.0,,0.0,0.0,,0,0,,0,0,,0.0,,0.0,,0.0,,0.0,,0.0,,0.0,,0.0,,0.0,,0.0,,0.0,,0.0,,0.0,,0.0,,0.0,,0.0,,0,0,,0,0,,0.0,0.0,,0.0,0.0,,0.0,0.0,,0.0,0.0,,0.0,0.0,,0.0,0.0,,0,0,,0,0,,0,0,0,,0.0,0.0,0,,0.0,0.0,0.0,,0.0,0.0,0.0,,0,0,0.0,,0,0,0,,,,,,,,,,,,,,,,,,,,,,,,,,,,,,,,,,,,,,,,,,,,,,,,,,,,,,,,,,,,,,,,,,,,,,,,,,,,,,,,,,,,,,,,,,,,,,,,,,,,,,,,,,,,,,,,,,,,,,,,,,,,,,,,,,,,,,,,,,,,,,,,,,,,,,,,,,,,,,,,,,,,,,,,,,,,,,,,,,,,,,,,,,,,,,,,,,,,,,,,,,,,,Pro Liga,25ICmKzF
QD6IiecS,UZBEKISTAN,2024,UZBEKISTAN 2,UZBEKISTAN 2,13/06/2024,14:30,Round 12,Mashal Muborak,6kNEblGu,Buxoro,bcetGYV6,False,1,0,,,,,,[2],[],,0.0,0.0,0.0,,0.0,0.0,0.0,,0.0,0.0,0.0,,0.0,0.0,,0.0,0.0,,0,0,,0,0,,0,0,,0,0,,0.0,0.0,,0.0,0.0,,0.0,0.0,,0.0,0.0,,0.0,0.0,,0.0,0.0,,0,0,,0,0,,0.0,0.0,0.0,,0.0,0.0,0.0,,0,0,0,,0.0,0.0,,0.0,0.0,,0.0,0.0,,0.0,0.0,0.0,0.0,0.0,0.0,0.0,0.0,0.0,,0.0,0.0,,0,0,,0,0,,0.0,,0.0,,0.0,,0.0,,0.0,,0.0,,0.0,,0.0,,0.0,,0.0,,0.0,,0.0,,0.0,,0.0,,0.0,,0,0,,0,0,,0.0,0.0,,0.0,0.0,,0.0,0.0,,0.0,0.0,,0.0,0.0,,0.0,0.0,,0,0,,0,0,,0,0,0,,0.0,0.0,0,,0.0,0.0,0.0,,0.0,0.0,0.0,,0,0,0.0,,0,0,0,,,,,,,,,,,,,,,,,,,,,,,,,,,,,,,,,,,,,,,,,,,,,,,,,,,1.0,0.0,,,,,,,,,,,,,,,,,,,,,,,,,,,,,,,,,,,,,,,,,,,,,,,,,,,,,,,,,,,,,,,,,,,,,,,,,,,,,,,,,,,,,,,,,,,,,,,,,,,,,,,,,,,,,,,,,,,,,,,,,,,,,,,,,,,,,,,1.0,0.0,,,,,,,,,,,,,,,,,Pro Liga,25ICmKzF
b1F1ewb3,UZBEKISTAN,2024,UZBEKISTAN 2,UZBEKISTAN 2,12/06/2024,12:00,Round 12,Dostlik Tashkent,YPInXx22,Xorazm Urganch,bkJfERao,False,1,3,,,,,,[48],"[50, 53, 90]",,0.0,0.0,0.0,,0.0,0.0,0.0,,0.0,0.0,0.0,,0.0,0.0,,0.0,0.0,,0,0,,0,0,,0,0,,0,0,,0.0,0.0,,0.0,0.0,,0.0,0.0,,0.0,0.0,,0.0,0.0,,0.0,0.0,,0,0,,0,0,,0.0,0.0,0.0,,0.0,0.0,0.0,,0,0,0,,0.0,0.0,,0.0,0.0,,0.0,0.0,,0.0,0.0,0.0,0.0,0.0,0.0,0.0,0.0,0.0,,0.0,0.0,,0,0,,0,0,,0.0,,0.0,,0.0,,0.0,,0.0,,0.0,,0.0,,0.0,,0.0,,0.0,,0.0,,0.0,,0.0,,0.0,,0.0,,0,0,,0,0,,0.0,0.0,,0.0,0.0,,0.0,0.0,,0.0,0.0,,0.0,0.0,,0.0,0.0,,0,0,,0,0,,0,0,0,,0.0,0.0,0,,0.0,0.0,0.0,,0.0,0.0,0.0,,0,0,0.0,,0,0,0,,,,,,,,,,,,,,,,,,,,,,,,,,,,,,,,,,,,,,,,,,,,,,,,,1.0,0.0,1.0,0.0,,,,,,,,,,,,,,,,,,,,,,,,,,,,,,,,,,,,,,,,,,,,,,,,,,,,,,,,,,,,,,,,,,,,,,,,,,,,,,,,,,,,,,,,,,,,,,,,,,,,,,,,,,,,,,,,,,,,,,,,,,,,,,,,,,,,,1.0,0.0,1.0,0.0,,,,,,,,,,,,,,,,,Pro Liga,25ICmKzF
h08AgHSF,UZBEKISTAN,2024,UZBEKISTAN 2,UZBEKISTAN 2,13/06/2024,13:00,Round 12,Aral,W8MfStER,Shortan Guzor,vLKxfOET,False,2,0,,,,,,"[40, 42]",[],,0.0,0.0,0.0,,0.0,0.0,0.0,,0.0,0.0,0.0,,0.0,0.0,,0.0,0.0,,0,0,,0,0,,0,0,,0,0,,0.0,0.0,,0.0,0.0,,0.0,0.0,,0.0,0.0,,0.0,0.0,,0.0,0.0,,0,0,,0,0,,0.0,0.0,0.0,,0.0,0.0,0.0,,0,0,0,,0.0,0.0,,0.0,0.0,,0.0,0.0,,0.0,0.0,0.0,0.0,0.0,0.0,0.0,0.0,0.0,,0.0,0.0,,0,0,,0,0,,0.0,,0.0,,0.0,,0.0,,0.0,,0.0,,0.0,,0.0,,0.0,,0.0,,0.0,,0.0,,0.0,,0.0,,0.0,,0,0,,0,0,,0.0,0.0,,0.0,0.0,,0.0,0.0,,0.0,0.0,,0.0,0.0,,0.0,0.0,,0,0,,0,0,,0,0,0,,0.0,0.0,0,,0.0,0.0,0.0,,0.0,0.0,0.0,,0,0,0.0,,0,0,0,,,,,,,,,,,,,,,,,,,,,,,,,,,,,,,,,,,,,,,,,,,,,,,,,,,,,,,,,,,,,,,,,,,,,,,,,,,,,,,,,,,,,,,,,,,,,,,,,,,,,,,,,,,,,,,,,,,,,,,,,,,,,,,,,,,,,,,,,,,,,,,,,,,,,,,,,,,,,,,,,,,,,,,,,,,,,,,,,,,,,,,,,,,,,,,,,,,,,,,,,,,,,Pro Liga,25ICmKzF
AuZ6Zeyp,UZBEKISTAN,2024,UZBEKISTAN 2,UZBEKISTAN 2,04/06/2024,13:30,Round 11,Xorazm Urganch,bkJfERao,Kokand 1912,6DWZyFY4,False,0,0,,,,,,[],[],,0.0,0.0,0.0,,0.0,0.0,0.0,,0.0,0.0,0.0,,0.0,0.0,,0.0,0.0,,0,0,,0,0,,0,0,,0,0,,0.0,0.0,,0.0,0.0,,0.0,0.0,,0.0,0.0,,0.0,0.0,,0.0,0.0,,0,0,,0,0,,0.0,0.0,0.0,,0.0,0.0,0.0,,0,0,0,,0.0,0.0,,0.0,0.0,,0.0,0.0,,0.0,0.0,0.0,0.0,0.0,0.0,0.0,0.0,0.0,,0.0,0.0,,0,0,,0,0,,0.0,,0.0,,0.0,,0.0,,0.0,,0.0,,0.0,,0.0,,0.0,,0.0,,0.0,,0.0,,0.0,,0.0,,0.0,,0,0,,0,0,,0.0,0.0,,0.0,0.0,,0.0,0.0,,0.0,0.0,,0.0,0.0,,0.0,0.0,,0,0,,0,0,,0,0,0,,0.0,0.0,0,,0.0,0.0,0.0,,0.0,0.0,0.0,,0,0,0.0,,0,0,0,,,,,,,,,,,,,,,,,,,,,,,,,,,,,,,,,,,,,,,,,,,,,,,,,,,,,,,,,,,,,,,,,,,,,,,,,,,,,,,,,,,,,,,,,,,,,,,,,,,,,,,,,,,,,,,,,,,,,,,,,,,,,,,,,,,,,,,,,,,,,,,,,,,,,,,,,,,,,,,,,,,,,,,,,,,,,,,,,,,,,,,,,,,,,,,,,,,,,,,,,,,,,Pro Liga,25ICmKzF
nsURr0Ec,UZBEKISTAN,2024,UZBEKISTAN 2,UZBEKISTAN 2,03/06/2024,13:00,Round 11,Buxoro,bcetGYV6,Dostlik Tashkent,YPInXx22,False,2,2,,,,,,"[68, 87]","[26, 51]",,0.0,0.0,0.0,,0.0,0.0,0.0,,0.0,0.0,0.0,,0.0,0.0,,0.0,0.0,,0,0,,0,0,,0,0,,0,0,,0.0,0.0,,0.0,0.0,,0.0,0.0,,0.0,0.0,,0.0,0.0,,0.0,0.0,,0,0,,0,0,,0.0,0.0,0.0,,0.0,0.0,0.0,,0,0,0,,0.0,0.0,,0.0,0.0,,0.0,0.0,,0.0,0.0,0.0,0.0,0.0,0.0,0.0,0.0,0.0,,0.0,0.0,,0,0,,0,0,,0.0,,0.0,,0.0,,0.0,,0.0,,0.0,,0.0,,0.0,,0.0,,0.0,,0.0,,0.0,,0.0,,0.0,,0.0,,0,0,,0,0,,0.0,0.0,,0.0,0.0,,0.0,0.0,,0.0,0.0,,0.0,0.0,,0.0,0.0,,0,0,,0,0,,0,0,0,,0.0,0.0,0,,0.0,0.0,0.0,,0.0,0.0,0.0,,0,0,0.0,,0,0,0,,,,,,,,,,,,,,,,,,,,,,,,,,,,,,,,,,,,,,,,,,,,,,,,,,,,,,,,,,,,,,,,,,,,,,,,,,,,,,,,,,,,,,,,,,,,,,,,,,,,,,,,,,,,,,,,,,,,,,,,,,,,,,,,,,,,,,,,,,,,,,,,,,,,,,,,,,,,,,,,,,,,,,,,,,,,,,,,,,,,,,,,,,,,,,,,,,,,,,,,,,,,,Pro Liga,25ICmKzF
vcryuIDM,UZBEKISTAN,2024,UZBEKISTAN 2,UZBEKISTAN 2,31/05/2024,13:00,Round 11,Olimpik-Mobiuz,IDKbUznL,Aral,W8MfStER,False,1,1,,,,,,[45],[30],,0.0,0.0,0.0,,0.0,0.0,0.0,,0.0,0.0,0.0,,0.0,0.0,,0.0,0.0,,0,0,,0,0,,0,0,,0,0,,0.0,0.0,,0.0,0.0,,0.0,0.0,,0.0,0.0,,0.0,0.0,,0.0,0.0,,0,0,,0,0,,0.0,0.0,0.0,,0.0,0.0,0.0,,0,0,0,,0.0,0.0,,0.0,0.0,,0.0,0.0,,0.0,0.0,0.0,0.0,0.0,0.0,0.0,0.0,0.0,,0.0,0.0,,0,0,,0,0,,0.0,,0.0,,0.0,,0.0,,0.0,,0.0,,0.0,,0.0,,0.0,,0.0,,0.0,,0.0,,0.0,,0.0,,0.0,,0,0,,0,0,,0.0,0.0,,0.0,0.0,,0.0,0.0,,0.0,0.0,,0.0,0.0,,0.0,0.0,,0,0,,0,0,,0,0,0,,0.0,0.0,0,,0.0,0.0,0.0,,0.0,0.0,0.0,,0,0,0.0,,0,0,0,,,,,,,,,,,,,,,,,,,,,,,,,,,,,,,,,,,,,,,,,,,,,,,,,,,2.0,1.0,,,,,,,,,,,,,,,,,,,,,,,,,,,,,,,,,,,,,,,,,,,,,,,,,,,,,,,,,,,,,,,,,,,,,,,,,,,,,,,,,,,,,,,,,,,,,,,,,,,,,,,,,,,,,,,,,,,,,,,,,,,,,,,,,,,,,,,2.0,1.0,,,,,,,,,,,,,,,,,Pro Liga,25ICmKzF
KfSZtvqA,UZBEKISTAN,2024,UZBEKISTAN 2,UZBEKISTAN 2,03/06/2024,13:00,Round 11,Shortan Guzor,vLKxfOET,Mashal Muborak,6kNEblGu,False,2,1,,,,,,"[89, 90]",[45],,0.0,0.0,0.0,,0.0,0.0,0.0,,0.0,0.0,0.0,,0.0,0.0,,0.0,0.0,,0,0,,0,0,,0,0,,0,0,,0.0,0.0,,0.0,0.0,,0.0,0.0,,0.0,0.0,,0.0,0.0,,0.0,0.0,,0,0,,0,0,,0.0,0.0,0.0,,0.0,0.0,0.0,,0,0,0,,0.0,0.0,,0.0,0.0,,0.0,0.0,,0.0,0.0,0.0,0.0,0.0,0.0,0.0,0.0,0.0,,0.0,0.0,,0,0,,0,0,,0.0,,0.0,,0.0,,0.0,,0.0,,0.0,,0.0,,0.0,,0.0,,0.0,,0.0,,0.0,,0.0,,0.0,,0.0,,0,0,,0,0,,0.0,0.0,,0.0,0.0,,0.0,0.0,,0.0,0.0,,0.0,0.0,,0.0,0.0,,0,0,,0,0,,0,0,0,,0.0,0.0,0,,0.0,0.0,0.0,,0.0,0.0,0.0,,0,0,0.0,,0,0,0,,,,,,,,,,,,,,,,,,,,,,,,,,,,,,,,,,,,,,,,,,,,,,,,,,,1.0,2.0,,,,,,,,,,,,,,,,,,,,,,,,,,,,,,,,,,,,,,,,,,,,,,,,,,,,,,,,,,,,,,,,,,,,,,,,,,,,,,,,,,,,,,,,,,,,,,,,,,,,,,,,,,,,,,,,,,,,,,,,,,,,,,,,,,,,,,,1.0,2.0,,,,,,,,,,,,,,,,,Pro Liga,25ICmKzF
WfNFXZ5d,UZBEKISTAN,2024,UZBEKISTAN 2,UZBEKISTAN 2,29/06/2024,15:00,Round 12,Kokand 1912,6DWZyFY4,Olimpik-Mobiuz,IDKbUznL,False,0,1,,,,,,[],[66],Betano.br,1.8,2.42,6.2,Betano.br,1.62,3.05,6.4,Betano.br,1.34,4.6,6.8,,0.0,0.0,Betano.br,2.2,1.47,,0,0,,0,0,,0,0,,0,0,,0.0,0.0,,0.0,0.0,Betano.br,1.55,2.15,,0.0,0.0,,0.0,0.0,,0.0,0.0,,0,0,,0,0,Betano.br,1.09,1.15,3.1,Betano.br,1.11,1.44,1.8,,0,0,0,Betano.br,1.12,4.65,Betano.br,1.2,4.0,Betano.br,1.18,4.45,Betano.br,1.93,18.5,65.0,3.85,7.0,14.5,20.0,18.5,12.0,Betano.br,1.82,1.82,,0,0,,0,0,Betano.br,13.5,Betano.br,6.6,Betano.br,16.5,Betano.br,8.0,Betano.br,5.9,Betano.br,35.0,Betano.br,7.2,Betano.br,18.0,Betano.br,16.0,Betano.br,7.4,Betano.br,110.0,Betano.br,9.0,Betano.br,55.0,Betano.br,20.0,Betano.br,50.0,,0,0,,0,0,Betano.br,1.87,1.75,,0.0,0.0,,0.0,0.0,,0.0,0.0,,0.0,0.0,,0.0,0.0,,0,0,,0,0,,0,0,0,,0.0,0.0,0,,0.0,0.0,0.0,,0.0,0.0,0.0,,0,0,0.0,,0,0,0,,,,,,,,,,,,,,,,,,,,,,,,,,,,,,,,,,,,,,,,,,,,,,,,,,,,,,,,,,,,,,,,,,,,,,,,,,,,,,,,,,,,,,,,,,,,,,,,,,,,,,,,,,,,,,,,,,,,,,,,,,,,,,,,,,,,,,,,,,,,,,,,,,,,,,,,,,,,,,,,,,,,,,,,,,,,,,,,,,,,,,,,,,,,,,,,,,,,,,,,,,,,,Pro Liga,25ICmKzF
4KVbuR75,UZBEKISTAN,2024,UZBEKISTAN 2,UZBEKISTAN 2,28/05/2024,12:00,Round 10,Dostlik Tashkent,YPInXx22,Shortan Guzor,vLKxfOET,False,1,2,,,,,,[8],"[17, 58]",,0.0,0.0,0.0,,0.0,0.0,0.0,,0.0,0.0,0.0,,0.0,0.0,,0.0,0.0,,0,0,,0,0,,0,0,,0,0,,0.0,0.0,,0.0,0.0,,0.0,0.0,,0.0,0.0,,0.0,0.0,,0.0,0.0,,0,0,,0,0,,0.0,0.0,0.0,,0.0,0.0,0.0,,0,0,0,,0.0,0.0,,0.0,0.0,,0.0,0.0,,0.0,0.0,0.0,0.0,0.0,0.0,0.0,0.0,0.0,,0.0,0.0,,0,0,,0,0,,0.0,,0.0,,0.0,,0.0,,0.0,,0.0,,0.0,,0.0,,0.0,,0.0,,0.0,,0.0,,0.0,,0.0,,0.0,,0,0,,0,0,,0.0,0.0,,0.0,0.0,,0.0,0.0,,0.0,0.0,,0.0,0.0,,0.0,0.0,,0,0,,0,0,,0,0,0,,0.0,0.0,0,,0.0,0.0,0.0,,0.0,0.0,0.0,,0,0,0.0,,0,0,0,,,,,,,,,,,,,,,,,,,,,,,,,,,,,,,,,,,,,,,,,,,,,,,,,,,,,,,,,,,,,,,,,,,,,,,,,,,,,,,,,,,,,,,,,,,,,,,,,,,,,,,,,,,,,,,,,,,,,,,,,,,,,,,,,,,,,,,,,,,,,,,,,,,,,,,,,,,,,,,,,,,,,,,,,,,,,,,,,,,,,,,,,,,,,,,,,,,,,,,,,,,,,Pro Liga,25ICmKzF
CCDismwg,UZBEKISTAN,2024,UZBEKISTAN 2,UZBEKISTAN 2,28/05/2024,13:00,Round 10,Kokand 1912,6DWZyFY4,Aral,W8MfStER,False,1,2,,,,,,[90],"[14, 74]",,0.0,0.0,0.0,,0.0,0.0,0.0,,0.0,0.0,0.0,,0.0,0.0,,0.0,0.0,,0,0,,0,0,,0,0,,0,0,,0.0,0.0,,0.0,0.0,,0.0,0.0,,0.0,0.0,,0.0,0.0,,0.0,0.0,,0,0,,0,0,,0.0,0.0,0.0,,0.0,0.0,0.0,,0,0,0,,0.0,0.0,,0.0,0.0,,0.0,0.0,,0.0,0.0,0.0,0.0,0.0,0.0,0.0,0.0,0.0,,0.0,0.0,,0,0,,0,0,,0.0,,0.0,,0.0,,0.0,,0.0,,0.0,,0.0,,0.0,,0.0,,0.0,,0.0,,0.0,,0.0,,0.0,,0.0,,0,0,,0,0,,0.0,0.0,,0.0,0.0,,0.0,0.0,,0.0,0.0,,0.0,0.0,,0.0,0.0,,0,0,,0,0,,0,0,0,,0.0,0.0,0,,0.0,0.0,0.0,,0.0,0.0,0.0,,0,0,0.0,,0,0,0,,,,,,,,,,,,,,,,,,,,,,,,,,,,,,,,,,,,,,,,,,,,,,,,,,,,,,,,,,,,,,,,,,,,,,,,,,,,,,,,,,,,,,,,,,,,,,,,,,,,,,,,,,,,,,,,,,,,,,,,,,,,,,,,,,,,,,,,,,,,,,,,,,,,,,,,,,,,,,,,,,,,,,,,,,,,,,,,,,,,,,,,,,,,,,,,,,,,,,,,,,,,,Pro Liga,25ICmKzF
IXKbUiwt,UZBEKISTAN,2024,UZBEKISTAN 2,UZBEKISTAN 2,09/05/2024,13:00,Round 7,Dostlik Tashkent,YPInXx22,Mashal Muborak,6kNEblGu,False,2,4,,,,,,"[15, 45]","[35, 40, 47, 71]",,0.0,0.0,0.0,,0.0,0.0,0.0,,0.0,0.0,0.0,,0.0,0.0,,0.0,0.0,,0,0,,0,0,,0,0,,0,0,,0.0,0.0,,0.0,0.0,,0.0,0.0,,0.0,0.0,,0.0,0.0,,0.0,0.0,,0,0,,0,0,,0.0,0.0,0.0,,0.0,0.0,0.0,,0,0,0,,0.0,0.0,,0.0,0.0,,0.0,0.0,,0.0,0.0,0.0,0.0,0.0,0.0,0.0,0.0,0.0,,0.0,0.0,,0,0,,0,0,,0.0,,0.0,,0.0,,0.0,,0.0,,0.0,,0.0,,0.0,,0.0,,0.0,,0.0,,0.0,,0.0,,0.0,,0.0,,0,0,,0,0,,0.0,0.0,,0.0,0.0,,0.0,0.0,,0.0,0.0,,0.0,0.0,,0.0,0.0,,0,0,,0,0,,0,0,0,,0.0,0.0,0,,0.0,0.0,0.0,,0.0,0.0,0.0,,0,0,0.0,,0,0,0,,,,,,,,,,,,,,,,,,,,,,,,,,,,,,,,,,,,,,,,,,,,,,,,,,,1.0,0.0,,,,,,,,,,,,,,,,,,,,,,,,,,,,,,,,,,,,,,,,,,,,,,,,,,,,,,,,,,,,,,,,,,,,,,,,,,,,,,,,,,,,,,,,,,,,,,,,,,,,,,,,,,,,,,,,,,,,,,,,,,,,,,,,,,,,,,,1.0,0.0,,,,,,,,,,,,,,,,,Pro Liga,25ICmKzF
46jQQRhC,UZBEKISTAN,2024,UZBEKISTAN 2,UZBEKISTAN 2,23/05/2024,12:30,Round 9,Aral,W8MfStER,Mashal Muborak,6kNEblGu,False,1,1,,,,,,[20],[87],,0.0,0.0,0.0,,0.0,0.0,0.0,,0.0,0.0,0.0,,0.0,0.0,,0.0,0.0,,0,0,,0,0,,0,0,,0,0,,0.0,0.0,,0.0,0.0,,0.0,0.0,,0.0,0.0,,0.0,0.0,,0.0,0.0,,0,0,,0,0,,0.0,0.0,0.0,,0.0,0.0,0.0,,0,0,0,,0.0,0.0,,0.0,0.0,,0.0,0.0,,0.0,0.0,0.0,0.0,0.0,0.0,0.0,0.0,0.0,,0.0,0.0,,0,0,,0,0,,0.0,,0.0,,0.0,,0.0,,0.0,,0.0,,0.0,,0.0,,0.0,,0.0,,0.0,,0.0,,0.0,,0.0,,0.0,,0,0,,0,0,,0.0,0.0,,0.0,0.0,,0.0,0.0,,0.0,0.0,,0.0,0.0,,0.0,0.0,,0,0,,0,0,,0,0,0,,0.0,0.0,0,,0.0,0.0,0.0,,0.0,0.0,0.0,,0,0,0.0,,0,0,0,,,,,,,,,,,,,,,,,,,,,,,,,,,,,,,,,,,,,,,,,,,,,,,,,,,,,,,,,,,,,,,,,,,,,,,,,,,,,,,,,,,,,,,,,,,,,,,,,,,,,,,,,,,,,,,,,,,,,,,,,,,,,,,,,,,,,,,,,,,,,,,,,,,,,,,,,,,,,,,,,,,,,,,,,,,,,,,,,,,,,,,,,,,,,,,,,,,,,,,,,,,,,Pro Liga,25ICmKzF
GpKrq98t,UZBEKISTAN,2024,UZBEKISTAN 2,UZBEKISTAN 2,24/05/2024,13:00,Round 9,Buxoro,bcetGYV6,Kokand 1912,6DWZyFY4,False,0,0,,,,,,[],[],,0.0,0.0,0.0,,0.0,0.0,0.0,,0.0,0.0,0.0,,0.0,0.0,,0.0,0.0,,0,0,,0,0,,0,0,,0,0,,0.0,0.0,,0.0,0.0,,0.0,0.0,,0.0,0.0,,0.0,0.0,,0.0,0.0,,0,0,,0,0,,0.0,0.0,0.0,,0.0,0.0,0.0,,0,0,0,,0.0,0.0,,0.0,0.0,,0.0,0.0,,0.0,0.0,0.0,0.0,0.0,0.0,0.0,0.0,0.0,,0.0,0.0,,0,0,,0,0,,0.0,,0.0,,0.0,,0.0,,0.0,,0.0,,0.0,,0.0,,0.0,,0.0,,0.0,,0.0,,0.0,,0.0,,0.0,,0,0,,0,0,,0.0,0.0,,0.0,0.0,,0.0,0.0,,0.0,0.0,,0.0,0.0,,0.0,0.0,,0,0,,0,0,,0,0,0,,0.0,0.0,0,,0.0,0.0,0.0,,0.0,0.0,0.0,,0,0,0.0,,0,0,0,,,,,,,,,,,,,,,,,,,,,,,,,,,,,,,,,,,,,,,,,,,,,,,,,,,,,,,,,,,,,,,,,,,,,,,,,,,,,,,,,,,,,,,,,,,,,,,,,,,,,,,,,,,,,,,,,,,,,,,,,,,,,,,,,,,,,,,,,,,,,,,,,,,,,,,,,,,,,,,,,,,,,,,,,,,,,,,,,,,,,,,,,,,,,,,,,,,,,,,,,,,,,Pro Liga,25ICmKzF
IkhISmOa,UZBEKISTAN,2024,UZBEKISTAN 2,UZBEKISTAN 2,22/05/2024,13:00,Round 9,Shortan Guzor,vLKxfOET,Xorazm Urganch,bkJfERao,False,1,0,,,,,,[7],[],,0.0,0.0,0.0,,0.0,0.0,0.0,,0.0,0.0,0.0,,0.0,0.0,,0.0,0.0,,0,0,,0,0,,0,0,,0,0,,0.0,0.0,,0.0,0.0,,0.0,0.0,,0.0,0.0,,0.0,0.0,,0.0,0.0,,0,0,,0,0,,0.0,0.0,0.0,,0.0,0.0,0.0,,0,0,0,,0.0,0.0,,0.0,0.0,,0.0,0.0,,0.0,0.0,0.0,0.0,0.0,0.0,0.0,0.0,0.0,,0.0,0.0,,0,0,,0,0,,0.0,,0.0,,0.0,,0.0,,0.0,,0.0,,0.0,,0.0,,0.0,,0.0,,0.0,,0.0,,0.0,,0.0,,0.0,,0,0,,0,0,,0.0,0.0,,0.0,0.0,,0.0,0.0,,0.0,0.0,,0.0,0.0,,0.0,0.0,,0,0,,0,0,,0,0,0,,0.0,0.0,0,,0.0,0.0,0.0,,0.0,0.0,0.0,,0,0,0.0,,0,0,0,,,,,,,,,,,,,,,,,,,,,,,,,,,,,,,,,,,,,,,,,,,,,,,,,,,,,,,,,,,,,,,,,,,,,,,,,,,,,,,,,,,,,,,,,,,,,,,,,,,,,,,,,,,,,,,,,,,,,,,,,,,,,,,,,,,,,,,,,,,,,,,,,,,,,,,,,,,,,,,,,,,,,,,,,,,,,,,,,,,,,,,,,,,,,,,,,,,,,,,,,,,,,Pro Liga,25ICmKzF
ppjpBUxI,UZBEKISTAN,2024,UZBEKISTAN 2,UZBEKISTAN 2,09/05/2024,12:30,Round 7,Shortan Guzor,vLKxfOET,Kokand 1912,6DWZyFY4,False,1,0,,,,,,[7],[],,0.0,0.0,0.0,,0.0,0.0,0.0,,0.0,0.0,0.0,,0.0,0.0,,0.0,0.0,,0,0,,0,0,,0,0,,0,0,,0.0,0.0,,0.0,0.0,,0.0,0.0,,0.0,0.0,,0.0,0.0,,0.0,0.0,,0,0,,0,0,,0.0,0.0,0.0,,0.0,0.0,0.0,,0,0,0,,0.0,0.0,,0.0,0.0,,0.0,0.0,,0.0,0.0,0.0,0.0,0.0,0.0,0.0,0.0,0.0,,0.0,0.0,,0,0,,0,0,,0.0,,0.0,,0.0,,0.0,,0.0,,0.0,,0.0,,0.0,,0.0,,0.0,,0.0,,0.0,,0.0,,0.0,,0.0,,0,0,,0,0,,0.0,0.0,,0.0,0.0,,0.0,0.0,,0.0,0.0,,0.0,0.0,,0.0,0.0,,0,0,,0,0,,0,0,0,,0.0,0.0,0,,0.0,0.0,0.0,,0.0,0.0,0.0,,0,0,0.0,,0,0,0,,,,,,,,,,,,,,,,,,,,,,,,,,,,,,,,,,,,,,,,,,,,,,,,,,,,,,,,,,,,,,,,,,,,,,,,,,,,,,,,,,,,,,,,,,,,,,,,,,,,,,,,,,,,,,,,,,,,,,,,,,,,,,,,,,,,,,,,,,,,,,,,,,,,,,,,,,,,,,,,,,,,,,,,,,,,,,,,,,,,,,,,,,,,,,,,,,,,,,,,,,,,,Pro Liga,25ICmKzF
dz49U9gm,UZBEKISTAN,2024,UZBEKISTAN 2,UZBEKISTAN 2,17/05/2024,13:00,Round 8,Xorazm Urganch,bkJfERao,Olimpik-Mobiuz,IDKbUznL,False,0,2,,,,,,[],"[6, 52]",,0.0,0.0,0.0,,0.0,0.0,0.0,,0.0,0.0,0.0,,0.0,0.0,,0.0,0.0,,0,0,,0,0,,0,0,,0,0,,0.0,0.0,,0.0,0.0,,0.0,0.0,,0.0,0.0,,0.0,0.0,,0.0,0.0,,0,0,,0,0,,0.0,0.0,0.0,,0.0,0.0,0.0,,0,0,0,,0.0,0.0,,0.0,0.0,,0.0,0.0,,0.0,0.0,0.0,0.0,0.0,0.0,0.0,0.0,0.0,,0.0,0.0,,0,0,,0,0,,0.0,,0.0,,0.0,,0.0,,0.0,,0.0,,0.0,,0.0,,0.0,,0.0,,0.0,,0.0,,0.0,,0.0,,0.0,,0,0,,0,0,,0.0,0.0,,0.0,0.0,,0.0,0.0,,0.0,0.0,,0.0,0.0,,0.0,0.0,,0,0,,0,0,,0,0,0,,0.0,0.0,0,,0.0,0.0,0.0,,0.0,0.0,0.0,,0,0,0.0,,0,0,0,,,,,,,,,,,,,,,,,,,,,,,,,,,,,,,,,,,,,,,,,,,,,,,,,,,,,,,,,,,,,,,,,,,,,,,,,,,,,,,,,,,,,,,,,,,,,,,,,,,,,,,,,,,,,,,,,,,,,,,,,,,,,,,,,,,,,,,,,,,,,,,,,,,,,,,,,,,,,,,,,,,,,,,,,,,,,,,,,,,,,,,,,,,,,,,,,,,,,,,,,,,,,Pro Liga,25ICmKzF
0YqZO5NO,UZBEKISTAN,2024,UZBEKISTAN 2,UZBEKISTAN 2,23/05/2024,12:00,Round 9,Olimpik-Mobiuz,IDKbUznL,Dostlik Tashkent,YPInXx22,False,1,2,,,,,,[57],"[47, 78]",,0.0,0.0,0.0,,0.0,0.0,0.0,,0.0,0.0,0.0,,0.0,0.0,,0.0,0.0,,0,0,,0,0,,0,0,,0,0,,0.0,0.0,,0.0,0.0,,0.0,0.0,,0.0,0.0,,0.0,0.0,,0.0,0.0,,0,0,,0,0,,0.0,0.0,0.0,,0.0,0.0,0.0,,0,0,0,,0.0,0.0,,0.0,0.0,,0.0,0.0,,0.0,0.0,0.0,0.0,0.0,0.0,0.0,0.0,0.0,,0.0,0.0,,0,0,,0,0,,0.0,,0.0,,0.0,,0.0,,0.0,,0.0,,0.0,,0.0,,0.0,,0.0,,0.0,,0.0,,0.0,,0.0,,0.0,,0,0,,0,0,,0.0,0.0,,0.0,0.0,,0.0,0.0,,0.0,0.0,,0.0,0.0,,0.0,0.0,,0,0,,0,0,,0,0,0,,0.0,0.0,0,,0.0,0.0,0.0,,0.0,0.0,0.0,,0,0,0.0,,0,0,0,,,,,,,,,,,,,,,,,,,,,,,,,,,,,,,,,,,,,,,,,,,,,,,,,,,,,,,,,,,,,,,,,,,,,,,,,,,,,,,,,,,,,,,,,,,,,,,,,,,,,,,,,,,,,,,,,,,,,,,,,,,,,,,,,,,,,,,,,,,,,,,,,,,,,,,,,,,,,,,,,,,,,,,,,,,,,,,,,,,,,,,,,,,,,,,,,,,,,,,,,,,,,Pro Liga,25ICmKzF
CfbXDWha,UZBEKISTAN,2024,UZBEKISTAN 2,UZBEKISTAN 2,03/05/2024,14:00,Round 6,Mashal Muborak,6kNEblGu,Xorazm Urganch,bkJfERao,False,4,0,,,,,,"[7, 9, 70, 90]",[],,0.0,0.0,0.0,,0.0,0.0,0.0,,0.0,0.0,0.0,,0.0,0.0,,0.0,0.0,,0,0,,0,0,,0,0,,0,0,,0.0,0.0,,0.0,0.0,,0.0,0.0,,0.0,0.0,,0.0,0.0,,0.0,0.0,,0,0,,0,0,,0.0,0.0,0.0,,0.0,0.0,0.0,,0,0,0,,0.0,0.0,,0.0,0.0,,0.0,0.0,,0.0,0.0,0.0,0.0,0.0,0.0,0.0,0.0,0.0,,0.0,0.0,,0,0,,0,0,,0.0,,0.0,,0.0,,0.0,,0.0,,0.0,,0.0,,0.0,,0.0,,0.0,,0.0,,0.0,,0.0,,0.0,,0.0,,0,0,,0,0,,0.0,0.0,,0.0,0.0,,0.0,0.0,,0.0,0.0,,0.0,0.0,,0.0,0.0,,0,0,,0,0,,0,0,0,,0.0,0.0,0,,0.0,0.0,0.0,,0.0,0.0,0.0,,0,0,0.0,,0,0,0,,,,,,,,,,,,,,,,,,,,,,,,,,,,,,,,,,,,,,,,,,,,,,,,,,,,,,,,,,,,,,,,,,,,,,,,,,,,,,,,,,,,,,,,,,,,,,,,,,,,,,,,,,,,,,,,,,,,,,,,,,,,,,,,,,,,,,,,,,,,,,,,,,,,,,,,,,,,,,,,,,,,,,,,,,,,,,,,,,,,,,,,,,,,,,,,,,,,,,,,,,,,,Pro Liga,25ICmKzF
hAgh987U,UZBEKISTAN,2024,UZBEKISTAN 2,UZBEKISTAN 2,10/05/2024,13:00,Round 7,Xorazm Urganch,bkJfERao,Aral,W8MfStER,False,0,1,,,,,,[],[90],,0.0,0.0,0.0,,0.0,0.0,0.0,,0.0,0.0,0.0,,0.0,0.0,,0.0,0.0,,0,0,,0,0,,0,0,,0,0,,0.0,0.0,,0.0,0.0,,0.0,0.0,,0.0,0.0,,0.0,0.0,,0.0,0.0,,0,0,,0,0,,0.0,0.0,0.0,,0.0,0.0,0.0,,0,0,0,,0.0,0.0,,0.0,0.0,,0.0,0.0,,0.0,0.0,0.0,0.0,0.0,0.0,0.0,0.0,0.0,,0.0,0.0,,0,0,,0,0,,0.0,,0.0,,0.0,,0.0,,0.0,,0.0,,0.0,,0.0,,0.0,,0.0,,0.0,,0.0,,0.0,,0.0,,0.0,,0,0,,0,0,,0.0,0.0,,0.0,0.0,,0.0,0.0,,0.0,0.0,,0.0,0.0,,0.0,0.0,,0,0,,0,0,,0,0,0,,0.0,0.0,0,,0.0,0.0,0.0,,0.0,0.0,0.0,,0,0,0.0,,0,0,0,,,,,,,,,,,,,,,,,,,,,,,,,,,,,,,,,,,,,,,,,,,,,,,,,,,,,,,,,,,,,,,,,,,,,,,,,,,,,,,,,,,,,,,,,,,,,,,,,,,,,,,,,,,,,,,,,,,,,,,,,,,,,,,,,,,,,,,,,,,,,,,,,,,,,,,,,,,,,,,,,,,,,,,,,,,,,,,,,,,,,,,,,,,,,,,,,,,,,,,,,,,,,Pro Liga,25ICmKzF
AqVjCSwJ,UZBEKISTAN,2024,UZBEKISTAN 2,UZBEKISTAN 2,16/05/2024,13:00,Round 8,Kokand 1912,6DWZyFY4,Mashal Muborak,6kNEblGu,False,3,2,,,,,,"[6, 29, 62]","[50, 87]",,0.0,0.0,0.0,,0.0,0.0,0.0,,0.0,0.0,0.0,,0.0,0.0,,0.0,0.0,,0,0,,0,0,,0,0,,0,0,,0.0,0.0,,0.0,0.0,,0.0,0.0,,0.0,0.0,,0.0,0.0,,0.0,0.0,,0,0,,0,0,,0.0,0.0,0.0,,0.0,0.0,0.0,,0,0,0,,0.0,0.0,,0.0,0.0,,0.0,0.0,,0.0,0.0,0.0,0.0,0.0,0.0,0.0,0.0,0.0,,0.0,0.0,,0,0,,0,0,,0.0,,0.0,,0.0,,0.0,,0.0,,0.0,,0.0,,0.0,,0.0,,0.0,,0.0,,0.0,,0.0,,0.0,,0.0,,0,0,,0,0,,0.0,0.0,,0.0,0.0,,0.0,0.0,,0.0,0.0,,0.0,0.0,,0.0,0.0,,0,0,,0,0,,0,0,0,,0.0,0.0,0,,0.0,0.0,0.0,,0.0,0.0,0.0,,0,0,0.0,,0,0,0,,,,,,,,,,,,,,,,,,,,,,,,,,,,,,,,,,,,,,,,,,,,,,,,,,,,,,,,,,,,,,,,,,,,,,,,,,,,,,,,,,,,,,,,,,,,,,,,,,,,,,,,,,,,,,,,,,,,,,,,,,,,,,,,,,,,,,,,,,,,,,,,,,,,,,,,,,,,,,,,,,,,,,,,,,,,,,,,,,,,,,,,,,,,,,,,,,,,,,,,,,,,,Pro Liga,25ICmKzF
QiDwzWVP,UZBEKISTAN,2024,UZBEKISTAN 2,UZBEKISTAN 2,17/05/2024,12:00,Round 8,Dostlik Tashkent,YPInXx22,Aral,W8MfStER,False,1,3,,,,,,[24],"[42, 74, 87]",,0.0,0.0,0.0,,0.0,0.0,0.0,,0.0,0.0,0.0,,0.0,0.0,,0.0,0.0,,0,0,,0,0,,0,0,,0,0,,0.0,0.0,,0.0,0.0,,0.0,0.0,,0.0,0.0,,0.0,0.0,,0.0,0.0,,0,0,,0,0,,0.0,0.0,0.0,,0.0,0.0,0.0,,0,0,0,,0.0,0.0,,0.0,0.0,,0.0,0.0,,0.0,0.0,0.0,0.0,0.0,0.0,0.0,0.0,0.0,,0.0,0.0,,0,0,,0,0,,0.0,,0.0,,0.0,,0.0,,0.0,,0.0,,0.0,,0.0,,0.0,,0.0,,0.0,,0.0,,0.0,,0.0,,0.0,,0,0,,0,0,,0.0,0.0,,0.0,0.0,,0.0,0.0,,0.0,0.0,,0.0,0.0,,0.0,0.0,,0,0,,0,0,,0,0,0,,0.0,0.0,0,,0.0,0.0,0.0,,0.0,0.0,0.0,,0,0,0.0,,0,0,0,,,,,,,,,,,,,,,,,,,,,,,,,,,,,,,,,,,,,,,,,,,,,,,,,,,,,,,,,,,,,,,,,,,,,,,,,,,,,,,,,,,,,,,,,,,,,,,,,,,,,,,,,,,,,,,,,,,,,,,,,,,,,,,,,,,,,,,,,,,,,,,,,,,,,,,,,,,,,,,,,,,,,,,,,,,,,,,,,,,,,,,,,,,,,,,,,,,,,,,,,,,,,Pro Liga,25ICmKzF
EJflAlhO,UZBEKISTAN,2024,UZBEKISTAN 2,UZBEKISTAN 2,10/05/2024,14:00,Round 7,Buxoro,bcetGYV6,Olimpik-Mobiuz,IDKbUznL,False,4,1,,,,,,"[29, 45, 46, 68]",[82],Betano.br,2.02,2.1,6.2,Betano.br,1.8,2.6,6.2,Betano.br,1.47,3.8,6.1,Betano.br,1.42,2.35,,0.0,0.0,,0,0,,0,0,,0,0,,0,0,,0.0,0.0,,0.0,0.0,Betano.br,2.0,1.65,,0.0,0.0,,0.0,0.0,,0.0,0.0,,0,0,,0,0,Betano.br,1.11,1.21,2.6,Betano.br,1.12,1.57,1.62,,0,0,0,Betano.br,1.15,4.15,Betano.br,1.23,3.7,Betano.br,1.22,4.0,Betano.br,2.2,18.5,75.0,3.7,5.2,12.0,26.0,18.5,11.0,Betano.br,1.83,1.8,,0,0,,0,0,Betano.br,8.5,Betano.br,4.7,Betano.br,11.0,Betano.br,6.7,Betano.br,5.1,Betano.br,28.0,Betano.br,7.3,Betano.br,17.0,Betano.br,18.5,Betano.br,7.8,Betano.br,100.0,Betano.br,11.25,Betano.br,60.0,Betano.br,29.0,Betano.br,65.0,,0,0,,0,0,,0.0,0.0,Betano.br,1.72,1.88,,0.0,0.0,,0.0,0.0,,0.0,0.0,,0.0,0.0,,0,0,,0,0,,0,0,0,,0.0,0.0,0,,0.0,0.0,0.0,,0.0,0.0,0.0,,0,0,0.0,,0,0,0,,,,,,,,,,,,,,,,,,,,,,,,,,,,,,,,,,,,,,,,,,,,,,,,,,,,,,,,,,,,,,,,,,,,,,,,,,,,,,,,,,,,,,,,,,,,,,,,,,,,,,,,,,,,,,,,,,,,,,,,,,,,,,,,,,,,,,,,,,,,,,,,,,,,,,,,,,,,,,,,,,,,,,,,,,,,,,,,,,,,,,,,,,,,,,,,,,,,,,,,,,,,,Pro Liga,25ICmKzF
WYouLdMj,UZBEKISTAN,2024,UZBEKISTAN 2,UZBEKISTAN 2,28/05/2024,14:30,Round 10,Mashal Muborak,6kNEblGu,Olimpik-Mobiuz,IDKbUznL,False,3,0,,,,,,"[53, 55, 69]",[],Betano.br,1.82,2.32,6.6,Betano.br,1.65,2.92,6.8,Betano.br,1.34,4.45,7.2,,0.0,0.0,Betano.br,2.37,1.42,,0,0,,0,0,,0,0,,0,0,,0.0,0.0,,0.0,0.0,Betano.br,1.7,1.93,,0.0,0.0,,0.0,0.0,,0.0,0.0,,0,0,,0,0,Betano.br,1.09,1.16,3.1,Betano.br,1.1,1.47,1.78,,0,0,0,Betano.br,1.11,4.8,Betano.br,1.19,4.15,Betano.br,1.17,4.6,Betano.br,1.95,19.0,75.0,3.7,6.5,14.5,22.0,19.0,12.5,Betano.br,1.82,1.82,,0,0,,0,0,Betano.br,11.5,Betano.br,5.7,Betano.br,15.0,Betano.br,7.8,Betano.br,5.3,Betano.br,37.0,Betano.br,7.3,Betano.br,19.0,Betano.br,18.0,Betano.br,7.0,Betano.br,120.0,Betano.br,9.5,Betano.br,65.0,Betano.br,24.0,Betano.br,60.0,,0,0,,0,0,Betano.br,1.9,1.72,,0.0,0.0,,0.0,0.0,,0.0,0.0,,0.0,0.0,,0.0,0.0,,0,0,,0,0,,0,0,0,,0.0,0.0,0,,0.0,0.0,0.0,,0.0,0.0,0.0,,0,0,0.0,,0,0,0,,,,,,,,,,,,,,,,,,,,,,,,,,,,,,,,,,,,,,,,,,,,,,,,,,,,,,,,,,,,,,,,,,,,,,,,,,,,,,,,,,,,,,,,,,,,,,,,,,,,,,,,,,,,,,,,,,,,,,,,,,,,,,,,,,,,,,,,,,,,,,,,,,,,,,,,,,,,,,,,,,,,,,,,,,,,,,,,,,,,,,,,,,,,,,,,,,,,,,,,,,,,,Pro Liga,25ICmKzF
QZJ7w5xI,UZBEKISTAN,2024,UZBEKISTAN 2,UZBEKISTAN 2,28/05/2024,13:00,Round 10,Xorazm Urganch,bkJfERao,Buxoro,bcetGYV6,False,0,1,,,,,,[],[82],Betano.br,5.1,1.83,2.55,Betano.br,4.9,2.18,2.27,Betano.br,4.4,3.05,1.8,Betano.br,1.57,2.02,,0.0,0.0,,0,0,,0,0,,0,0,,0,0,,0.0,0.0,Betano.br,1.57,2.1,,0.0,0.0,,0.0,0.0,,0.0,0.0,,0.0,0.0,,0,0,,0,0,Betano.br,1.93,1.31,1.18,Betano.br,1.4,1.78,1.15,,0,0,0,Betano.br,2.92,1.3,Betano.br,2.8,1.39,Betano.br,2.92,1.37,Betano.br,7.8,17.0,35.0,8.5,3.9,4.05,70.0,17.0,2.92,Betano.br,1.85,1.78,,0,0,,0,0,Betano.br,5.7,Betano.br,7.0,Betano.br,4.05,Betano.br,5.6,Betano.br,17.0,Betano.br,5.8,Betano.br,13.5,Betano.br,8.0,Betano.br,19.5,Betano.br,60.0,Betano.br,11.5,Betano.br,45.0,Betano.br,16.0,Betano.br,65.0,Betano.br,40.0,,0,0,,0,0,,0.0,0.0,,0.0,0.0,,0.0,0.0,Betano.br,1.85,1.75,,0.0,0.0,,0.0,0.0,,0,0,,0,0,,0,0,0,,0.0,0.0,0,,0.0,0.0,0.0,,0.0,0.0,0.0,,0,0,0.0,,0,0,0,,,,,,,,,,,,,,,,,,,,,,,,,,,,,,,,,,,,,,,,,,,,,,,,,,,1.0,0.0,,,,,,,,,,,,,,,,,,,,,,,,,,,,,,,,,,,,,,,,,,,,,,,,,,,,,,,,,,,,,,,,,,,,,,,,,,,,,,,,,,,,,,,,,,,,,,,,,,,,,,,,,,,,,,,,,,,,,,,,,,,,,,,,,,,,,,,1.0,0.0,,,,,,,,,,,,,,,,,Pro Liga,25ICmKzF
xWWrEl96,UZBEKISTAN,2024,UZBEKISTAN 2,UZBEKISTAN 2,16/05/2024,13:00,Round 8,Buxoro,bcetGYV6,Shortan Guzor,vLKxfOET,False,3,0,,,,,,"[40, 60, 81]",[],,0.0,0.0,0.0,,0.0,0.0,0.0,,0.0,0.0,0.0,,0.0,0.0,,0.0,0.0,,0,0,,0,0,,0,0,,0,0,,0.0,0.0,,0.0,0.0,,0.0,0.0,,0.0,0.0,,0.0,0.0,,0.0,0.0,,0,0,,0,0,,0.0,0.0,0.0,,0.0,0.0,0.0,,0,0,0,,0.0,0.0,,0.0,0.0,,0.0,0.0,,0.0,0.0,0.0,0.0,0.0,0.0,0.0,0.0,0.0,,0.0,0.0,,0,0,,0,0,,0.0,,0.0,,0.0,,0.0,,0.0,,0.0,,0.0,,0.0,,0.0,,0.0,,0.0,,0.0,,0.0,,0.0,,0.0,,0,0,,0,0,,0.0,0.0,,0.0,0.0,,0.0,0.0,,0.0,0.0,,0.0,0.0,,0.0,0.0,,0,0,,0,0,,0,0,0,,0.0,0.0,0,,0.0,0.0,0.0,,0.0,0.0,0.0,,0,0,0.0,,0,0,0,,,,,,,,,,,,,,,,,,,,,,,,,,,,,,,,,,,,,,,,,,,,,,,,,,,,,,,,,,,,,,,,,,,,,,,,,,,,,,,,,,,,,,,,,,,,,,,,,,,,,,,,,,,,,,,,,,,,,,,,,,,,,,,,,,,,,,,,,,,,,,,,,,,,,,,,,,,,,,,,,,,,,,,,,,,,,,,,,,,,,,,,,,,,,,,,,,,,,,,,,,,,,Pro Liga,25ICmKzF
6gitCANB,UZBEKISTAN,2024,UZBEKISTAN 2,UZBEKISTAN 2,03/05/2024,11:30,Round 6,Olimpik-Mobiuz,IDKbUznL,Shortan Guzor,vLKxfOET,False,2,2,,,,,,"[90, 90]","[15, 36]",,0.0,0.0,0.0,,0.0,0.0,0.0,,0.0,0.0,0.0,,0.0,0.0,,0.0,0.0,,0,0,,0,0,,0,0,,0,0,,0.0,0.0,,0.0,0.0,,0.0,0.0,,0.0,0.0,,0.0,0.0,,0.0,0.0,,0,0,,0,0,,0.0,0.0,0.0,,0.0,0.0,0.0,,0,0,0,,0.0,0.0,,0.0,0.0,,0.0,0.0,,0.0,0.0,0.0,0.0,0.0,0.0,0.0,0.0,0.0,,0.0,0.0,,0,0,,0,0,,0.0,,0.0,,0.0,,0.0,,0.0,,0.0,,0.0,,0.0,,0.0,,0.0,,0.0,,0.0,,0.0,,0.0,,0.0,,0,0,,0,0,,0.0,0.0,,0.0,0.0,,0.0,0.0,,0.0,0.0,,0.0,0.0,,0.0,0.0,,0,0,,0,0,,0,0,0,,0.0,0.0,0,,0.0,0.0,0.0,,0.0,0.0,0.0,,0,0,0.0,,0,0,0,,,,,,,,,,,,,,,,,,,,,,,,,,,,,,,,,,,,,,,,,,,,,,,,,,,1.0,0.0,,,,,,,,,,,,,,,,,,,,,,,,,,,,,,,,,,,,,,,,,,,,,,,,,,,,,,,,,,,,,,,,,,,,,,,,,,,,,,,,,,,,,,,,,,,,,,,,,,,,,,,,,,,,,,,,,,,,,,,,,,,,,,,,,,,,,,,1.0,0.0,,,,,,,,,,,,,,,,,Pro Liga,25ICmKzF
IXbTECwg,UZBEKISTAN,2024,UZBEKISTAN 2,UZBEKISTAN 2,03/05/2024,13:00,Round 6,Kokand 1912,6DWZyFY4,Dostlik Tashkent,YPInXx22,False,2,0,,,,,,"[41, 90]",[],,0.0,0.0,0.0,,0.0,0.0,0.0,,0.0,0.0,0.0,,0.0,0.0,,0.0,0.0,,0,0,,0,0,,0,0,,0,0,,0.0,0.0,,0.0,0.0,,0.0,0.0,,0.0,0.0,,0.0,0.0,,0.0,0.0,,0,0,,0,0,,0.0,0.0,0.0,,0.0,0.0,0.0,,0,0,0,,0.0,0.0,,0.0,0.0,,0.0,0.0,,0.0,0.0,0.0,0.0,0.0,0.0,0.0,0.0,0.0,,0.0,0.0,,0,0,,0,0,,0.0,,0.0,,0.0,,0.0,,0.0,,0.0,,0.0,,0.0,,0.0,,0.0,,0.0,,0.0,,0.0,,0.0,,0.0,,0,0,,0,0,,0.0,0.0,,0.0,0.0,,0.0,0.0,,0.0,0.0,,0.0,0.0,,0.0,0.0,,0,0,,0,0,,0,0,0,,0.0,0.0,0,,0.0,0.0,0.0,,0.0,0.0,0.0,,0,0,0.0,,0,0,0,,,,,,,,,,,,,,,,,,,,,,,,,,,,,,,,,,,,,,,,,,,,,,,,,,,,,,,,,,,,,,,,,,,,,,,,,,,,,,,,,,,,,,,,,,,,,,,,,,,,,,,,,,,,,,,,,,,,,,,,,,,,,,,,,,,,,,,,,,,,,,,,,,,,,,,,,,,,,,,,,,,,,,,,,,,,,,,,,,,,,,,,,,,,,,,,,,,,,,,,,,,,,Pro Liga,25ICmKzF
OU1yDj85,UZBEKISTAN,2024,UZBEKISTAN 2,UZBEKISTAN 2,03/05/2024,12:30,Round 6,Aral,W8MfStER,Buxoro,bcetGYV6,False,0,0,,,,,,[],[],,0.0,0.0,0.0,,0.0,0.0,0.0,,0.0,0.0,0.0,,0.0,0.0,,0.0,0.0,,0,0,,0,0,,0,0,,0,0,,0.0,0.0,,0.0,0.0,,0.0,0.0,,0.0,0.0,,0.0,0.0,,0.0,0.0,,0,0,,0,0,,0.0,0.0,0.0,,0.0,0.0,0.0,,0,0,0,,0.0,0.0,,0.0,0.0,,0.0,0.0,,0.0,0.0,0.0,0.0,0.0,0.0,0.0,0.0,0.0,,0.0,0.0,,0,0,,0,0,,0.0,,0.0,,0.0,,0.0,,0.0,,0.0,,0.0,,0.0,,0.0,,0.0,,0.0,,0.0,,0.0,,0.0,,0.0,,0,0,,0,0,,0.0,0.0,,0.0,0.0,,0.0,0.0,,0.0,0.0,,0.0,0.0,,0.0,0.0,,0,0,,0,0,,0,0,0,,0.0,0.0,0,,0.0,0.0,0.0,,0.0,0.0,0.0,,0,0,0.0,,0,0,0,,,,,,,,,,,,,,,,,,,,,,,,,,,,,,,,,,,,,,,,,,,,,,,,,,,,,,,,,,,,,,,,,,,,,,,,,,,,,,,,,,,,,,,,,,,,,,,,,,,,,,,,,,,,,,,,,,,,,,,,,,,,,,,,,,,,,,,,,,,,,,,,,,,,,,,,,,,,,,,,,,,,,,,,,,,,,,,,,,,,,,,,,,,,,,,,,,,,,,,,,,,,,Pro Liga,25ICmKzF
A33lEumr,UZBEKISTAN,2024,UZBEKISTAN 2,UZBEKISTAN 2,29/03/2024,10:30,Round 3,Olimpik-Mobiuz,IDKbUznL,Mashal Muborak,6kNEblGu,False,0,0,,,,,,[],[],,0.0,0.0,0.0,,0.0,0.0,0.0,,0.0,0.0,0.0,,0.0,0.0,,0.0,0.0,,0,0,,0,0,,0,0,,0,0,,0.0,0.0,,0.0,0.0,,0.0,0.0,,0.0,0.0,,0.0,0.0,,0.0,0.0,,0,0,,0,0,,0.0,0.0,0.0,,0.0,0.0,0.0,,0,0,0,,0.0,0.0,,0.0,0.0,,0.0,0.0,,0.0,0.0,0.0,0.0,0.0,0.0,0.0,0.0,0.0,,0.0,0.0,,0,0,,0,0,,0.0,,0.0,,0.0,,0.0,,0.0,,0.0,,0.0,,0.0,,0.0,,0.0,,0.0,,0.0,,0.0,,0.0,,0.0,,0,0,,0,0,,0.0,0.0,,0.0,0.0,,0.0,0.0,,0.0,0.0,,0.0,0.0,,0.0,0.0,,0,0,,0,0,,0,0,0,,0.0,0.0,0,,0.0,0.0,0.0,,0.0,0.0,0.0,,0,0,0.0,,0,0,0,,,,,,,,,,,,,,,,,,,,,,,,,,,,,,,,,,,,,,,,,,,,,,,,,,,,,,,,,,,,,,,,,,,,,,,,,,,,,,,,,,,,,,,,,,,,,,,,,,,,,,,,,,,,,,,,,,,,,,,,,,,,,,,,,,,,,,,,,,,,,,,,,,,,,,,,,,,,,,,,,,,,,,,,,,,,,,,,,,,,,,,,,,,,,,,,,,,,,,,,,,,,,Pro Liga,25ICmKzF
vs0PFhOn,UZBEKISTAN,2024,UZBEKISTAN 2,UZBEKISTAN 2,08/04/2024,12:00,Round 5,Shortan Guzor,vLKxfOET,Aral,W8MfStER,False,1,1,,,,,,[65],[7],,0.0,0.0,0.0,,0.0,0.0,0.0,,0.0,0.0,0.0,,0.0,0.0,,0.0,0.0,,0,0,,0,0,,0,0,,0,0,,0.0,0.0,,0.0,0.0,,0.0,0.0,,0.0,0.0,,0.0,0.0,,0.0,0.0,,0,0,,0,0,,0.0,0.0,0.0,,0.0,0.0,0.0,,0,0,0,,0.0,0.0,,0.0,0.0,,0.0,0.0,,0.0,0.0,0.0,0.0,0.0,0.0,0.0,0.0,0.0,,0.0,0.0,,0,0,,0,0,,0.0,,0.0,,0.0,,0.0,,0.0,,0.0,,0.0,,0.0,,0.0,,0.0,,0.0,,0.0,,0.0,,0.0,,0.0,,0,0,,0,0,,0.0,0.0,,0.0,0.0,,0.0,0.0,,0.0,0.0,,0.0,0.0,,0.0,0.0,,0,0,,0,0,,0,0,0,,0.0,0.0,0,,0.0,0.0,0.0,,0.0,0.0,0.0,,0,0,0.0,,0,0,0,,,,,,,,,,,,,,,,,,,,,,,,,,,,,,,,,,,,,,,,,,,,,,,,,,,,,,,,,,,,,,,,,,,,,,,,,,,,,,,,,,,,,,,,,,,,,,,,,,,,,,,,,,,,,,,,,,,,,,,,,,,,,,,,,,,,,,,,,,,,,,,,,,,,,,,,,,,,,,,,,,,,,,,,,,,,,,,,,,,,,,,,,,,,,,,,,,,,,,,,,,,,,Pro Liga,25ICmKzF
ddNDKsAE,UZBEKISTAN,2024,UZBEKISTAN 2,UZBEKISTAN 2,26/03/2024,11:30,Round 3,Aral,W8MfStER,Kokand 1912,6DWZyFY4,False,1,3,,,,,,[71],"[34, 78, 90]",,0.0,0.0,0.0,,0.0,0.0,0.0,,0.0,0.0,0.0,,0.0,0.0,,0.0,0.0,,0,0,,0,0,,0,0,,0,0,,0.0,0.0,,0.0,0.0,,0.0,0.0,,0.0,0.0,,0.0,0.0,,0.0,0.0,,0,0,,0,0,,0.0,0.0,0.0,,0.0,0.0,0.0,,0,0,0,,0.0,0.0,,0.0,0.0,,0.0,0.0,,0.0,0.0,0.0,0.0,0.0,0.0,0.0,0.0,0.0,,0.0,0.0,,0,0,,0,0,,0.0,,0.0,,0.0,,0.0,,0.0,,0.0,,0.0,,0.0,,0.0,,0.0,,0.0,,0.0,,0.0,,0.0,,0.0,,0,0,,0,0,,0.0,0.0,,0.0,0.0,,0.0,0.0,,0.0,0.0,,0.0,0.0,,0.0,0.0,,0,0,,0,0,,0,0,0,,0.0,0.0,0,,0.0,0.0,0.0,,0.0,0.0,0.0,,0,0,0.0,,0,0,0,,,,,,,,,,,,,,,,,,,,,,,,,,,,,,,,,,,,,,,,,,,,,,,,,,,,,,,,,,,,,,,,,,,,,,,,,,,,,,,,,,,,,,,,,,,,,,,,,,,,,,,,,,,,,,,,,,,,,,,,,,,,,,,,,,,,,,,,,,,,,,,,,,,,,,,,,,,,,,,,,,,,,,,,,,,,,,,,,,,,,,,,,,,,,,,,,,,,,,,,,,,,,Pro Liga,25ICmKzF
Wxf99H1D,UZBEKISTAN,2024,UZBEKISTAN 2,UZBEKISTAN 2,08/04/2024,13:00,Round 5,Buxoro,bcetGYV6,Mashal Muborak,6kNEblGu,False,0,0,,,,,,[],[],Betano.br,2.8,1.98,3.75,Betano.br,2.55,2.37,3.5,Betano.br,2.12,3.15,3.1,Betano.br,1.45,2.27,,0.0,0.0,,0,0,,0,0,,0,0,,0,0,,0.0,0.0,,0.0,0.0,Betano.br,2.1,1.57,,0.0,0.0,,0.0,0.0,,0.0,0.0,,0,0,,0,0,Betano.br,1.3,1.29,1.65,Betano.br,1.23,1.65,1.36,,0,0,0,Betano.br,1.53,2.18,Betano.br,1.62,2.18,Betano.br,1.62,2.22,Betano.br,3.45,14.5,40.0,4.9,4.55,6.7,30.0,14.5,5.2,Betano.br,1.83,1.8,,0,0,,0,0,Betano.br,7.9,Betano.br,5.6,Betano.br,7.0,Betano.br,5.4,Betano.br,8.0,Betano.br,12.0,Betano.br,7.7,Betano.br,9.5,Betano.br,13.5,Betano.br,15.5,Betano.br,30.0,Betano.br,15.5,Betano.br,24.0,Betano.br,27.0,Betano.br,32.0,,0,0,,0,0,,0.0,0.0,,0.0,0.0,,0.0,0.0,,0.0,0.0,,0.0,0.0,,0.0,0.0,,0,0,,0,0,,0,0,0,,0.0,0.0,0,,0.0,0.0,0.0,,0.0,0.0,0.0,,0,0,0.0,,0,0,0,,,,,,,,,,,,,,,,,,,,,,,,,,,,,,,,,,,,,,,,,,,,,,,,,,,,,,,,,,,,,,,,,,,,,,,,,,,,,,,,,,,,,,,,,,,,,,,,,,,,,,,,,,,,,,,,,,,,,,,,,,,,,,,,,,,,,,,,,,,,,,,,,,,,,,,,,,,,,,,,,,,,,,,,,,,,,,,,,,,,,,,,,,,,,,,,,,,,,,,,,,,,,Pro Liga,25ICmKzF
ptriY0vE,UZBEKISTAN,2024,UZBEKISTAN 2,UZBEKISTAN 2,08/04/2024,12:00,Round 5,Xorazm Urganch,bkJfERao,Dostlik Tashkent,YPInXx22,False,1,0,,,,,,[77],[],,0.0,0.0,0.0,,0.0,0.0,0.0,,0.0,0.0,0.0,,0.0,0.0,,0.0,0.0,,0,0,,0,0,,0,0,,0,0,,0.0,0.0,,0.0,0.0,,0.0,0.0,,0.0,0.0,,0.0,0.0,,0.0,0.0,,0,0,,0,0,,0.0,0.0,0.0,,0.0,0.0,0.0,,0,0,0,,0.0,0.0,,0.0,0.0,,0.0,0.0,,0.0,0.0,0.0,0.0,0.0,0.0,0.0,0.0,0.0,,0.0,0.0,,0,0,,0,0,,0.0,,0.0,,0.0,,0.0,,0.0,,0.0,,0.0,,0.0,,0.0,,0.0,,0.0,,0.0,,0.0,,0.0,,0.0,,0,0,,0,0,,0.0,0.0,,0.0,0.0,,0.0,0.0,,0.0,0.0,,0.0,0.0,,0.0,0.0,,0,0,,0,0,,0,0,0,,0.0,0.0,0,,0.0,0.0,0.0,,0.0,0.0,0.0,,0,0,0.0,,0,0,0,,,,,,,,,,,,,,,,,,,,,,,,,,,,,,,,,,,,,,,,,,,,,,,,,0.0,1.0,0.0,1.0,,,,,,,,,,,,,,,,,,,,,,,,,,,,,,,,,,,,,,,,,,,,,,,,,,,,,,,,,,,,,,,,,,,,,,,,,,,,,,,,,,,,,,,,,,,,,,,,,,,,,,,,,,,,,,,,,,,,,,,,,,,,,,,,,,,,,0.0,1.0,0.0,1.0,,,,,,,,,,,,,,,,,Pro Liga,25ICmKzF
2ctNcK21,UZBEKISTAN,2024,UZBEKISTAN 2,UZBEKISTAN 2,19/03/2024,14:00,Round 2,Mashal Muborak,6kNEblGu,Aral,W8MfStER,False,1,0,,,,,,[22],[],,0.0,0.0,0.0,,0.0,0.0,0.0,,0.0,0.0,0.0,,0.0,0.0,,0.0,0.0,,0,0,,0,0,,0,0,,0,0,,0.0,0.0,,0.0,0.0,,0.0,0.0,,0.0,0.0,,0.0,0.0,,0.0,0.0,,0,0,,0,0,,0.0,0.0,0.0,,0.0,0.0,0.0,,0,0,0,,0.0,0.0,,0.0,0.0,,0.0,0.0,,0.0,0.0,0.0,0.0,0.0,0.0,0.0,0.0,0.0,,0.0,0.0,,0,0,,0,0,,0.0,,0.0,,0.0,,0.0,,0.0,,0.0,,0.0,,0.0,,0.0,,0.0,,0.0,,0.0,,0.0,,0.0,,0.0,,0,0,,0,0,,0.0,0.0,,0.0,0.0,,0.0,0.0,,0.0,0.0,,0.0,0.0,,0.0,0.0,,0,0,,0,0,,0,0,0,,0.0,0.0,0,,0.0,0.0,0.0,,0.0,0.0,0.0,,0,0,0.0,,0,0,0,,,,,,,,,,,,,,,,,,,,,,,,,,,,,,,,,,,,,,,,,,,,,,,,,,,,,,,,,,,,,,,,,,,,,,,,,,,,,,,,,,,,,,,,,,,,,,,,,,,,,,,,,,,,,,,,,,,,,,,,,,,,,,,,,,,,,,,,,,,,,,,,,,,,,,,,,,,,,,,,,,,,,,,,,,,,,,,,,,,,,,,,,,,,,,,,,,,,,,,,,,,,,Pro Liga,25ICmKzF
IZk5Acn7,UZBEKISTAN,2024,UZBEKISTAN 2,UZBEKISTAN 2,03/04/2024,11:30,Round 4,Aral,W8MfStER,Olimpik-Mobiuz,IDKbUznL,False,6,0,,,,,,"[1, 6, 22, 49, 62, 90]",[],,0.0,0.0,0.0,,0.0,0.0,0.0,,0.0,0.0,0.0,,0.0,0.0,,0.0,0.0,,0,0,,0,0,,0,0,,0,0,,0.0,0.0,,0.0,0.0,,0.0,0.0,,0.0,0.0,,0.0,0.0,,0.0,0.0,,0,0,,0,0,,0.0,0.0,0.0,,0.0,0.0,0.0,,0,0,0,,0.0,0.0,,0.0,0.0,,0.0,0.0,,0.0,0.0,0.0,0.0,0.0,0.0,0.0,0.0,0.0,,0.0,0.0,,0,0,,0,0,,0.0,,0.0,,0.0,,0.0,,0.0,,0.0,,0.0,,0.0,,0.0,,0.0,,0.0,,0.0,,0.0,,0.0,,0.0,,0,0,,0,0,,0.0,0.0,,0.0,0.0,,0.0,0.0,,0.0,0.0,,0.0,0.0,,0.0,0.0,,0,0,,0,0,,0,0,0,,0.0,0.0,0,,0.0,0.0,0.0,,0.0,0.0,0.0,,0,0,0.0,,0,0,0,,,,,,,,,,,,,,,,,,,,,,,,,,,,,,,,,,,,,,,,,,,,,,,,,,,,,,,,,,,,,,,,,,,,,,,,,,,,,,,,,,,,,,,,,,,,,,,,,,,,,,,,,,,,,,,,,,,,,,,,,,,,,,,,,,,,,,,,,,,,,,,,,,,,,,,,,,,,,,,,,,,,,,,,,,,,,,,,,,,,,,,,,,,,,,,,,,,,,,,,,,,,,Pro Liga,25ICmKzF
zB00BwX0,UZBEKISTAN,2024,UZBEKISTAN 2,UZBEKISTAN 2,03/04/2024,14:00,Round 4,Mashal Muborak,6kNEblGu,Shortan Guzor,vLKxfOET,False,2,0,,,,,,"[16, 86]",[],,0.0,0.0,0.0,,0.0,0.0,0.0,,0.0,0.0,0.0,,0.0,0.0,,0.0,0.0,,0,0,,0,0,,0,0,,0,0,,0.0,0.0,,0.0,0.0,,0.0,0.0,,0.0,0.0,,0.0,0.0,,0.0,0.0,,0,0,,0,0,,0.0,0.0,0.0,,0.0,0.0,0.0,,0,0,0,,0.0,0.0,,0.0,0.0,,0.0,0.0,,0.0,0.0,0.0,0.0,0.0,0.0,0.0,0.0,0.0,,0.0,0.0,,0,0,,0,0,,0.0,,0.0,,0.0,,0.0,,0.0,,0.0,,0.0,,0.0,,0.0,,0.0,,0.0,,0.0,,0.0,,0.0,,0.0,,0,0,,0,0,,0.0,0.0,,0.0,0.0,,0.0,0.0,,0.0,0.0,,0.0,0.0,,0.0,0.0,,0,0,,0,0,,0,0,0,,0.0,0.0,0,,0.0,0.0,0.0,,0.0,0.0,0.0,,0,0,0.0,,0,0,0,,,,,,,,,,,,,,,,,,,,,,,,,,,,,,,,,,,,,,,,,,,,,,,,,,,,,,,,,,,,,,,,,,,,,,,,,,,,,,,,,,,,,,,,,,,,,,,,,,,,,,,,,,,,,,,,,,,,,,,,,,,,,,,,,,,,,,,,,,,,,,,,,,,,,,,,,,,,,,,,,,,,,,,,,,,,,,,,,,,,,,,,,,,,,,,,,,,,,,,,,,,,,Pro Liga,25ICmKzF
23N1ZqKq,UZBEKISTAN,2024,UZBEKISTAN 2,UZBEKISTAN 2,12/03/2024,11:00,Round 1,Aral,W8MfStER,Dostlik Tashkent,YPInXx22,False,1,0,,,,,,[18],[],,0.0,0.0,0.0,,0.0,0.0,0.0,,0.0,0.0,0.0,,0.0,0.0,,0.0,0.0,,0,0,,0,0,,0,0,,0,0,,0.0,0.0,,0.0,0.0,,0.0,0.0,,0.0,0.0,,0.0,0.0,,0.0,0.0,,0,0,,0,0,,0.0,0.0,0.0,,0.0,0.0,0.0,,0,0,0,,0.0,0.0,,0.0,0.0,,0.0,0.0,,0.0,0.0,0.0,0.0,0.0,0.0,0.0,0.0,0.0,,0.0,0.0,,0,0,,0,0,,0.0,,0.0,,0.0,,0.0,,0.0,,0.0,,0.0,,0.0,,0.0,,0.0,,0.0,,0.0,,0.0,,0.0,,0.0,,0,0,,0,0,,0.0,0.0,,0.0,0.0,,0.0,0.0,,0.0,0.0,,0.0,0.0,,0.0,0.0,,0,0,,0,0,,0,0,0,,0.0,0.0,0,,0.0,0.0,0.0,,0.0,0.0,0.0,,0,0,0.0,,0,0,0,,,,,,,,,,,,,,,,,,,,,,,,,,,,,,,,,,,,,,,,,,,,,,,,,,,,,,,,,,,,,,,,,,,,,,,,,,,,,,,,,,,,,,,,,,,,,,,,,,,,,,,,,,,,,,,,,,,,,,,,,,,,,,,,,,,,,,,,,,,,,,,,,,,,,,,,,,,,,,,,,,,,,,,,,,,,,,,,,,,,,,,,,,,,,,,,,,,,,,,,,,,,,Pro Liga,25ICmKzF
dK1dCJHf,UZBEKISTAN,2024,UZBEKISTAN 2,UZBEKISTAN 2,02/04/2024,13:00,Round 4,Kokand 1912,6DWZyFY4,Xorazm Urganch,bkJfERao,False,3,0,,,,,,"[12, 60, 65]",[],,0.0,0.0,0.0,,0.0,0.0,0.0,,0.0,0.0,0.0,,0.0,0.0,,0.0,0.0,,0,0,,0,0,,0,0,,0,0,,0.0,0.0,,0.0,0.0,,0.0,0.0,,0.0,0.0,,0.0,0.0,,0.0,0.0,,0,0,,0,0,,0.0,0.0,0.0,,0.0,0.0,0.0,,0,0,0,,0.0,0.0,,0.0,0.0,,0.0,0.0,,0.0,0.0,0.0,0.0,0.0,0.0,0.0,0.0,0.0,,0.0,0.0,,0,0,,0,0,,0.0,,0.0,,0.0,,0.0,,0.0,,0.0,,0.0,,0.0,,0.0,,0.0,,0.0,,0.0,,0.0,,0.0,,0.0,,0,0,,0,0,,0.0,0.0,,0.0,0.0,,0.0,0.0,,0.0,0.0,,0.0,0.0,,0.0,0.0,,0,0,,0,0,,0,0,0,,0.0,0.0,0,,0.0,0.0,0.0,,0.0,0.0,0.0,,0,0,0.0,,0,0,0,,,,,,,,,,,,,,,,,,,,,,,,,,,,,,,,,,,,,,,,,,,,,,,,,,,,,,,,,,,,,,,,,,,,,,,,,,,,,,,,,,,,,,,,,,,,,,,,,,,,,,,,,,,,,,,,,,,,,,,,,,,,,,,,,,,,,,,,,,,,,,,,,,,,,,,,,,,,,,,,,,,,,,,,,,,,,,,,,,,,,,,,,,,,,,,,,,,,,,,,,,,,,Pro Liga,25ICmKzF
lf2hDa2l,UZBEKISTAN,2024,UZBEKISTAN 2,UZBEKISTAN 2,01/04/2024,12:00,Round 4,Dostlik Tashkent,YPInXx22,Buxoro,bcetGYV6,False,0,2,,,,,,[],"[9, 58]",,0.0,0.0,0.0,,0.0,0.0,0.0,,0.0,0.0,0.0,,0.0,0.0,,0.0,0.0,,0,0,,0,0,,0,0,,0,0,,0.0,0.0,,0.0,0.0,,0.0,0.0,,0.0,0.0,,0.0,0.0,,0.0,0.0,,0,0,,0,0,,0.0,0.0,0.0,,0.0,0.0,0.0,,0,0,0,,0.0,0.0,,0.0,0.0,,0.0,0.0,,0.0,0.0,0.0,0.0,0.0,0.0,0.0,0.0,0.0,,0.0,0.0,,0,0,,0,0,,0.0,,0.0,,0.0,,0.0,,0.0,,0.0,,0.0,,0.0,,0.0,,0.0,,0.0,,0.0,,0.0,,0.0,,0.0,,0,0,,0,0,,0.0,0.0,,0.0,0.0,,0.0,0.0,,0.0,0.0,,0.0,0.0,,0.0,0.0,,0,0,,0,0,,0,0,0,,0.0,0.0,0,,0.0,0.0,0.0,,0.0,0.0,0.0,,0,0,0.0,,0,0,0,,,,,,,,,,,,,,,,,,,,,,,,,,,,,,,,,,,,,,,,,,,,,,,,,,,,,,,,,,,,,,,,,,,,,,,,,,,,,,,,,,,,,,,,,,,,,,,,,,,,,,,,,,,,,,,,,,,,,,,,,,,,,,,,,,,,,,,,,,,,,,,,,,,,,,,,,,,,,,,,,,,,,,,,,,,,,,,,,,,,,,,,,,,,,,,,,,,,,,,,,,,,,Pro Liga,25ICmKzF
8zsJb0me,UZBEKISTAN,2024,UZBEKISTAN 2,UZBEKISTAN 2,19/03/2024,12:40,Round 2,Kokand 1912,6DWZyFY4,Buxoro,bcetGYV6,False,0,1,,,,,,[],[11],,0.0,0.0,0.0,,0.0,0.0,0.0,,0.0,0.0,0.0,,0.0,0.0,,0.0,0.0,,0,0,,0,0,,0,0,,0,0,,0.0,0.0,,0.0,0.0,,0.0,0.0,,0.0,0.0,,0.0,0.0,,0.0,0.0,,0,0,,0,0,,0.0,0.0,0.0,,0.0,0.0,0.0,,0,0,0,,0.0,0.0,,0.0,0.0,,0.0,0.0,,0.0,0.0,0.0,0.0,0.0,0.0,0.0,0.0,0.0,,0.0,0.0,,0,0,,0,0,,0.0,,0.0,,0.0,,0.0,,0.0,,0.0,,0.0,,0.0,,0.0,,0.0,,0.0,,0.0,,0.0,,0.0,,0.0,,0,0,,0,0,,0.0,0.0,,0.0,0.0,,0.0,0.0,,0.0,0.0,,0.0,0.0,,0.0,0.0,,0,0,,0,0,,0,0,0,,0.0,0.0,0,,0.0,0.0,0.0,,0.0,0.0,0.0,,0,0,0.0,,0,0,0,,,,,,,,,,,,,,,,,,,,,,,,,,,,,,,,,,,,,,,,,,,,,,,,,,,,,,,,,,,,,,,,,,,,,,,,,,,,,,,,,,,,,,,,,,,,,,,,,,,,,,,,,,,,,,,,,,,,,,,,,,,,,,,,,,,,,,,,,,,,,,,,,,,,,,,,,,,,,,,,,,,,,,,,,,,,,,,,,,,,,,,,,,,,,,,,,,,,,,,,,,,,,Pro Liga,25ICmKzF
A54hd7Rd,UZBEKISTAN,2024,UZBEKISTAN 2,UZBEKISTAN 2,15/03/2024,10:30,Round 1,Olimpik-Mobiuz,IDKbUznL,Xorazm Urganch,bkJfERao,False,0,1,,,,,,[],[12],,0.0,0.0,0.0,,0.0,0.0,0.0,,0.0,0.0,0.0,,0.0,0.0,,0.0,0.0,,0,0,,0,0,,0,0,,0,0,,0.0,0.0,,0.0,0.0,,0.0,0.0,,0.0,0.0,,0.0,0.0,,0.0,0.0,,0,0,,0,0,,0.0,0.0,0.0,,0.0,0.0,0.0,,0,0,0,,0.0,0.0,,0.0,0.0,,0.0,0.0,,0.0,0.0,0.0,0.0,0.0,0.0,0.0,0.0,0.0,,0.0,0.0,,0,0,,0,0,,0.0,,0.0,,0.0,,0.0,,0.0,,0.0,,0.0,,0.0,,0.0,,0.0,,0.0,,0.0,,0.0,,0.0,,0.0,,0,0,,0,0,,0.0,0.0,,0.0,0.0,,0.0,0.0,,0.0,0.0,,0.0,0.0,,0.0,0.0,,0,0,,0,0,,0,0,0,,0.0,0.0,0,,0.0,0.0,0.0,,0.0,0.0,0.0,,0,0,0.0,,0,0,0,,,,,,,,,,,,,,,,,,,,,,,,,,,,,,,,,,,,,,,,,,,,,,,,,,,,,,,,,,,,,,,,,,,,,,,,,,,,,,,,,,,,,,,,,,,,,,,,,,,,,,,,,,,,,,,,,,,,,,,,,,,,,,,,,,,,,,,,,,,,,,,,,,,,,,,,,,,,,,,,,,,,,,,,,,,,,,,,,,,,,,,,,,,,,,,,,,,,,,,,,,,,,Pro Liga,25ICmKzF
80Q9XNld,UZBEKISTAN,2024,UZBEKISTAN 2,UZBEKISTAN 2,13/03/2024,11:30,Round 1,Shortan Guzor,vLKxfOET,Buxoro,bcetGYV6,False,0,0,,,,,,[],[],,0.0,0.0,0.0,,0.0,0.0,0.0,,0.0,0.0,0.0,,0.0,0.0,,0.0,0.0,,0,0,,0,0,,0,0,,0,0,,0.0,0.0,,0.0,0.0,,0.0,0.0,,0.0,0.0,,0.0,0.0,,0.0,0.0,,0,0,,0,0,,0.0,0.0,0.0,,0.0,0.0,0.0,,0,0,0,,0.0,0.0,,0.0,0.0,,0.0,0.0,,0.0,0.0,0.0,0.0,0.0,0.0,0.0,0.0,0.0,,0.0,0.0,,0,0,,0,0,,0.0,,0.0,,0.0,,0.0,,0.0,,0.0,,0.0,,0.0,,0.0,,0.0,,0.0,,0.0,,0.0,,0.0,,0.0,,0,0,,0,0,,0.0,0.0,,0.0,0.0,,0.0,0.0,,0.0,0.0,,0.0,0.0,,0.0,0.0,,0,0,,0,0,,0,0,0,,0.0,0.0,0,,0.0,0.0,0.0,,0.0,0.0,0.0,,0,0,0.0,,0,0,0,,,,,,,,,,,,,,,,,,,,,,,,,,,,,,,,,,,,,,,,,,,,,,,,,,,,,,,,,,,,,,,,,,,,,,,,,,,,,,,,,,,,,,,,,,,,,,,,,,,,,,,,,,,,,,,,,,,,,,,,,,,,,,,,,,,,,,,,,,,,,,,,,,,,,,,,,,,,,,,,,,,,,,,,,,,,,,,,,,,,,,,,,,,,,,,,,,,,,,,,,,,,,Pro Liga,25ICmKzF
I5O9LNf8,UZBEKISTAN,2024,UZBEKISTAN 2,UZBEKISTAN 2,20/03/2024,10:45,Round 2,Xorazm Urganch,bkJfERao,Shortan Guzor,vLKxfOET,False,2,1,,,,,,"[14, 72]",[46],,0.0,0.0,0.0,,0.0,0.0,0.0,,0.0,0.0,0.0,,0.0,0.0,,0.0,0.0,,0,0,,0,0,,0,0,,0,0,,0.0,0.0,,0.0,0.0,,0.0,0.0,,0.0,0.0,,0.0,0.0,,0.0,0.0,,0,0,,0,0,,0.0,0.0,0.0,,0.0,0.0,0.0,,0,0,0,,0.0,0.0,,0.0,0.0,,0.0,0.0,,0.0,0.0,0.0,0.0,0.0,0.0,0.0,0.0,0.0,,0.0,0.0,,0,0,,0,0,,0.0,,0.0,,0.0,,0.0,,0.0,,0.0,,0.0,,0.0,,0.0,,0.0,,0.0,,0.0,,0.0,,0.0,,0.0,,0,0,,0,0,,0.0,0.0,,0.0,0.0,,0.0,0.0,,0.0,0.0,,0.0,0.0,,0.0,0.0,,0,0,,0,0,,0,0,0,,0.0,0.0,0,,0.0,0.0,0.0,,0.0,0.0,0.0,,0,0,0.0,,0,0,0,,,,,,,,,,,,,,,,,,,,,,,,,,,,,,,,,,,,,,,,,,,,,,,,,,,,,,,,,,,,,,,,,,,,,,,,,,,,,,,,,,,,,,,,,,,,,,,,,,,,,,,,,,,,,,,,,,,,,,,,,,,,,,,,,,,,,,,,,,,,,,,,,,,,,,,,,,,,,,,,,,,,,,,,,,,,,,,,,,,,,,,,,,,,,,,,,,,,,,,,,,,,,Pro Liga,25ICmKzF
jJMHJ1PK,UZBEKISTAN,2024,UZBEKISTAN 2,UZBEKISTAN 2,27/03/2024,11:30,Round 3,Shortan Guzor,vLKxfOET,Dostlik Tashkent,YPInXx22,False,2,0,,,,,,"[20, 76]",[],,0.0,0.0,0.0,,0.0,0.0,0.0,,0.0,0.0,0.0,,0.0,0.0,,0.0,0.0,,0,0,,0,0,,0,0,,0,0,,0.0,0.0,,0.0,0.0,,0.0,0.0,,0.0,0.0,,0.0,0.0,,0.0,0.0,,0,0,,0,0,,0.0,0.0,0.0,,0.0,0.0,0.0,,0,0,0,,0.0,0.0,,0.0,0.0,,0.0,0.0,,0.0,0.0,0.0,0.0,0.0,0.0,0.0,0.0,0.0,,0.0,0.0,,0,0,,0,0,,0.0,,0.0,,0.0,,0.0,,0.0,,0.0,,0.0,,0.0,,0.0,,0.0,,0.0,,0.0,,0.0,,0.0,,0.0,,0,0,,0,0,,0.0,0.0,,0.0,0.0,,0.0,0.0,,0.0,0.0,,0.0,0.0,,0.0,0.0,,0,0,,0,0,,0,0,0,,0.0,0.0,0,,0.0,0.0,0.0,,0.0,0.0,0.0,,0,0,0.0,,0,0,0,,,,,,,,,,,,,,,,,,,,,,,,,,,,,,,,,,,,,,,,,,,,,,,,,,,0.0,1.0,,,,,,,,,,,,,,,,,,,,,,,,,,,,,,,,,,,,,,,,,,,,,,,,,,,,,,,,,,,,,,,,,,,,,,,,,,,,,,,,,,,,,,,,,,,,,,,,,,,,,,,,,,,,,,,,,,,,,,,,,,,,,,,,,,,,,,,0.0,1.0,,,,,,,,,,,,,,,,,Pro Liga,25ICmKzF
dQM5Y3Zk,UZBEKISTAN,2024,UZBEKISTAN 2,UZBEKISTAN 2,12/03/2024,13:00,Round 1,Mashal Muborak,6kNEblGu,Kokand 1912,6DWZyFY4,False,0,0,,,,,,[],[],,0.0,0.0,0.0,,0.0,0.0,0.0,,0.0,0.0,0.0,,0.0,0.0,,0.0,0.0,,0,0,,0,0,,0,0,,0,0,,0.0,0.0,,0.0,0.0,,0.0,0.0,,0.0,0.0,,0.0,0.0,,0.0,0.0,,0,0,,0,0,,0.0,0.0,0.0,,0.0,0.0,0.0,,0,0,0,,0.0,0.0,,0.0,0.0,,0.0,0.0,,0.0,0.0,0.0,0.0,0.0,0.0,0.0,0.0,0.0,,0.0,0.0,,0,0,,0,0,,0.0,,0.0,,0.0,,0.0,,0.0,,0.0,,0.0,,0.0,,0.0,,0.0,,0.0,,0.0,,0.0,,0.0,,0.0,,0,0,,0,0,,0.0,0.0,,0.0,0.0,,0.0,0.0,,0.0,0.0,,0.0,0.0,,0.0,0.0,,0,0,,0,0,,0,0,0,,0.0,0.0,0,,0.0,0.0,0.0,,0.0,0.0,0.0,,0,0,0.0,,0,0,0,,,,,,,,,,,,,,,,,,,,,,,,,,,,,,,,,,,,,,,,,,,,,,,,,,,,,,,,,,,,,,,,,,,,,,,,,,,,,,,,,,,,,,,,,,,,,,,,,,,,,,,,,,,,,,,,,,,,,,,,,,,,,,,,,,,,,,,,,,,,,,,,,,,,,,,,,,,,,,,,,,,,,,,,,,,,,,,,,,,,,,,,,,,,,,,,,,,,,,,,,,,,,Pro Liga,25ICmKzF
M55KGY8t,UZBEKISTAN,2024,UZBEKISTAN 2,UZBEKISTAN 2,08/04/2024,11:00,Round 5,Olimpik-Mobiuz,IDKbUznL,Kokand 1912,6DWZyFY4,False,1,3,,,,,,[40],"[27, 74, 84]",Betano.br,4.9,2.37,2.0,Betano.br,4.75,2.95,1.82,Betano.br,5.0,4.05,1.5,,0.0,0.0,Betano.br,2.12,1.52,,0,0,,0,0,,0,0,,0,0,,0.0,0.0,,0.0,0.0,,0.0,0.0,Betano.br,2.15,1.55,,0.0,0.0,,0.0,0.0,,0,0,,0,0,Betano.br,2.45,1.19,1.15,Betano.br,1.65,1.47,1.16,,0,0,0,Betano.br,3.6,1.2,Betano.br,3.15,1.31,Betano.br,3.35,1.3,Betano.br,8.75,15.5,18.5,11.0,6.6,4.2,45.0,15.0,2.25,Betano.br,1.83,1.8,,0,0,,0,0,Betano.br,15.5,Betano.br,15.5,Betano.br,7.9,Betano.br,7.3,Betano.br,28.0,Betano.br,7.5,Betano.br,13.5,Betano.br,7.0,Betano.br,11.75,Betano.br,70.0,Betano.br,10.0,Betano.br,35.0,Betano.br,9.25,Betano.br,30.0,Betano.br,15.5,,0,0,,0,0,,0.0,0.0,,0.0,0.0,,0.0,0.0,,0.0,0.0,Betano.br,1.85,1.75,,0.0,0.0,,0,0,,0,0,,0,0,0,,0.0,0.0,0,,0.0,0.0,0.0,,0.0,0.0,0.0,,0,0,0.0,,0,0,0,,,,,,,,,,,,,,,,,,,,,,,,,,,,,,,,,,,,,,,,,,,,,,,,,,,,,,,,,,,,,,,,,,,,,,,,,,,,,,,,,,,,,,,,,,,,,,,,,,,,,,,,,,,,,,,,,,,,,,,,,,,,,,,,,,,,,,,,,,,,,,,,,,,,,,,,,,,,,,,,,,,,,,,,,,,,,,,,,,,,,,,,,,,,,,,,,,,,,,,,,,,,,Pro Liga,25ICmKzF
4MQLILvR,UZBEKISTAN,2024,UZBEKISTAN 2,UZBEKISTAN 2,28/03/2024,11:00,Round 3,Buxoro,bcetGYV6,Xorazm Urganch,bkJfERao,False,0,0,,,,,,[],[],,0.0,0.0,0.0,,0.0,0.0,0.0,,0.0,0.0,0.0,,0.0,0.0,,0.0,0.0,,0,0,,0,0,,0,0,,0,0,,0.0,0.0,,0.0,0.0,,0.0,0.0,,0.0,0.0,,0.0,0.0,,0.0,0.0,,0,0,,0,0,,0.0,0.0,0.0,,0.0,0.0,0.0,,0,0,0,,0.0,0.0,,0.0,0.0,,0.0,0.0,,0.0,0.0,0.0,0.0,0.0,0.0,0.0,0.0,0.0,,0.0,0.0,,0,0,,0,0,,0.0,,0.0,,0.0,,0.0,,0.0,,0.0,,0.0,,0.0,,0.0,,0.0,,0.0,,0.0,,0.0,,0.0,,0.0,,0,0,,0,0,,0.0,0.0,,0.0,0.0,,0.0,0.0,,0.0,0.0,,0.0,0.0,,0.0,0.0,,0,0,,0,0,,0,0,0,,0.0,0.0,0,,0.0,0.0,0.0,,0.0,0.0,0.0,,0,0,0.0,,0,0,0,,,,,,,,,,,,,,,,,,,,,,,,,,,,,,,,,,,,,,,,,,,,,,,,,,,,,,,,,,,,,,,,,,,,,,,,,,,,,,,,,,,,,,,,,,,,,,,,,,,,,,,,,,,,,,,,,,,,,,,,,,,,,,,,,,,,,,,,,,,,,,,,,,,,,,,,,,,,,,,,,,,,,,,,,,,,,,,,,,,,,,,,,,,,,,,,,,,,,,,,,,,,,Pro Liga,25ICmKzF
tluRdvI7,UZBEKISTAN,2024,UZBEKISTAN 2,UZBEKISTAN 2,20/03/2024,11:00,Round 2,Dostlik Tashkent,YPInXx22,Olimpik-Mobiuz,IDKbUznL,False,1,2,,,,,,[84],"[28, 66]",,0.0,0.0,0.0,,0.0,0.0,0.0,,0.0,0.0,0.0,,0.0,0.0,,0.0,0.0,,0,0,,0,0,,0,0,,0,0,,0.0,0.0,,0.0,0.0,,0.0,0.0,,0.0,0.0,,0.0,0.0,,0.0,0.0,,0,0,,0,0,,0.0,0.0,0.0,,0.0,0.0,0.0,,0,0,0,,0.0,0.0,,0.0,0.0,,0.0,0.0,,0.0,0.0,0.0,0.0,0.0,0.0,0.0,0.0,0.0,,0.0,0.0,,0,0,,0,0,,0.0,,0.0,,0.0,,0.0,,0.0,,0.0,,0.0,,0.0,,0.0,,0.0,,0.0,,0.0,,0.0,,0.0,,0.0,,0,0,,0,0,,0.0,0.0,,0.0,0.0,,0.0,0.0,,0.0,0.0,,0.0,0.0,,0.0,0.0,,0,0,,0,0,,0,0,0,,0.0,0.0,0,,0.0,0.0,0.0,,0.0,0.0,0.0,,0,0,0.0,,0,0,0,,,,,,,,,,,,,,,,,,,,,,,,,,,,,,,,,,,,,,,,,,,,,,,,,,,1.0,0.0,,,,,,,,,,,,,,,,,,,,,,,,,,,,,,,,,,,,,,,,,,,,,,,,,,,,,,,,,,,,,,,,,,,,,,,,,,,,,,,,,,,,,,,,,,,,,,,,,,,,,,,,,,,,,,,,,,,,,,,,,,,,,,,,,,,,,,,1.0,0.0,,,,,,,,,,,,,,,,,Pro Liga,25ICmKzF
