Match_ID,Country,Season,Div,League,Date,Time,Round,Home,Home_ID,Away,Away_ID,Neutral_Location,Home_Score,Away_Score,LegMatch,First_Leg_Home_Score,First_Leg_Away_Score,Agg_Home_Score,Agg_Away_Score,Min_Goals_Home,Min_Goals_Away,Bookie_1X2_HT,Odd_1_HT,Odd_X_HT,Odd_2_HT,Bookie_1X2_2T,Odd_1_2T,Odd_X_2T,Odd_2_2T,Bookie_1X2_FT,Odd_1_FT,Odd_X_FT,Odd_2_FT,Bookie_OU_HT_0_5,Over_HT_0_5,Under_HT_0_5,Bookie_OU_HT_1_5,Over_HT_1_5,Under_HT_1_5,Bookie_OU_HT_2_5,Over_HT_2_5,Under_HT_2_5,Bookie_OU_2T_0_5,Over_2T_0_5,Under_2T_0_5,Bookie_OU_2T_1_5,Over_2T_1_5,Under_2T_1_5,Bookie_OU_2T_2_5,Over_2T_2_5,Under_2T_2_5,Bookie_OU_FT_0_5,Over_FT_0_5,Under_FT_0_5,Bookie_OU_FT_1_5,Over_FT_1_5,Under_FT_1_5,Bookie_OU_FT_2_5,Over_FT_2_5,Under_FT_2_5,Bookie_OU_FT_3_5,Over_FT_3_5,Under_FT_3_5,Bookie_OU_FT_4_5,Over_FT_4_5,Under_FT_4_5,Bookie_BTTS,BTTS_Yes,BTTS_No,Bookie_BTTS_HT,BTTS_Yes_HT,BTTS_No_HT,Bookie_BTTS_2T,BTTS_Yes_2T,BTTS_No_2T,Bookie_DC,DC_1X,DC_12,DC_X2,Bookie_DC_HT,DC_1X_HT,DC_12_HT,DC_X2_HT,Bookie_DC_2T,DC_1X_2T,DC_12_2T,DC_X2_2T,Bookie_DNB_FT,DNB_Home_FT,DNB_Away_FT,Bookie_DNB_HT,DNB_Home_HT,DNB_Away_HT,Bookie_DNB_2T,DNB_Home_2T,DNB_Away_2T,Bookie_HT_FT,HT_FT_1_1,HT_FT_1_X,HT_FT_1_2,HT_FT_X_1,HT_FT_X_X,HT_FT_X_2,HT_FT_2_1,HT_FT_2_X,HT_FT_2_2,Bookie_OE_FT,OE_Odd_FT,OE_Even_FT,Bookie_OE_HT,OE_Odd_HT,OE_Even_HT,Bookie_OE_2T,OE_Odd_2T,OE_Even_2T,Bookie_CS_0_0,CS_0_0,Bookie_CS_1_0,CS_1_0,Bookie_CS_0_1,CS_0_1,Bookie_CS_1_1,CS_1_1,Bookie_CS_2_0,CS_2_0,Bookie_CS_0_2,CS_0_2,Bookie_CS_2_1,CS_2_1,Bookie_CS_1_2,CS_1_2,Bookie_CS_2_2,CS_2_2,Bookie_CS_3_0,CS_3_0,Bookie_CS_0_3,CS_0_3,Bookie_CS_3_1,CS_3_1,Bookie_CS_1_3,CS_1_3,Bookie_CS_3_2,CS_3_2,Bookie_CS_2_3,CS_2_3,Bookie_AH_neg_2_5,AH_Home_neg_2_5,AH_Away_neg_2_5,Bookie_AH_neg_2_0,AH_Home_neg_2_0,AH_Away_neg_2_0,Bookie_AH_neg_1_5,AH_Home_neg_1_5,AH_Away_neg_1_5,Bookie_AH_neg_1_0,AH_Home_neg_1_0,AH_Away_neg_1_0,Bookie_AH_neg_0_5,AH_Home_neg_0_5,AH_Away_neg_0_5,Bookie_AH_pos_0_5,AH_Home_pos_0_5,AH_Away_pos_0_5,Bookie_AH_pos_1_0,AH_Home_pos_1_0,AH_Away_pos_1_0,Bookie_AH_pos_1_5,AH_Home_pos_1_5,AH_Away_pos_1_5,Bookie_AH_pos_2_0,AH_Home_pos_2_0,AH_Away_pos_2_0,Bookie_AH_pos_2_5,AH_Home_pos_2_5,AH_Away_pos_2_5,Bookie_EH_neg_3,EH_Home_neg_3,EH_Draw_neg_3,EH_Away_neg_3,Bookie_EH_neg_2,EH_Home_neg_2,EH_Draw_neg_2,EH_Away_neg_2,Bookie_EH_neg_1,EH_Home_neg_1,EH_Draw_neg_1,EH_Away_neg_1,Bookie_EH_pos_1,EH_Home_pos_1,EH_Draw_pos_1,EH_Away_pos_1,Bookie_EH_pos_2,EH_Home_pos_2,EH_Draw_pos_2,EH_Away_pos_2,Bookie_EH_pos_3,EH_Home_pos_3,EH_Draw_pos_3,EH_Away_pos_3,xG_Home_FT,xG_Away_FT,xGOT_Home_FT,xGOT_Away_FT,xA_Home_FT,xA_Away_FT,xGOT_Faced_Home_FT,xGOT_Faced_Away_FT,Goals_Prevented_Home_FT,Goals_Prevented_Away_FT,Possession_Home_FT,Possession_Away_FT,Passes_Pct_Home_FT,Passes_Pct_Away_FT,Long_Passes_Pct_Home_FT,Long_Passes_Pct_Away_FT,Passes_Final_Third_Pct_Home_FT,Passes_Final_Third_Pct_Away_FT,Through_Passes_Home_FT,Through_Passes_Away_FT,Crosses_Pct_Home_FT,Crosses_Pct_Away_FT,Total_Shots_Home_FT,Total_Shots_Away_FT,Shots_On_Target_Home_FT,Shots_On_Target_Away_FT,Shots_Off_Target_Home_FT,Shots_Off_Target_Away_FT,Blocked_Shots_Home_FT,Blocked_Shots_Away_FT,Shots_Inside_Box_Home_FT,Shots_Inside_Box_Away_FT,Shots_Outside_Box_Home_FT,Shots_Outside_Box_Away_FT,Big_Chances_Home_FT,Big_Chances_Away_FT,Hit_Woodwork_Home_FT,Hit_Woodwork_Away_FT,Touches_Box_Home_FT,Touches_Box_Away_FT,Corners_Home_FT,Corners_Away_FT,Free_Kicks_Home_FT,Free_Kicks_Away_FT,Throw_Ins_Home_FT,Throw_Ins_Away_FT,Fouls_Home_FT,Fouls_Away_FT,Yellow_Cards_Home_FT,Yellow_Cards_Away_FT,Red_Cards_Home_FT,Red_Cards_Away_FT,Offsides_Home_FT,Offsides_Away_FT,Goalkeeper_Saves_Home_FT,Goalkeeper_Saves_Away_FT,Tackles_Pct_Home_FT,Tackles_Pct_Away_FT,Duels_Won_Home_FT,Duels_Won_Away_FT,Clearances_Home_FT,Clearances_Away_FT,Interceptions_Home_FT,Interceptions_Away_FT,Errors_Shot_Home_FT,Errors_Shot_Away_FT,Errors_Goal_Home_FT,Errors_Goal_Away_FT,xG_Home_HT,xG_Away_HT,xGOT_Home_HT,xGOT_Away_HT,xA_Home_HT,xA_Away_HT,xGOT_Faced_Home_HT,xGOT_Faced_Away_HT,Goals_Prevented_Home_HT,Goals_Prevented_Away_HT,Possession_Home_HT,Possession_Away_HT,Passes_Pct_Home_HT,Passes_Pct_Away_HT,Long_Passes_Pct_Home_HT,Long_Passes_Pct_Away_HT,Passes_Final_Third_Pct_Home_HT,Passes_Final_Third_Pct_Away_HT,Through_Passes_Home_HT,Through_Passes_Away_HT,Crosses_Pct_Home_HT,Crosses_Pct_Away_HT,Total_Shots_Home_HT,Total_Shots_Away_HT,Shots_On_Target_Home_HT,Shots_On_Target_Away_HT,Shots_Off_Target_Home_HT,Shots_Off_Target_Away_HT,Blocked_Shots_Home_HT,Blocked_Shots_Away_HT,Shots_Inside_Box_Home_HT,Shots_Inside_Box_Away_HT,Shots_Outside_Box_Home_HT,Shots_Outside_Box_Away_HT,Big_Chances_Home_HT,Big_Chances_Away_HT,Hit_Woodwork_Home_HT,Hit_Woodwork_Away_HT,Touches_Box_Home_HT,Touches_Box_Away_HT,Corners_Home_HT,Corners_Away_HT,Free_Kicks_Home_HT,Free_Kicks_Away_HT,Throw_Ins_Home_HT,Throw_Ins_Away_HT,Fouls_Home_HT,Fouls_Away_HT,Yellow_Cards_Home_HT,Yellow_Cards_Away_HT,Red_Cards_Home_HT,Red_Cards_Away_HT,Offsides_Home_HT,Offsides_Away_HT,Goalkeeper_Saves_Home_HT,Goalkeeper_Saves_Away_HT,Tackles_Pct_Home_HT,Tackles_Pct_Away_HT,Duels_Won_Home_HT,Duels_Won_Away_HT,Clearances_Home_HT,Clearances_Away_HT,Interceptions_Home_HT,Interceptions_Away_HT,Errors_Shot_Home_HT,Errors_Shot_Away_HT,Errors_Goal_Home_HT,Errors_Goal_Away_HT,xG_Home_2T,xG_Away_2T,xGOT_Home_2T,xGOT_Away_2T,xA_Home_2T,xA_Away_2T,xGOT_Faced_Home_2T,xGOT_Faced_Away_2T,Goals_Prevented_Home_2T,Goals_Prevented_Away_2T,Possession_Home_2T,Possession_Away_2T,Passes_Pct_Home_2T,Passes_Pct_Away_2T,Long_Passes_Pct_Home_2T,Long_Passes_Pct_Away_2T,Passes_Final_Third_Pct_Home_2T,Passes_Final_Third_Pct_Away_2T,Through_Passes_Home_2T,Through_Passes_Away_2T,Crosses_Pct_Home_2T,Crosses_Pct_Away_2T,Total_Shots_Home_2T,Total_Shots_Away_2T,Shots_On_Target_Home_2T,Shots_On_Target_Away_2T,Shots_Off_Target_Home_2T,Shots_Off_Target_Away_2T,Blocked_Shots_Home_2T,Blocked_Shots_Away_2T,Shots_Inside_Box_Home_2T,Shots_Inside_Box_Away_2T,Shots_Outside_Box_Home_2T,Shots_Outside_Box_Away_2T,Big_Chances_Home_2T,Big_Chances_Away_2T,Hit_Woodwork_Home_2T,Hit_Woodwork_Away_2T,Touches_Box_Home_2T,Touches_Box_Away_2T,Corners_Home_2T,Corners_Away_2T,Free_Kicks_Home_2T,Free_Kicks_Away_2T,Throw_Ins_Home_2T,Throw_Ins_Away_2T,Fouls_Home_2T,Fouls_Away_2T,Yellow_Cards_Home_2T,Yellow_Cards_Away_2T,Red_Cards_Home_2T,Red_Cards_Away_2T,Offsides_Home_2T,Offsides_Away_2T,Goalkeeper_Saves_Home_2T,Goalkeeper_Saves_Away_2T,Tackles_Pct_Home_2T,Tackles_Pct_Away_2T,Duels_Won_Home_2T,Duels_Won_Away_2T,Clearances_Home_2T,Clearances_Away_2T,Interceptions_Home_2T,Interceptions_Away_2T,Errors_Shot_Home_2T,Errors_Shot_Away_2T,Errors_Goal_Home_2T,Errors_Goal_Away_2T,Sub_League,Tournament_ID
KAYkWGzo,VENEZUELA,2025,VENEZUELA 2,VENEZUELA 2,05/10/2025,19:30,Round 28,El Vigia,OYcssXWF,Frontera,4AqkWAQI,False,1,2,,,,,,[],[],,0.0,0.0,0.0,,0.0,0.0,0.0,,0.0,0.0,0.0,,0.0,0.0,,0.0,0.0,,0.0,0.0,,0.0,0.0,,0.0,0.0,,0.0,0.0,,0.0,0.0,,0.0,0.0,,0.0,0.0,,0.0,0.0,,0.0,0.0,,0.0,0.0,,0.0,0.0,,0.0,0.0,,0.0,0.0,0.0,,0.0,0.0,0.0,,0.0,0.0,0.0,,0.0,0.0,,0.0,0.0,,0.0,0.0,,0.0,0.0,0.0,0.0,0.0,0.0,0.0,0.0,0.0,,0.0,0.0,,0.0,0.0,,0.0,0.0,,0.0,,0.0,,0.0,,0.0,,0.0,,0.0,,0.0,,0.0,,0.0,,0.0,,0.0,,0.0,,0.0,,0.0,,0.0,,0.0,0.0,,0.0,0.0,,0.0,0.0,,0.0,0.0,,0.0,0.0,,0.0,0.0,,0.0,0.0,,0.0,0.0,,0.0,0.0,,0.0,0.0,,0.0,0.0,0.0,,0.0,0.0,0.0,,0.0,0.0,0.0,,0.0,0.0,0.0,,0.0,0.0,0.0,,0.0,0.0,0.0,,,,,,,,,,,,,,,,,,,,,,,,,,,,,,,,,,,,,,,,,,,,,,,,,,,,,,,,,,,,,,,,,,,,,,,,,,,,,,,,,,,,,,,,,,,,,,,,,,,,,,,,,,,,,,,,,,,,,,,,,,,,,,,,,,,,,,,,,,,,,,,,,,,,,,,,,,,,,,,,,,,,,,,,,,,,,,,,,,,,,,,,,,,,,,,,,,,,,,,,,,,,,Liga FUTVE 2,Ec90yuCn
2FJzIjs2,VENEZUELA,2025,VENEZUELA 2,VENEZUELA 2,02/11/2025,22:00,Semi-finals,Miranda,bqdjykPk,Titanes,6eug9B26,False,2,2,,,,,,[],[],,0.0,0.0,0.0,,0.0,0.0,0.0,,0.0,0.0,0.0,,0.0,0.0,,0.0,0.0,,0.0,0.0,,0.0,0.0,,0.0,0.0,,0.0,0.0,,0.0,0.0,,0.0,0.0,,0.0,0.0,,0.0,0.0,,0.0,0.0,,0.0,0.0,,0.0,0.0,,0.0,0.0,,0.0,0.0,0.0,,0.0,0.0,0.0,,0.0,0.0,0.0,,0.0,0.0,,0.0,0.0,,0.0,0.0,,0.0,0.0,0.0,0.0,0.0,0.0,0.0,0.0,0.0,,0.0,0.0,,0.0,0.0,,0.0,0.0,,0.0,,0.0,,0.0,,0.0,,0.0,,0.0,,0.0,,0.0,,0.0,,0.0,,0.0,,0.0,,0.0,,0.0,,0.0,,0.0,0.0,,0.0,0.0,,0.0,0.0,,0.0,0.0,,0.0,0.0,,0.0,0.0,,0.0,0.0,,0.0,0.0,,0.0,0.0,,0.0,0.0,,0.0,0.0,0.0,,0.0,0.0,0.0,,0.0,0.0,0.0,,0.0,0.0,0.0,,0.0,0.0,0.0,,0.0,0.0,0.0,,,,,,,,,,,,,,,,,,,,,,,,,,,,,,,,,,,,,,,,,,,,,,,,,,,,,,,,,,,,,,,,,,,,,,,,,,,,,,,,,,,,,,,,,,,,,,,,,,,,,,,,,,,,,,,,,,,,,,,,,,,,,,,,,,,,,,,,,,,,,,,,,,,,,,,,,,,,,,,,,,,,,,,,,,,,,,,,,,,,,,,,,,,,,,,,,,,,,,,,,,,,,Liga FUTVE 2,Ec90yuCn
xfF7f2lB,VENEZUELA,2025,VENEZUELA 2,VENEZUELA 2,27/09/2025,19:30,Round 27,Angostura,IZnAvh6K,Maritimo,0CATV9mo,False,3,4,,,,,,[],[],,0.0,0.0,0.0,,0.0,0.0,0.0,,0.0,0.0,0.0,,0.0,0.0,,0.0,0.0,,0.0,0.0,,0.0,0.0,,0.0,0.0,,0.0,0.0,,0.0,0.0,,0.0,0.0,,0.0,0.0,,0.0,0.0,,0.0,0.0,,0.0,0.0,,0.0,0.0,,0.0,0.0,,0.0,0.0,0.0,,0.0,0.0,0.0,,0.0,0.0,0.0,,0.0,0.0,,0.0,0.0,,0.0,0.0,,0.0,0.0,0.0,0.0,0.0,0.0,0.0,0.0,0.0,,0.0,0.0,,0.0,0.0,,0.0,0.0,,0.0,,0.0,,0.0,,0.0,,0.0,,0.0,,0.0,,0.0,,0.0,,0.0,,0.0,,0.0,,0.0,,0.0,,0.0,,0.0,0.0,,0.0,0.0,,0.0,0.0,,0.0,0.0,,0.0,0.0,,0.0,0.0,,0.0,0.0,,0.0,0.0,,0.0,0.0,,0.0,0.0,,0.0,0.0,0.0,,0.0,0.0,0.0,,0.0,0.0,0.0,,0.0,0.0,0.0,,0.0,0.0,0.0,,0.0,0.0,0.0,,,,,,,,,,,,,,,,,,,,,,,,,,,,,,,,,,,,,,,,,,,,,,,,,,,,,,,,,,,,,,,,,,,,,,,,,,,,,,,,,,,,,,,,,,,,,,,,,,,,,,,,,,,,,,,,,,,,,,,,,,,,,,,,,,,,,,,,,,,,,,,,,,,,,,,,,,,,,,,,,,,,,,,,,,,,,,,,,,,,,,,,,,,,,,,,,,,,,,,,,,,,,Liga FUTVE 2,Ec90yuCn
nq9AVzW1,VENEZUELA,2025,VENEZUELA 2,VENEZUELA 2,21/09/2025,20:00,Round 26,Aragua,CbfwrDH9,Angostura,IZnAvh6K,False,3,0,,,,,,[],[],,0.0,0.0,0.0,,0.0,0.0,0.0,,0.0,0.0,0.0,,0.0,0.0,,0.0,0.0,,0.0,0.0,,0.0,0.0,,0.0,0.0,,0.0,0.0,,0.0,0.0,,0.0,0.0,,0.0,0.0,,0.0,0.0,,0.0,0.0,,0.0,0.0,,0.0,0.0,,0.0,0.0,,0.0,0.0,0.0,,0.0,0.0,0.0,,0.0,0.0,0.0,,0.0,0.0,,0.0,0.0,,0.0,0.0,,0.0,0.0,0.0,0.0,0.0,0.0,0.0,0.0,0.0,,0.0,0.0,,0.0,0.0,,0.0,0.0,,0.0,,0.0,,0.0,,0.0,,0.0,,0.0,,0.0,,0.0,,0.0,,0.0,,0.0,,0.0,,0.0,,0.0,,0.0,,0.0,0.0,,0.0,0.0,,0.0,0.0,,0.0,0.0,,0.0,0.0,,0.0,0.0,,0.0,0.0,,0.0,0.0,,0.0,0.0,,0.0,0.0,,0.0,0.0,0.0,,0.0,0.0,0.0,,0.0,0.0,0.0,,0.0,0.0,0.0,,0.0,0.0,0.0,,0.0,0.0,0.0,,,,,,,,,,,,,,,,,,,,,,,,,,,,,,,,,,,,,,,,,,,,,,,,,,,,,,,,,,,,,,,,,,,,,,,,,,,,,,,,,,,,,,,,,,,,,,,,,,,,,,,,,,,,,,,,,,,,,,,,,,,,,,,,,,,,,,,,,,,,,,,,,,,,,,,,,,,,,,,,,,,,,,,,,,,,,,,,,,,,,,,,,,,,,,,,,,,,,,,,,,,,,Liga FUTVE 2,Ec90yuCn
vJ52Xd1k,VENEZUELA,2025,VENEZUELA 2,VENEZUELA 2,21/09/2025,19:30,Round 26,Monagas B,z1jpHUsI,Miranda,bqdjykPk,False,2,3,,,,,,[],[],,0.0,0.0,0.0,,0.0,0.0,0.0,,0.0,0.0,0.0,,0.0,0.0,,0.0,0.0,,0.0,0.0,,0.0,0.0,,0.0,0.0,,0.0,0.0,,0.0,0.0,,0.0,0.0,,0.0,0.0,,0.0,0.0,,0.0,0.0,,0.0,0.0,,0.0,0.0,,0.0,0.0,,0.0,0.0,0.0,,0.0,0.0,0.0,,0.0,0.0,0.0,,0.0,0.0,,0.0,0.0,,0.0,0.0,,0.0,0.0,0.0,0.0,0.0,0.0,0.0,0.0,0.0,,0.0,0.0,,0.0,0.0,,0.0,0.0,,0.0,,0.0,,0.0,,0.0,,0.0,,0.0,,0.0,,0.0,,0.0,,0.0,,0.0,,0.0,,0.0,,0.0,,0.0,,0.0,0.0,,0.0,0.0,,0.0,0.0,,0.0,0.0,,0.0,0.0,,0.0,0.0,,0.0,0.0,,0.0,0.0,,0.0,0.0,,0.0,0.0,,0.0,0.0,0.0,,0.0,0.0,0.0,,0.0,0.0,0.0,,0.0,0.0,0.0,,0.0,0.0,0.0,,0.0,0.0,0.0,,,,,,,,,,,,,,,,,,,,,,,,,,,,,,,,,,,,,,,,,,,,,,,,,,,,,,,,,,,,,,,,,,,,,,,,,,,,,,,,,,,,,,,,,,,,,,,,,,,,,,,,,,,,,,,,,,,,,,,,,,,,,,,,,,,,,,,,,,,,,,,,,,,,,,,,,,,,,,,,,,,,,,,,,,,,,,,,,,,,,,,,,,,,,,,,,,,,,,,,,,,,,Liga FUTVE 2,Ec90yuCn
C4kMiRn4,VENEZUELA,2025,VENEZUELA 2,VENEZUELA 2,21/09/2025,19:30,Round 26,El Vigia,OYcssXWF,Titanes,6eug9B26,False,3,0,,,,,,[],[],,0.0,0.0,0.0,,0.0,0.0,0.0,,0.0,0.0,0.0,,0.0,0.0,,0.0,0.0,,0.0,0.0,,0.0,0.0,,0.0,0.0,,0.0,0.0,,0.0,0.0,,0.0,0.0,,0.0,0.0,,0.0,0.0,,0.0,0.0,,0.0,0.0,,0.0,0.0,,0.0,0.0,,0.0,0.0,0.0,,0.0,0.0,0.0,,0.0,0.0,0.0,,0.0,0.0,,0.0,0.0,,0.0,0.0,,0.0,0.0,0.0,0.0,0.0,0.0,0.0,0.0,0.0,,0.0,0.0,,0.0,0.0,,0.0,0.0,,0.0,,0.0,,0.0,,0.0,,0.0,,0.0,,0.0,,0.0,,0.0,,0.0,,0.0,,0.0,,0.0,,0.0,,0.0,,0.0,0.0,,0.0,0.0,,0.0,0.0,,0.0,0.0,,0.0,0.0,,0.0,0.0,,0.0,0.0,,0.0,0.0,,0.0,0.0,,0.0,0.0,,0.0,0.0,0.0,,0.0,0.0,0.0,,0.0,0.0,0.0,,0.0,0.0,0.0,,0.0,0.0,0.0,,0.0,0.0,0.0,,,,,,,,,,,,,,,,,,,,,,,,,,,,,,,,,,,,,,,,,,,,,,,,,,,,,,,,,,,,,,,,,,,,,,,,,,,,,,,,,,,,,,,,,,,,,,,,,,,,,,,,,,,,,,,,,,,,,,,,,,,,,,,,,,,,,,,,,,,,,,,,,,,,,,,,,,,,,,,,,,,,,,,,,,,,,,,,,,,,,,,,,,,,,,,,,,,,,,,,,,,,,Liga FUTVE 2,Ec90yuCn
pImUk5HG,VENEZUELA,2025,VENEZUELA 2,VENEZUELA 2,21/09/2025,19:30,Round 26,Trujillanos,ddwscmEO,Urena,x6MdZOGO,False,2,0,,,,,,[],[],,0.0,0.0,0.0,,0.0,0.0,0.0,,0.0,0.0,0.0,,0.0,0.0,,0.0,0.0,,0.0,0.0,,0.0,0.0,,0.0,0.0,,0.0,0.0,,0.0,0.0,,0.0,0.0,,0.0,0.0,,0.0,0.0,,0.0,0.0,,0.0,0.0,,0.0,0.0,,0.0,0.0,,0.0,0.0,0.0,,0.0,0.0,0.0,,0.0,0.0,0.0,,0.0,0.0,,0.0,0.0,,0.0,0.0,,0.0,0.0,0.0,0.0,0.0,0.0,0.0,0.0,0.0,,0.0,0.0,,0.0,0.0,,0.0,0.0,,0.0,,0.0,,0.0,,0.0,,0.0,,0.0,,0.0,,0.0,,0.0,,0.0,,0.0,,0.0,,0.0,,0.0,,0.0,,0.0,0.0,,0.0,0.0,,0.0,0.0,,0.0,0.0,,0.0,0.0,,0.0,0.0,,0.0,0.0,,0.0,0.0,,0.0,0.0,,0.0,0.0,,0.0,0.0,0.0,,0.0,0.0,0.0,,0.0,0.0,0.0,,0.0,0.0,0.0,,0.0,0.0,0.0,,0.0,0.0,0.0,,,,,,,,,,,,,,,,,,,,,,,,,,,,,,,,,,,,,,,,,,,,,,,,,,,,,,,,,,,,,,,,,,,,,,,,,,,,,,,,,,,,,,,,,,,,,,,,,,,,,,,,,,,,,,,,,,,,,,,,,,,,,,,,,,,,,,,,,,,,,,,,,,,,,,,,,,,,,,,,,,,,,,,,,,,,,,,,,,,,,,,,,,,,,,,,,,,,,,,,,,,,,Liga FUTVE 2,Ec90yuCn
I5dDgmIi,VENEZUELA,2025,VENEZUELA 2,VENEZUELA 2,20/09/2025,21:30,Round 26,Barquisimeto,4rp8eIDa,Puerto Cabello B,jmA1Pu7j,False,0,0,,,,,,[],[],,0.0,0.0,0.0,,0.0,0.0,0.0,,0.0,0.0,0.0,,0.0,0.0,,0.0,0.0,,0.0,0.0,,0.0,0.0,,0.0,0.0,,0.0,0.0,,0.0,0.0,,0.0,0.0,,0.0,0.0,,0.0,0.0,,0.0,0.0,,0.0,0.0,,0.0,0.0,,0.0,0.0,,0.0,0.0,0.0,,0.0,0.0,0.0,,0.0,0.0,0.0,,0.0,0.0,,0.0,0.0,,0.0,0.0,,0.0,0.0,0.0,0.0,0.0,0.0,0.0,0.0,0.0,,0.0,0.0,,0.0,0.0,,0.0,0.0,,0.0,,0.0,,0.0,,0.0,,0.0,,0.0,,0.0,,0.0,,0.0,,0.0,,0.0,,0.0,,0.0,,0.0,,0.0,,0.0,0.0,,0.0,0.0,,0.0,0.0,,0.0,0.0,,0.0,0.0,,0.0,0.0,,0.0,0.0,,0.0,0.0,,0.0,0.0,,0.0,0.0,,0.0,0.0,0.0,,0.0,0.0,0.0,,0.0,0.0,0.0,,0.0,0.0,0.0,,0.0,0.0,0.0,,0.0,0.0,0.0,,,,,,,,,,,,,,,,,,,,,,,,,,,,,,,,,,,,,,,,,,,,,,,,,,,,,,,,,,,,,,,,,,,,,,,,,,,,,,,,,,,,,,,,,,,,,,,,,,,,,,,,,,,,,,,,,,,,,,,,,,,,,,,,,,,,,,,,,,,,,,,,,,,,,,,,,,,,,,,,,,,,,,,,,,,,,,,,,,,,,,,,,,,,,,,,,,,,,,,,,,,,,Liga FUTVE 2,Ec90yuCn
ja4RVqQp,VENEZUELA,2025,VENEZUELA 2,VENEZUELA 2,20/09/2025,21:00,Round 26,Maritimo,0CATV9mo,Bolivar,KpRwCxzH,False,5,0,,,,,,[],[],,0.0,0.0,0.0,,0.0,0.0,0.0,,0.0,0.0,0.0,,0.0,0.0,,0.0,0.0,,0.0,0.0,,0.0,0.0,,0.0,0.0,,0.0,0.0,,0.0,0.0,,0.0,0.0,,0.0,0.0,,0.0,0.0,,0.0,0.0,,0.0,0.0,,0.0,0.0,,0.0,0.0,,0.0,0.0,0.0,,0.0,0.0,0.0,,0.0,0.0,0.0,,0.0,0.0,,0.0,0.0,,0.0,0.0,,0.0,0.0,0.0,0.0,0.0,0.0,0.0,0.0,0.0,,0.0,0.0,,0.0,0.0,,0.0,0.0,,0.0,,0.0,,0.0,,0.0,,0.0,,0.0,,0.0,,0.0,,0.0,,0.0,,0.0,,0.0,,0.0,,0.0,,0.0,,0.0,0.0,,0.0,0.0,,0.0,0.0,,0.0,0.0,,0.0,0.0,,0.0,0.0,,0.0,0.0,,0.0,0.0,,0.0,0.0,,0.0,0.0,,0.0,0.0,0.0,,0.0,0.0,0.0,,0.0,0.0,0.0,,0.0,0.0,0.0,,0.0,0.0,0.0,,0.0,0.0,0.0,,,,,,,,,,,,,,,,,,,,,,,,,,,,,,,,,,,,,,,,,,,,,,,,,,,,,,,,,,,,,,,,,,,,,,,,,,,,,,,,,,,,,,,,,,,,,,,,,,,,,,,,,,,,,,,,,,,,,,,,,,,,,,,,,,,,,,,,,,,,,,,,,,,,,,,,,,,,,,,,,,,,,,,,,,,,,,,,,,,,,,,,,,,,,,,,,,,,,,,,,,,,,Liga FUTVE 2,Ec90yuCn
6RSfy62N,VENEZUELA,2025,VENEZUELA 2,VENEZUELA 2,20/09/2025,19:30,Round 26,Frontera,4AqkWAQI,Heroes de Falcon,vRH5aOqg,False,3,3,,,,,,[],[],,0.0,0.0,0.0,,0.0,0.0,0.0,,0.0,0.0,0.0,,0.0,0.0,,0.0,0.0,,0.0,0.0,,0.0,0.0,,0.0,0.0,,0.0,0.0,,0.0,0.0,,0.0,0.0,,0.0,0.0,,0.0,0.0,,0.0,0.0,,0.0,0.0,,0.0,0.0,,0.0,0.0,,0.0,0.0,0.0,,0.0,0.0,0.0,,0.0,0.0,0.0,,0.0,0.0,,0.0,0.0,,0.0,0.0,,0.0,0.0,0.0,0.0,0.0,0.0,0.0,0.0,0.0,,0.0,0.0,,0.0,0.0,,0.0,0.0,,0.0,,0.0,,0.0,,0.0,,0.0,,0.0,,0.0,,0.0,,0.0,,0.0,,0.0,,0.0,,0.0,,0.0,,0.0,,0.0,0.0,,0.0,0.0,,0.0,0.0,,0.0,0.0,,0.0,0.0,,0.0,0.0,,0.0,0.0,,0.0,0.0,,0.0,0.0,,0.0,0.0,,0.0,0.0,0.0,,0.0,0.0,0.0,,0.0,0.0,0.0,,0.0,0.0,0.0,,0.0,0.0,0.0,,0.0,0.0,0.0,,,,,,,,,,,,,,,,,,,,,,,,,,,,,,,,,,,,,,,,,,,,,,,,,,,,,,,,,,,,,,,,,,,,,,,,,,,,,,,,,,,,,,,,,,,,,,,,,,,,,,,,,,,,,,,,,,,,,,,,,,,,,,,,,,,,,,,,,,,,,,,,,,,,,,,,,,,,,,,,,,,,,,,,,,,,,,,,,,,,,,,,,,,,,,,,,,,,,,,,,,,,,Liga FUTVE 2,Ec90yuCn
va9oul3b,VENEZUELA,2025,VENEZUELA 2,VENEZUELA 2,14/09/2025,20:00,Round 25,Heroes de Falcon,vRH5aOqg,Urena,x6MdZOGO,False,5,1,,,,,,[],[],,0.0,0.0,0.0,,0.0,0.0,0.0,,0.0,0.0,0.0,,0.0,0.0,,0.0,0.0,,0.0,0.0,,0.0,0.0,,0.0,0.0,,0.0,0.0,,0.0,0.0,,0.0,0.0,,0.0,0.0,,0.0,0.0,,0.0,0.0,,0.0,0.0,,0.0,0.0,,0.0,0.0,,0.0,0.0,0.0,,0.0,0.0,0.0,,0.0,0.0,0.0,,0.0,0.0,,0.0,0.0,,0.0,0.0,,0.0,0.0,0.0,0.0,0.0,0.0,0.0,0.0,0.0,,0.0,0.0,,0.0,0.0,,0.0,0.0,,0.0,,0.0,,0.0,,0.0,,0.0,,0.0,,0.0,,0.0,,0.0,,0.0,,0.0,,0.0,,0.0,,0.0,,0.0,,0.0,0.0,,0.0,0.0,,0.0,0.0,,0.0,0.0,,0.0,0.0,,0.0,0.0,,0.0,0.0,,0.0,0.0,,0.0,0.0,,0.0,0.0,,0.0,0.0,0.0,,0.0,0.0,0.0,,0.0,0.0,0.0,,0.0,0.0,0.0,,0.0,0.0,0.0,,0.0,0.0,0.0,,,,,,,,,,,,,,,,,,,,,,,,,,,,,,,,,,,,,,,,,,,,,,,,,,,,,,,,,,,,,,,,,,,,,,,,,,,,,,,,,,,,,,,,,,,,,,,,,,,,,,,,,,,,,,,,,,,,,,,,,,,,,,,,,,,,,,,,,,,,,,,,,,,,,,,,,,,,,,,,,,,,,,,,,,,,,,,,,,,,,,,,,,,,,,,,,,,,,,,,,,,,,Liga FUTVE 2,Ec90yuCn
b1PnwSXA,VENEZUELA,2025,VENEZUELA 2,VENEZUELA 2,19/09/2025,23:00,Round 26,Dynamo Puerto,IRzKqzlk,Mineros,nHA4pAGL,False,3,2,,,,,,[],[],,0.0,0.0,0.0,,0.0,0.0,0.0,,0.0,0.0,0.0,,0.0,0.0,,0.0,0.0,,0.0,0.0,,0.0,0.0,,0.0,0.0,,0.0,0.0,,0.0,0.0,,0.0,0.0,,0.0,0.0,,0.0,0.0,,0.0,0.0,,0.0,0.0,,0.0,0.0,,0.0,0.0,,0.0,0.0,0.0,,0.0,0.0,0.0,,0.0,0.0,0.0,,0.0,0.0,,0.0,0.0,,0.0,0.0,,0.0,0.0,0.0,0.0,0.0,0.0,0.0,0.0,0.0,,0.0,0.0,,0.0,0.0,,0.0,0.0,,0.0,,0.0,,0.0,,0.0,,0.0,,0.0,,0.0,,0.0,,0.0,,0.0,,0.0,,0.0,,0.0,,0.0,,0.0,,0.0,0.0,,0.0,0.0,,0.0,0.0,,0.0,0.0,,0.0,0.0,,0.0,0.0,,0.0,0.0,,0.0,0.0,,0.0,0.0,,0.0,0.0,,0.0,0.0,0.0,,0.0,0.0,0.0,,0.0,0.0,0.0,,0.0,0.0,0.0,,0.0,0.0,0.0,,0.0,0.0,0.0,,,,,,,,,,,,,,,,,,,,,,,,,,,,,,,,,,,,,,,,,,,,,,,,,,,,,,,,,,,,,,,,,,,,,,,,,,,,,,,,,,,,,,,,,,,,,,,,,,,,,,,,,,,,,,,,,,,,,,,,,,,,,,,,,,,,,,,,,,,,,,,,,,,,,,,,,,,,,,,,,,,,,,,,,,,,,,,,,,,,,,,,,,,,,,,,,,,,,,,,,,,,,Liga FUTVE 2,Ec90yuCn
A1nYANYi,VENEZUELA,2025,VENEZUELA 2,VENEZUELA 2,27/09/2025,19:30,Round 27,Miranda,bqdjykPk,Mineros,nHA4pAGL,False,6,1,,,,,,"[17, 33, 34, 54, 75, 80]",[49],Esportivabet,2.37,1.88,5.0,Betnacional,2.23,2.29,4.27,Esportivabet,1.77,3.2,4.25,BateuBet,1.5,2.3,Betnacional,3.11,1.25,,0.0,0.0,Betnacional,1.3,2.85,Sportingbet.br,2.6,1.43,Betnacional,5.08,1.08,Superbet.br,1.07,5.65,Sportingbet.br,1.49,2.45,Superbet.br,2.45,1.45,Superbet.br,4.15,1.15,,0.0,0.0,Superbet.br,2.2,1.59,Betnacional,4.78,1.1,Betnacional,3.95,1.15,Novibet,1.22,1.3,1.8,Sportingbet.br,1.18,1.78,1.41,Sportingbet.br,1.2,1.6,1.51,Esportivabet,1.3,3.2,Betnacional,1.36,2.59,Betnacional,1.38,2.52,Betano.br,3.1,16.92,59.1,4.59,4.48,9.04,32.35,18.44,7.88,BateuBet,1.9,1.8,Sportingbet.br,2.15,1.6,Betnacional,1.98,1.71,Betnacional,6.79,Superbet.br,5.15,Betnacional,8.85,Betnacional,6.13,Betnacional,7.12,Betnacional,21.67,Betnacional,8.81,Betnacional,15.37,Betnacional,20.92,BR4Bet,15.0,Betnacional,80.3,Betnacional,18.35,Betnacional,56.8,Betnacional,45.36,Betnacional,80.0,,0.0,0.0,,0.0,0.0,Betnacional,2.54,1.38,Betnacional,2.48,1.39,Betano.br,1.87,1.75,,0.0,0.0,,0.0,0.0,,0.0,0.0,,0.0,0.0,,0.0,0.0,Betnacional,17.95,8.4,0.0,Betnacional,7.92,5.09,28.27,Betnacional,3.45,3.4,11.37,Betnacional,1.19,5.21,1.86,Betnacional,1.03,8.9,1.25,Betnacional,0.0,0.0,1.06,,,,,,,,,,,,,,,,,,,,,,,,,,,,,,,,,,,,,,,,,,,,,,,,,,,,,,,,,,,,,,,,,,,,,,,,,,,,,,,,,,,,,,,,,,,,,,,,,,,,,,,,,,,,,,,,,,,,,,,,,,,,,,,,,,,,,,,,,,,,,,,,,,,,,,,,,,,,,,,,,,,,,,,,,,,,,,,,,,,,,,,,,,,,,,,,,,,,,,,,,,,,,Liga FUTVE 2,Ec90yuCn
WQqdPYlS,VENEZUELA,2025,VENEZUELA 2,VENEZUELA 2,02/11/2025,19:00,Semi-finals,Trujillanos,ddwscmEO,Dynamo Puerto,IRzKqzlk,False,3,0,2.0,1.0,0.0,4.0,0.0,"[11, 36, 48, 89]",[],Betfair,2.88,1.91,3.75,Novibet,2.45,2.01,4.4,Betfair,2.1,2.55,3.6,Betfair,1.45,2.55,Betfair,3.6,1.25,Betfair,10.0,1.02,Sportingbet.br,1.39,2.75,Sportingbet.br,2.75,1.39,,0.0,0.0,Betfair,1.06,7.5,Betfair,1.44,2.6,Betfair,2.4,1.5,Betfair,4.8,1.14,Betfair,10.0,1.02,Betfair,2.0,1.7,,0.0,0.0,,0.0,0.0,Sportingbet.br,1.24,1.37,1.7,Sportingbet.br,1.17,1.85,1.37,Sportingbet.br,1.21,1.63,1.47,Goldebet,1.3,3.2,Novibet,1.44,2.55,Betano.br,1.45,2.32,Betfair,3.6,13.0,34.0,5.0,4.5,7.0,26.0,13.0,5.5,Jogo de Ouro,2.1,1.66,Sportingbet.br,2.25,1.57,,0.0,0.0,Betfair,7.0,Betfair,5.5,Betfair,7.0,Betfair,5.5,Betfair,9.0,Betfair,13.0,Betfair,8.5,Betfair,10.0,Betfair,15.0,Betfair,17.0,Betfair,36.0,Betfair,19.0,Betfair,29.0,Betfair,34.0,Betfair,41.0,,0.0,0.0,,0.0,0.0,,0.0,0.0,,0.0,0.0,Betano.br,1.93,1.7,,0.0,0.0,,0.0,0.0,,0.0,0.0,,0.0,0.0,,0.0,0.0,,0.0,0.0,0.0,,0.0,0.0,0.0,,0.0,0.0,0.0,,0.0,0.0,0.0,,0.0,0.0,0.0,,0.0,0.0,0.0,,,,,,,,,,,,,,,,,,,,,,,,,,,,,,,,,,,,,,,,,,,,,,,,,,,1.0,0.0,,,,,,,,,,,,,,,,,,,,,,,,,,,,,,,,,,,,,,,,,,,,,,,,,,,,,,,,,,,,,,,,,,,,,,,,,,,,,,,,,,,,,,,,,,,,,,,,,,,,,,,,,,,,,,,,,,,,,,,,,,,,,,,,,,,,,,,1.0,0.0,,,,,,,,,,,,,,,,,Liga FUTVE 2,Ec90yuCn
QigVxbMU,VENEZUELA,2025,VENEZUELA 2,VENEZUELA 2,14/09/2025,19:30,Round 25,Miranda,bqdjykPk,Angostura,IZnAvh6K,False,4,2,,,,,,[],[],,0.0,0.0,0.0,,0.0,0.0,0.0,,0.0,0.0,0.0,,0.0,0.0,,0.0,0.0,,0.0,0.0,,0.0,0.0,,0.0,0.0,,0.0,0.0,,0.0,0.0,,0.0,0.0,,0.0,0.0,,0.0,0.0,,0.0,0.0,,0.0,0.0,,0.0,0.0,,0.0,0.0,,0.0,0.0,0.0,,0.0,0.0,0.0,,0.0,0.0,0.0,,0.0,0.0,,0.0,0.0,,0.0,0.0,,0.0,0.0,0.0,0.0,0.0,0.0,0.0,0.0,0.0,,0.0,0.0,,0.0,0.0,,0.0,0.0,,0.0,,0.0,,0.0,,0.0,,0.0,,0.0,,0.0,,0.0,,0.0,,0.0,,0.0,,0.0,,0.0,,0.0,,0.0,,0.0,0.0,,0.0,0.0,,0.0,0.0,,0.0,0.0,,0.0,0.0,,0.0,0.0,,0.0,0.0,,0.0,0.0,,0.0,0.0,,0.0,0.0,,0.0,0.0,0.0,,0.0,0.0,0.0,,0.0,0.0,0.0,,0.0,0.0,0.0,,0.0,0.0,0.0,,0.0,0.0,0.0,,,,,,,,,,,,,,,,,,,,,,,,,,,,,,,,,,,,,,,,,,,,,,,,,,,,,,,,,,,,,,,,,,,,,,,,,,,,,,,,,,,,,,,,,,,,,,,,,,,,,,,,,,,,,,,,,,,,,,,,,,,,,,,,,,,,,,,,,,,,,,,,,,,,,,,,,,,,,,,,,,,,,,,,,,,,,,,,,,,,,,,,,,,,,,,,,,,,,,,,,,,,,Liga FUTVE 2,Ec90yuCn
IRkNvKiI,VENEZUELA,2025,VENEZUELA 2,VENEZUELA 2,14/09/2025,19:30,Round 25,Titanes,6eug9B26,Trujillanos,ddwscmEO,False,1,0,,,,,,[],[],,0.0,0.0,0.0,,0.0,0.0,0.0,,0.0,0.0,0.0,,0.0,0.0,,0.0,0.0,,0.0,0.0,,0.0,0.0,,0.0,0.0,,0.0,0.0,,0.0,0.0,,0.0,0.0,,0.0,0.0,,0.0,0.0,,0.0,0.0,,0.0,0.0,,0.0,0.0,,0.0,0.0,,0.0,0.0,0.0,,0.0,0.0,0.0,,0.0,0.0,0.0,,0.0,0.0,,0.0,0.0,,0.0,0.0,,0.0,0.0,0.0,0.0,0.0,0.0,0.0,0.0,0.0,,0.0,0.0,,0.0,0.0,,0.0,0.0,,0.0,,0.0,,0.0,,0.0,,0.0,,0.0,,0.0,,0.0,,0.0,,0.0,,0.0,,0.0,,0.0,,0.0,,0.0,,0.0,0.0,,0.0,0.0,,0.0,0.0,,0.0,0.0,,0.0,0.0,,0.0,0.0,,0.0,0.0,,0.0,0.0,,0.0,0.0,,0.0,0.0,,0.0,0.0,0.0,,0.0,0.0,0.0,,0.0,0.0,0.0,,0.0,0.0,0.0,,0.0,0.0,0.0,,0.0,0.0,0.0,,,,,,,,,,,,,,,,,,,,,,,,,,,,,,,,,,,,,,,,,,,,,,,,,,,,,,,,,,,,,,,,,,,,,,,,,,,,,,,,,,,,,,,,,,,,,,,,,,,,,,,,,,,,,,,,,,,,,,,,,,,,,,,,,,,,,,,,,,,,,,,,,,,,,,,,,,,,,,,,,,,,,,,,,,,,,,,,,,,,,,,,,,,,,,,,,,,,,,,,,,,,,Liga FUTVE 2,Ec90yuCn
6oBwsAYo,VENEZUELA,2025,VENEZUELA 2,VENEZUELA 2,14/09/2025,19:30,Round 25,Puerto Cabello B,jmA1Pu7j,Frontera,4AqkWAQI,False,0,1,,,,,,[],[],,0.0,0.0,0.0,,0.0,0.0,0.0,,0.0,0.0,0.0,,0.0,0.0,,0.0,0.0,,0.0,0.0,,0.0,0.0,,0.0,0.0,,0.0,0.0,,0.0,0.0,,0.0,0.0,,0.0,0.0,,0.0,0.0,,0.0,0.0,,0.0,0.0,,0.0,0.0,,0.0,0.0,,0.0,0.0,0.0,,0.0,0.0,0.0,,0.0,0.0,0.0,,0.0,0.0,,0.0,0.0,,0.0,0.0,,0.0,0.0,0.0,0.0,0.0,0.0,0.0,0.0,0.0,,0.0,0.0,,0.0,0.0,,0.0,0.0,,0.0,,0.0,,0.0,,0.0,,0.0,,0.0,,0.0,,0.0,,0.0,,0.0,,0.0,,0.0,,0.0,,0.0,,0.0,,0.0,0.0,,0.0,0.0,,0.0,0.0,,0.0,0.0,,0.0,0.0,,0.0,0.0,,0.0,0.0,,0.0,0.0,,0.0,0.0,,0.0,0.0,,0.0,0.0,0.0,,0.0,0.0,0.0,,0.0,0.0,0.0,,0.0,0.0,0.0,,0.0,0.0,0.0,,0.0,0.0,0.0,,,,,,,,,,,,,,,,,,,,,,,,,,,,,,,,,,,,,,,,,,,,,,,,,,,,,,,,,,,,,,,,,,,,,,,,,,,,,,,,,,,,,,,,,,,,,,,,,,,,,,,,,,,,,,,,,,,,,,,,,,,,,,,,,,,,,,,,,,,,,,,,,,,,,,,,,,,,,,,,,,,,,,,,,,,,,,,,,,,,,,,,,,,,,,,,,,,,,,,,,,,,,Liga FUTVE 2,Ec90yuCn
f1jqzQyJ,VENEZUELA,2025,VENEZUELA 2,VENEZUELA 2,03/10/2025,21:00,Round 28,Dynamo Puerto,IRzKqzlk,Angostura,IZnAvh6K,False,2,0,,,,,,"[28, 88]",[],Bet7k,2.11,2.14,5.6,Betano.br,1.85,2.5,5.2,Betano.br,1.53,3.7,5.5,Sportingbet.br,1.4,2.7,Novibet,2.85,1.35,,0.0,0.0,Betnacional,1.22,3.34,Sportingbet.br,2.2,1.58,Betnacional,4.12,1.14,,0.0,0.0,Superbet.br,1.29,3.05,LuvaBet,2.0,1.69,Sportingbet.br,3.5,1.27,,0.0,0.0,Superbet.br,2.0,1.73,Betnacional,4.16,1.14,Betnacional,3.43,1.21,Betano.br,1.13,1.22,2.22,Sportingbet.br,1.15,1.63,1.57,Sportingbet.br,1.17,1.49,1.7,Betano.br,1.19,3.75,Betano.br,1.26,3.1,Betano.br,1.24,3.2,LuvaBet,2.58,16.88,65.0,4.5,5.53,11.25,26.2,18.7,9.5,Superbet.br,1.87,1.83,Sportingbet.br,2.05,1.66,Betnacional,1.93,1.75,Betnacional,9.86,Betnacional,6.05,Betnacional,11.85,Betnacional,6.83,Betnacional,6.91,Betnacional,26.9,Betnacional,7.9,Betnacional,15.56,Betnacional,17.61,Betnacional,11.71,Betnacional,92.1,Betnacional,13.43,Betnacional,53.0,BR4Bet,31.0,Betnacional,60.9,,0.0,0.0,,0.0,0.0,LuvaBet,2.85,1.35,LuvaBet,2.18,1.58,Betnacional,1.57,2.06,,0.0,0.0,,0.0,0.0,,0.0,0.0,,0.0,0.0,,0.0,0.0,Betnacional,12.1,7.29,0.0,Betnacional,5.56,4.63,27.62,Betnacional,2.73,3.49,12.05,Betnacional,1.16,5.82,2.14,Betnacional,1.02,9.31,1.38,Betnacional,0.0,0.0,1.11,,,,,,,,,,,,,,,,,,,,,,,,,,,,,,,,,,,,,,,,,,,,,,,,,,,1.0,1.0,,,,,,,,,,,,,,,,,,,,,,,,,,,,,,,,,,,,,,,,,,,,,,,,,,,,,,,,,,,,,,,,,,,,,,,,,,,,,,,,,,,,,,,,,,,,,,,,,,,,,,,,,,,,,,,,,,,,,,,,,,,,,,,,,,,,,,,1.0,1.0,,,,,,,,,,,,,,,,,Liga FUTVE 2,Ec90yuCn
8WEphbc4,VENEZUELA,2025,VENEZUELA 2,VENEZUELA 2,05/10/2025,20:00,Round 28,Heroes de Falcon,vRH5aOqg,Titanes,6eug9B26,False,2,1,,,,,,"[34, 46]",[22],,0.0,0.0,0.0,,0.0,0.0,0.0,,0.0,0.0,0.0,,0.0,0.0,,0.0,0.0,,0.0,0.0,,0.0,0.0,,0.0,0.0,,0.0,0.0,,0.0,0.0,,0.0,0.0,,0.0,0.0,,0.0,0.0,,0.0,0.0,,0.0,0.0,,0.0,0.0,,0.0,0.0,,0.0,0.0,0.0,,0.0,0.0,0.0,,0.0,0.0,0.0,,0.0,0.0,,0.0,0.0,,0.0,0.0,,0.0,0.0,0.0,0.0,0.0,0.0,0.0,0.0,0.0,,0.0,0.0,,0.0,0.0,,0.0,0.0,,0.0,,0.0,,0.0,,0.0,,0.0,,0.0,,0.0,,0.0,,0.0,,0.0,,0.0,,0.0,,0.0,,0.0,,0.0,,0.0,0.0,,0.0,0.0,,0.0,0.0,,0.0,0.0,,0.0,0.0,,0.0,0.0,,0.0,0.0,,0.0,0.0,,0.0,0.0,,0.0,0.0,,0.0,0.0,0.0,,0.0,0.0,0.0,,0.0,0.0,0.0,,0.0,0.0,0.0,,0.0,0.0,0.0,,0.0,0.0,0.0,,,,,,,,,,,,,,,,,,,,,,,,,,,,,,,,,,,,,,,,,,,,,,,,,,,,,,,,,,,,,,,,,,,,,,,,,,,,,,,,,,,,,,,,,,,,,,,,,,,,,,,,,,,,,,,,,,,,,,,,,,,,,,,,,,,,,,,,,,,,,,,,,,,,,,,,,,,,,,,,,,,,,,,,,,,,,,,,,,,,,,,,,,,,,,,,,,,,,,,,,,,,,Liga FUTVE 2,Ec90yuCn
CrCGAvIs,VENEZUELA,2025,VENEZUELA 2,VENEZUELA 2,08/11/2025,19:00,Final,Titanes,6eug9B26,Trujillanos,ddwscmEO,False,1,2,1.0,,,,,[4],"[55, 81]",Bet7k,3.52,1.88,3.32,Sportingbet.br,3.1,2.15,2.95,LuvaBet,2.68,3.04,2.51,LuvaBet,1.47,2.43,,0.0,0.0,,0.0,0.0,,0.0,0.0,Sportingbet.br,2.55,1.44,,0.0,0.0,Sportingbet.br,1.11,6.0,Sportingbet.br,1.46,2.5,F12,2.4,1.48,Sportingbet.br,4.5,1.17,,0.0,0.0,Superbet.br,2.05,1.69,,0.0,0.0,,0.0,0.0,Sportingbet.br,1.46,1.36,1.42,Sportingbet.br,1.29,1.78,1.27,Sportingbet.br,1.34,1.61,1.32,Esportivabet,1.95,1.75,Novibet,1.84,1.82,Betano.br,1.78,1.78,Sportingbet.br,4.6,15.0,37.0,6.25,4.2,6.25,37.0,15.5,4.45,LuvaBet,1.97,1.74,Sportingbet.br,2.15,1.61,,0.0,0.0,Betano.br,6.6,LuvaBet,7.33,LuvaBet,6.84,LuvaBet,6.35,LuvaBet,12.0,LuvaBet,11.0,LuvaBet,13.0,LuvaBet,12.0,LuvaBet,19.0,Esportivabet,31.0,Esportivabet,26.0,Esportivabet,26.0,Esportivabet,26.0,Esportivabet,41.0,Esportivabet,41.0,,0.0,0.0,,0.0,0.0,,0.0,0.0,,0.0,0.0,,0.0,0.0,,0.0,0.0,,0.0,0.0,LuvaBet,1.1,5.63,,0.0,0.0,,0.0,0.0,,0.0,0.0,0.0,,0.0,0.0,0.0,,0.0,0.0,0.0,,0.0,0.0,0.0,,0.0,0.0,0.0,,0.0,0.0,0.0,,,,,,,,,,,,,,,,,,,,,,,,,,,,,,,,,,,,,,,,,,,,,,,,,,,1.0,0.0,,,,,,,,,,,,,,,,,,,,,,,,,,,,,,,,,,,,,,,,,,,,,,,,,,,,,,,,,,,,,,,,,,,,,,,,,,,,,,,,,,,,,,,,,,,,,,,,,,,,,,,,,,,,,,,,,,,,,,,,,,,,,,,,,,,,,,,1.0,0.0,,,,,,,,,,,,,,,,,Liga FUTVE 2,Ec90yuCn
UBITacQj,VENEZUELA,2025,VENEZUELA 2,VENEZUELA 2,28/09/2025,20:00,Round 27,Heroes de Falcon,vRH5aOqg,Puerto Cabello B,jmA1Pu7j,False,3,3,,,,,,"[29, 57, 90]","[13, 45, 63]",Betnacional,2.48,1.97,4.76,Sportingbet.br,2.2,2.3,4.2,LuvaBet,1.81,3.34,4.02,Sportingbet.br,1.46,2.5,LuvaBet,3.23,1.28,Superbet.br,7.0,1.02,Betnacional,1.27,2.99,Sportingbet.br,2.4,1.49,Betnacional,4.82,1.1,,0.0,0.0,LuvaBet,1.37,2.75,Superbet.br,2.22,1.53,LuvaBet,4.21,1.17,,0.0,0.0,Superbet.br,2.07,1.65,Superbet.br,5.15,1.12,Betnacional,3.78,1.17,Sportingbet.br,1.23,1.28,1.9,Sportingbet.br,1.18,1.68,1.47,Sportingbet.br,1.19,1.53,1.58,Lotogreen,1.36,2.9,Betnacional,1.39,2.51,Betano.br,1.39,2.5,LuvaBet,3.05,17.07,54.0,4.75,5.0,9.0,30.58,18.41,7.39,Lotogreen,1.9,1.8,Betnacional,2.11,1.62,Betnacional,1.95,1.73,Betnacional,7.51,Betnacional,5.37,Betnacional,8.88,Betnacional,6.29,Betnacional,7.33,Betnacional,20.43,Betnacional,8.53,Betnacional,14.23,Betnacional,19.81,Betnacional,14.96,Betnacional,71.0,Betnacional,17.46,Betnacional,49.29,Betnacional,40.49,Betnacional,68.2,,0.0,0.0,,0.0,0.0,LuvaBet,3.47,1.25,LuvaBet,2.65,1.4,Superbet.br,1.78,1.85,,0.0,0.0,,0.0,0.0,,0.0,0.0,,0.0,0.0,,0.0,0.0,Betnacional,17.61,8.4,0.0,Betnacional,7.82,5.1,25.97,Betnacional,3.44,3.43,10.4,Betnacional,1.21,5.09,1.86,Betnacional,1.03,8.74,1.26,Betnacional,0.0,0.0,1.06,,,,,,,,,,,,,,,,,,,,,,,,,,,,,,,,,,,,,,,,,,,,,,,,,,,1.0,0.0,,,,,,,,,,,,,,,,,,,,,,,,,,,,,,,,,,,,,,,,,,,,,,,,,,,,,,,,,,,,,,,,,,,,,,,,,,,,,,,,,,,,,,,,,,,,,,,,,,,,,,,,,,,,,,,,,,,,,,,,,,,,,,,,,,,,,,,1.0,0.0,,,,,,,,,,,,,,,,,Liga FUTVE 2,Ec90yuCn
rJpfh2Na,VENEZUELA,2025,VENEZUELA 2,VENEZUELA 2,18/10/2025,21:00,Quarter-finals,Maritimo,0CATV9mo,Dynamo Puerto,IRzKqzlk,False,1,1,2.0,0.0,1.0,1.0,2.0,[70],[38],Novibet,5.6,2.01,2.25,Sportingbet.br,4.8,2.45,1.98,Novibet,5.1,3.5,1.61,Sportingbet.br,1.44,2.55,,0.0,0.0,,0.0,0.0,,0.0,0.0,Sportingbet.br,2.3,1.55,,0.0,0.0,,0.0,0.0,Sportingbet.br,1.37,2.85,Superbet.br,2.1,1.64,Sportingbet.br,3.8,1.23,,0.0,0.0,Superbet.br,2.12,1.64,,0.0,0.0,,0.0,0.0,Sportingbet.br,2.15,1.25,1.16,Sportingbet.br,1.57,1.65,1.14,Sportingbet.br,1.72,1.49,1.16,Lotogreen,3.75,1.22,Novibet,3.0,1.32,Betano.br,2.9,1.29,Betano.br,2.52,16.5,60.0,4.05,4.9,9.75,26.0,16.5,8.25,LuvaBet,1.83,1.87,LuvaBet,2.12,1.61,,0.0,0.0,LuvaBet,8.35,LuvaBet,5.39,LuvaBet,9.8,LuvaBet,8.33,LuvaBet,6.86,Lotogreen,26.0,LuvaBet,9.8,LuvaBet,17.0,LuvaBet,24.0,LuvaBet,11.0,Betano.br,50.0,LuvaBet,17.0,Lotogreen,41.0,LuvaBet,37.0,LuvaBet,50.0,,0.0,0.0,,0.0,0.0,,0.0,0.0,,0.0,0.0,,0.0,0.0,,0.0,0.0,,0.0,0.0,,0.0,0.0,,0.0,0.0,,0.0,0.0,,0.0,0.0,0.0,,0.0,0.0,0.0,Novibet,0.0,3.35,2.9,Novibet,2.06,0.0,0.0,,0.0,0.0,0.0,,0.0,0.0,0.0,,,,,,,,,,,,,,,,,,,,,,,,,,,,,,,,,,,,,,,,,,,,,,,,,,,,,,,,,,,,,,,,,,,,,,,,,,,,,,,,,,,,,,,,,,,,,,,,,,,,,,,,,,,,,,,,,,,,,,,,,,,,,,,,,,,,,,,,,,,,,,,,,,,,,,,,,,,,,,,,,,,,,,,,,,,,,,,,,,,,,,,,,,,,,,,,,,,,,,,,,,,,,Liga FUTVE 2,Ec90yuCn
8xjbpONt,VENEZUELA,2025,VENEZUELA 2,VENEZUELA 2,13/09/2025,20:00,Round 25,Mineros,nHA4pAGL,Monagas B,z1jpHUsI,False,1,2,,,,,,[],[],,0.0,0.0,0.0,,0.0,0.0,0.0,,0.0,0.0,0.0,,0.0,0.0,,0.0,0.0,,0.0,0.0,,0.0,0.0,,0.0,0.0,,0.0,0.0,,0.0,0.0,,0.0,0.0,,0.0,0.0,,0.0,0.0,,0.0,0.0,,0.0,0.0,,0.0,0.0,,0.0,0.0,,0.0,0.0,0.0,,0.0,0.0,0.0,,0.0,0.0,0.0,,0.0,0.0,,0.0,0.0,,0.0,0.0,,0.0,0.0,0.0,0.0,0.0,0.0,0.0,0.0,0.0,,0.0,0.0,,0.0,0.0,,0.0,0.0,,0.0,,0.0,,0.0,,0.0,,0.0,,0.0,,0.0,,0.0,,0.0,,0.0,,0.0,,0.0,,0.0,,0.0,,0.0,,0.0,0.0,,0.0,0.0,,0.0,0.0,,0.0,0.0,,0.0,0.0,,0.0,0.0,,0.0,0.0,,0.0,0.0,,0.0,0.0,,0.0,0.0,,0.0,0.0,0.0,,0.0,0.0,0.0,,0.0,0.0,0.0,,0.0,0.0,0.0,,0.0,0.0,0.0,,0.0,0.0,0.0,,,,,,,,,,,,,,,,,,,,,,,,,,,,,,,,,,,,,,,,,,,,,,,,,,,,,,,,,,,,,,,,,,,,,,,,,,,,,,,,,,,,,,,,,,,,,,,,,,,,,,,,,,,,,,,,,,,,,,,,,,,,,,,,,,,,,,,,,,,,,,,,,,,,,,,,,,,,,,,,,,,,,,,,,,,,,,,,,,,,,,,,,,,,,,,,,,,,,,,,,,,,,Liga FUTVE 2,Ec90yuCn
hQFlQKxP,VENEZUELA,2025,VENEZUELA 2,VENEZUELA 2,12/09/2025,23:00,Round 25,Dynamo Puerto,IRzKqzlk,Maritimo,0CATV9mo,False,2,0,,,,,,[],[],,0.0,0.0,0.0,,0.0,0.0,0.0,,0.0,0.0,0.0,,0.0,0.0,,0.0,0.0,,0.0,0.0,,0.0,0.0,,0.0,0.0,,0.0,0.0,,0.0,0.0,,0.0,0.0,,0.0,0.0,,0.0,0.0,,0.0,0.0,,0.0,0.0,,0.0,0.0,,0.0,0.0,,0.0,0.0,0.0,,0.0,0.0,0.0,,0.0,0.0,0.0,,0.0,0.0,,0.0,0.0,,0.0,0.0,,0.0,0.0,0.0,0.0,0.0,0.0,0.0,0.0,0.0,,0.0,0.0,,0.0,0.0,,0.0,0.0,,0.0,,0.0,,0.0,,0.0,,0.0,,0.0,,0.0,,0.0,,0.0,,0.0,,0.0,,0.0,,0.0,,0.0,,0.0,,0.0,0.0,,0.0,0.0,,0.0,0.0,,0.0,0.0,,0.0,0.0,,0.0,0.0,,0.0,0.0,,0.0,0.0,,0.0,0.0,,0.0,0.0,,0.0,0.0,0.0,,0.0,0.0,0.0,,0.0,0.0,0.0,,0.0,0.0,0.0,,0.0,0.0,0.0,,0.0,0.0,0.0,,,,,,,,,,,,,,,,,,,,,,,,,,,,,,,,,,,,,,,,,,,,,,,,,,,,,,,,,,,,,,,,,,,,,,,,,,,,,,,,,,,,,,,,,,,,,,,,,,,,,,,,,,,,,,,,,,,,,,,,,,,,,,,,,,,,,,,,,,,,,,,,,,,,,,,,,,,,,,,,,,,,,,,,,,,,,,,,,,,,,,,,,,,,,,,,,,,,,,,,,,,,,Liga FUTVE 2,Ec90yuCn
zJGxfKSi,VENEZUELA,2025,VENEZUELA 2,VENEZUELA 2,05/10/2025,19:30,Round 28,Puerto Cabello B,jmA1Pu7j,Trujillanos,ddwscmEO,False,0,0,,,,,,[],[],Novibet,3.75,2.1,2.65,Novibet,3.3,2.4,2.4,Esportivabet,2.9,3.5,2.08,LuvaBet,1.33,2.95,Superbet.br,2.75,1.33,Betano.br,6.9,1.05,Betnacional,1.18,3.62,Betnacional,1.93,1.67,Betnacional,3.74,1.17,LuvaBet,1.02,9.38,LuvaBet,1.22,3.68,Jogo de Ouro,3.8,1.2,Betano.br,3.35,1.24,LuvaBet,5.26,1.11,Jogo de Ouro,2.1,1.63,Superbet.br,4.3,1.16,Betnacional,2.95,1.28,Jogo de Ouro,1.04,3.25,1.03,Betano.br,1.39,1.57,1.26,Betnacional,1.43,1.37,1.26,Novibet,2.3,1.54,Novibet,2.15,1.59,Betnacional,2.1,1.55,LuvaBet,5.5,15.56,26.31,7.41,5.63,5.5,35.43,14.92,3.6,Jogo de Ouro,3.66,1.22,Sportingbet.br,2.05,1.66,Betnacional,1.91,1.77,Betnacional,11.32,Betnacional,10.14,Betnacional,7.82,Jogo de Ouro,13.0,Jogo de Ouro,21.0,Jogo de Ouro,21.0,Jogo de Ouro,41.0,Jogo de Ouro,41.0,Jogo de Ouro,41.0,Betnacional,41.22,Jogo de Ouro,41.0,Jogo de Ouro,41.0,Jogo de Ouro,41.0,Jogo de Ouro,41.0,Jogo de Ouro,41.0,,0.0,0.0,,0.0,0.0,LuvaBet,6.44,1.07,LuvaBet,5.55,1.1,Betnacional,2.46,1.4,Jogo de Ouro,1.0,6.25,LuvaBet,1.34,2.9,LuvaBet,1.24,3.52,LuvaBet,1.06,6.92,LuvaBet,1.04,7.58,Betnacional,0.0,0.0,17.11,Betnacional,15.8,7.71,8.07,Jogo de Ouro,0.0,0.0,9.5,Jogo de Ouro,1.16,5.25,0.0,Betnacional,1.22,5.63,1.08,Betnacional,1.05,8.82,0.0,,,,,,,,,,,,,,,,,,,,,,,,,,,,,,,,,,,,,,,,,,,,,,,,,,,,,,,,,,,,,,,,,,,,,,,,,,,,,,,,,,,,,,,,,,,,,,,,,,,,,,,,,,,,,,,,,,,,,,,,,,,,,,,,,,,,,,,,,,,,,,,,,,,,,,,,,,,,,,,,,,,,,,,,,,,,,,,,,,,,,,,,,,,,,,,,,,,,,,,,,,,,,Liga FUTVE 2,Ec90yuCn
dbMuSt8C,VENEZUELA,2025,VENEZUELA 2,VENEZUELA 2,07/09/2025,21:00,Round 24,Maritimo,0CATV9mo,Miranda,bqdjykPk,False,0,0,,,,,,[],[],,0.0,0.0,0.0,,0.0,0.0,0.0,,0.0,0.0,0.0,,0.0,0.0,,0.0,0.0,,0.0,0.0,,0.0,0.0,,0.0,0.0,,0.0,0.0,,0.0,0.0,,0.0,0.0,,0.0,0.0,,0.0,0.0,,0.0,0.0,,0.0,0.0,,0.0,0.0,,0.0,0.0,,0.0,0.0,0.0,,0.0,0.0,0.0,,0.0,0.0,0.0,,0.0,0.0,,0.0,0.0,,0.0,0.0,,0.0,0.0,0.0,0.0,0.0,0.0,0.0,0.0,0.0,,0.0,0.0,,0.0,0.0,,0.0,0.0,,0.0,,0.0,,0.0,,0.0,,0.0,,0.0,,0.0,,0.0,,0.0,,0.0,,0.0,,0.0,,0.0,,0.0,,0.0,,0.0,0.0,,0.0,0.0,,0.0,0.0,,0.0,0.0,,0.0,0.0,,0.0,0.0,,0.0,0.0,,0.0,0.0,,0.0,0.0,,0.0,0.0,,0.0,0.0,0.0,,0.0,0.0,0.0,,0.0,0.0,0.0,,0.0,0.0,0.0,,0.0,0.0,0.0,,0.0,0.0,0.0,,,,,,,,,,,,,,,,,,,,,,,,,,,,,,,,,,,,,,,,,,,,,,,,,,,,,,,,,,,,,,,,,,,,,,,,,,,,,,,,,,,,,,,,,,,,,,,,,,,,,,,,,,,,,,,,,,,,,,,,,,,,,,,,,,,,,,,,,,,,,,,,,,,,,,,,,,,,,,,,,,,,,,,,,,,,,,,,,,,,,,,,,,,,,,,,,,,,,,,,,,,,,Liga FUTVE 2,Ec90yuCn
CCiAlKMO,VENEZUELA,2025,VENEZUELA 2,VENEZUELA 2,19/10/2025,19:30,Quarter-finals,Miranda,bqdjykPk,Aragua,CbfwrDH9,False,2,1,2.0,0.0,0.0,2.0,1.0,"[18, 65]",[47],Novibet,4.45,1.83,2.85,Novibet,3.8,2.15,2.5,LuvaBet,3.59,3.04,2.0,LuvaBet,1.49,2.37,,0.0,0.0,,0.0,0.0,Sportingbet.br,1.4,2.7,Sportingbet.br,2.65,1.42,,0.0,0.0,Sportingbet.br,1.12,5.75,LuvaBet,1.49,2.37,Sportingbet.br,2.65,1.42,Sportingbet.br,4.75,1.16,,0.0,0.0,Superbet.br,2.25,1.58,,0.0,0.0,,0.0,0.0,Novibet,1.67,1.3,1.25,Sportingbet.br,1.34,1.82,1.21,Sportingbet.br,1.4,1.66,1.24,Novibet,2.45,1.48,Novibet,2.3,1.52,Betano.br,2.2,1.5,Betano.br,3.45,14.5,50.0,4.55,3.85,7.1,35.0,16.0,6.1,LuvaBet,1.92,1.78,Sportingbet.br,2.2,1.6,,0.0,0.0,Betano.br,6.1,LuvaBet,5.41,LuvaBet,8.36,LuvaBet,6.39,LuvaBet,8.36,LuvaBet,15.0,LuvaBet,12.0,LuvaBet,17.0,LuvaBet,23.0,Jogo de Ouro,18.0,Jogo de Ouro,41.0,LuvaBet,23.0,Jogo de Ouro,41.0,Jogo de Ouro,41.0,LuvaBet,50.0,,0.0,0.0,,0.0,0.0,,0.0,0.0,,0.0,0.0,,0.0,0.0,LuvaBet,1.72,1.96,,0.0,0.0,LuvaBet,1.24,3.56,,0.0,0.0,,0.0,0.0,,0.0,0.0,0.0,,0.0,0.0,0.0,Novibet,0.0,3.25,3.1,Novibet,1.99,0.0,0.0,,0.0,0.0,0.0,,0.0,0.0,0.0,,,,,,,,,,,,,,,,,,,,,,,,,,,,,,,,,,,,,,,,,,,,,,,,,,,0.0,1.0,,,,,,,,,,,,,,,,,,,,,,,,,,,,,,,,,,,,,,,,,,,,,,,,,,,,,,,,,,,,,,,,,,,,,,,,,,,,,,,,,,,,,,,,,,,,,,,,,,,,,,,,,,,,,,,,,,,,,,,,,,,,,,,,,,,,,,,0.0,1.0,,,,,,,,,,,,,,,,,Liga FUTVE 2,Ec90yuCn
6uK1h7im,VENEZUELA,2025,VENEZUELA 2,VENEZUELA 2,04/10/2025,19:30,Round 28,Mineros,nHA4pAGL,Aragua,CbfwrDH9,False,3,0,,,,,,"[10, 59, 90]",[],Bet7k,3.15,1.9,3.66,Novibet,2.8,2.15,3.2,Jogo de Ouro,1.0,26.0,51.0,Estrelabet,1.45,2.4,LuvaBet,3.25,1.28,,0.0,0.0,Betnacional,1.29,2.92,Betnacional,2.39,1.43,Betnacional,4.99,1.09,LuvaBet,1.09,5.92,LuvaBet,1.46,2.47,Jogo de Ouro,3.2,1.27,LuvaBet,4.78,1.14,,0.0,0.0,Superbet.br,2.1,1.65,Betnacional,4.56,1.11,Betnacional,3.71,1.18,Jogo de Ouro,1.0,1.0,7.5,Novibet,1.25,1.73,1.3,Betnacional,1.27,1.46,1.34,Jogo de Ouro,1.01,10.0,Novibet,1.72,1.95,Betano.br,1.65,1.93,LuvaBet,4.11,16.08,40.58,5.48,4.34,6.58,35.87,17.0,4.96,Jogo de Ouro,3.66,1.22,Betnacional,2.14,1.6,Betnacional,1.96,1.72,Betnacional,6.94,Betnacional,6.17,Betnacional,6.89,Betnacional,5.76,Betnacional,10.26,Betnacional,12.86,Betnacional,9.76,Betnacional,10.93,Betnacional,17.96,Betnacional,25.66,Betnacional,36.18,Betnacional,24.39,Betnacional,30.67,Betnacional,46.12,Betnacional,51.7,,0.0,0.0,,0.0,0.0,LuvaBet,5.06,1.12,LuvaBet,4.12,1.18,Betnacional,2.24,1.49,Betnacional,1.36,2.6,LuvaBet,1.1,5.46,LuvaBet,1.07,6.52,,0.0,0.0,,0.0,0.0,Betnacional,26.34,9.8,0.0,Betnacional,12.76,6.38,16.75,Betnacional,5.13,3.84,6.56,Betnacional,1.37,4.2,1.51,Betnacional,1.08,7.24,1.13,Betnacional,0.0,0.0,1.02,,,,,,,,,,,,,,,,,,,,,,,,,,,,,,,,,,,,,,,,,,,,,,,,,,,,,,,,,,,,,,,,,,,,,,,,,,,,,,,,,,,,,,,,,,,,,,,,,,,,,,,,,,,,,,,,,,,,,,,,,,,,,,,,,,,,,,,,,,,,,,,,,,,,,,,,,,,,,,,,,,,,,,,,,,,,,,,,,,,,,,,,,,,,,,,,,,,,,,,,,,,,,Liga FUTVE 2,Ec90yuCn
2aPKw386,VENEZUELA,2025,VENEZUELA 2,VENEZUELA 2,19/10/2025,19:30,Quarter-finals,Trujillanos,ddwscmEO,Frontera,4AqkWAQI,False,0,0,2.0,1.0,0.0,1.0,0.0,[],[],LuvaBet,6.47,2.06,2.01,Sportingbet.br,5.5,2.55,1.83,Novibet,5.9,3.8,1.55,Sportingbet.br,1.39,2.75,Novibet,2.75,1.37,,0.0,0.0,,0.0,0.0,Sportingbet.br,2.15,1.6,,0.0,0.0,,0.0,0.0,Sportingbet.br,1.31,3.1,LuvaBet,2.05,1.66,Sportingbet.br,3.4,1.28,,0.0,0.0,LuvaBet,2.14,1.63,,0.0,0.0,,0.0,0.0,Sportingbet.br,2.45,1.22,1.12,Sportingbet.br,1.66,1.6,1.12,Sportingbet.br,1.85,1.46,1.12,Superbet.br,4.1,1.16,Novibet,3.1,1.3,Betano.br,3.2,1.24,Sportingbet.br,2.35,17.5,60.0,4.2,5.75,12.5,24.0,18.5,10.0,Superbet.br,1.87,1.83,LuvaBet,2.12,1.61,,0.0,0.0,LuvaBet,9.73,LuvaBet,5.84,LuvaBet,13.0,LuvaBet,8.75,LuvaBet,6.32,Estrelabet,26.0,LuvaBet,9.72,LuvaBet,18.0,LuvaBet,22.0,Estrelabet,9.5,Betano.br,60.0,LuvaBet,15.0,Estrelabet,41.0,LuvaBet,33.0,LuvaBet,50.0,,0.0,0.0,,0.0,0.0,,0.0,0.0,,0.0,0.0,,0.0,0.0,,0.0,0.0,Betano.br,1.78,1.83,LuvaBet,1.47,2.43,,0.0,0.0,,0.0,0.0,,0.0,0.0,0.0,,0.0,0.0,0.0,Novibet,0.0,3.35,2.55,Novibet,2.15,0.0,0.0,,0.0,0.0,0.0,,0.0,0.0,0.0,,,,,,,,,,,,,,,,,,,,,,,,,,,,,,,,,,,,,,,,,,,,,,,,,,,,,,,,,,,,,,,,,,,,,,,,,,,,,,,,,,,,,,,,,,,,,,,,,,,,,,,,,,,,,,,,,,,,,,,,,,,,,,,,,,,,,,,,,,,,,,,,,,,,,,,,,,,,,,,,,,,,,,,,,,,,,,,,,,,,,,,,,,,,,,,,,,,,,,,,,,,,,Liga FUTVE 2,Ec90yuCn
zLBIlPjC,VENEZUELA,2025,VENEZUELA 2,VENEZUELA 2,04/10/2025,21:30,Round 28,Barquisimeto,4rp8eIDa,Urena,x6MdZOGO,False,2,1,,,,,,"[45, 53]",[90],BateuBet,1.76,2.36,6.33,Betnacional,1.73,2.78,5.5,Jogo de Ouro,1.0,36.0,51.0,LuvaBet,1.27,3.28,Superbet.br,2.4,1.45,LuvaBet,5.46,1.1,Betnacional,1.17,3.74,Betnacional,1.87,1.71,Betnacional,3.56,1.19,LuvaBet,1.01,9.83,LuvaBet,1.18,4.18,Jogo de Ouro,3.45,1.25,Superbet.br,2.85,1.3,LuvaBet,4.48,1.15,Superbet.br,2.0,1.7,Superbet.br,4.6,1.14,Betnacional,3.28,1.23,Jogo de Ouro,1.0,1.0,7.5,Novibet,1.13,1.5,1.73,Betnacional,1.12,1.31,1.76,Jogo de Ouro,1.01,10.0,Superbet.br,1.16,3.85,Betnacional,1.21,3.44,Betano.br,2.12,19.3,68.4,4.18,7.14,15.0,23.4,21.8,11.56,Jogo de Ouro,3.9,1.2,Betnacional,1.96,1.72,Betnacional,1.9,1.77,Betnacional,13.38,Betnacional,6.62,Betnacional,16.38,Betnacional,8.34,Betnacional,6.36,Betnacional,39.48,Betnacional,7.68,Betnacional,19.08,Betnacional,19.11,Betnacional,9.03,Betnacional,100.0,Betnacional,10.93,Betnacional,69.0,Betnacional,26.23,Betnacional,66.2,LuvaBet,3.78,1.21,LuvaBet,3.05,1.31,Superbet.br,2.15,1.55,LuvaBet,1.61,2.12,Betnacional,1.38,2.55,,0.0,0.0,,0.0,0.0,,0.0,0.0,,0.0,0.0,,0.0,0.0,Betnacional,7.91,6.08,0.0,Betnacional,3.89,4.19,31.8,Betnacional,2.13,3.57,15.57,Betnacional,1.1,6.83,2.7,Betnacional,1.01,9.91,1.6,Betnacional,0.0,0.0,1.21,,,,,,,,,,,,,,,,,,,,,,,,,,,,,,,,,,,,,,,,,,,,,,,,,,,0.0,1.0,,,,,,,,,,,,,,,,,,,,,,,,,,,,,,,,,,,,,,,,,,,,,,,,,,,,,,,,,,,,,,,,,,,,,,,,,,,,,,,,,,,,,,,,,,,,,,,,,,,,,,,,,,,,,,,,,,,,,,,,,,,,,,,,,,,,,,,0.0,1.0,,,,,,,,,,,,,,,,,Liga FUTVE 2,Ec90yuCn
Sb6sJoPs,VENEZUELA,2025,VENEZUELA 2,VENEZUELA 2,07/09/2025,19:30,Round 24,Monagas B,z1jpHUsI,Bolivar,KpRwCxzH,False,3,0,,,,,,[],[],,0.0,0.0,0.0,,0.0,0.0,0.0,,0.0,0.0,0.0,,0.0,0.0,,0.0,0.0,,0.0,0.0,,0.0,0.0,,0.0,0.0,,0.0,0.0,,0.0,0.0,,0.0,0.0,,0.0,0.0,,0.0,0.0,,0.0,0.0,,0.0,0.0,,0.0,0.0,,0.0,0.0,,0.0,0.0,0.0,,0.0,0.0,0.0,,0.0,0.0,0.0,,0.0,0.0,,0.0,0.0,,0.0,0.0,,0.0,0.0,0.0,0.0,0.0,0.0,0.0,0.0,0.0,,0.0,0.0,,0.0,0.0,,0.0,0.0,,0.0,,0.0,,0.0,,0.0,,0.0,,0.0,,0.0,,0.0,,0.0,,0.0,,0.0,,0.0,,0.0,,0.0,,0.0,,0.0,0.0,,0.0,0.0,,0.0,0.0,,0.0,0.0,,0.0,0.0,,0.0,0.0,,0.0,0.0,,0.0,0.0,,0.0,0.0,,0.0,0.0,,0.0,0.0,0.0,,0.0,0.0,0.0,,0.0,0.0,0.0,,0.0,0.0,0.0,,0.0,0.0,0.0,,0.0,0.0,0.0,,,,,,,,,,,,,,,,,,,,,,,,,,,,,,,,,,,,,,,,,,,,,,,,,,,,,,,,,,,,,,,,,,,,,,,,,,,,,,,,,,,,,,,,,,,,,,,,,,,,,,,,,,,,,,,,,,,,,,,,,,,,,,,,,,,,,,,,,,,,,,,,,,,,,,,,,,,,,,,,,,,,,,,,,,,,,,,,,,,,,,,,,,,,,,,,,,,,,,,,,,,,,Liga FUTVE 2,Ec90yuCn
b93GhtJN,VENEZUELA,2025,VENEZUELA 2,VENEZUELA 2,27/09/2025,19:30,Round 27,Monagas B,z1jpHUsI,Aragua,CbfwrDH9,False,1,0,,,,,,[43],[],Betnacional,3.27,2.02,3.14,Betano.br,2.95,2.3,2.82,Goldebet,2.5,3.33,2.42,Sportingbet.br,1.43,2.6,Superbet.br,3.0,1.28,Superbet.br,6.75,1.02,Betnacional,1.23,3.27,Betnacional,2.12,1.54,Betnacional,4.3,1.13,,0.0,0.0,Sportingbet.br,1.35,2.9,Sportingbet.br,2.05,1.66,Superbet.br,3.45,1.2,,0.0,0.0,Superbet.br,1.78,1.9,Superbet.br,4.75,1.14,Betnacional,3.28,1.23,Betano.br,1.5,1.29,1.4,Betano.br,1.32,1.6,1.3,Superbet.br,1.28,1.45,1.3,Goldebet,1.9,1.8,Betano.br,1.82,1.75,Betano.br,1.82,1.75,Betnacional,4.36,15.85,32.36,6.28,5.0,6.04,35.0,15.78,4.12,Superbet.br,1.83,1.87,Betnacional,2.07,1.65,Betnacional,1.93,1.75,Betnacional,9.01,Betnacional,7.56,Betnacional,7.34,Betnacional,6.07,Betnacional,12.14,Betnacional,11.43,Betnacional,9.64,Betnacional,9.36,Betnacional,15.2,Betnacional,29.29,Betnacional,26.72,Betnacional,23.18,Betnacional,21.8,Betnacional,36.45,Betnacional,35.34,,0.0,0.0,,0.0,0.0,,0.0,0.0,,0.0,0.0,Betnacional,2.39,1.42,Betnacional,1.46,2.29,,0.0,0.0,,0.0,0.0,,0.0,0.0,,0.0,0.0,Betnacional,0.0,0.0,24.71,Betnacional,13.15,6.75,12.18,Betnacional,5.45,4.13,5.1,Betnacional,1.48,4.03,1.44,Betnacional,1.13,6.51,1.12,Betnacional,1.02,9.86,0.0,,,,,,,,,,,,,,,,,,,,,,,,,,,,,,,,,,,,,,,,,,,,,,,,,,,,,,,,,,,,,,,,,,,,,,,,,,,,,,,,,,,,,,,,,,,,,,,,,,,,,,,,,,,,,,,,,,,,,,,,,,,,,,,,,,,,,,,,,,,,,,,,,,,,,,,,,,,,,,,,,,,,,,,,,,,,,,,,,,,,,,,,,,,,,,,,,,,,,,,,,,,,,Liga FUTVE 2,Ec90yuCn
UN2bF3O6,VENEZUELA,2025,VENEZUELA 2,VENEZUELA 2,07/09/2025,19:30,Round 24,Trujillanos,ddwscmEO,Barquisimeto,4rp8eIDa,False,2,1,,,,,,[],[],,0.0,0.0,0.0,,0.0,0.0,0.0,,0.0,0.0,0.0,,0.0,0.0,,0.0,0.0,,0.0,0.0,,0.0,0.0,,0.0,0.0,,0.0,0.0,,0.0,0.0,,0.0,0.0,,0.0,0.0,,0.0,0.0,,0.0,0.0,,0.0,0.0,,0.0,0.0,,0.0,0.0,,0.0,0.0,0.0,,0.0,0.0,0.0,,0.0,0.0,0.0,,0.0,0.0,,0.0,0.0,,0.0,0.0,,0.0,0.0,0.0,0.0,0.0,0.0,0.0,0.0,0.0,,0.0,0.0,,0.0,0.0,,0.0,0.0,,0.0,,0.0,,0.0,,0.0,,0.0,,0.0,,0.0,,0.0,,0.0,,0.0,,0.0,,0.0,,0.0,,0.0,,0.0,,0.0,0.0,,0.0,0.0,,0.0,0.0,,0.0,0.0,,0.0,0.0,,0.0,0.0,,0.0,0.0,,0.0,0.0,,0.0,0.0,,0.0,0.0,,0.0,0.0,0.0,,0.0,0.0,0.0,,0.0,0.0,0.0,,0.0,0.0,0.0,,0.0,0.0,0.0,,0.0,0.0,0.0,,,,,,,,,,,,,,,,,,,,,,,,,,,,,,,,,,,,,,,,,,,,,,,,,,,,,,,,,,,,,,,,,,,,,,,,,,,,,,,,,,,,,,,,,,,,,,,,,,,,,,,,,,,,,,,,,,,,,,,,,,,,,,,,,,,,,,,,,,,,,,,,,,,,,,,,,,,,,,,,,,,,,,,,,,,,,,,,,,,,,,,,,,,,,,,,,,,,,,,,,,,,,Liga FUTVE 2,Ec90yuCn
rgirNfQF,VENEZUELA,2025,VENEZUELA 2,VENEZUELA 2,03/09/2025,20:00,Round 23,Angostura,IZnAvh6K,Bolivar,KpRwCxzH,False,0,0,,,,,,[],[],,0.0,0.0,0.0,,0.0,0.0,0.0,,0.0,0.0,0.0,,0.0,0.0,,0.0,0.0,,0.0,0.0,,0.0,0.0,,0.0,0.0,,0.0,0.0,,0.0,0.0,,0.0,0.0,,0.0,0.0,,0.0,0.0,,0.0,0.0,,0.0,0.0,,0.0,0.0,,0.0,0.0,,0.0,0.0,0.0,,0.0,0.0,0.0,,0.0,0.0,0.0,,0.0,0.0,,0.0,0.0,,0.0,0.0,,0.0,0.0,0.0,0.0,0.0,0.0,0.0,0.0,0.0,,0.0,0.0,,0.0,0.0,,0.0,0.0,,0.0,,0.0,,0.0,,0.0,,0.0,,0.0,,0.0,,0.0,,0.0,,0.0,,0.0,,0.0,,0.0,,0.0,,0.0,,0.0,0.0,,0.0,0.0,,0.0,0.0,,0.0,0.0,,0.0,0.0,,0.0,0.0,,0.0,0.0,,0.0,0.0,,0.0,0.0,,0.0,0.0,,0.0,0.0,0.0,,0.0,0.0,0.0,,0.0,0.0,0.0,,0.0,0.0,0.0,,0.0,0.0,0.0,,0.0,0.0,0.0,,,,,,,,,,,,,,,,,,,,,,,,,,,,,,,,,,,,,,,,,,,,,,,,,,,,,,,,,,,,,,,,,,,,,,,,,,,,,,,,,,,,,,,,,,,,,,,,,,,,,,,,,,,,,,,,,,,,,,,,,,,,,,,,,,,,,,,,,,,,,,,,,,,,,,,,,,,,,,,,,,,,,,,,,,,,,,,,,,,,,,,,,,,,,,,,,,,,,,,,,,,,,Liga FUTVE 2,Ec90yuCn
O0tlRfKF,VENEZUELA,2025,VENEZUELA 2,VENEZUELA 2,25/10/2025,21:30,Semi-finals,Dynamo Puerto,IRzKqzlk,Trujillanos,ddwscmEO,False,0,1,1.0,,,,,[],[69],Bet7k,3.98,1.83,3.15,Sportingbet.br,3.6,2.1,2.75,LuvaBet,2.91,3.14,2.28,Novibet,1.57,2.2,,0.0,0.0,,0.0,0.0,Sportingbet.br,1.4,2.75,,0.0,0.0,,0.0,0.0,Sportingbet.br,1.12,5.75,Sportingbet.br,1.57,2.25,Sportingbet.br,2.7,1.4,,0.0,0.0,,0.0,0.0,Superbet.br,2.27,1.56,,0.0,0.0,,0.0,0.0,Sportingbet.br,1.57,1.36,1.32,Sportingbet.br,1.32,1.83,1.22,Sportingbet.br,1.39,1.65,1.25,Novibet,2.1,1.65,Novibet,2.02,1.67,Betano.br,2.02,1.6,Betano.br,3.8,15.5,50.0,4.9,3.85,6.3,40.0,15.5,5.2,BateuBet,1.9,1.8,LuvaBet,2.22,1.56,,0.0,0.0,Superbet.br,5.85,LuvaBet,5.71,LuvaBet,6.19,LuvaBet,6.67,LuvaBet,9.04,LuvaBet,12.0,LuvaBet,11.0,LuvaBet,14.0,LuvaBet,25.0,BateuBet,21.0,BateuBet,36.0,BateuBet,26.0,BateuBet,36.0,BateuBet,41.0,LuvaBet,49.0,,0.0,0.0,,0.0,0.0,,0.0,0.0,,0.0,0.0,,0.0,0.0,,0.0,0.0,,0.0,0.0,,0.0,0.0,,0.0,0.0,,0.0,0.0,,0.0,0.0,0.0,,0.0,0.0,0.0,,0.0,0.0,0.0,,0.0,0.0,0.0,,0.0,0.0,0.0,,0.0,0.0,0.0,,,,,,,,,,,,,,,,,,,,,,,,,,,,,,,,,,,,,,,,,,,,,,,,,,,,,,,,,,,,,,,,,,,,,,,,,,,,,,,,,,,,,,,,,,,,,,,,,,,,,,,,,,,,,,,,,,,,,,,,,,,,,,,,,,,,,,,,,,,,,,,,,,,,,,,,,,,,,,,,,,,,,,,,,,,,,,,,,,,,,,,,,,,,,,,,,,,,,,,,,,,,,Liga FUTVE 2,Ec90yuCn
pdAO8Inf,VENEZUELA,2025,VENEZUELA 2,VENEZUELA 2,16/11/2025,19:00,Final,Trujillanos,ddwscmEO,Titanes,6eug9B26,False,2,1,2.0,2.0,1.0,4.0,2.0,"[68, 90]",[79],Betfair,4.5,2.1,2.3,Betano.br,4.65,2.42,2.0,Betfair,4.33,3.4,1.67,Betfair,1.36,2.88,Betfair,3.0,1.33,Betfair,8.0,1.05,,0.0,0.0,Sportingbet.br,2.25,1.55,,0.0,0.0,Betfair,1.03,9.0,Betfair,1.3,3.2,Betfair,2.0,1.73,Betfair,3.8,1.22,Betfair,7.5,1.06,Betfair,1.95,1.73,,0.0,0.0,,0.0,0.0,LuvaBet,2.03,1.21,1.11,Sportingbet.br,1.51,1.68,1.16,Sportingbet.br,1.65,1.5,1.18,BR4Bet,3.33,1.28,Betano.br,2.75,1.32,Betano.br,2.85,1.3,Betfair,2.7,13.0,41.0,4.5,5.0,9.5,21.0,13.0,7.5,LuvaBet,1.9,1.8,LuvaBet,2.12,1.61,,0.0,0.0,Betfair,9.0,Betfair,5.5,Betfair,9.5,Betfair,6.0,Betfair,7.0,Betfair,19.0,Betfair,7.5,Betfair,13.0,Betfair,13.0,Betfair,12.0,Betfair,67.0,Betfair,13.0,Betfair,41.0,Betfair,23.0,Betfair,46.0,,0.0,0.0,,0.0,0.0,,0.0,0.0,,0.0,0.0,,0.0,0.0,,0.0,0.0,Betboom.br,1.5,2.31,Betboom.br,1.31,2.95,Betboom.br,1.15,4.4,Betboom.br,1.11,4.8,,0.0,0.0,0.0,,0.0,0.0,0.0,Novibet,0.0,3.4,3.25,Novibet,1.89,0.0,0.0,,0.0,0.0,0.0,,0.0,0.0,0.0,,,,,,,,,,,,,,,,,,,,,,,,,,,,,,,,,,,,,,,,,,,,,,,,,,,,,,,,,,,,,,,,,,,,,,,,,,,,,,,,,,,,,,,,,,,,,,,,,,,,,,,,,,,,,,,,,,,,,,,,,,,,,,,,,,,,,,,,,,,,,,,,,,,,,,,,,,,,,,,,,,,,,,,,,,,,,,,,,,,,,,,,,,,,,,,,,,,,,,,,,,,,,Liga FUTVE 2,Ec90yuCn
rFpt9134,VENEZUELA,2025,VENEZUELA 2,VENEZUELA 2,27/09/2025,19:30,Round 27,Frontera,4AqkWAQI,Trujillanos,ddwscmEO,False,3,0,,,,,,"[18, 61, 85]",[],Betnacional,4.25,2.05,2.65,Betnacional,3.7,2.45,2.4,Betnacional,3.45,3.3,1.95,Sportingbet.br,1.42,2.65,Betnacional,2.9,1.32,Betnacional,6.25,1.06,Betnacional,1.25,3.15,Betnacional,2.2,1.5,Betnacional,4.45,1.12,Betnacional,1.06,6.5,Sportingbet.br,1.34,3.0,Superbet.br,2.07,1.66,Betnacional,3.5,1.22,Betnacional,6.25,1.07,Betnacional,1.9,1.8,Betnacional,4.6,1.15,Betnacional,3.65,1.22,Betano.br,1.72,1.29,1.27,Sportingbet.br,1.41,1.68,1.23,Sportingbet.br,1.5,1.51,1.26,Novibet,2.4,1.51,Novibet,2.25,1.55,Betnacional,2.3,1.52,Sportingbet.br,5.75,15.0,28.0,7.75,5.0,5.25,40.0,14.5,3.4,Goldebet,1.9,1.8,Betnacional,2.06,1.65,Betnacional,1.94,1.74,Betnacional,8.91,Betnacional,9.17,Betnacional,6.68,Betnacional,5.99,Betnacional,17.06,Betnacional,9.0,Betnacional,11.68,Betnacional,8.5,Betnacional,14.94,Betnacional,47.76,Betnacional,18.08,Betnacional,32.56,Betnacional,17.06,Betnacional,44.18,Betnacional,31.93,,0.0,0.0,,0.0,0.0,,0.0,0.0,,0.0,0.0,Betnacional,3.2,1.27,Betnacional,1.7,1.95,Betnacional,1.31,2.79,Betnacional,1.22,3.5,,0.0,0.0,,0.0,0.0,Betnacional,0.0,0.0,18.46,Betnacional,18.82,8.03,8.54,Betnacional,7.74,4.8,3.81,Betnacional,1.69,3.74,1.28,Betnacional,1.21,5.57,1.06,Betnacional,1.05,8.88,0.0,,,,,,,,,,,,,,,,,,,,,,,,,,,,,,,,,,,,,,,,,,,,,,,,,,,,,,,,,,,,,,,,,,,,,,,,,,,,,,,,,,,,,,,,,,,,,,,,,,,,,,,,,,,,,,,,,,,,,,,,,,,,,,,,,,,,,,,,,,,,,,,,,,,,,,,,,,,,,,,,,,,,,,,,,,,,,,,,,,,,,,,,,,,,,,,,,,,,,,,,,,,,,Liga FUTVE 2,Ec90yuCn
80WBuPwf,VENEZUELA,2025,VENEZUELA 2,VENEZUELA 2,11/10/2025,19:30,Quarter-finals,Frontera,4AqkWAQI,Trujillanos,ddwscmEO,False,0,1,1.0,,,,,[],[22],Sportingbet.br,4.0,1.93,2.8,Sportingbet.br,3.7,2.2,2.5,Sportingbet.br,3.25,3.0,2.05,Esportivabet,1.4,2.6,Betano.br,3.2,1.27,Betano.br,7.3,1.04,,0.0,0.0,Sportingbet.br,2.45,1.47,,0.0,0.0,,0.0,0.0,Esportivabet,1.35,2.9,BR4Bet,2.3,1.5,Sportingbet.br,4.33,1.19,,0.0,0.0,BateuBet,2.05,1.66,,0.0,0.0,,0.0,0.0,Sportingbet.br,1.66,1.34,1.29,Sportingbet.br,1.38,1.75,1.21,Sportingbet.br,1.46,1.58,1.24,LuvaBet,2.3,1.5,Lotogreen,2.15,1.57,Betano.br,2.12,1.55,Sportingbet.br,6.0,16.0,32.0,7.61,4.76,5.33,45.0,16.0,3.6,LuvaBet,1.95,1.76,Sportingbet.br,2.15,1.62,,0.0,0.0,LuvaBet,8.0,LuvaBet,8.71,LuvaBet,7.01,LuvaBet,6.58,Betano.br,16.5,Betano.br,9.75,LuvaBet,12.0,LuvaBet,10.0,LuvaBet,17.0,Betano.br,45.0,Betano.br,22.0,Betano.br,35.0,Betano.br,22.0,Betano.br,50.0,Betano.br,40.0,,0.0,0.0,,0.0,0.0,,0.0,0.0,,0.0,0.0,,0.0,0.0,Lotogreen,1.55,2.1,,0.0,0.0,,0.0,0.0,,0.0,0.0,,0.0,0.0,,0.0,0.0,0.0,,0.0,0.0,0.0,,0.0,0.0,0.0,,0.0,0.0,0.0,,0.0,0.0,0.0,,0.0,0.0,0.0,,,,,,,,,,,,,,,,,,,,,,,,,,,,,,,,,,,,,,,,,,,,,,,,,,,,,,,,,,,,,,,,,,,,,,,,,,,,,,,,,,,,,,,,,,,,,,,,,,,,,,,,,,,,,,,,,,,,,,,,,,,,,,,,,,,,,,,,,,,,,,,,,,,,,,,,,,,,,,,,,,,,,,,,,,,,,,,,,,,,,,,,,,,,,,,,,,,,,,,,,,,,,Liga FUTVE 2,Ec90yuCn
lz8u3ZYq,VENEZUELA,2025,VENEZUELA 2,VENEZUELA 2,03/09/2025,19:30,Round 23,Puerto Cabello B,jmA1Pu7j,El Vigia,OYcssXWF,False,1,2,,,,,,[],[],,0.0,0.0,0.0,,0.0,0.0,0.0,,0.0,0.0,0.0,,0.0,0.0,,0.0,0.0,,0.0,0.0,,0.0,0.0,,0.0,0.0,,0.0,0.0,,0.0,0.0,,0.0,0.0,,0.0,0.0,,0.0,0.0,,0.0,0.0,,0.0,0.0,,0.0,0.0,,0.0,0.0,,0.0,0.0,0.0,,0.0,0.0,0.0,,0.0,0.0,0.0,,0.0,0.0,,0.0,0.0,,0.0,0.0,,0.0,0.0,0.0,0.0,0.0,0.0,0.0,0.0,0.0,,0.0,0.0,,0.0,0.0,,0.0,0.0,,0.0,,0.0,,0.0,,0.0,,0.0,,0.0,,0.0,,0.0,,0.0,,0.0,,0.0,,0.0,,0.0,,0.0,,0.0,,0.0,0.0,,0.0,0.0,,0.0,0.0,,0.0,0.0,,0.0,0.0,,0.0,0.0,,0.0,0.0,,0.0,0.0,,0.0,0.0,,0.0,0.0,,0.0,0.0,0.0,,0.0,0.0,0.0,,0.0,0.0,0.0,,0.0,0.0,0.0,,0.0,0.0,0.0,,0.0,0.0,0.0,,,,,,,,,,,,,,,,,,,,,,,,,,,,,,,,,,,,,,,,,,,,,,,,,,,,,,,,,,,,,,,,,,,,,,,,,,,,,,,,,,,,,,,,,,,,,,,,,,,,,,,,,,,,,,,,,,,,,,,,,,,,,,,,,,,,,,,,,,,,,,,,,,,,,,,,,,,,,,,,,,,,,,,,,,,,,,,,,,,,,,,,,,,,,,,,,,,,,,,,,,,,,Liga FUTVE 2,Ec90yuCn
Gpb1jthC,VENEZUELA,2025,VENEZUELA 2,VENEZUELA 2,12/10/2025,20:00,Quarter-finals,Aragua,CbfwrDH9,Miranda,bqdjykPk,False,0,0,1.0,,,,,[],[],Betfair,3.5,1.91,3.4,Novibet,3.3,2.04,2.95,Betfair,2.55,2.75,2.63,Betfair,1.5,2.4,Betfair,3.8,1.22,Betfair,10.0,1.02,,0.0,0.0,Sportingbet.br,2.75,1.39,,0.0,0.0,Betfair,1.07,7.0,Betfair,1.5,2.4,Betfair,2.6,1.44,Betfair,5.5,1.11,Betfair,11.0,1.01,Betfair,2.05,1.67,,0.0,0.0,,0.0,0.0,Sportingbet.br,1.49,1.37,1.38,Sportingbet.br,1.29,1.85,1.24,Sportingbet.br,1.35,1.65,1.29,Goldebet,2.1,1.66,Novibet,1.93,1.74,Betano.br,1.88,1.7,Betfair,4.5,13.0,31.0,6.0,4.2,6.0,31.0,13.0,4.5,Goldebet,1.95,1.75,Sportingbet.br,2.2,1.58,,0.0,0.0,Betfair,6.5,Betfair,6.0,Betfair,6.0,Betfair,5.5,Betfair,11.0,Betfair,11.0,Betfair,9.0,Betfair,9.5,Betfair,15.0,Betfair,26.0,Betfair,26.0,Betfair,23.0,Betfair,23.0,Betfair,46.0,Betfair,46.0,,0.0,0.0,,0.0,0.0,,0.0,0.0,,0.0,0.0,,0.0,0.0,,0.0,0.0,,0.0,0.0,,0.0,0.0,,0.0,0.0,,0.0,0.0,,0.0,0.0,0.0,,0.0,0.0,0.0,,0.0,0.0,0.0,,0.0,0.0,0.0,,0.0,0.0,0.0,,0.0,0.0,0.0,,,,,,,,,,,,,,,,,,,,,,,,,,,,,,,,,,,,,,,,,,,,,,,,,,,,,,,,,,,,,,,,,,,,,,,,,,,,,,,,,,,,,,,,,,,,,,,,,,,,,,,,,,,,,,,,,,,,,,,,,,,,,,,,,,,,,,,,,,,,,,,,,,,,,,,,,,,,,,,,,,,,,,,,,,,,,,,,,,,,,,,,,,,,,,,,,,,,,,,,,,,,,Liga FUTVE 2,Ec90yuCn
dxT0AHtA,VENEZUELA,2025,VENEZUELA 2,VENEZUELA 2,31/08/2025,19:00,Round 22,Bolivar,KpRwCxzH,Mineros,nHA4pAGL,False,0,0,,,,,,[],[],,0.0,0.0,0.0,,0.0,0.0,0.0,,0.0,0.0,0.0,,0.0,0.0,,0.0,0.0,,0.0,0.0,,0.0,0.0,,0.0,0.0,,0.0,0.0,,0.0,0.0,,0.0,0.0,,0.0,0.0,,0.0,0.0,,0.0,0.0,,0.0,0.0,,0.0,0.0,,0.0,0.0,,0.0,0.0,0.0,,0.0,0.0,0.0,,0.0,0.0,0.0,,0.0,0.0,,0.0,0.0,,0.0,0.0,,0.0,0.0,0.0,0.0,0.0,0.0,0.0,0.0,0.0,,0.0,0.0,,0.0,0.0,,0.0,0.0,,0.0,,0.0,,0.0,,0.0,,0.0,,0.0,,0.0,,0.0,,0.0,,0.0,,0.0,,0.0,,0.0,,0.0,,0.0,,0.0,0.0,,0.0,0.0,,0.0,0.0,,0.0,0.0,,0.0,0.0,,0.0,0.0,,0.0,0.0,,0.0,0.0,,0.0,0.0,,0.0,0.0,,0.0,0.0,0.0,,0.0,0.0,0.0,,0.0,0.0,0.0,,0.0,0.0,0.0,,0.0,0.0,0.0,,0.0,0.0,0.0,,,,,,,,,,,,,,,,,,,,,,,,,,,,,,,,,,,,,,,,,,,,,,,,,,,,,,,,,,,,,,,,,,,,,,,,,,,,,,,,,,,,,,,,,,,,,,,,,,,,,,,,,,,,,,,,,,,,,,,,,,,,,,,,,,,,,,,,,,,,,,,,,,,,,,,,,,,,,,,,,,,,,,,,,,,,,,,,,,,,,,,,,,,,,,,,,,,,,,,,,,,,,Liga FUTVE 2,Ec90yuCn
UkR88eBM,VENEZUELA,2025,VENEZUELA 2,VENEZUELA 2,31/08/2025,19:30,Round 22,Monagas B,z1jpHUsI,Angostura,IZnAvh6K,False,3,2,,,,,,[],[],,0.0,0.0,0.0,,0.0,0.0,0.0,,0.0,0.0,0.0,,0.0,0.0,,0.0,0.0,,0.0,0.0,,0.0,0.0,,0.0,0.0,,0.0,0.0,,0.0,0.0,,0.0,0.0,,0.0,0.0,,0.0,0.0,,0.0,0.0,,0.0,0.0,,0.0,0.0,,0.0,0.0,,0.0,0.0,0.0,,0.0,0.0,0.0,,0.0,0.0,0.0,,0.0,0.0,,0.0,0.0,,0.0,0.0,,0.0,0.0,0.0,0.0,0.0,0.0,0.0,0.0,0.0,,0.0,0.0,,0.0,0.0,,0.0,0.0,,0.0,,0.0,,0.0,,0.0,,0.0,,0.0,,0.0,,0.0,,0.0,,0.0,,0.0,,0.0,,0.0,,0.0,,0.0,,0.0,0.0,,0.0,0.0,,0.0,0.0,,0.0,0.0,,0.0,0.0,,0.0,0.0,,0.0,0.0,,0.0,0.0,,0.0,0.0,,0.0,0.0,,0.0,0.0,0.0,,0.0,0.0,0.0,,0.0,0.0,0.0,,0.0,0.0,0.0,,0.0,0.0,0.0,,0.0,0.0,0.0,,,,,,,,,,,,,,,,,,,,,,,,,,,,,,,,,,,,,,,,,,,,,,,,,,,,,,,,,,,,,,,,,,,,,,,,,,,,,,,,,,,,,,,,,,,,,,,,,,,,,,,,,,,,,,,,,,,,,,,,,,,,,,,,,,,,,,,,,,,,,,,,,,,,,,,,,,,,,,,,,,,,,,,,,,,,,,,,,,,,,,,,,,,,,,,,,,,,,,,,,,,,,Liga FUTVE 2,Ec90yuCn
M3dofOhm,VENEZUELA,2025,VENEZUELA 2,VENEZUELA 2,10/10/2025,23:00,Quarter-finals,Dynamo Puerto,IRzKqzlk,Maritimo,0CATV9mo,False,1,0,1.0,,,,,[64],[],Betfair,3.75,1.91,3.0,Sportingbet.br,3.3,2.1,2.85,Betfair,3.0,3.0,2.1,Betfair,1.45,2.55,Betfair,3.3,1.29,Betfair,9.0,1.03,,0.0,0.0,Sportingbet.br,2.65,1.41,,0.0,0.0,Betfair,1.06,7.5,Betfair,1.4,2.75,Betfair,2.4,1.5,Betfair,4.8,1.14,Betfair,9.0,1.03,Betfair,2.0,1.7,Superbet.br,5.15,1.12,,0.0,0.0,Sportingbet.br,1.51,1.35,1.38,Sportingbet.br,1.32,1.75,1.25,Sportingbet.br,1.37,1.62,1.29,Novibet,1.97,1.73,Novibet,1.93,1.74,Betano.br,1.88,1.7,Betfair,5.0,13.0,23.0,7.0,4.33,5.5,31.0,13.0,3.75,LuvaBet,1.92,1.78,LuvaBet,2.12,1.61,,0.0,0.0,Betfair,7.0,Betfair,7.0,Betfair,6.0,Betfair,5.5,Betfair,13.0,Betfair,9.0,Betfair,10.0,Betfair,8.5,Betfair,13.0,Betfair,31.0,Betfair,19.0,Betfair,26.0,Betfair,19.0,Betfair,41.0,Betfair,34.0,,0.0,0.0,,0.0,0.0,,0.0,0.0,,0.0,0.0,BateuBet,2.52,1.38,BateuBet,1.37,2.54,,0.0,0.0,,0.0,0.0,,0.0,0.0,,0.0,0.0,,0.0,0.0,0.0,,0.0,0.0,0.0,,0.0,0.0,0.0,,0.0,0.0,0.0,,0.0,0.0,0.0,,0.0,0.0,0.0,,,,,,,,,,,,,,,,,,,,,,,,,,,,,,,,,,,,,,,,,,,,,,,,,,,,,,,,,,,,,,,,,,,,,,,,,,,,,,,,,,,,,,,,,,,,,,,,,,,,,,,,,,,,,,,,,,,,,,,,,,,,,,,,,,,,,,,,,,,,,,,,,,,,,,,,,,,,,,,,,,,,,,,,,,,,,,,,,,,,,,,,,,,,,,,,,,,,,,,,,,,,,Liga FUTVE 2,Ec90yuCn
GbLSJCCk,VENEZUELA,2025,VENEZUELA 2,VENEZUELA 2,26/10/2025,19:30,Semi-finals,Titanes,6eug9B26,Miranda,bqdjykPk,False,3,0,1.0,,,,,"[45, 62, 89]",[],Bet7k,3.09,1.93,3.65,Sportingbet.br,2.87,2.1,3.3,Lotogreen,2.71,2.3,3.25,Novibet,1.46,2.45,Lotogreen,2.66,1.36,,0.0,0.0,,0.0,0.0,Sportingbet.br,2.65,1.42,,0.0,0.0,Superbet.br,1.08,5.35,Sportingbet.br,1.47,2.45,Superbet.br,2.47,1.44,Sportingbet.br,4.6,1.17,,0.0,0.0,Superbet.br,2.05,1.69,,0.0,0.0,,0.0,0.0,Betano.br,1.36,1.3,1.5,Sportingbet.br,1.24,1.82,1.3,Sportingbet.br,1.29,1.63,1.36,Lotogreen,1.7,2.05,Novibet,1.73,1.94,Betano.br,1.67,1.93,Betano.br,4.7,14.5,32.0,6.1,4.4,5.2,40.0,14.5,3.8,Lotogreen,2.2,1.6,Sportingbet.br,2.2,1.58,,0.0,0.0,LuvaBet,7.7,LuvaBet,8.19,LuvaBet,6.74,LuvaBet,6.74,Lotogreen,14.0,Lotogreen,11.0,LuvaBet,13.0,LuvaBet,11.0,LuvaBet,18.0,Lotogreen,31.0,Lotogreen,21.0,Lotogreen,26.0,Lotogreen,21.0,Lotogreen,41.0,Lotogreen,41.0,,0.0,0.0,,0.0,0.0,LuvaBet,4.67,1.14,,0.0,0.0,,0.0,0.0,,0.0,0.0,,0.0,0.0,,0.0,0.0,,0.0,0.0,,0.0,0.0,,0.0,0.0,0.0,,0.0,0.0,0.0,,0.0,0.0,0.0,,0.0,0.0,0.0,,0.0,0.0,0.0,,0.0,0.0,0.0,,,,,,,,,,,,,,,,,,,,,,,,,,,,,,,,,,,,,,,,,,,,,,,,,,,,,,,,,,,,,,,,,,,,,,,,,,,,,,,,,,,,,,,,,,,,,,,,,,,,,,,,,,,,,,,,,,,,,,,,,,,,,,,,,,,,,,,,,,,,,,,,,,,,,,,,,,,,,,,,,,,,,,,,,,,,,,,,,,,,,,,,,,,,,,,,,,,,,,,,,,,,,Liga FUTVE 2,Ec90yuCn
AuBZgddT,VENEZUELA,2025,VENEZUELA 2,VENEZUELA 2,30/08/2025,19:30,Round 22,Miranda,bqdjykPk,Dynamo Puerto,IRzKqzlk,False,1,1,,,,,,[],[],,0.0,0.0,0.0,,0.0,0.0,0.0,,0.0,0.0,0.0,,0.0,0.0,,0.0,0.0,,0.0,0.0,,0.0,0.0,,0.0,0.0,,0.0,0.0,,0.0,0.0,,0.0,0.0,,0.0,0.0,,0.0,0.0,,0.0,0.0,,0.0,0.0,,0.0,0.0,,0.0,0.0,,0.0,0.0,0.0,,0.0,0.0,0.0,,0.0,0.0,0.0,,0.0,0.0,,0.0,0.0,,0.0,0.0,,0.0,0.0,0.0,0.0,0.0,0.0,0.0,0.0,0.0,,0.0,0.0,,0.0,0.0,,0.0,0.0,,0.0,,0.0,,0.0,,0.0,,0.0,,0.0,,0.0,,0.0,,0.0,,0.0,,0.0,,0.0,,0.0,,0.0,,0.0,,0.0,0.0,,0.0,0.0,,0.0,0.0,,0.0,0.0,,0.0,0.0,,0.0,0.0,,0.0,0.0,,0.0,0.0,,0.0,0.0,,0.0,0.0,,0.0,0.0,0.0,,0.0,0.0,0.0,,0.0,0.0,0.0,,0.0,0.0,0.0,,0.0,0.0,0.0,,0.0,0.0,0.0,,,,,,,,,,,,,,,,,,,,,,,,,,,,,,,,,,,,,,,,,,,,,,,,,,,,,,,,,,,,,,,,,,,,,,,,,,,,,,,,,,,,,,,,,,,,,,,,,,,,,,,,,,,,,,,,,,,,,,,,,,,,,,,,,,,,,,,,,,,,,,,,,,,,,,,,,,,,,,,,,,,,,,,,,,,,,,,,,,,,,,,,,,,,,,,,,,,,,,,,,,,,,Liga FUTVE 2,Ec90yuCn
zZbtx8S6,VENEZUELA,2025,VENEZUELA 2,VENEZUELA 2,24/08/2025,20:00,Round 21,Aragua,CbfwrDH9,Mineros,nHA4pAGL,False,0,0,,,,,,[],[],,0.0,0.0,0.0,,0.0,0.0,0.0,,0.0,0.0,0.0,,0.0,0.0,,0.0,0.0,,0.0,0.0,,0.0,0.0,,0.0,0.0,,0.0,0.0,,0.0,0.0,,0.0,0.0,,0.0,0.0,,0.0,0.0,,0.0,0.0,,0.0,0.0,,0.0,0.0,,0.0,0.0,,0.0,0.0,0.0,,0.0,0.0,0.0,,0.0,0.0,0.0,,0.0,0.0,,0.0,0.0,,0.0,0.0,,0.0,0.0,0.0,0.0,0.0,0.0,0.0,0.0,0.0,,0.0,0.0,,0.0,0.0,,0.0,0.0,,0.0,,0.0,,0.0,,0.0,,0.0,,0.0,,0.0,,0.0,,0.0,,0.0,,0.0,,0.0,,0.0,,0.0,,0.0,,0.0,0.0,,0.0,0.0,,0.0,0.0,,0.0,0.0,,0.0,0.0,,0.0,0.0,,0.0,0.0,,0.0,0.0,,0.0,0.0,,0.0,0.0,,0.0,0.0,0.0,,0.0,0.0,0.0,,0.0,0.0,0.0,,0.0,0.0,0.0,,0.0,0.0,0.0,,0.0,0.0,0.0,,,,,,,,,,,,,,,,,,,,,,,,,,,,,,,,,,,,,,,,,,,,,,,,,,,,,,,,,,,,,,,,,,,,,,,,,,,,,,,,,,,,,,,,,,,,,,,,,,,,,,,,,,,,,,,,,,,,,,,,,,,,,,,,,,,,,,,,,,,,,,,,,,,,,,,,,,,,,,,,,,,,,,,,,,,,,,,,,,,,,,,,,,,,,,,,,,,,,,,,,,,,,Liga FUTVE 2,Ec90yuCn
W0hkzncJ,VENEZUELA,2025,VENEZUELA 2,VENEZUELA 2,24/08/2025,20:00,Round 21,Urena,x6MdZOGO,Barquisimeto,4rp8eIDa,False,1,1,,,,,,[],[],,0.0,0.0,0.0,,0.0,0.0,0.0,,0.0,0.0,0.0,,0.0,0.0,,0.0,0.0,,0.0,0.0,,0.0,0.0,,0.0,0.0,,0.0,0.0,,0.0,0.0,,0.0,0.0,,0.0,0.0,,0.0,0.0,,0.0,0.0,,0.0,0.0,,0.0,0.0,,0.0,0.0,,0.0,0.0,0.0,,0.0,0.0,0.0,,0.0,0.0,0.0,,0.0,0.0,,0.0,0.0,,0.0,0.0,,0.0,0.0,0.0,0.0,0.0,0.0,0.0,0.0,0.0,,0.0,0.0,,0.0,0.0,,0.0,0.0,,0.0,,0.0,,0.0,,0.0,,0.0,,0.0,,0.0,,0.0,,0.0,,0.0,,0.0,,0.0,,0.0,,0.0,,0.0,,0.0,0.0,,0.0,0.0,,0.0,0.0,,0.0,0.0,,0.0,0.0,,0.0,0.0,,0.0,0.0,,0.0,0.0,,0.0,0.0,,0.0,0.0,,0.0,0.0,0.0,,0.0,0.0,0.0,,0.0,0.0,0.0,,0.0,0.0,0.0,,0.0,0.0,0.0,,0.0,0.0,0.0,,,,,,,,,,,,,,,,,,,,,,,,,,,,,,,,,,,,,,,,,,,,,,,,,,,,,,,,,,,,,,,,,,,,,,,,,,,,,,,,,,,,,,,,,,,,,,,,,,,,,,,,,,,,,,,,,,,,,,,,,,,,,,,,,,,,,,,,,,,,,,,,,,,,,,,,,,,,,,,,,,,,,,,,,,,,,,,,,,,,,,,,,,,,,,,,,,,,,,,,,,,,,Liga FUTVE 2,Ec90yuCn
newVcTTP,VENEZUELA,2025,VENEZUELA 2,VENEZUELA 2,04/10/2025,19:30,Round 28,Miranda,bqdjykPk,Bolivar,KpRwCxzH,False,3,2,,,,,,"[51, 88, 90]","[63, 66]",Jogo de Ouro,6.0,1.27,5.25,Novibet,2.75,2.5,2.75,Jogo de Ouro,46.0,5.0,1.1,Jogo de Ouro,4.0,1.18,Jogo de Ouro,2.66,1.37,LuvaBet,5.46,1.1,Betnacional,1.17,3.76,Betnacional,1.88,1.7,Betnacional,3.62,1.19,LuvaBet,1.02,9.38,LuvaBet,1.21,3.81,Jogo de Ouro,1.24,3.5,Jogo de Ouro,3.0,1.32,LuvaBet,4.86,1.13,LuvaBet,1.65,2.1,Betnacional,3.58,1.19,Betnacional,2.87,1.3,Jogo de Ouro,4.66,1.08,1.0,Novibet,1.3,1.57,1.3,Betnacional,1.35,1.36,1.34,Jogo de Ouro,9.5,1.0,Jogo de Ouro,1.92,1.72,Betnacional,1.8,1.78,Betnacional,4.03,16.04,28.34,6.05,7.02,6.18,28.64,16.02,4.0,Jogo de Ouro,1.26,3.4,Betnacional,2.01,1.69,Betnacional,1.9,1.78,Betnacional,12.59,Betnacional,8.86,Betnacional,8.79,Betnacional,6.8,Betnacional,12.54,Betnacional,12.32,Betnacional,8.95,Betnacional,8.87,Betnacional,13.47,Betnacional,26.56,Jogo de Ouro,31.0,Betnacional,18.87,Betnacional,18.53,Betnacional,26.59,Betnacional,26.35,,0.0,0.0,,0.0,0.0,LuvaBet,4.56,1.15,LuvaBet,3.71,1.22,Jogo de Ouro,2.62,1.35,Jogo de Ouro,4.66,1.1,LuvaBet,1.22,3.71,LuvaBet,1.15,4.56,,0.0,0.0,,0.0,0.0,Betnacional,21.44,9.69,21.71,Betnacional,10.97,6.49,10.71,Jogo de Ouro,6.33,4.0,5.75,Jogo de Ouro,4.66,1.31,1.35,Betnacional,1.15,6.42,1.14,Betnacional,1.03,9.73,1.03,,,,,,,,,,,,,,,,,,,,,,,,,,,,,,,,,,,,,,,,,,,,,,,,,,,0.0,1.0,,,,,,,,,,,,,,,,,,,,,,,,,,,,,,,,,,,,,,,,,,,,,,,,,,,,,,,,,,,,,,,,,,,,,,,,,,,,,,,,,,,,,,,,,,,,,,,,,,,,,,,,,,,,,,,,,,,,,,,,,,,,,,,,,,,,,,,0.0,1.0,,,,,,,,,,,,,,,,,Liga FUTVE 2,Ec90yuCn
dC1EttN5,VENEZUELA,2025,VENEZUELA 2,VENEZUELA 2,14/09/2025,19:00,Round 25,Bolivar,KpRwCxzH,Aragua,CbfwrDH9,False,1,0,,,,,,[68],[],Novibet,3.2,1.77,4.1,LuvaBet,2.65,2.17,3.55,Betboom.br,2.3,2.95,3.25,BateuBet,1.45,2.4,LuvaBet,3.6,1.25,,0.0,0.0,LuvaBet,1.35,2.85,LuvaBet,2.65,1.4,Betnacional,5.3,1.07,LuvaBet,1.1,5.43,Superbet.br,1.44,2.5,LuvaBet,2.42,1.43,LuvaBet,4.77,1.11,,0.0,0.0,Betboom.br,2.17,1.61,Betnacional,4.78,1.1,Betnacional,3.9,1.16,Sportingbet.br,1.33,1.34,1.6,Novibet,1.22,1.83,1.3,Sportingbet.br,1.26,1.6,1.42,BateuBet,1.6,2.2,Betano.br,1.62,2.18,Betano.br,1.65,2.15,Betnacional,3.76,15.85,46.88,5.2,4.1,6.9,36.78,16.47,5.7,LuvaBet,1.91,1.79,LuvaBet,2.22,1.61,LuvaBet,2.03,1.67,Betano.br,6.8,LuvaBet,5.72,LuvaBet,7.63,LuvaBet,6.2,Betnacional,9.29,Betnacional,14.69,LuvaBet,10.0,Betnacional,12.33,Betnacional,19.12,Betnacional,22.92,Betnacional,46.03,Betnacional,24.21,Betnacional,38.53,Betnacional,50.9,Betnacional,64.3,,0.0,0.0,,0.0,0.0,,0.0,0.0,LuvaBet,3.76,1.21,Betnacional,2.13,1.54,Betnacional,1.29,2.88,,0.0,0.0,,0.0,0.0,,0.0,0.0,,0.0,0.0,Betnacional,25.31,9.6,0.0,Betnacional,11.92,6.11,20.4,Betnacional,4.79,3.71,7.85,Betnacional,1.3,4.43,1.56,Betnacional,1.06,7.8,1.15,Betnacional,0.0,0.0,1.02,,,,,,,,,,,,,,,,,,,,,,,,,,,,,,,,,,,,,,,,,,,,,,,,,,,1.0,0.0,,,,,,,,,,,,,,,,,,,,,,,,,,,,,,,,,,,,,,,,,,,,,,,,,,,,,,,,,,,,,,,,,,,,,,,,,,,,,,,,,,,,,,,,,,,,,,,,,,,,,,,,,,,,,,,,,,,,,,,,,,,,,,,,,,,,,,,1.0,0.0,,,,,,,,,,,,,,,,,Liga FUTVE 2,Ec90yuCn
lSZOVO8m,VENEZUELA,2025,VENEZUELA 2,VENEZUELA 2,07/09/2025,20:00,Round 24,Aragua,CbfwrDH9,Dynamo Puerto,IRzKqzlk,False,1,1,,,,,,[32],[44],Betnacional,3.2,1.85,4.1,Betnacional,2.9,2.15,3.5,Betnacional,2.35,2.85,3.1,Sportingbet.br,1.58,2.2,LuvaBet,3.85,1.2,Betnacional,7.75,1.03,Sportingbet.br,1.4,2.7,Betnacional,2.75,1.32,Betnacional,5.8,1.05,LuvaBet,1.08,6.04,Sportingbet.br,1.57,2.25,Superbet.br,2.72,1.36,LuvaBet,5.53,1.1,Betnacional,8.25,1.02,Superbet.br,2.32,1.54,Betnacional,5.6,1.1,Betnacional,4.6,1.14,Betano.br,1.33,1.34,1.55,Sportingbet.br,1.23,1.83,1.31,Sportingbet.br,1.27,1.65,1.37,Lotogreen,1.66,2.1,Betano.br,1.7,2.02,Betano.br,1.72,2.05,LuvaBet,4.3,16.0,45.0,5.6,4.02,6.22,40.0,16.0,5.1,Goldebet,1.92,1.78,Betnacional,2.21,1.57,Betnacional,2.0,1.7,Betano.br,5.8,LuvaBet,5.7,LuvaBet,6.65,LuvaBet,6.18,Betnacional,10.33,Betnacional,12.54,LuvaBet,12.0,LuvaBet,14.0,LuvaBet,22.0,Betnacional,28.37,Lotogreen,41.0,Betnacional,29.17,Lotogreen,36.0,Betnacional,59.7,Betnacional,65.9,,0.0,0.0,,0.0,0.0,Betnacional,4.7,1.12,LuvaBet,4.61,1.15,Betnacional,2.3,1.52,Betnacional,1.32,2.9,LuvaBet,1.09,5.76,Betnacional,1.07,6.25,,0.0,0.0,,0.0,0.0,Betnacional,29.59,9.92,0.0,Betnacional,14.64,6.59,18.36,Betnacional,5.63,3.81,6.93,Betnacional,1.37,4.11,1.47,Betnacional,1.08,7.31,1.11,Betnacional,0.0,0.0,1.01,,,,,,,,,,,,,,,,,,,,,,,,,,,,,,,,,,,,,,,,,,,,,,,,,,,,,,,,,,,,,,,,,,,,,,,,,,,,,,,,,,,,,,,,,,,,,,,,,,,,,,,,,,,,,,,,,,,,,,,,,,,,,,,,,,,,,,,,,,,,,,,,,,,,,,,,,,,,,,,,,,,,,,,,,,,,,,,,,,,,,,,,,,,,,,,,,,,,,,,,,,,,,Liga FUTVE 2,Ec90yuCn
ziWMFCIk,VENEZUELA,2025,VENEZUELA 2,VENEZUELA 2,03/09/2025,20:00,Round 23,Mineros,nHA4pAGL,Maritimo,0CATV9mo,False,1,1,,,,,,[15],[38],Betfair,3.25,1.91,3.5,Novibet,2.45,2.15,3.9,Betfair,2.45,3.0,2.55,Betfair,1.45,2.55,Betfair,3.6,1.25,Betfair,9.0,1.03,Betnacional,1.29,2.9,Sportingbet.br,2.6,1.43,Betnacional,5.0,1.09,Betfair,1.06,7.5,Betfair,1.44,2.6,Betfair,2.4,1.5,Betfair,4.8,1.14,Betfair,9.0,1.03,Betfair,2.0,1.7,Betnacional,4.54,1.11,Betnacional,3.68,1.18,Novibet,1.25,1.33,1.67,Sportingbet.br,1.27,1.78,1.29,Sportingbet.br,1.32,1.61,1.35,Novibet,1.45,2.55,Novibet,1.5,2.35,Betano.br,1.78,1.98,Betfair,4.2,13.0,26.0,6.0,4.33,6.5,26.0,13.0,4.5,LuvaBet,1.92,1.78,Sportingbet.br,2.15,1.61,Betnacional,1.97,1.72,Betfair,7.0,Betfair,6.0,Betfair,6.5,Betfair,5.5,Betfair,10.0,Betfair,11.0,Betfair,9.0,Betfair,9.5,Betfair,13.0,Betfair,23.0,Betfair,23.0,Betfair,21.0,Betfair,23.0,Betfair,34.0,Betfair,36.0,,0.0,0.0,,0.0,0.0,,0.0,0.0,,0.0,0.0,Betnacional,2.37,1.43,Betnacional,1.39,2.5,,0.0,0.0,,0.0,0.0,,0.0,0.0,,0.0,0.0,Betnacional,27.86,9.98,27.91,Betnacional,13.94,6.69,15.42,Betnacional,5.57,3.99,6.1,Betnacional,1.4,4.12,1.45,Betnacional,1.1,7.01,1.11,Betnacional,1.02,9.97,1.02,,,,,,,,,,,,,,,,,,,,,,,,,,,,,,,,,,,,,,,,,,,,,,,,,,,,,,,,,,,,,,,,,,,,,,,,,,,,,,,,,,,,,,,,,,,,,,,,,,,,,,,,,,,,,,,,,,,,,,,,,,,,,,,,,,,,,,,,,,,,,,,,,,,,,,,,,,,,,,,,,,,,,,,,,,,,,,,,,,,,,,,,,,,,,,,,,,,,,,,,,,,,,Liga FUTVE 2,Ec90yuCn
zDNSyswJ,VENEZUELA,2025,VENEZUELA 2,VENEZUELA 2,12/10/2025,19:30,Quarter-finals,Titanes,6eug9B26,Barquisimeto,4rp8eIDa,False,1,0,1.0,,,,,[32],[],Betfair,3.6,2.2,2.63,Sportingbet.br,3.6,2.55,2.2,Betfair,2.9,3.2,2.1,Betfair,1.29,3.3,Betfair,2.6,1.44,Betfair,7.0,1.07,,0.0,0.0,Sportingbet.br,1.9,1.78,,0.0,0.0,Betfair,1.01,11.0,Betfair,1.2,4.0,Betfair,1.75,1.95,Betfair,3.0,1.33,Betfair,5.5,1.11,Betfair,1.6,2.15,,0.0,0.0,,0.0,0.0,Superbet.br,1.83,1.21,1.2,Sportingbet.br,1.46,1.6,1.22,Sportingbet.br,1.58,1.44,1.25,Superbet.br,2.72,1.35,Novibet,2.3,1.52,Betano.br,2.3,1.47,Betfair,5.0,13.0,20.0,7.5,5.5,5.5,23.0,12.0,3.4,LuvaBet,1.92,1.78,LuvaBet,2.12,1.61,,0.0,0.0,Betfair,11.0,Betfair,9.0,Betfair,8.0,Betfair,6.0,Betfair,13.0,Betfair,9.5,Betfair,9.5,Betfair,7.5,Betfair,11.0,Betfair,36.0,Betfair,15.0,Betfair,21.0,Betfair,13.0,Betfair,23.0,Betfair,19.0,,0.0,0.0,,0.0,0.0,,0.0,0.0,,0.0,0.0,,0.0,0.0,LuvaBet,1.74,1.93,,0.0,0.0,,0.0,0.0,,0.0,0.0,,0.0,0.0,,0.0,0.0,0.0,,0.0,0.0,0.0,,0.0,0.0,0.0,,0.0,0.0,0.0,,0.0,0.0,0.0,,0.0,0.0,0.0,,,,,,,,,,,,,,,,,,,,,,,,,,,,,,,,,,,,,,,,,,,,,,,,,,,0.0,1.0,,,,,,,,,,,,,,,,,,,,,,,,,,,,,,,,,,,,,,,,,,,,,,,,,,,,,,,,,,,,,,,,,,,0.0,1.0,,,,,,,,,,,,,,,,,,,,,,,,,,,,,,,,,,,,,,,,,,,,,,,,,,,,,,,,,,,,,,,,,,,,,,,,,,,,,,,,,,,,,Liga FUTVE 2,Ec90yuCn
zP9kHPgf,VENEZUELA,2025,VENEZUELA 2,VENEZUELA 2,07/09/2025,19:30,Round 24,Frontera,4AqkWAQI,Titanes,6eug9B26,False,2,3,,,,,,"[20, 80]","[11, 63, 69]",Betnacional,3.7,2.15,2.75,Betnacional,3.25,2.4,2.65,Betboom.br,2.45,3.45,2.55,Sportingbet.br,1.38,2.8,Betano.br,3.15,1.27,Betano.br,7.3,1.04,Betnacional,1.25,3.1,Sportingbet.br,2.4,1.49,Betnacional,4.55,1.12,Betnacional,1.05,6.75,Betnacional,1.3,3.0,Betano.br,2.12,1.57,LuvaBet,3.77,1.21,Betnacional,5.8,1.08,Betboom.br,1.9,1.8,Superbet.br,4.3,1.16,Betnacional,3.6,1.22,Betnacional,1.55,1.27,1.3,Novibet,1.33,1.67,1.25,Sportingbet.br,1.37,1.55,1.33,Lotogreen,2.2,1.6,Novibet,2.03,1.67,Betnacional,2.05,1.65,LuvaBet,4.83,16.0,35.0,6.75,5.0,6.25,34.0,15.0,4.3,BR4Bet,1.92,1.78,Betnacional,2.08,1.64,Betnacional,1.94,1.74,Betnacional,8.31,LuvaBet,8.21,Betano.br,7.4,LuvaBet,6.76,Betnacional,13.92,Betano.br,12.0,LuvaBet,12.0,LuvaBet,11.0,LuvaBet,18.0,Lotogreen,36.0,Betano.br,28.0,Betnacional,27.2,Betano.br,24.0,Betnacional,40.9,Betano.br,40.0,,0.0,0.0,,0.0,0.0,Betnacional,5.6,1.08,LuvaBet,4.61,1.15,Betnacional,2.85,1.35,Superbet.br,1.42,2.4,LuvaBet,1.21,3.76,LuvaBet,1.14,4.66,,0.0,0.0,,0.0,0.0,Betnacional,0.0,0.0,22.75,Betnacional,15.51,7.32,10.93,Betnacional,6.36,4.41,4.66,Betnacional,1.53,3.95,1.36,Betnacional,1.15,6.22,1.09,Betnacional,1.03,9.61,0.0,,,,,,,,,,,,,,,,,,,,,,,,,,,,,,,,,,,,,,,,,,,,,,,,,,,,,,,,,,,,,,,,,,,,,,,,,,,,,,,,,,,,,,,,,,,,,,,,,,,,,,,,,,,,,,,,,,,,,,,,,,,,,,,,,,,,,,,,,,,,,,,,,,,,,,,,,,,,,,,,,,,,,,,,,,,,,,,,,,,,,,,,,,,,,,,,,,,,,,,,,,,,,Liga FUTVE 2,Ec90yuCn
6g7PujTs,VENEZUELA,2025,VENEZUELA 2,VENEZUELA 2,24/08/2025,19:30,Round 21,Trujillanos,ddwscmEO,Puerto Cabello B,jmA1Pu7j,False,0,0,,,,,,[],[],,0.0,0.0,0.0,,0.0,0.0,0.0,,0.0,0.0,0.0,,0.0,0.0,,0.0,0.0,,0.0,0.0,,0.0,0.0,,0.0,0.0,,0.0,0.0,,0.0,0.0,,0.0,0.0,,0.0,0.0,,0.0,0.0,,0.0,0.0,,0.0,0.0,,0.0,0.0,,0.0,0.0,,0.0,0.0,0.0,,0.0,0.0,0.0,,0.0,0.0,0.0,,0.0,0.0,,0.0,0.0,,0.0,0.0,,0.0,0.0,0.0,0.0,0.0,0.0,0.0,0.0,0.0,,0.0,0.0,,0.0,0.0,,0.0,0.0,,0.0,,0.0,,0.0,,0.0,,0.0,,0.0,,0.0,,0.0,,0.0,,0.0,,0.0,,0.0,,0.0,,0.0,,0.0,,0.0,0.0,,0.0,0.0,,0.0,0.0,,0.0,0.0,,0.0,0.0,,0.0,0.0,,0.0,0.0,,0.0,0.0,,0.0,0.0,,0.0,0.0,,0.0,0.0,0.0,,0.0,0.0,0.0,,0.0,0.0,0.0,,0.0,0.0,0.0,,0.0,0.0,0.0,,0.0,0.0,0.0,,,,,,,,,,,,,,,,,,,,,,,,,,,,,,,,,,,,,,,,,,,,,,,,,,,,,,,,,,,,,,,,,,,,,,,,,,,,,,,,,,,,,,,,,,,,,,,,,,,,,,,,,,,,,,,,,,,,,,,,,,,,,,,,,,,,,,,,,,,,,,,,,,,,,,,,,,,,,,,,,,,,,,,,,,,,,,,,,,,,,,,,,,,,,,,,,,,,,,,,,,,,,Liga FUTVE 2,Ec90yuCn
pvsc5J2T,VENEZUELA,2025,VENEZUELA 2,VENEZUELA 2,27/09/2025,19:30,Round 27,Urena,x6MdZOGO,El Vigia,OYcssXWF,False,1,0,,,,,,[36],[],Sportingbet.br,3.4,2.1,2.85,Sportingbet.br,3.1,2.37,2.6,Betano.br,2.7,3.35,2.27,Sportingbet.br,1.39,2.75,Sportingbet.br,2.7,1.4,,0.0,0.0,Betnacional,1.21,3.42,Sportingbet.br,2.15,1.61,Betnacional,4.02,1.15,,0.0,0.0,Sportingbet.br,1.31,3.1,Superbet.br,1.95,1.77,Superbet.br,3.2,1.26,,0.0,0.0,Superbet.br,1.77,1.95,Betnacional,3.84,1.16,Betnacional,3.08,1.26,Sportingbet.br,1.58,1.3,1.39,Sportingbet.br,1.36,1.65,1.28,Sportingbet.br,1.43,1.5,1.32,BR4Bet,2.05,1.7,Betnacional,1.92,1.67,Betano.br,1.91,1.7,Betnacional,4.69,14.89,31.0,6.62,5.07,6.61,33.69,14.61,4.6,Superbet.br,1.9,1.8,Sportingbet.br,2.05,1.68,Betnacional,1.92,1.75,Betnacional,9.78,Betnacional,8.73,Betnacional,7.8,Betnacional,5.95,Betnacional,13.88,Goldebet,12.0,Betnacional,10.02,Goldebet,9.0,Betnacional,13.36,Betnacional,33.11,Goldebet,26.0,Betnacional,23.79,Goldebet,21.0,Betnacional,33.97,Goldebet,31.0,,0.0,0.0,,0.0,0.0,,0.0,0.0,,0.0,0.0,Betnacional,2.56,1.37,Betnacional,1.51,2.18,,0.0,0.0,,0.0,0.0,,0.0,0.0,,0.0,0.0,Betnacional,22.49,9.74,21.45,Betnacional,13.84,7.12,10.38,Betnacional,5.86,4.41,4.54,Betnacional,1.53,4.03,1.38,Betnacional,1.16,6.22,1.1,Betnacional,1.03,9.57,1.03,,,,,,,,,,,,,,,,,,,,,,,,,,,,,,,,,,,,,,,,,,,,,,,,,,,,,,,,,,,,,,,,,,,,,,,,,,,,,,,,,,,,,,,,,,,,,,,,,,,,,,,,,,,,,,,,,,,,,,,,,,,,,,,,,,,,,,,,,,,,,,,,,,,,,,,,,,,,,,,,,,,,,,,,,,,,,,,,,,,,,,,,,,,,,,,,,,,,,,,,,,,,,Liga FUTVE 2,Ec90yuCn
2y16DsgJ,VENEZUELA,2025,VENEZUELA 2,VENEZUELA 2,07/09/2025,19:30,Round 24,El Vigia,OYcssXWF,Heroes de Falcon,vRH5aOqg,False,1,0,,,,,,[54],[],Betnacional,2.45,2.1,4.65,Betnacional,2.2,2.5,4.05,Betnacional,1.8,3.55,3.9,Sportingbet.br,1.4,2.7,LuvaBet,3.0,1.32,Betnacional,6.25,1.07,Betnacional,1.22,3.25,Sportingbet.br,2.25,1.55,Betnacional,4.3,1.12,Betnacional,1.05,6.75,Sportingbet.br,1.34,2.95,Superbet.br,2.05,1.67,LuvaBet,3.63,1.23,Betnacional,5.9,1.07,Betboom.br,1.95,1.8,Betnacional,4.6,1.15,Betnacional,3.65,1.22,Betano.br,1.24,1.27,1.87,Sportingbet.br,1.19,1.65,1.47,Sportingbet.br,1.21,1.51,1.57,Lotogreen,1.4,2.71,Betano.br,1.5,2.42,Betano.br,1.47,2.55,LuvaBet,3.01,16.0,45.0,4.81,5.26,8.25,27.0,16.5,6.5,LuvaBet,1.87,1.83,Betnacional,2.06,1.66,Betnacional,1.92,1.75,Betnacional,9.43,LuvaBet,6.24,Betnacional,9.72,LuvaBet,7.2,LuvaBet,8.16,Betnacional,19.77,LuvaBet,9.6,LuvaBet,14.0,LuvaBet,18.0,Betnacional,14.88,Betnacional,60.6,LuvaBet,18.0,Betnacional,39.01,LuvaBet,33.0,Betnacional,50.1,Betnacional,5.8,1.08,,0.0,0.0,Betnacional,3.1,1.3,LuvaBet,2.65,1.4,Betnacional,1.75,1.9,Betnacional,1.22,3.55,,0.0,0.0,,0.0,0.0,,0.0,0.0,,0.0,0.0,Betnacional,15.84,8.21,0.0,Betnacional,7.18,5.09,22.2,Betnacional,3.29,3.54,9.13,Betnacional,1.23,5.07,1.87,Betnacional,1.04,8.52,1.28,Betnacional,0.0,0.0,1.07,,,,,,,,,,,,,,,,,,,,,,,,,,,,,,,,,,,,,,,,,,,,,,,,,,,,,,,,,,,,,,,,,,,,,,,,,,,,,,,,,,,,,,,,,,,,,,,,,,,,,,,,,,,,,,,,,,,,,,,,,,,,,,,,,,,,,,,,,,,,,,,,,,,,,,,,,,,,,,,,,,,,,,,,,,,,,,,,,,,,,,,,,,,,,,,,,,,,,,,,,,,,,Liga FUTVE 2,Ec90yuCn
lIzaPUr1,VENEZUELA,2025,VENEZUELA 2,VENEZUELA 2,23/08/2025,20:00,Round 21,Angostura,IZnAvh6K,Dynamo Puerto,IRzKqzlk,False,0,3,,,,,,[],[],,0.0,0.0,0.0,,0.0,0.0,0.0,,0.0,0.0,0.0,,0.0,0.0,,0.0,0.0,,0.0,0.0,,0.0,0.0,,0.0,0.0,,0.0,0.0,,0.0,0.0,,0.0,0.0,,0.0,0.0,,0.0,0.0,,0.0,0.0,,0.0,0.0,,0.0,0.0,,0.0,0.0,,0.0,0.0,0.0,,0.0,0.0,0.0,,0.0,0.0,0.0,,0.0,0.0,,0.0,0.0,,0.0,0.0,,0.0,0.0,0.0,0.0,0.0,0.0,0.0,0.0,0.0,,0.0,0.0,,0.0,0.0,,0.0,0.0,,0.0,,0.0,,0.0,,0.0,,0.0,,0.0,,0.0,,0.0,,0.0,,0.0,,0.0,,0.0,,0.0,,0.0,,0.0,,0.0,0.0,,0.0,0.0,,0.0,0.0,,0.0,0.0,,0.0,0.0,,0.0,0.0,,0.0,0.0,,0.0,0.0,,0.0,0.0,,0.0,0.0,,0.0,0.0,0.0,,0.0,0.0,0.0,,0.0,0.0,0.0,,0.0,0.0,0.0,,0.0,0.0,0.0,,0.0,0.0,0.0,,,,,,,,,,,,,,,,,,,,,,,,,,,,,,,,,,,,,,,,,,,,,,,,,,,,,,,,,,,,,,,,,,,,,,,,,,,,,,,,,,,,,,,,,,,,,,,,,,,,,,,,,,,,,,,,,,,,,,,,,,,,,,,,,,,,,,,,,,,,,,,,,,,,,,,,,,,,,,,,,,,,,,,,,,,,,,,,,,,,,,,,,,,,,,,,,,,,,,,,,,,,,Liga FUTVE 2,Ec90yuCn
MVY6N8DD,VENEZUELA,2025,VENEZUELA 2,VENEZUELA 2,24/08/2025,19:00,Round 21,Bolivar,KpRwCxzH,Miranda,bqdjykPk,False,0,2,,,,,,[],[],,0.0,0.0,0.0,,0.0,0.0,0.0,,0.0,0.0,0.0,,0.0,0.0,,0.0,0.0,,0.0,0.0,,0.0,0.0,,0.0,0.0,,0.0,0.0,,0.0,0.0,,0.0,0.0,,0.0,0.0,,0.0,0.0,,0.0,0.0,,0.0,0.0,,0.0,0.0,,0.0,0.0,,0.0,0.0,0.0,,0.0,0.0,0.0,,0.0,0.0,0.0,,0.0,0.0,,0.0,0.0,,0.0,0.0,,0.0,0.0,0.0,0.0,0.0,0.0,0.0,0.0,0.0,,0.0,0.0,,0.0,0.0,,0.0,0.0,,0.0,,0.0,,0.0,,0.0,,0.0,,0.0,,0.0,,0.0,,0.0,,0.0,,0.0,,0.0,,0.0,,0.0,,0.0,,0.0,0.0,,0.0,0.0,,0.0,0.0,,0.0,0.0,,0.0,0.0,,0.0,0.0,,0.0,0.0,,0.0,0.0,,0.0,0.0,,0.0,0.0,,0.0,0.0,0.0,,0.0,0.0,0.0,,0.0,0.0,0.0,,0.0,0.0,0.0,,0.0,0.0,0.0,,0.0,0.0,0.0,,,,,,,,,,,,,,,,,,,,,,,,,,,,,,,,,,,,,,,,,,,,,,,,,,,,,,,,,,,,,,,,,,,,,,,,,,,,,,,,,,,,,,,,,,,,,,,,,,,,,,,,,,,,,,,,,,,,,,,,,,,,,,,,,,,,,,,,,,,,,,,,,,,,,,,,,,,,,,,,,,,,,,,,,,,,,,,,,,,,,,,,,,,,,,,,,,,,,,,,,,,,,Liga FUTVE 2,Ec90yuCn
zTmzPGe3,VENEZUELA,2025,VENEZUELA 2,VENEZUELA 2,03/09/2025,20:00,Round 23,Urena,x6MdZOGO,Titanes,6eug9B26,False,1,3,,,,,,[45],"[69, 73, 82]",Betfair,3.75,2.1,2.5,Betano.br,3.1,2.32,2.67,Betfair,3.3,3.0,2.0,Betfair,1.33,3.0,Betfair,2.88,1.36,Betfair,7.5,1.06,Betnacional,1.17,3.77,Betnacional,1.83,1.74,Betnacional,3.47,1.2,Betfair,1.02,10.0,Betfair,1.25,3.6,Betfair,1.91,1.8,Betfair,3.3,1.29,Betfair,7.0,1.07,Betfair,1.91,1.8,Betnacional,3.37,1.22,Betnacional,2.68,1.34,BR4Bet,2.1,1.23,1.13,Betano.br,1.31,1.7,1.26,Betnacional,1.37,1.38,1.3,Esportivabet,2.05,1.7,Betano.br,1.93,1.78,Betano.br,2.02,1.75,Betfair,5.5,13.0,19.0,8.0,5.0,5.0,26.0,13.0,3.2,Betnacional,1.97,1.72,Sportingbet.br,2.05,1.68,Betnacional,1.92,1.76,Betfair,10.0,Betfair,12.0,Betfair,6.0,Betfair,6.5,Betfair,29.0,Betfair,6.5,Betfair,15.0,Betfair,7.0,Betfair,15.0,Betfair,81.0,Betfair,9.5,Betfair,61.0,Betfair,11.0,Betfair,56.0,Betfair,23.0,,0.0,0.0,,0.0,0.0,,0.0,0.0,,0.0,0.0,Betnacional,2.63,1.35,Betnacional,1.48,2.24,,0.0,0.0,,0.0,0.0,,0.0,0.0,,0.0,0.0,Betnacional,0.0,0.0,18.82,Betnacional,12.42,7.28,9.38,Betnacional,5.62,4.77,4.39,Betnacional,1.5,4.39,1.37,Betnacional,1.17,6.4,1.11,Betnacional,1.04,9.57,0.0,,,,,,,,,,,,,,,,,,,,,,,,,,,,,,,,,,,,,,,,,,,,,,,,,,,,,,,,,,,,,,,,,,,,,,,,,,,,,,,,,,,,,,,,,,,,,,,,,,,,,,,,,,,,,,,,,,,,,,,,,,,,,,,,,,,,,,,,,,,,,,,,,,,,,,,,,,,,,,,,,,,,,,,,,,,,,,,,,,,,,,,,,,,,,,,,,,,,,,,,,,,,,Liga FUTVE 2,Ec90yuCn
IqqgyooQ,VENEZUELA,2025,VENEZUELA 2,VENEZUELA 2,07/09/2025,20:00,Round 24,Urena,x6MdZOGO,Puerto Cabello B,jmA1Pu7j,False,2,1,,,,,,"[33, 89]",[31],Novibet,2.5,2.08,4.2,Betnacional,2.1,2.6,4.1,Betboom.br,1.9,3.65,3.55,Betnacional,1.37,2.75,LuvaBet,2.8,1.36,Betano.br,6.5,1.06,Betnacional,1.2,3.45,Sportingbet.br,2.1,1.65,Betnacional,4.0,1.15,Betnacional,1.04,7.25,LuvaBet,1.28,3.26,Superbet.br,1.87,1.8,LuvaBet,3.25,1.28,Betnacional,5.3,1.1,LuvaBet,1.75,1.96,Superbet.br,4.1,1.18,Betnacional,3.45,1.25,Novibet,1.25,1.25,1.83,Sportingbet.br,1.22,1.65,1.44,Betnacional,1.16,1.4,1.6,Superbet.br,1.4,2.6,Novibet,1.49,2.4,Betnacional,1.4,2.65,Sportingbet.br,3.2,17.0,45.0,5.01,5.48,8.25,26.0,16.0,6.0,LuvaBet,1.88,1.82,Sportingbet.br,2.05,1.66,Betnacional,1.92,1.76,Betnacional,10.32,Betano.br,7.4,LuvaBet,11.0,Betano.br,6.8,Betano.br,9.5,Betnacional,18.26,LuvaBet,9.68,LuvaBet,15.0,LuvaBet,16.0,Betano.br,17.5,Betnacional,50.1,Betano.br,16.0,Betnacional,31.95,Betano.br,28.0,Betnacional,40.51,Betnacional,6.0,1.07,,0.0,0.0,LuvaBet,4.25,1.17,LuvaBet,3.16,1.29,Betano.br,1.91,1.7,Betnacional,1.27,3.25,LuvaBet,1.12,5.01,,0.0,0.0,,0.0,0.0,,0.0,0.0,Betnacional,16.26,8.48,0.0,Betnacional,7.52,5.33,18.86,Betnacional,3.47,3.7,7.88,Betnacional,1.27,4.93,1.78,Betnacional,1.06,8.16,1.25,Betnacional,0.0,0.0,1.06,,,,,,,,,,,,,,,,,,,,,,,,,,,,,,,,,,,,,,,,,,,,,,,,,,,,,,,,,,,,,,,,,,,,,,,,,,,,,,,,,,,,,,,,,,,,,,,,,,,,,,,,,,,,,,,,,,,,,,,,,,,,,,,,,,,,,,,,,,,,,,,,,,,,,,,,,,,,,,,,,,,,,,,,,,,,,,,,,,,,,,,,,,,,,,,,,,,,,,,,,,,,,Liga FUTVE 2,Ec90yuCn
fg4omKto,VENEZUELA,2025,VENEZUELA 2,VENEZUELA 2,27/09/2025,19:30,Round 27,Bolivar,KpRwCxzH,Dynamo Puerto,IRzKqzlk,False,1,0,,,,,,[64],[],Bet7k,2.39,2.01,4.95,Betano.br,2.27,2.25,4.1,Bet7k,1.67,3.41,4.21,Sportingbet.br,1.49,2.45,Betnacional,3.05,1.26,,0.0,0.0,Betnacional,1.28,2.96,Sportingbet.br,2.5,1.46,Betnacional,4.9,1.09,,0.0,0.0,Sportingbet.br,1.44,2.55,Superbet.br,2.35,1.5,Superbet.br,4.2,1.14,,0.0,0.0,Superbet.br,2.12,1.64,Betnacional,4.59,1.11,Betnacional,3.76,1.17,Betano.br,1.23,1.28,1.83,Sportingbet.br,1.18,1.72,1.44,Sportingbet.br,1.2,1.57,1.53,Lotogreen,1.4,2.71,Betano.br,1.42,2.42,Betano.br,1.4,2.45,LuvaBet,3.38,16.73,55.0,4.98,4.57,8.0,31.68,17.78,6.63,Sportingbet.br,1.87,1.82,Betnacional,2.12,1.62,Betnacional,1.96,1.73,Betano.br,7.3,Betnacional,5.49,Betnacional,8.21,Betnacional,6.11,Betnacional,7.92,Betnacional,17.93,Betnacional,8.77,Betnacional,13.18,Betnacional,19.28,Betnacional,17.06,Betnacional,59.1,Betnacional,18.92,Betnacional,43.32,Betnacional,41.73,Betnacional,63.2,,0.0,0.0,,0.0,0.0,,0.0,0.0,Betnacional,2.73,1.33,LuvaBet,1.95,1.73,Betnacional,1.33,2.73,,0.0,0.0,,0.0,0.0,,0.0,0.0,,0.0,0.0,Betnacional,19.8,8.82,0.0,Betnacional,8.89,5.39,23.37,Betnacional,3.8,3.5,9.21,Betnacional,1.24,4.81,1.75,Betnacional,1.04,8.36,1.22,Betnacional,0.0,0.0,1.05,,,,,,,,,,,,,,,,,,,,,,,,,,,,,,,,,,,,,,,,,,,,,,,,,,,0.0,1.0,,,,,,,,,,,,,,,,,,,,,,,,,,,,,,,,,,,,,,,,,,,,,,,,,,,,,,,,,,,,,,,,,,,,,,,,,,,,,,,,,,,,,,,,,,,,,,,,,,,,,,,,,,,,,,,,,,,,,,,,,,,,,,,,,,,,,,,0.0,1.0,,,,,,,,,,,,,,,,,Liga FUTVE 2,Ec90yuCn
foAvHiYj,VENEZUELA,2025,VENEZUELA 2,VENEZUELA 2,16/08/2025,21:00,Round 20,Maritimo,0CATV9mo,Angostura,IZnAvh6K,False,6,1,,,,,,[],[],,0.0,0.0,0.0,,0.0,0.0,0.0,,0.0,0.0,0.0,,0.0,0.0,,0.0,0.0,,0.0,0.0,,0.0,0.0,,0.0,0.0,,0.0,0.0,,0.0,0.0,,0.0,0.0,,0.0,0.0,,0.0,0.0,,0.0,0.0,,0.0,0.0,,0.0,0.0,,0.0,0.0,,0.0,0.0,0.0,,0.0,0.0,0.0,,0.0,0.0,0.0,,0.0,0.0,,0.0,0.0,,0.0,0.0,,0.0,0.0,0.0,0.0,0.0,0.0,0.0,0.0,0.0,,0.0,0.0,,0.0,0.0,,0.0,0.0,,0.0,,0.0,,0.0,,0.0,,0.0,,0.0,,0.0,,0.0,,0.0,,0.0,,0.0,,0.0,,0.0,,0.0,,0.0,,0.0,0.0,,0.0,0.0,,0.0,0.0,,0.0,0.0,,0.0,0.0,,0.0,0.0,,0.0,0.0,,0.0,0.0,,0.0,0.0,,0.0,0.0,,0.0,0.0,0.0,,0.0,0.0,0.0,,0.0,0.0,0.0,,0.0,0.0,0.0,,0.0,0.0,0.0,,0.0,0.0,0.0,,,,,,,,,,,,,,,,,,,,,,,,,,,,,,,,,,,,,,,,,,,,,,,,,,,,,,,,,,,,,,,,,,,,,,,,,,,,,,,,,,,,,,,,,,,,,,,,,,,,,,,,,,,,,,,,,,,,,,,,,,,,,,,,,,,,,,,,,,,,,,,,,,,,,,,,,,,,,,,,,,,,,,,,,,,,,,,,,,,,,,,,,,,,,,,,,,,,,,,,,,,,,Liga FUTVE 2,Ec90yuCn
vLpiLYfS,VENEZUELA,2025,VENEZUELA 2,VENEZUELA 2,03/09/2025,20:00,Round 23,Aragua,CbfwrDH9,Miranda,bqdjykPk,False,1,0,,,,,,[67],[],Betfair,3.4,2.0,3.0,Sportingbet.br,3.1,2.2,2.9,Betfair,2.63,3.0,2.38,Betfair,1.36,2.88,Betfair,3.0,1.33,Betfair,8.0,1.05,Betnacional,1.23,3.23,Sportingbet.br,2.5,1.47,Betnacional,4.3,1.13,Betfair,1.03,9.0,Betfair,1.3,3.2,Betfair,2.1,1.65,Betfair,3.8,1.22,Betfair,7.5,1.05,Betfair,1.8,1.87,Betnacional,4.0,1.15,Betnacional,3.22,1.24,Sportingbet.br,1.47,1.35,1.42,Sportingbet.br,1.31,1.72,1.28,Sportingbet.br,1.35,1.58,1.32,Estrelabet,1.75,1.95,Betano.br,1.83,1.87,Betano.br,1.85,1.9,Betfair,4.5,13.0,23.0,6.5,5.0,5.5,26.0,13.0,4.0,Superbet.br,1.95,1.77,LuvaBet,2.16,1.64,LuvaBet,1.97,1.71,Betfair,8.5,Betfair,7.5,Betfair,7.0,Betfair,5.5,Betfair,12.0,Betfair,10.0,Betfair,9.0,Betfair,8.5,Betfair,12.0,Betfair,26.0,Betfair,21.0,Betfair,19.0,Betfair,17.0,Betfair,31.0,Betfair,23.0,,0.0,0.0,,0.0,0.0,,0.0,0.0,,0.0,0.0,Betnacional,2.51,1.39,Betnacional,1.44,2.34,Betnacional,1.22,3.33,,0.0,0.0,,0.0,0.0,,0.0,0.0,Betnacional,0.0,0.0,24.11,Betnacional,13.58,6.99,11.99,Betnacional,5.71,4.32,5.11,Betnacional,1.46,4.16,1.4,Betnacional,1.13,6.6,1.11,Betnacional,1.02,9.9,0.0,,,,,,,,,,,,,,,,,,,,,,,,,,,,,,,,,,,,,,,,,,,,,,,,,,,,,,,,,,,,,,,,,,,,,,,,,,,,,,,,,,,,,,,,,,,,,,,,,,,,,,,,,,,,,,,,,,,,,,,,,,,,,,,,,,,,,,,,,,,,,,,,,,,,,,,,,,,,,,,,,,,,,,,,,,,,,,,,,,,,,,,,,,,,,,,,,,,,,,,,,,,,,Liga FUTVE 2,Ec90yuCn
CKeToUzQ,VENEZUELA,2025,VENEZUELA 2,VENEZUELA 2,10/08/2025,20:00,Round 19,Heroes de Falcon,vRH5aOqg,Frontera,4AqkWAQI,False,3,1,,,,,,[],[],,0.0,0.0,0.0,,0.0,0.0,0.0,,0.0,0.0,0.0,,0.0,0.0,,0.0,0.0,,0.0,0.0,,0.0,0.0,,0.0,0.0,,0.0,0.0,,0.0,0.0,,0.0,0.0,,0.0,0.0,,0.0,0.0,,0.0,0.0,,0.0,0.0,,0.0,0.0,,0.0,0.0,,0.0,0.0,0.0,,0.0,0.0,0.0,,0.0,0.0,0.0,,0.0,0.0,,0.0,0.0,,0.0,0.0,,0.0,0.0,0.0,0.0,0.0,0.0,0.0,0.0,0.0,,0.0,0.0,,0.0,0.0,,0.0,0.0,,0.0,,0.0,,0.0,,0.0,,0.0,,0.0,,0.0,,0.0,,0.0,,0.0,,0.0,,0.0,,0.0,,0.0,,0.0,,0.0,0.0,,0.0,0.0,,0.0,0.0,,0.0,0.0,,0.0,0.0,,0.0,0.0,,0.0,0.0,,0.0,0.0,,0.0,0.0,,0.0,0.0,,0.0,0.0,0.0,,0.0,0.0,0.0,,0.0,0.0,0.0,,0.0,0.0,0.0,,0.0,0.0,0.0,,0.0,0.0,0.0,,,,,,,,,,,,,,,,,,,,,,,,,,,,,,,,,,,,,,,,,,,,,,,,,,,,,,,,,,,,,,,,,,,,,,,,,,,,,,,,,,,,,,,,,,,,,,,,,,,,,,,,,,,,,,,,,,,,,,,,,,,,,,,,,,,,,,,,,,,,,,,,,,,,,,,,,,,,,,,,,,,,,,,,,,,,,,,,,,,,,,,,,,,,,,,,,,,,,,,,,,,,,Liga FUTVE 2,Ec90yuCn
dnOHTUEs,VENEZUELA,2025,VENEZUELA 2,VENEZUELA 2,10/08/2025,20:00,Round 19,Mineros,nHA4pAGL,Dynamo Puerto,IRzKqzlk,False,1,0,,,,,,[],[],,0.0,0.0,0.0,,0.0,0.0,0.0,,0.0,0.0,0.0,,0.0,0.0,,0.0,0.0,,0.0,0.0,,0.0,0.0,,0.0,0.0,,0.0,0.0,,0.0,0.0,,0.0,0.0,,0.0,0.0,,0.0,0.0,,0.0,0.0,,0.0,0.0,,0.0,0.0,,0.0,0.0,,0.0,0.0,0.0,,0.0,0.0,0.0,,0.0,0.0,0.0,,0.0,0.0,,0.0,0.0,,0.0,0.0,,0.0,0.0,0.0,0.0,0.0,0.0,0.0,0.0,0.0,,0.0,0.0,,0.0,0.0,,0.0,0.0,,0.0,,0.0,,0.0,,0.0,,0.0,,0.0,,0.0,,0.0,,0.0,,0.0,,0.0,,0.0,,0.0,,0.0,,0.0,,0.0,0.0,,0.0,0.0,,0.0,0.0,,0.0,0.0,,0.0,0.0,,0.0,0.0,,0.0,0.0,,0.0,0.0,,0.0,0.0,,0.0,0.0,,0.0,0.0,0.0,,0.0,0.0,0.0,,0.0,0.0,0.0,,0.0,0.0,0.0,,0.0,0.0,0.0,,0.0,0.0,0.0,,,,,,,,,,,,,,,,,,,,,,,,,,,,,,,,,,,,,,,,,,,,,,,,,,,,,,,,,,,,,,,,,,,,,,,,,,,,,,,,,,,,,,,,,,,,,,,,,,,,,,,,,,,,,,,,,,,,,,,,,,,,,,,,,,,,,,,,,,,,,,,,,,,,,,,,,,,,,,,,,,,,,,,,,,,,,,,,,,,,,,,,,,,,,,,,,,,,,,,,,,,,,Liga FUTVE 2,Ec90yuCn
fDn6lzKj,VENEZUELA,2025,VENEZUELA 2,VENEZUELA 2,30/08/2025,20:00,Round 22,Heroes de Falcon,vRH5aOqg,Barquisimeto,4rp8eIDa,False,1,1,,,,,,[55],[90],Novibet,3.5,2.0,2.95,Sportingbet.br,3.1,2.35,2.65,Betboom.br,2.85,3.4,2.25,Estrelabet,1.36,2.66,Novibet,2.85,1.35,,0.0,0.0,Betnacional,1.22,3.3,Sportingbet.br,2.2,1.58,Betnacional,4.2,1.13,,0.0,0.0,Sportingbet.br,1.33,3.0,Sportingbet.br,2.0,1.71,Superbet.br,3.35,1.24,,0.0,0.0,Superbet.br,1.8,1.9,Betnacional,3.97,1.15,Betnacional,3.2,1.24,Betano.br,1.6,1.29,1.35,Sportingbet.br,1.35,1.68,1.27,Sportingbet.br,1.42,1.52,1.31,Estrelabet,2.1,1.66,Betano.br,2.02,1.72,Betano.br,2.05,1.72,Betnacional,4.89,15.03,30.47,6.72,5.61,5.62,35.56,15.0,3.73,LuvaBet,1.92,1.78,Betnacional,2.06,1.65,Betnacional,1.93,1.75,Betnacional,9.04,LuvaBet,8.54,LuvaBet,7.59,LuvaBet,6.64,Betnacional,14.1,Betnacional,10.63,LuvaBet,12.0,LuvaBet,10.0,LuvaBet,16.0,Betnacional,35.23,Betnacional,22.94,Betnacional,25.75,LuvaBet,20.0,LuvaBet,39.0,Betnacional,32.44,,0.0,0.0,,0.0,0.0,,0.0,0.0,,0.0,0.0,Betnacional,2.63,1.35,Betnacional,1.52,2.16,,0.0,0.0,,0.0,0.0,,0.0,0.0,,0.0,0.0,Betnacional,0.0,0.0,21.74,Betnacional,14.89,7.28,10.44,Betnacional,6.2,4.44,4.52,Betnacional,1.55,3.97,1.36,Betnacional,1.16,6.16,1.09,Betnacional,1.03,9.54,0.0,,,,,,,,,,,,,,,,,,,,,,,,,,,,,,,,,,,,,,,,,,,,,,,,,,,1.0,0.0,,,,,,,,,,,,,,,,,,,,,,,,,,,,,,,,,,,,,,,,,,,,,,,,,,,,,,,,,,,,,,,,,,,,,,,,,,,,,,,,,,,,,,,,,,,,,,,,,,,,,,,,,,,,,,,,,,,,,,,,,,,,,,,,,,,,,,,1.0,0.0,,,,,,,,,,,,,,,,,Liga FUTVE 2,Ec90yuCn
AsOXT2w0,VENEZUELA,2025,VENEZUELA 2,VENEZUELA 2,07/09/2025,20:00,Round 24,Angostura,IZnAvh6K,Mineros,nHA4pAGL,False,1,0,,,,,,[6],[],Betano.br,4.6,1.98,2.45,Betano.br,4.3,2.25,2.22,Betboom.br,4.05,3.15,1.9,Lotogreen,1.45,2.4,LuvaBet,3.29,1.27,Betano.br,7.3,1.04,Betnacional,1.3,2.9,Sportingbet.br,2.65,1.42,Betnacional,5.0,1.09,Betnacional,1.07,6.25,LuvaBet,1.43,2.55,Sportingbet.br,2.4,1.49,Superbet.br,4.35,1.13,Betnacional,7.0,1.04,Superbet.br,2.25,1.58,Betnacional,4.9,1.12,Betnacional,4.2,1.18,Betano.br,1.91,1.28,1.23,Sportingbet.br,1.43,1.75,1.18,Sportingbet.br,1.51,1.6,1.2,Betano.br,2.87,1.31,Betano.br,2.65,1.42,Betano.br,2.8,1.4,Betano.br,6.8,16.0,30.0,8.5,4.6,5.03,55.0,17.5,3.38,Lotogreen,1.9,1.8,Sportingbet.br,2.15,1.62,Betnacional,1.95,1.73,Betnacional,7.43,Betano.br,9.0,LuvaBet,5.83,LuvaBet,6.8,Betano.br,20.0,Betnacional,8.35,LuvaBet,15.0,LuvaBet,11.0,Betano.br,21.0,Betano.br,65.0,Betnacional,18.32,Betano.br,50.0,LuvaBet,20.0,Betano.br,70.0,Lotogreen,41.0,,0.0,0.0,,0.0,0.0,,0.0,0.0,LuvaBet,6.82,1.06,Betnacional,3.25,1.27,LuvaBet,1.72,1.96,LuvaBet,1.28,3.23,Betnacional,1.22,3.55,,0.0,0.0,,0.0,0.0,Betnacional,28.64,10.01,20.72,Betnacional,21.47,8.12,9.4,Betnacional,8.45,4.67,3.98,Betnacional,1.7,3.57,1.27,Betnacional,1.2,5.56,1.05,Betnacional,1.04,9.02,1.02,,,,,,,,,,,,,,,,,,,,,,,,,,,,,,,,,,,,,,,,,,,,,,,,,,,,,,,,,,,,,,,,,,,,,,,,,,,,,,,,,,,,,,,,,,,,,,,,,,,,,,,,,,,,,,,,,,,,,,,,,,,,,,,,,,,,,,,,,,,,,,,,,,,,,,,,,,,,,,,,,,,,,,,,,,,,,,,,,,,,,,,,,,,,,,,,,,,,,,,,,,,,,Liga FUTVE 2,Ec90yuCn
jL5FapVP,VENEZUELA,2025,VENEZUELA 2,VENEZUELA 2,18/10/2025,22:30,Quarter-finals,Barquisimeto,4rp8eIDa,Titanes,6eug9B26,False,2,2,2.0,0.0,0.0,2.0,2.0,"[1, 2, 3, 4, 30, 37]","[1, 2, 3, 4, 5, 44]",Novibet,5.7,2.15,2.06,Sportingbet.br,5.25,2.55,1.87,Novibet,5.6,3.85,1.51,Novibet,1.37,2.75,Betano.br,2.8,1.35,Betano.br,6.6,1.06,,0.0,0.0,Sportingbet.br,2.15,1.62,,0.0,0.0,,0.0,0.0,Sportingbet.br,1.29,3.25,Bet7k,1.93,1.67,Sportingbet.br,3.2,1.3,,0.0,0.0,Superbet.br,2.02,1.71,,0.0,0.0,,0.0,0.0,Betano.br,2.42,1.21,1.14,Sportingbet.br,1.65,1.58,1.13,Sportingbet.br,1.8,1.46,1.14,Lotogreen,4.0,1.2,Novibet,3.2,1.28,Betano.br,3.4,1.21,Betano.br,2.3,17.0,60.0,3.9,5.5,11.0,24.0,17.0,9.25,LuvaBet,1.85,1.85,LuvaBet,2.12,1.61,,0.0,0.0,Betano.br,9.75,Betano.br,6.1,Betano.br,13.5,LuvaBet,8.07,LuvaBet,6.83,Betano.br,32.0,LuvaBet,9.72,LuvaBet,18.0,LuvaBet,21.0,LuvaBet,11.0,Betano.br,110.0,LuvaBet,16.0,Betano.br,60.0,Betano.br,32.0,Betano.br,70.0,,0.0,0.0,,0.0,0.0,,0.0,0.0,,0.0,0.0,,0.0,0.0,Esportivabet,2.16,1.51,Betano.br,1.78,1.82,LuvaBet,1.47,2.43,,0.0,0.0,,0.0,0.0,,0.0,0.0,0.0,,0.0,0.0,0.0,Novibet,0.0,3.45,2.55,Novibet,2.25,0.0,0.0,,0.0,0.0,0.0,,0.0,0.0,0.0,,,,,,,,,,,,,,,,,,,,,,,,,,,,,,,,,,,,,,,,,,,,,,,,,,,1.0,1.0,,,,,,,,,,,,,,,,,,,,,,,,,,,,,,,,,,,,,,,,,,,,,,,,,,,,,,,,,,,,,,,,,,,,,,,,,,,,,,,,,,,,,,,,,,,,,,,,,,,,,,,,,,,,,,,,,,,,,,,,,,,,,,,,,,,,,,,1.0,1.0,,,,,,,,,,,,,,,,,Liga FUTVE 2,Ec90yuCn
I1CQR8qf,VENEZUELA,2025,VENEZUELA 2,VENEZUELA 2,10/08/2025,19:30,Round 19,Titanes,6eug9B26,El Vigia,OYcssXWF,False,5,0,,,,,,[],[],,0.0,0.0,0.0,,0.0,0.0,0.0,,0.0,0.0,0.0,,0.0,0.0,,0.0,0.0,,0.0,0.0,,0.0,0.0,,0.0,0.0,,0.0,0.0,,0.0,0.0,,0.0,0.0,,0.0,0.0,,0.0,0.0,,0.0,0.0,,0.0,0.0,,0.0,0.0,,0.0,0.0,,0.0,0.0,0.0,,0.0,0.0,0.0,,0.0,0.0,0.0,,0.0,0.0,,0.0,0.0,,0.0,0.0,,0.0,0.0,0.0,0.0,0.0,0.0,0.0,0.0,0.0,,0.0,0.0,,0.0,0.0,,0.0,0.0,,0.0,,0.0,,0.0,,0.0,,0.0,,0.0,,0.0,,0.0,,0.0,,0.0,,0.0,,0.0,,0.0,,0.0,,0.0,,0.0,0.0,,0.0,0.0,,0.0,0.0,,0.0,0.0,,0.0,0.0,,0.0,0.0,,0.0,0.0,,0.0,0.0,,0.0,0.0,,0.0,0.0,,0.0,0.0,0.0,,0.0,0.0,0.0,,0.0,0.0,0.0,,0.0,0.0,0.0,,0.0,0.0,0.0,,0.0,0.0,0.0,,,,,,,,,,,,,,,,,,,,,,,,,,,,,,,,,,,,,,,,,,,,,,,,,,,,,,,,,,,,,,,,,,,,,,,,,,,,,,,,,,,,,,,,,,,,,,,,,,,,,,,,,,,,,,,,,,,,,,,,,,,,,,,,,,,,,,,,,,,,,,,,,,,,,,,,,,,,,,,,,,,,,,,,,,,,,,,,,,,,,,,,,,,,,,,,,,,,,,,,,,,,,Liga FUTVE 2,Ec90yuCn
SdFaD9U0,VENEZUELA,2025,VENEZUELA 2,VENEZUELA 2,09/08/2025,20:00,Round 19,Angostura,IZnAvh6K,Aragua,CbfwrDH9,False,0,0,,,,,,[],[],,0.0,0.0,0.0,,0.0,0.0,0.0,,0.0,0.0,0.0,,0.0,0.0,,0.0,0.0,,0.0,0.0,,0.0,0.0,,0.0,0.0,,0.0,0.0,,0.0,0.0,,0.0,0.0,,0.0,0.0,,0.0,0.0,,0.0,0.0,,0.0,0.0,,0.0,0.0,,0.0,0.0,,0.0,0.0,0.0,,0.0,0.0,0.0,,0.0,0.0,0.0,,0.0,0.0,,0.0,0.0,,0.0,0.0,,0.0,0.0,0.0,0.0,0.0,0.0,0.0,0.0,0.0,,0.0,0.0,,0.0,0.0,,0.0,0.0,,0.0,,0.0,,0.0,,0.0,,0.0,,0.0,,0.0,,0.0,,0.0,,0.0,,0.0,,0.0,,0.0,,0.0,,0.0,,0.0,0.0,,0.0,0.0,,0.0,0.0,,0.0,0.0,,0.0,0.0,,0.0,0.0,,0.0,0.0,,0.0,0.0,,0.0,0.0,,0.0,0.0,,0.0,0.0,0.0,,0.0,0.0,0.0,,0.0,0.0,0.0,,0.0,0.0,0.0,,0.0,0.0,0.0,,0.0,0.0,0.0,,,,,,,,,,,,,,,,,,,,,,,,,,,,,,,,,,,,,,,,,,,,,,,,,,,,,,,,,,,,,,,,,,,,,,,,,,,,,,,,,,,,,,,,,,,,,,,,,,,,,,,,,,,,,,,,,,,,,,,,,,,,,,,,,,,,,,,,,,,,,,,,,,,,,,,,,,,,,,,,,,,,,,,,,,,,,,,,,,,,,,,,,,,,,,,,,,,,,,,,,,,,,Liga FUTVE 2,Ec90yuCn
jwqBqNmT,VENEZUELA,2025,VENEZUELA 2,VENEZUELA 2,03/08/2025,20:00,Round 18,Aragua,CbfwrDH9,Bolivar,KpRwCxzH,False,0,1,,,,,,[],[],,0.0,0.0,0.0,,0.0,0.0,0.0,,0.0,0.0,0.0,,0.0,0.0,,0.0,0.0,,0.0,0.0,,0.0,0.0,,0.0,0.0,,0.0,0.0,,0.0,0.0,,0.0,0.0,,0.0,0.0,,0.0,0.0,,0.0,0.0,,0.0,0.0,,0.0,0.0,,0.0,0.0,,0.0,0.0,0.0,,0.0,0.0,0.0,,0.0,0.0,0.0,,0.0,0.0,,0.0,0.0,,0.0,0.0,,0.0,0.0,0.0,0.0,0.0,0.0,0.0,0.0,0.0,,0.0,0.0,,0.0,0.0,,0.0,0.0,,0.0,,0.0,,0.0,,0.0,,0.0,,0.0,,0.0,,0.0,,0.0,,0.0,,0.0,,0.0,,0.0,,0.0,,0.0,,0.0,0.0,,0.0,0.0,,0.0,0.0,,0.0,0.0,,0.0,0.0,,0.0,0.0,,0.0,0.0,,0.0,0.0,,0.0,0.0,,0.0,0.0,,0.0,0.0,0.0,,0.0,0.0,0.0,,0.0,0.0,0.0,,0.0,0.0,0.0,,0.0,0.0,0.0,,0.0,0.0,0.0,,,,,,,,,,,,,,,,,,,,,,,,,,,,,,,,,,,,,,,,,,,,,,,,,,,,,,,,,,,,,,,,,,,,,,,,,,,,,,,,,,,,,,,,,,,,,,,,,,,,,,,,,,,,,,,,,,,,,,,,,,,,,,,,,,,,,,,,,,,,,,,,,,,,,,,,,,,,,,,,,,,,,,,,,,,,,,,,,,,,,,,,,,,,,,,,,,,,,,,,,,,,,Liga FUTVE 2,Ec90yuCn
E5N9joMa,VENEZUELA,2025,VENEZUELA 2,VENEZUELA 2,04/10/2025,21:00,Round 28,Maritimo,0CATV9mo,Monagas B,z1jpHUsI,False,1,1,,,,,,[89],[45],LuvaBet,1.49,2.78,9.32,Betnacional,1.49,3.24,7.22,LuvaBet,1.19,5.95,11.0,LuvaBet,1.19,3.98,Novibet,2.09,1.63,LuvaBet,3.94,1.2,Betnacional,1.12,4.45,Betnacional,1.62,1.99,Betnacional,2.84,1.3,,0.0,0.0,LuvaBet,1.11,5.26,LuvaBet,1.41,2.62,Superbet.br,2.15,1.62,Superbet.br,3.4,1.23,LuvaBet,1.95,1.76,Betnacional,3.7,1.18,Betnacional,3.07,1.26,LuvaBet,1.01,1.05,3.65,Novibet,1.07,1.38,2.1,Betnacional,1.08,1.23,2.06,Lotogreen,1.06,7.0,Novibet,1.13,4.75,Betnacional,1.12,4.46,Betano.br,1.72,23.68,94.0,4.18,9.72,24.0,23.0,27.22,20.0,LuvaBet,1.85,1.85,Betnacional,1.9,1.77,Betnacional,1.88,1.79,Betnacional,21.08,Betnacional,8.38,Betnacional,27.57,Betnacional,11.33,Betnacional,6.43,Betnacional,70.1,Betnacional,8.15,Betnacional,26.78,Betnacional,21.73,Betnacional,7.28,Betano.br,120.0,Betnacional,9.23,Betnacional,100.0,Betnacional,23.17,Betnacional,77.4,Betnacional,2.36,1.44,Betnacional,2.0,1.61,LuvaBet,1.56,2.22,LuvaBet,1.27,3.32,,0.0,0.0,,0.0,0.0,,0.0,0.0,,0.0,0.0,,0.0,0.0,,0.0,0.0,Betnacional,4.64,5.04,0.0,Novibet,2.65,4.05,0.0,Betnacional,1.64,4.03,21.18,Betnacional,1.05,8.43,3.8,Betnacional,0.0,0.0,2.06,Betnacional,0.0,0.0,1.42,,,,,,,,,,,,,,,,,,,,,,,,,,,,,,,,,,,,,,,,,,,,,,,,,,,,,,,,,,,,,,,,,,,,,,,,,,,,,,,,,,,,,,,,,,,,,,,,,,,,,,,,,,,,,,,,,,,,,,,,,,,,,,,,,,,,,,,,,,,,,,,,,,,,,,,,,,,,,,,,,,,,,,,,,,,,,,,,,,,,,,,,,,,,,,,,,,,,,,,,,,,,,Liga FUTVE 2,Ec90yuCn
8Ag9yfu9,VENEZUELA,2025,VENEZUELA 2,VENEZUELA 2,03/09/2025,20:00,Round 23,Dynamo Puerto,IRzKqzlk,Monagas B,z1jpHUsI,False,2,1,,,,,,"[48, 59]",[66],LuvaBet,1.91,2.25,7.01,Sportingbet.br,1.72,2.7,6.0,Betboom.br,1.42,4.4,6.5,Betnacional,1.3,2.87,Sportingbet.br,2.8,1.38,,0.0,0.0,Betnacional,1.19,3.57,Sportingbet.br,2.1,1.65,Betnacional,3.79,1.17,,0.0,0.0,Sportingbet.br,1.3,3.25,Superbet.br,2.0,1.71,Superbet.br,3.4,1.23,,0.0,0.0,Superbet.br,2.3,1.55,Betnacional,4.2,1.13,Betnacional,3.52,1.2,Betano.br,1.1,1.18,2.77,Sportingbet.br,1.11,1.55,1.75,Sportingbet.br,1.11,1.41,1.98,LuvaBet,1.11,4.84,Betano.br,1.23,3.8,Betano.br,1.21,4.15,Betano.br,2.07,20.69,75.5,4.02,6.81,13.84,24.33,23.33,12.13,Sportingbet.br,1.82,1.87,LuvaBet,2.07,1.7,LuvaBet,1.97,1.71,Betnacional,12.26,Betnacional,5.98,Betnacional,15.46,Betnacional,8.52,Betnacional,5.94,Betnacional,40.45,LuvaBet,9.12,Betnacional,20.22,LuvaBet,22.0,Betnacional,8.71,Betnacional,100.0,LuvaBet,14.0,Betnacional,79.4,LuvaBet,33.0,Betnacional,78.9,,0.0,0.0,Betnacional,2.94,1.28,Betnacional,2.06,1.58,Betnacional,1.59,2.03,Betnacional,1.36,2.6,,0.0,0.0,,0.0,0.0,,0.0,0.0,,0.0,0.0,,0.0,0.0,Betnacional,8.22,6.07,0.0,Betnacional,3.96,4.11,34.4,Betnacional,2.13,3.46,16.83,Betnacional,1.09,6.83,2.76,Betnacional,1.01,9.88,1.6,Betnacional,0.0,0.0,1.2,,,,,,,,,,,,,,,,,,,,,,,,,,,,,,,,,,,,,,,,,,,,,,,,,,,0.0,1.0,,,,,,,,,,,,,,,,,,,,,,,,,,,,,,,,,,,,,,,,,,,,,,,,,,,,,,,,,,,,,,,,,,,,,,,,,,,,,,,,,,,,,,,,,,,,,,,,,,,,,,,,,,,,,,,,,,,,,,,,,,,,,,,,,,,,,,,0.0,1.0,,,,,,,,,,,,,,,,,Liga FUTVE 2,Ec90yuCn
YZFAa0Si,VENEZUELA,2025,VENEZUELA 2,VENEZUELA 2,30/08/2025,19:30,Round 22,Frontera,4AqkWAQI,Urena,x6MdZOGO,False,2,1,,,,,,"[89, 90]",[75],LuvaBet,1.77,2.41,6.27,Novibet,1.86,2.65,4.7,Novibet,1.46,4.2,5.6,Novibet,1.31,3.05,Sportingbet.br,2.65,1.42,,0.0,0.0,Betnacional,1.15,4.04,Betnacional,1.77,1.8,Betnacional,3.31,1.22,,0.0,0.0,Superbet.br,1.21,3.5,LuvaBet,1.61,2.12,Sportingbet.br,2.85,1.37,,0.0,0.0,Superbet.br,1.72,2.02,Betnacional,3.48,1.2,Betnacional,2.82,1.31,Betano.br,1.16,1.2,2.32,LuvaBet,1.01,1.38,1.69,Betnacional,1.21,1.32,1.58,Novibet,1.2,3.95,Novibet,1.28,3.2,Betano.br,1.31,3.25,Betnacional,2.56,18.03,45.0,4.75,7.5,11.0,23.0,21.0,10.0,Superbet.br,1.92,1.8,Betnacional,1.98,1.71,Betnacional,1.88,1.79,Betnacional,15.8,LuvaBet,7.85,LuvaBet,17.0,LuvaBet,8.83,Betnacional,8.44,LuvaBet,28.0,LuvaBet,9.32,LuvaBet,19.0,LuvaBet,19.0,Betnacional,13.5,Betnacional,57.0,LuvaBet,13.0,Estrelabet,41.0,LuvaBet,25.0,Estrelabet,41.0,,0.0,0.0,,0.0,0.0,Betnacional,2.55,1.37,Betnacional,2.08,1.56,Betnacional,1.62,1.99,,0.0,0.0,,0.0,0.0,,0.0,0.0,,0.0,0.0,,0.0,0.0,Betnacional,11.69,7.44,0.0,Betnacional,5.54,4.82,18.95,Betnacional,2.79,3.64,8.27,Betnacional,1.24,5.28,2.05,Betnacional,1.05,8.51,1.37,Betnacional,0.0,0.0,1.11,,,,,,,,,,,,,,,,,,,,,,,,,,,,,,,,,,,,,,,,,,,,,,,,,,,,,,,,,,,,,,,,,,,,,,,,,,,,,,,,,,,,,,,,,,,,,,,,,,,,,,,,,,,,,,,,,,,,,,,,,,,,,,,,,,,,,,,,,,,,,,,,,,,,,,,,,,,,,,,,,,,,,,,,,,,,,,,,,,,,,,,,,,,,,,,,,,,,,,,,,,,,,Liga FUTVE 2,Ec90yuCn
t41NDjm2,VENEZUELA,2025,VENEZUELA 2,VENEZUELA 2,03/09/2025,21:30,Round 23,Barquisimeto,4rp8eIDa,Frontera,4AqkWAQI,False,3,1,,,,,,"[5, 27, 62]",[2],Betfair,2.0,2.25,6.0,Sportingbet.br,1.8,2.6,5.5,Betfair,1.4,3.75,6.5,Betfair,1.33,3.0,Betfair,2.88,1.36,Betfair,7.5,1.06,Betnacional,1.19,3.55,Sportingbet.br,2.05,1.68,Betnacional,3.8,1.17,Betfair,1.02,10.0,Betfair,1.25,3.6,Betfair,1.91,1.8,Betfair,3.3,1.29,Betfair,7.0,1.07,Betfair,2.0,1.7,Betnacional,4.08,1.14,Betnacional,3.39,1.21,Sportingbet.br,1.12,1.22,2.45,Sportingbet.br,1.12,1.58,1.68,Sportingbet.br,1.13,1.42,1.87,Estrelabet,1.2,4.0,Betnacional,1.22,3.34,Betano.br,1.27,3.55,Betfair,2.2,14.0,61.0,4.2,6.0,12.0,20.0,15.0,11.0,Superbet.br,1.87,1.83,LuvaBet,2.07,1.7,LuvaBet,1.97,1.71,Betfair,10.0,Betfair,5.5,Betfair,13.0,Betfair,7.0,Betfair,6.0,Betfair,31.0,Betfair,7.0,Betfair,15.0,Betfair,15.0,Betfair,9.0,Betfair,81.0,Betfair,11.0,Betfair,61.0,Betfair,23.0,Betfair,67.0,,0.0,0.0,,0.0,0.0,Betnacional,2.2,1.5,LuvaBet,1.8,1.9,Betnacional,1.43,2.39,,0.0,0.0,,0.0,0.0,,0.0,0.0,,0.0,0.0,,0.0,0.0,Betnacional,9.08,6.42,0.0,Betnacional,4.34,4.28,31.39,Betnacional,2.29,3.5,14.8,Betnacional,1.11,6.52,2.51,Betnacional,1.01,9.76,1.53,Betnacional,0.0,0.0,1.17,,,,,,,,,,,,,,,,,,,,,,,,,,,,,,,,,,,,,,,,,,,,,,,,,,,,,,,,,,,,,,,,,,,,,,,,,,,,,,,,,,,,,,,,,,,,,,,,,,,,,,,,,,,,,,,,,,,,,,,,,,,,,,,,,,,,,,,,,,,,,,,,,,,,,,,,,,,,,,,,,,,,,,,,,,,,,,,,,,,,,,,,,,,,,,,,,,,,,,,,,,,,,Liga FUTVE 2,Ec90yuCn
G0lnkRJi,VENEZUELA,2025,VENEZUELA 2,VENEZUELA 2,02/08/2025,21:00,Round 18,Maritimo,0CATV9mo,Dynamo Puerto,IRzKqzlk,False,1,1,,,,,,[],[],,0.0,0.0,0.0,,0.0,0.0,0.0,,0.0,0.0,0.0,,0.0,0.0,,0.0,0.0,,0.0,0.0,,0.0,0.0,,0.0,0.0,,0.0,0.0,,0.0,0.0,,0.0,0.0,,0.0,0.0,,0.0,0.0,,0.0,0.0,,0.0,0.0,,0.0,0.0,,0.0,0.0,,0.0,0.0,0.0,,0.0,0.0,0.0,,0.0,0.0,0.0,,0.0,0.0,,0.0,0.0,,0.0,0.0,,0.0,0.0,0.0,0.0,0.0,0.0,0.0,0.0,0.0,,0.0,0.0,,0.0,0.0,,0.0,0.0,,0.0,,0.0,,0.0,,0.0,,0.0,,0.0,,0.0,,0.0,,0.0,,0.0,,0.0,,0.0,,0.0,,0.0,,0.0,,0.0,0.0,,0.0,0.0,,0.0,0.0,,0.0,0.0,,0.0,0.0,,0.0,0.0,,0.0,0.0,,0.0,0.0,,0.0,0.0,,0.0,0.0,,0.0,0.0,0.0,,0.0,0.0,0.0,,0.0,0.0,0.0,,0.0,0.0,0.0,,0.0,0.0,0.0,,0.0,0.0,0.0,,,,,,,,,,,,,,,,,,,,,,,,,,,,,,,,,,,,,,,,,,,,,,,,,,,,,,,,,,,,,,,,,,,,,,,,,,,,,,,,,,,,,,,,,,,,,,,,,,,,,,,,,,,,,,,,,,,,,,,,,,,,,,,,,,,,,,,,,,,,,,,,,,,,,,,,,,,,,,,,,,,,,,,,,,,,,,,,,,,,,,,,,,,,,,,,,,,,,,,,,,,,,Liga FUTVE 2,Ec90yuCn
z5BaRNRp,VENEZUELA,2025,VENEZUELA 2,VENEZUELA 2,02/08/2025,20:00,Round 18,Angostura,IZnAvh6K,Miranda,bqdjykPk,False,1,2,,,,,,[],[],,0.0,0.0,0.0,,0.0,0.0,0.0,,0.0,0.0,0.0,,0.0,0.0,,0.0,0.0,,0.0,0.0,,0.0,0.0,,0.0,0.0,,0.0,0.0,,0.0,0.0,,0.0,0.0,,0.0,0.0,,0.0,0.0,,0.0,0.0,,0.0,0.0,,0.0,0.0,,0.0,0.0,,0.0,0.0,0.0,,0.0,0.0,0.0,,0.0,0.0,0.0,,0.0,0.0,,0.0,0.0,,0.0,0.0,,0.0,0.0,0.0,0.0,0.0,0.0,0.0,0.0,0.0,,0.0,0.0,,0.0,0.0,,0.0,0.0,,0.0,,0.0,,0.0,,0.0,,0.0,,0.0,,0.0,,0.0,,0.0,,0.0,,0.0,,0.0,,0.0,,0.0,,0.0,,0.0,0.0,,0.0,0.0,,0.0,0.0,,0.0,0.0,,0.0,0.0,,0.0,0.0,,0.0,0.0,,0.0,0.0,,0.0,0.0,,0.0,0.0,,0.0,0.0,0.0,,0.0,0.0,0.0,,0.0,0.0,0.0,,0.0,0.0,0.0,,0.0,0.0,0.0,,0.0,0.0,0.0,,,,,,,,,,,,,,,,,,,,,,,,,,,,,,,,,,,,,,,,,,,,,,,,,,,,,,,,,,,,,,,,,,,,,,,,,,,,,,,,,,,,,,,,,,,,,,,,,,,,,,,,,,,,,,,,,,,,,,,,,,,,,,,,,,,,,,,,,,,,,,,,,,,,,,,,,,,,,,,,,,,,,,,,,,,,,,,,,,,,,,,,,,,,,,,,,,,,,,,,,,,,,Liga FUTVE 2,Ec90yuCn
4MKTWq4N,VENEZUELA,2025,VENEZUELA 2,VENEZUELA 2,02/08/2025,19:30,Round 18,Frontera,4AqkWAQI,Puerto Cabello B,jmA1Pu7j,False,2,1,,,,,,[],[],,0.0,0.0,0.0,,0.0,0.0,0.0,,0.0,0.0,0.0,,0.0,0.0,,0.0,0.0,,0.0,0.0,,0.0,0.0,,0.0,0.0,,0.0,0.0,,0.0,0.0,,0.0,0.0,,0.0,0.0,,0.0,0.0,,0.0,0.0,,0.0,0.0,,0.0,0.0,,0.0,0.0,,0.0,0.0,0.0,,0.0,0.0,0.0,,0.0,0.0,0.0,,0.0,0.0,,0.0,0.0,,0.0,0.0,,0.0,0.0,0.0,0.0,0.0,0.0,0.0,0.0,0.0,,0.0,0.0,,0.0,0.0,,0.0,0.0,,0.0,,0.0,,0.0,,0.0,,0.0,,0.0,,0.0,,0.0,,0.0,,0.0,,0.0,,0.0,,0.0,,0.0,,0.0,,0.0,0.0,,0.0,0.0,,0.0,0.0,,0.0,0.0,,0.0,0.0,,0.0,0.0,,0.0,0.0,,0.0,0.0,,0.0,0.0,,0.0,0.0,,0.0,0.0,0.0,,0.0,0.0,0.0,,0.0,0.0,0.0,,0.0,0.0,0.0,,0.0,0.0,0.0,,0.0,0.0,0.0,,,,,,,,,,,,,,,,,,,,,,,,,,,,,,,,,,,,,,,,,,,,,,,,,,,,,,,,,,,,,,,,,,,,,,,,,,,,,,,,,,,,,,,,,,,,,,,,,,,,,,,,,,,,,,,,,,,,,,,,,,,,,,,,,,,,,,,,,,,,,,,,,,,,,,,,,,,,,,,,,,,,,,,,,,,,,,,,,,,,,,,,,,,,,,,,,,,,,,,,,,,,,Liga FUTVE 2,Ec90yuCn
fPY34Elo,VENEZUELA,2025,VENEZUELA 2,VENEZUELA 2,17/08/2025,19:30,Round 20,Trujillanos,ddwscmEO,Frontera,4AqkWAQI,False,2,2,,,,,,"[7, 65]","[24, 37]",Novibet,2.3,2.02,5.15,Sportingbet.br,2.05,2.4,4.4,Novibet,1.68,3.45,4.6,Sportingbet.br,1.43,2.6,Novibet,2.95,1.33,,0.0,0.0,Betnacional,1.24,3.2,Sportingbet.br,2.2,1.57,Betnacional,4.38,1.12,,0.0,0.0,Sportingbet.br,1.35,2.9,Estrelabet,2.1,1.6,,0.0,0.0,,0.0,0.0,F12,1.96,1.7,Betnacional,4.31,1.13,Betnacional,3.55,1.19,Sportingbet.br,1.19,1.27,2.0,Sportingbet.br,1.16,1.65,1.52,Sportingbet.br,1.18,1.49,1.66,Novibet,1.3,3.2,Novibet,1.36,2.8,Betano.br,1.4,2.82,Sportingbet.br,2.75,16.96,54.3,4.5,5.25,9.75,31.0,18.53,8.05,BR4Bet,1.86,1.83,Sportingbet.br,2.05,1.66,Betnacional,1.94,1.74,Betnacional,8.89,Betnacional,5.76,Betnacional,10.44,Betnacional,6.6,Betnacional,7.07,Betnacional,23.62,Betnacional,8.08,Betnacional,14.74,Betnacional,18.31,Betnacional,12.93,Betnacional,80.7,Betnacional,14.8,Betnacional,50.1,Betnacional,33.64,Betnacional,62.1,,0.0,0.0,,0.0,0.0,Betboom.br,2.92,1.33,Betboom.br,2.36,1.49,Betnacional,1.65,1.95,,0.0,0.0,,0.0,0.0,,0.0,0.0,,0.0,0.0,,0.0,0.0,Betnacional,14.18,7.75,0.0,Betnacional,6.4,4.81,26.57,Betnacional,3.0,3.46,11.16,Betnacional,1.18,5.47,2.01,Betnacional,1.03,9.04,1.32,Betnacional,0.0,0.0,1.09,,,,,,,,,,,,,,,,,,,,,,,,,,,,,,,,,,,,,,,,,,,,,,,,,,,,,,,,,,,,,,,,,,,,,,,,,,,,,,,,,,,,,,,,,,,,,,,,,,,,,,,,,,,,,,,,,,,,,,,,,,,,,,,,,,,,,,,,,,,,,,,,,,,,,,,,,,,,,,,,,,,,,,,,,,,,,,,,,,,,,,,,,,,,,,,,,,,,,,,,,,,,,Liga FUTVE 2,Ec90yuCn
fXAm1D3d,VENEZUELA,2025,VENEZUELA 2,VENEZUELA 2,03/09/2025,19:30,Round 23,Trujillanos,ddwscmEO,Heroes de Falcon,vRH5aOqg,False,3,0,,,,,,"[28, 80, 84]",[],Betfair,1.91,2.2,6.5,Betnacional,1.87,2.65,4.82,Betfair,1.4,4.0,7.0,Betfair,1.36,2.88,Betfair,2.88,1.36,Betfair,7.5,1.05,Betnacional,1.18,3.64,Betnacional,1.89,1.69,Betnacional,3.63,1.18,Betfair,1.01,11.0,Betfair,1.22,3.8,Betfair,1.75,1.95,Betfair,3.0,1.33,Betfair,5.5,1.11,Betfair,1.95,1.75,Betnacional,3.83,1.16,Betnacional,3.14,1.25,Betano.br,1.13,1.23,2.37,Betano.br,1.13,1.52,1.65,Betnacional,1.15,1.34,1.65,Superbet.br,1.14,4.35,Betano.br,1.27,3.45,Betano.br,1.3,3.3,Betfair,2.1,14.0,61.0,4.0,6.0,13.0,21.0,15.0,11.0,Superbet.br,1.97,1.75,Sportingbet.br,2.05,1.68,Betnacional,1.92,1.76,Betfair,11.0,Betfair,6.0,Betfair,13.0,Betfair,7.5,Betfair,6.0,Betfair,34.0,Betfair,7.0,Betfair,17.0,Betfair,15.0,Betfair,8.5,Betfair,81.0,Betfair,11.0,Betfair,67.0,Betfair,21.0,Betfair,61.0,,0.0,0.0,,0.0,0.0,Betnacional,2.29,1.46,Betano.br,1.85,1.75,Betnacional,1.49,2.22,,0.0,0.0,,0.0,0.0,,0.0,0.0,,0.0,0.0,,0.0,0.0,Betnacional,9.26,6.66,0.0,Betnacional,4.49,4.49,28.22,Betnacional,2.4,3.69,13.3,Betnacional,1.12,6.48,2.32,Betnacional,1.02,9.74,1.48,Betnacional,0.0,0.0,1.16,,,,,,,,,,,,,,,,,,,,,,,,,,,,,,,,,,,,,,,,,,,,,,,,,,,,,,,,,,,,,,,,,,,,,,,,,,,,,,,,,,,,,,,,,,,,,,,,,,,,,,,,,,,,,,,,,,,,,,,,,,,,,,,,,,,,,,,,,,,,,,,,,,,,,,,,,,,,,,,,,,,,,,,,,,,,,,,,,,,,,,,,,,,,,,,,,,,,,,,,,,,,,Liga FUTVE 2,Ec90yuCn
j9LOnXkR,VENEZUELA,2025,VENEZUELA 2,VENEZUELA 2,24/07/2025,20:00,Round 17,Mineros,nHA4pAGL,Angostura,IZnAvh6K,False,1,1,,,,,,[],[],,0.0,0.0,0.0,,0.0,0.0,0.0,,0.0,0.0,0.0,,0.0,0.0,,0.0,0.0,,0.0,0.0,,0.0,0.0,,0.0,0.0,,0.0,0.0,,0.0,0.0,,0.0,0.0,,0.0,0.0,,0.0,0.0,,0.0,0.0,,0.0,0.0,,0.0,0.0,,0.0,0.0,,0.0,0.0,0.0,,0.0,0.0,0.0,,0.0,0.0,0.0,,0.0,0.0,,0.0,0.0,,0.0,0.0,,0.0,0.0,0.0,0.0,0.0,0.0,0.0,0.0,0.0,,0.0,0.0,,0.0,0.0,,0.0,0.0,,0.0,,0.0,,0.0,,0.0,,0.0,,0.0,,0.0,,0.0,,0.0,,0.0,,0.0,,0.0,,0.0,,0.0,,0.0,,0.0,0.0,,0.0,0.0,,0.0,0.0,,0.0,0.0,,0.0,0.0,,0.0,0.0,,0.0,0.0,,0.0,0.0,,0.0,0.0,,0.0,0.0,,0.0,0.0,0.0,,0.0,0.0,0.0,,0.0,0.0,0.0,,0.0,0.0,0.0,,0.0,0.0,0.0,,0.0,0.0,0.0,,,,,,,,,,,,,,,,,,,,,,,,,,,,,,,,,,,,,,,,,,,,,,,,,,,,,,,,,,,,,,,,,,,,,,,,,,,,,,,,,,,,,,,,,,,,,,,,,,,,,,,,,,,,,,,,,,,,,,,,,,,,,,,,,,,,,,,,,,,,,,,,,,,,,,,,,,,,,,,,,,,,,,,,,,,,,,,,,,,,,,,,,,,,,,,,,,,,,,,,,,,,,Liga FUTVE 2,Ec90yuCn
KQ8sOQrJ,VENEZUELA,2025,VENEZUELA 2,VENEZUELA 2,10/08/2025,20:00,Round 19,Urena,x6MdZOGO,Trujillanos,ddwscmEO,False,1,1,,,,,,[86],[81],,0.0,0.0,0.0,,0.0,0.0,0.0,,0.0,0.0,0.0,,0.0,0.0,,0.0,0.0,,0.0,0.0,,0.0,0.0,,0.0,0.0,,0.0,0.0,,0.0,0.0,,0.0,0.0,,0.0,0.0,,0.0,0.0,,0.0,0.0,,0.0,0.0,,0.0,0.0,,0.0,0.0,,0.0,0.0,0.0,,0.0,0.0,0.0,,0.0,0.0,0.0,,0.0,0.0,,0.0,0.0,,0.0,0.0,,0.0,0.0,0.0,0.0,0.0,0.0,0.0,0.0,0.0,,0.0,0.0,,0.0,0.0,,0.0,0.0,,0.0,,0.0,,0.0,,0.0,,0.0,,0.0,,0.0,,0.0,,0.0,,0.0,,0.0,,0.0,,0.0,,0.0,,0.0,,0.0,0.0,,0.0,0.0,,0.0,0.0,,0.0,0.0,,0.0,0.0,,0.0,0.0,,0.0,0.0,,0.0,0.0,,0.0,0.0,,0.0,0.0,,0.0,0.0,0.0,,0.0,0.0,0.0,,0.0,0.0,0.0,,0.0,0.0,0.0,,0.0,0.0,0.0,,0.0,0.0,0.0,,,,,,,,,,,,,,,,,,,,,,,,,,,,,,,,,,,,,,,,,,,,,,,,,,,,,,,,,,,,,,,,,,,,,,,,,,,,,,,,,,,,,,,,,,,,,,,,,,,,,,,,,,,,,,,,,,,,,,,,,,,,,,,,,,,,,,,,,,,,,,,,,,,,,,,,,,,,,,,,,,,,,,,,,,,,,,,,,,,,,,,,,,,,,,,,,,,,,,,,,,,,,Liga FUTVE 2,Ec90yuCn
ADY7MDAT,VENEZUELA,2025,VENEZUELA 2,VENEZUELA 2,16/08/2025,21:30,Round 20,Barquisimeto,4rp8eIDa,Titanes,6eug9B26,False,2,0,,,,,,"[14, 29]",[],Betnacional,2.17,2.14,5.19,Sportingbet.br,1.98,2.45,4.75,LuvaBet,1.59,3.74,4.92,Sportingbet.br,1.4,2.7,Betnacional,2.64,1.35,,0.0,0.0,Betnacional,1.23,3.28,Sportingbet.br,2.2,1.58,Betnacional,4.23,1.13,,0.0,0.0,Sportingbet.br,1.33,3.0,Superbet.br,2.0,1.72,Superbet.br,3.4,1.23,,0.0,0.0,Superbet.br,2.0,1.72,Betnacional,4.24,1.13,Betnacional,3.5,1.2,Betano.br,1.17,1.24,2.18,Sportingbet.br,1.15,1.62,1.57,Sportingbet.br,1.16,1.47,1.72,Lotogreen,1.25,3.6,Betano.br,1.34,3.0,Betano.br,1.33,3.15,LuvaBet,2.54,17.05,57.1,4.39,5.58,10.25,31.0,19.0,8.74,LuvaBet,1.9,1.8,Sportingbet.br,2.05,1.66,Betnacional,1.93,1.75,Betnacional,9.45,LuvaBet,5.87,LuvaBet,12.0,LuvaBet,7.83,LuvaBet,6.85,Betnacional,26.46,LuvaBet,9.79,LuvaBet,17.0,LuvaBet,21.0,Betnacional,11.84,Betnacional,92.2,LuvaBet,17.0,Betnacional,54.2,LuvaBet,33.0,Betnacional,63.5,,0.0,0.0,,0.0,0.0,Betboom.br,2.77,1.36,Betboom.br,2.09,1.62,Betnacional,1.58,2.05,,0.0,0.0,,0.0,0.0,,0.0,0.0,,0.0,0.0,,0.0,0.0,Betnacional,12.55,7.37,0.0,Betnacional,5.73,4.65,27.99,Betnacional,2.78,3.46,12.11,Betnacional,1.16,5.76,2.12,Betnacional,1.02,9.28,1.37,Betnacional,0.0,0.0,1.11,,,,,,,,,,,,,,,,,,,,,,,,,,,,,,,,,,,,,,,,,,,,,,,,,,,,,,,,,,,,,,,,,,,,,,,,,,,,,,,,,,,,,,,,,,,,,,,,,,,,,,,,,,,,,,,,,,,,,,,,,,,,,,,,,,,,,,,,,,,,,,,,,,,,,,,,,,,,,,,,,,,,,,,,,,,,,,,,,,,,,,,,,,,,,,,,,,,,,,,,,,,,,Liga FUTVE 2,Ec90yuCn
fsSFlgLE,VENEZUELA,2025,VENEZUELA 2,VENEZUELA 2,24/07/2025,19:30,Round 17,Miranda,bqdjykPk,Maritimo,0CATV9mo,False,0,0,,,,,,[],[],,0.0,0.0,0.0,,0.0,0.0,0.0,,0.0,0.0,0.0,,0.0,0.0,,0.0,0.0,,0.0,0.0,,0.0,0.0,,0.0,0.0,,0.0,0.0,,0.0,0.0,,0.0,0.0,,0.0,0.0,,0.0,0.0,,0.0,0.0,,0.0,0.0,,0.0,0.0,,0.0,0.0,,0.0,0.0,0.0,,0.0,0.0,0.0,,0.0,0.0,0.0,,0.0,0.0,,0.0,0.0,,0.0,0.0,,0.0,0.0,0.0,0.0,0.0,0.0,0.0,0.0,0.0,,0.0,0.0,,0.0,0.0,,0.0,0.0,,0.0,,0.0,,0.0,,0.0,,0.0,,0.0,,0.0,,0.0,,0.0,,0.0,,0.0,,0.0,,0.0,,0.0,,0.0,,0.0,0.0,,0.0,0.0,,0.0,0.0,,0.0,0.0,,0.0,0.0,,0.0,0.0,,0.0,0.0,,0.0,0.0,,0.0,0.0,,0.0,0.0,,0.0,0.0,0.0,,0.0,0.0,0.0,,0.0,0.0,0.0,,0.0,0.0,0.0,,0.0,0.0,0.0,,0.0,0.0,0.0,,,,,,,,,,,,,,,,,,,,,,,,,,,,,,,,,,,,,,,,,,,,,,,,,,,,,,,,,,,,,,,,,,,,,,,,,,,,,,,,,,,,,,,,,,,,,,,,,,,,,,,,,,,,,,,,,,,,,,,,,,,,,,,,,,,,,,,,,,,,,,,,,,,,,,,,,,,,,,,,,,,,,,,,,,,,,,,,,,,,,,,,,,,,,,,,,,,,,,,,,,,,,Liga FUTVE 2,Ec90yuCn
r703ukr1,VENEZUELA,2025,VENEZUELA 2,VENEZUELA 2,24/07/2025,19:30,Round 17,Puerto Cabello B,jmA1Pu7j,Urena,x6MdZOGO,False,0,1,,,,,,[],[],,0.0,0.0,0.0,,0.0,0.0,0.0,,0.0,0.0,0.0,,0.0,0.0,,0.0,0.0,,0.0,0.0,,0.0,0.0,,0.0,0.0,,0.0,0.0,,0.0,0.0,,0.0,0.0,,0.0,0.0,,0.0,0.0,,0.0,0.0,,0.0,0.0,,0.0,0.0,,0.0,0.0,,0.0,0.0,0.0,,0.0,0.0,0.0,,0.0,0.0,0.0,,0.0,0.0,,0.0,0.0,,0.0,0.0,,0.0,0.0,0.0,0.0,0.0,0.0,0.0,0.0,0.0,,0.0,0.0,,0.0,0.0,,0.0,0.0,,0.0,,0.0,,0.0,,0.0,,0.0,,0.0,,0.0,,0.0,,0.0,,0.0,,0.0,,0.0,,0.0,,0.0,,0.0,,0.0,0.0,,0.0,0.0,,0.0,0.0,,0.0,0.0,,0.0,0.0,,0.0,0.0,,0.0,0.0,,0.0,0.0,,0.0,0.0,,0.0,0.0,,0.0,0.0,0.0,,0.0,0.0,0.0,,0.0,0.0,0.0,,0.0,0.0,0.0,,0.0,0.0,0.0,,0.0,0.0,0.0,,,,,,,,,,,,,,,,,,,,,,,,,,,,,,,,,,,,,,,,,,,,,,,,,,,,,,,,,,,,,,,,,,,,,,,,,,,,,,,,,,,,,,,,,,,,,,,,,,,,,,,,,,,,,,,,,,,,,,,,,,,,,,,,,,,,,,,,,,,,,,,,,,,,,,,,,,,,,,,,,,,,,,,,,,,,,,,,,,,,,,,,,,,,,,,,,,,,,,,,,,,,,Liga FUTVE 2,Ec90yuCn
44q7r2hg,VENEZUELA,2025,VENEZUELA 2,VENEZUELA 2,13/09/2025,21:30,Round 25,Barquisimeto,4rp8eIDa,El Vigia,OYcssXWF,False,1,0,,,,,,[25],[],Novibet,1.83,2.3,7.1,Betnacional,1.69,2.71,6.26,Novibet,1.33,4.6,7.6,Novibet,1.34,2.9,Estrelabet,2.66,1.36,,0.0,0.0,Betnacional,1.2,3.47,Sportingbet.br,2.1,1.63,Betnacional,3.9,1.16,,0.0,0.0,LuvaBet,1.22,3.73,Superbet.br,1.92,1.78,Superbet.br,3.2,1.26,LuvaBet,5.63,1.1,Superbet.br,2.2,1.59,Betnacional,4.38,1.12,Betnacional,3.69,1.18,LuvaBet,1.04,1.11,2.83,Sportingbet.br,1.1,1.53,1.78,Sportingbet.br,1.1,1.41,1.98,Estrelabet,1.11,5.33,Betano.br,1.21,4.0,Betano.br,1.2,4.25,Betano.br,2.02,21.04,87.0,4.0,6.78,16.0,25.69,24.17,13.81,Superbet.br,1.87,1.85,Sportingbet.br,2.0,1.7,Betnacional,1.92,1.76,LuvaBet,12.0,LuvaBet,6.36,LuvaBet,17.0,LuvaBet,9.78,LuvaBet,6.36,Betnacional,46.48,LuvaBet,9.78,Betnacional,22.97,LuvaBet,25.0,LuvaBet,8.31,Betnacional,100.0,LuvaBet,15.0,Betnacional,98.4,Betnacional,33.14,Betnacional,96.7,,0.0,0.0,Betnacional,2.84,1.3,Betnacional,2.0,1.61,LuvaBet,1.5,2.35,Betnacional,1.39,2.51,,0.0,0.0,,0.0,0.0,,0.0,0.0,,0.0,0.0,,0.0,0.0,Betnacional,7.83,5.91,0.0,Betnacional,3.79,4.04,37.81,Betnacional,2.06,3.46,19.29,Betnacional,1.08,7.15,2.88,Betnacional,1.01,9.93,1.64,Betnacional,0.0,0.0,1.22,,,,,,,,,,,,,,,,,,,,,,,,,,,,,,,,,,,,,,,,,,,,,,,,,,,0.0,1.0,,,,,,,,,,,,,,,,,,,,,,,,,,,,,,,,,,,,,,,,,,,,,,,,,,,,,,,,,,,,,,,,,,,0.0,1.0,,,,,,,,,,,,,,,,,,,,,,,,,,,,,,,,,,,,,,,,,,,,,,,,,,,,,,,,,,,,,,,,,,,,,,,,,,,,,,,,,,,,,Liga FUTVE 2,Ec90yuCn
02c8Fvcn,VENEZUELA,2025,VENEZUELA 2,VENEZUELA 2,15/08/2025,23:00,Round 20,Dynamo Puerto,IRzKqzlk,Bolivar,KpRwCxzH,False,3,0,,,,,,"[18, 24, 29]",[],LuvaBet,2.53,1.9,4.61,Sportingbet.br,2.35,2.2,4.2,LuvaBet,1.87,3.23,3.93,Lotogreen,1.45,2.4,Betnacional,3.25,1.27,Betnacional,7.0,1.04,Betnacional,1.3,2.85,Sportingbet.br,2.6,1.43,Betnacional,5.2,1.08,Betnacional,1.07,6.0,Betboom.br,1.45,2.47,Sportingbet.br,2.45,1.47,Superbet.br,4.4,1.13,Betnacional,7.5,1.04,Superbet.br,2.2,1.6,Betnacional,5.2,1.12,Betnacional,4.45,1.16,Betano.br,1.22,1.29,1.85,Sportingbet.br,1.17,1.8,1.41,Sportingbet.br,1.19,1.6,1.52,LuvaBet,1.37,2.7,Betano.br,1.47,2.52,Betano.br,1.45,2.62,Betano.br,3.05,19.0,55.0,4.56,4.56,8.11,36.0,19.0,7.09,LuvaBet,1.92,1.78,Sportingbet.br,2.2,1.6,Betnacional,1.96,1.73,Betnacional,7.29,Betnacional,5.38,LuvaBet,8.77,LuvaBet,6.82,Betnacional,7.71,LuvaBet,19.0,LuvaBet,11.0,LuvaBet,17.0,LuvaBet,22.0,Betnacional,16.51,Betnacional,62.1,LuvaBet,20.0,Betnacional,45.23,Betnacional,42.14,Betnacional,65.7,,0.0,0.0,,0.0,0.0,Betboom.br,3.66,1.21,Betboom.br,2.67,1.38,LuvaBet,1.85,1.81,Betnacional,1.25,3.35,Betboom.br,1.01,8.99,,0.0,0.0,,0.0,0.0,,0.0,0.0,Betnacional,19.43,8.72,0.0,Betnacional,8.67,5.31,24.19,Betnacional,3.71,3.46,9.52,Betnacional,1.24,4.86,1.78,Betnacional,1.04,8.45,1.23,Betnacional,0.0,0.0,1.05,,,,,,,,,,,,,,,,,,,,,,,,,,,,,,,,,,,,,,,,,,,,,,,,,,,0.0,2.0,,,,,,,,,,,,,,,,,,,,,,,,,,,,,,,,,,,,,,,,,,,,,,,,,,,,,,,,,,,,,,,,,,,0.0,1.0,,,,,,,,,,,,,,,,,,,,,,,,,,,,,,,,,,,,,,,,,,,,,,,,,,,,,,,,,,,,,,,,,,,0.0,1.0,,,,,,,,,,,,,,,,,Liga FUTVE 2,Ec90yuCn
roFbQeB4,VENEZUELA,2025,VENEZUELA 2,VENEZUELA 2,17/08/2025,19:30,Round 20,Puerto Cabello B,jmA1Pu7j,Heroes de Falcon,vRH5aOqg,False,4,2,,,,,,"[66, 75, 79, 90]","[8, 56]",Betnacional,2.39,2.04,4.75,Betano.br,2.18,2.3,4.25,Betboom.br,1.77,3.7,4.1,Esportivabet,1.36,2.66,Betnacional,2.82,1.31,,0.0,0.0,Betnacional,1.24,3.19,Sportingbet.br,2.3,1.53,Betnacional,4.47,1.12,Superbet.br,1.07,5.65,Sportingbet.br,1.38,2.8,Betboom.br,2.37,1.48,Superbet.br,3.65,1.19,,0.0,0.0,Superbet.br,2.05,1.69,Betnacional,4.38,1.12,Betnacional,3.59,1.19,Betano.br,1.21,1.26,1.95,Sportingbet.br,1.17,1.66,1.49,Sportingbet.br,1.19,1.51,1.61,Lotogreen,1.33,3.0,Betano.br,1.42,2.67,Betano.br,1.42,2.77,Sportingbet.br,2.9,17.86,51.8,4.6,5.25,9.0,31.0,19.17,7.41,Goldebet,1.86,1.83,LuvaBet,2.12,1.61,Betnacional,1.93,1.75,Betnacional,8.85,LuvaBet,5.92,Betnacional,9.5,LuvaBet,7.89,LuvaBet,7.39,Betnacional,21.1,LuvaBet,9.86,LuvaBet,15.0,LuvaBet,21.0,Betnacional,13.82,Betnacional,70.8,LuvaBet,19.0,Betnacional,46.14,LuvaBet,40.0,Betnacional,60.0,,0.0,0.0,,0.0,0.0,,0.0,0.0,Betboom.br,4.1,1.17,LuvaBet,1.74,1.93,Betnacional,1.35,2.63,Betboom.br,1.08,5.73,,0.0,0.0,,0.0,0.0,,0.0,0.0,Betnacional,15.62,8.02,0.0,Betnacional,6.97,4.91,25.14,Betnacional,3.17,3.41,10.25,Betnacional,1.21,5.17,1.96,Betnacional,1.04,8.76,1.29,Betnacional,0.0,0.0,1.07,,,,,,,,,,,,,,,,,,,,,,,,,,,,,,,,,,,,,,,,,,,,,,,,,,,,,,,,,,,,,,,,,,,,,,,,,,,,,,,,,,,,,,,,,,,,,,,,,,,,,,,,,,,,,,,,,,,,,,,,,,,,,,,,,,,,,,,,,,,,,,,,,,,,,,,,,,,,,,,,,,,,,,,,,,,,,,,,,,,,,,,,,,,,,,,,,,,,,,,,,,,,,Liga FUTVE 2,Ec90yuCn
2RgPBddB,VENEZUELA,2025,VENEZUELA 2,VENEZUELA 2,17/08/2025,20:00,Round 20,Aragua,CbfwrDH9,Monagas B,z1jpHUsI,False,3,0,,,,,,"[18, 75, 84]",[],Betnacional,1.98,2.21,6.21,Betano.br,1.82,2.5,5.5,F12,1.48,3.9,6.0,Esportivabet,1.36,2.66,Novibet,2.85,1.35,,0.0,0.0,Betnacional,1.23,3.24,Sportingbet.br,2.2,1.6,Betnacional,4.27,1.13,,0.0,0.0,Sportingbet.br,1.33,3.0,Sportingbet.br,1.98,1.72,,0.0,0.0,,0.0,0.0,F12,2.08,1.61,Betnacional,4.45,1.12,Betnacional,3.73,1.17,Betano.br,1.12,1.21,2.52,Sportingbet.br,1.11,1.62,1.66,Sportingbet.br,1.12,1.46,1.85,Esportivabet,1.16,4.33,Betano.br,1.25,3.55,Betano.br,1.24,3.75,Betano.br,2.18,18.58,74.2,4.16,5.65,12.68,27.26,21.18,11.36,Betnacional,1.85,1.82,Sportingbet.br,2.05,1.66,Betnacional,1.94,1.74,Betnacional,9.44,Betnacional,5.5,Betnacional,13.3,Betnacional,7.35,Betnacional,5.99,Betnacional,35.81,Betnacional,8.07,Betnacional,19.72,Betnacional,21.42,Betnacional,9.66,Betnacional,100.0,Betnacional,13.08,Betnacional,79.8,Betnacional,35.22,Betnacional,87.4,,0.0,0.0,,0.0,0.0,Betboom.br,2.36,1.49,Betboom.br,1.78,1.88,Betnacional,1.45,2.33,,0.0,0.0,,0.0,0.0,,0.0,0.0,,0.0,0.0,,0.0,0.0,Betnacional,10.22,6.64,0.0,Betnacional,4.73,4.29,34.65,Betnacional,2.4,3.4,16.2,Betnacional,1.11,6.48,2.44,Betnacional,1.01,9.72,1.48,Betnacional,0.0,0.0,1.15,,,,,,,,,,,,,,,,,,,,,,,,,,,,,,,,,,,,,,,,,,,,,,,,,,,,,,,,,,,,,,,,,,,,,,,,,,,,,,,,,,,,,,,,,,,,,,,,,,,,,,,,,,,,,,,,,,,,,,,,,,,,,,,,,,,,,,,,,,,,,,,,,,,,,,,,,,,,,,,,,,,,,,,,,,,,,,,,,,,,,,,,,,,,,,,,,,,,,,,,,,,,,Liga FUTVE 2,Ec90yuCn
Qe3LDba4,VENEZUELA,2025,VENEZUELA 2,VENEZUELA 2,20/07/2025,20:00,Round 16,Heroes de Falcon,vRH5aOqg,Trujillanos,ddwscmEO,False,0,0,,,,,,[],[],,0.0,0.0,0.0,,0.0,0.0,0.0,,0.0,0.0,0.0,,0.0,0.0,,0.0,0.0,,0.0,0.0,,0.0,0.0,,0.0,0.0,,0.0,0.0,,0.0,0.0,,0.0,0.0,,0.0,0.0,,0.0,0.0,,0.0,0.0,,0.0,0.0,,0.0,0.0,,0.0,0.0,,0.0,0.0,0.0,,0.0,0.0,0.0,,0.0,0.0,0.0,,0.0,0.0,,0.0,0.0,,0.0,0.0,,0.0,0.0,0.0,0.0,0.0,0.0,0.0,0.0,0.0,,0.0,0.0,,0.0,0.0,,0.0,0.0,,0.0,,0.0,,0.0,,0.0,,0.0,,0.0,,0.0,,0.0,,0.0,,0.0,,0.0,,0.0,,0.0,,0.0,,0.0,,0.0,0.0,,0.0,0.0,,0.0,0.0,,0.0,0.0,,0.0,0.0,,0.0,0.0,,0.0,0.0,,0.0,0.0,,0.0,0.0,,0.0,0.0,,0.0,0.0,0.0,,0.0,0.0,0.0,,0.0,0.0,0.0,,0.0,0.0,0.0,,0.0,0.0,0.0,,0.0,0.0,0.0,,,,,,,,,,,,,,,,,,,,,,,,,,,,,,,,,,,,,,,,,,,,,,,,,,,,,,,,,,,,,,,,,,,,,,,,,,,,,,,,,,,,,,,,,,,,,,,,,,,,,,,,,,,,,,,,,,,,,,,,,,,,,,,,,,,,,,,,,,,,,,,,,,,,,,,,,,,,,,,,,,,,,,,,,,,,,,,,,,,,,,,,,,,,,,,,,,,,,,,,,,,,,Liga FUTVE 2,Ec90yuCn
vsvk7uYG,VENEZUELA,2025,VENEZUELA 2,VENEZUELA 2,27/09/2025,19:30,Round 27,Titanes,6eug9B26,Barquisimeto,4rp8eIDa,False,0,0,,,,,,[],[],Estrelabet,3.5,2.0,2.75,Sportingbet.br,3.1,2.45,2.55,Betano.br,2.8,3.4,2.2,Sportingbet.br,1.38,2.8,Sportingbet.br,2.75,1.39,,0.0,0.0,Betnacional,1.2,3.48,Betnacional,2.0,1.61,Betnacional,3.96,1.15,,0.0,0.0,Sportingbet.br,1.29,3.25,Estrelabet,1.95,1.7,Superbet.br,3.1,1.27,,0.0,0.0,Superbet.br,1.75,1.97,Betnacional,3.81,1.17,Betnacional,3.07,1.26,Betano.br,1.6,1.27,1.39,Novibet,1.33,1.62,1.25,Betnacional,1.38,1.39,1.29,Estrelabet,2.2,1.6,Novibet,1.99,1.69,Betano.br,1.98,1.62,Betnacional,4.82,15.5,28.61,6.88,5.3,5.63,33.93,15.14,3.69,Estrelabet,1.9,1.8,Betnacional,2.04,1.67,Betnacional,1.92,1.76,Betnacional,10.3,Betnacional,8.89,Betnacional,7.66,Betnacional,6.2,Betnacional,14.32,Betnacional,10.6,Betnacional,10.08,Betnacional,8.68,Betnacional,13.76,Estrelabet,36.0,Betnacional,21.92,Estrelabet,26.0,Betnacional,17.9,Estrelabet,36.0,Betnacional,29.0,,0.0,0.0,,0.0,0.0,,0.0,0.0,,0.0,0.0,Betnacional,2.6,1.36,Betnacional,1.55,2.1,Betnacional,1.27,2.99,,0.0,0.0,,0.0,0.0,,0.0,0.0,Betnacional,26.06,10.0,20.36,Betnacional,14.29,7.22,9.72,Betnacional,6.03,4.44,4.29,Betnacional,1.58,3.95,1.37,Betnacional,1.17,6.02,1.1,Betnacional,1.04,9.37,1.02,,,,,,,,,,,,,,,,,,,,,,,,,,,,,,,,,,,,,,,,,,,,,,,,,,,,,,,,,,,,,,,,,,,,,,,,,,,,,,,,,,,,,,,,,,,,,,,,,,,,,,,,,,,,,,,,,,,,,,,,,,,,,,,,,,,,,,,,,,,,,,,,,,,,,,,,,,,,,,,,,,,,,,,,,,,,,,,,,,,,,,,,,,,,,,,,,,,,,,,,,,,,,Liga FUTVE 2,Ec90yuCn
0AZiCwCc,VENEZUELA,2025,VENEZUELA 2,VENEZUELA 2,30/08/2025,21:00,Round 22,Maritimo,0CATV9mo,Aragua,CbfwrDH9,False,2,1,,,,,,"[9, 57]",[67],Betnacional,1.86,2.26,7.15,Sportingbet.br,1.75,2.55,6.5,Betboom.br,1.42,4.1,7.4,Betnacional,1.34,2.67,Novibet,2.9,1.34,,0.0,0.0,Betnacional,1.24,3.18,Sportingbet.br,2.25,1.55,Betnacional,4.32,1.13,,0.0,0.0,Sportingbet.br,1.35,2.95,Superbet.br,2.15,1.61,Superbet.br,3.75,1.19,,0.0,0.0,Betboom.br,2.27,1.56,Betnacional,4.66,1.1,Betnacional,3.95,1.15,Sportingbet.br,1.08,1.22,2.7,Sportingbet.br,1.09,1.6,1.73,Sportingbet.br,1.09,1.46,1.95,BateuBet,1.11,5.33,Betano.br,1.22,3.85,Betano.br,1.2,4.2,LuvaBet,2.29,21.0,92.2,4.07,5.75,15.04,28.63,23.08,14.01,Superbet.br,1.83,1.87,LuvaBet,2.12,1.61,Betnacional,1.95,1.74,Betnacional,9.22,LuvaBet,5.27,Betnacional,15.01,LuvaBet,8.63,Superbet.br,5.8,Betnacional,45.75,LuvaBet,11.0,Betnacional,24.1,LuvaBet,28.0,LuvaBet,9.11,Betnacional,100.0,LuvaBet,16.0,Betnacional,100.0,Betnacional,39.51,Betnacional,100.0,,0.0,0.0,,0.0,0.0,Betnacional,2.12,1.54,Betnacional,1.63,1.97,Betnacional,1.38,2.53,,0.0,0.0,,0.0,0.0,,0.0,0.0,,0.0,0.0,,0.0,0.0,Betnacional,8.94,6.21,0.0,Betnacional,4.2,4.11,39.98,Betnacional,2.2,3.4,20.14,Betnacional,1.08,7.05,2.68,Betnacional,1.01,9.85,1.57,Betnacional,0.0,0.0,1.18,,,,,,,,,,,,,,,,,,,,,,,,,,,,,,,,,,,,,,,,,,,,,,,,,1.0,0.0,1.0,0.0,,,,,,,,,,,,,,,,,,,,,,,,,,,,,,,,,,,,,,,,,,,,,,,,,,,,,,,,,,,,,,,,,,,,,,,,,,,,,,,,,,,,,,,,,,,,,,,,,,,,,,,,,,,,,,,,,,,,,,,,,,,,,,,,,,,,,1.0,0.0,1.0,0.0,,,,,,,,,,,,,,,,,Liga FUTVE 2,Ec90yuCn
QsOnaapB,VENEZUELA,2025,VENEZUELA 2,VENEZUELA 2,20/07/2025,19:30,Round 16,Monagas B,z1jpHUsI,Dynamo Puerto,IRzKqzlk,False,2,1,,,,,,[],[],,0.0,0.0,0.0,,0.0,0.0,0.0,,0.0,0.0,0.0,,0.0,0.0,,0.0,0.0,,0.0,0.0,,0.0,0.0,,0.0,0.0,,0.0,0.0,,0.0,0.0,,0.0,0.0,,0.0,0.0,,0.0,0.0,,0.0,0.0,,0.0,0.0,,0.0,0.0,,0.0,0.0,,0.0,0.0,0.0,,0.0,0.0,0.0,,0.0,0.0,0.0,,0.0,0.0,,0.0,0.0,,0.0,0.0,,0.0,0.0,0.0,0.0,0.0,0.0,0.0,0.0,0.0,,0.0,0.0,,0.0,0.0,,0.0,0.0,,0.0,,0.0,,0.0,,0.0,,0.0,,0.0,,0.0,,0.0,,0.0,,0.0,,0.0,,0.0,,0.0,,0.0,,0.0,,0.0,0.0,,0.0,0.0,,0.0,0.0,,0.0,0.0,,0.0,0.0,,0.0,0.0,,0.0,0.0,,0.0,0.0,,0.0,0.0,,0.0,0.0,,0.0,0.0,0.0,,0.0,0.0,0.0,,0.0,0.0,0.0,,0.0,0.0,0.0,,0.0,0.0,0.0,,0.0,0.0,0.0,,,,,,,,,,,,,,,,,,,,,,,,,,,,,,,,,,,,,,,,,,,,,,,,,,,,,,,,,,,,,,,,,,,,,,,,,,,,,,,,,,,,,,,,,,,,,,,,,,,,,,,,,,,,,,,,,,,,,,,,,,,,,,,,,,,,,,,,,,,,,,,,,,,,,,,,,,,,,,,,,,,,,,,,,,,,,,,,,,,,,,,,,,,,,,,,,,,,,,,,,,,,,Liga FUTVE 2,Ec90yuCn
d2WV2son,VENEZUELA,2025,VENEZUELA 2,VENEZUELA 2,20/07/2025,19:00,Round 16,Bolivar,KpRwCxzH,Angostura,IZnAvh6K,False,0,0,,,,,,[],[],,0.0,0.0,0.0,,0.0,0.0,0.0,,0.0,0.0,0.0,,0.0,0.0,,0.0,0.0,,0.0,0.0,,0.0,0.0,,0.0,0.0,,0.0,0.0,,0.0,0.0,,0.0,0.0,,0.0,0.0,,0.0,0.0,,0.0,0.0,,0.0,0.0,,0.0,0.0,,0.0,0.0,,0.0,0.0,0.0,,0.0,0.0,0.0,,0.0,0.0,0.0,,0.0,0.0,,0.0,0.0,,0.0,0.0,,0.0,0.0,0.0,0.0,0.0,0.0,0.0,0.0,0.0,,0.0,0.0,,0.0,0.0,,0.0,0.0,,0.0,,0.0,,0.0,,0.0,,0.0,,0.0,,0.0,,0.0,,0.0,,0.0,,0.0,,0.0,,0.0,,0.0,,0.0,,0.0,0.0,,0.0,0.0,,0.0,0.0,,0.0,0.0,,0.0,0.0,,0.0,0.0,,0.0,0.0,,0.0,0.0,,0.0,0.0,,0.0,0.0,,0.0,0.0,0.0,,0.0,0.0,0.0,,0.0,0.0,0.0,,0.0,0.0,0.0,,0.0,0.0,0.0,,0.0,0.0,0.0,,,,,,,,,,,,,,,,,,,,,,,,,,,,,,,,,,,,,,,,,,,,,,,,,,,,,,,,,,,,,,,,,,,,,,,,,,,,,,,,,,,,,,,,,,,,,,,,,,,,,,,,,,,,,,,,,,,,,,,,,,,,,,,,,,,,,,,,,,,,,,,,,,,,,,,,,,,,,,,,,,,,,,,,,,,,,,,,,,,,,,,,,,,,,,,,,,,,,,,,,,,,,Liga FUTVE 2,Ec90yuCn
lzxnzkrK,VENEZUELA,2025,VENEZUELA 2,VENEZUELA 2,13/07/2025,20:00,Round 15,Aragua,CbfwrDH9,Maritimo,0CATV9mo,False,0,0,,,,,,[],[],,0.0,0.0,0.0,,0.0,0.0,0.0,,0.0,0.0,0.0,,0.0,0.0,,0.0,0.0,,0.0,0.0,,0.0,0.0,,0.0,0.0,,0.0,0.0,,0.0,0.0,,0.0,0.0,,0.0,0.0,,0.0,0.0,,0.0,0.0,,0.0,0.0,,0.0,0.0,,0.0,0.0,,0.0,0.0,0.0,,0.0,0.0,0.0,,0.0,0.0,0.0,,0.0,0.0,,0.0,0.0,,0.0,0.0,,0.0,0.0,0.0,0.0,0.0,0.0,0.0,0.0,0.0,,0.0,0.0,,0.0,0.0,,0.0,0.0,,0.0,,0.0,,0.0,,0.0,,0.0,,0.0,,0.0,,0.0,,0.0,,0.0,,0.0,,0.0,,0.0,,0.0,,0.0,,0.0,0.0,,0.0,0.0,,0.0,0.0,,0.0,0.0,,0.0,0.0,,0.0,0.0,,0.0,0.0,,0.0,0.0,,0.0,0.0,,0.0,0.0,,0.0,0.0,0.0,,0.0,0.0,0.0,,0.0,0.0,0.0,,0.0,0.0,0.0,,0.0,0.0,0.0,,0.0,0.0,0.0,,,,,,,,,,,,,,,,,,,,,,,,,,,,,,,,,,,,,,,,,,,,,,,,,,,,,,,,,,,,,,,,,,,,,,,,,,,,,,,,,,,,,,,,,,,,,,,,,,,,,,,,,,,,,,,,,,,,,,,,,,,,,,,,,,,,,,,,,,,,,,,,,,,,,,,,,,,,,,,,,,,,,,,,,,,,,,,,,,,,,,,,,,,,,,,,,,,,,,,,,,,,,Liga FUTVE 2,Ec90yuCn
ANPsv1Bj,VENEZUELA,2025,VENEZUELA 2,VENEZUELA 2,03/08/2025,20:00,Round 18,Urena,x6MdZOGO,Heroes de Falcon,vRH5aOqg,False,1,1,,,,,,[10],[53],Esportivabet,2.0,2.33,4.5,Betano.br,1.98,2.65,4.1,Esportivabet,1.6,4.0,4.25,Betnacional,1.27,3.03,Novibet,2.8,1.36,,0.0,0.0,Betnacional,1.13,4.19,Sportingbet.br,2.0,1.71,Betnacional,3.11,1.25,Novibet,1.07,6.5,Superbet.br,1.18,3.75,Novibet,2.3,1.54,Betboom.br,2.92,1.33,Superbet.br,3.75,1.18,F12,1.55,2.19,Betnacional,3.28,1.23,Betnacional,2.64,1.35,Betano.br,1.2,1.22,2.12,Novibet,1.25,1.62,1.33,Sportingbet.br,1.21,1.44,1.66,Esportivabet,1.27,3.4,Betano.br,1.4,2.75,Betano.br,1.38,2.9,Betano.br,2.55,17.0,41.0,4.87,7.04,10.0,21.68,17.0,6.9,LuvaBet,1.9,1.8,Sportingbet.br,2.0,1.71,Betnacional,1.88,1.79,Betnacional,16.5,Betnacional,8.97,LuvaBet,15.0,LuvaBet,7.93,Betnacional,9.21,Esportivabet,26.0,LuvaBet,9.41,LuvaBet,15.0,LuvaBet,15.0,Betnacional,14.04,Betnacional,57.1,LuvaBet,15.0,Esportivabet,36.0,LuvaBet,23.0,Esportivabet,36.0,,0.0,0.0,,0.0,0.0,Betboom.br,2.85,1.34,Betboom.br,2.14,1.59,Betnacional,1.65,1.94,Betnacional,1.35,2.65,Betboom.br,1.09,5.48,,0.0,0.0,,0.0,0.0,,0.0,0.0,Betnacional,11.07,7.45,0.0,Betnacional,5.38,4.94,18.02,Betnacional,2.78,3.83,8.1,Betnacional,1.23,5.47,2.0,Betnacional,1.05,8.6,1.37,Betnacional,0.0,0.0,1.12,,,,,,,,,,,,,,,,,,,,,,,,,,,,,,,,,,,,,,,,,,,,,,,,,,,,,,,,,,,,,,,,,,,,,,,,,,,,,,,,,,,,,,,,,,,,,,,,,,,,,,,,,,,,,,,,,,,,,,,,,,,,,,,,,,,,,,,,,,,,,,,,,,,,,,,,,,,,,,,,,,,,,,,,,,,,,,,,,,,,,,,,,,,,,,,,,,,,,,,,,,,,,Liga FUTVE 2,Ec90yuCn
lbKYQp56,VENEZUELA,2025,VENEZUELA 2,VENEZUELA 2,13/07/2025,19:30,Round 15,Trujillanos,ddwscmEO,El Vigia,OYcssXWF,False,2,0,,,,,,[],[],,0.0,0.0,0.0,,0.0,0.0,0.0,,0.0,0.0,0.0,,0.0,0.0,,0.0,0.0,,0.0,0.0,,0.0,0.0,,0.0,0.0,,0.0,0.0,,0.0,0.0,,0.0,0.0,,0.0,0.0,,0.0,0.0,,0.0,0.0,,0.0,0.0,,0.0,0.0,,0.0,0.0,,0.0,0.0,0.0,,0.0,0.0,0.0,,0.0,0.0,0.0,,0.0,0.0,,0.0,0.0,,0.0,0.0,,0.0,0.0,0.0,0.0,0.0,0.0,0.0,0.0,0.0,,0.0,0.0,,0.0,0.0,,0.0,0.0,,0.0,,0.0,,0.0,,0.0,,0.0,,0.0,,0.0,,0.0,,0.0,,0.0,,0.0,,0.0,,0.0,,0.0,,0.0,,0.0,0.0,,0.0,0.0,,0.0,0.0,,0.0,0.0,,0.0,0.0,,0.0,0.0,,0.0,0.0,,0.0,0.0,,0.0,0.0,,0.0,0.0,,0.0,0.0,0.0,,0.0,0.0,0.0,,0.0,0.0,0.0,,0.0,0.0,0.0,,0.0,0.0,0.0,,0.0,0.0,0.0,,,,,,,,,,,,,,,,,,,,,,,,,,,,,,,,,,,,,,,,,,,,,,,,,,,,,,,,,,,,,,,,,,,,,,,,,,,,,,,,,,,,,,,,,,,,,,,,,,,,,,,,,,,,,,,,,,,,,,,,,,,,,,,,,,,,,,,,,,,,,,,,,,,,,,,,,,,,,,,,,,,,,,,,,,,,,,,,,,,,,,,,,,,,,,,,,,,,,,,,,,,,,Liga FUTVE 2,Ec90yuCn
AD8sPOZI,VENEZUELA,2025,VENEZUELA 2,VENEZUELA 2,13/07/2025,19:30,Round 15,Puerto Cabello B,jmA1Pu7j,Titanes,6eug9B26,False,3,0,,,,,,[],[],,0.0,0.0,0.0,,0.0,0.0,0.0,,0.0,0.0,0.0,,0.0,0.0,,0.0,0.0,,0.0,0.0,,0.0,0.0,,0.0,0.0,,0.0,0.0,,0.0,0.0,,0.0,0.0,,0.0,0.0,,0.0,0.0,,0.0,0.0,,0.0,0.0,,0.0,0.0,,0.0,0.0,,0.0,0.0,0.0,,0.0,0.0,0.0,,0.0,0.0,0.0,,0.0,0.0,,0.0,0.0,,0.0,0.0,,0.0,0.0,0.0,0.0,0.0,0.0,0.0,0.0,0.0,,0.0,0.0,,0.0,0.0,,0.0,0.0,,0.0,,0.0,,0.0,,0.0,,0.0,,0.0,,0.0,,0.0,,0.0,,0.0,,0.0,,0.0,,0.0,,0.0,,0.0,,0.0,0.0,,0.0,0.0,,0.0,0.0,,0.0,0.0,,0.0,0.0,,0.0,0.0,,0.0,0.0,,0.0,0.0,,0.0,0.0,,0.0,0.0,,0.0,0.0,0.0,,0.0,0.0,0.0,,0.0,0.0,0.0,,0.0,0.0,0.0,,0.0,0.0,0.0,,0.0,0.0,0.0,,,,,,,,,,,,,,,,,,,,,,,,,,,,,,,,,,,,,,,,,,,,,,,,,,,,,,,,,,,,,,,,,,,,,,,,,,,,,,,,,,,,,,,,,,,,,,,,,,,,,,,,,,,,,,,,,,,,,,,,,,,,,,,,,,,,,,,,,,,,,,,,,,,,,,,,,,,,,,,,,,,,,,,,,,,,,,,,,,,,,,,,,,,,,,,,,,,,,,,,,,,,,Liga FUTVE 2,Ec90yuCn
AXGjSHth,VENEZUELA,2025,VENEZUELA 2,VENEZUELA 2,17/08/2025,19:30,Round 20,El Vigia,OYcssXWF,Urena,x6MdZOGO,False,3,1,,,,,,"[34, 45, 66]",[35],Betnacional,2.59,2.09,3.91,Betano.br,2.3,2.45,3.5,Betano.br,1.98,3.25,3.35,Betnacional,1.36,2.59,Sportingbet.br,2.75,1.39,,0.0,0.0,Betnacional,1.21,3.37,Sportingbet.br,2.1,1.63,Betnacional,4.09,1.14,,0.0,0.0,Sportingbet.br,1.3,3.2,Sportingbet.br,1.9,1.78,,0.0,0.0,,0.0,0.0,F12,1.75,1.89,Betnacional,3.93,1.16,Betnacional,3.17,1.24,Betano.br,1.27,1.27,1.75,Sportingbet.br,1.23,1.65,1.42,Sportingbet.br,1.26,1.49,1.51,Esportivabet,1.5,2.4,Betano.br,1.55,2.3,Betano.br,1.55,2.37,Betano.br,3.2,15.0,41.0,5.15,5.08,7.68,31.0,15.63,5.83,Betnacional,1.88,1.79,Sportingbet.br,2.05,1.66,Betnacional,1.93,1.75,Betnacional,9.57,Betnacional,7.04,Betnacional,9.62,Betnacional,6.05,Betnacional,9.2,Betnacional,17.28,Betnacional,8.39,Betnacional,11.48,Betnacional,14.14,Betnacional,17.94,Betnacional,46.71,Betnacional,16.35,Betnacional,30.89,Betnacional,29.53,Betnacional,40.65,,0.0,0.0,,0.0,0.0,,0.0,0.0,Betboom.br,2.81,1.35,Betnacional,1.92,1.67,,0.0,0.0,,0.0,0.0,,0.0,0.0,,0.0,0.0,,0.0,0.0,Betnacional,17.73,8.82,0.0,Betnacional,8.24,5.56,18.1,Betnacional,3.74,3.78,7.54,Betnacional,1.28,4.84,1.7,Betnacional,1.06,8.01,1.22,Betnacional,0.0,0.0,1.05,,,,,,,,,,,,,,,,,,,,,,,,,,,,,,,,,,,,,,,,,,,,,,,,,,,,,,,,,,,,,,,,,,,,,,,,,,,,,,,,,,,,,,,,,,,,,,,,,,,,,,,,,,,,,,,,,,,,,,,,,,,,,,,,,,,,,,,,,,,,,,,,,,,,,,,,,,,,,,,,,,,,,,,,,,,,,,,,,,,,,,,,,,,,,,,,,,,,,,,,,,,,,Liga FUTVE 2,Ec90yuCn
xvHgoC5K,VENEZUELA,2025,VENEZUELA 2,VENEZUELA 2,24/08/2025,19:30,Round 21,Monagas B,z1jpHUsI,Maritimo,0CATV9mo,False,1,2,,,,,,[80],"[53, 77]",LuvaBet,7.32,2.25,1.79,Betano.br,6.8,2.92,1.57,Sportingbet.br,8.0,4.4,1.32,Betnacional,1.25,3.1,Novibet,2.65,1.4,,0.0,0.0,Betnacional,1.17,3.75,Sportingbet.br,1.9,1.78,Betnacional,3.5,1.2,,0.0,0.0,Superbet.br,1.18,3.8,Superbet.br,1.66,2.07,Sportingbet.br,2.65,1.41,,0.0,0.0,Betboom.br,1.98,1.74,Betnacional,4.04,1.15,Betnacional,3.37,1.22,Betano.br,3.3,1.15,1.08,Sportingbet.br,1.87,1.52,1.08,Sportingbet.br,2.15,1.37,1.09,Lotogreen,5.33,1.11,Betano.br,4.45,1.17,Betano.br,4.9,1.15,Betnacional,14.29,22.78,26.0,16.53,7.05,4.21,82.0,21.0,2.01,Sportingbet.br,1.87,1.82,Sportingbet.br,2.05,1.68,Betnacional,1.91,1.77,Betnacional,13.4,Betnacional,19.2,Betnacional,6.71,LuvaBet,9.93,Betnacional,50.5,Betnacional,6.07,LuvaBet,23.0,LuvaBet,9.93,LuvaBet,29.0,Betano.br,110.0,Betnacional,8.12,Betnacional,90.5,LuvaBet,15.0,Betnacional,81.6,LuvaBet,41.0,,0.0,0.0,,0.0,0.0,,0.0,0.0,,0.0,0.0,,0.0,0.0,Betnacional,2.39,1.43,Betnacional,2.21,1.5,Betboom.br,1.35,2.81,Betnacional,1.36,2.6,,0.0,0.0,Betnacional,0.0,0.0,6.74,Betnacional,35.61,10.09,3.42,Betnacional,18.86,7.49,1.96,Betnacional,2.96,3.68,1.07,Betnacional,1.72,4.08,1.01,Betnacional,1.26,5.7,0.0,,,,,,,,,,,,,,,,,,,,,,,,,,,,,,,,,,,,,,,,,,,,,,,,,,,,,,,,,,,,,,,,,,,,,,,,,,,,,,,,,,,,,,,,,,,,,,,,,,,,,,,,,,,,,,,,,,,,,,,,,,,,,,,,,,,,,,,,,,,,,,,,,,,,,,,,,,,,,,,,,,,,,,,,,,,,,,,,,,,,,,,,,,,,,,,,,,,,,,,,,,,,,Liga FUTVE 2,Ec90yuCn
6mEIcvc4,VENEZUELA,2025,VENEZUELA 2,VENEZUELA 2,30/08/2025,19:30,Round 22,Titanes,6eug9B26,Puerto Cabello B,jmA1Pu7j,False,2,0,,,,,,"[7, 45]",[],Betnacional,2.33,2.13,4.49,Sportingbet.br,2.1,2.45,4.1,Superbet.br,1.67,3.7,4.25,Betnacional,1.35,2.64,Sportingbet.br,2.75,1.39,,0.0,0.0,Betnacional,1.21,3.41,Sportingbet.br,2.1,1.63,Betnacional,4.04,1.15,,0.0,0.0,Superbet.br,1.21,3.5,Superbet.br,1.76,1.95,Sportingbet.br,2.87,1.36,,0.0,0.0,Superbet.br,1.77,1.95,Betnacional,3.99,1.15,Betnacional,3.24,1.23,Superbet.br,1.15,1.2,1.97,Sportingbet.br,1.18,1.62,1.51,Sportingbet.br,1.2,1.47,1.63,Superbet.br,1.26,3.15,Betano.br,1.44,2.6,Betano.br,1.42,2.72,Sportingbet.br,2.85,17.0,46.24,4.83,5.58,9.25,26.36,17.0,7.16,LuvaBet,1.92,1.78,Sportingbet.br,2.05,1.68,Betnacional,1.92,1.75,Betnacional,9.96,LuvaBet,6.84,LuvaBet,12.0,LuvaBet,6.84,LuvaBet,8.31,Betnacional,21.64,LuvaBet,9.78,LuvaBet,17.0,LuvaBet,17.0,Betnacional,14.16,Betnacional,65.1,LuvaBet,17.0,Betnacional,39.52,Betnacional,28.7,Betnacional,47.78,,0.0,0.0,,0.0,0.0,,0.0,0.0,Betnacional,2.31,1.46,LuvaBet,1.74,1.93,,0.0,0.0,,0.0,0.0,,0.0,0.0,,0.0,0.0,,0.0,0.0,Betnacional,14.28,7.96,0.0,Betnacional,6.57,5.02,22.46,Betnacional,3.12,3.62,9.5,Betnacional,1.21,5.32,1.91,Betnacional,1.04,8.74,1.3,Betnacional,0.0,0.0,1.08,,,,,,,,,,,,,,,,,,,,,,,,,,,,,,,,,,,,,,,,,,,,,,,,,,,,,,,,,,,,,,,,,,,,,,,,,,,,,,,,,,,,,,,,,,,,,,,,,,,,,,,,,,,,,,,,,,,,,,,,,,,,,,,,,,,,,,,,,,,,,,,,,,,,,,,,,,,,,,,,,,,,,,,,,,,,,,,,,,,,,,,,,,,,,,,,,,,,,,,,,,,,,Liga FUTVE 2,Ec90yuCn
tYGQS6zf,VENEZUELA,2025,VENEZUELA 2,VENEZUELA 2,12/07/2025,21:30,Round 15,Barquisimeto,4rp8eIDa,Heroes de Falcon,vRH5aOqg,False,2,0,,,,,,[],[],,0.0,0.0,0.0,,0.0,0.0,0.0,,0.0,0.0,0.0,,0.0,0.0,,0.0,0.0,,0.0,0.0,,0.0,0.0,,0.0,0.0,,0.0,0.0,,0.0,0.0,,0.0,0.0,,0.0,0.0,,0.0,0.0,,0.0,0.0,,0.0,0.0,,0.0,0.0,,0.0,0.0,,0.0,0.0,0.0,,0.0,0.0,0.0,,0.0,0.0,0.0,,0.0,0.0,,0.0,0.0,,0.0,0.0,,0.0,0.0,0.0,0.0,0.0,0.0,0.0,0.0,0.0,,0.0,0.0,,0.0,0.0,,0.0,0.0,,0.0,,0.0,,0.0,,0.0,,0.0,,0.0,,0.0,,0.0,,0.0,,0.0,,0.0,,0.0,,0.0,,0.0,,0.0,,0.0,0.0,,0.0,0.0,,0.0,0.0,,0.0,0.0,,0.0,0.0,,0.0,0.0,,0.0,0.0,,0.0,0.0,,0.0,0.0,,0.0,0.0,,0.0,0.0,0.0,,0.0,0.0,0.0,,0.0,0.0,0.0,,0.0,0.0,0.0,,0.0,0.0,0.0,,0.0,0.0,0.0,,,,,,,,,,,,,,,,,,,,,,,,,,,,,,,,,,,,,,,,,,,,,,,,,,,,,,,,,,,,,,,,,,,,,,,,,,,,,,,,,,,,,,,,,,,,,,,,,,,,,,,,,,,,,,,,,,,,,,,,,,,,,,,,,,,,,,,,,,,,,,,,,,,,,,,,,,,,,,,,,,,,,,,,,,,,,,,,,,,,,,,,,,,,,,,,,,,,,,,,,,,,,Liga FUTVE 2,Ec90yuCn
4SZw1LFb,VENEZUELA,2025,VENEZUELA 2,VENEZUELA 2,20/07/2025,19:30,Round 16,Miranda,bqdjykPk,Aragua,CbfwrDH9,False,1,0,,,,,,[88],[],Betano.br,2.5,1.93,4.8,Sportingbet.br,2.2,2.25,4.33,Esportivabet,1.88,2.8,4.5,Esportivabet,1.36,2.66,Sportingbet.br,2.65,1.42,,0.0,0.0,Betnacional,1.22,3.31,Sportingbet.br,2.35,1.52,Betnacional,4.11,1.14,,0.0,0.0,Betboom.br,1.34,2.85,Esportivabet,2.2,1.55,Superbet.br,3.65,1.2,Superbet.br,3.75,1.19,Superbet.br,1.95,1.77,Betnacional,4.03,1.15,Betnacional,3.28,1.23,Betboom.br,1.19,1.16,2.0,Sportingbet.br,1.16,1.75,1.46,Sportingbet.br,1.19,1.55,1.57,Esportivabet,1.3,3.2,Betano.br,1.4,2.7,Betano.br,1.44,2.67,Betano.br,3.0,17.0,50.0,4.85,6.5,9.8,28.0,17.0,8.0,Esportivabet,2.05,1.7,Sportingbet.br,2.2,1.6,Betnacional,1.94,1.74,Esportivabet,17.0,Esportivabet,8.5,Esportivabet,14.0,LuvaBet,7.9,Esportivabet,8.0,Esportivabet,26.0,LuvaBet,9.38,LuvaBet,15.0,LuvaBet,19.0,Betnacional,13.6,Betnacional,75.4,LuvaBet,15.0,Betnacional,44.71,Betnacional,29.81,Betnacional,52.8,,0.0,0.0,,0.0,0.0,Betboom.br,2.81,1.35,Betnacional,2.27,1.47,Betnacional,1.71,1.87,,0.0,0.0,,0.0,0.0,,0.0,0.0,,0.0,0.0,,0.0,0.0,Betnacional,13.62,7.84,0.0,Betnacional,6.31,4.99,24.36,Betnacional,3.05,3.67,10.52,Betnacional,1.18,5.62,1.92,Betnacional,1.03,9.06,1.31,Betnacional,0.0,0.0,1.09,,,,,,,,,,,,,,,,,,,,,,,,,,,,,,,,,,,,,,,,,,,,,,,,,,,,,,,,,,,,,,,,,,,,,,,,,,,,,,,,,,,,,,,,,,,,,,,,,,,,,,,,,,,,,,,,,,,,,,,,,,,,,,,,,,,,,,,,,,,,,,,,,,,,,,,,,,,,,,,,,,,,,,,,,,,,,,,,,,,,,,,,,,,,,,,,,,,,,,,,,,,,,Liga FUTVE 2,Ec90yuCn
0AD7BmaD,VENEZUELA,2025,VENEZUELA 2,VENEZUELA 2,10/08/2025,19:00,Round 19,Bolivar,KpRwCxzH,Maritimo,0CATV9mo,False,1,0,,,,,,[29],[],Betfair,3.5,1.91,3.1,Betano.br,2.87,2.25,2.95,Betfair,2.75,3.0,2.4,Sportingbet.br,1.49,2.4,Betnacional,3.01,1.27,,0.0,0.0,Betnacional,1.26,3.04,Sportingbet.br,2.4,1.5,Betnacional,4.77,1.1,Betfair,1.05,8.0,Betfair,1.4,2.75,Betfair,2.25,1.57,Betfair,4.8,1.14,Betfair,9.0,1.03,Betfair,1.95,1.75,Betnacional,4.41,1.12,Betnacional,3.58,1.19,Betano.br,1.47,1.3,1.5,Sportingbet.br,1.29,1.73,1.3,Sportingbet.br,1.35,1.55,1.36,Estrelabet,1.8,1.9,Betano.br,1.82,1.88,Betano.br,1.83,1.9,Betfair,4.5,13.0,23.0,6.5,4.5,5.5,31.0,13.0,4.0,LuvaBet,1.95,1.76,Betnacional,2.12,1.62,Betnacional,1.95,1.74,Betfair,7.0,Betfair,6.5,Betfair,6.0,Betfair,5.5,Betfair,12.0,Betfair,9.5,Betfair,9.5,Betfair,8.5,Betfair,13.0,Betfair,26.0,Betfair,21.0,Betfair,23.0,Betfair,19.0,Betfair,36.0,Betfair,34.0,,0.0,0.0,,0.0,0.0,,0.0,0.0,Betboom.br,5.04,1.11,Betnacional,2.34,1.45,Betnacional,1.42,2.4,Betboom.br,1.17,4.17,,0.0,0.0,,0.0,0.0,,0.0,0.0,Betnacional,27.3,9.95,27.48,Betnacional,13.57,6.62,14.3,Betnacional,5.45,3.96,5.71,Betnacional,1.44,4.02,1.46,Betnacional,1.11,6.79,1.12,Betnacional,1.02,9.96,1.02,,,,,,,,,,,,,,,,,,,,,,,,,,,,,,,,,,,,,,,,,,,,,,,,,,,,,,,,,,,,,,,,,,,,,,,,,,,,,,,,,,,,,,,,,,,,,,,,,,,,,,,,,,,,,,,,,,,,,,,,,,,,,,,,,,,,,,,,,,,,,,,,,,,,,,,,,,,,,,,,,,,,,,,,,,,,,,,,,,,,,,,,,,,,,,,,,,,,,,,,,,,,,Liga FUTVE 2,Ec90yuCn
OQifm5l4,VENEZUELA,2025,VENEZUELA 2,VENEZUELA 2,03/08/2025,19:30,Round 18,El Vigia,OYcssXWF,Barquisimeto,4rp8eIDa,False,1,1,,,,,,[84],[61],Betnacional,3.65,2.15,2.8,Betnacional,3.2,2.55,2.55,LuvaBet,2.81,3.71,2.11,Sportingbet.br,1.38,2.8,Sportingbet.br,2.7,1.4,Betnacional,5.7,1.08,Betnacional,1.2,3.45,Sportingbet.br,2.05,1.66,Betnacional,4.0,1.15,Betnacional,1.04,7.25,Sportingbet.br,1.28,3.3,Novibet,1.66,2.0,Betnacional,3.05,1.3,Betnacional,5.3,1.1,Superbet.br,1.74,1.97,Betnacional,4.05,1.18,Betnacional,3.25,1.27,Sportingbet.br,1.6,1.29,1.38,Sportingbet.br,1.37,1.63,1.27,Sportingbet.br,1.44,1.49,1.32,Estrelabet,2.2,1.6,Betano.br,1.98,1.75,Betnacional,2.05,1.65,LuvaBet,4.76,17.0,31.0,7.01,5.51,5.51,41.0,17.0,3.8,LuvaBet,1.87,1.83,Sportingbet.br,2.05,1.68,Betnacional,1.92,1.76,LuvaBet,11.0,LuvaBet,9.13,Betnacional,8.05,LuvaBet,7.2,LuvaBet,14.0,Betnacional,11.32,LuvaBet,12.0,LuvaBet,9.6,LuvaBet,16.0,Betnacional,32.35,Betnacional,23.79,Betnacional,23.03,Betnacional,18.78,LuvaBet,33.0,Betnacional,29.4,,0.0,0.0,,0.0,0.0,Betnacional,5.4,1.09,Betboom.br,4.35,1.15,Betnacional,2.75,1.35,Betnacional,1.6,2.1,Betboom.br,1.21,3.66,Betnacional,1.2,3.85,,0.0,0.0,,0.0,0.0,Betnacional,0.0,0.0,21.3,Betnacional,13.41,7.07,10.35,Betnacional,5.72,4.41,4.56,Betnacional,1.53,4.07,1.39,Betnacional,1.16,6.26,1.11,Betnacional,1.03,9.6,0.0,,,,,,,,,,,,,,,,,,,,,,,,,,,,,,,,,,,,,,,,,,,,,,,,,,,,,,,,,,,,,,,,,,,,,,,,,,,,,,,,,,,,,,,,,,,,,,,,,,,,,,,,,,,,,,,,,,,,,,,,,,,,,,,,,,,,,,,,,,,,,,,,,,,,,,,,,,,,,,,,,,,,,,,,,,,,,,,,,,,,,,,,,,,,,,,,,,,,,,,,,,,,,Liga FUTVE 2,Ec90yuCn
MiCfsBDl,VENEZUELA,2025,VENEZUELA 2,VENEZUELA 2,24/07/2025,23:30,Round 17,Dynamo Puerto,IRzKqzlk,Aragua,CbfwrDH9,False,1,0,,,,,,[30],[],Betfair,2.4,2.1,4.5,Sportingbet.br,2.35,2.15,4.2,Betfair,1.73,3.25,4.4,Estrelabet,1.45,2.4,Novibet,3.0,1.32,,0.0,0.0,Betnacional,1.27,2.98,Sportingbet.br,2.7,1.41,Betnacional,4.78,1.1,Betfair,1.05,8.0,Betfair,1.33,3.0,Betfair,2.2,1.6,Betfair,4.0,1.2,Betfair,8.0,1.05,Betfair,2.0,1.73,Betnacional,4.55,1.11,Betnacional,3.74,1.17,Betboom.br,1.17,1.24,1.83,Novibet,1.18,1.73,1.42,Sportingbet.br,1.19,1.6,1.52,LuvaBet,1.32,2.9,Betnacional,1.37,2.58,Novibet,1.4,2.75,Betfair,2.8,13.0,46.0,4.5,4.5,9.5,21.0,13.0,7.5,LuvaBet,1.92,1.78,LuvaBet,2.12,1.61,Betnacional,1.96,1.72,Betfair,8.0,Betfair,5.5,Betfair,9.5,Betfair,6.0,Betfair,7.0,Betfair,19.0,Betfair,7.5,Betfair,13.0,Betfair,13.0,Betfair,13.0,Betfair,61.0,Betfair,13.0,Betfair,36.0,Betfair,29.0,Betfair,56.0,,0.0,0.0,,0.0,0.0,Betboom.br,3.42,1.24,Betboom.br,2.47,1.45,Betnacional,1.75,1.83,,0.0,0.0,,0.0,0.0,,0.0,0.0,,0.0,0.0,,0.0,0.0,Betnacional,16.73,8.27,0.0,Betnacional,7.47,5.06,26.67,Betnacional,3.35,3.47,10.9,Betnacional,1.19,5.27,1.88,Betnacional,1.03,8.89,1.27,Betnacional,0.0,0.0,1.06,,,,,,,,,,,,,,,,,,,,,,,,,,,,,,,,,,,,,,,,,,,,,,,,,,,,,,,,,,,,,,,,,,,,,,,,,,,,,,,,,,,,,,,,,,,,,,,,,,,,,,,,,,,,,,,,,,,,,,,,,,,,,,,,,,,,,,,,,,,,,,,,,,,,,,,,,,,,,,,,,,,,,,,,,,,,,,,,,,,,,,,,,,,,,,,,,,,,,,,,,,,,,Liga FUTVE 2,Ec90yuCn
SzpEx8wS,VENEZUELA,2025,VENEZUELA 2,VENEZUELA 2,29/06/2025,21:00,Round 14,Dynamo Puerto,IRzKqzlk,Angostura,IZnAvh6K,False,0,1,,,,,,[],[],,0.0,0.0,0.0,,0.0,0.0,0.0,,0.0,0.0,0.0,,0.0,0.0,,0.0,0.0,,0.0,0.0,,0.0,0.0,,0.0,0.0,,0.0,0.0,,0.0,0.0,,0.0,0.0,,0.0,0.0,,0.0,0.0,,0.0,0.0,,0.0,0.0,,0.0,0.0,,0.0,0.0,,0.0,0.0,0.0,,0.0,0.0,0.0,,0.0,0.0,0.0,,0.0,0.0,,0.0,0.0,,0.0,0.0,,0.0,0.0,0.0,0.0,0.0,0.0,0.0,0.0,0.0,,0.0,0.0,,0.0,0.0,,0.0,0.0,,0.0,,0.0,,0.0,,0.0,,0.0,,0.0,,0.0,,0.0,,0.0,,0.0,,0.0,,0.0,,0.0,,0.0,,0.0,,0.0,0.0,,0.0,0.0,,0.0,0.0,,0.0,0.0,,0.0,0.0,,0.0,0.0,,0.0,0.0,,0.0,0.0,,0.0,0.0,,0.0,0.0,,0.0,0.0,0.0,,0.0,0.0,0.0,,0.0,0.0,0.0,,0.0,0.0,0.0,,0.0,0.0,0.0,,0.0,0.0,0.0,,,,,,,,,,,,,,,,,,,,,,,,,,,,,,,,,,,,,,,,,,,,,,,,,,,,,,,,,,,,,,,,,,,,,,,,,,,,,,,,,,,,,,,,,,,,,,,,,,,,,,,,,,,,,,,,,,,,,,,,,,,,,,,,,,,,,,,,,,,,,,,,,,,,,,,,,,,,,,,,,,,,,,,,,,,,,,,,,,,,,,,,,,,,,,,,,,,,,,,,,,,,,Liga FUTVE 2,Ec90yuCn
tKo6vU8F,VENEZUELA,2025,VENEZUELA 2,VENEZUELA 2,29/06/2025,20:00,Round 14,Heroes de Falcon,vRH5aOqg,Titanes,6eug9B26,False,2,1,,,,,,[],[],,0.0,0.0,0.0,,0.0,0.0,0.0,,0.0,0.0,0.0,,0.0,0.0,,0.0,0.0,,0.0,0.0,,0.0,0.0,,0.0,0.0,,0.0,0.0,,0.0,0.0,,0.0,0.0,,0.0,0.0,,0.0,0.0,,0.0,0.0,,0.0,0.0,,0.0,0.0,,0.0,0.0,,0.0,0.0,0.0,,0.0,0.0,0.0,,0.0,0.0,0.0,,0.0,0.0,,0.0,0.0,,0.0,0.0,,0.0,0.0,0.0,0.0,0.0,0.0,0.0,0.0,0.0,,0.0,0.0,,0.0,0.0,,0.0,0.0,,0.0,,0.0,,0.0,,0.0,,0.0,,0.0,,0.0,,0.0,,0.0,,0.0,,0.0,,0.0,,0.0,,0.0,,0.0,,0.0,0.0,,0.0,0.0,,0.0,0.0,,0.0,0.0,,0.0,0.0,,0.0,0.0,,0.0,0.0,,0.0,0.0,,0.0,0.0,,0.0,0.0,,0.0,0.0,0.0,,0.0,0.0,0.0,,0.0,0.0,0.0,,0.0,0.0,0.0,,0.0,0.0,0.0,,0.0,0.0,0.0,,,,,,,,,,,,,,,,,,,,,,,,,,,,,,,,,,,,,,,,,,,,,,,,,,,,,,,,,,,,,,,,,,,,,,,,,,,,,,,,,,,,,,,,,,,,,,,,,,,,,,,,,,,,,,,,,,,,,,,,,,,,,,,,,,,,,,,,,,,,,,,,,,,,,,,,,,,,,,,,,,,,,,,,,,,,,,,,,,,,,,,,,,,,,,,,,,,,,,,,,,,,,Liga FUTVE 2,Ec90yuCn
dWB2K8Hq,VENEZUELA,2025,VENEZUELA 2,VENEZUELA 2,29/06/2025,19:30,Round 14,Puerto Cabello B,jmA1Pu7j,Trujillanos,ddwscmEO,False,0,1,,,,,,[],[],,0.0,0.0,0.0,,0.0,0.0,0.0,,0.0,0.0,0.0,,0.0,0.0,,0.0,0.0,,0.0,0.0,,0.0,0.0,,0.0,0.0,,0.0,0.0,,0.0,0.0,,0.0,0.0,,0.0,0.0,,0.0,0.0,,0.0,0.0,,0.0,0.0,,0.0,0.0,,0.0,0.0,,0.0,0.0,0.0,,0.0,0.0,0.0,,0.0,0.0,0.0,,0.0,0.0,,0.0,0.0,,0.0,0.0,,0.0,0.0,0.0,0.0,0.0,0.0,0.0,0.0,0.0,,0.0,0.0,,0.0,0.0,,0.0,0.0,,0.0,,0.0,,0.0,,0.0,,0.0,,0.0,,0.0,,0.0,,0.0,,0.0,,0.0,,0.0,,0.0,,0.0,,0.0,,0.0,0.0,,0.0,0.0,,0.0,0.0,,0.0,0.0,,0.0,0.0,,0.0,0.0,,0.0,0.0,,0.0,0.0,,0.0,0.0,,0.0,0.0,,0.0,0.0,0.0,,0.0,0.0,0.0,,0.0,0.0,0.0,,0.0,0.0,0.0,,0.0,0.0,0.0,,0.0,0.0,0.0,,,,,,,,,,,,,,,,,,,,,,,,,,,,,,,,,,,,,,,,,,,,,,,,,,,,,,,,,,,,,,,,,,,,,,,,,,,,,,,,,,,,,,,,,,,,,,,,,,,,,,,,,,,,,,,,,,,,,,,,,,,,,,,,,,,,,,,,,,,,,,,,,,,,,,,,,,,,,,,,,,,,,,,,,,,,,,,,,,,,,,,,,,,,,,,,,,,,,,,,,,,,,Liga FUTVE 2,Ec90yuCn
hjsjRjEl,VENEZUELA,2025,VENEZUELA 2,VENEZUELA 2,23/08/2025,19:30,Round 21,Frontera,4AqkWAQI,El Vigia,OYcssXWF,False,0,1,,,,,,[],[78],Novibet,2.7,2.05,3.8,Betano.br,2.32,2.47,3.4,LuvaBet,2.03,3.22,3.37,Novibet,1.38,2.7,Sportingbet.br,2.75,1.39,,0.0,0.0,Betnacional,1.2,3.46,Sportingbet.br,2.1,1.65,Betnacional,3.96,1.15,,0.0,0.0,Sportingbet.br,1.29,3.25,Superbet.br,1.92,1.78,Superbet.br,3.1,1.28,,0.0,0.0,Superbet.br,1.76,1.95,Betnacional,3.83,1.16,Betnacional,3.09,1.26,Betano.br,1.29,1.28,1.72,Sportingbet.br,1.24,1.65,1.41,Sportingbet.br,1.27,1.49,1.5,LuvaBet,1.45,2.43,Betano.br,1.6,2.22,Betano.br,1.57,2.3,Betano.br,3.3,15.0,41.0,5.58,5.58,7.62,31.0,17.0,5.58,LuvaBet,1.97,1.74,Sportingbet.br,2.05,1.66,Betnacional,1.92,1.76,Betano.br,10.25,LuvaBet,7.82,LuvaBet,11.0,LuvaBet,6.36,LuvaBet,9.78,LuvaBet,17.0,LuvaBet,9.78,LuvaBet,13.0,LuvaBet,15.0,Betnacional,18.53,Betnacional,43.59,LuvaBet,19.0,Betnacional,28.65,Betnacional,28.16,LuvaBet,40.0,,0.0,0.0,,0.0,0.0,,0.0,0.0,Betboom.br,3.3,1.26,Betnacional,1.95,1.65,,0.0,0.0,,0.0,0.0,,0.0,0.0,,0.0,0.0,,0.0,0.0,Betnacional,17.76,8.88,0.0,Betnacional,8.32,5.63,16.95,Betnacional,3.79,3.83,7.12,Betnacional,1.3,4.78,1.68,Betnacional,1.07,7.84,1.22,Betnacional,0.0,0.0,1.05,,,,,,,,,,,,,,,,,,,,,,,,,,,,,,,,,,,,,,,,,,,,,,,,,,,,,,,,,,,,,,,,,,,,,,,,,,,,,,,,,,,,,,,,,,,,,,,,,,,,,,,,,,,,,,,,,,,,,,,,,,,,,,,,,,,,,,,,,,,,,,,,,,,,,,,,,,,,,,,,,,,,,,,,,,,,,,,,,,,,,,,,,,,,,,,,,,,,,,,,,,,,,Liga FUTVE 2,Ec90yuCn
p6NHUS5s,VENEZUELA,2025,VENEZUELA 2,VENEZUELA 2,13/07/2025,21:00,Round 15,Dynamo Puerto,IRzKqzlk,Miranda,bqdjykPk,False,0,0,,,,,,[],[],Betnacional,3.18,1.84,3.81,Sportingbet.br,2.85,2.1,3.4,Novibet,2.45,2.85,3.0,Estrelabet,1.5,2.3,Betnacional,3.33,1.22,,0.0,0.0,Betnacional,1.33,2.71,Sportingbet.br,2.75,1.39,Betnacional,5.42,1.07,Superbet.br,1.08,5.25,Betboom.br,1.51,2.31,F12,2.65,1.41,Superbet.br,3.9,1.17,,0.0,0.0,Superbet.br,2.2,1.6,Betnacional,4.85,1.09,Betnacional,3.96,1.15,Betano.br,1.33,1.34,1.53,Sportingbet.br,1.24,1.82,1.31,Sportingbet.br,1.28,1.63,1.37,LuvaBet,1.63,2.06,Betano.br,1.72,2.02,Betano.br,1.75,2.02,Betnacional,4.08,17.0,45.45,5.5,4.31,6.5,41.0,17.0,5.29,LuvaBet,1.95,1.76,LuvaBet,2.22,1.56,Betnacional,2.0,1.69,Betano.br,6.1,LuvaBet,5.91,LuvaBet,6.89,LuvaBet,6.4,Betnacional,10.04,Betnacional,13.39,LuvaBet,12.0,LuvaBet,15.0,LuvaBet,21.0,Betnacional,26.27,Betnacional,40.74,Betnacional,26.98,Betnacional,36.15,Betnacional,55.2,Betnacional,63.9,,0.0,0.0,,0.0,0.0,,0.0,0.0,Betboom.br,3.96,1.18,Betnacional,2.26,1.48,Betnacional,1.33,2.73,,0.0,0.0,,0.0,0.0,,0.0,0.0,,0.0,0.0,Betnacional,27.76,9.84,0.0,Betnacional,13.51,6.44,18.92,Betnacional,5.31,3.81,7.24,Betnacional,1.34,4.26,1.49,Betnacional,1.07,7.51,1.12,Betnacional,0.0,0.0,1.02,,,,,,,,,,,,,,,,,,,,,,,,,,,,,,,,,,,,,,,,,,,,,,,,,,,,,,,,,,,,,,,,,,,,,,,,,,,,,,,,,,,,,,,,,,,,,,,,,,,,,,,,,,,,,,,,,,,,,,,,,,,,,,,,,,,,,,,,,,,,,,,,,,,,,,,,,,,,,,,,,,,,,,,,,,,,,,,,,,,,,,,,,,,,,,,,,,,,,,,,,,,,,Liga FUTVE 2,Ec90yuCn
2F7ReIRG,VENEZUELA,2025,VENEZUELA 2,VENEZUELA 2,30/08/2025,19:30,Round 22,El Vigia,OYcssXWF,Trujillanos,ddwscmEO,False,0,1,,,,,,[],[17],,0.0,0.0,0.0,,0.0,0.0,0.0,,0.0,0.0,0.0,,0.0,0.0,,0.0,0.0,,0.0,0.0,,0.0,0.0,,0.0,0.0,,0.0,0.0,,0.0,0.0,,0.0,0.0,,0.0,0.0,,0.0,0.0,,0.0,0.0,,0.0,0.0,,0.0,0.0,,0.0,0.0,,0.0,0.0,0.0,,0.0,0.0,0.0,,0.0,0.0,0.0,,0.0,0.0,,0.0,0.0,,0.0,0.0,,0.0,0.0,0.0,0.0,0.0,0.0,0.0,0.0,0.0,,0.0,0.0,,0.0,0.0,,0.0,0.0,,0.0,,0.0,,0.0,,0.0,,0.0,,0.0,,0.0,,0.0,,0.0,,0.0,,0.0,,0.0,,0.0,,0.0,,0.0,,0.0,0.0,,0.0,0.0,,0.0,0.0,,0.0,0.0,,0.0,0.0,,0.0,0.0,,0.0,0.0,,0.0,0.0,,0.0,0.0,,0.0,0.0,,0.0,0.0,0.0,,0.0,0.0,0.0,,0.0,0.0,0.0,,0.0,0.0,0.0,,0.0,0.0,0.0,,0.0,0.0,0.0,,,,,,,,,,,,,,,,,,,,,,,,,,,,,,,,,,,,,,,,,,,,,,,,,,,1.0,0.0,,,,,,,,,,,,,,,,,,,,,,,,,,,,,,,,,,,,,,,,,,,,,,,,,,,,,,,,,,,,,,,,,,,,,,,,,,,,,,,,,,,,,,,,,,,,,,,,,,,,,,,,,,,,,,,,,,,,,,,,,,,,,,,,,,,,,,,1.0,0.0,,,,,,,,,,,,,,,,,Liga FUTVE 2,Ec90yuCn
2muUQkT7,VENEZUELA,2025,VENEZUELA 2,VENEZUELA 2,24/07/2025,19:00,Round 17,Bolivar,KpRwCxzH,Monagas B,z1jpHUsI,False,1,1,,,,,,[73],[45],Goldebet,1.9,2.28,5.33,Sportingbet.br,1.83,2.7,5.0,Goldebet,9.0,1.08,10.0,Betnacional,1.27,2.98,Novibet,2.5,1.44,,0.0,0.0,Betnacional,1.17,3.77,Sportingbet.br,1.95,1.75,Betnacional,3.52,1.2,,0.0,0.0,Superbet.br,1.2,3.65,Goldebet,4.25,1.16,Betboom.br,2.81,1.35,,0.0,0.0,Superbet.br,1.82,1.9,Betnacional,3.73,1.17,Betnacional,3.06,1.26,Goldebet,1.02,5.3,1.03,Sportingbet.br,1.14,1.53,1.68,Sportingbet.br,1.15,1.41,1.85,Estrelabet,1.2,4.0,Betano.br,1.31,3.15,Betano.br,1.29,3.4,LuvaBet,2.37,17.0,53.5,4.49,6.48,12.0,26.0,19.0,9.15,Goldebet,4.7,1.14,LuvaBet,2.03,1.67,Betnacional,1.9,1.77,Betnacional,13.03,LuvaBet,7.39,LuvaBet,15.0,LuvaBet,8.37,LuvaBet,7.39,Goldebet,31.0,LuvaBet,9.36,LuvaBet,19.0,LuvaBet,19.0,LuvaBet,11.0,Betnacional,96.8,LuvaBet,17.0,Betnacional,49.0,LuvaBet,29.0,Betnacional,49.48,,0.0,0.0,Betboom.br,3.42,1.24,Betboom.br,2.66,1.39,Betboom.br,2.09,1.62,Betnacional,1.5,2.21,,0.0,0.0,,0.0,0.0,,0.0,0.0,,0.0,0.0,,0.0,0.0,Betnacional,9.5,6.73,0.0,Betnacional,4.59,4.5,26.2,Betnacional,2.43,3.65,12.06,Betnacional,1.14,6.22,2.3,Betnacional,1.02,9.55,1.47,Betnacional,0.0,0.0,1.15,,,,,,,,,,,,,,,,,,,,,,,,,,,,,,,,,,,,,,,,,,,,,,,,,,,1.0,1.0,,,,,,,,,,,,,,,,,,,,,,,,,,,,,,,,,,,,,,,,,,,,,,,,,,,,,,,,,,,,,,,,,,,,,,,,,,,,,,,,,,,,,,,,,,,,,,,,,,,,,,,,,,,,,,,,,,,,,,,,,,,,,,,,,,,,,,,1.0,1.0,,,,,,,,,,,,,,,,,Liga FUTVE 2,Ec90yuCn
QRFYPnE6,VENEZUELA,2025,VENEZUELA 2,VENEZUELA 2,10/08/2025,19:30,Round 19,Puerto Cabello B,jmA1Pu7j,Barquisimeto,4rp8eIDa,False,0,3,,,,,,[],"[42, 59, 89]",Novibet,3.45,1.76,3.85,Betano.br,3.05,1.95,3.45,Betboom.br,2.32,3.32,2.76,Betano.br,1.57,2.15,Betano.br,3.7,1.21,Betano.br,7.8,1.03,Betnacional,1.33,2.7,Sportingbet.br,2.7,1.4,Betnacional,5.6,1.06,Superbet.br,1.1,5.0,Betboom.br,1.46,2.42,Betano.br,2.95,1.3,Superbet.br,4.4,1.13,,0.0,0.0,Superbet.br,2.47,1.48,Betnacional,5.07,1.08,Betnacional,4.17,1.14,Betboom.br,1.35,1.25,1.51,Sportingbet.br,1.24,1.88,1.28,Sportingbet.br,1.29,1.65,1.35,Novibet,1.74,1.97,Betano.br,1.75,1.98,Betano.br,1.75,2.02,LuvaBet,4.39,18.36,55.0,5.6,4.11,6.4,45.0,18.59,5.04,LuvaBet,1.92,1.78,LuvaBet,2.22,1.56,Betnacional,1.98,1.71,Betnacional,5.97,LuvaBet,5.79,LuvaBet,6.27,LuvaBet,6.76,LuvaBet,11.0,Betano.br,12.5,LuvaBet,13.0,LuvaBet,13.0,Betano.br,24.0,Betnacional,27.93,Betnacional,37.89,Lotogreen,31.0,Betano.br,40.0,Betano.br,65.0,Betano.br,75.0,,0.0,0.0,,0.0,0.0,,0.0,0.0,Betboom.br,3.66,1.21,Betnacional,2.26,1.48,Betnacional,1.37,2.57,Betboom.br,1.17,4.17,,0.0,0.0,,0.0,0.0,,0.0,0.0,Betnacional,30.11,9.87,28.22,Betnacional,14.73,6.48,18.61,Betnacional,5.56,3.68,6.89,Betnacional,1.38,3.99,1.5,Betnacional,1.08,7.22,1.11,Betnacional,1.02,10.03,1.01,,,,,,,,,,,,,,,,,,,,,,,,,,,,,,,,,,,,,,,,,,,,,,,,,,,,,,,,,,,,,,,,,,,,,,,,,,,,,,,,,,,,,,,,,,,,,,,,,,,,,,,,,,,,,,,,,,,,,,,,,,,,,,,,,,,,,,,,,,,,,,,,,,,,,,,,,,,,,,,,,,,,,,,,,,,,,,,,,,,,,,,,,,,,,,,,,,,,,,,,,,,,,Liga FUTVE 2,Ec90yuCn
63piV4E4,VENEZUELA,2025,VENEZUELA 2,VENEZUELA 2,22/06/2025,19:30,Round 13,Miranda,bqdjykPk,Mineros,nHA4pAGL,False,0,0,,,,,,[],[],,0.0,0.0,0.0,,0.0,0.0,0.0,,0.0,0.0,0.0,,0.0,0.0,,0.0,0.0,,0.0,0.0,,0.0,0.0,,0.0,0.0,,0.0,0.0,,0.0,0.0,,0.0,0.0,,0.0,0.0,,0.0,0.0,,0.0,0.0,,0.0,0.0,,0.0,0.0,,0.0,0.0,,0.0,0.0,0.0,,0.0,0.0,0.0,,0.0,0.0,0.0,,0.0,0.0,,0.0,0.0,,0.0,0.0,,0.0,0.0,0.0,0.0,0.0,0.0,0.0,0.0,0.0,,0.0,0.0,,0.0,0.0,,0.0,0.0,,0.0,,0.0,,0.0,,0.0,,0.0,,0.0,,0.0,,0.0,,0.0,,0.0,,0.0,,0.0,,0.0,,0.0,,0.0,,0.0,0.0,,0.0,0.0,,0.0,0.0,,0.0,0.0,,0.0,0.0,,0.0,0.0,,0.0,0.0,,0.0,0.0,,0.0,0.0,,0.0,0.0,,0.0,0.0,0.0,,0.0,0.0,0.0,,0.0,0.0,0.0,,0.0,0.0,0.0,,0.0,0.0,0.0,,0.0,0.0,0.0,,,,,,,,,,,,,,,,,,,,,,,,,,,,,,,,,,,,,,,,,,,,,,,,,,,,,,,,,,,,,,,,,,,,,,,,,,,,,,,,,,,,,,,,,,,,,,,,,,,,,,,,,,,,,,,,,,,,,,,,,,,,,,,,,,,,,,,,,,,,,,,,,,,,,,,,,,,,,,,,,,,,,,,,,,,,,,,,,,,,,,,,,,,,,,,,,,,,,,,,,,,,,Liga FUTVE 2,Ec90yuCn
vHraTrqH,VENEZUELA,2025,VENEZUELA 2,VENEZUELA 2,22/06/2025,19:30,Round 13,Monagas B,z1jpHUsI,Aragua,CbfwrDH9,False,0,1,,,,,,[],[],,0.0,0.0,0.0,,0.0,0.0,0.0,,0.0,0.0,0.0,,0.0,0.0,,0.0,0.0,,0.0,0.0,,0.0,0.0,,0.0,0.0,,0.0,0.0,,0.0,0.0,,0.0,0.0,,0.0,0.0,,0.0,0.0,,0.0,0.0,,0.0,0.0,,0.0,0.0,,0.0,0.0,,0.0,0.0,0.0,,0.0,0.0,0.0,,0.0,0.0,0.0,,0.0,0.0,,0.0,0.0,,0.0,0.0,,0.0,0.0,0.0,0.0,0.0,0.0,0.0,0.0,0.0,,0.0,0.0,,0.0,0.0,,0.0,0.0,,0.0,,0.0,,0.0,,0.0,,0.0,,0.0,,0.0,,0.0,,0.0,,0.0,,0.0,,0.0,,0.0,,0.0,,0.0,,0.0,0.0,,0.0,0.0,,0.0,0.0,,0.0,0.0,,0.0,0.0,,0.0,0.0,,0.0,0.0,,0.0,0.0,,0.0,0.0,,0.0,0.0,,0.0,0.0,0.0,,0.0,0.0,0.0,,0.0,0.0,0.0,,0.0,0.0,0.0,,0.0,0.0,0.0,,0.0,0.0,0.0,,,,,,,,,,,,,,,,,,,,,,,,,,,,,,,,,,,,,,,,,,,,,,,,,,,,,,,,,,,,,,,,,,,,,,,,,,,,,,,,,,,,,,,,,,,,,,,,,,,,,,,,,,,,,,,,,,,,,,,,,,,,,,,,,,,,,,,,,,,,,,,,,,,,,,,,,,,,,,,,,,,,,,,,,,,,,,,,,,,,,,,,,,,,,,,,,,,,,,,,,,,,,Liga FUTVE 2,Ec90yuCn
xzNQiHxo,VENEZUELA,2025,VENEZUELA 2,VENEZUELA 2,19/07/2025,19:30,Round 16,Frontera,4AqkWAQI,Barquisimeto,4rp8eIDa,False,1,2,,,,,,[86],"[9, 12]",LuvaBet,3.78,2.06,2.77,Sportingbet.br,3.4,2.3,2.5,LuvaBet,3.31,3.12,2.09,Sportingbet.br,1.42,2.6,Novibet,2.8,1.36,,0.0,0.0,Betnacional,1.23,3.27,Sportingbet.br,2.25,1.57,Betnacional,4.25,1.13,Novibet,1.05,7.0,Betboom.br,1.32,2.97,Superbet.br,2.05,1.68,Superbet.br,3.4,1.23,,0.0,0.0,Novibet,1.79,1.87,Betnacional,4.01,1.15,Betnacional,3.23,1.23,Betano.br,1.62,1.31,1.31,Novibet,1.33,1.67,1.25,Betnacional,1.38,1.42,1.26,LuvaBet,2.29,1.48,Betano.br,2.15,1.62,Betano.br,2.15,1.65,Betnacional,5.23,16.0,36.0,7.06,4.8,5.49,41.0,15.0,3.6,LuvaBet,1.99,1.73,Sportingbet.br,2.1,1.65,LuvaBet,1.97,1.71,Betnacional,8.8,LuvaBet,9.22,Betnacional,7.16,LuvaBet,5.82,Betnacional,15.09,Betnacional,10.09,LuvaBet,13.0,LuvaBet,9.71,LuvaBet,15.0,Betnacional,39.22,Betnacional,21.3,Betnacional,28.04,Betnacional,18.68,LuvaBet,40.0,LuvaBet,33.0,,0.0,0.0,,0.0,0.0,,0.0,0.0,,0.0,0.0,,0.0,0.0,Betnacional,1.56,2.09,Betboom.br,1.26,3.3,Betboom.br,1.25,3.36,,0.0,0.0,,0.0,0.0,Betnacional,0.0,0.0,20.72,Betnacional,16.22,7.56,9.83,Novibet,7.9,4.8,3.5,Betnacional,1.58,3.91,1.33,Betnacional,1.17,5.99,1.08,Betnacional,1.04,9.36,0.0,,,,,,,,,,,,,,,,,,,,,,,,,,,,,,,,,,,,,,,,,,,,,,,,,,,,,,,,,,,,,,,,,,,,,,,,,,,,,,,,,,,,,,,,,,,,,,,,,,,,,,,,,,,,,,,,,,,,,,,,,,,,,,,,,,,,,,,,,,,,,,,,,,,,,,,,,,,,,,,,,,,,,,,,,,,,,,,,,,,,,,,,,,,,,,,,,,,,,,,,,,,,,Liga FUTVE 2,Ec90yuCn
pWtb1W4K,VENEZUELA,2025,VENEZUELA 2,VENEZUELA 2,24/07/2025,20:00,Round 17,Heroes de Falcon,vRH5aOqg,El Vigia,OYcssXWF,False,1,0,,,,,,[85],[],Betfair,2.5,2.0,4.5,Betano.br,2.12,2.35,4.25,Betfair,1.8,3.1,3.8,Esportivabet,1.4,2.54,Betnacional,2.84,1.3,,0.0,0.0,Betnacional,1.25,3.09,Sportingbet.br,2.4,1.49,Betnacional,4.57,1.11,Betfair,1.05,8.0,Betfair,1.36,2.88,Betfair,2.25,1.57,Betfair,4.5,1.17,Betfair,9.0,1.03,Betfair,2.0,1.7,Betnacional,4.38,1.12,Betnacional,3.58,1.19,Betano.br,1.22,1.27,1.98,Sportingbet.br,1.18,1.7,1.46,Sportingbet.br,1.2,1.53,1.57,Esportivabet,1.33,3.0,Betano.br,1.4,2.72,Betano.br,1.4,2.82,Betfair,3.1,13.0,41.0,4.5,4.5,8.5,21.0,13.0,6.5,LuvaBet,1.92,1.78,LuvaBet,2.12,1.61,Betnacional,1.95,1.73,Betfair,7.5,Betfair,5.5,Betfair,8.5,Betfair,6.0,Betfair,7.5,Betfair,15.0,Betfair,8.0,Betfair,12.0,Betfair,13.0,Betfair,13.0,Betfair,56.0,Betfair,15.0,Betfair,36.0,Betfair,29.0,Betfair,51.0,,0.0,0.0,,0.0,0.0,Betboom.br,3.36,1.25,Betboom.br,2.62,1.4,Betano.br,1.72,1.9,Betnacional,1.48,2.26,Betboom.br,1.18,3.96,,0.0,0.0,,0.0,0.0,,0.0,0.0,Betnacional,16.26,8.24,26.57,Betnacional,7.32,5.08,25.02,Betnacional,3.32,3.52,10.28,Betnacional,1.2,5.24,1.87,Betnacional,1.03,8.8,1.27,Betnacional,1.02,9.84,1.07,,,,,,,,,,,,,,,,,,,,,,,,,,,,,,,,,,,,,,,,,,,,,,,,,,,,,,,,,,,,,,,,,,,,,,,,,,,,,,,,,,,,,,,,,,,,,,,,,,,,,,,,,,,,,,,,,,,,,,,,,,,,,,,,,,,,,,,,,,,,,,,,,,,,,,,,,,,,,,,,,,,,,,,,,,,,,,,,,,,,,,,,,,,,,,,,,,,,,,,,,,,,,Liga FUTVE 2,Ec90yuCn
S8eYwUcf,VENEZUELA,2025,VENEZUELA 2,VENEZUELA 2,24/08/2025,19:30,Round 21,Titanes,6eug9B26,Heroes de Falcon,vRH5aOqg,False,2,0,,,,,,"[18, 28]",[],LuvaBet,2.19,2.24,4.22,Betano.br,2.07,2.57,3.85,LuvaBet,1.73,3.76,3.91,Betnacional,1.31,2.8,Sportingbet.br,2.55,1.44,,0.0,0.0,Betnacional,1.18,3.66,Sportingbet.br,1.98,1.72,Betnacional,3.68,1.18,,0.0,0.0,Superbet.br,1.24,3.35,LuvaBet,1.68,2.02,Superbet.br,2.92,1.31,Superbet.br,3.75,1.18,Betboom.br,1.7,2.05,Betnacional,3.63,1.18,Betnacional,2.92,1.29,Betboom.br,1.13,1.22,1.99,Sportingbet.br,1.21,1.6,1.49,Sportingbet.br,1.23,1.46,1.6,LuvaBet,1.32,2.9,Betano.br,1.45,2.57,Betano.br,1.44,2.67,Betnacional,3.03,17.0,41.0,5.23,6.54,9.06,31.0,17.0,6.3,LuvaBet,1.92,1.78,LuvaBet,2.03,1.67,Betnacional,1.91,1.76,LuvaBet,12.0,LuvaBet,8.43,LuvaBet,15.0,LuvaBet,7.93,Betnacional,9.56,LuvaBet,21.0,LuvaBet,9.42,LuvaBet,15.0,LuvaBet,15.0,Betnacional,17.18,Betnacional,46.77,LuvaBet,15.0,LuvaBet,29.0,BateuBet,26.0,LuvaBet,41.0,,0.0,0.0,,0.0,0.0,Betboom.br,2.97,1.32,Betnacional,2.6,1.36,Betano.br,1.72,1.9,,0.0,0.0,,0.0,0.0,,0.0,0.0,,0.0,0.0,,0.0,0.0,Betnacional,15.56,8.52,0.0,Betnacional,7.34,5.46,17.06,Betnacional,3.48,3.87,7.34,Betnacional,1.28,5.0,1.74,Betnacional,1.07,8.06,1.25,Betnacional,0.0,0.0,1.07,,,,,,,,,,,,,,,,,,,,,,,,,,,,,,,,,,,,,,,,,,,,,,,,,,,,,,,,,,,,,,,,,,,,,,,,,,,,,,,,,,,,,,,,,,,,,,,,,,,,,,,,,,,,,,,,,,,,,,,,,,,,,,,,,,,,,,,,,,,,,,,,,,,,,,,,,,,,,,,,,,,,,,,,,,,,,,,,,,,,,,,,,,,,,,,,,,,,,,,,,,,,,Liga FUTVE 2,Ec90yuCn
AyirXQqh,VENEZUELA,2025,VENEZUELA 2,VENEZUELA 2,22/06/2025,19:00,Round 13,Bolivar,KpRwCxzH,Dynamo Puerto,IRzKqzlk,False,2,1,,,,,,[],[],,0.0,0.0,0.0,,0.0,0.0,0.0,,0.0,0.0,0.0,,0.0,0.0,,0.0,0.0,,0.0,0.0,,0.0,0.0,,0.0,0.0,,0.0,0.0,,0.0,0.0,,0.0,0.0,,0.0,0.0,,0.0,0.0,,0.0,0.0,,0.0,0.0,,0.0,0.0,,0.0,0.0,,0.0,0.0,0.0,,0.0,0.0,0.0,,0.0,0.0,0.0,,0.0,0.0,,0.0,0.0,,0.0,0.0,,0.0,0.0,0.0,0.0,0.0,0.0,0.0,0.0,0.0,,0.0,0.0,,0.0,0.0,,0.0,0.0,,0.0,,0.0,,0.0,,0.0,,0.0,,0.0,,0.0,,0.0,,0.0,,0.0,,0.0,,0.0,,0.0,,0.0,,0.0,,0.0,0.0,,0.0,0.0,,0.0,0.0,,0.0,0.0,,0.0,0.0,,0.0,0.0,,0.0,0.0,,0.0,0.0,,0.0,0.0,,0.0,0.0,,0.0,0.0,0.0,,0.0,0.0,0.0,,0.0,0.0,0.0,,0.0,0.0,0.0,,0.0,0.0,0.0,,0.0,0.0,0.0,,,,,,,,,,,,,,,,,,,,,,,,,,,,,,,,,,,,,,,,,,,,,,,,,,,,,,,,,,,,,,,,,,,,,,,,,,,,,,,,,,,,,,,,,,,,,,,,,,,,,,,,,,,,,,,,,,,,,,,,,,,,,,,,,,,,,,,,,,,,,,,,,,,,,,,,,,,,,,,,,,,,,,,,,,,,,,,,,,,,,,,,,,,,,,,,,,,,,,,,,,,,,Liga FUTVE 2,Ec90yuCn
Q3XoZjiK,VENEZUELA,2025,VENEZUELA 2,VENEZUELA 2,10/08/2025,19:30,Round 19,Miranda,bqdjykPk,Monagas B,z1jpHUsI,False,2,1,,,,,,"[87, 90]",[50],Betnacional,1.63,2.61,8.06,Sportingbet.br,1.51,3.1,7.75,LuvaBet,1.25,5.0,10.0,,0.0,0.0,Novibet,2.4,1.49,,0.0,0.0,Betnacional,1.15,3.95,Sportingbet.br,1.83,1.85,Betnacional,3.32,1.22,,0.0,0.0,Superbet.br,1.16,4.0,LuvaBet,1.56,2.22,Betboom.br,2.52,1.43,,0.0,0.0,F12,2.07,1.62,Betnacional,4.17,1.14,Betnacional,3.52,1.2,Sportingbet.br,1.06,1.12,3.7,Sportingbet.br,1.08,1.42,2.05,Sportingbet.br,1.07,1.32,2.37,LuvaBet,1.04,7.27,Betano.br,1.14,4.85,Betano.br,1.13,5.5,LuvaBet,1.79,25.32,100.0,3.98,8.67,19.53,26.0,29.01,17.3,LuvaBet,1.9,1.8,Sportingbet.br,1.95,1.75,Betnacional,1.89,1.78,Betnacional,16.23,Betnacional,6.57,LuvaBet,26.0,LuvaBet,11.0,LuvaBet,6.55,Betnacional,64.4,LuvaBet,11.0,LuvaBet,34.0,Betnacional,26.55,LuvaBet,7.56,Betano.br,150.0,LuvaBet,13.0,Betnacional,100.0,LuvaBet,34.0,Betnacional,100.0,Betboom.br,2.67,1.38,Betboom.br,2.32,1.5,Betboom.br,1.75,1.91,Betboom.br,1.35,2.81,,0.0,0.0,,0.0,0.0,,0.0,0.0,,0.0,0.0,,0.0,0.0,,0.0,0.0,Betnacional,5.54,5.18,0.0,Betnacional,2.91,3.88,0.0,Betnacional,1.74,3.69,22.66,Betnacional,1.05,8.04,3.66,Betnacional,0.0,0.0,1.93,Betnacional,0.0,0.0,1.34,,,,,,,,,,,,,,,,,,,,,,,,,,,,,,,,,,,,,,,,,,,,,,,,,,,,,,,,,,,,,,,,,,,,,,,,,,,,,,,,,,,,,,,,,,,,,,,,,,,,,,,,,,,,,,,,,,,,,,,,,,,,,,,,,,,,,,,,,,,,,,,,,,,,,,,,,,,,,,,,,,,,,,,,,,,,,,,,,,,,,,,,,,,,,,,,,,,,,,,,,,,,,Liga FUTVE 2,Ec90yuCn
xC8sFhO6,VENEZUELA,2025,VENEZUELA 2,VENEZUELA 2,15/06/2025,20:00,Round 12,Aragua,CbfwrDH9,Angostura,IZnAvh6K,False,4,1,,,,,,[],[],,0.0,0.0,0.0,,0.0,0.0,0.0,,0.0,0.0,0.0,,0.0,0.0,,0.0,0.0,,0.0,0.0,,0.0,0.0,,0.0,0.0,,0.0,0.0,,0.0,0.0,,0.0,0.0,,0.0,0.0,,0.0,0.0,,0.0,0.0,,0.0,0.0,,0.0,0.0,,0.0,0.0,,0.0,0.0,0.0,,0.0,0.0,0.0,,0.0,0.0,0.0,,0.0,0.0,,0.0,0.0,,0.0,0.0,,0.0,0.0,0.0,0.0,0.0,0.0,0.0,0.0,0.0,,0.0,0.0,,0.0,0.0,,0.0,0.0,,0.0,,0.0,,0.0,,0.0,,0.0,,0.0,,0.0,,0.0,,0.0,,0.0,,0.0,,0.0,,0.0,,0.0,,0.0,,0.0,0.0,,0.0,0.0,,0.0,0.0,,0.0,0.0,,0.0,0.0,,0.0,0.0,,0.0,0.0,,0.0,0.0,,0.0,0.0,,0.0,0.0,,0.0,0.0,0.0,,0.0,0.0,0.0,,0.0,0.0,0.0,,0.0,0.0,0.0,,0.0,0.0,0.0,,0.0,0.0,0.0,,,,,,,,,,,,,,,,,,,,,,,,,,,,,,,,,,,,,,,,,,,,,,,,,,,,,,,,,,,,,,,,,,,,,,,,,,,,,,,,,,,,,,,,,,,,,,,,,,,,,,,,,,,,,,,,,,,,,,,,,,,,,,,,,,,,,,,,,,,,,,,,,,,,,,,,,,,,,,,,,,,,,,,,,,,,,,,,,,,,,,,,,,,,,,,,,,,,,,,,,,,,,Liga FUTVE 2,Ec90yuCn
dYQ8IRUb,VENEZUELA,2025,VENEZUELA 2,VENEZUELA 2,15/06/2025,21:00,Round 12,Maritimo,0CATV9mo,Bolivar,KpRwCxzH,False,2,0,,,,,,[],[],,0.0,0.0,0.0,,0.0,0.0,0.0,,0.0,0.0,0.0,,0.0,0.0,,0.0,0.0,,0.0,0.0,,0.0,0.0,,0.0,0.0,,0.0,0.0,,0.0,0.0,,0.0,0.0,,0.0,0.0,,0.0,0.0,,0.0,0.0,,0.0,0.0,,0.0,0.0,,0.0,0.0,,0.0,0.0,0.0,,0.0,0.0,0.0,,0.0,0.0,0.0,,0.0,0.0,,0.0,0.0,,0.0,0.0,,0.0,0.0,0.0,0.0,0.0,0.0,0.0,0.0,0.0,,0.0,0.0,,0.0,0.0,,0.0,0.0,,0.0,,0.0,,0.0,,0.0,,0.0,,0.0,,0.0,,0.0,,0.0,,0.0,,0.0,,0.0,,0.0,,0.0,,0.0,,0.0,0.0,,0.0,0.0,,0.0,0.0,,0.0,0.0,,0.0,0.0,,0.0,0.0,,0.0,0.0,,0.0,0.0,,0.0,0.0,,0.0,0.0,,0.0,0.0,0.0,,0.0,0.0,0.0,,0.0,0.0,0.0,,0.0,0.0,0.0,,0.0,0.0,0.0,,0.0,0.0,0.0,,,,,,,,,,,,,,,,,,,,,,,,,,,,,,,,,,,,,,,,,,,,,,,,,,,,,,,,,,,,,,,,,,,,,,,,,,,,,,,,,,,,,,,,,,,,,,,,,,,,,,,,,,,,,,,,,,,,,,,,,,,,,,,,,,,,,,,,,,,,,,,,,,,,,,,,,,,,,,,,,,,,,,,,,,,,,,,,,,,,,,,,,,,,,,,,,,,,,,,,,,,,,Liga FUTVE 2,Ec90yuCn
8WGQIzPs,VENEZUELA,2025,VENEZUELA 2,VENEZUELA 2,15/06/2025,19:30,Round 12,Trujillanos,ddwscmEO,Urena,x6MdZOGO,False,2,0,,,,,,[],[],,0.0,0.0,0.0,,0.0,0.0,0.0,,0.0,0.0,0.0,,0.0,0.0,,0.0,0.0,,0.0,0.0,,0.0,0.0,,0.0,0.0,,0.0,0.0,,0.0,0.0,,0.0,0.0,,0.0,0.0,,0.0,0.0,,0.0,0.0,,0.0,0.0,,0.0,0.0,,0.0,0.0,,0.0,0.0,0.0,,0.0,0.0,0.0,,0.0,0.0,0.0,,0.0,0.0,,0.0,0.0,,0.0,0.0,,0.0,0.0,0.0,0.0,0.0,0.0,0.0,0.0,0.0,,0.0,0.0,,0.0,0.0,,0.0,0.0,,0.0,,0.0,,0.0,,0.0,,0.0,,0.0,,0.0,,0.0,,0.0,,0.0,,0.0,,0.0,,0.0,,0.0,,0.0,,0.0,0.0,,0.0,0.0,,0.0,0.0,,0.0,0.0,,0.0,0.0,,0.0,0.0,,0.0,0.0,,0.0,0.0,,0.0,0.0,,0.0,0.0,,0.0,0.0,0.0,,0.0,0.0,0.0,,0.0,0.0,0.0,,0.0,0.0,0.0,,0.0,0.0,0.0,,0.0,0.0,0.0,,,,,,,,,,,,,,,,,,,,,,,,,,,,,,,,,,,,,,,,,,,,,,,,,,,,,,,,,,,,,,,,,,,,,,,,,,,,,,,,,,,,,,,,,,,,,,,,,,,,,,,,,,,,,,,,,,,,,,,,,,,,,,,,,,,,,,,,,,,,,,,,,,,,,,,,,,,,,,,,,,,,,,,,,,,,,,,,,,,,,,,,,,,,,,,,,,,,,,,,,,,,,Liga FUTVE 2,Ec90yuCn
tKyhE7L0,VENEZUELA,2025,VENEZUELA 2,VENEZUELA 2,12/07/2025,20:00,Round 15,Angostura,IZnAvh6K,Monagas B,z1jpHUsI,False,2,1,,,,,,"[62, 66]",[4],Betnacional,1.94,2.36,5.53,Sportingbet.br,1.8,2.7,5.0,Novibet,1.5,3.95,5.4,Betnacional,1.28,2.98,Novibet,2.55,1.43,,0.0,0.0,Betnacional,1.18,3.71,Sportingbet.br,1.9,1.78,Betnacional,3.58,1.19,,0.0,0.0,Superbet.br,1.21,3.55,Sportingbet.br,1.7,2.0,Superbet.br,2.77,1.35,,0.0,0.0,F12,1.76,1.88,Betnacional,3.83,1.16,Betnacional,3.15,1.25,Sportingbet.br,1.14,1.21,2.4,Sportingbet.br,1.14,1.55,1.68,Sportingbet.br,1.15,1.4,1.87,Superbet.br,1.17,3.9,Betnacional,1.24,3.2,Betano.br,1.32,3.2,LuvaBet,2.5,17.0,58.8,4.5,6.49,12.37,26.0,19.17,10.07,LuvaBet,1.9,1.8,LuvaBet,2.03,1.67,Betnacional,1.91,1.77,Betnacional,12.62,LuvaBet,7.44,Betnacional,15.31,LuvaBet,7.94,LuvaBet,7.94,Betnacional,33.89,LuvaBet,9.42,LuvaBet,17.0,LuvaBet,19.0,LuvaBet,12.0,Betnacional,100.0,LuvaBet,15.0,Betnacional,56.3,LuvaBet,29.0,Betnacional,56.0,,0.0,0.0,,0.0,0.0,Betboom.br,2.62,1.4,Betboom.br,2.01,1.67,Betnacional,1.46,2.3,,0.0,0.0,,0.0,0.0,,0.0,0.0,,0.0,0.0,,0.0,0.0,Betnacional,8.98,6.52,0.0,Betnacional,4.36,4.4,28.45,Betnacional,2.33,3.63,13.38,Betnacional,1.12,6.47,2.41,Betnacional,1.02,9.73,1.51,Betnacional,0.0,0.0,1.17,,,,,,,,,,,,,,,,,,,,,,,,,,,,,,,,,,,,,,,,,,,,,,,,,,,,,,,,,,,,,,,,,,,,,,,,,,,,,,,,,,,,,,,,,,,,,,,,,,,,,,,,,,,,,,,,,,,,,,,,,,,,,,,,,,,,,,,,,,,,,,,,,,,,,,,,,,,,,,,,,,,,,,,,,,,,,,,,,,,,,,,,,,,,,,,,,,,,,,,,,,,,,Liga FUTVE 2,Ec90yuCn
2VBCBJHE,VENEZUELA,2025,VENEZUELA 2,VENEZUELA 2,08/06/2025,19:30,Round 11,Miranda,bqdjykPk,Angostura,IZnAvh6K,False,2,0,,,,,,[],[],,0.0,0.0,0.0,,0.0,0.0,0.0,,0.0,0.0,0.0,,0.0,0.0,,0.0,0.0,,0.0,0.0,,0.0,0.0,,0.0,0.0,,0.0,0.0,,0.0,0.0,,0.0,0.0,,0.0,0.0,,0.0,0.0,,0.0,0.0,,0.0,0.0,,0.0,0.0,,0.0,0.0,,0.0,0.0,0.0,,0.0,0.0,0.0,,0.0,0.0,0.0,,0.0,0.0,,0.0,0.0,,0.0,0.0,,0.0,0.0,0.0,0.0,0.0,0.0,0.0,0.0,0.0,,0.0,0.0,,0.0,0.0,,0.0,0.0,,0.0,,0.0,,0.0,,0.0,,0.0,,0.0,,0.0,,0.0,,0.0,,0.0,,0.0,,0.0,,0.0,,0.0,,0.0,,0.0,0.0,,0.0,0.0,,0.0,0.0,,0.0,0.0,,0.0,0.0,,0.0,0.0,,0.0,0.0,,0.0,0.0,,0.0,0.0,,0.0,0.0,,0.0,0.0,0.0,,0.0,0.0,0.0,,0.0,0.0,0.0,,0.0,0.0,0.0,,0.0,0.0,0.0,,0.0,0.0,0.0,,,,,,,,,,,,,,,,,,,,,,,,,,,,,,,,,,,,,,,,,,,,,,,,,,,,,,,,,,,,,,,,,,,,,,,,,,,,,,,,,,,,,,,,,,,,,,,,,,,,,,,,,,,,,,,,,,,,,,,,,,,,,,,,,,,,,,,,,,,,,,,,,,,,,,,,,,,,,,,,,,,,,,,,,,,,,,,,,,,,,,,,,,,,,,,,,,,,,,,,,,,,,Liga FUTVE 2,Ec90yuCn
fTji4yAl,VENEZUELA,2025,VENEZUELA 2,VENEZUELA 2,08/06/2025,20:00,Round 11,Heroes de Falcon,vRH5aOqg,Urena,x6MdZOGO,False,2,2,,,,,,[],[],,0.0,0.0,0.0,,0.0,0.0,0.0,,0.0,0.0,0.0,,0.0,0.0,,0.0,0.0,,0.0,0.0,,0.0,0.0,,0.0,0.0,,0.0,0.0,,0.0,0.0,,0.0,0.0,,0.0,0.0,,0.0,0.0,,0.0,0.0,,0.0,0.0,,0.0,0.0,,0.0,0.0,,0.0,0.0,0.0,,0.0,0.0,0.0,,0.0,0.0,0.0,,0.0,0.0,,0.0,0.0,,0.0,0.0,,0.0,0.0,0.0,0.0,0.0,0.0,0.0,0.0,0.0,,0.0,0.0,,0.0,0.0,,0.0,0.0,,0.0,,0.0,,0.0,,0.0,,0.0,,0.0,,0.0,,0.0,,0.0,,0.0,,0.0,,0.0,,0.0,,0.0,,0.0,,0.0,0.0,,0.0,0.0,,0.0,0.0,,0.0,0.0,,0.0,0.0,,0.0,0.0,,0.0,0.0,,0.0,0.0,,0.0,0.0,,0.0,0.0,,0.0,0.0,0.0,,0.0,0.0,0.0,,0.0,0.0,0.0,,0.0,0.0,0.0,,0.0,0.0,0.0,,0.0,0.0,0.0,,,,,,,,,,,,,,,,,,,,,,,,,,,,,,,,,,,,,,,,,,,,,,,,,,,,,,,,,,,,,,,,,,,,,,,,,,,,,,,,,,,,,,,,,,,,,,,,,,,,,,,,,,,,,,,,,,,,,,,,,,,,,,,,,,,,,,,,,,,,,,,,,,,,,,,,,,,,,,,,,,,,,,,,,,,,,,,,,,,,,,,,,,,,,,,,,,,,,,,,,,,,,Liga FUTVE 2,Ec90yuCn
K4cctjv3,VENEZUELA,2025,VENEZUELA 2,VENEZUELA 2,29/06/2025,20:00,Round 14,Mineros,nHA4pAGL,Aragua,CbfwrDH9,False,1,0,,,,,,[70],[],Betano.br,2.95,1.93,3.7,Betano.br,2.7,2.18,3.35,Novibet,2.25,3.15,2.95,Novibet,1.45,2.45,,0.0,0.0,,0.0,0.0,,0.0,0.0,Sportingbet.br,2.45,1.47,,0.0,0.0,Superbet.br,1.08,6.4,Betnacional,1.34,2.66,Superbet.br,2.5,1.47,Superbet.br,4.15,1.19,,0.0,0.0,Superbet.br,2.15,1.62,,0.0,0.0,,0.0,0.0,Betano.br,1.36,1.32,1.6,Sportingbet.br,1.25,1.75,1.34,Sportingbet.br,1.29,1.57,1.41,Novibet,1.64,2.1,Betano.br,1.65,2.1,Betano.br,1.7,2.07,Novibet,3.75,15.0,45.0,5.2,4.5,6.5,41.0,15.0,5.0,Novibet,1.87,1.82,Sportingbet.br,2.1,1.63,,0.0,0.0,Betano.br,6.7,Superbet.br,5.45,BR4Bet,6.33,Superbet.br,5.65,BR4Bet,8.5,BR4Bet,12.0,Betano.br,8.25,BR4Bet,10.0,BR4Bet,16.0,BR4Bet,20.0,Esportivabet,36.0,BR4Bet,20.0,BR4Bet,26.0,Esportivabet,36.0,Esportivabet,41.0,,0.0,0.0,,0.0,0.0,,0.0,0.0,,0.0,0.0,,0.0,0.0,,0.0,0.0,,0.0,0.0,,0.0,0.0,,0.0,0.0,,0.0,0.0,,0.0,0.0,0.0,,0.0,0.0,0.0,,0.0,0.0,0.0,,0.0,0.0,0.0,,0.0,0.0,0.0,,0.0,0.0,0.0,,,,,,,,,,,,,,,,,,,,,,,,,,,,,,,,,,,,,,,,,,,,,,,,,,,,,,,,,,,,,,,,,,,,,,,,,,,,,,,,,,,,,,,,,,,,,,,,,,,,,,,,,,,,,,,,,,,,,,,,,,,,,,,,,,,,,,,,,,,,,,,,,,,,,,,,,,,,,,,,,,,,,,,,,,,,,,,,,,,,,,,,,,,,,,,,,,,,,,,,,,,,,Liga FUTVE 2,Ec90yuCn
IPp3oqJG,VENEZUELA,2025,VENEZUELA 2,VENEZUELA 2,03/08/2025,19:30,Round 18,Trujillanos,ddwscmEO,Titanes,6eug9B26,False,1,0,,,,,,[90],[],Betnacional,2.3,2.05,5.6,Sportingbet.br,2.15,2.35,4.4,Betnacional,1.75,3.35,4.45,Sportingbet.br,1.46,2.55,Betnacional,3.05,1.3,Betnacional,6.75,1.05,Betnacional,1.27,3.0,Sportingbet.br,2.3,1.53,Betnacional,4.8,1.1,Betnacional,1.07,6.25,Betboom.br,1.33,2.92,Betnacional,2.2,1.57,Betnacional,3.85,1.18,Betnacional,6.75,1.05,Betnacional,2.1,1.65,Betnacional,5.2,1.12,Betnacional,4.05,1.18,Betano.br,1.19,1.26,2.0,Sportingbet.br,1.16,1.68,1.5,Sportingbet.br,1.18,1.52,1.62,LuvaBet,1.26,3.29,Betano.br,1.4,2.75,Betano.br,1.39,2.85,Betano.br,2.75,17.0,50.0,4.59,5.61,9.18,31.0,18.0,8.0,LuvaBet,1.9,1.8,Sportingbet.br,2.1,1.63,Betnacional,1.93,1.75,Betnacional,9.28,LuvaBet,6.3,LuvaBet,12.0,LuvaBet,7.27,LuvaBet,7.76,Betnacional,23.08,LuvaBet,9.7,LuvaBet,16.0,LuvaBet,18.0,Betnacional,13.34,Betnacional,74.8,LuvaBet,16.0,Betnacional,45.72,Esportivabet,36.0,Betnacional,55.7,Betnacional,5.8,1.08,,0.0,0.0,Betnacional,3.0,1.3,Betboom.br,2.77,1.36,Betnacional,1.7,1.95,Betnacional,1.18,3.95,,0.0,0.0,,0.0,0.0,,0.0,0.0,,0.0,0.0,Betnacional,14.05,7.81,0.0,Betnacional,6.4,4.89,24.93,Betnacional,3.03,3.54,10.54,Betnacional,1.19,5.45,1.97,Betnacional,1.03,8.96,1.32,Betnacional,0.0,0.0,1.09,,,,,,,,,,,,,,,,,,,,,,,,,,,,,,,,,,,,,,,,,,,,,,,,,,,,,,,,,,,,,,,,,,,,,,,,,,,,,,,,,,,,,,,,,,,,,,,,,,,,,,,,,,,,,,,,,,,,,,,,,,,,,,,,,,,,,,,,,,,,,,,,,,,,,,,,,,,,,,,,,,,,,,,,,,,,,,,,,,,,,,,,,,,,,,,,,,,,,,,,,,,,,Liga FUTVE 2,Ec90yuCn
KjIORjP9,VENEZUELA,2025,VENEZUELA 2,VENEZUELA 2,28/06/2025,21:00,Round 14,Barquisimeto,4rp8eIDa,Urena,x6MdZOGO,False,2,0,,,,,,"[58, 90]",[],Sportingbet.br,2.5,2.3,3.5,Sportingbet.br,2.3,2.55,3.3,Betboom.br,2.03,3.97,2.85,Novibet,1.36,2.8,Novibet,2.65,1.4,,0.0,0.0,,0.0,0.0,Sportingbet.br,1.98,1.72,,0.0,0.0,,0.0,0.0,Superbet.br,1.28,3.35,Sportingbet.br,1.75,1.95,Superbet.br,3.2,1.3,,0.0,0.0,F12,1.68,1.99,,0.0,0.0,,0.0,0.0,Sportingbet.br,1.34,1.24,1.75,Novibet,1.29,1.57,1.36,Sportingbet.br,1.28,1.44,1.53,Superbet.br,1.49,2.27,Betano.br,1.7,2.05,Betano.br,1.7,2.07,Novibet,3.75,15.0,31.0,5.5,5.5,6.5,26.0,15.0,4.65,Superbet.br,1.82,1.88,Sportingbet.br,1.95,1.75,,0.0,0.0,Estrelabet,11.0,Betano.br,7.1,Betano.br,8.25,Superbet.br,6.3,Estrelabet,9.5,Superbet.br,12.0,Betano.br,7.6,Betano.br,8.75,Estrelabet,13.0,Estrelabet,19.0,Betano.br,26.0,Estrelabet,15.0,Estrelabet,20.0,Betano.br,21.0,Estrelabet,26.0,,0.0,0.0,Betboom.br,3.16,1.28,Betboom.br,3.16,1.28,Betboom.br,2.72,1.37,Betano.br,1.9,1.72,,0.0,0.0,,0.0,0.0,,0.0,0.0,,0.0,0.0,,0.0,0.0,,0.0,0.0,0.0,,0.0,0.0,0.0,Novibet,3.0,3.65,0.0,Novibet,0.0,0.0,1.9,,0.0,0.0,0.0,,0.0,0.0,0.0,,,,,,,,,,,,,,,,,,,,,,,,,,,,,,,,,,,,,,,,,,,,,,,,,,,,,,,,,,,,,,,,,,,,,,,,,,,,,,,,,,,,,,,,,,,,,,,,,,,,,,,,,,,,,,,,,,,,,,,,,,,,,,,,,,,,,,,,,,,,,,,,,,,,,,,,,,,,,,,,,,,,,,,,,,,,,,,,,,,,,,,,,,,,,,,,,,,,,,,,,,,,,Liga FUTVE 2,Ec90yuCn
bJb0RMDT,VENEZUELA,2025,VENEZUELA 2,VENEZUELA 2,22/06/2025,20:00,Round 13,Heroes de Falcon,vRH5aOqg,Puerto Cabello B,jmA1Pu7j,False,0,1,,,,,,[],[51],Estrelabet,2.6,1.94,4.0,Novibet,2.45,2.25,3.55,F12,2.02,3.25,3.35,Sportingbet.br,1.44,2.55,,0.0,0.0,,0.0,0.0,,0.0,0.0,Sportingbet.br,2.3,1.53,,0.0,0.0,,0.0,0.0,Betboom.br,1.34,2.88,Superbet.br,2.17,1.62,Superbet.br,3.9,1.21,,0.0,0.0,Superbet.br,1.95,1.76,,0.0,0.0,,0.0,0.0,Betano.br,1.28,1.29,1.72,Sportingbet.br,1.22,1.7,1.39,Sportingbet.br,1.26,1.53,1.47,Estrelabet,1.5,2.4,Novibet,1.56,2.25,Betano.br,1.55,2.35,Novibet,3.4,14.5,41.0,5.0,4.55,7.0,28.0,15.0,5.6,Estrelabet,1.9,1.8,Sportingbet.br,2.1,1.65,,0.0,0.0,Betano.br,8.0,Superbet.br,5.75,Estrelabet,7.5,Superbet.br,5.7,Betano.br,7.6,Estrelabet,14.0,Estrelabet,7.5,Estrelabet,11.0,Estrelabet,15.0,Estrelabet,16.0,Estrelabet,41.0,Estrelabet,16.0,Estrelabet,31.0,Estrelabet,31.0,Estrelabet,41.0,,0.0,0.0,,0.0,0.0,,0.0,0.0,Betboom.br,3.3,1.26,,0.0,0.0,,0.0,0.0,,0.0,0.0,,0.0,0.0,,0.0,0.0,,0.0,0.0,,0.0,0.0,0.0,,0.0,0.0,0.0,,0.0,0.0,0.0,,0.0,0.0,0.0,,0.0,0.0,0.0,,0.0,0.0,0.0,,,,,,,,,,,,,,,,,,,,,,,,,,,,,,,,,,,,,,,,,,,,,,,,,,,,,,,,,,,,,,,,,,,,,,,,,,,,,,,,,,,,,,,,,,,,,,,,,,,,,,,,,,,,,,,,,,,,,,,,,,,,,,,,,,,,,,,,,,,,,,,,,,,,,,,,,,,,,,,,,,,,,,,,,,,,,,,,,,,,,,,,,,,,,,,,,,,,,,,,,,,,,Liga FUTVE 2,Ec90yuCn
f1vTrv0U,VENEZUELA,2025,VENEZUELA 2,VENEZUELA 2,19/07/2025,21:00,Round 16,Maritimo,0CATV9mo,Mineros,nHA4pAGL,False,0,0,,,,,,[],[],Betnacional,1.9,2.27,6.52,Sportingbet.br,1.8,2.55,5.75,Betnacional,1.42,3.95,6.23,Betnacional,1.33,2.74,Novibet,2.8,1.36,,0.0,0.0,Betnacional,1.22,3.34,Sportingbet.br,2.15,1.61,Betnacional,4.1,1.14,,0.0,0.0,Sportingbet.br,1.3,3.2,F12,1.73,1.95,Superbet.br,3.15,1.27,,0.0,0.0,Superbet.br,2.12,1.65,Betnacional,4.4,1.12,Betnacional,3.69,1.18,Sportingbet.br,1.11,1.21,2.55,Sportingbet.br,1.11,1.55,1.72,Sportingbet.br,1.12,1.44,1.88,Superbet.br,1.13,4.5,Betnacional,1.19,3.58,Betano.br,1.27,3.6,LuvaBet,2.31,19.18,78.6,4.36,6.03,13.77,26.57,22.02,12.34,LuvaBet,1.9,1.8,LuvaBet,2.03,1.67,Betnacional,1.93,1.75,Betnacional,10.21,LuvaBet,6.39,LuvaBet,15.0,LuvaBet,7.87,LuvaBet,6.89,Betnacional,40.06,LuvaBet,9.84,Betnacional,20.97,Betnacional,21.8,LuvaBet,9.84,Betnacional,100.0,LuvaBet,15.0,Betnacional,86.4,Betnacional,33.9,Betnacional,89.9,,0.0,0.0,,0.0,0.0,Betboom.br,2.47,1.45,Betnacional,1.67,1.92,Betnacional,1.4,2.46,,0.0,0.0,,0.0,0.0,,0.0,0.0,,0.0,0.0,,0.0,0.0,Betnacional,9.08,6.32,0.0,Betnacional,4.29,4.19,35.83,Betnacional,2.25,3.44,17.41,Betnacional,1.09,6.78,2.6,Betnacional,1.01,9.83,1.54,Betnacional,0.0,0.0,1.17,,,,,,,,,,,,,,,,,,,,,,,,,,,,,,,,,,,,,,,,,,,,,,,,,,,0.0,1.0,,,,,,,,,,,,,,,,,,,,,,,,,,,,,,,,,,,,,,,,,,,,,,,,,,,,,,,,,,,,,,,,,,,,,,,,,,,,,,,,,,,,,,,,,,,,,,,,,,,,,,,,,,,,,,,,,,,,,,,,,,,,,,,,,,,,,,,0.0,1.0,,,,,,,,,,,,,,,,,Liga FUTVE 2,Ec90yuCn
Y7RfcwFN,VENEZUELA,2025,VENEZUELA 2,VENEZUELA 2,18/07/2025,19:30,Round 16,Titanes,6eug9B26,Urena,x6MdZOGO,False,2,2,,,,,,"[1, 87]","[28, 80]",BR4Bet,2.0,2.16,5.33,Betano.br,2.1,2.27,4.6,Esportivabet,1.52,3.66,5.5,Sportingbet.br,1.39,2.75,Sportingbet.br,2.75,1.39,,0.0,0.0,Betnacional,1.21,3.37,Sportingbet.br,2.15,1.6,Betnacional,4.06,1.14,,0.0,0.0,Sportingbet.br,1.32,3.1,Superbet.br,1.97,1.73,Superbet.br,3.25,1.25,,0.0,0.0,Superbet.br,1.95,1.76,Betnacional,4.1,1.14,Betnacional,3.37,1.21,LuvaBet,1.07,1.19,2.26,Sportingbet.br,1.15,1.62,1.57,Sportingbet.br,1.17,1.47,1.7,Esportivabet,1.2,4.0,Betano.br,1.33,3.05,Betano.br,1.36,3.0,Betnacional,2.39,19.0,60.0,4.75,6.0,11.0,28.0,19.0,8.93,LuvaBet,1.92,1.78,Sportingbet.br,2.05,1.66,Betnacional,1.93,1.75,Betnacional,9.95,LuvaBet,6.36,LuvaBet,15.0,LuvaBet,7.83,Betnacional,6.99,Betnacional,27.78,LuvaBet,9.79,LuvaBet,19.0,LuvaBet,21.0,Betnacional,11.62,Betnacional,94.3,LuvaBet,15.0,Betnacional,53.2,LuvaBet,33.0,Betnacional,59.9,,0.0,0.0,,0.0,0.0,Betnacional,2.55,1.37,Betnacional,2.0,1.61,Betnacional,1.57,2.07,,0.0,0.0,,0.0,0.0,,0.0,0.0,,0.0,0.0,,0.0,0.0,Betnacional,11.72,7.23,0.0,Betnacional,5.43,4.64,27.6,Betnacional,2.7,3.54,12.19,Betnacional,1.15,5.92,2.14,Betnacional,1.02,9.38,1.39,Betnacional,0.0,0.0,1.12,,,,,,,,,,,,,,,,,,,,,,,,,,,,,,,,,,,,,,,,,,,,,,,,,,,,,,,,,,,,,,,,,,,,,,,,,,,,,,,,,,,,,,,,,,,,,,,,,,,,,,,,,,,,,,,,,,,,,,,,,,,,,,,,,,,,,,,,,,,,,,,,,,,,,,,,,,,,,,,,,,,,,,,,,,,,,,,,,,,,,,,,,,,,,,,,,,,,,,,,,,,,,Liga FUTVE 2,Ec90yuCn
hb5BInnd,VENEZUELA,2025,VENEZUELA 2,VENEZUELA 2,29/06/2025,19:30,Round 14,El Vigia,OYcssXWF,Frontera,4AqkWAQI,False,1,3,,,,,,[86],"[9, 43, 67]",Sportingbet.br,2.45,2.2,3.9,Betano.br,2.07,2.82,3.4,Betano.br,1.82,3.9,3.3,Novibet,1.34,2.9,Sportingbet.br,2.5,1.46,,0.0,0.0,,0.0,0.0,,0.0,0.0,,0.0,0.0,,0.0,0.0,Superbet.br,1.23,3.75,Betano.br,1.55,2.15,Superbet.br,2.85,1.37,Superbet.br,3.85,1.22,Novibet,1.47,2.4,,0.0,0.0,,0.0,0.0,Betano.br,1.27,1.22,1.91,Novibet,1.25,1.56,1.44,,0.0,0.0,0.0,Estrelabet,1.45,2.54,Betano.br,1.52,2.37,Betano.br,1.5,2.47,Novibet,3.0,17.0,41.0,5.25,6.6,8.0,26.0,17.0,5.6,Estrelabet,2.05,1.7,Sportingbet.br,2.0,1.7,,0.0,0.0,Betano.br,17.0,Betano.br,9.25,Betano.br,12.5,Betano.br,7.2,BR4Bet,11.0,Esportivabet,20.0,Esportivabet,7.5,Betano.br,10.25,Betano.br,10.5,Esportivabet,16.0,Esportivabet,41.0,Esportivabet,13.0,BR4Bet,26.0,Esportivabet,21.0,BR4Bet,31.0,,0.0,0.0,,0.0,0.0,,0.0,0.0,,0.0,0.0,Esportivabet,2.08,1.56,,0.0,0.0,,0.0,0.0,,0.0,0.0,,0.0,0.0,,0.0,0.0,,0.0,0.0,0.0,,0.0,0.0,0.0,,0.0,0.0,0.0,,0.0,0.0,0.0,,0.0,0.0,0.0,,0.0,0.0,0.0,,,,,,,,,,,,,,,,,,,,,,,,,,,,,,,,,,,,,,,,,,,,,,,,,,,,,,,,,,,,,,,,,,,,,,,,,,,,,,,,,,,,,,,,,,,,,,,,,,,,,,,,,,,,,,,,,,,,,,,,,,,,,,,,,,,,,,,,,,,,,,,,,,,,,,,,,,,,,,,,,,,,,,,,,,,,,,,,,,,,,,,,,,,,,,,,,,,,,,,,,,,,,Liga FUTVE 2,Ec90yuCn
AeFK9cnR,VENEZUELA,2025,VENEZUELA 2,VENEZUELA 2,08/06/2025,19:30,Round 11,Puerto Cabello B,jmA1Pu7j,Frontera,4AqkWAQI,False,0,1,,,,,,[],[],,0.0,0.0,0.0,,0.0,0.0,0.0,,0.0,0.0,0.0,,0.0,0.0,,0.0,0.0,,0.0,0.0,,0.0,0.0,,0.0,0.0,,0.0,0.0,,0.0,0.0,,0.0,0.0,,0.0,0.0,,0.0,0.0,,0.0,0.0,,0.0,0.0,,0.0,0.0,,0.0,0.0,,0.0,0.0,0.0,,0.0,0.0,0.0,,0.0,0.0,0.0,,0.0,0.0,,0.0,0.0,,0.0,0.0,,0.0,0.0,0.0,0.0,0.0,0.0,0.0,0.0,0.0,,0.0,0.0,,0.0,0.0,,0.0,0.0,,0.0,,0.0,,0.0,,0.0,,0.0,,0.0,,0.0,,0.0,,0.0,,0.0,,0.0,,0.0,,0.0,,0.0,,0.0,,0.0,0.0,,0.0,0.0,,0.0,0.0,,0.0,0.0,,0.0,0.0,,0.0,0.0,,0.0,0.0,,0.0,0.0,,0.0,0.0,,0.0,0.0,,0.0,0.0,0.0,,0.0,0.0,0.0,,0.0,0.0,0.0,,0.0,0.0,0.0,,0.0,0.0,0.0,,0.0,0.0,0.0,,,,,,,,,,,,,,,,,,,,,,,,,,,,,,,,,,,,,,,,,,,,,,,,,,,,,,,,,,,,,,,,,,,,,,,,,,,,,,,,,,,,,,,,,,,,,,,,,,,,,,,,,,,,,,,,,,,,,,,,,,,,,,,,,,,,,,,,,,,,,,,,,,,,,,,,,,,,,,,,,,,,,,,,,,,,,,,,,,,,,,,,,,,,,,,,,,,,,,,,,,,,,Liga FUTVE 2,Ec90yuCn
jZ8Pkxee,VENEZUELA,2025,VENEZUELA 2,VENEZUELA 2,07/06/2025,21:00,Round 11,Barquisimeto,4rp8eIDa,El Vigia,OYcssXWF,False,1,1,,,,,,[],[],,0.0,0.0,0.0,,0.0,0.0,0.0,,0.0,0.0,0.0,,0.0,0.0,,0.0,0.0,,0.0,0.0,,0.0,0.0,,0.0,0.0,,0.0,0.0,,0.0,0.0,,0.0,0.0,,0.0,0.0,,0.0,0.0,,0.0,0.0,,0.0,0.0,,0.0,0.0,,0.0,0.0,,0.0,0.0,0.0,,0.0,0.0,0.0,,0.0,0.0,0.0,,0.0,0.0,,0.0,0.0,,0.0,0.0,,0.0,0.0,0.0,0.0,0.0,0.0,0.0,0.0,0.0,,0.0,0.0,,0.0,0.0,,0.0,0.0,,0.0,,0.0,,0.0,,0.0,,0.0,,0.0,,0.0,,0.0,,0.0,,0.0,,0.0,,0.0,,0.0,,0.0,,0.0,,0.0,0.0,,0.0,0.0,,0.0,0.0,,0.0,0.0,,0.0,0.0,,0.0,0.0,,0.0,0.0,,0.0,0.0,,0.0,0.0,,0.0,0.0,,0.0,0.0,0.0,,0.0,0.0,0.0,,0.0,0.0,0.0,,0.0,0.0,0.0,,0.0,0.0,0.0,,0.0,0.0,0.0,,,,,,,,,,,,,,,,,,,,,,,,,,,,,,,,,,,,,,,,,,,,,,,,,,,,,,,,,,,,,,,,,,,,,,,,,,,,,,,,,,,,,,,,,,,,,,,,,,,,,,,,,,,,,,,,,,,,,,,,,,,,,,,,,,,,,,,,,,,,,,,,,,,,,,,,,,,,,,,,,,,,,,,,,,,,,,,,,,,,,,,,,,,,,,,,,,,,,,,,,,,,,Liga FUTVE 2,Ec90yuCn
pK4SY5ZA,VENEZUELA,2025,VENEZUELA 2,VENEZUELA 2,02/08/2025,19:30,Round 18,Monagas B,z1jpHUsI,Mineros,nHA4pAGL,False,1,1,,,,,,[61],[13],Novibet,4.35,1.97,2.6,Novibet,3.75,2.25,2.35,Novibet,3.65,3.25,1.93,Sportingbet.br,1.44,2.55,Betano.br,3.05,1.29,Betano.br,7.1,1.04,Betnacional,1.25,3.15,Betnacional,2.19,1.51,Betnacional,4.48,1.12,,0.0,0.0,Sportingbet.br,1.37,2.8,LuvaBet,2.12,1.61,Betano.br,3.65,1.2,,0.0,0.0,Superbet.br,1.92,1.75,Superbet.br,4.75,1.14,Betnacional,3.46,1.2,Betano.br,1.8,1.28,1.26,Novibet,1.42,1.67,1.2,Superbet.br,1.45,1.47,1.18,Estrelabet,2.6,1.41,Superbet.br,2.4,1.42,Betano.br,2.47,1.5,Betnacional,6.55,17.0,31.0,8.06,5.03,5.03,45.81,17.0,3.12,Superbet.br,1.88,1.82,LuvaBet,2.12,1.61,Betnacional,1.95,1.74,Betano.br,8.5,Betnacional,9.2,LuvaBet,6.39,LuvaBet,7.36,Betnacional,18.61,Betano.br,8.5,LuvaBet,15.0,LuvaBet,9.82,LuvaBet,21.0,Betnacional,56.8,Betnacional,16.55,Betnacional,38.59,LuvaBet,19.0,Betnacional,52.2,Betano.br,35.0,,0.0,0.0,,0.0,0.0,,0.0,0.0,,0.0,0.0,,0.0,0.0,LuvaBet,1.74,1.93,Betboom.br,1.37,2.72,Betboom.br,1.24,3.42,,0.0,0.0,,0.0,0.0,Betnacional,0.0,0.0,17.81,Betnacional,21.63,8.39,8.12,Betnacional,8.81,4.97,3.62,Betnacional,1.76,3.63,1.24,Betnacional,1.23,5.37,1.05,Betnacional,1.05,8.64,0.0,,,,,,,,,,,,,,,,,,,,,,,,,,,,,,,,,,,,,,,,,,,,,,,,,,,,,,,,,,,,,,,,,,,,,,,,,,,,,,,,,,,,,,,,,,,,,,,,,,,,,,,,,,,,,,,,,,,,,,,,,,,,,,,,,,,,,,,,,,,,,,,,,,,,,,,,,,,,,,,,,,,,,,,,,,,,,,,,,,,,,,,,,,,,,,,,,,,,,,,,,,,,,Liga FUTVE 2,Ec90yuCn
OOOpcK2L,VENEZUELA,2025,VENEZUELA 2,VENEZUELA 2,07/06/2025,20:00,Round 11,Mineros,nHA4pAGL,Monagas B,z1jpHUsI,False,2,1,,,,,,[],[],,0.0,0.0,0.0,,0.0,0.0,0.0,,0.0,0.0,0.0,,0.0,0.0,,0.0,0.0,,0.0,0.0,,0.0,0.0,,0.0,0.0,,0.0,0.0,,0.0,0.0,,0.0,0.0,,0.0,0.0,,0.0,0.0,,0.0,0.0,,0.0,0.0,,0.0,0.0,,0.0,0.0,,0.0,0.0,0.0,,0.0,0.0,0.0,,0.0,0.0,0.0,,0.0,0.0,,0.0,0.0,,0.0,0.0,,0.0,0.0,0.0,0.0,0.0,0.0,0.0,0.0,0.0,,0.0,0.0,,0.0,0.0,,0.0,0.0,,0.0,,0.0,,0.0,,0.0,,0.0,,0.0,,0.0,,0.0,,0.0,,0.0,,0.0,,0.0,,0.0,,0.0,,0.0,,0.0,0.0,,0.0,0.0,,0.0,0.0,,0.0,0.0,,0.0,0.0,,0.0,0.0,,0.0,0.0,,0.0,0.0,,0.0,0.0,,0.0,0.0,,0.0,0.0,0.0,,0.0,0.0,0.0,,0.0,0.0,0.0,,0.0,0.0,0.0,,0.0,0.0,0.0,,0.0,0.0,0.0,,,,,,,,,,,,,,,,,,,,,,,,,,,,,,,,,,,,,,,,,,,,,,,,,,,,,,,,,,,,,,,,,,,,,,,,,,,,,,,,,,,,,,,,,,,,,,,,,,,,,,,,,,,,,,,,,,,,,,,,,,,,,,,,,,,,,,,,,,,,,,,,,,,,,,,,,,,,,,,,,,,,,,,,,,,,,,,,,,,,,,,,,,,,,,,,,,,,,,,,,,,,,Liga FUTVE 2,Ec90yuCn
UT9CFKUi,VENEZUELA,2025,VENEZUELA 2,VENEZUELA 2,20/07/2025,19:30,Round 16,El Vigia,OYcssXWF,Puerto Cabello B,jmA1Pu7j,False,5,1,,,,,,"[10, 15, 40, 45, 50]",[65],Betnacional,3.02,1.98,3.51,Betano.br,2.65,2.27,3.2,LuvaBet,2.44,3.46,2.49,Betano.br,1.42,2.55,Betano.br,2.92,1.32,Betano.br,6.9,1.05,Betnacional,1.25,3.14,Sportingbet.br,2.35,1.51,Betnacional,4.52,1.11,,0.0,0.0,Betboom.br,1.35,2.81,Esportivabet,2.2,1.55,Superbet.br,3.75,1.19,,0.0,0.0,F12,1.92,1.72,Betnacional,4.22,1.13,Betnacional,3.4,1.21,Betano.br,1.4,1.29,1.6,Sportingbet.br,1.26,1.71,1.34,Sportingbet.br,1.3,1.55,1.4,Betano.br,1.62,2.05,Betano.br,1.7,2.05,Betano.br,1.7,2.07,LuvaBet,4.04,17.0,41.0,6.06,4.79,6.5,36.0,17.0,4.84,Esportivabet,1.8,1.9,LuvaBet,2.12,1.61,Betnacional,1.94,1.74,Betano.br,8.25,Betano.br,6.9,Betano.br,8.0,LuvaBet,7.3,LuvaBet,11.0,Betano.br,13.5,LuvaBet,12.0,LuvaBet,12.0,LuvaBet,20.0,Betnacional,24.19,Betano.br,35.0,LuvaBet,22.0,Betnacional,27.06,LuvaBet,40.0,Betnacional,42.15,,0.0,0.0,,0.0,0.0,,0.0,0.0,Betboom.br,3.51,1.23,Betnacional,2.2,1.5,Betnacional,1.37,2.58,Betboom.br,1.13,4.65,,0.0,0.0,,0.0,0.0,,0.0,0.0,Betnacional,23.84,9.68,24.92,Betnacional,11.48,6.26,15.34,Betnacional,4.8,3.9,6.22,Betnacional,1.38,4.28,1.53,Betnacional,1.09,7.17,1.15,Betnacional,1.02,9.88,1.03,,,,,,,,,,,,,,,,,,,,,,,,,,,,,,,,,,,,,,,,,,,,,,,,,,,,,,,,,,,,,,,,,,,,,,,,,,,,,,,,,,,,,,,,,,,,,,,,,,,,,,,,,,,,,,,,,,,,,,,,,,,,,,,,,,,,,,,,,,,,,,,,,,,,,,,,,,,,,,,,,,,,,,,,,,,,,,,,,,,,,,,,,,,,,,,,,,,,,,,,,,,,,Liga FUTVE 2,Ec90yuCn
U1kWL0yi,VENEZUELA,2025,VENEZUELA 2,VENEZUELA 2,22/06/2025,20:00,Round 13,Urena,x6MdZOGO,El Vigia,OYcssXWF,False,1,1,,,,,,[89],[77],Betano.br,2.9,2.15,3.15,Betano.br,2.7,2.4,2.92,F12,2.5,3.7,2.32,Novibet,1.37,2.75,Novibet,2.7,1.39,,0.0,0.0,,0.0,0.0,Sportingbet.br,2.15,1.62,,0.0,0.0,,0.0,0.0,Superbet.br,1.28,3.35,F12,1.73,1.95,Superbet.br,3.2,1.3,,0.0,0.0,F12,1.63,2.05,,0.0,0.0,,0.0,0.0,Betboom.br,1.56,1.23,1.33,Sportingbet.br,1.32,1.63,1.32,Sportingbet.br,1.37,1.5,1.37,Betano.br,1.72,1.9,Betano.br,1.78,1.93,Betano.br,1.8,1.95,BR4Bet,4.0,14.0,32.0,6.0,5.1,6.3,31.0,14.0,4.33,Novibet,1.86,1.83,Sportingbet.br,2.05,1.68,,0.0,0.0,Betano.br,10.0,BR4Bet,7.5,Betano.br,7.5,Superbet.br,5.9,BR4Bet,11.0,Betano.br,11.0,BR4Bet,8.5,Betano.br,8.5,BR4Bet,12.0,BR4Bet,26.0,Estrelabet,26.0,BR4Bet,19.0,BR4Bet,18.0,BR4Bet,26.0,BR4Bet,26.0,,0.0,0.0,,0.0,0.0,,0.0,0.0,Betboom.br,4.35,1.15,,0.0,0.0,,0.0,0.0,Betboom.br,1.25,3.36,,0.0,0.0,,0.0,0.0,,0.0,0.0,,0.0,0.0,0.0,,0.0,0.0,0.0,,0.0,0.0,0.0,,0.0,0.0,0.0,,0.0,0.0,0.0,,0.0,0.0,0.0,,,,,,,,,,,,,,,,,,,,,,,,,,,,,,,,,,,,,,,,,,,,,,,,,,,,,,,,,,,,,,,,,,,,,,,,,,,,,,,,,,,,,,,,,,,,,,,,,,,,,,,,,,,,,,,,,,,,,,,,,,,,,,,,,,,,,,,,,,,,,,,,,,,,,,,,,,,,,,,,,,,,,,,,,,,,,,,,,,,,,,,,,,,,,,,,,,,,,,,,,,,,,Liga FUTVE 2,Ec90yuCn
OKS0Km0n,VENEZUELA,2025,VENEZUELA 2,VENEZUELA 2,15/06/2025,21:00,Round 12,Dynamo Puerto,IRzKqzlk,Mineros,nHA4pAGL,False,2,0,,,,,,"[45, 61]",[],Novibet,2.3,2.05,5.05,Betano.br,2.05,2.32,4.65,Betboom.br,1.53,3.88,5.42,Sportingbet.br,1.44,2.55,Novibet,2.8,1.36,,0.0,0.0,,0.0,0.0,Sportingbet.br,2.3,1.53,,0.0,0.0,,0.0,0.0,Betboom.br,1.3,3.06,Superbet.br,2.12,1.65,Superbet.br,3.75,1.23,,0.0,0.0,Superbet.br,2.02,1.71,,0.0,0.0,,0.0,0.0,Betboom.br,1.08,1.18,2.32,Sportingbet.br,1.15,1.68,1.51,Sportingbet.br,1.17,1.51,1.63,Estrelabet,1.28,3.33,Betano.br,1.35,2.95,Betano.br,1.34,3.05,Novibet,2.62,16.0,60.0,4.33,5.0,9.75,27.0,16.0,8.0,Estrelabet,1.9,1.8,Sportingbet.br,2.1,1.63,,0.0,0.0,Betano.br,8.25,Superbet.br,5.4,Betano.br,9.0,Superbet.br,6.0,Superbet.br,6.5,Estrelabet,21.0,Estrelabet,7.5,Estrelabet,14.0,Estrelabet,16.0,Estrelabet,11.0,Superbet.br,65.0,Estrelabet,13.0,Superbet.br,45.0,Estrelabet,31.0,Superbet.br,55.0,,0.0,0.0,,0.0,0.0,Betboom.br,2.24,1.54,Betboom.br,1.75,1.91,Betano.br,1.82,1.78,,0.0,0.0,Betboom.br,1.03,7.68,,0.0,0.0,,0.0,0.0,,0.0,0.0,,0.0,0.0,0.0,,0.0,0.0,0.0,Novibet,3.05,3.4,0.0,Novibet,0.0,0.0,1.97,,0.0,0.0,0.0,,0.0,0.0,0.0,,,,,,,,,,,,,,,,,,,,,,,,,,,,,,,,,,,,,,,,,,,,,,,,,,,1.0,0.0,,,,,,,,,,,,,,,,,,,,,,,,,,,,,,,,,,,,,,,,,,,,,,,,,,,,,,,,,,,,,,,,,,,,,,,,,,,,,,,,,,,,,,,,,,,,,,,,,,,,,,,,,,,,,,,,,,,,,,,,,,,,,,,,,,,,,,,1.0,0.0,,,,,,,,,,,,,,,,,Liga FUTVE 2,Ec90yuCn
h0KHG5aB,VENEZUELA,2025,VENEZUELA 2,VENEZUELA 2,21/06/2025,19:30,Round 13,Frontera,4AqkWAQI,Trujillanos,ddwscmEO,False,0,1,,,,,,[],[85],Novibet,3.8,1.97,2.85,Novibet,3.4,2.2,2.6,Novibet,3.2,3.0,2.2,Sportingbet.br,1.46,2.5,Novibet,2.9,1.33,Betano.br,6.7,1.05,,0.0,0.0,Sportingbet.br,2.37,1.51,,0.0,0.0,,0.0,0.0,Superbet.br,1.37,2.85,Superbet.br,2.17,1.61,Superbet.br,3.9,1.22,,0.0,0.0,Superbet.br,1.88,1.82,,0.0,0.0,,0.0,0.0,Novibet,1.57,1.33,1.3,Sportingbet.br,1.34,1.73,1.25,Sportingbet.br,1.41,1.57,1.29,Novibet,2.2,1.58,Betano.br,2.1,1.65,Betano.br,2.1,1.7,Betano.br,5.3,16.0,36.0,7.0,4.5,5.4,46.0,16.0,3.85,Esportivabet,1.95,1.75,Sportingbet.br,2.1,1.63,,0.0,0.0,Betano.br,7.2,Betano.br,8.5,Betano.br,7.0,Betano.br,5.5,Betano.br,16.5,Betano.br,11.5,Betano.br,11.0,Betano.br,9.25,Estrelabet,14.0,Betano.br,45.0,Betano.br,27.0,Betano.br,30.0,Betano.br,21.0,Esportivabet,41.0,Esportivabet,36.0,,0.0,0.0,,0.0,0.0,,0.0,0.0,,0.0,0.0,,0.0,0.0,Estrelabet,1.48,2.22,Betboom.br,1.23,3.57,Betboom.br,1.29,3.11,,0.0,0.0,,0.0,0.0,,0.0,0.0,0.0,,0.0,0.0,0.0,Betano.br,0.0,0.0,5.1,Betano.br,1.55,3.75,0.0,,0.0,0.0,0.0,,0.0,0.0,0.0,,,,,,,,,,,,,,,,,,,,,,,,,,,,,,,,,,,,,,,,,,,,,,,,,,,,,,,,,,,,,,,,,,,,,,,,,,,,,,,,,,,,,,,,,,,,,,,,,,,,,,,,,,,,,,,,,,,,,,,,,,,,,,,,,,,,,,,,,,,,,,,,,,,,,,,,,,,,,,,,,,,,,,,,,,,,,,,,,,,,,,,,,,,,,,,,,,,,,,,,,,,,,Liga FUTVE 2,Ec90yuCn
CQEGTCfc,VENEZUELA,2025,VENEZUELA 2,VENEZUELA 2,28/06/2025,21:00,Round 14,Maritimo,0CATV9mo,Monagas B,z1jpHUsI,False,7,2,,,,,,"[8, 25, 29, 41, 50, 54, 90]","[2, 30]",Betano.br,1.55,2.6,10.0,Betano.br,1.38,3.3,9.75,F12,1.15,6.6,13.0,Novibet,1.31,3.05,Betano.br,2.18,1.5,,0.0,0.0,,0.0,0.0,Sportingbet.br,1.8,1.88,,0.0,0.0,Novibet,1.02,16.0,Superbet.br,1.17,4.45,Superbet.br,1.49,2.45,Sportingbet.br,2.3,1.53,Superbet.br,3.75,1.23,Superbet.br,2.15,1.63,,0.0,0.0,,0.0,0.0,Betano.br,1.03,1.09,4.8,Sportingbet.br,1.06,1.35,2.3,Sportingbet.br,1.06,1.29,2.55,Esportivabet,1.04,8.0,Betano.br,1.09,6.1,Betano.br,1.08,7.1,Novibet,1.73,26.0,150.0,4.0,9.5,26.0,23.0,26.0,24.0,Sportingbet.br,1.8,1.87,Sportingbet.br,1.9,1.77,,0.0,0.0,BR4Bet,21.0,BR4Bet,8.0,Estrelabet,36.0,BR4Bet,12.0,BR4Bet,5.66,Betano.br,80.0,Betano.br,8.5,Estrelabet,36.0,Betano.br,28.0,Superbet.br,6.2,Betano.br,350.0,Betano.br,9.75,Betano.br,150.0,Betano.br,32.0,Betano.br,120.0,Betboom.br,2.72,1.37,Betboom.br,2.17,1.58,Betboom.br,1.67,2.01,Betboom.br,1.25,3.36,,0.0,0.0,,0.0,0.0,,0.0,0.0,,0.0,0.0,,0.0,0.0,,0.0,0.0,,0.0,0.0,0.0,Novibet,2.5,4.05,0.0,Novibet,1.92,3.7,0.0,Novibet,0.0,0.0,2.95,Novibet,0.0,0.0,2.06,,0.0,0.0,0.0,,,,,,,,,,,,,,,,,,,,,,,,,,,,,,,,,,,,,,,,,,,,,,,,,,,,,,,,,,,,,,,,,,,,,,,,,,,,,,,,,,,,,,,,,,,,,,,,,,,,,,,,,,,,,,,,,,,,,,,,,,,,,,,,,,,,,,,,,,,,,,,,,,,,,,,,,,,,,,,,,,,,,,,,,,,,,,,,,,,,,,,,,,,,,,,,,,,,,,,,,,,,,Liga FUTVE 2,Ec90yuCn
t2STeASs,VENEZUELA,2025,VENEZUELA 2,VENEZUELA 2,24/07/2025,21:30,Round 17,Barquisimeto,4rp8eIDa,Trujillanos,ddwscmEO,False,0,0,,,,,,[],[],Betfair,3.3,2.1,3.0,Novibet,2.85,2.15,3.2,Betfair,2.6,3.1,2.3,Goldebet,4.0,1.18,Novibet,2.85,1.35,,0.0,0.0,Betnacional,1.22,3.36,Sportingbet.br,2.3,1.53,Betnacional,4.05,1.15,Betfair,1.03,9.0,Betfair,1.29,3.3,Betfair,1.95,1.75,Betfair,3.6,1.25,Betfair,7.5,1.06,Betfair,1.7,2.0,Betnacional,3.81,1.17,Betnacional,3.06,1.26,Goldebet,1.08,3.2,1.0,Sportingbet.br,1.29,1.7,1.32,Sportingbet.br,1.33,1.57,1.37,Goldebet,2.5,1.45,Betano.br,1.78,1.93,Betano.br,1.85,1.88,Betfair,4.5,12.0,23.0,6.5,5.0,6.0,23.0,13.0,4.0,Goldebet,3.66,1.22,Sportingbet.br,2.1,1.63,Betnacional,1.94,1.74,Betfair,9.0,Betfair,8.0,Betfair,7.0,Betfair,5.5,Betfair,12.0,Betfair,10.0,Betfair,9.0,Betfair,8.5,Betfair,12.0,Betfair,23.0,Betfair,21.0,Betfair,17.0,Betfair,17.0,Betfair,26.0,Betfair,23.0,,0.0,0.0,,0.0,0.0,,0.0,0.0,Betboom.br,3.76,1.2,Goldebet,3.8,1.16,Goldebet,1.0,5.0,,0.0,0.0,,0.0,0.0,,0.0,0.0,,0.0,0.0,Betnacional,22.29,9.79,0.0,Betnacional,11.03,6.49,13.4,Goldebet,9.5,5.33,10.0,Goldebet,1.2,4.66,1.16,Betnacional,1.11,7.11,1.14,Betnacional,0.0,0.0,1.03,,,,,,,,,,,,,,,,,,,,,,,,,,,,,,,,,,,,,,,,,,,,,,,,,,,1.0,0.0,,,,,,,,,,,,,,,,,,,,,,,,,,,,,,,,,,,,,,,,,,,,,,,,,,,,,,,,,,,,,,,,,,,,,,,,,,,,,,,,,,,,,,,,,,,,,,,,,,,,,,,,,,,,,,,,,,,,,,,,,,,,,,,,,,,,,,,1.0,0.0,,,,,,,,,,,,,,,,,Liga FUTVE 2,Ec90yuCn
x0jchoLU,VENEZUELA,2025,VENEZUELA 2,VENEZUELA 2,31/05/2025,20:00,Round 10,Angostura,IZnAvh6K,Mineros,nHA4pAGL,False,4,0,,,,,,[],[],,0.0,0.0,0.0,,0.0,0.0,0.0,,0.0,0.0,0.0,,0.0,0.0,,0.0,0.0,,0.0,0.0,,0.0,0.0,,0.0,0.0,,0.0,0.0,,0.0,0.0,,0.0,0.0,,0.0,0.0,,0.0,0.0,,0.0,0.0,,0.0,0.0,,0.0,0.0,,0.0,0.0,,0.0,0.0,0.0,,0.0,0.0,0.0,,0.0,0.0,0.0,,0.0,0.0,,0.0,0.0,,0.0,0.0,,0.0,0.0,0.0,0.0,0.0,0.0,0.0,0.0,0.0,,0.0,0.0,,0.0,0.0,,0.0,0.0,,0.0,,0.0,,0.0,,0.0,,0.0,,0.0,,0.0,,0.0,,0.0,,0.0,,0.0,,0.0,,0.0,,0.0,,0.0,,0.0,0.0,,0.0,0.0,,0.0,0.0,,0.0,0.0,,0.0,0.0,,0.0,0.0,,0.0,0.0,,0.0,0.0,,0.0,0.0,,0.0,0.0,,0.0,0.0,0.0,,0.0,0.0,0.0,,0.0,0.0,0.0,,0.0,0.0,0.0,,0.0,0.0,0.0,,0.0,0.0,0.0,,,,,,,,,,,,,,,,,,,,,,,,,,,,,,,,,,,,,,,,,,,,,,,,,,,,,,,,,,,,,,,,,,,,,,,,,,,,,,,,,,,,,,,,,,,,,,,,,,,,,,,,,,,,,,,,,,,,,,,,,,,,,,,,,,,,,,,,,,,,,,,,,,,,,,,,,,,,,,,,,,,,,,,,,,,,,,,,,,,,,,,,,,,,,,,,,,,,,,,,,,,,,Liga FUTVE 2,Ec90yuCn
lnzfOd1K,VENEZUELA,2025,VENEZUELA 2,VENEZUELA 2,15/06/2025,19:30,Round 12,El Vigia,OYcssXWF,Titanes,6eug9B26,False,1,2,,,,,,[74],"[45, 48]",Sportingbet.br,2.87,1.9,4.0,Sportingbet.br,2.55,2.2,3.6,Betboom.br,2.22,2.81,3.47,Estrelabet,1.4,2.54,Betano.br,3.05,1.29,Betano.br,7.1,1.04,,0.0,0.0,Sportingbet.br,2.35,1.51,,0.0,0.0,,0.0,0.0,Superbet.br,1.36,2.92,Sportingbet.br,2.15,1.62,Superbet.br,3.8,1.22,,0.0,0.0,Superbet.br,1.87,1.83,,0.0,0.0,,0.0,0.0,Betano.br,1.28,1.33,1.65,Sportingbet.br,1.21,1.78,1.36,Sportingbet.br,1.25,1.58,1.44,Estrelabet,1.5,2.4,Betano.br,1.6,2.18,Betano.br,1.6,2.22,Betano.br,3.65,13.5,41.0,5.33,4.2,7.5,31.0,13.5,5.7,Estrelabet,2.05,1.7,Sportingbet.br,2.2,1.58,,0.0,0.0,Betano.br,7.9,Betano.br,6.8,Betano.br,9.0,Betano.br,5.8,Betano.br,10.25,Betano.br,17.0,Betano.br,8.75,Betano.br,11.5,Betano.br,14.5,Betano.br,22.0,Betano.br,45.0,Betano.br,19.0,Betano.br,32.0,Betano.br,32.0,Superbet.br,45.0,,0.0,0.0,,0.0,0.0,,0.0,0.0,Betboom.br,3.36,1.25,,0.0,0.0,,0.0,0.0,,0.0,0.0,,0.0,0.0,,0.0,0.0,,0.0,0.0,,0.0,0.0,0.0,,0.0,0.0,0.0,Betano.br,4.4,3.65,0.0,Betano.br,0.0,0.0,1.65,,0.0,0.0,0.0,,0.0,0.0,0.0,,,,,,,,,,,,,,,,,,,,,,,,,,,,,,,,,,,,,,,,,,,,,,,,,,,,,,,,,,,,,,,,,,,,,,,,,,,,,,,,,,,,,,,,,,,,,,,,,,,,,,,,,,,,,,,,,,,,,,,,,,,,,,,,,,,,,,,,,,,,,,,,,,,,,,,,,,,,,,,,,,,,,,,,,,,,,,,,,,,,,,,,,,,,,,,,,,,,,,,,,,,,,Liga FUTVE 2,Ec90yuCn
AwMlDWhJ,VENEZUELA,2025,VENEZUELA 2,VENEZUELA 2,15/06/2025,21:00,Round 12,Barquisimeto,4rp8eIDa,Puerto Cabello B,jmA1Pu7j,False,1,2,,,,,,[72],"[85, 86]",BR4Bet,6.33,1.13,10.0,Betano.br,1.98,2.5,4.5,BR4Bet,5.5,1.22,8.5,BR4Bet,5.0,1.11,Novibet,2.8,1.36,,0.0,0.0,,0.0,0.0,Sportingbet.br,2.1,1.63,,0.0,0.0,BR4Bet,2.1,1.6,Sportingbet.br,1.31,3.1,BR4Bet,3.25,1.25,Superbet.br,3.5,1.26,,0.0,0.0,Superbet.br,1.88,1.82,,0.0,0.0,,0.0,0.0,BR4Bet,1.0,3.3,1.06,Sportingbet.br,1.18,1.66,1.49,Sportingbet.br,1.2,1.49,1.62,F12,1.26,3.25,Betano.br,1.36,2.92,Betano.br,1.34,3.1,BR4Bet,12.0,51.0,51.0,4.5,5.3,9.5,51.0,51.0,21.0,BR4Bet,3.66,1.2,Sportingbet.br,2.1,1.65,,0.0,0.0,Betano.br,9.5,Superbet.br,5.9,Betano.br,9.75,Betano.br,6.2,Superbet.br,7.2,BR4Bet,36.0,BR4Bet,15.0,BR4Bet,41.0,BR4Bet,41.0,BR4Bet,20.0,Betano.br,55.0,BR4Bet,41.0,BR4Bet,41.0,BR4Bet,41.0,Superbet.br,45.0,,0.0,0.0,,0.0,0.0,BR4Bet,4.0,1.16,Betboom.br,2.07,1.63,BR4Bet,5.5,1.0,,0.0,0.0,,0.0,0.0,,0.0,0.0,,0.0,0.0,,0.0,0.0,,0.0,0.0,0.0,,0.0,0.0,0.0,BR4Bet,4.0,1.41,0.0,BR4Bet,0.0,0.0,5.25,,0.0,0.0,0.0,,0.0,0.0,0.0,,,,,,,,,,,,,,,,,,,,,,,,,,,,,,,,,,,,,,,,,,,,,,,,,,,,,,,,,,,,,,,,,,,,,,,,,,,,,,,,,,,,,,,,,,,,,,,,,,,,,,,,,,,,,,,,,,,,,,,,,,,,,,,,,,,,,,,,,,,,,,,,,,,,,,,,,,,,,,,,,,,,,,,,,,,,,,,,,,,,,,,,,,,,,,,,,,,,,,,,,,,,,Liga FUTVE 2,Ec90yuCn
lpu0CojD,VENEZUELA,2025,VENEZUELA 2,VENEZUELA 2,13/07/2025,20:00,Round 15,Mineros,nHA4pAGL,Bolivar,KpRwCxzH,False,1,0,,,,,,[90],[],Betnacional,2.87,1.96,3.84,Betnacional,2.49,2.4,3.3,Betboom.br,2.19,3.41,2.9,Sportingbet.br,1.46,2.55,Betnacional,2.96,1.28,,0.0,0.0,Betnacional,1.25,3.12,Betnacional,2.25,1.48,Betnacional,4.65,1.1,,0.0,0.0,Sportingbet.br,1.38,2.8,Superbet.br,2.22,1.56,Superbet.br,4.0,1.16,,0.0,0.0,Superbet.br,2.02,1.71,Betnacional,4.38,1.12,Betnacional,3.56,1.19,Betano.br,1.33,1.29,1.62,Novibet,1.25,1.67,1.33,Betnacional,1.25,1.42,1.39,Estrelabet,1.6,2.2,Betano.br,1.65,2.1,Betano.br,1.65,2.15,Novibet,3.75,17.34,41.0,5.5,5.0,6.54,36.0,17.85,5.35,LuvaBet,1.95,1.76,LuvaBet,2.12,1.61,Betnacional,1.93,1.75,Betnacional,8.24,LuvaBet,7.21,LuvaBet,8.66,Betnacional,6.37,LuvaBet,11.0,Betnacional,14.29,LuvaBet,11.0,LuvaBet,13.0,Betnacional,18.4,Betnacional,20.59,Betnacional,41.0,LuvaBet,20.0,Betnacional,31.53,Betnacional,38.34,Betnacional,48.26,,0.0,0.0,,0.0,0.0,,0.0,0.0,Betboom.br,3.22,1.27,Betnacional,2.01,1.61,Betnacional,1.34,2.67,Betboom.br,1.1,5.24,,0.0,0.0,,0.0,0.0,,0.0,0.0,Betnacional,22.29,9.29,0.0,Betnacional,10.29,5.8,17.95,Betnacional,4.29,3.63,7.06,Betnacional,1.34,4.35,1.63,Betnacional,1.07,7.53,1.18,Betnacional,0.0,0.0,1.03,,,,,,,,,,,,,,,,,,,,,,,,,,,,,,,,,,,,,,,,,,,,,,,,,,,,,,,,,,,,,,,,,,,,,,,,,,,,,,,,,,,,,,,,,,,,,,,,,,,,,,,,,,,,,,,,,,,,,,,,,,,,,,,,,,,,,,,,,,,,,,,,,,,,,,,,,,,,,,,,,,,,,,,,,,,,,,,,,,,,,,,,,,,,,,,,,,,,,,,,,,,,,Liga FUTVE 2,Ec90yuCn
bcNPEqUN,VENEZUELA,2025,VENEZUELA 2,VENEZUELA 2,21/06/2025,19:30,Round 13,Titanes,6eug9B26,Barquisimeto,4rp8eIDa,False,3,0,,,,,,"[53, 75, 85]",[],Esportivabet,2.9,2.05,3.5,Sportingbet.br,2.7,2.3,3.1,F12,2.28,3.2,2.85,Esportivabet,1.4,2.6,,0.0,0.0,,0.0,0.0,,0.0,0.0,Sportingbet.br,2.3,1.53,,0.0,0.0,,0.0,0.0,Esportivabet,1.35,2.9,Superbet.br,2.15,1.63,Superbet.br,3.85,1.22,,0.0,0.0,Superbet.br,1.88,1.82,,0.0,0.0,,0.0,0.0,Sportingbet.br,1.39,1.33,1.53,Betano.br,1.28,1.7,1.28,Sportingbet.br,1.31,1.55,1.4,Esportivabet,1.66,2.05,Esportivabet,1.66,2.0,Betano.br,1.88,1.85,Betano.br,4.6,16.0,41.0,6.1,4.66,6.66,36.0,16.0,4.55,Betano.br,1.93,1.72,Sportingbet.br,2.1,1.65,,0.0,0.0,BR4Bet,7.5,Esportivabet,7.5,Esportivabet,8.5,Esportivabet,6.25,Betano.br,11.75,Esportivabet,15.0,Esportivabet,10.0,Esportivabet,12.0,Esportivabet,17.0,Betano.br,28.0,Esportivabet,36.0,Esportivabet,21.0,Esportivabet,26.0,Esportivabet,36.0,Esportivabet,41.0,,0.0,0.0,,0.0,0.0,,0.0,0.0,Betboom.br,3.66,1.21,Esportivabet,2.25,1.48,,0.0,0.0,,0.0,0.0,,0.0,0.0,,0.0,0.0,,0.0,0.0,,0.0,0.0,0.0,,0.0,0.0,0.0,,0.0,0.0,0.0,,0.0,0.0,0.0,,0.0,0.0,0.0,,0.0,0.0,0.0,,,,,,,,,,,,,,,,,,,,,,,,,,,,,,,,,,,,,,,,,,,,,,,,,,,,,,,,,,,,,,,,,,,,,,,,,,,,,,,,,,,,,,,,,,,,,,,,,,,,,,,,,,,,,,,,,,,,,,,,,,,,,,,,,,,,,,,,,,,,,,,,,,,,,,,,,,,,,,,,,,,,,,,,,,,,,,,,,,,,,,,,,,,,,,,,,,,,,,,,,,,,,Liga FUTVE 2,Ec90yuCn
GAeTnSRP,VENEZUELA,2025,VENEZUELA 2,VENEZUELA 2,13/07/2025,20:00,Round 15,Urena,x6MdZOGO,Frontera,4AqkWAQI,False,1,0,,,,,,[67],[],Betnacional,3.67,2.26,2.47,Sportingbet.br,3.4,2.6,2.25,Betboom.br,3.07,3.89,1.95,Betnacional,1.28,2.96,Novibet,2.45,1.47,,0.0,0.0,Betnacional,1.16,3.93,Sportingbet.br,1.88,1.8,Betnacional,3.37,1.21,,0.0,0.0,Superbet.br,1.17,3.9,Superbet.br,1.63,2.12,Sportingbet.br,2.65,1.42,,0.0,0.0,Superbet.br,1.6,2.2,Betnacional,3.41,1.21,Betnacional,2.74,1.33,Betano.br,1.78,1.24,1.33,Sportingbet.br,1.46,1.57,1.25,Sportingbet.br,1.55,1.44,1.28,LuvaBet,2.43,1.45,Betano.br,2.25,1.57,Betano.br,2.32,1.57,Betnacional,5.45,15.53,24.12,7.81,6.52,5.52,34.02,15.0,3.25,LuvaBet,1.92,1.78,LuvaBet,2.03,1.67,Betnacional,1.9,1.78,Betnacional,13.75,LuvaBet,12.0,Betnacional,8.73,LuvaBet,7.21,Betnacional,18.29,LuvaBet,11.0,LuvaBet,12.0,LuvaBet,9.61,LuvaBet,14.0,Betnacional,42.86,Betnacional,17.49,Betnacional,25.08,LuvaBet,16.0,LuvaBet,33.0,LuvaBet,25.0,,0.0,0.0,,0.0,0.0,,0.0,0.0,Betboom.br,5.04,1.11,Betnacional,2.64,1.35,LuvaBet,1.77,1.9,Betnacional,1.37,2.56,,0.0,0.0,,0.0,0.0,,0.0,0.0,Betnacional,23.23,9.86,14.78,Betnacional,15.3,7.84,7.06,Betnacional,6.72,4.94,3.41,Betnacional,1.75,3.92,1.3,Betnacional,1.26,5.46,1.08,Betnacional,1.07,8.45,1.03,,,,,,,,,,,,,,,,,,,,,,,,,,,,,,,,,,,,,,,,,,,,,,,,,,,2.0,0.0,,,,,,,,,,,,,,,,,,,,,,,,,,,,,,,,,,,,,,,,,,,,,,,,,,,,,,,,,,,,,,,,,,,,,,,,,,,,,,,,,,,,,,,,,,,,,,,,,,,,,,,,,,,,,,,,,,,,,,,,,,,,,,,,,,,,,,,2.0,0.0,,,,,,,,,,,,,,,,,Liga FUTVE 2,Ec90yuCn
21AYxZfA,VENEZUELA,2025,VENEZUELA 2,VENEZUELA 2,16/08/2025,20:00,Round 20,Mineros,nHA4pAGL,Miranda,bqdjykPk,False,2,2,,,,,,"[23, 38]","[31, 54]",Novibet,3.85,1.76,3.4,Novibet,3.35,2.01,3.0,LuvaBet,2.97,2.67,2.57,BateuBet,1.55,2.2,Betnacional,3.48,1.2,,0.0,0.0,Sportingbet.br,1.4,2.7,Betnacional,2.67,1.34,Betnacional,5.67,1.06,Superbet.br,1.09,5.1,BateuBet,1.55,2.2,Betboom.br,2.77,1.36,,0.0,0.0,,0.0,0.0,Superbet.br,2.27,1.56,Betnacional,5.02,1.09,Betnacional,4.11,1.14,Betano.br,1.5,1.38,1.33,Sportingbet.br,1.29,1.87,1.23,Sportingbet.br,1.35,1.65,1.28,F12,1.99,1.68,Betano.br,1.98,1.75,Betano.br,2.0,1.75,Betnacional,5.28,17.0,41.76,6.39,4.06,5.58,47.45,17.0,4.4,LuvaBet,2.04,1.69,Betnacional,2.22,1.57,Betnacional,2.02,1.68,Betano.br,5.5,LuvaBet,6.72,LuvaBet,6.24,LuvaBet,5.76,Betnacional,13.14,LuvaBet,11.0,LuvaBet,14.0,LuvaBet,12.0,Betnacional,20.52,Betnacional,41.03,Betnacional,28.17,Betnacional,38.16,Betnacional,29.7,Betnacional,70.7,Betnacional,62.4,,0.0,0.0,,0.0,0.0,,0.0,0.0,Betboom.br,5.73,1.08,Betnacional,2.72,1.33,Betnacional,1.45,2.32,Betboom.br,1.17,4.17,,0.0,0.0,,0.0,0.0,,0.0,0.0,Betnacional,0.0,0.0,29.52,Betnacional,19.41,7.51,14.61,Betnacional,7.33,4.22,5.63,Betnacional,1.47,3.83,1.34,Betnacional,1.11,6.6,1.07,Betnacional,1.01,9.93,0.0,,,,,,,,,,,,,,,,,,,,,,,,,,,,,,,,,,,,,,,,,,,,,,,,,,,,,,,,,,,,,,,,,,,,,,,,,,,,,,,,,,,,,,,,,,,,,,,,,,,,,,,,,,,,,,,,,,,,,,,,,,,,,,,,,,,,,,,,,,,,,,,,,,,,,,,,,,,,,,,,,,,,,,,,,,,,,,,,,,,,,,,,,,,,,,,,,,,,,,,,,,,,,Liga FUTVE 2,Ec90yuCn
UNbBwTCD,VENEZUELA,2025,VENEZUELA 2,VENEZUELA 2,24/07/2025,19:30,Round 17,Titanes,6eug9B26,Frontera,4AqkWAQI,False,2,3,,,,,,"[22, 44]","[13, 50, 83]",Betfair,2.3,2.2,4.5,Betano.br,2.02,2.55,4.2,Betfair,1.67,3.4,4.5,Betnacional,1.31,2.81,Sportingbet.br,2.55,1.44,,0.0,0.0,Betnacional,1.18,3.63,Sportingbet.br,2.0,1.7,Betnacional,3.71,1.18,Betfair,1.02,10.0,Betfair,1.29,3.3,Betfair,1.91,1.8,Betfair,3.3,1.29,Betfair,7.0,1.07,Betfair,1.85,1.85,Betnacional,3.75,1.17,Betnacional,3.04,1.26,Betano.br,1.18,1.25,2.1,Sportingbet.br,1.18,1.6,1.55,Sportingbet.br,1.2,1.46,1.68,LuvaBet,1.24,3.38,Betano.br,1.37,2.87,Betano.br,1.38,2.9,Betfair,2.7,13.0,36.0,4.5,5.5,9.5,20.0,13.0,7.5,LuvaBet,1.95,1.76,Sportingbet.br,2.05,1.68,Betnacional,1.91,1.76,Betfair,9.5,Betfair,6.0,Betfair,10.0,Betfair,6.0,Betfair,7.0,Betfair,19.0,Betfair,7.0,Betfair,13.0,Betfair,13.0,Betfair,12.0,Betfair,61.0,Betfair,12.0,Betfair,34.0,Betfair,21.0,Betfair,41.0,,0.0,0.0,,0.0,0.0,Betboom.br,2.77,1.36,Betnacional,2.18,1.51,Betnacional,1.67,1.92,,0.0,0.0,,0.0,0.0,,0.0,0.0,,0.0,0.0,,0.0,0.0,Betnacional,12.57,7.65,0.0,Betnacional,5.9,4.93,21.82,Betnacional,2.92,3.69,9.49,Betnacional,1.2,5.52,1.97,Betnacional,1.04,8.87,1.34,Betnacional,0.0,0.0,1.1,,,,,,,,,,,,,,,,,,,,,,,,,,,,,,,,,,,,,,,,,,,,,,,,,,,,,,,,,,,,,,,,,,,,,,,,,,,,,,,,,,,,,,,,,,,,,,,,,,,,,,,,,,,,,,,,,,,,,,,,,,,,,,,,,,,,,,,,,,,,,,,,,,,,,,,,,,,,,,,,,,,,,,,,,,,,,,,,,,,,,,,,,,,,,,,,,,,,,,,,,,,,,Liga FUTVE 2,Ec90yuCn
GdKYGEgf,VENEZUELA,2025,VENEZUELA 2,VENEZUELA 2,15/06/2025,19:30,Round 12,Frontera,4AqkWAQI,Heroes de Falcon,vRH5aOqg,False,2,0,,,,,,"[9, 17]",[],Sportingbet.br,2.75,2.1,3.6,Sportingbet.br,2.5,2.4,3.25,Betboom.br,2.44,3.41,2.55,Novibet,1.38,2.7,Betano.br,2.82,1.34,Betano.br,6.6,1.05,,0.0,0.0,Sportingbet.br,2.1,1.65,,0.0,0.0,,0.0,0.0,Superbet.br,1.28,3.35,Estrelabet,2.1,1.6,Betano.br,3.2,1.25,,0.0,0.0,Novibet,1.68,2.01,,0.0,0.0,,0.0,0.0,Betano.br,1.31,1.3,1.65,Sportingbet.br,1.25,1.65,1.39,Sportingbet.br,1.29,1.5,1.47,Esportivabet,1.55,2.28,Betano.br,1.65,2.12,Betano.br,1.65,2.18,Betano.br,3.55,16.0,46.0,5.5,5.0,7.0,36.0,16.0,5.2,Superbet.br,1.9,1.8,Sportingbet.br,2.05,1.66,,0.0,0.0,Betano.br,9.25,Betano.br,7.5,Betano.br,9.5,Betano.br,6.2,Betano.br,10.5,Betano.br,16.5,Betano.br,8.75,Betano.br,11.0,Betano.br,14.0,Betano.br,22.0,Betano.br,40.0,Betano.br,18.0,Betano.br,28.0,Estrelabet,31.0,Estrelabet,36.0,,0.0,0.0,,0.0,0.0,,0.0,0.0,Betboom.br,3.11,1.29,Estrelabet,2.16,1.52,,0.0,0.0,,0.0,0.0,,0.0,0.0,,0.0,0.0,,0.0,0.0,,0.0,0.0,0.0,,0.0,0.0,0.0,Betano.br,4.25,3.75,0.0,Betano.br,0.0,0.0,1.65,,0.0,0.0,0.0,,0.0,0.0,0.0,,,,,,,,,,,,,,,,,,,,,,,,,,,,,,,,,,,,,,,,,,,,,,,,,,,,,,,,,,,,,,,,,,,,,,,,,,,,,,,,,,,,,,,,,,,,,,,,,,,,,,,,,,,,,,,,,,,,,,,,,,,,,,,,,,,,,,,,,,,,,,,,,,,,,,,,,,,,,,,,,,,,,,,,,,,,,,,,,,,,,,,,,,,,,,,,,,,,,,,,,,,,,Liga FUTVE 2,Ec90yuCn
00QWPUgM,VENEZUELA,2025,VENEZUELA 2,VENEZUELA 2,29/06/2025,19:30,Round 14,Miranda,bqdjykPk,Bolivar,KpRwCxzH,False,2,0,,,,,,"[10, 54]",[],Betano.br,2.22,2.05,5.2,Betano.br,2.02,2.3,4.9,Betano.br,1.65,3.4,4.85,Sportingbet.br,1.42,2.6,,0.0,0.0,,0.0,0.0,,0.0,0.0,Sportingbet.br,2.2,1.57,,0.0,0.0,,0.0,0.0,Sportingbet.br,1.35,2.95,Betano.br,2.15,1.55,Superbet.br,3.65,1.24,,0.0,0.0,Superbet.br,2.05,1.69,,0.0,0.0,,0.0,0.0,Betano.br,1.16,1.25,2.18,Sportingbet.br,1.15,1.63,1.57,Sportingbet.br,1.16,1.47,1.71,Esportivabet,1.27,3.4,Betano.br,1.32,3.1,Betano.br,1.32,3.25,Novibet,2.62,17.0,65.0,4.33,5.0,10.0,31.0,17.0,8.25,Esportivabet,1.9,1.8,Sportingbet.br,2.05,1.66,,0.0,0.0,Superbet.br,7.6,Superbet.br,5.35,Esportivabet,9.5,Superbet.br,6.2,Superbet.br,6.2,Esportivabet,21.0,Betano.br,7.3,Betano.br,14.0,Betano.br,17.0,Esportivabet,11.0,Betano.br,65.0,Esportivabet,13.0,Betano.br,45.0,Esportivabet,31.0,Betano.br,55.0,,0.0,0.0,,0.0,0.0,,0.0,0.0,Betano.br,1.87,1.75,,0.0,0.0,,0.0,0.0,,0.0,0.0,,0.0,0.0,,0.0,0.0,,0.0,0.0,,0.0,0.0,0.0,,0.0,0.0,0.0,Novibet,2.95,3.4,0.0,Novibet,0.0,0.0,2.02,,0.0,0.0,0.0,,0.0,0.0,0.0,,,,,,,,,,,,,,,,,,,,,,,,,,,,,,,,,,,,,,,,,,,,,,,,,,,,,,,,,,,,,,,,,,,,,,,,,,,,,,,,,,,,,,,,,,,,,,,,,,,,,,,,,,,,,,,,,,,,,,,,,,,,,,,,,,,,,,,,,,,,,,,,,,,,,,,,,,,,,,,,,,,,,,,,,,,,,,,,,,,,,,,,,,,,,,,,,,,,,,,,,,,,,Liga FUTVE 2,Ec90yuCn
4puMjg1N,VENEZUELA,2025,VENEZUELA 2,VENEZUELA 2,31/05/2025,19:30,Round 10,Frontera,4AqkWAQI,Titanes,6eug9B26,False,2,2,,,,,,[],[],,0.0,0.0,0.0,,0.0,0.0,0.0,,0.0,0.0,0.0,,0.0,0.0,,0.0,0.0,,0.0,0.0,,0.0,0.0,,0.0,0.0,,0.0,0.0,,0.0,0.0,,0.0,0.0,,0.0,0.0,,0.0,0.0,,0.0,0.0,,0.0,0.0,,0.0,0.0,,0.0,0.0,,0.0,0.0,0.0,,0.0,0.0,0.0,,0.0,0.0,0.0,,0.0,0.0,,0.0,0.0,,0.0,0.0,,0.0,0.0,0.0,0.0,0.0,0.0,0.0,0.0,0.0,,0.0,0.0,,0.0,0.0,,0.0,0.0,,0.0,,0.0,,0.0,,0.0,,0.0,,0.0,,0.0,,0.0,,0.0,,0.0,,0.0,,0.0,,0.0,,0.0,,0.0,,0.0,0.0,,0.0,0.0,,0.0,0.0,,0.0,0.0,,0.0,0.0,,0.0,0.0,,0.0,0.0,,0.0,0.0,,0.0,0.0,,0.0,0.0,,0.0,0.0,0.0,,0.0,0.0,0.0,,0.0,0.0,0.0,,0.0,0.0,0.0,,0.0,0.0,0.0,,0.0,0.0,0.0,,,,,,,,,,,,,,,,,,,,,,,,,,,,,,,,,,,,,,,,,,,,,,,,,,,,,,,,,,,,,,,,,,,,,,,,,,,,,,,,,,,,,,,,,,,,,,,,,,,,,,,,,,,,,,,,,,,,,,,,,,,,,,,,,,,,,,,,,,,,,,,,,,,,,,,,,,,,,,,,,,,,,,,,,,,,,,,,,,,,,,,,,,,,,,,,,,,,,,,,,,,,,Liga FUTVE 2,Ec90yuCn
dhm80g9D,VENEZUELA,2025,VENEZUELA 2,VENEZUELA 2,15/06/2025,19:30,Round 12,Monagas B,z1jpHUsI,Miranda,bqdjykPk,False,1,2,,,,,,[74],"[14, 67]",Novibet,4.75,1.96,2.5,Betano.br,4.4,2.27,2.15,Betano.br,4.2,3.3,1.75,Sportingbet.br,1.49,2.4,,0.0,0.0,,0.0,0.0,,0.0,0.0,Sportingbet.br,2.45,1.49,,0.0,0.0,,0.0,0.0,Superbet.br,1.38,2.82,Sportingbet.br,2.3,1.55,Superbet.br,3.9,1.21,,0.0,0.0,Novibet,2.08,1.63,,0.0,0.0,,0.0,0.0,Betano.br,1.98,1.27,1.19,Sportingbet.br,1.43,1.73,1.19,Sportingbet.br,1.53,1.55,1.21,Superbet.br,2.92,1.3,Betano.br,2.75,1.4,Betano.br,2.85,1.39,Betano.br,7.0,16.0,31.0,9.0,4.6,4.5,55.0,16.0,3.0,Esportivabet,1.9,1.8,Sportingbet.br,2.1,1.63,,0.0,0.0,Betano.br,7.5,Superbet.br,8.6,Superbet.br,5.45,Superbet.br,5.8,Superbet.br,19.0,Esportivabet,7.0,Superbet.br,13.0,Esportivabet,7.5,Esportivabet,17.0,Superbet.br,60.0,Esportivabet,15.0,Esportivabet,41.0,Esportivabet,16.0,Superbet.br,55.0,Esportivabet,36.0,,0.0,0.0,,0.0,0.0,,0.0,0.0,,0.0,0.0,,0.0,0.0,Betano.br,1.9,1.7,Betboom.br,1.37,2.72,,0.0,0.0,,0.0,0.0,,0.0,0.0,,0.0,0.0,0.0,,0.0,0.0,0.0,,0.0,0.0,0.0,,0.0,0.0,0.0,,0.0,0.0,0.0,,0.0,0.0,0.0,,,,,,,,,,,,,,,,,,,,,,,,,,,,,,,,,,,,,,,,,,,,,,,,,,,,,,,,,,,,,,,,,,,,,,,,,,,,,,,,,,,,,,,,,,,,,,,,,,,,,,,,,,,,,,,,,,,,,,,,,,,,,,,,,,,,,,,,,,,,,,,,,,,,,,,,,,,,,,,,,,,,,,,,,,,,,,,,,,,,,,,,,,,,,,,,,,,,,,,,,,,,,Liga FUTVE 2,Ec90yuCn
WMF5Jf6C,VENEZUELA,2025,VENEZUELA 2,VENEZUELA 2,18/05/2025,21:00,Round 9,Dynamo Puerto,IRzKqzlk,Monagas B,z1jpHUsI,False,0,1,,,,,,[],[],,0.0,0.0,0.0,,0.0,0.0,0.0,,0.0,0.0,0.0,,0.0,0.0,,0.0,0.0,,0.0,0.0,,0.0,0.0,,0.0,0.0,,0.0,0.0,,0.0,0.0,,0.0,0.0,,0.0,0.0,,0.0,0.0,,0.0,0.0,,0.0,0.0,,0.0,0.0,,0.0,0.0,,0.0,0.0,0.0,,0.0,0.0,0.0,,0.0,0.0,0.0,,0.0,0.0,,0.0,0.0,,0.0,0.0,,0.0,0.0,0.0,0.0,0.0,0.0,0.0,0.0,0.0,,0.0,0.0,,0.0,0.0,,0.0,0.0,,0.0,,0.0,,0.0,,0.0,,0.0,,0.0,,0.0,,0.0,,0.0,,0.0,,0.0,,0.0,,0.0,,0.0,,0.0,,0.0,0.0,,0.0,0.0,,0.0,0.0,,0.0,0.0,,0.0,0.0,,0.0,0.0,,0.0,0.0,,0.0,0.0,,0.0,0.0,,0.0,0.0,,0.0,0.0,0.0,,0.0,0.0,0.0,,0.0,0.0,0.0,,0.0,0.0,0.0,,0.0,0.0,0.0,,0.0,0.0,0.0,,,,,,,,,,,,,,,,,,,,,,,,,,,,,,,,,,,,,,,,,,,,,,,,,,,,,,,,,,,,,,,,,,,,,,,,,,,,,,,,,,,,,,,,,,,,,,,,,,,,,,,,,,,,,,,,,,,,,,,,,,,,,,,,,,,,,,,,,,,,,,,,,,,,,,,,,,,,,,,,,,,,,,,,,,,,,,,,,,,,,,,,,,,,,,,,,,,,,,,,,,,,,Liga FUTVE 2,Ec90yuCn
IJkW4eiJ,VENEZUELA,2025,VENEZUELA 2,VENEZUELA 2,18/05/2025,20:00,Round 9,Mineros,nHA4pAGL,Maritimo,0CATV9mo,False,1,2,,,,,,[],[],,0.0,0.0,0.0,,0.0,0.0,0.0,,0.0,0.0,0.0,,0.0,0.0,,0.0,0.0,,0.0,0.0,,0.0,0.0,,0.0,0.0,,0.0,0.0,,0.0,0.0,,0.0,0.0,,0.0,0.0,,0.0,0.0,,0.0,0.0,,0.0,0.0,,0.0,0.0,,0.0,0.0,,0.0,0.0,0.0,,0.0,0.0,0.0,,0.0,0.0,0.0,,0.0,0.0,,0.0,0.0,,0.0,0.0,,0.0,0.0,0.0,0.0,0.0,0.0,0.0,0.0,0.0,,0.0,0.0,,0.0,0.0,,0.0,0.0,,0.0,,0.0,,0.0,,0.0,,0.0,,0.0,,0.0,,0.0,,0.0,,0.0,,0.0,,0.0,,0.0,,0.0,,0.0,,0.0,0.0,,0.0,0.0,,0.0,0.0,,0.0,0.0,,0.0,0.0,,0.0,0.0,,0.0,0.0,,0.0,0.0,,0.0,0.0,,0.0,0.0,,0.0,0.0,0.0,,0.0,0.0,0.0,,0.0,0.0,0.0,,0.0,0.0,0.0,,0.0,0.0,0.0,,0.0,0.0,0.0,,,,,,,,,,,,,,,,,,,,,,,,,,,,,,,,,,,,,,,,,,,,,,,,,,,,,,,,,,,,,,,,,,,,,,,,,,,,,,,,,,,,,,,,,,,,,,,,,,,,,,,,,,,,,,,,,,,,,,,,,,,,,,,,,,,,,,,,,,,,,,,,,,,,,,,,,,,,,,,,,,,,,,,,,,,,,,,,,,,,,,,,,,,,,,,,,,,,,,,,,,,,,Liga FUTVE 2,Ec90yuCn
On7XmGP7,VENEZUELA,2025,VENEZUELA 2,VENEZUELA 2,08/06/2025,19:00,Round 11,Bolivar,KpRwCxzH,Aragua,CbfwrDH9,False,1,1,,,,,,[10],[79],Betfair,3.0,2.0,3.6,Sportingbet.br,2.75,2.2,3.25,Betfair,2.3,2.8,3.1,Sportingbet.br,1.52,2.35,,0.0,0.0,,0.0,0.0,,0.0,0.0,Sportingbet.br,2.5,1.46,,0.0,0.0,Betfair,1.05,8.0,Betfair,1.36,2.88,Betfair,2.25,1.57,Betfair,4.5,1.17,Betfair,9.0,1.03,Betfair,1.91,1.8,,0.0,0.0,,0.0,0.0,Betano.br,1.33,1.34,1.55,Sportingbet.br,1.24,1.78,1.32,Sportingbet.br,1.29,1.58,1.39,Esportivabet,1.7,2.05,Betano.br,1.75,1.98,Betano.br,1.72,2.05,Betfair,3.75,13.0,26.0,5.5,4.5,6.5,23.0,13.0,5.0,Superbet.br,1.92,1.8,Sportingbet.br,2.15,1.61,,0.0,0.0,Betfair,7.5,Betfair,6.0,Betfair,7.0,Betfair,5.5,Betfair,9.5,Betfair,12.0,Betfair,8.5,Betfair,9.5,Betfair,13.0,Betfair,19.0,Betfair,31.0,Betfair,17.0,Betfair,21.0,Betfair,31.0,Betfair,36.0,,0.0,0.0,,0.0,0.0,,0.0,0.0,Betboom.br,4.1,1.17,,0.0,0.0,,0.0,0.0,,0.0,0.0,,0.0,0.0,,0.0,0.0,,0.0,0.0,,0.0,0.0,0.0,,0.0,0.0,0.0,,0.0,0.0,0.0,,0.0,0.0,0.0,,0.0,0.0,0.0,,0.0,0.0,0.0,,,,,,,,,,,,,,,,,,,,,,,,,,,,,,,,,,,,,,,,,,,,,,,,,,,,,,,,,,,,,,,,,,,,,,,,,,,,,,,,,,,,,,,,,,,,,,,,,,,,,,,,,,,,,,,,,,,,,,,,,,,,,,,,,,,,,,,,,,,,,,,,,,,,,,,,,,,,,,,,,,,,,,,,,,,,,,,,,,,,,,,,,,,,,,,,,,,,,,,,,,,,,Liga FUTVE 2,Ec90yuCn
4Al98NOP,VENEZUELA,2025,VENEZUELA 2,VENEZUELA 2,10/05/2025,19:30,Round 7,Bolivar,KpRwCxzH,Miranda,bqdjykPk,False,1,1,,,,,,[],[],,0.0,0.0,0.0,,0.0,0.0,0.0,,0.0,0.0,0.0,,0.0,0.0,,0.0,0.0,,0.0,0.0,,0.0,0.0,,0.0,0.0,,0.0,0.0,,0.0,0.0,,0.0,0.0,,0.0,0.0,,0.0,0.0,,0.0,0.0,,0.0,0.0,,0.0,0.0,,0.0,0.0,,0.0,0.0,0.0,,0.0,0.0,0.0,,0.0,0.0,0.0,,0.0,0.0,,0.0,0.0,,0.0,0.0,,0.0,0.0,0.0,0.0,0.0,0.0,0.0,0.0,0.0,,0.0,0.0,,0.0,0.0,,0.0,0.0,,0.0,,0.0,,0.0,,0.0,,0.0,,0.0,,0.0,,0.0,,0.0,,0.0,,0.0,,0.0,,0.0,,0.0,,0.0,,0.0,0.0,,0.0,0.0,,0.0,0.0,,0.0,0.0,,0.0,0.0,,0.0,0.0,,0.0,0.0,,0.0,0.0,,0.0,0.0,,0.0,0.0,,0.0,0.0,0.0,,0.0,0.0,0.0,,0.0,0.0,0.0,,0.0,0.0,0.0,,0.0,0.0,0.0,,0.0,0.0,0.0,,,,,,,,,,,,,,,,,,,,,,,,,,,,,,,,,,,,,,,,,,,,,,,,,,,,,,,,,,,,,,,,,,,,,,,,,,,,,,,,,,,,,,,,,,,,,,,,,,,,,,,,,,,,,,,,,,,,,,,,,,,,,,,,,,,,,,,,,,,,,,,,,,,,,,,,,,,,,,,,,,,,,,,,,,,,,,,,,,,,,,,,,,,,,,,,,,,,,,,,,,,,,Liga FUTVE 2,Ec90yuCn
l26MpKWI,VENEZUELA,2025,VENEZUELA 2,VENEZUELA 2,10/05/2025,19:30,Round 7,Monagas B,z1jpHUsI,Maritimo,0CATV9mo,False,0,4,,,,,,[],[],,0.0,0.0,0.0,,0.0,0.0,0.0,,0.0,0.0,0.0,,0.0,0.0,,0.0,0.0,,0.0,0.0,,0.0,0.0,,0.0,0.0,,0.0,0.0,,0.0,0.0,,0.0,0.0,,0.0,0.0,,0.0,0.0,,0.0,0.0,,0.0,0.0,,0.0,0.0,,0.0,0.0,,0.0,0.0,0.0,,0.0,0.0,0.0,,0.0,0.0,0.0,,0.0,0.0,,0.0,0.0,,0.0,0.0,,0.0,0.0,0.0,0.0,0.0,0.0,0.0,0.0,0.0,,0.0,0.0,,0.0,0.0,,0.0,0.0,,0.0,,0.0,,0.0,,0.0,,0.0,,0.0,,0.0,,0.0,,0.0,,0.0,,0.0,,0.0,,0.0,,0.0,,0.0,,0.0,0.0,,0.0,0.0,,0.0,0.0,,0.0,0.0,,0.0,0.0,,0.0,0.0,,0.0,0.0,,0.0,0.0,,0.0,0.0,,0.0,0.0,,0.0,0.0,0.0,,0.0,0.0,0.0,,0.0,0.0,0.0,,0.0,0.0,0.0,,0.0,0.0,0.0,,0.0,0.0,0.0,,,,,,,,,,,,,,,,,,,,,,,,,,,,,,,,,,,,,,,,,,,,,,,,,,,,,,,,,,,,,,,,,,,,,,,,,,,,,,,,,,,,,,,,,,,,,,,,,,,,,,,,,,,,,,,,,,,,,,,,,,,,,,,,,,,,,,,,,,,,,,,,,,,,,,,,,,,,,,,,,,,,,,,,,,,,,,,,,,,,,,,,,,,,,,,,,,,,,,,,,,,,,Liga FUTVE 2,Ec90yuCn
Ee8v9zHi,VENEZUELA,2025,VENEZUELA 2,VENEZUELA 2,01/06/2025,19:30,Round 10,El Vigia,OYcssXWF,Heroes de Falcon,vRH5aOqg,False,2,1,,,,,,"[35, 90]",[71],Sportingbet.br,2.1,2.4,4.33,Sportingbet.br,1.93,2.75,4.2,Betboom.br,1.63,3.99,4.3,Novibet,1.37,2.7,Sportingbet.br,2.35,1.51,,0.0,0.0,,0.0,0.0,Sportingbet.br,1.85,1.83,,0.0,0.0,Novibet,1.01,9.6,Novibet,1.17,4.2,Estrelabet,2.3,1.5,Betboom.br,2.57,1.41,,0.0,0.0,Superbet.br,1.65,2.1,,0.0,0.0,,0.0,0.0,Sportingbet.br,1.2,1.2,2.2,Betano.br,1.22,1.7,1.37,Sportingbet.br,1.19,1.4,1.77,Novibet,1.29,3.25,Novibet,1.52,2.3,Betano.br,1.57,2.32,Estrelabet,3.6,16.0,45.0,5.0,6.0,8.0,31.0,16.0,5.6,Superbet.br,1.85,1.85,Sportingbet.br,1.95,1.75,,0.0,0.0,Superbet.br,13.0,Superbet.br,7.3,Superbet.br,12.0,Superbet.br,6.9,Estrelabet,8.5,Superbet.br,22.0,Estrelabet,8.5,Superbet.br,12.0,Estrelabet,17.0,Estrelabet,21.0,Superbet.br,60.0,Estrelabet,20.0,Superbet.br,32.0,Estrelabet,41.0,Estrelabet,41.0,,0.0,0.0,,0.0,0.0,Betboom.br,2.85,1.34,Betboom.br,2.12,1.6,,0.0,0.0,,0.0,0.0,,0.0,0.0,,0.0,0.0,,0.0,0.0,,0.0,0.0,,0.0,0.0,0.0,,0.0,0.0,0.0,Novibet,2.6,3.7,0.0,Novibet,0.0,0.0,2.1,,0.0,0.0,0.0,,0.0,0.0,0.0,,,,,,,,,,,,,,,,,,,,,,,,,,,,,,,,,,,,,,,,,,,,,,,,,,,,,,,,,,,,,,,,,,,,,,,,,,,,,,,,,,,,,,,,,,,,,,,,,,,,,,,,,,,,,,,,,,,,,,,,,,,,,,,,,,,,,,,,,,,,,,,,,,,,,,,,,,,,,,,,,,,,,,,,,,,,,,,,,,,,,,,,,,,,,,,,,,,,,,,,,,,,,Liga FUTVE 2,Ec90yuCn
KME5l2Xg,VENEZUELA,2025,VENEZUELA 2,VENEZUELA 2,10/05/2025,19:30,Round 7,Titanes,6eug9B26,Heroes de Falcon,vRH5aOqg,False,1,1,,,,,,[],[],,0.0,0.0,0.0,,0.0,0.0,0.0,,0.0,0.0,0.0,,0.0,0.0,,0.0,0.0,,0.0,0.0,,0.0,0.0,,0.0,0.0,,0.0,0.0,,0.0,0.0,,0.0,0.0,,0.0,0.0,,0.0,0.0,,0.0,0.0,,0.0,0.0,,0.0,0.0,,0.0,0.0,,0.0,0.0,0.0,,0.0,0.0,0.0,,0.0,0.0,0.0,,0.0,0.0,,0.0,0.0,,0.0,0.0,,0.0,0.0,0.0,0.0,0.0,0.0,0.0,0.0,0.0,,0.0,0.0,,0.0,0.0,,0.0,0.0,,0.0,,0.0,,0.0,,0.0,,0.0,,0.0,,0.0,,0.0,,0.0,,0.0,,0.0,,0.0,,0.0,,0.0,,0.0,,0.0,0.0,,0.0,0.0,,0.0,0.0,,0.0,0.0,,0.0,0.0,,0.0,0.0,,0.0,0.0,,0.0,0.0,,0.0,0.0,,0.0,0.0,,0.0,0.0,0.0,,0.0,0.0,0.0,,0.0,0.0,0.0,,0.0,0.0,0.0,,0.0,0.0,0.0,,0.0,0.0,0.0,,,,,,,,,,,,,,,,,,,,,,,,,,,,,,,,,,,,,,,,,,,,,,,,,,,,,,,,,,,,,,,,,,,,,,,,,,,,,,,,,,,,,,,,,,,,,,,,,,,,,,,,,,,,,,,,,,,,,,,,,,,,,,,,,,,,,,,,,,,,,,,,,,,,,,,,,,,,,,,,,,,,,,,,,,,,,,,,,,,,,,,,,,,,,,,,,,,,,,,,,,,,,Liga FUTVE 2,Ec90yuCn
2gfa2Fv1,VENEZUELA,2025,VENEZUELA 2,VENEZUELA 2,08/06/2025,21:00,Round 11,Dynamo Puerto,IRzKqzlk,Maritimo,0CATV9mo,False,1,0,,,,,,[3],[],Betfair,3.5,1.8,3.75,Betano.br,3.4,2.02,2.95,Betfair,2.5,2.63,2.8,Novibet,1.61,2.15,,0.0,0.0,,0.0,0.0,Sportingbet.br,1.43,2.6,,0.0,0.0,,0.0,0.0,Betfair,1.11,5.5,Betfair,1.6,2.2,Betfair,3.0,1.33,Betfair,6.5,1.08,Betfair,10.0,1.02,Betfair,2.3,1.53,,0.0,0.0,,0.0,0.0,Betano.br,1.52,1.35,1.38,Sportingbet.br,1.29,1.85,1.24,Sportingbet.br,1.34,1.68,1.28,Estrelabet,2.05,1.7,Betano.br,2.0,1.72,Betano.br,2.02,1.75,Betfair,4.5,13.0,41.0,5.5,3.75,6.0,34.0,13.0,5.0,Estrelabet,1.9,1.8,Sportingbet.br,2.2,1.58,,0.0,0.0,Betfair,5.5,Betfair,5.5,Betfair,5.5,Betfair,5.5,Betfair,10.0,Betfair,11.0,Betfair,10.0,Betfair,11.0,Betfair,17.0,Betfair,26.0,Betfair,31.0,Betfair,26.0,Betfair,31.0,Betfair,56.0,Betfair,61.0,,0.0,0.0,,0.0,0.0,,0.0,0.0,Betboom.br,4.1,1.17,,0.0,0.0,Esportivabet,1.41,2.42,,0.0,0.0,,0.0,0.0,,0.0,0.0,,0.0,0.0,,0.0,0.0,0.0,,0.0,0.0,0.0,,0.0,0.0,0.0,,0.0,0.0,0.0,,0.0,0.0,0.0,,0.0,0.0,0.0,,,,,,,,,,,,,,,,,,,,,,,,,,,,,,,,,,,,,,,,,,,,,,,,,,,1.0,1.0,,,,,,,,,,,,,,,,,,,,,,,,,,,,,,,,,,,,,,,,,,,,,,,,,,,,,,,,,,,,,,,,,,,1.0,1.0,,,,,,,,,,,,,,,,,,,,,,,,,,,,,,,,,,,,,,,,,,,,,,,,,,,,,,,,,,,,,,,,,,,,,,,,,,,,,,,,,,,,,Liga FUTVE 2,Ec90yuCn
f7FGibQr,VENEZUELA,2025,VENEZUELA 2,VENEZUELA 2,07/06/2025,19:30,Round 11,Titanes,6eug9B26,Trujillanos,ddwscmEO,False,0,0,,,,,,[],[],Betfair,3.25,2.0,3.4,Sportingbet.br,2.7,2.3,3.1,Betfair,2.4,2.88,2.7,Sportingbet.br,1.44,2.55,Sportingbet.br,2.6,1.43,,0.0,0.0,,0.0,0.0,Sportingbet.br,2.25,1.57,,0.0,0.0,Betfair,1.05,8.0,Betfair,1.36,2.88,Betfair,2.25,1.57,Betfair,4.5,1.17,Betfair,9.0,1.03,Betfair,1.87,1.8,,0.0,0.0,,0.0,0.0,Sportingbet.br,1.39,1.32,1.55,Sportingbet.br,1.27,1.7,1.34,Sportingbet.br,1.32,1.53,1.41,Esportivabet,1.7,2.05,Betano.br,1.8,1.9,Betano.br,1.8,1.95,Betfair,4.2,13.0,26.0,5.5,4.5,6.0,26.0,13.0,4.5,Esportivabet,1.9,1.8,Sportingbet.br,2.1,1.65,,0.0,0.0,Betfair,7.5,Betfair,6.5,Betfair,7.0,Betfair,5.5,Betfair,10.0,Betfair,11.0,Betfair,8.5,Betfair,9.0,Betfair,13.0,Betfair,21.0,Betfair,26.0,Betfair,19.0,Betfair,21.0,Betfair,31.0,Betfair,34.0,,0.0,0.0,,0.0,0.0,,0.0,0.0,Betboom.br,3.86,1.19,,0.0,0.0,,0.0,0.0,Betboom.br,1.14,4.5,,0.0,0.0,,0.0,0.0,,0.0,0.0,,0.0,0.0,0.0,,0.0,0.0,0.0,,0.0,0.0,0.0,,0.0,0.0,0.0,,0.0,0.0,0.0,,0.0,0.0,0.0,,,,,,,,,,,,,,,,,,,,,,,,,,,,,,,,,,,,,,,,,,,,,,,,,,,,,,,,,,,,,,,,,,,,,,,,,,,,,,,,,,,,,,,,,,,,,,,,,,,,,,,,,,,,,,,,,,,,,,,,,,,,,,,,,,,,,,,,,,,,,,,,,,,,,,,,,,,,,,,,,,,,,,,,,,,,,,,,,,,,,,,,,,,,,,,,,,,,,,,,,,,,,Liga FUTVE 2,Ec90yuCn
M1LhoXOp,VENEZUELA,2025,VENEZUELA 2,VENEZUELA 2,01/06/2025,19:30,Round 10,Trujillanos,ddwscmEO,Barquisimeto,4rp8eIDa,False,1,0,,,,,,[38],[],Novibet,2.6,2.1,3.8,Sportingbet.br,2.4,2.37,3.5,Novibet,1.99,3.4,3.3,Novibet,1.37,2.75,Novibet,2.7,1.39,,0.0,0.0,,0.0,0.0,Sportingbet.br,2.15,1.61,,0.0,0.0,,0.0,0.0,Superbet.br,1.3,3.25,Betboom.br,1.97,1.7,Superbet.br,3.3,1.29,,0.0,0.0,Novibet,1.7,1.98,,0.0,0.0,,0.0,0.0,Betano.br,1.31,1.26,1.72,Sportingbet.br,1.23,1.66,1.41,Sportingbet.br,1.26,1.5,1.5,Novibet,1.5,2.4,Novibet,1.55,2.25,Betano.br,1.6,2.25,Novibet,3.25,16.0,46.0,5.0,5.2,7.5,31.0,16.0,5.5,Estrelabet,1.9,1.8,Sportingbet.br,2.1,1.65,,0.0,0.0,Betano.br,10.25,Betano.br,6.6,Estrelabet,8.5,Betano.br,5.8,Betano.br,8.25,Estrelabet,15.0,Estrelabet,7.5,Estrelabet,10.0,Esportivabet,13.0,Estrelabet,16.0,Estrelabet,41.0,Estrelabet,15.0,Superbet.br,27.0,Estrelabet,26.0,Estrelabet,36.0,,0.0,0.0,,0.0,0.0,,0.0,0.0,Betboom.br,2.85,1.34,Esportivabet,1.97,1.63,,0.0,0.0,,0.0,0.0,,0.0,0.0,,0.0,0.0,,0.0,0.0,,0.0,0.0,0.0,,0.0,0.0,0.0,,0.0,0.0,0.0,,0.0,0.0,0.0,,0.0,0.0,0.0,,0.0,0.0,0.0,,,,,,,,,,,,,,,,,,,,,,,,,,,,,,,,,,,,,,,,,,,,,,,,,,,1.0,1.0,,,,,,,,,,,,,,,,,,,,,,,,,,,,,,,,,,,,,,,,,,,,,,,,,,,,,,,,,,,,,,,,,,,1.0,1.0,,,,,,,,,,,,,,,,,,,,,,,,,,,,,,,,,,,,,,,,,,,,,,,,,,,,,,,,,,,,,,,,,,,,,,,,,,,,,,,,,,,,,Liga FUTVE 2,Ec90yuCn
fuVQepuK,VENEZUELA,2025,VENEZUELA 2,VENEZUELA 2,09/05/2025,20:00,Round 7,Angostura,IZnAvh6K,Dynamo Puerto,IRzKqzlk,False,1,2,,,,,,[],[],,0.0,0.0,0.0,,0.0,0.0,0.0,,0.0,0.0,0.0,,0.0,0.0,,0.0,0.0,,0.0,0.0,,0.0,0.0,,0.0,0.0,,0.0,0.0,,0.0,0.0,,0.0,0.0,,0.0,0.0,,0.0,0.0,,0.0,0.0,,0.0,0.0,,0.0,0.0,,0.0,0.0,,0.0,0.0,0.0,,0.0,0.0,0.0,,0.0,0.0,0.0,,0.0,0.0,,0.0,0.0,,0.0,0.0,,0.0,0.0,0.0,0.0,0.0,0.0,0.0,0.0,0.0,,0.0,0.0,,0.0,0.0,,0.0,0.0,,0.0,,0.0,,0.0,,0.0,,0.0,,0.0,,0.0,,0.0,,0.0,,0.0,,0.0,,0.0,,0.0,,0.0,,0.0,,0.0,0.0,,0.0,0.0,,0.0,0.0,,0.0,0.0,,0.0,0.0,,0.0,0.0,,0.0,0.0,,0.0,0.0,,0.0,0.0,,0.0,0.0,,0.0,0.0,0.0,,0.0,0.0,0.0,,0.0,0.0,0.0,,0.0,0.0,0.0,,0.0,0.0,0.0,,0.0,0.0,0.0,,,,,,,,,,,,,,,,,,,,,,,,,,,,,,,,,,,,,,,,,,,,,,,,,,,,,,,,,,,,,,,,,,,,,,,,,,,,,,,,,,,,,,,,,,,,,,,,,,,,,,,,,,,,,,,,,,,,,,,,,,,,,,,,,,,,,,,,,,,,,,,,,,,,,,,,,,,,,,,,,,,,,,,,,,,,,,,,,,,,,,,,,,,,,,,,,,,,,,,,,,,,,Liga FUTVE 2,Ec90yuCn
dKyEhFWA,VENEZUELA,2025,VENEZUELA 2,VENEZUELA 2,01/06/2025,19:00,Round 10,Aragua,CbfwrDH9,Dynamo Puerto,IRzKqzlk,False,0,0,,,,,,[],[],Sportingbet.br,3.2,1.88,3.6,Sportingbet.br,2.8,2.15,3.3,F12,2.27,3.05,3.05,Novibet,1.34,2.9,Novibet,2.6,1.41,,0.0,0.0,,0.0,0.0,Sportingbet.br,2.6,1.42,,0.0,0.0,Superbet.br,1.09,6.2,Superbet.br,1.5,2.42,F12,2.6,1.42,Superbet.br,4.7,1.15,,0.0,0.0,F12,2.19,1.55,,0.0,0.0,,0.0,0.0,Betano.br,1.36,1.32,1.52,Sportingbet.br,1.24,1.8,1.31,Sportingbet.br,1.29,1.61,1.38,F12,1.6,2.1,Betano.br,1.75,1.95,Betano.br,1.78,1.98,Betano.br,4.05,15.0,41.0,6.0,4.1,6.0,37.0,15.0,4.75,BR4Bet,1.9,1.8,Sportingbet.br,2.15,1.6,,0.0,0.0,Betano.br,6.7,Superbet.br,5.65,Superbet.br,6.2,Superbet.br,5.45,BR4Bet,9.0,Superbet.br,11.0,BR4Bet,9.0,BR4Bet,10.0,BR4Bet,17.0,Superbet.br,23.0,Superbet.br,32.0,Superbet.br,23.0,BR4Bet,31.0,Superbet.br,45.0,Superbet.br,50.0,,0.0,0.0,,0.0,0.0,,0.0,0.0,Betboom.br,3.86,1.19,,0.0,0.0,,0.0,0.0,,0.0,0.0,,0.0,0.0,,0.0,0.0,,0.0,0.0,,0.0,0.0,0.0,,0.0,0.0,0.0,,0.0,0.0,0.0,,0.0,0.0,0.0,,0.0,0.0,0.0,,0.0,0.0,0.0,,,,,,,,,,,,,,,,,,,,,,,,,,,,,,,,,,,,,,,,,,,,,,,,,,,,,,,,,,,,,,,,,,,,,,,,,,,,,,,,,,,,,,,,,,,,,,,,,,,,,,,,,,,,,,,,,,,,,,,,,,,,,,,,,,,,,,,,,,,,,,,,,,,,,,,,,,,,,,,,,,,,,,,,,,,,,,,,,,,,,,,,,,,,,,,,,,,,,,,,,,,,,Liga FUTVE 2,Ec90yuCn
rVbd9Nio,VENEZUELA,2025,VENEZUELA 2,VENEZUELA 2,21/06/2025,20:00,Round 13,Angostura,IZnAvh6K,Maritimo,0CATV9mo,False,1,5,,,,,,[62],"[10, 38, 44, 74, 83]",Betano.br,5.1,2.1,2.2,Betano.br,4.75,2.5,1.93,Betboom.br,5.52,3.98,1.51,Novibet,1.38,2.7,Betano.br,2.85,1.34,Betano.br,6.7,1.05,,0.0,0.0,,0.0,0.0,,0.0,0.0,,0.0,0.0,Betboom.br,1.29,3.11,Superbet.br,2.02,1.7,Superbet.br,3.55,1.25,,0.0,0.0,Superbet.br,2.05,1.69,,0.0,0.0,,0.0,0.0,Betboom.br,2.38,1.17,1.07,Betano.br,1.53,1.6,1.15,,0.0,0.0,0.0,F12,3.85,1.19,Betano.br,3.05,1.33,Betano.br,3.35,1.3,Betano.br,8.75,16.0,26.0,10.0,5.5,4.5,55.0,16.0,2.75,Estrelabet,1.9,1.8,Sportingbet.br,2.05,1.66,,0.0,0.0,Esportivabet,10.0,Betano.br,13.0,Betano.br,6.2,Betano.br,7.1,Betano.br,29.0,Betano.br,7.1,Betano.br,16.5,Betano.br,8.25,Betano.br,17.5,Betano.br,90.0,Esportivabet,12.0,Betano.br,55.0,Betano.br,13.5,Betano.br,60.0,Betano.br,30.0,,0.0,0.0,,0.0,0.0,,0.0,0.0,,0.0,0.0,,0.0,0.0,Betano.br,1.78,1.83,Betboom.br,1.81,1.85,Betboom.br,1.46,2.42,,0.0,0.0,,0.0,0.0,,0.0,0.0,0.0,,0.0,0.0,0.0,Novibet,0.0,0.0,2.95,Novibet,1.97,3.5,0.0,,0.0,0.0,0.0,,0.0,0.0,0.0,,,,,,,,,,,,,,,,,,,,,,,,,,,,,,,,,,,,,,,,,,,,,,,,,,,,,,,,,,,,,,,,,,,,,,,,,,,,,,,,,,,,,,,,,,,,,,,,,,,,,,,,,,,,,,,,,,,,,,,,,,,,,,,,,,,,,,,,,,,,,,,,,,,,,,,,,,,,,,,,,,,,,,,,,,,,,,,,,,,,,,,,,,,,,,,,,,,,,,,,,,,,,Liga FUTVE 2,Ec90yuCn
AFgPiWjC,VENEZUELA,2025,VENEZUELA 2,VENEZUELA 2,04/05/2025,20:00,Round 6,Aragua,CbfwrDH9,Monagas B,z1jpHUsI,False,1,1,,,,,,[],[],,0.0,0.0,0.0,,0.0,0.0,0.0,,0.0,0.0,0.0,,0.0,0.0,,0.0,0.0,,0.0,0.0,,0.0,0.0,,0.0,0.0,,0.0,0.0,,0.0,0.0,,0.0,0.0,,0.0,0.0,,0.0,0.0,,0.0,0.0,,0.0,0.0,,0.0,0.0,,0.0,0.0,,0.0,0.0,0.0,,0.0,0.0,0.0,,0.0,0.0,0.0,,0.0,0.0,,0.0,0.0,,0.0,0.0,,0.0,0.0,0.0,0.0,0.0,0.0,0.0,0.0,0.0,,0.0,0.0,,0.0,0.0,,0.0,0.0,,0.0,,0.0,,0.0,,0.0,,0.0,,0.0,,0.0,,0.0,,0.0,,0.0,,0.0,,0.0,,0.0,,0.0,,0.0,,0.0,0.0,,0.0,0.0,,0.0,0.0,,0.0,0.0,,0.0,0.0,,0.0,0.0,,0.0,0.0,,0.0,0.0,,0.0,0.0,,0.0,0.0,,0.0,0.0,0.0,,0.0,0.0,0.0,,0.0,0.0,0.0,,0.0,0.0,0.0,,0.0,0.0,0.0,,0.0,0.0,0.0,,,,,,,,,,,,,,,,,,,,,,,,,,,,,,,,,,,,,,,,,,,,,,,,,,,,,,,,,,,,,,,,,,,,,,,,,,,,,,,,,,,,,,,,,,,,,,,,,,,,,,,,,,,,,,,,,,,,,,,,,,,,,,,,,,,,,,,,,,,,,,,,,,,,,,,,,,,,,,,,,,,,,,,,,,,,,,,,,,,,,,,,,,,,,,,,,,,,,,,,,,,,,Liga FUTVE 2,Ec90yuCn
2sOlNx7m,VENEZUELA,2025,VENEZUELA 2,VENEZUELA 2,18/05/2025,20:00,Round 9,Angostura,IZnAvh6K,Bolivar,KpRwCxzH,False,1,1,,,,,,[23],[90],Betfair,3.5,1.91,3.3,Sportingbet.br,2.7,2.2,3.3,Betfair,2.63,3.25,2.25,Sportingbet.br,1.5,2.4,,0.0,0.0,,0.0,0.0,,0.0,0.0,Sportingbet.br,2.5,1.46,,0.0,0.0,Betfair,1.06,7.5,Betfair,1.36,2.88,Betfair,2.25,1.57,Betfair,4.0,1.2,Betfair,8.0,1.05,Betfair,1.83,1.83,,0.0,0.0,,0.0,0.0,Betano.br,1.4,1.31,1.57,Sportingbet.br,1.25,1.75,1.33,Sportingbet.br,1.29,1.58,1.4,Estrelabet,1.66,2.1,Novibet,1.69,2.0,Betano.br,1.72,2.05,Betfair,4.5,12.0,26.0,6.0,4.33,5.5,26.0,13.0,4.5,Sportingbet.br,1.87,1.82,Sportingbet.br,2.1,1.63,,0.0,0.0,Betfair,7.0,Betfair,7.0,Betfair,7.0,Betfair,5.5,Betfair,11.0,Betfair,10.0,Betfair,9.5,Betfair,9.0,Betfair,13.0,Betfair,26.0,Betfair,23.0,Betfair,19.0,Betfair,17.0,Betfair,36.0,Betfair,31.0,,0.0,0.0,,0.0,0.0,,0.0,0.0,Betboom.br,4.17,1.17,,0.0,0.0,,0.0,0.0,Betboom.br,1.1,5.24,,0.0,0.0,,0.0,0.0,,0.0,0.0,,0.0,0.0,0.0,,0.0,0.0,0.0,,0.0,0.0,0.0,,0.0,0.0,0.0,,0.0,0.0,0.0,,0.0,0.0,0.0,,,,,,,,,,,,,,,,,,,,,,,,,,,,,,,,,,,,,,,,,,,,,,,,,,,0.0,1.0,,,,,,,,,,,,,,,,,,,,,,,,,,,,,,,,,,,,,,,,,,,,,,,,,,,,,,,,,,,,,,,,,,,0.0,1.0,,,,,,,,,,,,,,,,,,,,,,,,,,,,,,,,,,,,,,,,,,,,,,,,,,,,,,,,,,,,,,,,,,,,,,,,,,,,,,,,,,,,,Liga FUTVE 2,Ec90yuCn
E9yi6V55,VENEZUELA,2025,VENEZUELA 2,VENEZUELA 2,04/05/2025,19:30,Round 6,El Vigia,OYcssXWF,Urena,x6MdZOGO,False,3,1,,,,,,[],[],,0.0,0.0,0.0,,0.0,0.0,0.0,,0.0,0.0,0.0,,0.0,0.0,,0.0,0.0,,0.0,0.0,,0.0,0.0,,0.0,0.0,,0.0,0.0,,0.0,0.0,,0.0,0.0,,0.0,0.0,,0.0,0.0,,0.0,0.0,,0.0,0.0,,0.0,0.0,,0.0,0.0,,0.0,0.0,0.0,,0.0,0.0,0.0,,0.0,0.0,0.0,,0.0,0.0,,0.0,0.0,,0.0,0.0,,0.0,0.0,0.0,0.0,0.0,0.0,0.0,0.0,0.0,,0.0,0.0,,0.0,0.0,,0.0,0.0,,0.0,,0.0,,0.0,,0.0,,0.0,,0.0,,0.0,,0.0,,0.0,,0.0,,0.0,,0.0,,0.0,,0.0,,0.0,,0.0,0.0,,0.0,0.0,,0.0,0.0,,0.0,0.0,,0.0,0.0,,0.0,0.0,,0.0,0.0,,0.0,0.0,,0.0,0.0,,0.0,0.0,,0.0,0.0,0.0,,0.0,0.0,0.0,,0.0,0.0,0.0,,0.0,0.0,0.0,,0.0,0.0,0.0,,0.0,0.0,0.0,,,,,,,,,,,,,,,,,,,,,,,,,,,,,,,,,,,,,,,,,,,,,,,,,,,,,,,,,,,,,,,,,,,,,,,,,,,,,,,,,,,,,,,,,,,,,,,,,,,,,,,,,,,,,,,,,,,,,,,,,,,,,,,,,,,,,,,,,,,,,,,,,,,,,,,,,,,,,,,,,,,,,,,,,,,,,,,,,,,,,,,,,,,,,,,,,,,,,,,,,,,,,Liga FUTVE 2,Ec90yuCn
z5m5fy2b,VENEZUELA,2025,VENEZUELA 2,VENEZUELA 2,01/06/2025,19:30,Round 10,Monagas B,z1jpHUsI,Bolivar,KpRwCxzH,False,3,2,,,,,,"[69, 87, 90]","[22, 27]",Betano.br,4.25,2.05,2.47,Sportingbet.br,4.0,2.4,2.2,Betano.br,3.75,3.35,1.83,Sportingbet.br,1.42,2.65,Betano.br,3.0,1.3,Betano.br,7.0,1.04,,0.0,0.0,Sportingbet.br,2.2,1.57,,0.0,0.0,,0.0,0.0,Superbet.br,1.34,3.0,Superbet.br,2.07,1.68,Superbet.br,3.65,1.24,,0.0,0.0,Betano.br,1.9,1.72,,0.0,0.0,,0.0,0.0,Betano.br,1.9,1.26,1.23,Sportingbet.br,1.47,1.65,1.19,Sportingbet.br,1.6,1.49,1.21,Betano.br,2.7,1.35,Betano.br,2.52,1.47,Betano.br,2.65,1.44,Betano.br,6.4,15.0,27.0,8.0,4.85,5.0,45.0,15.0,3.4,Novibet,1.87,1.83,Sportingbet.br,2.05,1.68,,0.0,0.0,Betano.br,8.75,Betano.br,9.75,Betano.br,6.3,Betano.br,6.7,Betano.br,19.5,Betano.br,8.0,Betano.br,13.5,Betano.br,8.75,Betano.br,17.5,Betano.br,55.0,Betano.br,15.0,Betano.br,40.0,Betano.br,16.0,Betano.br,50.0,Betano.br,32.0,,0.0,0.0,,0.0,0.0,,0.0,0.0,Betboom.br,7.68,1.03,,0.0,0.0,Betano.br,1.83,1.78,Betboom.br,1.34,2.88,Betboom.br,1.24,3.42,,0.0,0.0,,0.0,0.0,,0.0,0.0,0.0,,0.0,0.0,0.0,Betano.br,0.0,0.0,3.35,Betano.br,1.9,3.5,0.0,,0.0,0.0,0.0,,0.0,0.0,0.0,,,,,,,,,,,,,,,,,,,,,,,,,,,,,,,,,,,,,,,,,,,,,,,,,,,0.0,1.0,,,,,,,,,,,,,,,,,,,,,,,,,,,,,,,,,,,,,,,,,,,,,,,,,,,,,,,,,,,,,,,,,,,,,,,,,,,,,,,,,,,,,,,,,,,,,,,,,,,,,,,,,,,,,,,,,,,,,,,,,,,,,,,,,,,,,,,0.0,1.0,,,,,,,,,,,,,,,,,Liga FUTVE 2,Ec90yuCn
6Nd8eEim,VENEZUELA,2025,VENEZUELA 2,VENEZUELA 2,03/05/2025,21:00,Round 6,Maritimo,0CATV9mo,Angostura,IZnAvh6K,False,3,1,,,,,,[],[],,0.0,0.0,0.0,,0.0,0.0,0.0,,0.0,0.0,0.0,,0.0,0.0,,0.0,0.0,,0.0,0.0,,0.0,0.0,,0.0,0.0,,0.0,0.0,,0.0,0.0,,0.0,0.0,,0.0,0.0,,0.0,0.0,,0.0,0.0,,0.0,0.0,,0.0,0.0,,0.0,0.0,,0.0,0.0,0.0,,0.0,0.0,0.0,,0.0,0.0,0.0,,0.0,0.0,,0.0,0.0,,0.0,0.0,,0.0,0.0,0.0,0.0,0.0,0.0,0.0,0.0,0.0,,0.0,0.0,,0.0,0.0,,0.0,0.0,,0.0,,0.0,,0.0,,0.0,,0.0,,0.0,,0.0,,0.0,,0.0,,0.0,,0.0,,0.0,,0.0,,0.0,,0.0,,0.0,0.0,,0.0,0.0,,0.0,0.0,,0.0,0.0,,0.0,0.0,,0.0,0.0,,0.0,0.0,,0.0,0.0,,0.0,0.0,,0.0,0.0,,0.0,0.0,0.0,,0.0,0.0,0.0,,0.0,0.0,0.0,,0.0,0.0,0.0,,0.0,0.0,0.0,,0.0,0.0,0.0,,,,,,,,,,,,,,,,,,,,,,,,,,,,,,,,,,,,,,,,,,,,,,,,,,,,,,,,,,,,,,,,,,,,,,,,,,,,,,,,,,,,,,,,,,,,,,,,,,,,,,,,,,,,,,,,,,,,,,,,,,,,,,,,,,,,,,,,,,,,,,,,,,,,,,,,,,,,,,,,,,,,,,,,,,,,,,,,,,,,,,,,,,,,,,,,,,,,,,,,,,,,,Liga FUTVE 2,Ec90yuCn
UudS284n,VENEZUELA,2025,VENEZUELA 2,VENEZUELA 2,27/04/2025,20:00,Round 5,Mineros,nHA4pAGL,Dynamo Puerto,IRzKqzlk,False,0,1,,,,,,[],[],,0.0,0.0,0.0,,0.0,0.0,0.0,,0.0,0.0,0.0,,0.0,0.0,,0.0,0.0,,0.0,0.0,,0.0,0.0,,0.0,0.0,,0.0,0.0,,0.0,0.0,,0.0,0.0,,0.0,0.0,,0.0,0.0,,0.0,0.0,,0.0,0.0,,0.0,0.0,,0.0,0.0,,0.0,0.0,0.0,,0.0,0.0,0.0,,0.0,0.0,0.0,,0.0,0.0,,0.0,0.0,,0.0,0.0,,0.0,0.0,0.0,0.0,0.0,0.0,0.0,0.0,0.0,,0.0,0.0,,0.0,0.0,,0.0,0.0,,0.0,,0.0,,0.0,,0.0,,0.0,,0.0,,0.0,,0.0,,0.0,,0.0,,0.0,,0.0,,0.0,,0.0,,0.0,,0.0,0.0,,0.0,0.0,,0.0,0.0,,0.0,0.0,,0.0,0.0,,0.0,0.0,,0.0,0.0,,0.0,0.0,,0.0,0.0,,0.0,0.0,,0.0,0.0,0.0,,0.0,0.0,0.0,,0.0,0.0,0.0,,0.0,0.0,0.0,,0.0,0.0,0.0,,0.0,0.0,0.0,,,,,,,,,,,,,,,,,,,,,,,,,,,,,,,,,,,,,,,,,,,,,,,,,,,,,,,,,,,,,,,,,,,,,,,,,,,,,,,,,,,,,,,,,,,,,,,,,,,,,,,,,,,,,,,,,,,,,,,,,,,,,,,,,,,,,,,,,,,,,,,,,,,,,,,,,,,,,,,,,,,,,,,,,,,,,,,,,,,,,,,,,,,,,,,,,,,,,,,,,,,,,Liga FUTVE 2,Ec90yuCn
APMwF0yq,VENEZUELA,2025,VENEZUELA 2,VENEZUELA 2,14/05/2025,19:30,Round 8,Miranda,bqdjykPk,Dynamo Puerto,IRzKqzlk,False,0,0,,,,,,[],[],Betfair,2.75,1.91,4.5,Betano.br,2.32,2.27,3.9,Betfair,1.95,3.1,3.3,Novibet,1.51,2.35,,0.0,0.0,,0.0,0.0,,0.0,0.0,Sportingbet.br,2.55,1.44,,0.0,0.0,Betfair,1.07,7.0,Betfair,1.4,2.75,Betfair,2.4,1.5,Betfair,4.8,1.14,Betfair,9.0,1.03,Betfair,2.05,1.67,,0.0,0.0,,0.0,0.0,Betano.br,1.24,1.3,1.8,Sportingbet.br,1.19,1.75,1.4,Sportingbet.br,1.22,1.58,1.49,Esportivabet,1.45,2.54,Betano.br,1.5,2.42,Betano.br,1.5,2.5,Betfair,3.4,13.0,41.0,5.0,4.2,8.0,23.0,13.0,6.5,Esportivabet,1.9,1.8,Sportingbet.br,2.15,1.62,,0.0,0.0,Betfair,6.5,Betfair,5.5,Betfair,8.5,Betfair,5.5,Betfair,7.5,Betfair,15.0,Betfair,8.5,Betfair,12.0,Betfair,13.0,Betfair,15.0,Betfair,56.0,Betfair,15.0,Betfair,34.0,Betfair,34.0,Betfair,56.0,,0.0,0.0,,0.0,0.0,,0.0,0.0,Betboom.br,2.77,1.36,Betano.br,1.87,1.75,,0.0,0.0,,0.0,0.0,,0.0,0.0,,0.0,0.0,,0.0,0.0,,0.0,0.0,0.0,,0.0,0.0,0.0,,0.0,0.0,0.0,,0.0,0.0,0.0,,0.0,0.0,0.0,,0.0,0.0,0.0,,,,,,,,,,,,,,,,,,,,,,,,,,,,,,,,,,,,,,,,,,,,,,,,,,,,,,,,,,,,,,,,,,,,,,,,,,,,,,,,,,,,,,,,,,,,,,,,,,,,,,,,,,,,,,,,,,,,,,,,,,,,,,,,,,,,,,,,,,,,,,,,,,,,,,,,,,,,,,,,,,,,,,,,,,,,,,,,,,,,,,,,,,,,,,,,,,,,,,,,,,,,,Liga FUTVE 2,Ec90yuCn
fmshc4YN,VENEZUELA,2025,VENEZUELA 2,VENEZUELA 2,27/04/2025,19:30,Round 5,Miranda,bqdjykPk,Monagas B,z1jpHUsI,False,4,1,,,,,,[],[],,0.0,0.0,0.0,,0.0,0.0,0.0,,0.0,0.0,0.0,,0.0,0.0,,0.0,0.0,,0.0,0.0,,0.0,0.0,,0.0,0.0,,0.0,0.0,,0.0,0.0,,0.0,0.0,,0.0,0.0,,0.0,0.0,,0.0,0.0,,0.0,0.0,,0.0,0.0,,0.0,0.0,,0.0,0.0,0.0,,0.0,0.0,0.0,,0.0,0.0,0.0,,0.0,0.0,,0.0,0.0,,0.0,0.0,,0.0,0.0,0.0,0.0,0.0,0.0,0.0,0.0,0.0,,0.0,0.0,,0.0,0.0,,0.0,0.0,,0.0,,0.0,,0.0,,0.0,,0.0,,0.0,,0.0,,0.0,,0.0,,0.0,,0.0,,0.0,,0.0,,0.0,,0.0,,0.0,0.0,,0.0,0.0,,0.0,0.0,,0.0,0.0,,0.0,0.0,,0.0,0.0,,0.0,0.0,,0.0,0.0,,0.0,0.0,,0.0,0.0,,0.0,0.0,0.0,,0.0,0.0,0.0,,0.0,0.0,0.0,,0.0,0.0,0.0,,0.0,0.0,0.0,,0.0,0.0,0.0,,,,,,,,,,,,,,,,,,,,,,,,,,,,,,,,,,,,,,,,,,,,,,,,,,,,,,,,,,,,,,,,,,,,,,,,,,,,,,,,,,,,,,,,,,,,,,,,,,,,,,,,,,,,,,,,,,,,,,,,,,,,,,,,,,,,,,,,,,,,,,,,,,,,,,,,,,,,,,,,,,,,,,,,,,,,,,,,,,,,,,,,,,,,,,,,,,,,,,,,,,,,,Liga FUTVE 2,Ec90yuCn
bLmqaQ3B,VENEZUELA,2025,VENEZUELA 2,VENEZUELA 2,26/04/2025,21:00,Round 5,Angostura,IZnAvh6K,Aragua,CbfwrDH9,False,0,1,,,,,,[],[],,0.0,0.0,0.0,,0.0,0.0,0.0,,0.0,0.0,0.0,,0.0,0.0,,0.0,0.0,,0.0,0.0,,0.0,0.0,,0.0,0.0,,0.0,0.0,,0.0,0.0,,0.0,0.0,,0.0,0.0,,0.0,0.0,,0.0,0.0,,0.0,0.0,,0.0,0.0,,0.0,0.0,,0.0,0.0,0.0,,0.0,0.0,0.0,,0.0,0.0,0.0,,0.0,0.0,,0.0,0.0,,0.0,0.0,,0.0,0.0,0.0,0.0,0.0,0.0,0.0,0.0,0.0,,0.0,0.0,,0.0,0.0,,0.0,0.0,,0.0,,0.0,,0.0,,0.0,,0.0,,0.0,,0.0,,0.0,,0.0,,0.0,,0.0,,0.0,,0.0,,0.0,,0.0,,0.0,0.0,,0.0,0.0,,0.0,0.0,,0.0,0.0,,0.0,0.0,,0.0,0.0,,0.0,0.0,,0.0,0.0,,0.0,0.0,,0.0,0.0,,0.0,0.0,0.0,,0.0,0.0,0.0,,0.0,0.0,0.0,,0.0,0.0,0.0,,0.0,0.0,0.0,,0.0,0.0,0.0,,,,,,,,,,,,,,,,,,,,,,,,,,,,,,,,,,,,,,,,,,,,,,,,,,,,,,,,,,,,,,,,,,,,,,,,,,,,,,,,,,,,,,,,,,,,,,,,,,,,,,,,,,,,,,,,,,,,,,,,,,,,,,,,,,,,,,,,,,,,,,,,,,,,,,,,,,,,,,,,,,,,,,,,,,,,,,,,,,,,,,,,,,,,,,,,,,,,,,,,,,,,,Liga FUTVE 2,Ec90yuCn
GCp8AaNs,VENEZUELA,2025,VENEZUELA 2,VENEZUELA 2,18/05/2025,19:30,Round 9,Puerto Cabello B,jmA1Pu7j,El Vigia,OYcssXWF,False,0,0,,,,,,[],[],Novibet,2.8,2.02,3.75,Sportingbet.br,2.5,2.35,3.4,Betboom.br,2.15,3.23,3.08,Sportingbet.br,1.43,2.6,,0.0,0.0,,0.0,0.0,,0.0,0.0,Sportingbet.br,2.25,1.57,,0.0,0.0,,0.0,0.0,Superbet.br,1.34,3.0,Sportingbet.br,2.05,1.68,Superbet.br,3.6,1.25,,0.0,0.0,Superbet.br,1.87,1.83,,0.0,0.0,,0.0,0.0,Betano.br,1.31,1.29,1.65,Sportingbet.br,1.24,1.68,1.38,Sportingbet.br,1.28,1.53,1.46,Estrelabet,1.55,2.28,Betano.br,1.62,2.18,Betano.br,1.62,2.2,Novibet,3.5,14.0,37.0,5.2,4.7,7.1,30.0,14.5,5.0,Estrelabet,1.9,1.8,Sportingbet.br,2.1,1.65,,0.0,0.0,Betano.br,8.75,Superbet.br,6.3,Superbet.br,7.7,Superbet.br,5.65,Betano.br,8.5,Estrelabet,14.0,Superbet.br,7.8,Estrelabet,10.0,Estrelabet,13.0,Estrelabet,18.0,Estrelabet,36.0,Estrelabet,16.0,Estrelabet,26.0,Estrelabet,31.0,Superbet.br,37.0,,0.0,0.0,,0.0,0.0,,0.0,0.0,Betboom.br,3.16,1.28,,0.0,0.0,,0.0,0.0,,0.0,0.0,,0.0,0.0,,0.0,0.0,,0.0,0.0,,0.0,0.0,0.0,,0.0,0.0,0.0,,0.0,0.0,0.0,,0.0,0.0,0.0,,0.0,0.0,0.0,,0.0,0.0,0.0,,,,,,,,,,,,,,,,,,,,,,,,,,,,,,,,,,,,,,,,,,,,,,,,,,,,,,,,,,,,,,,,,,,,,,,,,,,,,,,,,,,,,,,,,,,,,,,,,,,,,,,,,,,,,,,,,,,,,,,,,,,,,,,,,,,,,,,,,,,,,,,,,,,,,,,,,,,,,,,,,,,,,,,,,,,,,,,,,,,,,,,,,,,,,,,,,,,,,,,,,,,,,Liga FUTVE 2,Ec90yuCn
Qcx6H01t,VENEZUELA,2025,VENEZUELA 2,VENEZUELA 2,10/05/2025,20:00,Round 7,Aragua,CbfwrDH9,Mineros,nHA4pAGL,False,2,0,,,,,,"[35, 58]",[],Estrelabet,3.0,1.73,4.2,Sportingbet.br,2.65,2.1,3.6,Superbet.br,2.27,2.72,3.4,Novibet,1.59,2.15,BetEsporte,3.45,1.18,BetEsporte,9.4,1.02,Sportingbet.br,1.39,2.75,BetEsporte,2.75,1.33,BetEsporte,5.8,1.06,BetEsporte,1.1,5.4,Superbet.br,1.61,2.17,Superbet.br,2.82,1.38,BetEsporte,4.8,1.09,BetEsporte,7.4,1.02,Superbet.br,2.32,1.54,,0.0,0.0,,0.0,0.0,Sportingbet.br,1.32,1.35,1.6,Sportingbet.br,1.21,1.85,1.32,Sportingbet.br,1.25,1.63,1.41,Estrelabet,1.55,2.28,Betano.br,1.62,2.15,Betano.br,1.62,2.2,Novibet,3.75,16.0,50.0,5.0,4.0,6.5,37.0,17.0,5.5,Superbet.br,1.95,1.76,Sportingbet.br,2.2,1.58,BetEsporte,1.85,1.59,Betano.br,5.8,Superbet.br,5.0,Superbet.br,6.4,Estrelabet,5.33,Superbet.br,8.0,Estrelabet,13.0,Estrelabet,9.0,Superbet.br,12.0,Estrelabet,21.0,Superbet.br,21.0,Superbet.br,45.0,Superbet.br,24.0,Estrelabet,41.0,Superbet.br,55.0,Superbet.br,70.0,,0.0,0.0,,0.0,0.0,,0.0,0.0,Betboom.br,3.86,1.19,,0.0,0.0,,0.0,0.0,,0.0,0.0,,0.0,0.0,,0.0,0.0,,0.0,0.0,BetEsporte,23.0,8.2,30.0,BetEsporte,12.0,5.6,20.0,BetEsporte,4.7,3.4,8.0,BetEsporte,1.27,4.1,1.51,BetEsporte,1.05,7.0,1.13,BetEsporte,1.01,8.2,1.02,,,,,,,,,,,,,,,,,,,,,,,,,,,,,,,,,,,,,,,,,,,,,,,,,,,0.0,1.0,,,,,,,,,,,,,,,,,,,,,,,,,,,,,,,,,,,,,,,,,,,,,,,,,,,,,,,,,,,,,,,,,,,,,,,,,,,,,,,,,,,,,,,,,,,,,,,,,,,,,,,,,,,,,,,,,,,,,,,,,,,,,,,,,,,,,,,0.0,1.0,,,,,,,,,,,,,,,,,Liga FUTVE 2,Ec90yuCn
rwLoDv6e,VENEZUELA,2025,VENEZUELA 2,VENEZUELA 2,14/05/2025,19:30,Round 8,Monagas B,z1jpHUsI,Angostura,IZnAvh6K,False,0,1,,,,,,[],[18],Betano.br,3.5,2.1,2.75,Betano.br,3.2,2.37,2.52,Betboom.br,2.4,3.42,2.6,Sportingbet.br,1.39,2.75,Betano.br,2.72,1.37,Betano.br,6.3,1.06,,0.0,0.0,Sportingbet.br,2.15,1.62,,0.0,0.0,,0.0,0.0,Sportingbet.br,1.31,3.2,Superbet.br,1.95,1.77,Superbet.br,3.35,1.28,,0.0,0.0,Superbet.br,1.77,1.95,,0.0,0.0,,0.0,0.0,Betano.br,1.65,1.28,1.37,Novibet,1.29,1.67,1.3,Sportingbet.br,1.4,1.5,1.34,Betano.br,2.12,1.57,Betano.br,2.1,1.65,Betano.br,2.15,1.65,Betano.br,4.85,16.0,31.0,7.0,5.0,6.0,41.0,16.0,4.5,Superbet.br,1.88,1.83,Sportingbet.br,2.05,1.66,,0.0,0.0,Betano.br,9.75,Betano.br,9.25,Betano.br,7.7,Betano.br,6.4,Betano.br,15.5,Betano.br,10.5,Betano.br,10.75,Betano.br,9.0,Betano.br,14.5,Betano.br,37.0,Betano.br,21.0,Betano.br,26.0,Betano.br,18.0,Betano.br,35.0,Betano.br,29.0,,0.0,0.0,,0.0,0.0,,0.0,0.0,Betboom.br,3.57,1.23,,0.0,0.0,Esportivabet,1.52,2.14,,0.0,0.0,,0.0,0.0,,0.0,0.0,,0.0,0.0,,0.0,0.0,0.0,,0.0,0.0,0.0,Betano.br,0.0,0.0,4.2,Betano.br,1.65,3.8,0.0,,0.0,0.0,0.0,,0.0,0.0,0.0,,,,,,,,,,,,,,,,,,,,,,,,,,,,,,,,,,,,,,,,,,,,,,,,,,,,,,,,,,,,,,,,,,,,,,,,,,,,,,,,,,,,,,,,,,,,,,,,,,,,,,,,,,,,,,,,,,,,,,,,,,,,,,,,,,,,,,,,,,,,,,,,,,,,,,,,,,,,,,,,,,,,,,,,,,,,,,,,,,,,,,,,,,,,,,,,,,,,,,,,,,,,,Liga FUTVE 2,Ec90yuCn
2uymBIz8,VENEZUELA,2025,VENEZUELA 2,VENEZUELA 2,14/05/2025,19:30,Round 8,Bolivar,KpRwCxzH,Mineros,nHA4pAGL,False,1,1,,,,,,[85],[33],Betfair,2.7,2.1,3.75,Sportingbet.br,2.35,2.5,3.3,Betfair,2.0,3.0,3.3,Novibet,1.33,2.95,Sportingbet.br,2.5,1.46,,0.0,0.0,,0.0,0.0,Sportingbet.br,1.9,1.78,,0.0,0.0,Betfair,1.03,9.0,Betfair,1.25,3.6,Betfair,1.85,1.85,Betfair,3.2,1.3,Betfair,6.5,1.08,Betfair,1.67,2.05,,0.0,0.0,,0.0,0.0,Betano.br,1.32,1.25,1.72,Sportingbet.br,1.24,1.63,1.41,Sportingbet.br,1.28,1.46,1.52,Novibet,1.55,2.3,Betano.br,1.62,2.15,Betano.br,1.62,2.22,Betfair,3.4,12.0,26.0,5.5,5.0,7.5,21.0,13.0,5.5,Esportivabet,1.9,1.8,Sportingbet.br,2.05,1.66,,0.0,0.0,Betfair,9.0,Betfair,7.5,Betfair,10.0,Betfair,5.5,Betfair,9.0,Betfair,15.0,Betfair,7.5,Betfair,10.0,Betfair,11.0,Betfair,17.0,Betfair,36.0,Betfair,13.0,Betfair,21.0,Betfair,21.0,Betfair,29.0,,0.0,0.0,,0.0,0.0,,0.0,0.0,Betboom.br,2.88,1.34,Betano.br,1.83,1.78,,0.0,0.0,Betboom.br,1.06,6.37,,0.0,0.0,,0.0,0.0,,0.0,0.0,,0.0,0.0,0.0,,0.0,0.0,0.0,,0.0,0.0,0.0,,0.0,0.0,0.0,,0.0,0.0,0.0,,0.0,0.0,0.0,,,,,,,,,,,,,,,,,,,,,,,,,,,,,,,,,,,,,,,,,,,,,,,,,1.0,0.0,1.0,0.0,,,,,,,,,,,,,,,,,,,,,,,,,,,,,,,,,,,,,,,,,,,,,,,,,,,,,,,,,,,,,,,,,,,,,,,,,,,,,,,,,,,,,,,,,,,,,,,,,,,,,,,,,,,,,,,,,,,,,,,,,,,,,,,,,,,,,1.0,0.0,1.0,0.0,,,,,,,,,,,,,,,,,Liga FUTVE 2,Ec90yuCn
lvbF8whf,VENEZUELA,2025,VENEZUELA 2,VENEZUELA 2,18/05/2025,19:30,Round 9,Trujillanos,ddwscmEO,Heroes de Falcon,vRH5aOqg,False,3,1,,,,,,"[22, 54, 57]",[41],Sportingbet.br,1.85,2.37,6.25,Sportingbet.br,1.65,2.9,6.0,Sportingbet.br,1.36,4.33,7.0,Novibet,1.34,2.85,Novibet,2.45,1.46,,0.0,0.0,,0.0,0.0,Sportingbet.br,1.82,1.87,,0.0,0.0,,0.0,0.0,Superbet.br,1.2,4.0,Esportivabet,2.3,1.5,Betboom.br,2.62,1.4,,0.0,0.0,Novibet,1.74,1.93,,0.0,0.0,,0.0,0.0,Betano.br,1.1,1.16,2.95,Betano.br,1.12,1.37,1.9,Sportingbet.br,1.11,1.36,2.1,Superbet.br,1.12,4.7,Betano.br,1.21,3.95,Betano.br,1.22,4.05,Esportivabet,2.45,17.5,65.0,4.6,7.0,15.0,36.0,18.0,10.0,Novibet,1.86,1.83,Sportingbet.br,2.0,1.7,,0.0,0.0,Betano.br,14.0,Betano.br,6.8,Betano.br,16.0,Betano.br,8.0,Betano.br,6.1,Superbet.br,37.0,Esportivabet,7.5,Superbet.br,18.0,Esportivabet,20.0,Esportivabet,11.0,Betano.br,100.0,Esportivabet,15.0,Superbet.br,60.0,Esportivabet,36.0,Superbet.br,55.0,,0.0,0.0,Betboom.br,3.22,1.27,Betboom.br,2.17,1.58,Betboom.br,1.66,2.03,,0.0,0.0,,0.0,0.0,,0.0,0.0,,0.0,0.0,,0.0,0.0,,0.0,0.0,,0.0,0.0,0.0,,0.0,0.0,0.0,Novibet,2.45,3.55,0.0,Novibet,0.0,0.0,2.25,,0.0,0.0,0.0,,0.0,0.0,0.0,,,,,,,,,,,,,,,,,,,,,,,,,,,,,,,,,,,,,,,,,,,,,,,,,,,,,,,,,,,,,,,,,,,,,,,,,,,,,,,,,,,,,,,,,,,,,,,,,,,,,,,,,,,,,,,,,,,,,,,,,,,,,,,,,,,,,,,,,,,,,,,,,,,,,,,,,,,,,,,,,,,,,,,,,,,,,,,,,,,,,,,,,,,,,,,,,,,,,,,,,,,,,Liga FUTVE 2,Ec90yuCn
j1HsXacR,VENEZUELA,2025,VENEZUELA 2,VENEZUELA 2,14/05/2025,19:30,Round 8,Frontera,4AqkWAQI,Urena,x6MdZOGO,False,3,3,,,,,,"[8, 21, 90]","[11, 15, 66]",Betfair,2.4,2.2,4.33,Betano.br,2.07,2.47,4.2,Betfair,1.8,3.4,3.6,Betano.br,1.36,2.72,Betano.br,2.67,1.38,Betano.br,6.2,1.07,,0.0,0.0,Sportingbet.br,1.9,1.78,,0.0,0.0,Betfair,1.02,10.0,Betfair,1.2,4.0,Betfair,1.75,1.95,Betfair,2.88,1.36,Betfair,5.5,1.11,Betfair,1.6,2.15,,0.0,0.0,,0.0,0.0,Betano.br,1.19,1.25,2.05,Betano.br,1.18,1.57,1.5,Sportingbet.br,1.2,1.42,1.7,Betano.br,1.28,3.05,Betano.br,1.4,2.75,Betano.br,1.38,2.9,Betfair,2.88,12.0,31.0,5.0,5.0,9.0,20.0,13.0,6.5,Superbet.br,1.87,1.83,Sportingbet.br,1.98,1.72,,0.0,0.0,Betfair,10.0,Betfair,7.5,Betfair,12.0,Betfair,6.0,Betfair,8.0,Betfair,17.0,Betfair,7.5,Betfair,12.0,Betfair,11.0,Betfair,13.0,Betfair,51.0,Betfair,12.0,Betfair,23.0,Betfair,19.0,Betfair,31.0,,0.0,0.0,,0.0,0.0,Betboom.br,2.85,1.34,Betboom.br,2.2,1.56,Estrelabet,1.66,1.92,,0.0,0.0,,0.0,0.0,,0.0,0.0,,0.0,0.0,,0.0,0.0,,0.0,0.0,0.0,,0.0,0.0,0.0,Novibet,2.95,3.65,0.0,Betano.br,0.0,0.0,2.05,,0.0,0.0,0.0,,0.0,0.0,0.0,,,,,,,,,,,,,,,,,,,,,,,,,,,,,,,,,,,,,,,,,,,,,,,,,,,0.0,2.0,,,,,,,,,,,,,,,,,,,,,,,,,,,,,,,,,,,,,,,,,,,,,,,,,,,,,,,,,,,,,,,,,,,,,,,,,,,,,,,,,,,,,,,,,,,,,,,,,,,,,,,,,,,,,,,,,,,,,,,,,,,,,,,,,,,,,,,0.0,2.0,,,,,,,,,,,,,,,,,Liga FUTVE 2,Ec90yuCn
jJSNirdo,VENEZUELA,2025,VENEZUELA 2,VENEZUELA 2,26/04/2025,19:30,Round 5,Puerto Cabello B,jmA1Pu7j,Barquisimeto,4rp8eIDa,False,1,2,,,,,,[],[],,0.0,0.0,0.0,,0.0,0.0,0.0,,0.0,0.0,0.0,,0.0,0.0,,0.0,0.0,,0.0,0.0,,0.0,0.0,,0.0,0.0,,0.0,0.0,,0.0,0.0,,0.0,0.0,,0.0,0.0,,0.0,0.0,,0.0,0.0,,0.0,0.0,,0.0,0.0,,0.0,0.0,,0.0,0.0,0.0,,0.0,0.0,0.0,,0.0,0.0,0.0,,0.0,0.0,,0.0,0.0,,0.0,0.0,,0.0,0.0,0.0,0.0,0.0,0.0,0.0,0.0,0.0,,0.0,0.0,,0.0,0.0,,0.0,0.0,,0.0,,0.0,,0.0,,0.0,,0.0,,0.0,,0.0,,0.0,,0.0,,0.0,,0.0,,0.0,,0.0,,0.0,,0.0,,0.0,0.0,,0.0,0.0,,0.0,0.0,,0.0,0.0,,0.0,0.0,,0.0,0.0,,0.0,0.0,,0.0,0.0,,0.0,0.0,,0.0,0.0,,0.0,0.0,0.0,,0.0,0.0,0.0,,0.0,0.0,0.0,,0.0,0.0,0.0,,0.0,0.0,0.0,,0.0,0.0,0.0,,,,,,,,,,,,,,,,,,,,,,,,,,,,,,,,,,,,,,,,,,,,,,,,,,,,,,,,,,,,,,,,,,,,,,,,,,,,,,,,,,,,,,,,,,,,,,,,,,,,,,,,,,,,,,,,,,,,,,,,,,,,,,,,,,,,,,,,,,,,,,,,,,,,,,,,,,,,,,,,,,,,,,,,,,,,,,,,,,,,,,,,,,,,,,,,,,,,,,,,,,,,,Liga FUTVE 2,Ec90yuCn
rTiXkALO,VENEZUELA,2025,VENEZUELA 2,VENEZUELA 2,03/05/2025,21:00,Round 6,Barquisimeto,4rp8eIDa,Titanes,6eug9B26,False,1,1,,,,,,[74],[19],BetEsporte,2.83,1.98,4.14,Sportingbet.br,2.55,2.2,3.6,BetEsporte,2.21,3.22,3.47,BetEsporte,1.48,2.4,BetEsporte,3.15,1.29,BetEsporte,7.15,1.05,BetEsporte,1.3,3.09,Sportingbet.br,2.45,1.47,BetEsporte,4.9,1.09,BetEsporte,1.08,6.22,Superbet.br,1.42,2.65,Superbet.br,2.32,1.54,Superbet.br,4.25,1.18,BetEsporte,7.26,1.05,Superbet.br,2.02,1.71,,0.0,0.0,,0.0,0.0,BetEsporte,1.31,1.35,1.67,Sportingbet.br,1.22,1.75,1.37,Sportingbet.br,1.25,1.58,1.46,Esportivabet,1.5,2.4,Betano.br,1.55,2.3,Betano.br,1.6,2.27,Betano.br,3.45,14.0,41.0,4.9,4.1,7.3,35.0,15.0,5.7,Sportingbet.br,1.9,1.8,Sportingbet.br,2.15,1.62,BetEsporte,1.82,1.61,Betano.br,7.1,Betano.br,6.4,Betano.br,8.0,Betano.br,5.9,Betano.br,9.75,Betano.br,17.0,Betano.br,9.0,Betano.br,12.5,Betano.br,16.0,Betano.br,21.0,Betano.br,50.0,Betano.br,19.5,Betano.br,37.0,BetEsporte,38.56,BetEsporte,51.55,,0.0,0.0,,0.0,0.0,BetEsporte,3.84,1.18,Betboom.br,3.22,1.27,BetEsporte,2.05,1.61,BetEsporte,1.28,3.02,,0.0,0.0,,0.0,0.0,,0.0,0.0,,0.0,0.0,BetEsporte,19.0,8.0,28.0,BetEsporte,9.4,5.4,18.0,BetEsporte,4.1,3.55,7.6,BetEsporte,1.25,4.4,1.55,BetEsporte,1.05,7.0,1.16,BetEsporte,1.01,8.4,1.03,,,,,,,,,,,,,,,,,,,,,,,,,,,,,,,,,,,,,,,,,,,,,,,,,,,,,,,,,,,,,,,,,,,,,,,,,,,,,,,,,,,,,,,,,,,,,,,,,,,,,,,,,,,,,,,,,,,,,,,,,,,,,,,,,,,,,,,,,,,,,,,,,,,,,,,,,,,,,,,,,,,,,,,,,,,,,,,,,,,,,,,,,,,,,,,,,,,,,,,,,,,,,Liga FUTVE 2,Ec90yuCn
lIGAOsNE,VENEZUELA,2025,VENEZUELA 2,VENEZUELA 2,20/04/2025,23:30,Round 4,Monagas B,z1jpHUsI,Mineros,nHA4pAGL,False,0,4,,,,,,[],[],,0.0,0.0,0.0,,0.0,0.0,0.0,,0.0,0.0,0.0,,0.0,0.0,,0.0,0.0,,0.0,0.0,,0.0,0.0,,0.0,0.0,,0.0,0.0,,0.0,0.0,,0.0,0.0,,0.0,0.0,,0.0,0.0,,0.0,0.0,,0.0,0.0,,0.0,0.0,,0.0,0.0,,0.0,0.0,0.0,,0.0,0.0,0.0,,0.0,0.0,0.0,,0.0,0.0,,0.0,0.0,,0.0,0.0,,0.0,0.0,0.0,0.0,0.0,0.0,0.0,0.0,0.0,,0.0,0.0,,0.0,0.0,,0.0,0.0,,0.0,,0.0,,0.0,,0.0,,0.0,,0.0,,0.0,,0.0,,0.0,,0.0,,0.0,,0.0,,0.0,,0.0,,0.0,,0.0,0.0,,0.0,0.0,,0.0,0.0,,0.0,0.0,,0.0,0.0,,0.0,0.0,,0.0,0.0,,0.0,0.0,,0.0,0.0,,0.0,0.0,,0.0,0.0,0.0,,0.0,0.0,0.0,,0.0,0.0,0.0,,0.0,0.0,0.0,,0.0,0.0,0.0,,0.0,0.0,0.0,,,,,,,,,,,,,,,,,,,,,,,,,,,,,,,,,,,,,,,,,,,,,,,,,,,,,,,,,,,,,,,,,,,,,,,,,,,,,,,,,,,,,,,,,,,,,,,,,,,,,,,,,,,,,,,,,,,,,,,,,,,,,,,,,,,,,,,,,,,,,,,,,,,,,,,,,,,,,,,,,,,,,,,,,,,,,,,,,,,,,,,,,,,,,,,,,,,,,,,,,,,,,Liga FUTVE 2,Ec90yuCn
AZBV0vV7,VENEZUELA,2025,VENEZUELA 2,VENEZUELA 2,20/04/2025,20:00,Round 4,Aragua,CbfwrDH9,Bolivar,KpRwCxzH,False,0,0,,,,,,[],[],,0.0,0.0,0.0,,0.0,0.0,0.0,,0.0,0.0,0.0,,0.0,0.0,,0.0,0.0,,0.0,0.0,,0.0,0.0,,0.0,0.0,,0.0,0.0,,0.0,0.0,,0.0,0.0,,0.0,0.0,,0.0,0.0,,0.0,0.0,,0.0,0.0,,0.0,0.0,,0.0,0.0,,0.0,0.0,0.0,,0.0,0.0,0.0,,0.0,0.0,0.0,,0.0,0.0,,0.0,0.0,,0.0,0.0,,0.0,0.0,0.0,0.0,0.0,0.0,0.0,0.0,0.0,,0.0,0.0,,0.0,0.0,,0.0,0.0,,0.0,,0.0,,0.0,,0.0,,0.0,,0.0,,0.0,,0.0,,0.0,,0.0,,0.0,,0.0,,0.0,,0.0,,0.0,,0.0,0.0,,0.0,0.0,,0.0,0.0,,0.0,0.0,,0.0,0.0,,0.0,0.0,,0.0,0.0,,0.0,0.0,,0.0,0.0,,0.0,0.0,,0.0,0.0,0.0,,0.0,0.0,0.0,,0.0,0.0,0.0,,0.0,0.0,0.0,,0.0,0.0,0.0,,0.0,0.0,0.0,,,,,,,,,,,,,,,,,,,,,,,,,,,,,,,,,,,,,,,,,,,,,,,,,,,,,,,,,,,,,,,,,,,,,,,,,,,,,,,,,,,,,,,,,,,,,,,,,,,,,,,,,,,,,,,,,,,,,,,,,,,,,,,,,,,,,,,,,,,,,,,,,,,,,,,,,,,,,,,,,,,,,,,,,,,,,,,,,,,,,,,,,,,,,,,,,,,,,,,,,,,,,Liga FUTVE 2,Ec90yuCn
MZva49zI,VENEZUELA,2025,VENEZUELA 2,VENEZUELA 2,04/05/2025,19:30,Round 6,Trujillanos,ddwscmEO,Frontera,4AqkWAQI,False,2,1,,,,,,"[64, 82]",[90],BetEsporte,1.93,2.05,5.8,Sportingbet.br,1.85,2.5,5.5,Novibet,1.47,3.95,5.9,Novibet,1.37,2.75,Novibet,2.65,1.39,BetEsporte,6.2,1.05,BetEsporte,1.24,2.9,Sportingbet.br,2.25,1.57,BetEsporte,4.4,1.12,BetEsporte,1.04,8.2,Superbet.br,1.34,3.0,Superbet.br,2.05,1.69,Superbet.br,3.65,1.24,BetEsporte,5.6,1.06,Superbet.br,2.17,1.61,,0.0,0.0,,0.0,0.0,Betano.br,1.12,1.2,2.52,Sportingbet.br,1.12,1.61,1.65,Sportingbet.br,1.13,1.46,1.82,Estrelabet,1.18,4.2,Betano.br,1.26,3.5,Betano.br,1.25,3.7,Novibet,2.38,18.0,60.0,4.0,5.6,11.75,26.0,20.0,10.0,Superbet.br,1.87,1.83,Sportingbet.br,2.05,1.68,BetEsporte,1.8,1.63,Betano.br,10.0,Betano.br,5.4,Betano.br,11.75,Superbet.br,6.8,Betano.br,5.7,Estrelabet,31.0,Superbet.br,7.4,Estrelabet,17.0,Estrelabet,20.0,Estrelabet,8.5,Superbet.br,90.0,Estrelabet,12.0,Superbet.br,65.0,Superbet.br,33.0,Superbet.br,70.0,,0.0,0.0,,0.0,0.0,Betboom.br,2.36,1.49,Betboom.br,1.77,1.89,,0.0,0.0,,0.0,0.0,,0.0,0.0,,0.0,0.0,,0.0,0.0,,0.0,0.0,BetEsporte,10.0,6.2,30.0,BetEsporte,4.8,4.1,29.0,BetEsporte,2.41,3.2,15.0,BetEsporte,1.1,5.8,2.19,BetEsporte,1.01,8.0,1.43,BetEsporte,1.01,8.4,1.12,,,,,,,,,,,,,,,,,,,,,,,,,,,,,,,,,,,,,,,,,,,,,,,,,,,,,,,,,,,,,,,,,,,,,,,,,,,,,,,,,,,,,,,,,,,,,,,,,,,,,,,,,,,,,,,,,,,,,,,,,,,,,,,,,,,,,,,,,,,,,,,,,,,,,,,,,,,,,,,,,,,,,,,,,,,,,,,,,,,,,,,,,,,,,,,,,,,,,,,,,,,,,Liga FUTVE 2,Ec90yuCn
SvpcdcXo,VENEZUELA,2025,VENEZUELA 2,VENEZUELA 2,31/05/2025,21:00,Round 10,Maritimo,0CATV9mo,Miranda,bqdjykPk,False,3,0,,,,,,"[8, 25, 55]",[],Betano.br,2.75,1.91,4.1,Betano.br,2.55,2.12,3.75,Betboom.br,2.11,3.01,3.47,Novibet,1.54,2.25,,0.0,0.0,,0.0,0.0,,0.0,0.0,Sportingbet.br,2.65,1.41,,0.0,0.0,Superbet.br,1.09,6.1,Betboom.br,1.48,2.37,Superbet.br,2.57,1.44,Superbet.br,4.65,1.15,,0.0,0.0,Superbet.br,2.2,1.6,,0.0,0.0,,0.0,0.0,Betano.br,1.26,1.33,1.7,Sportingbet.br,1.21,1.82,1.34,Sportingbet.br,1.25,1.61,1.42,Betano.br,1.47,2.32,Betano.br,1.55,2.32,Betano.br,1.57,2.32,Novibet,3.75,15.0,50.0,5.0,4.0,7.3,36.0,16.0,5.8,Esportivabet,1.9,1.8,Sportingbet.br,2.2,1.6,,0.0,0.0,Betano.br,6.4,Superbet.br,5.3,Betano.br,6.4,Superbet.br,5.55,Superbet.br,8.1,Betano.br,13.0,Esportivabet,8.5,Esportivabet,11.0,Esportivabet,18.0,Esportivabet,20.0,Esportivabet,41.0,Esportivabet,21.0,Esportivabet,36.0,Superbet.br,45.0,Superbet.br,55.0,,0.0,0.0,,0.0,0.0,,0.0,0.0,Betboom.br,3.22,1.27,,0.0,0.0,,0.0,0.0,,0.0,0.0,,0.0,0.0,,0.0,0.0,,0.0,0.0,,0.0,0.0,0.0,,0.0,0.0,0.0,,0.0,0.0,0.0,,0.0,0.0,0.0,,0.0,0.0,0.0,,0.0,0.0,0.0,,,,,,,,,,,,,,,,,,,,,,,,,,,,,,,,,,,,,,,,,,,,,,,,,,,0.0,2.0,,,,,,,,,,,,,,,,,,,,,,,,,,,,,,,,,,,,,,,,,,,,,,,,,,,,,,,,,,,,,,,,,,,0.0,1.0,,,,,,,,,,,,,,,,,,,,,,,,,,,,,,,,,,,,,,,,,,,,,,,,,,,,,,,,,,,,,,,,,,,0.0,1.0,,,,,,,,,,,,,,,,,Liga FUTVE 2,Ec90yuCn
Gr1MPHk1,VENEZUELA,2025,VENEZUELA 2,VENEZUELA 2,14/05/2025,20:00,Round 8,Heroes de Falcon,vRH5aOqg,Barquisimeto,4rp8eIDa,False,1,0,,,,,,[67],[],Estrelabet,3.6,1.9,2.9,Betano.br,3.2,2.3,2.62,Estrelabet,2.85,3.25,2.2,Novibet,1.46,2.45,,0.0,0.0,,0.0,0.0,,0.0,0.0,,0.0,0.0,,0.0,0.0,,0.0,0.0,Betboom.br,1.36,2.77,Superbet.br,2.22,1.59,Superbet.br,4.1,1.19,,0.0,0.0,Superbet.br,1.97,1.74,,0.0,0.0,,0.0,0.0,Betano.br,1.6,1.29,1.35,Novibet,1.33,1.67,1.25,,0.0,0.0,0.0,Estrelabet,2.1,1.66,Betano.br,2.02,1.7,Betano.br,2.07,1.7,Novibet,5.0,16.0,32.0,6.5,4.55,5.2,37.0,15.0,3.75,Novibet,1.86,1.83,Sportingbet.br,2.1,1.65,,0.0,0.0,Betano.br,7.9,Superbet.br,6.7,Superbet.br,5.9,Superbet.br,5.8,Estrelabet,12.0,Betano.br,8.5,Estrelabet,9.5,Superbet.br,8.1,Estrelabet,15.0,Superbet.br,33.0,Estrelabet,20.0,Estrelabet,26.0,Estrelabet,19.0,Estrelabet,41.0,Estrelabet,36.0,,0.0,0.0,,0.0,0.0,,0.0,0.0,,0.0,0.0,,0.0,0.0,,0.0,0.0,Betboom.br,1.2,3.76,,0.0,0.0,,0.0,0.0,,0.0,0.0,,0.0,0.0,0.0,,0.0,0.0,0.0,,0.0,0.0,0.0,,0.0,0.0,0.0,,0.0,0.0,0.0,,0.0,0.0,0.0,,,,,,,,,,,,,,,,,,,,,,,,,,,,,,,,,,,,,,,,,,,,,,,,,,,,,,,,,,,,,,,,,,,,,,,,,,,,,,,,,,,,,,,,,,,,,,,,,,,,,,,,,,,,,,,,,,,,,,,,,,,,,,,,,,,,,,,,,,,,,,,,,,,,,,,,,,,,,,,,,,,,,,,,,,,,,,,,,,,,,,,,,,,,,,,,,,,,,,,,,,,,,Liga FUTVE 2,Ec90yuCn
ldaUNeKD,VENEZUELA,2025,VENEZUELA 2,VENEZUELA 2,14/05/2025,21:00,Round 8,Maritimo,0CATV9mo,Aragua,CbfwrDH9,False,0,1,,,,,,[],[6],Betfair,2.63,2.0,4.33,Sportingbet.br,2.25,2.25,4.2,Betfair,1.91,3.0,3.6,Sportingbet.br,1.49,2.45,,0.0,0.0,,0.0,0.0,,0.0,0.0,Sportingbet.br,2.45,1.49,,0.0,0.0,Betfair,1.05,7.5,Betfair,1.36,2.88,Betfair,2.2,1.6,Betfair,4.0,1.2,Betfair,8.0,1.05,Betfair,1.87,1.8,,0.0,0.0,,0.0,0.0,Betano.br,1.23,1.27,1.87,Sportingbet.br,1.17,1.72,1.44,Sportingbet.br,1.2,1.55,1.55,Esportivabet,1.36,2.9,Novibet,1.43,2.55,Betano.br,1.45,2.62,Betfair,3.25,13.0,36.0,5.0,4.5,8.5,23.0,13.0,6.5,Esportivabet,1.9,1.8,Sportingbet.br,2.1,1.63,,0.0,0.0,Betfair,7.0,Betfair,6.0,Betfair,9.0,Betfair,5.5,Betfair,8.0,Betfair,15.0,Betfair,8.0,Betfair,12.0,Betfair,13.0,Betfair,15.0,Betfair,51.0,Betfair,15.0,Betfair,29.0,Betfair,26.0,Betfair,46.0,,0.0,0.0,,0.0,0.0,Betboom.br,3.42,1.24,Betboom.br,2.62,1.4,Betano.br,1.8,1.8,,0.0,0.0,,0.0,0.0,,0.0,0.0,,0.0,0.0,,0.0,0.0,,0.0,0.0,0.0,,0.0,0.0,0.0,,0.0,0.0,0.0,,0.0,0.0,0.0,,0.0,0.0,0.0,,0.0,0.0,0.0,,,,,,,,,,,,,,,,,,,,,,,,,,,,,,,,,,,,,,,,,,,,,,,,,1.0,0.0,2.0,2.0,,,,,,,,,,,,,,,,,,,,,,,,,,,,,,,,,,,,,,,,,,,,,,,,,,,,,,,,,,,,,,,,,,,,,,,,,,,,,,,,,,,,,,,,,,,,,,,,,,,,,,,,,,,,,,,,,,,,,,,,,,,,,,,,,,,,,1.0,0.0,2.0,2.0,,,,,,,,,,,,,,,,,Liga FUTVE 2,Ec90yuCn
42bmfFx8,VENEZUELA,2025,VENEZUELA 2,VENEZUELA 2,13/04/2025,20:00,Round 3,Heroes de Falcon,vRH5aOqg,El Vigia,OYcssXWF,False,1,0,,,,,,[],[],,0.0,0.0,0.0,,0.0,0.0,0.0,,0.0,0.0,0.0,,0.0,0.0,,0.0,0.0,,0.0,0.0,,0.0,0.0,,0.0,0.0,,0.0,0.0,,0.0,0.0,,0.0,0.0,,0.0,0.0,,0.0,0.0,,0.0,0.0,,0.0,0.0,,0.0,0.0,,0.0,0.0,,0.0,0.0,0.0,,0.0,0.0,0.0,,0.0,0.0,0.0,,0.0,0.0,,0.0,0.0,,0.0,0.0,,0.0,0.0,0.0,0.0,0.0,0.0,0.0,0.0,0.0,,0.0,0.0,,0.0,0.0,,0.0,0.0,,0.0,,0.0,,0.0,,0.0,,0.0,,0.0,,0.0,,0.0,,0.0,,0.0,,0.0,,0.0,,0.0,,0.0,,0.0,,0.0,0.0,,0.0,0.0,,0.0,0.0,,0.0,0.0,,0.0,0.0,,0.0,0.0,,0.0,0.0,,0.0,0.0,,0.0,0.0,,0.0,0.0,,0.0,0.0,0.0,,0.0,0.0,0.0,,0.0,0.0,0.0,,0.0,0.0,0.0,,0.0,0.0,0.0,,0.0,0.0,0.0,,,,,,,,,,,,,,,,,,,,,,,,,,,,,,,,,,,,,,,,,,,,,,,,,,,,,,,,,,,,,,,,,,,,,,,,,,,,,,,,,,,,,,,,,,,,,,,,,,,,,,,,,,,,,,,,,,,,,,,,,,,,,,,,,,,,,,,,,,,,,,,,,,,,,,,,,,,,,,,,,,,,,,,,,,,,,,,,,,,,,,,,,,,,,,,,,,,,,,,,,,,,,Liga FUTVE 2,Ec90yuCn
EPBcjO2s,VENEZUELA,2025,VENEZUELA 2,VENEZUELA 2,10/05/2025,19:30,Round 7,Frontera,4AqkWAQI,El Vigia,OYcssXWF,False,2,1,,,,,,"[4, 90]",[42],Novibet,2.9,2.15,3.25,Betano.br,2.6,2.47,2.95,Esportivabet,2.3,3.33,2.66,Novibet,1.35,2.85,BetEsporte,2.7,1.3,BetEsporte,6.4,1.05,BetEsporte,1.24,2.95,BetEsporte,2.15,1.53,BetEsporte,4.4,1.12,BetEsporte,1.05,8.0,Superbet.br,1.24,3.65,BetEsporte,1.97,1.63,BetEsporte,3.3,1.22,BetEsporte,5.6,1.06,Superbet.br,1.64,2.12,,0.0,0.0,,0.0,0.0,Betano.br,1.37,1.28,1.57,Sportingbet.br,1.3,1.63,1.35,Sportingbet.br,1.35,1.47,1.42,Novibet,1.73,1.98,Betano.br,1.75,1.95,Betano.br,1.75,2.0,Betano.br,3.75,13.5,31.0,5.6,5.1,6.5,26.0,13.0,4.5,Esportivabet,1.9,1.8,Sportingbet.br,2.05,1.68,BetEsporte,1.8,1.63,Betano.br,10.75,Esportivabet,8.0,Betano.br,8.5,Superbet.br,5.75,Esportivabet,11.0,Betano.br,12.5,Esportivabet,8.0,Superbet.br,8.6,Esportivabet,11.0,Esportivabet,21.0,Superbet.br,27.0,Esportivabet,16.0,Esportivabet,19.0,Esportivabet,26.0,Esportivabet,26.0,,0.0,0.0,,0.0,0.0,,0.0,0.0,Betboom.br,3.42,1.24,,0.0,0.0,,0.0,0.0,Betboom.br,1.13,4.65,,0.0,0.0,,0.0,0.0,,0.0,0.0,BetEsporte,21.0,8.4,22.0,BetEsporte,11.0,6.0,12.0,BetEsporte,4.9,3.9,5.4,BetEsporte,1.37,4.0,1.42,BetEsporte,1.1,6.4,1.12,BetEsporte,1.01,8.4,1.02,,,,,,,,,,,,,,,,,,,,,,,,,,,,,,,,,,,,,,,,,,,,,,,,,,,,,,,,,,,,,,,,,,,,,,,,,,,,,,,,,,,,,,,,,,,,,,,,,,,,,,,,,,,,,,,,,,,,,,,,,,,,,,,,,,,,,,,,,,,,,,,,,,,,,,,,,,,,,,,,,,,,,,,,,,,,,,,,,,,,,,,,,,,,,,,,,,,,,,,,,,,,,Liga FUTVE 2,Ec90yuCn
MkLy1zUP,VENEZUELA,2025,VENEZUELA 2,VENEZUELA 2,02/05/2025,23:00,Round 6,Dynamo Puerto,IRzKqzlk,Bolivar,KpRwCxzH,False,0,2,,,,,,[],"[20, 90]",Betano.br,2.4,1.93,5.2,Betano.br,2.12,2.22,4.75,Betano.br,1.72,3.1,4.75,Sportingbet.br,1.5,2.4,Betano.br,3.3,1.26,BetEsporte,7.6,1.03,BetEsporte,1.3,2.65,Sportingbet.br,2.5,1.46,BetEsporte,5.0,1.08,BetEsporte,1.07,6.6,Betboom.br,1.4,2.62,Superbet.br,2.37,1.52,Superbet.br,4.6,1.16,BetEsporte,6.4,1.04,Superbet.br,2.2,1.6,,0.0,0.0,,0.0,0.0,Betano.br,1.16,1.29,2.02,Sportingbet.br,1.15,1.73,1.49,Sportingbet.br,1.17,1.55,1.6,Betano.br,1.24,3.3,Betano.br,1.36,2.92,Betano.br,1.33,3.15,Novibet,2.88,18.0,65.0,4.5,4.5,9.25,36.0,18.0,8.5,Sportingbet.br,1.88,1.8,Sportingbet.br,2.15,1.61,BetEsporte,1.82,1.61,Betano.br,6.8,Betano.br,5.1,Betano.br,10.25,Betano.br,6.4,Betano.br,6.9,Betano.br,26.0,Betano.br,8.75,Betano.br,16.5,Betano.br,20.0,Betano.br,13.5,Betano.br,100.0,Betano.br,17.5,Betano.br,60.0,Betano.br,40.0,Betano.br,75.0,,0.0,0.0,,0.0,0.0,Betboom.br,3.22,1.27,Betboom.br,2.42,1.46,Estrelabet,1.76,1.81,,0.0,0.0,,0.0,0.0,,0.0,0.0,,0.0,0.0,,0.0,0.0,BetEsporte,15.0,7.4,35.0,BetEsporte,7.2,4.7,25.0,BetEsporte,3.2,3.25,11.0,BetEsporte,1.17,4.9,1.8,BetEsporte,1.02,7.6,1.25,BetEsporte,1.01,8.2,1.06,,,,,,,,,,,,,,,,,,,,,,,,,,,,,,,,,,,,,,,,,,,,,,,,,,,1.0,0.0,,,,,,,,,,,,,,,,,,,,,,,,,,,,,,,,,,,,,,,,,,,,,,,,,,,,,,,,,,,,,,,,,,,,,,,,,,,,,,,,,,,,,,,,,,,,,,,,,,,,,,,,,,,,,,,,,,,,,,,,,,,,,,,,,,,,,,,1.0,0.0,,,,,,,,,,,,,,,,,Liga FUTVE 2,Ec90yuCn
tx3Ent26,VENEZUELA,2025,VENEZUELA 2,VENEZUELA 2,10/05/2025,19:30,Round 7,Trujillanos,ddwscmEO,Puerto Cabello B,jmA1Pu7j,False,0,0,,,,,,[],[],Esportivabet,2.05,2.05,5.75,Betano.br,1.91,2.4,5.3,Betboom.br,1.54,3.76,5.5,BetEsporte,1.26,3.0,Novibet,2.95,1.33,BetEsporte,4.8,1.1,BetEsporte,1.17,3.5,Sportingbet.br,2.25,1.55,BetEsporte,3.55,1.2,BetEsporte,1.03,11.0,BetEsporte,1.19,3.6,Superbet.br,2.07,1.68,Superbet.br,3.7,1.23,BetEsporte,4.2,1.14,Superbet.br,2.2,1.61,,0.0,0.0,,0.0,0.0,Betano.br,1.13,1.23,2.35,Sportingbet.br,1.13,1.6,1.65,Sportingbet.br,1.13,1.47,1.8,Esportivabet,1.18,4.2,Betano.br,1.28,3.35,Betano.br,1.27,3.5,Novibet,2.5,18.0,65.0,4.05,5.0,11.25,27.0,20.0,9.5,Novibet,1.86,1.84,Sportingbet.br,2.05,1.68,BetEsporte,1.78,1.65,Betano.br,8.25,Superbet.br,5.1,Betano.br,10.0,Superbet.br,6.8,Superbet.br,5.7,Superbet.br,28.0,Superbet.br,7.4,Superbet.br,16.0,Superbet.br,20.0,Esportivabet,9.0,Superbet.br,90.0,Superbet.br,12.0,Superbet.br,60.0,Superbet.br,34.0,Superbet.br,70.0,,0.0,0.0,,0.0,0.0,Betboom.br,2.62,1.4,Betboom.br,1.94,1.72,,0.0,0.0,,0.0,0.0,,0.0,0.0,,0.0,0.0,,0.0,0.0,,0.0,0.0,BetEsporte,10.0,6.8,27.0,BetEsporte,5.0,4.6,19.0,BetEsporte,2.65,3.7,9.6,BetEsporte,1.15,5.6,1.89,BetEsporte,1.03,8.0,1.36,BetEsporte,1.01,8.6,1.11,,,,,,,,,,,,,,,,,,,,,,,,,,,,,,,,,,,,,,,,,,,,,,,,,1.0,0.0,1.0,0.0,,,,,,,,,,,,,,,,,,,,,,,,,,,,,,,,,,,,,,,,,,,,,,,,,,,,,,,,,,,,,,,,,1.0,0.0,1.0,0.0,,,,,,,,,,,,,,,,,,,,,,,,,,,,,,,,,,,,,,,,,,,,,,,,,,,,,,,,,,,,,,,,,,,,,,,,,,,,,,,,,,,,,Liga FUTVE 2,Ec90yuCn
vw613JFL,VENEZUELA,2025,VENEZUELA 2,VENEZUELA 2,13/04/2025,19:30,Round 3,Miranda,bqdjykPk,Maritimo,0CATV9mo,False,1,0,,,,,,[],[],,0.0,0.0,0.0,,0.0,0.0,0.0,,0.0,0.0,0.0,,0.0,0.0,,0.0,0.0,,0.0,0.0,,0.0,0.0,,0.0,0.0,,0.0,0.0,,0.0,0.0,,0.0,0.0,,0.0,0.0,,0.0,0.0,,0.0,0.0,,0.0,0.0,,0.0,0.0,,0.0,0.0,,0.0,0.0,0.0,,0.0,0.0,0.0,,0.0,0.0,0.0,,0.0,0.0,,0.0,0.0,,0.0,0.0,,0.0,0.0,0.0,0.0,0.0,0.0,0.0,0.0,0.0,,0.0,0.0,,0.0,0.0,,0.0,0.0,,0.0,,0.0,,0.0,,0.0,,0.0,,0.0,,0.0,,0.0,,0.0,,0.0,,0.0,,0.0,,0.0,,0.0,,0.0,,0.0,0.0,,0.0,0.0,,0.0,0.0,,0.0,0.0,,0.0,0.0,,0.0,0.0,,0.0,0.0,,0.0,0.0,,0.0,0.0,,0.0,0.0,,0.0,0.0,0.0,,0.0,0.0,0.0,,0.0,0.0,0.0,,0.0,0.0,0.0,,0.0,0.0,0.0,,0.0,0.0,0.0,,,,,,,,,,,,,,,,,,,,,,,,,,,,,,,,,,,,,,,,,,,,,,,,,,,,,,,,,,,,,,,,,,,,,,,,,,,,,,,,,,,,,,,,,,,,,,,,,,,,,,,,,,,,,,,,,,,,,,,,,,,,,,,,,,,,,,,,,,,,,,,,,,,,,,,,,,,,,,,,,,,,,,,,,,,,,,,,,,,,,,,,,,,,,,,,,,,,,,,,,,,,,Liga FUTVE 2,Ec90yuCn
OdCcLGy0,VENEZUELA,2025,VENEZUELA 2,VENEZUELA 2,18/05/2025,21:00,Round 9,Barquisimeto,4rp8eIDa,Frontera,4AqkWAQI,False,4,0,,,,,,"[6, 32, 35, 81]",[],Betano.br,2.25,2.1,4.75,Betano.br,2.0,2.55,4.25,Betano.br,1.7,3.45,4.4,Novibet,1.38,2.7,Sportingbet.br,2.75,1.39,Esportivabet,2.83,1.33,,0.0,0.0,Sportingbet.br,2.1,1.65,,0.0,0.0,,0.0,0.0,Superbet.br,1.27,3.4,Estrelabet,1.55,2.2,Superbet.br,3.15,1.31,Estrelabet,1.9,1.75,Novibet,1.77,1.89,,0.0,0.0,,0.0,0.0,Esportivabet,1.0,1.0,6.33,Sportingbet.br,1.18,1.62,1.52,Sportingbet.br,1.2,1.47,1.65,Betano.br,1.27,3.1,Betano.br,1.37,2.87,Betano.br,1.37,2.95,Novibet,2.88,18.0,51.0,4.5,5.2,9.5,26.0,18.0,7.9,Estrelabet,1.75,1.9,Sportingbet.br,2.05,1.68,,0.0,0.0,Betano.br,10.25,Betano.br,6.2,Betano.br,10.75,Superbet.br,6.1,Superbet.br,7.1,Estrelabet,21.0,Superbet.br,7.2,Estrelabet,13.0,Estrelabet,13.0,Superbet.br,12.0,Betano.br,60.0,Superbet.br,12.0,Estrelabet,41.0,Superbet.br,24.0,Estrelabet,41.0,Estrelabet,2.2,1.55,,0.0,0.0,Betboom.br,2.92,1.33,Betboom.br,2.29,1.52,Estrelabet,1.75,1.81,,0.0,0.0,,0.0,0.0,,0.0,0.0,,0.0,0.0,,0.0,0.0,Estrelabet,2.1,2.57,0.0,Esportivabet,2.1,2.85,0.0,Novibet,3.1,3.5,0.0,Estrelabet,0.0,0.0,2.85,Esportivabet,0.0,0.0,3.1,Estrelabet,0.0,0.0,3.5,,,,,,,,,,,,,,,,,,,,,,,,,,,,,,,,,,,,,,,,,,,,,,,,,,,,,,,,,,,,,,,,,,,,,,,,,,,,,,,,,,,,,,,,,,,,,,,,,,,,,,,,,,,,,,,,,,,,,,,,,,,,,,,,,,,,,,,,,,,,,,,,,,,,,,,,,,,,,,,,,,,,,,,,,,,,,,,,,,,,,,,,,,,,,,,,,,,,,,,,,,,,,Liga FUTVE 2,Ec90yuCn
Em0GghMa,VENEZUELA,2025,VENEZUELA 2,VENEZUELA 2,04/05/2025,20:00,Round 6,Mineros,nHA4pAGL,Miranda,bqdjykPk,False,0,0,,,,,,[],[],Betano.br,3.65,1.85,3.2,Sportingbet.br,3.3,2.15,2.8,BetEsporte,2.85,2.95,2.4,Sportingbet.br,1.53,2.3,BetEsporte,3.15,1.22,BetEsporte,8.0,1.03,BetEsporte,1.31,2.55,Sportingbet.br,2.65,1.41,BetEsporte,5.2,1.08,Superbet.br,1.08,6.4,Superbet.br,1.48,2.47,Sportingbet.br,2.5,1.46,Superbet.br,4.7,1.15,BetEsporte,6.8,1.03,Superbet.br,2.1,1.65,,0.0,0.0,,0.0,0.0,Sportingbet.br,1.52,1.36,1.37,Sportingbet.br,1.31,1.8,1.24,Sportingbet.br,1.37,1.62,1.29,Estrelabet,2.05,1.7,Betano.br,2.0,1.72,Betano.br,1.98,1.78,Novibet,5.0,15.0,37.0,6.0,4.0,5.5,41.0,15.0,4.2,Superbet.br,1.9,1.82,Sportingbet.br,2.15,1.6,BetEsporte,1.84,1.6,Betano.br,6.4,Superbet.br,6.3,Superbet.br,5.65,Superbet.br,5.45,Superbet.br,11.0,Betano.br,9.0,Estrelabet,10.0,Estrelabet,9.0,Superbet.br,16.0,Superbet.br,32.0,Superbet.br,23.0,Estrelabet,31.0,Superbet.br,23.0,Superbet.br,50.0,Superbet.br,45.0,,0.0,0.0,,0.0,0.0,,0.0,0.0,,0.0,0.0,,0.0,0.0,,0.0,0.0,Betboom.br,1.2,3.76,,0.0,0.0,,0.0,0.0,,0.0,0.0,BetEsporte,27.0,8.4,23.0,BetEsporte,16.0,6.6,12.0,BetEsporte,6.4,4.0,5.2,BetEsporte,1.43,3.7,1.32,BetEsporte,1.11,6.0,1.07,BetEsporte,1.01,8.2,1.01,,,,,,,,,,,,,,,,,,,,,,,,,,,,,,,,,,,,,,,,,,,,,,,,,,,0.0,1.0,,,,,,,,,,,,,,,,,,,,,,,,,,,,,,,,,,,,,,,,,,,,,,,,,,,,,,,,,,,,,,,,,,,,,,,,,,,,,,,,,,,,,,,,,,,,,,,,,,,,,,,,,,,,,,,,,,,,,,,,,,,,,,,,,,,,,,,0.0,1.0,,,,,,,,,,,,,,,,,Liga FUTVE 2,Ec90yuCn
p6iO6HM6,VENEZUELA,2025,VENEZUELA 2,VENEZUELA 2,18/05/2025,20:00,Round 9,Urena,x6MdZOGO,Titanes,6eug9B26,False,2,3,,,,,,"[14, 52]","[59, 86, 90]",Betfair,3.5,1.91,3.2,Betano.br,2.95,2.4,2.67,Betfair,2.8,3.1,2.2,Sportingbet.br,1.39,2.75,,0.0,0.0,,0.0,0.0,,0.0,0.0,Sportingbet.br,2.2,1.6,,0.0,0.0,Betfair,1.05,7.5,Betfair,1.36,2.88,Betfair,2.2,1.6,Betfair,4.0,1.2,Betfair,8.0,1.05,Betfair,1.83,1.83,,0.0,0.0,,0.0,0.0,Betano.br,1.55,1.3,1.37,Sportingbet.br,1.31,1.66,1.32,Sportingbet.br,1.36,1.52,1.37,Estrelabet,2.1,1.66,Betano.br,1.93,1.78,Betano.br,1.98,1.78,Betfair,5.0,12.0,26.0,6.5,4.33,5.5,31.0,12.0,4.2,Superbet.br,1.9,1.8,Sportingbet.br,2.05,1.66,,0.0,0.0,Betfair,7.0,Betfair,7.5,Betfair,7.0,Betfair,5.5,Betfair,12.0,Betfair,10.0,Betfair,9.5,Betfair,9.0,Betfair,13.0,Betfair,26.0,Betfair,21.0,Betfair,21.0,Betfair,17.0,Betfair,34.0,Betfair,29.0,,0.0,0.0,,0.0,0.0,,0.0,0.0,,0.0,0.0,,0.0,0.0,,0.0,0.0,Betboom.br,1.24,3.42,,0.0,0.0,,0.0,0.0,,0.0,0.0,,0.0,0.0,0.0,,0.0,0.0,0.0,,0.0,0.0,0.0,,0.0,0.0,0.0,,0.0,0.0,0.0,,0.0,0.0,0.0,,,,,,,,,,,,,,,,,,,,,,,,,,,,,,,,,,,,,,,,,,,,,,,,,1.0,0.0,1.0,1.0,,,,,,,,,,,,,,,,,,,,,,,,,,,,,,,,,,,,,,,,,,,,,,,,,,,,,,,,,,,,,,,,,,,,,,,,,,,,,,,,,,,,,,,,,,,,,,,,,,,,,,,,,,,,,,,,,,,,,,,,,,,,,,,,,,,,,1.0,0.0,1.0,1.0,,,,,,,,,,,,,,,,,Liga FUTVE 2,Ec90yuCn
jepy1nZb,VENEZUELA,2025,VENEZUELA 2,VENEZUELA 2,27/04/2025,19:00,Round 5,Bolivar,KpRwCxzH,Maritimo,0CATV9mo,False,3,2,,,,,,"[51, 61, 90]","[36, 83]",Betano.br,3.75,1.93,2.92,Betano.br,3.5,2.12,2.67,BetEsporte,3.15,3.05,2.17,Sportingbet.br,1.44,2.55,BetEsporte,2.7,1.3,BetEsporte,6.4,1.05,BetEsporte,1.25,2.9,Sportingbet.br,2.37,1.51,BetEsporte,4.4,1.12,BetEsporte,1.05,7.6,Superbet.br,1.34,3.0,Betano.br,2.25,1.5,Superbet.br,3.65,1.24,BetEsporte,5.6,1.06,Superbet.br,1.85,1.85,,0.0,0.0,,0.0,0.0,Betano.br,1.6,1.33,1.3,Sportingbet.br,1.37,1.72,1.24,Sportingbet.br,1.44,1.55,1.27,Estrelabet,2.28,1.55,Betano.br,2.12,1.65,Betano.br,2.15,1.65,Betano.br,5.2,14.0,35.0,6.7,4.33,5.2,45.0,15.0,3.6,Estrelabet,1.95,1.75,Sportingbet.br,2.1,1.63,BetEsporte,1.81,1.62,Esportivabet,7.5,Superbet.br,7.8,Superbet.br,6.3,Superbet.br,5.4,Estrelabet,14.0,Superbet.br,8.6,Estrelabet,10.0,Betano.br,8.0,Betano.br,14.0,Estrelabet,36.0,Estrelabet,18.0,Estrelabet,26.0,Betano.br,17.5,Superbet.br,38.0,Betano.br,32.0,,0.0,0.0,,0.0,0.0,,0.0,0.0,,0.0,0.0,,0.0,0.0,,0.0,0.0,,0.0,0.0,,0.0,0.0,,0.0,0.0,,0.0,0.0,BetEsporte,25.0,8.6,18.0,BetEsporte,16.0,7.0,9.2,BetEsporte,6.8,4.4,4.1,BetEsporte,1.52,3.75,1.27,BetEsporte,1.16,5.6,1.06,BetEsporte,1.03,8.0,1.01,,,,,,,,,,,,,,,,,,,,,,,,,,,,,,,,,,,,,,,,,,,,,,,,,,,,,,,,,,,,,,,,,,,,,,,,,,,,,,,,,,,,,,,,,,,,,,,,,,,,,,,,,,,,,,,,,,,,,,,,,,,,,,,,,,,,,,,,,,,,,,,,,,,,,,,,,,,,,,,,,,,,,,,,,,,,,,,,,,,,,,,,,,,,,,,,,,,,,,,,,,,,,Liga FUTVE 2,Ec90yuCn
K8mKk4t4,VENEZUELA,2025,VENEZUELA 2,VENEZUELA 2,27/04/2025,20:00,Round 5,Urena,x6MdZOGO,Trujillanos,ddwscmEO,False,0,3,,,,,,[],"[69, 80, 90]",Novibet,3.65,1.87,3.2,Sportingbet.br,3.2,2.15,2.95,Superbet.br,2.85,2.95,2.42,Sportingbet.br,1.55,2.3,Betano.br,3.45,1.24,BetEsporte,8.4,1.03,BetEsporte,1.32,2.55,Sportingbet.br,2.65,1.41,BetEsporte,5.4,1.07,Superbet.br,1.1,5.9,Esportivabet,1.46,2.45,Superbet.br,2.55,1.45,Betano.br,4.55,1.12,BetEsporte,6.8,1.03,Superbet.br,2.15,1.63,,0.0,0.0,,0.0,0.0,Betano.br,1.5,1.33,1.37,Novibet,1.3,1.73,1.25,BetEsporte,1.28,1.42,1.23,Esportivabet,2.1,1.66,Novibet,1.94,1.73,Betano.br,1.93,1.8,Novibet,5.0,15.0,40.0,6.0,4.0,5.5,41.0,15.0,4.15,Superbet.br,1.9,1.82,Sportingbet.br,2.15,1.6,BetEsporte,1.84,1.6,Betano.br,6.5,Betano.br,6.6,Betano.br,6.3,Betano.br,5.9,Betano.br,12.0,Betano.br,11.0,Betano.br,11.0,Betano.br,10.5,Betano.br,18.5,Superbet.br,32.0,Betano.br,28.0,Esportivabet,31.0,Betano.br,26.0,Superbet.br,50.0,Superbet.br,45.0,,0.0,0.0,,0.0,0.0,,0.0,0.0,,0.0,0.0,,0.0,0.0,,0.0,0.0,,0.0,0.0,,0.0,0.0,,0.0,0.0,,0.0,0.0,BetEsporte,27.0,8.4,23.0,BetEsporte,16.0,6.6,13.0,BetEsporte,6.4,3.95,5.2,Betano.br,1.5,3.85,0.0,BetEsporte,1.11,6.0,1.07,BetEsporte,1.01,8.2,1.01,,,,,,,,,,,,,,,,,,,,,,,,,,,,,,,,,,,,,,,,,,,,,,,,,,,,,,,,,,,,,,,,,,,,,,,,,,,,,,,,,,,,,,,,,,,,,,,,,,,,,,,,,,,,,,,,,,,,,,,,,,,,,,,,,,,,,,,,,,,,,,,,,,,,,,,,,,,,,,,,,,,,,,,,,,,,,,,,,,,,,,,,,,,,,,,,,,,,,,,,,,,,,Liga FUTVE 2,Ec90yuCn
YRXISbqQ,VENEZUELA,2025,VENEZUELA 2,VENEZUELA 2,18/05/2025,20:00,Round 9,Aragua,CbfwrDH9,Miranda,bqdjykPk,False,0,0,,,,,,[],[],Betfair,3.1,1.83,4.0,Novibet,2.9,2.1,3.25,Betfair,2.2,2.8,3.0,Novibet,1.53,2.3,,0.0,0.0,,0.0,0.0,Sportingbet.br,1.39,2.75,Sportingbet.br,2.6,1.43,,0.0,0.0,Betfair,1.07,7.0,Betfair,1.44,2.6,Betfair,2.55,1.45,Betfair,4.8,1.14,Betfair,10.0,1.02,Betfair,2.0,1.73,,0.0,0.0,,0.0,0.0,Betano.br,1.36,1.33,1.52,Sportingbet.br,1.25,1.85,1.28,Sportingbet.br,1.29,1.65,1.35,Estrelabet,1.7,2.05,Betano.br,1.75,1.95,Betano.br,1.78,1.98,Betfair,4.0,12.0,36.0,5.5,4.0,7.0,26.0,13.0,5.5,Superbet.br,1.9,1.82,Sportingbet.br,2.2,1.58,,0.0,0.0,Betfair,6.0,Betfair,6.0,Betfair,7.5,Betfair,5.0,Betfair,9.0,Betfair,13.0,Betfair,9.0,Betfair,11.0,Betfair,13.0,Betfair,19.0,Betfair,36.0,Betfair,17.0,Betfair,26.0,Betfair,36.0,Betfair,46.0,,0.0,0.0,,0.0,0.0,,0.0,0.0,Betboom.br,4.1,1.17,,0.0,0.0,,0.0,0.0,,0.0,0.0,,0.0,0.0,,0.0,0.0,,0.0,0.0,,0.0,0.0,0.0,,0.0,0.0,0.0,,0.0,0.0,0.0,,0.0,0.0,0.0,,0.0,0.0,0.0,,0.0,0.0,0.0,,,,,,,,,,,,,,,,,,,,,,,,,,,,,,,,,,,,,,,,,,,,,,,,,,,,,,,,,,,,,,,,,,,,,,,,,,,,,,,,,,,,,,,,,,,,,,,,,,,,,,,,,,,,,,,,,,,,,,,,,,,,,,,,,,,,,,,,,,,,,,,,,,,,,,,,,,,,,,,,,,,,,,,,,,,,,,,,,,,,,,,,,,,,,,,,,,,,,,,,,,,,,Liga FUTVE 2,Ec90yuCn
0tzu31nm,VENEZUELA,2025,VENEZUELA 2,VENEZUELA 2,10/05/2025,20:00,Round 7,Urena,x6MdZOGO,Barquisimeto,4rp8eIDa,False,0,3,,,,,,[],"[15, 69, 84]",Sportingbet.br,3.5,1.93,3.1,Sportingbet.br,3.1,2.37,2.65,BetEsporte,2.65,3.2,2.4,Betano.br,1.37,2.5,BetEsporte,3.05,1.23,BetEsporte,7.8,1.03,BetEsporte,1.29,2.7,BetEsporte,2.4,1.42,BetEsporte,5.0,1.08,BetEsporte,1.07,6.6,Sportingbet.br,1.33,3.0,BetEsporte,2.27,1.47,BetEsporte,4.0,1.15,BetEsporte,6.6,1.03,Superbet.br,1.92,1.8,,0.0,0.0,,0.0,0.0,Sportingbet.br,1.53,1.34,1.38,Sportingbet.br,1.32,1.75,1.26,Sportingbet.br,1.42,1.51,1.32,Esportivabet,1.8,1.9,Betano.br,1.8,1.9,Betano.br,1.82,1.93,Novibet,4.33,14.0,32.0,6.0,4.8,6.1,31.0,14.0,4.5,Superbet.br,1.92,1.8,Sportingbet.br,2.15,1.61,BetEsporte,1.81,1.62,Betano.br,9.0,Betano.br,6.8,Betano.br,7.1,Betano.br,5.5,Betano.br,10.0,Esportivabet,11.0,Estrelabet,9.0,Estrelabet,9.0,Estrelabet,14.0,Estrelabet,26.0,Estrelabet,26.0,Superbet.br,22.0,Superbet.br,22.0,Superbet.br,37.0,Estrelabet,36.0,,0.0,0.0,,0.0,0.0,,0.0,0.0,Betboom.br,5.24,1.1,,0.0,0.0,,0.0,0.0,Betboom.br,1.14,4.5,,0.0,0.0,,0.0,0.0,,0.0,0.0,BetEsporte,25.0,8.4,23.0,BetEsporte,14.0,6.4,12.0,BetEsporte,5.8,3.85,5.2,BetEsporte,1.43,3.7,1.37,BetEsporte,1.11,6.0,1.09,BetEsporte,1.01,8.2,1.01,,,,,,,,,,,,,,,,,,,,,,,,,,,,,,,,,,,,,,,,,,,,,,,,,,,,,,,,,,,,,,,,,,,,,,,,,,,,,,,,,,,,,,,,,,,,,,,,,,,,,,,,,,,,,,,,,,,,,,,,,,,,,,,,,,,,,,,,,,,,,,,,,,,,,,,,,,,,,,,,,,,,,,,,,,,,,,,,,,,,,,,,,,,,,,,,,,,,,,,,,,,,,Liga FUTVE 2,Ec90yuCn
AN1m7Eo4,VENEZUELA,2025,VENEZUELA 2,VENEZUELA 2,01/06/2025,20:00,Round 10,Urena,x6MdZOGO,Puerto Cabello B,jmA1Pu7j,False,2,0,,,,,,"[43, 90]",[],Novibet,3.1,2.0,3.25,Novibet,2.8,2.3,2.95,Betano.br,2.57,3.2,2.47,Sportingbet.br,1.42,2.65,Betano.br,3.05,1.29,Betano.br,7.1,1.04,,0.0,0.0,Sportingbet.br,2.2,1.57,,0.0,0.0,Novibet,1.05,9.5,Superbet.br,1.34,3.0,Superbet.br,2.07,1.68,Superbet.br,3.6,1.25,,0.0,0.0,Novibet,1.78,1.88,,0.0,0.0,,0.0,0.0,Betano.br,1.5,1.29,1.47,Sportingbet.br,1.31,1.68,1.31,Sportingbet.br,1.36,1.52,1.36,Estrelabet,1.75,1.95,Novibet,1.78,1.88,Novibet,1.8,1.9,Betano.br,4.25,14.5,32.0,5.8,4.65,6.0,32.0,14.0,4.5,Esportivabet,1.9,1.8,Sportingbet.br,2.05,1.66,,0.0,0.0,Betano.br,8.5,Betano.br,7.6,Betano.br,7.5,Betano.br,6.3,Betano.br,12.0,Betano.br,11.75,Betano.br,10.0,Betano.br,9.75,Betano.br,15.5,Betano.br,28.0,Betano.br,26.0,Betano.br,23.0,Betano.br,22.0,Betano.br,37.0,Betano.br,35.0,,0.0,0.0,,0.0,0.0,,0.0,0.0,Betboom.br,4.35,1.15,,0.0,0.0,,0.0,0.0,Betboom.br,1.11,5.04,,0.0,0.0,,0.0,0.0,,0.0,0.0,,0.0,0.0,0.0,,0.0,0.0,0.0,Betano.br,0.0,0.0,5.1,Betano.br,1.5,4.0,0.0,,0.0,0.0,0.0,,0.0,0.0,0.0,,,,,,,,,,,,,,,,,,,,,,,,,,,,,,,,,,,,,,,,,,,,,,,,,,,,,,,,,,,,,,,,,,,,,,,,,,,,,,,,,,,,,,,,,,,,,,,,,,,,,,,,,,,,,,,,,,,,,,,,,,,,,,,,,,,,,,,,,,,,,,,,,,,,,,,,,,,,,,,,,,,,,,,,,,,,,,,,,,,,,,,,,,,,,,,,,,,,,,,,,,,,,Liga FUTVE 2,Ec90yuCn
CrpCiQBi,VENEZUELA,2025,VENEZUELA 2,VENEZUELA 2,26/04/2025,19:30,Round 5,Titanes,6eug9B26,El Vigia,OYcssXWF,False,1,0,,,,,,[80],[],Estrelabet,2.6,1.88,4.25,Sportingbet.br,2.37,2.25,3.9,Estrelabet,1.92,3.2,3.6,Sportingbet.br,1.49,2.4,BetEsporte,3.0,1.24,BetEsporte,7.6,1.03,BetEsporte,1.29,2.65,Sportingbet.br,2.5,1.46,BetEsporte,5.0,1.09,BetEsporte,1.07,6.6,Superbet.br,1.41,2.7,Estrelabet,2.3,1.5,Superbet.br,4.15,1.19,BetEsporte,6.4,1.04,Superbet.br,2.07,1.68,,0.0,0.0,,0.0,0.0,Sportingbet.br,1.26,1.32,1.75,Sportingbet.br,1.19,1.73,1.42,Sportingbet.br,1.22,1.57,1.51,Estrelabet,1.4,2.71,,0.0,0.0,,0.0,0.0,Estrelabet,2.9,15.0,41.0,4.33,4.2,7.0,31.0,16.0,6.33,Estrelabet,1.9,1.8,Sportingbet.br,2.1,1.63,BetEsporte,1.82,1.61,Superbet.br,6.8,Superbet.br,5.35,Superbet.br,7.4,Superbet.br,5.8,Superbet.br,7.2,Estrelabet,16.0,Estrelabet,8.0,Estrelabet,12.0,Estrelabet,17.0,Estrelabet,15.0,Superbet.br,50.0,Estrelabet,17.0,Estrelabet,41.0,Estrelabet,36.0,Superbet.br,50.0,,0.0,0.0,,0.0,0.0,,0.0,0.0,,0.0,0.0,,0.0,0.0,,0.0,0.0,,0.0,0.0,,0.0,0.0,,0.0,0.0,,0.0,0.0,BetEsporte,17.0,7.8,30.0,BetEsporte,8.4,5.0,21.0,BetEsporte,3.7,3.35,8.8,BetEsporte,1.22,4.6,1.65,BetEsporte,1.04,7.4,1.2,BetEsporte,1.01,8.4,1.04,,,,,,,,,,,,,,,,,,,,,,,,,,,,,,,,,,,,,,,,,,,,,,,,,,,,,,,,,,,,,,,,,,,,,,,,,,,,,,,,,,,,,,,,,,,,,,,,,,,,,,,,,,,,,,,,,,,,,,,,,,,,,,,,,,,,,,,,,,,,,,,,,,,,,,,,,,,,,,,,,,,,,,,,,,,,,,,,,,,,,,,,,,,,,,,,,,,,,,,,,,,,,Liga FUTVE 2,Ec90yuCn
Mq8DRwLl,VENEZUELA,2025,VENEZUELA 2,VENEZUELA 2,14/05/2025,19:30,Round 8,Titanes,6eug9B26,Puerto Cabello B,jmA1Pu7j,False,4,1,,,,,,"[11, 45, 57, 72]",[62],Betano.br,2.32,2.07,4.65,Betano.br,2.12,2.37,4.25,Betano.br,1.75,3.3,4.25,Sportingbet.br,1.4,2.7,Betano.br,2.82,1.34,Betano.br,6.6,1.05,,0.0,0.0,Sportingbet.br,2.2,1.58,,0.0,0.0,Superbet.br,1.1,6.0,Superbet.br,1.32,3.1,Superbet.br,2.0,1.73,Superbet.br,3.5,1.26,,0.0,0.0,Superbet.br,1.9,1.8,,0.0,0.0,,0.0,0.0,Betano.br,1.19,1.27,2.0,Sportingbet.br,1.19,1.63,1.49,Sportingbet.br,1.2,1.49,1.6,Betano.br,1.28,3.05,Betano.br,1.39,2.77,Betano.br,1.38,2.87,Betano.br,2.7,15.0,50.0,4.35,4.8,9.0,26.0,16.0,7.3,Superbet.br,1.87,1.83,Sportingbet.br,2.05,1.68,,0.0,0.0,Betano.br,8.75,Betano.br,6.3,Betano.br,11.0,Betano.br,6.6,Betano.br,7.9,Betano.br,24.0,Betano.br,8.25,Betano.br,14.5,Betano.br,16.5,Betano.br,14.0,Betano.br,75.0,Betano.br,14.5,Betano.br,45.0,Betano.br,29.0,Betano.br,55.0,,0.0,0.0,,0.0,0.0,Betboom.br,3.11,1.29,Betboom.br,2.37,1.48,Betano.br,1.75,1.85,,0.0,0.0,,0.0,0.0,,0.0,0.0,,0.0,0.0,,0.0,0.0,,0.0,0.0,0.0,,0.0,0.0,0.0,Betano.br,3.15,3.45,0.0,Betano.br,0.0,0.0,2.0,,0.0,0.0,0.0,,0.0,0.0,0.0,,,,,,,,,,,,,,,,,,,,,,,,,,,,,,,,,,,,,,,,,,,,,,,,,1.0,0.0,1.0,1.0,,,,,,,,,,,,,,,,,,,,,,,,,,,,,,,,,,,,,,,,,,,,,,,,,,,,,,,,,,,,,,,,,,,0.0,1.0,,,,,,,,,,,,,,,,,,,,,,,,,,,,,,,,,,,,,,,,,,,,,,,,,,,,,,,,,,,,,,,,,1.0,0.0,1.0,0.0,,,,,,,,,,,,,,,,,Liga FUTVE 2,Ec90yuCn
8Y7GWKvp,VENEZUELA,2025,VENEZUELA 2,VENEZUELA 2,07/04/2025,00:00,Round 2,Monagas B,z1jpHUsI,Dynamo Puerto,IRzKqzlk,False,1,2,,,,,,[],[],,0.0,0.0,0.0,,0.0,0.0,0.0,,0.0,0.0,0.0,,0.0,0.0,,0.0,0.0,,0.0,0.0,,0.0,0.0,,0.0,0.0,,0.0,0.0,,0.0,0.0,,0.0,0.0,,0.0,0.0,,0.0,0.0,,0.0,0.0,,0.0,0.0,,0.0,0.0,,0.0,0.0,,0.0,0.0,0.0,,0.0,0.0,0.0,,0.0,0.0,0.0,,0.0,0.0,,0.0,0.0,,0.0,0.0,,0.0,0.0,0.0,0.0,0.0,0.0,0.0,0.0,0.0,,0.0,0.0,,0.0,0.0,,0.0,0.0,,0.0,,0.0,,0.0,,0.0,,0.0,,0.0,,0.0,,0.0,,0.0,,0.0,,0.0,,0.0,,0.0,,0.0,,0.0,,0.0,0.0,,0.0,0.0,,0.0,0.0,,0.0,0.0,,0.0,0.0,,0.0,0.0,,0.0,0.0,,0.0,0.0,,0.0,0.0,,0.0,0.0,,0.0,0.0,0.0,,0.0,0.0,0.0,,0.0,0.0,0.0,,0.0,0.0,0.0,,0.0,0.0,0.0,,0.0,0.0,0.0,,,,,,,,,,,,,,,,,,,,,,,,,,,,,,,,,,,,,,,,,,,,,,,,,,,,,,,,,,,,,,,,,,,,,,,,,,,,,,,,,,,,,,,,,,,,,,,,,,,,,,,,,,,,,,,,,,,,,,,,,,,,,,,,,,,,,,,,,,,,,,,,,,,,,,,,,,,,,,,,,,,,,,,,,,,,,,,,,,,,,,,,,,,,,,,,,,,,,,,,,,,,,Liga FUTVE 2,Ec90yuCn
MHyZhBen,VENEZUELA,2025,VENEZUELA 2,VENEZUELA 2,05/04/2025,19:30,Round 2,Frontera,4AqkWAQI,Barquisimeto,4rp8eIDa,False,1,2,,,,,,[],[],,0.0,0.0,0.0,,0.0,0.0,0.0,,0.0,0.0,0.0,,0.0,0.0,,0.0,0.0,,0.0,0.0,,0.0,0.0,,0.0,0.0,,0.0,0.0,,0.0,0.0,,0.0,0.0,,0.0,0.0,,0.0,0.0,,0.0,0.0,,0.0,0.0,,0.0,0.0,,0.0,0.0,,0.0,0.0,0.0,,0.0,0.0,0.0,,0.0,0.0,0.0,,0.0,0.0,,0.0,0.0,,0.0,0.0,,0.0,0.0,0.0,0.0,0.0,0.0,0.0,0.0,0.0,,0.0,0.0,,0.0,0.0,,0.0,0.0,,0.0,,0.0,,0.0,,0.0,,0.0,,0.0,,0.0,,0.0,,0.0,,0.0,,0.0,,0.0,,0.0,,0.0,,0.0,,0.0,0.0,,0.0,0.0,,0.0,0.0,,0.0,0.0,,0.0,0.0,,0.0,0.0,,0.0,0.0,,0.0,0.0,,0.0,0.0,,0.0,0.0,,0.0,0.0,0.0,,0.0,0.0,0.0,,0.0,0.0,0.0,,0.0,0.0,0.0,,0.0,0.0,0.0,,0.0,0.0,0.0,,,,,,,,,,,,,,,,,,,,,,,,,,,,,,,,,,,,,,,,,,,,,,,,,,,,,,,,,,,,,,,,,,,,,,,,,,,,,,,,,,,,,,,,,,,,,,,,,,,,,,,,,,,,,,,,,,,,,,,,,,,,,,,,,,,,,,,,,,,,,,,,,,,,,,,,,,,,,,,,,,,,,,,,,,,,,,,,,,,,,,,,,,,,,,,,,,,,,,,,,,,,,Liga FUTVE 2,Ec90yuCn
INHh5uo9,VENEZUELA,2025,VENEZUELA 2,VENEZUELA 2,13/04/2025,19:00,Round 3,Bolivar,KpRwCxzH,Monagas B,z1jpHUsI,False,2,1,,,,,,[],[],,0.0,0.0,0.0,,0.0,0.0,0.0,,0.0,0.0,0.0,,0.0,0.0,,0.0,0.0,,0.0,0.0,,0.0,0.0,,0.0,0.0,,0.0,0.0,,0.0,0.0,,0.0,0.0,,0.0,0.0,,0.0,0.0,,0.0,0.0,,0.0,0.0,,0.0,0.0,,0.0,0.0,,0.0,0.0,0.0,,0.0,0.0,0.0,,0.0,0.0,0.0,,0.0,0.0,,0.0,0.0,,0.0,0.0,,0.0,0.0,0.0,0.0,0.0,0.0,0.0,0.0,0.0,,0.0,0.0,,0.0,0.0,,0.0,0.0,,0.0,,0.0,,0.0,,0.0,,0.0,,0.0,,0.0,,0.0,,0.0,,0.0,,0.0,,0.0,,0.0,,0.0,,0.0,,0.0,0.0,,0.0,0.0,,0.0,0.0,,0.0,0.0,,0.0,0.0,,0.0,0.0,,0.0,0.0,,0.0,0.0,,0.0,0.0,,0.0,0.0,,0.0,0.0,0.0,,0.0,0.0,0.0,,0.0,0.0,0.0,,0.0,0.0,0.0,,0.0,0.0,0.0,,0.0,0.0,0.0,,,,,,,,,,,,,,,,,,,,,,,,,,,,,,,,,,,,,,,,,,,,,,,,,,,,,,,,,,,,,,,,,,,,,,,,,,,,,,,,,,,,,,,,,,,,,,,,,,,,,,,,,,,,,,,,,,,,,,,,,,,,,,,,,,,,,,,,,,,,,,,,,,,,,,,,,,,,,,,,,,,,,,,,,,,,,,,,,,,,,,,,,,,,,,,,,,,,,,,,,,,,,Liga FUTVE 2,Ec90yuCn
hfmr8iyg,VENEZUELA,2025,VENEZUELA 2,VENEZUELA 2,04/05/2025,19:30,Round 6,Puerto Cabello B,jmA1Pu7j,Heroes de Falcon,vRH5aOqg,False,2,1,,,,,,"[62, 83]",[20],Betano.br,3.8,2.05,2.65,Betano.br,3.45,2.45,2.32,BetEsporte,2.37,3.8,2.35,Novibet,1.34,2.9,Novibet,2.5,1.45,BetEsporte,5.0,1.09,BetEsporte,1.16,3.65,Sportingbet.br,2.1,1.63,BetEsporte,3.5,1.2,BetEsporte,1.02,12.0,Superbet.br,1.22,3.85,Superbet.br,1.68,2.05,Sportingbet.br,2.95,1.34,BetEsporte,4.2,1.13,Superbet.br,1.62,2.17,,0.0,0.0,,0.0,0.0,Betboom.br,1.22,1.22,1.73,Sportingbet.br,1.35,1.62,1.31,Sportingbet.br,1.39,1.51,1.35,Betano.br,2.37,1.45,Betano.br,2.25,1.57,Betano.br,2.32,1.57,Betano.br,6.1,15.0,26.0,7.3,5.75,5.5,35.0,15.0,3.66,Sportingbet.br,1.9,1.78,Sportingbet.br,2.05,1.68,BetEsporte,1.76,1.67,Estrelabet,12.0,Betano.br,10.5,Superbet.br,8.1,Superbet.br,6.6,Betano.br,18.0,Estrelabet,11.0,Betano.br,9.5,Estrelabet,8.0,Estrelabet,12.0,Betano.br,40.0,Superbet.br,22.0,Betano.br,22.0,Estrelabet,16.0,Betano.br,22.0,Superbet.br,22.0,,0.0,0.0,,0.0,0.0,,0.0,0.0,Betboom.br,2.67,1.38,Betano.br,1.82,1.78,Betano.br,1.72,1.88,,0.0,0.0,,0.0,0.0,,0.0,0.0,,0.0,0.0,BetEsporte,18.0,8.4,18.0,BetEsporte,9.8,6.0,9.6,BetEsporte,4.5,4.0,4.5,BetEsporte,1.45,4.0,1.44,BetEsporte,1.14,6.0,1.14,BetEsporte,1.03,8.4,1.03,,,,,,,,,,,,,,,,,,,,,,,,,,,,,,,,,,,,,,,,,,,,,,,,,,,,,,,,,,,,,,,,,,,,,,,,,,,,,,,,,,,,,,,,,,,,,,,,,,,,,,,,,,,,,,,,,,,,,,,,,,,,,,,,,,,,,,,,,,,,,,,,,,,,,,,,,,,,,,,,,,,,,,,,,,,,,,,,,,,,,,,,,,,,,,,,,,,,,,,,,,,,,Liga FUTVE 2,Ec90yuCn
tGekHaFl,VENEZUELA,2025,VENEZUELA 2,VENEZUELA 2,20/04/2025,19:30,Round 4,Trujillanos,ddwscmEO,Titanes,6eug9B26,False,1,0,,,,,,[85],[],Esportivabet,2.54,1.9,4.33,Sportingbet.br,2.3,2.25,4.0,BetEsporte,1.92,3.2,3.6,Sportingbet.br,1.5,2.37,BetEsporte,3.0,1.24,BetEsporte,7.6,1.03,BetEsporte,1.29,2.65,Sportingbet.br,2.45,1.47,BetEsporte,5.0,1.09,BetEsporte,1.07,6.6,Superbet.br,1.43,2.62,Superbet.br,2.35,1.53,Superbet.br,4.4,1.17,BetEsporte,6.4,1.04,Superbet.br,2.12,1.64,,0.0,0.0,,0.0,0.0,Betano.br,1.24,1.3,1.8,Sportingbet.br,1.18,1.73,1.42,Sportingbet.br,1.21,1.55,1.53,Esportivabet,1.4,2.71,Betano.br,1.5,2.42,Betano.br,1.5,2.5,Betano.br,3.05,15.5,50.0,4.6,4.4,7.7,32.0,16.0,6.33,Sportingbet.br,1.87,1.82,Sportingbet.br,2.1,1.63,BetEsporte,1.82,1.61,Betano.br,7.2,Superbet.br,5.25,Superbet.br,7.3,Superbet.br,5.8,Superbet.br,7.1,Esportivabet,16.0,Superbet.br,7.9,Esportivabet,12.0,Esportivabet,17.0,Esportivabet,15.0,Superbet.br,50.0,Esportivabet,17.0,Esportivabet,41.0,Superbet.br,37.0,Superbet.br,55.0,,0.0,0.0,,0.0,0.0,,0.0,0.0,,0.0,0.0,Betano.br,1.85,1.75,,0.0,0.0,,0.0,0.0,,0.0,0.0,,0.0,0.0,,0.0,0.0,BetEsporte,17.0,7.8,30.0,BetEsporte,8.4,5.0,21.0,BetEsporte,3.7,3.35,8.8,BetEsporte,1.22,4.6,1.66,BetEsporte,1.04,7.4,1.2,BetEsporte,1.01,8.4,1.04,,,,,,,,,,,,,,,,,,,,,,,,,,,,,,,,,,,,,,,,,,,,,,,,,,,0.0,1.0,,,,,,,,,,,,,,,,,,,,,,,,,,,,,,,,,,,,,,,,,,,,,,,,,,,,,,,,,,,,,,,,,,,,,,,,,,,,,,,,,,,,,,,,,,,,,,,,,,,,,,,,,,,,,,,,,,,,,,,,,,,,,,,,,,,,,,,0.0,1.0,,,,,,,,,,,,,,,,,Liga FUTVE 2,Ec90yuCn
fTxJRYdm,VENEZUELA,2025,VENEZUELA 2,VENEZUELA 2,28/03/2025,23:00,Round 1,Dynamo Puerto,IRzKqzlk,Miranda,bqdjykPk,False,2,2,,,,,,[],[],,0.0,0.0,0.0,,0.0,0.0,0.0,,0.0,0.0,0.0,,0.0,0.0,,0.0,0.0,,0.0,0.0,,0.0,0.0,,0.0,0.0,,0.0,0.0,,0.0,0.0,,0.0,0.0,,0.0,0.0,,0.0,0.0,,0.0,0.0,,0.0,0.0,,0.0,0.0,,0.0,0.0,,0.0,0.0,0.0,,0.0,0.0,0.0,,0.0,0.0,0.0,,0.0,0.0,,0.0,0.0,,0.0,0.0,,0.0,0.0,0.0,0.0,0.0,0.0,0.0,0.0,0.0,,0.0,0.0,,0.0,0.0,,0.0,0.0,,0.0,,0.0,,0.0,,0.0,,0.0,,0.0,,0.0,,0.0,,0.0,,0.0,,0.0,,0.0,,0.0,,0.0,,0.0,,0.0,0.0,,0.0,0.0,,0.0,0.0,,0.0,0.0,,0.0,0.0,,0.0,0.0,,0.0,0.0,,0.0,0.0,,0.0,0.0,,0.0,0.0,,0.0,0.0,0.0,,0.0,0.0,0.0,,0.0,0.0,0.0,,0.0,0.0,0.0,,0.0,0.0,0.0,,0.0,0.0,0.0,,,,,,,,,,,,,,,,,,,,,,,,,,,,,,,,,,,,,,,,,,,,,,,,,,,,,,,,,,,,,,,,,,,,,,,,,,,,,,,,,,,,,,,,,,,,,,,,,,,,,,,,,,,,,,,,,,,,,,,,,,,,,,,,,,,,,,,,,,,,,,,,,,,,,,,,,,,,,,,,,,,,,,,,,,,,,,,,,,,,,,,,,,,,,,,,,,,,,,,,,,,,,Liga FUTVE 2,Ec90yuCn
Wl0udy8e,VENEZUELA,2025,VENEZUELA 2,VENEZUELA 2,13/04/2025,20:00,Round 3,Mineros,nHA4pAGL,Angostura,IZnAvh6K,False,0,0,,,,,,[],[],Esportivabet,2.66,1.9,4.0,Sportingbet.br,2.65,2.1,3.75,Novibet,2.15,3.05,3.3,Sportingbet.br,1.47,2.45,BetEsporte,2.95,1.25,BetEsporte,7.4,1.04,Sportingbet.br,1.4,2.7,Sportingbet.br,2.4,1.49,BetEsporte,4.9,1.09,BetEsporte,1.07,6.6,Superbet.br,1.43,2.62,Sportingbet.br,2.5,1.47,Superbet.br,4.3,1.18,BetEsporte,6.4,1.04,Superbet.br,2.05,1.7,,0.0,0.0,,0.0,0.0,Betano.br,1.29,1.31,1.65,Sportingbet.br,1.22,1.73,1.38,Sportingbet.br,1.23,1.65,1.41,Esportivabet,1.5,2.4,Betano.br,1.6,2.2,Betano.br,1.6,2.25,Novibet,3.5,14.0,41.0,5.1,4.5,7.1,31.0,15.0,5.5,Esportivabet,1.9,1.8,Sportingbet.br,2.1,1.63,BetEsporte,1.82,1.61,Betano.br,7.7,Superbet.br,5.55,Betano.br,7.1,Superbet.br,5.6,Esportivabet,8.0,Esportivabet,14.0,Esportivabet,8.0,Esportivabet,10.0,Superbet.br,15.0,Esportivabet,17.0,Esportivabet,41.0,Superbet.br,18.0,Superbet.br,32.0,Esportivabet,36.0,Superbet.br,45.0,,0.0,0.0,,0.0,0.0,,0.0,0.0,,0.0,0.0,,0.0,0.0,,0.0,0.0,,0.0,0.0,,0.0,0.0,,0.0,0.0,,0.0,0.0,BetEsporte,19.0,8.0,28.0,BetEsporte,9.6,5.4,18.0,BetEsporte,4.1,3.55,7.6,BetEsporte,1.26,4.3,1.55,BetEsporte,1.05,7.0,1.16,BetEsporte,1.01,8.4,1.03,,,,,,,,,,,,,,,,,,,,,,,,,,,,,,,,,,,,,,,,,,,,,,,,,,,,,,,,,,,,,,,,,,,,,,,,,,,,,,,,,,,,,,,,,,,,,,,,,,,,,,,,,,,,,,,,,,,,,,,,,,,,,,,,,,,,,,,,,,,,,,,,,,,,,,,,,,,,,,,,,,,,,,,,,,,,,,,,,,,,,,,,,,,,,,,,,,,,,,,,,,,,,Liga FUTVE 2,Ec90yuCn
xMDN200e,VENEZUELA,2025,VENEZUELA 2,VENEZUELA 2,19/04/2025,21:00,Round 4,Maritimo,0CATV9mo,Dynamo Puerto,IRzKqzlk,False,1,1,,,,,,[55],[31],Betano.br,2.3,1.91,5.8,Betano.br,2.05,2.22,5.3,Betano.br,1.65,3.25,5.2,Sportingbet.br,1.53,2.3,BetEsporte,3.15,1.22,BetEsporte,8.2,1.03,BetEsporte,1.32,2.5,Sportingbet.br,2.65,1.42,BetEsporte,5.4,1.07,Superbet.br,1.08,6.4,Superbet.br,1.5,2.42,Superbet.br,2.52,1.46,Superbet.br,4.35,1.18,BetEsporte,6.8,1.03,Superbet.br,2.42,1.5,,0.0,0.0,,0.0,0.0,Betano.br,1.14,1.27,2.15,Sportingbet.br,1.13,1.73,1.51,Sportingbet.br,1.15,1.55,1.65,Esportivabet,1.25,3.6,Betano.br,1.3,3.2,Betano.br,1.29,3.35,Novibet,2.8,18.0,75.0,4.0,4.5,10.25,32.0,19.0,9.25,Novibet,1.87,1.82,Sportingbet.br,2.1,1.63,BetEsporte,1.83,1.6,Betano.br,6.3,Superbet.br,4.55,Betano.br,8.25,Superbet.br,6.3,Superbet.br,5.9,Superbet.br,23.0,Esportivabet,8.0,Esportivabet,16.0,Superbet.br,23.0,Esportivabet,11.0,Betano.br,80.0,Esportivabet,16.0,Superbet.br,65.0,Superbet.br,45.0,Superbet.br,80.0,,0.0,0.0,,0.0,0.0,,0.0,0.0,Betano.br,1.88,1.72,Betano.br,1.72,1.88,,0.0,0.0,,0.0,0.0,,0.0,0.0,,0.0,0.0,,0.0,0.0,BetEsporte,15.0,7.2,40.0,BetEsporte,6.8,4.5,29.0,BetEsporte,3.05,3.1,13.0,BetEsporte,1.14,5.2,1.9,BetEsporte,1.01,7.8,1.28,BetEsporte,1.01,8.0,1.06,,,,,,,,,,,,,,,,,,,,,,,,,,,,,,,,,,,,,,,,,,,,,,,,,,,,,,,,,,,,,,,,,,,,,,,,,,,,,,,,,,,,,,,,,,,,,,,,,,,,,,,,,,,,,,,,,,,,,,,,,,,,,,,,,,,,,,,,,,,,,,,,,,,,,,,,,,,,,,,,,,,,,,,,,,,,,,,,,,,,,,,,,,,,,,,,,,,,,,,,,,,,,Liga FUTVE 2,Ec90yuCn
tfKE4MVr,VENEZUELA,2025,VENEZUELA 2,VENEZUELA 2,19/04/2025,21:00,Round 4,Angostura,IZnAvh6K,Miranda,bqdjykPk,False,0,1,,,,,,[],[57],Novibet,3.3,1.88,3.5,Betano.br,3.0,2.1,3.1,Sportingbet.br,2.5,3.1,2.5,Sportingbet.br,1.55,2.3,BetEsporte,3.2,1.21,BetEsporte,8.4,1.03,BetEsporte,1.32,2.55,Sportingbet.br,2.7,1.41,BetEsporte,5.4,1.07,Superbet.br,1.09,6.2,Superbet.br,1.52,2.37,Superbet.br,2.57,1.45,BetEsporte,4.4,1.12,BetEsporte,6.8,1.03,Superbet.br,2.17,1.62,,0.0,0.0,,0.0,0.0,Betano.br,1.37,1.35,1.47,Sportingbet.br,1.28,1.77,1.28,Sportingbet.br,1.33,1.6,1.33,Novibet,1.79,1.91,Betano.br,1.8,1.91,Betano.br,1.85,1.9,Novibet,4.33,15.0,40.0,5.6,4.0,6.0,40.0,16.0,4.55,Novibet,1.88,1.82,Sportingbet.br,2.1,1.63,BetEsporte,1.83,1.6,Betano.br,6.1,Superbet.br,5.65,Superbet.br,5.85,Superbet.br,5.6,Betano.br,9.5,Betano.br,10.0,Esportivabet,9.0,Esportivabet,9.5,Esportivabet,18.0,Esportivabet,26.0,Esportivabet,31.0,Esportivabet,26.0,Superbet.br,27.0,Superbet.br,45.0,Superbet.br,50.0,,0.0,0.0,,0.0,0.0,,0.0,0.0,,0.0,0.0,,0.0,0.0,,0.0,0.0,,0.0,0.0,,0.0,0.0,,0.0,0.0,,0.0,0.0,BetEsporte,24.0,8.4,26.0,BetEsporte,13.0,6.0,15.0,BetEsporte,5.4,3.7,6.0,BetEsporte,1.36,3.85,1.41,BetEsporte,1.08,6.4,1.1,BetEsporte,1.01,8.4,1.01,,,,,,,,,,,,,,,,,,,,,,,,,,,,,,,,,,,,,,,,,,,,,,,,,,,1.0,0.0,,,,,,,,,,,,,,,,,,,,,,,,,,,,,,,,,,,,,,,,,,,,,,,,,,,,,,,,,,,,,,,,,,,,,,,,,,,,,,,,,,,,,,,,,,,,,,,,,,,,,,,,,,,,,,,,,,,,,,,,,,,,,,,,,,,,,,,1.0,0.0,,,,,,,,,,,,,,,,,Liga FUTVE 2,Ec90yuCn
ruh6DHED,VENEZUELA,2025,VENEZUELA 2,VENEZUELA 2,20/04/2025,20:00,Round 4,Urena,x6MdZOGO,Heroes de Falcon,vRH5aOqg,False,0,0,,,,,,[],[],Novibet,2.8,2.05,3.6,Betano.br,2.52,2.4,3.15,Estrelabet,2.2,3.2,2.9,Sportingbet.br,1.4,2.7,Novibet,2.8,1.36,BetEsporte,6.2,1.06,BetEsporte,1.23,3.0,Sportingbet.br,2.2,1.6,BetEsporte,4.3,1.13,BetEsporte,1.05,8.0,Sportingbet.br,1.32,3.1,Superbet.br,2.07,1.67,Superbet.br,3.7,1.23,BetEsporte,5.4,1.07,Novibet,1.73,1.95,,0.0,0.0,,0.0,0.0,Betano.br,1.32,1.3,1.62,Sportingbet.br,1.27,1.66,1.36,Sportingbet.br,1.31,1.51,1.42,Novibet,1.6,2.2,Betano.br,1.65,2.12,Betano.br,1.7,2.12,Novibet,3.6,13.0,36.0,5.5,4.7,7.0,28.0,14.0,5.1,Estrelabet,1.9,1.8,Sportingbet.br,2.05,1.66,BetEsporte,1.8,1.63,Betano.br,9.0,Betano.br,6.6,Superbet.br,7.7,Superbet.br,5.5,Estrelabet,9.0,Estrelabet,13.0,Estrelabet,8.0,Superbet.br,9.6,Estrelabet,13.0,Estrelabet,19.0,Estrelabet,36.0,Estrelabet,16.0,Estrelabet,26.0,Estrelabet,31.0,Superbet.br,37.0,,0.0,0.0,,0.0,0.0,,0.0,0.0,,0.0,0.0,,0.0,0.0,,0.0,0.0,,0.0,0.0,,0.0,0.0,,0.0,0.0,,0.0,0.0,BetEsporte,18.0,8.0,24.0,BetEsporte,9.2,5.6,15.0,BetEsporte,4.1,3.75,6.4,BetEsporte,1.29,4.3,1.52,BetEsporte,1.07,6.8,1.16,BetEsporte,1.01,8.6,1.03,,,,,,,,,,,,,,,,,,,,,,,,,,,,,,,,,,,,,,,,,,,,,,,,,,,,,,,,,,,,,,,,,,,,,,,,,,,,,,,,,,,,,,,,,,,,,,,,,,,,,,,,,,,,,,,,,,,,,,,,,,,,,,,,,,,,,,,,,,,,,,,,,,,,,,,,,,,,,,,,,,,,,,,,,,,,,,,,,,,,,,,,,,,,,,,,,,,,,,,,,,,,,Liga FUTVE 2,Ec90yuCn
ltacFwp1,VENEZUELA,2025,VENEZUELA 2,VENEZUELA 2,20/04/2025,19:30,Round 4,El Vigia,OYcssXWF,Barquisimeto,4rp8eIDa,False,3,0,,,,,,"[20, 50, 62]",[],Novibet,3.45,1.99,3.05,Sportingbet.br,3.0,2.35,2.7,Betano.br,2.7,3.2,2.35,Sportingbet.br,1.43,2.6,Novibet,2.95,1.32,BetEsporte,6.8,1.05,BetEsporte,1.25,2.85,BetEsporte,2.21,1.5,BetEsporte,4.5,1.11,BetEsporte,1.05,7.4,Sportingbet.br,1.34,3.0,Superbet.br,2.15,1.63,Superbet.br,3.8,1.22,BetEsporte,5.8,1.05,Superbet.br,1.88,1.83,,0.0,0.0,,0.0,0.0,Betano.br,1.55,1.29,1.38,Sportingbet.br,1.33,1.68,1.28,Sportingbet.br,1.41,1.51,1.33,Estrelabet,2.05,1.7,Betano.br,1.95,1.75,Betano.br,1.98,1.78,Novibet,4.5,14.5,32.0,6.5,4.65,5.5,36.0,14.0,4.0,Estrelabet,1.9,1.8,Sportingbet.br,2.1,1.65,BetEsporte,1.81,1.62,Betano.br,8.25,Superbet.br,7.0,Superbet.br,6.4,Superbet.br,5.5,Superbet.br,11.0,Estrelabet,9.5,Estrelabet,9.0,Estrelabet,8.5,Superbet.br,13.0,Estrelabet,31.0,Superbet.br,22.0,Superbet.br,23.0,Superbet.br,19.0,Superbet.br,36.0,Superbet.br,33.0,,0.0,0.0,,0.0,0.0,,0.0,0.0,,0.0,0.0,,0.0,0.0,,0.0,0.0,,0.0,0.0,,0.0,0.0,,0.0,0.0,,0.0,0.0,BetEsporte,23.0,8.4,20.0,BetEsporte,14.0,6.4,11.0,BetEsporte,5.8,4.1,4.8,BetEsporte,1.44,3.85,1.34,BetEsporte,1.13,6.0,1.08,BetEsporte,1.02,8.2,1.01,,,,,,,,,,,,,,,,,,,,,,,,,,,,,,,,,,,,,,,,,,,,,,,,,,,2.0,0.0,,,,,,,,,,,,,,,,,,,,,,,,,,,,,,,,,,,,,,,,,,,,,,,,,,,,,,,,,,,,,,,,,,,,,,,,,,,,,,,,,,,,,,,,,,,,,,,,,,,,,,,,,,,,,,,,,,,,,,,,,,,,,,,,,,,,,,,2.0,0.0,,,,,,,,,,,,,,,,,Liga FUTVE 2,Ec90yuCn
UoTYYLSE,VENEZUELA,2025,VENEZUELA 2,VENEZUELA 2,14/05/2025,19:30,Round 8,El Vigia,OYcssXWF,Trujillanos,ddwscmEO,False,1,0,,,,,,[13],[],Novibet,2.85,1.96,3.8,Novibet,2.55,2.3,3.35,Betboom.br,2.25,3.41,2.8,Superbet.br,1.35,2.9,Superbet.br,2.85,1.38,Superbet.br,7.0,1.07,,0.0,0.0,Sportingbet.br,2.3,1.53,,0.0,0.0,,0.0,0.0,Superbet.br,1.33,3.0,Estrelabet,2.1,1.6,Superbet.br,3.6,1.25,,0.0,0.0,Novibet,2.01,1.68,Superbet.br,4.3,1.18,,0.0,0.0,Betano.br,1.4,1.28,1.62,Sportingbet.br,1.27,1.7,1.34,Sportingbet.br,1.31,1.53,1.4,Novibet,1.58,2.25,Novibet,1.61,2.1,Betano.br,1.7,2.07,Novibet,3.6,15.0,36.0,5.4,4.9,6.6,31.0,15.0,5.5,Sportingbet.br,1.87,1.82,Sportingbet.br,2.05,1.66,,0.0,0.0,Betano.br,9.0,Betano.br,6.3,Betano.br,7.2,Superbet.br,5.75,Betano.br,8.75,Estrelabet,12.0,Superbet.br,8.1,Estrelabet,9.5,Estrelabet,14.0,Estrelabet,20.0,Superbet.br,32.0,Estrelabet,18.0,Estrelabet,26.0,Superbet.br,33.0,Estrelabet,41.0,,0.0,0.0,,0.0,0.0,,0.0,0.0,Betboom.br,3.42,1.24,Betano.br,1.88,1.72,,0.0,0.0,Betboom.br,1.27,3.22,,0.0,0.0,,0.0,0.0,,0.0,0.0,,0.0,0.0,0.0,,0.0,0.0,0.0,,0.0,0.0,0.0,,0.0,0.0,0.0,,0.0,0.0,0.0,,0.0,0.0,0.0,,,,,,,,,,,,,,,,,,,,,,,,,,,,,,,,,,,,,,,,,,,,,,,,,,,,,,,,,,,,,,,,,,,,,,,,,,,,,,,,,,,,,,,,,,,,,,,,,,,,,,,,,,,,,,,,,,,,,,,,,,,,,,,,,,,,,,,,,,,,,,,,,,,,,,,,,,,,,,,,,,,,,,,,,,,,,,,,,,,,,,,,,,,,,,,,,,,,,,,,,,,,,Liga FUTVE 2,Ec90yuCn
dflBh213,VENEZUELA,2025,VENEZUELA 2,VENEZUELA 2,06/04/2025,19:30,Round 2,El Vigia,OYcssXWF,Puerto Cabello B,jmA1Pu7j,False,3,0,,,,,,"[17, 77, 89]",[],Esportivabet,4.0,1.86,2.75,Superbet.br,3.6,2.25,2.55,BetEsporte,3.25,3.05,2.13,Sportingbet.br,1.51,2.37,Superbet.br,3.6,1.25,Superbet.br,10.0,1.03,BetEsporte,1.29,2.65,Sportingbet.br,2.5,1.46,BetEsporte,5.0,1.09,BetEsporte,1.07,6.4,Superbet.br,1.43,2.62,Superbet.br,2.35,1.53,Superbet.br,4.4,1.17,BetEsporte,6.4,1.04,Superbet.br,2.05,1.68,Superbet.br,5.75,1.1,,0.0,0.0,Sportingbet.br,1.63,1.34,1.3,Sportingbet.br,1.36,1.77,1.22,Sportingbet.br,1.44,1.58,1.25,Esportivabet,2.28,1.55,Superbet.br,2.1,1.55,Superbet.br,2.15,1.53,Esportivabet,5.33,15.0,31.0,6.5,4.0,4.75,41.0,14.0,3.25,Esportivabet,1.9,1.8,Sportingbet.br,2.15,1.61,BetEsporte,1.83,1.61,Superbet.br,6.7,Esportivabet,6.66,Superbet.br,5.65,Superbet.br,5.7,Esportivabet,14.0,Superbet.br,8.2,Esportivabet,11.0,Superbet.br,8.2,Esportivabet,16.0,Esportivabet,41.0,Superbet.br,19.0,Esportivabet,31.0,Esportivabet,19.0,Superbet.br,45.0,Superbet.br,38.0,,0.0,0.0,,0.0,0.0,,0.0,0.0,,0.0,0.0,,0.0,0.0,,0.0,0.0,,0.0,0.0,,0.0,0.0,,0.0,0.0,,0.0,0.0,BetEsporte,28.0,8.4,19.0,BetEsporte,18.0,7.0,9.8,BetEsporte,7.6,4.3,4.2,BetEsporte,1.54,3.55,1.26,BetEsporte,1.16,5.4,1.05,BetEsporte,1.03,8.0,1.01,,,,,,,,,,,,,,,,,,,,,,,,,,,,,,,,,,,,,,,,,,,,,,,,,,,,,,,,,,,,,,,,,,,,,,,,,,,,,,,,,,,,,,,,,,,,,,,,,,,,,,,,,,,,,,,,,,,,,,,,,,,,,,,,,,,,,,,,,,,,,,,,,,,,,,,,,,,,,,,,,,,,,,,,,,,,,,,,,,,,,,,,,,,,,,,,,,,,,,,,,,,,,Liga FUTVE 2,Ec90yuCn
2gtRPCRa,VENEZUELA,2025,VENEZUELA 2,VENEZUELA 2,29/03/2025,21:00,Round 1,Angostura,IZnAvh6K,Monagas B,z1jpHUsI,False,0,1,,,,,,[],[52],Esportivabet,4.75,1.18,11.0,Sportingbet.br,1.93,2.45,5.25,Esportivabet,1.92,2.36,5.66,Esportivabet,3.5,1.22,,0.0,0.0,,0.0,0.0,,0.0,0.0,Sportingbet.br,2.25,1.55,,0.0,0.0,Estrelabet,1.2,3.66,Sportingbet.br,1.35,2.9,Esportivabet,3.5,1.22,,0.0,0.0,,0.0,0.0,,0.0,0.0,,0.0,0.0,,0.0,0.0,Sportingbet.br,1.14,1.25,2.25,Sportingbet.br,1.13,1.63,1.61,Sportingbet.br,1.14,1.49,1.75,Estrelabet,1.25,3.25,Estrelabet,1.33,2.83,,0.0,0.0,Esportivabet,13.0,51.0,51.0,3.1,3.8,8.0,51.0,51.0,41.0,Esportivabet,1.95,1.7,Sportingbet.br,2.05,1.66,,0.0,0.0,Estrelabet,5.33,Estrelabet,3.75,Estrelabet,7.5,Esportivabet,6.33,Estrelabet,5.33,Esportivabet,26.0,Esportivabet,13.0,Esportivabet,26.0,Esportivabet,41.0,Esportivabet,17.0,Estrelabet,41.0,Esportivabet,41.0,Estrelabet,41.0,Estrelabet,41.0,Estrelabet,41.0,,0.0,0.0,,0.0,0.0,,0.0,0.0,,0.0,0.0,Esportivabet,1.92,1.66,Estrelabet,2.0,1.62,,0.0,0.0,,0.0,0.0,,0.0,0.0,,0.0,0.0,,0.0,0.0,0.0,,0.0,0.0,0.0,,0.0,0.0,0.0,,0.0,0.0,0.0,,0.0,0.0,0.0,,0.0,0.0,0.0,,,,,,,,,,,,,,,,,,,,,,,,,,,,,,,,,,,,,,,,,,,,,,,,,,,,,,,,,,,,,,,,,,,,,,,,,,,,,,,,,,,,,,,,,,,,,,,,,,,,,,,,,,,,,,,,,,,,,,,,,,,,,,,,,,,,,,,,,,,,,,,,,,,,,,,,,,,,,,,,,,,,,,,,,,,,,,,,,,,,,,,,,,,,,,,,,,,,,,,,,,,,,Liga FUTVE 2,Ec90yuCn
bJpSlK0S,VENEZUELA,2025,VENEZUELA 2,VENEZUELA 2,11/04/2025,23:00,Round 3,Dynamo Puerto,IRzKqzlk,Aragua,CbfwrDH9,False,1,0,,,,,,[1],[],Sportingbet.br,2.55,2.0,4.4,Sportingbet.br,2.25,2.3,4.0,Esportivabet,1.88,3.14,3.8,Betano.br,1.36,2.72,Novibet,2.8,1.36,Betano.br,6.2,1.07,BetEsporte,1.22,3.05,Sportingbet.br,2.3,1.53,BetEsporte,4.2,1.14,BetEsporte,1.04,8.6,Superbet.br,1.34,3.0,Esportivabet,2.1,1.6,Superbet.br,3.65,1.24,BetEsporte,5.2,1.08,Superbet.br,1.92,1.78,,0.0,0.0,,0.0,0.0,Sportingbet.br,1.23,1.31,1.82,Sportingbet.br,1.18,1.7,1.44,Sportingbet.br,1.21,1.53,1.55,Esportivabet,1.4,2.71,Novibet,1.51,2.35,Betano.br,1.6,2.27,Betano.br,3.2,14.0,41.0,5.2,5.0,8.0,27.0,15.0,6.33,Esportivabet,1.9,1.8,Sportingbet.br,2.1,1.63,BetEsporte,1.79,1.63,Betano.br,9.0,Betano.br,6.1,Esportivabet,8.5,Superbet.br,5.7,Betano.br,8.25,Esportivabet,17.0,Esportivabet,7.5,Esportivabet,12.0,Esportivabet,14.0,Estrelabet,16.0,Superbet.br,50.0,Esportivabet,15.0,Esportivabet,36.0,Esportivabet,31.0,Superbet.br,45.0,,0.0,0.0,,0.0,0.0,,0.0,0.0,,0.0,0.0,Betano.br,1.8,1.8,,0.0,0.0,,0.0,0.0,,0.0,0.0,,0.0,0.0,,0.0,0.0,BetEsporte,15.0,7.6,27.0,BetEsporte,7.4,5.0,17.0,BetEsporte,3.45,3.6,7.8,BetEsporte,1.23,4.7,1.66,BetEsporte,1.05,7.4,1.22,BetEsporte,1.01,8.6,1.05,,,,,,,,,,,,,,,,,,,,,,,,,,,,,,,,,,,,,,,,,,,,,,,,,,,,,,,,,,,,,,,,,,,,,,,,,,,,,,,,,,,,,,,,,,,,,,,,,,,,,,,,,,,,,,,,,,,,,,,,,,,,,,,,,,,,,,,,,,,,,,,,,,,,,,,,,,,,,,,,,,,,,,,,,,,,,,,,,,,,,,,,,,,,,,,,,,,,,,,,,,,,,Liga FUTVE 2,Ec90yuCn
drKIMLiR,VENEZUELA,2025,VENEZUELA 2,VENEZUELA 2,19/04/2025,15:30,Round 4,Frontera,4AqkWAQI,Puerto Cabello B,jmA1Pu7j,False,0,0,,,,,,[],[],Estrelabet,6.66,1.13,9.5,Betano.br,2.32,2.3,3.8,Estrelabet,7.7,1.08,12.0,Estrelabet,5.0,1.11,Betano.br,2.95,1.31,Betano.br,7.0,1.05,BetEsporte,1.26,2.85,Sportingbet.br,2.35,1.52,BetEsporte,4.6,1.11,BetEsporte,1.06,7.4,Estrelabet,6.0,1.06,Estrelabet,3.66,1.2,Superbet.br,4.0,1.21,BetEsporte,6.0,1.05,Superbet.br,2.0,1.72,,0.0,0.0,,0.0,0.0,Estrelabet,1.02,4.7,1.05,Sportingbet.br,1.2,1.68,1.44,Sportingbet.br,1.22,1.53,1.53,Esportivabet,1.36,2.66,Betano.br,1.5,2.4,Betano.br,1.5,2.5,Estrelabet,12.0,46.0,51.0,4.7,4.5,8.5,51.0,46.0,19.0,Estrelabet,5.1,1.12,Sportingbet.br,2.05,1.65,BetEsporte,1.8,1.62,Betano.br,8.0,Betano.br,6.3,Betano.br,9.25,Estrelabet,14.0,Estrelabet,17.0,Estrelabet,41.0,Estrelabet,41.0,Estrelabet,41.0,Estrelabet,41.0,Estrelabet,41.0,Betano.br,55.0,Estrelabet,41.0,Estrelabet,41.0,Estrelabet,41.0,Betano.br,50.0,,0.0,0.0,,0.0,0.0,,0.0,0.0,,0.0,0.0,Estrelabet,5.33,1.0,,0.0,0.0,,0.0,0.0,,0.0,0.0,,0.0,0.0,,0.0,0.0,BetEsporte,19.0,8.2,26.0,BetEsporte,10.0,5.6,15.0,Estrelabet,10.0,5.0,0.0,BetEsporte,1.3,4.2,1.51,BetEsporte,1.07,6.8,1.15,BetEsporte,1.01,8.4,1.03,,,,,,,,,,,,,,,,,,,,,,,,,,,,,,,,,,,,,,,,,,,,,,,,,,,0.0,1.0,,,,,,,,,,,,,,,,,,,,,,,,,,,,,,,,,,,,,,,,,,,,,,,,,,,,,,,,,,,,,,,,,,,,,,,,,,,,,,,,,,,,,,,,,,,,,,,,,,,,,,,,,,,,,,,,,,,,,,,,,,,,,,,,,,,,,,,0.0,1.0,,,,,,,,,,,,,,,,,Liga FUTVE 2,Ec90yuCn
IqVsikQb,VENEZUELA,2025,VENEZUELA 2,VENEZUELA 2,05/04/2025,21:00,Round 2,Maritimo,0CATV9mo,Mineros,nHA4pAGL,False,2,0,,,,,,"[12, 52]",[],Betano.br,2.65,1.85,4.65,Betano.br,2.32,2.18,4.15,Betano.br,1.91,3.0,3.9,Sportingbet.br,1.55,2.25,BetEsporte,3.2,1.21,BetEsporte,8.4,1.03,BetEsporte,1.32,2.5,Sportingbet.br,2.65,1.42,BetEsporte,5.4,1.07,Superbet.br,1.09,6.2,Superbet.br,1.52,2.37,Superbet.br,2.57,1.45,Superbet.br,4.7,1.15,BetEsporte,7.0,1.03,Superbet.br,2.27,1.56,,0.0,0.0,,0.0,0.0,Betano.br,1.21,1.31,1.82,Sportingbet.br,1.18,1.78,1.4,Sportingbet.br,1.21,1.58,1.51,Estrelabet,1.4,2.71,Betano.br,1.45,2.55,Betano.br,1.45,2.62,Novibet,3.25,18.0,55.0,4.75,4.33,8.0,41.0,18.0,6.8,Superbet.br,1.83,1.87,Sportingbet.br,2.15,1.62,BetEsporte,1.83,1.6,Betano.br,6.1,Superbet.br,4.9,Superbet.br,6.9,Superbet.br,5.85,Superbet.br,6.9,Estrelabet,16.0,Superbet.br,8.2,Estrelabet,12.0,Estrelabet,20.0,Esportivabet,16.0,Superbet.br,55.0,Esportivabet,19.0,Superbet.br,45.0,Superbet.br,45.0,Superbet.br,65.0,,0.0,0.0,,0.0,0.0,,0.0,0.0,,0.0,0.0,Esportivabet,1.96,1.63,,0.0,0.0,,0.0,0.0,,0.0,0.0,,0.0,0.0,,0.0,0.0,BetEsporte,19.0,7.8,35.0,BetEsporte,9.0,5.0,23.0,BetEsporte,3.8,3.25,9.6,BetEsporte,1.21,4.5,1.66,BetEsporte,1.03,7.4,1.19,BetEsporte,1.01,8.2,1.03,,,,,,,,,,,,,,,,,,,,,,,,,,,,,,,,,,,,,,,,,,,,,,,,,,,,,,,,,,,,,,,,,,,,,,,,,,,,,,,,,,,,,,,,,,,,,,,,,,,,,,,,,,,,,,,,,,,,,,,,,,,,,,,,,,,,,,,,,,,,,,,,,,,,,,,,,,,,,,,,,,,,,,,,,,,,,,,,,,,,,,,,,,,,,,,,,,,,,,,,,,,,,Liga FUTVE 2,Ec90yuCn
WhdPY7AU,VENEZUELA,2025,VENEZUELA 2,VENEZUELA 2,05/04/2025,19:30,Round 2,Titanes,6eug9B26,Urena,x6MdZOGO,False,1,1,,,,,,[79],[1],Betano.br,2.15,2.2,4.75,Betano.br,1.95,2.72,4.0,Betano.br,1.65,3.4,4.7,BetEsporte,1.23,3.2,Sportingbet.br,2.37,1.5,BetEsporte,4.4,1.12,BetEsporte,1.15,3.75,Sportingbet.br,1.85,1.83,BetEsporte,3.25,1.23,BetEsporte,1.02,12.0,Superbet.br,1.16,4.55,Superbet.br,1.59,2.22,Sportingbet.br,2.55,1.44,BetEsporte,3.75,1.17,Superbet.br,1.52,2.37,,0.0,0.0,,0.0,0.0,Betano.br,1.16,1.25,2.15,Sportingbet.br,1.19,1.61,1.51,Sportingbet.br,1.22,1.43,1.65,Betano.br,1.25,3.2,Betano.br,1.35,2.95,Betano.br,1.38,2.87,Esportivabet,2.71,15.0,41.0,4.33,5.6,10.0,26.0,15.0,8.5,Superbet.br,1.97,1.75,Sportingbet.br,2.05,1.66,BetEsporte,1.77,1.65,Betano.br,14.5,Betano.br,8.5,Betano.br,14.5,Betano.br,6.4,Betano.br,9.0,Betano.br,27.0,Superbet.br,7.2,Betano.br,12.5,Esportivabet,14.0,Esportivabet,14.0,Betano.br,70.0,Esportivabet,13.0,Betano.br,32.0,Esportivabet,26.0,Esportivabet,41.0,,0.0,0.0,,0.0,0.0,,0.0,0.0,,0.0,0.0,Betano.br,1.72,1.9,,0.0,0.0,,0.0,0.0,,0.0,0.0,,0.0,0.0,,0.0,0.0,BetEsporte,11.0,7.2,24.0,BetEsporte,5.4,5.0,16.0,BetEsporte,2.9,3.95,8.0,BetEsporte,1.19,5.4,1.74,BetEsporte,1.04,7.8,1.3,BetEsporte,1.01,8.8,1.09,,,,,,,,,,,,,,,,,,,,,,,,,,,,,,,,,,,,,,,,,,,,,,,,,,,,,,,,,,,,,,,,,,,,,,,,,,,,,,,,,,,,,,,,,,,,,,,,,,,,,,,,,,,,,,,,,,,,,,,,,,,,,,,,,,,,,,,,,,,,,,,,,,,,,,,,,,,,,,,,,,,,,,,,,,,,,,,,,,,,,,,,,,,,,,,,,,,,,,,,,,,,,Liga FUTVE 2,Ec90yuCn
4KiJjtWF,VENEZUELA,2025,VENEZUELA 2,VENEZUELA 2,06/04/2025,20:00,Round 2,Heroes de Falcon,vRH5aOqg,Trujillanos,ddwscmEO,False,1,2,,,,,,[37],"[39, 43]",Betano.br,4.55,2.0,2.45,BetEsporte,3.7,2.09,2.33,BetEsporte,4.1,2.65,2.05,Novibet,1.43,2.5,BetEsporte,2.8,1.27,BetEsporte,7.0,1.04,BetEsporte,1.31,2.6,BetEsporte,2.37,1.43,BetEsporte,4.9,1.09,Novibet,1.06,6.8,Novibet,1.35,2.85,Sportingbet.br,2.37,1.51,Superbet.br,4.15,1.19,BetEsporte,6.2,1.04,Superbet.br,1.95,1.76,,0.0,0.0,,0.0,0.0,Betano.br,1.75,1.34,1.22,Novibet,1.42,1.67,1.2,BetEsporte,1.35,1.42,1.17,Novibet,2.65,1.42,Betano.br,2.65,1.42,Betano.br,2.3,1.57,Betano.br,6.7,16.0,32.0,8.5,4.5,4.5,55.0,16.0,3.33,Superbet.br,2.02,1.71,Sportingbet.br,2.1,1.63,BetEsporte,1.86,1.58,Betano.br,7.0,Superbet.br,8.7,Superbet.br,5.65,Betano.br,5.0,Superbet.br,17.0,Estrelabet,8.0,Superbet.br,13.0,Estrelabet,8.0,Estrelabet,16.0,Betano.br,50.0,Estrelabet,18.0,Superbet.br,39.0,Estrelabet,19.0,Superbet.br,55.0,Estrelabet,41.0,,0.0,0.0,,0.0,0.0,,0.0,0.0,,0.0,0.0,,0.0,0.0,Betano.br,1.7,1.93,,0.0,0.0,,0.0,0.0,,0.0,0.0,,0.0,0.0,BetEsporte,30.0,8.4,16.0,BetEsporte,21.0,7.6,8.2,BetEsporte,9.6,5.0,3.75,BetEsporte,1.58,3.7,1.18,BetEsporte,1.19,5.4,1.03,BetEsporte,1.04,7.8,1.01,,,,,,,,,,,,,,,,,,,,,,,,,,,,,,,,,,,,,,,,,,,,,,,,,,,,,,,,,,,,,,,,,,,,,,,,,,,,,,,,,,,,,,,,,,,,,,,,,,,,,,,,,,,,,,,,,,,,,,,,,,,,,,,,,,,,,,,,,,,,,,,,,,,,,,,,,,,,,,,,,,,,,,,,,,,,,,,,,,,,,,,,,,,,,,,,,,,,,,,,,,,,,Liga FUTVE 2,Ec90yuCn
zN6Wccwq,VENEZUELA,2025,VENEZUELA 2,VENEZUELA 2,10/04/2025,19:30,Round 3,Puerto Cabello B,jmA1Pu7j,Urena,x6MdZOGO,False,1,1,,,,,,[61],[54],Sportingbet.br,2.25,2.1,5.0,Sportingbet.br,1.95,2.5,4.6,Sportingbet.br,1.62,3.4,4.6,Esportivabet,1.36,2.66,Betano.br,3.35,1.25,Betano.br,7.5,1.03,BetEsporte,1.22,3.05,BetEsporte,2.07,1.57,BetEsporte,4.1,1.14,BetEsporte,1.04,8.4,Sportingbet.br,1.3,3.2,Betano.br,2.3,1.47,Betano.br,4.2,1.15,BetEsporte,5.2,1.08,Superbet.br,1.97,1.74,,0.0,0.0,,0.0,0.0,Sportingbet.br,1.16,1.27,2.1,Betano.br,1.17,1.72,1.4,Sportingbet.br,1.16,1.46,1.73,Esportivabet,1.3,3.1,Betano.br,1.44,2.57,Betano.br,1.42,2.72,Betano.br,3.0,15.5,55.0,4.3,4.75,9.0,30.0,16.0,8.0,Superbet.br,1.9,1.82,Sportingbet.br,2.1,1.65,BetEsporte,1.8,1.63,Esportivabet,8.0,Betano.br,5.5,Esportivabet,10.0,Betano.br,6.3,Betano.br,7.7,Betano.br,21.0,Betano.br,9.0,Betano.br,14.5,Betano.br,19.0,Betano.br,15.5,Betano.br,70.0,Betano.br,18.0,Betano.br,50.0,Betano.br,40.0,Betano.br,65.0,,0.0,0.0,,0.0,0.0,,0.0,0.0,,0.0,0.0,Betano.br,1.8,1.8,,0.0,0.0,,0.0,0.0,,0.0,0.0,,0.0,0.0,,0.0,0.0,BetEsporte,13.0,7.2,29.0,BetEsporte,6.2,4.8,20.0,BetEsporte,3.0,3.55,9.6,BetEsporte,1.17,5.2,1.79,BetEsporte,1.03,7.8,1.29,BetEsporte,1.01,8.4,1.08,,,,,,,,,,,,,,,,,,,,,,,,,,,,,,,,,,,,,,,,,,,,,,,,,,,,,,,,,,,,,,,,,,,,,,,,,,,,,,,,,,,,,,,,,,,,,,,,,,,,,,,,,,,,,,,,,,,,,,,,,,,,,,,,,,,,,,,,,,,,,,,,,,,,,,,,,,,,,,,,,,,,,,,,,,,,,,,,,,,,,,,,,,,,,,,,,,,,,,,,,,,,,Liga FUTVE 2,Ec90yuCn
IVk9xjB5,VENEZUELA,2025,VENEZUELA 2,VENEZUELA 2,30/03/2025,20:00,Round 1,Mineros,nHA4pAGL,Bolivar,KpRwCxzH,False,2,0,,,,,,"[18, 86]",[],Esportivabet,1.03,7.0,31.0,Sportingbet.br,1.95,2.5,4.75,Esportivabet,1.0,31.0,51.0,Sportingbet.br,1.42,2.65,Esportivabet,4.5,1.14,,0.0,0.0,,0.0,0.0,Sportingbet.br,2.15,1.62,,0.0,0.0,,0.0,0.0,Sportingbet.br,1.33,3.1,Esportivabet,3.5,1.22,Esportivabet,3.5,1.22,,0.0,0.0,,0.0,0.0,,0.0,0.0,,0.0,0.0,Esportivabet,1.0,1.0,8.5,Sportingbet.br,1.15,1.63,1.57,Sportingbet.br,1.16,1.46,1.73,Esportivabet,1.01,10.0,Betano.br,1.36,2.9,Betano.br,1.35,3.05,Betano.br,2.5,15.5,55.0,41.0,46.0,51.0,51.0,51.0,51.0,Esportivabet,4.1,1.18,Sportingbet.br,2.05,1.66,,0.0,0.0,Betano.br,9.0,Betano.br,5.3,Betano.br,9.25,Betano.br,6.1,Betano.br,6.2,Esportivabet,21.0,Esportivabet,11.0,Esportivabet,26.0,Esportivabet,41.0,Esportivabet,15.0,Betano.br,55.0,Esportivabet,41.0,Esportivabet,41.0,Esportivabet,41.0,Esportivabet,41.0,Esportivabet,5.33,1.1,,0.0,0.0,Esportivabet,4.25,1.15,Betano.br,1.83,1.78,Esportivabet,1.69,1.88,,0.0,0.0,,0.0,0.0,,0.0,0.0,,0.0,0.0,,0.0,0.0,,0.0,0.0,0.0,,0.0,0.0,0.0,,0.0,0.0,0.0,,0.0,0.0,0.0,,0.0,0.0,0.0,,0.0,0.0,0.0,,,,,,,,,,,,,,,,,,,,,,,,,,,,,,,,,,,,,,,,,,,,,,,,,,,,,,,,,,,,,,,,,,,,,,,,,,,,,,,,,,,,,,,,,,,,,,,,,,,,,,,,,,,,,,,,,,,,,,,,,,,,,,,,,,,,,,,,,,,,,,,,,,,,,,,,,,,,,,,,,,,,,,,,,,,,,,,,,,,,,,,,,,,,,,,,,,,,,,,,,,,,,Liga FUTVE 2,Ec90yuCn
Aw8GzUuI,VENEZUELA,2025,VENEZUELA 2,VENEZUELA 2,30/03/2025,20:00,Round 1,Aragua,CbfwrDH9,Maritimo,0CATV9mo,False,1,1,,,,,,[7],[90],Esportivabet,1.05,5.66,31.0,Sportingbet.br,2.95,2.15,3.2,Esportivabet,1.1,5.33,51.0,Sportingbet.br,1.49,2.45,Esportivabet,5.5,1.08,,0.0,0.0,,0.0,0.0,Sportingbet.br,2.75,1.39,,0.0,0.0,,0.0,0.0,Esportivabet,3.5,1.22,Esportivabet,6.0,1.06,Esportivabet,3.66,1.2,,0.0,0.0,,0.0,0.0,,0.0,0.0,,0.0,0.0,Esportivabet,1.0,1.07,4.75,Sportingbet.br,1.28,1.71,1.32,Sportingbet.br,1.31,1.61,1.35,Esportivabet,1.0,10.0,Esportivabet,1.0,10.0,Betano.br,1.82,1.91,Estrelabet,5.0,18.0,46.0,46.0,21.0,26.0,51.0,51.0,51.0,Esportivabet,1.18,3.8,Sportingbet.br,2.05,1.66,,0.0,0.0,Betano.br,7.7,Betano.br,5.9,Betano.br,6.2,Betano.br,5.4,Estrelabet,11.0,Betano.br,10.0,Esportivabet,14.0,Esportivabet,17.0,Esportivabet,41.0,Esportivabet,41.0,Betano.br,22.0,Esportivabet,41.0,Esportivabet,41.0,Esportivabet,41.0,Esportivabet,41.0,,0.0,0.0,,0.0,0.0,,0.0,0.0,,0.0,0.0,Esportivabet,1.1,4.75,Esportivabet,1.42,2.37,,0.0,0.0,,0.0,0.0,,0.0,0.0,,0.0,0.0,,0.0,0.0,0.0,,0.0,0.0,0.0,,0.0,0.0,0.0,,0.0,0.0,0.0,,0.0,0.0,0.0,,0.0,0.0,0.0,,,,,,,,,,,,,,,,,,,,,,,,,,,,,,,,,,,,,,,,,,,,,,,,,,,,,,,,,,,,,,,,,,,,,,,,,,,,,,,,,,,,,,,,,,,,,,,,,,,,,,,,,,,,,,,,,,,,,,,,,,,,,,,,,,,,,,,,,,,,,,,,,,,,,,,,,,,,,,,,,,,,,,,,,,,,,,,,,,,,,,,,,,,,,,,,,,,,,,,,,,,,,Liga FUTVE 2,Ec90yuCn
jHP6sxg2,VENEZUELA,2025,VENEZUELA 2,VENEZUELA 2,12/04/2025,21:00,Round 3,Barquisimeto,4rp8eIDa,Trujillanos,ddwscmEO,False,2,1,,,,,,"[6, 82]",[84],Sportingbet.br,3.6,1.93,3.1,Betano.br,3.2,2.27,2.65,Superbet.br,3.1,2.77,2.42,Novibet,1.47,2.45,BetEsporte,2.85,1.26,BetEsporte,7.0,1.04,BetEsporte,1.27,2.75,Sportingbet.br,2.35,1.51,BetEsporte,4.8,1.1,BetEsporte,1.06,6.8,Sportingbet.br,1.41,2.65,Superbet.br,2.67,1.42,Superbet.br,4.1,1.2,BetEsporte,6.2,1.05,Superbet.br,2.17,1.62,,0.0,0.0,,0.0,0.0,Betano.br,1.57,1.32,1.34,Sportingbet.br,1.32,1.77,1.25,Sportingbet.br,1.4,1.55,1.3,Esportivabet,2.1,1.66,Betano.br,2.0,1.72,Betano.br,2.07,1.7,Betano.br,5.0,14.0,31.0,6.5,4.5,5.5,37.0,14.5,3.85,Superbet.br,1.95,1.76,Sportingbet.br,2.15,1.61,BetEsporte,1.82,1.61,Betano.br,7.6,Betano.br,6.8,Betano.br,5.8,Betano.br,5.2,Esportivabet,12.0,Esportivabet,9.0,Superbet.br,11.0,Superbet.br,8.8,Superbet.br,16.0,Superbet.br,36.0,Superbet.br,23.0,Superbet.br,33.0,Superbet.br,24.0,Superbet.br,55.0,Superbet.br,45.0,,0.0,0.0,,0.0,0.0,,0.0,0.0,,0.0,0.0,,0.0,0.0,,0.0,0.0,,0.0,0.0,,0.0,0.0,,0.0,0.0,,0.0,0.0,BetEsporte,25.0,8.4,21.0,BetEsporte,15.0,6.6,11.0,BetEsporte,6.4,4.2,4.7,BetEsporte,1.46,3.75,1.31,BetEsporte,1.13,5.8,1.07,BetEsporte,1.02,8.2,1.01,,,,,,,,,,,,,,,,,,,,,,,,,,,,,,,,,,,,,,,,,,,,,,,,,,,,,,,,,,,,,,,,,,,,,,,,,,,,,,,,,,,,,,,,,,,,,,,,,,,,,,,,,,,,,,,,,,,,,,,,,,,,,,,,,,,,,,,,,,,,,,,,,,,,,,,,,,,,,,,,,,,,,,,,,,,,,,,,,,,,,,,,,,,,,,,,,,,,,,,,,,,,,Liga FUTVE 2,Ec90yuCn
jcTkkTfB,VENEZUELA,2025,VENEZUELA 2,VENEZUELA 2,06/04/2025,19:00,Round 2,Bolivar,KpRwCxzH,Angostura,IZnAvh6K,False,1,1,,,,,,[37],[42],Esportivabet,3.6,1.81,3.1,Betano.br,3.35,2.05,2.9,Esportivabet,2.8,3.14,2.3,Betano.br,1.45,2.45,BetEsporte,3.15,1.21,BetEsporte,8.2,1.03,Sportingbet.br,1.4,2.7,Sportingbet.br,2.7,1.4,BetEsporte,5.2,1.07,Superbet.br,1.08,6.4,Superbet.br,1.5,2.42,Sportingbet.br,2.55,1.46,Superbet.br,4.65,1.16,BetEsporte,6.8,1.03,Superbet.br,2.12,1.64,,0.0,0.0,,0.0,0.0,Betano.br,1.55,1.32,1.35,Sportingbet.br,1.32,1.73,1.27,Sportingbet.br,1.34,1.65,1.29,Esportivabet,2.05,1.7,Betano.br,2.0,1.72,Betano.br,2.02,1.75,Esportivabet,4.75,16.0,40.0,6.6,4.05,5.7,45.0,16.0,3.75,Sportingbet.br,1.87,1.82,Sportingbet.br,2.1,1.63,BetEsporte,1.83,1.6,Betano.br,6.6,Betano.br,6.7,Betano.br,6.0,Betano.br,6.1,Betano.br,13.0,Betano.br,10.25,Betano.br,11.5,Betano.br,10.25,Betano.br,19.5,Betano.br,35.0,Betano.br,25.0,Betano.br,32.0,Betano.br,25.0,Betano.br,55.0,Betano.br,50.0,,0.0,0.0,,0.0,0.0,,0.0,0.0,,0.0,0.0,,0.0,0.0,Betano.br,1.72,1.88,,0.0,0.0,,0.0,0.0,,0.0,0.0,,0.0,0.0,BetEsporte,26.0,8.4,23.0,BetEsporte,15.0,6.4,13.0,BetEsporte,6.2,3.9,5.2,Betano.br,1.55,3.75,0.0,BetEsporte,1.11,6.0,1.07,BetEsporte,1.01,8.2,1.01,,,,,,,,,,,,,,,,,,,,,,,,,,,,,,,,,,,,,,,,,,,,,,,,,,,,,,,,,,,,,,,,,,,,,,,,,,,,,,,,,,,,,,,,,,,,,,,,,,,,,,,,,,,,,,,,,,,,,,,,,,,,,,,,,,,,,,,,,,,,,,,,,,,,,,,,,,,,,,,,,,,,,,,,,,,,,,,,,,,,,,,,,,,,,,,,,,,,,,,,,,,,,Liga FUTVE 2,Ec90yuCn
fkWcqbOk,VENEZUELA,2025,VENEZUELA 2,VENEZUELA 2,12/04/2025,19:30,Round 3,Titanes,6eug9B26,Frontera,4AqkWAQI,False,2,1,,,,,,"[9, 28]",[79],Esportivabet,2.2,2.16,4.25,Sportingbet.br,2.1,2.55,3.9,BetEsporte,1.74,3.55,3.95,BetEsporte,1.3,2.8,Esportivabet,2.54,1.4,BetEsporte,5.2,1.08,BetEsporte,1.19,3.35,BetEsporte,1.93,1.66,BetEsporte,3.75,1.17,BetEsporte,1.03,10.0,Superbet.br,1.24,3.65,Sportingbet.br,1.68,2.0,Superbet.br,2.9,1.36,BetEsporte,4.6,1.11,Novibet,1.63,2.08,,0.0,0.0,,0.0,0.0,Sportingbet.br,1.23,1.26,1.95,Sportingbet.br,1.2,1.58,1.53,Sportingbet.br,1.22,1.44,1.65,Esportivabet,1.33,3.0,Novibet,1.43,2.55,Betano.br,1.45,2.6,Novibet,2.8,14.5,41.0,4.65,5.8,8.5,22.0,15.0,6.5,Esportivabet,1.9,1.8,Sportingbet.br,2.0,1.68,BetEsporte,1.78,1.65,Betano.br,12.5,Betano.br,7.1,Esportivabet,11.0,Betano.br,6.4,Betano.br,7.9,Esportivabet,20.0,Superbet.br,7.2,Esportivabet,12.0,Esportivabet,12.0,Betano.br,12.5,Superbet.br,50.0,Esportivabet,12.0,Superbet.br,32.0,Superbet.br,22.0,Esportivabet,36.0,,0.0,0.0,,0.0,0.0,,0.0,0.0,,0.0,0.0,Betano.br,1.75,1.87,,0.0,0.0,,0.0,0.0,,0.0,0.0,,0.0,0.0,,0.0,0.0,BetEsporte,12.0,7.0,27.0,BetEsporte,5.8,4.8,18.0,BetEsporte,2.9,3.6,8.6,BetEsporte,1.19,5.2,1.81,BetEsporte,1.04,7.6,1.3,BetEsporte,1.01,8.6,1.08,,,,,,,,,,,,,,,,,,,,,,,,,,,,,,,,,,,,,,,,,,,,,,,,,,,,,,,,,,,,,,,,,,,,,,,,,,,,,,,,,,,,,,,,,,,,,,,,,,,,,,,,,,,,,,,,,,,,,,,,,,,,,,,,,,,,,,,,,,,,,,,,,,,,,,,,,,,,,,,,,,,,,,,,,,,,,,,,,,,,,,,,,,,,,,,,,,,,,,,,,,,,,Liga FUTVE 2,Ec90yuCn
M3d0vCtg,VENEZUELA,2025,VENEZUELA 2,VENEZUELA 2,30/03/2025,19:30,Round 1,Puerto Cabello B,jmA1Pu7j,Titanes,6eug9B26,False,1,0,,,,,,[87],[],Esportivabet,6.0,1.11,14.0,,0.0,0.0,0.0,,0.0,0.0,0.0,Esportivabet,4.5,1.14,,0.0,0.0,,0.0,0.0,,0.0,0.0,,0.0,0.0,,0.0,0.0,Esportivabet,3.1,1.28,,0.0,0.0,Esportivabet,3.66,1.2,,0.0,0.0,,0.0,0.0,,0.0,0.0,,0.0,0.0,,0.0,0.0,,0.0,0.0,0.0,,0.0,0.0,0.0,,0.0,0.0,0.0,Esportivabet,1.4,2.54,Esportivabet,1.33,2.83,,0.0,0.0,Esportivabet,15.0,51.0,51.0,2.16,2.28,4.75,51.0,51.0,41.0,,0.0,0.0,,0.0,0.0,,0.0,0.0,Esportivabet,1.4,Esportivabet,2.5,Esportivabet,5.0,Esportivabet,15.0,Esportivabet,13.0,Esportivabet,41.0,Esportivabet,41.0,Esportivabet,41.0,Esportivabet,41.0,Esportivabet,41.0,Esportivabet,41.0,Esportivabet,41.0,Esportivabet,41.0,Esportivabet,41.0,Esportivabet,41.0,,0.0,0.0,,0.0,0.0,,0.0,0.0,,0.0,0.0,Esportivabet,4.75,0.0,Esportivabet,1.1,0.0,,0.0,0.0,,0.0,0.0,,0.0,0.0,,0.0,0.0,,0.0,0.0,0.0,,0.0,0.0,0.0,,0.0,0.0,0.0,,0.0,0.0,0.0,,0.0,0.0,0.0,,0.0,0.0,0.0,,,,,,,,,,,,,,,,,,,,,,,,,,,,,,,,,,,,,,,,,,,,,,,,,,,,,,,,,,,,,,,,,,,,,,,,,,,,,,,,,,,,,,,,,,,,,,,,,,,,,,,,,,,,,,,,,,,,,,,,,,,,,,,,,,,,,,,,,,,,,,,,,,,,,,,,,,,,,,,,,,,,,,,,,,,,,,,,,,,,,,,,,,,,,,,,,,,,,,,,,,,,,Liga FUTVE 2,Ec90yuCn
APSsMUQO,VENEZUELA,2025,VENEZUELA 2,VENEZUELA 2,30/03/2025,20:00,Round 1,Urena,x6MdZOGO,Frontera,4AqkWAQI,False,0,3,,,,,,[],"[45, 52, 74]",Betano.br,2.05,2.22,5.2,Sportingbet.br,1.85,2.65,4.8,Estrelabet,1.5,3.6,5.5,Sportingbet.br,1.41,2.65,Sportingbet.br,2.5,1.47,,0.0,0.0,,0.0,0.0,Sportingbet.br,1.95,1.75,,0.0,0.0,,0.0,0.0,Sportingbet.br,1.31,3.1,Esportivabet,1.63,2.1,Esportivabet,4.1,1.18,,0.0,0.0,,0.0,0.0,,0.0,0.0,,0.0,0.0,Betano.br,1.14,1.22,2.35,Sportingbet.br,1.14,1.55,1.66,Sportingbet.br,1.15,1.42,1.82,Estrelabet,1.18,4.1,Betano.br,1.3,3.25,Betano.br,1.3,3.3,Betano.br,2.32,14.5,50.0,4.05,5.7,10.75,22.0,16.0,9.0,Esportivabet,1.16,4.4,Sportingbet.br,2.0,1.7,,0.0,0.0,Betano.br,11.25,Betano.br,6.3,Betano.br,12.0,Betano.br,6.5,Betano.br,6.6,Betano.br,25.0,Betano.br,6.8,Betano.br,13.5,Betano.br,13.0,Betano.br,9.75,Betano.br,70.0,Betano.br,10.0,Betano.br,40.0,Betano.br,18.5,Betano.br,40.0,,0.0,0.0,,0.0,0.0,,0.0,0.0,Betano.br,1.85,1.75,,0.0,0.0,,0.0,0.0,,0.0,0.0,,0.0,0.0,,0.0,0.0,,0.0,0.0,,0.0,0.0,0.0,,0.0,0.0,0.0,,0.0,0.0,0.0,,0.0,0.0,0.0,,0.0,0.0,0.0,,0.0,0.0,0.0,,,,,,,,,,,,,,,,,,,,,,,,,,,,,,,,,,,,,,,,,,,,,,,,,,,,,,,,,,,,,,,,,,,,,,,,,,,,,,,,,,,,,,,,,,,,,,,,,,,,,,,,,,,,,,,,,,,,,,,,,,,,,,,,,,,,,,,,,,,,,,,,,,,,,,,,,,,,,,,,,,,,,,,,,,,,,,,,,,,,,,,,,,,,,,,,,,,,,,,,,,,,,Liga FUTVE 2,Ec90yuCn
ljbhtYBt,VENEZUELA,2025,VENEZUELA 2,VENEZUELA 2,30/03/2025,19:30,Round 1,Trujillanos,ddwscmEO,El Vigia,OYcssXWF,False,2,1,,,,,,"[41, 90]",[76],Esportivabet,2.6,1.46,14.0,Sportingbet.br,1.73,2.55,6.75,Esportivabet,1.33,3.66,11.0,Sportingbet.br,1.44,2.55,Estrelabet,5.0,1.11,,0.0,0.0,,0.0,0.0,Sportingbet.br,2.2,1.6,,0.0,0.0,,0.0,0.0,Sportingbet.br,1.34,3.0,Esportivabet,2.66,1.36,Esportivabet,3.5,1.22,,0.0,0.0,,0.0,0.0,,0.0,0.0,,0.0,0.0,Esportivabet,1.0,1.18,2.71,Sportingbet.br,1.08,1.63,1.71,Sportingbet.br,1.09,1.44,1.95,Esportivabet,1.0,6.0,Esportivabet,1.11,5.0,Betano.br,1.22,4.0,Esportivabet,2.71,41.0,70.0,3.65,5.5,16.0,41.0,41.0,31.0,Sportingbet.br,1.88,1.8,Sportingbet.br,2.15,1.62,,0.0,0.0,Betano.br,8.75,Betano.br,5.1,Esportivabet,13.0,Esportivabet,8.0,Betano.br,5.4,Esportivabet,41.0,Esportivabet,10.0,Esportivabet,41.0,Esportivabet,41.0,Betano.br,8.0,Betano.br,120.0,Esportivabet,18.0,Betano.br,65.0,Esportivabet,41.0,Betano.br,65.0,,0.0,0.0,,0.0,0.0,Esportivabet,2.2,1.55,Betano.br,1.7,1.91,Esportivabet,2.8,1.3,,0.0,0.0,,0.0,0.0,,0.0,0.0,,0.0,0.0,,0.0,0.0,,0.0,0.0,0.0,,0.0,0.0,0.0,,0.0,0.0,0.0,,0.0,0.0,0.0,,0.0,0.0,0.0,,0.0,0.0,0.0,,,,,,,,,,,,,,,,,,,,,,,,,,,,,,,,,,,,,,,,,,,,,,,,,,,,,,,,,,,,,,,,,,,,,,,,,,,,,,,,,,,,,,,,,,,,,,,,,,,,,,,,,,,,,,,,,,,,,,,,,,,,,,,,,,,,,,,,,,,,,,,,,,,,,,,,,,,,,,,,,,,,,,,,,,,,,,,,,,,,,,,,,,,,,,,,,,,,,,,,,,,,,Liga FUTVE 2,Ec90yuCn
tOyTmrBG,VENEZUELA,2025,VENEZUELA 2,VENEZUELA 2,27/04/2025,20:00,Round 5,Heroes de Falcon,vRH5aOqg,Frontera,4AqkWAQI,False,1,0,,,,,,[16],[],Novibet,2.65,2.2,3.55,Betano.br,2.35,2.55,3.2,Estrelabet,2.0,3.5,3.1,BetEsporte,1.28,2.9,Sportingbet.br,2.5,1.46,BetEsporte,5.0,1.09,BetEsporte,1.17,3.55,BetEsporte,1.85,1.73,BetEsporte,3.5,1.2,BetEsporte,1.02,11.0,Superbet.br,1.21,3.9,Superbet.br,1.69,2.05,Sportingbet.br,2.7,1.4,BetEsporte,4.2,1.13,Superbet.br,1.6,2.2,,0.0,0.0,,0.0,0.0,Betano.br,1.31,1.26,1.7,Betano.br,1.25,1.57,1.4,BetEsporte,1.23,1.32,1.38,Estrelabet,1.55,2.28,Betano.br,1.62,2.18,Betano.br,1.62,2.22,Novibet,3.4,13.0,32.0,5.1,5.5,7.0,23.0,14.0,5.2,Estrelabet,1.9,1.8,Sportingbet.br,2.0,1.7,BetEsporte,1.77,1.65,Betano.br,11.75,Superbet.br,7.7,Estrelabet,10.0,Superbet.br,6.1,Estrelabet,9.5,Estrelabet,15.0,Estrelabet,7.5,Estrelabet,9.5,Estrelabet,11.0,Estrelabet,17.0,Estrelabet,36.0,Estrelabet,13.0,Estrelabet,21.0,Estrelabet,21.0,Estrelabet,26.0,,0.0,0.0,,0.0,0.0,,0.0,0.0,,0.0,0.0,,0.0,0.0,,0.0,0.0,,0.0,0.0,,0.0,0.0,,0.0,0.0,,0.0,0.0,BetEsporte,14.0,7.8,22.0,BetEsporte,7.2,5.4,13.0,BetEsporte,3.55,3.85,6.2,BetEsporte,1.28,4.6,1.59,BetEsporte,1.07,7.0,1.21,BetEsporte,1.01,8.8,1.05,,,,,,,,,,,,,,,,,,,,,,,,,,,,,,,,,,,,,,,,,,,,,,,,,,,,,,,,,,,,,,,,,,,,,,,,,,,,,,,,,,,,,,,,,,,,,,,,,,,,,,,,,,,,,,,,,,,,,,,,,,,,,,,,,,,,,,,,,,,,,,,,,,,,,,,,,,,,,,,,,,,,,,,,,,,,,,,,,,,,,,,,,,,,,,,,,,,,,,,,,,,,,Liga FUTVE 2,Ec90yuCn
GbBOUb9d,VENEZUELA,2025,VENEZUELA 2,VENEZUELA 2,06/04/2025,19:30,Round 2,Miranda,bqdjykPk,Aragua,CbfwrDH9,False,2,2,,,,,,"[63, 86]","[24, 78]",Sportingbet.br,2.8,1.82,4.75,Sportingbet.br,2.4,2.1,4.2,Sportingbet.br,1.95,2.8,3.9,Novibet,1.51,2.35,BetEsporte,3.25,1.2,BetEsporte,8.6,1.02,Sportingbet.br,1.4,2.7,Sportingbet.br,2.65,1.42,BetEsporte,5.6,1.07,Superbet.br,1.08,6.4,Superbet.br,1.53,2.35,Sportingbet.br,2.7,1.4,BetEsporte,4.5,1.12,BetEsporte,7.0,1.02,Superbet.br,2.25,1.57,,0.0,0.0,,0.0,0.0,Betano.br,1.23,1.29,1.82,Sportingbet.br,1.16,1.87,1.38,Sportingbet.br,1.19,1.63,1.49,Estrelabet,1.4,2.71,Betano.br,1.47,2.5,Betano.br,1.47,2.57,Novibet,3.25,16.0,50.0,4.5,4.5,7.6,36.0,17.0,6.66,Sportingbet.br,1.9,1.77,Sportingbet.br,2.25,1.57,BetEsporte,1.85,1.59,Betano.br,6.8,Superbet.br,5.15,Betano.br,7.0,Superbet.br,6.0,Superbet.br,7.8,Estrelabet,16.0,Estrelabet,8.5,Estrelabet,13.0,Estrelabet,20.0,Superbet.br,19.0,Estrelabet,41.0,Superbet.br,21.0,Estrelabet,41.0,Superbet.br,45.0,Superbet.br,55.0,,0.0,0.0,,0.0,0.0,,0.0,0.0,,0.0,0.0,Betano.br,1.85,1.75,,0.0,0.0,,0.0,0.0,,0.0,0.0,,0.0,0.0,,0.0,0.0,BetEsporte,19.0,7.8,35.0,BetEsporte,9.0,5.2,23.0,BetEsporte,3.85,3.3,9.8,BetEsporte,1.2,4.6,1.64,BetEsporte,1.03,7.4,1.18,BetEsporte,1.01,8.2,1.03,,,,,,,,,,,,,,,,,,,,,,,,,,,,,,,,,,,,,,,,,,,,,,,,,,,1.0,1.0,,,,,,,,,,,,,,,,,,,,,,,,,,,,,,,,,,,,,,,,,,,,,,,,,,,,,,,,,,,,,,,,,,,,,,,,,,,,,,,,,,,,,,,,,,,,,,,,,,,,,,,,,,,,,,,,,,,,,,,,,,,,,,,,,,,,,,,1.0,1.0,,,,,,,,,,,,,,,,,Liga FUTVE 2,Ec90yuCn
O8UZNjdC,VENEZUELA,2025,VENEZUELA 2,VENEZUELA 2,29/03/2025,21:00,Round 1,Barquisimeto,4rp8eIDa,Heroes de Falcon,vRH5aOqg,False,3,0,,,,,,[],[],Esportivabet,3.66,2.14,2.5,,0.0,0.0,0.0,Estrelabet,3.3,3.5,1.83,Estrelabet,1.45,2.4,Estrelabet,2.66,1.36,,0.0,0.0,,0.0,0.0,,0.0,0.0,,0.0,0.0,Estrelabet,1.2,3.66,Estrelabet,1.3,3.0,Estrelabet,1.55,2.25,Estrelabet,2.25,1.55,,0.0,0.0,,0.0,0.0,,0.0,0.0,,0.0,0.0,Estrelabet,1.77,1.24,1.24,,0.0,0.0,0.0,,0.0,0.0,0.0,Estrelabet,2.6,1.41,Esportivabet,2.2,1.55,,0.0,0.0,Estrelabet,5.33,16.0,21.0,7.5,5.75,4.75,36.0,16.0,3.2,Estrelabet,1.87,1.8,,0.0,0.0,,0.0,0.0,Estrelabet,9.0,Esportivabet,11.0,Esportivabet,8.5,Estrelabet,6.33,Esportivabet,17.0,Estrelabet,9.5,Esportivabet,10.0,Estrelabet,7.5,Estrelabet,11.0,Estrelabet,36.0,Estrelabet,17.0,Estrelabet,21.0,Estrelabet,13.0,Estrelabet,26.0,Estrelabet,20.0,,0.0,0.0,,0.0,0.0,,0.0,0.0,,0.0,0.0,,0.0,0.0,Estrelabet,1.63,1.96,,0.0,0.0,,0.0,0.0,,0.0,0.0,,0.0,0.0,,0.0,0.0,0.0,,0.0,0.0,0.0,,0.0,0.0,0.0,,0.0,0.0,0.0,,0.0,0.0,0.0,,0.0,0.0,0.0,,,,,,,,,,,,,,,,,,,,,,,,,,,,,,,,,,,,,,,,,,,,,,,,,,,0.0,1.0,,,,,,,,,,,,,,,,,,,,,,,,,,,,,,,,,,,,,,,,,,,,,,,,,,,,,,,,,,,,,,,,,,,,,,,,,,,,,,,,,,,,,,,,,,,,,,,,,,,,,,,,,,,,,,,,,,,,,,,,,,,,,,,,,,,,,,,0.0,1.0,,,,,,,,,,,,,,,,,Liga FUTVE 2,Ec90yuCn
