Match_ID,Country,Season,Div,Sub_League,Tournament_ID,League,Date,Time,Round,Home,Home_ID,Away,Away_ID,Neutral_Location,Home_Score,Away_Score,LegMatch,First_Leg_Home_Score,First_Leg_Away_Score,Agg_Home_Score,Agg_Away_Score,Min_Goals_Home,Min_Goals_Away,Bookie_1X2_HT,Odd_1_HT,Odd_X_HT,Odd_2_HT,Bookie_1X2_2T,Odd_1_2T,Odd_X_2T,Odd_2_2T,Bookie_1X2_FT,Odd_1_FT,Odd_X_FT,Odd_2_FT,Bookie_OU_HT_0_5,Over_HT_0_5,Under_HT_0_5,Bookie_OU_HT_1_5,Over_HT_1_5,Under_HT_1_5,Bookie_OU_HT_2_5,Over_HT_2_5,Under_HT_2_5,Bookie_OU_2T_0_5,Over_2T_0_5,Under_2T_0_5,Bookie_OU_2T_1_5,Over_2T_1_5,Under_2T_1_5,Bookie_OU_2T_2_5,Over_2T_2_5,Under_2T_2_5,Bookie_OU_FT_0_5,Over_FT_0_5,Under_FT_0_5,Bookie_OU_FT_1_5,Over_FT_1_5,Under_FT_1_5,Bookie_OU_FT_2_5,Over_FT_2_5,Under_FT_2_5,Bookie_OU_FT_3_5,Over_FT_3_5,Under_FT_3_5,Bookie_OU_FT_4_5,Over_FT_4_5,Under_FT_4_5,Bookie_BTTS,BTTS_Yes,BTTS_No,Bookie_BTTS_HT,BTTS_Yes_HT,BTTS_No_HT,Bookie_BTTS_2T,BTTS_Yes_2T,BTTS_No_2T,Bookie_DC,DC_1X,DC_12,DC_X2,Bookie_DC_HT,DC_1X_HT,DC_12_HT,DC_X2_HT,Bookie_DC_2T,DC_1X_2T,DC_12_2T,DC_X2_2T,Bookie_DNB_FT,DNB_Home_FT,DNB_Away_FT,Bookie_DNB_HT,DNB_Home_HT,DNB_Away_HT,Bookie_DNB_2T,DNB_Home_2T,DNB_Away_2T,Bookie_HT_FT,HT_FT_1_1,HT_FT_1_X,HT_FT_1_2,HT_FT_X_1,HT_FT_X_X,HT_FT_X_2,HT_FT_2_1,HT_FT_2_X,HT_FT_2_2,Bookie_OE_FT,OE_Odd_FT,OE_Even_FT,Bookie_OE_HT,OE_Odd_HT,OE_Even_HT,Bookie_OE_2T,OE_Odd_2T,OE_Even_2T,Bookie_CS_0_0,CS_0_0,Bookie_CS_1_0,CS_1_0,Bookie_CS_0_1,CS_0_1,Bookie_CS_1_1,CS_1_1,Bookie_CS_2_0,CS_2_0,Bookie_CS_0_2,CS_0_2,Bookie_CS_2_1,CS_2_1,Bookie_CS_1_2,CS_1_2,Bookie_CS_2_2,CS_2_2,Bookie_CS_3_0,CS_3_0,Bookie_CS_0_3,CS_0_3,Bookie_CS_3_1,CS_3_1,Bookie_CS_1_3,CS_1_3,Bookie_CS_3_2,CS_3_2,Bookie_CS_2_3,CS_2_3,Bookie_AH_neg_2_5,AH_Home_neg_2_5,AH_Away_neg_2_5,Bookie_AH_neg_2_0,AH_Home_neg_2_0,AH_Away_neg_2_0,Bookie_AH_neg_1_5,AH_Home_neg_1_5,AH_Away_neg_1_5,Bookie_AH_neg_1_0,AH_Home_neg_1_0,AH_Away_neg_1_0,Bookie_AH_neg_0_5,AH_Home_neg_0_5,AH_Away_neg_0_5,Bookie_AH_pos_0_5,AH_Home_pos_0_5,AH_Away_pos_0_5,Bookie_AH_pos_1_0,AH_Home_pos_1_0,AH_Away_pos_1_0,Bookie_AH_pos_1_5,AH_Home_pos_1_5,AH_Away_pos_1_5,Bookie_AH_pos_2_0,AH_Home_pos_2_0,AH_Away_pos_2_0,Bookie_AH_pos_2_5,AH_Home_pos_2_5,AH_Away_pos_2_5,Bookie_EH_neg_3,EH_Home_neg_3,EH_Draw_neg_3,EH_Away_neg_3,Bookie_EH_neg_2,EH_Home_neg_2,EH_Draw_neg_2,EH_Away_neg_2,Bookie_EH_neg_1,EH_Home_neg_1,EH_Draw_neg_1,EH_Away_neg_1,Bookie_EH_pos_1,EH_Home_pos_1,EH_Draw_pos_1,EH_Away_pos_1,Bookie_EH_pos_2,EH_Home_pos_2,EH_Draw_pos_2,EH_Away_pos_2,Bookie_EH_pos_3,EH_Home_pos_3,EH_Draw_pos_3,EH_Away_pos_3,xG_Home_FT,xG_Away_FT,xGOT_Home_FT,xGOT_Away_FT,xA_Home_FT,xA_Away_FT,xGOT_Faced_Home_FT,xGOT_Faced_Away_FT,Goals_Prevented_Home_FT,Goals_Prevented_Away_FT,Possession_Home_FT,Possession_Away_FT,Passes_Pct_Home_FT,Passes_Pct_Away_FT,Long_Passes_Pct_Home_FT,Long_Passes_Pct_Away_FT,Passes_Final_Third_Pct_Home_FT,Passes_Final_Third_Pct_Away_FT,Through_Passes_Home_FT,Through_Passes_Away_FT,Crosses_Pct_Home_FT,Crosses_Pct_Away_FT,Total_Shots_Home_FT,Total_Shots_Away_FT,Shots_On_Target_Home_FT,Shots_On_Target_Away_FT,Shots_Off_Target_Home_FT,Shots_Off_Target_Away_FT,Blocked_Shots_Home_FT,Blocked_Shots_Away_FT,Shots_Inside_Box_Home_FT,Shots_Inside_Box_Away_FT,Shots_Outside_Box_Home_FT,Shots_Outside_Box_Away_FT,Big_Chances_Home_FT,Big_Chances_Away_FT,Hit_Woodwork_Home_FT,Hit_Woodwork_Away_FT,Touches_Box_Home_FT,Touches_Box_Away_FT,Corners_Home_FT,Corners_Away_FT,Free_Kicks_Home_FT,Free_Kicks_Away_FT,Throw_Ins_Home_FT,Throw_Ins_Away_FT,Fouls_Home_FT,Fouls_Away_FT,Yellow_Cards_Home_FT,Yellow_Cards_Away_FT,Red_Cards_Home_FT,Red_Cards_Away_FT,Offsides_Home_FT,Offsides_Away_FT,Goalkeeper_Saves_Home_FT,Goalkeeper_Saves_Away_FT,Tackles_Pct_Home_FT,Tackles_Pct_Away_FT,Duels_Won_Home_FT,Duels_Won_Away_FT,Clearances_Home_FT,Clearances_Away_FT,Interceptions_Home_FT,Interceptions_Away_FT,Errors_Shot_Home_FT,Errors_Shot_Away_FT,Errors_Goal_Home_FT,Errors_Goal_Away_FT,xG_Home_HT,xG_Away_HT,xGOT_Home_HT,xGOT_Away_HT,xA_Home_HT,xA_Away_HT,xGOT_Faced_Home_HT,xGOT_Faced_Away_HT,Goals_Prevented_Home_HT,Goals_Prevented_Away_HT,Possession_Home_HT,Possession_Away_HT,Passes_Pct_Home_HT,Passes_Pct_Away_HT,Long_Passes_Pct_Home_HT,Long_Passes_Pct_Away_HT,Passes_Final_Third_Pct_Home_HT,Passes_Final_Third_Pct_Away_HT,Through_Passes_Home_HT,Through_Passes_Away_HT,Crosses_Pct_Home_HT,Crosses_Pct_Away_HT,Total_Shots_Home_HT,Total_Shots_Away_HT,Shots_On_Target_Home_HT,Shots_On_Target_Away_HT,Shots_Off_Target_Home_HT,Shots_Off_Target_Away_HT,Blocked_Shots_Home_HT,Blocked_Shots_Away_HT,Shots_Inside_Box_Home_HT,Shots_Inside_Box_Away_HT,Shots_Outside_Box_Home_HT,Shots_Outside_Box_Away_HT,Big_Chances_Home_HT,Big_Chances_Away_HT,Hit_Woodwork_Home_HT,Hit_Woodwork_Away_HT,Touches_Box_Home_HT,Touches_Box_Away_HT,Corners_Home_HT,Corners_Away_HT,Free_Kicks_Home_HT,Free_Kicks_Away_HT,Throw_Ins_Home_HT,Throw_Ins_Away_HT,Fouls_Home_HT,Fouls_Away_HT,Yellow_Cards_Home_HT,Yellow_Cards_Away_HT,Red_Cards_Home_HT,Red_Cards_Away_HT,Offsides_Home_HT,Offsides_Away_HT,Goalkeeper_Saves_Home_HT,Goalkeeper_Saves_Away_HT,Tackles_Pct_Home_HT,Tackles_Pct_Away_HT,Duels_Won_Home_HT,Duels_Won_Away_HT,Clearances_Home_HT,Clearances_Away_HT,Interceptions_Home_HT,Interceptions_Away_HT,Errors_Shot_Home_HT,Errors_Shot_Away_HT,Errors_Goal_Home_HT,Errors_Goal_Away_HT,xG_Home_2T,xG_Away_2T,xGOT_Home_2T,xGOT_Away_2T,xA_Home_2T,xA_Away_2T,xGOT_Faced_Home_2T,xGOT_Faced_Away_2T,Goals_Prevented_Home_2T,Goals_Prevented_Away_2T,Possession_Home_2T,Possession_Away_2T,Passes_Pct_Home_2T,Passes_Pct_Away_2T,Long_Passes_Pct_Home_2T,Long_Passes_Pct_Away_2T,Passes_Final_Third_Pct_Home_2T,Passes_Final_Third_Pct_Away_2T,Through_Passes_Home_2T,Through_Passes_Away_2T,Crosses_Pct_Home_2T,Crosses_Pct_Away_2T,Total_Shots_Home_2T,Total_Shots_Away_2T,Shots_On_Target_Home_2T,Shots_On_Target_Away_2T,Shots_Off_Target_Home_2T,Shots_Off_Target_Away_2T,Blocked_Shots_Home_2T,Blocked_Shots_Away_2T,Shots_Inside_Box_Home_2T,Shots_Inside_Box_Away_2T,Shots_Outside_Box_Home_2T,Shots_Outside_Box_Away_2T,Big_Chances_Home_2T,Big_Chances_Away_2T,Hit_Woodwork_Home_2T,Hit_Woodwork_Away_2T,Touches_Box_Home_2T,Touches_Box_Away_2T,Corners_Home_2T,Corners_Away_2T,Free_Kicks_Home_2T,Free_Kicks_Away_2T,Throw_Ins_Home_2T,Throw_Ins_Away_2T,Fouls_Home_2T,Fouls_Away_2T,Yellow_Cards_Home_2T,Yellow_Cards_Away_2T,Red_Cards_Home_2T,Red_Cards_Away_2T,Offsides_Home_2T,Offsides_Away_2T,Goalkeeper_Saves_Home_2T,Goalkeeper_Saves_Away_2T,Tackles_Pct_Home_2T,Tackles_Pct_Away_2T,Duels_Won_Home_2T,Duels_Won_Away_2T,Clearances_Home_2T,Clearances_Away_2T,Interceptions_Home_2T,Interceptions_Away_2T,Errors_Shot_Home_2T,Errors_Shot_Away_2T,Errors_Goal_Home_2T,Errors_Goal_Away_2T
lG7959Br,VIETNAM,2024/2025,VIETNAM 2,V League 2,659pm2N7,VIETNAM 2,17/05/2025,11:00,Round 19,Hoa Binh,OE9clfNc,Dong Nai,fydUYIh4,False,2,2,,,,,,"[24, 88]","[77, 90]",Betfair,3.1,1.67,5.0,Novibet,2.7,1.87,4.35,Betfair,2.1,2.55,3.9,Sportingbet.br,1.75,1.93,,0.0,0.0,,0.0,0.0,Sportingbet.br,1.52,2.35,,0.0,0.0,,0.0,0.0,Betfair,1.17,4.5,Betfair,1.8,1.91,Betfair,3.8,1.22,Betfair,8.0,1.05,,0.0,0.0,Betfair,2.88,1.36,,0.0,0.0,,0.0,0.0,Betfair,1.2,1.44,1.62,Novibet,1.17,2.0,1.3,Sportingbet.br,1.19,1.75,1.4,Novibet,1.45,2.55,Betano.br,1.52,2.37,Betano.br,1.52,2.45,Betfair,3.75,14.0,61.0,5.0,3.2,8.0,36.0,15.0,7.0,Superbet.br,1.97,1.75,Sportingbet.br,2.35,1.52,,0,0,Betfair,4.0,Betfair,4.5,Betfair,6.5,Betfair,5.5,Betfair,7.5,Betfair,15.0,Betfair,10.0,Betfair,15.0,Betfair,23.0,Betfair,19.0,Betfair,67.0,Betfair,23.0,Betfair,61.0,Betfair,67.0,Betfair,81.0,,0.0,0.0,,0.0,0.0,,0.0,0.0,Betboom.br,3.7,1.23,,0.0,0.0,,0.0,0.0,,0.0,0.0,,0.0,0.0,,0.0,0.0,,0.0,0.0,,0.0,0.0,0,,0.0,0.0,0.0,,0.0,0.0,0.0,,0.0,0.0,0.0,,0.0,0.0,0.0,,0,0,0.0,,,,,,,,,,,,,,,,,,,,,,,,,,,,,,,,,,,,,,,,,,,,,,,,,,,,,,,,,,,,,,,,,,,,,,,,,,,,,,,,,,,,,,,,,,,,,,,,,,,,,,,,,,,,,,,,,,,,,,,,,,,,,,,,,,,,,,,,,,,,,,,,,,,,,,,,,,,,,,,,,,,,,,,,,,,,,,,,,,,,,,,,,,,,,,,,,,,,,,,,,,,,
jebzoxVi,VIETNAM,2024/2025,VIETNAM 2,V League 2,659pm2N7,VIETNAM 2,21/06/2025,09:00,Round 22,PVF-CAND,WSRPbuTF,Dong Nai,fydUYIh4,False,3,0,,,,,,"[38, 64, 90]",[],Betfair,1.3,3.5,14.0,Sportingbet.br,1.31,4.0,10.5,Betfair,1.04,9.0,26.0,Novibet,1.35,2.75,Novibet,2.6,1.4,,0.0,0.0,,0.0,0.0,Sportingbet.br,1.51,2.35,,0.0,0.0,Betfair,1.0,19.0,Betfair,1.08,6.5,Betfair,1.36,2.88,Betfair,1.95,1.75,Betfair,3.3,1.29,Betfair,2.8,1.36,,0.0,0.0,,0.0,0.0,Betfair,1.01,1.05,8.5,Sportingbet.br,1.04,1.34,2.5,Sportingbet.br,1.04,1.21,3.1,Superbet.br,1.0,9.0,Betano.br,1.07,6.9,Betano.br,1.08,6.9,Betfair,1.33,36.0,251.0,4.33,13.0,56.0,26.0,46.0,51.0,Novibet,1.86,1.84,Sportingbet.br,1.98,1.72,,0,0,Betfair,21.0,Betfair,7.5,Betfair,61.0,Betfair,17.0,Betfair,5.5,Betfair,101.0,Betfair,11.0,Betfair,67.0,Betfair,46.0,Betfair,5.5,Betfair,101.0,Betfair,10.0,Betfair,101.0,Betfair,41.0,Betfair,101.0,Betboom.br,3.0,1.33,Betboom.br,2.39,1.51,BR4Bet,1.52,2.25,Betboom.br,1.35,2.9,,0.0,0.0,,0.0,0.0,,0.0,0.0,,0.0,0.0,,0.0,0.0,,0.0,0.0,,0.0,0.0,0,,0.0,0.0,0.0,Novibet,1.91,3.4,0.0,Novibet,0.0,0.0,3.2,,0.0,0.0,0.0,,0,0,0.0,,,,,,,,,,,,,,,,,,,,,,,,,,,,,,,,,,,,,,,,,,,,,,,,,,,,,,,,,,,,,,,,,,,,,,,,,,,,,,,,,,,,,,,,,,,,,,,,,,,,,,,,,,,,,,,,,,,,,,,,,,,,,,,,,,,,,,,,,,,,,,,,,,,,,,,,,,,,,,,,,,,,,,,,,,,,,,,,,,,,,,,,,,,,,,,,,,,,,,,,,,,,
6VfKN8XQ,VIETNAM,2024/2025,VIETNAM 2,V League 2,659pm2N7,VIETNAM 2,26/05/2025,08:30,Round 20,Hue,OjxcKNsg,Long An,40Z46ke6,False,0,0,,,,,,[],[],Betfair,2.6,2.0,4.33,Betboom.br,2.7,2.25,3.75,Betfair,1.9,3.25,3.4,Betboom.br,6.65,1.07,Betboom.br,7.0,1.1,,0.0,0.0,Betboom.br,1.29,3.2,Betboom.br,2.64,1.42,,0.0,0.0,Betfair,1.03,9.0,Betfair,1.29,3.3,Betfair,1.95,1.75,Betfair,3.3,1.29,Betfair,7.0,1.07,Betfair,1.73,1.95,Betboom.br,5.2,1.09,,0.0,0.0,Betfair,1.29,1.29,1.73,Betboom.br,1.01,4.35,1.06,,0.0,0.0,0.0,Esportivabet,1.5,2.4,Betano.br,1.55,2.3,Betano.br,1.57,2.3,Betfair,3.2,12.0,31.0,5.0,4.5,8.0,21.0,13.0,6.5,Esportivabet,1.9,1.8,,0.0,0.0,,0,0,Betfair,8.5,Betfair,6.5,Betfair,10.0,Betfair,6.0,Betfair,8.0,Betfair,15.0,Betfair,7.5,Betfair,11.0,Betfair,12.0,Betfair,15.0,Betfair,46.0,Betfair,13.0,Betfair,26.0,Betfair,21.0,Betfair,31.0,Betboom.br,8.8,1.04,Betboom.br,8.0,1.05,Betboom.br,9.0,1.03,Betboom.br,8.9,1.04,Betano.br,1.9,1.72,,0.0,0.0,Betboom.br,1.04,8.8,Betboom.br,1.04,8.6,,0.0,0.0,,0.0,0.0,,0.0,0.0,0,,0.0,0.0,0.0,,0.0,0.0,0.0,,0.0,0.0,0.0,,0.0,0.0,0.0,,0,0,0.0,,,,,,,,,,,,,,,,,,,,,,,,,,,,,,,,,,,,,,,,,,,,,,,,,,,,,,,,,,,,,,,,,,,,,,,,,,,,,,,,,,,,,,,,,,,,,,,,,,,,,,,,,,,,,,,,,,,,,,,,,,,,,,,,,,,,,,,,,,,,,,,,,,,,,,,,,,,,,,,,,,,,,,,,,,,,,,,,,,,,,,,,,,,,,,,,,,,,,,,,,,,,
pr1I3mte,VIETNAM,2024/2025,VIETNAM 2,V League 2,659pm2N7,VIETNAM 2,17/05/2025,11:00,Round 19,PVF-CAND,WSRPbuTF,Truong Tuoi Dong Nai,6g0U8aqi,False,0,0,,,,,,[],[],Betfair,3.6,1.8,3.75,Novibet,3.4,2.0,2.95,Betfair,2.7,2.8,2.63,Sportingbet.br,1.58,2.2,,0.0,0.0,,0.0,0.0,Sportingbet.br,1.44,2.55,,0.0,0.0,,0.0,0.0,Betfair,1.11,5.5,Betfair,1.57,2.25,Betfair,2.88,1.36,Betfair,6.5,1.08,Betfair,11.0,1.01,Betfair,2.25,1.57,,0.0,0.0,,0.0,0.0,Betfair,1.4,1.36,1.4,Sportingbet.br,1.27,1.83,1.26,Sportingbet.br,1.31,1.68,1.3,Novibet,2.03,1.7,Novibet,1.97,1.71,Betano.br,1.93,1.8,Betfair,4.5,13.0,36.0,6.0,3.6,6.0,34.0,13.0,5.0,Estrelabet,1.9,1.8,Sportingbet.br,2.15,1.6,,0,0,Betfair,5.0,Betfair,6.0,Betfair,6.0,Betfair,5.0,Betfair,10.0,Betfair,11.0,Betfair,10.0,Betfair,11.0,Betfair,15.0,Betfair,26.0,Betfair,31.0,Betfair,23.0,Betfair,26.0,Betfair,56.0,Betfair,56.0,,0.0,0.0,,0.0,0.0,,0.0,0.0,,0.0,0.0,,0.0,0.0,,0.0,0.0,,0.0,0.0,,0.0,0.0,,0.0,0.0,,0.0,0.0,,0.0,0.0,0,,0.0,0.0,0.0,,0.0,0.0,0.0,,0.0,0.0,0.0,,0.0,0.0,0.0,,0,0,0.0,,,,,,,,,,,,,,,,,,,,,,,,,,,,,,,,,,,,,,,,,,,,,,,,,0.0,1.0,0.0,1.0,,,,,,,,,,,,,,,,,,,,,,,,,,,,,,,,,,,,,,,,,,,,,,,,,,,,,,,,,,,,,,,,,,,,,,,,,,,,,,,,,,,,,,,,,,,,,,,,,,,,,,,,,,,,,,,,,,,,,,,,,,,,,,,,,,,,,0.0,1.0,0.0,1.0,,,,,,,,,,,,,,,,
feT7E4fD,VIETNAM,2024/2025,VIETNAM 2,V League 2,659pm2N7,VIETNAM 2,26/05/2025,09:00,Round 20,Dong Nai,fydUYIh4,Phu Dong Ninh Binh,GtBp2ZoS,False,0,1,,,,,,[],[34],Betfair,5.0,1.83,2.7,Betboom.br,5.0,2.22,2.32,Betfair,4.2,3.0,1.75,Betano.br,1.47,2.35,Betboom.br,4.2,1.18,Betano.br,7.3,1.04,Betboom.br,1.34,2.99,Betboom.br,2.84,1.37,,0.0,0.0,Betfair,1.08,6.5,Betfair,1.5,2.4,Betfair,2.75,1.4,Betfair,5.5,1.11,Betfair,11.0,1.01,Betfair,2.3,1.53,Betboom.br,6.5,1.1,Betboom.br,4.85,1.14,Betfair,1.91,1.3,1.17,Sportingbet.br,1.44,1.8,1.14,Sportingbet.br,1.55,1.62,1.16,Superbet.br,3.1,1.27,Betano.br,2.7,1.4,Betano.br,2.82,1.4,Betfair,7.5,14.0,26.0,9.0,4.0,4.5,51.0,13.0,3.2,Superbet.br,1.92,1.8,Sportingbet.br,2.2,1.58,,0,0,Betfair,5.5,Betfair,8.5,Betfair,5.0,Betfair,5.5,Betfair,17.0,Betfair,7.0,Betfair,13.0,Betfair,8.5,Betfair,17.0,Betfair,67.0,Betfair,15.0,Betfair,46.0,Betfair,17.0,Betfair,76.0,Betfair,36.0,,0.0,0.0,,0.0,0.0,,0.0,0.0,,0.0,0.0,,0.0,0.0,Betano.br,1.85,1.75,Betboom.br,1.36,2.88,Betboom.br,1.21,3.9,Betboom.br,1.04,8.9,Betboom.br,1.13,5.1,,0.0,0.0,0,,0.0,0.0,0.0,Estrelabet,0.0,0.0,3.5,Betano.br,1.91,3.35,0.0,,0.0,0.0,0.0,,0,0,0.0,,,,,,,,,,,,,,,,,,,,,,,,,,,,,,,,,,,,,,,,,,,,,,,,,,,,,,,,,,,,,,,,,,,,,,,,,,,,,,,,,,,,,,,,,,,,,,,,,,,,,,,,,,,,,,,,,,,,,,,,,,,,,,,,,,,,,,,,,,,,,,,,,,,,,,,,,,,,,,,,,,,,,,,,,,,,,,,,,,,,,,,,,,,,,,,,,,,,,,,,,,,,
CWaYUPvf,VIETNAM,2024/2025,VIETNAM 2,V League 2,659pm2N7,VIETNAM 2,14/06/2025,09:00,Round 21,Phu Dong Ninh Binh,GtBp2ZoS,Truong Tuoi Dong Nai,6g0U8aqi,False,3,0,,,,,,"[39, 65, 90]",[],Betfair,3.1,1.91,3.75,BR4Bet,2.75,2.0,3.5,Betfair,2.2,2.7,3.1,Estrelabet,1.5,2.3,,0.0,0.0,,0.0,0.0,,0.0,0.0,Sportingbet.br,2.65,1.41,,0.0,0.0,Betfair,1.07,7.0,Betfair,1.5,2.4,Betfair,2.75,1.4,Betfair,5.5,1.11,Betfair,11.0,1.01,Betfair,2.15,1.6,,0.0,0.0,,0.0,0.0,Betfair,1.3,1.36,1.57,Sportingbet.br,1.23,1.82,1.32,Sportingbet.br,1.27,1.62,1.39,Estrelabet,1.66,2.1,Betano.br,1.65,2.1,Betano.br,1.7,2.07,Betfair,3.75,13.0,36.0,5.5,4.2,6.5,26.0,13.0,5.0,Superbet.br,1.95,1.77,Sportingbet.br,2.2,1.6,,0,0,Betfair,6.0,Betfair,5.5,Betfair,6.5,Betfair,5.5,Betfair,9.0,Betfair,13.0,Betfair,9.0,Betfair,10.0,Betfair,15.0,Betfair,21.0,Betfair,36.0,Betfair,21.0,Betfair,31.0,Betfair,41.0,Betfair,56.0,Betboom.br,8.4,1.04,Betboom.br,7.1,1.06,Betboom.br,2.99,1.34,Betboom.br,1.87,1.83,BR4Bet,2.3,1.5,BR4Bet,1.41,2.54,,0.0,0.0,,0.0,0.0,,0.0,0.0,,0.0,0.0,,0.0,0.0,0,,0.0,0.0,0.0,,0.0,0.0,0.0,,0.0,0.0,0.0,,0.0,0.0,0.0,,0,0,0.0,,,,,,,,,,,,,,,,,,,,,,,,,,,,,,,,,,,,,,,,,,,,,,,,,,,,,,,,,,,,,,,,,,,,,,,,,,,,,,,,,,,,,,,,,,,,,,,,,,,,,,,,,,,,,,,,,,,,,,,,,,,,,,,,,,,,,,,,,,,,,,,,,,,,,,,,,,,,,,,,,,,,,,,,,,,,,,,,,,,,,,,,,,,,,,,,,,,,,,,,,,,,
Chy9s3Oa,VIETNAM,2024/2025,VIETNAM 2,V League 2,659pm2N7,VIETNAM 2,21/06/2025,09:00,Round 22,Ho Chi Minh 2,IiSwji56,Khanh Hoa,Myp07Vu0,False,3,1,,,,,,"[44, 79, 90]",[90],Betfair,3.4,2.0,3.1,Novibet,2.45,2.3,3.55,Betfair,2.63,2.88,2.4,Novibet,1.4,2.6,Betboom.br,3.2,1.31,Betboom.br,7.7,1.05,Betboom.br,1.28,3.4,Sportingbet.br,2.5,1.46,,0.0,0.0,Betfair,1.05,8.0,Betfair,1.36,2.88,Betfair,2.2,1.6,Betfair,4.0,1.2,Betfair,8.0,1.05,Betfair,1.83,1.83,Superbet.br,5.0,1.14,Betboom.br,3.35,1.26,Betfair,1.44,1.33,1.4,Betboom.br,1.3,1.75,1.29,Sportingbet.br,1.34,1.6,1.33,Novibet,1.54,2.2,Novibet,1.54,2.25,Betano.br,1.88,1.85,Betfair,3.3,12.0,36.0,5.0,5.0,7.5,23.0,13.0,5.5,Superbet.br,1.92,1.78,Sportingbet.br,2.1,1.63,,0,0,Betfair,8.0,Betfair,7.0,Betfair,6.5,Betfair,5.5,Betfair,11.0,Betfair,10.0,Betfair,9.0,Betfair,8.5,Betfair,13.0,Betfair,26.0,Betfair,21.0,Betfair,21.0,Betfair,17.0,Betfair,31.0,Betfair,29.0,Betboom.br,9.1,1.03,Betboom.br,9.1,1.03,Betboom.br,5.2,1.13,Betboom.br,4.4,1.17,BR4Bet,2.5,1.42,,0.0,0.0,Betboom.br,1.19,4.2,Betboom.br,1.14,5.05,Betboom.br,1.03,8.9,,0.0,0.0,,0.0,0.0,0,,0.0,0.0,0.0,,0.0,0.0,0.0,,0.0,0.0,0.0,,0.0,0.0,0.0,,0,0,0.0,,,,,,,,,,,,,,,,,,,,,,,,,,,,,,,,,,,,,,,,,,,,,,,,,,,,,,,,,,,,,,,,,,,,,,,,,,,,,,,,,,,,,,,,,,,,,,,,,,,,,,,,,,,,,,,,,,,,,,,,,,,,,,,,,,,,,,,,,,,,,,,,,,,,,,,,,,,,,,,,,,,,,,,,,,,,,,,,,,,,,,,,,,,,,,,,,,,,,,,,,,,,
KIvHusgC,VIETNAM,2024/2025,VIETNAM 2,V League 2,659pm2N7,VIETNAM 2,21/06/2025,09:00,Round 22,Hoa Binh,OE9clfNc,Ho Chi Minh City,z5ftUOgs,False,2,0,,,,,,"[13, 39]",[],Betfair,2.1,2.1,6.5,Betboom.br,2.04,2.48,5.5,Betfair,1.47,3.4,6.0,Betboom.br,1.43,2.5,Betboom.br,3.15,1.32,Betboom.br,7.5,1.05,Betboom.br,1.31,3.2,Sportingbet.br,2.5,1.46,,0.0,0.0,Betfair,1.05,8.0,Betfair,1.4,2.75,Betfair,2.25,1.57,Betfair,4.5,1.17,Betfair,9.0,1.03,Betfair,2.3,1.53,Betboom.br,5.2,1.11,Betboom.br,4.0,1.19,Betfair,1.08,1.29,2.5,Sportingbet.br,1.12,1.7,1.55,Betboom.br,1.12,1.52,1.77,Superbet.br,1.19,3.75,Novibet,1.29,3.15,Betano.br,1.35,3.05,Betfair,2.38,14.0,56.0,4.2,5.0,12.0,23.0,15.0,11.0,BR4Bet,1.92,1.78,Sportingbet.br,2.15,1.62,,0,0,Betfair,7.5,Betfair,4.5,Betfair,11.0,Betfair,6.5,Betfair,5.5,Betfair,29.0,Betfair,8.0,Betfair,17.0,Betfair,17.0,Betfair,9.5,Betfair,101.0,Betfair,13.0,Betfair,76.0,Betfair,36.0,Betfair,76.0,Betboom.br,5.2,1.13,Betboom.br,4.4,1.17,Betboom.br,2.68,1.41,Betboom.br,2.05,1.69,Betano.br,1.72,1.9,,0.0,0.0,,0.0,0.0,,0.0,0.0,,0.0,0.0,,0.0,0.0,,0.0,0.0,0,,0.0,0.0,0.0,Novibet,2.9,3.2,0.0,Novibet,0.0,0.0,2.1,,0.0,0.0,0.0,,0,0,0.0,,,,,,,,,,,,,,,,,,,,,,,,,,,,,,,,,,,,,,,,,,,,,,,,,,,,,,,,,,,,,,,,,,,,,,,,,,,,,,,,,,,,,,,,,,,,,,,,,,,,,,,,,,,,,,,,,,,,,,,,,,,,,,,,,,,,,,,,,,,,,,,,,,,,,,,,,,,,,,,,,,,,,,,,,,,,,,,,,,,,,,,,,,,,,,,,,,,,,,,,,,,,
b1BlNYxo,VIETNAM,2024/2025,VIETNAM 2,V League 2,659pm2N7,VIETNAM 2,21/06/2025,09:00,Round 22,Dong Thap,lvKbDDmQ,Phu Dong Ninh Binh,GtBp2ZoS,False,1,2,,,,,,[69],"[28, 30]",Betfair,6.5,2.0,2.1,Novibet,7.8,2.45,1.68,Betfair,6.0,3.25,1.5,Novibet,1.36,2.75,Betboom.br,3.7,1.23,Betboom.br,9.2,1.03,Betboom.br,1.4,2.75,Betboom.br,2.79,1.39,,0.0,0.0,Betfair,1.06,7.5,Betfair,1.45,2.55,Betfair,2.55,1.45,Betfair,5.5,1.11,Betfair,11.0,1.01,Betfair,2.5,1.44,Betboom.br,5.85,1.08,Betboom.br,4.55,1.15,Betfair,2.3,1.29,1.08,Novibet,1.83,1.5,1.06,Sportingbet.br,1.65,1.58,1.14,Esportivabet,6.0,1.08,Novibet,4.85,1.13,Betano.br,3.5,1.27,Betfair,11.0,15.0,26.0,13.0,4.5,4.0,71.0,15.0,2.4,Superbet.br,1.9,1.8,Sportingbet.br,2.2,1.6,,0,0,Betfair,6.5,Betfair,11.0,Betfair,4.33,Betfair,6.5,Betfair,31.0,Betfair,5.5,Betfair,19.0,Betfair,8.0,Betfair,21.0,Betfair,81.0,Betfair,9.5,Betfair,81.0,Betfair,15.0,Betfair,81.0,Betfair,46.0,,0.0,0.0,,0.0,0.0,,0.0,0.0,,0.0,0.0,,0.0,0.0,Estrelabet,1.97,1.63,Betboom.br,1.49,2.43,Betboom.br,1.31,3.2,Betboom.br,1.1,5.75,Betboom.br,1.08,6.55,,0.0,0.0,0,,0.0,0.0,0.0,Betano.br,0.0,0.0,3.2,Novibet,2.95,3.4,0.0,,0.0,0.0,0.0,,0,0,0.0,,,,,,,,,,,,,,,,,,,,,,,,,,,,,,,,,,,,,,,,,,,,,,,,,,,1.0,1.0,,,,,,,,,,,,,,,,,,,,,,,,,,,,,,,,,,,,,,,,,,,,,,,,,,,,,,,,,,,,,,,,,,,,,,,,,,,,,,,,,,,,,,,,,,,,,,,,,,,,,,,,,,,,,,,,,,,,,,,,,,,,,,,,,,,,,,,1.0,1.0,,,,,,,,,,,,,,,,
46dQWoAs,VIETNAM,2024/2025,VIETNAM 2,V League 2,659pm2N7,VIETNAM 2,14/06/2025,09:00,Round 21,Long An,40Z46ke6,Hoa Binh,OE9clfNc,False,2,1,,,,,,"[1, 90]",[42],Betfair,2.88,1.91,4.0,Novibet,2.4,2.2,3.95,Betfair,2.1,2.88,3.3,Sportingbet.br,1.49,2.45,Betano.br,2.5,1.37,,0.0,0.0,,0.0,0.0,Sportingbet.br,2.45,1.47,,0.0,0.0,Betfair,1.06,7.5,Betfair,1.44,2.6,Betfair,2.4,1.5,Betfair,4.8,1.14,Betfair,10.0,1.02,Betfair,2.0,1.7,,0.0,0.0,,0.0,0.0,Betfair,1.29,1.36,1.62,Sportingbet.br,1.22,1.75,1.36,Sportingbet.br,1.26,1.58,1.44,Novibet,1.41,2.65,Novibet,1.47,2.45,Betano.br,1.65,2.15,Betfair,3.6,13.0,36.0,5.0,4.5,7.0,26.0,13.0,5.5,BR4Bet,1.96,1.75,Sportingbet.br,2.15,1.62,,0,0,Betfair,7.0,Betfair,5.5,Betfair,7.0,Betfair,5.5,Betfair,8.5,Betfair,13.0,Betfair,8.5,Betfair,11.0,Betfair,15.0,Betfair,17.0,Betfair,41.0,Betfair,17.0,Betfair,29.0,Betfair,31.0,Betfair,51.0,Betboom.br,8.9,1.03,Betboom.br,8.1,1.04,Betboom.br,5.65,1.11,Betboom.br,4.4,1.17,BR4Bet,2.22,1.53,BR4Bet,1.42,2.5,,0.0,0.0,,0.0,0.0,,0.0,0.0,,0.0,0.0,,0.0,0.0,0,,0.0,0.0,0.0,,0.0,0.0,0.0,,0.0,0.0,0.0,,0.0,0.0,0.0,,0,0,0.0,,,,,,,,,,,,,,,,,,,,,,,,,,,,,,,,,,,,,,,,,,,,,,,,,,,,,,,,,,,,,,,,,,,,,,,,,,,,,,,,,,,,,,,,,,,,,,,,,,,,,,,,,,,,,,,,,,,,,,,,,,,,,,,,,,,,,,,,,,,,,,,,,,,,,,,,,,,,,,,,,,,,,,,,,,,,,,,,,,,,,,,,,,,,,,,,,,,,,,,,,,,,
8bgsT396,VIETNAM,2024/2025,VIETNAM 2,V League 2,659pm2N7,VIETNAM 2,14/06/2025,09:00,Round 21,Khanh Hoa,Myp07Vu0,PVF-CAND,WSRPbuTF,False,0,1,,,,,,[],[86],Betfair,7.5,2.0,2.1,Betano.br,7.2,2.22,1.85,Betfair,6.5,3.5,1.44,Sportingbet.br,1.52,2.35,,0.0,0.0,,0.0,0.0,,0.0,0.0,Sportingbet.br,2.65,1.42,,0.0,0.0,Betfair,1.07,7.0,Betfair,1.45,2.55,Betfair,2.55,1.45,Betfair,5.5,1.11,Betfair,11.0,1.01,Betfair,2.8,1.36,,0.0,0.0,,0.0,0.0,Betfair,2.5,1.29,1.07,Betano.br,1.7,1.55,1.09,Sportingbet.br,1.8,1.53,1.1,Betano.br,4.7,1.11,Betano.br,4.35,1.17,Betano.br,4.55,1.18,Betano.br,12.5,21.0,35.0,15.0,4.6,4.0,120.0,20.0,2.5,Novibet,1.87,1.82,Sportingbet.br,2.1,1.63,,0,0,Betfair,6.5,Betfair,11.0,Betfair,4.33,Betfair,7.0,Betfair,36.0,Betfair,5.0,Betfair,21.0,Betfair,8.5,Betfair,23.0,Betfair,101.0,Betfair,9.0,Betfair,81.0,Betfair,15.0,Betfair,101.0,Betfair,51.0,,0.0,0.0,,0.0,0.0,,0.0,0.0,,0.0,0.0,,0.0,0.0,BR4Bet,2.3,1.5,Betboom.br,1.2,4.1,Betboom.br,1.12,5.3,,0.0,0.0,,0.0,0.0,,0.0,0.0,0,,0.0,0.0,0.0,Novibet,0.0,0.0,2.8,Novibet,2.15,3.2,0.0,,0.0,0.0,0.0,,0,0,0.0,,,,,,,,,,,,,,,,,,,,,,,,,,,,,,,,,,,,,,,,,,,,,,,,,,,,,,,,,,,,,,,,,,,,,,,,,,,,,,,,,,,,,,,,,,,,,,,,,,,,,,,,,,,,,,,,,,,,,,,,,,,,,,,,,,,,,,,,,,,,,,,,,,,,,,,,,,,,,,,,,,,,,,,,,,,,,,,,,,,,,,,,,,,,,,,,,,,,,,,,,,,,
hpMwBVmL,VIETNAM,2024/2025,VIETNAM 2,V League 2,659pm2N7,VIETNAM 2,17/05/2025,11:00,Round 19,Phu Dong Ninh Binh,GtBp2ZoS,Ho Chi Minh 2,IiSwji56,False,3,0,,,,,,"[10, 13, 77]",[],Betfair,1.67,2.3,13.0,Sportingbet.br,1.42,3.0,14.0,Betfair,1.15,5.0,15.0,Betboom.br,1.38,2.81,Betboom.br,3.05,1.33,Betboom.br,8.8,1.04,Betboom.br,1.23,3.8,Betboom.br,2.25,1.56,,0.0,0.0,Betfair,1.03,9.0,Betfair,1.29,3.3,Betfair,2.0,1.73,Betfair,3.8,1.22,Betfair,7.5,1.06,Betfair,3.2,1.3,,0.0,0.0,Betboom.br,6.25,1.08,Betfair,1.02,1.13,4.5,Sportingbet.br,1.02,1.49,2.15,Sportingbet.br,1.02,1.34,2.6,Superbet.br,1.0,9.0,Betano.br,1.05,7.7,Betano.br,1.05,8.5,Betfair,1.73,26.0,226.0,3.5,7.0,23.0,26.0,26.0,26.0,Esportivabet,1.9,1.8,Sportingbet.br,2.05,1.66,,0,0,Betfair,9.0,Betfair,4.5,Betfair,23.0,Betfair,11.0,Betfair,4.0,Betfair,76.0,Betfair,9.0,Betfair,61.0,Betfair,41.0,Betfair,6.0,Betfair,101.0,Betfair,12.0,Betfair,101.0,Betfair,56.0,Betfair,101.0,Betboom.br,3.15,1.31,Betboom.br,2.41,1.5,Betboom.br,1.76,1.95,Betboom.br,1.31,3.15,,0.0,0.0,,0.0,0.0,,0.0,0.0,,0.0,0.0,,0.0,0.0,,0.0,0.0,,0.0,0.0,0,Novibet,3.05,3.7,0.0,Novibet,1.91,3.35,0.0,Novibet,0.0,0.0,3.25,Novibet,0.0,0.0,1.88,,0,0,0.0,,,,,,,,,,,,,,,,,,,,,,,,,,,,,,,,,,,,,,,,,,,,,,,,,,,,,,,,,,,,,,,,,,,,,,,,,,,,,,,,,,,,,,,,,,,,,,,,,,,,,,,,,,,,,,,,,,,,,,,,,,,,,,,,,,,,,,,,,,,,,,,,,,,,,,,,,,,,,,,,,,,,,,,,,,,,,,,,,,,,,,,,,,,,,,,,,,,,,,,,,,,,
KfdUloWP,VIETNAM,2024/2025,VIETNAM 2,V League 2,659pm2N7,VIETNAM 2,14/06/2025,09:00,Round 21,Hue,OjxcKNsg,Ho Chi Minh 2,IiSwji56,False,1,0,,,,,,[20],[],Betfair,2.3,2.0,5.0,Betano.br,2.05,2.35,4.7,Betfair,1.65,3.3,4.6,Novibet,1.43,2.5,Betano.br,2.5,1.37,,0.0,0.0,,0.0,0.0,,0.0,0.0,,0.0,0.0,Betfair,1.05,8.0,Betfair,1.36,2.88,Betfair,2.25,1.57,Betfair,4.5,1.17,Betfair,9.0,1.03,Betfair,2.05,1.67,,0.0,0.0,,0.0,0.0,Betfair,1.14,1.29,2.0,Novibet,1.18,1.62,1.45,,0.0,0.0,0.0,Superbet.br,1.25,3.25,Betano.br,1.34,3.0,Betano.br,1.34,3.1,Betfair,2.7,14.0,46.0,4.5,4.5,10.0,21.0,14.0,8.0,Superbet.br,1.87,1.83,,0.0,0.0,,0,0,Betfair,7.5,Betfair,5.0,Betfair,9.0,Betfair,6.0,Betfair,6.5,Betfair,21.0,Betfair,7.5,Betfair,13.0,Betfair,15.0,Betfair,12.0,Betfair,67.0,Betfair,13.0,Betfair,51.0,Betfair,29.0,Betfair,67.0,Betboom.br,6.75,1.07,Betboom.br,5.45,1.12,Betboom.br,2.51,1.47,Betboom.br,1.5,2.41,Betano.br,1.72,1.9,,0.0,0.0,,0.0,0.0,,0.0,0.0,,0.0,0.0,,0.0,0.0,,0.0,0.0,0,,0.0,0.0,0.0,,0.0,0.0,0.0,,0.0,0.0,0.0,,0.0,0.0,0.0,,0,0,0.0,,,,,,,,,,,,,,,,,,,,,,,,,,,,,,,,,,,,,,,,,,,,,,,,,,,,,,,,,,,,,,,,,,,,,,,,,,,,,,,,,,,,,,,,,,,,,,,,,,,,,,,,,,,,,,,,,,,,,,,,,,,,,,,,,,,,,,,,,,,,,,,,,,,,,,,,,,,,,,,,,,,,,,,,,,,,,,,,,,,,,,,,,,,,,,,,,,,,,,,,,,,,
jwm0qPgm,VIETNAM,2024/2025,VIETNAM 2,V League 2,659pm2N7,VIETNAM 2,21/06/2025,09:00,Round 22,Truong Tuoi Dong Nai,6g0U8aqi,Long An,40Z46ke6,False,3,0,,,,,,"[28, 76, 79]",[],Betfair,1.44,2.88,14.0,Betano.br,1.37,3.25,11.25,Betfair,1.07,6.5,18.0,Betboom.br,1.26,3.15,Betboom.br,2.4,1.5,Betboom.br,5.15,1.13,,0.0,0.0,Sportingbet.br,1.77,1.93,Betboom.br,3.55,1.25,Betfair,1.01,13.0,Betfair,1.17,4.5,Betfair,1.6,2.2,Betfair,2.75,1.4,Betfair,5.2,1.13,Betfair,3.1,1.3,Betboom.br,5.25,1.11,Betboom.br,4.1,1.18,Betfair,1.01,1.07,6.0,Novibet,1.04,1.36,2.25,Sportingbet.br,1.05,1.28,2.7,Superbet.br,1.0,9.0,Betano.br,1.06,7.5,Betano.br,1.06,7.8,Betfair,1.5,31.0,176.0,4.0,10.0,36.0,26.0,34.0,36.0,Superbet.br,1.9,1.8,Sportingbet.br,2.0,1.68,,0,0,Betfair,13.0,Betfair,5.5,Betfair,34.0,Betfair,13.0,Betfair,4.5,Betfair,101.0,Betfair,9.5,Betfair,67.0,Betfair,51.0,Betfair,5.0,Betfair,101.0,Betfair,12.0,Betfair,101.0,Betfair,56.0,Betfair,101.0,Betboom.br,2.56,1.45,Betboom.br,2.05,1.69,Betboom.br,1.63,2.12,Betboom.br,1.3,3.2,,0.0,0.0,,0.0,0.0,,0.0,0.0,,0.0,0.0,,0.0,0.0,,0.0,0.0,,0.0,0.0,0,Novibet,2.2,3.95,0.0,,0.0,0.0,0.0,,0.0,0.0,0.0,Novibet,0.0,0.0,2.4,,0,0,0.0,,,,,,,,,,,,,,,,,,,,,,,,,,,,,,,,,,,,,,,,,,,,,,,,,,,,,,,,,,,,,,,,,,,,,,,,,,,,,,,,,,,,,,,,,,,,,,,,,,,,,,,,,,,,,,,,,,,,,,,,,,,,,,,,,,,,,,,,,,,,,,,,,,,,,,,,,,,,,,,,,,,,,,,,,,,,,,,,,,,,,,,,,,,,,,,,,,,,,,,,,,,,
bTZbGQP0,VIETNAM,2024/2025,VIETNAM 2,V League 2,659pm2N7,VIETNAM 2,26/05/2025,09:00,Round 20,Dong Thap,lvKbDDmQ,PVF-CAND,WSRPbuTF,False,0,1,,,,,,[],[19],Betfair,5.0,1.83,2.75,Betboom.br,5.1,2.11,2.42,Betfair,4.2,2.8,1.85,Betboom.br,1.61,2.18,Betboom.br,4.45,1.17,,0.0,0.0,Betboom.br,1.39,2.75,Betboom.br,3.15,1.31,,0.0,0.0,Betfair,1.08,6.5,Betfair,1.5,2.4,Betfair,2.88,1.36,Betfair,5.5,1.11,Betfair,11.0,1.01,Betfair,2.3,1.53,Betboom.br,6.5,1.08,Betboom.br,5.35,1.12,Betfair,1.8,1.36,1.17,Sportingbet.br,1.41,1.85,1.14,Sportingbet.br,1.52,1.65,1.17,Estrelabet,3.0,1.33,Betano.br,2.57,1.45,Betano.br,2.67,1.44,Betfair,7.5,14.0,26.0,9.0,3.75,4.5,51.0,13.0,3.3,Novibet,1.92,1.78,Sportingbet.br,2.25,1.57,,0,0,Betfair,5.5,Betfair,8.0,Betfair,5.0,Betfair,5.5,Betfair,17.0,Betfair,7.0,Betfair,13.0,Betfair,9.0,Betfair,17.0,Betfair,67.0,Betfair,15.0,Betfair,51.0,Betfair,17.0,Betfair,76.0,Betfair,41.0,,0.0,0.0,,0.0,0.0,,0.0,0.0,,0.0,0.0,,0.0,0.0,Betano.br,1.72,1.9,Betboom.br,1.33,3.05,Betboom.br,1.19,4.15,Betboom.br,1.05,7.77,Betboom.br,1.03,9.1,,0.0,0.0,0,,0.0,0.0,0.0,,0.0,0.0,0.0,,0.0,0.0,0.0,,0.0,0.0,0.0,,0,0,0.0,,,,,,,,,,,,,,,,,,,,,,,,,,,,,,,,,,,,,,,,,,,,,,,,,,,,,,,,,,,,,,,,,,,,,,,,,,,,,,,,,,,,,,,,,,,,,,,,,,,,,,,,,,,,,,,,,,,,,,,,,,,,,,,,,,,,,,,,,,,,,,,,,,,,,,,,,,,,,,,,,,,,,,,,,,,,,,,,,,,,,,,,,,,,,,,,,,,,,,,,,,,,
KYKgx8nK,VIETNAM,2024/2025,VIETNAM 2,V League 2,659pm2N7,VIETNAM 2,27/05/2025,11:00,Round 20,Ho Chi Minh 2,IiSwji56,Hoa Binh,OE9clfNc,False,1,1,,,,,,[13],[3],Betfair,4.0,1.83,3.1,Betboom.br,4.55,2.02,2.72,Betfair,3.2,2.75,2.2,Betboom.br,1.62,2.16,Betboom.br,4.55,1.17,Betano.br,7.8,1.03,Betboom.br,1.44,2.59,Betboom.br,3.45,1.27,,0.0,0.0,Betfair,1.08,6.5,Betfair,1.5,2.4,Betfair,2.75,1.4,Betfair,5.5,1.11,Betfair,11.0,1.01,Betfair,2.15,1.6,Betboom.br,6.35,1.08,Betboom.br,5.6,1.11,Betfair,1.57,1.36,1.3,Betboom.br,1.32,1.86,1.13,Sportingbet.br,1.42,1.71,1.2,Betano.br,2.42,1.44,Betano.br,2.37,1.52,Betano.br,2.37,1.53,Betfair,5.5,13.0,31.0,7.0,3.75,5.0,41.0,13.0,4.0,Esportivabet,1.95,1.75,Sportingbet.br,2.2,1.58,,0,0,Betfair,5.5,Betfair,7.0,Betfair,5.5,Betfair,5.5,Betfair,13.0,Betfair,9.0,Betfair,11.0,Betfair,9.0,Betfair,15.0,Betfair,36.0,Betfair,21.0,Betfair,29.0,Betfair,19.0,Betfair,56.0,Betfair,41.0,,0.0,0.0,,0.0,0.0,Betboom.br,5.1,1.13,Betboom.br,3.55,1.25,,0.0,0.0,BR4Bet,1.57,2.16,Betboom.br,1.23,3.8,Betboom.br,1.13,5.05,,0.0,0.0,,0.0,0.0,,0.0,0.0,0,,0.0,0.0,0.0,Betano.br,0.0,0.0,5.1,Estrelabet,1.53,3.5,0.0,,0.0,0.0,0.0,,0,0,0.0,,,,,,,,,,,,,,,,,,,,,,,,,,,,,,,,,,,,,,,,,,,,,,,,,,,,,,,,,,,,,,,,,,,,,,,,,,,,,,,,,,,,,,,,,,,,,,,,,,,,,,,,,,,,,,,,,,,,,,,,,,,,,,,,,,,,,,,,,,,,,,,,,,,,,,,,,,,,,,,,,,,,,,,,,,,,,,,,,,,,,,,,,,,,,,,,,,,,,,,,,,,,
QFyiInel,VIETNAM,2024/2025,VIETNAM 2,V League 2,659pm2N7,VIETNAM 2,26/05/2025,10:00,Round 20,Khanh Hoa,Myp07Vu0,Ho Chi Minh City,z5ftUOgs,False,2,1,,,,,,"[73, 84]",[11],Betfair,2.25,2.1,5.0,Betboom.br,2.06,2.37,5.65,Betfair,1.57,3.5,4.75,Sportingbet.br,1.39,2.75,Betboom.br,3.55,1.26,,0.0,0.0,Betboom.br,1.28,3.3,Betboom.br,2.56,1.44,,0.0,0.0,Betfair,1.05,8.0,Betfair,1.29,3.3,Betfair,2.0,1.73,Betfair,3.6,1.25,Betfair,7.5,1.06,Betfair,1.87,1.8,Betboom.br,5.5,1.11,Betboom.br,4.55,1.15,Betfair,1.14,1.29,2.2,Betboom.br,1.08,1.67,1.52,Sportingbet.br,1.17,1.46,1.72,Superbet.br,1.2,3.65,Betano.br,1.37,2.87,Betano.br,1.35,3.05,Betfair,2.7,13.0,61.0,4.33,4.5,10.0,23.0,14.0,9.5,Superbet.br,1.88,1.82,Sportingbet.br,2.05,1.68,,0,0,Betfair,8.0,Betfair,5.5,Betfair,12.0,Betfair,6.0,Betfair,6.5,Betfair,23.0,Betfair,7.5,Betfair,15.0,Betfair,13.0,Betfair,12.0,Betfair,67.0,Betfair,12.0,Betfair,41.0,Betfair,23.0,Betfair,51.0,Betboom.br,7.2,1.06,Betboom.br,5.95,1.1,Betboom.br,3.05,1.32,Betboom.br,2.25,1.57,Betano.br,1.7,1.9,,0.0,0.0,,0.0,0.0,,0.0,0.0,,0.0,0.0,,0.0,0.0,,0.0,0.0,0,,0.0,0.0,0.0,,0.0,0.0,0.0,,0.0,0.0,0.0,,0.0,0.0,0.0,,0,0,0.0,,,,,,,,,,,,,,,,,,,,,,,,,,,,,,,,,,,,,,,,,,,,,,,,,,,,,,,,,,,,,,,,,,,,,,,,,,,,,,,,,,,,,,,,,,,,,,,,,,,,,,,,,,,,,,,,,,,,,,,,,,,,,,,,,,,,,,,,,,,,,,,,,,,,,,,,,,,,,,,,,,,,,,,,,,,,,,,,,,,,,,,,,,,,,,,,,,,,,,,,,,,,
h84Q1RA7,VIETNAM,2024/2025,VIETNAM 2,V League 2,659pm2N7,VIETNAM 2,18/05/2025,09:00,Round 19,Long An,40Z46ke6,Khanh Hoa,Myp07Vu0,False,1,1,,,,,,[16],[18],Betfair,3.2,1.91,3.5,Betboom.br,2.95,2.38,3.1,Betfair,2.5,3.1,2.55,Betboom.br,1.39,2.75,Betboom.br,3.2,1.3,,0.0,0.0,Betboom.br,1.24,3.7,Betboom.br,2.33,1.53,,0.0,0.0,Betfair,1.05,8.0,Betfair,1.33,3.0,Betfair,2.2,1.6,Betfair,4.0,1.2,Betfair,8.0,1.05,Betfair,1.85,1.85,Betboom.br,4.35,1.17,Betboom.br,3.6,1.24,Betfair,1.44,1.3,1.44,Sportingbet.br,1.29,1.71,1.3,Sportingbet.br,1.35,1.53,1.36,Esportivabet,1.8,1.9,Betano.br,1.82,1.9,Betano.br,1.83,1.9,Betfair,4.2,13.0,26.0,6.0,4.33,6.0,26.0,12.0,4.5,Esportivabet,1.95,1.75,Sportingbet.br,2.1,1.65,,0,0,Betfair,7.0,Betfair,7.0,Betfair,7.5,Betfair,5.5,Betfair,10.0,Betfair,11.0,Betfair,9.0,Betfair,9.0,Betfair,12.0,Betfair,21.0,Betfair,26.0,Betfair,19.0,Betfair,19.0,Betfair,29.0,Betfair,31.0,,0.0,0.0,,0.0,0.0,Betboom.br,5.9,1.1,Betboom.br,4.7,1.16,,0.0,0.0,,0.0,0.0,Betboom.br,1.13,5.1,Betboom.br,1.08,6.35,,0.0,0.0,,0.0,0.0,,0.0,0.0,0,,0.0,0.0,0.0,,0.0,0.0,0.0,,0.0,0.0,0.0,,0.0,0.0,0.0,,0,0,0.0,,,,,,,,,,,,,,,,,,,,,,,,,,,,,,,,,,,,,,,,,,,,,,,,,,,,,,,,,,,,,,,,,,,,,,,,,,,,,,,,,,,,,,,,,,,,,,,,,,,,,,,,,,,,,,,,,,,,,,,,,,,,,,,,,,,,,,,,,,,,,,,,,,,,,,,,,,,,,,,,,,,,,,,,,,,,,,,,,,,,,,,,,,,,,,,,,,,,,,,,,,,,
CA6gD0Di,VIETNAM,2024/2025,VIETNAM 2,V League 2,659pm2N7,VIETNAM 2,04/05/2025,09:00,Round 17,Dong Nai,fydUYIh4,Truong Tuoi Dong Nai,6g0U8aqi,False,1,1,,,,,,[60],[12],Betfair,7.5,1.91,2.1,Sportingbet.br,7.25,2.25,1.87,Betfair,7.0,3.4,1.44,Estrelabet,1.55,2.2,Novibet,3.5,1.24,,0.0,0.0,Sportingbet.br,1.4,2.7,,0.0,0.0,,0.0,0.0,Betfair,1.07,7.0,Betfair,1.5,2.4,Betfair,2.75,1.4,Betfair,5.5,1.11,Betfair,11.0,1.01,Betfair,2.88,1.36,,0.0,0.0,,0.0,0.0,Betfair,2.63,1.29,1.06,Sportingbet.br,1.62,1.75,1.07,Sportingbet.br,1.82,1.57,1.08,Estrelabet,5.0,1.14,Betano.br,3.8,1.22,Betano.br,4.05,1.22,Betfair,12.0,18.0,26.0,13.0,4.5,3.75,91.0,15.0,2.38,Estrelabet,1.9,1.8,Sportingbet.br,2.2,1.58,,0,0,Betfair,6.0,Betfair,12.0,Betfair,4.0,Betfair,7.0,Betfair,36.0,Betfair,5.0,Betfair,23.0,Betfair,8.5,Betfair,23.0,Betfair,101.0,Betfair,9.5,Betfair,81.0,Betfair,13.0,Betfair,101.0,Betfair,56.0,,0.0,0.0,,0.0,0.0,,0.0,0.0,,0.0,0.0,,0.0,0.0,Betano.br,1.93,1.7,Betboom.br,1.89,1.81,Betboom.br,1.49,2.44,Betboom.br,1.11,5.55,Betboom.br,1.08,6.45,,0.0,0.0,0,,0.0,0.0,0.0,Novibet,0.0,0.0,2.7,Novibet,2.3,3.05,0.0,,0.0,0.0,0.0,,0,0,0.0,,,,,,,,,,,,,,,,,,,,,,,,,,,,,,,,,,,,,,,,,,,,,,,,,,,,,,,,,,,,,,,,,,,,,,,,,,,,,,,,,,,,,,,,,,,,,,,,,,,,,,,,,,,,,,,,,,,,,,,,,,,,,,,,,,,,,,,,,,,,,,,,,,,,,,,,,,,,,,,,,,,,,,,,,,,,,,,,,,,,,,,,,,,,,,,,,,,,,,,,,,,,
Y3sDPU2E,VIETNAM,2024/2025,VIETNAM 2,V League 2,659pm2N7,VIETNAM 2,18/05/2025,09:00,Round 19,Ho Chi Minh City,z5ftUOgs,Hue,OjxcKNsg,False,1,1,,,,,,[33],[90],Betfair,4.5,1.91,2.75,Betboom.br,4.3,2.34,2.37,Betfair,3.9,3.1,1.87,Betboom.br,1.5,2.42,Betboom.br,3.8,1.23,,0.0,0.0,Betboom.br,1.27,3.4,Betboom.br,2.51,1.46,,0.0,0.0,Betfair,1.07,7.0,Betfair,1.44,2.6,Betfair,2.4,1.5,Betfair,4.8,1.14,Betfair,10.0,1.02,Betfair,2.1,1.65,Betboom.br,5.4,1.12,Betboom.br,4.1,1.19,Betfair,1.83,1.3,1.2,Betboom.br,1.38,1.74,1.13,Betboom.br,1.51,1.53,1.17,Estrelabet,3.2,1.3,Betano.br,2.65,1.42,Betano.br,2.75,1.42,Betfair,6.5,13.0,23.0,8.0,4.2,4.5,41.0,13.0,3.3,Superbet.br,1.92,1.78,,0.0,0.0,,0,0,Betfair,6.0,Betfair,8.5,Betfair,5.5,Betfair,5.5,Betfair,15.0,Betfair,7.5,Betfair,12.0,Betfair,8.0,Betfair,15.0,Betfair,51.0,Betfair,15.0,Betfair,36.0,Betfair,15.0,Betfair,61.0,Betfair,31.0,,0.0,0.0,Betboom.br,9.1,1.03,Betboom.br,4.4,1.17,Betboom.br,3.7,1.23,,0.0,0.0,Betano.br,1.85,1.75,Betboom.br,1.34,2.97,Betboom.br,1.2,4.0,Betboom.br,1.04,9.0,,0.0,0.0,,0.0,0.0,0,,0.0,0.0,0.0,,0.0,0.0,0.0,,0.0,0.0,0.0,,0.0,0.0,0.0,,0,0,0.0,,,,,,,,,,,,,,,,,,,,,,,,,,,,,,,,,,,,,,,,,,,,,,,,,,,,,,,,,,,,,,,,,,,,,,,,,,,,,,,,,,,,,,,,,,,,,,,,,,,,,,,,,,,,,,,,,,,,,,,,,,,,,,,,,,,,,,,,,,,,,,,,,,,,,,,,,,,,,,,,,,,,,,,,,,,,,,,,,,,,,,,,,,,,,,,,,,,,,,,,,,,,
APnziAdk,VIETNAM,2024/2025,VIETNAM 2,V League 2,659pm2N7,VIETNAM 2,11/05/2025,11:00,Round 18,Ho Chi Minh 2,IiSwji56,Ho Chi Minh City,z5ftUOgs,False,1,0,,,,,,[27],[],Betfair,2.7,1.91,4.5,Betano.br,2.37,2.22,3.85,Betfair,1.91,2.8,3.9,Estrelabet,1.45,2.4,,0.0,0.0,,0.0,0.0,,0.0,0.0,Sportingbet.br,2.45,1.47,,0.0,0.0,Betfair,1.06,7.5,Betfair,1.4,2.75,Betfair,2.4,1.5,Betfair,4.5,1.17,Betfair,9.0,1.03,Betfair,2.0,1.7,,0.0,0.0,,0.0,0.0,Betfair,1.2,1.36,1.73,Sportingbet.br,1.2,1.75,1.4,Sportingbet.br,1.23,1.57,1.49,Superbet.br,1.35,2.72,Novibet,1.49,2.4,Betano.br,1.52,2.45,Betfair,3.3,13.0,41.0,5.0,4.2,8.0,26.0,13.0,6.5,Superbet.br,2.02,1.71,Sportingbet.br,2.15,1.62,,0,0,Betfair,6.5,Betfair,5.5,Betfair,8.5,Betfair,5.5,Betfair,7.5,Betfair,15.0,Betfair,8.0,Betfair,12.0,Betfair,13.0,Betfair,15.0,Betfair,51.0,Betfair,15.0,Betfair,34.0,Betfair,34.0,Betfair,51.0,,0.0,0.0,,0.0,0.0,Betboom.br,4.7,1.15,Betboom.br,2.9,1.35,Betano.br,1.93,1.7,,0.0,0.0,Betboom.br,1.06,7.25,Betboom.br,1.04,8.35,,0.0,0.0,,0.0,0.0,,0.0,0.0,0,,0.0,0.0,0.0,,0.0,0.0,0.0,,0.0,0.0,0.0,,0.0,0.0,0.0,,0,0,0.0,,,,,,,,,,,,,,,,,,,,,,,,,,,,,,,,,,,,,,,,,,,,,,,,,,,,,,,,,,,,,,,,,,,,,,,,,,,,,,,,,,,,,,,,,,,,,,,,,,,,,,,,,,,,,,,,,,,,,,,,,,,,,,,,,,,,,,,,,,,,,,,,,,,,,,,,,,,,,,,,,,,,,,,,,,,,,,,,,,,,,,,,,,,,,,,,,,,,,,,,,,,,
WvyqklR1,VIETNAM,2024/2025,VIETNAM 2,V League 2,659pm2N7,VIETNAM 2,11/05/2025,11:00,Round 18,Truong Tuoi Dong Nai,6g0U8aqi,Hue,OjxcKNsg,False,2,1,,,,,,"[41, 45]",[23],Betfair,1.67,2.3,12.0,Betano.br,1.52,2.67,10.0,Betfair,1.15,5.0,12.0,Esportivabet,1.36,2.66,Esportivabet,2.66,1.36,,0.0,0.0,,0.0,0.0,,0.0,0.0,,0.0,0.0,Betfair,1.03,9.0,Betfair,1.33,3.0,Betfair,2.2,1.6,Betfair,4.0,1.2,Betfair,8.0,1.05,Betfair,3.5,1.25,,0.0,0.0,,0.0,0.0,Betfair,1.03,1.13,4.33,Novibet,1.05,1.53,1.91,,0.0,0.0,0.0,Superbet.br,1.03,8.0,Betano.br,1.1,5.9,Betano.br,1.09,6.6,Betfair,1.73,23.0,201.0,3.5,6.5,23.0,26.0,26.0,26.0,Novibet,1.87,1.83,,0.0,0.0,,0,0,Betfair,8.5,Betfair,4.33,Betfair,23.0,Betfair,11.0,Betfair,4.0,Betfair,76.0,Betfair,9.5,Betfair,61.0,Betfair,51.0,Betfair,6.0,Betfair,101.0,Betfair,13.0,Betfair,101.0,Betfair,67.0,Betfair,101.0,Betboom.br,2.75,1.39,Betboom.br,2.14,1.63,Betboom.br,1.63,2.14,Betboom.br,1.23,3.7,,0.0,0.0,,0.0,0.0,,0.0,0.0,,0.0,0.0,,0.0,0.0,,0.0,0.0,,0.0,0.0,0,Novibet,3.0,3.65,0.0,Novibet,1.92,3.35,0.0,Novibet,0.0,0.0,3.2,Novibet,0.0,0.0,1.92,,0,0,0.0,,,,,,,,,,,,,,,,,,,,,,,,,,,,,,,,,,,,,,,,,,,,,,,,,,,,,,,,,,,,,,,,,,,,,,,,,,,,,,,,,,,,,,,,,,,,,,,,,,,,,,,,,,,,,,,,,,,,,,,,,,,,,,,,,,,,,,,,,,,,,,,,,,,,,,,,,,,,,,,,,,,,,,,,,,,,,,,,,,,,,,,,,,,,,,,,,,,,,,,,,,,,
pO41Bvr4,VIETNAM,2024/2025,VIETNAM 2,V League 2,659pm2N7,VIETNAM 2,10/05/2025,09:00,Round 18,Dong Nai,fydUYIh4,Dong Thap,lvKbDDmQ,False,1,0,,,,,,[81],[],Betfair,3.1,1.73,4.5,Sportingbet.br,2.8,1.9,4.1,Betfair,2.15,2.5,3.7,Sportingbet.br,1.66,2.05,,0.0,0.0,,0.0,0.0,Sportingbet.br,1.53,2.3,,0.0,0.0,,0.0,0.0,Betfair,1.14,4.8,Betfair,1.75,1.95,Betfair,3.6,1.25,Betfair,7.5,1.06,Betfair,11.0,1.01,Betfair,2.5,1.44,,0.0,0.0,,0.0,0.0,Betfair,1.22,1.44,1.57,Novibet,1.18,2.0,1.25,Sportingbet.br,1.2,1.78,1.37,Esportivabet,1.5,2.4,Betano.br,1.6,2.2,Betano.br,1.6,2.25,Betfair,3.75,14.0,56.0,5.0,3.3,8.0,36.0,14.0,6.5,Esportivabet,1.95,1.75,Sportingbet.br,2.3,1.55,,0,0,Betfair,4.5,Betfair,4.5,Betfair,7.0,Betfair,5.5,Betfair,8.0,Betfair,15.0,Betfair,10.0,Betfair,13.0,Betfair,21.0,Betfair,21.0,Betfair,61.0,Betfair,23.0,Betfair,56.0,Betfair,67.0,Betfair,81.0,Betboom.br,7.25,1.06,Betboom.br,6.45,1.08,Betboom.br,3.35,1.28,Betboom.br,3.8,1.22,Betano.br,1.75,1.85,,0.0,0.0,,0.0,0.0,,0.0,0.0,,0.0,0.0,,0.0,0.0,,0.0,0.0,0,,0.0,0.0,0.0,,0.0,0.0,0.0,,0.0,0.0,0.0,,0.0,0.0,0.0,,0,0,0.0,,,,,,,,,,,,,,,,,,,,,,,,,,,,,,,,,,,,,,,,,,,,,,,,,,,,,,,,,,,,,,,,,,,,,,,,,,,,,,,,,,,,,,,,,,,,,,,,,,,,,,,,,,,,,,,,,,,,,,,,,,,,,,,,,,,,,,,,,,,,,,,,,,,,,,,,,,,,,,,,,,,,,,,,,,,,,,,,,,,,,,,,,,,,,,,,,,,,,,,,,,,,
ATvNEhXb,VIETNAM,2024/2025,VIETNAM 2,V League 2,659pm2N7,VIETNAM 2,03/05/2025,08:30,Round 17,Hue,OjxcKNsg,Hoa Binh,OE9clfNc,False,0,1,,,,,,[],[81],Betfair,2.88,1.8,5.0,Betano.br,2.67,2.07,3.7,Betfair,2.0,2.88,3.75,Novibet,1.59,2.1,,0.0,0.0,,0.0,0.0,,0.0,0.0,,0.0,0.0,,0.0,0.0,Betfair,1.11,5.5,Betfair,1.57,2.25,Betfair,3.0,1.33,Betfair,6.5,1.08,Betfair,11.0,1.01,Betfair,2.4,1.5,,0.0,0.0,,0.0,0.0,Betfair,1.22,1.36,1.67,Novibet,1.18,1.83,1.33,,0.0,0.0,0.0,Novibet,1.47,2.5,Novibet,1.52,2.3,Betano.br,1.6,2.25,Betfair,3.4,13.0,56.0,4.5,3.6,8.0,26.0,14.0,7.5,Novibet,1.88,1.82,,0.0,0.0,,0,0,Betfair,5.0,Betfair,4.5,Betfair,8.0,Betfair,5.5,Betfair,7.5,Betfair,15.0,Betfair,9.0,Betfair,13.0,Betfair,19.0,Betfair,15.0,Betfair,61.0,Betfair,17.0,Betfair,46.0,Betfair,51.0,Betfair,76.0,Betboom.br,6.8,1.07,Betboom.br,6.1,1.09,Betboom.br,3.25,1.29,Betboom.br,3.1,1.32,Betano.br,1.9,1.72,,0.0,0.0,,0.0,0.0,,0.0,0.0,,0.0,0.0,,0.0,0.0,,0.0,0.0,0,,0.0,0.0,0.0,Novibet,3.35,3.25,0.0,Novibet,0.0,0.0,1.9,,0.0,0.0,0.0,,0,0,0.0,,,,,,,,,,,,,,,,,,,,,,,,,,,,,,,,,,,,,,,,,,,,,,,,,,,,,,,,,,,,,,,,,,,,,,,,,,,,,,,,,,,,,,,,,,,,,,,,,,,,,,,,,,,,,,,,,,,,,,,,,,,,,,,,,,,,,,,,,,,,,,,,,,,,,,,,,,,,,,,,,,,,,,,,,,,,,,,,,,,,,,,,,,,,,,,,,,,,,,,,,,,,
2ycUCW1B,VIETNAM,2024/2025,VIETNAM 2,V League 2,659pm2N7,VIETNAM 2,03/05/2025,09:00,Round 17,Ho Chi Minh City,z5ftUOgs,PVF-CAND,WSRPbuTF,False,0,1,,,,,,[],[9],Betfair,6.0,2.1,2.1,Sportingbet.br,5.25,2.5,1.88,Betfair,6.0,3.5,1.47,Estrelabet,1.36,2.66,Sportingbet.br,2.75,1.39,,0.0,0.0,,0.0,0.0,Sportingbet.br,2.2,1.57,,0.0,0.0,Betfair,1.03,9.0,Betfair,1.29,3.3,Betfair,2.0,1.73,Betfair,3.6,1.25,Betfair,7.5,1.06,Betfair,2.0,1.7,,0.0,0.0,,0.0,0.0,Betfair,2.4,1.25,1.1,Sportingbet.br,1.62,1.63,1.12,Sportingbet.br,1.8,1.47,1.13,Novibet,4.0,1.2,Betano.br,3.3,1.28,Betano.br,3.4,1.29,Betfair,11.0,15.0,21.0,13.0,5.0,4.0,56.0,13.0,2.38,Superbet.br,1.92,1.8,Sportingbet.br,2.05,1.66,,0,0,Betfair,8.5,Betfair,13.0,Betfair,5.5,Betfair,6.5,Betfair,26.0,Betfair,6.0,Betfair,17.0,Betfair,7.0,Betfair,15.0,Betfair,81.0,Betfair,10.0,Betfair,56.0,Betfair,11.0,Betfair,67.0,Betfair,23.0,,0.0,0.0,,0.0,0.0,,0.0,0.0,,0.0,0.0,,0.0,0.0,,0.0,0.0,Betboom.br,1.9,1.8,Betboom.br,1.52,2.35,Betboom.br,1.2,4.0,Betboom.br,1.14,4.9,,0.0,0.0,0,,0.0,0.0,0.0,Novibet,0.0,0.0,2.6,Novibet,2.25,3.35,0.0,,0.0,0.0,0.0,,0,0,0.0,,,,,,,,,,,,,,,,,,,,,,,,,,,,,,,,,,,,,,,,,,,,,,,,,,,,,,,,,,,,,,,,,,,,,,,,,,,,,,,,,,,,,,,,,,,,,,,,,,,,,,,,,,,,,,,,,,,,,,,,,,,,,,,,,,,,,,,,,,,,,,,,,,,,,,,,,,,,,,,,,,,,,,,,,,,,,,,,,,,,,,,,,,,,,,,,,,,,,,,,,,,,
boTUCiJ8,VIETNAM,2024/2025,VIETNAM 2,V League 2,659pm2N7,VIETNAM 2,11/05/2025,11:00,Round 18,Phu Dong Ninh Binh,GtBp2ZoS,PVF-CAND,WSRPbuTF,False,1,0,,,,,,[15],[],Betfair,2.63,1.83,5.0,Betboom.br,2.41,2.12,5.1,Betfair,1.85,3.0,3.9,Betboom.br,1.6,2.19,Betboom.br,4.4,1.17,,0.0,0.0,Betboom.br,1.39,2.76,Betboom.br,3.15,1.31,,0.0,0.0,Betfair,1.11,6.5,Betfair,1.57,2.25,Betfair,2.88,1.36,Betfair,5.5,1.11,Betfair,11.0,1.01,Betfair,2.3,1.53,Betboom.br,6.5,1.08,Betboom.br,5.35,1.12,Betfair,1.2,1.3,1.83,Sportingbet.br,1.17,1.87,1.37,Sportingbet.br,1.2,1.66,1.46,Estrelabet,1.36,2.9,Betano.br,1.45,2.55,Betano.br,1.44,2.65,Betfair,3.1,13.0,56.0,4.5,3.75,9.0,26.0,14.0,8.0,Sportingbet.br,1.93,1.77,Sportingbet.br,2.25,1.57,,0,0,Betfair,5.5,Betfair,4.5,Betfair,8.5,Betfair,5.5,Betfair,6.5,Betfair,17.0,Betfair,8.5,Betfair,15.0,Betfair,17.0,Betfair,15.0,Betfair,67.0,Betfair,17.0,Betfair,56.0,Betfair,46.0,Betfair,76.0,,0.0,0.0,Betboom.br,8.35,1.04,Betboom.br,4.1,1.19,Betboom.br,3.0,1.34,Betano.br,1.85,1.75,,0.0,0.0,Betboom.br,1.06,7.25,Betboom.br,1.04,8.35,,0.0,0.0,,0.0,0.0,,0.0,0.0,0,,0.0,0.0,0.0,,0.0,0.0,0.0,,0.0,0.0,0.0,,0.0,0.0,0.0,,0,0,0.0,,,,,,,,,,,,,,,,,,,,,,,,,,,,,,,,,,,,,,,,,,,,,,,,,,,,,,,,,,,,,,,,,,,,,,,,,,,,,,,,,,,,,,,,,,,,,,,,,,,,,,,,,,,,,,,,,,,,,,,,,,,,,,,,,,,,,,,,,,,,,,,,,,,,,,,,,,,,,,,,,,,,,,,,,,,,,,,,,,,,,,,,,,,,,,,,,,,,,,,,,,,,
bkB4dBHU,VIETNAM,2024/2025,VIETNAM 2,V League 2,659pm2N7,VIETNAM 2,27/04/2025,11:00,Round 16,Hoa Binh,OE9clfNc,Phu Dong Ninh Binh,GtBp2ZoS,False,1,1,,,,,,[24],[50],Betfair,13.0,1.91,1.91,Betano.br,11.0,2.15,1.75,Betfair,12.0,3.5,1.29,Estrelabet,1.6,2.1,,0.0,0.0,,0.0,0.0,Sportingbet.br,1.47,2.5,,0.0,0.0,,0.0,0.0,Betfair,1.08,6.5,Betfair,1.6,2.2,Betfair,3.2,1.3,Betfair,7.0,1.07,Betfair,11.0,1.01,Betfair,4.33,1.17,,0.0,0.0,,0.0,0.0,Betfair,3.1,1.25,1.03,Sportingbet.br,1.62,1.85,1.05,Sportingbet.br,1.85,1.6,1.05,Betano.br,6.0,1.06,Betano.br,5.8,1.1,Betano.br,6.3,1.1,Betfair,23.0,26.0,41.0,23.0,4.5,3.4,226.0,23.0,2.0,Estrelabet,2.05,1.7,Sportingbet.br,2.3,1.53,,0,0,Betfair,5.5,Betfair,17.0,Betfair,3.5,Betfair,9.5,Betfair,76.0,Betfair,4.0,Betfair,67.0,Betfair,12.0,Betfair,67.0,Betfair,101.0,Betfair,7.0,Betfair,101.0,Betfair,19.0,Betfair,101.0,Betfair,81.0,,0.0,0.0,,0.0,0.0,,0.0,0.0,,0.0,0.0,,0.0,0.0,Betano.br,1.91,1.7,Betano.br,1.98,1.65,,0.0,0.0,,0.0,0.0,,0.0,0.0,,0.0,0.0,0,,0.0,0.0,0.0,,0.0,0.0,0.0,,0.0,0.0,0.0,,0.0,0.0,0.0,,0,0,0.0,,,,,,,,,,,,,,,,,,,,,,,,,,,,,,,,,,,,,,,,,,,,,,,,,,,,,,,,,,,,,,,,,,,,,,,,,,,,,,,,,,,,,,,,,,,,,,,,,,,,,,,,,,,,,,,,,,,,,,,,,,,,,,,,,,,,,,,,,,,,,,,,,,,,,,,,,,,,,,,,,,,,,,,,,,,,,,,,,,,,,,,,,,,,,,,,,,,,,,,,,,,,
2NHebXnI,VIETNAM,2024/2025,VIETNAM 2,V League 2,659pm2N7,VIETNAM 2,27/04/2025,09:00,Round 16,Ho Chi Minh City,z5ftUOgs,Long An,40Z46ke6,False,0,0,,,,,,[],[],Betfair,2.88,1.83,4.33,Sportingbet.br,2.55,2.15,3.8,Betfair,2.05,2.8,3.4,Sportingbet.br,1.53,2.3,,0.0,0.0,,0.0,0.0,,0.0,0.0,Sportingbet.br,2.65,1.42,,0.0,0.0,Betfair,1.07,7.0,Betfair,1.45,2.55,Betfair,2.55,1.45,Betfair,5.2,1.14,Betfair,10.0,1.01,Betfair,2.05,1.67,,0.0,0.0,,0.0,0.0,Betfair,1.29,1.36,1.62,Sportingbet.br,1.2,1.8,1.37,Sportingbet.br,1.23,1.62,1.44,Estrelabet,1.5,2.4,Novibet,1.55,2.25,Betano.br,1.62,2.22,Betfair,3.6,13.0,36.0,5.0,4.0,7.5,26.0,13.0,6.5,Estrelabet,1.95,1.75,Sportingbet.br,2.2,1.6,,0,0,Betfair,6.0,Betfair,5.5,Betfair,8.0,Betfair,5.5,Betfair,8.0,Betfair,13.0,Betfair,8.5,Betfair,12.0,Betfair,13.0,Betfair,17.0,Betfair,46.0,Betfair,17.0,Betfair,31.0,Betfair,36.0,Betfair,56.0,,0.0,0.0,,0.0,0.0,,0.0,0.0,,0.0,0.0,Betano.br,1.93,1.7,,0.0,0.0,,0.0,0.0,,0.0,0.0,,0.0,0.0,,0.0,0.0,,0.0,0.0,0,,0.0,0.0,0.0,,0.0,0.0,0.0,,0.0,0.0,0.0,,0.0,0.0,0.0,,0,0,0.0,,,,,,,,,,,,,,,,,,,,,,,,,,,,,,,,,,,,,,,,,,,,,,,,,,,,,,,,,,,,,,,,,,,,,,,,,,,,,,,,,,,,,,,,,,,,,,,,,,,,,,,,,,,,,,,,,,,,,,,,,,,,,,,,,,,,,,,,,,,,,,,,,,,,,,,,,,,,,,,,,,,,,,,,,,,,,,,,,,,,,,,,,,,,,,,,,,,,,,,,,,,,
tl55mGYa,VIETNAM,2024/2025,VIETNAM 2,V League 2,659pm2N7,VIETNAM 2,20/04/2025,11:00,Round 15,Truong Tuoi Dong Nai,6g0U8aqi,Hoa Binh,OE9clfNc,False,2,1,,,,,,"[28, 90]",[9],Betfair,2.0,1.91,9.0,Betano.br,1.8,2.18,8.75,Betfair,1.33,3.5,9.5,Esportivabet,1.55,2.2,,0.0,0.0,,0.0,0.0,Sportingbet.br,1.38,2.75,Sportingbet.br,2.8,1.38,,0.0,0.0,Betfair,1.08,6.5,Betfair,1.5,2.4,Betfair,2.88,1.36,Betfair,5.5,1.11,Betfair,11.0,1.01,Betfair,3.2,1.29,,0.0,0.0,,0.0,0.0,Betfair,1.05,1.25,2.88,Sportingbet.br,1.06,1.77,1.66,Sportingbet.br,1.06,1.52,1.95,Esportivabet,1.08,6.0,Betano.br,1.14,4.9,Betano.br,1.14,5.3,Betfair,2.2,19.0,126.0,3.5,4.5,15.0,31.0,21.0,15.0,Novibet,1.88,1.81,Sportingbet.br,2.2,1.58,,0,0,Betfair,6.0,Betfair,3.75,Betfair,13.0,Betfair,8.0,Betfair,4.5,Betfair,56.0,Betfair,9.0,Betfair,31.0,Betfair,34.0,Betfair,8.5,Betfair,101.0,Betfair,15.0,Betfair,101.0,Betfair,67.0,Betfair,101.0,,0.0,0.0,,0.0,0.0,Betano.br,1.87,1.75,Betano.br,1.7,1.93,,0.0,0.0,,0.0,0.0,,0.0,0.0,,0.0,0.0,,0.0,0.0,,0.0,0.0,,0.0,0.0,0,,0.0,0.0,0.0,Novibet,2.45,3.0,0.0,Novibet,0.0,0.0,2.55,,0.0,0.0,0.0,,0,0,0.0,,,,,,,,,,,,,,,,,,,,,,,,,,,,,,,,,,,,,,,,,,,,,,,,,,,,,,,,,,,,,,,,,,,,,,,,,,,,,,,,,,,,,,,,,,,,,,,,,,,,,,,,,,,,,,,,,,,,,,,,,,,,,,,,,,,,,,,,,,,,,,,,,,,,,,,,,,,,,,,,,,,,,,,,,,,,,,,,,,,,,,,,,,,,,,,,,,,,,,,,,,,,
tCikRsvJ,VIETNAM,2024/2025,VIETNAM 2,V League 2,659pm2N7,VIETNAM 2,14/06/2025,09:00,Round 21,Ho Chi Minh City,z5ftUOgs,Dong Thap,lvKbDDmQ,False,0,2,,,,,,[],"[52, 61]",Betfair,3.75,1.91,3.1,Novibet,2.45,2.2,3.7,Betfair,3.0,2.75,2.25,Esportivabet,1.5,2.3,,0.0,0.0,,0.0,0.0,,0.0,0.0,Sportingbet.br,2.6,1.42,,0.0,0.0,Betfair,1.07,7.0,Betfair,1.45,2.55,Betfair,2.55,1.45,Betfair,5.5,1.11,Betfair,11.0,1.01,Betfair,2.05,1.67,,0.0,0.0,,0.0,0.0,Betfair,1.53,1.36,1.3,Sportingbet.br,1.32,1.8,1.23,Sportingbet.br,1.39,1.61,1.28,Novibet,1.48,2.45,Novibet,1.53,2.3,Betano.br,2.15,1.65,Betfair,5.0,13.0,26.0,6.5,4.2,5.5,36.0,13.0,3.75,Superbet.br,1.97,1.75,Sportingbet.br,2.15,1.6,,0,0,Betfair,6.5,Betfair,6.5,Betfair,5.5,Betfair,5.5,Betfair,13.0,Betfair,9.0,Betfair,10.0,Betfair,9.0,Betfair,15.0,Betfair,36.0,Betfair,21.0,Betfair,31.0,Betfair,21.0,Betfair,51.0,Betfair,36.0,,0.0,0.0,,0.0,0.0,,0.0,0.0,,0.0,0.0,BR4Bet,2.16,1.57,BR4Bet,1.53,2.22,Betboom.br,1.1,5.8,Betboom.br,1.06,7.2,Betboom.br,1.04,8.0,Betboom.br,1.28,3.35,,0.0,0.0,0,,0.0,0.0,0.0,,0.0,0.0,0.0,,0.0,0.0,0.0,,0.0,0.0,0.0,,0,0,0.0,,,,,,,,,,,,,,,,,,,,,,,,,,,,,,,,,,,,,,,,,,,,,,,,,,,,,,,,,,,,,,,,,,,,,,,,,,,,,,,,,,,,,,,,,,,,,,,,,,,,,,,,,,,,,,,,,,,,,,,,,,,,,,,,,,,,,,,,,,,,,,,,,,,,,,,,,,,,,,,,,,,,,,,,,,,,,,,,,,,,,,,,,,,,,,,,,,,,,,,,,,,,
4QK29ICG,VIETNAM,2024/2025,VIETNAM 2,V League 2,659pm2N7,VIETNAM 2,10/05/2025,10:00,Round 18,Khanh Hoa,Myp07Vu0,Hoa Binh,OE9clfNc,False,1,1,,,,,,[81],[29],Betfair,2.88,1.83,4.5,Betboom.br,2.59,2.16,4.3,Betfair,2.05,2.88,3.5,Esportivabet,1.5,2.3,Betboom.br,4.15,1.19,,0.0,0.0,Betboom.br,1.36,2.9,Betboom.br,2.95,1.35,,0.0,0.0,Betfair,1.08,6.5,Betfair,1.45,2.55,Betfair,2.55,1.45,Betfair,5.2,1.13,Betfair,11.0,1.01,Betfair,2.1,1.65,Betboom.br,5.85,1.07,,0.0,0.0,Betfair,1.25,1.33,1.67,Sportingbet.br,1.19,1.82,1.37,Sportingbet.br,1.21,1.66,1.44,Estrelabet,1.45,2.4,Betano.br,1.53,2.35,Betano.br,1.57,2.32,Betfair,3.5,13.0,41.0,5.0,4.0,7.5,26.0,13.0,6.5,Superbet.br,1.92,1.8,Sportingbet.br,2.2,1.6,,0,0,Betfair,6.0,Betfair,5.5,Betfair,8.0,Betfair,5.5,Betfair,7.5,Betfair,15.0,Betfair,8.5,Betfair,12.0,Betfair,15.0,Betfair,17.0,Betfair,51.0,Betfair,17.0,Betfair,36.0,Betfair,36.0,Betfair,56.0,,0.0,0.0,Betboom.br,9.1,1.03,Betboom.br,4.7,1.16,Betboom.br,3.55,1.26,Esportivabet,2.14,1.52,,0.0,0.0,Betboom.br,1.09,6.1,Betboom.br,1.06,7.25,,0.0,0.0,,0.0,0.0,,0.0,0.0,0,,0.0,0.0,0.0,Estrelabet,4.0,3.6,0.0,Estrelabet,0.0,0.0,1.55,,0.0,0.0,0.0,,0,0,0.0,,,,,,,,,,,,,,,,,,,,,,,,,,,,,,,,,,,,,,,,,,,,,,,,,,,,,,,,,,,,,,,,,,,,,,,,,,,,,,,,,,,,,,,,,,,,,,,,,,,,,,,,,,,,,,,,,,,,,,,,,,,,,,,,,,,,,,,,,,,,,,,,,,,,,,,,,,,,,,,,,,,,,,,,,,,,,,,,,,,,,,,,,,,,,,,,,,,,,,,,,,,,
fZy95lfo,VIETNAM,2024/2025,VIETNAM 2,V League 2,659pm2N7,VIETNAM 2,04/05/2025,09:00,Round 17,Long An,40Z46ke6,Ho Chi Minh 2,IiSwji56,False,0,0,,,,,,[],[],Betfair,2.88,1.91,4.2,Estrelabet,2.57,2.1,3.6,Betfair,1.95,3.2,3.4,Sportingbet.br,1.49,2.45,Betano.br,2.52,1.36,,0.0,0.0,,0.0,0.0,Estrelabet,2.54,1.4,,0.0,0.0,Betfair,1.06,7.5,Betfair,1.4,2.75,Betfair,2.25,1.57,Betfair,4.5,1.17,Betfair,9.0,1.03,Betfair,1.95,1.73,,0.0,0.0,,0.0,0.0,Betfair,1.3,1.3,1.62,Sportingbet.br,1.23,1.75,1.36,Sportingbet.br,1.26,1.58,1.43,Superbet.br,1.49,2.3,Betano.br,1.6,2.22,Betano.br,1.6,2.25,Betfair,3.6,13.0,34.0,5.0,4.2,7.5,26.0,13.0,6.0,Sportingbet.br,1.88,1.8,Sportingbet.br,2.15,1.62,,0,0,Betfair,6.5,Betfair,6.0,Betfair,9.0,Betfair,5.5,Betfair,7.5,Betfair,15.0,Betfair,8.0,Betfair,12.0,Betfair,13.0,Betfair,15.0,Betfair,51.0,Betfair,15.0,Betfair,31.0,Betfair,29.0,Betfair,51.0,,0.0,0.0,,0.0,0.0,Betboom.br,3.1,1.32,Betboom.br,2.65,1.42,Esportivabet,2.16,1.52,,0.0,0.0,Betboom.br,1.08,6.45,Betboom.br,1.05,7.77,,0.0,0.0,,0.0,0.0,,0.0,0.0,0,,0.0,0.0,0.0,Esportivabet,4.25,3.6,0.0,Estrelabet,0.0,0.0,1.52,,0.0,0.0,0.0,,0,0,0.0,,,,,,,,,,,,,,,,,,,,,,,,,,,,,,,,,,,,,,,,,,,,,,,,,,,,,,,,,,,,,,,,,,,,,,,,,,,,,,,,,,,,,,,,,,,,,,,,,,,,,,,,,,,,,,,,,,,,,,,,,,,,,,,,,,,,,,,,,,,,,,,,,,,,,,,,,,,,,,,,,,,,,,,,,,,,,,,,,,,,,,,,,,,,,,,,,,,,,,,,,,,,
nRRW3yJt,VIETNAM,2024/2025,VIETNAM 2,V League 2,659pm2N7,VIETNAM 2,20/04/2025,08:30,Round 15,PVF-CAND,WSRPbuTF,Long An,40Z46ke6,False,3,0,,,,,,"[5, 26, 90]",[],Betfair,1.67,2.4,9.5,Betano.br,1.44,3.05,9.5,Betfair,1.18,4.75,11.0,Sportingbet.br,1.38,2.75,Novibet,2.5,1.43,,0.0,0.0,,0.0,0.0,Sportingbet.br,2.0,1.7,,0.0,0.0,Betfair,1.01,11.0,Betfair,1.2,4.0,Betfair,1.75,1.95,Betfair,3.0,1.33,Betfair,6.5,1.08,Betfair,2.3,1.53,,0.0,0.0,,0.0,0.0,Betfair,1.03,1.14,3.75,Sportingbet.br,1.05,1.49,2.05,Sportingbet.br,1.06,1.36,2.35,Superbet.br,1.03,8.0,Betano.br,1.1,6.0,Betano.br,1.09,6.6,Betfair,1.8,18.0,91.0,3.75,7.5,20.0,21.0,21.0,19.0,Superbet.br,1.87,1.83,Sportingbet.br,2.05,1.68,,0,0,Betfair,11.0,Betfair,5.5,Betfair,21.0,Betfair,9.0,Betfair,5.0,Betfair,67.0,Betfair,8.0,Betfair,31.0,Betfair,23.0,Betfair,7.0,Betfair,101.0,Betfair,9.5,Betfair,81.0,Betfair,29.0,Betfair,81.0,,0.0,0.0,,0.0,0.0,Betano.br,1.78,1.82,,0.0,0.0,,0.0,0.0,,0.0,0.0,,0.0,0.0,,0.0,0.0,,0.0,0.0,,0.0,0.0,,0.0,0.0,0,,0.0,0.0,0.0,Novibet,1.9,3.45,0.0,Novibet,0.0,0.0,3.2,,0.0,0.0,0.0,,0,0,0.0,,,,,,,,,,,,,,,,,,,,,,,,,,,,,,,,,,,,,,,,,,,,,,,,,,,,,,,,,,,,,,,,,,,,,,,,,,,,,,,,,,,,,,,,,,,,,,,,,,,,,,,,,,,,,,,,,,,,,,,,,,,,,,,,,,,,,,,,,,,,,,,,,,,,,,,,,,,,,,,,,,,,,,,,,,,,,,,,,,,,,,,,,,,,,,,,,,,,,,,,,,,,
fiVv2Fmg,VIETNAM,2024/2025,VIETNAM 2,V League 2,659pm2N7,VIETNAM 2,26/04/2025,11:00,Round 16,Truong Tuoi Dong Nai,6g0U8aqi,Dong Thap,lvKbDDmQ,False,2,0,,,,,,"[73, 90]",[],Betfair,2.0,1.91,10.0,Betano.br,1.8,2.15,9.0,Betfair,1.36,3.8,8.5,Estrelabet,1.55,2.2,Novibet,3.75,1.21,,0.0,0.0,Sportingbet.br,1.43,2.6,,0.0,0.0,,0.0,0.0,Betfair,1.08,6.5,Betfair,1.57,2.25,Betfair,2.88,1.36,Betfair,6.5,1.08,Betfair,11.0,1.01,Betfair,3.3,1.29,,0.0,0.0,,0.0,0.0,Betfair,1.06,1.22,2.8,Sportingbet.br,1.06,1.78,1.63,Sportingbet.br,1.06,1.58,1.85,Estrelabet,1.08,6.0,Betano.br,1.13,5.1,Betano.br,1.13,5.4,Betfair,2.1,20.0,126.0,3.6,4.5,15.0,34.0,21.0,15.0,Novibet,1.89,1.81,Sportingbet.br,2.25,1.57,,0,0,Betfair,5.5,Betfair,3.75,Betfair,13.0,Betfair,8.0,Betfair,4.5,Betfair,61.0,Betfair,9.5,Betfair,36.0,Betfair,41.0,Betfair,8.5,Betfair,101.0,Betfair,15.0,Betfair,101.0,Betfair,76.0,Betfair,101.0,,0.0,0.0,,0.0,0.0,Betano.br,1.88,1.72,Betano.br,1.7,1.91,,0.0,0.0,,0.0,0.0,,0.0,0.0,,0.0,0.0,,0.0,0.0,,0.0,0.0,,0.0,0.0,0,,0.0,0.0,0.0,Novibet,2.5,3.0,0.0,Novibet,0.0,0.0,2.5,,0.0,0.0,0.0,,0,0,0.0,,,,,,,,,,,,,,,,,,,,,,,,,,,,,,,,,,,,,,,,,,,,,,,,,,,,,,,,,,,,,,,,,,,,,,,,,,,,,,,,,,,,,,,,,,,,,,,,,,,,,,,,,,,,,,,,,,,,,,,,,,,,,,,,,,,,,,,,,,,,,,,,,,,,,,,,,,,,,,,,,,,,,,,,,,,,,,,,,,,,,,,,,,,,,,,,,,,,,,,,,,,,
E1oEGE2n,VIETNAM,2024/2025,VIETNAM 2,V League 2,659pm2N7,VIETNAM 2,27/04/2025,11:00,Round 16,Ho Chi Minh 2,IiSwji56,Dong Nai,fydUYIh4,False,0,0,,,,,,[],[],Betfair,3.3,1.73,4.33,Sportingbet.br,3.0,1.93,3.6,Betfair,2.3,2.63,3.1,Sportingbet.br,1.7,2.0,,0.0,0.0,,0.0,0.0,Sportingbet.br,1.5,2.37,,0.0,0.0,,0.0,0.0,Betfair,1.13,5.2,Betfair,1.65,2.1,Betfair,3.3,1.29,Betfair,7.0,1.07,,0.0,0.0,Betfair,2.38,1.5,,0.0,0.0,,0.0,0.0,Betfair,1.3,1.4,1.5,Sportingbet.br,1.21,1.95,1.28,Sportingbet.br,1.25,1.75,1.33,Novibet,1.6,2.2,Novibet,1.62,2.1,Betano.br,1.78,1.98,Betfair,4.0,13.0,46.0,5.5,3.4,7.5,36.0,13.0,6.0,Superbet.br,1.97,1.75,Sportingbet.br,2.3,1.53,,0,0,Betfair,4.5,Betfair,5.0,Betfair,6.5,Betfair,5.5,Betfair,8.5,Betfair,13.0,Betfair,9.5,Betfair,13.0,Betfair,17.0,Betfair,21.0,Betfair,46.0,Betfair,23.0,Betfair,36.0,Betfair,67.0,Betfair,67.0,,0.0,0.0,,0.0,0.0,,0.0,0.0,,0.0,0.0,,0.0,0.0,,0.0,0.0,,0.0,0.0,,0.0,0.0,,0.0,0.0,,0.0,0.0,,0.0,0.0,0,,0.0,0.0,0.0,,0.0,0.0,0.0,,0.0,0.0,0.0,,0.0,0.0,0.0,,0,0,0.0,,,,,,,,,,,,,,,,,,,,,,,,,,,,,,,,,,,,,,,,,,,,,,,,,,,,,,,,,,,,,,,,,,,,,,,,,,,,,,,,,,,,,,,,,,,,,,,,,,,,,,,,,,,,,,,,,,,,,,,,,,,,,,,,,,,,,,,,,,,,,,,,,,,,,,,,,,,,,,,,,,,,,,,,,,,,,,,,,,,,,,,,,,,,,,,,,,,,,,,,,,,,
OjowBAWN,VIETNAM,2024/2025,VIETNAM 2,V League 2,659pm2N7,VIETNAM 2,03/05/2025,09:00,Round 17,Dong Thap,lvKbDDmQ,Khanh Hoa,Myp07Vu0,False,1,2,,,,,,[5],"[38, 45]",Betfair,2.4,1.83,6.0,Sportingbet.br,2.15,2.15,5.0,Betfair,1.67,3.0,5.0,Estrelabet,1.55,2.2,Superbet.br,4.1,1.2,,0.0,0.0,Sportingbet.br,1.39,2.75,,0.0,0.0,,0.0,0.0,Betfair,1.08,6.5,Betfair,1.5,2.4,Betfair,2.75,1.4,Betfair,5.5,1.11,Betfair,11.0,1.01,Betfair,2.55,1.45,Superbet.br,6.75,1.07,,0.0,0.0,Betfair,1.11,1.3,2.0,Sportingbet.br,1.13,1.8,1.47,Sportingbet.br,1.14,1.61,1.6,Estrelabet,1.25,3.6,Novibet,1.3,3.1,Betano.br,1.36,3.0,Betfair,2.7,14.0,76.0,4.2,4.2,11.0,26.0,15.0,10.0,Estrelabet,1.9,1.8,Sportingbet.br,2.2,1.58,,0,0,Betfair,5.5,Betfair,4.5,Betfair,9.5,Betfair,6.0,Betfair,5.5,Betfair,23.0,Betfair,8.5,Betfair,17.0,Betfair,21.0,Betfair,12.0,Betfair,81.0,Betfair,15.0,Betfair,67.0,Betfair,51.0,Betfair,81.0,Betboom.br,9.1,1.03,Betboom.br,8.35,1.04,Betboom.br,3.15,1.31,Betboom.br,2.39,1.51,Superbet.br,1.72,1.9,,0.0,0.0,,0.0,0.0,,0.0,0.0,,0.0,0.0,,0.0,0.0,,0.0,0.0,0,,0.0,0.0,0.0,Novibet,3.25,3.15,0.0,Novibet,0.0,0.0,1.98,,0.0,0.0,0.0,,0,0,0.0,,,,,,,,,,,,,,,,,,,,,,,,,,,,,,,,,,,,,,,,,,,,,,,,,,,,,,,,,,,,,,,,,,,,,,,,,,,,,,,,,,,,,,,,,,,,,,,,,,,,,,,,,,,,,,,,,,,,,,,,,,,,,,,,,,,,,,,,,,,,,,,,,,,,,,,,,,,,,,,,,,,,,,,,,,,,,,,,,,,,,,,,,,,,,,,,,,,,,,,,,,,,
G6Jm0gI5,VIETNAM,2024/2025,VIETNAM 2,V League 2,659pm2N7,VIETNAM 2,26/04/2025,10:00,Round 16,Khanh Hoa,Myp07Vu0,Hue,OjxcKNsg,False,0,2,,,,,,[],"[13, 75]",Betfair,2.1,2.0,6.5,Betano.br,1.8,2.4,6.4,Betfair,1.5,3.6,5.5,Novibet,1.49,2.4,Novibet,3.2,1.28,,0.0,0.0,,0.0,0.0,,0.0,0.0,,0.0,0.0,Betfair,1.05,8.0,Betfair,1.36,2.88,Betfair,2.25,1.57,Betfair,4.0,1.2,Betfair,9.0,1.03,Betfair,2.2,1.6,,0.0,0.0,,0.0,0.0,Betfair,1.11,1.25,2.38,Novibet,1.12,1.67,1.56,,0.0,0.0,0.0,Betano.br,1.13,4.5,Betano.br,1.2,4.05,Betano.br,1.2,4.25,Betfair,2.4,14.0,61.0,4.0,4.5,12.0,23.0,15.0,11.0,Estrelabet,1.9,1.8,,0.0,0.0,,0,0,Betfair,7.0,Betfair,5.0,Betfair,12.0,Betfair,6.5,Betfair,6.0,Betfair,29.0,Betfair,7.5,Betfair,17.0,Betfair,17.0,Betfair,10.0,Betfair,81.0,Betfair,12.0,Betfair,67.0,Betfair,31.0,Betfair,76.0,,0.0,0.0,,0.0,0.0,,0.0,0.0,Betano.br,1.72,1.9,Betano.br,1.83,1.78,,0.0,0.0,,0.0,0.0,,0.0,0.0,,0.0,0.0,,0.0,0.0,,0.0,0.0,0,,0.0,0.0,0.0,Novibet,2.8,3.2,0.0,Novibet,0.0,0.0,2.15,,0.0,0.0,0.0,,0,0,0.0,,,,,,,,,,,,,,,,,,,,,,,,,,,,,,,,,,,,,,,,,,,,,,,,,,,,,,,,,,,,,,,,,,,,,,,,,,,,,,,,,,,,,,,,,,,,,,,,,,,,,,,,,,,,,,,,,,,,,,,,,,,,,,,,,,,,,,,,,,,,,,,,,,,,,,,,,,,,,,,,,,,,,,,,,,,,,,,,,,,,,,,,,,,,,,,,,,,,,,,,,,,,
zmbEof3C,VIETNAM,2024/2025,VIETNAM 2,V League 2,659pm2N7,VIETNAM 2,19/04/2025,11:00,Round 15,Phu Dong Ninh Binh,GtBp2ZoS,Khanh Hoa,Myp07Vu0,False,2,0,,,,,,"[45, 84]",[],Betfair,1.73,2.38,9.0,Estrelabet,1.52,2.62,9.5,Betfair,1.2,5.0,11.0,Novibet,1.38,2.65,Sportingbet.br,2.75,1.39,,0.0,0.0,,0.0,0.0,Sportingbet.br,2.1,1.65,,0.0,0.0,Betfair,1.01,10.0,Betfair,1.25,3.6,Betfair,1.85,1.85,Betfair,3.3,1.29,Betfair,7.0,1.07,Betfair,2.4,1.5,,0.0,0.0,,0.0,0.0,Betfair,1.04,1.14,3.75,Sportingbet.br,1.07,1.51,1.93,Sportingbet.br,1.07,1.37,2.25,Esportivabet,1.04,8.0,Betano.br,1.12,5.4,Betano.br,1.11,5.8,Betfair,1.83,19.0,91.0,3.75,7.0,18.0,21.0,21.0,17.0,Novibet,1.86,1.84,Sportingbet.br,2.0,1.7,,0,0,Betfair,10.0,Betfair,5.0,Betfair,21.0,Betfair,9.0,Betfair,4.5,Betfair,67.0,Betfair,7.5,Betfair,31.0,Betfair,23.0,Betfair,7.0,Betfair,101.0,Betfair,10.0,Betfair,81.0,Betfair,31.0,Betfair,81.0,,0.0,0.0,Betano.br,1.83,1.78,Estrelabet,1.83,1.83,,0.0,0.0,,0.0,0.0,,0.0,0.0,,0.0,0.0,,0.0,0.0,,0.0,0.0,,0.0,0.0,,0.0,0.0,0,Novibet,2.95,3.8,0.0,Novibet,1.91,3.4,0.0,Novibet,0.0,0.0,3.2,Novibet,0.0,0.0,1.9,,0,0,0.0,,,,,,,,,,,,,,,,,,,,,,,,,,,,,,,,,,,,,,,,,,,,,,,,,,,,,,,,,,,,,,,,,,,,,,,,,,,,,,,,,,,,,,,,,,,,,,,,,,,,,,,,,,,,,,,,,,,,,,,,,,,,,,,,,,,,,,,,,,,,,,,,,,,,,,,,,,,,,,,,,,,,,,,,,,,,,,,,,,,,,,,,,,,,,,,,,,,,,,,,,,,,
80dMqYXO,VIETNAM,2024/2025,VIETNAM 2,V League 2,659pm2N7,VIETNAM 2,20/04/2025,09:00,Round 15,Dong Thap,lvKbDDmQ,Hue,OjxcKNsg,False,3,0,,,,,,"[9, 51, 89]",[],Betfair,2.2,1.83,8.0,Esportivabet,2.08,2.0,6.5,Betfair,1.47,3.1,7.5,Estrelabet,1.55,2.2,,0.0,0.0,,0.0,0.0,Esportivabet,1.45,2.4,,0.0,0.0,,0.0,0.0,Betfair,1.11,5.5,Betfair,1.57,2.25,Betfair,2.88,1.36,Betfair,6.5,1.08,Betfair,11.0,1.01,Betfair,2.9,1.33,,0.0,0.0,,0.0,0.0,Betfair,1.06,1.3,2.4,Betano.br,1.1,1.78,1.47,Esportivabet,1.0,1.55,1.52,Estrelabet,1.14,5.0,Novibet,1.21,3.75,Betano.br,1.25,3.7,Betfair,2.4,17.0,91.0,3.75,4.2,13.0,31.0,19.0,13.0,Superbet.br,1.92,1.8,,0.0,0.0,,0,0,Betfair,5.5,Betfair,4.0,Betfair,11.0,Betfair,7.0,Betfair,5.0,Betfair,36.0,Betfair,9.0,Betfair,23.0,Betfair,31.0,Betfair,9.5,Betfair,101.0,Betfair,15.0,Betfair,81.0,Betfair,61.0,Betfair,101.0,,0.0,0.0,,0.0,0.0,,0.0,0.0,Betano.br,1.98,1.65,Esportivabet,1.62,2.0,,0.0,0.0,,0.0,0.0,,0.0,0.0,,0.0,0.0,,0.0,0.0,,0.0,0.0,0,,0.0,0.0,0.0,Novibet,2.8,3.05,0.0,Novibet,0.0,0.0,2.25,,0.0,0.0,0.0,,0,0,0.0,,,,,,,,,,,,,,,,,,,,,,,,,,,,,,,,,,,,,,,,,,,,,,,,,,,,,,,,,,,,,,,,,,,,,,,,,,,,,,,,,,,,,,,,,,,,,,,,,,,,,,,,,,,,,,,,,,,,,,,,,,,,,,,,,,,,,,,,,,,,,,,,,,,,,,,,,,,,,,,,,,,,,,,,,,,,,,,,,,,,,,,,,,,,,,,,,,,,,,,,,,,,
GW2vZGJ6,VIETNAM,2024/2025,VIETNAM 2,V League 2,659pm2N7,VIETNAM 2,12/04/2025,10:00,Round 14,Khanh Hoa,Myp07Vu0,Truong Tuoi Dong Nai,6g0U8aqi,False,0,2,,,,,,[],"[68, 79]",Betfair,4.5,1.91,2.63,Sportingbet.br,4.6,2.05,2.37,Betfair,4.0,3.4,1.8,Novibet,1.5,2.3,,0.0,0.0,,0.0,0.0,Sportingbet.br,1.42,2.6,,0.0,0.0,,0.0,0.0,Betfair,1.07,7.0,Betfair,1.4,2.75,Betfair,2.4,1.5,Betfair,4.5,1.17,Betfair,9.0,1.03,Betfair,2.1,1.65,,0.0,0.0,,0.0,0.0,Betfair,1.91,1.29,1.2,Sportingbet.br,1.42,1.83,1.15,Sportingbet.br,1.51,1.65,1.17,Esportivabet,2.9,1.36,Novibet,2.55,1.43,Betano.br,2.57,1.47,Betfair,7.0,13.0,23.0,8.5,4.2,4.5,41.0,13.0,3.2,Esportivabet,1.9,1.8,Sportingbet.br,2.2,1.58,,0,0,Betfair,6.5,Betfair,9.0,Betfair,5.5,Betfair,5.5,Betfair,15.0,Betfair,7.5,Betfair,13.0,Betfair,8.0,Betfair,15.0,Betfair,56.0,Betfair,15.0,Betfair,36.0,Betfair,15.0,Betfair,56.0,Betfair,31.0,,0.0,0.0,,0.0,0.0,,0.0,0.0,,0.0,0.0,,0.0,0.0,Betano.br,1.7,1.93,,0.0,0.0,,0.0,0.0,,0.0,0.0,,0.0,0.0,,0.0,0.0,0,,0.0,0.0,0.0,Novibet,0.0,0.0,3.4,Novibet,1.87,3.3,0.0,,0.0,0.0,0.0,,0,0,0.0,,,,,,,,,,,,,,,,,,,,,,,,,,,,,,,,,,,,,,,,,,,,,,,,,,,,,,,,,,,,,,,,,,,,,,,,,,,,,,,,,,,,,,,,,,,,,,,,,,,,,,,,,,,,,,,,,,,,,,,,,,,,,,,,,,,,,,,,,,,,,,,,,,,,,,,,,,,,,,,,,,,,,,,,,,,,,,,,,,,,,,,,,,,,,,,,,,,,,,,,,,,,
YN1ckx4m,VIETNAM,2024/2025,VIETNAM 2,V League 2,659pm2N7,VIETNAM 2,19/04/2025,09:00,Round 15,Dong Nai,fydUYIh4,Ho Chi Minh City,z5ftUOgs,False,4,0,,,,,,"[8, 58, 65, 80]",[],Betfair,2.2,2.0,6.0,Sportingbet.br,2.05,2.3,5.25,Betfair,1.55,3.3,6.0,Estrelabet,1.45,2.4,Esportivabet,2.66,1.36,,0.0,0.0,,0.0,0.0,Sportingbet.br,2.5,1.46,,0.0,0.0,Betfair,1.06,7.5,Betfair,1.36,2.88,Betfair,2.25,1.57,Betfair,4.5,1.17,Betfair,9.0,1.03,Betfair,2.25,1.57,,0.0,0.0,,0.0,0.0,Betfair,1.1,1.29,2.25,Sportingbet.br,1.12,1.75,1.52,Sportingbet.br,1.14,1.55,1.68,Novibet,1.17,4.35,Novibet,1.23,3.6,Betano.br,1.33,3.1,Betfair,2.5,14.0,61.0,4.2,4.5,12.0,23.0,15.0,11.0,Superbet.br,1.92,1.8,Sportingbet.br,2.15,1.6,,0,0,Betfair,6.5,Betfair,5.0,Betfair,12.0,Betfair,6.5,Betfair,5.5,Betfair,26.0,Betfair,8.0,Betfair,17.0,Betfair,17.0,Betfair,11.0,Betfair,81.0,Betfair,13.0,Betfair,67.0,Betfair,34.0,Betfair,76.0,,0.0,0.0,,0.0,0.0,,0.0,0.0,Betano.br,1.78,1.83,Betano.br,1.72,1.9,,0.0,0.0,,0.0,0.0,,0.0,0.0,,0.0,0.0,,0.0,0.0,,0.0,0.0,0,,0.0,0.0,0.0,Novibet,2.75,3.2,0.0,Novibet,0.0,0.0,2.2,,0.0,0.0,0.0,,0,0,0.0,,,,,,,,,,,,,,,,,,,,,,,,,,,,,,,,,,,,,,,,,,,,,,,,,,,,,,,,,,,,,,,,,,,,,,,,,,,,,,,,,,,,,,,,,,,,,,,,,,,,,,,,,,,,,,,,,,,,,,,,,,,,,,,,,,,,,,,,,,,,,,,,,,,,,,,,,,,,,,,,,,,,,,,,,,,,,,,,,,,,,,,,,,,,,,,,,,,,,,,,,,,,
ljQQfbtQ,VIETNAM,2024/2025,VIETNAM 2,V League 2,659pm2N7,VIETNAM 2,13/04/2025,11:00,Round 14,Ho Chi Minh 2,IiSwji56,Dong Thap,lvKbDDmQ,False,2,2,,,,,,"[32, 90]","[14, 75]",Betfair,3.75,1.67,4.0,Betano.br,3.4,1.83,3.5,Betfair,2.63,2.5,2.75,Novibet,1.75,1.92,Betano.br,4.4,1.15,Betano.br,8.5,1.02,Sportingbet.br,1.53,2.3,,0.0,0.0,,0.0,0.0,Betfair,1.17,4.5,Betfair,1.8,1.91,Betfair,3.8,1.22,Betfair,8.0,1.05,,0.0,0.0,Betfair,2.7,1.4,,0.0,0.0,,0.0,0.0,Betfair,1.36,1.44,1.4,Sportingbet.br,1.22,2.05,1.23,Sportingbet.br,1.27,1.78,1.29,Estrelabet,1.8,1.9,Betano.br,1.82,1.9,Betano.br,1.85,1.9,Betfair,4.5,14.0,46.0,6.0,3.2,6.5,46.0,14.0,5.5,Betano.br,1.95,1.7,Sportingbet.br,2.4,1.5,,0,0,Betfair,4.0,Betfair,5.0,Betfair,5.5,Betfair,5.5,Betfair,9.5,Betfair,11.0,Betfair,12.0,Betfair,12.0,Betfair,21.0,Betfair,31.0,Betfair,36.0,Betfair,34.0,Betfair,36.0,Betfair,76.0,Betfair,76.0,,0.0,0.0,,0.0,0.0,,0.0,0.0,,0.0,0.0,Esportivabet,2.66,1.35,,0.0,0.0,,0.0,0.0,,0.0,0.0,,0.0,0.0,,0.0,0.0,,0.0,0.0,0,,0.0,0.0,0.0,Betano.br,7.8,3.85,0.0,Betano.br,0.0,0.0,1.38,,0.0,0.0,0.0,,0,0,0.0,,,,,,,,,,,,,,,,,,,,,,,,,,,,,,,,,,,,,,,,,,,,,,,,,,,,,,,,,,,,,,,,,,,,,,,,,,,,,,,,,,,,,,,,,,,,,,,,,,,,,,,,,,,,,,,,,,,,,,,,,,,,,,,,,,,,,,,,,,,,,,,,,,,,,,,,,,,,,,,,,,,,,,,,,,,,,,,,,,,,,,,,,,,,,,,,,,,,,,,,,,,,
thqje7z9,VIETNAM,2024/2025,VIETNAM 2,V League 2,659pm2N7,VIETNAM 2,06/04/2025,08:30,Round 13,PVF-CAND,WSRPbuTF,Hue,OjxcKNsg,False,3,0,,,,,,"[59, 75, 78]",[],Betfair,1.91,2.2,7.0,Betano.br,1.75,2.5,6.2,Betfair,1.36,3.9,7.0,Esportivabet,1.36,2.66,Esportivabet,2.66,1.36,,0.0,0.0,,0.0,0.0,,0.0,0.0,,0.0,0.0,Betfair,1.03,9.0,Betfair,1.29,3.3,Betfair,1.95,1.75,Betfair,3.6,1.25,Betfair,7.5,1.06,Betfair,2.2,1.6,,0.0,0.0,,0.0,0.0,Betfair,1.07,1.2,2.75,Betano.br,1.11,1.55,1.65,,0.0,0.0,0.0,Esportivabet,1.14,5.0,Betano.br,1.21,3.95,Betano.br,1.2,4.2,Betfair,2.1,15.0,67.0,4.0,5.5,13.0,21.0,15.0,12.0,Esportivabet,1.9,1.8,,0.0,0.0,,0,0,Betfair,8.5,Betfair,5.0,Betfair,15.0,Betfair,7.0,Betfair,5.5,Betfair,36.0,Betfair,7.5,Betfair,19.0,Betfair,17.0,Betfair,8.5,Betfair,101.0,Betfair,11.0,Betfair,67.0,Betfair,26.0,Betfair,76.0,,0.0,0.0,,0.0,0.0,,0.0,0.0,,0.0,0.0,,0.0,0.0,,0.0,0.0,,0.0,0.0,,0.0,0.0,,0.0,0.0,,0.0,0.0,,0.0,0.0,0,,0.0,0.0,0.0,Novibet,2.4,3.3,0.0,Novibet,0.0,0.0,2.45,,0.0,0.0,0.0,,0,0,0.0,,,,,,,,,,,,,,,,,,,,,,,,,,,,,,,,,,,,,,,,,,,,,,,,,,,,,,,,,,,,,,,,,,,,,,,,,,,,,,,,,,,,,,,,,,,,,,,,,,,,,,,,,,,,,,,,,,,,,,,,,,,,,,,,,,,,,,,,,,,,,,,,,,,,,,,,,,,,,,,,,,,,,,,,,,,,,,,,,,,,,,,,,,,,,,,,,,,,,,,,,,,,
niBNxaKs,VIETNAM,2024/2025,VIETNAM 2,V League 2,659pm2N7,VIETNAM 2,12/04/2025,08:30,Round 14,Hue,OjxcKNsg,Dong Nai,fydUYIh4,False,0,1,,,,,,[],[28],Betfair,3.6,1.8,3.75,Betano.br,3.15,2.02,3.15,Betfair,2.63,2.63,2.7,Esportivabet,1.6,2.1,,0.0,0.0,,0.0,0.0,,0.0,0.0,,0.0,0.0,,0.0,0.0,Betfair,1.11,5.5,Betfair,1.57,2.25,Betfair,2.88,1.36,Betfair,6.5,1.08,Betfair,11.0,1.01,Betfair,2.2,1.57,,0.0,0.0,,0.0,0.0,Betfair,1.36,1.4,1.4,Novibet,1.2,1.91,1.3,,0.0,0.0,0.0,Esportivabet,1.6,2.2,Novibet,1.65,2.05,Betano.br,1.87,1.87,Betfair,4.5,13.0,36.0,6.0,3.6,6.0,36.0,13.0,5.0,Esportivabet,2.05,1.7,,0.0,0.0,,0,0,Betfair,5.0,Betfair,6.0,Betfair,6.0,Betfair,5.0,Betfair,10.0,Betfair,11.0,Betfair,11.0,Betfair,11.0,Betfair,17.0,Betfair,26.0,Betfair,31.0,Betfair,23.0,Betfair,26.0,Betfair,56.0,Betfair,56.0,,0.0,0.0,,0.0,0.0,,0.0,0.0,,0.0,0.0,Betano.br,1.93,1.7,,0.0,0.0,,0.0,0.0,,0.0,0.0,,0.0,0.0,,0.0,0.0,,0.0,0.0,0,,0.0,0.0,0.0,,0.0,0.0,0.0,,0.0,0.0,0.0,,0.0,0.0,0.0,,0,0,0.0,,,,,,,,,,,,,,,,,,,,,,,,,,,,,,,,,,,,,,,,,,,,,,,,,,,,,,,,,,,,,,,,,,,,,,,,,,,,,,,,,,,,,,,,,,,,,,,,,,,,,,,,,,,,,,,,,,,,,,,,,,,,,,,,,,,,,,,,,,,,,,,,,,,,,,,,,,,,,,,,,,,,,,,,,,,,,,,,,,,,,,,,,,,,,,,,,,,,,,,,,,,,
0xrMKQbd,VIETNAM,2024/2025,VIETNAM 2,V League 2,659pm2N7,VIETNAM 2,09/03/2025,08:00,Round 12,Hue,OjxcKNsg,Phu Dong Ninh Binh,GtBp2ZoS,False,0,2,,,,,,[],"[58, 88]",Betfair,6.5,1.91,2.2,Betano.br,5.3,2.2,2.2,Betfair,5.5,3.2,1.53,Novibet,1.49,2.35,Betano.br,2.52,1.37,,0.0,0.0,,0.0,0.0,,0.0,0.0,,0.0,0.0,Betfair,1.07,7.0,Betfair,1.44,2.6,Betfair,2.4,1.5,Betfair,4.8,1.14,Betfair,10.0,1.02,Betfair,2.38,1.5,,0.0,0.0,,0.0,0.0,Betfair,2.25,1.29,1.1,Novibet,1.5,1.67,1.12,,0.0,0.0,0.0,Novibet,3.65,1.24,Betano.br,3.25,1.29,Betano.br,3.2,1.32,Betfair,11.0,15.0,23.0,12.0,4.5,4.0,61.0,15.0,2.5,Estrelabet,1.95,1.75,,0.0,0.0,,0,0,Betfair,6.5,Betfair,11.0,Betfair,4.5,Betfair,6.5,Betfair,26.0,Betfair,5.5,Betfair,19.0,Betfair,8.0,Betfair,19.0,Betfair,81.0,Betfair,11.0,Betfair,76.0,Betfair,13.0,Betfair,76.0,Betfair,36.0,,0.0,0.0,,0.0,0.0,,0.0,0.0,,0.0,0.0,,0.0,0.0,Betano.br,1.93,1.7,Betano.br,1.85,1.75,,0.0,0.0,,0.0,0.0,,0.0,0.0,,0.0,0.0,0,,0.0,0.0,0.0,Novibet,0.0,0.0,3.1,Novibet,2.0,3.25,0.0,,0.0,0.0,0.0,,0,0,0.0,,,,,,,,,,,,,,,,,,,,,,,,,,,,,,,,,,,,,,,,,,,,,,,,,,,,,,,,,,,,,,,,,,,,,,,,,,,,,,,,,,,,,,,,,,,,,,,,,,,,,,,,,,,,,,,,,,,,,,,,,,,,,,,,,,,,,,,,,,,,,,,,,,,,,,,,,,,,,,,,,,,,,,,,,,,,,,,,,,,,,,,,,,,,,,,,,,,,,,,,,,,,
6ZU7rUj3,VIETNAM,2024/2025,VIETNAM 2,V League 2,659pm2N7,VIETNAM 2,09/03/2025,10:00,Round 12,Hoa Binh,OE9clfNc,Dong Thap,lvKbDDmQ,False,0,0,,,,,,[],[],Betfair,3.4,1.62,5.0,Betano.br,3.15,1.75,4.7,Betfair,2.25,2.4,3.6,Betano.br,1.9,1.65,Novibet,4.1,1.17,,0.0,0.0,Sportingbet.br,1.61,2.15,,0.0,0.0,,0.0,0.0,Betfair,1.2,4.0,Betfair,1.95,1.75,Betfair,4.0,1.2,Betfair,9.0,1.03,,0.0,0.0,Betfair,3.1,1.3,,0.0,0.0,,0.0,0.0,Betfair,1.22,1.5,1.53,Sportingbet.br,1.16,2.15,1.27,Sportingbet.br,1.19,1.85,1.34,Estrelabet,1.5,2.4,Betano.br,1.53,2.32,Novibet,1.53,2.35,Betfair,4.0,14.0,61.0,5.0,3.0,8.0,46.0,15.0,7.0,Estrelabet,2.05,1.7,Sportingbet.br,2.45,1.47,,0,0,Betfair,3.75,Betfair,4.5,Betfair,6.5,Betfair,6.0,Betfair,8.5,Betfair,15.0,Betfair,12.0,Betfair,15.0,Betfair,26.0,Betfair,21.0,Betfair,67.0,Betfair,31.0,Betfair,67.0,Betfair,76.0,Betfair,81.0,,0.0,0.0,,0.0,0.0,,0.0,0.0,,0.0,0.0,,0.0,0.0,,0.0,0.0,,0.0,0.0,,0.0,0.0,,0.0,0.0,,0.0,0.0,,0.0,0.0,0,,0.0,0.0,0.0,,0.0,0.0,0.0,,0.0,0.0,0.0,,0.0,0.0,0.0,,0,0,0.0,,,,,,,,,,,,,,,,,,,,,,,,,,,,,,,,,,,,,,,,,,,,,,,,,,,,,,,,,,,,,,,,,,,,,,,,,,,,,,,,,,,,,,,,,,,,,,,,,,,,,,,,,,,,,,,,,,,,,,,,,,,,,,,,,,,,,,,,,,,,,,,,,,,,,,,,,,,,,,,,,,,,,,,,,,,,,,,,,,,,,,,,,,,,,,,,,,,,,,,,,,,,
MqYvXflJ,VIETNAM,2024/2025,VIETNAM 2,V League 2,659pm2N7,VIETNAM 2,13/04/2025,11:00,Round 14,Hoa Binh,OE9clfNc,PVF-CAND,WSRPbuTF,False,2,4,,,,,,"[45, 46]","[2, 24, 62, 76]",Betfair,5.0,1.8,2.7,Betano.br,4.85,1.98,2.4,Betfair,4.5,2.63,1.95,Esportivabet,1.6,2.1,Novibet,3.95,1.19,,0.0,0.0,,0.0,0.0,,0.0,0.0,,0.0,0.0,Betfair,1.11,5.5,Betfair,1.57,2.25,Betfair,2.88,1.36,Betfair,6.5,1.08,Betfair,11.0,1.01,Betfair,2.38,1.5,,0.0,0.0,,0.0,0.0,Betfair,1.73,1.4,1.17,Novibet,1.36,1.91,1.15,,0.0,0.0,0.0,Betano.br,3.1,1.27,Betano.br,2.92,1.36,Betano.br,2.85,1.39,Betfair,8.0,14.0,26.0,9.0,3.75,4.5,61.0,14.0,3.25,Esportivabet,2.05,1.7,Sportingbet.br,2.35,1.52,,0,0,Betfair,5.0,Betfair,8.0,Betfair,4.5,Betfair,5.5,Betfair,17.0,Betfair,6.5,Betfair,15.0,Betfair,9.0,Betfair,19.0,Betfair,67.0,Betfair,15.0,Betfair,61.0,Betfair,17.0,Betfair,76.0,Betfair,46.0,,0.0,0.0,,0.0,0.0,,0.0,0.0,,0.0,0.0,,0.0,0.0,Betano.br,1.75,1.85,,0.0,0.0,,0.0,0.0,,0.0,0.0,,0.0,0.0,,0.0,0.0,0,,0.0,0.0,0.0,,0.0,0.0,0.0,,0.0,0.0,0.0,,0.0,0.0,0.0,,0,0,0.0,,,,,,,,,,,,,,,,,,,,,,,,,,,,,,,,,,,,,,,,,,,,,,,,,,,,,,,,,,,,,,,,,,,,,,,,,,,,,,,,,,,,,,,,,,,,,,,,,,,,,,,,,,,,,,,,,,,,,,,,,,,,,,,,,,,,,,,,,,,,,,,,,,,,,,,,,,,,,,,,,,,,,,,,,,,,,,,,,,,,,,,,,,,,,,,,,,,,,,,,,,,,
fa3eZPDk,VIETNAM,2024/2025,VIETNAM 2,V League 2,659pm2N7,VIETNAM 2,06/04/2025,11:00,Round 13,Phu Dong Ninh Binh,GtBp2ZoS,Ho Chi Minh City,z5ftUOgs,False,5,0,,,,,,"[20, 40, 59, 63, 84]",[],Betfair,1.73,2.38,9.5,Betano.br,1.6,2.62,8.0,Betfair,1.2,5.0,12.0,Sportingbet.br,1.39,2.75,Sportingbet.br,2.75,1.39,,0.0,0.0,,0.0,0.0,,0.0,0.0,,0.0,0.0,Betfair,1.02,10.0,Betfair,1.25,3.6,Betfair,1.85,1.85,Betfair,3.3,1.29,Betfair,7.0,1.07,Betfair,2.55,1.45,,0.0,0.0,,0.0,0.0,Betfair,1.03,1.14,3.75,Novibet,1.06,1.53,1.83,,0.0,0.0,0.0,Esportivabet,1.06,7.0,Betano.br,1.13,5.2,Betano.br,1.13,5.5,Betfair,1.83,20.0,101.0,3.6,7.0,21.0,21.0,23.0,18.0,Superbet.br,1.87,1.83,Sportingbet.br,2.05,1.66,,0,0,Betfair,10.0,Betfair,5.0,Betfair,21.0,Betfair,9.5,Betfair,4.5,Betfair,67.0,Betfair,8.0,Betfair,36.0,Betfair,23.0,Betfair,6.5,Betfair,101.0,Betfair,11.0,Betfair,81.0,Betfair,34.0,Betfair,81.0,,0.0,0.0,,0.0,0.0,Betano.br,1.87,1.75,Betano.br,1.7,1.91,,0.0,0.0,,0.0,0.0,,0.0,0.0,,0.0,0.0,,0.0,0.0,,0.0,0.0,,0.0,0.0,0,Novibet,3.15,3.85,0.0,Novibet,1.85,3.45,0.0,Novibet,0.0,0.0,3.3,Novibet,0.0,0.0,1.8,,0,0,0.0,,,,,,,,,,,,,,,,,,,,,,,,,,,,,,,,,,,,,,,,,,,,,,,,,,,,,,,,,,,,,,,,,,,,,,,,,,,,,,,,,,,,,,,,,,,,,,,,,,,,,,,,,,,,,,,,,,,,,,,,,,,,,,,,,,,,,,,,,,,,,,,,,,,,,,,,,,,,,,,,,,,,,,,,,,,,,,,,,,,,,,,,,,,,,,,,,,,,,,,,,,,,
8QN8D9iT,VIETNAM,2024/2025,VIETNAM 2,V League 2,659pm2N7,VIETNAM 2,01/03/2025,09:00,Round 11,Dong Nai,fydUYIh4,Hoa Binh,OE9clfNc,False,0,0,,,,,,[],[],Betfair,3.75,1.73,3.75,Sportingbet.br,3.5,1.9,3.25,Betfair,2.88,2.63,2.63,Sportingbet.br,1.75,1.95,,0.0,0.0,,0.0,0.0,Sportingbet.br,1.53,2.3,,0.0,0.0,,0.0,0.0,Betfair,1.14,4.8,Betfair,1.75,1.95,Betfair,3.6,1.25,Betfair,7.5,1.06,,0.0,0.0,Betfair,2.6,1.44,,0.0,0.0,,0.0,0.0,Betfair,1.4,1.4,1.36,Novibet,1.22,2.0,1.22,Sportingbet.br,1.29,1.78,1.27,Estrelabet,1.9,1.8,Novibet,1.88,1.81,Betano.br,1.91,1.83,Betfair,5.0,13.0,41.0,6.0,3.3,6.0,46.0,13.0,4.5,Estrelabet,1.95,1.75,Sportingbet.br,2.35,1.52,,0,0,Betfair,4.5,Betfair,5.5,Betfair,5.5,Betfair,5.5,Betfair,11.0,Betfair,10.0,Betfair,12.0,Betfair,12.0,Betfair,21.0,Betfair,34.0,Betfair,29.0,Betfair,34.0,Betfair,31.0,Betfair,76.0,Betfair,67.0,,0.0,0.0,,0.0,0.0,,0.0,0.0,,0.0,0.0,,0.0,0.0,,0.0,0.0,,0.0,0.0,,0.0,0.0,,0.0,0.0,,0.0,0.0,,0.0,0.0,0,,0.0,0.0,0.0,,0.0,0.0,0.0,,0.0,0.0,0.0,,0.0,0.0,0.0,,0,0,0.0,,,,,,,,,,,,,,,,,,,,,,,,,,,,,,,,,,,,,,,,,,,,,,,,,,,,,,,,,,,,,,,,,,,,,,,,,,,,,,,,,,,,,,,,,,,,,,,,,,,,,,,,,,,,,,,,,,,,,,,,,,,,,,,,,,,,,,,,,,,,,,,,,,,,,,,,,,,,,,,,,,,,,,,,,,,,,,,,,,,,,,,,,,,,,,,,,,,,,,,,,,,,
CC9YTUyA,VIETNAM,2024/2025,VIETNAM 2,V League 2,659pm2N7,VIETNAM 2,08/03/2025,09:00,Round 12,Long An,40Z46ke6,Dong Nai,fydUYIh4,False,0,0,,,,,,[],[],Betfair,2.7,1.83,5.0,Betano.br,2.62,2.05,4.3,Betfair,1.9,2.88,3.9,Estrelabet,1.55,2.2,,0.0,0.0,,0.0,0.0,,0.0,0.0,Sportingbet.br,2.65,1.41,,0.0,0.0,Betfair,1.08,6.5,Betfair,1.5,2.4,Betfair,2.75,1.4,Betfair,5.5,1.11,Betfair,11.0,1.01,Betfair,2.2,1.57,,0.0,0.0,,0.0,0.0,Betfair,1.2,1.33,1.73,Sportingbet.br,1.17,1.9,1.34,Sportingbet.br,1.21,1.62,1.47,Estrelabet,1.36,2.9,Novibet,1.45,2.55,Betano.br,1.52,2.45,Betfair,3.25,13.0,51.0,4.5,4.0,8.5,26.0,13.0,7.5,Estrelabet,1.95,1.75,Sportingbet.br,2.25,1.55,,0,0,Betfair,5.5,Betfair,4.5,Betfair,8.5,Betfair,5.5,Betfair,7.0,Betfair,17.0,Betfair,8.5,Betfair,13.0,Betfair,17.0,Betfair,13.0,Betfair,76.0,Betfair,15.0,Betfair,41.0,Betfair,41.0,Betfair,76.0,,0.0,0.0,,0.0,0.0,,0.0,0.0,,0.0,0.0,Betano.br,1.93,1.7,,0.0,0.0,,0.0,0.0,,0.0,0.0,,0.0,0.0,,0.0,0.0,,0.0,0.0,0,,0.0,0.0,0.0,,0.0,0.0,0.0,,0.0,0.0,0.0,,0.0,0.0,0.0,,0,0,0.0,,,,,,,,,,,,,,,,,,,,,,,,,,,,,,,,,,,,,,,,,,,,,,,,,,,,,,,,,,,,,,,,,,,,,,,,,,,,,,,,,,,,,,,,,,,,,,,,,,,,,,,,,,,,,,,,,,,,,,,,,,,,,,,,,,,,,,,,,,,,,,,,,,,,,,,,,,,,,,,,,,,,,,,,,,,,,,,,,,,,,,,,,,,,,,,,,,,,,,,,,,,,
vNgDMnUq,VIETNAM,2024/2025,VIETNAM 2,V League 2,659pm2N7,VIETNAM 2,08/03/2025,08:00,Round 12,PVF-CAND,WSRPbuTF,Ho Chi Minh 2,IiSwji56,False,0,2,,,,,,[],"[65, 90]",Betfair,1.73,2.3,9.5,Betano.br,1.62,2.7,8.75,Betfair,1.2,4.75,11.0,Estrelabet,1.36,2.66,Sportingbet.br,2.7,1.41,,0.0,0.0,,0.0,0.0,Sportingbet.br,2.2,1.6,,0.0,0.0,Betfair,1.02,10.0,Betfair,1.29,3.3,Betfair,1.95,1.75,Betfair,3.6,1.25,Betfair,7.5,1.06,Betfair,2.55,1.45,,0.0,0.0,,0.0,0.0,Betfair,1.03,1.14,3.6,Sportingbet.br,1.06,1.55,1.88,Sportingbet.br,1.06,1.39,2.2,Estrelabet,1.06,7.0,Betano.br,1.13,5.1,Betano.br,1.12,5.5,Betfair,1.83,20.0,101.0,3.6,6.5,19.0,23.0,23.0,18.0,Novibet,1.86,1.84,Sportingbet.br,2.05,1.66,,0,0,Betfair,9.5,Betfair,5.0,Betfair,19.0,Betfair,9.0,Betfair,4.5,Betfair,67.0,Betfair,8.0,Betfair,34.0,Betfair,26.0,Betfair,6.5,Betfair,101.0,Betfair,11.0,Betfair,81.0,Betfair,36.0,Betfair,101.0,,0.0,0.0,,0.0,0.0,Betano.br,1.91,1.7,,0.0,0.0,,0.0,0.0,,0.0,0.0,,0.0,0.0,,0.0,0.0,,0.0,0.0,,0.0,0.0,,0.0,0.0,0,,0.0,0.0,0.0,Novibet,1.97,3.3,0.0,Novibet,0.0,0.0,3.1,,0.0,0.0,0.0,,0,0,0.0,,,,,,,,,,,,,,,,,,,,,,,,,,,,,,,,,,,,,,,,,,,,,,,,,,,,,,,,,,,,,,,,,,,,,,,,,,,,,,,,,,,,,,,,,,,,,,,,,,,,,,,,,,,,,,,,,,,,,,,,,,,,,,,,,,,,,,,,,,,,,,,,,,,,,,,,,,,,,,,,,,,,,,,,,,,,,,,,,,,,,,,,,,,,,,,,,,,,,,,,,,,,
8v3sS86M,VIETNAM,2024/2025,VIETNAM 2,V League 2,659pm2N7,VIETNAM 2,08/03/2025,09:00,Round 12,Ho Chi Minh City,z5ftUOgs,Truong Tuoi Dong Nai,6g0U8aqi,False,0,3,,,,,,[],"[44, 73, 85]",Betfair,4.5,2.0,2.6,Betano.br,4.25,2.15,2.52,Betfair,4.0,3.8,1.67,Sportingbet.br,1.5,2.4,,0.0,0.0,,0.0,0.0,,0.0,0.0,Sportingbet.br,2.55,1.46,,0.0,0.0,Betfair,1.05,8.0,Betfair,1.33,3.0,Betfair,2.2,1.6,Betfair,4.0,1.2,Betfair,8.0,1.05,Betfair,1.91,1.8,,0.0,0.0,,0.0,0.0,Betfair,2.0,1.22,1.2,Sportingbet.br,1.41,1.77,1.18,Sportingbet.br,1.5,1.6,1.21,Estrelabet,2.71,1.4,Betano.br,2.5,1.47,Betano.br,2.5,1.5,Betfair,7.0,13.0,21.0,8.5,4.5,4.5,41.0,13.0,3.1,Estrelabet,1.95,1.75,Sportingbet.br,2.15,1.6,,0,0,Betfair,7.5,Betfair,9.5,Betfair,6.0,Betfair,5.5,Betfair,15.0,Betfair,7.5,Betfair,12.0,Betfair,7.5,Betfair,13.0,Betfair,56.0,Betfair,15.0,Betfair,31.0,Betfair,13.0,Betfair,46.0,Betfair,26.0,,0.0,0.0,,0.0,0.0,,0.0,0.0,,0.0,0.0,,0.0,0.0,Betano.br,1.7,1.93,,0.0,0.0,,0.0,0.0,,0.0,0.0,,0.0,0.0,,0.0,0.0,0,,0.0,0.0,0.0,,0.0,0.0,0.0,,0.0,0.0,0.0,,0.0,0.0,0.0,,0,0,0.0,,,,,,,,,,,,,,,,,,,,,,,,,,,,,,,,,,,,,,,,,,,,,,,,,,,1.0,0.0,,,,,,,,,,,,,,,,,,,,,,,,,,,,,,,,,,,,,,,,,,,,,,,,,,,,,,,,,,,,,,,,,,,1.0,0.0,,,,,,,,,,,,,,,,,,,,,,,,,,,,,,,,,,,,,,,,,,,,,,,,,,,,,,,,,,,,,,,,,,,,,,,,,,,,,,,,,,,,
zFMOvnjS,VIETNAM,2024/2025,VIETNAM 2,V League 2,659pm2N7,VIETNAM 2,06/04/2025,11:00,Round 13,Truong Tuoi Dong Nai,6g0U8aqi,Ho Chi Minh 2,IiSwji56,False,2,0,,,,,,"[38, 76]",[],Betfair,1.83,2.2,8.0,Sportingbet.br,1.71,2.55,6.75,Betfair,1.3,4.2,8.0,Esportivabet,1.36,2.66,Esportivabet,2.66,1.36,,0.0,0.0,,0.0,0.0,Sportingbet.br,2.25,1.57,,0.0,0.0,Betfair,1.03,9.0,Betfair,1.29,3.3,Betfair,2.0,1.73,Betfair,3.6,1.25,Betfair,7.5,1.06,Betfair,2.25,1.57,,0.0,0.0,,0.0,0.0,Betfair,1.06,1.17,3.1,Sportingbet.br,1.08,1.63,1.72,Sportingbet.br,1.09,1.44,1.98,Superbet.br,1.06,6.2,Betano.br,1.18,4.25,Betano.br,1.19,4.4,Betfair,2.0,15.0,81.0,3.75,6.0,15.0,21.0,18.0,14.0,Sportingbet.br,1.87,1.82,Sportingbet.br,2.1,1.63,,0,0,Betfair,9.0,Betfair,5.0,Betfair,17.0,Betfair,8.0,Betfair,5.0,Betfair,46.0,Betfair,7.5,Betfair,23.0,Betfair,21.0,Betfair,8.0,Betfair,101.0,Betfair,11.0,Betfair,76.0,Betfair,31.0,Betfair,81.0,,0.0,0.0,,0.0,0.0,,0.0,0.0,Betano.br,1.72,1.88,,0.0,0.0,,0.0,0.0,,0.0,0.0,,0.0,0.0,,0.0,0.0,,0.0,0.0,,0.0,0.0,0,,0.0,0.0,0.0,Novibet,2.25,3.3,0.0,Novibet,0.0,0.0,2.6,,0.0,0.0,0.0,,0,0,0.0,,,,,,,,,,,,,,,,,,,,,,,,,,,,,,,,,,,,,,,,,,,,,,,,,,,,,,,,,,,,,,,,,,,,,,,,,,,,,,,,,,,,,,,,,,,,,,,,,,,,,,,,,,,,,,,,,,,,,,,,,,,,,,,,,,,,,,,,,,,,,,,,,,,,,,,,,,,,,,,,,,,,,,,,,,,,,,,,,,,,,,,,,,,,,,,,,,,,,,,,,,,,
v9Ev8mFj,VIETNAM,2024/2025,VIETNAM 2,V League 2,659pm2N7,VIETNAM 2,02/03/2025,10:00,Round 11,Khanh Hoa,Myp07Vu0,Long An,40Z46ke6,False,0,1,,,,,,[],[67],Betfair,2.5,2.0,5.0,Betano.br,2.35,2.22,4.5,Betfair,1.8,3.2,4.2,Novibet,1.49,2.4,Novibet,2.9,1.34,,0.0,0.0,,0.0,0.0,Sportingbet.br,2.4,1.5,,0.0,0.0,Betfair,1.05,7.5,Betfair,1.36,2.88,Betfair,2.25,1.57,Betfair,4.0,1.2,Betfair,8.0,1.05,Betfair,2.0,1.73,,0.0,0.0,,0.0,0.0,Betfair,1.17,1.3,1.91,Sportingbet.br,1.15,1.75,1.46,Sportingbet.br,1.18,1.53,1.6,Estrelabet,1.33,3.0,Betano.br,1.39,2.77,Betano.br,1.42,2.72,Betfair,3.0,12.0,46.0,4.5,4.5,9.0,23.0,13.0,7.5,Estrelabet,1.9,1.8,Sportingbet.br,2.15,1.61,,0,0,Betfair,7.0,Betfair,5.5,Betfair,10.0,Betfair,5.5,Betfair,7.0,Betfair,17.0,Betfair,7.5,Betfair,13.0,Betfair,15.0,Betfair,13.0,Betfair,61.0,Betfair,15.0,Betfair,36.0,Betfair,29.0,Betfair,61.0,,0.0,0.0,,0.0,0.0,,0.0,0.0,,0.0,0.0,Betano.br,1.78,1.83,,0.0,0.0,,0.0,0.0,,0.0,0.0,,0.0,0.0,,0.0,0.0,,0.0,0.0,0,,0.0,0.0,0.0,Novibet,3.35,3.5,0.0,Novibet,0.0,0.0,1.84,,0.0,0.0,0.0,,0,0,0.0,,,,,,,,,,,,,,,,,,,,,,,,,,,,,,,,,,,,,,,,,,,,,,,,,,,,,,,,,,,,,,,,,,,,,,,,,,,,,,,,,,,,,,,,,,,,,,,,,,,,,,,,,,,,,,,,,,,,,,,,,,,,,,,,,,,,,,,,,,,,,,,,,,,,,,,,,,,,,,,,,,,,,,,,,,,,,,,,,,,,,,,,,,,,,,,,,,,,,,,,,,,,
0d63X3r2,VIETNAM,2024/2025,VIETNAM 2,V League 2,659pm2N7,VIETNAM 2,06/04/2025,09:00,Round 13,Dong Thap,lvKbDDmQ,Long An,40Z46ke6,False,2,0,,,,,,"[3, 57]",[],Betfair,2.5,1.8,6.5,Sportingbet.br,2.15,2.1,5.5,Betfair,1.7,2.9,5.0,Sportingbet.br,1.65,2.1,,0.0,0.0,,0.0,0.0,Sportingbet.br,1.44,2.6,,0.0,0.0,,0.0,0.0,Betfair,1.11,5.5,Betfair,1.6,2.2,Betfair,3.0,1.33,Betfair,6.5,1.08,Betfair,11.0,1.01,Betfair,2.75,1.4,,0.0,0.0,,0.0,0.0,Betfair,1.13,1.33,2.0,Novibet,1.12,1.83,1.44,,0.0,0.0,0.0,Estrelabet,1.25,3.6,Novibet,1.32,3.05,Betano.br,1.33,3.15,Betfair,2.8,14.0,76.0,4.2,3.75,11.0,31.0,15.0,10.0,Superbet.br,1.92,1.8,Sportingbet.br,2.25,1.57,,0,0,Betfair,5.0,Betfair,4.33,Betfair,9.5,Betfair,6.0,Betfair,6.0,Betfair,23.0,Betfair,9.0,Betfair,19.0,Betfair,23.0,Betfair,13.0,Betfair,81.0,Betfair,17.0,Betfair,76.0,Betfair,61.0,Betfair,81.0,,0.0,0.0,,0.0,0.0,,0.0,0.0,,0.0,0.0,Betano.br,1.72,1.9,,0.0,0.0,,0.0,0.0,,0.0,0.0,,0.0,0.0,,0.0,0.0,,0.0,0.0,0,,0.0,0.0,0.0,Novibet,3.4,3.1,0.0,Novibet,0.0,0.0,1.93,,0.0,0.0,0.0,,0,0,0.0,,,,,,,,,,,,,,,,,,,,,,,,,,,,,,,,,,,,,,,,,,,,,,,,,,,,,,,,,,,,,,,,,,,,,,,,,,,,,,,,,,,,,,,,,,,,,,,,,,,,,,,,,,,,,,,,,,,,,,,,,,,,,,,,,,,,,,,,,,,,,,,,,,,,,,,,,,,,,,,,,,,,,,,,,,,,,,,,,,,,,,,,,,,,,,,,,,,,,,,,,,,,
nBZaFVMG,VIETNAM,2024/2025,VIETNAM 2,V League 2,659pm2N7,VIETNAM 2,01/03/2025,08:00,Round 11,Hue,OjxcKNsg,Ho Chi Minh City,z5ftUOgs,False,2,3,,,,,,"[45, 65]","[40, 90, 90]",Betfair,2.38,1.91,5.5,Betano.br,2.15,2.27,5.1,Betfair,1.67,3.1,5.0,Estrelabet,1.5,2.3,,0.0,0.0,,0.0,0.0,,0.0,0.0,,0.0,0.0,,0.0,0.0,Betfair,1.07,7.0,Betfair,1.44,2.6,Betfair,2.4,1.5,Betfair,4.8,1.14,Betfair,10.0,1.02,Betfair,2.25,1.57,,0.0,0.0,,0.0,0.0,Betfair,1.13,1.3,2.0,Betano.br,1.14,1.7,1.47,,0.0,0.0,0.0,Estrelabet,1.27,3.4,Betano.br,1.34,3.0,Betano.br,1.34,3.1,Betfair,2.75,13.0,56.0,4.33,4.33,10.0,23.0,15.0,9.0,Estrelabet,1.9,1.8,,0.0,0.0,,0,0,Betfair,6.5,Betfair,5.0,Betfair,10.0,Betfair,6.0,Betfair,6.0,Betfair,21.0,Betfair,8.0,Betfair,15.0,Betfair,17.0,Betfair,12.0,Betfair,76.0,Betfair,13.0,Betfair,56.0,Betfair,36.0,Betfair,76.0,,0.0,0.0,,0.0,0.0,,0.0,0.0,,0.0,0.0,Betano.br,1.7,1.91,,0.0,0.0,,0.0,0.0,,0.0,0.0,,0.0,0.0,,0.0,0.0,,0.0,0.0,0,,0.0,0.0,0.0,,0.0,0.0,0.0,,0.0,0.0,0.0,,0.0,0.0,0.0,,0,0,0.0,,,,,,,,,,,,,,,,,,,,,,,,,,,,,,,,,,,,,,,,,,,,,,,,,,,,,,,,,,,,,,,,,,,,,,,,,,,,,,,,,,,,,,,,,,,,,,,,,,,,,,,,,,,,,,,,,,,,,,,,,,,,,,,,,,,,,,,,,,,,,,,,,,,,,,,,,,,,,,,,,,,,,,,,,,,,,,,,,,,,,,,,,,,,,,,,,,,,,,,,,,,,
rJ4Wzwkf,VIETNAM,2024/2025,VIETNAM 2,V League 2,659pm2N7,VIETNAM 2,12/04/2025,09:00,Round 14,Long An,40Z46ke6,Phu Dong Ninh Binh,GtBp2ZoS,False,0,2,,,,,,[],"[30, 89]",Betfair,21.0,2.75,1.44,Betano.br,21.0,3.05,1.33,Betfair,31.0,7.0,1.08,Sportingbet.br,1.4,2.7,Sportingbet.br,2.7,1.41,,0.0,0.0,,0.0,0.0,Sportingbet.br,2.5,1.47,,0.0,0.0,Betfair,1.01,11.0,Betfair,1.22,3.8,Betfair,1.85,1.85,Betfair,3.2,1.3,Betfair,6.5,1.08,Betfair,4.8,1.14,,0.0,0.0,,0.0,0.0,Betfair,6.5,1.08,1.01,Sportingbet.br,2.37,1.46,1.0,Sportingbet.br,2.7,1.36,1.0,Novibet,8.8,1.01,Betano.br,9.75,1.03,Betano.br,10.75,1.03,Betfair,67.0,61.0,41.0,61.0,10.0,3.6,501.0,46.0,1.44,Novibet,1.86,1.83,Sportingbet.br,2.05,1.66,,0,0,Betfair,12.0,Betfair,56.0,Betfair,4.5,Betfair,17.0,Betfair,101.0,Betfair,3.75,Betfair,101.0,Betfair,13.0,Betfair,81.0,Betfair,101.0,Betfair,4.5,Betfair,101.0,Betfair,15.0,Betfair,101.0,Betfair,81.0,,0.0,0.0,,0.0,0.0,,0.0,0.0,,0.0,0.0,,0.0,0.0,,0.0,0.0,Betano.br,1.93,1.7,Betano.br,1.78,1.83,Betano.br,1.8,1.8,,0.0,0.0,,0.0,0.0,0,,0.0,0.0,0.0,Novibet,0.0,0.0,2.65,Novibet,2.3,3.15,0.0,,0.0,0.0,0.0,,0,0,0.0,,,,,,,,,,,,,,,,,,,,,,,,,,,,,,,,,,,,,,,,,,,,,,,,,,,,,,,,,,,,,,,,,,,,,,,,,,,,,,,,,,,,,,,,,,,,,,,,,,,,,,,,,,,,,,,,,,,,,,,,,,,,,,,,,,,,,,,,,,,,,,,,,,,,,,,,,,,,,,,,,,,,,,,,,,,,,,,,,,,,,,,,,,,,,,,,,,,,,,,,,,,,
voWiHih4,VIETNAM,2024/2025,VIETNAM 2,V League 2,659pm2N7,VIETNAM 2,01/03/2025,11:00,Round 11,Truong Tuoi Dong Nai,6g0U8aqi,PVF-CAND,WSRPbuTF,False,2,2,,,,,,"[68, 72]","[50, 60]",Betfair,3.2,1.8,4.2,Betano.br,3.05,2.02,3.65,Betfair,2.3,2.7,3.1,Sportingbet.br,1.63,2.1,,0.0,0.0,,0.0,0.0,Sportingbet.br,1.43,2.6,,0.0,0.0,,0.0,0.0,Betfair,1.11,5.5,Betfair,1.57,2.25,Betfair,2.88,1.36,Betfair,6.5,1.08,Betfair,11.0,1.01,Betfair,2.25,1.57,,0.0,0.0,,0.0,0.0,Betfair,1.3,1.4,1.5,Sportingbet.br,1.21,1.9,1.3,Sportingbet.br,1.25,1.68,1.37,Novibet,1.65,2.1,Novibet,1.68,2.05,Betano.br,1.72,2.05,Betfair,4.0,13.0,36.0,5.5,3.6,7.0,34.0,14.0,5.5,Estrelabet,1.95,1.75,Sportingbet.br,2.25,1.55,,0,0,Betfair,5.0,Betfair,5.5,Betfair,7.0,Betfair,5.5,Betfair,9.0,Betfair,12.0,Betfair,9.5,Betfair,12.0,Betfair,17.0,Betfair,21.0,Betfair,36.0,Betfair,21.0,Betfair,34.0,Betfair,51.0,Betfair,67.0,,0.0,0.0,,0.0,0.0,,0.0,0.0,,0.0,0.0,,0.0,0.0,,0.0,0.0,,0.0,0.0,,0.0,0.0,,0.0,0.0,,0.0,0.0,,0.0,0.0,0,,0.0,0.0,0.0,,0.0,0.0,0.0,,0.0,0.0,0.0,,0.0,0.0,0.0,,0,0,0.0,,,,,,,,,,,,,,,,,,,,,,,,,,,,,,,,,,,,,,,,,,,,,,,,,,,,,,,,,,,,,,,,,,,,,,,,,,,,,,,,,,,,,,,,,,,,,,,,,,,,,,,,,,,,,,,,,,,,,,,,,,,,,,,,,,,,,,,,,,,,,,,,,,,,,,,,,,,,,,,,,,,,,,,,,,,,,,,,,,,,,,,,,,,,,,,,,,,,,,,,,,,,
YRi96zvn,VIETNAM,2024/2025,VIETNAM 2,V League 2,659pm2N7,VIETNAM 2,16/02/2025,11:00,Round 9,Ho Chi Minh 2,IiSwji56,Hue,OjxcKNsg,False,2,0,,,,,,"[48, 89]",[],Betfair,3.25,1.83,3.75,Betano.br,3.15,2.02,3.45,Betfair,2.4,2.8,2.88,Novibet,1.58,2.15,,0.0,0.0,,0.0,0.0,,0.0,0.0,,0.0,0.0,,0.0,0.0,Betfair,1.08,6.5,Betfair,1.45,2.55,Betfair,2.55,1.45,Betfair,5.2,1.13,Betfair,11.0,1.01,Betfair,2.1,1.65,,0.0,0.0,,0.0,0.0,Betfair,1.36,1.36,1.5,Betano.br,1.22,1.83,1.28,,0.0,0.0,0.0,Estrelabet,1.66,2.1,Betano.br,1.72,2.02,Betano.br,1.78,1.98,Betfair,4.2,13.0,34.0,5.5,4.0,6.5,26.0,13.0,5.0,Estrelabet,1.95,1.75,,0.0,0.0,,0,0,Betfair,6.0,Betfair,6.0,Betfair,6.5,Betfair,5.5,Betfair,9.5,Betfair,12.0,Betfair,9.0,Betfair,10.0,Betfair,15.0,Betfair,21.0,Betfair,31.0,Betfair,21.0,Betfair,23.0,Betfair,36.0,Betfair,51.0,,0.0,0.0,,0.0,0.0,,0.0,0.0,,0.0,0.0,Estrelabet,1.27,3.0,,0.0,0.0,,0.0,0.0,,0.0,0.0,,0.0,0.0,,0.0,0.0,,0.0,0.0,0,,0.0,0.0,0.0,,0.0,0.0,0.0,,0.0,0.0,0.0,,0.0,0.0,0.0,,0,0,0.0,,,,,,,,,,,,,,,,,,,,,,,,,,,,,,,,,,,,,,,,,,,,,,,,,,,,,,,,,,,,,,,,,,,,,,,,,,,,,,,,,,,,,,,,,,,,,,,,,,,,,,,,,,,,,,,,,,,,,,,,,,,,,,,,,,,,,,,,,,,,,,,,,,,,,,,,,,,,,,,,,,,,,,,,,,,,,,,,,,,,,,,,,,,,,,,,,,,,,,,,,,,,
84nY0W7N,VIETNAM,2024/2025,VIETNAM 2,V League 2,659pm2N7,VIETNAM 2,23/02/2025,09:00,Round 10,Long An,40Z46ke6,Hue,OjxcKNsg,False,1,2,,,,,,[18],"[33, 81]",Betfair,3.4,1.8,3.75,Betano.br,3.0,2.18,3.25,Betfair,2.4,2.75,2.75,Novibet,1.55,2.2,,0.0,0.0,,0.0,0.0,,0.0,0.0,,0.0,0.0,,0.0,0.0,Betfair,1.11,5.5,Betfair,1.57,2.25,Betfair,2.88,1.36,Betfair,5.5,1.11,Betfair,11.0,1.01,Betfair,2.15,1.6,,0.0,0.0,,0.0,0.0,Betfair,1.36,1.36,1.44,Novibet,1.25,1.8,1.29,,0.0,0.0,0.0,Estrelabet,1.75,1.95,Novibet,1.77,1.93,Betano.br,1.78,1.95,Betfair,4.33,13.0,36.0,5.5,3.6,6.5,31.0,13.0,5.0,Estrelabet,1.9,1.8,,0.0,0.0,,0,0,Betfair,5.0,Betfair,5.5,Betfair,6.5,Betfair,5.0,Betfair,9.5,Betfair,12.0,Betfair,9.5,Betfair,11.0,Betfair,15.0,Betfair,23.0,Betfair,34.0,Betfair,21.0,Betfair,26.0,Betfair,46.0,Betfair,61.0,,0.0,0.0,,0.0,0.0,,0.0,0.0,,0.0,0.0,Betano.br,1.88,1.72,,0.0,0.0,,0.0,0.0,,0.0,0.0,,0.0,0.0,,0.0,0.0,,0.0,0.0,0,,0.0,0.0,0.0,,0.0,0.0,0.0,,0.0,0.0,0.0,,0.0,0.0,0.0,,0,0,0.0,,,,,,,,,,,,,,,,,,,,,,,,,,,,,,,,,,,,,,,,,,,,,,,,,,,,,,,,,,,,,,,,,,,,,,,,,,,,,,,,,,,,,,,,,,,,,,,,,,,,,,,,,,,,,,,,,,,,,,,,,,,,,,,,,,,,,,,,,,,,,,,,,,,,,,,,,,,,,,,,,,,,,,,,,,,,,,,,,,,,,,,,,,,,,,,,,,,,,,,,,,,,
KrGjJDNi,VIETNAM,2024/2025,VIETNAM 2,V League 2,659pm2N7,VIETNAM 2,23/02/2025,09:00,Round 10,Ho Chi Minh City,z5ftUOgs,Khanh Hoa,Myp07Vu0,False,1,1,,,,,,[63],[38],Betfair,3.2,1.83,3.75,Betano.br,2.87,2.25,3.3,Betfair,2.4,2.88,2.7,Sportingbet.br,1.55,2.25,,0.0,0.0,,0.0,0.0,,0.0,0.0,Sportingbet.br,2.65,1.42,,0.0,0.0,Betfair,1.08,6.5,Betfair,1.45,2.55,Betfair,2.55,1.45,Betfair,5.2,1.13,Betfair,11.0,1.01,Betfair,2.05,1.67,,0.0,0.0,,0.0,0.0,Betfair,1.36,1.36,1.5,Betano.br,1.25,1.75,1.29,,0.0,0.0,0.0,Novibet,1.71,2.01,Novibet,1.73,1.98,Betano.br,1.75,2.0,Betfair,4.2,12.0,34.0,5.5,4.0,6.5,26.0,13.0,5.0,Estrelabet,1.9,1.8,Sportingbet.br,2.2,1.58,,0,0,Betfair,6.0,Betfair,6.0,Betfair,7.0,Betfair,5.5,Betfair,9.5,Betfair,12.0,Betfair,9.0,Betfair,10.0,Betfair,15.0,Betfair,21.0,Betfair,31.0,Betfair,21.0,Betfair,23.0,Betfair,36.0,Betfair,51.0,,0.0,0.0,,0.0,0.0,,0.0,0.0,,0.0,0.0,Betano.br,1.9,1.72,,0.0,0.0,,0.0,0.0,,0.0,0.0,,0.0,0.0,,0.0,0.0,,0.0,0.0,0,,0.0,0.0,0.0,,0.0,0.0,0.0,,0.0,0.0,0.0,,0.0,0.0,0.0,,0,0,0.0,,,,,,,,,,,,,,,,,,,,,,,,,,,,,,,,,,,,,,,,,,,,,,,,,,,,,,,,,,,,,,,,,,,,,,,,,,,,,,,,,,,,,,,,,,,,,,,,,,,,,,,,,,,,,,,,,,,,,,,,,,,,,,,,,,,,,,,,,,,,,,,,,,,,,,,,,,,,,,,,,,,,,,,,,,,,,,,,,,,,,,,,,,,,,,,,,,,,,,,,,,,,
vaBQVj7c,VIETNAM,2024/2025,VIETNAM 2,V League 2,659pm2N7,VIETNAM 2,28/02/2025,11:00,Round 11,Ho Chi Minh 2,IiSwji56,Phu Dong Ninh Binh,GtBp2ZoS,False,0,3,,,,,,[],"[3, 53, 73]",Betfair,13.0,2.1,1.8,Betano.br,14.0,2.47,1.6,Betfair,12.0,4.6,1.18,Estrelabet,1.45,2.4,,0.0,0.0,,0.0,0.0,,0.0,0.0,Sportingbet.br,2.6,1.43,,0.0,0.0,Betfair,1.06,7.5,Betfair,1.45,2.55,Betfair,2.55,1.45,Betfair,5.5,1.11,Betfair,11.0,1.01,Betfair,3.9,1.2,,0.0,0.0,,0.0,0.0,Betfair,4.0,1.14,1.03,Sportingbet.br,1.88,1.65,1.03,Sportingbet.br,2.25,1.44,1.03,Novibet,8.7,1.03,Betano.br,7.1,1.06,Betano.br,7.6,1.07,Betfair,23.0,31.0,34.0,23.0,5.5,3.4,276.0,26.0,1.83,Estrelabet,1.8,1.9,Sportingbet.br,2.2,1.6,,0,0,Betfair,6.5,Betfair,21.0,Betfair,3.75,Betfair,10.0,Betfair,81.0,Betfair,4.0,Betfair,67.0,Betfair,10.0,Betfair,61.0,Betfair,101.0,Betfair,6.5,Betfair,101.0,Betfair,15.0,Betfair,101.0,Betfair,76.0,,0.0,0.0,,0.0,0.0,,0.0,0.0,,0.0,0.0,,0.0,0.0,,0.0,0.0,Betano.br,1.9,1.72,Betano.br,1.72,1.88,,0.0,0.0,,0.0,0.0,,0.0,0.0,0,,0.0,0.0,0.0,Novibet,0.0,0.0,1.91,Novibet,3.5,3.1,0.0,,0.0,0.0,0.0,,0,0,0.0,,,,,,,,,,,,,,,,,,,,,,,,,,,,,,,,,,,,,,,,,,,,,,,,,,,,,,,,,,,,,,,,,,,,,,,,,,,,,,,,,,,,,,,,,,,,,,,,,,,,,,,,,,,,,,,,,,,,,,,,,,,,,,,,,,,,,,,,,,,,,,,,,,,,,,,,,,,,,,,,,,,,,,,,,,,,,,,,,,,,,,,,,,,,,,,,,,,,,,,,,,,,
vPfH4E8b,VIETNAM,2024/2025,VIETNAM 2,V League 2,659pm2N7,VIETNAM 2,22/02/2025,11:00,Round 10,Phu Dong Ninh Binh,GtBp2ZoS,Dong Nai,fydUYIh4,False,1,0,,,,,,[45],[],Betfair,1.57,2.5,13.0,Betano.br,1.37,3.4,13.5,Betfair,1.11,6.0,15.0,Sportingbet.br,1.44,2.55,Betano.br,2.4,1.4,,0.0,0.0,,0.0,0.0,Sportingbet.br,1.9,1.78,,0.0,0.0,Betfair,1.01,11.0,Betfair,1.2,4.0,Betfair,1.75,1.95,Betfair,3.0,1.33,Betfair,6.5,1.08,Betfair,2.88,1.36,,0.0,0.0,,0.0,0.0,Betfair,1.01,1.08,5.0,Sportingbet.br,1.03,1.44,2.2,Sportingbet.br,1.04,1.3,2.7,Estrelabet,1.04,8.0,Betano.br,1.06,7.5,Betano.br,1.06,8.0,Betfair,1.62,26.0,176.0,3.6,8.5,31.0,26.0,26.0,31.0,Betano.br,1.85,1.8,Sportingbet.br,2.05,1.68,,0,0,Betfair,12.0,Betfair,5.0,Betfair,31.0,Betfair,12.0,Betfair,4.33,Betfair,81.0,Betfair,9.0,Betfair,67.0,Betfair,41.0,Betfair,5.5,Betfair,101.0,Betfair,11.0,Betfair,101.0,Betfair,46.0,Betfair,101.0,,0.0,0.0,Betano.br,1.8,1.8,Betano.br,1.85,1.75,,0.0,0.0,,0.0,0.0,,0.0,0.0,,0.0,0.0,,0.0,0.0,,0.0,0.0,,0.0,0.0,,0.0,0.0,0,,0.0,0.0,0.0,,0.0,0.0,0.0,,0.0,0.0,0.0,,0.0,0.0,0.0,,0,0,0.0,,,,,,,,,,,,,,,,,,,,,,,,,,,,,,,,,,,,,,,,,,,,,,,,,,,,,,,,,,,,,,,,,,,,,,,,,,,,,,,,,,,,,,,,,,,,,,,,,,,,,,,,,,,,,,,,,,,,,,,,,,,,,,,,,,,,,,,,,,,,,,,,,,,,,,,,,,,,,,,,,,,,,,,,,,,,,,,,,,,,,,,,,,,,,,,,,,,,,,,,,,,,
j5gt31Xg,VIETNAM,2024/2025,VIETNAM 2,V League 2,659pm2N7,VIETNAM 2,15/02/2025,11:00,Round 9,Truong Tuoi Dong Nai,6g0U8aqi,Phu Dong Ninh Binh,GtBp2ZoS,False,0,1,,,,,,[],[25],Betfair,3.4,1.8,4.0,Betano.br,3.25,1.98,3.5,Betfair,2.5,2.75,2.88,Novibet,1.54,2.2,,0.0,0.0,,0.0,0.0,Sportingbet.br,1.46,2.55,,0.0,0.0,,0.0,0.0,Betfair,1.11,5.5,Betfair,1.57,2.25,Betfair,2.88,1.36,Betfair,6.5,1.08,Betfair,11.0,1.01,Betfair,2.25,1.57,,0.0,0.0,,0.0,0.0,Betfair,1.36,1.4,1.44,Sportingbet.br,1.25,1.93,1.25,Sportingbet.br,1.3,1.71,1.3,Novibet,1.67,2.06,Novibet,1.7,2.02,Betano.br,1.78,1.95,Betfair,4.33,13.0,36.0,5.5,3.6,6.5,31.0,13.0,5.5,Betano.br,1.95,1.7,Sportingbet.br,2.25,1.55,,0,0,Betfair,5.0,Betfair,5.5,Betfair,6.5,Betfair,5.0,Betfair,9.5,Betfair,12.0,Betfair,10.0,Betfair,11.0,Betfair,17.0,Betfair,23.0,Betfair,34.0,Betfair,23.0,Betfair,31.0,Betfair,56.0,Betfair,61.0,,0.0,0.0,,0.0,0.0,,0.0,0.0,,0.0,0.0,Betano.br,1.93,1.7,,0.0,0.0,,0.0,0.0,,0.0,0.0,,0.0,0.0,,0.0,0.0,,0.0,0.0,0,,0.0,0.0,0.0,,0.0,0.0,0.0,,0.0,0.0,0.0,,0.0,0.0,0.0,,0,0,0.0,,,,,,,,,,,,,,,,,,,,,,,,,,,,,,,,,,,,,,,,,,,,,,,,,,,,,,,,,,,,,,,,,,,,,,,,,,,,,,,,,,,,,,,,,,,,,,,,,,,,,,,,,,,,,,,,,,,,,,,,,,,,,,,,,,,,,,,,,,,,,,,,,,,,,,,,,,,,,,,,,,,,,,,,,,,,,,,,,,,,,,,,,,,,,,,,,,,,,,,,,,,,
KpocaJWI,VIETNAM,2024/2025,VIETNAM 2,V League 2,659pm2N7,VIETNAM 2,16/02/2025,10:00,Round 9,Hoa Binh,OE9clfNc,Long An,40Z46ke6,False,0,0,,,,,,[],[],Betfair,2.8,1.83,5.0,Betano.br,2.4,2.15,4.65,Betfair,1.91,2.88,3.9,Sportingbet.br,1.61,2.15,,0.0,0.0,,0.0,0.0,Sportingbet.br,1.4,2.7,,0.0,0.0,,0.0,0.0,Betfair,1.11,5.5,Betfair,1.57,2.25,Betfair,2.88,1.36,Betfair,5.5,1.11,Betfair,11.0,1.01,Betfair,2.3,1.53,,0.0,0.0,,0.0,0.0,Betfair,1.2,1.36,1.73,Sportingbet.br,1.17,1.85,1.38,Sportingbet.br,1.19,1.63,1.49,Betano.br,1.32,2.82,Betano.br,1.4,2.72,Betano.br,1.42,2.75,Betfair,3.4,13.0,46.0,4.5,3.75,8.5,26.0,14.0,7.5,Sportingbet.br,1.9,1.78,Sportingbet.br,2.2,1.57,,0,0,Betfair,5.5,Betfair,5.0,Betfair,8.0,Betfair,5.5,Betfair,7.0,Betfair,15.0,Betfair,8.5,Betfair,13.0,Betfair,17.0,Betfair,15.0,Betfair,67.0,Betfair,19.0,Betfair,46.0,Betfair,41.0,Betfair,67.0,,0.0,0.0,,0.0,0.0,,0.0,0.0,,0.0,0.0,Betano.br,1.82,1.78,,0.0,0.0,,0.0,0.0,,0.0,0.0,,0.0,0.0,,0.0,0.0,,0.0,0.0,0,,0.0,0.0,0.0,,0.0,0.0,0.0,,0.0,0.0,0.0,,0.0,0.0,0.0,,0,0,0.0,,,,,,,,,,,,,,,,,,,,,,,,,,,,,,,,,,,,,,,,,,,,,,,,,,,,,,,,,,,,,,,,,,,,,,,,,,,,,,,,,,,,,,,,,,,,,,,,,,,,,,,,,,,,,,,,,,,,,,,,,,,,,,,,,,,,,,,,,,,,,,,,,,,,,,,,,,,,,,,,,,,,,,,,,,,,,,,,,,,,,,,,,,,,,,,,,,,,,,,,,,,,
21OGt8LF,VIETNAM,2024/2025,VIETNAM 2,V League 2,659pm2N7,VIETNAM 2,06/04/2025,09:00,Round 13,Dong Nai,fydUYIh4,Khanh Hoa,Myp07Vu0,False,0,1,,,,,,[],[49],Betfair,3.6,1.83,3.5,Betano.br,3.3,2.05,3.25,Betfair,2.8,2.88,2.4,Sportingbet.br,1.58,2.2,,0.0,0.0,,0.0,0.0,,0.0,0.0,Sportingbet.br,2.7,1.4,,0.0,0.0,Betfair,1.08,6.5,Betfair,1.45,2.55,Betfair,2.6,1.44,Betfair,5.5,1.13,Betfair,11.0,1.01,Betfair,2.1,1.65,,0.0,0.0,,0.0,0.0,Betfair,1.5,1.36,1.36,Sportingbet.br,1.29,1.83,1.25,Sportingbet.br,1.35,1.62,1.3,Novibet,1.95,1.75,Novibet,1.93,1.77,Betano.br,1.9,1.85,Betfair,4.5,13.0,31.0,6.5,3.75,5.5,36.0,13.0,4.5,Superbet.br,1.92,1.78,Sportingbet.br,2.2,1.58,,0,0,Betfair,5.5,Betfair,6.5,Betfair,6.5,Betfair,5.0,Betfair,11.0,Betfair,10.0,Betfair,10.0,Betfair,9.5,Betfair,15.0,Betfair,29.0,Betfair,23.0,Betfair,23.0,Betfair,21.0,Betfair,46.0,Betfair,41.0,,0.0,0.0,,0.0,0.0,,0.0,0.0,,0.0,0.0,,0.0,0.0,,0.0,0.0,,0.0,0.0,,0.0,0.0,,0.0,0.0,,0.0,0.0,,0.0,0.0,0,,0.0,0.0,0.0,,0.0,0.0,0.0,,0.0,0.0,0.0,,0.0,0.0,0.0,,0,0,0.0,,,,,,,,,,,,,,,,,,,,,,,,,,,,,,,,,,,,,,,,,,,,,,,,,,,,,,,,,,,,,,,,,,,,,,,,,,,,,,,,,,,,,,,,,,,,,,,,,,,,,,,,,,,,,,,,,,,,,,,,,,,,,,,,,,,,,,,,,,,,,,,,,,,,,,,,,,,,,,,,,,,,,,,,,,,,,,,,,,,,,,,,,,,,,,,,,,,,,,,,,,,,
xKKajOml,VIETNAM,2024/2025,VIETNAM 2,V League 2,659pm2N7,VIETNAM 2,09/02/2025,10:00,Round 8,Khanh Hoa,Myp07Vu0,Ho Chi Minh 2,IiSwji56,False,2,0,,,,,,"[36, 66]",[],Betfair,2.7,1.91,4.5,Betano.br,2.45,2.25,4.1,Betfair,1.95,3.2,3.4,Novibet,1.51,2.25,,0.0,0.0,,0.0,0.0,,0.0,0.0,Sportingbet.br,2.6,1.44,,0.0,0.0,Betfair,1.07,7.0,Betfair,1.44,2.6,Betfair,2.4,1.5,Betfair,4.8,1.14,Betfair,10.0,1.02,Betfair,2.1,1.65,,0.0,0.0,,0.0,0.0,Betfair,1.25,1.3,1.73,Sportingbet.br,1.18,1.8,1.39,Sportingbet.br,1.21,1.58,1.5,Estrelabet,1.4,2.71,Novibet,1.49,2.45,Betano.br,1.5,2.5,Betfair,3.3,13.0,41.0,4.5,4.2,8.0,26.0,13.0,7.0,Estrelabet,1.9,1.8,Sportingbet.br,2.15,1.6,,0,0,Betfair,6.0,Betfair,5.5,Betfair,8.5,Betfair,5.5,Betfair,7.5,Betfair,15.0,Betfair,8.0,Betfair,13.0,Betfair,15.0,Betfair,15.0,Betfair,51.0,Betfair,15.0,Betfair,34.0,Betfair,36.0,Betfair,61.0,,0.0,0.0,,0.0,0.0,,0.0,0.0,,0.0,0.0,Betano.br,1.9,1.72,,0.0,0.0,,0.0,0.0,,0.0,0.0,,0.0,0.0,,0.0,0.0,,0.0,0.0,0,,0.0,0.0,0.0,,0.0,0.0,0.0,,0.0,0.0,0.0,,0.0,0.0,0.0,,0,0,0.0,,,,,,,,,,,,,,,,,,,,,,,,,,,,,,,,,,,,,,,,,,,,,,,,,,,,,,,,,,,,,,,,,,,,,,,,,,,,,,,,,,,,,,,,,,,,,,,,,,,,,,,,,,,,,,,,,,,,,,,,,,,,,,,,,,,,,,,,,,,,,,,,,,,,,,,,,,,,,,,,,,,,,,,,,,,,,,,,,,,,,,,,,,,,,,,,,,,,,,,,,,,,
Y542AquK,VIETNAM,2024/2025,VIETNAM 2,V League 2,659pm2N7,VIETNAM 2,09/02/2025,11:00,Round 8,Phu Dong Ninh Binh,GtBp2ZoS,Dong Thap,lvKbDDmQ,False,1,0,,,,,,[74],[],Betfair,2.0,2.0,7.5,Betano.br,2.0,2.2,6.9,Betfair,1.4,3.6,7.5,Estrelabet,1.5,2.3,,0.0,0.0,,0.0,0.0,,0.0,0.0,Sportingbet.br,2.6,1.44,,0.0,0.0,Betfair,1.06,7.5,Betfair,1.4,2.75,Betfair,2.4,1.5,Betfair,4.8,1.14,Betfair,9.0,1.03,Betfair,2.55,1.45,,0.0,0.0,,0.0,0.0,Betfair,1.06,1.25,2.63,Sportingbet.br,1.09,1.75,1.6,Sportingbet.br,1.09,1.52,1.82,Estrelabet,1.14,5.0,Betano.br,1.18,4.3,Betano.br,1.21,4.05,Betfair,2.25,15.0,81.0,3.75,4.5,13.0,23.0,18.0,13.0,Betano.br,1.91,1.72,Sportingbet.br,2.2,1.6,,0,0,Betfair,6.5,Betfair,4.5,Betfair,13.0,Betfair,7.0,Betfair,5.0,Betfair,36.0,Betfair,8.0,Betfair,21.0,Betfair,21.0,Betfair,9.0,Betfair,101.0,Betfair,13.0,Betfair,76.0,Betfair,41.0,Betfair,81.0,,0.0,0.0,,0.0,0.0,,0.0,0.0,Betano.br,1.93,1.7,,0.0,0.0,,0.0,0.0,,0.0,0.0,,0.0,0.0,,0.0,0.0,,0.0,0.0,,0.0,0.0,0,,0.0,0.0,0.0,Novibet,2.7,3.1,0.0,Novibet,0.0,0.0,2.3,,0.0,0.0,0.0,,0,0,0.0,,,,,,,,,,,,,,,,,,,,,,,,,,,,,,,,,,,,,,,,,,,,,,,,,,,,,,,,,,,,,,,,,,,,,,,,,,,,,,,,,,,,,,,,,,,,,,,,,,,,,,,,,,,,,,,,,,,,,,,,,,,,,,,,,,,,,,,,,,,,,,,,,,,,,,,,,,,,,,,,,,,,,,,,,,,,,,,,,,,,,,,,,,,,,,,,,,,,,,,,,,,,
SlT4eAVp,VIETNAM,2024/2025,VIETNAM 2,V League 2,659pm2N7,VIETNAM 2,22/02/2025,10:00,Round 10,Hoa Binh,OE9clfNc,Ho Chi Minh 2,IiSwji56,False,1,1,,,,,,[7],[16],Betfair,2.7,1.91,4.5,Betano.br,2.52,2.1,4.35,Betfair,1.95,2.9,3.75,Estrelabet,1.5,2.3,,0.0,0.0,,0.0,0.0,,0.0,0.0,Sportingbet.br,2.75,1.39,,0.0,0.0,Betfair,1.07,7.0,Betfair,1.44,2.6,Betfair,2.55,1.45,Betfair,4.8,1.14,Betfair,10.0,1.02,Betfair,2.1,1.65,,0.0,0.0,,0.0,0.0,Betfair,1.22,1.33,1.73,Sportingbet.br,1.17,1.85,1.37,Sportingbet.br,1.21,1.62,1.47,Betano.br,1.38,2.57,Betano.br,1.47,2.52,Betano.br,1.47,2.55,Betfair,3.3,13.0,46.0,4.5,4.0,8.0,26.0,13.0,7.0,Estrelabet,1.95,1.75,Sportingbet.br,2.2,1.58,,0,0,Betfair,6.0,Betfair,5.5,Betfair,8.5,Betfair,5.5,Betfair,7.5,Betfair,15.0,Betfair,8.0,Betfair,13.0,Betfair,15.0,Betfair,15.0,Betfair,61.0,Betfair,15.0,Betfair,36.0,Betfair,36.0,Betfair,67.0,,0.0,0.0,,0.0,0.0,,0.0,0.0,,0.0,0.0,Betano.br,1.93,1.7,,0.0,0.0,,0.0,0.0,,0.0,0.0,,0.0,0.0,,0.0,0.0,,0.0,0.0,0,,0.0,0.0,0.0,,0.0,0.0,0.0,,0.0,0.0,0.0,,0.0,0.0,0.0,,0,0,0.0,,,,,,,,,,,,,,,,,,,,,,,,,,,,,,,,,,,,,,,,,,,,,,,,,,,,,,,,,,,,,,,,,,,,,,,,,,,,,,,,,,,,,,,,,,,,,,,,,,,,,,,,,,,,,,,,,,,,,,,,,,,,,,,,,,,,,,,,,,,,,,,,,,,,,,,,,,,,,,,,,,,,,,,,,,,,,,,,,,,,,,,,,,,,,,,,,,,,,,,,,,,,
0vqQ2hwB,VIETNAM,2024/2025,VIETNAM 2,V League 2,659pm2N7,VIETNAM 2,22/02/2025,08:00,Round 10,PVF-CAND,WSRPbuTF,Dong Thap,lvKbDDmQ,False,1,0,,,,,,[26],[],Betfair,1.83,2.1,11.0,Betano.br,1.82,2.25,9.25,Betfair,1.22,4.2,12.0,Novibet,1.41,2.55,,0.0,0.0,,0.0,0.0,,0.0,0.0,Sportingbet.br,2.7,1.4,,0.0,0.0,Betfair,1.06,7.5,Betfair,1.44,2.6,Betfair,2.4,1.5,Betfair,4.8,1.14,Betfair,10.0,1.02,Betfair,3.2,1.29,,0.0,0.0,,0.0,0.0,Betfair,1.03,1.17,3.6,Sportingbet.br,1.06,1.72,1.68,Sportingbet.br,1.07,1.53,1.88,Estrelabet,1.06,7.0,Betano.br,1.12,5.3,Betano.br,1.14,5.3,Betfair,1.91,21.0,126.0,3.5,5.5,21.0,31.0,26.0,20.0,Sportingbet.br,1.88,1.8,Sportingbet.br,2.2,1.58,,0,0,Betfair,6.5,Betfair,4.0,Betfair,17.0,Betfair,9.0,Betfair,4.33,Betfair,67.0,Betfair,9.0,Betfair,46.0,Betfair,36.0,Betfair,7.0,Betfair,101.0,Betfair,15.0,Betfair,101.0,Betfair,67.0,Betfair,101.0,,0.0,0.0,,0.0,0.0,Betano.br,1.85,1.75,Betano.br,1.65,1.98,,0.0,0.0,,0.0,0.0,,0.0,0.0,,0.0,0.0,,0.0,0.0,,0.0,0.0,,0.0,0.0,0,,0.0,0.0,0.0,Novibet,2.3,3.05,0.0,Novibet,0.0,0.0,2.6,,0.0,0.0,0.0,,0,0,0.0,,,,,,,,,,,,,,,,,,,,,,,,,,,,,,,,,,,,,,,,,,,,,,,,,,,,,,,,,,,,,,,,,,,,,,,,,,,,,,,,,,,,,,,,,,,,,,,,,,,,,,,,,,,,,,,,,,,,,,,,,,,,,,,,,,,,,,,,,,,,,,,,,,,,,,,,,,,,,,,,,,,,,,,,,,,,,,,,,,,,,,,,,,,,,,,,,,,,,,,,,,,,
nXnk1u26,VIETNAM,2024/2025,VIETNAM 2,V League 2,659pm2N7,VIETNAM 2,15/02/2025,08:00,Round 9,PVF-CAND,WSRPbuTF,Khanh Hoa,Myp07Vu0,False,3,1,,,,,,"[50, 89, 90]",[53],Betfair,1.83,2.1,8.5,Betano.br,1.65,2.55,9.5,Betfair,1.29,4.2,10.0,Novibet,1.4,2.6,Estrelabet,2.66,1.36,,0.0,0.0,,0.0,0.0,Sportingbet.br,2.25,1.55,,0.0,0.0,Betfair,1.05,8.0,Betfair,1.33,3.0,Betfair,2.2,1.6,Betfair,4.0,1.2,Betfair,8.0,1.05,Betfair,2.55,1.44,,0.0,0.0,,0.0,0.0,Betfair,1.05,1.17,3.25,Novibet,1.05,1.53,1.91,Sportingbet.br,1.07,1.42,2.1,Novibet,1.06,7.2,Betano.br,1.09,6.1,Betano.br,1.12,5.7,Betfair,2.0,18.0,91.0,3.6,5.5,15.0,23.0,19.0,15.0,Estrelabet,1.9,1.8,Sportingbet.br,2.1,1.65,,0,0,Betfair,8.0,Betfair,4.5,Betfair,17.0,Betfair,8.0,Betfair,4.5,Betfair,56.0,Betfair,8.5,Betfair,31.0,Betfair,23.0,Betfair,7.5,Betfair,101.0,Betfair,11.0,Betfair,81.0,Betfair,36.0,Betfair,101.0,,0.0,0.0,,0.0,0.0,Betano.br,1.9,1.72,Betano.br,1.72,1.9,,0.0,0.0,,0.0,0.0,,0.0,0.0,,0.0,0.0,,0.0,0.0,,0.0,0.0,,0.0,0.0,0,,0.0,0.0,0.0,Novibet,1.84,3.35,0.0,Novibet,0.0,0.0,3.45,,0.0,0.0,0.0,,0,0,0.0,,,,,,,,,,,,,,,,,,,,,,,,,,,,,,,,,,,,,,,,,,,,,,,,,,,,,,,,,,,,,,,,,,,,,,,,,,,,,,,,,,,,,,,,,,,,,,,,,,,,,,,,,,,,,,,,,,,,,,,,,,,,,,,,,,,,,,,,,,,,,,,,,,,,,,,,,,,,,,,,,,,,,,,,,,,,,,,,,,,,,,,,,,,,,,,,,,,,,,,,,,,,
IwtZ4N2s,VIETNAM,2024/2025,VIETNAM 2,V League 2,659pm2N7,VIETNAM 2,15/02/2025,09:00,Round 9,Dong Thap,lvKbDDmQ,Ho Chi Minh City,z5ftUOgs,False,0,1,,,,,,[],[72],Betfair,2.6,1.83,5.5,Novibet,2.4,2.03,4.45,Betfair,1.8,2.9,4.75,Estrelabet,1.5,2.3,Betano.br,3.4,1.24,Betano.br,7.5,1.03,Estrelabet,1.4,2.54,Sportingbet.br,2.75,1.39,,0.0,0.0,Betfair,1.08,6.5,Betfair,1.57,2.25,Betfair,2.88,1.36,Betfair,5.5,1.11,Betfair,11.0,1.01,Betfair,2.4,1.5,,0.0,0.0,,0.0,0.0,Betfair,1.14,1.33,1.91,Novibet,1.15,1.83,1.38,Sportingbet.br,1.19,1.62,1.5,Novibet,1.37,2.85,Novibet,1.43,2.6,Betano.br,1.47,2.52,Betfair,3.0,14.0,56.0,4.33,3.75,10.0,26.0,14.0,8.5,Estrelabet,1.95,1.7,Sportingbet.br,2.2,1.58,,0,0,Betfair,5.5,Betfair,4.5,Betfair,9.0,Betfair,5.5,Betfair,6.5,Betfair,21.0,Betfair,8.5,Betfair,15.0,Betfair,19.0,Betfair,13.0,Betfair,76.0,Betfair,17.0,Betfair,61.0,Betfair,46.0,Betfair,76.0,,0.0,0.0,,0.0,0.0,,0.0,0.0,,0.0,0.0,Estrelabet,2.05,1.58,,0.0,0.0,,0.0,0.0,,0.0,0.0,,0.0,0.0,,0.0,0.0,,0.0,0.0,0,,0.0,0.0,0.0,Betano.br,4.4,3.35,0.0,Novibet,0.0,0.0,1.88,,0.0,0.0,0.0,,0,0,0.0,,,,,,,,,,,,,,,,,,,,,,,,,,,,,,,,,,,,,,,,,,,,,,,,,,,,,,,,,,,,,,,,,,,,,,,,,,,,,,,,,,,,,,,,,,,,,,,,,,,,,,,,,,,,,,,,,,,,,,,,,,,,,,,,,,,,,,,,,,,,,,,,,,,,,,,,,,,,,,,,,,,,,,,,,,,,,,,,,,,,,,,,,,,,,,,,,,,,,,,,,,,,
61RMpa0S,VIETNAM,2024/2025,VIETNAM 2,V League 2,659pm2N7,VIETNAM 2,19/01/2025,11:00,Round 6,Khanh Hoa,Myp07Vu0,Dong Thap,lvKbDDmQ,False,0,0,,,,,,[],[],Betfair,3.75,1.73,3.6,Betano.br,4.15,2.05,2.7,Betfair,2.88,2.7,2.4,Sportingbet.br,1.66,2.05,,0.0,0.0,,0.0,0.0,Sportingbet.br,1.46,2.5,,0.0,0.0,,0.0,0.0,Betfair,1.11,5.5,Betfair,1.6,2.1,Betfair,3.2,1.3,Betfair,7.0,1.07,,0.0,0.0,Betfair,2.38,1.5,,0.0,0.0,,0.0,0.0,Betfair,1.5,1.4,1.33,Sportingbet.br,1.33,1.9,1.18,Sportingbet.br,1.4,1.71,1.21,Betano.br,2.4,1.44,Betano.br,2.37,1.52,Betano.br,2.37,1.55,Betfair,5.0,13.0,34.0,6.5,3.5,5.5,41.0,13.0,4.5,Estrelabet,1.95,1.75,Sportingbet.br,2.25,1.55,,0,0,Betfair,4.5,Betfair,6.0,Betfair,5.5,Betfair,5.0,Betfair,11.0,Betfair,10.0,Betfair,11.0,Betfair,11.0,Betfair,17.0,Betfair,36.0,Betfair,23.0,Betfair,31.0,Betfair,23.0,Betfair,67.0,Betfair,61.0,,0.0,0.0,,0.0,0.0,,0.0,0.0,,0.0,0.0,,0.0,0.0,,0.0,0.0,,0.0,0.0,,0.0,0.0,,0.0,0.0,,0.0,0.0,,0.0,0.0,0,,0.0,0.0,0.0,,0.0,0.0,0.0,,0.0,0.0,0.0,,0.0,0.0,0.0,,0,0,0.0,,,,,,,,,,,,,,,,,,,,,,,,,,,,,,,,,,,,,,,,,,,,,,,,,,,,,,,,,,,,,,,,,,,,,,,,,,,,,,,,,,,,,,,,,,,,,,,,,,,,,,,,,,,,,,,,,,,,,,,,,,,,,,,,,,,,,,,,,,,,,,,,,,,,,,,,,,,,,,,,,,,,,,,,,,,,,,,,,,,,,,,,,,,,,,,,,,,,,,,,,,,,
K2vTepQQ,VIETNAM,2024/2025,VIETNAM 2,V League 2,659pm2N7,VIETNAM 2,08/02/2025,09:00,Round 8,Dong Nai,fydUYIh4,PVF-CAND,WSRPbuTF,False,0,1,,,,,,[],[68],Betfair,10.0,2.1,1.83,Novibet,9.7,2.3,1.68,Betfair,10.5,4.0,1.3,Estrelabet,1.45,2.4,,0.0,0.0,,0.0,0.0,,0.0,0.0,Sportingbet.br,2.45,1.49,,0.0,0.0,Betfair,1.06,7.5,Betfair,1.44,2.6,Betfair,2.55,1.45,Betfair,4.8,1.14,Betfair,10.0,1.02,Betfair,3.2,1.3,,0.0,0.0,,0.0,0.0,Betfair,3.1,1.2,1.04,Sportingbet.br,1.75,1.66,1.06,Sportingbet.br,2.05,1.46,1.06,Novibet,7.3,1.06,Novibet,5.6,1.1,Betano.br,5.2,1.14,Betfair,17.0,23.0,26.0,18.0,5.0,3.6,126.0,20.0,2.0,Estrelabet,1.8,1.9,Sportingbet.br,2.15,1.61,,0,0,Betfair,6.5,Betfair,15.0,Betfair,4.0,Betfair,8.5,Betfair,61.0,Betfair,4.5,Betfair,36.0,Betfair,9.0,Betfair,34.0,Betfair,101.0,Betfair,7.5,Betfair,101.0,Betfair,13.0,Betfair,101.0,Betfair,56.0,,0.0,0.0,,0.0,0.0,,0.0,0.0,,0.0,0.0,,0.0,0.0,,0.0,0.0,Betano.br,1.91,1.7,Betano.br,1.75,1.85,,0.0,0.0,,0.0,0.0,,0.0,0.0,0,,0.0,0.0,0.0,Novibet,0.0,0.0,2.05,Novibet,3.2,3.0,0.0,,0.0,0.0,0.0,,0,0,0.0,,,,,,,,,,,,,,,,,,,,,,,,,,,,,,,,,,,,,,,,,,,,,,,,,,,,,,,,,,,,,,,,,,,,,,,,,,,,,,,,,,,,,,,,,,,,,,,,,,,,,,,,,,,,,,,,,,,,,,,,,,,,,,,,,,,,,,,,,,,,,,,,,,,,,,,,,,,,,,,,,,,,,,,,,,,,,,,,,,,,,,,,,,,,,,,,,,,,,,,,,,,,
UDBzjfx8,VIETNAM,2024/2025,VIETNAM 2,V League 2,659pm2N7,VIETNAM 2,24/01/2025,08:00,Round 7,Hue,OjxcKNsg,Khanh Hoa,Myp07Vu0,False,2,2,,,,,,"[53, 90]","[24, 86]",Betfair,3.1,1.83,4.0,Betano.br,2.67,2.15,3.8,Betfair,2.25,2.75,3.0,Novibet,1.53,2.25,Novibet,3.35,1.26,,0.0,0.0,,0.0,0.0,,0.0,0.0,,0.0,0.0,Betfair,1.08,6.5,Betfair,1.45,2.55,Betfair,2.55,1.45,Betfair,5.2,1.13,Betfair,10.0,1.02,Betfair,2.05,1.67,,0.0,0.0,,0.0,0.0,Betfair,1.3,1.36,1.53,Betano.br,1.2,1.75,1.35,,0.0,0.0,0.0,Betano.br,1.47,2.32,Betano.br,1.55,2.3,Betano.br,1.6,2.25,Betfair,4.0,13.0,31.0,5.5,4.0,7.0,26.0,13.0,5.5,Estrelabet,1.95,1.75,,0.0,0.0,,0,0,Betfair,6.0,Betfair,6.0,Betfair,7.0,Betfair,5.5,Betfair,9.0,Betfair,13.0,Betfair,9.0,Betfair,11.0,Betfair,15.0,Betfair,21.0,Betfair,34.0,Betfair,19.0,Betfair,26.0,Betfair,36.0,Betfair,46.0,,0.0,0.0,,0.0,0.0,,0.0,0.0,,0.0,0.0,,0.0,0.0,,0.0,0.0,,0.0,0.0,,0.0,0.0,,0.0,0.0,,0.0,0.0,,0.0,0.0,0,,0.0,0.0,0.0,,0.0,0.0,0.0,,0.0,0.0,0.0,,0.0,0.0,0.0,,0,0,0.0,,,,,,,,,,,,,,,,,,,,,,,,,,,,,,,,,,,,,,,,,,,,,,,,,,,,,,,,,,,,,,,,,,,,,,,,,,,,,,,,,,,,,,,,,,,,,,,,,,,,,,,,,,,,,,,,,,,,,,,,,,,,,,,,,,,,,,,,,,,,,,,,,,,,,,,,,,,,,,,,,,,,,,,,,,,,,,,,,,,,,,,,,,,,,,,,,,,,,,,,,,,,
6aCGntmD,VIETNAM,2024/2025,VIETNAM 2,V League 2,659pm2N7,VIETNAM 2,09/02/2025,09:00,Round 8,Long An,40Z46ke6,Truong Tuoi Dong Nai,6g0U8aqi,False,1,2,,,,,,[48],"[29, 79]",Betfair,5.0,1.91,2.5,Betano.br,4.8,2.4,2.1,Betfair,4.33,3.4,1.7,Estrelabet,1.45,2.4,,0.0,0.0,,0.0,0.0,,0.0,0.0,Sportingbet.br,2.4,1.5,,0.0,0.0,Betfair,1.06,7.5,Betfair,1.36,2.88,Betfair,2.25,1.57,Betfair,4.5,1.17,Betfair,9.0,1.03,Betfair,2.0,1.73,,0.0,0.0,,0.0,0.0,Betfair,2.0,1.25,1.17,Sportingbet.br,1.5,1.75,1.14,Sportingbet.br,1.65,1.53,1.16,Estrelabet,3.4,1.27,Betano.br,2.95,1.35,Betano.br,3.05,1.35,Betfair,7.5,14.0,23.0,9.5,4.5,4.5,41.0,13.0,3.0,Sportingbet.br,1.9,1.8,Sportingbet.br,2.15,1.6,,0,0,Betfair,7.0,Betfair,9.5,Betfair,5.5,Betfair,6.0,Betfair,17.0,Betfair,7.0,Betfair,13.0,Betfair,7.5,Betfair,15.0,Betfair,61.0,Betfair,13.0,Betfair,46.0,Betfair,13.0,Betfair,61.0,Betfair,29.0,,0.0,0.0,,0.0,0.0,,0.0,0.0,,0.0,0.0,,0.0,0.0,Betano.br,1.85,1.75,,0.0,0.0,,0.0,0.0,,0.0,0.0,,0.0,0.0,,0.0,0.0,0,,0.0,0.0,0.0,,0.0,0.0,0.0,,0.0,0.0,0.0,,0.0,0.0,0.0,,0,0,0.0,,,,,,,,,,,,,,,,,,,,,,,,,,,,,,,,,,,,,,,,,,,,,,,,,,,,,,,,,,,,,,,,,,,,,,,,,,,,,,,,,,,,,,,,,,,,,,,,,,,,,,,,,,,,,,,,,,,,,,,,,,,,,,,,,,,,,,,,,,,,,,,,,,,,,,,,,,,,,,,,,,,,,,,,,,,,,,,,,,,,,,,,,,,,,,,,,,,,,,,,,,,,
CxyLc6eE,VIETNAM,2024/2025,VIETNAM 2,V League 2,659pm2N7,VIETNAM 2,24/01/2025,09:00,Round 7,Dong Thap,lvKbDDmQ,Truong Tuoi Dong Nai,6g0U8aqi,False,0,1,,,,,,[],[89],Betfair,4.5,1.73,3.2,Betano.br,4.4,1.95,2.75,Betfair,3.5,2.63,2.2,Novibet,1.52,2.25,,0.0,0.0,,0.0,0.0,Sportingbet.br,1.46,2.55,,0.0,0.0,,0.0,0.0,Betfair,1.11,5.5,Betfair,1.65,2.1,Betfair,3.2,1.3,Betfair,7.0,1.07,Betfair,10.0,1.02,Betfair,2.4,1.5,,0.0,0.0,,0.0,0.0,Betfair,1.57,1.4,1.29,Sportingbet.br,1.32,1.95,1.17,Sportingbet.br,1.41,1.7,1.21,Betano.br,2.52,1.4,Betano.br,2.42,1.5,Betano.br,2.42,1.52,Betfair,6.0,14.0,34.0,7.0,3.5,5.0,51.0,13.0,4.0,Betano.br,1.95,1.7,Sportingbet.br,2.3,1.53,,0,0,Betfair,4.5,Betfair,6.5,Betfair,5.0,Betfair,5.5,Betfair,13.0,Betfair,8.5,Betfair,13.0,Betfair,9.5,Betfair,19.0,Betfair,51.0,Betfair,21.0,Betfair,41.0,Betfair,21.0,Betfair,76.0,Betfair,61.0,,0.0,0.0,,0.0,0.0,,0.0,0.0,,0.0,0.0,,0.0,0.0,Betano.br,1.8,1.82,,0.0,0.0,,0.0,0.0,,0.0,0.0,,0.0,0.0,,0.0,0.0,0,,0.0,0.0,0.0,,0.0,0.0,0.0,,0.0,0.0,0.0,,0.0,0.0,0.0,,0,0,0.0,,,,,,,,,,,,,,,,,,,,,,,,,,,,,,,,,,,,,,,,,,,,,,,,,,,,,,,,,,,,,,,,,,,,,,,,,,,,,,,,,,,,,,,,,,,,,,,,,,,,,,,,,,,,,,,,,,,,,,,,,,,,,,,,,,,,,,,,,,,,,,,,,,,,,,,,,,,,,,,,,,,,,,,,,,,,,,,,,,,,,,,,,,,,,,,,,,,,,,,,,,,,
Mm8SiG7e,VIETNAM,2024/2025,VIETNAM 2,V League 2,659pm2N7,VIETNAM 2,23/01/2025,11:00,Round 7,Phu Dong Ninh Binh,GtBp2ZoS,Hoa Binh,OE9clfNc,False,2,0,,,,,,"[59, 79]",[],Betfair,1.83,2.1,11.0,Betano.br,1.82,2.3,8.5,Betfair,1.25,4.0,13.0,Betano.br,1.42,2.55,Novibet,3.1,1.3,Betano.br,6.4,1.06,,0.0,0.0,Sportingbet.br,2.6,1.43,,0.0,0.0,Betfair,1.06,7.5,Betfair,1.45,2.55,Betfair,2.4,1.5,Betfair,4.8,1.14,Betfair,9.0,1.03,Betfair,3.2,1.3,,0.0,0.0,,0.0,0.0,Betfair,1.03,1.17,3.6,Betano.br,1.06,1.57,1.75,Sportingbet.br,1.08,1.52,1.88,Betano.br,1.04,7.0,Betano.br,1.11,5.5,Betano.br,1.13,5.4,Betfair,1.91,21.0,151.0,3.5,5.5,20.0,26.0,26.0,19.0,Estrelabet,1.95,1.75,Sportingbet.br,2.2,1.6,,0,0,Betfair,7.0,Betfair,4.0,Betfair,17.0,Betfair,9.0,Betfair,4.33,Betfair,67.0,Betfair,9.0,Betfair,41.0,Betfair,36.0,Betfair,7.0,Betfair,101.0,Betfair,13.0,Betfair,101.0,Betfair,61.0,Betfair,101.0,,0.0,0.0,Betano.br,1.83,1.78,Betano.br,1.83,1.78,Betano.br,1.85,1.75,,0.0,0.0,,0.0,0.0,,0.0,0.0,,0.0,0.0,,0.0,0.0,,0.0,0.0,,0.0,0.0,0,Novibet,3.1,3.8,0.0,Novibet,2.6,3.1,0.0,Betano.br,0.0,0.0,2.95,Novibet,0.0,0.0,1.84,,0,0,0.0,,,,,,,,,,,,,,,,,,,,,,,,,,,,,,,,,,,,,,,,,,,,,,,,,,,,,,,,,,,,,,,,,,,,,,,,,,,,,,,,,,,,,,,,,,,,,,,,,,,,,,,,,,,,,,,,,,,,,,,,,,,,,,,,,,,,,,,,,,,,,,,,,,,,,,,,,,,,,,,,,,,,,,,,,,,,,,,,,,,,,,,,,,,,,,,,,,,,,,,,,,,,
AXI7l2I0,VIETNAM,2024/2025,VIETNAM 2,V League 2,659pm2N7,VIETNAM 2,08/02/2025,09:00,Round 8,Ho Chi Minh City,z5ftUOgs,Hoa Binh,OE9clfNc,False,1,0,,,,,,[45],[],Betfair,2.88,1.91,4.2,Novibet,2.65,2.06,3.75,Betfair,2.15,2.8,3.4,Estrelabet,1.5,2.3,,0.0,0.0,,0.0,0.0,,0.0,0.0,Sportingbet.br,2.55,1.44,,0.0,0.0,Betfair,1.07,7.0,Betfair,1.44,2.6,Betfair,2.4,1.5,Betfair,4.8,1.14,Betfair,10.0,1.02,Betfair,2.0,1.73,,0.0,0.0,,0.0,0.0,Betfair,1.25,1.4,1.62,Sportingbet.br,1.21,1.82,1.33,Sportingbet.br,1.25,1.61,1.42,Novibet,1.53,2.35,Novibet,1.58,2.25,Betano.br,1.65,2.15,Betfair,3.6,13.0,36.0,5.0,4.0,7.5,26.0,13.0,6.0,Estrelabet,2.05,1.7,Sportingbet.br,2.2,1.58,,0,0,Betfair,6.0,Betfair,6.0,Betfair,8.0,Betfair,5.5,Betfair,8.5,Betfair,13.0,Betfair,8.5,Betfair,12.0,Betfair,13.0,Betfair,17.0,Betfair,41.0,Betfair,17.0,Betfair,29.0,Betfair,36.0,Betfair,56.0,,0.0,0.0,,0.0,0.0,,0.0,0.0,,0.0,0.0,Betano.br,1.93,1.7,,0.0,0.0,,0.0,0.0,,0.0,0.0,,0.0,0.0,,0.0,0.0,,0.0,0.0,0,,0.0,0.0,0.0,,0.0,0.0,0.0,,0.0,0.0,0.0,,0.0,0.0,0.0,,0,0,0.0,,,,,,,,,,,,,,,,,,,,,,,,,,,,,,,,,,,,,,,,,,,,,,,,,,,,,,,,,,,,,,,,,,,,,,,,,,,,,,,,,,,,,,,,,,,,,,,,,,,,,,,,,,,,,,,,,,,,,,,,,,,,,,,,,,,,,,,,,,,,,,,,,,,,,,,,,,,,,,,,,,,,,,,,,,,,,,,,,,,,,,,,,,,,,,,,,,,,,,,,,,,,
6F6eabFL,VIETNAM,2024/2025,VIETNAM 2,V League 2,659pm2N7,VIETNAM 2,23/01/2025,09:00,Round 7,Long An,40Z46ke6,Ho Chi Minh City,z5ftUOgs,False,1,0,,,,,,[84],[],Betfair,3.6,1.91,3.1,Betano.br,3.4,2.12,2.95,Betfair,2.88,2.7,2.38,Betano.br,1.42,2.52,Novibet,3.1,1.29,Betano.br,6.3,1.06,,0.0,0.0,Sportingbet.br,2.3,1.53,,0.0,0.0,Betfair,1.05,8.0,Betfair,1.33,3.0,Betfair,2.2,1.6,Betfair,4.0,1.2,Betfair,8.0,1.05,Betfair,1.83,1.83,,0.0,0.0,,0.0,0.0,Betfair,1.5,1.36,1.33,Sportingbet.br,1.3,1.82,1.25,Sportingbet.br,1.38,1.57,1.31,Estrelabet,2.1,1.66,Betano.br,2.02,1.7,Betano.br,2.02,1.75,Betfair,5.0,12.0,26.0,6.5,4.33,5.5,26.0,12.0,4.0,Estrelabet,1.95,1.75,Sportingbet.br,2.2,1.58,,0,0,Betfair,7.0,Betfair,7.5,Betfair,7.0,Betfair,5.5,Betfair,12.0,Betfair,9.5,Betfair,9.5,Betfair,8.5,Betfair,12.0,Betfair,31.0,Betfair,21.0,Betfair,21.0,Betfair,15.0,Betfair,36.0,Betfair,31.0,,0.0,0.0,,0.0,0.0,,0.0,0.0,,0.0,0.0,Betano.br,1.93,1.7,,0.0,0.0,,0.0,0.0,,0.0,0.0,,0.0,0.0,,0.0,0.0,,0.0,0.0,0,,0.0,0.0,0.0,Betano.br,0.0,0.0,5.7,Betano.br,1.5,3.8,0.0,,0.0,0.0,0.0,,0,0,0.0,,,,,,,,,,,,,,,,,,,,,,,,,,,,,,,,,,,,,,,,,,,,,,,,,,,,,,,,,,,,,,,,,,,,,,,,,,,,,,,,,,,,,,,,,,,,,,,,,,,,,,,,,,,,,,,,,,,,,,,,,,,,,,,,,,,,,,,,,,,,,,,,,,,,,,,,,,,,,,,,,,,,,,,,,,,,,,,,,,,,,,,,,,,,,,,,,,,,,,,,,,,,
AmDn1Kp9,VIETNAM,2024/2025,VIETNAM 2,V League 2,659pm2N7,VIETNAM 2,19/01/2025,11:00,Round 6,Ho Chi Minh 2,IiSwji56,Long An,40Z46ke6,False,2,1,,,,,,"[23, 47]",[13],Betfair,3.25,1.91,3.5,Betano.br,3.0,2.22,3.15,Betfair,2.63,3.0,2.75,Betano.br,1.44,2.5,Betano.br,2.9,1.32,Betano.br,6.9,1.05,,0.0,0.0,Sportingbet.br,2.3,1.53,,0.0,0.0,Betfair,1.05,8.0,Betfair,1.33,3.0,Betfair,2.2,1.6,Betfair,4.0,1.2,Betfair,8.0,1.05,Betfair,1.85,1.85,,0.0,0.0,,0.0,0.0,Betfair,1.4,1.33,1.44,Sportingbet.br,1.27,1.77,1.29,Sportingbet.br,1.34,1.57,1.36,Estrelabet,1.8,1.9,Betano.br,1.83,1.88,Betano.br,1.83,1.91,Betfair,4.5,13.0,26.0,6.0,4.5,6.0,26.0,13.0,4.5,Estrelabet,1.95,1.75,Sportingbet.br,2.15,1.6,,0,0,Betfair,7.0,Betfair,7.5,Betfair,7.5,Betfair,5.5,Betfair,11.0,Betfair,11.0,Betfair,9.0,Betfair,9.5,Betfair,12.0,Betfair,21.0,Betfair,26.0,Betfair,17.0,Betfair,19.0,Betfair,31.0,Betfair,26.0,,0.0,0.0,,0.0,0.0,,0.0,0.0,,0.0,0.0,,0.0,0.0,,0.0,0.0,,0.0,0.0,,0.0,0.0,,0.0,0.0,,0.0,0.0,,0.0,0.0,0,,0.0,0.0,0.0,Betano.br,5.7,3.95,0.0,Betano.br,0.0,0.0,1.47,,0.0,0.0,0.0,,0,0,0.0,,,,,,,,,,,,,,,,,,,,,,,,,,,,,,,,,,,,,,,,,,,,,,,,,,,,,,,,,,,,,,,,,,,,,,,,,,,,,,,,,,,,,,,,,,,,,,,,,,,,,,,,,,,,,,,,,,,,,,,,,,,,,,,,,,,,,,,,,,,,,,,,,,,,,,,,,,,,,,,,,,,,,,,,,,,,,,,,,,,,,,,,,,,,,,,,,,,,,,,,,,,,
2ohRgxwq,VIETNAM,2024/2025,VIETNAM 2,V League 2,659pm2N7,VIETNAM 2,23/01/2025,09:00,Round 7,Dong Nai,fydUYIh4,Ho Chi Minh 2,IiSwji56,False,0,0,,,,,,[],[],Betfair,3.75,1.83,3.25,Betano.br,3.65,2.05,2.95,Betfair,3.0,3.0,2.1,Novibet,1.56,2.15,,0.0,0.0,,0.0,0.0,,0.0,0.0,Sportingbet.br,2.7,1.4,,0.0,0.0,Betfair,1.08,6.5,Betfair,1.5,2.4,Betfair,2.75,1.4,Betfair,5.5,1.11,Betfair,11.0,1.01,Betfair,2.15,1.6,,0.0,0.0,,0.0,0.0,Betfair,1.62,1.33,1.3,Sportingbet.br,1.28,1.87,1.24,Sportingbet.br,1.35,1.63,1.3,Estrelabet,2.1,1.66,Betano.br,2.05,1.7,Betano.br,2.07,1.7,Betfair,5.5,13.0,26.0,6.5,3.75,5.5,36.0,13.0,4.2,Novibet,1.9,1.8,Sportingbet.br,2.2,1.58,,0,0,Betfair,5.5,Betfair,6.5,Betfair,6.0,Betfair,5.0,Betfair,12.0,Betfair,9.0,Betfair,11.0,Betfair,9.5,Betfair,15.0,Betfair,36.0,Betfair,21.0,Betfair,29.0,Betfair,19.0,Betfair,51.0,Betfair,41.0,,0.0,0.0,,0.0,0.0,,0.0,0.0,,0.0,0.0,,0.0,0.0,,0.0,0.0,,0.0,0.0,,0.0,0.0,,0.0,0.0,,0.0,0.0,,0.0,0.0,0,,0.0,0.0,0.0,,0.0,0.0,0.0,,0.0,0.0,0.0,,0.0,0.0,0.0,,0,0,0.0,,,,,,,,,,,,,,,,,,,,,,,,,,,,,,,,,,,,,,,,,,,,,,,,,,,1.0,0.0,,,,,,,,,,,,,,,,,,,,,,,,,,,,,,,,,,,,,,,,,,,,,,,,,,,,,,,,,,,,,,,,,,,,,,,,,,,,,,,,,,,,,,,,,,,,,,,,,,,,,,,,,,,,,,,,,,,,,,,,,,,,,,,,,,,,,,,1.0,0.0,,,,,,,,,,,,,,,,
MDiJQw9d,VIETNAM,2024/2025,VIETNAM 2,V League 2,659pm2N7,VIETNAM 2,20/11/2024,08:00,Round 5,Hue,OjxcKNsg,Truong Tuoi Dong Nai,6g0U8aqi,False,0,1,,,,,,[],[74],Betfair,5.0,2.0,2.38,Betano.br,5.3,2.4,2.02,Betfair,4.75,3.5,1.57,Betano.br,1.4,2.4,,0.0,0.0,,0.0,0.0,,0.0,0.0,,0.0,0.0,,0.0,0.0,Betfair,1.05,8.0,Betfair,1.33,3.0,Betfair,2.2,1.6,Betfair,4.0,1.2,Betfair,8.0,1.05,Betfair,2.0,1.7,,0.0,0.0,,0.0,0.0,Betfair,2.2,1.25,1.14,Betano.br,1.55,1.6,1.14,,0.0,0.0,0.0,Betano.br,3.5,1.21,Betano.br,3.2,1.3,Betano.br,3.35,1.3,Betfair,8.5,14.0,21.0,10.0,4.5,4.33,46.0,13.0,2.75,Betano.br,1.85,1.8,,0.0,0.0,,0,0,Betfair,7.5,Betfair,11.0,Betfair,5.5,Betfair,6.0,Betfair,19.0,Betfair,6.5,Betfair,15.0,Betfair,7.5,Betfair,15.0,Betfair,67.0,Betfair,13.0,Betfair,41.0,Betfair,13.0,Betfair,61.0,Betfair,26.0,,0.0,0.0,,0.0,0.0,,0.0,0.0,,0.0,0.0,,0.0,0.0,Betano.br,1.91,1.7,Betano.br,1.75,1.85,,0.0,0.0,,0.0,0.0,,0.0,0.0,,0.0,0.0,0,,0.0,0.0,0.0,Novibet,0.0,0.0,2.75,Novibet,2.15,3.35,0.0,,0.0,0.0,0.0,,0,0,0.0,,,,,,,,,,,,,,,,,,,,,,,,,,,,,,,,,,,,,,,,,,,,,,,,,,,,,,,,,,,,,,,,,,,,,,,,,,,,,,,,,,,,,,,,,,,,,,,,,,,,,,,,,,,,,,,,,,,,,,,,,,,,,,,,,,,,,,,,,,,,,,,,,,,,,,,,,,,,,,,,,,,,,,,,,,,,,,,,,,,,,,,,,,,,,,,,,,,,,,,,,,,,
xMZ5ls13,VIETNAM,2024/2025,VIETNAM 2,V League 2,659pm2N7,VIETNAM 2,20/11/2024,09:00,Round 5,Dong Thap,lvKbDDmQ,Dong Nai,fydUYIh4,False,0,0,,,,,,[],[],Betfair,2.3,1.8,8.0,Betano.br,1.91,2.15,8.75,Betfair,1.53,3.0,7.0,Sportingbet.br,1.65,2.1,,0.0,0.0,,0.0,0.0,Sportingbet.br,1.47,2.45,,0.0,0.0,,0.0,0.0,Betfair,1.11,5.5,Betfair,1.65,2.1,Betfair,3.3,1.29,Betfair,7.0,1.07,Betfair,11.0,1.01,Betfair,3.2,1.29,,0.0,0.0,,0.0,0.0,Betfair,1.07,1.33,2.3,Novibet,1.09,1.83,1.5,Sportingbet.br,1.07,1.63,1.75,Betano.br,1.1,5.0,Betano.br,1.15,4.7,Betano.br,1.15,5.0,Betfair,2.5,15.0,91.0,3.75,3.75,13.0,34.0,18.0,13.0,Sportingbet.br,1.9,1.78,Sportingbet.br,2.25,1.55,,0,0,Betfair,4.5,Betfair,3.75,Betfair,11.0,Betfair,7.0,Betfair,5.0,Betfair,36.0,Betfair,9.5,Betfair,26.0,Betfair,31.0,Betfair,11.0,Betfair,101.0,Betfair,17.0,Betfair,81.0,Betfair,67.0,Betfair,101.0,,0.0,0.0,,0.0,0.0,,0.0,0.0,Betano.br,1.78,1.83,,0.0,0.0,,0.0,0.0,,0.0,0.0,,0.0,0.0,,0.0,0.0,,0.0,0.0,,0.0,0.0,0,,0.0,0.0,0.0,Novibet,3.0,3.0,0.0,Novibet,0.0,0.0,2.15,,0.0,0.0,0.0,,0,0,0.0,,,,,,,,,,,,,,,,,,,,,,,,,,,,,,,,,,,,,,,,,,,,,,,,,,,,,,,,,,,,,,,,,,,,,,,,,,,,,,,,,,,,,,,,,,,,,,,,,,,,,,,,,,,,,,,,,,,,,,,,,,,,,,,,,,,,,,,,,,,,,,,,,,,,,,,,,,,,,,,,,,,,,,,,,,,,,,,,,,,,,,,,,,,,,,,,,,,,,,,,,,,,
MRWiuwOk,VIETNAM,2024/2025,VIETNAM 2,V League 2,659pm2N7,VIETNAM 2,18/01/2025,08:00,Round 6,PVF-CAND,WSRPbuTF,Ho Chi Minh City,z5ftUOgs,False,1,0,,,,,,[90],[],Betfair,1.8,2.38,8.0,Betano.br,1.57,2.85,8.75,Betfair,1.25,5.0,10.0,Sportingbet.br,1.39,2.75,Sportingbet.br,2.6,1.44,,0.0,0.0,,0.0,0.0,Sportingbet.br,2.0,1.7,,0.0,0.0,Betfair,1.01,11.0,Betfair,1.2,4.0,Betfair,1.75,1.95,Betfair,3.0,1.33,Betfair,6.5,1.08,Betfair,2.2,1.6,,0.0,0.0,,0.0,0.0,Betfair,1.03,1.13,3.5,Sportingbet.br,1.08,1.51,1.9,Sportingbet.br,1.08,1.37,2.2,Betano.br,1.06,6.0,Betano.br,1.13,5.2,Betano.br,1.12,5.7,Betfair,1.91,17.0,81.0,3.75,7.0,17.0,21.0,21.0,15.0,Sportingbet.br,1.83,1.85,Sportingbet.br,2.0,1.7,,0,0,Betfair,11.0,Betfair,5.5,Betfair,21.0,Betfair,8.5,Betfair,5.0,Betfair,46.0,Betfair,7.0,Betfair,29.0,Betfair,19.0,Betfair,7.5,Betfair,101.0,Betfair,9.5,Betfair,76.0,Betfair,26.0,Betfair,76.0,,0.0,0.0,,0.0,0.0,Betano.br,1.83,1.78,Betano.br,1.78,1.82,,0.0,0.0,,0.0,0.0,,0.0,0.0,,0.0,0.0,,0.0,0.0,,0.0,0.0,,0.0,0.0,0,,0.0,0.0,0.0,,0.0,0.0,0.0,,0.0,0.0,0.0,,0.0,0.0,0.0,,0,0,0.0,,,,,,,,,,,,,,,,,,,,,,,,,,,,,,,,,,,,,,,,,,,,,,,,,,,,,,,,,,,,,,,,,,,,,,,,,,,,,,,,,,,,,,,,,,,,,,,,,,,,,,,,,,,,,,,,,,,,,,,,,,,,,,,,,,,,,,,,,,,,,,,,,,,,,,,,,,,,,,,,,,,,,,,,,,,,,,,,,,,,,,,,,,,,,,,,,,,,,,,,,,,,
G8two8fB,VIETNAM,2024/2025,VIETNAM 2,V League 2,659pm2N7,VIETNAM 2,19/11/2024,09:00,Round 5,Ho Chi Minh City,z5ftUOgs,Ho Chi Minh 2,IiSwji56,False,3,1,,,,,,"[20, 22, 54]",[75],Betfair,2.8,1.91,4.2,Novibet,2.55,2.25,3.65,Betfair,2.05,3.1,3.3,Sportingbet.br,1.47,2.45,,0.0,0.0,,0.0,0.0,,0.0,0.0,Sportingbet.br,2.45,1.47,,0.0,0.0,Betfair,1.06,7.5,Betfair,1.36,2.88,Betfair,2.25,1.57,Betfair,4.5,1.17,Betfair,9.0,1.03,Betfair,1.95,1.75,,0.0,0.0,,0.0,0.0,Betfair,1.29,1.3,1.67,Sportingbet.br,1.22,1.72,1.39,Sportingbet.br,1.24,1.57,1.47,Estrelabet,1.5,2.4,Novibet,1.58,2.25,Betano.br,1.62,2.22,Betfair,3.5,13.0,36.0,5.0,4.2,7.5,26.0,13.0,6.0,Estrelabet,1.9,1.8,Sportingbet.br,2.1,1.63,,0,0,Betfair,6.5,Betfair,6.0,Betfair,8.5,Betfair,5.5,Betfair,8.0,Betfair,15.0,Betfair,8.0,Betfair,11.0,Betfair,13.0,Betfair,15.0,Betfair,46.0,Betfair,15.0,Betfair,29.0,Betfair,31.0,Betfair,46.0,,0.0,0.0,,0.0,0.0,,0.0,0.0,,0.0,0.0,Betano.br,1.93,1.7,,0.0,0.0,,0.0,0.0,,0.0,0.0,,0.0,0.0,,0.0,0.0,,0.0,0.0,0,,0.0,0.0,0.0,,0.0,0.0,0.0,,0.0,0.0,0.0,,0.0,0.0,0.0,,0,0,0.0,,,,,,,,,,,,,,,,,,,,,,,,,,,,,,,,,,,,,,,,,,,,,,,,,,,,,,,,,,,,,,,,,,,,,,,,,,,,,,,,,,,,,,,,,,,,,,,,,,,,,,,,,,,,,,,,,,,,,,,,,,,,,,,,,,,,,,,,,,,,,,,,,,,,,,,,,,,,,,,,,,,,,,,,,,,,,,,,,,,,,,,,,,,,,,,,,,,,,,,,,,,,
rsL0wHh2,VIETNAM,2024/2025,VIETNAM 2,V League 2,659pm2N7,VIETNAM 2,19/01/2025,11:00,Round 6,Truong Tuoi Dong Nai,6g0U8aqi,Dong Nai,fydUYIh4,False,1,1,,,,,,[35],[16],Betfair,1.67,2.3,11.0,Betano.br,1.5,2.85,12.5,Betfair,1.15,4.75,15.0,Novibet,1.38,2.65,Sportingbet.br,2.7,1.41,,0.0,0.0,,0.0,0.0,Sportingbet.br,2.1,1.62,,0.0,0.0,Betfair,1.02,9.0,Betfair,1.29,3.3,Betfair,1.95,1.75,Betfair,3.6,1.25,Betfair,7.5,1.06,Betfair,2.8,1.36,,0.0,0.0,,0.0,0.0,Betfair,1.02,1.14,4.33,Novibet,1.04,1.5,2.0,,0.0,0.0,0.0,Novibet,1.04,8.3,Betano.br,1.06,7.5,Betano.br,1.07,7.6,Betfair,1.73,23.0,126.0,3.6,7.0,21.0,26.0,26.0,21.0,Novibet,1.86,1.83,Sportingbet.br,2.05,1.66,,0,0,Betfair,9.5,Betfair,4.5,Betfair,21.0,Betfair,11.0,Betfair,4.5,Betfair,76.0,Betfair,8.5,Betfair,46.0,Betfair,31.0,Betfair,6.0,Betfair,101.0,Betfair,11.0,Betfair,101.0,Betfair,51.0,Betfair,101.0,,0.0,0.0,Betano.br,1.78,1.83,Betano.br,1.75,1.87,,0.0,0.0,,0.0,0.0,,0.0,0.0,,0.0,0.0,,0.0,0.0,,0.0,0.0,,0.0,0.0,,0.0,0.0,0,Novibet,3.05,3.7,0.0,,0.0,0.0,0.0,,0.0,0.0,0.0,Novibet,0.0,0.0,1.87,,0,0,0.0,,,,,,,,,,,,,,,,,,,,,,,,,,,,,,,,,,,,,,,,,,,,,,,,,,,,,,,,,,,,,,,,,,,,,,,,,,,,,,,,,,,,,,,,,,,,,,,,,,,,,,,,,,,,,,,,,,,,,,,,,,,,,,,,,,,,,,,,,,,,,,,,,,,,,,,,,,,,,,,,,,,,,,,,,,,,,,,,,,,,,,,,,,,,,,,,,,,,,,,,,,,,
AZXDnLVF,VIETNAM,2024/2025,VIETNAM 2,V League 2,659pm2N7,VIETNAM 2,18/01/2025,10:00,Round 6,Hoa Binh,OE9clfNc,Hue,OjxcKNsg,False,1,0,,,,,,[38],[],Betfair,3.6,1.8,3.5,Betano.br,3.2,1.98,3.55,Betfair,2.8,2.8,2.5,Novibet,1.55,2.2,,0.0,0.0,,0.0,0.0,,0.0,0.0,,0.0,0.0,,0.0,0.0,Betfair,1.11,5.5,Betfair,1.57,2.25,Betfair,2.88,1.36,Betfair,5.5,1.11,Betfair,11.0,1.01,Betfair,2.2,1.6,,0.0,0.0,,0.0,0.0,Betfair,1.44,1.36,1.36,Betano.br,1.22,1.87,1.26,,0.0,0.0,0.0,Betano.br,1.7,1.93,Betano.br,1.75,1.98,Betano.br,1.78,1.98,Betfair,5.0,13.0,31.0,6.5,3.6,5.5,36.0,13.0,4.5,Estrelabet,1.95,1.75,,0.0,0.0,,0,0,Betfair,5.0,Betfair,6.0,Betfair,6.0,Betfair,5.0,Betfair,11.0,Betfair,10.0,Betfair,11.0,Betfair,10.0,Betfair,15.0,Betfair,34.0,Betfair,26.0,Betfair,26.0,Betfair,23.0,Betfair,56.0,Betfair,56.0,,0.0,0.0,,0.0,0.0,,0.0,0.0,,0.0,0.0,,0.0,0.0,,0.0,0.0,,0.0,0.0,,0.0,0.0,,0.0,0.0,,0.0,0.0,,0.0,0.0,0,,0.0,0.0,0.0,,0.0,0.0,0.0,,0.0,0.0,0.0,,0.0,0.0,0.0,,0,0,0.0,,,,,,,,,,,,,,,,,,,,,,,,,,,,,,,,,,,,,,,,,,,,,,,,,,,,,,,,,,,,,,,,,,,,,,,,,,,,,,,,,,,,,,,,,,,,,,,,,,,,,,,,,,,,,,,,,,,,,,,,,,,,,,,,,,,,,,,,,,,,,,,,,,,,,,,,,,,,,,,,,,,,,,,,,,,,,,,,,,,,,,,,,,,,,,,,,,,,,,,,,,,,
fuDeYUA5,VIETNAM,2024/2025,VIETNAM 2,V League 2,659pm2N7,VIETNAM 2,14/11/2024,11:00,Round 4,Truong Tuoi Dong Nai,6g0U8aqi,Ho Chi Minh City,z5ftUOgs,False,3,2,,,,,,"[10, 24, 90]","[70, 81]",Betfair,1.57,2.5,13.0,Betano.br,1.53,2.67,13.5,Betfair,1.11,6.0,17.0,Sportingbet.br,1.39,2.75,Sportingbet.br,2.75,1.39,,0.0,0.0,,0.0,0.0,,0.0,0.0,,0.0,0.0,Betfair,1.01,11.0,Betfair,1.25,3.6,Betfair,1.85,1.85,Betfair,3.3,1.29,Betfair,7.0,1.07,Betfair,3.3,1.3,,0.0,0.0,,0.0,0.0,Betfair,1.01,1.1,5.0,Betano.br,1.03,1.44,2.05,,0.0,0.0,0.0,Novibet,1.01,8.7,Betano.br,1.05,7.7,Betano.br,1.07,7.6,Betfair,1.62,26.0,276.0,3.6,8.0,31.0,26.0,31.0,36.0,Betano.br,1.85,1.8,,0.0,0.0,,0,0,Betfair,10.0,Betfair,4.5,Betfair,31.0,Betfair,12.0,Betfair,4.0,Betfair,81.0,Betfair,9.5,Betfair,67.0,Betfair,46.0,Betfair,5.5,Betfair,101.0,Betfair,11.0,Betfair,101.0,Betfair,61.0,Betfair,101.0,,0.0,0.0,Betano.br,1.83,1.78,Betano.br,1.8,1.8,,0.0,0.0,,0.0,0.0,,0.0,0.0,,0.0,0.0,,0.0,0.0,,0.0,0.0,,0.0,0.0,,0.0,0.0,0,,0.0,0.0,0.0,Novibet,1.86,3.4,0.0,Novibet,0.0,0.0,3.35,,0.0,0.0,0.0,,0,0,0.0,,,,,,,,,,,,,,,,,,,,,,,,,,,,,,,,,,,,,,,,,,,,,,,,,,,,,,,,,,,,,,,,,,,,,,,,,,,,,,,,,,,,,,,,,,,,,,,,,,,,,,,,,,,,,,,,,,,,,,,,,,,,,,,,,,,,,,,,,,,,,,,,,,,,,,,,,,,,,,,,,,,,,,,,,,,,,,,,,,,,,,,,,,,,,,,,,,,,,,,,,,,,
d49CUnAU,VIETNAM,2024/2025,VIETNAM 2,V League 2,659pm2N7,VIETNAM 2,15/11/2024,11:00,Round 4,Phu Dong Ninh Binh,GtBp2ZoS,Hue,OjxcKNsg,False,2,1,,,,,,"[7, 90]",[78],Betfair,1.91,2.0,10.0,Betano.br,1.75,2.3,10.75,Betfair,1.25,3.9,10.5,Betano.br,1.45,2.27,Betano.br,2.47,1.38,,0.0,0.0,,0.0,0.0,,0.0,0.0,,0.0,0.0,Betfair,1.07,7.0,Betfair,1.57,2.25,Betfair,2.6,1.44,Betfair,5.5,1.11,Betfair,11.0,1.01,Betfair,2.88,1.36,,0.0,0.0,,0.0,0.0,Betfair,1.04,1.2,3.0,Betano.br,1.06,1.55,1.78,,0.0,0.0,0.0,Estrelabet,1.06,7.0,Betano.br,1.11,5.6,Betano.br,1.11,6.0,Betfair,2.0,21.0,101.0,3.5,5.0,19.0,31.0,23.0,18.0,Estrelabet,1.8,1.9,,0.0,0.0,,0,0,Betfair,8.5,Betfair,4.5,Betfair,21.0,Betfair,9.5,Betfair,4.33,Betfair,67.0,Betfair,9.0,Betfair,46.0,Betfair,34.0,Betfair,6.5,Betfair,101.0,Betfair,12.0,Betfair,101.0,Betfair,46.0,Betfair,101.0,,0.0,0.0,Betano.br,1.85,1.75,,0.0,0.0,,0.0,0.0,,0.0,0.0,,0.0,0.0,,0.0,0.0,,0.0,0.0,,0.0,0.0,,0.0,0.0,,0.0,0.0,0,Novibet,4.5,3.75,0.0,Novibet,2.2,3.05,0.0,Novibet,0.0,0.0,2.9,Novibet,0.0,0.0,1.55,,0,0,0.0,,,,,,,,,,,,,,,,,,,,,,,,,,,,,,,,,,,,,,,,,,,,,,,,,,,,,,,,,,,,,,,,,,,,,,,,,,,,,,,,,,,,,,,,,,,,,,,,,,,,,,,,,,,,,,,,,,,,,,,,,,,,,,,,,,,,,,,,,,,,,,,,,,,,,,,,,,,,,,,,,,,,,,,,,,,,,,,,,,,,,,,,,,,,,,,,,,,,,,,,,,,,
8rwVnUPb,VIETNAM,2024/2025,VIETNAM 2,V League 2,659pm2N7,VIETNAM 2,19/11/2024,10:00,Round 5,Hoa Binh,OE9clfNc,Khanh Hoa,Myp07Vu0,False,0,0,,,,,,[],[],Betfair,2.8,1.83,5.0,Betano.br,2.47,2.1,4.55,Betfair,1.95,2.9,3.8,Novibet,1.58,2.15,,0.0,0.0,,0.0,0.0,Sportingbet.br,1.43,2.6,,0.0,0.0,,0.0,0.0,Betfair,1.08,6.5,Betfair,1.57,2.25,Betfair,2.88,1.36,Betfair,5.5,1.11,Betfair,11.0,1.01,Betfair,2.25,1.57,,0.0,0.0,,0.0,0.0,Betfair,1.22,1.33,1.73,Sportingbet.br,1.17,1.85,1.37,Sportingbet.br,1.2,1.68,1.44,Betano.br,1.36,2.67,Betano.br,1.45,2.55,Betano.br,1.44,2.65,Betfair,3.4,13.0,51.0,4.5,3.75,8.5,26.0,14.0,7.5,Novibet,1.9,1.8,Sportingbet.br,2.2,1.58,,0,0,Betfair,5.5,Betfair,5.0,Betfair,8.0,Betfair,5.5,Betfair,7.0,Betfair,15.0,Betfair,9.0,Betfair,13.0,Betfair,17.0,Betfair,15.0,Betfair,67.0,Betfair,17.0,Betfair,46.0,Betfair,41.0,Betfair,76.0,,0.0,0.0,,0.0,0.0,,0.0,0.0,,0.0,0.0,Betano.br,1.88,1.72,,0.0,0.0,,0.0,0.0,,0.0,0.0,,0.0,0.0,,0.0,0.0,,0.0,0.0,0,,0.0,0.0,0.0,,0.0,0.0,0.0,,0.0,0.0,0.0,,0.0,0.0,0.0,,0,0,0.0,,,,,,,,,,,,,,,,,,,,,,,,,,,,,,,,,,,,,,,,,,,,,,,,,,,,,,,,,,,,,,,,,,,,,,,,,,,,,,,,,,,,,,,,,,,,,,,,,,,,,,,,,,,,,,,,,,,,,,,,,,,,,,,,,,,,,,,,,,,,,,,,,,,,,,,,,,,,,,,,,,,,,,,,,,,,,,,,,,,,,,,,,,,,,,,,,,,,,,,,,,,,
zcgBSavp,VIETNAM,2024/2025,VIETNAM 2,V League 2,659pm2N7,VIETNAM 2,19/11/2024,08:00,Round 5,PVF-CAND,WSRPbuTF,Phu Dong Ninh Binh,GtBp2ZoS,False,0,3,,,,,,[],"[7, 15, 30]",Betfair,2.88,1.83,4.5,Betano.br,2.5,2.22,4.05,Betfair,2.05,2.88,3.5,Sportingbet.br,1.55,2.25,,0.0,0.0,,0.0,0.0,,0.0,0.0,Sportingbet.br,2.55,1.44,,0.0,0.0,Betfair,1.07,7.0,Betfair,1.45,2.55,Betfair,2.55,1.45,Betfair,5.2,1.13,Betfair,11.0,1.01,Betfair,2.05,1.67,,0.0,0.0,,0.0,0.0,Betfair,1.25,1.36,1.67,Sportingbet.br,1.21,1.8,1.35,Sportingbet.br,1.25,1.6,1.43,Betano.br,1.44,2.42,Betano.br,1.62,2.15,Betano.br,1.52,2.45,Betfair,3.6,13.0,41.0,5.0,4.0,7.5,26.0,13.0,6.5,Estrelabet,1.9,1.8,Sportingbet.br,2.15,1.6,,0,0,Betfair,6.0,Betfair,5.5,Betfair,8.0,Betfair,5.5,Betfair,8.0,Betfair,13.0,Betfair,8.5,Betfair,12.0,Betfair,15.0,Betfair,15.0,Betfair,51.0,Betfair,17.0,Betfair,31.0,Betfair,36.0,Betfair,61.0,,0.0,0.0,,0.0,0.0,,0.0,0.0,,0.0,0.0,Betano.br,1.93,1.7,,0.0,0.0,,0.0,0.0,,0.0,0.0,,0.0,0.0,,0.0,0.0,,0.0,0.0,0,,0.0,0.0,0.0,,0.0,0.0,0.0,,0.0,0.0,0.0,,0.0,0.0,0.0,,0,0,0.0,,,,,,,,,,,,,,,,,,,,,,,,,,,,,,,,,,,,,,,,,,,,,,,,,,,,,,,,,,,,,,,,,,,,,,,,,,,,,,,,,,,,,,,,,,,,,,,,,,,,,,,,,,,,,,,,,,,,,,,,,,,,,,,,,,,,,,,,,,,,,,,,,,,,,,,,,,,,,,,,,,,,,,,,,,,,,,,,,,,,,,,,,,,,,,,,,,,,,,,,,,,,
CGqMljen,VIETNAM,2024/2025,VIETNAM 2,V League 2,659pm2N7,VIETNAM 2,16/11/2024,09:00,Round 4,Dong Nai,fydUYIh4,Long An,40Z46ke6,False,0,0,,,,,,[],[],Betfair,3.5,2.0,3.2,Betano.br,3.25,2.25,2.87,Betfair,2.7,3.1,2.2,Sportingbet.br,1.47,2.45,,0.0,0.0,,0.0,0.0,,0.0,0.0,Sportingbet.br,2.3,1.55,,0.0,0.0,Betfair,1.05,8.0,Betfair,1.3,3.2,Betfair,2.1,1.65,Betfair,3.8,1.22,Betfair,8.0,1.05,Betfair,1.8,1.87,,0.0,0.0,,0.0,0.0,Betfair,1.57,1.3,1.36,Sportingbet.br,1.32,1.73,1.26,Sportingbet.br,1.39,1.55,1.32,Estrelabet,2.05,1.7,Betano.br,2.02,1.7,Betano.br,2.0,1.75,Betfair,4.5,13.0,23.0,6.5,4.5,6.0,26.0,13.0,4.2,Estrelabet,1.9,1.8,,0.0,0.0,,0,0,Betfair,7.5,Betfair,8.0,Betfair,7.5,Betfair,5.5,Betfair,12.0,Betfair,10.0,Betfair,9.0,Betfair,8.5,Betfair,12.0,Betfair,29.0,Betfair,21.0,Betfair,19.0,Betfair,15.0,Betfair,31.0,Betfair,26.0,,0.0,0.0,,0.0,0.0,,0.0,0.0,,0.0,0.0,,0.0,0.0,,0.0,0.0,,0.0,0.0,,0.0,0.0,,0.0,0.0,,0.0,0.0,,0.0,0.0,0,,0.0,0.0,0.0,,0.0,0.0,0.0,,0.0,0.0,0.0,,0.0,0.0,0.0,,0,0,0.0,,,,,,,,,,,,,,,,,,,,,,,,,,,,,,,,,,,,,,,,,,,,,,,,,,,,,,,,,,,,,,,,,,,,,,,,,,,,,,,,,,,,,,,,,,,,,,,,,,,,,,,,,,,,,,,,,,,,,,,,,,,,,,,,,,,,,,,,,,,,,,,,,,,,,,,,,,,,,,,,,,,,,,,,,,,,,,,,,,,,,,,,,,,,,,,,,,,,,,,,,,,,
25G3W8uI,VIETNAM,2024/2025,VIETNAM 2,V League 2,659pm2N7,VIETNAM 2,14/11/2024,12:15,Round 4,Ho Chi Minh 2,IiSwji56,PVF-CAND,WSRPbuTF,False,0,0,,,,,,[],[],Betfair,6.5,2.0,2.1,Betano.br,5.6,2.42,1.98,Betfair,6.0,3.7,1.47,Sportingbet.br,1.4,2.7,Estrelabet,2.66,1.36,,0.0,0.0,,0.0,0.0,Sportingbet.br,2.25,1.55,,0.0,0.0,Betfair,1.05,8.0,Betfair,1.3,3.2,Betfair,1.95,1.75,Betfair,3.8,1.22,Betfair,8.0,1.05,Betfair,2.1,1.65,,0.0,0.0,,0.0,0.0,Betfair,2.5,1.22,1.1,Sportingbet.br,1.63,1.6,1.13,Sportingbet.br,1.78,1.47,1.13,Novibet,4.4,1.17,Betano.br,3.55,1.25,Betano.br,3.5,1.27,Betfair,11.0,15.0,21.0,12.0,5.0,4.0,61.0,14.0,2.4,Betano.br,1.85,1.78,,0.0,0.0,,0,0,Betfair,8.0,Betfair,13.0,Betfair,5.0,Betfair,6.5,Betfair,26.0,Betfair,6.0,Betfair,17.0,Betfair,7.5,Betfair,15.0,Betfair,81.0,Betfair,10.0,Betfair,61.0,Betfair,12.0,Betfair,76.0,Betfair,23.0,,0.0,0.0,,0.0,0.0,,0.0,0.0,,0.0,0.0,,0.0,0.0,,0.0,0.0,Betano.br,1.72,1.9,,0.0,0.0,,0.0,0.0,,0.0,0.0,,0.0,0.0,0,,0.0,0.0,0.0,Novibet,0.0,0.0,2.35,Novibet,2.5,3.35,0.0,,0.0,0.0,0.0,,0,0,0.0,,,,,,,,,,,,,,,,,,,,,,,,,,,,,,,,,,,,,,,,,,,,,,,,,,,,,,,,,,,,,,,,,,,,,,,,,,,,,,,,,,,,,,,,,,,,,,,,,,,,,,,,,,,,,,,,,,,,,,,,,,,,,,,,,,,,,,,,,,,,,,,,,,,,,,,,,,,,,,,,,,,,,,,,,,,,,,,,,,,,,,,,,,,,,,,,,,,,,,,,,,,,
Mibv9Esf,VIETNAM,2024/2025,VIETNAM 2,V League 2,659pm2N7,VIETNAM 2,03/11/2024,09:00,Round 2,Dong Thap,lvKbDDmQ,Ho Chi Minh 2,IiSwji56,False,0,0,,,,,,[],[],Betfair,2.0,2.1,6.0,Betano.br,1.9,2.52,5.7,Betfair,1.44,3.7,5.5,Sportingbet.br,1.39,2.75,Betano.br,2.4,1.4,,0.0,0.0,,0.0,0.0,Sportingbet.br,2.1,1.65,,0.0,0.0,Betfair,1.03,9.0,Betfair,1.29,3.3,Betfair,1.95,1.75,Betfair,3.6,1.25,Betfair,7.5,1.06,Betfair,2.0,1.7,,0.0,0.0,,0.0,0.0,Betfair,1.1,1.22,2.5,Betano.br,1.13,1.52,1.65,Sportingbet.br,1.14,1.44,1.82,Estrelabet,1.18,4.2,Betano.br,1.25,3.55,Betano.br,1.25,3.7,Betfair,2.3,14.0,61.0,4.0,5.5,13.0,21.0,15.0,11.0,Estrelabet,1.9,1.8,,0.0,0.0,,0,0,Betfair,9.0,Betfair,5.5,Betfair,13.0,Betfair,6.5,Betfair,6.0,Betfair,29.0,Betfair,7.0,Betfair,17.0,Betfair,15.0,Betfair,9.5,Betfair,81.0,Betfair,11.0,Betfair,56.0,Betfair,23.0,Betfair,67.0,,0.0,0.0,,0.0,0.0,,0.0,0.0,Betano.br,1.8,1.8,,0.0,0.0,,0.0,0.0,,0.0,0.0,,0.0,0.0,,0.0,0.0,,0.0,0.0,,0.0,0.0,0,Novibet,4.9,4.45,0.0,Novibet,2.55,3.4,0.0,Novibet,0.0,0.0,2.25,Novibet,0.0,0.0,1.42,,0,0,0.0,,,,,,,,,,,,,,,,,,,,,,,,,,,,,,,,,,,,,,,,,,,,,,,,,,,,,,,,,,,,,,,,,,,,,,,,,,,,,,,,,,,,,,,,,,,,,,,,,,,,,,,,,,,,,,,,,,,,,,,,,,,,,,,,,,,,,,,,,,,,,,,,,,,,,,,,,,,,,,,,,,,,,,,,,,,,,,,,,,,,,,,,,,,,,,,,,,,,,,,,,,,,
YPOnzitg,VIETNAM,2024/2025,VIETNAM 2,V League 2,659pm2N7,VIETNAM 2,14/11/2024,09:00,Round 4,Dong Thap,lvKbDDmQ,Hoa Binh,OE9clfNc,False,1,0,,,,,,[65],[],Betfair,3.0,1.73,4.5,Betano.br,2.95,1.93,4.1,Betfair,2.15,2.75,3.5,Novibet,1.63,2.05,,0.0,0.0,,0.0,0.0,Sportingbet.br,1.44,2.55,,0.0,0.0,,0.0,0.0,Betfair,1.11,5.5,Betfair,1.6,2.2,Betfair,3.0,1.33,Betfair,6.5,1.08,Betfair,11.0,1.01,Betfair,2.4,1.5,,0.0,0.0,,0.0,0.0,Betfair,1.25,1.4,1.62,Sportingbet.br,1.19,1.9,1.33,Sportingbet.br,1.22,1.7,1.4,Novibet,1.55,2.3,Betano.br,1.57,2.25,Betano.br,1.6,2.25,Betfair,3.75,13.0,51.0,5.0,3.6,7.5,31.0,13.0,6.5,Novibet,1.91,1.78,,0.0,0.0,,0,0,Betfair,5.0,Betfair,5.0,Betfair,7.0,Betfair,5.5,Betfair,7.5,Betfair,15.0,Betfair,9.5,Betfair,13.0,Betfair,19.0,Betfair,19.0,Betfair,56.0,Betfair,21.0,Betfair,41.0,Betfair,56.0,Betfair,76.0,,0.0,0.0,,0.0,0.0,,0.0,0.0,,0.0,0.0,Betano.br,1.72,1.88,,0.0,0.0,,0.0,0.0,,0.0,0.0,,0.0,0.0,,0.0,0.0,,0.0,0.0,0,,0.0,0.0,0.0,Novibet,3.2,3.2,0.0,Novibet,0.0,0.0,1.98,,0.0,0.0,0.0,,0,0,0.0,,,,,,,,,,,,,,,,,,,,,,,,,,,,,,,,,,,,,,,,,,,,,,,,,,,,,,,,,,,,,,,,,,,,,,,,,,,,,,,,,,,,,,,,,,,,,,,,,,,,,,,,,,,,,,,,,,,,,,,,,,,,,,,,,,,,,,,,,,,,,,,,,,,,,,,,,,,,,,,,,,,,,,,,,,,,,,,,,,,,,,,,,,,,,,,,,,,,,,,,,,,,
88MLLiRa,VIETNAM,2024/2025,VIETNAM 2,V League 2,659pm2N7,VIETNAM 2,09/11/2024,12:15,Round 3,Ho Chi Minh 2,IiSwji56,Truong Tuoi Dong Nai,6g0U8aqi,False,0,1,,,,,,[],[47],Betfair,6.0,1.83,2.4,Betano.br,5.7,2.27,2.07,Betfair,5.5,3.2,1.62,Sportingbet.br,1.57,2.25,,0.0,0.0,,0.0,0.0,,0.0,0.0,,0.0,0.0,,0.0,0.0,Betfair,1.08,6.5,Betfair,1.5,2.4,Betfair,2.75,1.4,Betfair,5.5,1.11,Betfair,11.0,1.01,Betfair,2.4,1.5,,0.0,0.0,,0.0,0.0,Betfair,2.2,1.3,1.11,Betano.br,1.47,1.75,1.11,,0.0,0.0,0.0,Estrelabet,3.75,1.22,Betano.br,3.45,1.27,Betano.br,3.45,1.29,Betfair,10.0,15.0,26.0,11.0,4.2,4.2,61.0,14.0,2.7,Estrelabet,1.9,1.8,,0.0,0.0,,0,0,Betfair,5.5,Betfair,10.0,Betfair,4.5,Betfair,6.0,Betfair,23.0,Betfair,6.0,Betfair,17.0,Betfair,8.5,Betfair,19.0,Betfair,81.0,Betfair,12.0,Betfair,67.0,Betfair,15.0,Betfair,76.0,Betfair,41.0,,0.0,0.0,,0.0,0.0,,0.0,0.0,,0.0,0.0,,0.0,0.0,Betano.br,1.85,1.75,,0.0,0.0,,0.0,0.0,,0.0,0.0,,0.0,0.0,,0.0,0.0,0,Novibet,0.0,0.0,6.9,Novibet,15.25,5.5,0.0,Novibet,0.0,0.0,1.13,Novibet,1.29,4.75,0.0,,0,0,0.0,,,,,,,,,,,,,,,,,,,,,,,,,,,,,,,,,,,,,,,,,,,,,,,,,,,,,,,,,,,,,,,,,,,,,,,,,,,,,,,,,,,,,,,,,,,,,,,,,,,,,,,,,,,,,,,,,,,,,,,,,,,,,,,,,,,,,,,,,,,,,,,,,,,,,,,,,,,,,,,,,,,,,,,,,,,,,,,,,,,,,,,,,,,,,,,,,,,,,,,,,,,,
jXke5WtJ,VIETNAM,2024/2025,VIETNAM 2,V League 2,659pm2N7,VIETNAM 2,03/11/2024,08:00,Round 2,PVF-CAND,WSRPbuTF,Hoa Binh,OE9clfNc,False,2,1,,,,,,"[17, 45]",[78],Betfair,2.0,2.0,8.0,Betano.br,1.85,2.42,6.8,Betfair,1.33,3.9,7.5,Sportingbet.br,1.47,2.45,,0.0,0.0,,0.0,0.0,,0.0,0.0,Sportingbet.br,2.45,1.47,,0.0,0.0,Betfair,1.06,7.5,Betfair,1.4,2.75,Betfair,2.4,1.5,Betfair,4.8,1.14,Betfair,9.0,1.03,Betfair,2.5,1.44,,0.0,0.0,,0.0,0.0,Betfair,1.06,1.2,2.88,Sportingbet.br,1.09,1.65,1.7,Sportingbet.br,1.09,1.49,1.9,Estrelabet,1.11,5.33,Betano.br,1.19,4.1,Betano.br,1.2,4.2,Betfair,2.1,17.0,91.0,3.75,5.0,15.0,23.0,19.0,13.0,Betano.br,1.85,1.8,,0.0,0.0,,0,0,Betfair,7.0,Betfair,4.5,Betfair,15.0,Betfair,7.5,Betfair,5.0,Betfair,41.0,Betfair,8.0,Betfair,23.0,Betfair,23.0,Betfair,8.5,Betfair,101.0,Betfair,13.0,Betfair,81.0,Betfair,41.0,Betfair,101.0,,0.0,0.0,,0.0,0.0,,0.0,0.0,Betano.br,1.72,1.88,,0.0,0.0,,0.0,0.0,,0.0,0.0,,0.0,0.0,,0.0,0.0,,0.0,0.0,,0.0,0.0,0,,0.0,0.0,0.0,,0.0,0.0,0.0,,0.0,0.0,0.0,,0.0,0.0,0.0,,0,0,0.0,,,,,,,,,,,,,,,,,,,,,,,,,,,,,,,,,,,,,,,,,,,,,,,,,,,,,,,,,,,,,,,,,,,,,,,,,,,,,,,,,,,,,,,,,,,,,,,,,,,,,,,,,,,,,,,,,,,,,,,,,,,,,,,,,,,,,,,,,,,,,,,,,,,,,,,,,,,,,,,,,,,,,,,,,,,,,,,,,,,,,,,,,,,,,,,,,,,,,,,,,,,,
xlExI9QO,VIETNAM,2024/2025,VIETNAM 2,V League 2,659pm2N7,VIETNAM 2,10/11/2024,11:00,Round 3,Khanh Hoa,Myp07Vu0,Dong Nai,fydUYIh4,False,2,1,,,,,,"[35, 72]",[40],Betfair,2.5,2.1,4.2,Sportingbet.br,2.1,2.45,4.1,Betfair,1.91,3.3,3.5,Sportingbet.br,1.42,2.65,,0.0,0.0,,0.0,0.0,,0.0,0.0,Sportingbet.br,2.1,1.63,,0.0,0.0,Betfair,1.03,9.0,Betfair,1.25,3.6,Betfair,1.91,1.8,Betfair,3.3,1.29,Betfair,6.5,1.08,Betfair,1.73,2.0,,0.0,0.0,,0.0,0.0,Betfair,1.29,1.3,1.8,Sportingbet.br,1.18,1.66,1.49,Sportingbet.br,1.2,1.47,1.63,Betano.br,1.42,2.45,Betano.br,1.52,2.37,Betano.br,1.53,2.4,Betfair,3.2,12.0,31.0,5.0,5.0,8.5,21.0,13.0,6.0,Betano.br,1.85,1.8,,0.0,0.0,,0,0,Betfair,9.0,Betfair,6.5,Betfair,11.0,Betfair,5.5,Betfair,8.5,Betfair,15.0,Betfair,7.5,Betfair,11.0,Betfair,12.0,Betfair,15.0,Betfair,46.0,Betfair,13.0,Betfair,23.0,Betfair,21.0,Betfair,31.0,,0.0,0.0,,0.0,0.0,,0.0,0.0,,0.0,0.0,Betano.br,1.87,1.75,,0.0,0.0,,0.0,0.0,,0.0,0.0,,0.0,0.0,,0.0,0.0,,0.0,0.0,0,,0.0,0.0,0.0,,0.0,0.0,0.0,,0.0,0.0,0.0,,0.0,0.0,0.0,,0,0,0.0,,,,,,,,,,,,,,,,,,,,,,,,,,,,,,,,,,,,,,,,,,,,,,,,,,,,,,,,,,,,,,,,,,,,,,,,,,,,,,,,,,,,,,,,,,,,,,,,,,,,,,,,,,,,,,,,,,,,,,,,,,,,,,,,,,,,,,,,,,,,,,,,,,,,,,,,,,,,,,,,,,,,,,,,,,,,,,,,,,,,,,,,,,,,,,,,,,,,,,,,,,,,
GAssTZYP,VIETNAM,2024/2025,VIETNAM 2,V League 2,659pm2N7,VIETNAM 2,09/11/2024,09:00,Round 3,Long An,40Z46ke6,Dong Thap,lvKbDDmQ,False,1,1,,,,,,[48],[43],Betfair,2.7,2.0,4.2,Betano.br,2.57,2.25,3.75,Betfair,1.91,3.2,3.6,Sportingbet.br,1.47,2.5,Betano.br,2.45,1.39,,0.0,0.0,,0.0,0.0,Sportingbet.br,2.45,1.47,,0.0,0.0,Betfair,1.05,8.0,Betfair,1.33,3.0,Betfair,2.2,1.6,Betfair,4.0,1.2,Betfair,7.5,1.05,Betfair,1.85,1.85,,0.0,0.0,,0.0,0.0,Betfair,1.25,1.3,1.73,Betano.br,1.22,1.65,1.38,,0.0,0.0,0.0,Estrelabet,1.5,2.4,Betano.br,1.57,2.27,Betano.br,1.57,2.3,Betfair,3.3,13.0,34.0,5.0,4.5,8.0,23.0,13.0,6.0,Estrelabet,1.9,1.8,,0.0,0.0,,0,0,Betfair,7.5,Betfair,6.0,Betfair,9.0,Betfair,5.5,Betfair,8.0,Betfair,15.0,Betfair,8.0,Betfair,11.0,Betfair,13.0,Betfair,15.0,Betfair,51.0,Betfair,15.0,Betfair,26.0,Betfair,26.0,Betfair,36.0,,0.0,0.0,,0.0,0.0,,0.0,0.0,,0.0,0.0,Betano.br,1.91,1.7,,0.0,0.0,,0.0,0.0,,0.0,0.0,,0.0,0.0,,0.0,0.0,,0.0,0.0,0,,0.0,0.0,0.0,Novibet,0.0,0.0,8.5,Novibet,1.25,4.7,0.0,,0.0,0.0,0.0,,0,0,0.0,,,,,,,,,,,,,,,,,,,,,,,,,,,,,,,,,,,,,,,,,,,,,,,,,,,,,,,,,,,,,,,,,,,,,,,,,,,,,,,,,,,,,,,,,,,,,,,,,,,,,,,,,,,,,,,,,,,,,,,,,,,,,,,,,,,,,,,,,,,,,,,,,,,,,,,,,,,,,,,,,,,,,,,,,,,,,,,,,,,,,,,,,,,,,,,,,,,,,,,,,,,,
f5dn7hC6,VIETNAM,2024/2025,VIETNAM 2,V League 2,659pm2N7,VIETNAM 2,03/11/2024,09:00,Round 2,Phu Dong Ninh Binh,GtBp2ZoS,Long An,40Z46ke6,False,2,0,,,,,,"[31, 90]",[],Betfair,1.67,2.4,10.0,Betano.br,1.44,2.95,14.5,Betfair,1.15,5.0,12.0,Sportingbet.br,1.38,2.8,Novibet,2.65,1.38,,0.0,0.0,,0.0,0.0,Sportingbet.br,2.0,1.7,,0.0,0.0,Betfair,1.01,11.0,Betfair,1.22,3.8,Betfair,1.85,1.91,Betfair,3.2,1.3,Betfair,6.5,1.08,Betfair,2.5,1.44,,0.0,0.0,,0.0,0.0,Betfair,1.03,1.13,4.33,Sportingbet.br,1.05,1.47,2.1,Sportingbet.br,1.05,1.33,2.45,Estrelabet,1.04,8.0,Betano.br,1.06,7.4,Betano.br,1.05,8.25,Betfair,1.73,21.0,126.0,3.6,7.5,21.0,21.0,23.0,21.0,Novibet,1.86,1.83,,0.0,0.0,,0,0,Betfair,11.0,Betfair,5.0,Betfair,23.0,Betfair,9.5,Betfair,4.5,Betfair,76.0,Betfair,8.0,Betfair,36.0,Betfair,26.0,Betfair,6.5,Betfair,101.0,Betfair,10.0,Betfair,101.0,Betfair,34.0,Betfair,101.0,,0.0,0.0,,0.0,0.0,Betano.br,1.75,1.85,Betano.br,1.78,1.82,,0.0,0.0,,0.0,0.0,,0.0,0.0,,0.0,0.0,,0.0,0.0,,0.0,0.0,Novibet,5.8,5.1,0,Novibet,3.0,3.8,0.0,Novibet,1.76,3.5,0.0,Novibet,0.0,0.0,3.65,Novibet,0.0,0.0,1.87,Novibet,0,0,1.31,,,,,,,,,,,,,,,,,,,,,,,,,,,,,,,,,,,,,,,,,,,,,,,,,,,,,,,,,,,,,,,,,,,,,,,,,,,,,,,,,,,,,,,,,,,,,,,,,,,,,,,,,,,,,,,,,,,,,,,,,,,,,,,,,,,,,,,,,,,,,,,,,,,,,,,,,,,,,,,,,,,,,,,,,,,,,,,,,,,,,,,,,,,,,,,,,,,,,,,,,,,,
4zGUJVeC,VIETNAM,2024/2025,VIETNAM 2,V League 2,659pm2N7,VIETNAM 2,09/11/2024,08:00,Round 3,Hue,OjxcKNsg,PVF-CAND,WSRPbuTF,False,0,3,,,,,,[],"[27, 36, 90]",Betfair,4.5,1.83,2.88,Betano.br,4.35,2.1,2.55,Betfair,3.7,2.88,2.05,Novibet,1.56,2.15,,0.0,0.0,,0.0,0.0,,0.0,0.0,,0.0,0.0,,0.0,0.0,Betfair,1.08,6.5,Betfair,1.5,2.4,Betfair,2.75,1.4,Betfair,5.5,1.11,Betfair,11.0,1.01,Betfair,2.25,1.57,,0.0,0.0,,0.0,0.0,Betfair,1.67,1.36,1.25,Novibet,1.38,1.8,1.17,,0.0,0.0,0.0,Novibet,2.7,1.4,Betano.br,2.55,1.45,Novibet,2.5,1.47,Betfair,6.5,14.0,26.0,8.0,4.0,4.5,41.0,13.0,3.5,Novibet,1.9,1.8,,0.0,0.0,,0,0,Betfair,5.5,Betfair,8.0,Betfair,5.0,Betfair,5.5,Betfair,15.0,Betfair,7.5,Betfair,12.0,Betfair,8.5,Betfair,15.0,Betfair,51.0,Betfair,17.0,Betfair,36.0,Betfair,17.0,Betfair,67.0,Betfair,46.0,,0.0,0.0,,0.0,0.0,,0.0,0.0,,0.0,0.0,,0.0,0.0,Betano.br,1.7,1.93,,0.0,0.0,,0.0,0.0,,0.0,0.0,,0.0,0.0,,0.0,0.0,0,,0.0,0.0,0.0,Novibet,10.75,4.75,4.05,Novibet,1.7,3.35,1.2,,0.0,0.0,0.0,,0,0,0.0,,,,,,,,,,,,,,,,,,,,,,,,,,,,,,,,,,,,,,,,,,,,,,,,,,,,,,,,,,,,,,,,,,,,,,,,,,,,,,,,,,,,,,,,,,,,,,,,,,,,,,,,,,,,,,,,,,,,,,,,,,,,,,,,,,,,,,,,,,,,,,,,,,,,,,,,,,,,,,,,,,,,,,,,,,,,,,,,,,,,,,,,,,,,,,,,,,,,,,,,,,,,
QP4VAzDs,VIETNAM,2024/2025,VIETNAM 2,V League 2,659pm2N7,VIETNAM 2,02/11/2024,11:00,Round 2,Truong Tuoi Dong Nai,6g0U8aqi,Khanh Hoa,Myp07Vu0,False,2,0,,,,,,"[56, 90]",[],Betfair,1.91,2.1,7.5,Betano.br,1.78,2.5,7.5,Betfair,1.36,3.8,8.0,Sportingbet.br,1.38,2.8,Betano.br,2.35,1.42,,0.0,0.0,,0.0,0.0,,0.0,0.0,,0.0,0.0,Betfair,1.05,8.0,Betfair,1.3,3.2,Betfair,2.1,1.65,Betfair,3.8,1.22,Betfair,8.0,1.05,Betfair,2.25,1.57,,0.0,0.0,,0.0,0.0,Betfair,1.06,1.22,2.8,Betano.br,1.07,1.53,1.78,,0.0,0.0,0.0,Betano.br,1.07,5.7,Betano.br,1.13,5.1,Betano.br,1.17,4.65,Betfair,2.1,15.0,81.0,3.75,5.5,14.0,21.0,18.0,13.0,Betano.br,1.88,1.75,,0.0,0.0,,0,0,Betfair,8.0,Betfair,5.0,Betfair,15.0,Betfair,7.5,Betfair,5.0,Betfair,36.0,Betfair,7.5,Betfair,21.0,Betfair,19.0,Betfair,8.5,Betfair,101.0,Betfair,11.0,Betfair,76.0,Betfair,31.0,Betfair,81.0,,0.0,0.0,,0.0,0.0,,0.0,0.0,Betano.br,1.82,1.78,,0.0,0.0,,0.0,0.0,,0.0,0.0,,0.0,0.0,,0.0,0.0,,0.0,0.0,,0.0,0.0,0,,0.0,0.0,0.0,,0.0,0.0,0.0,,0.0,0.0,0.0,,0.0,0.0,0.0,,0,0,0.0,,,,,,,,,,,,,,,,,,,,,,,,,,,,,,,,,,,,,,,,,,,,,,,,,0.0,1.0,0.0,1.0,,,,,,,,,,,,,,,,,,,,,,,,,,,,,,,,,,,,,,,,,,,,,,,,,,,,,,,,,,,,,,,,,,,,,,,,,,,,,,,,,,,,,,,,,,,,,,,,,,,,,,,,,,,,,,,,,,,,,,,,,,,,,,,,,,,,,0.0,1.0,0.0,1.0,,,,,,,,,,,,,,,,
WAqq7kck,VIETNAM,2024/2025,VIETNAM 2,V League 2,659pm2N7,VIETNAM 2,27/10/2024,09:00,Round 1,Ho Chi Minh City,z5ftUOgs,Dong Nai,fydUYIh4,False,4,1,,,,,,"[27, 33, 50, 75]",[49],Betfair,2.8,1.83,4.5,Betano.br,2.6,2.15,4.0,Betfair,2.0,3.0,3.5,Sportingbet.br,1.55,2.25,,0.0,0.0,,0.0,0.0,,0.0,0.0,Sportingbet.br,2.55,1.44,,0.0,0.0,Betfair,1.07,7.0,Betfair,1.44,2.6,Betfair,2.55,1.45,Betfair,5.2,1.13,Betfair,10.0,1.02,Betfair,2.1,1.65,,0.0,0.0,,0.0,0.0,Betfair,1.25,1.33,1.73,Sportingbet.br,1.18,1.82,1.39,Sportingbet.br,1.21,1.6,1.49,Betano.br,1.42,2.45,Betano.br,1.5,2.42,Betano.br,1.55,2.37,Betfair,3.4,13.0,41.0,4.5,4.0,8.0,26.0,13.0,7.0,Betano.br,1.88,1.75,,0.0,0.0,,0,0,Betfair,6.0,Betfair,5.5,Betfair,8.0,Betfair,5.5,Betfair,7.5,Betfair,15.0,Betfair,8.5,Betfair,12.0,Betfair,15.0,Betfair,15.0,Betfair,56.0,Betfair,15.0,Betfair,34.0,Betfair,34.0,Betfair,61.0,,0.0,0.0,,0.0,0.0,,0.0,0.0,Betano.br,1.93,1.7,Betano.br,1.93,1.7,,0.0,0.0,,0.0,0.0,,0.0,0.0,,0.0,0.0,,0.0,0.0,,0.0,0.0,0,,0.0,0.0,0.0,,0.0,0.0,0.0,,0.0,0.0,0.0,,0.0,0.0,0.0,,0,0,0.0,,,,,,,,,,,,,,,,,,,,,,,,,,,,,,,,,,,,,,,,,,,,,,,,,,,,,,,,,,,,,,,,,,,,,,,,,,,,,,,,,,,,,,,,,,,,,,,,,,,,,,,,,,,,,,,,,,,,,,,,,,,,,,,,,,,,,,,,,,,,,,,,,,,,,,,,,,,,,,,,,,,,,,,,,,,,,,,,,,,,,,,,,,,,,,,,,,,,,,,,,,,,
QaLvxDBt,VIETNAM,2024/2025,VIETNAM 2,V League 2,659pm2N7,VIETNAM 2,10/11/2024,09:00,Round 3,Ho Chi Minh City,z5ftUOgs,Phu Dong Ninh Binh,GtBp2ZoS,False,0,2,,,,,,[],"[17, 58]",Betfair,6.5,2.0,2.1,Sportingbet.br,5.25,2.37,1.98,Betfair,4.6,3.25,1.62,Sportingbet.br,1.41,2.65,Betano.br,2.52,1.37,,0.0,0.0,,0.0,0.0,Sportingbet.br,2.35,1.51,,0.0,0.0,Betfair,1.05,8.0,Betfair,1.33,3.0,Betfair,2.2,1.6,Betfair,4.0,1.2,Betfair,8.0,1.05,Betfair,1.95,1.73,,0.0,0.0,,0.0,0.0,Betfair,2.1,1.29,1.14,Betano.br,1.25,1.65,1.34,Sportingbet.br,1.73,1.5,1.14,Betano.br,3.4,1.23,Betano.br,1.7,2.05,Betano.br,1.65,2.15,Betfair,8.5,14.0,21.0,10.0,4.5,4.33,46.0,13.0,2.8,Estrelabet,1.9,1.8,,0.0,0.0,,0,0,Betfair,7.5,Betfair,11.0,Betfair,5.5,Betfair,6.0,Betfair,21.0,Betfair,6.5,Betfair,13.0,Betfair,7.5,Betfair,15.0,Betfair,67.0,Betfair,13.0,Betfair,36.0,Betfair,12.0,Betfair,56.0,Betfair,26.0,,0.0,0.0,,0.0,0.0,,0.0,0.0,,0.0,0.0,,0.0,0.0,,0.0,0.0,,0.0,0.0,,0.0,0.0,,0.0,0.0,,0.0,0.0,,0.0,0.0,0,,0.0,0.0,0.0,,0.0,0.0,0.0,,0.0,0.0,0.0,,0.0,0.0,0.0,,0,0,0.0,,,,,,,,,,,,,,,,,,,,,,,,,,,,,,,,,,,,,,,,,,,,,,,,,,,,,,,,,,,,,,,,,,,,,,,,,,,,,,,,,,,,,,,,,,,,,,,,,,,,,,,,,,,,,,,,,,,,,,,,,,,,,,,,,,,,,,,,,,,,,,,,,,,,,,,,,,,,,,,,,,,,,,,,,,,,,,,,,,,,,,,,,,,,,,,,,,,,,,,,,,,,
GjJaGdkK,VIETNAM,2024/2025,VIETNAM 2,V League 2,659pm2N7,VIETNAM 2,02/11/2024,09:00,Round 2,Dong Nai,fydUYIh4,Hue,OjxcKNsg,False,1,3,,,,,,[9],"[49, 54, 76]",Betfair,3.4,1.83,3.75,Betano.br,3.6,2.1,2.9,Betfair,2.5,2.8,2.8,Betano.br,1.53,2.1,,0.0,0.0,,0.0,0.0,,0.0,0.0,,0.0,0.0,,0.0,0.0,Betfair,1.08,6.5,Betfair,1.5,2.4,Betfair,2.6,1.44,Betfair,5.5,1.11,Betfair,11.0,1.01,Betfair,2.1,1.65,,0.0,0.0,,0.0,0.0,Betfair,1.36,1.36,1.44,Betano.br,1.29,1.78,1.23,,0.0,0.0,0.0,Betano.br,2.05,1.62,Betano.br,2.02,1.7,Betano.br,2.07,1.7,Betfair,4.33,13.0,36.0,5.5,3.75,6.5,26.0,13.0,5.0,Betano.br,1.9,1.75,,0.0,0.0,,0,0,Betfair,5.5,Betfair,6.0,Betfair,6.5,Betfair,5.0,Betfair,9.5,Betfair,11.0,Betfair,9.5,Betfair,11.0,Betfair,15.0,Betfair,23.0,Betfair,31.0,Betfair,21.0,Betfair,23.0,Betfair,46.0,Betfair,51.0,,0.0,0.0,,0.0,0.0,,0.0,0.0,,0.0,0.0,,0.0,0.0,,0.0,0.0,,0.0,0.0,,0.0,0.0,,0.0,0.0,,0.0,0.0,,0.0,0.0,0,,0.0,0.0,0.0,,0.0,0.0,0.0,,0.0,0.0,0.0,,0.0,0.0,0.0,,0,0,0.0,,,,,,,,,,,,,,,,,,,,,,,,,,,,,,,,,,,,,,,,,,,,,,,,,,,,,,,,,,,,,,,,,,,,,,,,,,,,,,,,,,,,,,,,,,,,,,,,,,,,,,,,,,,,,,,,,,,,,,,,,,,,,,,,,,,,,,,,,,,,,,,,,,,,,,,,,,,,,,,,,,,,,,,,,,,,,,,,,,,,,,,,,,,,,,,,,,,,,,,,,,,,
0ShDCBZR,VIETNAM,2024/2025,VIETNAM 2,V League 2,659pm2N7,VIETNAM 2,26/10/2024,11:00,Round 1,Khanh Hoa,Myp07Vu0,Phu Dong Ninh Binh,GtBp2ZoS,False,0,1,,,,,,[],[87],Betfair,5.5,1.91,2.25,Sportingbet.br,5.25,2.35,1.98,Betfair,5.0,3.4,1.57,Sportingbet.br,1.49,2.45,,0.0,0.0,,0.0,0.0,,0.0,0.0,Sportingbet.br,2.45,1.49,,0.0,0.0,Betfair,1.06,7.5,Betfair,1.36,2.88,Betfair,2.25,1.57,Betfair,4.5,1.17,Betfair,9.0,1.03,Betfair,2.2,1.6,,0.0,0.0,,0.0,0.0,Betfair,2.2,1.29,1.13,Betano.br,1.37,1.7,1.2,Sportingbet.br,1.72,1.52,1.14,Betano.br,3.8,1.18,Betano.br,2.32,1.55,Betano.br,2.4,1.53,Betfair,9.0,14.0,21.0,10.0,4.5,4.33,51.0,14.0,2.8,Betano.br,1.83,1.8,,0.0,0.0,,0,0,Betfair,6.5,Betfair,11.0,Betfair,5.0,Betfair,6.0,Betfair,21.0,Betfair,6.0,Betfair,15.0,Betfair,7.5,Betfair,15.0,Betfair,76.0,Betfair,13.0,Betfair,46.0,Betfair,13.0,Betfair,67.0,Betfair,34.0,,0.0,0.0,,0.0,0.0,,0.0,0.0,,0.0,0.0,Betano.br,1.91,1.7,,0.0,0.0,,0.0,0.0,,0.0,0.0,,0.0,0.0,,0.0,0.0,,0.0,0.0,0,,0.0,0.0,0.0,,0.0,0.0,0.0,,0.0,0.0,0.0,,0.0,0.0,0.0,,0,0,0.0,,,,,,,,,,,,,,,,,,,,,,,,,,,,,,,,,,,,,,,,,,,,,,,,,,,,,,,,,,,,,,,,,,,,,,,,,,,,,,,,,,,,,,,,,,,,,,,,,,,,,,,,,,,,,,,,,,,,,,,,,,,,,,,,,,,,,,,,,,,,,,,,,,,,,,,,,,,,,,,,,,,,,,,,,,,,,,,,,,,,,,,,,,,,,,,,,,,,,,,,,,,,
hQXi5TR1,VIETNAM,2024/2025,VIETNAM 2,V League 2,659pm2N7,VIETNAM 2,26/10/2024,08:30,Round 1,Hue,OjxcKNsg,Dong Thap,lvKbDDmQ,False,1,1,,,,,,[60],[63],Betfair,3.0,1.83,4.33,Betano.br,2.9,2.15,3.5,Betfair,2.15,3.1,3.0,Estrelabet,1.6,2.1,,0.0,0.0,,0.0,0.0,,0.0,0.0,,0.0,0.0,,0.0,0.0,Betfair,1.11,5.5,Betfair,1.5,2.4,Betfair,2.88,1.36,Betfair,5.5,1.11,Betfair,11.0,1.01,Betfair,2.25,1.57,,0.0,0.0,,0.0,0.0,Betfair,1.33,1.3,1.62,Betano.br,1.23,1.75,1.3,,0.0,0.0,0.0,Estrelabet,1.6,2.2,Betano.br,1.7,2.05,Betano.br,1.7,2.07,Betfair,3.75,13.0,36.0,5.0,3.75,7.5,26.0,13.0,6.0,Estrelabet,1.9,1.8,,0.0,0.0,,0,0,Betfair,5.5,Betfair,5.5,Betfair,7.5,Betfair,5.5,Betfair,8.0,Betfair,13.0,Betfair,9.0,Betfair,12.0,Betfair,15.0,Betfair,17.0,Betfair,46.0,Betfair,19.0,Betfair,36.0,Betfair,51.0,Betfair,67.0,,0.0,0.0,,0.0,0.0,,0.0,0.0,,0.0,0.0,Betano.br,1.85,1.75,,0.0,0.0,,0.0,0.0,,0.0,0.0,,0.0,0.0,,0.0,0.0,,0.0,0.0,0,,0.0,0.0,0.0,Novibet,0.0,0.0,8.0,Novibet,1.3,4.2,0.0,,0.0,0.0,0.0,,0,0,0.0,,,,,,,,,,,,,,,,,,,,,,,,,,,,,,,,,,,,,,,,,,,,,,,,,,,,,,,,,,,,,,,,,,,,,,,,,,,,,,,,,,,,,,,,,,,,,,,,,,,,,,,,,,,,,,,,,,,,,,,,,,,,,,,,,,,,,,,,,,,,,,,,,,,,,,,,,,,,,,,,,,,,,,,,,,,,,,,,,,,,,,,,,,,,,,,,,,,,,,,,,,,,
KWPwTWJ8,VIETNAM,2024/2025,VIETNAM 2,V League 2,659pm2N7,VIETNAM 2,26/10/2024,10:00,Round 1,Hoa Binh,OE9clfNc,Truong Tuoi Dong Nai,6g0U8aqi,False,0,0,,,,,,[],[],Betfair,6.0,1.83,2.5,Novibet,4.7,2.2,2.25,Betfair,5.0,3.4,1.57,Sportingbet.br,1.55,2.3,,0.0,0.0,,0.0,0.0,,0.0,0.0,,0.0,0.0,,0.0,0.0,Betfair,1.08,6.5,Betfair,1.5,2.4,Betfair,2.6,1.44,Betfair,5.5,1.11,Betfair,11.0,1.01,Betfair,2.4,1.5,,0.0,0.0,,0.0,0.0,Betfair,2.2,1.25,1.13,Novibet,1.45,1.73,1.15,,0.0,0.0,0.0,Novibet,3.15,1.31,Novibet,2.8,1.38,Novibet,2.75,1.39,Betfair,9.5,15.0,23.0,10.0,4.2,4.2,61.0,14.0,2.8,Novibet,1.88,1.81,,0.0,0.0,,0,0,Betfair,5.5,Betfair,9.5,Betfair,4.5,Betfair,6.0,Betfair,21.0,Betfair,6.0,Betfair,17.0,Betfair,8.0,Betfair,19.0,Betfair,76.0,Betfair,12.0,Betfair,61.0,Betfair,15.0,Betfair,76.0,Betfair,36.0,,0.0,0.0,,0.0,0.0,,0.0,0.0,,0.0,0.0,,0.0,0.0,Betano.br,1.8,1.82,,0.0,0.0,,0.0,0.0,,0.0,0.0,,0.0,0.0,,0.0,0.0,0,,0.0,0.0,0.0,Novibet,11.0,4.85,3.4,Novibet,1.88,3.25,1.19,,0.0,0.0,0.0,,0,0,0.0,,,,,,,,,,,,,,,,,,,,,,,,,,,,,,,,,,,,,,,,,,,,,,,,,,,,,,,,,,,,,,,,,,,,,,,,,,,,,,,,,,,,,,,,,,,,,,,,,,,,,,,,,,,,,,,,,,,,,,,,,,,,,,,,,,,,,,,,,,,,,,,,,,,,,,,,,,,,,,,,,,,,,,,,,,,,,,,,,,,,,,,,,,,,,,,,,,,,,,,,,,,,
tQxCEX4F,VIETNAM,2024/2025,VIETNAM 2,V League 2,659pm2N7,VIETNAM 2,27/10/2024,09:00,Round 1,Long An,40Z46ke6,PVF-CAND,WSRPbuTF,False,0,0,,,,,,[],[],Betfair,5.5,2.1,2.2,Betano.br,5.9,2.45,1.91,Betfair,5.0,3.6,1.57,Sportingbet.br,1.42,2.65,Sportingbet.br,2.75,1.39,,0.0,0.0,,0.0,0.0,Sportingbet.br,2.1,1.63,,0.0,0.0,Betfair,1.03,9.0,Betfair,1.29,3.3,Betfair,1.95,1.75,Betfair,3.3,1.29,Betfair,7.0,1.07,Betfair,1.91,1.8,,0.0,0.0,,0.0,0.0,Betfair,2.25,1.25,1.13,Sportingbet.br,1.6,1.63,1.13,Sportingbet.br,1.8,1.46,1.14,Betano.br,4.05,1.16,Betano.br,3.65,1.24,Betano.br,3.75,1.24,Betfair,9.5,14.0,20.0,10.0,5.0,4.2,46.0,13.0,2.6,Betano.br,1.85,1.78,,0.0,0.0,,0,0,Betfair,9.0,Betfair,12.0,Betfair,5.5,Betfair,6.5,Betfair,23.0,Betfair,6.5,Betfair,15.0,Betfair,7.5,Betfair,13.0,Betfair,76.0,Betfair,12.0,Betfair,46.0,Betfair,11.0,Betfair,61.0,Betfair,21.0,,0.0,0.0,,0.0,0.0,,0.0,0.0,,0.0,0.0,,0.0,0.0,,0.0,0.0,Betano.br,1.78,1.82,,0.0,0.0,,0.0,0.0,,0.0,0.0,,0.0,0.0,0,,0.0,0.0,0.0,,0.0,0.0,0.0,,0.0,0.0,0.0,,0.0,0.0,0.0,,0,0,0.0,,,,,,,,,,,,,,,,,,,,,,,,,,,,,,,,,,,,,,,,,,,,,,,,,,,,,,,,,,,,,,,,,,,,,,,,,,,,,,,,,,,,,,,,,,,,,,,,,,,,,,,,,,,,,,,,,,,,,,,,,,,,,,,,,,,,,,,,,,,,,,,,,,,,,,,,,,,,,,,,,,,,,,,,,,,,,,,,,,,,,,,,,,,,,,,,,,,,,,,,,,,,
